image_id,lesion_id,fold,y_true,y_pred,prob_MEL,prob_NV,prob_BCC,prob_AKIEC,prob_BKL,prob_DF,prob_VASC,mask_mean,mask_frac_below_05,mask_min,mask_max
ISIC_0026769,HAM_0002730,0,4,2,0.0007156942156143486,8.330325363203883e-05,0.9240020513534546,0.049751341342926025,0.024576783180236816,0.000549732823856175,0.00032112636836245656,0.523362934589386,0.4693877398967743,4.218770845909603e-05,0.9999572038650513
ISIC_0025661,HAM_0002730,0,4,2,0.006796411704272032,1.1749093573598657e-06,0.7150285840034485,0.001495969481766224,0.27641138434410095,5.707014133804478e-05,0.00020939813111908734,0.5731117725372314,0.4285714328289032,5.73541456105886e-06,0.999992847442627
ISIC_0025276,HAM_0001396,0,4,4,0.043211761862039566,0.0006665533874183893,0.05282064527273178,0.16564731299877167,0.7141673564910889,0.01176427397876978,0.011722074821591377,0.5816966891288757,0.4285714328289032,1.0981111699948087e-05,0.9999673366546631
ISIC_0031326,HAM_0007207,0,4,4,0.009358352981507778,0.06589119881391525,0.004821346141397953,0.005283222533762455,0.9077609181404114,0.006206813268363476,0.0006781473639421165,0.5103915333747864,0.4897959232330322,0.000207856937777251,0.9997174143791199
ISIC_0024832,HAM_0001773,0,4,2,0.2017517387866974,0.03902652487158775,0.511736273765564,0.002969465684145689,0.21835364401340485,0.0043497392907738686,0.02181253954768181,0.5617055296897888,0.4285714328289032,9.514154953649268e-06,0.9999897480010986
ISIC_0026958,HAM_0001773,0,4,4,0.013564533554017544,8.571669809498417e-07,0.3529890179634094,0.011864564381539822,0.6181125044822693,0.0012780334800481796,0.002190491184592247,0.5566073060035706,0.4285714328289032,4.294070379273762e-07,0.9999985694885254
ISIC_0030768,HAM_0002127,0,4,1,0.000514548213686794,0.6697876453399658,0.03851017728447914,0.005052975844591856,0.25843149423599243,0.005098868161439896,0.022604232653975487,0.5693356394767761,0.4285714328289032,5.5084965424612164e-05,0.999925971031189
ISIC_0029837,HAM_0002127,0,4,2,4.703203740064055e-05,0.007461044937372208,0.5123292207717896,0.040802761912345886,0.42067670822143555,0.004437919706106186,0.014245308004319668,0.49266332387924194,0.4897959232330322,9.824543667491525e-07,0.9999994039535522
ISIC_0028774,HAM_0004852,0,4,4,0.009891530498862267,0.00010386756912339479,0.00027337472420185804,0.2384396493434906,0.7510432600975037,5.8868427004199475e-05,0.0001894102751975879,0.5153344869613647,0.4897959232330322,4.3837677367264405e-05,0.9999614953994751
ISIC_0030565,HAM_0004852,0,4,0,0.9931679964065552,5.104515678196973e-17,2.8556803499668604e-06,0.003327152691781521,0.0031051228288561106,3.0252032956923358e-05,0.0003665353578981012,0.5071571469306946,0.5102040767669678,2.9174415772104112e-08,1.0
ISIC_0026153,HAM_0002957,0,4,4,0.010819217190146446,0.0008121825521811843,0.20136988162994385,0.11049175262451172,0.672029435634613,0.0015877046389505267,0.0028898301534354687,0.5347303152084351,0.4693877398967743,3.3045155305444496e-06,0.9999960660934448
ISIC_0025876,HAM_0002957,0,4,4,1.0236896741844248e-05,1.1627383084134024e-12,2.5660441679065116e-05,0.047474633902311325,0.9524269700050354,3.0516061087837443e-05,3.20510589517653e-05,0.5133009552955627,0.4897959232330322,1.749762224001472e-09,1.0
ISIC_0025063,HAM_0002985,0,4,4,0.06601867079734802,0.005720894318073988,0.0010654148645699024,0.05540725961327553,0.8651413917541504,0.006022993940860033,0.0006233408930711448,0.5267619490623474,0.4897959232330322,0.00010656820086296648,0.9998964071273804
ISIC_0032949,HAM_0006085,0,4,1,0.05278633534908295,0.4861008822917938,7.830644608475268e-05,0.00013223093992564827,0.46052786707878113,0.00020713133562821895,0.00016732369840610772,0.5534613728523254,0.4693877398967743,7.449454278685153e-05,0.9999486207962036
ISIC_0033322,HAM_0006085,0,4,4,0.43630510568618774,0.050132475793361664,0.00021159619791433215,0.000297539314487949,0.5127606987953186,8.926762529881671e-05,0.00020328913524281234,0.5017005205154419,0.4897959232330322,5.578626223723404e-05,0.9999873638153076
ISIC_0033127,HAM_0006085,0,4,4,0.03582947328686714,0.011498905718326569,6.30789072602056e-05,0.00020963091810699552,0.9522188305854797,7.288149208761752e-05,0.00010720897262217477,0.5374783873558044,0.4285714328289032,7.209803152363747e-05,0.9999784231185913
ISIC_0032829,HAM_0003845,0,4,4,1.0784834557853173e-05,2.1077594283269718e-05,0.00013980892254039645,0.005972369574010372,0.9937981963157654,2.117026087944396e-05,3.662455492303707e-05,0.5586772561073303,0.4285714328289032,5.43513579032151e-06,0.9999892711639404
ISIC_0033601,HAM_0003845,0,4,4,4.330290266807424e-06,0.0004722798184957355,5.360948125598952e-05,0.002378330333158374,0.9970656037330627,1.1483876733109355e-05,1.4437302525038831e-05,0.5345577001571655,0.44897958636283875,1.1425853699620347e-05,0.9999927282333374
ISIC_0033284,HAM_0003978,0,4,4,1.5426387108163908e-05,5.178241724301813e-10,6.169051630422473e-06,1.5850462204980431e-06,0.9999756813049316,8.895042356016347e-07,3.194300575160014e-07,0.5651703476905823,0.44897958636283875,2.438273938309976e-08,0.9999998807907104
ISIC_0033908,HAM_0003978,0,4,4,0.05672229453921318,0.1105596125125885,0.001229198882356286,0.003911500331014395,0.8258005976676941,0.0015187565004453063,0.00025802882737480104,0.5442044734954834,0.4693877398967743,4.5672350097447634e-05,0.9999557733535767
ISIC_0033437,HAM_0000802,0,4,1,0.2684606909751892,0.723447859287262,3.5148717870470136e-05,0.0001596543297637254,0.0073241726495325565,0.000429358275141567,0.0001430739212082699,0.540765643119812,0.4693877398967743,2.447786755510606e-05,0.9999767541885376
ISIC_0033195,HAM_0000802,0,4,1,0.00030824876739643514,0.9992048144340515,3.807914026765502e-06,6.020589717081748e-05,0.00038330978713929653,2.9462615202646703e-05,1.0293396371707786e-05,0.5182198286056519,0.4693877398967743,6.6433831307222135e-06,0.9999860525131226
ISIC_0032553,HAM_0000802,0,4,4,0.34217777848243713,0.28076377511024475,7.713738159509376e-05,0.001194744952954352,0.3746659755706787,0.0009060719166882336,0.00021443917648866773,0.5760756134986877,0.4285714328289032,2.196157402067911e-05,0.9998989105224609
ISIC_0033736,HAM_0007625,0,4,4,0.44778600335121155,4.311075052498836e-09,0.01208044309169054,0.013398452661931515,0.4993482530117035,0.025964606553316116,0.0014223092002794147,0.5434136390686035,0.44897958636283875,1.1915969935216708e-06,0.999997615814209
ISIC_0033378,HAM_0007625,0,4,0,0.8886579871177673,1.835203647035377e-12,0.002662478946149349,0.0051202294416725636,0.10107018798589706,0.0019180389354005456,0.0005709925899282098,0.5047430396080017,0.5102040767669678,9.61147890166103e-08,1.0
ISIC_0033379,HAM_0002008,0,4,4,8.461061952402815e-06,1.7347784450269521e-12,0.00020168822084087878,2.8740694688167423e-05,0.9997155070304871,3.8121921534184366e-05,7.462127086910186e-06,0.48408952355384827,0.5102040767669678,1.3245614809420658e-06,0.9999996423721313
ISIC_0033438,HAM_0002008,0,4,4,2.592813689261675e-05,0.0010317140258848667,1.4160885257297195e-05,3.067386569455266e-05,0.9988560676574707,2.6193347366643138e-05,1.524275830888655e-05,0.5371409058570862,0.4897959232330322,4.2630144889699295e-05,0.9998657703399658
ISIC_0032983,HAM_0002008,0,4,4,9.565652362653054e-06,0.20105072855949402,6.80006924085319e-05,0.00013506022514775395,0.7985931038856506,6.684417166979983e-05,7.669878687011078e-05,0.5261510014533997,0.4693877398967743,1.1514664947753772e-05,0.9999735355377197
ISIC_0034024,HAM_0002008,0,4,4,1.037314268614864e-05,0.0035801767371594906,7.657569221919402e-05,0.00014345241652335972,0.9960654377937317,6.440692231990397e-05,5.963732473901473e-05,0.5267748832702637,0.4693877398967743,5.6715525715844706e-06,0.9999833106994629
ISIC_0033952,HAM_0000516,0,4,3,0.27588221430778503,0.0676417276263237,0.0002777347108349204,0.6191343069076538,0.03115070052444935,0.004950946196913719,0.000962353777140379,0.5707051753997803,0.4285714328289032,4.592548793880269e-05,0.9999091625213623
ISIC_0034189,HAM_0000805,0,4,4,0.0013957999181002378,1.5248295959224833e-09,0.0002473121276125312,0.0229937881231308,0.9749837517738342,0.0003087880613747984,7.053923036437482e-05,0.5024936199188232,0.4897959232330322,1.1884631589964556e-07,0.9999996423721313
ISIC_0033306,HAM_0000805,0,4,4,0.014152717776596546,1.4143471283034614e-08,0.00010815887799253687,0.001981231616809964,0.9836800694465637,6.51086083962582e-05,1.2768870874424465e-05,0.5334692001342773,0.4897959232330322,5.043064447818324e-06,0.9999797344207764
ISIC_0033235,HAM_0001858,0,4,4,0.028859570622444153,0.0011045195860788226,2.1762392862001434e-05,0.038033049553632736,0.93026202917099,0.001583447097800672,0.0001357599103357643,0.5333928465843201,0.44897958636283875,1.0988287613145076e-05,0.9999785423278809
ISIC_0026085,HAM_0001858,0,4,4,0.00023381822393275797,1.747903115756344e-05,3.840345743810758e-05,0.0003673794853966683,0.9992870688438416,2.39339660765836e-05,3.189627386745997e-05,0.4785473644733429,0.5306122303009033,3.317503797006793e-05,0.9999758005142212
ISIC_0032654,HAM_0000790,0,4,4,0.0001185081055155024,0.00011596939293667674,0.00010666324669728056,0.00015733332838863134,0.9994794726371765,6.144727649370907e-06,1.5951380191836506e-05,0.5147451758384705,0.5102040767669678,3.332177584525198e-05,0.9999885559082031
ISIC_0032576,HAM_0000790,0,4,4,0.19933226704597473,0.0009507214999757707,3.7685535062337294e-05,0.0007116994238458574,0.7986082434654236,0.00023080500250216573,0.0001285014150198549,0.5148164629936218,0.4897959232330322,4.055789759149775e-05,0.9999755620956421
ISIC_0032898,HAM_0007341,0,4,1,5.161903754924424e-05,0.9794731736183167,0.000841433007735759,0.00038424503873102367,0.01912817731499672,5.2620514907175675e-05,6.863762246211991e-05,0.5483723878860474,0.4285714328289032,0.00012772776244673878,0.999924898147583
ISIC_0033488,HAM_0007341,0,4,1,0.0002098409313475713,0.7999956011772156,0.009995252825319767,0.003920006565749645,0.18203070759773254,0.0009084612829610705,0.002940167672932148,0.5474631786346436,0.44897958636283875,0.00022155934129841626,0.9999328851699829
ISIC_0033758,HAM_0007341,0,4,1,4.573533715301892e-06,0.9895538091659546,0.00018451981304679066,0.000201796370674856,0.009706186130642891,0.0002448496234137565,0.00010416563600301743,0.5311095714569092,0.4897959232330322,9.67118248809129e-05,0.9999418258666992
ISIC_0032215,HAM_0002050,0,4,4,0.001794524840079248,0.2622581422328949,0.009383765049278736,0.24969635903835297,0.47406303882598877,0.0014060060493648052,0.0013982078526169062,0.5263733863830566,0.4897959232330322,7.334473048103973e-05,0.9999648332595825
ISIC_0025157,HAM_0004491,0,4,4,3.851148721878417e-05,6.923593365293357e-10,2.1083404135424644e-05,0.001763113890774548,0.9981626868247986,3.655952468761825e-06,1.0935193131444976e-05,0.5267906188964844,0.4897959232330322,9.85434553513187e-07,0.9999972581863403
ISIC_0027513,HAM_0004748,0,4,4,3.6370675360331006e-08,2.7062596927862614e-06,7.15805936124525e-06,5.741909990319982e-05,0.9998934268951416,3.672082311823033e-05,2.632383711898001e-06,0.5485929250717163,0.4285714328289032,1.2785640137735754e-06,0.9999978542327881
ISIC_0027218,HAM_0001738,0,4,1,0.0004085786931682378,0.9839093089103699,0.00032887147972360253,0.0015895703108981252,0.013615026138722897,2.555464925535489e-05,0.00012314603372942656,0.5386915802955627,0.44897958636283875,2.7542519092094153e-05,0.9999713897705078
ISIC_0030272,HAM_0006697,0,4,4,0.00041217979742214084,0.09557545185089111,2.53565376624465e-05,0.00034895847784355283,0.9029706120491028,0.00026827791589312255,0.0003991345292888582,0.5876868367195129,0.40816324949264526,3.1068357202457264e-05,0.9999256134033203
ISIC_0027713,HAM_0001562,0,4,3,0.0004871065029874444,0.2859710454940796,0.0012975564459338784,0.4968021810054779,0.21237097680568695,0.0014176518889144063,0.001653520856052637,0.5177952647209167,0.4693877398967743,1.4150388778944034e-05,0.9999892711639404
ISIC_0026060,HAM_0005891,0,4,4,1.956349933607271e-06,6.11797617011689e-08,1.5870557490416104e-06,0.16036005318164825,0.8396050333976746,2.0918920199619606e-05,1.0309775461792015e-05,0.5235297679901123,0.4693877398967743,1.0435232411509787e-07,0.9999997615814209
ISIC_0027139,HAM_0005440,0,4,1,8.120317215798423e-05,0.9957224130630493,0.0009799584513530135,0.0025290590710937977,0.00014013962936587632,0.00033704290399327874,0.00021029003255534917,0.5360245108604431,0.4693877398967743,6.485594349214807e-05,0.9997434020042419
ISIC_0027739,HAM_0006325,0,4,1,0.00045812924508936703,0.6905368566513062,0.005548373330384493,0.0003117320593446493,0.30247780680656433,0.00028793091769330204,0.0003791015478782356,0.4983901381492615,0.5102040767669678,0.0001445440575480461,0.9999624490737915
ISIC_0024672,HAM_0005790,0,4,0,0.9964330196380615,0.002803922165185213,3.1643382953916444e-06,0.00022470064868684858,0.0004920181818306446,2.190388840972446e-05,2.135436807293445e-05,0.5352122783660889,0.4693877398967743,4.025015005026944e-05,0.9999589920043945
ISIC_0029003,HAM_0004947,0,4,4,0.025150205940008163,9.908723768603522e-06,0.016340941190719604,0.13206693530082703,0.8255661129951477,0.00014697277219966054,0.0007189307361841202,0.5325241684913635,0.44897958636283875,7.046588507364504e-06,0.9999958276748657
ISIC_0024711,HAM_0004947,0,4,4,0.2297939658164978,0.1079663634300232,0.13694341480731964,0.028079750016331673,0.479295015335083,0.013299273326992989,0.004622188396751881,0.5464572310447693,0.44897958636283875,6.046308408258483e-05,0.9999463558197021
ISIC_0028120,HAM_0001055,0,4,1,0.0036647156812250614,0.9364634156227112,0.0007762861787341535,0.008485383354127407,0.04725539684295654,0.0023568160831928253,0.0009979630121961236,0.5482425093650818,0.44897958636283875,6.137086893431842e-05,0.9997612833976746
ISIC_0027781,HAM_0005693,0,4,1,0.0018469510832801461,0.988473117351532,0.0004882178909610957,0.0003168128023389727,0.008793187327682972,3.359442780492827e-05,4.806639117305167e-05,0.5521443486213684,0.4693877398967743,0.00012420995335560292,0.9997925162315369
ISIC_0024890,HAM_0007439,0,4,0,0.9009847044944763,0.0014644304756075144,0.00033766712294891477,0.0895550325512886,0.005624633282423019,0.001506002969108522,0.0005276098963804543,0.554901123046875,0.4285714328289032,1.433746365364641e-05,0.9999692440032959
ISIC_0028336,HAM_0007260,0,4,2,0.0003153337456751615,0.00040426728082820773,0.9990317821502686,3.514906711643562e-05,3.2098221709020436e-05,1.4369251402968075e-05,0.0001671374193392694,0.5260182619094849,0.44897958636283875,1.6817430150695145e-06,0.9999946355819702
ISIC_0024708,HAM_0003868,0,4,1,0.14296485483646393,0.8413713574409485,0.0005131438374519348,0.010606474243104458,0.003910725470632315,0.00021200356422923505,0.0004214496002532542,0.5405673980712891,0.44897958636283875,0.00022587609419133514,0.9998748302459717
ISIC_0027796,HAM_0000745,0,4,1,0.00023887974384706467,0.9917163252830505,0.0010482285870239139,0.0020225397311151028,0.004697348456829786,0.00014349778939504176,0.00013315011165104806,0.5323181748390198,0.4693877398967743,5.286176747176796e-05,0.9999425411224365
ISIC_0029340,HAM_0005157,0,4,1,6.480309821199626e-05,0.712541937828064,0.033881813287734985,0.008966919966042042,0.24386751651763916,0.00017690309323370457,0.000500017311424017,0.5378857254981995,0.4897959232330322,2.6487334253033623e-05,0.9999617338180542
ISIC_0031542,HAM_0003014,0,4,4,0.0011166646145284176,0.005076283123344183,0.005392678547650576,0.3166874051094055,0.6583086848258972,0.010976552031934261,0.00244174269028008,0.5313464999198914,0.44897958636283875,2.6282943508704193e-05,0.9999639987945557
ISIC_0026728,HAM_0000884,0,4,3,0.0005099978880025446,0.01765553280711174,0.011957923881709576,0.9567100405693054,0.012493747286498547,0.00032125250436365604,0.00035149205359630287,0.5346431136131287,0.44897958636283875,7.990743142727297e-06,0.9999878406524658
ISIC_0031812,HAM_0002335,0,4,0,0.8264151811599731,0.0029876003973186016,0.00024127616779878736,0.0004039962659589946,0.16949844360351562,0.00024219394254032522,0.00021142246259842068,0.480849027633667,0.5102040767669678,0.00013378997391555458,0.9999542236328125
ISIC_0030465,HAM_0002335,0,4,4,0.17107874155044556,8.833032083543912e-09,5.496828453033231e-05,0.002112919231876731,0.8264728784561157,0.0002379609359195456,4.254341547493823e-05,0.4863477349281311,0.5102040767669678,3.0180185603967402e-06,0.9999971389770508
ISIC_0025032,HAM_0004500,0,4,0,0.8929240703582764,0.00011281073238933459,1.997388062591199e-05,0.006260495167225599,0.10032868385314941,0.0002370155998505652,0.00011692987754940987,0.5330082774162292,0.4693877398967743,7.316499250009656e-05,0.9999699592590332
ISIC_0026301,HAM_0004917,0,4,0,0.7870703935623169,0.20997437834739685,0.001339190173894167,0.0012581294868141413,9.522905747871846e-05,8.740360499359667e-05,0.00017525914881844074,0.5335299968719482,0.4693877398967743,6.707778811687604e-05,0.9999339580535889
ISIC_0030227,HAM_0004917,0,4,0,0.8858533501625061,0.08156539499759674,0.03138785809278488,0.0008061779080890119,4.7967001592041925e-05,0.00012342458649072796,0.00021585161448456347,0.5255895256996155,0.4897959232330322,1.5038841411296744e-05,0.9999837875366211
ISIC_0027295,HAM_0003913,0,4,4,2.1837950043845922e-05,5.417945958411177e-14,4.514239481068216e-05,0.012460668571293354,0.9867786169052124,0.000581977772526443,0.0001117002684623003,0.526505172252655,0.4693877398967743,3.8031529925319774e-08,0.9999998807907104
ISIC_0028846,HAM_0004491,0,4,4,5.072662361271796e-07,1.2503021570685205e-15,8.019181404961273e-05,4.6702465624548495e-05,0.9998706579208374,1.3242872682894813e-06,6.652504112025781e-07,0.5020904541015625,0.5102040767669678,1.2188601772322727e-07,0.9999998807907104
ISIC_0026159,HAM_0004491,0,4,4,0.001034011016599834,6.373035830620211e-06,0.00019952429283875972,0.0029183663427829742,0.9957020878791809,5.103018702357076e-05,8.870071906130761e-05,0.5334491729736328,0.4897959232330322,1.812688060454093e-05,0.9999712705612183
ISIC_0029100,HAM_0001788,0,4,4,0.07012149691581726,0.0003143078356515616,0.0004859273030888289,0.0052303471602499485,0.9228578209877014,0.00011822096712421626,0.0008716987795196474,0.5415480136871338,0.44897958636283875,1.2655696991714649e-05,0.9999901056289673
ISIC_0026923,HAM_0000198,0,4,3,6.623337867495138e-06,2.3590576603282898e-08,0.00015179946785792708,0.9555193185806274,0.042985208332538605,0.0009700274094939232,0.0003670665028039366,0.55491703748703,0.4285714328289032,2.37790936807869e-06,0.999990701675415
ISIC_0024445,HAM_0000243,0,4,1,0.04584253579378128,0.927638828754425,0.0010091654257848859,0.00045194069389253855,0.022589484229683876,0.0015396244125440717,0.0009283958934247494,0.5156396627426147,0.4897959232330322,9.255791155737825e-06,0.9999949932098389
ISIC_0025297,HAM_0007513,0,4,4,0.009088781662285328,0.006941637955605984,0.016422217711806297,0.020748108625411987,0.9433936476707458,0.0026924831327050924,0.0007131465245038271,0.527035653591156,0.4897959232330322,8.245429489761591e-05,0.9999412298202515
ISIC_0024676,HAM_0007513,0,4,4,0.010737570002675056,0.0004238989786244929,0.00036221693153493106,0.008432417176663876,0.9785353541374207,0.0011054803617298603,0.0004030668642371893,0.5524620413780212,0.44897958636283875,5.718252214137465e-05,0.9999047517776489
ISIC_0026443,HAM_0002902,0,4,1,0.06251467019319534,0.9284729361534119,0.0006786141311749816,0.003952553495764732,0.00423044990748167,3.454944453551434e-05,0.0001161783657153137,0.5421399474143982,0.44897958636283875,0.0001186182998935692,0.9999644756317139
ISIC_0027996,HAM_0003152,0,4,4,1.1440427442721557e-05,1.275105205422733e-05,0.00125660200137645,0.007396375294774771,0.9908843636512756,0.0002556558756623417,0.00018281098164152354,0.5678066611289978,0.4285714328289032,3.505381073409808e-06,0.9999926090240479
ISIC_0029051,HAM_0000298,0,4,1,1.2945681191922631e-05,0.9977509379386902,1.0453532013343647e-05,0.00020429199503269047,0.0020015472546219826,1.0051558092527557e-05,9.672011401562486e-06,0.4671415090560913,0.5102040767669678,7.51839397707954e-05,0.9999814033508301
ISIC_0030208,HAM_0003152,0,4,4,0.0001526999258203432,0.005913661327213049,0.0005004854174330831,0.0031544037628918886,0.9900318384170532,6.970215326873586e-05,0.00017723962082527578,0.5614565014839172,0.44897958636283875,9.364697689306922e-06,0.9999508857727051
ISIC_0028254,HAM_0005935,0,4,4,0.1077905148267746,0.24522154033184052,0.008828924968838692,0.07582567632198334,0.5346021056175232,0.024133125320076942,0.0035980483517050743,0.5374937653541565,0.44897958636283875,5.6436438171658665e-05,0.9999338388442993
ISIC_0031591,HAM_0004249,0,4,4,0.03404950350522995,6.507353250001513e-13,0.00016855838475748897,0.0008331932476721704,0.9649274349212646,6.089153885113774e-06,1.5243535017361864e-05,0.5690058469772339,0.40816324949264526,2.2606930087931687e-06,0.9999979734420776
ISIC_0030007,HAM_0004105,0,4,3,0.004625195637345314,8.160498623510648e-07,0.00930317398160696,0.6127497553825378,0.3545520603656769,0.0182025283575058,0.0005664142081514001,0.5608157515525818,0.4285714328289032,1.0917508916463703e-05,0.9999591112136841
ISIC_0030812,HAM_0005558,0,4,2,0.12513719499111176,1.5601769876028015e-09,0.6277198195457458,0.004619905259460211,0.0022803901229053736,2.8712147468468174e-05,0.2402140200138092,0.5261508226394653,0.4693877398967743,3.4349881161688245e-07,0.9999998807907104
ISIC_0029802,HAM_0005558,0,4,2,1.4468575955106644e-06,1.411433366973604e-16,0.999933123588562,1.3521346772904508e-05,1.7555423255544156e-05,6.864522106297954e-08,3.431593722780235e-05,0.5065391063690186,0.5102040767669678,9.380412890891421e-09,1.0
ISIC_0029789,HAM_0001562,0,4,4,0.11034146696329117,5.5079937737900764e-05,0.00045674346620216966,0.0028004946652799845,0.8859175443649292,0.0003477184218354523,8.103394793579355e-05,0.5472219586372375,0.44897958636283875,0.0001383475901093334,0.9998950958251953
ISIC_0030026,HAM_0004400,0,4,4,0.0031097589526325464,0.4782094657421112,0.004388169851154089,0.004838063847273588,0.50465327501297,0.004258312284946442,0.0005429084412753582,0.525708019733429,0.4897959232330322,0.0002497051318641752,0.9997968077659607
ISIC_0027754,HAM_0002535,0,4,0,0.9866750836372375,1.0845751319266128e-07,4.7876346798148006e-05,0.0018066009506583214,0.011296200565993786,0.00012850492203142494,4.566672214423306e-05,0.5520151853561401,0.44897958636283875,4.608333620126359e-05,0.9999473094940186
ISIC_0026286,HAM_0005157,0,4,4,4.3032247049268335e-05,0.2364865243434906,0.005985931493341923,0.10625644773244858,0.6508504748344421,0.0001443967776140198,0.00023318466264754534,0.518349289894104,0.4897959232330322,1.0999389814969618e-05,0.9999911785125732
ISIC_0024880,HAM_0005157,0,4,4,2.6636322218109854e-05,0.02491341531276703,0.005299180746078491,0.028576143085956573,0.9410260319709778,4.553894541459158e-05,0.00011310967238387093,0.5041765570640564,0.5102040767669678,3.5544012462196406e-06,0.9999960660934448
ISIC_0026679,HAM_0005935,0,4,0,0.9871172308921814,0.0024055903777480125,8.979510312201455e-05,0.006499511655420065,0.003362984163686633,0.0003715075145009905,0.0001534471521154046,0.6056203246116638,0.3877550959587097,2.9160091798985377e-05,0.9998520612716675
ISIC_0029420,HAM_0007573,0,4,4,0.0002821461530402303,5.575727755058324e-07,5.096232598589268e-06,8.771602006163448e-05,0.9996193647384644,1.5025595985207474e-06,3.6305095818534028e-06,0.5379705429077148,0.44897958636283875,1.609199716767762e-05,0.9999760389328003
ISIC_0026044,HAM_0006945,0,4,1,0.01269122026860714,0.7734555602073669,0.0004943946260027587,0.000978304073214531,0.20946092903614044,0.0007631577318534255,0.0021564511116594076,0.5683417916297913,0.4285714328289032,0.000359177531208843,0.9981023669242859
ISIC_0030346,HAM_0005146,0,4,0,0.6920243501663208,7.93893832451431e-06,0.0008127320907078683,0.0764390230178833,0.22794392704963684,0.0016705578891560435,0.0011013781186193228,0.5365704894065857,0.4693877398967743,2.5226820525858784e-06,0.9999985694885254
ISIC_0026526,HAM_0005146,0,4,3,0.05456779897212982,0.0001715783728286624,0.000309148570522666,0.6638520956039429,0.2802395522594452,0.0006552072591148317,0.00020463769033085555,0.5060991048812866,0.4897959232330322,1.0803456461871974e-05,0.9999922513961792
ISIC_0024547,HAM_0005790,0,4,0,0.8742953538894653,0.12475694715976715,2.7420659534982406e-05,0.00032459700014442205,0.000419106800109148,0.00010252074571326375,7.413214916596189e-05,0.5573616027832031,0.4285714328289032,2.5279772671638057e-05,0.9999536275863647
ISIC_0027760,HAM_0003766,0,4,3,0.11860069632530212,0.0414617694914341,0.014665012247860432,0.47291073203086853,0.3217291235923767,0.014182320795953274,0.016450300812721252,0.6150016784667969,0.3877550959587097,8.800890100246761e-06,0.9999125003814697
ISIC_0026538,HAM_0003766,0,4,4,0.14368124306201935,0.044174227863550186,0.04209621995687485,0.32533133029937744,0.37210771441459656,0.01758091151714325,0.055028315633535385,0.5557857155799866,0.44897958636283875,1.755821176629979e-05,0.9999508857727051
ISIC_0024893,HAM_0002058,0,4,4,0.019505681470036507,0.13263025879859924,0.006225463468581438,0.004030914045870304,0.8329641819000244,0.0003287958388682455,0.004314757883548737,0.567661464214325,0.4285714328289032,8.814472494123038e-06,0.9998992681503296
ISIC_0025716,HAM_0001200,0,4,3,0.49374333024024963,8.030402066758164e-24,7.670000741200056e-06,0.500028669834137,0.005705035757273436,9.460137334826868e-06,0.000505843898281455,0.5071084499359131,0.4897959232330322,8.865967855709034e-12,1.0
ISIC_0028750,HAM_0000318,0,4,0,0.531542956829071,0.026983805000782013,0.0040896860882639885,0.017981158569455147,0.4062667787075043,0.0036856788210570812,0.009449957869946957,0.569654107093811,0.4285714328289032,6.336060323519632e-05,0.9999003410339355
ISIC_0030758,HAM_0000519,0,4,4,1.760085069690831e-05,7.202514584747632e-09,7.645366508768348e-07,6.71213201712817e-05,0.9999016523361206,1.1096526577603072e-05,1.7524902204968384e-06,0.5674866437911987,0.4285714328289032,2.8049405500496505e-06,0.9999911785125732
ISIC_0028550,HAM_0000259,0,4,0,0.9957925081253052,4.630447620002087e-06,0.0009923671605065465,0.00104620773345232,0.000807549396995455,0.0007769864168949425,0.000579673214815557,0.5388696789741516,0.44897958636283875,5.116504325997084e-06,0.9999814033508301
ISIC_0024477,HAM_0000259,0,4,5,0.008157729171216488,1.5874163095119798e-09,0.007119778078049421,0.12696148455142975,0.09086278825998306,0.7618808150291443,0.0050173476338386536,0.531017005443573,0.44897958636283875,4.76754777878341e-08,0.9999996423721313
ISIC_0026493,HAM_0000259,0,4,1,0.0755586326122284,0.5177769660949707,0.012546206824481487,0.07420088350772858,0.24711880087852478,0.06977064907550812,0.0030279308557510376,0.50853431224823,0.4693877398967743,1.3181012036511675e-05,0.9999690055847168
ISIC_0030876,HAM_0005199,0,4,3,0.0017701865872368217,0.010935276746749878,0.0003698650689329952,0.9093320369720459,0.06250377744436264,0.01017821952700615,0.004910708870738745,0.5579221844673157,0.44897958636283875,2.3433203750755638e-05,0.9998213648796082
ISIC_0024982,HAM_0005199,0,4,3,0.0053378683514893055,0.10787352174520493,0.004171381238847971,0.7293650507926941,0.0625663548707962,0.03015320934355259,0.06053261458873749,0.5537917613983154,0.4285714328289032,6.175210728542879e-05,0.9999066591262817
ISIC_0024696,HAM_0001082,0,4,0,0.9163511991500854,0.029770350083708763,0.00019418736337684095,0.00922101829200983,0.044191427528858185,9.88549436442554e-05,0.0001730036165099591,0.5102935433387756,0.4897959232330322,2.3531471015303396e-05,0.9999781847000122
ISIC_0031352,HAM_0004379,0,4,4,6.086430948926136e-05,2.3975135263754055e-06,0.0004307288909330964,0.07211904227733612,0.9247410297393799,0.002563760383054614,8.22462752694264e-05,0.5479740500450134,0.4285714328289032,3.228518471587449e-05,0.9998419284820557
ISIC_0026365,HAM_0006723,0,4,2,0.00033285681274719536,0.22484204173088074,0.6866486072540283,0.046226635575294495,0.04029657319188118,0.0012103850021958351,0.0004429543041624129,0.5342711210250854,0.4897959232330322,3.1645877243136056e-06,0.9999951124191284
ISIC_0024495,HAM_0006466,0,4,0,0.8462862968444824,0.10912623256444931,0.00012438355770427734,0.0009434402454644442,0.04293399676680565,0.00013000002945773304,0.0004556387721095234,0.5327819585800171,0.4897959232330322,4.9809914344223216e-05,0.999971866607666
ISIC_0031138,HAM_0004908,0,4,3,0.0026660822331905365,0.00025236423243768513,0.0002684299251995981,0.5981690287590027,0.37665170431137085,0.021650264039635658,0.0003421354340389371,0.5443094968795776,0.44897958636283875,1.4588415979233105e-05,0.9999737739562988
ISIC_0028710,HAM_0004908,0,4,3,0.010378183797001839,0.0001029205450322479,1.8073189494316466e-05,0.9675409197807312,0.019192462787032127,0.002659446094185114,0.000107950261735823,0.565211832523346,0.4285714328289032,1.5844196241232567e-05,0.9999651908874512
ISIC_0027893,HAM_0000237,0,4,4,0.002532628597691655,0.00010756333358585835,1.5447527403011918e-05,8.844485273584723e-05,0.997232973575592,9.648276318330318e-06,1.3286486137076281e-05,0.5339414477348328,0.44897958636283875,6.45447289571166e-05,0.9999798536300659
ISIC_0027064,HAM_0000398,0,4,4,0.00034326830063946545,0.00025298519176431,0.00017436500638723373,0.053077444434165955,0.9455313682556152,0.0005414291517809033,7.917165203252807e-05,0.5817134380340576,0.40816324949264526,1.1428907100707875e-06,0.9999954700469971
ISIC_0030231,HAM_0003938,0,4,3,8.895440259948373e-05,5.176319373134675e-10,5.441472694656113e-06,0.9240617156028748,0.0757773146033287,3.979239409090951e-05,2.6876803531195037e-05,0.5746122002601624,0.4285714328289032,4.203438948024996e-06,0.9999778270721436
ISIC_0030988,HAM_0006723,0,4,0,0.8361727595329285,0.033958062529563904,0.11766768246889114,0.005496037192642689,0.004986348561942577,0.0005520014092326164,0.0011670695384964347,0.5093353986740112,0.4897959232330322,4.012931094621308e-05,0.9999847412109375
ISIC_0024336,HAM_0006732,0,4,4,0.01824204809963703,0.22751735150814056,0.0010938510531559587,0.002640192862600088,0.7487801313400269,0.0015620808117091656,0.00016437012527603656,0.5622337460517883,0.4285714328289032,3.199181446689181e-05,0.999879002571106
ISIC_0028995,HAM_0006945,0,4,1,0.007046749349683523,0.9541023373603821,0.0001596324727870524,0.00039440792170353234,0.037506550550460815,0.0001659294794080779,0.0006243240204639733,0.5658272504806519,0.4285714328289032,0.0003312587214168161,0.99912029504776
ISIC_0026142,HAM_0006945,0,4,1,5.171214434085414e-05,0.996132493019104,1.349452395515982e-05,3.0496403269353323e-05,0.003697388805449009,3.4762877476168796e-05,3.962397022405639e-05,0.5144506096839905,0.4897959232330322,0.0003412680234760046,0.9995948672294617
ISIC_0031951,HAM_0001292,0,4,1,0.003896871814504266,0.7072435617446899,0.0008479264215566218,0.0003934764536097646,0.28613558411598206,0.000619639060460031,0.0008629178628325462,0.5392040610313416,0.44897958636283875,0.0004565264971461147,0.9995493292808533
ISIC_0024851,HAM_0007078,0,4,1,0.007514817640185356,0.6332859396934509,0.0037920931354165077,0.0023153380025178194,0.3508962392807007,0.001326896483078599,0.0008686796063557267,0.5456337928771973,0.44897958636283875,0.0002758708142209798,0.9998494386672974
ISIC_0024446,HAM_0001475,0,4,4,0.0005073994398117065,0.03537238389253616,8.299123146571219e-05,0.0007415002328343689,0.9628282189369202,0.00041215401142835617,5.528713882085867e-05,0.5569639205932617,0.4285714328289032,0.00013019124162383378,0.9998114705085754
ISIC_0026139,HAM_0002809,0,4,4,0.3614021837711334,0.0009427181794308126,0.0002035506331594661,0.0034622536040842533,0.6332666873931885,0.0005664860364049673,0.00015605830412823707,0.5722986459732056,0.4285714328289032,0.00010060303611680865,0.9998113512992859
ISIC_0027967,HAM_0002809,0,4,1,0.0010677350219339132,0.9707622528076172,0.00174699944909662,0.004107340704649687,0.021382050588726997,0.0005837969365529716,0.00034980394411832094,0.5461100339889526,0.4693877398967743,0.0003286600986029953,0.9994766116142273
ISIC_0024338,HAM_0002809,0,4,4,0.009360561147332191,0.41662824153900146,0.0038882121443748474,0.009221571497619152,0.5563194155693054,0.0032370509579777718,0.0013448800891637802,0.5653036236763,0.4285714328289032,9.669892460806295e-05,0.9998094439506531
ISIC_0030935,HAM_0000237,0,4,4,0.12630684673786163,0.1606733351945877,0.002457486931234598,0.037669576704502106,0.6671595573425293,0.0017099336255341768,0.004023223649710417,0.5008328557014465,0.5102040767669678,0.0002920319384429604,0.9998202919960022
ISIC_0029213,HAM_0000237,0,4,0,0.5663281083106995,0.018953250721096992,1.5232151781674474e-05,0.00179007847327739,0.41281306743621826,2.651133581821341e-05,7.374465349130332e-05,0.5661628246307373,0.4285714328289032,2.9731007089139894e-05,0.9999834299087524
ISIC_0032040,HAM_0000237,0,4,4,0.016766257584095,0.03761765733361244,8.53220553835854e-05,0.004413969814777374,0.9409526586532593,3.822368671535514e-05,0.00012602724018506706,0.5251086950302124,0.4693877398967743,3.5971588658867404e-05,0.9999558925628662
ISIC_0025292,HAM_0004630,0,4,4,1.4419102626561653e-05,9.744675253386959e-07,0.0003953925333917141,0.004779714625328779,0.9947749376296997,8.849183359416202e-06,2.556518666096963e-05,0.5449514389038086,0.44897958636283875,1.8822605852619745e-05,0.9999924898147583
ISIC_0024312,HAM_0001359,0,4,4,0.014659631066024303,0.0001268385094590485,0.0007685822783969343,0.02951631508767605,0.9506600499153137,0.003995419945567846,0.0002732340944930911,0.5261824131011963,0.4897959232330322,1.7361302525387146e-05,0.9999791383743286
ISIC_0030976,HAM_0001722,0,4,0,0.2785438597202301,0.0010179172968491912,0.19304832816123962,0.004635900724679232,0.006661641877144575,0.2636582851409912,0.252434104681015,0.5388339757919312,0.44897958636283875,1.0719557394622825e-05,0.9999327659606934
ISIC_0028376,HAM_0004630,0,4,4,2.0864629135530777e-08,1.3771580239092443e-29,2.2837462893221527e-05,6.591961573576555e-05,0.9999110698699951,1.0943717398959052e-07,7.388636191762998e-08,0.5262925028800964,0.4693877398967743,1.987178217116581e-12,1.0
ISIC_0026576,HAM_0004630,0,4,4,0.0013497092295438051,1.4079635946018243e-07,0.005405343137681484,0.0038683076854795218,0.9892003536224365,9.688460704637691e-05,7.92276841821149e-05,0.5824990272521973,0.4285714328289032,1.8326544193314476e-07,0.9999985694885254
ISIC_0026409,HAM_0000893,0,4,3,0.0018412022618576884,5.465181640573746e-10,0.0018167837988585234,0.9817625284194946,0.012169565074145794,0.002149867359548807,0.0002600817533675581,0.5589535236358643,0.4285714328289032,1.9599133338488173e-07,0.9999997615814209
ISIC_0025345,HAM_0000893,0,4,0,0.8950623869895935,1.6938397367116838e-14,4.330829597165575e-06,0.006900344043970108,0.09743846952915192,0.0005164051544852555,7.810648094164208e-05,0.5261706709861755,0.4897959232330322,1.2425148554484622e-07,0.9999995231628418
ISIC_0032303,HAM_0000893,0,4,3,0.3625478148460388,1.1975392465862766e-12,7.4807549026445486e-06,0.4626764953136444,0.17041952908039093,0.003984908573329449,0.0003637847548816353,0.5560946464538574,0.44897958636283875,1.2304313123934207e-08,1.0
ISIC_0032103,HAM_0000893,0,4,3,0.0168415866792202,5.263622071538521e-08,2.8436887077987194e-05,0.9796857237815857,0.002160140313208103,0.0010533415479585528,0.00023073532793205231,0.5380606055259705,0.44897958636283875,8.871200520843558e-07,0.9999980926513672
ISIC_0024825,HAM_0000893,0,4,0,0.8127057552337646,1.3910164686770088e-10,6.129834946477786e-05,0.021762827411293983,0.1653648167848587,1.7298814782407135e-05,8.801239164313301e-05,0.5387405157089233,0.44897958636283875,8.712088856555056e-06,0.9999878406524658
ISIC_0024881,HAM_0004696,0,4,2,0.0001301557058468461,8.656796168793335e-09,0.9554280042648315,0.002875520149245858,0.0019957066979259253,0.0005766189424321055,0.03899393603205681,0.5280462503433228,0.44897958636283875,2.0617974314518506e-06,0.9999935626983643
ISIC_0027094,HAM_0001292,0,4,4,0.08458981662988663,0.035031355917453766,0.004728240892291069,0.029890991747379303,0.8439079523086548,0.0013171740574762225,0.0005344460951164365,0.5491195321083069,0.4285714328289032,6.606555689359084e-05,0.9999241828918457
ISIC_0028628,HAM_0001359,0,4,0,0.889430820941925,0.0018163059139624238,0.0014173490926623344,0.043145276606082916,0.048291970044374466,0.01380138285458088,0.0020968355238437653,0.5401107668876648,0.44897958636283875,3.4077322197845206e-05,0.9999567270278931
ISIC_0026539,HAM_0004696,0,4,4,0.0002688854874577373,1.9645336024609605e-08,0.44206294417381287,0.006521082017570734,0.5489968657493591,0.0010091479634866118,0.0011410127626731992,0.5367851257324219,0.44897958636283875,4.868952601100318e-07,0.9999991655349731
ISIC_0029764,HAM_0004696,0,4,2,1.013794189930195e-05,3.633267756164026e-17,0.9486744999885559,0.0030447638127952814,0.00638990942388773,0.0021475395187735558,0.03973306715488434,0.527458906173706,0.44897958636283875,5.519124357533656e-08,0.9999998807907104
ISIC_0027859,HAM_0000001,0,4,4,0.07473307847976685,0.021020816639065742,0.0011054739588871598,0.26041996479034424,0.637974202632904,0.002541762078180909,0.002204685006290674,0.5590143203735352,0.44897958636283875,4.2395287891849875e-05,0.999901294708252
ISIC_0029329,HAM_0002844,0,4,4,0.0065474421717226505,2.817567974489066e-07,0.008301790803670883,0.0003405788738746196,0.9796808958053589,0.002870839089155197,0.0022581834346055984,0.519734799861908,0.4897959232330322,3.770168041228317e-05,0.9999889135360718
ISIC_0028343,HAM_0004343,0,4,4,0.001996899489313364,0.0011928232852369547,3.547467349562794e-05,0.0015746874269098043,0.9950751662254333,6.232778105186298e-05,6.265316915232688e-05,0.5052973628044128,0.5102040767669678,0.00011721661576302722,0.9999436140060425
ISIC_0027239,HAM_0004422,0,4,3,0.010248752310872078,8.320917739557121e-13,0.0005212561809457839,0.7924431562423706,0.19213782250881195,0.004283485934138298,0.0003654983011074364,0.566887617111206,0.40816324949264526,1.0934094234471559e-06,0.9999986886978149
ISIC_0030700,HAM_0004422,0,4,3,0.023181425407528877,2.0572610992530826e-06,0.004241402726620436,0.9699769616127014,0.001320216222666204,0.001076076994650066,0.00020181649597361684,0.57570481300354,0.4285714328289032,3.053600039493176e-06,0.9999849796295166
ISIC_0028622,HAM_0000083,0,4,4,0.0920153334736824,0.20268523693084717,0.025845935568213463,0.005246800370514393,0.6589161157608032,0.00864537712186575,0.006645243614912033,0.578108012676239,0.4285714328289032,8.081552368821576e-05,0.9996862411499023
ISIC_0031872,HAM_0000083,0,4,2,0.04577203467488289,4.6632689191028476e-05,0.6334828734397888,5.4467745940200984e-05,0.3181235194206238,0.0011631398228928447,0.0013573061442002654,0.5541777610778809,0.44897958636283875,7.66760990700277e-07,0.9999953508377075
ISIC_0026280,HAM_0006346,0,4,4,0.0019346390618011355,4.195000551495071e-15,4.739817995869089e-06,5.449455784400925e-06,0.9980509281158447,1.0556003644524026e-06,3.075646645811503e-06,0.5566756725311279,0.44897958636283875,1.9865350964209938e-07,0.9999992847442627
ISIC_0027811,HAM_0006346,0,4,4,0.003018370596691966,1.3977168755729963e-08,6.367522291839123e-05,0.0002299556799698621,0.9966501593589783,2.43625690927729e-05,1.3451067388814408e-05,0.5168046355247498,0.4897959232330322,6.552655122504802e-06,0.9999817609786987
ISIC_0029232,HAM_0005632,0,4,4,4.1064991819439456e-05,8.837077770940116e-12,0.0010526960249990225,0.00011541348067112267,0.9985625147819519,0.00017789300181902945,5.038792369305156e-05,0.5457879304885864,0.4693877398967743,6.461044108618808e-07,0.9999982118606567
ISIC_0025470,HAM_0005632,0,4,4,0.0003432293888181448,5.229683353036307e-10,1.7763664800440893e-05,2.1409501641755924e-05,0.9995917677879333,2.0027438949909993e-05,5.843990493303863e-06,0.5748273134231567,0.4285714328289032,2.8371039206831483e-07,0.9999967813491821
ISIC_0029070,HAM_0005126,0,4,4,0.04320488125085831,0.001803480088710785,0.012792540714144707,0.11370638012886047,0.825370192527771,0.0026229959912598133,0.0004995366325601935,0.5458540320396423,0.44897958636283875,8.084743603831157e-05,0.9999364614486694
ISIC_0028822,HAM_0005126,0,4,4,0.04755283147096634,0.000827775860670954,0.0028265162836760283,0.01830565743148327,0.9289151430130005,0.0011537839891389012,0.0004182388656772673,0.5735711455345154,0.4285714328289032,0.00014611732331104577,0.9998210072517395
ISIC_0028876,HAM_0003030,0,4,4,4.722059748019092e-05,0.005441162269562483,0.0006017974228598177,0.0005504665314219892,0.993282675743103,4.4900229113409296e-05,3.169845149386674e-05,0.5408391952514648,0.4897959232330322,4.84192423755303e-06,0.9999939203262329
ISIC_0029527,HAM_0003030,0,4,4,0.001938133267685771,0.18451450765132904,0.002304614754393697,0.007013003807514906,0.80262291431427,0.0011257058940827847,0.00048107196926139295,0.5655930042266846,0.4285714328289032,5.42689704161603e-05,0.999951958656311
ISIC_0031987,HAM_0001781,0,4,4,0.03793392702937126,0.03871208429336548,0.013742647133767605,0.019817903637886047,0.840815007686615,0.04442461580038071,0.004553765524178743,0.5120946764945984,0.4897959232330322,7.689946505706757e-05,0.9999531507492065
ISIC_0028623,HAM_0001781,0,4,4,0.0016550595173612237,0.12333397567272186,0.0019513895967975259,0.02657649666070938,0.840975284576416,0.0007285585743375123,0.004779222887009382,0.4892747700214386,0.5102040767669678,6.715106428600848e-05,0.9999873638153076
ISIC_0025515,HAM_0001781,0,4,4,0.0002242105983896181,0.13086815178394318,0.00043604435632005334,0.0032177893444895744,0.8648343682289124,0.00011873216863023117,0.0003007040941156447,0.47981885075569153,0.5306122303009033,0.00010704984742915258,0.9999686479568481
ISIC_0029823,HAM_0001781,0,4,4,0.0006328884046524763,0.15373574197292328,0.0035572706256061792,0.0024766132701188326,0.837516725063324,0.0007533395546488464,0.0013274282682687044,0.5023075938224792,0.4897959232330322,0.0001346276985714212,0.9999582767486572
ISIC_0024782,HAM_0004004,0,4,4,0.03028927370905876,0.00032865183311514556,0.0008754567825235426,0.0007342059398069978,0.9660136103630066,0.0012537325965240598,0.0005050256149843335,0.5316879749298096,0.44897958636283875,6.809797469031764e-06,0.9999889135360718
ISIC_0029872,HAM_0004004,0,4,4,0.00016623899864498526,1.0637214700182085e-06,2.604418659757357e-05,0.03440325707197189,0.9650021195411682,9.694544860394672e-05,0.00030433281790465117,0.5876079201698303,0.40816324949264526,4.2908902742055943e-07,0.9999963045120239
ISIC_0029235,HAM_0005580,0,4,4,0.0019373607356101274,1.9546979501683381e-07,6.487888458650559e-05,0.0002734893932938576,0.9975994229316711,9.1402223915793e-05,3.3212349080713466e-05,0.5331342816352844,0.4693877398967743,2.1013293007854372e-05,0.999967098236084
ISIC_0029320,HAM_0006186,0,4,1,1.0955922334687784e-05,0.991995096206665,0.00034958787728101015,0.00020507954468484968,0.006604444235563278,0.0006705545238219202,0.00016437935119029135,0.5407792329788208,0.4693877398967743,1.8551039829617366e-05,0.9999669790267944
ISIC_0029427,HAM_0006186,0,4,1,1.820807665353641e-05,0.9833886623382568,2.7407089874031954e-05,4.822610571864061e-05,0.016168974339962006,0.00030635137227363884,4.222698407829739e-05,0.5330061316490173,0.4693877398967743,0.0002523878065403551,0.999792754650116
ISIC_0028309,HAM_0006770,0,4,1,0.0010305517353117466,0.9983445405960083,1.6196025171666406e-05,1.9222306946176104e-05,0.0005418168730102479,2.0237499484210275e-05,2.7361866159480996e-05,0.5056241154670715,0.4897959232330322,0.0002002750989049673,0.9999405145645142
ISIC_0027905,HAM_0006770,0,4,1,0.0001753577234921977,0.988559901714325,0.0005612541572190821,0.00018253177404403687,0.010365039110183716,7.953215390443802e-05,7.633776112925261e-05,0.5262058973312378,0.4693877398967743,1.1183880815224256e-05,0.9999934434890747
ISIC_0027831,HAM_0001678,0,4,4,0.13842423260211945,3.118061364659752e-11,0.0008184209582395852,0.0002597898419480771,0.8604264259338379,2.5119215933955275e-05,4.590069511323236e-05,0.5033113360404968,0.5102040767669678,1.1427327990531921e-06,0.9999991655349731
ISIC_0026717,HAM_0002527,0,4,4,0.0025253903586417437,1.157033580057032e-07,0.0009871766669675708,0.00015151570551097393,0.9962747097015381,3.42027451551985e-05,2.6897245334112085e-05,0.5308783054351807,0.4693877398967743,1.5767471268191002e-05,0.999992847442627
ISIC_0027463,HAM_0003559,0,4,4,0.0013042147038504481,5.884885467821732e-06,0.0004588432202581316,0.0024084867909550667,0.9956568479537964,7.158866355894133e-05,9.409524500370026e-05,0.4905548691749573,0.5102040767669678,1.8257778719998896e-05,0.9999650716781616
ISIC_0025810,HAM_0003559,0,4,4,0.0008481877739541233,7.163268310250714e-05,0.0002660073805600405,2.009539275604766e-05,0.9987719655036926,3.5684668091562344e-06,1.8581122276373208e-05,0.5467392802238464,0.44897958636283875,0.00016320474969688803,0.9998958110809326
ISIC_0032170,HAM_0004543,0,4,1,3.779466169362422e-06,0.9998443126678467,1.0759666110971011e-05,3.8992197914922144e-06,0.00010689243936212733,1.8972994439536706e-05,1.1340912351442967e-05,0.48615971207618713,0.5102040767669678,0.00030434911604970694,0.9999040365219116
ISIC_0031428,HAM_0006277,0,4,4,0.20292584598064423,0.0005040261312387884,0.0009479394066147506,0.11137133836746216,0.6825639009475708,0.0011269061360508204,0.0005600592703558505,0.5663109421730042,0.4285714328289032,5.9058720580651425e-06,0.9999806880950928
ISIC_0032827,HAM_0006003,0,4,4,0.00018901386647485197,0.0004123775288462639,0.00018942584574688226,0.0004990508896298707,0.9985326528549194,7.265386375365779e-05,0.00010482450306881219,0.53133624792099,0.4693877398967743,1.4270947758632246e-05,0.999990701675415
ISIC_0033022,HAM_0006003,0,4,4,0.005834059324115515,1.4273963777354944e-24,1.5675717804697342e-05,0.0009919730946421623,0.9931104183197021,3.6612179883377394e-06,4.420765981194563e-05,0.5592546463012695,0.4285714328289032,2.140615115719946e-11,1.0
ISIC_0032804,HAM_0006026,0,4,4,0.2806096076965332,0.13005240261554718,0.0005162758170627058,0.0009706902201287448,0.5821026563644409,0.0010179986711591482,0.004730367101728916,0.5691075921058655,0.4285714328289032,1.0909910997725092e-05,0.9999195337295532
ISIC_0033924,HAM_0006026,0,4,0,0.5522855520248413,0.007200764026492834,0.00010652223136276007,0.0008213784312829375,0.43791937828063965,0.000226503107114695,0.001439964515157044,0.5477795600891113,0.44897958636283875,8.244881428254303e-06,0.9999860525131226
ISIC_0033531,HAM_0006026,0,4,0,0.9838698506355286,0.005036322399973869,7.083196396706626e-05,0.00048122642328962684,0.01024553645402193,7.376408757409081e-05,0.00022247483138926327,0.5479106903076172,0.4693877398967743,1.2359798802208388e-06,0.9999904632568359
ISIC_0034167,HAM_0003728,0,4,4,0.0009988804813474417,8.505998994223773e-05,0.0009949506493285298,0.0001399089233018458,0.9975183010101318,2.076760029012803e-05,0.00024213918368332088,0.5726152062416077,0.4285714328289032,1.0191362065370413e-07,0.9999994039535522
ISIC_0033949,HAM_0003728,0,4,4,0.003204682841897011,3.218261099391384e-06,0.0007031551213003695,0.004842421505600214,0.9904547333717346,0.00013334266259334981,0.0006584646762348711,0.5659348368644714,0.4285714328289032,2.031305939453887e-06,0.9999960660934448
ISIC_0033553,HAM_0005898,0,4,4,1.3442891940940171e-05,0.0012101344764232635,0.00010271213250234723,0.00019537548359949142,0.9983382225036621,6.765028228983283e-05,7.243191794259474e-05,0.533547043800354,0.4693877398967743,3.0527255148626864e-05,0.9999891519546509
ISIC_0033401,HAM_0005898,0,4,4,5.897493338125059e-06,0.0002114723902195692,6.360479164868593e-05,0.00010752657544799149,0.9995624423027039,2.6799556508194655e-05,2.232461702078581e-05,0.5414576530456543,0.44897958636283875,8.825535769574344e-05,0.9999047517776489
ISIC_0033169,HAM_0002792,0,4,4,2.28320623136824e-05,0.001069691265001893,2.719736767176073e-05,0.00010012640268541873,0.9987350106239319,2.080965532513801e-05,2.4378376110689715e-05,0.6078106164932251,0.3877550959587097,5.128292286826763e-06,0.9999674558639526
ISIC_0033490,HAM_0000983,0,4,4,9.008998631543363e-07,3.864125408536978e-10,4.50486913905479e-06,0.0018187116365879774,0.9980399012565613,9.776183287613094e-05,3.823573933914304e-05,0.5399866700172424,0.44897958636283875,9.487008156838783e-08,0.9999992847442627
ISIC_0031601,HAM_0001487,0,4,4,1.871759923233185e-05,0.000439761730376631,7.171915513026761e-06,7.552111492259428e-05,0.9993346333503723,1.8130460375687107e-05,0.00010596580250421539,0.5020247101783752,0.4897959232330322,2.0254879927961156e-05,0.9999904632568359
ISIC_0029113,HAM_0007233,0,4,1,3.965960786445066e-06,0.9658596515655518,0.0002616582496557385,0.0002072282659355551,0.03328429162502289,7.551217277068645e-05,0.00030763703398406506,0.49638479948043823,0.4897959232330322,1.4085976545175072e-05,0.9999940395355225
ISIC_0031897,HAM_0000382,0,4,4,0.0005649059894494712,3.362125653438852e-06,2.14918763958849e-05,0.000898339378181845,0.9975250363349915,0.00087675143731758,0.00010998683865182102,0.5381237864494324,0.44897958636283875,1.4821453987678979e-05,0.9999839067459106
ISIC_0028681,HAM_0004309,0,4,4,6.560514520970173e-06,0.013909746892750263,2.4568438675487414e-05,6.331931217573583e-05,0.9854189157485962,0.00040597718907520175,0.00017090541950892657,0.5509868860244751,0.44897958636283875,1.2867539226135705e-05,0.9999833106994629
ISIC_0030959,HAM_0003011,0,4,4,0.00020242358732502908,4.016785624116892e-07,8.80089501151815e-05,0.030359268188476562,0.967545747756958,0.0013968318235129118,0.0004074239986948669,0.5010714530944824,0.5102040767669678,2.4971136554086115e-06,0.9999960660934448
ISIC_0026046,HAM_0002190,0,4,4,0.002263382775709033,0.0001176933292299509,0.00015303374675568193,0.0002675857685972005,0.9960243701934814,0.0009032040252350271,0.0002707820385694504,0.5675252079963684,0.4285714328289032,1.370869176753331e-05,0.9999548196792603
ISIC_0027875,HAM_0001429,0,4,4,0.0020487112924456596,0.0004433696740306914,0.00014986857422627509,0.04168602451682091,0.9550004005432129,0.00018708717834670097,0.0004844864015467465,0.5478208661079407,0.44897958636283875,5.775057729806576e-07,0.9999980926513672
ISIC_0026291,HAM_0000685,0,4,4,2.2763495053368388e-06,2.1802032835332996e-12,8.176590426955954e-07,0.00026092128246091306,0.9997192025184631,1.117676220019348e-05,5.640324616251746e-06,0.5681673288345337,0.4285714328289032,8.657430328185e-09,1.0
ISIC_0026907,HAM_0005291,0,4,4,0.00019930581038352102,0.017468485981225967,0.008976805955171585,0.003927110228687525,0.963546633720398,0.003927902318537235,0.0019537066109478474,0.5738546252250671,0.4285714328289032,8.07388551038457e-06,0.9999843835830688
ISIC_0030067,HAM_0001589,0,4,1,2.2264937797444873e-05,0.9938821792602539,0.00015810692275408655,8.164974133251235e-06,0.005860250908881426,3.7373298255261034e-05,3.1768558983458206e-05,0.5259829759597778,0.4897959232330322,6.002904046908952e-05,0.9999899864196777
ISIC_0031436,HAM_0006243,0,4,4,0.0009459917200729251,0.2954087257385254,6.986379594309255e-05,0.0007921775104478002,0.6881347298622131,0.013922620564699173,0.0007258501136675477,0.5431461334228516,0.44897958636283875,6.982919876463711e-05,0.9999237060546875
ISIC_0031558,HAM_0001402,0,4,1,0.0004165290738455951,0.9763104915618896,6.164304068079218e-05,8.83849206729792e-05,0.015547347255051136,0.007337224204093218,0.00023843959206715226,0.5444272756576538,0.4693877398967743,2.1406820451375097e-05,0.9999841451644897
ISIC_0031577,HAM_0005338,0,4,1,0.0001644791045691818,0.9378836750984192,0.00040430494118481874,0.0002798553614411503,0.060776177793741226,0.00037228615838102996,0.00011924562568310648,0.5063862204551697,0.4897959232330322,0.00019242463167756796,0.9999023675918579
ISIC_0027710,HAM_0001062,0,4,4,3.420534631004557e-05,0.41865137219429016,0.00016265973681584,0.00018947842181660235,0.5797439813613892,0.0010403756750747561,0.00017800561909098178,0.5060962438583374,0.4897959232330322,2.1254214516375214e-05,0.9999849796295166
ISIC_0025131,HAM_0006124,0,4,4,1.2806385711883195e-06,3.335942633242439e-10,5.184690508031053e-07,5.9106536355102435e-05,0.9999339580535889,1.8517026774134138e-06,3.255835963500431e-06,0.5194858312606812,0.4693877398967743,9.062100048140564e-07,0.9999979734420776
ISIC_0032359,HAM_0002419,0,4,4,1.510087486167322e-06,0.005612494889646769,8.400055230595171e-05,6.006249532219954e-05,0.9939835667610168,0.0001127093710238114,0.0001456402096664533,0.513724148273468,0.4897959232330322,4.8678057282813825e-06,0.9999973773956299
ISIC_0026262,HAM_0000974,0,4,4,0.04273741692304611,0.09309189021587372,0.00013441160263027996,0.0007364688790403306,0.8628520369529724,0.00021564871713053435,0.00023220301955007017,0.571870744228363,0.4285714328289032,8.917101513361558e-05,0.9996058344841003
ISIC_0030583,HAM_0000465,0,4,4,3.3206683838216122e-06,0.0007135698688216507,8.305815754283685e-06,3.1649087759433314e-05,0.9991501569747925,6.503918848466128e-05,2.7892265279660933e-05,0.5483144521713257,0.44897958636283875,9.303918204750516e-07,0.9999881982803345
ISIC_0030789,HAM_0001223,0,4,4,0.17683087289333344,4.018677657313674e-07,4.4321925088297576e-05,0.0021335140336304903,0.8204461932182312,5.350631181499921e-05,0.0004911223659291863,0.4902734160423279,0.5102040767669678,1.091735043701192e-06,0.999997615814209
ISIC_0030321,HAM_0003555,0,5,2,0.02076105773448944,0.005798397120088339,0.8553333878517151,6.31846342002973e-05,0.0002195461856899783,0.11756589263677597,0.00025861512403935194,0.5241941213607788,0.4897959232330322,2.1361988729040604e-06,0.9999990463256836
ISIC_0029039,HAM_0004317,0,5,1,0.00012829623301513493,0.9028025269508362,0.003209867747500539,0.012365469709038734,0.05698040872812271,0.023724261671304703,0.0007891346467658877,0.5341187715530396,0.4693877398967743,3.898019258485874e-06,0.9999899864196777
ISIC_0025504,HAM_0004317,0,5,1,0.00018555224232841283,0.8739895224571228,0.00012322170368861407,0.0003449838259257376,0.12488079816102982,0.00021066829503979534,0.00026529852766543627,0.5521451830863953,0.4693877398967743,5.205978231970221e-05,0.9998451471328735
ISIC_0032138,HAM_0005492,0,5,3,0.0013845275389030576,2.7091089123132406e-06,1.760445775289554e-05,0.7440266609191895,0.02208074927330017,0.23215115070343018,0.0003365684242453426,0.5589532256126404,0.44897958636283875,3.2691936269202415e-08,0.9999997615814209
ISIC_0025954,HAM_0002706,0,5,1,0.0005198872531764209,0.9519484639167786,0.000517666048835963,0.024260440841317177,0.02162889763712883,0.0007051980355754495,0.0004194081120658666,0.5033997297286987,0.5102040767669678,3.585607544209779e-07,0.9999998807907104
ISIC_0029783,HAM_0002706,0,5,1,0.006026410032063723,0.46328622102737427,0.27398353815078735,0.09370092302560806,0.14084503054618835,0.01553751714527607,0.006620357744395733,0.47584837675094604,0.5306122303009033,1.1042586265830323e-05,0.9999949932098389
ISIC_0029578,HAM_0002895,0,5,1,0.027516759932041168,0.9167811274528503,0.0044952575117349625,0.0445093996822834,0.001244945335201919,0.004961361177265644,0.0004910562420263886,0.5485637187957764,0.4693877398967743,3.0614642128057312e-06,0.9999935626983643
ISIC_0030011,HAM_0004371,0,5,3,0.00013900415797252208,2.8851427913423322e-08,1.8564491256256588e-05,0.9984644651412964,2.1595775251626037e-05,0.001333079650066793,2.3324962967308238e-05,0.5524299144744873,0.44897958636283875,2.150679392798338e-06,0.9999983310699463
ISIC_0030427,HAM_0004371,0,5,0,0.9079854488372803,0.005465347785502672,0.000949654437135905,0.060684189200401306,0.0015050757210701704,0.022534839808940887,0.0008754218579269946,0.5418382883071899,0.44897958636283875,2.9215873382781865e-06,0.9999959468841553
ISIC_0027626,HAM_0004371,0,5,5,0.08290792256593704,3.5469870596216424e-08,0.0018864059820771217,0.03337028622627258,0.015003817155957222,0.8659355044364929,0.0008961384301073849,0.6281467080116272,0.36734694242477417,6.93433364062912e-08,0.9999986886978149
ISIC_0024973,HAM_0007227,0,5,2,0.058985695242881775,0.12929986417293549,0.7424973845481873,0.0171347763389349,0.047846823930740356,0.003075475338846445,0.0011598827550187707,0.5319759249687195,0.4897959232330322,3.227366687497124e-05,0.9999656677246094
ISIC_0029891,HAM_0007227,0,5,3,0.0025259482208639383,0.00013411817781161517,0.26382267475128174,0.7244939208030701,0.007985154166817665,0.0006162274512462318,0.00042194800334982574,0.5199500918388367,0.4693877398967743,7.355029811151326e-05,0.9999755620956421
ISIC_0026473,HAM_0003110,0,5,3,0.327106237411499,5.2745748689631e-05,0.002369381720200181,0.5771878361701965,0.08313988149166107,0.0067979260347783566,0.0033459665719419718,0.5636302828788757,0.4285714328289032,2.930192567873746e-05,0.9999567270278931
ISIC_0032114,HAM_0003110,0,5,4,0.11524144560098648,8.027436138036137e-08,0.003812190378084779,0.04863687977194786,0.8314762711524963,0.0004931534640491009,0.000339947291649878,0.5421481132507324,0.44897958636283875,1.7894524717121385e-05,0.9999828338623047
ISIC_0026789,HAM_0003110,0,5,0,0.6003748774528503,1.1481727027473632e-11,0.007292554713785648,0.37435054779052734,0.006231389008462429,0.0047274865210056305,0.007023130543529987,0.5179174542427063,0.4693877398967743,1.6118057146741194e-06,0.9999992847442627
ISIC_0029962,HAM_0007410,0,5,5,0.0018568465020507574,0.2928352355957031,0.009358789771795273,0.14742188155651093,0.0692279115319252,0.4765748679637909,0.0027244866359978914,0.5280144214630127,0.4693877398967743,3.6439560062717646e-05,0.9999465942382812
ISIC_0031457,HAM_0007410,0,5,3,0.007206134498119354,0.00010485707753105089,0.0016957754269242287,0.7484228014945984,0.09661785513162613,0.14461205899715424,0.0013405070640146732,0.556711733341217,0.4285714328289032,5.64600031793816e-06,0.9999929666519165
ISIC_0031372,HAM_0007418,0,5,0,0.9308608770370483,2.926969102645671e-07,0.010014704428613186,0.00011504969734232873,0.03385942056775093,0.023087171837687492,0.002062490675598383,0.5277976393699646,0.4693877398967743,4.293822712497786e-06,0.9999947547912598
ISIC_0026313,HAM_0007418,0,5,0,0.6825291514396667,2.982195292133838e-05,0.023467667400836945,0.0007227782043628395,0.09607373178005219,0.1933247298002243,0.0038520991802215576,0.5428874492645264,0.44897958636283875,2.497013838365092e-06,0.999997615814209
ISIC_0027598,HAM_0002848,0,5,1,6.416662654373795e-05,0.9850098490715027,4.961146623827517e-05,2.5692597773741e-05,0.0003476556739769876,0.014407234266400337,9.569401299813762e-05,0.5255826711654663,0.4693877398967743,5.4830783483339474e-05,0.9999340772628784
ISIC_0025314,HAM_0000757,0,5,5,8.825876420814893e-07,1.8362934436910727e-11,7.967611992398815e-08,9.472161082157982e-07,6.6932657318830024e-06,0.9999876022338867,3.845257651846623e-06,0.5344935059547424,0.4693877398967743,7.904069621034182e-10,1.0
ISIC_0029297,HAM_0002153,0,5,5,9.709061332685565e-11,3.51412779084348e-12,2.4263593800810668e-08,6.490278536830374e-08,2.1959376539371078e-08,0.9999996423721313,1.3784465124899725e-07,0.4970373809337616,0.5102040767669678,1.7354848461104133e-11,1.0
ISIC_0026531,HAM_0000876,0,0,0,0.9384174346923828,0.05889558419585228,3.842279693344608e-05,0.0002201917377533391,0.0016487715765833855,0.0003762234700843692,0.0004033594741486013,0.5088041424751282,0.4897959232330322,3.2735406421124935e-05,0.9999659061431885
ISIC_0032396,HAM_0000876,0,0,1,0.07186602056026459,0.8862144947052002,0.00011958048708038405,0.0006808119360357523,0.03979652002453804,0.0006826111930422485,0.0006400157581083477,0.5135787725448608,0.4693877398967743,4.756765702040866e-05,0.9999285936355591
ISIC_0030443,HAM_0006722,0,0,0,0.9162216186523438,0.08155788481235504,1.98964244191302e-05,0.00010332702368032187,0.0019367954228073359,8.12896978459321e-05,7.912088767625391e-05,0.5669535994529724,0.4285714328289032,1.7606333130970597e-05,0.999962329864502
ISIC_0031499,HAM_0006722,0,0,0,0.8693779706954956,0.09399908035993576,0.0011063546407967806,0.030731726437807083,0.0022776061668992043,0.001881826319731772,0.0006253870669752359,0.5692768096923828,0.4285714328289032,1.591285217728e-05,0.9999703168869019
ISIC_0029081,HAM_0006453,0,0,0,0.9997614026069641,5.706048250431195e-05,6.192273576743901e-05,1.4770673260500189e-05,5.8129407989326864e-06,3.8966270949458703e-05,6.0023983678547665e-05,0.5416933298110962,0.4693877398967743,1.0295648280589376e-05,0.9999775886535645
ISIC_0025744,HAM_0006453,0,0,0,0.9995133876800537,0.0002450535539537668,1.8733073375187814e-05,8.652904944028705e-05,5.58625242774724e-06,6.088671216275543e-05,6.979477620916441e-05,0.54259192943573,0.4285714328289032,1.3216279512562323e-05,0.9999915361404419
ISIC_0030119,HAM_0005557,0,0,0,0.9857865571975708,6.2308005976952074e-12,4.212010753690265e-05,0.0006661935476586223,0.013440492562949657,3.3951171644730493e-05,3.0619281460531056e-05,0.5018188953399658,0.5102040767669678,3.6065063113710494e-07,0.9999991655349731
ISIC_0028215,HAM_0005557,0,0,0,0.5158936977386475,8.769631125484035e-22,0.0006301943794824183,0.04780958965420723,0.4347970187664032,0.0006188259576447308,0.0002506554592400789,0.5388280153274536,0.44897958636283875,8.048291308578037e-13,1.0
ISIC_0032400,HAM_0006803,0,0,0,0.9983048439025879,0.00020816916367039084,7.157210802688496e-06,3.617341280914843e-05,0.0004905381356365979,1.6802398022264242e-05,0.0009363438002765179,0.5066196918487549,0.4693877398967743,1.0687658686947543e-05,0.9999608993530273
ISIC_0024545,HAM_0006803,0,0,0,0.9988968372344971,6.81044483030746e-08,8.88276929345011e-07,3.570637636585161e-05,0.0005355493631213903,1.1893540431628935e-05,0.0005190738011151552,0.5882134437561035,0.4285714328289032,3.7460591784110875e-07,0.999993085861206
ISIC_0026892,HAM_0007560,0,0,1,0.027588868513703346,0.7392200231552124,0.03798550367355347,0.0002942326827906072,0.19400560855865479,0.00045067406608723104,0.000455132540082559,0.5116276741027832,0.4897959232330322,5.53190620848909e-05,0.9999648332595825
ISIC_0024987,HAM_0007560,0,0,1,0.0013997682835906744,0.9966388940811157,0.0001985295384656638,0.00013917808246333152,0.0015022034058347344,3.835238385363482e-05,8.315047307405621e-05,0.5025396347045898,0.4897959232330322,1.3024878171563614e-05,0.9999915361404419
ISIC_0029913,HAM_0007171,0,0,0,0.6112560629844666,0.3805684745311737,0.000683033314999193,0.00018167137750424445,0.0002545375027693808,0.006404841784387827,0.0006514795823022723,0.5467748045921326,0.4693877398967743,5.812426024931483e-06,0.9999836683273315
ISIC_0026909,HAM_0007171,0,0,1,0.00959922093898058,0.9706757664680481,0.0012669272255152464,0.00010294801904819906,0.0013697057729586959,0.015113824978470802,0.0018715510377660394,0.5174686312675476,0.4897959232330322,4.3674022890627384e-05,0.9999673366546631
ISIC_0032308,HAM_0003802,0,0,0,0.999931812286377,7.492102582773441e-08,1.3888516150473151e-06,2.9775846996926703e-06,5.95506135141477e-05,1.4654780216005747e-06,2.607508804430836e-06,0.5837082266807556,0.4285714328289032,4.368617283034837e-06,0.9999933242797852
ISIC_0030798,HAM_0001913,0,0,0,0.999962329864502,9.059920591525383e-10,1.875166958598129e-06,1.719559804769233e-05,1.7776146705728024e-05,2.0839242154124804e-07,6.472220093201031e-07,0.5410513281822205,0.44897958636283875,3.035341364920896e-07,0.9999988079071045
ISIC_0026596,HAM_0004979,0,0,1,0.15323933959007263,0.8264713287353516,0.0003362331772223115,0.010118255391716957,0.009324749000370502,0.00023778107424732298,0.0002723993093241006,0.5404466390609741,0.4897959232330322,4.593933044816367e-05,0.9999070167541504
ISIC_0028056,HAM_0004979,0,0,1,0.41546037793159485,0.5721949338912964,0.00042352417949587107,0.009313881397247314,0.0017037459183484316,0.00040921030449680984,0.0004943843232467771,0.5611812472343445,0.44897958636283875,9.789194882614538e-05,0.9998095631599426
ISIC_0032244,HAM_0000152,0,0,0,0.9986360669136047,0.0010318655986338854,1.6363468603231013e-05,7.520367034885567e-06,0.0002952234062831849,7.619740699738031e-06,5.262820650386857e-06,0.49935242533683777,0.5102040767669678,6.313442281680182e-05,0.9999594688415527
ISIC_0029651,HAM_0004643,0,0,1,0.010387960821390152,0.9852016568183899,0.00012819537369068712,0.0018524272600188851,0.0020985647570341825,0.00015073877875693142,0.00018041413568425924,0.5883557796478271,0.3877550959587097,0.0001760392333380878,0.9992234706878662
ISIC_0032044,HAM_0004643,0,0,1,0.001518828677944839,0.988817572593689,0.00019238190725445747,0.004266045056283474,0.004907897673547268,0.00018968345830217004,0.00010763535829028115,0.6097498536109924,0.3877550959587097,6.124826177256182e-05,0.9998524188995361
ISIC_0027253,HAM_0005697,0,0,0,0.998247504234314,0.00041713329846970737,6.466357262979727e-06,0.0005861567333340645,0.0007160613313317299,1.96285927813733e-05,7.059403287712485e-06,0.5091933608055115,0.4897959232330322,9.564007086737547e-06,0.9999945163726807
ISIC_0032046,HAM_0005697,0,0,4,0.18185846507549286,0.007587295025587082,0.0015664937673136592,0.0009396112291142344,0.8067096471786499,0.0008708650129847229,0.0004675981472246349,0.5215179324150085,0.4897959232330322,2.355113610974513e-05,0.9999812841415405
ISIC_0024624,HAM_0000210,0,0,4,0.2726689875125885,0.0005230512470006943,0.024091901257634163,0.0038014978636056185,0.6887553930282593,0.009316046722233295,0.0008431161404587328,0.5163658857345581,0.4897959232330322,2.6276728021912277e-05,0.9999740123748779
ISIC_0031941,HAM_0007538,0,0,0,0.5766787528991699,0.3540574610233307,0.005925413221120834,0.013897129334509373,0.04386986792087555,0.004671148955821991,0.0009001746075227857,0.5374270081520081,0.44897958636283875,3.9754768295097165e-06,0.9999885559082031
ISIC_0024315,HAM_0007538,0,0,0,0.7205591201782227,0.27918896079063416,4.8603371396893635e-05,5.853624315932393e-05,2.249686440336518e-05,7.137355714803562e-05,5.084015356260352e-05,0.5059259533882141,0.4897959232330322,6.620140629820526e-05,0.9999686479568481
ISIC_0025219,HAM_0005588,0,0,0,0.9957841038703918,0.004110897425562143,6.666515673714457e-06,4.569369411910884e-05,3.994292910647346e-06,2.7685779059538618e-05,2.0857962226727977e-05,0.5362128615379333,0.4693877398967743,7.285234005394159e-06,0.9999752044677734
ISIC_0026458,HAM_0005588,0,0,0,0.9995793700218201,0.00010184031270910054,3.0781560781178996e-05,0.00018342869589105248,2.0376755855977535e-06,5.315503949532285e-05,4.947186243953183e-05,0.540248692035675,0.44897958636283875,3.0657852221338544e-06,0.9999853372573853
ISIC_0027487,HAM_0004483,0,0,0,0.8845146894454956,0.005096276756376028,0.05294978991150856,0.0009578446042723954,8.649184746900573e-05,0.050330039113759995,0.00606495188549161,0.5600903034210205,0.4285714328289032,8.75999376148684e-06,0.9999841451644897
ISIC_0030089,HAM_0007620,0,0,2,0.023199403658509254,0.0029493102338165045,0.8121618032455444,0.003377414308488369,0.08766669780015945,0.003570667002350092,0.06707467138767242,0.5058445334434509,0.4897959232330322,6.179687375151843e-07,0.9999911785125732
ISIC_0027616,HAM_0007620,0,0,1,0.012345420196652412,0.9720700979232788,0.0014884908450767398,0.00021816036314703524,0.013387286104261875,5.603997124126181e-05,0.00043439739965833724,0.5672786831855774,0.4285714328289032,0.000382597470888868,0.9996354579925537
ISIC_0027261,HAM_0005084,0,0,0,0.784379243850708,0.060802996158599854,0.04185673967003822,0.011638826690614223,0.0744863748550415,0.0187792107462883,0.008056561462581158,0.5227593779563904,0.4693877398967743,3.454394027357921e-05,0.9999737739562988
ISIC_0028505,HAM_0005084,0,0,4,0.2285996824502945,8.872036438845043e-09,0.0018521543825045228,0.0002906960144173354,0.7685699462890625,0.00045334186870604753,0.00023425898689310998,0.48555856943130493,0.5306122303009033,2.434991756672389e-06,0.9999997615814209
ISIC_0024675,HAM_0001600,0,0,1,0.004105474799871445,0.9957261085510254,1.9094050003332086e-05,6.15157259744592e-05,3.8155936636030674e-05,1.9407911167945713e-05,3.024376383109484e-05,0.5319236516952515,0.4693877398967743,2.66243423538981e-05,0.9999809265136719
ISIC_0025891,HAM_0001600,0,0,1,0.02422967366874218,0.9715903401374817,0.00016945949755609035,0.000557440856937319,0.002439051168039441,0.00044724001782014966,0.0005668302765116096,0.5390281677246094,0.4897959232330322,4.8910882469499484e-05,0.9999814033508301
ISIC_0027693,HAM_0004980,0,0,1,0.0008100153063423932,0.9991471767425537,1.8743989130598493e-05,3.7241782138153212e-06,1.7624787460590596e-06,9.662510819907766e-06,8.9206423581345e-06,0.5340531468391418,0.4897959232330322,1.1656983588181902e-05,0.9999909400939941
ISIC_0029017,HAM_0004980,0,0,1,0.0015509937657043338,0.9981898665428162,7.069664570735767e-05,4.602380795404315e-05,1.8910859580500983e-05,5.714535291190259e-05,6.639669300056994e-05,0.5039688944816589,0.4897959232330322,1.0777644092740957e-06,0.9999970197677612
ISIC_0025927,HAM_0002557,0,0,0,0.6556372046470642,3.6183966933833744e-09,0.012699284590780735,0.019311316311359406,0.0007426515803672373,0.307984858751297,0.003624726552516222,0.5298876166343689,0.4693877398967743,6.287305495789042e-06,0.9999886751174927
ISIC_0031189,HAM_0006214,0,0,1,0.20628979802131653,0.7887061834335327,0.0019838009029626846,0.000733457098249346,0.0017481972463428974,8.894305938156322e-05,0.00044961515231989324,0.561015784740448,0.44897958636283875,0.0004007375391665846,0.9999120235443115
ISIC_0032190,HAM_0006214,0,0,0,0.9845353960990906,0.005782548803836107,0.00038143974961712956,0.0044330633245408535,0.00419552531093359,0.0004787856887560338,0.00019334701937623322,0.5150224566459656,0.5102040767669678,6.146574742160738e-05,0.9999426603317261
ISIC_0031890,HAM_0007420,0,0,4,0.10832256078720093,0.0033940672874450684,0.00044379886821843684,0.004235267173498869,0.8807584643363953,0.002438710071146488,0.0004070725408382714,0.534060001373291,0.4693877398967743,0.00018124743655789644,0.9997947812080383
ISIC_0029242,HAM_0003449,0,0,0,0.4178321063518524,0.002897318685427308,0.03398969769477844,0.19129016995429993,0.15062464773654938,0.10129911452531815,0.10206692665815353,0.5492910146713257,0.44897958636283875,1.1748444194381591e-05,0.9999865293502808
ISIC_0027263,HAM_0003449,0,0,0,0.8166417479515076,3.293697318440536e-06,0.001491338131017983,0.003938418813049793,0.16969238221645355,0.00039226209628395736,0.007840586826205254,0.5462276339530945,0.44897958636283875,8.276156222564168e-06,0.9999452829360962
ISIC_0028878,HAM_0000062,0,0,0,0.4887223243713379,0.07502476125955582,0.00021526453201659024,0.003183379303663969,0.4319036602973938,0.0006545126670971513,0.00029604381415992975,0.5324855446815491,0.4693877398967743,0.00014237793220672756,0.9999233484268188
ISIC_0033312,HAM_0007117,0,0,1,0.0008635572739876807,0.9966664910316467,0.00013944711827207357,0.00032910684240050614,0.0014614511746913195,0.0004176640941295773,0.00012227003753650934,0.543343722820282,0.4693877398967743,1.9381253878236748e-05,0.9999710321426392
ISIC_0027721,HAM_0004364,0,0,0,0.7818816900253296,2.4864343917130327e-09,6.83781991028809e-06,3.559364631655626e-05,0.2180168479681015,2.0628982383641414e-05,3.840678618871607e-05,0.5507753491401672,0.44897958636283875,2.9223813271528343e-06,0.9999942779541016
ISIC_0026697,HAM_0004364,0,0,0,0.9956676959991455,7.318671613033141e-29,3.288237621745793e-06,1.0110336461366387e-06,0.004324465058743954,4.1222456559353304e-08,3.4336298995185643e-06,0.4499723017215729,0.5306122303009033,3.081154886785953e-09,1.0
ISIC_0030552,HAM_0002897,0,0,1,0.0017372739966958761,0.9973762035369873,0.00016707860049791634,0.0004713639500550926,1.7992542780120857e-05,0.00017209725046996027,5.805671389680356e-05,0.5207169651985168,0.4693877398967743,6.893025783938356e-06,0.9999957084655762
ISIC_0030824,HAM_0000330,0,0,0,0.9664027690887451,0.00023305999638978392,0.0011357484618201852,0.000435140507761389,0.03156980499625206,3.737401857506484e-05,0.0001859477924881503,0.5162326693534851,0.5102040767669678,1.10444725578418e-05,0.9999884366989136
ISIC_0028325,HAM_0001729,0,0,0,0.9999202489852905,7.788086148208251e-12,8.877736377144174e-07,1.8931091005924827e-07,7.784979970892891e-05,1.2308925079196342e-07,6.587679877156916e-07,0.5498507022857666,0.44897958636283875,3.581455132461997e-07,0.9999996423721313
ISIC_0024537,HAM_0001729,0,0,0,0.9999878406524658,2.099272023770027e-06,1.212216488966078e-06,3.3793417060223874e-06,2.6041509499918902e-06,6.283897278080985e-07,2.1965506675769575e-06,0.544232964515686,0.44897958636283875,2.3784130007697968e-06,0.9999971389770508
ISIC_0025489,HAM_0002770,0,0,1,0.03206431865692139,0.9671836495399475,2.0876315829809755e-05,0.0001187076632049866,0.00047780913882888854,4.206704397802241e-05,9.247801062883809e-05,0.5256414413452148,0.4897959232330322,3.804044172284193e-05,0.9999793767929077
ISIC_0025265,HAM_0002770,0,0,0,0.5641359686851501,0.43014639616012573,5.347001933841966e-05,0.005220368038862944,0.00014964694855734706,0.00015968939987942576,0.00013448068057186902,0.5603328347206116,0.44897958636283875,4.199954162231734e-08,0.9999996423721313
ISIC_0027260,HAM_0002391,0,0,1,0.4928576350212097,0.5069959759712219,1.6896390661713667e-05,8.377352787647396e-05,1.0514945643080864e-05,9.126235454459675e-06,2.606846101116389e-05,0.5426139235496521,0.4693877398967743,1.35786949613248e-05,0.999964714050293
ISIC_0027604,HAM_0002391,0,0,0,0.9933919310569763,0.006556427571922541,3.9464139263145626e-06,2.9797094612149522e-05,5.144978786120191e-06,3.963155904784799e-06,8.897630323190242e-06,0.5150802731513977,0.4897959232330322,2.375772237428464e-05,0.9999723434448242
ISIC_0029434,HAM_0002391,0,0,0,0.647331178188324,0.35213688015937805,5.362879528547637e-05,0.00028601218946278095,7.651780470041558e-05,3.858547279378399e-05,7.716656546108425e-05,0.534496009349823,0.4897959232330322,5.932446219958365e-05,0.9999516010284424
ISIC_0024756,HAM_0007272,0,0,1,0.3804834187030792,0.6002928614616394,0.007750691846013069,0.005246060900390148,0.0055455490946769714,0.00016449821123387665,0.0005168655188754201,0.5625330209732056,0.4285714328289032,2.8721817216137424e-05,0.9999890327453613
ISIC_0032888,HAM_0002939,0,0,0,0.8788087964057922,0.11167872697114944,0.00036635942524299026,0.0003603032964747399,0.00830238126218319,6.621978536713868e-05,0.00041720012086443603,0.5111573338508606,0.4897959232330322,5.1567658374551684e-05,0.9999707937240601
ISIC_0033968,HAM_0002939,0,0,0,0.6508338451385498,0.09536460041999817,0.0031734388321638107,0.0022591513115912676,0.2461906522512436,0.00019929837435483932,0.001978999702259898,0.543001115322113,0.44897958636283875,3.313677734695375e-05,0.9999735355377197
ISIC_0033333,HAM_0006445,0,0,1,0.003193671116605401,0.9960089921951294,0.00026315118884667754,6.923882756382227e-05,5.189117291592993e-05,9.871963266050443e-05,0.0003144267247989774,0.5306310653686523,0.4693877398967743,9.056406270246953e-05,0.9999032020568848
ISIC_0033717,HAM_0006445,0,0,1,0.0005338570917956531,0.9142774343490601,0.0012991094263270497,0.00027272067382000387,0.08278077840805054,0.00036009500036016107,0.00047603718121536076,0.5193424224853516,0.4693877398967743,0.00016725994646549225,0.9999164342880249
ISIC_0034120,HAM_0006445,0,0,1,3.925365308532491e-05,0.9994058609008789,0.0001742012391332537,1.727752896840684e-05,0.00021940207807347178,7.329632353503257e-05,7.070633000694215e-05,0.5504063963890076,0.4693877398967743,0.00029319949680939317,0.9997157454490662
ISIC_0032604,HAM_0003083,0,0,0,0.9657739400863647,4.0277299717672577e-07,4.068743237439776e-06,0.00014465705316979438,0.03406553715467453,1.9142610199196497e-06,9.347705599793699e-06,0.5622538328170776,0.40816324949264526,1.4588043768526404e-06,0.9999948740005493
ISIC_0033428,HAM_0003083,0,0,0,0.8429235816001892,1.058226617445257e-09,3.849860604532296e-06,0.0001636109664104879,0.15690253674983978,4.6098029997665435e-06,1.814251163523295e-06,0.5514617562294006,0.4285714328289032,6.294603736023419e-07,0.9999958276748657
ISIC_0033975,HAM_0003983,0,0,2,0.031021077185869217,4.344548472090537e-07,0.520095944404602,0.0004295608086977154,0.006209907121956348,0.4331882894039154,0.009054752998054028,0.5335177183151245,0.44897958636283875,2.204416659878916e-06,0.9999980926513672
ISIC_0033278,HAM_0003983,0,0,0,0.37205302715301514,0.01578567363321781,0.015688633546233177,0.00961256306618452,0.3030960261821747,0.2805330157279968,0.003231117967516184,0.5515338182449341,0.44897958636283875,3.308846498839557e-05,0.9999560117721558
ISIC_0033679,HAM_0003983,0,0,0,0.5021317601203918,0.0026130068581551313,0.3485170900821686,0.0006546019576489925,0.040193233639001846,0.10046917200088501,0.005421124864369631,0.5428897738456726,0.44897958636283875,9.14263819140615e-06,0.9999922513961792
ISIC_0033152,HAM_0001135,0,0,1,0.0004011362325400114,0.9979950189590454,2.7923162633669563e-05,2.3250848244060762e-05,0.001495380769483745,1.1102894859504886e-05,4.627207817975432e-05,0.5283429622650146,0.4897959232330322,0.00030613096896559,0.9997074007987976
ISIC_0032017,HAM_0007368,0,0,0,0.998234748840332,8.846057426126208e-06,0.00011835938494186848,0.00035434970050118864,0.0011715720174834132,4.012530916952528e-05,7.204641588032246e-05,0.45743387937545776,0.5714285373687744,2.2048112441552803e-05,0.9999821186065674
ISIC_0029363,HAM_0005400,0,0,1,0.009742378257215023,0.978921115398407,0.0012379065155982971,0.00881910789757967,0.0006059954757802188,0.00023863092064857483,0.00043485782225616276,0.5334003567695618,0.4693877398967743,1.80926490429556e-05,0.9999887943267822
ISIC_0033068,HAM_0002671,0,0,0,0.9953912496566772,0.00035922048846259713,2.514590960345231e-05,0.0015324264531955123,0.00252971681766212,0.00012335216160863638,3.8926729757804424e-05,0.5587666630744934,0.44897958636283875,1.417614384990884e-06,0.9999876022338867
ISIC_0034218,HAM_0002671,0,0,0,0.9960567951202393,6.073157692298992e-06,1.2044431969115976e-05,0.00344939436763525,9.709048754302785e-05,0.0002607005590107292,0.00011789791460614651,0.5715366005897522,0.4285714328289032,1.5236770423143753e-06,0.9999982118606567
ISIC_0034263,HAM_0002671,0,0,0,0.5589750409126282,0.002435422269627452,0.00016058726760093123,0.4373430013656616,5.635562774841674e-05,0.0006248547579161823,0.00040474216802977026,0.5668838620185852,0.4285714328289032,6.474616839113878e-06,0.9999878406524658
ISIC_0034262,HAM_0000097,0,0,4,0.05129386484622955,0.020244155079126358,5.1582315791165456e-05,0.018598446622490883,0.9091758131980896,0.00035845814272761345,0.00027773433248512447,0.5343623757362366,0.4693877398967743,3.3819400414358824e-05,0.9999502897262573
ISIC_0033103,HAM_0000097,0,0,4,0.15817630290985107,0.002360038924962282,0.00024246070825029165,0.24884139001369476,0.5894820094108582,0.0004141280660405755,0.0004836524894926697,0.5584110021591187,0.4285714328289032,1.4493938579107635e-05,0.999982476234436
ISIC_0034106,HAM_0000097,0,0,1,0.1280798763036728,0.7309112548828125,0.00012537224392872304,0.016473840922117233,0.12327396124601364,0.0007032933062873781,0.0004323599860072136,0.5707006454467773,0.4285714328289032,0.0001248525077244267,0.999816358089447
ISIC_0033725,HAM_0001928,0,0,1,0.02872587740421295,0.9708888530731201,0.00021437845134641975,3.0095035981503315e-05,7.85032898420468e-05,1.0968396964017302e-05,5.131284342496656e-05,0.5720307230949402,0.44897958636283875,0.00024258921621367335,0.9997902512550354
ISIC_0032537,HAM_0001928,0,0,1,0.03860107809305191,0.9609060287475586,0.0001114531114581041,3.5579843824962154e-05,0.0002861680113710463,6.920706709934166e-06,5.278089884086512e-05,0.5512648224830627,0.44897958636283875,0.00017508539895061404,0.9998612403869629
ISIC_0033287,HAM_0001928,0,0,0,0.5335865616798401,0.4652005732059479,0.00032880957587622106,0.00018571055261418223,0.0005152864032424986,3.0333621907630004e-05,0.00015279966464731842,0.5510109066963196,0.4693877398967743,3.973214188590646e-05,0.9999589920043945
ISIC_0029632,HAM_0005535,0,0,0,0.9947085380554199,0.00493424478918314,9.387379577674437e-06,6.882558227516711e-05,0.0002390723384451121,1.0526538972044364e-05,2.9411436116788536e-05,0.48409730195999146,0.5102040767669678,3.950172322220169e-05,0.99997878074646
ISIC_0029209,HAM_0000319,0,0,1,0.001011524349451065,0.9981512427330017,0.0003033800458069891,0.0001597557420609519,0.00032223909511230886,3.63205217581708e-05,1.543919279356487e-05,0.5317315459251404,0.4693877398967743,6.783827120671049e-05,0.9999812841415405
ISIC_0032726,HAM_0007180,0,0,4,0.0001740827865432948,2.1325934795868307e-08,4.500115664995974e-06,4.7904191887937486e-05,0.9997497200965881,1.4374353668245021e-05,9.382329153595492e-06,0.5002171993255615,0.5102040767669678,1.4168578672979493e-05,0.999995231628418
ISIC_0033272,HAM_0007180,0,0,4,0.13388891518115997,8.425777923548594e-05,5.8551137044560164e-05,0.0019102107034996152,0.863576352596283,0.0003322006086818874,0.00014949275646358728,0.5503064393997192,0.44897958636283875,5.3009320254204795e-05,0.9999270439147949
ISIC_0033317,HAM_0000662,0,0,1,0.010869989171624184,0.9466278553009033,0.00011826630361611024,6.88023937982507e-05,0.042216405272483826,9.835389391810168e-06,8.886301657184958e-05,0.5440353751182556,0.4897959232330322,1.4966016351536382e-05,0.9999858140945435
ISIC_0034269,HAM_0000662,0,0,1,0.006974028889089823,0.99216228723526,1.2825232261093333e-05,6.949937233002856e-05,0.0007517810445278883,4.054215878568357e-06,2.551433863118291e-05,0.5657510757446289,0.44897958636283875,0.00014421873493120074,0.9999421834945679
ISIC_0033956,HAM_0000662,0,0,1,0.03980165719985962,0.9329020977020264,0.0002478004607837647,0.0008074714569374919,0.025583332404494286,0.0002866716531571001,0.00037092974525876343,0.5437625646591187,0.4693877398967743,0.00022280200209934264,0.9996880292892456
ISIC_0033241,HAM_0006545,0,0,1,0.004658127203583717,0.9950292706489563,2.6415076717967167e-05,1.516569136583712e-05,0.00014064126298762858,0.00010018668399425223,3.0212571800802834e-05,0.5065721869468689,0.4897959232330322,7.139402441680431e-05,0.9999735355377197
ISIC_0032598,HAM_0006545,0,0,1,0.0005260765901766717,0.9993215799331665,1.616737608856056e-05,2.8273443604120985e-05,4.500353315961547e-05,4.226642340654507e-05,2.069827496598009e-05,0.5394665598869324,0.4897959232330322,8.12146972748451e-05,0.9998993873596191
ISIC_0034289,HAM_0006545,0,0,1,0.04441513493657112,0.9550403952598572,6.368818139890209e-05,0.0001263872254639864,0.0001697004190646112,7.128542347345501e-05,0.00011337890464346856,0.5283641219139099,0.4897959232330322,0.00016193676856346428,0.9999587535858154
ISIC_0033687,HAM_0007117,0,0,0,0.9348907470703125,0.04076359048485756,0.00011944804282393306,0.007598324678838253,0.013986443169414997,0.0021166405640542507,0.000524850154761225,0.5240756869316101,0.4693877398967743,1.0356772691011429e-05,0.999985933303833
ISIC_0034085,HAM_0007117,0,0,1,0.004405887331813574,0.9953261613845825,4.790556340594776e-05,7.939011265989393e-05,6.029138239682652e-05,5.788783892057836e-05,2.247150223411154e-05,0.530813992023468,0.4897959232330322,4.8400263040093705e-05,0.9999692440032959
ISIC_0032603,HAM_0000064,0,0,1,3.4991116990568116e-05,0.9999405145645142,8.279742360173259e-06,3.5755631415668176e-06,8.278456334664952e-06,1.7750999177224003e-06,2.5855279091047123e-06,0.5220052599906921,0.4693877398967743,6.940314051462337e-05,0.9999722242355347
ISIC_0033871,HAM_0000064,0,0,1,7.741547597106546e-05,0.9999140501022339,1.5151431398408022e-06,3.3779551813495345e-06,3.4172893492723233e-07,1.1575964435905917e-06,2.1494186057680054e-06,0.5345984101295471,0.4897959232330322,4.525587064563297e-05,0.9999821186065674
ISIC_0032955,HAM_0000064,0,0,1,0.0001172253760159947,0.9997448325157166,1.1436093700467609e-05,6.336258229566738e-05,2.1199490220169537e-05,2.5464147256570868e-05,1.633987994864583e-05,0.5081318020820618,0.5102040767669678,8.5768464487046e-05,0.9999656677246094
ISIC_0032812,HAM_0005748,0,0,1,0.0054547106847167015,0.9935827851295471,0.0003958783345296979,0.00022660131799057126,8.425159467151389e-05,0.00016600023081991822,8.967774920165539e-05,0.5357937812805176,0.4693877398967743,9.584688086761162e-06,0.9999861717224121
ISIC_0033619,HAM_0005748,0,0,1,0.0008428533910773695,0.9939588308334351,0.002018603729084134,0.0021448226179927588,0.0004200760740786791,0.000326163339195773,0.00028865758213214576,0.5034317374229431,0.4897959232330322,1.2758702723658644e-05,0.9999860525131226
ISIC_0034065,HAM_0005748,0,0,1,0.0005117857945151627,0.9969608187675476,0.0011459824163466692,0.00036937344702892005,4.9940797907765955e-05,0.0007273741066455841,0.00023467680148314685,0.5407996773719788,0.4693877398967743,9.212709301209543e-06,0.9999802112579346
ISIC_0033209,HAM_0001465,0,0,0,0.7245890498161316,0.25707611441612244,0.0009049596264958382,0.003744477406144142,0.012480948120355606,0.0007597173098474741,0.0004447132523637265,0.5294132232666016,0.4693877398967743,3.410122008062899e-05,0.9999686479568481
ISIC_0034074,HAM_0001465,0,0,4,0.40102851390838623,0.17437423765659332,0.0015137048903852701,0.00115417770575732,0.42087802290916443,0.0009313564514741302,0.00011999443813692778,0.5073924660682678,0.4693877398967743,1.8401255147182383e-05,0.9999536275863647
ISIC_0032699,HAM_0001465,0,0,0,0.9130054116249084,0.026420481503009796,0.0005359956412576139,0.0029592677019536495,0.05671626329421997,0.00014278966409619898,0.00021981414465699345,0.4975447356700897,0.5102040767669678,5.186971065995749e-06,0.9999756813049316
ISIC_0028460,HAM_0002099,0,0,0,0.9643428325653076,0.0066835153847932816,0.027058497071266174,0.001609374419786036,1.585694553796202e-05,6.0221864259801805e-05,0.00022972164151724428,0.5140490531921387,0.5102040767669678,3.87598947781953e-06,0.9999980926513672
ISIC_0033470,HAM_0003421,0,0,0,0.9987725615501404,3.6939396522939205e-05,5.5727136896166485e-06,7.561949314549565e-05,0.0010494327871128917,2.996383045683615e-05,2.9850314604118466e-05,0.579690158367157,0.4285714328289032,6.378877515089698e-06,0.9999943971633911
ISIC_0034094,HAM_0003421,0,0,1,0.019357990473508835,0.9774819016456604,0.00010616395593388006,0.0006222488591447473,0.0016140382504090667,0.0006715581985190511,0.00014615528925787657,0.5451101660728455,0.4693877398967743,5.8488603826845065e-05,0.9998311996459961
ISIC_0033560,HAM_0003421,0,0,0,0.9998794794082642,1.3089739923088928e-06,1.517846470733275e-07,1.6685703485563863e-06,0.00011280941544100642,1.7296955547863035e-06,2.9524192086682888e-06,0.5439916849136353,0.4693877398967743,3.422168447286822e-06,0.9999946355819702
ISIC_0034061,HAM_0000553,0,0,0,0.40651237964630127,0.3505254089832306,0.0005934220389463007,0.002542438916862011,0.23799848556518555,0.0008677024161443114,0.0009601952042430639,0.5195494294166565,0.4897959232330322,0.00011902028927579522,0.9999233484268188
ISIC_0032716,HAM_0000553,0,0,0,0.8487018942832947,0.15055377781391144,1.5382631318061613e-05,0.00046131593990139663,0.00010630567703628913,8.46323964651674e-05,7.664384611416608e-05,0.5145673155784607,0.5102040767669678,1.0316494808648713e-05,0.9999955892562866
ISIC_0034159,HAM_0000553,0,0,1,0.0025597880594432354,0.9973873496055603,8.959995284385514e-06,1.726153823256027e-05,3.5983700854558265e-06,1.5927618733257987e-05,7.196626938821282e-06,0.5389465689659119,0.4693877398967743,0.00020571336790453643,0.9999210834503174
ISIC_0033872,HAM_0006101,0,0,0,0.9989057779312134,5.004347985959612e-05,0.0003381801361683756,0.00023414153838530183,0.0003455925325397402,0.00010517876216908917,2.103270344377961e-05,0.5504826307296753,0.44897958636283875,2.8675813155132346e-05,0.9999442100524902
ISIC_0032617,HAM_0006101,0,0,0,0.9998325109481812,1.543112375657074e-05,3.280665259808302e-05,9.518102160654962e-05,8.66778520958178e-07,1.7106731320382096e-05,6.10735787631711e-06,0.5396963357925415,0.4693877398967743,4.8532783694099635e-06,0.9999980926513672
ISIC_0034048,HAM_0000042,0,0,1,0.3445867896080017,0.6525020599365234,0.00040181734948419034,0.0004247389442753047,0.0003927621874026954,0.001306007383391261,0.0003858471172861755,0.5422435402870178,0.4693877398967743,3.24534494211548e-06,0.9999823570251465
ISIC_0033905,HAM_0000042,0,0,0,0.8062518835067749,0.19043473899364471,4.218174944981001e-05,0.002450093859806657,7.589732558699325e-05,0.0005185334593988955,0.00022661434195470065,0.5157972574234009,0.4897959232330322,1.333147520199418e-05,0.9999643564224243
ISIC_0033981,HAM_0000042,0,0,0,0.999988317489624,8.241995033131388e-07,2.911749561462784e-07,4.239992449583951e-06,9.69825350694009e-07,1.8388843727734638e-06,3.5043565276282607e-06,0.5193519592285156,0.4897959232330322,1.4874062799208332e-06,0.9999979734420776
ISIC_0033269,HAM_0006189,0,0,0,0.9926846027374268,0.00622362457215786,2.1905998437432572e-05,0.0001445379457436502,0.000779398949816823,9.280931408284232e-05,5.317396062309854e-05,0.5306222438812256,0.5102040767669678,2.6859985155169852e-05,0.9999725818634033
ISIC_0032081,HAM_0005078,0,0,0,0.9979211688041687,0.0001722343295114115,4.2373674659756944e-05,0.0002749009581748396,0.0011687843361869454,0.00037514622090384364,4.537122731562704e-05,0.5468848943710327,0.44897958636283875,2.0508157831500284e-05,0.9999762773513794
ISIC_0033901,HAM_0002342,0,0,0,0.9490432143211365,0.03369960933923721,5.503472493728623e-05,0.00023850181605666876,0.01687847636640072,3.871493390761316e-05,4.6491564717143774e-05,0.5764170289039612,0.4285714328289032,5.501616215042304e-06,0.9999943971633911
ISIC_0032917,HAM_0002342,0,0,0,0.9998413324356079,2.016246617131401e-05,1.3923940969107207e-06,8.058600542426575e-06,0.00011822348460555077,6.1855712374381255e-06,4.591525339492364e-06,0.562257707118988,0.4285714328289032,1.0579275112831965e-05,0.9999904632568359
ISIC_0032925,HAM_0002342,0,0,0,0.9999618530273438,7.786761813122212e-08,4.921413960801146e-07,1.3075416973151732e-05,2.1150412067072466e-05,1.7115480659413151e-06,1.6898922012842377e-06,0.5379689335823059,0.4693877398967743,1.4506813386105932e-06,0.9999953508377075
ISIC_0031709,HAM_0000282,0,0,1,0.2550594210624695,0.694002628326416,0.00013114081230014563,0.05042203515768051,5.682907794835046e-05,0.0002496814413461834,7.826221553841606e-05,0.5566020011901855,0.4285714328289032,8.654545126773883e-06,0.9999756813049316
ISIC_0032684,HAM_0003566,0,0,0,0.9999781847000122,3.573590902306023e-06,9.392499578098068e-07,3.5974633760815777e-07,1.0886813470278867e-05,2.0564849023685383e-07,5.858394615643192e-06,0.5474841594696045,0.4693877398967743,9.446873718843563e-07,0.9999951124191284
ISIC_0034052,HAM_0003566,0,0,0,0.9989396929740906,0.0009743968839757144,2.5215078494511545e-05,6.9042939685459714e-06,8.75744444783777e-06,4.471623924473533e-06,4.051120049552992e-05,0.6120373606681824,0.3877550959587097,2.0403708731464576e-06,0.9999743700027466
ISIC_0033171,HAM_0003566,0,0,0,0.9282286167144775,0.07050646841526031,3.8277084968285635e-05,0.00017783504154067487,0.00038801890332251787,5.304110891302116e-05,0.000607665628194809,0.566565990447998,0.4693877398967743,3.958803517889464e-06,0.9999780654907227
ISIC_0033426,HAM_0001143,0,0,0,0.9999980926513672,3.1999245475589078e-09,2.789219593068992e-07,3.194198541223159e-07,3.532588266352832e-07,2.8077252522962226e-07,7.049249006740865e-07,0.5402076244354248,0.4693877398967743,1.133170553657692e-05,0.9999924898147583
ISIC_0033546,HAM_0000055,0,0,0,0.5862045288085938,0.413070946931839,3.087572622462176e-05,0.0002567688643466681,1.5919249563012272e-05,0.00020593036606442183,0.00021502599702216685,0.5317347049713135,0.4693877398967743,2.8911408662679605e-05,0.9999693632125854
ISIC_0033081,HAM_0007583,0,0,1,0.0004140606615692377,0.9976183772087097,3.105500582023524e-05,0.0005218065925873816,0.0012807974126189947,7.434790313709527e-05,5.9505098761292174e-05,0.5341459512710571,0.44897958636283875,0.0002028902090387419,0.9998468160629272
ISIC_0033141,HAM_0005274,0,0,1,0.07997142523527145,0.9195614457130432,7.140014349715784e-05,0.0001762780884746462,1.5455596440006047e-05,7.461720088031143e-05,0.00012935248378198594,0.5165875554084778,0.4897959232330322,5.6355693232035264e-06,0.9999914169311523
ISIC_0033261,HAM_0005274,0,0,1,0.0927988737821579,0.9055563807487488,0.00018861322314478457,0.0006464107427746058,0.0001730076182866469,0.00034823670284822583,0.00028842841857112944,0.533212423324585,0.4693877398967743,9.389302135787148e-07,0.9999978542327881
ISIC_0032766,HAM_0005274,0,0,1,0.06905104219913483,0.926578938961029,0.00037076848093420267,0.0009696604683995247,0.0017139117699116468,0.00047354697016999125,0.000842086155898869,0.5545656681060791,0.44897958636283875,4.358313617558451e-06,0.9999822378158569
ISIC_0030031,HAM_0007102,0,0,0,0.999424934387207,9.957524162018672e-05,7.08669176674448e-05,1.674273153184913e-05,0.00032828745315782726,3.423720272621722e-06,5.623367542284541e-05,0.4898839592933655,0.5102040767669678,3.3519347198307514e-05,0.9999939203262329
ISIC_0028655,HAM_0007102,0,0,0,0.9886345863342285,5.138700576168276e-09,2.5157494746963494e-05,0.009674529545009136,0.001646100077778101,4.4709786379826255e-06,1.5182962670223787e-05,0.521373450756073,0.4897959232330322,9.179664630210027e-06,0.9999953508377075
ISIC_0032462,HAM_0001274,0,0,0,0.9572276473045349,0.039246972650289536,3.063260737690143e-05,0.0029690824449062347,0.0003941048926208168,3.168291368638165e-05,9.975808643503115e-05,0.5866485238075256,0.40816324949264526,2.785521610348951e-05,0.9999685287475586
ISIC_0031479,HAM_0000274,0,0,0,0.9999630451202393,1.8879028118590213e-08,2.611260924823e-06,1.1063666534028016e-05,9.302833859692328e-06,5.212020369071979e-06,8.701264050614554e-06,0.5626317262649536,0.4285714328289032,6.236896297195926e-06,0.9999762773513794
ISIC_0034205,HAM_0007583,0,0,0,0.5037139654159546,0.4496515691280365,0.0004354824486654252,0.0015184595249593258,0.04361589252948761,0.0005015722126699984,0.0005630340310744941,0.5451149344444275,0.4693877398967743,2.0065601347596385e-05,0.9999760389328003
ISIC_0033612,HAM_0007583,0,0,1,0.06371959298849106,0.8995109796524048,0.00011490774340927601,0.035029347985982895,0.001172252232208848,0.00015069430810399354,0.0003022987220901996,0.5678340196609497,0.4285714328289032,0.00014251960965339094,0.999833345413208
ISIC_0034049,HAM_0007589,0,0,0,0.9124329090118408,0.08552028983831406,0.00019465771038085222,7.633679342688993e-05,0.0015346494037657976,6.34342577541247e-05,0.00017775516607798636,0.5423755049705505,0.4693877398967743,6.16113466094248e-05,0.9999721050262451
ISIC_0033300,HAM_0003700,0,0,1,8.96270194061799e-06,0.9997439980506897,2.9165669275244e-06,6.311523520707851e-06,0.0002203313197242096,8.90583669388434e-06,8.49975913297385e-06,0.5001199841499329,0.4897959232330322,0.00016842680633999407,0.9999339580535889
ISIC_0033616,HAM_0003700,0,0,1,0.08308671414852142,0.8839770555496216,0.00036707118852064013,0.0007821707986295223,0.030838411301374435,0.0002717012248467654,0.000676891126204282,0.5364311337471008,0.4693877398967743,0.0004448296094778925,0.9993026256561279
ISIC_0029606,HAM_0003700,0,0,1,0.10440348833799362,0.894635796546936,0.00011722700583050027,0.0001541722594993189,7.253164949361235e-05,7.254010415636003e-05,0.0005441955290734768,0.5338354110717773,0.4693877398967743,0.00011865742999361828,0.9998075366020203
ISIC_0033099,HAM_0003700,0,0,1,0.023401372134685516,0.9016633629798889,0.0001797302538761869,0.0007186475559137762,0.07309924066066742,0.0004921808140352368,0.0004454930021893233,0.5360639691352844,0.4897959232330322,0.00036074008676223457,0.9994539618492126
ISIC_0032723,HAM_0005992,0,0,1,0.2338293045759201,0.7657804489135742,8.762879588175565e-06,5.1875264034606516e-05,0.00021102174650877714,1.8996632206835784e-05,9.959409362636507e-05,0.5490999817848206,0.44897958636283875,1.3041384590906091e-05,0.9999785423278809
ISIC_0032751,HAM_0005992,0,0,1,0.01682162843644619,0.9825735688209534,0.0001844422658905387,4.668757537729107e-05,9.755659266375005e-05,0.00010029510303866118,0.00017575065430719405,0.5330386161804199,0.4897959232330322,2.477086309227161e-05,0.999969482421875
ISIC_0032597,HAM_0005992,0,0,0,0.9927218556404114,0.005332310218364,2.3651253286516294e-05,8.295141014968976e-05,0.001725302543491125,6.43413804937154e-05,4.956217890139669e-05,0.5626879334449768,0.4285714328289032,2.0027444406878203e-05,0.9999575614929199
ISIC_0033670,HAM_0003225,0,0,0,0.9756259918212891,0.01592174544930458,7.139179069781676e-05,0.00021451748034451157,0.00786601286381483,0.00019444817735347897,0.00010597371147014201,0.5049108862876892,0.4897959232330322,0.00010218968236586079,0.9999489784240723
ISIC_0029740,HAM_0003225,0,0,0,0.9290302395820618,0.05826142802834511,2.8115575332776643e-05,0.00019564229296520352,0.012295243330299854,7.953740714583546e-05,0.00010974171891575679,0.5291063785552979,0.4897959232330322,4.3857493437826633e-05,0.9999629259109497
ISIC_0033593,HAM_0003225,0,0,0,0.9941391944885254,0.0020289248786866665,3.5994805784866912e-06,1.2976574907952454e-05,0.003796260803937912,7.77223158365814e-06,1.138020434154896e-05,0.5621584057807922,0.4285714328289032,1.6293037333525717e-05,0.9999551773071289
ISIC_0033559,HAM_0006426,0,0,0,0.9999978542327881,4.570805742787343e-07,3.1205804162937056e-08,2.078317891118786e-07,1.0094337312693824e-06,1.7523838380384404e-07,3.163180224419193e-07,0.5251498222351074,0.4693877398967743,7.761754204693716e-06,0.9999957084655762
ISIC_0032922,HAM_0006426,0,0,0,0.9999791383743286,2.158641487781665e-09,1.2595100429280137e-07,4.7738029707034e-07,1.9859826352330856e-05,1.245905281166415e-07,1.7874550906071818e-07,0.5142982006072998,0.4897959232330322,1.5453897503903136e-05,0.9999938011169434
ISIC_0033487,HAM_0005673,0,0,1,0.08666177093982697,0.7863964438438416,0.1147947683930397,0.005935909692198038,0.001477960031479597,0.0012599242618307471,0.003473231103271246,0.5538954138755798,0.44897958636283875,0.0002510783087927848,0.9998167157173157
ISIC_0033995,HAM_0005673,0,0,2,0.003531087189912796,0.0018843879224732518,0.88548344373703,0.05643758922815323,0.04571777209639549,0.003567358246073127,0.0033784008119255304,0.534736692905426,0.44897958636283875,9.771979239303619e-05,0.9999650716781616
ISIC_0027234,HAM_0005681,0,0,0,0.5832905769348145,0.3606668710708618,0.0010208000894635916,0.004140670411288738,0.04760094732046127,0.001404191949404776,0.0018760013626888394,0.5413784980773926,0.44897958636283875,0.00015814582002349198,0.9999392032623291
ISIC_0033807,HAM_0001974,0,0,0,0.40645521879196167,0.03756997361779213,0.042733870446681976,0.14359056949615479,0.28014111518859863,0.08606503158807755,0.0034442234318703413,0.5992568731307983,0.3877550959587097,1.3057849173492286e-05,0.9999325275421143
ISIC_0033533,HAM_0001974,0,0,0,0.9856165647506714,1.6569425497436896e-05,0.0003533681738190353,0.0007084480603225529,0.012259979732334614,0.0009005028987303376,0.0001445476373191923,0.5732590556144714,0.4285714328289032,2.1619756807922386e-05,0.9998925924301147
ISIC_0032987,HAM_0001155,0,0,0,0.9998632669448853,1.4655225817616913e-12,1.037984247886925e-06,3.060472954530269e-05,0.00010352004755986854,2.9865330475331575e-07,1.2465197869460098e-06,0.5140224099159241,0.4897959232330322,8.241477189585567e-06,0.9999948740005493
ISIC_0032870,HAM_0007245,0,0,0,0.9851913452148438,0.0005631708190776408,0.00012299434456508607,0.00025025411741808057,0.013753618113696575,3.9032478525768965e-05,7.963916141306981e-05,0.5803719758987427,0.44897958636283875,4.333656033850275e-05,0.9999344348907471
ISIC_0031208,HAM_0001299,0,0,0,0.6199539303779602,0.3245396316051483,0.00651306938380003,0.00481992494314909,0.0041131433099508286,0.03136097267270088,0.008699344471096992,0.5241137146949768,0.4693877398967743,7.023094440228306e-06,0.9999877214431763
ISIC_0026545,HAM_0001299,0,0,1,0.01387504581362009,0.9835100769996643,0.0012498978758230805,0.00018309785809833556,0.00029786370578221977,0.00019196068751625717,0.0006920255837030709,0.5679475665092468,0.44897958636283875,3.028371611435432e-05,0.999942421913147
ISIC_0027282,HAM_0006017,0,0,1,0.00045427121222019196,0.9982936978340149,0.00084674236131832,4.7805646318010986e-05,0.00015639657794963568,0.00010711679351516068,9.397913527209312e-05,0.5801122188568115,0.44897958636283875,0.00011700912727974355,0.9999480247497559
ISIC_0029092,HAM_0004427,0,0,1,0.1493559181690216,0.8349382877349854,0.00023661917657591403,0.00040650463779456913,0.007474473211914301,0.0004919363418594003,0.00709640933200717,0.5904063582420349,0.40816324949264526,2.3175229216576554e-05,0.9999760389328003
ISIC_0024640,HAM_0005467,0,0,0,0.9922277331352234,3.264760016463697e-05,4.621232073986903e-05,0.0002458371454849839,0.0026131696067750454,0.0006210051942616701,0.004213239066302776,0.5676233768463135,0.44897958636283875,4.21027925767703e-06,0.9999874830245972
ISIC_0024962,HAM_0004779,0,0,1,0.0010338210267946124,0.9578409194946289,0.0003115366562269628,0.0013607705477625132,0.037221185863018036,0.0009936816059052944,0.0012381954584270716,0.5495455861091614,0.44897958636283875,2.2041938336769817e-06,0.9999932050704956
ISIC_0024823,HAM_0004779,0,0,4,0.07231564819812775,0.26688703894615173,0.00481077004224062,0.05188041552901268,0.5578582286834717,0.021651336923241615,0.024596553295850754,0.5524358749389648,0.44897958636283875,1.2636280189326499e-05,0.9999918937683105
ISIC_0027669,HAM_0002711,0,0,1,0.0555114783346653,0.8218279480934143,0.0014864663826301694,0.011346064507961273,0.0975237637758255,0.006653771735727787,0.005650543607771397,0.5144686102867126,0.5102040767669678,0.00022858905140310526,0.9996156692504883
ISIC_0031795,HAM_0002711,0,0,1,0.2784065902233124,0.6665012240409851,0.0007004353683441877,0.003736599814146757,0.039320480078458786,0.008648266084492207,0.0026863752864301205,0.49669286608695984,0.5102040767669678,7.365241617662832e-05,0.9998244643211365
ISIC_0028198,HAM_0005064,0,0,1,3.209856686225976e-06,0.9909234642982483,2.555863648012746e-05,2.1739400835940614e-05,0.008967183530330658,2.881071122828871e-05,2.9981065381434746e-05,0.5484898686408997,0.44897958636283875,0.00010108549759024754,0.9999526739120483
ISIC_0027144,HAM_0005064,0,0,1,6.9655152401537634e-06,0.9657284617424011,8.313975558849052e-05,0.00012395845260471106,0.03394008427858353,6.299955566646531e-05,5.4431431635748595e-05,0.5526890754699707,0.44897958636283875,0.0001754738186718896,0.9998354911804199
ISIC_0025524,HAM_0004642,0,0,0,0.7615839242935181,5.854564676479636e-17,8.8307868281845e-05,0.038736313581466675,0.16368313133716583,0.0004708852502517402,0.03543746471405029,0.5978044867515564,0.40816324949264526,5.880049225304163e-10,1.0
ISIC_0025963,HAM_0004642,0,0,0,0.4443839490413666,1.0216277587460354e-05,0.0039591132663190365,0.02735101617872715,0.3727826774120331,0.0031800600700080395,0.14833292365074158,0.5985144376754761,0.3877550959587097,1.3508524716598913e-06,0.9999669790267944
ISIC_0025121,HAM_0004642,0,0,0,0.9134694933891296,1.0720732634972308e-10,0.0006596112507395446,0.003699634224176407,0.008815137669444084,0.00025672887568362057,0.07309931516647339,0.6310699582099915,0.36734694242477417,1.3361608708351014e-08,0.9999986886978149
ISIC_0025316,HAM_0003761,0,0,1,0.0007149213342927396,0.999079704284668,8.726005944481585e-06,0.00014155545795802027,1.391466776112793e-05,2.5902601919369772e-05,1.526306186860893e-05,0.5036688446998596,0.5102040767669678,7.05415295669809e-05,0.9999661445617676
ISIC_0027552,HAM_0007091,0,0,0,0.931833028793335,0.042195480316877365,0.012028316035866737,0.0028918972238898277,0.003591344226151705,0.0011492405319586396,0.006310691591352224,0.576964259147644,0.40816324949264526,7.533879852417158e-06,0.9999629259109497
ISIC_0030192,HAM_0006453,0,0,1,0.0014244092162698507,0.9976056814193726,0.00019273837096989155,0.00020325451623648405,0.00042520221904851496,0.0001132059987867251,3.543539423844777e-05,0.5866449475288391,0.40816324949264526,7.521183579228818e-05,0.9999327659606934
ISIC_0028003,HAM_0003484,0,0,1,4.8526166210649535e-05,0.9997887015342712,2.129005588358268e-05,2.3728951418888755e-05,3.421752626309171e-05,5.332185537554324e-05,3.0344030164997093e-05,0.5237171053886414,0.4897959232330322,2.5489025574643165e-05,0.9999599456787109
ISIC_0031999,HAM_0003531,0,0,2,0.11928201466798782,0.0979461818933487,0.7760393023490906,0.0005862596444785595,0.000925479456782341,0.0030178045853972435,0.0022028328385204077,0.48150789737701416,0.5102040767669678,5.026393864682177e-06,0.9999963045120239
ISIC_0032245,HAM_0004979,0,0,1,0.003021970856934786,0.9773908853530884,0.012891321443021297,0.004002871457487345,0.001669171149842441,0.00036504841409623623,0.0006587966927327216,0.5962696075439453,0.40816324949264526,4.576455830829218e-05,0.9999032020568848
ISIC_0028481,HAM_0000396,0,0,0,0.9994613528251648,0.00012650263670366257,4.594350002662395e-07,9.520514140604064e-05,0.0002804285613819957,3.3327145501971245e-05,2.667434273462277e-06,0.549599826335907,0.44897958636283875,1.2671493095695041e-05,0.9999581575393677
ISIC_0029172,HAM_0000396,0,0,1,0.474075585603714,0.5218726992607117,1.4753431059943978e-05,0.002426068065688014,0.0011348975822329521,0.0003709257871378213,0.00010502689838176593,0.5512934923171997,0.44897958636283875,9.643076919019222e-05,0.9997052550315857
ISIC_0027302,HAM_0006497,0,0,1,0.00010835861030500382,0.9997898936271667,1.778890327841509e-05,1.2055103070451878e-05,4.205209552310407e-05,9.39250094234012e-06,2.0431636585271917e-05,0.5427840948104858,0.4693877398967743,0.0002262306516058743,0.999388575553894
ISIC_0031543,HAM_0007188,0,0,0,0.7872133851051331,5.5255537016567213e-14,0.003122242633253336,0.04537218436598778,0.1595635712146759,0.0020585127640515566,0.002670146292075515,0.5067899823188782,0.5102040767669678,5.402375791163649e-07,0.9999997615814209
ISIC_0030360,HAM_0000220,0,0,3,0.024021532386541367,0.06425176560878754,0.0009978777961805463,0.6270277500152588,0.28198179602622986,0.0008880287641659379,0.0008312706486321986,0.5605161190032959,0.44897958636283875,3.7272235204000026e-05,0.9998922348022461
ISIC_0029454,HAM_0007019,0,0,0,0.9994731545448303,7.560486778857012e-07,4.352436462795595e-06,9.076522110262886e-05,0.00042493827641010284,1.6789068695288734e-06,4.308638381189667e-06,0.5351479053497314,0.44897958636283875,3.5658224078360945e-05,0.9999641180038452
ISIC_0027155,HAM_0000282,0,0,0,0.966052770614624,0.013420234434306622,0.00011535009980434552,0.019281836226582527,0.000764218217227608,0.00024222950742114335,0.000123367048217915,0.5615496635437012,0.4285714328289032,5.3526691772276536e-06,0.9999896287918091
ISIC_0028418,HAM_0007114,0,0,0,0.9395081400871277,0.05523541569709778,5.4355165048036724e-05,0.0004045088426209986,0.004535564687103033,0.00013218013918958604,0.0001297670096391812,0.5283142924308777,0.4897959232330322,7.623576675541699e-05,0.999937891960144
ISIC_0025800,HAM_0004021,0,0,1,0.09902385622262955,0.5682453513145447,9.735758794704452e-05,0.3229403495788574,0.0030769819859415293,0.006048127077519894,0.0005680050817318261,0.548561692237854,0.4285714328289032,1.2339939530647825e-05,0.9999631643295288
ISIC_0027702,HAM_0006004,0,0,0,0.6602872610092163,0.32267940044403076,0.0009026007610373199,0.009369421750307083,0.006189795210957527,0.0002745675446931273,0.0002968780172523111,0.5707830786705017,0.4285714328289032,8.163811435224488e-05,0.999897837638855
ISIC_0026796,HAM_0001397,0,0,4,0.039226651191711426,0.19412022829055786,0.0002639869344420731,0.012309140525758266,0.7537671327590942,0.00016840170428622514,0.00014444907719735056,0.5283709168434143,0.4693877398967743,1.3553970347857103e-05,0.9999809265136719
ISIC_0028777,HAM_0000125,0,0,2,0.1306447982788086,0.0027031535282731056,0.508986234664917,0.07036378234624863,0.28459247946739197,0.00032663086312823,0.0023829780984669924,0.5366100668907166,0.4693877398967743,8.6574264059891e-06,0.9999961853027344
ISIC_0027964,HAM_0000125,0,0,2,0.21899019181728363,0.0011619155993685126,0.7292141318321228,0.005684006959199905,0.044457145035266876,0.00013202270201873034,0.0003605455276556313,0.5653853416442871,0.4285714328289032,2.0978874090360478e-05,0.9999666213989258
ISIC_0030784,HAM_0005078,0,0,0,0.999606192111969,5.6550256033460755e-08,1.4239364531931642e-07,0.00018524644838180393,0.0001966765703400597,8.772142791713122e-06,2.9470720619428903e-06,0.4983252286911011,0.5102040767669678,2.5803933567658532e-06,0.9999960660934448
ISIC_0025755,HAM_0003095,0,0,1,0.059491779655218124,0.9400067329406738,2.9669619834749028e-05,0.000363256229320541,2.5052633645827882e-05,3.300319076515734e-05,5.0427821406628937e-05,0.5530950427055359,0.44897958636283875,2.922913699876517e-05,0.999944806098938
ISIC_0030616,HAM_0005623,0,0,0,0.41127127408981323,0.20924073457717896,0.017865341156721115,0.3179861903190613,0.02449573390185833,0.01439131423830986,0.004749462008476257,0.5782749056816101,0.4285714328289032,3.2695540994609473e-06,0.9999704360961914
ISIC_0025391,HAM_0005535,0,0,0,0.9452510476112366,0.05430753156542778,9.406570825376548e-06,0.00015817524399608374,0.0002330366405658424,2.5066059606615454e-05,1.566793980600778e-05,0.5186575055122375,0.4897959232330322,3.403364462428726e-05,0.9999817609786987
ISIC_0032372,HAM_0000125,0,0,2,0.003050797153264284,0.00014967315655667335,0.9817613959312439,2.750864950940013e-05,0.014828679151833057,4.890850686933845e-05,0.00013311508519109339,0.5390406250953674,0.44897958636283875,8.242067451647017e-06,0.9999715089797974
ISIC_0028929,HAM_0000588,0,0,1,0.06361602246761322,0.9352495074272156,3.9994454709813e-05,0.0008476590155623853,0.00015839262050576508,1.232773229276063e-05,7.610661850776523e-05,0.5726125240325928,0.4285714328289032,0.00010962120722979307,0.9997385144233704
ISIC_0026746,HAM_0000588,0,0,0,0.9990323781967163,0.0009102583862841129,5.185387408346287e-07,4.237896791892126e-05,3.8713264984835405e-06,5.829607289342675e-06,4.701912985183299e-06,0.5361855030059814,0.44897958636283875,2.6271247861586744e-06,0.9999958276748657
ISIC_0026774,HAM_0007242,0,0,1,0.004484754987061024,0.9886570572853088,2.5312285288237035e-05,0.00041376377339474857,0.006245112046599388,9.316812065662816e-05,8.075765799731016e-05,0.49361521005630493,0.5102040767669678,7.53762578824535e-05,0.9999681711196899
ISIC_0030047,HAM_0007242,0,0,1,0.10978882014751434,0.8661737442016602,6.515173299703747e-05,0.004785012453794479,0.01780126616358757,0.0006582728237845004,0.0007277685799635947,0.4963330626487732,0.5102040767669678,4.996896313969046e-05,0.9999688863754272
ISIC_0026847,HAM_0002099,0,0,0,0.9996640682220459,6.853150262031704e-05,0.0001639236870687455,7.566981366835535e-05,1.3721595450988389e-06,6.572422989847837e-06,1.987844552786555e-05,0.5093003511428833,0.4897959232330322,3.6162155083729886e-06,0.999997615814209
ISIC_0025814,HAM_0002194,0,0,0,0.9918341636657715,0.007741270121186972,4.498640919337049e-05,0.00011003371037077159,0.00016635569045320153,6.697555363643914e-05,3.6253026337362826e-05,0.5570825338363647,0.44897958636283875,3.805938467849046e-05,0.9999831914901733
ISIC_0026853,HAM_0002194,0,0,0,0.9986217021942139,4.038905899506062e-06,1.254073595191585e-06,5.7324141380377114e-05,0.001305068377405405,7.328523679461796e-06,3.29018030242878e-06,0.5239214897155762,0.4897959232330322,1.2512096873251721e-05,0.9999922513961792
ISIC_0028103,HAM_0002338,0,0,0,0.9329237937927246,0.02949000708758831,0.008744100108742714,0.007802801672369242,0.019164012745022774,0.0010112940799444914,0.0008640587911941111,0.5569741129875183,0.44897958636283875,3.618793925852515e-05,0.9999767541885376
ISIC_0024679,HAM_0000593,0,0,0,0.6682445406913757,2.248771306767594e-05,4.602304397849366e-05,0.0021247442346066236,0.3291783332824707,0.0001372013211948797,0.0002466687292326242,0.5312126278877258,0.4897959232330322,9.190191485686228e-05,0.9999474287033081
ISIC_0031401,HAM_0000593,0,0,0,0.7363090515136719,0.0008214234258048236,0.0001077587075997144,0.00023085586144588888,0.26237401366233826,4.627334783435799e-05,0.00011056195944547653,0.5240342020988464,0.4897959232330322,9.98855393845588e-05,0.9999580383300781
ISIC_0029574,HAM_0005986,0,0,0,0.999784529209137,6.401701830327511e-05,5.74118530494161e-07,0.00014527174062095582,1.7928163060787483e-06,1.420252488060214e-06,2.4450898763461737e-06,0.5378634333610535,0.44897958636283875,8.456644536636304e-06,0.9999954700469971
ISIC_0025543,HAM_0005735,0,0,3,0.012494586408138275,0.0029014290776103735,0.00030797990621067584,0.9770053625106812,0.00570747209712863,0.0005625092308036983,0.0010205669095739722,0.5326637029647827,0.4285714328289032,8.209253792301752e-06,0.9999926090240479
ISIC_0028033,HAM_0005789,0,0,1,0.027823351323604584,0.9687857031822205,4.2743013182189316e-05,0.0003340941620990634,0.002634694566950202,0.00019292176875751466,0.00018656101019587368,0.5761991739273071,0.4285714328289032,5.358506678021513e-05,0.9999483823776245
ISIC_0032204,HAM_0005789,0,0,0,0.9553501009941101,0.041947245597839355,0.0009722171234898269,6.026466144248843e-05,7.598952652188018e-05,0.0004391959810163826,0.0011550942435860634,0.5572335720062256,0.4285714328289032,2.8690201361314394e-05,0.9999567270278931
ISIC_0032095,HAM_0005789,0,0,0,0.9877080917358398,0.008614219725131989,0.002078246558085084,0.00013815776037517935,7.940235082060099e-05,0.00031726789893582463,0.0010646255686879158,0.5554988980293274,0.44897958636283875,3.617699985625222e-05,0.9999504089355469
ISIC_0028220,HAM_0004559,0,0,0,0.9994310736656189,5.298879841575399e-05,3.604731318773702e-05,2.5256393200834282e-05,0.00041636149398982525,5.554796189244371e-06,3.273757829447277e-05,0.51901775598526,0.4693877398967743,6.055228732293472e-05,0.9999582767486572
ISIC_0029094,HAM_0006527,0,0,0,0.9070743322372437,0.08183470368385315,0.00010754918184829876,0.009469181299209595,0.0012301005190238357,0.00015910207002889365,0.0001250502245966345,0.5442973971366882,0.44897958636283875,3.992128404206596e-05,0.9999698400497437
ISIC_0025128,HAM_0006899,0,0,1,0.12733890116214752,0.8038407564163208,0.00038247156771831214,0.041343748569488525,0.02362203039228916,0.0007566667045466602,0.0027154770214110613,0.5381302833557129,0.4693877398967743,2.7476959076011553e-05,0.9998934268951416
ISIC_0028508,HAM_0001607,0,0,0,0.9987396597862244,0.0011817371705546975,3.3949982025660574e-05,6.9906450335111e-06,1.6583418982918374e-05,4.812533461517887e-06,1.6347801647498272e-05,0.5856868028640747,0.40816324949264526,1.1368313607817981e-05,0.9999401569366455
ISIC_0031368,HAM_0002576,0,0,0,0.9998526573181152,2.575895621248492e-07,7.729301614745054e-06,6.737862804584438e-06,0.00012787918967660517,1.2013789500997518e-06,3.4685231184994336e-06,0.5533914566040039,0.4285714328289032,6.6407037593307905e-06,0.99998939037323
ISIC_0031900,HAM_0001113,0,0,1,0.3476719558238983,0.5592247843742371,0.0004663031140808016,0.024572188034653664,0.052229367196559906,0.015298601239919662,0.0005368303973227739,0.5221632122993469,0.4897959232330322,5.4299603107210714e-06,0.9999959468841553
ISIC_0029570,HAM_0002130,0,0,1,0.31832584738731384,0.5870999693870544,0.0004957257770001888,0.08789406716823578,0.0043107448145747185,0.0006880005821585655,0.0011856097262352705,0.5539904832839966,0.44897958636283875,2.0665553165599704e-05,0.9999706745147705
ISIC_0025550,HAM_0006899,0,0,1,0.0025076959282159805,0.9939259886741638,0.0003714162448886782,0.0017662076279520988,0.000925442494917661,0.00013107915583532304,0.0003722176479641348,0.5372686982154846,0.4693877398967743,1.1697798072418664e-05,0.9999722242355347
ISIC_0025414,HAM_0002576,0,0,0,0.9995328187942505,2.3186508268935313e-09,0.00011911042383871973,6.369547918438911e-05,0.0002711518609430641,4.991758828509774e-07,1.2720920494757593e-05,0.5399247407913208,0.4693877398967743,1.0154830079045496e-06,0.9999992847442627
ISIC_0026475,HAM_0006965,0,0,1,0.020656432956457138,0.9788199067115784,6.928510993020609e-05,0.00011363889643689618,8.073311619227752e-05,2.474060602253303e-05,0.00023524215794168413,0.5302572846412659,0.4693877398967743,3.29294016410131e-05,0.9999688863754272
ISIC_0030122,HAM_0003171,0,0,1,0.008526415564119816,0.9879696369171143,0.0001311560918111354,0.0027130881790071726,0.00010252370702801272,0.00038524920819327235,0.00017194512474816293,0.5528087615966797,0.44897958636283875,0.00010185869905399159,0.9998847246170044
ISIC_0028968,HAM_0001910,0,0,0,0.9871772527694702,2.10523976420518e-05,0.0001120746455853805,0.007680159527808428,0.00483744079247117,8.620961307315156e-05,8.582242298871279e-05,0.5096731185913086,0.4897959232330322,2.682924059627112e-05,0.999933123588562
ISIC_0024739,HAM_0001910,0,0,3,0.13016104698181152,0.0030558418948203325,0.005178314168006182,0.5634575486183167,0.278942346572876,0.018216757103800774,0.000988147803582251,0.5701581239700317,0.4285714328289032,5.137401967658661e-05,0.9998761415481567
ISIC_0025500,HAM_0004047,0,0,4,0.036826297640800476,0.005457927938550711,0.00010117742203874514,0.003335486399009824,0.9540157318115234,0.00010588458826532587,0.0001574691996211186,0.6146945953369141,0.40816324949264526,7.776253914926201e-05,0.9993962049484253
ISIC_0030277,HAM_0004047,0,0,0,0.9122531414031982,0.0011861756211146712,2.515178312023636e-05,0.0003649827849585563,0.08595798164606094,0.00014544391888193786,6.716250209137797e-05,0.5460101962089539,0.4285714328289032,0.0002225266507593915,0.9998334646224976
ISIC_0025941,HAM_0003171,0,0,1,0.00021934059623163193,0.9993849992752075,1.7418289644410834e-05,0.0002631065435707569,6.566401134477928e-05,2.8427597499103285e-05,2.1084595573483966e-05,0.536253809928894,0.4897959232330322,5.260043326416053e-05,0.9999159574508667
ISIC_0026092,HAM_0002914,0,6,6,6.100884381021743e-11,1.3394689305115257e-25,2.3939840332332096e-08,6.254291529117495e-10,2.941851762194858e-10,4.373429973725251e-08,1.0,0.435718834400177,0.5714285373687744,6.456667340538902e-13,1.0
ISIC_0024904,HAM_0002914,0,6,6,2.744720006830903e-07,2.1207779456189346e-12,1.9895082004950382e-05,6.615920256081154e-07,1.522733782621799e-06,1.2027409866277594e-05,0.9999656677246094,0.49010080099105835,0.5102040767669678,1.8659733314052573e-08,1.0
ISIC_0031217,HAM_0004765,0,6,6,2.322425825695973e-05,0.001029576058499515,0.0003325688885524869,6.673876487184316e-05,4.402373178891139e-06,0.00015808270836714655,0.9983854293823242,0.5307167768478394,0.44897958636283875,5.2826003411610145e-06,0.9999896287918091
ISIC_0025599,HAM_0004765,0,6,6,7.873586227447049e-09,4.942879172631365e-07,0.00038886492257006466,2.092526756314328e-06,1.9480994595255652e-08,1.1269001333857886e-05,0.9995973706245422,0.5477396249771118,0.44897958636283875,5.00001760883606e-07,0.9999991655349731
ISIC_0025578,HAM_0002218,0,6,6,5.8904392062686384e-05,3.318265107132845e-10,0.0003020090807694942,4.2496525566093624e-05,4.34866342402529e-05,9.33742103370605e-06,0.9995437264442444,0.5487574934959412,0.44897958636283875,4.8942614405689255e-09,1.0
ISIC_0029448,HAM_0002218,0,6,6,2.4892786314012483e-05,7.478450356757094e-07,1.2341180081421044e-05,7.221681880764663e-05,2.67227073891263e-06,7.062502845656127e-05,0.9998164772987366,0.521572470664978,0.4693877398967743,6.320656780189893e-07,0.9999973773956299
ISIC_0031759,HAM_0003925,0,6,6,8.223330951295793e-06,2.246787516924087e-06,0.00012742113904096186,4.711067595053464e-05,1.5691335647716187e-05,3.109246608801186e-05,0.9997681975364685,0.5334809422492981,0.4693877398967743,3.5759535421675537e-06,0.9999899864196777
ISIC_0026456,HAM_0006203,0,6,2,7.047768303891644e-05,2.150254375700409e-25,0.9586656093597412,0.001439807703718543,4.470308340387419e-05,1.1559031918295659e-05,0.03976784273982048,0.5339756011962891,0.4693877398967743,1.9030503561889844e-10,1.0
ISIC_0033031,HAM_0003862,0,6,0,0.9342256188392639,1.884292374909613e-11,0.00040013299440033734,0.00021194596774876118,7.724771421635523e-06,0.00014027877477928996,0.06501428037881851,0.5582520365715027,0.4285714328289032,5.082952725388168e-08,0.9999997615814209
ISIC_0032775,HAM_0003862,0,6,0,0.9651480317115784,8.548444748157635e-05,0.0006678393692709506,0.004358351696282625,0.0004082258965354413,0.0021026497706770897,0.02722948230803013,0.5748398900032043,0.4285714328289032,1.1519925465108827e-05,0.999954342842102
ISIC_0033458,HAM_0003862,0,6,0,0.923218309879303,1.5951068319929734e-13,0.0020250051748007536,0.0013393750414252281,0.0007317968993447721,0.030163226649165154,0.0425223670899868,0.5232343077659607,0.4693877398967743,2.4495487860320964e-09,1.0
ISIC_0033135,HAM_0004791,0,6,6,0.017325202003121376,5.122650691191666e-06,0.0056451717391610146,0.0002616169804241508,4.892444849247113e-05,0.0008301382185891271,0.9758839011192322,0.5498514771461487,0.44897958636283875,1.1979539067397127e-06,0.9999988079071045
ISIC_0032538,HAM_0004791,0,6,6,0.00024909162311814725,1.270222860227932e-08,0.0006299227243289351,6.9539678406727035e-06,2.2707922653353307e-06,9.957057773135602e-05,0.9990121126174927,0.5585426688194275,0.44897958636283875,4.209737198834773e-06,0.9999927282333374
ISIC_0033591,HAM_0004791,0,6,6,0.0003931735409423709,2.1623986157237596e-08,0.001655612257309258,1.4640309018432163e-05,1.0021619345934596e-05,0.00013554678298532963,0.9977909326553345,0.5382411479949951,0.44897958636283875,8.625999043943011e-07,0.9999954700469971
ISIC_0031648,HAM_0005989,0,6,6,1.6411515701975077e-08,5.586340258786774e-15,6.760395194760349e-07,1.1323729864898269e-07,6.7416476845494344e-09,2.615031462482875e-07,0.999998927116394,0.48475703597068787,0.5306122303009033,9.883988383307951e-08,0.9999998807907104
ISIC_0033565,HAM_0005989,0,6,6,1.0176577802667452e-07,5.302078220914552e-10,9.906617378874216e-06,5.438534117274685e-06,2.4477023998770164e-06,3.335297151352279e-06,0.99997878074646,0.46886005997657776,0.5714285373687744,2.9753152830380714e-07,0.9999998807907104
ISIC_0033123,HAM_0005989,0,6,6,0.00022605244885198772,4.751584492623806e-05,0.00012347659503575414,0.0008248390513472259,0.00022737326798960567,0.0006985466461628675,0.9978522062301636,0.517751932144165,0.4693877398967743,4.023401345421007e-08,0.9999998807907104
ISIC_0024747,HAM_0001566,0,6,6,2.499317552917546e-08,1.9617053102199306e-17,0.00033326985430903733,6.712819526910607e-07,7.27460815141967e-07,2.4857897642505122e-06,0.9996628761291504,0.5001629590988159,0.4897959232330322,4.5516546087753795e-09,1.0
ISIC_0031346,HAM_0001566,0,6,2,0.0002117374533554539,1.200172755488893e-05,0.640576183795929,0.03607119247317314,0.005427286494523287,0.2314104586839676,0.0862911194562912,0.49520888924598694,0.4897959232330322,9.621530807635281e-06,0.9999945163726807
ISIC_0031719,HAM_0007020,0,6,5,2.7348719587052e-22,6.712915023854293e-08,1.827260791754355e-29,9.207211689008504e-20,1.452691807991846e-12,0.9999998807907104,7.766971841988754e-16,0.4897887408733368,0.5102040767669678,0.0,1.0
ISIC_0030070,HAM_0007020,0,6,1,7.299937715288252e-05,0.845158576965332,0.0029703029431402683,0.0003833042283076793,0.00017751718405634165,0.0002002407272811979,0.15103711187839508,0.5870440006256104,0.40816324949264526,1.4948470379749779e-05,0.9998579025268555
ISIC_0031093,HAM_0000502,0,6,6,4.188698312646011e-06,7.058711304352983e-08,9.008130291476846e-06,0.00010407510853838176,3.158075116971304e-07,6.817143730586395e-05,0.9998140931129456,0.5337843298912048,0.44897958636283875,8.27615167509066e-08,0.9999997615814209
ISIC_0029608,HAM_0000502,0,6,6,5.622325383036753e-10,1.1195950850445557e-12,2.446342250550515e-06,9.405060552580835e-08,4.000821007821287e-09,2.837434465163824e-07,0.9999971389770508,0.48466721177101135,0.5306122303009033,3.737274933968138e-09,1.0
ISIC_0029439,HAM_0002390,0,6,6,3.042863028213105e-08,6.427980041386787e-16,4.383643681649119e-05,2.3101906663214322e-06,1.5371584822787554e-06,1.4623715287598316e-06,0.9999507665634155,0.579257071018219,0.4285714328289032,5.442473138828063e-10,1.0
ISIC_0028406,HAM_0005215,0,6,6,1.9520651761695262e-08,1.500500061929564e-14,3.2511732115381164e-06,1.3396893905337492e-07,1.0082105461606261e-07,2.1285601178533398e-05,0.9999752044677734,0.5756043195724487,0.4285714328289032,2.570744173091555e-10,1.0
ISIC_0026393,HAM_0005011,0,6,6,2.6888229420762855e-09,5.5950400562609914e-12,3.8011751257727155e-07,2.720258862609626e-07,4.2801737265563133e-08,2.1879320684092818e-06,0.9999971389770508,0.5743184685707092,0.4285714328289032,7.163967641332647e-09,1.0
ISIC_0031215,HAM_0005885,0,6,6,1.0496613867871929e-05,0.06930860131978989,0.01679719239473343,0.000250636920100078,0.0025208143051713705,0.0013408382656052709,0.9097713828086853,0.5333268046379089,0.4897959232330322,4.6234854380600154e-06,0.999997615814209
ISIC_0031065,HAM_0000109,0,6,6,2.5569066863795342e-08,4.8461312554872536e-17,1.973059227111662e-07,1.063092227582274e-07,2.2525060927591767e-08,1.0580431109019628e-07,0.9999995231628418,0.5159109234809875,0.5102040767669678,4.7182010902424576e-12,1.0
ISIC_0031955,HAM_0001091,0,6,6,0.00013305930770002306,0.3460775315761566,0.04598473012447357,0.0034656748175621033,0.13461114466190338,0.026708422228693962,0.4430193603038788,0.5124735236167908,0.5102040767669678,6.10502902418375e-05,0.999976396560669
ISIC_0024867,HAM_0007568,0,6,6,2.5993504570998027e-10,4.6412660801542054e-17,7.153807324300487e-09,5.395837998634079e-09,1.8720822669848758e-09,1.8929526390820683e-07,0.9999997615814209,0.5003947615623474,0.5102040767669678,1.0571805236780918e-10,1.0
ISIC_0025425,HAM_0002787,0,6,6,5.769321376192238e-08,2.2114813873486128e-06,2.3859891371103004e-05,9.208766277879477e-05,6.956607734309728e-08,0.0007751017110422254,0.9991065859794617,0.58319091796875,0.4285714328289032,4.102302142428016e-08,0.9999998807907104
ISIC_0024706,HAM_0001038,0,6,6,2.2827555312687764e-07,2.3765634793448953e-08,5.175039859750541e-06,4.256494321452919e-06,1.013070018984763e-07,1.796242372620327e-06,0.9999884366989136,0.49587520956993103,0.5102040767669678,1.1973280606980552e-06,0.9999980926513672
ISIC_0026467,HAM_0001537,0,6,6,2.1101427591929678e-06,0.0025030754040926695,0.0040036700665950775,0.000389199354685843,1.4954927792132366e-05,0.0034582652151584625,0.989628791809082,0.4577774405479431,0.5510203838348389,2.2867543520987965e-05,0.999964714050293
ISIC_0026068,HAM_0004413,0,6,6,1.7492438053601234e-10,5.6673953826083794e-15,8.531051776117238e-08,7.795108558639186e-09,6.200921998100739e-10,1.1109724695756995e-08,0.9999998807907104,0.4773477017879486,0.5102040767669678,8.248325633619658e-11,1.0
ISIC_0032384,HAM_0007009,0,2,2,0.00025301595451310277,2.346173211265068e-08,0.844599187374115,0.10652106255292892,3.3267853723373264e-05,0.03895900771021843,0.009634418413043022,0.5342404246330261,0.4693877398967743,5.6653689171071164e-06,0.9999963045120239
ISIC_0027146,HAM_0007009,0,2,5,0.11715961247682571,0.01134320069104433,0.12715743482112885,0.053114715963602066,0.003202265128493309,0.6296269297599792,0.0583958625793457,0.5035191774368286,0.5102040767669678,1.3738313100475352e-06,0.999997615814209
ISIC_0029193,HAM_0006834,0,2,4,0.0008159225690178573,2.5048681932902245e-14,0.12542597949504852,0.0008251161780208349,0.8727710843086243,5.919540399190737e-06,0.0001560045639052987,0.5321528315544128,0.4693877398967743,4.255626251392641e-08,1.0
ISIC_0027526,HAM_0006834,0,2,2,0.007454212289303541,2.4696618448200036e-12,0.9341138601303101,0.03547605127096176,0.022107932716608047,0.00010010487312683836,0.0007478796178475022,0.5659846067428589,0.4285714328289032,1.9303965359540598e-07,0.9999997615814209
ISIC_0026760,HAM_0001884,0,2,2,7.34960735826462e-07,5.941705694567645e-06,0.9987407326698303,0.00020033580949530005,3.4552602301118895e-05,0.00034771751961670816,0.0006700704107061028,0.5817009806632996,0.4285714328289032,2.1756366095360136e-06,0.9999969005584717
ISIC_0025718,HAM_0001884,0,2,2,1.0131932413059985e-06,1.0959718110825634e-07,0.9997261166572571,2.142958919648663e-06,1.0120996194018517e-05,6.846014002803713e-06,0.00025378275313414633,0.5217916369438171,0.4693877398967743,1.4890669035594328e-06,0.9999990463256836
ISIC_0025932,HAM_0007262,0,2,2,0.00031655654311180115,2.8121082326488026e-18,0.9955396056175232,0.0033863228745758533,7.228303729789332e-05,0.0006515164859592915,3.37545970978681e-05,0.5242542028427124,0.4693877398967743,5.391024959777724e-09,1.0
ISIC_0028747,HAM_0007262,0,2,2,0.014006312936544418,1.179780953561446e-19,0.9739568829536438,0.00048210128443315625,0.011406115256249905,9.623914229450747e-05,5.2306302677607164e-05,0.5527400970458984,0.4285714328289032,1.4376332346799359e-09,1.0
ISIC_0030261,HAM_0004871,0,2,2,0.00025187269784510136,5.787713711069564e-11,0.9684385657310486,0.0008047045557759702,0.02644224278628826,0.0024080490693449974,0.0016546318074688315,0.4972112774848938,0.5102040767669678,3.2655599113695644e-08,1.0
ISIC_0025824,HAM_0001331,0,2,2,3.873915829899488e-06,9.271639012098376e-11,0.9939821362495422,7.568684668513015e-05,2.2684919258608716e-06,0.004077765624970198,0.0018581589683890343,0.4941284656524658,0.5102040767669678,2.1935046845555917e-07,0.9999998807907104
ISIC_0031400,HAM_0001331,0,2,2,1.7092085968783977e-08,3.591545463810242e-11,0.7318452000617981,0.000394449511077255,5.128937345943996e-07,0.2676607072353363,9.910280641634017e-05,0.4898625612258911,0.5102040767669678,3.585223495861101e-08,1.0
ISIC_0031943,HAM_0000393,0,2,2,0.010986937209963799,0.0522332489490509,0.920954167842865,0.00013377840514294803,0.002289137337356806,0.005597521085292101,0.007805128116160631,0.5319481492042542,0.4693877398967743,7.774399819027167e-06,0.9999737739562988
ISIC_0027865,HAM_0000393,0,2,1,0.008672830648720264,0.5853714942932129,0.39533910155296326,0.0016793019603937864,0.0014126506866887212,0.004344331566244364,0.003180297091603279,0.5330609679222107,0.4693877398967743,5.823209721711464e-05,0.9999204874038696
ISIC_0029647,HAM_0003094,0,2,2,0.2345929741859436,1.023117341173406e-13,0.7119244337081909,0.005779077298939228,0.03180442005395889,0.0122109055519104,0.0036882145795971155,0.5549022555351257,0.44897958636283875,2.36440023115847e-09,1.0
ISIC_0027858,HAM_0003094,0,2,2,0.2189846634864807,3.412920120127172e-12,0.7752593755722046,0.0003111476544290781,0.0018190694972872734,0.0032523658592253923,0.0003733323246706277,0.5872126817703247,0.40816324949264526,9.519635568722151e-08,0.9999992847442627
ISIC_0027433,HAM_0007002,0,2,6,0.0004631408373825252,8.86824710888412e-11,0.033195365220308304,0.11096576601266861,0.059420790523290634,0.005930988118052483,0.7900238633155823,0.5233108401298523,0.5102040767669678,1.5055479707370978e-07,0.9999990463256836
ISIC_0029515,HAM_0007002,0,2,0,0.9927515983581543,1.752447076341923e-09,0.0048024896532297134,0.0006786363665014505,0.0007580987876281142,0.00045041547855362296,0.0005588143249042332,0.579017698764801,0.4285714328289032,1.2016680557280779e-06,0.9999823570251465
ISIC_0029034,HAM_0005921,0,2,2,0.00027762135141529143,2.5389419299609584e-12,0.9984052777290344,0.00016777930431999266,9.593613867764361e-07,0.0010789636289700866,6.93992551532574e-05,0.5346077084541321,0.4693877398967743,2.2646625552624755e-07,0.9999997615814209
ISIC_0030800,HAM_0005921,0,2,2,0.004496513865888119,2.0811818934873827e-10,0.9951257109642029,4.488892955123447e-06,6.922520014995825e-07,0.00017776053573470563,0.00019488853286020458,0.5273618102073669,0.44897958636283875,1.0559967904555378e-06,0.9999978542327881
ISIC_0025383,HAM_0001907,0,2,2,0.03300049155950546,0.005455846432596445,0.9534140825271606,0.0029458675999194384,0.0010084382956847548,0.0017173894448205829,0.002457868307828903,0.5838866829872131,0.44897958636283875,3.6066907341592014e-05,0.9999374151229858
ISIC_0025513,HAM_0001907,0,2,2,0.0607515387237072,0.09844062477350235,0.8296686410903931,0.0019108272390440106,0.0008282318012788892,0.005574031732976437,0.0028261332772672176,0.5261849761009216,0.4897959232330322,8.143808372551575e-06,0.9999963045120239
ISIC_0031272,HAM_0006384,0,2,2,0.0002507570607122034,1.646057535253931e-05,0.9994957447052002,1.1487903066154104e-05,4.21455770265311e-05,3.396250031073578e-05,0.0001493674935773015,0.4783155918121338,0.5102040767669678,5.6213984862552024e-06,0.9999957084655762
ISIC_0027058,HAM_0005998,0,2,1,1.7202602975885384e-05,0.7200487852096558,0.27857616543769836,3.10947434627451e-05,0.0003069326048716903,0.00010220525291515514,0.0009175824234262109,0.4831056296825409,0.5306122303009033,3.441632725298405e-05,0.9999955892562866
ISIC_0030114,HAM_0005998,0,2,2,2.6958622356687556e-07,4.672329363686334e-12,0.999890923500061,7.4061958912352566e-06,2.684843093447853e-05,1.7704811625662842e-06,7.275345706148073e-05,0.48246920108795166,0.5306122303009033,2.3757982603456185e-07,1.0
ISIC_0032959,HAM_0003427,0,2,1,0.0844867005944252,0.618585467338562,0.14486028254032135,0.0541376918554306,0.04237016290426254,0.04912050440907478,0.0064391386695206165,0.5351076722145081,0.4693877398967743,3.473728793323971e-05,0.9999839067459106
ISIC_0034047,HAM_0002559,0,2,2,0.0038576486986130476,3.485710609041348e-10,0.9567990303039551,1.578486990183592e-05,0.03915892913937569,2.955646596092265e-05,0.00013907327956985682,0.5151382088661194,0.4897959232330322,1.667405342686834e-07,0.9999997615814209
ISIC_0033483,HAM_0007471,0,2,0,0.8896452188491821,1.2518846233433578e-05,0.03826170042157173,0.04519589990377426,0.024024853482842445,0.00045230952673591673,0.002407507039606571,0.544267475605011,0.4285714328289032,3.964769348385744e-06,0.9999865293502808
ISIC_0032536,HAM_0007471,0,2,2,0.004044900648295879,0.16125066578388214,0.6583856344223022,0.034784507006406784,0.10865449905395508,0.0016088937409222126,0.03127086162567139,0.5237138867378235,0.44897958636283875,5.8173376601189375e-05,0.9999539852142334
ISIC_0034015,HAM_0003216,0,2,0,0.9838553071022034,0.00643172999843955,0.0007397692534141243,0.000256996980169788,0.008548416197299957,7.032596477074549e-05,9.757558291312307e-05,0.5289634466171265,0.4693877398967743,9.613248948880937e-06,0.9999934434890747
ISIC_0034223,HAM_0003216,0,2,0,0.5880256295204163,0.23548676073551178,0.14565010368824005,0.026115048676729202,0.0016068812692537904,0.001667153206653893,0.0014484490966424346,0.5175251960754395,0.4897959232330322,0.00017558762920089066,0.9999239444732666
ISIC_0033372,HAM_0001749,0,2,2,5.386661541706417e-06,5.355732355383225e-06,0.9995245933532715,2.0932395273121074e-05,3.871097942464985e-05,1.2682829037657939e-05,0.0003924179181922227,0.505092203617096,0.4897959232330322,7.492978966183728e-06,0.9999953508377075
ISIC_0034066,HAM_0001749,0,2,2,1.3076999039185466e-06,2.0713977733066713e-07,0.9999842643737793,1.5125987147257547e-06,1.0913776122833951e-06,8.684640988576575e-07,1.0680065315682441e-05,0.5002214908599854,0.5102040767669678,3.0526623504556483e-06,0.9999977350234985
ISIC_0032741,HAM_0005478,0,2,2,0.3890901207923889,0.012406121008098125,0.46707093715667725,0.0007533370517194271,0.051699139177799225,0.07064206153154373,0.008338214829564095,0.5553521513938904,0.4285714328289032,2.27894324780209e-05,0.9999527931213379
ISIC_0033301,HAM_0005478,0,2,2,0.06512308865785599,0.0020693237893283367,0.9135410189628601,0.00012024163152091205,0.01018639374524355,0.007887695915997028,0.0010721053695306182,0.5489333868026733,0.44897958636283875,2.3555941879749298e-05,0.9999672174453735
ISIC_0025617,HAM_0004539,0,2,2,0.009200665168464184,0.05293237790465355,0.9355391263961792,0.0001445608213543892,0.00026787506067194045,0.0012899312423542142,0.0006254799081943929,0.5215110182762146,0.4897959232330322,1.4687052498629782e-05,0.999994158744812
ISIC_0026350,HAM_0003039,0,2,4,0.010021371766924858,0.11366817355155945,0.11032991856336594,0.06514465808868408,0.6846634149551392,0.013317982666194439,0.002854533027857542,0.5456054210662842,0.4693877398967743,8.296221494674683e-05,0.9999090433120728
ISIC_0031569,HAM_0003039,0,2,2,0.00016093165322672576,0.0840323343873024,0.7324119210243225,0.007537509314715862,0.15915483236312866,0.015686869621276855,0.0010155936470255256,0.5289081335067749,0.4693877398967743,2.513311483198777e-05,0.9999942779541016
ISIC_0026528,HAM_0007550,0,2,6,0.00016995937039609998,2.4639823167915686e-11,0.0037954067811369896,0.0007829465321265161,0.0006157432217150927,0.0034869874361902475,0.991148829460144,0.5493248105049133,0.44897958636283875,2.0423430058258418e-08,1.0
ISIC_0028677,HAM_0001711,0,2,1,2.5590577934053726e-05,0.9980893731117249,0.00022855274437461048,0.0014727793168276548,5.64857546123676e-05,9.089118975680321e-05,3.6346958950161934e-05,0.5237004160881042,0.4897959232330322,0.0001471413270337507,0.9998466968536377
ISIC_0028059,HAM_0004273,0,2,2,2.7317051376485324e-07,2.9687382266274653e-05,0.9999561309814453,6.6677434915618505e-06,1.4578120044461684e-06,2.196485979766294e-07,5.43422765986179e-06,0.48665881156921387,0.5306122303009033,7.074268978612963e-06,0.999996542930603
ISIC_0025576,HAM_0006115,0,2,2,4.442628096512635e-07,1.8998665041181084e-07,0.999977707862854,6.1403379731928e-06,5.0336748103063655e-08,8.234228516812436e-06,7.277638815139653e-06,0.46574339270591736,0.5306122303009033,6.186268137753359e-07,0.9999984502792358
ISIC_0029331,HAM_0002069,0,2,3,0.00046196067705750465,0.00639208871871233,0.26324623823165894,0.6847704648971558,0.039510540664196014,0.0037662899121642113,0.0018524090992286801,0.5506134629249573,0.44897958636283875,8.292456914205104e-05,0.9999665021896362
ISIC_0027601,HAM_0005842,0,2,2,1.566873741865038e-08,6.165220001186356e-10,0.9999401569366455,6.116525241850468e-08,1.2394879433941242e-07,3.2456689496029867e-06,5.6388365919701755e-05,0.47097498178482056,0.5306122303009033,4.8996906087950265e-08,1.0
ISIC_0027631,HAM_0004440,0,2,2,3.3080775665439432e-06,4.772564352606423e-05,0.9999343156814575,4.6966056288511027e-07,1.5610627315254533e-06,3.0543726552423323e-06,9.56405438046204e-06,0.4823448061943054,0.5510203838348389,2.0713616322609596e-05,0.9999967813491821
ISIC_0031413,HAM_0004521,0,2,2,0.0002740813361015171,1.4055223012290757e-17,0.9996737241744995,1.5805988368811086e-05,2.64600821537897e-05,2.9184263894421747e-06,7.077111604303354e-06,0.5412765741348267,0.4693877398967743,1.7320516576546652e-08,1.0
ISIC_0030644,HAM_0003853,0,2,2,5.710742334485985e-05,5.173532202005129e-28,0.8813126683235168,0.09495383501052856,0.023534458130598068,1.1816945516329724e-05,0.00013005294022150338,0.5614530444145203,0.4285714328289032,2.7885981284531125e-12,1.0
ISIC_0026716,HAM_0000504,0,2,2,1.481405706726946e-05,0.00032428561826236546,0.9962059259414673,0.0033003606367856264,7.442227069986984e-05,3.5841767385136336e-05,4.4374137360136956e-05,0.5431451201438904,0.44897958636283875,1.1523134162416682e-05,0.9999878406524658
ISIC_0025971,HAM_0000504,0,2,2,1.9028689735023363e-08,6.146181476651691e-06,0.9999799728393555,2.8117580086473026e-07,3.6778133107873145e-06,2.4623006993351737e-06,7.387026016658638e-06,0.5241931080818176,0.4693877398967743,4.7623857426515315e-06,0.9999972581863403
ISIC_0030737,HAM_0003119,0,2,3,0.0001483580854255706,0.00430816737934947,0.019938597455620766,0.9485325217247009,0.024369938299059868,0.0022361776791512966,0.0004662304127123207,0.5032445192337036,0.5102040767669678,1.2287552635825705e-05,0.999984622001648
ISIC_0031712,HAM_0004147,0,2,1,0.0007000133045949042,0.70340895652771,0.292163610458374,0.0007403729250654578,0.0005312110879458487,0.0013415412977337837,0.0011143255978822708,0.5445066094398499,0.44897958636283875,3.473583274171688e-05,0.9999449253082275
ISIC_0032439,HAM_0005547,0,2,2,1.797792947400012e-06,7.244594598887488e-06,0.9987654685974121,0.0008854010957293212,0.00014466201537288725,7.756169361528009e-05,0.00011785842070821673,0.5537229180335999,0.4285714328289032,3.735652626346564e-06,0.9999908208847046
ISIC_0026496,HAM_0005757,0,2,2,4.3896277723831645e-09,7.871402401706838e-17,0.9999971389770508,5.365152233594017e-08,1.6801138826849638e-06,1.3454356917463883e-07,9.57912902777025e-07,0.5127124786376953,0.4693877398967743,2.3797394987923326e-07,0.9999998807907104
ISIC_0028583,HAM_0004880,0,2,0,0.7250774502754211,6.643585681587183e-10,0.23475846648216248,0.03969447687268257,0.00015776439977344126,0.00017631708760745823,0.000135578477056697,0.580899715423584,0.40816324949264526,7.146746270336735e-07,0.9999929666519165
ISIC_0030511,HAM_0005599,0,2,2,0.0009535183198750019,1.5515698725820926e-09,0.9921799898147583,0.0001659634435782209,0.001892801490612328,0.0010792533867061138,0.003728467971086502,0.5181241631507874,0.4693877398967743,1.4963583225835464e-06,0.9999992847442627
ISIC_0026968,HAM_0000612,0,2,2,0.0001999421074287966,5.2823075774588446e-11,0.9777941107749939,0.012736101634800434,0.009088009595870972,7.631512562511489e-05,0.00010556283086771145,0.5422019362449646,0.44897958636283875,3.7610860204040364e-07,0.9999985694885254
ISIC_0025975,HAM_0005835,0,2,2,0.057091016322374344,0.12107004970312119,0.468848317861557,0.007442530710250139,0.338348388671875,0.0013337094569578767,0.00586601160466671,0.5535801649093628,0.4285714328289032,5.3604897402692586e-05,0.9998792409896851
ISIC_0031236,HAM_0002744,0,2,3,0.0025505777448415756,0.08876006305217743,0.37970948219299316,0.5066787600517273,0.016000492498278618,0.00258632586337626,0.0037143207155168056,0.5480853915214539,0.4693877398967743,3.146687595290132e-05,0.9999401569366455
ISIC_0027846,HAM_0001183,0,2,2,5.8639048802433535e-05,4.172385615675012e-06,0.9992796778678894,2.644604683155194e-05,0.000559707114007324,2.9215359518275363e-06,6.842248694738373e-05,0.4889826774597168,0.5102040767669678,8.615651495347265e-06,0.9999902248382568
ISIC_0026798,HAM_0005536,0,2,3,0.00010008445678977296,0.08292297273874283,0.009596235118806362,0.8863340020179749,0.013491817750036716,0.005914513487368822,0.0016403779154643416,0.48579612374305725,0.5102040767669678,9.73222340689972e-05,0.9998453855514526
ISIC_0026978,HAM_0004042,0,2,2,0.006684002000838518,7.397215977776594e-13,0.9430036544799805,0.00283919763751328,0.04725633189082146,1.3298716112331022e-05,0.00020343484356999397,0.5514841675758362,0.4285714328289032,4.288332533519679e-08,0.9999997615814209
ISIC_0024452,HAM_0005971,0,2,2,1.504453628342617e-08,0.0008997024269774556,0.9990409016609192,1.621922507411e-07,1.9245064777351217e-06,1.0331225439585978e-06,5.616979251499288e-05,0.5314893126487732,0.4693877398967743,2.986014919770241e-07,0.9999992847442627
ISIC_0029539,HAM_0005971,0,2,2,3.8856762785144383e-07,0.0017812716541811824,0.9977735877037048,1.094895424103015e-06,1.1410443221393507e-05,3.771253659579088e-06,0.0004284077149350196,0.5006154775619507,0.4897959232330322,1.1094541605416453e-06,0.9999992847442627
ISIC_0031258,HAM_0005971,0,2,2,4.645822264137678e-05,0.0019237841479480267,0.9962232112884521,4.656334931496531e-05,0.0008898589294403791,0.0002839028602465987,0.0005862459074705839,0.5064048767089844,0.4897959232330322,6.535085503855953e-07,0.9999995231628418
ISIC_0024472,HAM_0001654,0,2,2,2.962750329515984e-07,9.078724577671338e-11,0.9999456405639648,5.95295148286823e-07,1.21067853342538e-06,4.083479154814995e-07,5.1832728786394e-05,0.5249080061912537,0.4693877398967743,1.1627478215814335e-06,0.9999995231628418
ISIC_0031175,HAM_0001654,0,2,2,7.466433544323081e-06,8.31121451483341e-06,0.9999463558197021,3.6550884487951407e-06,2.9236186946945963e-06,2.377050577706541e-06,2.891927033488173e-05,0.5327684879302979,0.44897958636283875,5.7906327128876e-06,0.9999979734420776
ISIC_0030755,HAM_0001654,0,2,2,7.869118417147547e-05,6.308797928511467e-11,0.999806821346283,4.568458280118648e-06,6.111829861765727e-05,1.359799898636993e-05,3.528068555169739e-05,0.549674391746521,0.4285714328289032,4.1984208110079635e-07,0.9999994039535522
ISIC_0028815,HAM_0004967,0,2,2,9.265930316360027e-07,0.0047873398289084435,0.9946650266647339,6.360684346873313e-05,2.2770178475184366e-05,6.511865649372339e-05,0.00039521727012470365,0.5068655014038086,0.5102040767669678,1.3912463145970833e-05,0.9999948740005493
ISIC_0031976,HAM_0006851,0,2,3,0.000818039639852941,2.509902742531267e-06,0.31228402256965637,0.6856381893157959,0.0009820957202464342,0.00019750230421777815,7.759612344671041e-05,0.5588425993919373,0.4285714328289032,1.41839209391037e-05,0.999987006187439
ISIC_0032225,HAM_0001388,0,2,0,0.5627275705337524,4.646701199817471e-06,0.4340725243091583,0.0013452351558953524,0.0006644809036515653,0.0008682696497999132,0.00031725852750241756,0.5380150675773621,0.4693877398967743,4.993188667867798e-06,0.9999934434890747
ISIC_0029856,HAM_0001457,0,2,2,1.0608224329189397e-05,3.981552568655018e-14,0.999930739402771,1.6324647731380537e-05,1.2197562682558782e-05,1.5870495190029033e-05,1.4297297639132012e-05,0.4826073944568634,0.5306122303009033,7.995621444933931e-07,0.9999995231628418
ISIC_0025711,HAM_0005501,0,2,2,0.0015473379753530025,9.379191760672256e-05,0.6207153797149658,0.37010353803634644,0.0009190127020701766,0.0007814808050170541,0.0058395229279994965,0.5171743631362915,0.5102040767669678,4.719650314655155e-05,0.9999289512634277
ISIC_0024897,HAM_0003716,0,2,2,5.4071148042567074e-05,3.3719100400730895e-08,0.9997623562812805,0.00010906912939390168,4.0492745029041544e-05,4.420081040734658e-06,2.9587348763016053e-05,0.5028228163719177,0.5102040767669678,4.678712684835773e-06,0.9999966621398926
ISIC_0025601,HAM_0001528,0,2,1,0.08001145720481873,0.7041115760803223,0.18468204140663147,0.014541523531079292,0.00867981556802988,0.00021317329083103687,0.0077604325488209724,0.5447113513946533,0.44897958636283875,9.116318324231543e-06,0.9999605417251587
ISIC_0032461,HAM_0001528,0,2,2,0.0011217815335839987,0.0003237065684515983,0.9478217363357544,0.0488932840526104,0.001290874439291656,0.00013726743054576218,0.0004113981849513948,0.5646826028823853,0.4285714328289032,1.1507572708069347e-05,0.9999927282333374
ISIC_0031009,HAM_0001434,0,2,2,0.0023523657582700253,0.0005163907189853489,0.9919469952583313,0.0035023000091314316,0.00022940654889680445,0.0007221021223813295,0.0007303716265596449,0.5777166485786438,0.40816324949264526,2.631519419082906e-05,0.9999117851257324
ISIC_0031095,HAM_0005798,0,2,2,0.0016967329429462552,5.1178751164115965e-05,0.9973351359367371,0.0004447263781912625,0.00043379521230235696,5.703870101569919e-06,3.272560934419744e-05,0.5575718283653259,0.44897958636283875,1.423738467565272e-05,0.9999853372573853
ISIC_0027337,HAM_0003778,0,2,1,3.362686356922495e-06,0.5259138941764832,0.31229090690612793,0.021696845069527626,0.13486416637897491,0.0026854469906538725,0.002545422175899148,0.5238145589828491,0.4897959232330322,0.00015000495477579534,0.9999068975448608
ISIC_0029263,HAM_0002689,0,2,3,5.749570277657767e-07,5.827804179053319e-32,0.11571264266967773,0.884262204170227,9.163950380752794e-07,1.8833974024801137e-07,2.3470533051295206e-05,0.5846052765846252,0.40816324949264526,1.2530764864323099e-14,1.0
ISIC_0026687,HAM_0002689,0,2,0,0.6306576132774353,4.103398742100926e-20,0.32556578516960144,0.0339348241686821,0.006549041252583265,1.0449779438204132e-05,0.00328226201236248,0.5100138783454895,0.5306122303009033,8.403770124232324e-09,1.0
ISIC_0027819,HAM_0004827,0,2,6,0.013417914509773254,0.05899493768811226,0.2027115672826767,0.005868047475814819,0.013380677439272404,0.00807016622275114,0.6975566744804382,0.5583657026290894,0.44897958636283875,3.332111009513028e-05,0.9999088048934937
ISIC_0031552,HAM_0006588,0,2,2,5.014484472098957e-08,1.4727302755090932e-07,0.9994388222694397,4.581946768666967e-07,1.8634287698660046e-05,1.1106229976576287e-05,0.0005308100953698158,0.5274850130081177,0.4897959232330322,5.018998763262061e-07,0.9999986886978149
ISIC_0029337,HAM_0002506,0,2,2,2.1567129806498997e-05,3.81860733313776e-18,0.9668161273002625,0.031875353306531906,0.00031853231485001743,0.00010580046364339069,0.0008626548224128783,0.5390236973762512,0.44897958636283875,2.0968100145069002e-08,1.0
ISIC_0028197,HAM_0004711,0,2,3,0.0010671045165508986,0.0014159330166876316,0.42160069942474365,0.42777666449546814,0.007006071973592043,0.13699963688850403,0.004133893642574549,0.5661110877990723,0.4285714328289032,7.726732292212546e-06,0.9999839067459106
ISIC_0029831,HAM_0004711,0,2,3,3.128993193968199e-05,0.00011759922927012667,0.22398778796195984,0.7680073380470276,6.378453690558672e-05,0.006856121122837067,0.0009360523545183241,0.5496219396591187,0.44897958636283875,1.6583247770540765e-06,0.9999879598617554
ISIC_0030954,HAM_0003115,0,2,2,0.002734764479100704,0.18321529030799866,0.8116470575332642,0.00022747924958821386,7.962019299156964e-05,0.0004745159239973873,0.0016212890623137355,0.5278393626213074,0.4693877398967743,4.2168894651695155e-06,0.9999964237213135
ISIC_0031062,HAM_0001183,0,2,1,0.0027558407746255398,0.908619225025177,0.08602908253669739,0.0011836548801511526,0.0011663323966786265,7.215336518129334e-05,0.00017375872994307429,0.5111973881721497,0.4897959232330322,0.00027522401069290936,0.999799907207489
ISIC_0029053,HAM_0002812,0,2,2,0.00013783319445792586,0.0001863142679212615,0.9716588854789734,0.007942221127450466,0.0011697773588821292,0.01612820290029049,0.0027767615392804146,0.5312913060188293,0.4693877398967743,9.318283446191344e-06,0.9999924898147583
ISIC_0025509,HAM_0002269,0,2,6,0.07924555987119675,0.011602290906012058,0.24985361099243164,0.00025714858202263713,0.00015043152961879969,0.00028505208319984376,0.6586059331893921,0.5107470154762268,0.4693877398967743,2.0885913727397565e-06,0.999998927116394
ISIC_0024443,HAM_0002269,0,2,6,4.056030957144685e-05,8.96095298230648e-06,0.41953814029693604,4.851591802434996e-05,3.1211959139909595e-05,0.00015291805902961642,0.5801796913146973,0.540054440498352,0.44897958636283875,3.983105614224769e-07,0.9999949932098389
ISIC_0029680,HAM_0001237,0,2,2,2.6015968614956364e-05,3.5624186693894444e-06,0.9996813535690308,5.804811371490359e-05,3.25550208799541e-05,9.563855564920232e-05,0.00010279324487783015,0.5300257802009583,0.4693877398967743,9.052209861692972e-06,0.9999957084655762
ISIC_0028964,HAM_0000092,0,2,1,9.306378342444077e-05,0.9495797157287598,0.012438657693564892,0.028668083250522614,0.007305847946554422,0.0007797397556714714,0.001134934020228684,0.5497661232948303,0.4285714328289032,0.0002114873204845935,0.9996929168701172
ISIC_0028568,HAM_0001434,0,2,2,0.0008621270535513759,0.00010492224828340113,0.9964068531990051,0.0013197268126532435,0.00047265764442272484,0.0004490962310228497,0.00038461238727904856,0.577523946762085,0.4285714328289032,3.756480509764515e-05,0.9999496936798096
ISIC_0030249,HAM_0003444,0,2,3,0.0015666056424379349,1.4892019637845894e-13,0.04946431517601013,0.9399921894073486,0.0013526588445529342,0.007384707685559988,0.00023952090123202652,0.5946553945541382,0.40816324949264526,2.1727116106262656e-08,0.9999995231628418
ISIC_0031697,HAM_0003177,0,2,2,3.5655709780257894e-06,6.910885986144422e-06,0.9995749592781067,0.00026971331681124866,2.876761027437169e-05,8.42385707073845e-05,3.1900042813504115e-05,0.4876197278499603,0.5102040767669678,1.4343507928060717e-06,0.9999995231628418
ISIC_0028687,HAM_0003444,0,2,2,8.117366814985871e-05,0.000528274686075747,0.9969747066497803,0.00028722931165248156,0.0007526442059315741,0.0011260780738666654,0.0002498432295396924,0.546621561050415,0.44897958636283875,3.646121058409335e-06,0.999984860420227
ISIC_0027120,HAM_0003444,0,2,2,2.2433070625993423e-05,1.9117560441372916e-06,0.999160885810852,0.0005377452471293509,4.632790296454914e-05,0.00015692837769165635,7.38204107619822e-05,0.5150909423828125,0.4897959232330322,3.690302764880471e-05,0.9999618530273438
ISIC_0027788,HAM_0002812,0,2,2,0.00018532451940700412,3.137044753671425e-16,0.977544903755188,0.000140748597914353,0.0002318390761502087,0.021653803065419197,0.0002433729823678732,0.4954981803894043,0.5102040767669678,1.666742632799867e-09,1.0
ISIC_0031263,HAM_0007289,0,2,3,2.0713820049422793e-05,3.565964412644007e-09,0.444521427154541,0.4964923858642578,0.001831218134611845,0.0033156482968479395,0.05381856858730316,0.5252913236618042,0.4897959232330322,9.595590199751314e-06,0.9999938011169434
ISIC_0030767,HAM_0004685,0,2,1,0.01121958065778017,0.9753877520561218,0.008848348632454872,0.0009344768477603793,0.0013715566601604223,0.0014393384335562587,0.0007988660363480449,0.5794868469238281,0.4285714328289032,0.000337712379405275,0.9993876218795776
ISIC_0032061,HAM_0004685,0,2,1,0.04303210973739624,0.7367027401924133,0.20996412634849548,0.0006349123432300985,0.0031552568543702364,0.002667269902303815,0.0038435657043009996,0.5510730743408203,0.4285714328289032,0.00026996442466042936,0.9997883439064026
ISIC_0032212,HAM_0004932,0,1,1,1.1048715720107793e-07,0.999955415725708,2.457614073136938e-06,3.1955200938682538e-06,3.995756287622498e-06,2.3004477043286897e-05,1.1783648915297817e-05,0.5236882567405701,0.4897959232330322,2.6009765861090273e-05,0.9999912977218628
ISIC_0029828,HAM_0006510,0,1,1,3.106640724581666e-05,0.99897301197052,0.0002048366004601121,3.6866033042315394e-05,0.0005334108136594296,0.00016509939450770617,5.570109351538122e-05,0.5293656587600708,0.4897959232330322,0.0001574532361701131,0.999962329864502
ISIC_0025251,HAM_0000956,0,1,1,2.387620725130546e-06,0.9991831183433533,2.9303400879143737e-05,1.2563956261146814e-05,0.0006957520381547511,4.27339764428325e-05,3.418251435505226e-05,0.4909493625164032,0.4897959232330322,7.917095354059711e-05,0.9999685287475586
ISIC_0025384,HAM_0002623,0,1,1,3.990267214248888e-05,0.9997074007987976,2.1735877453465946e-05,2.7663611035677604e-05,1.688094016571995e-05,0.00010592074249871075,8.050881297094747e-05,0.4707241356372833,0.5102040767669678,6.62337988615036e-05,0.9999867677688599
ISIC_0031282,HAM_0003042,0,1,1,3.076382199651562e-05,0.9996285438537598,1.0325366019969806e-05,4.88430214318214e-06,0.0001622533891350031,0.00013731162471231073,2.5892497433233075e-05,0.5125609040260315,0.4897959232330322,1.8923919924418442e-05,0.9999866485595703
ISIC_0024535,HAM_0001287,0,1,1,3.6097503652854357e-06,0.9998244643211365,2.7748157663154416e-05,2.0647225028369576e-05,6.201002543093637e-05,3.6114051908953115e-05,2.542196489230264e-05,0.5355215668678284,0.4693877398967743,3.9808564906707034e-05,0.9999910593032837
ISIC_0025320,HAM_0006653,0,1,1,2.5317272957181558e-05,0.9998786449432373,1.4003582691657357e-05,2.714197034947574e-05,2.0234356270520948e-05,2.64924528892152e-05,8.108928341243882e-06,0.4435495436191559,0.5510203838348389,3.1029216188471764e-05,0.9999756813049316
ISIC_0031184,HAM_0004290,0,1,1,2.4762914563325467e-06,0.9992318153381348,0.00030405246070586145,2.577649684099015e-05,0.00017817731713876128,0.00010550105798756704,0.0001521781668998301,0.5023902058601379,0.4897959232330322,0.00013278592086862773,0.9999487400054932
ISIC_0028298,HAM_0004140,0,1,1,4.528405952441972e-06,0.9995861649513245,4.276368781575002e-05,1.6813792171888053e-05,0.00014873547479510307,0.00016086018877103925,4.017526225652546e-05,0.46580320596694946,0.5306122303009033,4.358568912721239e-05,0.9999622106552124
ISIC_0031463,HAM_0001263,0,1,1,8.836730557959527e-06,0.9997550845146179,3.6558059946401045e-05,1.8700169675867073e-05,1.723800232866779e-05,0.00013762844901066273,2.5940338673535734e-05,0.520143985748291,0.4897959232330322,3.470428055152297e-05,0.9999942779541016
ISIC_0024376,HAM_0000984,0,1,1,4.050623374496354e-06,0.9997878670692444,6.728703738190234e-05,2.9378638828347903e-06,1.3390272215474397e-05,0.0001014518566080369,2.3071472242008895e-05,0.5228279232978821,0.4897959232330322,9.531573596177623e-06,0.999998927116394
ISIC_0031895,HAM_0007316,0,1,1,5.169958058104385e-06,0.9999672174453735,2.675514451766503e-06,4.799777798325522e-06,7.5570605986285955e-06,8.423839972238056e-06,4.100775640836218e-06,0.5205351114273071,0.4693877398967743,0.00010860053589567542,0.999887228012085
ISIC_0026641,HAM_0002753,0,1,1,0.0005022009718231857,0.9993062019348145,2.438476076349616e-05,3.0143512049107812e-05,2.9272652682266198e-05,8.964524749899283e-05,1.8137414372176863e-05,0.5035964846611023,0.4897959232330322,3.8786627555964515e-05,0.9999741315841675
ISIC_0028185,HAM_0005252,0,1,1,2.3090458853403106e-05,0.9997608065605164,9.12184714252362e-06,2.449159546813462e-05,4.361433457233943e-05,0.00012666007387451828,1.2200828678032849e-05,0.5418838262557983,0.4693877398967743,2.290986776642967e-05,0.999964714050293
ISIC_0028924,HAM_0001149,0,1,1,3.6123856261838228e-06,0.99994957447052,3.578474434107193e-06,6.4312857830373105e-06,8.2946917245863e-06,1.6537975170649588e-05,1.190597231470747e-05,0.5682240128517151,0.44897958636283875,8.57070062920684e-06,0.9999963045120239
ISIC_0031371,HAM_0001079,0,1,1,9.670876352174673e-06,0.9995688796043396,1.4372260920936242e-05,0.0001436519669368863,3.117768937954679e-05,0.00021722288511227816,1.492481715104077e-05,0.518854558467865,0.4897959232330322,1.0671444215404335e-05,0.9999890327453613
ISIC_0024584,HAM_0001391,0,1,1,0.0004974756157025695,0.999351441860199,1.7690508684609085e-05,1.5947573047014885e-05,2.0720262909890153e-05,7.892321445979178e-05,1.7809850760386325e-05,0.5289140939712524,0.4897959232330322,1.2242988304933533e-05,0.9999908208847046
ISIC_0027810,HAM_0000047,0,1,1,0.0009397643152624369,0.99863201379776,4.668844485422596e-05,2.5355131583637558e-05,0.00019271837663836777,4.921379149891436e-05,0.00011425592674640939,0.5588546395301819,0.44897958636283875,0.0001762690080795437,0.9999220371246338
ISIC_0026339,HAM_0004951,0,1,1,3.356024990353035e-06,0.9999781847000122,1.7529469005239662e-06,3.156688990202383e-06,2.4769265110080596e-06,8.922699635149911e-06,2.142136054317234e-06,0.48928582668304443,0.5102040767669678,4.817632088816026e-06,0.9999979734420776
ISIC_0029997,HAM_0000526,0,1,1,1.3231571074356907e-06,0.9998999834060669,1.4064510651223827e-05,1.4912828191882e-05,1.9883249478880316e-05,3.9142007153714076e-05,1.0713000847317744e-05,0.490363210439682,0.5102040767669678,1.6545554899494164e-05,0.9999927282333374
ISIC_0026039,HAM_0000797,0,1,1,9.943042869053897e-07,0.9998433589935303,3.850069333566353e-05,5.389253146859119e-06,3.906196798197925e-05,3.578935866244137e-05,3.691092933877371e-05,0.4531536400318146,0.5510203838348389,2.3796177629265003e-05,0.9999934434890747
ISIC_0027268,HAM_0002317,0,1,1,3.1592155664839083e-06,0.997697651386261,1.4187869965098798e-05,8.326885108544957e-06,0.0022189936134964228,3.551108966348693e-05,2.214427149738185e-05,0.5057075619697571,0.4897959232330322,0.00014525534061249346,0.9999533891677856
ISIC_0028779,HAM_0003524,0,1,1,6.630460848100483e-05,0.9995928406715393,2.3531349143013358e-05,2.0674968254752457e-05,0.0001633365172892809,8.312980207847431e-05,5.015020724385977e-05,0.47973039746284485,0.5306122303009033,3.736038343049586e-05,0.9999905824661255
ISIC_0026038,HAM_0000724,0,1,1,4.210075712762773e-05,0.9997448325157166,5.068859081802657e-06,4.5983560994500294e-06,0.00016630731988698244,2.150593718397431e-05,1.564020203659311e-05,0.5135053992271423,0.5102040767669678,4.013413126813248e-05,0.9999704360961914
ISIC_0024861,HAM_0005892,0,1,1,7.174399343057303e-06,0.99934321641922,0.00012609914119821042,5.4925385484239087e-05,0.00021889028721489012,0.00022373840329237282,2.594652323750779e-05,0.5299687385559082,0.4897959232330322,0.00013846001820638776,0.9998961687088013
ISIC_0030617,HAM_0006778,0,1,1,0.006597858387976885,0.9890627264976501,0.00022184662520885468,0.00020566648163367063,0.0030484877061098814,0.0007364202756434679,0.00012704163964372128,0.5112529397010803,0.4897959232330322,1.9855415303027257e-05,0.99998939037323
ISIC_0028339,HAM_0000472,0,1,1,7.704810741415713e-06,0.9999396800994873,4.491241270443425e-06,1.0205716534983367e-05,1.1144386007799767e-05,1.7286611182498746e-05,9.398755537404213e-06,0.5354902744293213,0.44897958636283875,4.038525730720721e-05,0.9999947547912598
ISIC_0031331,HAM_0004419,0,1,1,5.579779826803133e-05,0.9997677206993103,9.307076652476098e-06,2.5593084501451813e-05,8.414030889980495e-05,2.672300070116762e-05,3.07547852571588e-05,0.5163020491600037,0.4897959232330322,5.3780062444275245e-05,0.9999805688858032
ISIC_0031997,HAM_0003250,0,1,1,1.7935260984813794e-05,0.9998936653137207,1.872543521130865e-06,3.083499541389756e-05,3.701211971929297e-05,6.5717640609364025e-06,1.2026119293295778e-05,0.501552939414978,0.4897959232330322,4.0417849959339947e-05,0.9999784231185913
ISIC_0027703,HAM_0001049,0,1,1,6.976801159908064e-06,0.9997358918190002,4.964951131114503e-06,3.844041202683002e-06,0.00023430059081874788,8.253163287008647e-06,5.87607610214036e-06,0.4610638916492462,0.5306122303009033,5.524178050109185e-05,0.999985933303833
ISIC_0028932,HAM_0000789,0,1,1,3.731610831891885e-06,0.9998703002929688,6.2610474742541555e-06,1.7946371372090653e-05,7.49993123463355e-05,2.2083386284066364e-05,4.657015324482927e-06,0.5042687058448792,0.4897959232330322,2.1463525627041236e-05,0.9999920129776001
ISIC_0027732,HAM_0006132,0,1,1,0.00010191799083258957,0.9995798468589783,5.2625495300162584e-05,7.312712114071473e-05,3.379173358553089e-05,0.00011669064406305552,4.202714262646623e-05,0.47077807784080505,0.5306122303009033,0.00019415777933318168,0.9998058676719666
ISIC_0025142,HAM_0004163,0,1,1,0.00011148478370159864,0.952015221118927,7.979022484505549e-05,0.001046081306412816,0.011100752279162407,0.035016220062971115,0.0006303973495960236,0.5055556297302246,0.4897959232330322,9.98935429379344e-05,0.9998074173927307
ISIC_0026806,HAM_0001888,0,1,1,4.006120434496552e-05,0.9997557997703552,1.634602995181922e-05,7.913886656751856e-05,7.708229531999677e-06,7.478589395759627e-05,2.6063029508804902e-05,0.4616171419620514,0.5306122303009033,3.7765198612760287e-07,0.9999990463256836
ISIC_0027160,HAM_0007050,0,1,1,1.1113735126855318e-05,0.9998757839202881,1.7524848772154655e-06,2.3125105599319795e-06,7.41772964829579e-05,2.8268277674214914e-05,6.618471616093302e-06,0.5471750497817993,0.4693877398967743,5.8322821132605895e-06,0.999996542930603
ISIC_0032211,HAM_0000041,0,1,1,4.6687666326761246e-05,0.9147072434425354,0.00014559603005181998,0.0012499578297138214,0.07798963785171509,0.005222265142947435,0.0006386805325746536,0.5277571082115173,0.4693877398967743,1.36208757339773e-06,0.9999957084655762
ISIC_0028482,HAM_0004169,0,1,1,4.578783318720525e-06,0.9998823404312134,9.903064892569091e-06,2.9486418497981504e-05,2.9281460228958167e-05,3.5103086702292785e-05,9.225197572959587e-06,0.5480687022209167,0.4693877398967743,1.3802248759020586e-05,0.9999957084655762
ISIC_0028690,HAM_0002773,0,1,1,3.0962903110776097e-05,0.9992384910583496,5.575895556830801e-05,4.144078502577031e-06,0.000572157499846071,8.792124572210014e-05,1.0578319233900402e-05,0.5121437907218933,0.4897959232330322,3.6581302992999554e-05,0.9999816417694092
ISIC_0025353,HAM_0003148,0,1,1,1.6046845985329128e-06,0.999930739402771,9.510957170277834e-06,1.0803287295857444e-05,2.7942873202846386e-05,1.2764053280989174e-05,6.5642902882245835e-06,0.5137084722518921,0.4897959232330322,8.02536669652909e-05,0.9999845027923584
ISIC_0032100,HAM_0000101,0,1,1,9.460916317038937e-07,0.9999632835388184,1.9618792066466995e-06,1.0694258207877283e-06,2.1810034013469703e-05,6.7539463088905904e-06,4.0814775275066495e-06,0.5436809062957764,0.4693877398967743,0.0001747666537994519,0.9999403953552246
ISIC_0028282,HAM_0002624,0,1,1,0.000426604354288429,0.9991216063499451,6.522920011775568e-05,0.00011675689893309027,0.00011037319200113416,4.7082903620321304e-05,0.00011246243957430124,0.5237386226654053,0.4897959232330322,0.00011503840505611151,0.9999169111251831
ISIC_0028136,HAM_0003560,0,1,1,6.996914453338832e-05,0.9996434450149536,3.984521026723087e-05,8.695241376699414e-06,0.00014796583855058998,8.304153743665665e-05,7.03031446391833e-06,0.577669084072113,0.4285714328289032,5.029217936680652e-05,0.9999704360961914
ISIC_0026283,HAM_0003654,0,1,1,2.2558390355698066e-07,0.9998106360435486,1.4077619425734156e-06,7.5085681601194665e-06,0.00016365497140213847,1.384455208608415e-05,2.7581152153288713e-06,0.5396087169647217,0.4897959232330322,2.975562892970629e-05,0.9999817609786987
ISIC_0029943,HAM_0002632,0,1,1,5.180193056730786e-06,0.9999393224716187,1.3011042483412893e-06,9.459053217142355e-06,3.559542528819293e-05,4.6875661610101815e-06,4.503518994170008e-06,0.6603137254714966,0.34693875908851624,4.982013342669234e-05,0.9999312162399292
ISIC_0029561,HAM_0005046,0,1,1,1.722424144645629e-06,0.9997809529304504,1.425227674189955e-05,2.7997593861073256e-06,0.00017459217633586377,1.573425834067166e-05,1.004041769192554e-05,0.5155051946640015,0.4897959232330322,1.4113932593318168e-05,0.9999934434890747
ISIC_0028848,HAM_0004828,0,1,1,0.00010390407987870276,0.999796450138092,3.3099331631092355e-05,1.3075697097519878e-05,7.073459528328385e-06,1.5237957995850593e-05,3.113842467428185e-05,0.5416587591171265,0.4693877398967743,1.597741720615886e-05,0.9999920129776001
ISIC_0024369,HAM_0004657,0,1,1,0.0004861006746068597,0.998196542263031,0.0001592690241523087,0.0004274376551620662,2.445935933792498e-05,0.000567368813790381,0.00013887876411899924,0.5288079977035522,0.4897959232330322,1.0423020285088569e-05,0.9999974966049194
ISIC_0024544,HAM_0007336,0,1,1,3.6944279599993024e-06,0.9995741248130798,1.2193689144623931e-05,1.3121576557750814e-05,2.0418385247467086e-05,0.0003569062100723386,1.9603987311711535e-05,0.5096678137779236,0.4897959232330322,2.185247694796999e-06,0.9999983310699463
ISIC_0030903,HAM_0005055,0,1,1,2.404263796051964e-06,0.9997977614402771,5.827972927363589e-06,8.113028343359474e-06,7.296283001778647e-05,6.278641376411542e-05,5.017556031816639e-05,0.48500099778175354,0.5102040767669678,0.00012225640239194036,0.9999628067016602
ISIC_0028668,HAM_0003197,0,1,1,1.6171841252798913e-06,0.9998334646224976,3.5758232115767896e-05,3.752324346351088e-06,1.3635540199175011e-05,5.444856651593e-05,5.732084173359908e-05,0.5283152461051941,0.4693877398967743,9.344271529698744e-05,0.9999498128890991
ISIC_0030885,HAM_0000631,0,1,1,8.016100764507428e-06,0.9999760389328003,4.541761427390156e-06,2.6847117169381818e-06,2.8410263439582195e-06,1.8377380683887168e-06,4.053944394399878e-06,0.568134605884552,0.44897958636283875,1.1784341040765867e-05,0.9999990463256836
ISIC_0027389,HAM_0005332,0,1,1,7.328283118113177e-07,0.9997537732124329,7.826763976481743e-06,1.282823632209329e-05,0.00016958524065557867,4.9570418923394755e-05,5.589787178905681e-06,0.5378268361091614,0.4897959232330322,2.5377430574735627e-05,0.9999841451644897
ISIC_0028827,HAM_0001816,0,1,1,1.6946761434155633e-06,0.9999849796295166,1.0189932027060422e-06,1.5007799447630532e-06,4.383899977256078e-06,4.538338089332683e-06,1.8640957932802849e-06,0.500504732131958,0.4897959232330322,0.000298263126751408,0.9999542236328125
ISIC_0025366,HAM_0002276,0,4,1,3.34491123794578e-05,0.9994035959243774,0.00012693049211520702,3.6745208490174264e-05,0.00014866491255816072,7.852850831113756e-05,0.00017217264394275844,0.5225160717964172,0.4897959232330322,0.00010332287638448179,0.9999468326568604
ISIC_0031229,HAM_0004489,0,1,1,0.0007011916022747755,0.998353123664856,1.8361408365308307e-05,5.81969361519441e-05,0.00016159865481313318,0.0006618032930418849,4.573531623464078e-05,0.5073280334472656,0.4897959232330322,1.5532323232037015e-05,0.9999978542327881
ISIC_0031777,HAM_0006909,0,1,1,1.8745271290754317e-06,0.9999128580093384,6.975161795708118e-06,1.599285315023735e-05,3.85951716452837e-05,1.4475452189799398e-05,9.241513907909393e-06,0.4785900413990021,0.5102040767669678,0.0002044940338237211,0.9999539852142334
ISIC_0026383,HAM_0004039,0,1,1,0.00016182876424863935,0.9991378784179688,2.8657899747486226e-05,0.00011144902236992493,0.00027189700631424785,0.00023107223387341946,5.721239358535968e-05,0.45124563574790955,0.5714285373687744,1.6365183910238557e-05,0.9999916553497314
ISIC_0032442,HAM_0000812,0,1,1,0.000857619394082576,0.9979243278503418,0.0006279164808802307,1.3830139323545154e-05,0.0002746513346210122,0.00017253785335924476,0.00012916575360577554,0.503362238407135,0.5102040767669678,2.3557111489935778e-05,0.9999940395355225
ISIC_0028462,HAM_0004702,0,1,1,9.81671746558277e-07,0.9999306201934814,9.24022424442228e-06,5.280116056383122e-06,1.0421264050819445e-05,2.6772968340083025e-05,1.670992605795618e-05,0.4638102650642395,0.5102040767669678,4.9189893616130576e-05,0.9999769926071167
ISIC_0025052,HAM_0005424,0,1,1,1.3733284731642925e-06,0.9994943141937256,0.00014601227303501219,1.8764436390483752e-05,0.0001065133765223436,0.00019356123812031,3.9416005165548995e-05,0.4912426769733429,0.4897959232330322,5.193141259951517e-05,0.9999942779541016
ISIC_0031606,HAM_0006270,0,1,1,2.3008815333014354e-05,0.999913215637207,2.401628535153577e-06,1.068591791408835e-05,1.744716973917093e-05,2.9258719223435037e-05,4.03454441766371e-06,0.49128231406211853,0.4897959232330322,0.00025732076028361917,0.9999535083770752
ISIC_0031422,HAM_0003375,0,1,1,1.2600416994246189e-05,0.999915599822998,7.033412430246244e-07,1.1909452041436452e-05,4.5494307414628565e-05,1.1125662240374368e-05,2.624203034429229e-06,0.4941655993461609,0.4897959232330322,6.601417408091947e-05,0.999984860420227
ISIC_0028025,HAM_0005462,0,1,1,2.4962112092907773e-06,0.9998182654380798,3.472141906968318e-05,1.2083922229066957e-05,3.944740910810651e-06,9.73543938016519e-05,3.1160761864157394e-05,0.4739886522293091,0.5306122303009033,3.574381480575539e-05,0.9999862909317017
ISIC_0031776,HAM_0002404,0,1,1,0.026413502171635628,0.588209331035614,0.004576168954372406,0.22262759506702423,0.1476433277130127,0.008084651082754135,0.0024453983642160892,0.5194907188415527,0.4897959232330322,0.0005933876964263618,0.9991466999053955
ISIC_0029385,HAM_0005187,0,1,1,3.696969724842347e-05,0.9996757507324219,6.495187699329108e-05,6.127601955085993e-05,4.8263027565553784e-05,8.2538987044245e-05,3.0254237572080456e-05,0.4046171307563782,0.6122449040412903,6.70933150104247e-06,0.9999973773956299
ISIC_0026986,HAM_0006044,0,1,1,2.1324947852008336e-07,0.9999861717224121,1.155502559413435e-06,1.2117997130189906e-06,1.0721595344875823e-06,8.92832122190157e-06,1.2221147471791483e-06,0.5320829749107361,0.4897959232330322,3.6931578506482765e-05,0.9999741315841675
ISIC_0024464,HAM_0005604,0,1,1,9.322570804215502e-06,0.999840259552002,1.671335667197127e-05,1.3520051652449183e-05,6.078012665966526e-05,2.4250537535408512e-05,3.519787787809037e-05,0.5234329700469971,0.4897959232330322,8.080088446149603e-05,0.9998751878738403
ISIC_0026836,HAM_0006871,0,1,1,8.172491652658209e-05,0.9784570932388306,0.00024343447876162827,0.00034324967418797314,0.019986003637313843,0.0007034383597783744,0.00018503522733226418,0.4737206697463989,0.5102040767669678,5.096780569147086e-06,0.9999805688858032
ISIC_0024788,HAM_0001121,0,1,1,3.6100718716625124e-06,0.999508261680603,2.942247192549985e-05,1.2618847904377617e-05,0.00032976901275105774,6.0736310842912644e-05,5.5519281886518e-05,0.4821837246417999,0.5102040767669678,5.01977774547413e-06,0.9999966621398926
ISIC_0028260,HAM_0005139,0,1,1,1.1309208275633864e-05,0.9998867511749268,8.504735887981951e-06,8.257085028162692e-06,5.001587851438671e-06,6.86868661432527e-05,1.1561332939891145e-05,0.5227973461151123,0.4693877398967743,1.863162287918385e-05,0.9999860525131226
ISIC_0030774,HAM_0002889,0,1,1,1.063816853275057e-05,0.9391470551490784,7.43608979973942e-05,0.006621627602726221,0.005853139795362949,0.04816427081823349,0.0001288830826524645,0.565926730632782,0.4285714328289032,2.5937583814084064e-06,0.9999855756759644
ISIC_0026075,HAM_0004134,0,1,1,1.1162993587277015e-06,0.9999233484268188,2.9693246688111685e-06,2.6733237064036075e-06,1.175191664515296e-05,4.206713492749259e-05,1.6156760466401465e-05,0.4955576956272125,0.4897959232330322,1.2343459729891038e-06,0.9999997615814209
ISIC_0024512,HAM_0000539,0,1,1,3.0823441193206236e-05,0.9824767112731934,0.0007792577380314469,0.0004105236439500004,0.0017159413546323776,0.013137627393007278,0.0014491184847429395,0.5331112146377563,0.4897959232330322,8.416072523687035e-05,0.999815046787262
ISIC_0027276,HAM_0000649,0,1,1,3.723298732438707e-06,0.9993523955345154,7.694306259509176e-05,4.2128282075282186e-05,5.334236630005762e-05,0.00023838657943997532,0.00023298166343010962,0.4655390977859497,0.5510203838348389,6.6444536059862e-06,0.999997615814209
ISIC_0031947,HAM_0002961,0,1,1,3.446951950536459e-07,0.9998372793197632,2.4530293103453005e-06,5.100869202578906e-06,8.335028542205691e-05,6.476776616182178e-05,6.751878117938759e-06,0.5731796622276306,0.44897958636283875,0.0003720619424711913,0.9998776912689209
ISIC_0027220,HAM_0005797,0,1,1,3.222359964638599e-06,0.9999748468399048,6.416136102416203e-07,5.958086603641277e-06,1.0714037671277765e-05,3.5986988677905174e-06,1.0351440096201259e-06,0.5513356328010559,0.4693877398967743,2.132340523530729e-05,0.9999861717224121
ISIC_0029410,HAM_0004286,0,1,1,2.7462401703814976e-06,0.9997654557228088,1.2022169357805979e-05,1.3353691429074388e-05,0.00012575196160469204,6.979792669881135e-05,1.0799503797898069e-05,0.48058217763900757,0.5306122303009033,3.007310397151741e-06,0.9999979734420776
ISIC_0029604,HAM_0001804,0,1,1,0.00034620510996319354,0.9996066689491272,5.379315553000197e-06,3.622515805545845e-06,1.0119360922544729e-05,8.82830863702111e-06,1.9260027329437435e-05,0.5824940800666809,0.40816324949264526,0.00020920796669088304,0.9997872710227966
ISIC_0031771,HAM_0001582,0,1,1,1.1363833891664399e-06,0.9996695518493652,2.7028913791582454e-06,8.338362931681331e-06,0.0002852737670764327,2.8186675990582444e-05,4.777026333613321e-06,0.5397577285766602,0.4897959232330322,1.9196259017917328e-05,0.9999822378158569
ISIC_0030269,HAM_0006817,0,1,1,1.4341489986691158e-05,0.9996676445007324,5.556680480367504e-05,2.90166717604734e-05,0.00012389698531478643,5.642931500915438e-05,5.310070264386013e-05,0.5365091562271118,0.4693877398967743,3.981031113653444e-05,0.9999864101409912
ISIC_0026256,HAM_0003960,0,1,1,6.112842356742476e-07,0.9999829530715942,3.5167013265891e-06,3.818096956820227e-06,2.1291277789714513e-06,3.326889327581739e-06,3.5851765005645575e-06,0.4762674868106842,0.5306122303009033,1.0906769603025168e-05,0.9999988079071045
ISIC_0028108,HAM_0005037,0,1,1,3.854168244288303e-05,0.9998098015785217,2.031744043051731e-05,1.1069009815400932e-05,8.655495184939355e-05,1.6309681086568162e-05,1.7414529793313704e-05,0.5482614636421204,0.4693877398967743,4.443619036464952e-05,0.9999942779541016
ISIC_0026366,HAM_0005236,0,1,1,3.3263386285398155e-05,0.9998960494995117,4.49987237516325e-06,1.825821709644515e-05,1.3893894902139436e-05,2.6825378881767392e-05,7.20181196811609e-06,0.46821436285972595,0.5102040767669678,9.641118958825245e-05,0.9999783039093018
ISIC_0027085,HAM_0007026,0,1,1,4.3279800593154505e-05,0.9995960593223572,1.3626088730234187e-05,6.408899207599461e-05,0.0002234800049336627,4.7618948883609846e-05,1.1765740964619908e-05,0.5248569846153259,0.4897959232330322,8.337199687957764e-05,0.9999786615371704
ISIC_0028933,HAM_0001572,0,1,1,3.349807684571715e-07,0.9999479055404663,3.0002338462509215e-06,7.572879894723883e-06,1.8996795915882103e-05,1.840012555476278e-05,3.764277607842814e-06,0.48142194747924805,0.5510203838348389,3.3459214137110393e-06,0.9999969005584717
ISIC_0030658,HAM_0002474,0,1,1,1.3966880487714661e-06,0.9998668432235718,2.4795852368697524e-05,1.0361280146753415e-05,1.862122917373199e-05,4.0309023461304605e-05,3.767770613194443e-05,0.5022847652435303,0.4897959232330322,0.00014952155470382422,0.9999089241027832
ISIC_0030566,HAM_0002464,0,1,1,0.003776170779019594,0.9955723285675049,1.415513725078199e-05,4.461017670109868e-05,0.0003123606729786843,0.00023010076256468892,5.016144859837368e-05,0.4947816729545593,0.4897959232330322,5.028676241636276e-05,0.9999767541885376
ISIC_0028613,HAM_0004080,0,1,1,0.020049365237355232,0.9358916878700256,0.00010136903438251466,0.0007638473762199283,0.042377620935440063,0.0006389842019416392,0.00017713398847263306,0.5323066711425781,0.44897958636283875,3.714867489179596e-05,0.9999345541000366
ISIC_0027591,HAM_0001614,0,1,1,3.241867943870602e-06,0.9995800852775574,2.901382504205685e-05,1.642956158320885e-05,8.389521826757118e-05,0.0002677970624063164,1.962120040843729e-05,0.5380570888519287,0.4693877398967743,0.0001933943567564711,0.9998818635940552
ISIC_0029703,HAM_0000617,0,1,1,6.589168037862692e-07,0.999950647354126,4.565695689962013e-06,1.0496709364815615e-05,1.2880354006483685e-05,1.6563057215535082e-05,4.161460765317315e-06,0.535931408405304,0.4897959232330322,8.443154911219608e-06,0.9999837875366211
ISIC_0031213,HAM_0005225,0,1,1,0.0015685211401432753,0.9979130625724792,2.1135540009709075e-05,0.00010654565994627774,5.9456073358887807e-05,0.0002640354505274445,6.712288450216874e-05,0.5308695435523987,0.4897959232330322,8.157892807503231e-06,0.9999945163726807
ISIC_0031038,HAM_0007323,0,1,1,3.3293017622781917e-06,0.9998866319656372,3.1339503038907424e-05,1.1799380445154384e-05,2.008137926168274e-05,2.3112865164875984e-05,2.362937811994925e-05,0.4896201193332672,0.4897959232330322,5.954641164862551e-05,0.9999853372573853
ISIC_0032337,HAM_0002038,0,1,1,8.623870235169306e-05,0.9980717897415161,4.645467925001867e-05,1.0972701602440793e-05,0.0016958103515207767,6.9923531555105e-05,1.8741231542662717e-05,0.5235582590103149,0.4897959232330322,3.64747793355491e-05,0.9999727010726929
ISIC_0026659,HAM_0006641,0,1,1,2.0087260054424405e-05,0.999790370464325,9.58479995460948e-06,9.036947631102521e-06,8.636914571980014e-05,6.799587572459131e-05,1.6444082575617358e-05,0.5051570534706116,0.4693877398967743,8.308659744216129e-05,0.999808132648468
ISIC_0030049,HAM_0007469,0,1,1,0.00021027335606049746,0.9949733018875122,0.0002509454789105803,0.000863682187628001,0.0012245430843904614,0.0010173742193728685,0.00145983905531466,0.5588311553001404,0.44897958636283875,0.0003187994007021189,0.9996912479400635
ISIC_0030547,HAM_0006956,0,1,1,3.7559036059064965e-07,0.9999691247940063,1.9367053027963266e-06,2.7126532131660497e-06,3.3302717383776326e-06,1.8952971004182473e-05,3.4833747122320347e-06,0.5192606449127197,0.4897959232330322,3.3626192816882394e-06,0.9999979734420776
ISIC_0031909,HAM_0007266,0,1,1,7.665438715775963e-06,0.9998691082000732,3.969606405007653e-05,3.685111778395367e-06,3.20167928293813e-05,4.084315150976181e-05,6.894327725603944e-06,0.44742506742477417,0.5306122303009033,1.385025643685367e-05,0.9999966621398926
ISIC_0026822,HAM_0002626,0,1,1,3.12918336931034e-06,0.9999269247055054,8.014667400857434e-06,7.727368938503787e-06,1.4659650332760066e-05,2.5686393200885504e-05,1.3852158190275077e-05,0.4818841218948364,0.4897959232330322,5.068447717349045e-05,0.9999459981918335
ISIC_0028819,HAM_0003536,0,1,1,1.1880321437729435e-07,0.9999576807022095,7.5786333582072984e-06,2.9408470254566055e-06,1.0176035175391007e-05,1.4188447494234424e-05,7.3166934271284845e-06,0.5024793148040771,0.4897959232330322,2.7482852601679042e-05,0.9999868869781494
ISIC_0029274,HAM_0003632,0,1,1,4.836446805711603e-06,0.9997902512550354,3.132130586891435e-05,7.604823167639552e-06,0.00013569048314820975,2.1050722352811135e-05,9.173290891340002e-06,0.42742490768432617,0.5714285373687744,4.1145915020024404e-05,0.9999867677688599
ISIC_0029132,HAM_0001632,0,1,1,1.948833596543409e-05,0.9999343156814575,1.1263978194619995e-05,3.591623908505426e-06,7.672938409086782e-06,1.6962725567282178e-05,6.722148555127205e-06,0.5030699372291565,0.5102040767669678,3.02010630548466e-05,0.9999700784683228
ISIC_0026949,HAM_0007252,0,1,1,1.171917801912059e-06,0.9998903274536133,2.7917933039134368e-05,7.965993972902652e-06,9.741300345922355e-06,5.33269667357672e-05,9.555967153573874e-06,0.518664538860321,0.4897959232330322,0.0001648394245421514,0.9998538494110107
ISIC_0028428,HAM_0001338,0,1,1,0.002558354288339615,0.9954221844673157,0.0003881941083818674,0.00020038320508319885,0.0002623072941787541,0.0006095304270274937,0.0005589603679254651,0.4730986952781677,0.5510203838348389,0.00023002414673101157,0.999910831451416
ISIC_0024309,HAM_0000484,0,1,1,1.5068337688717293e-07,0.9999551773071289,3.7002944281994132e-06,1.4842897826383705e-06,2.291430428158492e-05,1.1723857824108563e-05,4.911265477858251e-06,0.5752056241035461,0.4285714328289032,2.4158369342330843e-05,0.9999891519546509
ISIC_0030871,HAM_0004533,0,1,1,7.371549872914329e-05,0.99398273229599,0.0003289987798780203,0.00021121243480592966,0.004255898762494326,0.0008732977439649403,0.00027407024754211307,0.5118187665939331,0.4897959232330322,0.0002102692669723183,0.9998579025268555
ISIC_0029699,HAM_0005241,0,1,1,0.000176724381162785,0.9943572878837585,0.00037959692417643964,0.0005248769302852452,0.0021502103190869093,0.0020717275328934193,0.0003394567465875298,0.49329841136932373,0.4897959232330322,4.2125757317990065e-05,0.9999369382858276
ISIC_0025116,HAM_0004316,0,1,1,0.00012023105227854103,0.9993451237678528,2.6305553546990268e-05,0.00040692416951060295,4.146803985349834e-05,2.6360954507254064e-05,3.356164233991876e-05,0.5932053327560425,0.40816324949264526,2.650441456353292e-05,0.9999855756759644
ISIC_0031279,HAM_0006339,0,1,1,2.098215929891012e-07,0.9999830722808838,9.578509434504667e-07,3.254238663430442e-06,3.962261416745605e-06,6.341247626551194e-06,2.221946942881914e-06,0.5235357880592346,0.4897959232330322,5.30002444065758e-06,0.9999934434890747
ISIC_0030804,HAM_0000702,0,1,1,2.2033370896679116e-06,0.9999712705612183,5.787170721305301e-06,2.6729521778179333e-06,3.2004506920202402e-06,1.1213269317522645e-05,3.7268696360115428e-06,0.5342193245887756,0.4693877398967743,0.00010794204717967659,0.9999642372131348
ISIC_0027472,HAM_0004256,0,1,1,1.8596175550555927e-06,0.9999591112136841,6.412936727429042e-06,8.234648703364655e-06,1.571711436554324e-05,5.4799943427497055e-06,3.2320931495632976e-06,0.48044171929359436,0.5102040767669678,3.7162706576054916e-05,0.9999932050704956
ISIC_0027333,HAM_0000564,0,1,4,0.0012368527241051197,0.4721950888633728,0.0007764075417071581,0.02724994532763958,0.48987752199172974,0.006925121881067753,0.001739076105877757,0.5423316359519958,0.44897958636283875,0.00010049133561551571,0.9998180270195007
ISIC_0030569,HAM_0003924,0,1,1,1.729829455143772e-05,0.9997923970222473,6.455029506469145e-06,5.897093069506809e-05,0.0001074341416824609,9.382603820995428e-06,8.042222361837048e-06,0.5146289467811584,0.4897959232330322,3.446210757829249e-05,0.9999901056289673
ISIC_0031661,HAM_0001519,0,1,1,2.6398225827506394e-07,0.9998805522918701,5.5911618801474106e-06,2.8763713544321945e-06,3.022032069566194e-05,6.516616849694401e-05,1.5277526472345926e-05,0.49605342745780945,0.5102040767669678,5.8351861298433505e-06,0.9999982118606567
ISIC_0027482,HAM_0001502,0,1,1,0.00018886518955696374,0.9991812109947205,6.205245153978467e-05,9.282923565478995e-05,0.0002573617675807327,6.76333875162527e-05,0.00015008842456154525,0.4834398329257965,0.5306122303009033,5.035893991589546e-05,0.9999750852584839
ISIC_0027646,HAM_0000541,0,1,1,7.62336185289314e-08,0.9999905824661255,1.7921670405485202e-06,2.8807180569856428e-06,1.4544309578923276e-06,2.210160118920612e-06,9.535516483083484e-07,0.48314139246940613,0.5102040767669678,9.51144284044858e-06,0.9999877214431763
ISIC_0026051,HAM_0005813,0,1,1,2.446115274779004e-07,0.9999735355377197,3.366760893186438e-06,2.586826667538844e-06,1.9710566903086146e-06,1.0653287972672842e-05,7.630353138665669e-06,0.5062398910522461,0.4897959232330322,5.91994739806978e-06,0.9999986886978149
ISIC_0028184,HAM_0007152,0,1,1,4.084170086571248e-07,0.9999814033508301,1.6596401337665156e-06,1.6071031723186024e-06,2.456435822750791e-06,1.0059521628136281e-05,2.5506622023385717e-06,0.5572606325149536,0.4285714328289032,2.1109187855472555e-06,0.9999995231628418
ISIC_0026320,HAM_0005564,0,1,1,6.031196448930132e-07,0.999698281288147,4.084131433046423e-05,8.247682671935763e-06,5.6156463870138396e-06,0.0002134762762580067,3.2995041692629457e-05,0.4359291195869446,0.5714285373687744,9.296625648858026e-06,0.9999969005584717
ISIC_0029848,HAM_0001993,0,1,1,2.1410842236946337e-06,0.9999858140945435,3.201336539859767e-06,1.2483880027502892e-06,2.753376065811608e-06,2.530816800572211e-06,2.4212731659645215e-06,0.5466761589050293,0.4693877398967743,8.890317076293286e-06,0.9999988079071045
ISIC_0024803,HAM_0001168,0,1,1,1.0818116606969852e-06,0.9998304843902588,4.238856490701437e-05,7.66612993174931e-06,2.550064709794242e-05,3.958301749662496e-05,5.3296527767088264e-05,0.5038952827453613,0.5102040767669678,7.1660106186755e-06,0.9999986886978149
ISIC_0026087,HAM_0002378,0,1,1,1.8709719142862014e-06,0.9999781847000122,1.5683672245359048e-06,1.1853387604787713e-06,9.034647519001737e-06,6.630749794567237e-06,1.476012471357535e-06,0.5528954267501831,0.44897958636283875,4.800453461939469e-05,0.9999674558639526
ISIC_0025607,HAM_0004757,0,1,1,3.4997034958905715e-07,0.9999295473098755,2.7212206532567507e-06,1.3867817870050203e-05,8.078080099949148e-06,3.9965088944882154e-05,5.52610435988754e-06,0.5429069995880127,0.4897959232330322,1.121831974160159e-05,0.9999948740005493
ISIC_0027938,HAM_0006885,0,1,1,5.164453341421904e-06,0.999971866607666,3.1774820854479913e-06,4.1135758692689706e-06,9.523650987830479e-07,9.80695585894864e-06,4.841848294745432e-06,0.4804026186466217,0.5102040767669678,9.11269016796723e-05,0.99998939037323
ISIC_0030206,HAM_0000191,0,1,1,1.1345984603394754e-05,0.9998956918716431,5.361089279176667e-06,2.2456355509348214e-05,1.6959287677309476e-05,3.047564132430125e-05,1.7705056961858645e-05,0.5560621619224548,0.4693877398967743,8.037831321416888e-06,0.9999978542327881
ISIC_0031256,HAM_0005065,0,1,1,2.152936076527112e-06,0.9991129040718079,5.049518949817866e-05,3.654663669294678e-05,9.625864186091349e-05,0.0006421279977075756,5.94792072661221e-05,0.5093254446983337,0.4897959232330322,8.34938109619543e-05,0.9999688863754272
ISIC_0028062,HAM_0004964,0,1,1,4.217056812194642e-06,0.9998229146003723,2.2137128325994126e-06,0.00011103555152658373,4.836796142626554e-05,7.185102276707767e-06,4.027303020848194e-06,0.5018669962882996,0.4897959232330322,4.912369604426203e-06,0.9999980926513672
ISIC_0027935,HAM_0005219,0,1,1,8.451225994576816e-07,0.9999271631240845,2.463235978211742e-05,5.202502961765276e-06,1.654920015425887e-05,1.2988513844902627e-05,1.2537332622741815e-05,0.605712890625,0.3877550959587097,0.00013838084123563021,0.9999418258666992
ISIC_0027156,HAM_0005172,0,1,1,3.28594287566375e-05,0.997722327709198,5.9218768001301214e-05,0.0004936116747558117,0.0015346468426287174,0.0001211469789268449,3.6171342799207196e-05,0.5248125791549683,0.4897959232330322,4.625641668098979e-05,0.9999544620513916
ISIC_0032367,HAM_0006415,0,1,1,0.06511016935110092,0.8388739824295044,0.00019203992269467562,0.0006138962926343083,0.09410085529088974,0.0004913165466859937,0.0006177689647302032,0.5080264210700989,0.5102040767669678,1.6416001017205417e-05,0.9999092817306519
ISIC_0028160,HAM_0006659,0,1,1,1.6903085224839742e-06,0.9992433786392212,0.0005296652088873088,8.42804820422316e-06,4.102172897546552e-05,6.136733281891793e-05,0.00011451989121269435,0.5200839042663574,0.4897959232330322,2.800162292260211e-05,0.9999955892562866
ISIC_0030332,HAM_0007035,0,1,1,1.4396368896996137e-06,0.999747097492218,9.226747351931408e-06,0.00010624859714880586,4.051704308949411e-05,8.682424231665209e-05,8.540527232980821e-06,0.4946129322052002,0.5102040767669678,4.64897821075283e-05,0.9999791383743286
ISIC_0027440,HAM_0003025,0,1,1,2.0379146008053795e-05,0.9998819828033447,1.0308145647286437e-05,2.991872861457523e-06,4.28910534537863e-05,2.2642190742772073e-05,1.8820057448465377e-05,0.5635469555854797,0.44897958636283875,0.0001386381045449525,0.9998776912689209
ISIC_0025747,HAM_0006911,0,1,1,0.0006764357094652951,0.913700520992279,0.00023991690250113606,8.9314766228199e-05,0.08455538004636765,0.000291625561658293,0.000446810299763456,0.5549189448356628,0.44897958636283875,4.332949174568057e-05,0.9999450445175171
ISIC_0027869,HAM_0001411,0,1,1,1.3468557881424204e-05,0.9998780488967896,1.5052139133331366e-05,2.103999804603518e-06,6.566145020769909e-05,1.1148929843329825e-05,1.4441263374465052e-05,0.5687127113342285,0.44897958636283875,7.135787745937705e-05,0.9999704360961914
ISIC_0026910,HAM_0003661,0,1,1,4.6209754600567976e-07,0.99996018409729,8.29594318929594e-06,1.7618801848584553e-06,4.8151118789974134e-06,1.2919992514071055e-05,1.161709224106744e-05,0.594797670841217,0.40816324949264526,4.85952477902174e-05,0.9999934434890747
ISIC_0031800,HAM_0003551,0,1,1,4.604675609698461e-07,0.9999523162841797,2.5069866751437075e-06,1.8943011355077033e-06,2.0992903955630027e-05,2.0417308405740187e-05,1.3967501217848621e-06,0.5526542663574219,0.44897958636283875,3.779095277423039e-05,0.9999790191650391
ISIC_0030743,HAM_0003513,0,1,1,2.9261267627589405e-05,0.9916734099388123,0.00013429499813355505,0.0005357949994504452,0.007227096240967512,0.0003363841096870601,6.385656161000952e-05,0.5372311472892761,0.44897958636283875,0.0006153393187560141,0.9998546838760376
ISIC_0025028,HAM_0003231,0,1,1,1.078902369044954e-05,0.9996671676635742,2.439982745272573e-05,3.4133113331336062e-06,2.4889684937079437e-05,0.00024126107746269554,2.7970323571935296e-05,0.514495313167572,0.4693877398967743,0.0001909216371132061,0.9999215602874756
ISIC_0030202,HAM_0003644,0,1,1,6.368999493133742e-06,0.9994577765464783,5.046855949331075e-05,3.421001383685507e-05,3.9736572944093496e-05,0.0003240164078306407,8.743559737922624e-05,0.5407499074935913,0.4897959232330322,0.00017297896556556225,0.9998443126678467
ISIC_0032166,HAM_0001960,0,1,1,0.00039571692468598485,0.9989503026008606,0.0003769595641642809,3.430510332691483e-05,8.312502905027941e-05,6.400021811714396e-05,9.571592090651393e-05,0.5922069549560547,0.40816324949264526,2.0318917449912988e-05,0.9999638795852661
ISIC_0032266,HAM_0002289,0,1,1,7.922287295514252e-06,0.9989990592002869,0.00015457371773663908,6.218539056135342e-05,5.368624988477677e-05,0.0004156559007242322,0.0003069448284804821,0.44483113288879395,0.5306122303009033,0.00023864292597863823,0.9999113082885742
ISIC_0029471,HAM_0000205,0,1,1,7.905488814685668e-07,0.9998100399971008,3.649374411907047e-05,8.302008609462064e-06,1.888398219307419e-05,7.769221701892093e-05,4.777899812324904e-05,0.5503373146057129,0.44897958636283875,0.0001609579921932891,0.9999138116836548
ISIC_0024501,HAM_0007044,0,1,1,4.739113592222566e-06,0.9999487400054932,3.955544343625661e-06,3.0016958589840215e-06,1.1276134500803892e-05,9.20126785786124e-06,1.910813807626255e-05,0.48603275418281555,0.5102040767669678,4.1668841731734574e-05,0.9999871253967285
ISIC_0026243,HAM_0002230,0,1,1,4.381560574984178e-05,0.9996052384376526,1.2878887901024427e-05,0.00011748721590265632,7.653187640244141e-05,9.987722296500579e-05,4.420783443492837e-05,0.50738924741745,0.4897959232330322,2.260153905808693e-06,0.999998927116394
ISIC_0031637,HAM_0007159,0,1,1,1.9940233642046223e-07,0.9999876022338867,2.886862944251334e-07,4.6498720962517837e-07,5.0387006922392175e-06,3.836982614302542e-06,2.5200051823048852e-06,0.5305637121200562,0.4693877398967743,5.0660466513363644e-05,0.999945878982544
ISIC_0031190,HAM_0005028,0,1,1,5.748469220634433e-07,0.999906063079834,3.1581250368617475e-05,1.411398989148438e-05,1.1103329597972333e-05,2.4131770260282792e-05,1.2525917554739863e-05,0.4805128872394562,0.5306122303009033,5.1002349209738895e-05,0.9999849796295166
ISIC_0026710,HAM_0003732,0,1,1,5.688315241059172e-07,0.9999057054519653,1.5218629414448515e-06,2.0656575543398503e-06,5.266866719466634e-05,1.811654874472879e-05,1.9402345060370862e-05,0.5834377408027649,0.4285714328289032,5.413716280600056e-05,0.9999504089355469
ISIC_0024322,HAM_0001538,0,1,1,2.136104740202427e-06,0.9999414682388306,5.719359705835814e-06,2.5529209324304247e-06,2.800368019961752e-05,1.4652064237452578e-05,5.534566298592836e-06,0.5693714022636414,0.44897958636283875,3.1113901059143245e-05,0.9999881982803345
ISIC_0031523,HAM_0000686,0,1,1,0.00041846890235319734,0.999473512172699,6.908741852384992e-06,6.150155513751088e-06,4.2757037590490654e-05,4.1796771256485954e-05,1.0334973921999335e-05,0.5300105214118958,0.4897959232330322,3.737096631084569e-05,0.9999957084655762
ISIC_0028712,HAM_0002160,0,1,1,3.5411900967119436e-07,0.9999943971633911,5.093588129057025e-07,4.1593435184950067e-07,1.0107701200468e-06,2.0471113657549722e-06,1.358961412734061e-06,0.537980854511261,0.4693877398967743,1.5229813470796216e-05,0.9999873638153076
ISIC_0026112,HAM_0000301,0,1,1,3.6139722396910656e-06,0.9999041557312012,1.3488287322616088e-06,9.058242085302481e-07,7.195695070549846e-05,1.556109964440111e-05,2.356346385568031e-06,0.546104371547699,0.4285714328289032,4.3840980652021244e-05,0.9999876022338867
ISIC_0030878,HAM_0007166,0,1,1,1.6000410596461734e-06,0.9999901056289673,2.2926788005861454e-06,3.6156046689939103e-07,2.0326872345322045e-06,1.4909101082594134e-06,2.004680254685809e-06,0.519720196723938,0.4693877398967743,5.64574365853332e-05,0.999977707862854
ISIC_0025390,HAM_0001631,0,1,1,1.2374044899843284e-06,0.9998832941055298,1.7288330127485096e-06,8.473125490127131e-06,7.247050962178037e-05,2.4546601707697846e-05,8.291382073366549e-06,0.5523306131362915,0.44897958636283875,0.00016233020869549364,0.9999305009841919
ISIC_0029346,HAM_0004625,0,1,1,0.015509920194745064,0.9764165282249451,0.00014350572018884122,0.0011243013432249427,0.002746903570368886,0.003568225773051381,0.000490734470076859,0.5034114122390747,0.4897959232330322,0.00023503563716076314,0.9998869895935059
ISIC_0025981,HAM_0007499,0,1,1,1.3617113836517092e-05,0.9998868703842163,4.49697427029605e-06,1.757119025569409e-05,2.9004884709138423e-05,3.805384039878845e-05,1.045416411216138e-05,0.4934086203575134,0.5102040767669678,8.24554172140779e-06,0.9999974966049194
ISIC_0031865,HAM_0001556,0,1,1,1.823428306124697e-07,0.9999910593032837,4.6154673327691853e-07,1.2851689916715259e-06,3.845736955554457e-06,1.4804370493948227e-06,1.713405822556524e-06,0.5324605107307434,0.4693877398967743,6.042233144398779e-05,0.9999886751174927
ISIC_0025213,HAM_0003150,0,1,1,6.228991082934954e-07,0.9999772310256958,3.5759226193476934e-06,4.662237643060507e-06,4.158008778176736e-06,5.739792868553195e-06,4.01721035814262e-06,0.5214113593101501,0.4897959232330322,4.436722520040348e-06,0.9999992847442627
ISIC_0030099,HAM_0000474,0,1,1,3.868591011269018e-05,0.9997568726539612,4.914116289000958e-05,2.615663288452197e-05,5.408951983554289e-05,4.8951449571177363e-05,2.6132447601412423e-05,0.5125716328620911,0.4897959232330322,6.861203928565374e-06,0.9999985694885254
ISIC_0027108,HAM_0004922,0,1,1,1.2746566824262118e-07,0.9998606443405151,7.279591045517009e-06,9.38421089813346e-06,5.873436293768464e-06,0.00010681062121875584,9.858064004220068e-06,0.5171535015106201,0.4897959232330322,2.0866005812081312e-08,1.0
ISIC_0030596,HAM_0006285,0,1,1,2.458804829075234e-06,0.9999220371246338,8.727676686248742e-06,5.349667844711803e-06,4.2126055632252246e-05,9.04834087123163e-06,1.0177351214224473e-05,0.5450984835624695,0.4693877398967743,6.094750460761134e-06,0.9999973773956299
ISIC_0031231,HAM_0001875,0,1,1,2.232409997304785e-06,0.9999384880065918,4.682138296630001e-06,1.3478468645189423e-05,2.4316654162248597e-05,1.0730580470408313e-05,6.025955826771678e-06,0.4610775411128998,0.5306122303009033,8.492365850543138e-06,0.9999951124191284
ISIC_0030668,HAM_0006579,0,1,1,7.09644183416458e-08,0.9999895095825195,1.259174268852803e-06,2.009152012760751e-06,3.1534300433122553e-06,2.0289712665544357e-06,1.9526628420862835e-06,0.5678013563156128,0.44897958636283875,0.00016197598597500473,0.9999644756317139
ISIC_0028554,HAM_0000942,0,1,1,1.5652507272534422e-06,0.999725878238678,3.597732575144619e-05,1.961285488505382e-05,0.00018162527703680098,1.5738600268377922e-05,1.9553128367988393e-05,0.5162976980209351,0.4897959232330322,7.426048250636086e-05,0.9999737739562988
ISIC_0031714,HAM_0004307,0,1,1,3.533645895004156e-06,0.9997695088386536,0.00018782110419124365,4.615595571522135e-06,8.649917617731262e-06,1.604714270797558e-05,9.715455234982073e-06,0.50152188539505,0.4897959232330322,0.00030831192270852625,0.9998539686203003
ISIC_0024510,HAM_0007453,0,1,1,9.245896492870997e-09,0.99996018409729,1.195233949147223e-06,1.852028503890324e-06,4.574661033984739e-06,2.9512766559491865e-05,2.558491587478784e-06,0.5230836272239685,0.4897959232330322,5.853389211551985e-06,0.9999966621398926
ISIC_0029367,HAM_0003304,0,1,1,2.1846885545073746e-07,0.9999626874923706,4.279336735635297e-06,2.196007244492648e-06,1.0977618330798578e-05,1.2741061254928354e-05,6.9048223849677015e-06,0.48755893111228943,0.4897959232330322,1.9521992271620547e-06,0.9999986886978149
ISIC_0026449,HAM_0002284,0,1,1,0.00011470189201645553,0.9997400641441345,1.2800893273379188e-05,5.826039705425501e-05,1.7099995602620766e-05,3.3733387681422755e-05,2.327001311641652e-05,0.525458037853241,0.4897959232330322,7.5095085776411e-05,0.9999725818634033
ISIC_0029150,HAM_0005908,0,1,1,2.206178805863601e-06,0.9972072243690491,0.0002284668298671022,6.192977707542013e-06,0.00246660434640944,4.3520572944544256e-05,4.583721965900622e-05,0.5564287304878235,0.44897958636283875,0.00018430118507239968,0.9999077320098877
ISIC_0031978,HAM_0007286,0,1,1,2.2677033484796993e-05,0.9996069073677063,5.070371480542235e-05,8.595202234573662e-05,4.4942986278329045e-05,0.00012713659089058638,6.167655374156311e-05,0.5290254354476929,0.4285714328289032,3.3365085982950404e-05,0.9999953508377075
ISIC_0031898,HAM_0001008,0,1,1,1.8508465871036606e-07,0.9999288320541382,4.400818852445809e-06,3.567540716176154e-06,2.4670262064319104e-06,2.1350504539441317e-05,3.916703280992806e-05,0.5336022973060608,0.4693877398967743,2.719634721870534e-05,0.9999618530273438
ISIC_0024744,HAM_0004434,0,1,1,2.6457366075760547e-08,0.9999959468841553,1.813494009184069e-06,3.011858211721119e-07,2.678104920050828e-07,6.021536478328926e-07,1.0390934903625748e-06,0.5133028626441956,0.4897959232330322,1.8543751139077358e-05,0.9999793767929077
ISIC_0026773,HAM_0000021,0,1,1,6.476302161217973e-08,0.9999916553497314,1.3863991625839844e-06,8.014058039407246e-07,7.18766784757463e-07,3.8134212445584126e-06,1.5451952322109719e-06,0.49648645520210266,0.4897959232330322,0.00012057166895829141,0.9999381303787231
ISIC_0025551,HAM_0003022,0,1,1,7.817557161615696e-06,0.9998718500137329,1.1736416126950644e-05,1.4793988157180138e-05,6.197061338752974e-06,7.40101677365601e-05,1.3593178664450534e-05,0.5178963541984558,0.4693877398967743,4.253146835253574e-05,0.9999445676803589
ISIC_0024663,HAM_0000640,0,1,1,2.5908436782628996e-06,0.9996284246444702,7.08362449586275e-06,5.0924918468808755e-05,0.00014754905714653432,7.189602183643728e-05,9.157092426903546e-05,0.5972028970718384,0.4285714328289032,2.61023742496036e-05,0.9999133348464966
ISIC_0027971,HAM_0007082,0,1,1,1.33456282469524e-07,0.9994382262229919,0.00010558305075392127,4.959701982443221e-06,8.107459507300518e-06,0.00038991516339592636,5.2919182053301483e-05,0.5103045105934143,0.4897959232330322,2.4330176529474556e-05,0.9999754428863525
ISIC_0030518,HAM_0005872,0,1,1,8.655920282762963e-06,0.9999451637268066,3.108250894001685e-06,2.9570359401986934e-05,9.527294082545268e-07,8.393431016884279e-06,4.166179678577464e-06,0.5166577100753784,0.4897959232330322,3.459883600953617e-06,0.9999980926513672
ISIC_0027579,HAM_0004726,0,1,1,2.439081981719937e-06,0.999691367149353,7.270418427651748e-05,1.7203828974743374e-05,5.8403355069458485e-05,0.00011958315735682845,3.84741069865413e-05,0.5013248324394226,0.4897959232330322,9.305094135925174e-05,0.9999651908874512
ISIC_0025082,HAM_0000158,0,1,1,7.266950706252828e-05,0.9993088245391846,5.914692155783996e-05,0.00011904682469321415,2.0453069737413898e-05,0.0002770951250568032,0.00014285701035987586,0.4825160503387451,0.5102040767669678,0.0003273626498412341,0.9999412298202515
ISIC_0031581,HAM_0003329,0,1,1,1.8442689153630454e-08,0.9999806880950928,6.3310926634585485e-06,2.4860037228791043e-06,2.6087157039000886e-06,3.6014562283526175e-06,4.272546448191861e-06,0.48115086555480957,0.4897959232330322,1.0494408115846454e-06,0.9999998807907104
ISIC_0030262,HAM_0006474,0,1,1,4.57870874015498e-06,0.999962329864502,5.610363132291241e-06,5.278657681628829e-06,4.332240223448025e-06,1.0236956768494565e-05,7.685112905164715e-06,0.4793291687965393,0.5102040767669678,5.905246507609263e-05,0.9999587535858154
ISIC_0030972,HAM_0002181,0,1,1,5.603968702416751e-07,0.9999773502349854,3.0662663448310923e-06,1.7758002286427654e-06,1.2294810403545853e-05,3.3600281312828884e-06,1.546727048662433e-06,0.4958915710449219,0.4897959232330322,1.283730125578586e-05,0.9999982118606567
ISIC_0026448,HAM_0002659,0,1,1,0.0007979149813763797,0.9986792206764221,2.6190433345618658e-05,4.2358737118775025e-05,0.00035947508877143264,4.763411561725661e-05,4.720378274214454e-05,0.5370408892631531,0.4897959232330322,1.7973232388612814e-05,0.9999959468841553
ISIC_0030413,HAM_0006546,0,1,1,4.3510071918717586e-06,0.9997015595436096,3.222688610549085e-05,8.775661990512162e-05,2.7439482437330298e-05,0.00012046712799929082,2.6240608349326067e-05,0.46562638878822327,0.5510203838348389,3.513578849378973e-05,0.9999896287918091
ISIC_0026510,HAM_0002428,0,1,1,7.874402399465907e-06,0.9999072551727295,8.925308975449298e-06,2.38081793213496e-05,3.0197705200407654e-05,1.0372584256401751e-05,1.1477243788249325e-05,0.5139589905738831,0.4897959232330322,4.756026100949384e-05,0.9999722242355347
ISIC_0029312,HAM_0006502,0,1,1,1.7717050013743574e-06,0.9938660264015198,1.2533704648376442e-05,9.995539585361257e-05,0.005780281499028206,0.00020876963390037417,3.0567407520720735e-05,0.5071813464164734,0.4897959232330322,4.307562267058529e-05,0.9999752044677734
ISIC_0030545,HAM_0006831,0,1,1,0.0017564462032169104,0.9975242018699646,7.015172741375864e-05,0.0001248958142241463,0.00013747149205300957,0.00021084240870550275,0.0001759860897436738,0.5165175199508667,0.4897959232330322,5.581462028203532e-05,0.9998956918716431
ISIC_0026570,HAM_0002728,0,1,1,3.6286810427554883e-06,0.9999738931655884,6.800128744544054e-07,1.878571652014216e-06,1.3602879334939644e-05,3.5903894968214445e-06,2.764783857855946e-06,0.5385361909866333,0.4693877398967743,0.00011636100680334494,0.9999055862426758
ISIC_0030657,HAM_0005639,0,1,1,1.137957269747858e-06,0.9999691247940063,4.527614692051429e-06,3.789712081925245e-06,3.3404760415578494e-06,1.4119713341642637e-05,4.0282270674651954e-06,0.4984239637851715,0.4897959232330322,2.4262357328552753e-05,0.9999945163726807
ISIC_0026832,HAM_0000630,0,1,1,6.536234195664292e-06,0.9997959733009338,2.2683032511849888e-05,5.380229413276538e-05,3.8003814552212134e-05,6.342386768665165e-05,1.963449722097721e-05,0.4298923909664154,0.5714285373687744,2.1118365111760795e-05,0.999963641166687
ISIC_0026884,HAM_0002763,0,1,1,0.0001334374101134017,0.9996441602706909,4.759214061778039e-05,2.844402661139611e-05,7.398724119411781e-05,2.8958849725313485e-05,4.335930498200469e-05,0.6282987594604492,0.34693875908851624,0.00031325934105552733,0.9998219609260559
ISIC_0029772,HAM_0006805,0,1,1,2.644059691192524e-07,0.9999431371688843,1.4336279491544701e-05,1.672897269600071e-06,2.467838157826918e-06,1.2768741726176813e-05,2.5328468836960383e-05,0.5046667456626892,0.5306122303009033,0.00040252937469631433,0.9996614456176758
ISIC_0028561,HAM_0005517,0,1,1,4.783957479048695e-07,0.999535083770752,5.550969945034012e-05,0.00022598022769670933,2.559349923103582e-05,0.0001255730603588745,3.170225318172015e-05,0.5416722893714905,0.4693877398967743,3.032811491721077e-06,0.9999967813491821
ISIC_0024619,HAM_0006829,0,1,1,4.38470124208834e-06,0.9995269775390625,0.00036660279147326946,3.255108094890602e-05,7.941592230054084e-06,3.053633918170817e-05,3.1087220122572035e-05,0.5462339520454407,0.4897959232330322,5.082387360744178e-05,0.999902606010437
ISIC_0027723,HAM_0003264,0,1,1,5.0982557695533615e-06,0.9999608993530273,7.519399787270231e-06,5.881232937099412e-06,2.9073373752908083e-06,1.3770621080766432e-05,3.9153328543761745e-06,0.48947516083717346,0.5102040767669678,3.572881905711256e-05,0.9999847412109375
ISIC_0025164,HAM_0005405,0,1,1,1.3912181202613283e-06,0.9994687438011169,5.99196064285934e-05,3.371924685779959e-05,5.743197107221931e-06,0.0004061900544911623,2.427532490401063e-05,0.49107110500335693,0.5102040767669678,4.69540900667198e-05,0.9999784231185913
ISIC_0031532,HAM_0004247,0,1,1,3.1822203254705528e-06,0.9999103546142578,7.969375474203844e-06,5.068789505457971e-06,1.3744747775490396e-05,5.097669782117009e-05,8.581824658904225e-06,0.5225219130516052,0.4897959232330322,0.00010642531560733914,0.9999736547470093
ISIC_0031434,HAM_0003425,0,1,1,1.4822051070950693e-06,0.9999191761016846,6.144945928099332e-06,3.7663543480448425e-05,4.87985971631133e-06,1.5655466995667666e-05,1.5025479115138296e-05,0.4801621735095978,0.5102040767669678,0.00013326235057320446,0.9999872446060181
ISIC_0024807,HAM_0006922,0,1,1,1.1927717480375577e-07,0.9999794960021973,1.4645139572166954e-06,8.127414730552118e-06,4.687978162110085e-06,5.0321000344411004e-06,1.0912609695878928e-06,0.5137273073196411,0.4897959232330322,3.6583987821359187e-06,0.9999980926513672
ISIC_0028083,HAM_0007496,0,1,1,1.7311348301518592e-06,0.9998948574066162,4.310287749831332e-06,7.355358684435487e-05,1.1371475011401344e-05,9.311865142080933e-06,4.849794095207471e-06,0.5267879366874695,0.4897959232330322,4.9924859922612086e-05,0.9999632835388184
ISIC_0024395,HAM_0000813,0,1,1,1.0195368105314628e-07,0.9999275207519531,1.1176851330674253e-05,3.2620525871607242e-06,1.1744750736397691e-05,3.339325849083252e-05,1.2884846910310443e-05,0.4861595034599304,0.5102040767669678,7.288532651728019e-05,0.9999669790267944
ISIC_0026170,HAM_0001010,0,1,1,1.5785560663061915e-06,0.999909520149231,2.8219075829838403e-05,4.037301096104784e-06,3.7184493066888535e-06,2.0652154489653185e-05,3.225351611035876e-05,0.4997085928916931,0.5102040767669678,8.737100870348513e-05,0.9999505281448364
ISIC_0031055,HAM_0004180,0,1,1,2.049718403895895e-07,0.99996018409729,5.934448836342199e-06,1.206040565193689e-06,3.829917204711819e-06,1.0782237950479612e-05,1.7966825907933526e-05,0.5338076949119568,0.4897959232330322,1.2823828910768498e-05,0.9999887943267822
ISIC_0031273,HAM_0006687,0,1,1,5.010243967262795e-06,0.9999573230743408,3.5967145777249243e-06,5.442013389256317e-06,4.5414080886985175e-06,1.634859108889941e-05,7.67437359172618e-06,0.5272068977355957,0.4693877398967743,4.367082624412433e-07,0.9999995231628418
ISIC_0029748,HAM_0006260,0,1,1,4.49848670314168e-07,0.9999337196350098,7.897827345004771e-06,2.6233999506075634e-06,1.8098802684107795e-05,2.8207354262121953e-05,8.953780707088299e-06,0.5282723307609558,0.4897959232330322,8.319529115397017e-06,0.9999966621398926
ISIC_0031490,HAM_0005685,0,1,1,6.288659278652631e-06,0.9993232488632202,0.0004895834135822952,0.00014347772230394185,5.606723334494745e-06,1.0026102245319635e-05,2.1851956262253225e-05,0.5130496621131897,0.4897959232330322,9.176206731353886e-06,0.999994158744812
ISIC_0027477,HAM_0000641,0,1,1,9.285302439820953e-06,0.999045193195343,7.766914495732635e-05,0.00022351347433868796,0.0003922040923498571,0.00022185678244568408,3.0209648684831336e-05,0.4973885118961334,0.4897959232330322,2.890110044972971e-05,0.9999818801879883
ISIC_0028771,HAM_0005305,0,1,1,5.167382823856315e-06,0.9949404001235962,9.579477773513645e-05,9.664845129009336e-05,0.003927611745893955,0.0007445280207321048,0.00018992905097547919,0.5702019333839417,0.44897958636283875,2.212604886153713e-05,0.9999855756759644
ISIC_0029087,HAM_0000911,0,1,1,5.0395097787259147e-05,0.9997863173484802,3.805349479080178e-05,4.203542266623117e-05,5.008162042940967e-05,1.0886685231525917e-05,2.2279606127995066e-05,0.48151424527168274,0.5306122303009033,0.0003411850775592029,0.9999121427536011
ISIC_0025162,HAM_0003353,0,1,1,0.00034553188015706837,0.9995313882827759,1.722546949167736e-05,3.13859673042316e-05,5.4600041039520875e-05,1.4019869013282005e-05,5.88621833230718e-06,0.5536410808563232,0.44897958636283875,8.761564458836801e-06,0.9999899864196777
ISIC_0026407,HAM_0001736,0,1,1,1.1120813070419899e-07,0.999961256980896,2.4157866391760763e-06,3.966306849179091e-06,1.8552009350969456e-05,1.1045935025322251e-05,2.674664301594021e-06,0.5253608822822571,0.4693877398967743,6.416540418285877e-05,0.9999403953552246
ISIC_0031165,HAM_0006413,0,1,1,5.66018684367009e-07,0.9999065399169922,8.361739674001e-06,1.8739395954980864e-06,2.0497533114394173e-05,5.3590902098221704e-05,8.430369234702084e-06,0.5025321841239929,0.4897959232330322,0.0001142612163675949,0.9999667406082153
ISIC_0027994,HAM_0007525,0,1,1,3.7813940707565052e-06,0.9998383522033691,1.8368973542237654e-05,1.3348744687391445e-05,8.234719280153513e-05,3.2824056688696146e-05,1.1038123375328723e-05,0.5128751397132874,0.4897959232330322,8.397991223318968e-06,0.9999961853027344
ISIC_0029844,HAM_0002999,0,1,1,5.332934233592823e-05,0.9998575448989868,3.349583494127728e-06,4.157994681008859e-06,6.55713738524355e-05,1.1681911018968094e-05,4.326976522861514e-06,0.5146080851554871,0.4897959232330322,3.511230897856876e-05,0.9999945163726807
ISIC_0027941,HAM_0002290,0,1,1,1.1972329048148822e-05,0.9997023940086365,5.761995635111816e-05,7.902261131675914e-06,0.00020318874157965183,1.0779777767311316e-05,6.146357009129133e-06,0.4658651351928711,0.5306122303009033,1.530403608285269e-07,0.9999996423721313
ISIC_0027936,HAM_0000428,0,1,1,1.0626165476423921e-06,0.9999786615371704,7.846203970984789e-07,2.735446514634532e-06,2.221125669166213e-06,1.3569902876042761e-05,9.478510492044734e-07,0.49987393617630005,0.4897959232330322,4.0353843360207975e-05,0.9999889135360718
ISIC_0027230,HAM_0001687,0,1,1,1.425036862201523e-05,0.9961183071136475,0.0002922952699009329,0.0021688039414584637,0.0006482519675046206,0.0005322014330886304,0.00022591438028030097,0.48779428005218506,0.5102040767669678,0.00011766636453103274,0.9998514652252197
ISIC_0031144,HAM_0006316,0,1,1,2.4901376036723377e-06,0.9999474287033081,1.4113948054728098e-06,5.104136562295025e-06,2.6930702006211504e-05,8.816861736704595e-06,7.814629498170689e-06,0.5144965648651123,0.4897959232330322,0.00010394516721135005,0.9999167919158936
ISIC_0028535,HAM_0005493,0,1,1,8.265709766419604e-06,0.999923586845398,6.707763532176614e-06,9.848132322076708e-06,1.4549819752573967e-05,2.8972413929295726e-05,7.986721357156057e-06,0.5085529088973999,0.4897959232330322,1.9218403394916095e-05,0.9999932050704956
ISIC_0024574,HAM_0005390,0,1,1,1.9489240798975516e-07,0.9999836683273315,1.1354068192304112e-06,7.673510822314711e-07,5.44981730854488e-06,3.7038844311609864e-06,5.1491952035576105e-06,0.5489300489425659,0.4693877398967743,3.9042573916958645e-05,0.9999862909317017
ISIC_0025965,HAM_0005210,0,1,1,2.1727970533902408e-07,0.9999635219573975,1.7648299035499804e-05,1.1924256568818237e-06,4.866500603384338e-06,7.516136065532919e-06,5.053188488091109e-06,0.5355827212333679,0.4693877398967743,0.0001550222805235535,0.9998898506164551
ISIC_0026322,HAM_0007624,0,1,1,1.0689260307117365e-05,0.9994631409645081,1.6163384088940802e-06,3.452800228842534e-05,0.0004738285206258297,1.1832811651402153e-05,4.429765795066487e-06,0.5313470959663391,0.4897959232330322,0.00019687072199303657,0.9997755885124207
ISIC_0029226,HAM_0000831,0,1,1,3.37603923981078e-05,0.9996057152748108,1.6907481040107086e-05,0.00016125995898619294,0.00015050801448523998,1.7352724171360023e-05,1.4536151866195723e-05,0.5273776650428772,0.4693877398967743,1.697942934697494e-05,0.999997615814209
ISIC_0025614,HAM_0002089,0,1,1,7.521311545133358e-06,0.9999575614929199,7.756334525765851e-06,2.8314661904005334e-06,4.6377640501304995e-06,9.373358807351906e-06,1.0197891242569312e-05,0.5493505597114563,0.4693877398967743,5.313260408001952e-05,0.9999691247940063
ISIC_0025404,HAM_0000251,0,1,1,2.155131005565636e-05,0.9998544454574585,1.1162933333253022e-05,1.6912414139369503e-05,4.919904677080922e-05,1.7301415937254205e-05,2.946527092717588e-05,0.6111788749694824,0.40816324949264526,1.1615591574809514e-05,0.9999746084213257
ISIC_0025854,HAM_0000360,0,1,1,2.5392500901944004e-06,0.9990129470825195,4.778295260621235e-05,0.0002463960263412446,0.00035274194669909775,0.0003114746941719204,2.61227924056584e-05,0.5092613697052002,0.4897959232330322,5.578945274464786e-05,0.9999657869338989
ISIC_0025296,HAM_0006862,0,1,1,2.2439091651449417e-07,0.9999821186065674,1.433275770068576e-06,1.1603456187003758e-06,5.726255949412007e-06,2.321635292901192e-06,7.007663498370675e-06,0.5395314693450928,0.4693877398967743,8.604741015005857e-05,0.9999253749847412
ISIC_0030037,HAM_0002568,0,1,1,2.607321789582784e-07,0.9999741315841675,2.2605104277317878e-06,9.056919225258753e-06,9.299415978603065e-06,3.554294835339533e-06,1.4228836562324432e-06,0.5256810784339905,0.4897959232330322,8.748597610974684e-05,0.9999818801879883
ISIC_0025549,HAM_0005128,0,1,1,8.71045301664708e-07,0.999987006187439,5.506059892468329e-07,1.8139553503715433e-06,3.945007847505622e-06,2.363949306527502e-06,3.4441934531059815e-06,0.49497807025909424,0.4897959232330322,4.2865689465543255e-05,0.9999927282333374
ISIC_0032239,HAM_0004858,0,1,1,1.9130072814732557e-06,0.999983549118042,1.8089857576342183e-06,4.060769697389333e-06,2.617802465465502e-06,3.579398480724194e-06,2.501392827980453e-06,0.44400811195373535,0.5510203838348389,6.642002063017571e-06,0.9999953508377075
ISIC_0028143,HAM_0006373,0,1,1,1.0302385362592759e-06,0.9999300241470337,2.495487206033431e-05,7.0825863076606765e-06,5.6734115787548944e-06,1.7530323020764627e-05,1.3806356946588494e-05,0.4605330526828766,0.5510203838348389,4.87287297801231e-06,0.9999997615814209
ISIC_0031969,HAM_0004528,0,1,1,1.7281654436374083e-05,0.999893307685852,1.9721189801202854e-06,1.0649589057720732e-05,3.667402779683471e-05,3.233238749089651e-05,7.837178600311745e-06,0.5336092114448547,0.4693877398967743,3.3615764550631866e-05,0.9999799728393555
ISIC_0028383,HAM_0005556,0,1,1,3.976516836701194e-06,0.9998836517333984,2.440046728224843e-06,4.137883661314845e-05,2.5053390345419757e-05,3.573466165107675e-05,7.772302524244878e-06,0.5287585258483887,0.4693877398967743,3.827940417977516e-06,0.9999964237213135
ISIC_0024362,HAM_0001758,0,1,1,1.1272146593910293e-07,0.999987006187439,2.1290734366630204e-06,1.1847931773445453e-06,1.2960144886164926e-06,6.867348020023201e-06,1.3743580211666995e-06,0.5040406584739685,0.4897959232330322,2.1481670046341605e-05,0.9999940395355225
ISIC_0031535,HAM_0003298,0,1,1,1.9916874407499563e-06,0.9999879598617554,4.62475412632557e-07,1.4275383364292793e-06,3.108876171609154e-06,2.54544943345536e-06,2.5345659651065944e-06,0.5530130863189697,0.44897958636283875,2.6155450541409664e-05,0.9999642372131348
ISIC_0028902,HAM_0005426,0,1,1,1.8074309764415375e-06,0.9998780488967896,1.3281439350976143e-05,2.421191311441362e-05,2.0424888134584762e-05,4.6818222472211346e-05,1.5407753380713984e-05,0.4490368068218231,0.5510203838348389,8.098840226011816e-06,0.9999980926513672
ISIC_0026244,HAM_0002095,0,1,1,7.271428785315948e-06,0.9997592568397522,2.1669198758900166e-05,6.516596477013081e-05,2.9028769858996384e-05,0.00010178978845942765,1.582255936227739e-05,0.5145620703697205,0.4897959232330322,0.00010698821279220283,0.9999157190322876
ISIC_0027153,HAM_0000853,0,1,1,1.4784528502786998e-05,0.9999569654464722,2.0010973003081745e-06,4.913827069685794e-06,3.697718511830317e-06,1.0628726158756763e-05,7.039195679681143e-06,0.47049424052238464,0.5306122303009033,3.8082907849457115e-05,0.9999947547912598
ISIC_0030513,HAM_0006060,0,1,1,1.9318162003401085e-07,0.9999387264251709,2.8174668841529638e-05,1.6804867755126907e-06,4.924468157696538e-07,7.69409780332353e-06,2.2950713173486292e-05,0.4393547773361206,0.5714285373687744,0.0001452690630685538,0.9999682903289795
ISIC_0030684,HAM_0007328,0,1,1,3.1978981951397145e-06,0.9999430179595947,8.237594556703698e-06,1.7018208382069133e-05,2.9819800602126634e-06,1.4626385564042721e-05,1.0831025974766817e-05,0.4624682068824768,0.5306122303009033,0.0003401399590075016,0.9999184608459473
ISIC_0026701,HAM_0002389,0,1,1,1.0726336086008814e-06,0.9999686479568481,6.40524103800999e-06,4.042764430778334e-06,1.1898640877916478e-05,4.529780198936351e-06,3.3682154025882483e-06,0.5018718838691711,0.4897959232330322,3.310086685814895e-05,0.9999902248382568
ISIC_0032413,HAM_0004723,0,1,1,1.749809371176525e-06,0.9999662637710571,3.2180453217733884e-06,3.869096417474793e-06,1.5908798332020524e-06,1.839616561483126e-05,5.024691290600458e-06,0.505655825138092,0.4897959232330322,2.3206435798783787e-05,0.9999963045120239
ISIC_0027589,HAM_0004718,0,1,1,4.89140729769133e-05,0.9981868863105774,5.216513454797678e-05,0.0005835313349962234,0.0006935790879651904,0.00038657221011817455,4.828168312087655e-05,0.5687480568885803,0.4285714328289032,5.671466715284623e-05,0.9999557733535767
ISIC_0032180,HAM_0004236,0,1,1,1.148547923435217e-07,0.9999579191207886,5.234459877101472e-06,9.47688204178121e-06,1.7075428331736475e-05,6.586052677448606e-06,3.604267249102122e-06,0.5012757778167725,0.4897959232330322,5.763191802543588e-05,0.999953031539917
ISIC_0024660,HAM_0001441,0,1,1,9.783205314306542e-06,0.9999256134033203,1.4156474207993597e-05,1.6248754036496393e-05,1.1522002751007676e-05,1.2983527085452806e-05,9.701185263111256e-06,0.42554453015327454,0.5714285373687744,0.00010607577132759616,0.999967098236084
ISIC_0027857,HAM_0000714,0,1,1,4.911522069050989e-07,0.9999945163726807,5.536615503842768e-07,1.3299647889652988e-06,6.56729184811411e-07,1.3964909157948568e-06,9.96034941636026e-07,0.42197293043136597,0.5918367505073547,3.548095264704898e-05,0.9999924898147583
ISIC_0029906,HAM_0001644,0,1,1,6.345385827444261e-06,0.9999393224716187,2.6330333639634773e-05,1.0161767022509594e-05,2.774005906758248e-06,8.211422027670778e-06,6.9092002377146855e-06,0.4612644612789154,0.5510203838348389,2.4353505068575032e-05,0.9999872446060181
ISIC_0024820,HAM_0005843,0,1,1,2.3869936285336735e-06,0.9995829463005066,3.1177558412309736e-05,2.662981569301337e-05,8.330612035933882e-05,0.00017737344023771584,9.619478805689141e-05,0.5155681371688843,0.4897959232330322,6.469570507761091e-05,0.9999610185623169
ISIC_0025649,HAM_0005269,0,1,1,1.3927085547038587e-06,0.9998602867126465,1.7988721083384007e-05,1.3865798791812267e-05,9.350583241030108e-06,8.132388029480353e-05,1.5862764485063963e-05,0.5110792517662048,0.5102040767669678,3.064474367420189e-05,0.9999926090240479
ISIC_0031296,HAM_0002825,0,1,1,7.32408054204825e-08,0.9999569654464722,3.0653266094304854e-06,5.448434876598185e-06,1.6401574612245895e-05,1.4189181456458755e-05,3.8384428080462385e-06,0.5305980443954468,0.4897959232330322,1.8284839825355448e-05,0.9999836683273315
ISIC_0025137,HAM_0004152,0,1,1,2.1825222518145893e-07,0.9999767541885376,3.3753265142877353e-06,4.579669621307403e-06,2.2256588181335246e-06,7.466988336091163e-06,5.436355877463939e-06,0.5262981057167053,0.4897959232330322,0.00010666660818969831,0.9999316930770874
ISIC_0027148,HAM_0005949,0,1,1,4.125816758460132e-06,0.9997045397758484,0.00010671382915461436,2.9970518880872987e-05,4.663515937863849e-05,8.71261945576407e-05,2.0913816115353256e-05,0.5606203675270081,0.4285714328289032,0.00014096251106821,0.9999629259109497
ISIC_0027534,HAM_0001885,0,1,1,8.198051091312664e-07,0.9999552965164185,3.0646285722468747e-06,2.327556330783409e-06,1.1287861525488552e-05,2.3068272639648058e-05,4.037470262119314e-06,0.5111104249954224,0.4897959232330322,9.147322998614982e-05,0.9999632835388184
ISIC_0027259,HAM_0004520,0,1,1,1.1570657534321072e-06,0.9999572038650513,5.220103503233986e-06,1.2979480743524618e-05,1.1715677828760818e-05,5.079978564026533e-06,6.5733784140320495e-06,0.6010209321975708,0.40816324949264526,2.264488830405753e-05,0.9999984502792358
ISIC_0029377,HAM_0006973,0,1,1,6.7892692641180474e-06,0.9999086856842041,4.749904292111751e-06,1.4693379853270017e-05,4.195750079816207e-05,1.1106301826657727e-05,1.2106367648812011e-05,0.5120952725410461,0.4897959232330322,3.336265308462316e-07,0.9999998807907104
ISIC_0031089,HAM_0003467,0,1,1,8.28944394015707e-06,0.9999518394470215,7.760137123113964e-06,3.1716058401798364e-06,7.4576646511559375e-06,7.875632036302704e-06,1.3602851140603889e-05,0.44730037450790405,0.5510203838348389,4.985197665519081e-05,0.9999673366546631
ISIC_0026505,HAM_0003047,0,1,1,6.311072411335772e-07,0.9999487400054932,1.5628944311174564e-05,6.3387624322786e-06,1.142672681453405e-05,9.137868801190052e-06,8.046517905313522e-06,0.47390708327293396,0.5306122303009033,8.250694008893333e-06,0.9999963045120239
ISIC_0031230,HAM_0003077,0,1,1,5.177718776394613e-06,0.999956488609314,2.524564479244873e-06,1.4672055840492249e-05,1.258699830941623e-05,5.782633252238156e-06,2.680463694559876e-06,0.533446729183197,0.4693877398967743,1.1023827028111555e-05,0.9999971389770508
ISIC_0031373,HAM_0004649,0,1,1,1.8809540733855101e-06,0.9999948740005493,9.17323859539465e-07,2.4490762484674633e-07,5.090074637337239e-07,4.231276875543699e-07,1.0835012744792039e-06,0.5088097453117371,0.4897959232330322,2.903466702264268e-05,0.9999927282333374
ISIC_0025430,HAM_0002972,0,1,1,2.25341173063498e-05,0.9980806112289429,1.629613689146936e-05,0.00010881496564252302,0.0013794003752991557,0.00030424538999795914,8.801538933767006e-05,0.5259106159210205,0.4693877398967743,4.4017429900122806e-05,0.9999914169311523
ISIC_0026977,HAM_0002831,0,1,1,1.9949921181705577e-07,0.9999889135360718,2.669781679287553e-06,5.57804469281109e-07,8.399318289775692e-07,1.8835402215700014e-06,4.887097475148039e-06,0.53364497423172,0.4693877398967743,6.597232277272269e-05,0.9999809265136719
ISIC_0027570,HAM_0001071,0,1,1,0.00044348646770231426,0.9993821382522583,1.6148602298926562e-05,7.038709009066224e-05,2.3015905753709376e-05,3.703250695252791e-05,2.7674215743900277e-05,0.5010939240455627,0.4897959232330322,5.68990690226201e-05,0.9999651908874512
ISIC_0030837,HAM_0007531,0,1,1,2.6002949198300485e-06,0.9996895790100098,9.825139568420127e-05,1.0864526302611921e-05,0.00013838591985404491,2.398197648290079e-05,3.645633842097595e-05,0.43727371096611023,0.5714285373687744,7.024634669505758e-06,0.9999990463256836
ISIC_0030947,HAM_0001850,0,1,1,1.905058013562666e-07,0.9999408721923828,1.463833314119256e-06,1.1035771422029939e-05,4.023511428385973e-05,4.81700317322975e-06,1.3648773347085807e-06,0.520500898361206,0.4897959232330322,2.8858165023848414e-05,0.999991774559021
ISIC_0030220,HAM_0004810,0,1,1,9.222757739735243e-07,0.9998968839645386,3.320136238471605e-05,2.5277227905462496e-05,1.5668905689381063e-05,1.8756532881525345e-05,9.271821909351274e-06,0.476007342338562,0.5306122303009033,1.1056707990064751e-05,0.9999953508377075
ISIC_0026653,HAM_0001535,0,1,1,7.225398803711869e-06,0.9997898936271667,8.256277396867517e-06,8.006364623724949e-06,0.0001497706543887034,3.142422065138817e-05,5.477484592120163e-06,0.5270525217056274,0.4897959232330322,3.3634940336924046e-05,0.9999352693557739
ISIC_0029364,HAM_0002635,0,1,1,0.00011568136687856168,0.9993265867233276,9.52515983954072e-05,3.0158935260260478e-05,0.0003344865399412811,4.4739001168636605e-05,5.3061732614878565e-05,0.5025650858879089,0.4897959232330322,0.0009431213256902993,0.9990946054458618
ISIC_0025241,HAM_0002710,0,1,1,2.0397399680405215e-07,0.9999696016311646,1.2205238817841746e-05,3.97406802221667e-06,3.389256562513765e-06,4.106965207029134e-06,6.608275725739077e-06,0.49614977836608887,0.4897959232330322,0.0001276891416637227,0.99997878074646
ISIC_0026699,HAM_0007210,0,1,1,7.548016583314165e-05,0.9996494054794312,5.1020339014939964e-05,8.971983334049582e-05,3.441259832470678e-05,5.5606553360121325e-05,4.425015868037008e-05,0.5264770984649658,0.4693877398967743,0.0001398519380018115,0.9999290704727173
ISIC_0025561,HAM_0000739,0,1,1,8.5804786067456e-06,0.9999613761901855,1.9135406546411105e-05,1.6972222738331766e-06,2.058937752735801e-06,5.028271971241338e-06,2.1709458906116197e-06,0.5091668367385864,0.4897959232330322,4.112317128601717e-06,0.9999986886978149
ISIC_0025817,HAM_0002542,0,1,1,9.063112997864664e-07,0.9999333620071411,2.692873022169806e-05,5.110513484396506e-06,2.9982820706209168e-06,2.062798012048006e-05,9.996657354349736e-06,0.445376455783844,0.5714285373687744,3.6120140975981485e-06,0.999998927116394
ISIC_0025361,HAM_0004901,0,1,1,2.607288297440391e-05,0.9994339346885681,2.1942760213278234e-05,0.00013113276509102434,0.00011138001718791202,0.0002313043223693967,4.4202079152455553e-05,0.4874117374420166,0.5102040767669678,1.9817618522210978e-05,0.9999872446060181
ISIC_0024671,HAM_0001098,0,1,1,8.05634044809267e-06,0.9997848868370056,1.0104537977895234e-05,5.6865057558752596e-05,9.35318530537188e-06,7.655176159460098e-05,5.422692993306555e-05,0.5095382928848267,0.4897959232330322,3.573315325411386e-06,0.9999873638153076
ISIC_0032054,HAM_0005350,0,1,1,7.696686952840537e-05,0.999702513217926,1.7129368643509224e-05,8.760335185797885e-05,5.3066512919031084e-05,4.5075204980093986e-05,1.7628688510740176e-05,0.4981254041194916,0.4897959232330322,4.7306901251431555e-05,0.9999865293502808
ISIC_0031763,HAM_0004551,0,1,1,5.7334041514423006e-08,0.9999030828475952,1.1642713616311084e-05,3.1770487112225965e-06,3.88953230867628e-06,6.597644824068993e-05,1.2083276487828698e-05,0.5872029066085815,0.40816324949264526,4.2803068936336786e-05,0.9999935626983643
ISIC_0030342,HAM_0006508,0,1,1,4.910138429181643e-08,0.9999918937683105,8.599299121669901e-07,1.2060189646945219e-06,4.298940439184662e-06,7.875988785599475e-07,9.004016305880214e-07,0.5561330914497375,0.44897958636283875,0.0001366966316709295,0.9997920393943787
ISIC_0024427,HAM_0003988,0,1,1,1.1450307511040592e-06,0.9999345541000366,2.3992233764147386e-06,2.004522912102402e-06,4.984064435120672e-05,7.253129751916276e-06,2.7050778044213075e-06,0.4960736632347107,0.4897959232330322,8.802917727734894e-05,0.999980092048645
ISIC_0027247,HAM_0001447,0,1,1,4.431218712852569e-06,0.9998424053192139,6.880684395582648e-06,1.7009779185173102e-05,2.917971505667083e-05,9.418976696906611e-05,5.867595973541029e-06,0.4960172772407532,0.5102040767669678,3.864919563056901e-06,0.9999901056289673
ISIC_0026946,HAM_0007040,0,1,1,9.57487918640254e-06,0.9999573230743408,5.0370344979455695e-06,1.1353145964676514e-05,1.129812062572455e-06,9.172618774755392e-06,6.4528262555541005e-06,0.47979921102523804,0.5102040767669678,1.667923243076075e-05,0.9999966621398926
ISIC_0031801,HAM_0000990,0,1,1,1.1552817340998445e-05,0.9999529123306274,2.0405084342201008e-06,1.110604171117302e-05,3.295518354207161e-06,1.0142627616005484e-05,8.92327352630673e-06,0.5489620566368103,0.44897958636283875,6.522901821881533e-05,0.9999710321426392
ISIC_0031471,HAM_0004154,0,1,1,1.586893404237344e-06,0.9999531507492065,2.0979862256353954e-06,2.0034376575495116e-05,9.332715308119077e-06,1.1501866538310423e-05,2.4066930564003997e-06,0.4798186123371124,0.5102040767669678,3.02013195323525e-05,0.999967098236084
ISIC_0031030,HAM_0001832,0,1,1,3.6820665627601556e-06,0.9999197721481323,6.429922905226704e-06,9.840564416663256e-06,4.292889207135886e-05,1.0902716894634068e-05,6.395455784513615e-06,0.5047757029533386,0.4897959232330322,1.7023037344188197e-06,0.999997615814209
ISIC_0027191,HAM_0003701,0,1,1,9.00233044376364e-06,0.902502179145813,0.00021109510271344334,0.00019170506857335567,5.903092824155465e-05,0.09686397016048431,0.00016305538883898407,0.47125244140625,0.5306122303009033,8.262026653937937e-07,0.9999988079071045
ISIC_0029595,HAM_0007520,0,1,1,2.3232787498272955e-06,0.9999840259552002,2.894705858125235e-06,3.2850084608071484e-06,3.4527599837019807e-06,1.446764258616895e-06,2.5030622055055574e-06,0.510805070400238,0.4897959232330322,0.00011921339319087565,0.9999332427978516
ISIC_0026536,HAM_0006480,0,1,1,1.2169069123046938e-05,0.9999208450317383,6.585651590285124e-06,2.155315269192215e-05,2.284686843267991e-06,2.7922220397158526e-05,8.687938134244177e-06,0.5048720836639404,0.4897959232330322,5.172600140213035e-05,0.9999794960021973
ISIC_0029419,HAM_0002469,0,1,1,2.192711434645389e-07,0.9999260902404785,2.6821759092854336e-05,6.221445346454857e-06,9.314625458500814e-06,2.4949966245912947e-05,6.388546353264246e-06,0.4433920383453369,0.5510203838348389,5.6118055908882525e-06,0.999998927116394
ISIC_0025754,HAM_0006797,0,1,1,1.7909621874423465e-07,0.9999289512634277,7.2062189246935304e-06,4.95253516419325e-06,4.176807124167681e-05,1.316379348281771e-05,3.7790830447193002e-06,0.4541407823562622,0.5306122303009033,4.062346488353796e-05,0.9999830722808838
ISIC_0028595,HAM_0003237,0,1,1,7.450117323060113e-07,0.9999822378158569,8.134977065310522e-07,5.592579327640124e-06,5.294396487443009e-06,3.707278665388003e-06,1.6665819657646352e-06,0.5367382764816284,0.4693877398967743,7.550222653662786e-05,0.9999715089797974
ISIC_0026413,HAM_0005431,0,1,1,2.5544104573782533e-05,0.999840497970581,1.3186110663809814e-05,3.252926398999989e-05,4.976848686055746e-06,6.0658017901005223e-05,2.259222492284607e-05,0.4585343897342682,0.5714285373687744,1.606320438440889e-05,0.9999897480010986
ISIC_0028157,HAM_0004865,0,1,1,8.927636372391135e-07,0.9999500513076782,4.169618023297517e-06,7.63163643568987e-06,1.804680323402863e-05,8.072570381045807e-06,1.1160444955748972e-05,0.5230475068092346,0.4897959232330322,9.47269145399332e-05,0.9998800754547119
ISIC_0026377,HAM_0001019,0,1,1,5.052782512393605e-07,0.9999122619628906,2.708394049477647e-06,3.135202496196143e-05,4.0663489926373586e-05,8.387432899326086e-06,4.1788789530983195e-06,0.5397413372993469,0.44897958636283875,0.00023583523579873145,0.9999337196350098
ISIC_0029074,HAM_0000678,0,1,1,9.439794013132996e-08,0.9999793767929077,3.8549487726413645e-06,2.1248299617582234e-06,1.5151408661040477e-06,8.07081232778728e-06,4.851503490499454e-06,0.49373576045036316,0.5102040767669678,3.966009899158962e-06,0.9999996423721313
ISIC_0029084,HAM_0003552,0,1,1,2.3861477984610246e-06,0.9995366334915161,0.00011892632028320804,8.729888577363454e-06,3.621032192313578e-06,9.294589108321816e-05,0.00023681049060542136,0.49572575092315674,0.5102040767669678,6.256692813622067e-06,0.9999974966049194
ISIC_0028322,HAM_0003493,0,1,1,4.9022084567695856e-05,0.9998607635498047,1.6205854990403168e-05,1.8447928596287966e-05,2.0566027160384692e-05,1.677186810411513e-05,1.808923298085574e-05,0.5609520673751831,0.44897958636283875,1.6439858882222325e-05,0.9999891519546509
ISIC_0025200,HAM_0002388,0,1,1,2.432968585708295e-06,0.9999560117721558,5.262454578769393e-06,1.4510216715279967e-05,1.0314101018593647e-05,5.310287178872386e-06,6.013385700498475e-06,0.4676292836666107,0.5306122303009033,2.049517752311658e-05,0.9999831914901733
ISIC_0027439,HAM_0006915,0,1,1,1.7665624909568578e-06,0.9998810291290283,3.6726376038132003e-06,4.215660010231659e-05,7.152777925512055e-06,5.603733370662667e-05,8.205463927879464e-06,0.4715127944946289,0.5102040767669678,8.934105608204845e-06,0.9999967813491821
ISIC_0024874,HAM_0000403,0,1,1,4.109775545657612e-06,0.9966804385185242,0.000340304832207039,5.988097109366208e-05,0.00010583645052975044,0.00011571843060664833,0.002693663816899061,0.480207234621048,0.4897959232330322,2.586269511084538e-05,0.9999914169311523
ISIC_0031427,HAM_0002279,0,1,1,2.685271454083704e-07,0.9999542236328125,3.3569046991033247e-06,2.192665533584659e-06,7.960412403917871e-06,2.871100696211215e-05,3.352889279994997e-06,0.5552321076393127,0.44897958636283875,6.671387836831855e-06,0.9999964237213135
ISIC_0029684,HAM_0005754,0,1,1,5.778287004432059e-07,0.9999680519104004,7.439841283485293e-06,3.4453435091563733e-06,1.6229789252975024e-05,1.6449447457489441e-06,2.5250342332583386e-06,0.5258825421333313,0.4897959232330322,1.2609519217221532e-05,0.9999960660934448
ISIC_0028896,HAM_0005659,0,1,1,9.57405291046598e-07,0.999976396560669,2.6715999865700724e-06,5.157187842996791e-06,2.073036739602685e-06,9.186512215819675e-06,3.6450510378926992e-06,0.5285517573356628,0.4897959232330322,1.594040440977551e-05,0.9999969005584717
ISIC_0029057,HAM_0000244,0,1,1,4.146614810451865e-05,0.9998409748077393,7.089713108143769e-06,6.392223440343514e-05,4.459306637727423e-06,3.0382883778656833e-05,1.166319543699501e-05,0.5490716099739075,0.4285714328289032,6.35959513601847e-05,0.9999672174453735
ISIC_0024414,HAM_0006226,0,1,1,6.517032943520462e-06,0.9999535083770752,3.2952750643744366e-06,2.268010348416283e-06,2.25756703002844e-05,5.720006811316125e-06,6.130020665295888e-06,0.562120258808136,0.4693877398967743,3.93949230783619e-05,0.9999843835830688
ISIC_0025560,HAM_0003894,0,1,1,1.3911486007600615e-07,0.999988317489624,4.24689642386511e-06,9.41235839491128e-07,1.876933197308972e-06,1.2559621609398164e-06,3.18508909913362e-06,0.5090180039405823,0.4897959232330322,1.330820282419154e-06,0.9999992847442627
ISIC_0028248,HAM_0002245,0,1,1,3.2064320976132876e-07,0.9999287128448486,2.357565244892612e-05,6.180309355841018e-06,2.0863497411482967e-05,8.744323167775292e-06,1.168043672805652e-05,0.516826868057251,0.4693877398967743,3.632880907389335e-05,0.9999619722366333
ISIC_0028997,HAM_0001163,0,1,1,8.42706867842935e-07,0.9999370574951172,2.3054722987581044e-05,8.052158591453917e-06,1.1572251423785929e-05,6.722449597873492e-06,1.2638716725632548e-05,0.5022507905960083,0.4897959232330322,2.6180254280916415e-05,0.9999897480010986
ISIC_0028991,HAM_0001194,0,1,1,1.2632316611416172e-05,0.9997461438179016,2.0981351553928107e-05,2.8219687010277994e-05,0.00013019178004469723,2.5324905436718836e-05,3.658284549601376e-05,0.5324782729148865,0.4693877398967743,8.838075154926628e-05,0.9999232292175293
ISIC_0026999,HAM_0006075,0,1,1,6.105728243710473e-05,0.9998960494995117,3.2919451768975705e-06,1.3551233678299468e-05,4.879039806837682e-06,1.0036653293354902e-05,1.1139459275000263e-05,0.5134784579277039,0.4897959232330322,3.221380029572174e-05,0.9999831914901733
ISIC_0029762,HAM_0007587,0,1,1,2.2904749130248092e-05,0.999622106552124,4.987051943317056e-05,8.807703852653503e-05,4.435779192135669e-05,0.00011091757914982736,6.17782206973061e-05,0.40503451228141785,0.5918367505073547,1.8084620023728348e-06,0.9999985694885254
ISIC_0027434,HAM_0001668,0,1,1,1.0345922419219278e-05,0.9999780654907227,1.2483902764870436e-06,9.899417818814982e-07,1.8081358348354115e-06,1.106961121877248e-06,6.513781954708975e-06,0.522638201713562,0.4693877398967743,0.00010699207632569596,0.9999479055404663
ISIC_0031467,HAM_0002642,0,1,1,8.103569598461036e-06,0.9994124174118042,3.647885023383424e-05,0.000281257409369573,0.00018182737403549254,5.094883817946538e-05,2.8933836802025326e-05,0.435487300157547,0.5714285373687744,6.196014874149114e-05,0.9999833106994629
ISIC_0030884,HAM_0006432,0,1,1,2.4728400660478655e-08,0.9999949932098389,6.020812861606828e-07,6.450432579185872e-07,1.0875336329263519e-06,1.6682092791597825e-06,9.935896514434717e-07,0.5290732979774475,0.4693877398967743,7.163961072365055e-06,0.9999996423721313
ISIC_0029483,HAM_0003433,0,1,1,2.51274826723602e-07,0.9999939203262329,4.095028600659134e-07,6.579688260899275e-07,1.3562882941187127e-06,1.4735518334418884e-06,1.877828367469192e-06,0.5261536240577698,0.4897959232330322,5.8385729062138125e-05,0.9999656677246094
ISIC_0024779,HAM_0003631,0,1,1,1.8565691789262928e-05,0.9999679327011108,2.770759238046594e-06,3.4995794067071984e-06,2.5658296181063633e-06,1.5547783505098778e-06,3.181259671691805e-06,0.51711106300354,0.4897959232330322,1.6502817743457854e-05,0.999997615814209
ISIC_0025629,HAM_0002977,0,1,1,3.095423153354204e-07,0.9999890327453613,1.4866180890749092e-06,3.940301212423947e-06,9.644995770941023e-07,2.9142340736143524e-06,1.4401019825527328e-06,0.5967265963554382,0.3877550959587097,9.16833450901322e-05,0.9999921321868896
ISIC_0029723,HAM_0002440,0,1,1,4.6232875320129097e-05,0.9993457198143005,4.7530498704873025e-05,0.00017491172184236348,1.1294984687992837e-05,0.0002002670371439308,0.0001740858133416623,0.4702904522418976,0.5102040767669678,3.5994889913126826e-05,0.9999803304672241
ISIC_0027376,HAM_0005032,0,1,1,3.4406255053909263e-06,0.9994227886199951,2.1982687030686066e-05,0.0001901625655591488,0.00013410278188530356,0.00018225268286187202,4.5231019612401724e-05,0.5104134678840637,0.4897959232330322,7.891535460657906e-06,0.9999985694885254
ISIC_0024500,HAM_0004465,0,1,1,4.450208507478237e-05,0.999894380569458,1.6083370155683951e-06,2.1377670691435924e-06,3.703612310346216e-05,1.2612458704097662e-05,7.680926501052454e-06,0.561756432056427,0.4693877398967743,1.6590760424151085e-05,0.9999666213989258
ISIC_0029090,HAM_0007389,0,1,1,1.1900444860657444e-06,0.9999616146087646,1.8986595478054369e-06,4.6242862481449265e-06,1.8824428480002098e-05,9.527590918878559e-06,2.286107246618485e-06,0.5016828775405884,0.4897959232330322,2.041891639237292e-05,0.9999911785125732
ISIC_0025071,HAM_0006986,0,1,1,1.8838497339856985e-07,0.9999629259109497,7.732292033324484e-06,9.99247367872158e-06,6.0230236158531625e-06,9.719022273202427e-06,3.3635772069828818e-06,0.5084978938102722,0.4897959232330322,2.735001771725365e-07,0.9999997615814209
ISIC_0029866,HAM_0006761,0,1,1,5.054119469605212e-07,0.9999336004257202,1.1163007911818568e-05,3.0336925647134194e-06,1.4655994391432614e-06,2.8412294341251254e-05,2.1865032977075316e-05,0.5019534230232239,0.4897959232330322,2.721871351241134e-05,0.9999955892562866
ISIC_0026638,HAM_0005929,0,1,1,1.5201810128928628e-05,0.9984515905380249,0.00041564294951967895,1.9935789168812335e-05,0.0001215318770846352,0.0009227353148162365,5.349577986635268e-05,0.5213527083396912,0.4693877398967743,8.316427556565031e-05,0.9999160766601562
ISIC_0028249,HAM_0002118,0,1,1,2.4972001710921177e-07,0.9998962879180908,9.536141078569926e-06,6.722175385220908e-06,2.8767502953996882e-05,2.4744471375015564e-05,3.372193532413803e-05,0.5425046682357788,0.4693877398967743,3.7586160033242777e-06,0.9999933242797852
ISIC_0027173,HAM_0005472,0,1,1,3.783976808335865e-06,0.999962329864502,2.162086275347974e-06,5.557202712225262e-06,1.5920657460810617e-05,8.252717634604778e-06,1.914888571263873e-06,0.5428953766822815,0.4693877398967743,4.042197542730719e-05,0.9999656677246094
ISIC_0024648,HAM_0002304,0,1,1,6.996264687586518e-07,0.9999692440032959,1.1440569323895033e-05,2.525583795431885e-06,7.55368228055886e-06,5.513789346878184e-06,3.04034642795159e-06,0.5042007565498352,0.4897959232330322,0.00020209264766890556,0.999916672706604
ISIC_0028839,HAM_0004994,0,1,1,2.481393721609493e-07,0.9999856948852539,8.941826763475547e-07,2.2898584575159475e-06,2.8317431315372232e-06,4.12303506891476e-06,3.892147105943877e-06,0.5154203176498413,0.4897959232330322,6.288482109084725e-05,0.9999481439590454
ISIC_0025258,HAM_0006519,0,1,1,8.65119261561631e-07,0.9999182224273682,4.0820141293806955e-06,3.153139005007688e-06,4.727433770312928e-05,1.8641945644048974e-05,7.827013178030029e-06,0.49238020181655884,0.5102040767669678,3.1698422390036285e-05,0.9999890327453613
ISIC_0030510,HAM_0000895,0,1,1,2.025575440711691e-07,0.9999743700027466,1.0238553841190878e-05,1.000933025352424e-06,5.669412075803848e-06,4.469915893423604e-06,4.17583214584738e-06,0.5228607058525085,0.4897959232330322,1.6021300325519405e-05,0.9999951124191284
ISIC_0028954,HAM_0000166,0,1,1,8.42124063638039e-06,0.9999542236328125,2.7303026399749797e-06,1.0020977242675144e-05,4.880333563050954e-06,1.2524872545327526e-05,7.2003626883088145e-06,0.5388181209564209,0.4693877398967743,3.775360164581798e-05,0.9999881982803345
ISIC_0028492,HAM_0004323,0,1,1,3.405822644708678e-05,0.9998573064804077,8.123213774524629e-06,8.672435797052458e-06,7.112438470358029e-05,1.7503698472864926e-06,1.8880931747844443e-05,0.6273618936538696,0.36734694242477417,0.0002722337667364627,0.9991936087608337
ISIC_0028409,HAM_0005133,0,1,1,0.0008010092424228787,0.9971745014190674,4.318553692428395e-05,0.00043598967022262514,0.0012741563841700554,0.00018325912242289633,8.781372162047774e-05,0.5372068285942078,0.4693877398967743,6.55577823636122e-05,0.9999582767486572
ISIC_0030799,HAM_0005771,0,1,1,8.482866178383119e-07,0.999974250793457,2.8228664632479195e-06,3.1037502594699617e-06,3.4162389965786133e-06,4.84017982671503e-06,1.0712478797358926e-05,0.5569817423820496,0.44897958636283875,1.3583412510342896e-06,0.9999984502792358
ISIC_0028363,HAM_0001481,0,1,1,1.1405674626985274e-07,0.9999891519546509,1.3718955926833587e-07,3.2928794553299667e-06,3.928586920665111e-06,1.9253595837653847e-06,1.411429479958315e-06,0.60591721534729,0.3877550959587097,3.6876160720566986e-06,0.9999955892562866
ISIC_0024659,HAM_0001514,0,1,1,7.040711807348998e-06,0.9957962036132812,1.539446930109989e-05,0.0031462665647268295,0.00011100351548520848,0.0008989257621578872,2.5173274480039254e-05,0.547569990158081,0.44897958636283875,2.048464011750184e-06,0.9999978542327881
ISIC_0024735,HAM_0006378,0,1,1,5.323152436176315e-06,0.9999438524246216,1.7885353145175031e-06,1.5136393813008908e-05,8.11044628790114e-06,1.908269405248575e-05,6.6598454395716544e-06,0.5249756574630737,0.4897959232330322,1.6086243704194203e-05,0.9999575614929199
ISIC_0032237,HAM_0003370,0,1,1,3.6758856936103257e-07,0.9999884366989136,1.6575920653849607e-06,2.627238927743747e-06,1.8022960830421653e-06,3.0030003017600393e-06,2.184856384701561e-06,0.5752744674682617,0.4285714328289032,9.236568075721152e-06,0.999998927116394
ISIC_0028516,HAM_0005113,0,1,1,3.624198825491476e-06,0.9999814033508301,1.614236566638283e-06,3.4997701732208952e-06,5.095225333207054e-06,2.7536134439287707e-06,2.0098889308428625e-06,0.5298513770103455,0.4693877398967743,8.628487557871267e-05,0.999975323677063
ISIC_0025733,HAM_0006509,0,1,1,1.3915033605371718e-06,0.999982476234436,2.5470772015978582e-06,2.1425867089419626e-06,5.799949121865211e-06,1.44938314861065e-06,4.172700755589176e-06,0.5259227752685547,0.4897959232330322,6.119595491327345e-05,0.9999152421951294
ISIC_0028407,HAM_0001345,0,1,1,5.410581707110396e-06,0.9999412298202515,1.1552264368219767e-05,9.773201782081742e-06,7.446101790264947e-06,1.4298975656856783e-05,1.0319252396584488e-05,0.4925330579280853,0.5306122303009033,4.6748922613915056e-05,0.9999840259552002
ISIC_0025174,HAM_0000817,0,1,1,1.3007817869947758e-05,0.9999446868896484,1.046692796080606e-05,1.8036701021628687e-06,6.123632829257986e-06,1.868729668785818e-05,5.169802079763031e-06,0.46991270780563354,0.5306122303009033,0.0001388074306305498,0.9998488426208496
ISIC_0025348,HAM_0002688,0,1,1,1.8999954818355036e-06,0.9987230896949768,3.8661724829580635e-05,3.632223524618894e-05,0.0010937999468296766,4.5284181396709755e-05,6.0974893131060526e-05,0.49936845898628235,0.5102040767669678,8.420608355663717e-05,0.9999459981918335
ISIC_0024956,HAM_0005904,0,1,1,1.236063098986051e-06,0.999869704246521,7.409910267597297e-06,7.183311390690506e-05,2.056799530691933e-05,1.383354356221389e-05,1.5392894056276418e-05,0.42876243591308594,0.5714285373687744,7.234996883198619e-05,0.9999957084655762
ISIC_0028483,HAM_0003709,0,1,1,2.3818595309421653e-06,0.9997853636741638,1.583044468134176e-05,4.173691195319407e-05,0.00014672028191853315,4.043056833324954e-06,3.920006292901235e-06,0.5083683729171753,0.4693877398967743,9.871532711258624e-06,0.9999909400939941
ISIC_0031739,HAM_0001748,0,1,1,1.0230463658444933e-06,0.9993791580200195,6.635749014094472e-05,3.696394560392946e-05,1.1653450201265514e-05,0.00046848334022797644,3.646688855951652e-05,0.541933000087738,0.4897959232330322,1.4357398185893544e-06,0.9999996423721313
ISIC_0027028,HAM_0005912,0,1,1,2.308487410118687e-06,0.9998626708984375,6.194073193910299e-06,2.6802237698575482e-05,3.1690604373579845e-05,4.714744500233792e-05,2.3103209969121963e-05,0.5370919704437256,0.4897959232330322,5.65178670512978e-05,0.9999630451202393
ISIC_0031227,HAM_0002252,0,1,1,1.0380101230111904e-05,0.9999078512191772,9.63052798397257e-07,2.1059044229332358e-05,2.7908439733437262e-05,2.8257027224753983e-05,3.5484067666402552e-06,0.5509938597679138,0.4693877398967743,2.4667677280376665e-05,0.9999864101409912
ISIC_0030398,HAM_0003834,0,1,1,3.1301212857215432e-06,0.9998013377189636,1.754179538693279e-05,2.4356948415515944e-05,5.472030898090452e-05,7.613583147758618e-05,2.2772715965402313e-05,0.4923819601535797,0.4897959232330322,3.305415157228708e-05,0.9999860525131226
ISIC_0028074,HAM_0006440,0,1,1,2.0854271497228183e-05,0.9980206489562988,2.590452459116932e-05,2.644047162903007e-05,0.00018576576258055866,0.0016598607180640101,6.048268551239744e-05,0.6246718764305115,0.36734694242477417,6.534539807034889e-06,0.9999983310699463
ISIC_0027380,HAM_0005343,0,1,1,6.1516461755672935e-06,0.9999779462814331,6.160966563584225e-07,2.1237999590084655e-06,8.639930456411093e-06,2.0329396193119464e-06,2.476104327797657e-06,0.5608500838279724,0.44897958636283875,6.505769124487415e-05,0.9999804496765137
ISIC_0032171,HAM_0006536,0,1,1,2.9379687475739047e-05,0.999607503414154,3.411986108403653e-05,4.265173993189819e-05,5.075919034425169e-05,0.00018360657850280404,5.198645521886647e-05,0.4561040997505188,0.5510203838348389,7.1409476731787436e-06,0.9999988079071045
ISIC_0027372,HAM_0004567,0,1,1,1.8203418221673928e-05,0.9998084902763367,4.209456528769806e-05,5.864591366844252e-05,5.4741103667765856e-05,8.996627002488822e-06,8.911219993024133e-06,0.5117963552474976,0.4897959232330322,2.182500611525029e-05,0.9999938011169434
ISIC_0026058,HAM_0007361,0,1,1,2.3973955194378505e-06,0.9999781847000122,4.242594968673075e-06,3.015539732587058e-06,2.405865188848111e-06,4.323694611230167e-06,5.539538051380077e-06,0.49631741642951965,0.5102040767669678,0.0002555893734097481,0.9995724558830261
ISIC_0028942,HAM_0006690,0,1,1,3.481239048142015e-07,0.9999840259552002,2.1481673684320413e-06,2.9094017008901574e-06,3.18534557663952e-06,3.133904556307243e-06,4.2772653614520095e-06,0.543346643447876,0.44897958636283875,0.0001134783451561816,0.9999039173126221
ISIC_0026228,HAM_0003168,0,1,1,5.609868821920827e-06,0.999858021736145,3.6994460970163345e-05,1.4732371710124426e-05,4.2202373151667416e-05,2.8864973501185887e-05,1.350819002254866e-05,0.5008363723754883,0.5102040767669678,1.280843025597278e-05,0.9999969005584717
ISIC_0029047,HAM_0002340,0,1,1,1.156368034571642e-05,0.9996339082717896,2.6498699298826978e-05,6.370878691086546e-05,2.4138456865330227e-05,5.625369885819964e-05,0.0001839030592236668,0.5600339770317078,0.4285714328289032,6.508710066555068e-05,0.9999194145202637
ISIC_0030494,HAM_0004715,0,1,1,9.391702405991964e-06,0.9950528740882874,1.607878402865026e-05,0.00010054215817945078,0.004771038424223661,2.6790270567289554e-05,2.3267222786671482e-05,0.5307782292366028,0.4897959232330322,3.419191125431098e-05,0.9999616146087646
ISIC_0030527,HAM_0006713,0,1,1,1.8992132027051412e-06,0.9999442100524902,3.920872586604673e-06,6.137544914963655e-06,3.076887151109986e-05,8.567240001866594e-06,4.555119630822446e-06,0.5072474479675293,0.4897959232330322,1.724950138282111e-08,1.0
ISIC_0029205,HAM_0002247,0,1,1,3.6389901652000844e-06,0.9999040365219116,1.6669118849677034e-05,7.176700819400139e-06,3.713119076564908e-05,1.3754062820225954e-05,1.769408117979765e-05,0.4812251031398773,0.5102040767669678,8.059377250901889e-06,0.9999971389770508
ISIC_0026338,HAM_0000905,0,1,1,9.862632168733398e-07,0.999894380569458,1.642873939999845e-05,1.0812449545483105e-05,3.6312019801698625e-05,2.1388264940469526e-05,1.9756458641495556e-05,0.5238781571388245,0.4897959232330322,0.0001151217074948363,0.9998514652252197
ISIC_0032298,HAM_0000694,0,1,1,5.537304446079361e-07,0.9999788999557495,1.5051526816023397e-06,3.7277404771884903e-06,6.551404112542514e-06,7.403181825793581e-06,1.4105927448326838e-06,0.4598275423049927,0.5714285373687744,6.321966793620959e-05,0.9999732971191406
ISIC_0026387,HAM_0003240,0,1,1,1.4624495634052437e-05,0.9994544386863708,3.811414717347361e-05,1.311721462116111e-05,1.9160317606292665e-05,0.00036418644594959915,9.633361332817003e-05,0.4717332422733307,0.5102040767669678,0.00017362524522468448,0.9999722242355347
ISIC_0028895,HAM_0003567,0,1,1,3.652493489880726e-07,0.9998785257339478,2.8807486160076223e-05,3.76209277419548e-06,4.976786840416025e-06,7.771414675517008e-05,5.811116807308281e-06,0.5313533544540405,0.4897959232330322,7.531525625381619e-05,0.9999657869338989
ISIC_0029175,HAM_0002806,0,1,1,8.595764029450947e-07,0.999991774559021,2.1004075279051904e-06,1.2351770237728488e-06,1.1842723779409425e-06,1.4083863106861827e-06,1.4707519540024805e-06,0.49594295024871826,0.4897959232330322,4.3057963921455666e-05,0.9999675750732422
ISIC_0027879,HAM_0003863,0,1,1,1.3644414309510466e-07,0.9999672174453735,5.771125415776623e-06,2.594412308098981e-06,1.46163711178815e-06,1.938931382028386e-05,3.4141924061259488e-06,0.4720163941383362,0.5306122303009033,3.811622445937246e-05,0.9999830722808838
ISIC_0024536,HAM_0003273,0,1,1,3.067479838136933e-06,0.9999858140945435,2.6457023523107637e-06,2.566764123912435e-06,6.287270934990374e-07,3.6053647818334866e-06,1.6322798046530806e-06,0.5450302958488464,0.4693877398967743,2.9106719011906534e-05,0.9999948740005493
ISIC_0029478,HAM_0002937,0,1,1,4.13222778661293e-07,0.9999760389328003,2.3250424874277087e-06,3.979410394094884e-06,9.59873796091415e-06,4.380224709166214e-06,3.298493766124011e-06,0.5299069881439209,0.4693877398967743,0.00012006547331111506,0.9999756813049316
ISIC_0028398,HAM_0003399,0,1,1,1.0523277524043806e-05,0.9994364380836487,1.9611647076089866e-05,5.3185820434009656e-05,0.000407879677368328,2.3221429728437215e-05,4.911576252197847e-05,0.5286316275596619,0.4693877398967743,6.22508923697751e-06,0.9999997615814209
ISIC_0031551,HAM_0001674,0,1,1,7.837263069632172e-07,0.9999141693115234,9.432799743080977e-06,1.582475488248747e-05,2.109391743942979e-06,4.961389640811831e-05,8.0134186646319e-06,0.5166645050048828,0.4897959232330322,8.61729567986913e-05,0.9999738931655884
ISIC_0030924,HAM_0004049,0,1,1,2.0530205802060664e-06,0.9998384714126587,5.476095338963205e-06,0.00013912950817029923,8.12677990325028e-06,3.997919520770665e-06,2.679053523024777e-06,0.5455152988433838,0.4693877398967743,0.00012458705168683082,0.9998923540115356
ISIC_0024645,HAM_0000004,0,1,1,2.045188011834398e-06,0.9999785423278809,5.254458301351406e-06,1.3639944427268347e-06,3.00987471746339e-06,3.770572902794811e-06,6.038053470547311e-06,0.5037938356399536,0.4897959232330322,4.572250691126101e-05,0.9999699592590332
ISIC_0032064,HAM_0002482,0,1,1,1.6540889191674069e-06,0.9998449087142944,4.2380041122669354e-05,9.130570106208324e-06,2.9010445359745063e-05,2.882338776544202e-05,4.398619057610631e-05,0.5219138860702515,0.4693877398967743,3.880527219735086e-05,0.9999532699584961
ISIC_0028691,HAM_0001161,0,1,1,7.623593774042092e-07,0.9999566078186035,7.46274463381269e-06,5.2337236411403865e-06,3.28303940477781e-06,1.722026354400441e-05,9.452291124034673e-06,0.5371898412704468,0.44897958636283875,6.254211257328279e-06,0.9999985694885254
ISIC_0027508,HAM_0003880,0,1,1,9.493012476013973e-05,0.9991169571876526,0.00017251241661142558,7.637516682734713e-05,0.00029036705382168293,0.00013910680718254298,0.00010976417252095416,0.5306312441825867,0.4897959232330322,5.075240551377647e-06,0.9999910593032837
ISIC_0027603,HAM_0003922,0,1,1,2.600337211333681e-05,0.9998321533203125,9.620753189665265e-06,5.284364669932984e-05,5.8988574892282486e-05,9.40758218348492e-06,1.0957547601719853e-05,0.5217811465263367,0.4897959232330322,0.0001433846482541412,0.9999185800552368
ISIC_0028824,HAM_0003053,0,1,1,3.5175619359506527e-06,0.9997851252555847,6.952240801183507e-05,9.943160875991452e-06,6.067936556064524e-05,4.620104664354585e-05,2.506286728021223e-05,0.509315013885498,0.4897959232330322,2.846224197128322e-05,0.999981164932251
ISIC_0028541,HAM_0004096,0,1,1,5.9244644035061356e-06,0.9999233484268188,5.141548626852455e-06,2.2548869310412556e-05,7.198671028163517e-06,3.0040924684726633e-05,5.841481652169023e-06,0.5138801336288452,0.4897959232330322,6.2656617956236005e-06,0.9999984502792358
ISIC_0029433,HAM_0001445,0,1,1,3.596715032472275e-05,0.9996786117553711,0.00013723679876420647,6.297309300862253e-05,8.73677618073998e-06,3.0680628697155043e-05,4.597343286150135e-05,0.49497926235198975,0.5102040767669678,4.018132585770218e-06,0.9999961853027344
ISIC_0028470,HAM_0000811,0,1,1,5.303796206135303e-05,0.9992066025733948,0.00020379105990286916,0.0002323767403140664,4.996783172828145e-05,7.383822230622172e-05,0.00018039019778370857,0.4678867757320404,0.5306122303009033,6.94338666562544e-08,1.0
ISIC_0029922,HAM_0007121,0,1,1,6.672630092907639e-07,0.9999816417694092,3.3615169741096906e-06,2.6113566491403617e-06,2.3211318875837605e-06,5.535802301892545e-06,3.914566605089931e-06,0.4664958119392395,0.5102040767669678,7.410471880575642e-05,0.9999935626983643
ISIC_0030252,HAM_0002263,0,1,1,6.294148988672532e-07,0.9999537467956543,6.4126211327675264e-06,8.360731953871436e-06,5.591261924564606e-06,8.479591087962035e-06,1.6843880075612105e-05,0.5318026542663574,0.4693877398967743,8.36783365230076e-05,0.9999861717224121
ISIC_0025204,HAM_0000919,0,1,1,7.581330464745406e-06,0.9997642636299133,3.647544144769199e-05,2.377362579863984e-05,3.831086360150948e-05,8.459718810627237e-05,4.505830293055624e-05,0.48045292496681213,0.4897959232330322,1.0925778951786924e-05,0.9999945163726807
ISIC_0028000,HAM_0001496,0,1,1,2.347174631722737e-05,0.9998679161071777,2.0843079255428165e-05,3.2411124266218394e-05,1.232328031619545e-05,1.9096738469670527e-05,2.389859946561046e-05,0.5432238578796387,0.4693877398967743,5.7220076996600255e-06,0.9999955892562866
ISIC_0028506,HAM_0006838,0,1,1,4.7585089646418055e-07,0.9999613761901855,1.7265761925955303e-05,5.647515536111314e-06,6.533718988066539e-06,2.772295147224213e-06,5.965317541267723e-06,0.48766279220581055,0.5102040767669678,4.4705126356348046e-07,0.9999996423721313
ISIC_0028256,HAM_0004218,0,1,1,6.739057880622568e-07,0.9997063279151917,6.445764483942185e-06,6.0034653870388865e-05,0.00011398900096537545,8.541054558008909e-05,2.6966145014739595e-05,0.47439146041870117,0.5102040767669678,4.23948404204566e-05,0.9999943971633911
ISIC_0024844,HAM_0007217,0,1,1,6.20148199459436e-08,0.9999898672103882,1.2852324289269745e-06,7.570110938104335e-07,4.299255579098826e-06,1.974388851522235e-06,1.783214997885807e-06,0.5086197257041931,0.5102040767669678,7.975305197760463e-05,0.9999641180038452
ISIC_0031493,HAM_0007146,0,1,1,7.450787234120071e-05,0.9996790885925293,7.16655413270928e-05,2.7052059522247873e-05,5.319944102666341e-05,5.724360016756691e-05,3.725654460140504e-05,0.4609566330909729,0.5714285373687744,0.0004453154106158763,0.9998492002487183
ISIC_0032473,HAM_0004631,0,1,1,7.667887871321e-07,0.9999315738677979,4.957405508321244e-06,4.673790044762427e-06,3.1995772587833926e-05,2.0908830265398137e-05,5.22225491295103e-06,0.5224359035491943,0.4897959232330322,2.572082303231582e-05,0.999991774559021
ISIC_0025624,HAM_0006783,0,1,1,4.2264619537490944e-07,0.9999663829803467,3.323229066154454e-06,2.8991300951020094e-06,1.1769078810175415e-05,9.16631779546151e-06,6.061548447178211e-06,0.4998956024646759,0.4897959232330322,2.618942289700499e-06,0.999998927116394
ISIC_0025882,HAM_0000978,0,1,1,4.341846135957894e-07,0.9999079704284668,5.742853318224661e-05,7.513189302699175e-06,4.461332082428271e-06,1.5627545508323237e-05,6.548316378029995e-06,0.5015394687652588,0.4897959232330322,7.935685061966069e-06,0.9999990463256836
ISIC_0031979,HAM_0003318,0,1,1,0.007841086946427822,0.9892940521240234,0.0006642030202783644,0.0004284933675080538,0.0009655359317548573,0.0005048351595178246,0.00030177991720847785,0.585695743560791,0.4285714328289032,2.8808368369936943e-05,0.9999412298202515
ISIC_0029738,HAM_0003637,0,1,1,5.341410513892697e-08,0.9999796152114868,1.295452420890797e-06,4.92353592562722e-06,7.04226204106817e-06,3.976541847805493e-06,3.12125007440045e-06,0.477115273475647,0.5102040767669678,4.594348411046667e-06,0.9999992847442627
ISIC_0031627,HAM_0002210,0,1,1,4.4493000928014226e-07,0.9999630451202393,2.7521714400791097e-06,4.567137693811674e-06,7.84163421485573e-06,1.2092048564227298e-05,9.377487003803253e-06,0.5193558931350708,0.4897959232330322,1.5684732716181315e-05,0.9999933242797852
ISIC_0030304,HAM_0000493,0,1,1,1.158240957011003e-05,0.999852180480957,1.4511975678033195e-05,3.589920015656389e-05,2.2695106963510625e-05,5.033636261941865e-05,1.2778043128491845e-05,0.5154268741607666,0.4897959232330322,1.4494573406409472e-05,0.9999909400939941
ISIC_0030982,HAM_0006054,0,1,1,1.1838615137094166e-05,0.999954104423523,2.295687863806961e-06,6.740069238730939e-06,2.1600487798423273e-06,1.1743942195607815e-05,1.1018113582395017e-05,0.5432002544403076,0.4693877398967743,3.7358981899160426e-06,0.9999997615814209
ISIC_0027059,HAM_0007628,0,1,1,1.153811467702326e-06,0.9998205304145813,5.942760253674351e-06,2.3632212105439976e-05,0.00010167833534069359,3.952618135372177e-05,7.508735507144593e-06,0.44257214665412903,0.5510203838348389,2.96768894259003e-06,0.9999979734420776
ISIC_0027483,HAM_0005181,0,1,1,2.0616346319002332e-06,0.9999314546585083,9.556022632750683e-06,7.5891312008025125e-06,1.1622610145423096e-05,1.6436042642453685e-05,2.1224528609309345e-05,0.5092906951904297,0.4897959232330322,0.00011688857193803415,0.9999570846557617
ISIC_0032160,HAM_0004874,0,1,1,5.247844683253788e-07,0.9999803304672241,1.2394744999255636e-06,6.746805865986971e-06,6.5710551098163705e-06,3.5457885587675264e-06,9.439636983188393e-07,0.48510482907295227,0.4897959232330322,2.6186969989794306e-05,0.99998939037323
ISIC_0032178,HAM_0000651,0,1,1,4.487159003474517e-06,0.9998437166213989,7.355147317866795e-06,3.913872205885127e-05,8.517571404809132e-05,1.2377431630739011e-05,7.713973900536075e-06,0.47458919882774353,0.5102040767669678,3.549641860445263e-06,0.9999990463256836
ISIC_0025845,HAM_0005868,0,1,1,4.1706169895405765e-07,0.9999765157699585,2.410576144029619e-06,8.060736035986338e-06,3.438217390794307e-06,3.5856187423632946e-06,5.56224449610454e-06,0.5146200060844421,0.4897959232330322,1.5932015230646357e-05,0.9999936819076538
ISIC_0031444,HAM_0006892,0,1,1,7.954155444167554e-05,0.9995079040527344,1.963146132766269e-05,0.00018856962560676038,0.00015730973973404616,2.856905666703824e-05,1.84230666491203e-05,0.5330638289451599,0.4897959232330322,6.077360922063235e-06,0.9999971389770508
ISIC_0032452,HAM_0002739,0,1,1,1.3569018619818962e-06,0.9997480511665344,1.4981545973569155e-05,0.00017323058273177594,5.298053292790428e-05,5.654329015669646e-06,3.688944389068638e-06,0.5204856395721436,0.4897959232330322,8.752002941037063e-06,0.9999942779541016
ISIC_0029754,HAM_0000389,0,1,1,1.1912529629398705e-07,0.9999814033508301,7.526064678131661e-07,2.2405492927646264e-06,4.306954906496685e-06,7.016164545348147e-06,4.128439286432695e-06,0.4896685481071472,0.5306122303009033,2.361455699428916e-05,0.9999765157699585
ISIC_0028176,HAM_0002950,0,1,1,1.6092347721041733e-07,0.9999933242797852,1.2717675872409018e-06,6.853157969999302e-07,2.011634933296591e-06,1.4709520428368705e-06,1.135608272306854e-06,0.48868486285209656,0.4897959232330322,1.0143747203983366e-05,0.9999988079071045
ISIC_0028416,HAM_0003332,0,1,1,4.822099413104297e-07,0.9999744892120361,8.114946581372351e-07,1.877662953120307e-06,6.759492862329353e-06,1.3852419215254486e-05,1.77944355073123e-06,0.48208218812942505,0.5102040767669678,7.179663953138515e-06,0.999998927116394
ISIC_0024499,HAM_0000708,0,1,1,2.6091295239893952e-06,0.999903678894043,2.1862324501853436e-06,6.62153834127821e-05,1.1559523045434617e-05,1.0077041224576533e-05,3.5917259992857e-06,0.4623831808567047,0.5306122303009033,1.9327340851305053e-05,0.9999992847442627
ISIC_0028181,HAM_0006777,0,1,1,4.679975063481834e-06,0.9999321699142456,3.6924257074133493e-06,1.109209370042663e-05,1.3034590665483847e-05,2.169892286474351e-05,1.3603633306047413e-05,0.5033345818519592,0.4897959232330322,7.725449904683046e-06,0.9999963045120239
ISIC_0026196,HAM_0006632,0,1,1,7.392847578557848e-07,0.9999414682388306,6.50147285341518e-06,4.670449925470166e-06,2.886804213630967e-05,7.972459570737556e-06,9.8242744570598e-06,0.4965260326862335,0.5102040767669678,0.0002014788769884035,0.9997963309288025
ISIC_0030084,HAM_0004616,0,1,1,8.278318091470283e-06,0.9999295473098755,1.2630308447114658e-05,1.913284359034151e-05,1.388014879921684e-05,1.0314172868675087e-05,6.117254088167101e-06,0.44923636317253113,0.5306122303009033,1.1476863619463984e-05,0.9999949932098389
ISIC_0029428,HAM_0003291,0,1,1,8.858902447173023e-07,0.9999927282333374,1.0507321803743253e-06,9.860817726803361e-07,1.4856171901556081e-06,1.6802026721052243e-06,1.2175579513495904e-06,0.5032062530517578,0.4897959232330322,2.4215178200392984e-05,0.9999946355819702
ISIC_0031324,HAM_0003628,0,1,1,8.138197699736338e-06,0.9998481273651123,9.24316373129841e-06,2.513971230655443e-05,8.558484842069447e-05,1.271012570214225e-05,1.097642416425515e-05,0.4996126890182495,0.4897959232330322,2.899062201322522e-05,0.9999831914901733
ISIC_0026356,HAM_0001039,0,1,1,2.0276972918509273e-06,0.9999469518661499,8.618941137683578e-06,4.255254680174403e-06,1.9187062207493e-05,4.232529136061203e-06,1.467519086872926e-05,0.4785931408405304,0.5306122303009033,8.620870175946038e-06,0.9999984502792358
ISIC_0027555,HAM_0003503,0,1,1,2.743168181496003e-07,0.9999874830245972,2.4373719043069286e-06,2.0494214822974754e-06,2.2442839053837815e-06,3.7076374610478524e-06,1.83299459877162e-06,0.4487103819847107,0.5306122303009033,8.60062846186338e-06,0.9999873638153076
ISIC_0025423,HAM_0002229,0,1,1,1.0597254913591314e-05,0.9992406368255615,0.0002513448998797685,1.94713611563202e-05,0.00011150725185871124,0.00010583635594230145,0.00026077424990944564,0.48923760652542114,0.5102040767669678,3.539497993187979e-05,0.9999895095825195
ISIC_0027746,HAM_0003450,0,1,1,4.945899127051234e-05,0.9991668462753296,4.9098201998276636e-05,0.0003650104335974902,8.153109956765547e-05,0.00021224153169896454,7.582940452266484e-05,0.5034008026123047,0.4897959232330322,0.00010786137863760814,0.9999262094497681
ISIC_0031179,HAM_0001996,0,1,1,2.9928748972452013e-06,0.9999029636383057,3.060567905777134e-05,1.0282970833941363e-05,1.0156135431316216e-05,1.851430715760216e-05,2.457498158037197e-05,0.4817904233932495,0.5102040767669678,4.83490111946594e-06,0.9999994039535522
ISIC_0029648,HAM_0005099,0,1,1,2.357777617589818e-07,0.9999769926071167,2.2194997200131183e-06,8.305743790515407e-07,2.47733964897634e-06,1.5021189028630033e-05,2.2535125481226714e-06,0.5296235084533691,0.4693877398967743,1.2930763659824152e-06,0.9999992847442627
ISIC_0032127,HAM_0001595,0,1,1,0.00034393463283777237,0.9994366765022278,7.021423698461149e-06,1.0697217476263177e-05,0.00018231883586850017,7.473282948922133e-06,1.1765458111767657e-05,0.5882620215415955,0.4285714328289032,0.00033653690479695797,0.9991996884346008
ISIC_0024622,HAM_0004771,0,1,1,1.9704897624706064e-07,0.9999810457229614,1.5908700561340083e-06,5.699140274373349e-06,1.2944564105055179e-06,8.126249667839147e-06,2.0769623461092124e-06,0.5350008010864258,0.4693877398967743,1.2073151992808562e-05,0.999975323677063
ISIC_0029935,HAM_0002593,0,1,1,9.237328413291834e-07,0.9997770190238953,5.642956602969207e-05,1.0696605386328883e-05,2.5233157430193387e-05,5.3871252021053806e-05,7.586203719256446e-05,0.5327496528625488,0.44897958636283875,0.0003553605347406119,0.9995366334915161
ISIC_0031994,HAM_0002669,0,1,1,5.102175691718003e-06,0.9998912811279297,1.1186652045580558e-05,3.149290205328725e-05,3.737368024303578e-05,1.6477190001751296e-05,7.073617780406494e-06,0.5777817964553833,0.4285714328289032,7.065578301990172e-06,0.999983549118042
ISIC_0026509,HAM_0006142,0,1,1,0.0026333858259022236,0.9949215054512024,1.927382436406333e-05,0.00020571041386574507,0.0008334216545335948,0.0013539816718548536,3.2724372431403026e-05,0.5473278760910034,0.4897959232330322,6.222940555744572e-06,0.9999891519546509
ISIC_0032286,HAM_0006959,0,1,1,9.194706507287265e-08,0.9999964237213135,3.8630466292488563e-07,8.477790061078849e-07,8.422145469921816e-07,9.944964176611393e-07,5.132333740220929e-07,0.5364004373550415,0.4897959232330322,4.029856427223422e-06,0.9999969005584717
ISIC_0024591,HAM_0006068,0,1,1,5.993082595523447e-06,0.9999756813049316,1.8183339989263914e-06,1.7734026869220543e-06,2.56598445957934e-06,6.702128303004429e-06,5.429697466752259e-06,0.5391157865524292,0.4693877398967743,5.6189197493949905e-05,0.9999479055404663
ISIC_0029228,HAM_0003492,0,1,1,3.3453227388235973e-06,0.9997386336326599,2.9166614694986492e-05,2.7079275241703726e-05,0.00012061471352353692,5.530513226403855e-05,2.5894089048961177e-05,0.4739936292171478,0.5306122303009033,2.7050204153056256e-05,0.9999804496765137
ISIC_0028274,HAM_0007597,0,1,1,3.2855388099051197e-07,0.9998331069946289,5.298781979945488e-05,5.968633104203036e-06,8.336750761372969e-05,1.8835226001101546e-05,5.442795554699842e-06,0.4964026212692261,0.4897959232330322,6.687735731247813e-05,0.9999712705612183
ISIC_0031549,HAM_0001899,0,1,1,0.00018382591952104121,0.9987144470214844,1.114726001105737e-05,9.785310248844326e-05,0.0008818942005746067,7.822091720299795e-05,3.261472738813609e-05,0.5308135747909546,0.4897959232330322,8.037559746298939e-05,0.9999474287033081
ISIC_0025111,HAM_0005819,0,1,1,7.199082006081881e-07,0.9999237060546875,1.6394880731240846e-05,8.598791282565799e-06,3.253032991779037e-05,7.401607945212163e-06,1.0695124728954397e-05,0.50304114818573,0.4897959232330322,5.07143085997086e-05,0.9999935626983643
ISIC_0024766,HAM_0004386,0,1,1,3.3983751563937403e-06,0.9999651908874512,3.158478648401797e-06,6.378063972078962e-06,4.986501153325662e-06,1.4676114915346261e-05,2.178354179704911e-06,0.5300256013870239,0.4897959232330322,6.550679245265201e-05,0.9999344348907471
ISIC_0027015,HAM_0001851,0,1,1,3.32267291014432e-07,0.9999617338180542,1.7735041183186695e-05,2.161812744816416e-06,5.913215773034608e-06,2.813009132296429e-06,9.302520993514918e-06,0.49410414695739746,0.5102040767669678,7.431439007632434e-05,0.9999923706054688
ISIC_0026463,HAM_0006948,0,1,1,1.2736484677589033e-05,0.9999047517776489,5.590039563685423e-06,2.81373559118947e-05,1.6382646208512597e-05,1.9709730622707866e-05,1.271244491363177e-05,0.4037199914455414,0.6122449040412903,1.4676998944196384e-05,0.999997615814209
ISIC_0031684,HAM_0001351,0,1,1,1.1144445124955382e-05,0.9997656941413879,1.7165675672004e-05,3.6912177165504545e-05,0.00010289932106388733,4.264124436303973e-05,2.353176023461856e-05,0.5540921092033386,0.4693877398967743,0.00015236811304930598,0.9998964071273804
ISIC_0029709,HAM_0003763,0,1,1,3.3841257618405507e-07,0.9999743700027466,8.407928362430539e-06,2.0628619950002758e-06,6.6024049374391325e-06,3.4991448956134263e-06,4.794569122168468e-06,0.4921031892299652,0.4897959232330322,8.12596408650279e-06,0.9999988079071045
ISIC_0030419,HAM_0005063,0,1,1,4.571849103740533e-07,0.9999818801879883,1.564917170071567e-06,2.2456479200627655e-06,2.397891421423992e-06,7.823279702279251e-06,3.52006645698566e-06,0.5033599734306335,0.5102040767669678,8.083209104370326e-05,0.9999598264694214
ISIC_0030745,HAM_0000115,0,1,1,9.694525942904875e-06,0.9998226761817932,8.046919538173825e-05,1.1823136446764693e-05,3.053278487641364e-05,1.7310536350123584e-05,2.751752435870003e-05,0.6050054430961609,0.40816324949264526,8.16072933957912e-05,0.9999803304672241
ISIC_0031780,HAM_0005167,0,1,1,2.3887349698270555e-07,0.9999599456787109,2.206777480751043e-06,5.815908934891922e-06,1.1862903193105012e-05,1.4245343663787935e-05,5.585508915828541e-06,0.5837447643280029,0.4285714328289032,9.419303387403488e-05,0.9999749660491943
ISIC_0025110,HAM_0001893,0,1,1,1.4567386585895292e-07,0.9999829530715942,2.642505023686681e-06,4.087252818862908e-06,1.6122204442581278e-06,4.7057501433300786e-06,3.937384462915361e-06,0.5455350279808044,0.4693877398967743,3.1960487376636593e-06,0.9999988079071045
ISIC_0027694,HAM_0007405,0,1,1,5.644219527312089e-07,0.9999797344207764,3.0449341466010083e-06,3.1750778362038545e-06,3.051209887416917e-06,6.838535682618385e-06,3.602177685024799e-06,0.4889528751373291,0.5102040767669678,7.212086347863078e-05,0.9999901056289673
ISIC_0029616,HAM_0002842,0,1,1,6.458556526922621e-06,0.9999494552612305,3.336268264320097e-06,8.621355846116785e-06,1.311759388045175e-05,9.041128578246571e-06,1.0033208127424587e-05,0.579992949962616,0.40816324949264526,1.018438595679072e-07,1.0
ISIC_0030454,HAM_0001267,0,1,1,2.095166564686224e-06,0.9999672174453735,1.4638725588156376e-05,3.1905121886666166e-06,4.729527063318528e-07,8.99092719919281e-06,3.4633706036402145e-06,0.4622025191783905,0.5306122303009033,3.188487607985735e-05,0.9999973773956299
ISIC_0026899,HAM_0001652,0,1,1,2.1802341052534757e-06,0.9999772310256958,1.5457535482710227e-06,2.850183363989345e-06,3.140192802675301e-06,1.0818223927344661e-05,2.13900466405903e-06,0.4745737910270691,0.5102040767669678,6.122929335106164e-06,0.9999973773956299
ISIC_0027692,HAM_0003769,0,1,1,6.161345936561702e-06,0.9999151229858398,7.927722435852047e-06,4.4830344450019766e-06,7.169959644670598e-06,4.09462045354303e-05,1.8106389688909985e-05,0.5434925556182861,0.4897959232330322,1.7204431060235947e-05,0.9999834299087524
ISIC_0025496,HAM_0002996,0,1,1,8.505703590344638e-06,0.9999624490737915,2.370677293583867e-06,5.052388132753549e-06,1.0948007002298255e-05,4.380332484288374e-06,6.332922112051165e-06,0.5163322687149048,0.4897959232330322,0.000119910211651586,0.9999135732650757
ISIC_0026284,HAM_0001252,0,1,1,9.561040315020364e-08,0.9999910593032837,9.269020893043489e-07,2.809933221215033e-06,1.677436443969782e-06,1.7335004258711706e-06,1.6412810737165273e-06,0.5380922555923462,0.44897958636283875,5.9952093579340726e-05,0.9998561143875122
ISIC_0028725,HAM_0003598,0,1,1,1.074564534064848e-05,0.9999279975891113,4.4501352931547444e-06,5.8063519645656925e-06,2.7705256798071787e-05,1.3887861314287875e-05,9.349450010631699e-06,0.5138283371925354,0.4693877398967743,5.4556960094487295e-05,0.9999523162841797
ISIC_0028469,HAM_0002145,0,1,1,4.844916929869214e-07,0.9999250173568726,3.1502117963100318e-06,3.758629463845864e-05,1.1047116458939854e-05,1.7026846762746572e-05,5.7252682381658815e-06,0.5039264559745789,0.4897959232330322,3.8020107240299694e-06,0.9999979734420776
ISIC_0030750,HAM_0005277,0,1,1,4.855453425989253e-07,0.9999706745147705,6.30389968137024e-06,8.922818778955843e-06,3.890318566845963e-06,4.901085048913956e-06,4.776998139277566e-06,0.4766773283481598,0.5306122303009033,5.205660613682994e-07,0.9999995231628418
ISIC_0031516,HAM_0003499,0,1,1,2.7772709927376127e-06,0.9999760389328003,8.527439604222309e-06,2.3332743239734555e-06,3.917891262972262e-06,1.9089216038992163e-06,4.4647986214840785e-06,0.5871748924255371,0.40816324949264526,0.00014710091636516154,0.9995473027229309
ISIC_0030788,HAM_0004785,0,1,1,7.788347033965692e-07,0.9999769926071167,2.8166168704046868e-06,4.752535915031331e-06,3.933938387490343e-06,8.770301064942032e-06,1.8723887933447259e-06,0.5252517461776733,0.4897959232330322,8.86491034179926e-06,0.9999980926513672
ISIC_0028708,HAM_0005004,0,1,1,4.13711168221198e-05,0.9996170997619629,6.451289209508104e-06,6.872239464428276e-05,0.0002519724948797375,8.953259566624183e-06,5.3747826314065605e-06,0.5125260353088379,0.4693877398967743,1.0481032404641155e-05,0.9999921321868896
ISIC_0029262,HAM_0004353,0,1,1,0.0002721062919590622,0.9992596507072449,3.056889909203164e-05,2.7053967642132193e-05,0.00031672260956838727,7.182324770838022e-05,2.209839476563502e-05,0.5570234656333923,0.44897958636283875,6.482347816927359e-05,0.999994158744812
ISIC_0027511,HAM_0005897,0,1,1,5.004408194508869e-06,0.9998610019683838,1.5252769117068965e-05,5.3770043450640514e-05,3.8779999158577994e-05,1.773963049345184e-05,8.462026926281396e-06,0.4965483844280243,0.4897959232330322,1.5738207366666757e-05,0.9999954700469971
ISIC_0027890,HAM_0006717,0,1,1,1.2269224214378482e-07,0.9999388456344604,4.644064119929681e-06,4.060278115503024e-06,1.725653601170052e-05,3.127268064417876e-05,3.797846602537902e-06,0.5310579538345337,0.4897959232330322,1.1694307431753259e-05,0.999988317489624
ISIC_0024354,HAM_0004117,0,1,1,1.644681333345943e-07,0.9999382495880127,2.815254993038252e-05,4.1754501580726355e-06,2.1042458683950827e-05,2.2997837731963955e-06,5.942303687334061e-06,0.49976736307144165,0.4897959232330322,2.2763133600278707e-08,1.0
ISIC_0028811,HAM_0003795,0,1,1,6.851354896753037e-07,0.9999465942382812,1.3427221347228624e-05,5.2020977818756364e-06,1.565487946209032e-05,9.134268111665733e-06,9.204434718412813e-06,0.5630096197128296,0.44897958636283875,9.54772971795137e-08,0.9999998807907104
ISIC_0027001,HAM_0003134,0,1,1,3.543532875482924e-05,0.9998642206192017,3.2588270642008865e-06,1.616876761545427e-05,4.633823846234009e-05,2.1897925762459636e-05,1.2555819012050051e-05,0.4851599335670471,0.5102040767669678,3.371529237483628e-05,0.9999804496765137
ISIC_0032295,HAM_0006106,0,1,1,1.8749740775092505e-05,0.9999324083328247,1.287769919144921e-05,1.4962416571506765e-05,6.968509751459351e-06,1.0530729014135431e-05,3.4940726436616387e-06,0.476142555475235,0.5102040767669678,5.371962834033184e-05,0.9999864101409912
ISIC_0029969,HAM_0006038,0,1,1,0.0001230964408023283,0.9988411068916321,0.00012113116827094927,0.00024887113249860704,9.93961511994712e-05,0.0004908550181426108,7.559893856523558e-05,0.46170347929000854,0.5102040767669678,7.050111162243411e-05,0.9999802112579346
ISIC_0024810,HAM_0001628,0,1,1,8.648533480482001e-07,0.99998939037323,1.2763457561959513e-06,3.3504597922728863e-06,1.791018348740181e-06,1.7926709006133024e-06,1.5832731605769368e-06,0.5238736271858215,0.4693877398967743,3.464528708718717e-05,0.9999806880950928
ISIC_0025552,HAM_0000218,0,1,1,7.085868674039375e-06,0.9996962547302246,1.8934433683170937e-05,3.1451283575734124e-05,0.00013399258023127913,8.463936683256179e-05,2.7726902771973982e-05,0.5121744275093079,0.4897959232330322,4.49639946964453e-06,0.999994158744812
ISIC_0024627,HAM_0002992,0,1,1,1.1474956409074366e-05,0.9998881816864014,2.679031013030908e-06,1.4090847798797768e-05,6.516579742310569e-05,1.1735533007595222e-05,6.723383648932213e-06,0.5103210806846619,0.5102040767669678,2.0616225810954347e-05,0.9999940395355225
ISIC_0027586,HAM_0001421,0,1,1,2.1809240990933176e-07,0.9999804496765137,5.491896217790782e-07,1.2752806242133374e-06,3.3021212857420323e-06,1.2659544154303148e-05,1.5568200524285203e-06,0.5207984447479248,0.4897959232330322,1.4857356291031465e-05,0.999998927116394
ISIC_0031683,HAM_0002579,0,1,1,3.72286095284835e-08,0.9999823570251465,9.399564078194089e-07,1.5553509911114816e-06,7.762280347378692e-07,1.2753020200761966e-05,1.6400807680838625e-06,0.5802604556083679,0.44897958636283875,5.40543351235101e-06,0.9999984502792358
ISIC_0028002,HAM_0002168,0,1,1,1.7701535170999705e-07,0.9996472597122192,4.417564196046442e-05,0.0001533018221380189,7.775146514177322e-05,6.394337833626196e-05,1.3372068679018412e-05,0.5084048509597778,0.4897959232330322,2.7667381800711155e-05,0.9999861717224121
ISIC_0024530,HAM_0001235,0,1,1,5.644786256198131e-07,0.9998980760574341,1.2133539712522179e-05,5.08872362843249e-05,1.4312451639852952e-05,1.7789028788683936e-05,6.24357198830694e-06,0.5091224312782288,0.4897959232330322,9.238303391612135e-06,0.9999985694885254
ISIC_0027906,HAM_0000185,0,1,1,2.1651356291840784e-05,0.9982894062995911,0.00011733973224181682,0.00015972087567206472,0.0012054219841957092,0.00011062940757256001,9.576158481650054e-05,0.43757322430610657,0.5306122303009033,4.894554876955226e-05,0.9999942779541016
ISIC_0025857,HAM_0002091,0,1,1,1.5180044101725798e-06,0.9998533725738525,1.5987401638994925e-05,1.8131326214643195e-05,2.2393664039555006e-05,7.568854925921187e-05,1.2906286428915337e-05,0.49078962206840515,0.5102040767669678,5.132289879838936e-05,0.999983549118042
ISIC_0030648,HAM_0003607,0,1,1,4.244497176841833e-06,0.9999171495437622,1.2076212442480028e-05,2.0312396372901276e-05,1.631169652682729e-05,2.1112506146891974e-05,8.814593456918374e-06,0.47989940643310547,0.5102040767669678,4.807297955267131e-05,0.9999912977218628
ISIC_0030489,HAM_0007447,0,1,1,1.0600949735817267e-06,0.9999699592590332,3.4718889310170198e-06,1.0303647286491469e-05,2.1503283278434537e-06,7.751986231596675e-06,5.393771516537527e-06,0.5291241407394409,0.4897959232330322,9.605028935766313e-06,0.9999858140945435
ISIC_0030879,HAM_0002445,0,1,1,4.069610895385267e-06,0.9985888600349426,0.00016878554015420377,0.00018182782514486462,0.0007983786053955555,0.00014598200505133718,0.00011212123354198411,0.4632454514503479,0.5306122303009033,1.2250379768374842e-06,0.9999995231628418
ISIC_0030345,HAM_0004598,0,1,1,2.4072276119113667e-06,0.9998786449432373,6.977681186981499e-05,4.940709914080799e-06,1.6705520465620793e-05,1.8517197531764396e-05,9.142902854364365e-06,0.5254236459732056,0.4897959232330322,0.00015378365060314536,0.9998687505722046
ISIC_0024316,HAM_0002718,0,1,1,1.545191480545327e-06,0.999901533126831,1.1791748875111807e-05,8.896000508684665e-06,2.922407838923391e-05,2.9151175112929195e-05,1.772575342329219e-05,0.4806865155696869,0.4897959232330322,2.0109930119360797e-05,0.9999884366989136
ISIC_0029629,HAM_0004019,0,1,1,0.00015817148960195482,0.9996476173400879,2.2681820155412424e-06,2.6511903342907317e-05,0.000130617554532364,2.4078894057311118e-05,1.0736672265920788e-05,0.5121867060661316,0.4897959232330322,0.00011061812983825803,0.9999822378158569
ISIC_0024722,HAM_0005452,0,1,1,1.9896458979928866e-05,0.9995799660682678,2.619810948090162e-05,3.6716912291012704e-05,0.00021917320555076003,8.467255247524008e-05,3.329720493638888e-05,0.5528603792190552,0.4693877398967743,0.00012125998910050839,0.9999481439590454
ISIC_0031397,HAM_0000178,0,1,1,1.094112576538464e-06,0.9998741149902344,3.837762506009312e-06,2.4879125703591853e-05,1.682303445704747e-05,6.450858927564695e-05,1.4752628885617014e-05,0.5140041708946228,0.4897959232330322,2.2574984541279264e-05,0.9999916553497314
ISIC_0025848,HAM_0002310,0,1,1,3.941238446714124e-06,0.9999312162399292,4.441491910256445e-06,4.516260560194496e-06,8.53284200275084e-06,4.315210026106797e-05,4.20134801970562e-06,0.4751124083995819,0.5102040767669678,1.5642086509615183e-05,0.9999967813491821
ISIC_0031342,HAM_0004815,0,1,1,1.2017213748549693e-06,0.9999306201934814,1.5464562238776125e-05,7.539924808952492e-06,8.633978723082691e-06,2.4311477318406105e-05,1.2204798622406088e-05,0.47116827964782715,0.5102040767669678,1.4526540326187387e-05,0.9999948740005493
ISIC_0026898,HAM_0005726,0,1,1,1.6458656318718567e-05,0.999438464641571,0.00024183005734812468,5.074799628346227e-05,3.3188920497195795e-05,0.000183907788596116,3.532571645337157e-05,0.47292810678482056,0.5102040767669678,0.00012023252929793671,0.999984622001648
ISIC_0031859,HAM_0001574,0,1,1,1.020810850604903e-05,0.9998888969421387,1.552294816065114e-05,1.0543776625127066e-05,2.666808904905338e-05,2.709117325139232e-05,2.114038034051191e-05,0.5264587998390198,0.4897959232330322,5.1720428018597886e-05,0.9999862909317017
ISIC_0027078,HAM_0001660,0,1,1,7.35118817374314e-07,0.9999810457229614,2.102194684994174e-06,2.30950718105305e-06,3.8423077057814226e-06,5.8778587117558345e-06,4.126194198761368e-06,0.5133100748062134,0.4897959232330322,6.532059342134744e-05,0.9999797344207764
ISIC_0031066,HAM_0006488,0,1,1,9.928669896908104e-06,0.9997170567512512,1.3166640201234259e-05,6.427402695408091e-05,8.48893032525666e-05,9.848694026004523e-05,1.2278312169655692e-05,0.5081329345703125,0.4897959232330322,6.716111329296837e-06,0.9999978542327881
ISIC_0027841,HAM_0002932,0,1,1,2.5760721200640546e-07,0.9999134540557861,1.698399046290433e-06,3.136379018542357e-05,9.983273230318446e-06,3.546452717273496e-05,7.776271559123415e-06,0.5127211213111877,0.4693877398967743,1.2983209671801887e-05,0.999992847442627
ISIC_0025176,HAM_0002864,0,1,1,6.3369981944561e-05,0.9967948794364929,1.1758824257412925e-05,0.0009056927519850433,0.0017766229575499892,0.0004237569810356945,2.38803586398717e-05,0.5368734002113342,0.44897958636283875,1.4298057976702694e-05,0.9999603033065796
ISIC_0027396,HAM_0001491,0,1,1,9.336766737533253e-08,0.9999896287918091,2.682925696717575e-06,1.2403468190314015e-06,2.3238746962306323e-06,2.808978024404496e-06,1.2144508900746587e-06,0.48407140374183655,0.5306122303009033,4.21982113039121e-05,0.9999853372573853
ISIC_0024817,HAM_0000447,0,1,1,9.908388165058568e-06,0.999915361404419,3.255147021263838e-05,5.106792286824202e-06,2.3144475562730804e-05,7.265708518389147e-06,6.654588560195407e-06,0.563805103302002,0.44897958636283875,5.988998236716725e-05,0.9999220371246338
ISIC_0030627,HAM_0006202,0,1,1,1.748899535414239e-06,0.9999860525131226,2.438179535602103e-06,1.190392595162848e-06,7.903827849986556e-07,5.091872480988968e-06,2.64416416939639e-06,0.49555259943008423,0.5102040767669678,0.00010936187027255073,0.9999517202377319
ISIC_0027039,HAM_0004035,0,1,1,3.8813419678263017e-07,0.9999775886535645,2.9561801966337953e-06,7.981891030794941e-06,2.0820282315980876e-06,5.690436864824733e-06,3.247635959269246e-06,0.5142616033554077,0.4897959232330322,8.479324606014416e-05,0.9999594688415527
ISIC_0031109,HAM_0000869,0,1,1,1.9352437448105775e-06,0.9999656677246094,3.443515652179485e-06,8.402196726819966e-06,4.58922022517072e-06,1.3262211723485962e-05,2.7394444259698503e-06,0.526191234588623,0.4897959232330322,0.00014391308650374413,0.9998471736907959
ISIC_0030638,HAM_0005976,0,1,1,1.5160549082793295e-06,0.9998527765274048,1.5431760402861983e-05,7.34312052372843e-05,6.687214408884756e-06,2.6200163119938225e-05,2.3966824301169254e-05,0.5076873898506165,0.4897959232330322,0.0002820800291374326,0.9997878670692444
ISIC_0025686,HAM_0002146,0,1,1,4.0503882701159455e-06,0.9999233484268188,1.1015589734597597e-05,1.8302212993148714e-05,3.0293809686554596e-05,5.554426934395451e-06,7.331550023081945e-06,0.48143312335014343,0.5102040767669678,0.00022358086425811052,0.9999632835388184
ISIC_0026598,HAM_0006602,0,1,1,1.5625302296484733e-07,0.9999876022338867,2.3749280444462784e-06,1.1156654409205657e-06,3.600571062634117e-06,3.828740318567725e-06,1.366458491247613e-06,0.5144442319869995,0.4897959232330322,1.3120647963660304e-06,0.9999997615814209
ISIC_0026563,HAM_0005526,0,1,1,8.350715461347136e-07,0.9999667406082153,2.05292758437281e-06,9.66859170148382e-06,9.98409086605534e-06,7.450439625245053e-06,3.191944188074558e-06,0.501750648021698,0.4897959232330322,1.6031350469347672e-06,0.9999992847442627
ISIC_0029151,HAM_0004755,0,1,1,7.207022463262547e-06,0.9997782111167908,2.656082324392628e-05,3.160815322189592e-05,1.0407518857391551e-05,7.025367813184857e-05,7.582965918118134e-05,0.4976034164428711,0.5102040767669678,0.00011361065844539553,0.9998699426651001
ISIC_0031020,HAM_0005515,0,1,1,2.465743591528735e-06,0.9999390840530396,2.2652714051218936e-06,7.215774985525059e-06,3.369576370459981e-05,1.1092032764281612e-05,4.095915301149944e-06,0.5119596719741821,0.4897959232330322,9.711505299492273e-06,0.9999969005584717
ISIC_0031641,HAM_0006405,0,1,1,1.5025710808913573e-06,0.99998939037323,2.0936529381287983e-06,8.984616783891397e-07,2.281977685925085e-06,1.7025402030412806e-06,2.1079899852338713e-06,0.4846585988998413,0.5102040767669678,4.696805990533903e-05,0.999974250793457
ISIC_0031205,HAM_0002920,0,1,1,9.827373105508741e-06,0.9999727010726929,2.7947762646363117e-06,6.915033736731857e-06,2.7506866899784654e-06,2.249983481306117e-06,2.7675980618369067e-06,0.536777675151825,0.4693877398967743,4.64135009679012e-05,0.999951958656311
ISIC_0028138,HAM_0004111,0,1,1,3.488652964733774e-06,0.9999574422836304,7.894554414633603e-07,1.4072149497224018e-05,1.8655926396604627e-05,3.2104637739394093e-06,2.396529453108087e-06,0.5051707625389099,0.4897959232330322,3.133311338388012e-06,0.9999990463256836
ISIC_0027977,HAM_0004512,0,1,1,1.7172781952012883e-07,0.9999725818634033,1.1345368875481654e-06,6.500496965600178e-06,1.3811554708809126e-05,3.852409008686664e-06,1.9017393242393155e-06,0.5167855024337769,0.4897959232330322,2.2855576844449388e-06,0.999998927116394
ISIC_0029165,HAM_0004666,0,1,1,9.707078788778745e-06,0.999937891960144,4.685382464231225e-06,1.4457989891525358e-05,1.663379225647077e-05,9.796395715966355e-06,6.834318355686264e-06,0.47402000427246094,0.5306122303009033,5.564530147239566e-05,0.9999959468841553
ISIC_0026193,HAM_0006419,0,1,1,1.5186176369752502e-06,0.9999759197235107,1.4102429304330144e-06,1.4399754036276136e-05,5.3843700698053e-07,4.556546173262177e-06,1.6135041960296803e-06,0.5056582689285278,0.4897959232330322,8.618831088824663e-06,0.9999984502792358
ISIC_0025233,HAM_0003718,0,1,1,0.0007721293368376791,0.9985132813453674,3.833751179627143e-05,5.538969344343059e-05,0.00032566688605584204,0.00020470113668125123,9.049119398696348e-05,0.5004794597625732,0.4897959232330322,1.0631448503772845e-06,0.9999911785125732
ISIC_0027095,HAM_0000537,0,1,1,4.835555955651216e-08,0.9999828338623047,5.095076630823314e-06,7.304602718249953e-07,5.195119570089446e-07,8.476441507809795e-06,2.2678716504742624e-06,0.5802022218704224,0.40816324949264526,6.694561307085678e-06,0.9999936819076538
ISIC_0030030,HAM_0007382,0,1,1,7.206503505585715e-05,0.9998773336410522,2.8189317617943743e-06,1.561593853693921e-05,1.8529872249928303e-05,8.694090865901671e-06,4.9735017455532216e-06,0.5066719055175781,0.5102040767669678,0.00013816037971992046,0.9999687671661377
ISIC_0025933,HAM_0006095,0,1,1,3.317677965242183e-06,0.9999196529388428,6.131234385975404e-06,1.0908259355346672e-05,2.9461656595231034e-05,1.840192089730408e-05,1.2062072528351564e-05,0.5686616897583008,0.44897958636283875,9.031187801156193e-06,0.9999972581863403
ISIC_0032012,HAM_0001980,0,1,1,7.564810402982403e-06,0.9999173879623413,2.0576724637066945e-05,1.2767827684001531e-05,1.522286402177997e-05,1.7388389096595347e-05,9.04941316548502e-06,0.526671290397644,0.44897958636283875,4.396737858769484e-05,0.999954104423523
ISIC_0027741,HAM_0000419,0,1,1,2.262108409922803e-06,0.9997891783714294,2.7119489459437318e-05,1.5734716726001352e-05,2.0121959096286446e-05,9.319467790191993e-05,5.2382729336386546e-05,0.5172784924507141,0.4897959232330322,1.2551476174849086e-05,0.9999834299087524
ISIC_0026306,HAM_0004456,0,1,1,1.536073614261113e-05,0.9996829032897949,3.973394541390007e-06,2.8396178095135838e-05,0.0002288451505592093,3.162754001095891e-05,8.993026312964503e-06,0.5427367687225342,0.4693877398967743,0.0001243073638761416,0.9997574687004089
ISIC_0024557,HAM_0001247,0,1,1,1.860402534248351e-07,0.9999639987945557,3.4174227039329708e-06,4.988212822354399e-06,7.207550424936926e-06,1.2053167665726505e-05,8.129512934829108e-06,0.5413665771484375,0.44897958636283875,6.55142284813337e-05,0.9999474287033081
ISIC_0031717,HAM_0001228,0,1,1,2.183281367251766e-06,0.9998948574066162,2.770951687125489e-05,1.82109451998258e-05,3.250783265684731e-05,1.715938196866773e-05,7.313854894164251e-06,0.48568910360336304,0.5102040767669678,1.084398081729887e-05,0.9999974966049194
ISIC_0031487,HAM_0006903,0,1,1,1.6518499251105823e-05,0.9998917579650879,2.3525146389147267e-05,2.4469329218845814e-05,2.3695982235949486e-05,7.60321654524887e-06,1.2482283636927605e-05,0.5093488097190857,0.4897959232330322,0.00011166778131155297,0.9999690055847168
ISIC_0025342,HAM_0005293,0,1,1,2.9218823328847066e-05,0.9465482831001282,0.04226060211658478,0.00058658083435148,0.0014475744683295488,0.006358024664223194,0.0027697512414306402,0.47244828939437866,0.5102040767669678,0.00024591563851572573,0.9999552965164185
ISIC_0031568,HAM_0001380,0,1,1,3.7098627672094153e-06,0.9999494552612305,6.086945631977869e-06,1.0369145456934348e-05,8.017370419111103e-06,1.8406806702842005e-05,3.940453098039143e-06,0.5307385325431824,0.4693877398967743,6.308982847258449e-05,0.9999949932098389
ISIC_0031879,HAM_0003065,0,1,1,1.4135746823740192e-05,0.999736487865448,5.238138783170143e-06,6.862400368845556e-06,0.0002167286875192076,8.405535481870174e-06,1.1976904715993442e-05,0.507669985294342,0.4897959232330322,4.85077835037373e-05,0.9999724626541138
ISIC_0027845,HAM_0006167,0,1,1,9.637187758926302e-06,0.9998948574066162,9.073067303688731e-06,2.658787343534641e-05,3.116564403171651e-05,1.4357382497109938e-05,1.4312296116258949e-05,0.5420171022415161,0.4693877398967743,0.00012735924974549562,0.9997156262397766
ISIC_0032177,HAM_0002520,0,1,1,3.710842975124251e-07,0.9998612403869629,1.900801362353377e-05,1.0468282198417e-05,2.0576708266162314e-05,7.74649961385876e-05,1.0845489669009112e-05,0.5620198249816895,0.44897958636283875,1.2565678844111972e-05,0.999971866607666
ISIC_0027075,HAM_0004261,0,1,1,3.7753275137220044e-06,0.9997748732566833,1.2756332580465823e-05,1.7731064872350544e-05,0.00010890397970797494,6.538829620694742e-05,1.6479027181048878e-05,0.5300500988960266,0.4897959232330322,4.7125718992901966e-05,0.9999719858169556
ISIC_0032435,HAM_0002963,0,1,1,1.4546760212397203e-05,0.9999316930770874,1.4295320397650357e-05,4.650270511774579e-06,1.5453066225745715e-05,1.0464546903676819e-05,8.816815352474805e-06,0.5066830515861511,0.5102040767669678,0.0001954515028046444,0.9998441934585571
ISIC_0030320,HAM_0006646,0,1,1,7.661018344151671e-07,0.9999145269393921,2.7157509521202883e-06,1.7504389688838273e-05,1.550532215333078e-05,2.6358042305218987e-05,2.2579572032555006e-05,0.5451462268829346,0.4693877398967743,7.692000508541241e-06,0.9999984502792358
ISIC_0024325,HAM_0002044,0,1,1,4.304332833271474e-06,0.9999580383300781,6.28837688054773e-06,9.284564839617815e-06,7.588203516206704e-06,1.0216811460850295e-05,4.240487214701716e-06,0.5049145221710205,0.4897959232330322,1.675054954830557e-05,0.9999902248382568
ISIC_0031283,HAM_0000411,0,1,1,9.098699592868797e-06,0.9999121427536011,3.2152285712072626e-05,7.524097782152239e-06,1.441646418243181e-05,1.157337555923732e-05,1.308622995566111e-05,0.528362512588501,0.4693877398967743,0.00022978827473707497,0.999531626701355
ISIC_0029987,HAM_0005071,0,1,1,9.709045798445004e-07,0.9999884366989136,2.873986204576795e-06,1.3474020761350403e-06,9.44307259942434e-07,2.0237823719071457e-06,3.4904016956716077e-06,0.5484598875045776,0.44897958636283875,4.0593455196358263e-05,0.9999678134918213
ISIC_0024651,HAM_0001681,0,1,1,1.3414559361990541e-05,0.9992313385009766,1.4741626728209667e-05,5.4354313760995865e-05,4.5815377234248444e-05,0.0006218430353328586,1.8628961697686464e-05,0.4570254683494568,0.5306122303009033,6.639557341259206e-06,0.9999945163726807
ISIC_0030500,HAM_0001836,0,1,1,1.3538266330215265e-06,0.9999195337295532,1.1389207429601811e-05,9.570801921654493e-06,3.14208009513095e-05,1.8145898138755e-05,8.689616151968949e-06,0.48949217796325684,0.4897959232330322,0.00010907504474744201,0.999953031539917
ISIC_0031936,HAM_0002077,0,1,1,0.006829464342445135,0.9924708604812622,8.899335807655007e-05,0.00025040938635356724,0.00010239244147669524,0.00019249622710049152,6.529597158078104e-05,0.5060827732086182,0.4897959232330322,0.00016462578787468374,0.999930739402771
ISIC_0025344,HAM_0000937,0,1,1,1.4314983900476363e-06,0.999832272529602,7.289075711014448e-06,1.2166852684458718e-05,5.9073699958389625e-05,7.159571396186948e-05,1.6076139218057506e-05,0.4958108961582184,0.5102040767669678,9.952310210792348e-05,0.9999725818634033
ISIC_0031047,HAM_0002594,0,1,1,1.0784698133647908e-05,0.9999488592147827,4.611926669895183e-06,1.3288790796650574e-05,1.0271425708197057e-05,7.480321983166505e-06,4.780936251336243e-06,0.5092509984970093,0.4897959232330322,4.0758972318144515e-05,0.9999890327453613
ISIC_0030040,HAM_0003543,0,1,1,3.364831684393721e-07,0.9999806880950928,1.7131152389993076e-06,2.169085973946494e-06,7.698406079725828e-06,3.0562277970602736e-06,4.352151336206589e-06,0.5017117261886597,0.4897959232330322,3.058953006984666e-05,0.9999874830245972
ISIC_0025660,HAM_0001952,0,1,1,0.0003369735204614699,0.9995161294937134,5.398515895649325e-06,2.3248432626132853e-05,8.267562952823937e-05,1.126841834775405e-05,2.4215685698436573e-05,0.5917004346847534,0.40816324949264526,0.00012386389425955713,0.9999092817306519
ISIC_0031885,HAM_0004821,0,1,1,5.729871190851554e-07,0.9999309778213501,6.111793027230306e-06,5.0469516281737015e-06,1.73998819263943e-06,4.80300368508324e-05,7.520674444094766e-06,0.47087445855140686,0.5510203838348389,1.6491490896441974e-05,0.9999879598617554
ISIC_0027685,HAM_0005120,0,1,1,0.00038678720011375844,0.9982340335845947,0.00023898591462057084,0.0002972322399728,9.2187816335354e-05,0.00039445050060749054,0.0003562514903023839,0.5188206434249878,0.4897959232330322,2.30627279051987e-06,0.999996542930603
ISIC_0029280,HAM_0006674,0,1,1,3.0968089959060308e-06,0.9997914433479309,1.630319093237631e-05,1.5228569282044191e-05,0.00013418987509794533,2.7404863431002013e-05,1.2344614333414938e-05,0.5090928673744202,0.4897959232330322,3.544104765751399e-05,0.9999631643295288
ISIC_0028564,HAM_0003204,0,1,1,0.00016025349032133818,0.9993532299995422,1.964304829016328e-05,0.0001628811442060396,0.00023613021767232567,4.329735747887753e-05,2.4602497433079407e-05,0.6013705730438232,0.3877550959587097,1.574343150423374e-05,0.9999921321868896
ISIC_0029942,HAM_0003211,0,1,1,2.7603822672972456e-05,0.999874472618103,9.15459077077685e-06,1.9397872165427543e-05,3.8173573557287455e-05,2.345679240534082e-05,7.722314876446035e-06,0.48544102907180786,0.5306122303009033,3.0317787604872137e-05,0.9999951124191284
ISIC_0027787,HAM_0004220,0,1,1,1.3495386497197615e-07,0.9999188184738159,1.6519890777999535e-05,1.56020305439597e-05,1.064263233274687e-05,2.640332058945205e-05,1.1823179193015676e-05,0.4976709187030792,0.5102040767669678,2.946025961136911e-05,0.9999945163726807
ISIC_0025841,HAM_0001210,0,1,1,1.5767749573569745e-05,0.9999178647994995,6.898116225784179e-06,1.4931239093129989e-05,2.1200390619924292e-05,1.7607751942705363e-05,5.726412382500712e-06,0.4994417130947113,0.5102040767669678,3.777675738092512e-05,0.9999823570251465
ISIC_0027891,HAM_0003417,0,1,1,0.0003115937870461494,0.9987747073173523,4.611005715560168e-05,0.00013436315930448472,0.000687686144374311,1.8287692000740208e-05,2.718540417845361e-05,0.5203459858894348,0.4897959232330322,8.471149158140179e-06,0.9999992847442627
ISIC_0030685,HAM_0000585,0,1,1,7.759703635201731e-07,0.9998935461044312,5.461047749122372e-06,6.6536249505588785e-06,5.688666988135083e-06,8.061624248512089e-05,7.295475370483473e-06,0.5152497291564941,0.4897959232330322,3.873930836562067e-06,0.9999977350234985
ISIC_0027329,HAM_0007400,0,1,1,8.550237140525496e-08,0.9999555349349976,8.29584041639464e-06,7.289802965715353e-07,1.4506466641250881e-06,1.641557173570618e-05,1.7451833628001623e-05,0.4813675582408905,0.5102040767669678,5.204747503739782e-05,0.9999951124191284
ISIC_0028199,HAM_0005460,0,1,1,2.5856434149318375e-07,0.9999380111694336,2.422840043436736e-05,1.7646224250711384e-06,3.814973752014339e-06,1.6408725059591234e-05,1.5446150428033434e-05,0.5744525790214539,0.44897958636283875,6.999120523687452e-05,0.9999899864196777
ISIC_0030343,HAM_0006570,0,1,1,0.0003750024479813874,0.9981967806816101,9.346529986942187e-05,0.00019348645582795143,0.0005538702826015651,0.0005257220473140478,6.168519030325115e-05,0.5438627600669861,0.4693877398967743,4.568402437143959e-05,0.9999557733535767
ISIC_0025091,HAM_0000124,0,1,1,1.6294239912895137e-06,0.9998101592063904,1.5687744962633587e-05,5.6227599998237565e-06,4.225836164550856e-06,0.00015184817311819643,1.0894225852098316e-05,0.5048384070396423,0.4897959232330322,1.162948137789499e-05,0.9999871253967285
ISIC_0029977,HAM_0003252,0,1,1,3.45877961080987e-05,0.999800980091095,1.4890149941493291e-05,1.9154793335474096e-05,8.688843081472442e-06,9.504767513135448e-05,2.6718740627984516e-05,0.5439205169677734,0.4693877398967743,4.157916555413976e-05,0.9999713897705078
ISIC_0031328,HAM_0000424,0,1,1,1.764971784723457e-06,0.9991588592529297,1.958668690349441e-05,2.7306650736136362e-05,0.00043991758138872683,0.000340899481670931,1.17258769023465e-05,0.5074573159217834,0.4897959232330322,7.0396099545178e-06,0.9999954700469971
ISIC_0031737,HAM_0006007,0,1,1,5.080525511402811e-07,0.9998193383216858,0.00010718078556237742,5.259372301225085e-06,4.68510825157864e-06,3.459945219219662e-05,2.8531199859571643e-05,0.5042171478271484,0.4897959232330322,1.640887785470113e-05,0.9999957084655762
ISIC_0027180,HAM_0001063,0,1,1,1.8785398196996539e-06,0.9999569654464722,3.720193717526854e-06,2.4797884634608636e-06,1.3861626939615235e-05,1.671312202233821e-05,4.439899839780992e-06,0.4884234368801117,0.5306122303009033,0.00032425185781903565,0.9997792840003967
ISIC_0028162,HAM_0000416,0,1,1,5.998636538606661e-07,0.9998944997787476,3.4230808523716405e-05,7.075772373354994e-06,1.97908011614345e-05,3.0107661586953327e-05,1.3650776963913813e-05,0.48935389518737793,0.5102040767669678,4.4969553414375696e-07,1.0
ISIC_0030749,HAM_0006153,0,1,1,3.959678906539921e-06,0.999916672706604,1.1609476132434793e-05,1.6526866602362134e-05,1.069955851562554e-05,2.8324671802693047e-05,1.2137631529185455e-05,0.4687836468219757,0.5306122303009033,1.3150313861842733e-05,0.9999953508377075
ISIC_0032037,HAM_0002687,0,1,1,2.767785008472856e-05,0.9999215602874756,2.0308534658397548e-05,1.1520088264660444e-05,2.983036665682448e-06,1.241948575625429e-05,3.5195050713809906e-06,0.5209980010986328,0.4897959232330322,2.5561603251844645e-06,0.9999978542327881
ISIC_0025688,HAM_0007612,0,1,1,5.513265932677314e-05,0.9997727274894714,1.68046844919445e-05,3.250513327657245e-05,3.0206458177417517e-05,3.188272239640355e-05,6.068798393243924e-05,0.5520871877670288,0.4693877398967743,0.0001261013821931556,0.9999666213989258
ISIC_0028802,HAM_0005549,0,1,1,2.785016249617911e-06,0.9995689988136292,0.00012034895917167887,8.351101314474363e-06,7.559686764579965e-06,0.00011041924153687432,0.00018151452240999788,0.45106035470962524,0.5510203838348389,1.8506405467633158e-05,0.9999985694885254
ISIC_0026294,HAM_0000848,0,1,1,9.29183670450584e-07,0.9999680519104004,2.769309048744617e-06,4.240311227476923e-06,1.401087411068147e-05,5.154941845830763e-06,4.847540367336478e-06,0.5560994148254395,0.44897958636283875,4.758144496008754e-05,0.9999781847000122
ISIC_0024992,HAM_0004740,0,1,1,8.789576895651408e-06,0.999783456325531,4.0332077333005145e-05,4.254183659213595e-05,2.3787575628375635e-05,4.3735028157243505e-05,5.734208389185369e-05,0.49717381596565247,0.4897959232330322,3.700792376548634e-06,0.9999990463256836
ISIC_0024628,HAM_0002454,0,1,1,2.686466515910979e-08,0.999970555305481,7.375516815955052e-06,8.184365469787735e-07,5.679675041392329e-07,4.157580860919552e-06,1.6472824427182786e-05,0.5169194340705872,0.4897959232330322,0.00014280842151492834,0.9999555349349976
ISIC_0031768,HAM_0004312,0,1,1,1.4160281352815218e-05,0.9998102784156799,3.4192067687399685e-05,3.373521030880511e-05,1.9183031326974742e-05,4.5518499973695725e-05,4.2947696783812717e-05,0.5095930695533752,0.5102040767669678,2.095771924359724e-05,0.9999904632568359
ISIC_0030097,HAM_0007487,0,1,1,6.517454039567383e-06,0.9999656677246094,4.133858510613209e-06,4.500512204685947e-06,3.3723611068126047e-06,6.983251751080388e-06,8.687432455189992e-06,0.4509882628917694,0.5714285373687744,6.698241486446932e-05,0.9999921321868896
ISIC_0025880,HAM_0005744,0,1,1,3.320588461974694e-07,0.9999865293502808,1.1886812671946245e-06,1.3669015288542141e-06,4.302108209230937e-06,4.998467829864239e-06,1.3432170362648321e-06,0.5101222395896912,0.4897959232330322,3.231234950362705e-05,0.9999902248382568
ISIC_0026181,HAM_0001560,0,1,1,8.299850833282107e-07,0.9999758005142212,1.3070492741462658e-06,1.4167495692163357e-06,8.131655704346485e-06,8.610720215074252e-06,3.892616859957343e-06,0.5261567234992981,0.4693877398967743,5.525948290596716e-05,0.9999864101409912
ISIC_0032332,HAM_0004449,0,1,1,8.526342867298808e-07,0.9999604225158691,3.4500553738325834e-06,2.24694304051809e-06,6.001884685247205e-06,2.3944934582686983e-05,3.0887483717378927e-06,0.4780861437320709,0.5102040767669678,0.0001217593890032731,0.9999152421951294
ISIC_0030558,HAM_0007192,0,1,1,6.795267637471625e-08,0.9999974966049194,2.4422647015853727e-07,3.45858211403538e-07,6.357000188472739e-07,5.804155307487235e-07,5.492691457220644e-07,0.5028697848320007,0.4897959232330322,2.353553099965211e-05,0.9999957084655762
ISIC_0026808,HAM_0004661,0,1,1,4.3036002352891956e-06,0.9999785423278809,2.613962351460941e-06,5.4048264246375766e-06,3.8055350159993395e-06,2.9165503292460926e-06,2.518545670682215e-06,0.5309325456619263,0.4897959232330322,4.9433721869718283e-05,0.9999392032623291
ISIC_0025788,HAM_0003591,0,1,1,2.4731421945034526e-05,0.9998799562454224,6.393913736246759e-06,1.6347094060620293e-05,5.3031759307486936e-05,1.3547371054301038e-05,5.972818598820595e-06,0.5433282256126404,0.4897959232330322,6.374398071784526e-05,0.999946117401123
ISIC_0032299,HAM_0002090,0,1,1,3.452531132097647e-07,0.9999754428863525,4.149025699007325e-06,6.491879503300879e-06,3.025925252586603e-06,4.77433786727488e-06,5.7858483160089236e-06,0.49723899364471436,0.4897959232330322,2.280173430335708e-05,0.9999970197677612
ISIC_0031605,HAM_0000972,0,1,1,1.7501382387763442e-07,0.9999772310256958,1.7237616702914238e-06,8.345895366801415e-06,2.2859119326312793e-06,7.2377883952867705e-06,2.9791797260259045e-06,0.4895930290222168,0.5102040767669678,7.18949013389647e-06,0.9999978542327881
ISIC_0032130,HAM_0004072,0,1,1,2.2840802103019087e-06,0.9999375343322754,7.306358384084888e-06,2.600581501610577e-05,9.589657565811649e-06,1.2683386557910126e-05,4.630768216884462e-06,0.4805613160133362,0.5306122303009033,3.2633295631967485e-05,0.9999774694442749
ISIC_0026521,HAM_0004939,0,1,1,1.5922129023238085e-05,0.9998001456260681,5.909594165132148e-06,1.8477479898137972e-05,6.186221435200423e-05,9.205628157360479e-05,5.64844731343328e-06,0.5644773840904236,0.4285714328289032,0.00010250208288198337,0.9999099969863892
ISIC_0025556,HAM_0005311,0,1,1,9.604989372746786e-07,0.9999532699584961,3.927184025087627e-06,6.98696157996892e-06,9.416449756827205e-06,1.8856417227652855e-05,6.597123501705937e-06,0.5323123335838318,0.44897958636283875,1.9350594811839983e-05,0.9999963045120239
ISIC_0030715,HAM_0003339,0,1,1,1.4608888250222662e-06,0.9998403787612915,7.211176580312895e-06,2.7116044293507002e-05,0.00010337057756260037,1.3529585885407869e-05,6.7613200371852145e-06,0.4221833646297455,0.5714285373687744,1.762674583005719e-05,0.9999790191650391
ISIC_0025995,HAM_0000914,0,1,1,3.3486721804365516e-06,0.9999382495880127,1.0205741091340315e-05,5.67869801670895e-06,1.2904391951451544e-05,1.1137485671497416e-05,1.8528722648625262e-05,0.5115042328834534,0.4897959232330322,1.894156048365403e-05,0.9999923706054688
ISIC_0030720,HAM_0002663,0,1,1,3.315476817533636e-07,0.9999890327453613,2.2094066025601933e-06,8.557494197702908e-07,1.1653918363663252e-06,4.704230832430767e-06,1.8234428580399253e-06,0.5401666760444641,0.4693877398967743,2.3883592803031206e-05,0.9999589920043945
ISIC_0029753,HAM_0005646,0,1,1,2.2424111989494122e-07,0.9999961853027344,3.6421224081095716e-07,4.711350811703596e-07,1.7566351289133308e-06,7.037528462205955e-07,2.871828712613933e-07,0.5053192377090454,0.4897959232330322,3.446007031016052e-05,0.999980092048645
ISIC_0028922,HAM_0001382,0,1,1,1.9482199604681227e-06,0.9996457099914551,3.310848114779219e-05,3.281998579041101e-05,0.00011835995974252,0.00015619643090758473,1.1808896488219034e-05,0.5147590041160583,0.4897959232330322,9.213140401698183e-06,0.9999771118164062
ISIC_0027286,HAM_0005832,0,1,1,0.0034383623860776424,0.9962410926818848,1.9331937437527813e-05,3.684025432448834e-05,0.00015634675219189376,7.356511196121573e-05,3.4557720937300473e-05,0.503517746925354,0.4897959232330322,4.353729309514165e-05,0.9999758005142212
ISIC_0026543,HAM_0000599,0,1,1,3.063099484279519e-06,0.9999721050262451,1.2073345487806364e-06,4.139124030189123e-06,8.683239684614819e-06,8.198897376132663e-06,2.601788992251386e-06,0.4989011883735657,0.4897959232330322,5.861987665412016e-05,0.9999881982803345
ISIC_0031054,HAM_0007347,0,1,1,6.146698979137e-06,0.9998229146003723,2.5594154067221098e-05,3.861577351926826e-05,5.0056569307344034e-05,4.0163893572753295e-05,1.6584190234425478e-05,0.5526853799819946,0.44897958636283875,8.692557457834482e-05,0.999946117401123
ISIC_0027079,HAM_0000246,0,1,1,4.139934389968403e-06,0.9999561309814453,7.77013440256269e-07,3.6832575460721273e-06,9.858637895376887e-06,2.401103120064363e-05,1.3831815977027873e-06,0.4851709306240082,0.5306122303009033,2.5414969059056602e-05,0.9999884366989136
ISIC_0029946,HAM_0001374,0,1,1,5.3335279517341405e-06,0.9998922348022461,1.4891948012518696e-05,7.310488399525639e-06,4.8618145228829235e-05,8.36418075778056e-06,2.3237671484821476e-05,0.49764716625213623,0.5102040767669678,0.0001768508373061195,0.9995504021644592
ISIC_0025475,HAM_0003196,0,1,1,1.7779274230633746e-06,0.9999260902404785,4.841834197577555e-06,3.267312649768428e-06,2.0876599592156708e-05,3.719775122590363e-05,5.980561581964139e-06,0.4653899371623993,0.5306122303009033,0.00011236666614422575,0.9999450445175171
ISIC_0026396,HAM_0004734,0,1,1,1.9288581825094298e-06,0.9999793767929077,1.7986156990446034e-06,2.0709362615889404e-06,5.9755202528322116e-06,5.230799160926836e-06,3.5962484616902657e-06,0.49568048119544983,0.5306122303009033,8.220550080295652e-05,0.9999393224716187
ISIC_0031393,HAM_0006247,0,1,1,3.616525646066293e-06,0.999954342842102,5.742541361541953e-06,7.79577749199234e-06,1.1911275578313507e-05,9.612885151000228e-06,7.0254423008009326e-06,0.5592596530914307,0.4285714328289032,4.230205831845524e-06,0.9999885559082031
ISIC_0029672,HAM_0006880,0,1,1,1.4432301895794808e-06,0.9999034404754639,1.2881022485089488e-05,1.0676808415155392e-05,8.915967555367388e-06,4.8796875489642844e-05,1.3861848856322467e-05,0.42264682054519653,0.5714285373687744,4.921523213852197e-05,0.9999978542327881
ISIC_0025872,HAM_0004973,0,1,1,9.368051223646034e-08,0.9999740123748779,1.4441582152358023e-06,2.053239995802869e-06,9.343302735942416e-06,7.72834482631879e-06,5.338203209248604e-06,0.49797865748405457,0.4897959232330322,4.45264158770442e-05,0.9999822378158569
ISIC_0030111,HAM_0001864,0,1,1,3.3473980920462054e-07,0.999994158744812,2.2485514818981756e-06,4.495344967381243e-07,5.902615498598607e-07,1.1228993344047922e-06,1.0642179404385388e-06,0.5140942335128784,0.4693877398967743,2.7182060875929892e-05,0.9999837875366211
ISIC_0024467,HAM_0002819,0,1,1,7.180131547102064e-07,0.9999639987945557,5.627020982501563e-06,7.825975444575306e-06,4.270760200597579e-06,1.4483981431112625e-05,2.9990919756528456e-06,0.4519924521446228,0.5510203838348389,3.914879562216811e-05,0.9999841451644897
ISIC_0026447,HAM_0003573,0,1,1,1.0096825064920267e-07,0.9999711513519287,1.917403778861626e-06,1.4901193026162218e-05,4.961877948517213e-06,4.796346274815733e-06,2.1575735900114523e-06,0.518377959728241,0.4897959232330322,5.7107208704110235e-05,0.9999488592147827
ISIC_0025151,HAM_0007309,0,1,1,2.962565304187592e-06,0.9999494552612305,1.608610364201013e-05,4.668474502977915e-06,6.090929218771635e-06,6.510775619972264e-06,1.4154691598378122e-05,0.5125519037246704,0.4897959232330322,7.052026830933755e-06,0.9999972581863403
ISIC_0030735,HAM_0004837,0,1,1,2.403123289695941e-06,0.9995999932289124,9.502643479208928e-06,3.881415614159778e-05,0.0002917148231063038,3.025182923011016e-05,2.7261319701210596e-05,0.5194018483161926,0.4897959232330322,1.4635555999120697e-05,0.9999902248382568
ISIC_0028097,HAM_0006928,0,1,1,3.828587068710476e-06,0.9994089603424072,3.543669663486071e-05,0.0001708783529466018,0.00031087035313248634,4.336522761150263e-05,2.6646290280041285e-05,0.5354957580566406,0.4897959232330322,0.00010477961041033268,0.9999295473098755
ISIC_0030266,HAM_0007458,0,1,1,3.483065484033432e-06,0.9988853335380554,2.9073986297589727e-05,0.00044029360287822783,0.0002192903048126027,0.000390999746741727,3.14554272335954e-05,0.5654401779174805,0.44897958636283875,0.00010922407818725333,0.999764621257782
ISIC_0028974,HAM_0005202,0,1,1,7.553221075795591e-05,0.999439537525177,2.2315380192594603e-05,7.279679994098842e-05,0.0003073001862503588,5.3904503147350624e-05,2.8668055165326223e-05,0.4925011098384857,0.4897959232330322,0.00011203542817384005,0.9999884366989136
ISIC_0026568,HAM_0003740,0,1,1,0.00012314386549405754,0.9998015761375427,6.036219019733835e-06,2.2204474589671008e-05,1.9797324057435617e-05,2.144015161320567e-05,5.859320935996948e-06,0.5100818276405334,0.5102040767669678,6.022232992108911e-05,0.999976396560669
ISIC_0032480,HAM_0001146,0,1,1,0.0007976183551363647,0.995712161064148,2.9748660381301306e-05,7.64704673201777e-05,0.0020793636795133352,0.0012799727264791727,2.4737437342992052e-05,0.5770787000656128,0.40816324949264526,3.271206151111983e-05,0.9998712539672852
ISIC_0030724,HAM_0000862,0,1,1,0.00041409788536839187,0.9981202483177185,0.00022698516841046512,0.00011390652798581868,3.8051035517128184e-05,0.0006250969017855823,0.0004615744692273438,0.5054183602333069,0.4897959232330322,7.550856389570981e-05,0.999985933303833
ISIC_0027267,HAM_0002870,0,1,1,1.2524641533673275e-05,0.9991036057472229,0.0002274924045195803,5.1302416977705434e-05,0.0002090478374157101,0.00023402135411743075,0.00016196911747101694,0.5302449464797974,0.4897959232330322,9.772375960892532e-06,0.9999966621398926
ISIC_0029064,HAM_0000134,0,1,1,1.3787938542009215e-06,0.9999306201934814,3.4065840281982673e-06,7.349062343564583e-06,5.593592049990548e-06,4.585692659020424e-05,5.683623385266401e-06,0.4777407646179199,0.5306122303009033,8.248326594184618e-06,0.9999977350234985
ISIC_0029295,HAM_0005941,0,1,1,1.9454071775726334e-07,0.9997797608375549,3.288331936346367e-05,7.5320031101000495e-06,3.1525160011369735e-06,0.0001357606379315257,4.082077430211939e-05,0.525100588798523,0.4897959232330322,2.9119632017682306e-05,0.9999868869781494
ISIC_0025294,HAM_0006015,0,1,1,1.2555947250803001e-06,0.9999626874923706,1.8402635078018648e-06,5.546689408220118e-06,1.5453013475053012e-05,8.505332516506314e-06,4.665251708502183e-06,0.4791458547115326,0.5102040767669678,4.2906180169666186e-05,0.9999902248382568
ISIC_0026971,HAM_0003407,0,1,1,1.101899215427693e-06,0.9999847412109375,2.8880897389171878e-06,3.2402253964392003e-06,2.2262563561525894e-06,2.7519502054929035e-06,3.075610720770783e-06,0.5175278782844543,0.4897959232330322,1.621449519007001e-05,0.9999926090240479
ISIC_0032394,HAM_0005667,0,1,1,1.8135937125407509e-06,0.9999440908432007,3.1517142815573607e-06,3.97050780520658e-06,1.2012740626232699e-05,2.440556272631511e-05,1.0613486665533856e-05,0.5546285510063171,0.44897958636283875,3.1351672078017145e-05,0.9999861717224121
ISIC_0024852,HAM_0003870,0,1,1,4.2435033265064703e-07,0.9999877214431763,8.586667945564841e-07,4.9301165745418984e-06,2.2310450731310993e-06,2.409302396699786e-06,1.4645665942225605e-06,0.4949263632297516,0.5102040767669678,0.0001005498124868609,0.9999452829360962
ISIC_0024703,HAM_0001295,0,1,1,2.573012352513615e-06,0.999880313873291,1.3416386536846403e-05,1.514738778496394e-05,2.9716884455410764e-05,2.8228481824044138e-05,3.063637632294558e-05,0.5117638111114502,0.4897959232330322,8.101420098682866e-05,0.9999589920043945
ISIC_0030044,HAM_0001776,0,1,1,1.342164796369616e-05,0.9999452829360962,7.212930540845264e-06,8.436518328380771e-06,1.2411681382218376e-05,8.022292604437098e-06,5.197300652071135e-06,0.5315501689910889,0.4897959232330322,8.591876394348219e-05,0.9999376535415649
ISIC_0028191,HAM_0001677,0,1,1,6.60376031191845e-07,0.9999750852584839,2.90868752017559e-06,4.095570602657972e-06,6.519896942336345e-06,5.389937086874852e-06,5.449359832709888e-06,0.5418692231178284,0.4693877398967743,0.0001228319015353918,0.9998958110809326
ISIC_0030298,HAM_0003336,0,1,1,3.782024649012783e-08,0.9999984502792358,8.897871595081597e-08,3.705764015649038e-07,2.2629387785855215e-07,3.362213192303898e-07,5.203793875807605e-07,0.5720871090888977,0.4285714328289032,4.839855682803318e-05,0.9999935626983643
ISIC_0029198,HAM_0006749,0,1,1,1.8294589381184778e-06,0.9999498128890991,6.6370589593134355e-06,2.0775780285475776e-05,1.257445546798408e-06,1.3487559044733644e-05,6.24559834250249e-06,0.4835463762283325,0.5102040767669678,1.9365032130735926e-05,0.9999947547912598
ISIC_0031946,HAM_0000190,0,1,1,6.1670466493524145e-06,0.9999330043792725,2.9080188141961116e-06,1.7319514881819487e-05,1.1718914720404427e-05,2.0050467355758883e-05,8.903188245312776e-06,0.4609626233577728,0.5306122303009033,1.71026294992771e-05,0.9999933242797852
ISIC_0026271,HAM_0007103,0,1,1,2.4457924155285582e-05,0.9997965693473816,2.7735239200410433e-05,2.7584619601839222e-05,5.928249083808623e-05,2.349931855860632e-05,4.097044438822195e-05,0.5115952491760254,0.4897959232330322,0.0002708042738959193,0.999776303768158
ISIC_0030048,HAM_0003621,0,1,1,9.219236858371005e-07,0.9998831748962402,3.472380922175944e-05,2.048103306151461e-05,6.749232852598652e-06,4.214225918985903e-05,1.1763082511606626e-05,0.4833056330680847,0.5102040767669678,0.00011614096001721919,0.9999725818634033
ISIC_0029936,HAM_0000575,0,1,1,4.2577958083711565e-05,0.9997146725654602,0.0001533942122478038,1.1875069503730629e-05,4.585559508996084e-05,1.7674996342975646e-05,1.3967238373879809e-05,0.5195231437683105,0.4897959232330322,6.778498936910182e-05,0.999961256980896
ISIC_0027877,HAM_0007580,0,1,1,1.0012404345616233e-06,0.9999685287475586,1.1340742275933735e-05,3.5979694530396955e-06,2.478082024026662e-06,8.771917237027083e-06,4.199177055852488e-06,0.492358535528183,0.5102040767669678,3.305273276055232e-05,0.9999840259552002
ISIC_0031626,HAM_0007292,0,1,1,9.64544051385019e-06,0.9998905658721924,2.4515640689060092e-05,1.7350717826047912e-05,1.4904583622410428e-05,2.7602107365964912e-05,1.5245745998981874e-05,0.44447723031044006,0.5306122303009033,0.00017848033166956156,0.9998067021369934
ISIC_0027445,HAM_0007399,0,1,1,6.104763201619789e-07,0.9999746084213257,1.5733157852082513e-06,1.18015941552585e-06,9.739678716869093e-06,1.0953726814477704e-05,1.283560322917765e-06,0.5013553500175476,0.4897959232330322,9.709522419143468e-05,0.99996018409729
ISIC_0027377,HAM_0005105,0,1,1,6.145214825892253e-08,0.9999924898147583,1.0216671171292546e-06,1.194486230815528e-06,1.3928702173870988e-06,2.7466360279504443e-06,1.0872881830437109e-06,0.48861879110336304,0.5102040767669678,2.3304417481995188e-05,0.9999815225601196
ISIC_0029229,HAM_0006331,0,1,1,6.477641250057786e-07,0.9999899864196777,1.8063201423501596e-06,2.120140607075882e-06,9.0143009856547e-07,3.11599433189258e-06,1.4111843711361871e-06,0.529022753238678,0.44897958636283875,9.149905963568017e-05,0.9999727010726929
ISIC_0025212,HAM_0003474,0,1,1,2.4121279693645192e-06,0.9999600648880005,1.7205393305630423e-06,1.2743082152155694e-05,1.5406005331897177e-05,4.182021257292945e-06,3.5048490190092707e-06,0.507272481918335,0.4693877398967743,4.787300349562429e-05,0.9999018907546997
ISIC_0027404,HAM_0000570,0,1,1,1.3318477613211144e-05,0.9995168447494507,1.9891045667463914e-05,2.2601136151934043e-05,1.3688332728634123e-05,0.0003571637498680502,5.636503192363307e-05,0.5198662281036377,0.4897959232330322,7.244420703500509e-05,0.9999799728393555
ISIC_0031760,HAM_0004336,0,1,1,2.9163254566810792e-06,0.9987568855285645,0.0001676868851063773,3.908834696630947e-05,0.0009450679062865674,5.420362504082732e-05,3.4229971788590774e-05,0.536220371723175,0.44897958636283875,0.00014229610678739846,0.9998605251312256
ISIC_0024605,HAM_0001045,0,1,1,1.161296268037404e-06,0.999847412109375,8.12229609437054e-06,4.532182174443733e-06,1.1518992323544808e-05,0.0001053193918778561,2.1853080397704616e-05,0.48379555344581604,0.4897959232330322,1.810882349673193e-05,0.999991774559021
ISIC_0028664,HAM_0002695,0,1,1,0.00019753487140405923,0.9994926452636719,6.5825988713186234e-06,2.8814552933909e-05,0.00022998669010121375,1.9407189029152505e-05,2.4952236344688572e-05,0.5733941197395325,0.4285714328289032,4.057561091030948e-05,0.9998378753662109
ISIC_0028532,HAM_0002041,0,1,1,2.1209098122199066e-07,0.999971866607666,2.0698091702797683e-06,7.8687553468626e-06,3.949556230509188e-06,1.0975635632348713e-05,3.070170123464777e-06,0.5077064037322998,0.4897959232330322,3.518290031934157e-05,0.9999818801879883
ISIC_0026719,HAM_0000602,0,1,1,1.2011085345875472e-05,0.9998949766159058,2.1137082512723282e-05,2.2135105609777384e-05,2.7453115762909874e-05,1.8528857253841124e-05,3.7495394735742593e-06,0.4774987995624542,0.5306122303009033,4.9102069169748574e-05,0.9999853372573853
ISIC_0030590,HAM_0000950,0,1,1,0.00030400280957110226,0.9980878233909607,6.834257510490716e-05,0.0005715398001484573,0.0005663640331476927,0.00028299668338149786,0.00011887655273312703,0.5912673473358154,0.4285714328289032,1.9346536646480672e-05,0.9999717473983765
ISIC_0026353,HAM_0002278,0,1,1,0.00012103116750949994,0.9991298317909241,0.00019198689551558346,2.805030635499861e-05,0.00014269309758674353,0.0002836081257555634,0.00010275711247231811,0.5374030470848083,0.4897959232330322,6.944584583834512e-06,0.9999983310699463
ISIC_0029635,HAM_0005485,0,1,1,5.178936817173962e-07,0.9999881982803345,2.2313397494144738e-06,2.0306354144850047e-06,5.158057660992199e-07,2.1880232452531345e-06,4.364249889476923e-06,0.5695061683654785,0.40816324949264526,1.1262431144132279e-05,0.999962329864502
ISIC_0030548,HAM_0005412,0,1,1,1.3358774140215246e-06,0.9997125267982483,5.41894551133737e-05,4.2575793486321345e-05,5.216102363192476e-05,9.316531213698909e-05,4.3997315515298396e-05,0.44754332304000854,0.5714285373687744,1.7392043218933395e-06,0.9999980926513672
ISIC_0031835,HAM_0006289,0,1,1,2.3415702798956772e-06,0.9999241828918457,5.126394171384163e-06,6.700453923258465e-06,2.2693233404424973e-05,2.7801333999377675e-05,1.1249156159465201e-05,0.4651302397251129,0.5102040767669678,5.025900009059114e-06,0.9999995231628418
ISIC_0026363,HAM_0006745,0,1,1,3.11226443727719e-07,0.999940037727356,1.4738441677764058e-05,5.706232514057774e-06,6.425897026929306e-06,2.0363931980682537e-05,1.2422581676219124e-05,0.4468922019004822,0.5714285373687744,5.056475492892787e-05,0.9999946355819702
ISIC_0029832,HAM_0000325,0,1,1,1.0550305887591094e-05,0.999947190284729,4.857074145547813e-06,7.012914466031361e-06,1.3013366242375923e-06,2.582534943940118e-05,3.149812755509629e-06,0.5129328966140747,0.4897959232330322,1.689929013082292e-05,0.9999940395355225
ISIC_0031868,HAM_0005446,0,1,1,1.773012400008156e-06,0.9998205304145813,1.8897835616371594e-05,0.0001089117577066645,3.328258026158437e-05,1.1396390618756413e-05,5.198446615395369e-06,0.5097655057907104,0.4897959232330322,2.7356611099094152e-05,0.9999983310699463
ISIC_0026013,HAM_0004671,0,1,1,3.992914571426809e-06,0.9998875856399536,1.956157029781025e-05,9.9301551017561e-06,1.787294604582712e-05,2.8367019694996998e-05,3.272065441706218e-05,0.5145667791366577,0.4897959232330322,2.24329050979577e-06,0.9999990463256836
ISIC_0030934,HAM_0004355,0,1,1,3.057005187656614e-06,0.9998021721839905,5.9777676142402925e-06,3.1016170396469533e-05,7.583935803268105e-05,6.842725997557864e-05,1.360968963126652e-05,0.5933449268341064,0.40816324949264526,1.878638067864813e-05,0.9998873472213745
ISIC_0026799,HAM_0005369,0,1,1,3.911587100446923e-06,0.9999526739120483,1.616230292711407e-05,6.623034551012097e-06,7.82176084612729e-06,2.6273253297404153e-06,1.0139356163563207e-05,0.48064494132995605,0.5102040767669678,1.808155866456218e-05,0.9999974966049194
ISIC_0028267,HAM_0006195,0,1,1,6.049849048395117e-07,0.9999709129333496,3.94429389416473e-06,5.637485173792811e-06,8.841706403472926e-06,6.140366622275906e-06,3.898865998053225e-06,0.5067680478096008,0.4897959232330322,7.154293416533619e-05,0.9999749660491943
ISIC_0027176,HAM_0003388,0,1,1,4.1560138924978673e-05,0.9997534155845642,9.934267836797517e-06,6.558518361998722e-05,7.543943502241746e-05,3.0542265449184924e-05,2.3583525035064667e-05,0.5462562441825867,0.4693877398967743,1.8754788470687345e-05,0.999985933303833
ISIC_0026116,HAM_0002855,0,1,1,1.7780183043214492e-05,0.9997249245643616,1.013177097775042e-05,3.0253071599872783e-05,9.881785081233829e-05,8.914389763958752e-05,2.8869251764263026e-05,0.520327091217041,0.4897959232330322,2.508345914975507e-06,0.9999994039535522
ISIC_0024812,HAM_0000036,0,1,1,9.169788199869799e-07,0.9999409914016724,1.2201305253256578e-05,5.845330178999575e-06,1.0845795259228908e-05,1.4426974303205498e-05,1.4830087820882909e-05,0.4257887005805969,0.5918367505073547,8.96611345524434e-06,0.9999712705612183
ISIC_0027750,HAM_0000461,0,1,1,2.8156205189588945e-07,0.9999507665634155,7.099578851921251e-06,4.6612112782895565e-06,1.086804968508659e-05,1.7579270206624642e-05,8.866809366736561e-06,0.5058027505874634,0.4897959232330322,1.6698113540769555e-06,0.9999980926513672
ISIC_0030832,HAM_0003756,0,1,1,1.061523789758212e-06,0.9999884366989136,5.16748286827351e-07,1.9840256300085457e-06,2.766936859188718e-06,2.3495704226661474e-06,2.80267022390035e-06,0.5162718892097473,0.4897959232330322,7.360930339928018e-06,0.9999953508377075
ISIC_0030587,HAM_0001848,0,1,1,2.301819040440023e-05,0.9999209642410278,1.708587478788104e-05,1.3528120689443313e-05,2.9310290301509667e-06,1.3337910786503926e-05,9.157619388133753e-06,0.4895511567592621,0.4897959232330322,4.4108735892223194e-05,0.9999872446060181
ISIC_0028844,HAM_0003184,0,1,1,3.895458462466195e-07,0.999966025352478,1.1513241588545498e-05,2.1733526409661863e-06,3.5211455724493135e-06,7.0682594923709985e-06,9.408528057974763e-06,0.5122714638710022,0.4897959232330322,1.4905977877788246e-05,0.9999939203262329
ISIC_0025523,HAM_0002725,0,1,1,4.5127719204174355e-05,0.9996433258056641,3.734503115992993e-05,3.851131259580143e-05,0.00012306333519518375,5.987306576571427e-05,5.283013888401911e-05,0.4351711869239807,0.5714285373687744,0.0002748531987890601,0.9998546838760376
ISIC_0025138,HAM_0002174,0,1,1,2.861725306502194e-06,0.9998273253440857,3.5496155760483816e-05,3.6379355151439086e-05,3.491912138997577e-05,3.813396324403584e-05,2.497818786650896e-05,0.44169190526008606,0.5714285373687744,4.919186267215991e-06,0.9999980926513672
ISIC_0024610,HAM_0002676,0,1,1,2.396222498646239e-06,0.9999626874923706,6.672666586382547e-06,3.3442634048697073e-06,4.090667516720714e-06,1.2297631656110752e-05,8.52591165312333e-06,0.5094539523124695,0.4693877398967743,2.7140047677676193e-05,0.9999932050704956
ISIC_0025354,HAM_0000126,0,1,1,5.307130095388857e-07,0.9999892711639404,2.792539362417301e-06,3.0402245556615526e-06,5.946147325630591e-07,2.53909342973202e-06,1.234078808920458e-06,0.5029702186584473,0.4897959232330322,7.663860742468387e-06,0.9999971389770508
ISIC_0027464,HAM_0005380,0,1,1,3.192085205228068e-05,0.9998445510864258,4.981783604307566e-06,2.3199429051601328e-05,3.8193513319129124e-05,4.076308323419653e-05,1.6321855582646094e-05,0.4956393539905548,0.5102040767669678,2.1228528567007743e-05,0.9999983310699463
ISIC_0025478,HAM_0005499,0,1,1,1.1626638297457248e-05,0.9998297691345215,1.0166100764763542e-05,5.889810199732892e-05,3.125308285234496e-05,4.8067424359032884e-05,1.0269744052493479e-05,0.4684627950191498,0.5510203838348389,1.0717717486841138e-05,0.9999943971633911
ISIC_0029065,HAM_0004067,0,1,1,8.205038852793223e-07,0.999849796295166,5.471933491207892e-06,1.0032208592747338e-05,0.00011123864533146843,1.212187453347724e-05,1.0518588169361465e-05,0.4780600368976593,0.5102040767669678,9.482777386438102e-05,0.9999799728393555
ISIC_0027926,HAM_0006360,0,1,1,1.4697829442411603e-07,0.9999425411224365,3.315607682452537e-05,5.879762738913996e-06,5.056133886682801e-06,8.090073606581427e-06,5.114851319376612e-06,0.4580067992210388,0.5510203838348389,9.900580153043848e-06,0.9999980926513672
ISIC_0030224,HAM_0001802,0,1,1,7.555637694167672e-06,0.9998847246170044,8.923039786168374e-06,2.117850999638904e-05,2.780840623017866e-05,1.8203763829660602e-05,3.150873817503452e-05,0.5680663585662842,0.44897958636283875,6.485971243819222e-05,0.9999837875366211
ISIC_0025220,HAM_0006638,0,1,1,2.170112338717445e-06,0.9998338222503662,2.202150790253654e-05,6.820741873525549e-06,4.101834201719612e-05,2.7848071113112383e-05,6.62765305605717e-05,0.4649393558502197,0.5510203838348389,5.452236564451596e-06,0.9999979734420776
ISIC_0028049,HAM_0004051,0,1,1,2.822122553425288e-07,0.9999856948852539,1.0425619620946236e-06,9.984379403249477e-07,3.0261353458627127e-06,1.7070552758013946e-06,7.272028597071767e-06,0.5296643376350403,0.4693877398967743,0.0002527911856304854,0.9998145699501038
ISIC_0030136,HAM_0001867,0,1,1,7.441389243467711e-06,0.9999433755874634,1.600840187165886e-05,1.592211629031226e-05,3.6379328776092734e-06,7.21156902727671e-06,6.3956740632420406e-06,0.5900313258171082,0.40816324949264526,8.46165930852294e-05,0.999974250793457
ISIC_0031006,HAM_0001638,0,1,1,4.088945388502907e-06,0.9999362230300903,1.9644556232378818e-05,1.3489678167388774e-05,5.128945304022636e-06,1.3510019925888628e-05,8.008697477634996e-06,0.5342639684677124,0.4897959232330322,2.1712299712817185e-05,0.999988317489624
ISIC_0029727,HAM_0000929,0,1,1,1.3718937225348782e-05,0.9998770952224731,1.1507190720294602e-05,2.097951619361993e-05,1.8119762899004854e-05,4.8236670409096405e-05,1.0271189239574596e-05,0.5021588206291199,0.4897959232330322,4.489917046157643e-05,0.9999805688858032
ISIC_0029416,HAM_0005455,0,1,1,2.105107341776602e-06,0.99993896484375,1.1303996870992705e-05,1.0157858014281373e-05,6.293908427323913e-06,2.238475644844584e-05,8.827623787510674e-06,0.5050454139709473,0.4897959232330322,4.039164923597127e-05,0.999994158744812
ISIC_0027842,HAM_0000355,0,1,1,9.97226948129537e-07,0.999961256980896,7.814320269972086e-06,1.8036018900602357e-06,2.504165422578808e-06,2.1759091396233998e-05,3.808163228313788e-06,0.4852975904941559,0.5102040767669678,1.4777842807234265e-05,0.9999881982803345
ISIC_0029159,HAM_0005507,0,1,1,2.276727627759101e-06,0.9999663829803467,2.1088924313517055e-06,1.944337782333605e-06,1.3681265045306645e-05,7.333907433348941e-06,6.282519279920962e-06,0.5214179754257202,0.4693877398967743,0.00012276563211344182,0.9999055862426758
ISIC_0030889,HAM_0002356,0,1,1,2.247477596029057e-06,0.9999321699142456,3.545325671439059e-05,4.795948825631058e-06,2.4887986000976525e-06,1.2074170626874547e-05,1.0800461495819036e-05,0.5705719590187073,0.4285714328289032,2.042302548943553e-05,0.9999794960021973
ISIC_0027866,HAM_0004329,0,1,1,0.00014128562179394066,0.9994040727615356,0.00017407572886440903,7.874498260207474e-05,8.356267790077254e-05,9.202148066833615e-05,2.6303316190023907e-05,0.51352459192276,0.4897959232330322,0.00015871170035097748,0.9999690055847168
ISIC_0029777,HAM_0001189,0,1,1,1.7677466246368567e-07,0.999956488609314,1.16939690997242e-05,3.2371808629250154e-06,2.889391225835425e-06,1.6561401935177855e-05,8.923118002712727e-06,0.5100541114807129,0.5102040767669678,1.56569203682011e-05,0.9999929666519165
ISIC_0029164,HAM_0006161,0,1,1,0.000377684977138415,0.9995133876800537,3.6641671613324434e-05,1.4996267054812051e-05,3.339346585562453e-05,8.54951395012904e-06,1.532348687760532e-05,0.52977454662323,0.4897959232330322,1.977651845663786e-05,0.9999871253967285
ISIC_0031084,HAM_0006562,0,1,1,1.5368153754025116e-06,0.9999802112579346,1.9005573221875238e-06,5.475920715980465e-06,3.55899737769505e-06,2.4026692244660808e-06,4.870013071922585e-06,0.5083869099617004,0.4897959232330322,1.1649182852124795e-05,0.9999994039535522
ISIC_0028953,HAM_0000660,0,1,1,2.6313009016121214e-07,0.9999755620956421,2.5042897959792754e-06,7.155664206948131e-06,5.186455837247195e-06,5.890097781957593e-06,3.461250116743031e-06,0.5662835240364075,0.44897958636283875,7.852402632124722e-05,0.9999626874923706
ISIC_0027011,HAM_0000307,0,1,1,1.6084358378520847e-07,0.999984860420227,2.067391733362456e-06,2.326875119251781e-06,7.964555379658123e-07,7.093743079167325e-06,2.567202272985014e-06,0.5166736245155334,0.4897959232330322,0.00014217456919141114,0.9999642372131348
ISIC_0027314,HAM_0006293,0,1,1,4.1759713553801703e-07,0.9999805688858032,6.65362040308537e-06,1.958180291694589e-06,6.555102572747273e-06,2.1526059299503686e-06,1.7980501070269383e-06,0.506325364112854,0.4897959232330322,1.657170469115954e-05,0.999971866607666
ISIC_0024486,HAM_0002002,0,1,1,1.234123465110315e-05,0.9992870688438416,0.00024756588391028345,7.840666512493044e-05,0.00023529121244791895,7.519104110542685e-05,6.420754652936012e-05,0.5729659795761108,0.4285714328289032,2.9387725589913316e-05,0.9999325275421143
ISIC_0028001,HAM_0005778,0,1,1,3.961550731901298e-08,0.9999916553497314,1.3243148941910476e-06,9.188663057102531e-07,3.5506100175553e-06,1.1212657682335703e-06,1.3555921896113432e-06,0.49863365292549133,0.5102040767669678,5.2760791731998324e-05,0.9999943971633911
ISIC_0025741,HAM_0005732,0,1,1,4.054411917309153e-08,0.9999245405197144,1.6719586710678414e-06,1.6308279100485379e-06,5.429567681858316e-05,1.656741187616717e-05,1.194217134070641e-06,0.5136691927909851,0.4897959232330322,7.475742313545197e-05,0.9999836683273315
ISIC_0029813,HAM_0007457,0,1,1,1.3458072771754814e-06,0.9997616410255432,8.537401299690828e-06,5.230896931607276e-06,0.00018436030950397253,3.205847315257415e-05,6.799310995120322e-06,0.6054703593254089,0.3877550959587097,3.690119774546474e-05,0.9999904632568359
ISIC_0025426,HAM_0006677,0,1,1,1.3484181181411259e-05,0.999835729598999,7.784734407323413e-06,6.884646427351981e-05,3.9772836316842586e-05,2.2043253920855932e-05,1.2251416592334863e-05,0.5101907849311829,0.4897959232330322,1.7397633200744167e-06,0.9999995231628418
ISIC_0032261,HAM_0005025,0,1,1,3.5779219160758657e-06,0.9999505281448364,4.919516413792735e-06,1.6060614143498242e-05,7.470339369319845e-06,1.1650730812107213e-05,5.691878413927043e-06,0.4558205008506775,0.5714285373687744,1.537530988571234e-05,0.9999923706054688
ISIC_0028435,HAM_0001324,0,1,1,3.3307588864772697e-07,0.999962329864502,7.30888859834522e-06,1.5103660189197399e-06,5.614725068880944e-06,1.9310993593535386e-05,3.5679734082805226e-06,0.49954888224601746,0.4897959232330322,5.202703323448077e-05,0.9999513626098633
ISIC_0028526,HAM_0004028,0,1,1,4.254216605659167e-07,0.999974250793457,9.072126886167098e-06,9.053263170244463e-07,2.3694331048318418e-06,9.12209816306131e-06,3.782935891649686e-06,0.5095668435096741,0.4897959232330322,6.023099922458641e-05,0.9999418258666992
ISIC_0032142,HAM_0000740,0,1,1,1.1714769243553746e-06,0.9999756813049316,1.0489042097105994e-06,1.10940782178659e-05,5.100378075439949e-06,4.672917839343427e-06,1.2988740536457044e-06,0.464322566986084,0.5510203838348389,8.794455425231718e-06,0.9999879598617554
ISIC_0028099,HAM_0003706,0,1,1,2.5796046543291595e-07,0.9999849796295166,1.106755689761485e-06,4.03874582843855e-06,1.9164499462931417e-06,5.877354851691052e-06,1.8893041442424874e-06,0.5045286417007446,0.4897959232330322,2.2032414563000202e-05,0.9999967813491821
ISIC_0025399,HAM_0001992,0,1,1,1.204931976417356e-07,0.9999547004699707,2.6984424039255828e-05,3.7742963741038693e-06,5.342125746210513e-07,7.204081612144364e-06,6.6858879108622205e-06,0.5317659974098206,0.4693877398967743,0.00019250372133683413,0.9996471405029297
ISIC_0025229,HAM_0000857,0,1,1,9.147263568820563e-08,0.9999616146087646,1.9247878299211152e-05,1.9717645045602694e-06,9.569644134899136e-06,3.094852672802517e-06,4.341340627433965e-06,0.464187890291214,0.5306122303009033,3.50463051290717e-05,0.9999887943267822
ISIC_0026756,HAM_0000390,0,1,1,8.601547961006872e-06,0.9999115467071533,1.6544223399250768e-05,1.711593176878523e-05,5.116024567541899e-06,1.808551314752549e-05,2.288035466335714e-05,0.4373900294303894,0.5714285373687744,0.00019736617105081677,0.9999350309371948
ISIC_0029077,HAM_0002945,0,1,1,2.639723959418916e-07,0.9999394416809082,1.149951549450634e-05,3.35798222295125e-06,2.2118372271506814e-06,2.0986768504371867e-05,2.2286951207206585e-05,0.5966874361038208,0.40816324949264526,0.00014901313988957554,0.9997971653938293
ISIC_0030739,HAM_0002678,0,1,1,2.956810476462124e-06,0.999853253364563,0.00010216301598120481,6.96835013513919e-06,7.597248441015836e-06,1.5249000171024818e-05,1.1799234016507398e-05,0.4760081470012665,0.5102040767669678,3.8458601920865476e-05,0.9999877214431763
ISIC_0030611,HAM_0001795,0,1,1,5.158180442776938e-07,0.9997870326042175,4.883069323113887e-06,1.5511997844441794e-05,2.5114702566497726e-06,0.00018046693003270775,9.162156857200898e-06,0.49723705649375916,0.5102040767669678,3.2720120088924887e-06,0.9999972581863403
ISIC_0027778,HAM_0006682,0,1,1,5.010827862861333e-06,0.9999432563781738,8.463489393761847e-06,3.2440946142742177e-06,2.7402713840274373e-06,2.8180602384964004e-05,9.194893209496513e-06,0.5850235223770142,0.40816324949264526,6.573779955942882e-06,0.9999977350234985
ISIC_0032477,HAM_0000430,0,1,1,1.9906149191228906e-06,0.9997774958610535,1.4504527825920377e-05,0.00011069946049246937,1.155754489445826e-05,7.0465866883751e-05,1.3359241165744606e-05,0.5088756680488586,0.4897959232330322,1.6289106497424655e-05,0.9999974966049194
ISIC_0027088,HAM_0002513,0,1,1,3.3368235108355293e-06,0.9999537467956543,2.0499289803410647e-06,1.0945719623123296e-05,1.411133780493401e-05,5.79725519855856e-06,9.962997864931822e-06,0.5176824927330017,0.4897959232330322,0.00022084417287260294,0.9997218251228333
ISIC_0032350,HAM_0007033,0,1,1,1.0321335821572575e-06,0.9999701976776123,1.0621257388265803e-05,1.446451847186836e-06,5.2673240134026855e-06,4.331022410042351e-06,7.143516540963901e-06,0.5528982281684875,0.4693877398967743,1.8184344298788346e-05,0.9999892711639404
ISIC_0028700,HAM_0001717,0,1,1,7.107330930011813e-06,0.9967283010482788,4.9945865612244233e-05,0.0007206067093648016,0.0018597492016851902,0.0005810903967358172,5.312290522851981e-05,0.49916666746139526,0.5102040767669678,0.0001173568598460406,0.9999359846115112
ISIC_0026807,HAM_0000145,0,1,1,5.506425168277929e-06,0.9989537000656128,0.00017593702068552375,2.7872742066392675e-05,0.0005891011096537113,0.00016472772404085845,8.317059109685943e-05,0.5717100501060486,0.44897958636283875,6.28498582955217e-06,0.9999754428863525
ISIC_0029481,HAM_0004421,0,1,1,6.634610326727852e-05,0.9990867376327515,2.0694142222055234e-05,1.153691209765384e-05,0.0003418461710680276,0.0004393439448904246,3.342753916513175e-05,0.529895544052124,0.4897959232330322,6.6372149376547895e-06,0.999993085861206
ISIC_0029447,HAM_0006263,0,1,1,0.00019558801432140172,0.9995691180229187,9.784054782357998e-06,5.251979746390134e-05,0.00012030582729494199,3.124016438960098e-05,2.1459894924191758e-05,0.5190547108650208,0.4897959232330322,2.5912415367201902e-05,0.9999831914901733
ISIC_0028031,HAM_0005765,0,1,1,0.0006108770030550659,0.9992238283157349,8.317828360304702e-06,1.4349799130286556e-05,0.00010313632810721174,3.177348480676301e-05,7.708765224379022e-06,0.5293989181518555,0.4693877398967743,0.000101531419204548,0.9998595714569092
ISIC_0027986,HAM_0003725,0,1,1,3.655568661997677e-06,0.9999443292617798,1.3682202734344173e-05,9.826083442021627e-06,4.3478735278768e-06,1.526323649159167e-05,9.002295882964972e-06,0.4444987177848816,0.5510203838348389,7.715912943240255e-05,0.999976396560669
ISIC_0029069,HAM_0003792,0,1,1,2.2751106598661863e-07,0.9999840259552002,1.8804333876687451e-06,2.9543980417656712e-06,1.6682673731338582e-06,7.128636298148194e-06,2.06440313377243e-06,0.4438987970352173,0.5510203838348389,4.208244263281813e-06,0.999998927116394
ISIC_0032282,HAM_0007064,0,1,1,1.1212683830308379e-06,0.9997710585594177,1.8446202375344e-05,2.1604249923257157e-05,8.464320126222447e-05,7.22893382771872e-05,3.076720895478502e-05,0.456691175699234,0.5306122303009033,1.447516569896834e-05,0.999993085861206
ISIC_0029750,HAM_0002395,0,1,1,1.9551936247808044e-07,0.999977707862854,3.5678240237757564e-06,3.879271844198229e-06,4.178283688816009e-06,4.404977062222315e-06,6.002400823490461e-06,0.4741153120994568,0.5306122303009033,3.661470691440627e-05,0.9999849796295166
ISIC_0024991,HAM_0003267,0,1,1,4.6406847786784056e-07,0.9999648332595825,6.616788596147671e-06,2.950422185676871e-06,1.4835744877927937e-05,4.50129846285563e-06,5.785731900687097e-06,0.4944295883178711,0.5102040767669678,1.1345395250828005e-05,0.9999970197677612
ISIC_0030908,HAM_0004474,0,1,1,1.8305787534700357e-06,0.9999713897705078,2.6975803848472424e-06,2.9902007554483134e-06,1.3753506209468469e-05,2.321344936717651e-06,5.047650574852014e-06,0.5403635501861572,0.44897958636283875,0.00028029087116010487,0.9997314810752869
ISIC_0024797,HAM_0000828,0,1,1,3.130960024577689e-08,0.999982476234436,2.8600848054338712e-06,2.744359335338231e-06,9.713693316371064e-07,8.921622793423012e-06,1.986528104680474e-06,0.4660404920578003,0.5102040767669678,8.222886208386626e-06,0.9999973773956299
ISIC_0029804,HAM_0005851,0,1,1,5.055883889326651e-07,0.9999583959579468,2.454913328620023e-06,1.3885090993426275e-05,9.068106919585261e-06,1.1275555152678862e-05,4.463497589313192e-06,0.5261821746826172,0.4693877398967743,3.2029423891799524e-05,0.999981164932251
ISIC_0031731,HAM_0005355,0,1,1,1.0263713647873374e-06,0.9999287128448486,1.6784559193183668e-05,6.010051038174424e-06,6.630813459196361e-06,3.2120788091560826e-05,8.819438335194718e-06,0.5050264596939087,0.4897959232330322,1.808499109756667e-05,0.9999972581863403
ISIC_0024531,HAM_0006552,0,1,1,6.596752427867614e-06,0.9998102784156799,6.863580892968457e-06,4.452767825569026e-05,8.89279181137681e-05,2.4875093004084192e-05,1.7900476450449787e-05,0.5551753640174866,0.4693877398967743,6.625046466979256e-08,0.9999996423721313
ISIC_0024368,HAM_0003465,0,1,1,2.9977749704812595e-07,0.999990701675415,5.666782385560509e-07,4.022428583994042e-06,1.4222345043890527e-06,1.2118871381971985e-06,1.8127359453501413e-06,0.5484690070152283,0.44897958636283875,1.275744352824404e-06,0.9999983310699463
ISIC_0025356,HAM_0005320,0,1,1,7.967458805069327e-05,0.9998847246170044,2.258082531625405e-06,3.866479346470442e-06,1.7206994016305543e-05,5.262756985757733e-06,7.039211141091073e-06,0.5061257481575012,0.4897959232330322,0.00011759054905269295,0.9997957348823547
ISIC_0031744,HAM_0006667,0,1,1,2.967379373330914e-07,0.9999876022338867,9.655151416154695e-07,5.997167136229109e-06,8.536843552064965e-07,2.549510782046127e-06,1.8461646504874807e-06,0.5805838108062744,0.44897958636283875,9.113909982261248e-06,0.9999974966049194
ISIC_0030728,HAM_0006842,0,1,1,7.216839549073484e-06,0.9998443126678467,6.881167064420879e-05,1.2744012565235607e-05,1.292796150664799e-05,2.7311160010867752e-05,2.669666901056189e-05,0.4463886320590973,0.5714285373687744,9.94287461253407e-07,0.9999996423721313
ISIC_0028444,HAM_0007411,0,1,1,3.725097940332489e-06,0.9999860525131226,1.7139856254289043e-06,2.965028215839993e-06,2.1471128093253355e-06,1.9232320482842624e-06,1.4519532669510227e-06,0.4957444965839386,0.5102040767669678,2.655448224686552e-05,0.9999922513961792
ISIC_0025139,HAM_0007584,0,1,1,1.565665684211126e-06,0.9999699592590332,1.9986669030913617e-06,1.9408821572142188e-06,5.216984845901607e-06,1.639149741095025e-05,2.940681042673532e-06,0.4944448471069336,0.5102040767669678,6.220681711965881e-07,0.999998927116394
ISIC_0027947,HAM_0004416,0,1,1,2.7993839921691688e-06,0.9995105266571045,0.0002939885307569057,1.1278859346930403e-05,1.022301603370579e-05,9.47412772802636e-05,7.638966053491458e-05,0.4779508411884308,0.5102040767669678,1.8265563994646072e-05,0.9999932050704956
ISIC_0031195,HAM_0007277,0,1,1,7.623163469361316e-07,0.9999887943267822,1.1814397566922707e-06,9.843904535955517e-07,1.611144739399606e-06,5.245930424280232e-06,1.4938729009372764e-06,0.49554887413978577,0.4897959232330322,2.028433846135158e-05,0.9999938011169434
ISIC_0027690,HAM_0004999,0,1,1,4.054416422150098e-05,0.999657154083252,5.878037336515263e-05,4.771086969412863e-05,0.00012743324623443186,3.401589492568746e-05,3.444297180976719e-05,0.4407236576080322,0.5510203838348389,4.847653599426849e-06,0.9999991655349731
ISIC_0030985,HAM_0004679,0,1,1,2.3117468117561657e-07,0.9999752044677734,1.9666945263452362e-06,7.037263003439875e-06,3.5522621146810707e-06,6.357394795486471e-06,5.737685114581836e-06,0.4985518157482147,0.5102040767669678,3.217192352167331e-05,0.999975323677063
ISIC_0029333,HAM_0001946,0,1,1,9.856045835476834e-06,0.9999678134918213,7.578023087262409e-06,6.096376637287904e-06,2.684297896848875e-06,4.177779828751227e-06,1.8094283404934686e-06,0.5163842439651489,0.4897959232330322,0.00037160891224630177,0.9998873472213745
ISIC_0031658,HAM_0001033,0,1,1,3.303808989585377e-05,0.9997155070304871,8.778935807640664e-06,3.953010309487581e-05,4.6381344873225316e-05,0.0001298611896345392,2.679369572433643e-05,0.4631117880344391,0.5510203838348389,6.0656884670606814e-06,0.9999977350234985
ISIC_0030388,HAM_0000936,0,1,1,5.919558316236362e-05,0.999539852142334,1.8486027329345234e-05,3.240737714804709e-05,0.0002091071946779266,9.143287752522156e-05,4.963563696946949e-05,0.5617198348045349,0.4285714328289032,2.3144815713749267e-05,0.9999845027923584
ISIC_0029955,HAM_0003906,0,1,1,2.434328962408472e-05,0.9997515082359314,8.110297494567931e-05,8.714088835404254e-06,8.30264798423741e-06,0.00010249298065900803,2.3529653844889253e-05,0.5025405883789062,0.4897959232330322,2.0301931726862676e-05,0.9999967813491821
ISIC_0030726,HAM_0002255,0,1,1,3.00887177218101e-06,0.9998617172241211,7.068688773870235e-06,9.076090464077424e-06,5.611620508716442e-05,4.886539318249561e-05,1.4097571693127975e-05,0.5302873253822327,0.4693877398967743,7.092932355590165e-05,0.9999263286590576
ISIC_0032301,HAM_0002020,0,1,1,1.3876675097890256e-07,0.999993085861206,4.4846092350780964e-07,7.56491033371276e-07,2.6688510388339637e-06,2.1700377601518994e-06,7.822289376235858e-07,0.5193458795547485,0.4693877398967743,1.9176681234966964e-05,0.9999879598617554
ISIC_0026619,HAM_0000730,0,1,1,1.4640329482062953e-06,0.9998359680175781,4.598296982294414e-06,4.6689733608218376e-06,1.2920531844429206e-05,0.00011949191684834659,2.0855954062426463e-05,0.5093991756439209,0.4897959232330322,2.734075314947404e-05,0.9999897480010986
ISIC_0025349,HAM_0006139,0,1,1,2.3404516014124965e-07,0.9999856948852539,1.2792961570085026e-06,8.36191986763879e-07,1.9140752556268126e-06,5.746068381995428e-06,4.340206942288205e-06,0.5099405646324158,0.4897959232330322,0.00017933995695784688,0.9998030066490173
ISIC_0025230,HAM_0001966,0,1,1,6.860555572529847e-07,0.9998866319656372,5.0374685088172555e-05,1.0419324098620564e-05,6.457454674091423e-06,3.265272607677616e-05,1.2862713447248098e-05,0.49873101711273193,0.4897959232330322,0.00014927155280020088,0.9999557733535767
ISIC_0032068,HAM_0002929,0,1,1,4.841610007133568e-06,0.9999703168869019,4.267273197910981e-06,1.4680461390526034e-05,1.8003531749855028e-06,1.852474838415219e-06,2.2079918835515855e-06,0.5247697234153748,0.4693877398967743,1.445047564629931e-05,0.9999954700469971
ISIC_0028456,HAM_0001742,0,1,1,6.642341645601846e-07,0.9999697208404541,4.0622398955747485e-06,2.078014404105488e-06,4.534414074441884e-06,1.1382829143258277e-05,7.654090950381942e-06,0.4696153402328491,0.5306122303009033,8.112560863082763e-06,0.9999972581863403
ISIC_0026813,HAM_0000731,0,1,1,9.655866506363964e-08,0.99994957447052,2.735256202868186e-05,2.6217708182230126e-06,9.18186401577259e-07,1.3448599020193797e-05,5.927101028646575e-06,0.5191015601158142,0.4897959232330322,7.554822786914883e-06,0.999997615814209
ISIC_0024988,HAM_0000573,0,1,1,1.4544707482855301e-05,0.9999040365219116,5.118648550705984e-05,1.5018166550362366e-06,8.853940926201176e-06,1.1519374538693228e-06,1.8670200006454252e-05,0.6527969241142273,0.34693875908851624,2.474363827786874e-05,0.9998407363891602
ISIC_0029350,HAM_0000151,0,1,1,2.1741224998095277e-07,0.9999315738677979,7.063157681841403e-06,7.4248487180739176e-06,2.3159158445196226e-05,2.6476172934053466e-05,4.1525881897541694e-06,0.5061638355255127,0.4693877398967743,1.7145137462648563e-05,0.9999790191650391
ISIC_0026061,HAM_0001973,0,1,1,4.0506006371288095e-06,0.9999386072158813,8.927282578952145e-06,5.924645392951788e-06,2.457988739479333e-05,1.1302538041491061e-05,6.5484291553730145e-06,0.4918198883533478,0.4897959232330322,3.663541792775504e-05,0.9999873638153076
ISIC_0030738,HAM_0004560,0,1,1,0.0011258224258199334,0.9984127283096313,1.3965700418339111e-05,4.3115593143738806e-05,0.00016969663556665182,6.44881947664544e-05,0.00017016383935697377,0.523292064666748,0.4693877398967743,0.00012493158283177763,0.9995372295379639
ISIC_0030146,HAM_0006895,0,1,1,3.820761776296422e-06,0.9999700784683228,4.1793955460889265e-06,8.695064025232568e-06,9.72996076598065e-06,1.8308504650121904e-06,1.7291974927502451e-06,0.5291975140571594,0.4693877398967743,2.683294951566495e-05,0.9999927282333374
ISIC_0026426,HAM_0006034,0,1,1,1.3668886822415516e-05,0.9999643564224243,5.4370611906051636e-06,5.16674936079653e-06,1.388156647408323e-06,5.626089205179596e-06,4.428071406437084e-06,0.5300659537315369,0.4897959232330322,9.7568163255346e-06,0.9999953508377075
ISIC_0026582,HAM_0003747,0,1,1,1.4053589438844938e-06,0.9999380111694336,1.2842175465266337e-06,3.0758187676838133e-06,4.8570360377198085e-05,4.8858096306503285e-06,2.772471134449006e-06,0.5141406655311584,0.4897959232330322,7.624369027325884e-05,0.9999942779541016
ISIC_0031906,HAM_0004893,0,1,1,4.854844974033767e-06,0.9999192953109741,6.389319423760753e-06,7.771742275508586e-06,1.528127904748544e-05,3.184652450727299e-05,1.4640732842963189e-05,0.5114638805389404,0.4897959232330322,0.00022093451116234064,0.9998173117637634
ISIC_0027674,HAM_0003378,0,1,1,9.60422221396584e-06,0.9998834133148193,3.5925372685596813e-06,1.2235897884238511e-05,6.786026642657816e-05,1.4036260836292058e-05,9.154132385447156e-06,0.5351600050926208,0.4693877398967743,4.228965553920716e-05,0.9999819993972778
ISIC_0025697,HAM_0003459,0,1,1,2.237219268863555e-05,0.9998401403427124,1.164038258139044e-05,4.8998917918652296e-05,3.3483644074294716e-05,3.771103001781739e-05,5.637301455863053e-06,0.5350647568702698,0.4693877398967743,2.4341292373719625e-05,0.9999899864196777
ISIC_0030905,HAM_0004280,0,1,1,0.00020744949870277196,0.999090313911438,6.387192115653306e-05,9.526722715236247e-05,0.00028919806936755776,6.801809649914503e-05,0.00018585423822514713,0.56856369972229,0.40816324949264526,0.0002156660775654018,0.9995338916778564
ISIC_0025092,HAM_0001984,0,1,1,1.0320699175281334e-06,0.9999685287475586,8.569311830797233e-06,5.3198577916191425e-06,4.097966211702442e-06,6.02378668190795e-06,6.287921223702142e-06,0.5425041913986206,0.4693877398967743,0.00011620820441748947,0.9998934268951416
ISIC_0028439,HAM_0000684,0,1,1,4.1928521454792644e-07,0.9999607801437378,1.0346848284825683e-05,4.315631485951599e-06,8.00697034719633e-06,6.4682144511607476e-06,9.698640496935695e-06,0.43549782037734985,0.5510203838348389,1.9105125829810277e-05,0.9999964237213135
ISIC_0024717,HAM_0004887,0,1,1,1.2413604508765275e-06,0.9993522763252258,2.7802159820566885e-05,1.775522468960844e-05,0.000284543726593256,0.00030511978548020124,1.132560646510683e-05,0.5267311334609985,0.4693877398967743,9.674012289906386e-06,0.9999812841415405
ISIC_0028004,HAM_0004745,0,1,1,7.865610314183868e-07,0.999963641166687,2.352599494770402e-06,1.8585408270155312e-06,2.341474282729905e-05,4.762448952533305e-06,3.1495944767812034e-06,0.4998316764831543,0.4897959232330322,6.83618854964152e-05,0.9999747276306152
ISIC_0026031,HAM_0003261,0,1,1,3.999282853328623e-05,0.9993694424629211,0.0001322389580309391,7.862728671170771e-05,0.00011554828233784065,0.000219198947888799,4.4959699152968824e-05,0.49406182765960693,0.5306122303009033,1.4683103472634684e-05,0.9999761581420898
ISIC_0028732,HAM_0002780,0,1,1,1.1474485290818848e-06,0.9999582767486572,6.102658517193049e-06,1.2663562301895581e-05,6.463740191975376e-06,7.474295216525206e-06,7.905564416432753e-06,0.5504122376441956,0.44897958636283875,1.1618782082223333e-05,0.9999946355819702
ISIC_0024491,HAM_0002452,0,1,1,6.635594331783068e-07,0.9999499320983887,3.0123501346679404e-06,2.9537493901443668e-05,9.382718531014689e-07,1.3947362276667263e-05,1.9934225292672636e-06,0.5060887932777405,0.4897959232330322,3.9873608329799026e-05,0.9999626874923706
ISIC_0027186,HAM_0005688,0,1,1,8.21523315153172e-07,0.9989500641822815,9.52158461586805e-06,1.9059985788771883e-05,0.0006214999011717737,0.00036826022551395,3.085569915128872e-05,0.6022029519081116,0.40816324949264526,0.00014140461280476302,0.9998204112052917
ISIC_0029717,HAM_0002802,0,1,1,1.5849443002480257e-07,0.9999614953994751,6.493825821962673e-06,4.3771542550530285e-06,4.4544244701683056e-06,1.6485137166455388e-05,6.5073904806922656e-06,0.5045114755630493,0.5102040767669678,3.758777165785432e-05,0.9999797344207764
ISIC_0032205,HAM_0001921,0,1,1,2.6893371796177235e-07,0.9996905326843262,4.753707798954565e-06,4.395023097458761e-06,9.05865672393702e-05,0.0001600227114977315,4.948071364196949e-05,0.4927248954772949,0.5102040767669678,9.733383194543421e-05,0.9999682903289795
ISIC_0030838,HAM_0007017,0,1,1,3.930085767933633e-07,0.9998961687088013,6.60565092402976e-07,5.841429356223671e-06,4.442673161975108e-05,4.755926784127951e-05,4.911162704956951e-06,0.5627062916755676,0.4285714328289032,0.00010996586206601933,0.9997407793998718
ISIC_0029214,HAM_0004886,0,1,1,0.00010681501589715481,0.999142050743103,7.808749796822667e-05,2.819798100972548e-05,0.00043372221989557147,9.888794738799334e-05,0.0001122334215324372,0.5590423941612244,0.44897958636283875,0.00022943712247069925,0.9999147653579712
ISIC_0027112,HAM_0004886,0,1,1,0.00014162115985527635,0.9995730519294739,8.883190457709134e-05,1.3022168786847033e-05,7.038463081698865e-05,4.179208553978242e-05,7.124480907805264e-05,0.5778536200523376,0.4285714328289032,3.176560130668804e-05,0.9998670816421509
ISIC_0028791,HAM_0006032,0,1,1,2.9503516998374835e-05,0.9998689889907837,3.14389071718324e-05,9.743470400280785e-06,3.602787182899192e-05,1.1711136721714865e-05,1.2573156709549949e-05,0.5307676196098328,0.4693877398967743,0.0003372285282239318,0.999515175819397
ISIC_0027501,HAM_0006032,0,1,1,0.0004672500363085419,0.9989979863166809,8.063210407271981e-05,4.902735599898733e-05,0.00029759760946035385,5.1886323490180075e-05,5.5554690334247425e-05,0.49833178520202637,0.4897959232330322,3.7677778891520575e-05,0.9999892711639404
ISIC_0029190,HAM_0000965,0,1,1,9.747369767865166e-05,0.9993093013763428,3.7671459722332656e-05,5.608840729109943e-05,0.00044410544796846807,2.5170942535623908e-05,3.0223975045373663e-05,0.5382412672042847,0.44897958636283875,9.190147829940543e-05,0.9999408721923828
ISIC_0027855,HAM_0000965,0,1,1,6.257341738091782e-05,0.9999147653579712,1.4627986502091517e-06,4.899750365439104e-06,1.2161870472482406e-05,1.8193871937910444e-06,2.2952340259507764e-06,0.5435267686843872,0.4693877398967743,7.259704489115393e-06,0.9999918937683105
ISIC_0030980,HAM_0003303,0,1,1,3.261928213760257e-05,0.9950326681137085,0.0021995296701788902,0.00013512594159692526,0.002276103012263775,0.00012050945224473253,0.00020347019017208368,0.45311036705970764,0.5714285373687744,0.00021274955361150205,0.9998437166213989
ISIC_0024597,HAM_0003303,0,1,1,1.197181518364232e-05,0.9993983507156372,0.00031469439272768795,8.160047582350671e-05,3.8739806768717244e-05,3.289470259915106e-05,0.00012171766866231337,0.5451090931892395,0.44897958636283875,3.745670255739242e-05,0.9999740123748779
ISIC_0027644,HAM_0001107,0,1,1,4.437068855622783e-05,0.9998785257339478,3.6576716411218513e-06,2.1097039279993623e-05,4.16865004808642e-05,4.5751648940495215e-06,6.106840828579152e-06,0.5081211924552917,0.4693877398967743,5.1876786528737284e-06,0.9999954700469971
ISIC_0027305,HAM_0004997,0,1,1,4.8857116780709475e-05,0.9993864297866821,0.0002454794303048402,1.00752286016359e-05,0.0002394544571870938,2.8219004889251664e-05,4.144369813730009e-05,0.5353525280952454,0.4897959232330322,0.0001393288403050974,0.9999333620071411
ISIC_0027718,HAM_0004997,0,1,1,3.331972038722597e-05,0.9997237324714661,0.00011660742165986449,1.125327526096953e-05,1.7881016901810654e-05,4.2166975617874414e-05,5.503240754478611e-05,0.5534337759017944,0.4285714328289032,2.074576286759111e-06,0.9999914169311523
ISIC_0028918,HAM_0001141,0,1,1,0.0002680715697351843,0.9995794892311096,2.3113059796742164e-05,4.31105618190486e-05,1.117567990149837e-05,3.841597936116159e-05,3.6593071854440495e-05,0.5256602168083191,0.4693877398967743,6.445185863412917e-05,0.9999446868896484
ISIC_0030697,HAM_0001141,0,1,1,0.0015891097718849778,0.9982417821884155,2.7501511794980615e-05,4.4722841266775504e-05,1.803906161512714e-05,5.123025766806677e-05,2.748410406638868e-05,0.5449613928794861,0.44897958636283875,1.2782389603671618e-05,0.9999904632568359
ISIC_0026012,HAM_0000028,0,1,1,0.0002453775377944112,0.9992507100105286,1.5226548384816851e-05,1.2522567885753233e-05,0.0003748319286387414,2.355984724999871e-05,7.771855598548427e-05,0.5548417568206787,0.4693877398967743,0.0004215173830743879,0.9995961785316467
ISIC_0029752,HAM_0000028,0,1,1,3.2452902814839035e-05,0.9974029660224915,2.252070771646686e-05,3.668169301818125e-05,0.0022671245969831944,9.733211481943727e-05,0.00014076881052460521,0.5416443943977356,0.4693877398967743,0.00021887305774725974,0.9998486042022705
ISIC_0029653,HAM_0006738,0,1,1,2.3891641831141897e-05,0.9998648166656494,2.112812035193201e-05,1.7071150068659335e-05,2.2666472432320006e-05,3.0447090466623195e-06,4.735266702482477e-05,0.5471534729003906,0.4693877398967743,4.1580438846722245e-05,0.9999421834945679
ISIC_0029374,HAM_0006738,0,1,1,0.004097032360732555,0.9894911050796509,0.00010450489935465157,0.0001738992432365194,0.005977005697786808,1.6724019587854855e-05,0.00013970998406875879,0.5559408664703369,0.4693877398967743,1.4995762285252567e-05,0.99996018409729
ISIC_0031404,HAM_0006150,0,1,2,0.000626868917606771,0.050135646015405655,0.9488635063171387,3.490716335363686e-05,6.267741264309734e-05,0.00010575095075182617,0.00017070927424356341,0.5303933620452881,0.4897959232330322,2.081169213852263e-06,0.9999978542327881
ISIC_0026569,HAM_0006150,0,1,2,0.0020902350079268217,8.490053993170932e-09,0.9970071911811829,0.00018665147945284843,5.101634087623097e-05,0.00025196713977493346,0.00041289240471087396,0.5042011141777039,0.5102040767669678,1.006628735922277e-06,0.9999991655349731
ISIC_0031145,HAM_0004267,0,1,1,9.050031621882226e-06,0.9999419450759888,3.5473974548949627e-06,7.813401680323295e-06,2.3275733838090673e-05,4.276608251529979e-06,1.0048415788332932e-05,0.536715030670166,0.4693877398967743,5.358971611713059e-05,0.9999606609344482
ISIC_0028430,HAM_0004267,0,1,1,1.1165741852892097e-05,0.9998542070388794,2.0037074136780575e-05,1.3708383448829409e-05,4.1315986891277134e-05,4.1845243686111644e-05,1.765694105415605e-05,0.4912872910499573,0.4897959232330322,0.0001590199681231752,0.9998607635498047
ISIC_0027235,HAM_0003091,0,1,1,0.20096005499362946,0.7981584072113037,5.962255454505794e-05,3.2800176995806396e-05,0.0006074938573874533,5.839829100295901e-05,0.00012314932246226817,0.5264620780944824,0.4897959232330322,0.00019164956756867468,0.9998575448989868
ISIC_0027152,HAM_0003091,0,1,0,0.9959736466407776,0.003871781984344125,1.5150206309044734e-05,5.623342076432891e-06,4.9598402256378904e-05,1.920727845572401e-05,6.493797991424799e-05,0.5489503145217896,0.44897958636283875,1.691855868557468e-05,0.9999595880508423
ISIC_0029719,HAM_0003692,0,1,1,0.004988118074834347,0.9932634234428406,0.0006968800444155931,0.0005729864351451397,0.00024349588784389198,8.869993325788528e-05,0.00014640514564234763,0.5471915006637573,0.44897958636283875,4.1508650610921904e-05,0.9999762773513794
ISIC_0027684,HAM_0003692,0,1,0,0.6153872609138489,0.37512990832328796,0.007570565212517977,0.0004393570125102997,0.0001491270086262375,0.00030312236049212515,0.0010207107989117503,0.5699107646942139,0.4285714328289032,2.07606080948608e-06,0.9999995231628418
ISIC_0028453,HAM_0002856,0,1,1,0.09737442433834076,0.32848596572875977,0.0253343153744936,0.05723860487341881,0.09675005078315735,0.23334971070289612,0.16146692633628845,0.5602839589118958,0.4285714328289032,4.9555070290807635e-05,0.9999090433120728
ISIC_0028154,HAM_0002856,0,1,1,0.0005618641735054553,0.9974983334541321,0.0012716264463961124,6.966981163714081e-05,0.00019898176833521575,0.00021050362556707114,0.00018904889293480664,0.5293824076652527,0.4897959232330322,3.282343459432013e-05,0.999972939491272
ISIC_0027987,HAM_0006457,0,1,1,0.009564545936882496,0.9898446798324585,0.0003258197393734008,1.3833985576638952e-05,0.0001959479268407449,2.9750979592790827e-05,2.551934630901087e-05,0.5019271373748779,0.4897959232330322,0.0003502557519823313,0.999862790107727
ISIC_0032257,HAM_0006457,0,1,1,0.000265662296442315,0.9993615746498108,0.000260881963185966,5.759860505349934e-05,2.544475137256086e-05,1.5731768144178204e-05,1.3222258530731779e-05,0.5038936138153076,0.4897959232330322,0.00047018329496495426,0.99983811378479
ISIC_0024314,HAM_0002198,0,1,1,2.4932078304118477e-05,0.5556156039237976,0.0008079175604507327,0.003916712943464518,0.4374176859855652,0.001531672663986683,0.0006854007369838655,0.5306264162063599,0.4693877398967743,5.2948289521737024e-05,0.9999396800994873
ISIC_0026722,HAM_0002198,0,1,1,0.004511163104325533,0.9952325224876404,2.6252746465615928e-05,3.197008481947705e-05,0.00012131230323575437,2.2720898414263502e-05,5.4040538088884205e-05,0.5502578616142273,0.4693877398967743,7.329641812248155e-05,0.9998769760131836
ISIC_0025943,HAM_0005162,0,1,1,2.454336254231748e-06,0.9999665021896362,2.198734728153795e-05,9.054565452970564e-07,9.150505775323836e-07,2.5305964754807064e-06,4.738935786008369e-06,0.5109654068946838,0.4897959232330322,3.08293238049373e-05,0.9999970197677612
ISIC_0025568,HAM_0005162,0,1,1,6.684069376206025e-05,0.9998224377632141,2.193774707848206e-05,2.0075390239071567e-06,6.219089118530974e-05,4.420649929670617e-06,2.019202474912163e-05,0.5208651423454285,0.4897959232330322,3.411022771615535e-05,0.9999750852584839
ISIC_0026887,HAM_0005162,0,1,1,0.0002850517048500478,0.9977756142616272,3.727995135704987e-05,4.593140693032183e-05,0.0017673829570412636,3.7183086533332244e-05,5.1495615480234846e-05,0.5097082257270813,0.4693877398967743,5.9120757214259356e-05,0.9999425411224365
ISIC_0030874,HAM_0002489,0,1,1,0.00048575244727544487,0.9985784292221069,0.0005151793011464179,0.0002867364964913577,5.671665712725371e-05,1.2913034879602492e-05,6.432909867726266e-05,0.5422444939613342,0.44897958636283875,6.327787559712306e-05,0.9998555183410645
ISIC_0031629,HAM_0002489,0,1,1,0.07659399509429932,0.9179815649986267,0.0002812966413330287,0.00033018679823726416,0.003998954314738512,0.00020713720005005598,0.0006068525835871696,0.5361407995223999,0.4693877398967743,1.1442917639215011e-05,0.9999866485595703
ISIC_0029389,HAM_0004575,0,1,5,0.0024126507341861725,0.043934416025877,0.011920126155018806,0.01630966179072857,0.016310423612594604,0.904618501663208,0.004494148772209883,0.5070996880531311,0.4897959232330322,1.2024867828586139e-05,0.9999814033508301
ISIC_0024789,HAM_0004575,0,1,4,2.3955881260917522e-05,0.0002667998487595469,0.013816562481224537,0.2282174527645111,0.6177487969398499,0.029206348583102226,0.11072008311748505,0.5459192395210266,0.44897958636283875,1.5714839207703335e-08,0.9999947547912598
ISIC_0031515,HAM_0003933,0,1,1,0.0007506763213314116,0.951070249080658,0.038034919649362564,0.0013838893501088023,0.007009565830230713,0.0006672602612525225,0.0010834927670657635,0.5450989603996277,0.4693877398967743,2.357285666221287e-06,0.999996542930603
ISIC_0029854,HAM_0003933,0,1,4,0.006730357650667429,0.02863413281738758,0.007647113408893347,0.0015206338139250875,0.7373258471488953,0.0008704553474672139,0.21727143228054047,0.47442981600761414,0.5306122303009033,2.0820703866775148e-05,0.9999858140945435
ISIC_0025428,HAM_0005339,0,1,1,0.00033138933940790594,0.9637802243232727,0.005915913265198469,0.007927696220576763,0.013238733634352684,0.008202973753213882,0.0006030227523297071,0.5213724374771118,0.4693877398967743,0.0005874293274246156,0.9994235038757324
ISIC_0031618,HAM_0005339,0,1,1,0.0003278939693700522,0.9886647462844849,0.0012298939982429147,0.001294431509450078,0.004856257699429989,0.0033428033348172903,0.00028391502564772964,0.5154157280921936,0.4693877398967743,0.00012411086936481297,0.9997757077217102
ISIC_0028385,HAM_0006359,0,1,1,1.0442509847052861e-05,0.9996929168701172,9.796000085771084e-05,3.8022913940949365e-05,3.501756509649567e-05,9.899181895889342e-05,2.6580626581562683e-05,0.5430454611778259,0.4693877398967743,9.827307803789154e-05,0.9998784065246582
ISIC_0027403,HAM_0006359,0,1,1,1.6826185174068087e-06,0.9999494552612305,2.4895182377804304e-06,1.857656798165408e-06,9.633193258196115e-06,2.968443550344091e-05,5.1614715630421415e-06,0.48752790689468384,0.5306122303009033,7.869509136071429e-05,0.9999710321426392
ISIC_0031059,HAM_0002159,0,1,1,0.013398339971899986,0.8977998495101929,0.00021563669724855572,0.0009232276352122426,0.086868517100811,0.0001282437879126519,0.0006662518135271966,0.5305449962615967,0.4693877398967743,3.4363717986707343e-06,0.9999953508377075
ISIC_0030355,HAM_0002159,0,1,1,5.397149379859911e-06,0.9999780654907227,1.4316948409032193e-06,2.5275192001572577e-06,6.098799076426076e-06,1.518024305369181e-06,4.9162417781190015e-06,0.4605925977230072,0.5714285373687744,2.5477334929746576e-05,0.999936580657959
ISIC_0028367,HAM_0003912,0,1,1,0.0052663288079202175,0.9929384589195251,5.134722960065119e-05,0.00021508033387362957,0.001087490003556013,0.00014328314864542335,0.0002980535791721195,0.5459394454956055,0.4693877398967743,0.00010487087274668738,0.9998847246170044
ISIC_0030741,HAM_0003912,0,1,1,0.10598871856927872,0.8751757740974426,0.0005440983804874122,0.0006340864347293973,0.016771482303738594,0.0002068917965516448,0.0006789591279812157,0.546057939529419,0.44897958636283875,2.8650854801526293e-05,0.9999715089797974
ISIC_0031646,HAM_0003684,0,1,1,9.627133840695024e-05,0.9978895783424377,0.0003173836739733815,0.0001550310553284362,0.0014752204297110438,2.353345371375326e-05,4.305200127419084e-05,0.5274482369422913,0.4693877398967743,5.2994510042481124e-05,0.999967098236084
ISIC_0031385,HAM_0003684,0,1,1,0.002117407275363803,0.9909255504608154,0.0005465029971674085,0.0001388154923915863,0.005447365343570709,0.00013570644659921527,0.0006886797491461039,0.5287123322486877,0.4693877398967743,8.240847091656178e-05,0.9999680519104004
ISIC_0030829,HAM_0005859,0,1,1,1.0875304724322632e-05,0.9997827410697937,5.110930578666739e-05,6.777023372706026e-06,3.3097931009251624e-05,2.0151903299847618e-05,9.520415187580511e-05,0.5010895729064941,0.4897959232330322,9.906087507260963e-05,0.99997878074646
ISIC_0025367,HAM_0005859,0,1,1,0.00012605165829882026,0.9997312426567078,1.799463643692434e-05,1.0901919267780613e-05,8.126562897814438e-05,9.400184353580698e-06,2.319301711395383e-05,0.5178567171096802,0.4693877398967743,0.00013776926789432764,0.99989914894104
ISIC_0025588,HAM_0002207,0,1,1,0.002856550505384803,0.9936833381652832,0.0004042850632686168,4.874481601291336e-05,0.00018037638801615685,0.0025434831622987986,0.0002832052414305508,0.5412717461585999,0.4693877398967743,8.127265027724206e-05,0.9998194575309753
ISIC_0027772,HAM_0002207,0,1,1,0.018264472484588623,0.9551800489425659,0.0016404769849032164,0.0035876273177564144,0.018519481644034386,0.001973773119971156,0.0008341961074620485,0.5387987494468689,0.4693877398967743,8.509149483870715e-05,0.9998886585235596
ISIC_0030688,HAM_0003475,0,1,1,0.026057083159685135,0.9727244973182678,6.529722304549068e-05,0.000594470533542335,0.0003856132971122861,0.00012012722436338663,5.282325582811609e-05,0.5641882419586182,0.44897958636283875,3.486273271846585e-05,0.9999147653579712
ISIC_0029825,HAM_0003475,0,1,1,0.0025745986495167017,0.9968633651733398,0.0004144282720517367,2.2229136448004283e-05,7.508660928579047e-05,2.276889790664427e-05,2.751764804997947e-05,0.5525239109992981,0.4693877398967743,2.669242530828342e-05,0.9999566078186035
ISIC_0027812,HAM_0004546,0,1,1,0.03401594236493111,0.9495671391487122,0.012308677658438683,0.0005824802210554481,0.0003943262272514403,0.0006902343011461198,0.0024410842452198267,0.5243995785713196,0.4693877398967743,8.081235864665359e-05,0.9999256134033203
ISIC_0026561,HAM_0004546,0,1,1,0.00592730101197958,0.9930471777915955,0.0006854546954855323,4.407569576869719e-05,0.0001236287789652124,7.209044269984588e-05,0.0001002646895358339,0.5110794305801392,0.4693877398967743,1.821131445467472e-05,0.9999874830245972
ISIC_0025129,HAM_0006826,0,1,1,0.002605447545647621,0.9970495700836182,3.831926005659625e-05,6.908796785864979e-05,9.772632620297372e-05,5.251601760392077e-05,8.726379019208252e-05,0.5367684364318848,0.4693877398967743,1.0201643817708828e-05,0.9999948740005493
ISIC_0027049,HAM_0006826,0,1,1,5.768103073933162e-05,0.9948707818984985,9.475203842157498e-05,8.793436427367851e-05,0.004764832090586424,4.68704711238388e-05,7.719391578575596e-05,0.5399742722511292,0.44897958636283875,0.0001701862784102559,0.9995713829994202
ISIC_0027408,HAM_0001696,0,1,1,0.002784615382552147,0.989900529384613,0.00042377383215352893,0.0011183922179043293,0.005643416661769152,7.045499660307541e-05,5.884843994863331e-05,0.5389076471328735,0.4693877398967743,7.219997314678039e-06,0.9999903440475464
ISIC_0030460,HAM_0001696,0,1,1,0.005902310833334923,0.7586491107940674,0.007082118187099695,0.0013291045324876904,0.22142836451530457,0.004768156446516514,0.000840851862449199,0.5535547733306885,0.4693877398967743,2.0475717974477448e-05,0.9999717473983765
ISIC_0027907,HAM_0007606,0,1,0,0.6907256841659546,0.30913206934928894,1.6169142327271402e-05,2.632261202961672e-05,4.2575316911097616e-05,3.261092570028268e-05,2.4561028112657368e-05,0.5243756175041199,0.4897959232330322,5.655991571984487e-06,0.9999972581863403
ISIC_0025870,HAM_0007606,0,1,1,0.0013928045518696308,0.9957799911499023,0.0009680217481218278,0.00038734867121092975,0.0008259050082415342,0.00019051964045502245,0.0004554514598567039,0.5328002572059631,0.4693877398967743,3.108634700765833e-05,0.9998996257781982
ISIC_0031720,HAM_0003222,0,1,1,0.010428371839225292,0.985754132270813,0.00019919654005207121,0.00014847311831545085,0.002315378049388528,0.00013370132364798337,0.001020721043460071,0.5550107955932617,0.44897958636283875,7.713551167398691e-05,0.9998125433921814
ISIC_0026382,HAM_0003222,0,1,1,0.00942843034863472,0.9888966083526611,0.00013549729192163795,0.00010874459258047864,0.0012809024192392826,4.359129161457531e-05,0.00010624700371408835,0.5381739735603333,0.4693877398967743,9.35261559789069e-05,0.9998599290847778
ISIC_0031094,HAM_0005056,0,1,0,0.5556870698928833,0.2960406541824341,0.0005729396943934262,0.0002839276276063174,0.1455250084400177,0.000678573502227664,0.0012118496233597398,0.5365349054336548,0.4897959232330322,9.026890438690316e-06,0.9999948740005493
ISIC_0032345,HAM_0005056,0,1,1,0.010706767439842224,0.9785676598548889,0.00010383659537183121,0.00043428500066511333,0.009830324910581112,0.0002065336739178747,0.00015063579485286027,0.5146663188934326,0.4693877398967743,7.2334228207182605e-06,0.9999942779541016
ISIC_0025458,HAM_0001604,0,1,1,0.3861863315105438,0.49901774525642395,0.0005218311562202871,0.002651973394677043,0.07732841372489929,0.0009093214757740498,0.03338439017534256,0.5082026720046997,0.4897959232330322,9.513855729892384e-06,0.9999966621398926
ISIC_0024664,HAM_0001604,0,1,1,0.011632372625172138,0.9877520799636841,2.2553218514076434e-05,8.756339957471937e-05,0.0003850255161523819,2.6898896976490505e-05,9.348601452074945e-05,0.5423518419265747,0.4693877398967743,6.004690294503234e-05,0.9999667406082153
ISIC_0025008,HAM_0002349,0,1,3,0.008172954432666302,0.21416868269443512,0.0011100639821961522,0.7380009889602661,0.02996310032904148,0.006464787293225527,0.002119449432939291,0.5260382294654846,0.4897959232330322,4.0480146708432585e-05,0.9999567270278931
ISIC_0025735,HAM_0002349,0,1,1,9.828089241636917e-05,0.6318812966346741,0.05193528160452843,0.31201648712158203,0.0034541126806288958,0.00024729748838581145,0.00036725206882692873,0.5283145308494568,0.4693877398967743,4.041783540742472e-06,0.9999970197677612
ISIC_0032309,HAM_0006185,0,1,1,0.0010208009043708444,0.9956252574920654,0.00039410952012985945,0.0007513614255003631,3.455382102401927e-05,0.0019286180613562465,0.0002451877517160028,0.5384525060653687,0.4693877398967743,1.6552422721360927e-06,0.9999979734420776
ISIC_0028759,HAM_0006185,0,1,1,0.0011041982797905803,0.9980254173278809,1.9993254682049155e-05,0.00070317427162081,1.3173197658034042e-05,7.847820234019309e-05,5.557369513553567e-05,0.5286124348640442,0.4693877398967743,3.785270018852316e-05,0.9999713897705078
ISIC_0028368,HAM_0002409,0,1,1,1.6429893321401323e-06,0.9999784231185913,3.5345326523383847e-06,3.011522494489327e-06,2.302957909705583e-06,6.384726930264151e-06,4.679905487137148e-06,0.4996502697467804,0.4897959232330322,9.46198488236405e-05,0.9999624490737915
ISIC_0028843,HAM_0002409,0,1,1,0.002296517603099346,0.9975284934043884,2.463016426190734e-05,7.182735134847462e-05,2.5760351491044275e-05,1.8055869077215903e-05,3.4768134355545044e-05,0.5218926668167114,0.4693877398967743,6.492060492746532e-05,0.9998928308486938
ISIC_0028045,HAM_0003892,0,1,1,0.000520341272931546,0.9994083642959595,6.823537205491448e-06,1.715797043289058e-05,1.9258945030742325e-05,8.204690857382957e-06,1.9833674741676077e-05,0.5333254337310791,0.4693877398967743,1.833049645938445e-05,0.9999935626983643
ISIC_0025631,HAM_0006312,0,1,1,0.004756346344947815,0.9948821067810059,0.00015650928253307939,7.940238720038906e-05,7.289966742973775e-05,1.1991637620667461e-05,4.075447941431776e-05,0.5254872441291809,0.4693877398967743,4.4302862079348415e-05,0.9999817609786987
ISIC_0031337,HAM_0006312,0,1,1,0.001282461336813867,0.9980383515357971,0.00010349570220569149,0.00013195934297982603,0.00033601431641727686,2.5481340344413184e-05,8.234918641392142e-05,0.5188668370246887,0.4693877398967743,2.5799559807637706e-05,0.9999904632568359
ISIC_0031440,HAM_0002100,0,1,0,0.8922299146652222,0.08693499863147736,0.016140880063176155,0.00040595445898361504,0.00026811897987499833,0.0027136942371726036,0.0013064102968201041,0.5622740387916565,0.44897958636283875,4.166156031715218e-06,0.9999902248382568
ISIC_0028823,HAM_0007138,0,1,1,2.813473429341684e-06,0.9829944372177124,0.015956517308950424,6.577265594387427e-06,0.0003974071587435901,5.262337435851805e-05,0.0005896759685128927,0.5193312764167786,0.4693877398967743,4.492669631872559e-06,0.9999966621398926
ISIC_0031501,HAM_0007138,0,1,1,1.5816216546227224e-05,0.9942051768302917,0.005445654038339853,7.967525016283616e-05,0.00011129037739010528,6.97007417329587e-05,7.269543129950762e-05,0.5206807255744934,0.4897959232330322,2.9369010007940233e-05,0.9999858140945435
ISIC_0025555,HAM_0003951,0,1,1,5.5990822147578e-06,0.9999170303344727,6.426680556614883e-06,5.04605304740835e-06,5.6693224905757234e-05,4.398174496600404e-06,4.821521088160807e-06,0.5067808628082275,0.4897959232330322,8.301777415908873e-05,0.9999767541885376
ISIC_0032242,HAM_0003951,0,1,1,0.009653243236243725,0.9886123538017273,5.154335667612031e-05,0.00045162622700445354,0.0009002198930829763,9.348511230200529e-05,0.00023757679446134716,0.5305940508842468,0.4693877398967743,1.5468656783923507e-05,0.9999465942382812
ISIC_0024317,HAM_0003951,0,1,1,5.834481726196827e-06,0.9999258518218994,2.4814216885715723e-06,3.948658559238538e-06,5.714617145713419e-05,2.744316589087248e-06,2.0310822037572507e-06,0.5119456648826599,0.4693877398967743,9.620815944799688e-06,0.9999984502792358
ISIC_0033356,HAM_0005213,0,1,1,2.2665926735498942e-05,0.9998455047607422,5.483172571985051e-06,5.224971755524166e-05,5.1709146646317095e-05,1.444781810278073e-05,8.035228347580414e-06,0.5401081442832947,0.4693877398967743,3.889808795065619e-06,0.999995231628418
ISIC_0033998,HAM_0005213,0,1,1,0.00030720781069248915,0.9976346492767334,2.2055937733966857e-05,0.00015888074995018542,0.0016883681528270245,0.0001207140157930553,6.807182944612578e-05,0.4836430251598358,0.5102040767669678,3.533592007443076e-06,0.9999901056289673
ISIC_0026494,HAM_0003156,0,1,1,0.1930249184370041,0.7387890815734863,0.0387294702231884,0.01238457765430212,0.0013986433623358607,0.01147511601448059,0.004198175389319658,0.5468916296958923,0.44897958636283875,1.733989302010741e-05,0.9999750852584839
ISIC_0028287,HAM_0006934,0,1,1,4.420817276695743e-05,0.9996185302734375,0.00021462298172991723,3.318246308481321e-05,6.314384791039629e-06,3.451387965469621e-05,4.85626733279787e-05,0.5096569061279297,0.4693877398967743,8.690419053891674e-05,0.9999643564224243
ISIC_0033686,HAM_0002494,0,1,1,0.23816613852977753,0.7372815608978271,0.004304808564484119,0.0020099813118577003,0.01312600914388895,0.0021434661466628313,0.002967996057122946,0.5388244390487671,0.4693877398967743,0.00033440670813433826,0.9994737505912781
ISIC_0033363,HAM_0002363,0,1,1,0.022309420630335808,0.9372206926345825,0.002129717729985714,0.000380415644031018,0.03737730532884598,0.0004527078999672085,0.00012968460214324296,0.5539723634719849,0.4693877398967743,2.005603710131254e-05,0.9999842643737793
ISIC_0033058,HAM_0002363,0,1,1,0.01799752004444599,0.9694905281066895,0.0002665123902261257,0.0007826141663827002,0.011190871708095074,0.00019582077220547944,7.612317858729511e-05,0.600024402141571,0.40816324949264526,5.072848216514103e-05,0.9999125003814697
ISIC_0032924,HAM_0002363,0,1,1,0.002485833363607526,0.8759861588478088,0.0002197233698097989,0.0004153574991505593,0.12077612429857254,5.065507139079273e-05,6.609364208998159e-05,0.5695599913597107,0.4285714328289032,4.155843998887576e-05,0.9998286962509155
ISIC_0034225,HAM_0002030,0,1,1,4.672267095884308e-05,0.9995642304420471,3.334625216666609e-05,6.880335422465578e-05,0.00018039763381239027,8.13897859188728e-05,2.5141109290416352e-05,0.5276614427566528,0.4693877398967743,4.755219197249971e-05,0.9999779462814331
ISIC_0032916,HAM_0002030,0,1,1,1.7268750696075585e-07,0.9999760389328003,3.7437043829413597e-06,3.957203261961695e-06,3.7557774703600444e-06,9.21284663490951e-06,3.1445943022845313e-06,0.5134366154670715,0.4897959232330322,3.29645918100141e-05,0.9999880790710449
ISIC_0033756,HAM_0002030,0,1,1,0.07100784778594971,0.8916756510734558,0.001523071201518178,0.0013687856262549758,0.02970222942531109,0.002982625737786293,0.0017397570190951228,0.5313190221786499,0.4693877398967743,6.479294825112447e-05,0.9999630451202393
ISIC_0033032,HAM_0003505,0,1,1,1.2468744898797013e-06,0.9997454285621643,6.641466461587697e-05,7.875655865063891e-05,1.4229579392122105e-05,4.702804289991036e-05,4.6824377932352945e-05,0.46767759323120117,0.5306122303009033,0.00011366634862497449,0.9999908208847046
ISIC_0034227,HAM_0003505,0,1,1,1.3334978348211735e-06,0.9999743700027466,6.752526587661123e-06,6.349634077196242e-06,2.4263008526759222e-06,2.9709319733228767e-06,5.823868377774488e-06,0.49389857053756714,0.4897959232330322,1.484996118961135e-05,0.9999978542327881
ISIC_0033563,HAM_0003505,0,1,1,1.9981080185971223e-06,0.999925971031189,2.0205539840389974e-05,1.6178049918380566e-05,5.045491889177356e-06,8.627979696029797e-06,2.2036836526240222e-05,0.48153018951416016,0.4897959232330322,2.4416190171905328e-06,0.9999996423721313
ISIC_0034079,HAM_0005374,0,1,1,0.018201343715190887,0.9816991090774536,4.300296950532356e-06,3.3674696169327945e-05,3.068781006732024e-05,1.6869707906153053e-05,1.403768783347914e-05,0.5298596024513245,0.4693877398967743,3.2253883546218276e-06,0.999990701675415
ISIC_0033327,HAM_0005374,0,1,1,0.0002191729872720316,0.9997524619102478,5.500510269484948e-06,1.4324019502964802e-05,2.182898697355995e-07,4.439402346179122e-06,3.943533556594048e-06,0.526250958442688,0.4897959232330322,6.24675813014619e-05,0.9999358654022217
ISIC_0032871,HAM_0005374,0,1,1,9.739660526975058e-06,0.9999860525131226,7.023759280855302e-07,1.8719630361374584e-06,4.1264411265728995e-07,5.399748488343903e-07,6.203283078320965e-07,0.5227680802345276,0.4693877398967743,7.202082088042516e-06,0.9999920129776001
ISIC_0030851,HAM_0000077,0,1,1,1.7868396753328852e-05,0.9999114274978638,8.22750553197693e-06,2.8615255359909497e-05,1.6579730072407983e-05,1.0948680937872268e-05,6.370013124978868e-06,0.5354626774787903,0.4693877398967743,7.6324213296175e-05,0.9999241828918457
ISIC_0033767,HAM_0005300,0,1,1,9.876799595076591e-05,0.9997114539146423,6.868403033877257e-06,2.896408477681689e-05,9.749292803462595e-05,3.24242610076908e-05,2.3969034373294562e-05,0.5206632018089294,0.4693877398967743,1.1893608643731568e-05,0.9999943971633911
ISIC_0033755,HAM_0005300,0,1,1,0.02545660361647606,0.9711777567863464,0.00033712008735165,0.0007281498983502388,0.0015135881258174777,0.00033460077247582376,0.0004522556846495718,0.5233866572380066,0.4897959232330322,3.693785038194619e-05,0.9999579191207886
ISIC_0033625,HAM_0005300,0,1,1,0.007601265329867601,0.9908664226531982,0.00018913584062829614,0.000324762164382264,0.0007019821205176413,0.0001303127792198211,0.0001861996715888381,0.48846858739852905,0.5102040767669678,9.350341861136258e-05,0.9999560117721558
ISIC_0032362,HAM_0007127,0,1,1,0.020550407469272614,0.8637993931770325,0.00485754432156682,0.10527181625366211,0.002728729508817196,0.0013890067348256707,0.0014031755272299051,0.5213745832443237,0.4693877398967743,7.919550625956617e-06,0.9999915361404419
ISIC_0033959,HAM_0002136,0,1,1,2.5466550141572952e-05,0.9996703863143921,0.00020606897305697203,5.360054728953401e-06,7.176648796303198e-05,1.0781210221466608e-05,1.023735421767924e-05,0.5386146306991577,0.4693877398967743,4.628059468814172e-05,0.9999253749847412
ISIC_0032914,HAM_0002136,0,1,1,3.788040339713916e-05,0.9980081915855408,9.465617768000811e-05,6.346079317154363e-05,0.0016414296114817262,0.0001255480310646817,2.895626676036045e-05,0.5058057904243469,0.4693877398967743,0.00025152467424049973,0.9998503923416138
ISIC_0033309,HAM_0002136,0,1,1,0.00021241807553451508,0.999265730381012,0.00022656467626802623,3.875717084156349e-05,0.0001824812643462792,5.426574716693722e-05,1.9766062905546278e-05,0.5059427618980408,0.4897959232330322,0.00028443901101127267,0.9998956918716431
ISIC_0026584,HAM_0000459,0,1,1,0.053833525627851486,0.9246975183486938,0.0008679570164531469,0.004330757074058056,0.014807749539613724,0.0007709123310633004,0.000691604393068701,0.5040692090988159,0.4897959232330322,2.5578634449630044e-05,0.9999258518218994
ISIC_0034110,HAM_0000268,0,1,1,0.07274981588125229,0.8923065662384033,0.002036910504102707,0.0005298215546645224,0.020415687933564186,0.0017224436160176992,0.010238759219646454,0.5337895750999451,0.4693877398967743,7.161563553381711e-05,0.9999376535415649
ISIC_0025160,HAM_0000268,0,1,0,0.9339404106140137,0.006361781153827906,0.0005798735073767602,0.006342713721096516,0.008246169425547123,0.002991590416058898,0.04153744876384735,0.5484198927879333,0.4285714328289032,0.0001271864166483283,0.9997593760490417
ISIC_0033389,HAM_0000268,0,1,0,0.5507805943489075,0.13793346285820007,0.0031975870952010155,0.0006276114145293832,0.2672521471977234,0.004176134709268808,0.03603246435523033,0.54281085729599,0.44897958636283875,4.597097358782776e-05,0.9999697208404541
ISIC_0034234,HAM_0004706,0,1,1,0.010062369517982006,0.9897642135620117,2.434693851682823e-05,2.4463404770358466e-05,8.001972310012206e-05,1.8638982510310598e-05,2.6010680812760256e-05,0.533893883228302,0.4693877398967743,3.503962216200307e-05,0.9999556541442871
ISIC_0033308,HAM_0004706,0,1,1,0.00023650504590477794,0.9986006617546082,1.3507965377357323e-05,1.782593972166069e-05,0.0011003967374563217,1.8279657524544746e-05,1.2759286619257182e-05,0.5285743474960327,0.4897959232330322,9.54364804783836e-05,0.9998821020126343
ISIC_0034274,HAM_0004706,0,1,0,0.9902865886688232,0.009545497596263885,9.816457350098062e-06,1.0696073331928346e-05,8.873519254848361e-05,1.5511042875004932e-05,4.302623710827902e-05,0.5382598638534546,0.4693877398967743,1.4286021723819431e-05,0.9999856948852539
ISIC_0030546,HAM_0006810,0,1,1,5.819154466735199e-05,0.9995484948158264,0.00025871407706290483,1.6315172615577467e-05,9.169100667349994e-05,1.2153230272815563e-05,1.440808682673378e-05,0.5517011880874634,0.4693877398967743,0.000334693118929863,0.9995260238647461
ISIC_0026177,HAM_0006583,0,1,1,0.034065768122673035,0.9644291996955872,1.3905291780247353e-05,8.366113615920767e-05,0.0013521392829716206,1.6518675693077967e-05,3.873019522870891e-05,0.524915337562561,0.4693877398967743,4.5821594540029764e-05,0.9999734163284302
ISIC_0025713,HAM_0003178,0,1,1,2.894009185183677e-06,0.9998158812522888,6.092506373533979e-05,4.325201007304713e-05,3.881217344314791e-05,1.899274684546981e-05,1.9309953131596558e-05,0.5214799046516418,0.4897959232330322,0.00010312227095710114,0.999962329864502
ISIC_0033253,HAM_0002434,0,1,1,0.004564374685287476,0.9943564534187317,3.70066481991671e-05,0.00044107952271588147,0.0005054441862739623,1.9427108782110736e-05,7.622344128321856e-05,0.5437608361244202,0.4693877398967743,4.059336788486689e-06,0.999996542930603
ISIC_0033974,HAM_0002434,0,1,1,2.314084122190252e-05,0.9999195337295532,4.673546300182352e-06,3.242058664909564e-05,1.1418430403864477e-05,3.1472757200390333e-06,5.679702098859707e-06,0.5154504179954529,0.4693877398967743,5.133464583195746e-05,0.9999822378158569
ISIC_0033941,HAM_0002434,0,1,1,2.503572886780603e-07,0.9999339580535889,4.349350547272479e-06,1.331162729911739e-05,3.055121851502918e-05,7.848162567825057e-06,9.632511137169786e-06,0.48811087012290955,0.5102040767669678,5.984630843158811e-05,0.9999830722808838
ISIC_0029405,HAM_0003394,0,1,2,5.606406716651691e-07,0.0008597732521593571,0.9986261129379272,5.1322957006050274e-05,9.304582818003837e-06,0.00011831730080302805,0.00033458348480053246,0.5534367561340332,0.44897958636283875,2.8468550681282068e-06,0.9999877214431763
ISIC_0030429,HAM_0006146,0,1,6,1.3716716239287052e-05,0.0006217654445208609,0.21416209638118744,0.00012495722330641001,0.0009288216242566705,0.0014624816831201315,0.782686173915863,0.5610164999961853,0.4285714328289032,4.219178208586527e-06,0.9999957084655762
ISIC_0028159,HAM_0006146,0,1,1,0.0006552657578140497,0.6922392845153809,0.2863745093345642,0.0001410293043591082,0.005470007658004761,0.005873204208910465,0.00924674142152071,0.5459731817245483,0.44897958636283875,5.303624675434548e-06,0.9999722242355347
ISIC_0032009,HAM_0001107,0,1,1,5.979950219625607e-05,0.9991990923881531,3.4438384318491444e-05,5.909582614549436e-05,0.000567155540920794,5.273896749713458e-05,2.764068813121412e-05,0.5686919093132019,0.4285714328289032,2.4840077458065934e-05,0.9999624490737915
ISIC_0033652,HAM_0005363,0,1,1,8.784170495346189e-05,0.9998304843902588,1.0758983989944682e-05,2.7585712814470753e-05,1.541610254207626e-05,1.4925863069947809e-05,1.2996264558751136e-05,0.5061353445053101,0.4897959232330322,0.0004168321320321411,0.9997782111167908
ISIC_0033944,HAM_0005363,0,1,1,0.007881414145231247,0.9911525845527649,5.103324292576872e-05,0.00012110176612623036,0.000729585939552635,2.293578472745139e-05,4.1375304135726765e-05,0.49662771821022034,0.5102040767669678,2.2859478121972643e-05,0.9999159574508667
ISIC_0032717,HAM_0005363,0,1,1,0.00019156927010044456,0.9997135996818542,1.027051894197939e-05,2.4982879040180705e-05,3.332650157972239e-05,1.167400387203088e-05,1.4534907677443698e-05,0.5047829747200012,0.4693877398967743,0.00012175799929536879,0.9999301433563232
ISIC_0032651,HAM_0004714,0,1,1,5.542334838537499e-05,0.9996660947799683,8.991087815957144e-05,0.00010900913912337273,4.594955953507451e-06,5.189607327338308e-05,2.3064549168339e-05,0.5242426991462708,0.4897959232330322,0.0003725788847077638,0.9996905326843262
ISIC_0033699,HAM_0004714,0,1,1,1.8192187781096436e-05,0.9997692704200745,1.8058759451378137e-05,4.457963950699195e-05,1.835362309066113e-05,0.00010398809536127374,2.7531670639291406e-05,0.5286893248558044,0.4897959232330322,0.0003421120345592499,0.9998134970664978
ISIC_0033915,HAM_0004714,0,1,1,0.0023461950477212667,0.9957692623138428,3.2609041227260605e-05,0.0008141757571138442,0.0007970784790813923,0.0001666839380050078,7.399998139590025e-05,0.5498870611190796,0.44897958636283875,1.4321651178761385e-05,0.9999812841415405
ISIC_0034020,HAM_0002206,0,1,1,2.786226218631782e-07,0.9994224309921265,0.00013296146062202752,7.724973329459317e-06,0.0001496158365625888,0.00021838655811734498,6.860149733256549e-05,0.4916510283946991,0.4897959232330322,3.9366568671539426e-05,0.9999428987503052
ISIC_0033727,HAM_0002206,0,1,1,3.3067783533624606e-07,0.9997691512107849,2.1102599930600263e-05,1.74501801666338e-05,0.00010770955123007298,6.622819637414068e-05,1.804326348064933e-05,0.4768909513950348,0.5102040767669678,4.976300988346338e-05,0.9999706745147705
ISIC_0032742,HAM_0000579,0,1,1,0.12651631236076355,0.8723029494285583,2.42965470533818e-05,0.00035151158226653934,0.0007191075710579753,4.120034645893611e-05,4.470763087738305e-05,0.5673278570175171,0.4285714328289032,5.2121529733994976e-05,0.999911904335022
ISIC_0032961,HAM_0000579,0,1,1,8.635309495730326e-05,0.9998972415924072,3.3196733966178726e-06,5.812926701764809e-06,3.247700078645721e-06,2.1345297227526316e-06,1.8904215721704531e-06,0.5396862030029297,0.4693877398967743,6.709672015858814e-05,0.9999126195907593
ISIC_0034112,HAM_0000579,0,1,1,0.00018115695274900645,0.9997504353523254,1.632956809771713e-05,2.7368794690119103e-05,6.995858711889014e-06,1.2761386642523576e-05,4.909622475679498e-06,0.5508319735527039,0.4897959232330322,0.00019290005729999393,0.9997894167900085
ISIC_0033296,HAM_0005539,0,1,1,4.582586541346245e-07,0.999922513961792,8.584327588323504e-06,8.728355169296265e-06,3.0438000976573676e-05,1.7542250134283677e-05,1.1822163287433796e-05,0.513238787651062,0.4897959232330322,3.0958275601733476e-05,0.9999837875366211
ISIC_0033838,HAM_0005539,0,1,1,3.914180979336379e-06,0.9999173879623413,4.7547273425152525e-06,1.1665665624605026e-05,4.666359382099472e-05,1.008621711662272e-05,5.4239731070993e-06,0.501044750213623,0.4897959232330322,3.9284099329961464e-05,0.9999929666519165
ISIC_0033409,HAM_0005539,0,1,1,0.0002600163279566914,0.9959563612937927,1.4338303117256146e-05,8.384681859752163e-05,0.0036165888886898756,2.9936187274870463e-05,3.891400410793722e-05,0.5374134182929993,0.4693877398967743,9.193190635414794e-06,0.999988317489624
ISIC_0033984,HAM_0002878,0,1,0,0.6008084416389465,0.3988731801509857,4.6100558392936364e-05,8.664884808240458e-05,5.899676034459844e-05,3.3496806281618774e-05,9.30543101276271e-05,0.5420782566070557,0.44897958636283875,9.886560292216018e-06,0.9999864101409912
ISIC_0032640,HAM_0002878,0,1,1,0.0013173645129427314,0.9984869956970215,1.7954595023184083e-05,2.9297008950379677e-05,9.33690753299743e-05,4.29469691880513e-05,1.2030246580252424e-05,0.5033336877822876,0.4897959232330322,4.2521129216765985e-05,0.9999760389328003
ISIC_0033648,HAM_0005571,0,1,1,0.001579592702910304,0.9934332370758057,0.004095560405403376,0.00025574243045412004,9.749572927830741e-05,0.0001538897049613297,0.00038441273500211537,0.5237544775009155,0.4897959232330322,1.4512902453134302e-06,0.9999979734420776
ISIC_0032825,HAM_0005571,0,1,1,0.05168301612138748,0.9333357810974121,0.0011268354719504714,0.0009738778462633491,0.004295737948268652,0.0012258028145879507,0.00735896360129118,0.5475635528564453,0.4693877398967743,3.577696816137177e-06,0.9999896287918091
ISIC_0032803,HAM_0005571,0,1,1,0.006025492213666439,0.9426903128623962,0.04741040617227554,0.00015454993990715593,0.0027330168522894382,0.00042635551653802395,0.0005599177093245089,0.5311499238014221,0.4693877398967743,1.568531479279045e-05,0.9999874830245972
ISIC_0033475,HAM_0006857,0,1,1,0.00011031285248463973,0.999832272529602,4.126075964450138e-06,6.986076641624095e-06,3.214762909919955e-05,7.891891982581e-06,6.219182978384197e-06,0.5363696813583374,0.4897959232330322,0.00021837424719706178,0.9997798800468445
ISIC_0033210,HAM_0006857,0,1,1,4.717635874840198e-06,0.9999135732650757,5.563867944147205e-06,6.031710654497147e-06,5.312157009029761e-05,1.1915290087927133e-05,5.012074780097464e-06,0.5142901539802551,0.4897959232330322,9.677298658061773e-05,0.9998493194580078
ISIC_0033219,HAM_0006857,0,1,1,6.915432095411234e-06,0.9997995495796204,5.101265287521528e-06,2.307997056050226e-05,0.00014968214964028448,1.1525429727043957e-05,4.144302238273667e-06,0.5119156241416931,0.4897959232330322,0.00011044454731745645,0.999842643737793
ISIC_0032864,HAM_0001218,0,1,1,1.2074478945578448e-06,0.9999819993972778,1.1676207805066952e-06,1.3252180224299082e-06,8.035658538574353e-06,1.8402324712951668e-06,4.520976290223189e-06,0.49772122502326965,0.4897959232330322,0.00011441975220805034,0.9999581575393677
ISIC_0033763,HAM_0001218,0,1,1,0.022610962390899658,0.9762341380119324,2.821099405991845e-05,8.733888535061851e-05,0.0006252144230529666,8.840001828502864e-05,0.0003257904900237918,0.5322607159614563,0.4693877398967743,0.00011763181100832298,0.9996789693832397
ISIC_0033650,HAM_0001218,0,1,1,3.3320159786853765e-07,0.9999735355377197,5.215033979766304e-06,2.1452829059853684e-06,1.1172912309120875e-05,4.617704689735547e-06,2.891154963435838e-06,0.49805620312690735,0.4897959232330322,4.993890615878627e-05,0.9999722242355347
ISIC_0033992,HAM_0006980,0,1,1,0.004598494619131088,0.8919432163238525,0.0003069950616918504,0.0011775025632232428,0.10119843482971191,0.00035048468271270394,0.0004249439516570419,0.58022141456604,0.4285714328289032,0.00026730765239335597,0.9994288086891174
ISIC_0033715,HAM_0006980,0,1,1,0.0004085969121661037,0.9986483454704285,2.3963946659932844e-05,2.8511296477518044e-05,0.0008248141384683549,2.7598855012911372e-05,3.817828110186383e-05,0.5915946960449219,0.40816324949264526,5.922136188019067e-05,0.9998223185539246
ISIC_0033920,HAM_0006980,0,1,1,0.002679325407370925,0.9765303730964661,4.578861626214348e-05,0.00024007767206057906,0.02005482278764248,0.00015844227164052427,0.0002912340860348195,0.5635676383972168,0.44897958636283875,0.00021917209960520267,0.9996293783187866
ISIC_0033510,HAM_0000547,0,1,1,0.03122786618769169,0.9675150513648987,0.0008186828927136958,2.323098851775285e-05,0.00026732293190434575,4.517054185271263e-05,0.00010268367623211816,0.529049277305603,0.4693877398967743,1.7454553017159924e-05,0.999992847442627
ISIC_0033222,HAM_0000547,0,1,0,0.9502495527267456,0.04813021421432495,0.0007679101545363665,0.000337093515554443,0.0003357325913384557,2.329366179765202e-05,0.0001562445395393297,0.5546115040779114,0.4693877398967743,3.0384915135073243e-06,0.999991774559021
ISIC_0032546,HAM_0000547,0,1,1,0.22486385703086853,0.7707099914550781,0.0029599748086184263,0.0002819814544636756,0.0006565970834344625,0.00016298044647555798,0.0003646422119345516,0.5334067940711975,0.4693877398967743,1.2451946531655267e-05,0.999988317489624
ISIC_0026810,HAM_0007306,0,1,0,0.5660527944564819,0.4316725730895996,0.00026011644513346255,0.0016034712316468358,0.0001242107100551948,8.481605618726462e-05,0.00020194948592688888,0.5536330938339233,0.4693877398967743,6.146598025225103e-05,0.9999167919158936
ISIC_0033832,HAM_0005383,0,1,1,0.00018613894644659013,0.99968421459198,1.25072638184065e-05,5.814130054204725e-05,3.698428918141872e-05,9.368740393256303e-06,1.2623790098587051e-05,0.5203211307525635,0.4897959232330322,1.296366099268198e-05,0.9999940395355225
ISIC_0032893,HAM_0005383,0,1,1,0.00017586284957360476,0.9904605746269226,1.9617709767771885e-05,3.956157888751477e-05,0.009262886829674244,2.2614804038312286e-05,1.883625373011455e-05,0.5159187912940979,0.4897959232330322,3.2639050914440304e-05,0.999988317489624
ISIC_0032683,HAM_0005383,0,1,1,0.02184116840362549,0.9750779271125793,0.00017822781228460371,0.00025216329959221184,0.002196629997342825,0.00020993518410250545,0.00024402659619227052,0.5519970655441284,0.44897958636283875,0.00018650759011507034,0.9999289512634277
ISIC_0033411,HAM_0005573,0,1,4,3.1310576105170185e-06,0.005575507879257202,0.0013004578649997711,0.0005432404577732086,0.9917356371879578,4.741303564514965e-05,0.0007946003461256623,0.5227596163749695,0.4693877398967743,2.8556978577398695e-06,0.999996542930603
ISIC_0034096,HAM_0005573,0,1,1,4.952435574523406e-06,0.997413694858551,3.107529482804239e-05,3.891285814461298e-05,0.0024723433889448643,1.1848414033011068e-05,2.7193575078854337e-05,0.5378872752189636,0.4693877398967743,8.61769076436758e-05,0.9999340772628784
ISIC_0033382,HAM_0005573,0,1,1,1.48581439134432e-05,0.9989877343177795,6.0171354562044144e-05,1.284463178308215e-05,0.0008927406743168831,8.970264389063232e-06,2.270805271109566e-05,0.5496281981468201,0.44897958636283875,2.3451639208360575e-06,0.9999972581863403
ISIC_0033729,HAM_0000439,0,1,1,0.0061750514432787895,0.9931327700614929,1.9556464394554496e-05,0.0003435416438151151,0.0001925370015669614,4.9203878006665036e-05,8.729721594136208e-05,0.5719932913780212,0.4285714328289032,4.737836934509687e-05,0.9997901320457458
ISIC_0034307,HAM_0000439,0,1,1,0.0010198517702519894,0.9988445043563843,4.90208776682266e-06,4.2482675780775025e-05,5.839513323735446e-05,1.6142113963724114e-05,1.3674338333657943e-05,0.5577665567398071,0.44897958636283875,2.0977081476303283e-06,0.999997615814209
ISIC_0034137,HAM_0000439,0,1,1,0.0004924526438117027,0.8573956489562988,7.420132897095755e-05,0.0023304515052586794,0.13907739520072937,0.00030114082619547844,0.00032870308496057987,0.5397170782089233,0.44897958636283875,0.00019849036470986903,0.999581515789032
ISIC_0034190,HAM_0003325,0,1,6,0.028411515057086945,0.3131185472011566,0.20288611948490143,0.0006633652956224978,0.023853864520788193,0.01629086583852768,0.4147757887840271,0.5329033732414246,0.4693877398967743,1.456647805753164e-05,0.999983549118042
ISIC_0033605,HAM_0003884,0,1,1,0.000477709254482761,0.999372661113739,1.4636789273936301e-05,1.8599870600155555e-05,3.242557431804016e-05,1.1477125553938095e-05,7.256888056872413e-05,0.5392073392868042,0.4693877398967743,0.00016716077516321093,0.9998001456260681
ISIC_0033961,HAM_0003884,0,1,1,0.0002866096037905663,0.9995538592338562,8.884888302418403e-06,1.546882231195923e-05,4.802735929843038e-05,1.3929015040048398e-05,7.312389061553404e-05,0.5375365614891052,0.4693877398967743,0.00012325005081947893,0.9998114705085754
ISIC_0033702,HAM_0003884,0,1,1,3.256708805565722e-05,0.9998192191123962,2.010793650697451e-06,1.112805875891354e-05,0.00011419631482567638,5.867146683158353e-06,1.5103866644494701e-05,0.5417395234107971,0.4693877398967743,2.00172853510594e-05,0.9999850988388062
ISIC_0033318,HAM_0001808,0,1,1,0.00037256383802741766,0.9995231628417969,1.595232060935814e-05,1.9448616512818262e-05,1.3704523553315084e-05,1.5494879335165024e-05,3.9766771806171164e-05,0.496263712644577,0.4897959232330322,0.0001219744881382212,0.9999029636383057
ISIC_0032615,HAM_0001808,0,1,1,3.301944525446743e-05,0.9999101161956787,7.499796993215568e-06,2.847121868398972e-05,7.2486586759623606e-06,7.994097359187435e-06,5.683046310878126e-06,0.5090039372444153,0.4693877398967743,0.00015663920203223825,0.9997947812080383
ISIC_0033862,HAM_0001808,0,1,1,0.0016238964162766933,0.9983116388320923,9.642266377341002e-06,1.1482908121251967e-05,8.159789103956427e-06,1.3309663700056262e-05,2.1908150301896967e-05,0.5218844413757324,0.4897959232330322,0.00020441079686861485,0.9998753070831299
ISIC_0034215,HAM_0004088,0,1,1,0.003380548907443881,0.9961807727813721,2.322051477676723e-05,7.003167411312461e-05,0.00030714855529367924,1.928581878019031e-05,1.9037768652196974e-05,0.5370852947235107,0.4693877398967743,7.482953151338734e-06,0.9999856948852539
ISIC_0033743,HAM_0001026,0,1,1,9.175136801786721e-05,0.9997668862342834,1.6956326362560503e-05,1.45738958963193e-05,5.1059389079455286e-05,8.35445007396629e-06,5.050670733908191e-05,0.562822163105011,0.4285714328289032,9.379677794640884e-05,0.9997548460960388
ISIC_0033145,HAM_0001912,0,1,1,0.0010994999902322888,0.996752142906189,0.001548465806990862,0.0003543932398315519,0.00017975496302824467,5.554099061555462e-06,6.019097418175079e-05,0.5770230889320374,0.4285714328289032,6.239163212740095e-06,0.9999921321868896
ISIC_0033799,HAM_0001912,0,1,1,1.1720221664290875e-05,0.9999768733978271,1.262188106920803e-06,2.675076302693924e-06,6.095489425206324e-06,4.369970270090562e-07,9.491763535152131e-07,0.534590482711792,0.4897959232330322,5.34732207597699e-05,0.9999784231185913
ISIC_0032524,HAM_0004411,0,1,1,0.06032637134194374,0.9274111390113831,2.3984439394553192e-05,0.00012229059939272702,0.01194112841039896,4.847989839618094e-05,0.00012655573664233088,0.5384161472320557,0.4693877398967743,1.5298814105335623e-05,0.9999821186065674
ISIC_0033376,HAM_0004411,0,1,1,0.0011954751098528504,0.9699241518974304,2.3507513105869293e-05,3.6195022403262556e-05,0.02870531938970089,3.5835375456372276e-05,7.948257552925497e-05,0.49722301959991455,0.4897959232330322,6.913238030392677e-05,0.9999337196350098
ISIC_0033796,HAM_0004411,0,1,1,0.0006858821725472808,0.9941972494125366,3.4697295632213354e-05,5.970369966235012e-05,0.0048486399464309216,9.503872570348904e-05,7.874202856328338e-05,0.5071441531181335,0.4897959232330322,0.0002194160915678367,0.9996898174285889
ISIC_0033121,HAM_0001824,0,1,1,0.0004133504116907716,0.9994251728057861,1.0828618542291224e-05,3.2936051866272464e-05,4.4578962842933834e-05,5.343081647879444e-05,1.9843655536533333e-05,0.5310181379318237,0.4693877398967743,1.1706135410349816e-05,0.9999939203262329
ISIC_0034158,HAM_0001824,0,1,1,0.00017844015383161604,0.9991952776908875,8.727540262043476e-06,4.3737905798479915e-05,0.00046528439270332456,6.73310860292986e-05,4.130179149797186e-05,0.5434749722480774,0.4693877398967743,1.051244544214569e-05,0.9999750852584839
ISIC_0033213,HAM_0001824,0,1,1,0.0009123834897764027,0.9988805651664734,2.357903213123791e-05,5.375467299018055e-05,2.9190921850386076e-05,6.0160084103699774e-05,4.0424132748739794e-05,0.535702109336853,0.4693877398967743,6.877529358462198e-06,0.9999959468841553
ISIC_0033897,HAM_0000855,0,1,1,3.5632681829156354e-05,0.9995073080062866,7.634280336787924e-05,0.00011244515189900994,0.0001295889524044469,0.00010601332178339362,3.263209146098234e-05,0.4976451098918915,0.4897959232330322,3.0590435926569626e-05,0.9999966621398926
ISIC_0033694,HAM_0000855,0,1,1,2.615586936371983e-06,0.9998674392700195,3.705409471876919e-05,2.9669776267837733e-05,3.1369196221930906e-05,1.898736991279293e-05,1.290125055675162e-05,0.5129881501197815,0.4897959232330322,6.288913573371246e-05,0.9999954700469971
ISIC_0034013,HAM_0000855,0,1,1,6.473286339314654e-05,0.9998218417167664,5.50302465853747e-05,8.669324415677693e-06,1.4200000805431046e-05,1.5650255591026507e-05,1.9895067453035153e-05,0.5349723100662231,0.4693877398967743,1.255644383491017e-05,0.9999785423278809
ISIC_0034088,HAM_0006666,0,1,0,0.5392317175865173,0.4463063180446625,0.003567769890651107,0.005139808636158705,0.002647311659529805,0.0018016143003478646,0.0013054785085842013,0.5272323489189148,0.4693877398967743,1.2548782251542434e-05,0.9999927282333374
ISIC_0034268,HAM_0006666,0,1,0,0.7297258973121643,0.2681432366371155,0.0005335113382898271,0.0011293557472527027,0.0001483984087826684,0.00011636811541393399,0.00020316919835750014,0.48957937955856323,0.4897959232330322,7.852183443901595e-06,0.999994158744812
ISIC_0032908,HAM_0006666,0,1,1,0.0031022352632135153,0.9943801760673523,0.000677709758747369,0.0007424841169267893,0.0006565512740053236,0.00019644276471808553,0.0002443270932417363,0.5269836187362671,0.4897959232330322,4.5451102778315544e-05,0.9999407529830933
ISIC_0034203,HAM_0005190,0,1,2,0.0008315034792758524,0.08091534674167633,0.8633773326873779,0.00210257968865335,0.004298381973057985,0.0063894521445035934,0.04208539426326752,0.5565087199211121,0.44897958636283875,9.351849143968138e-07,0.99998939037323
ISIC_0033311,HAM_0005190,0,1,2,3.4202132610516855e-06,2.0365503416996944e-07,0.9871599674224854,8.219932351494208e-05,0.0008474470814689994,0.0003705902781803161,0.011536254547536373,0.5343658924102783,0.4693877398967743,2.441354496340864e-08,1.0
ISIC_0032700,HAM_0005190,0,1,2,5.4450269090011716e-05,0.32589563727378845,0.6125478148460388,0.0006466552731581032,0.004206307232379913,0.0013260907726362348,0.055323027074337006,0.5512862801551819,0.44897958636283875,2.2141479348647408e-05,0.9999570846557617
ISIC_0032608,HAM_0005566,0,1,0,0.7900866270065308,0.0014046820579096675,0.010824248194694519,0.09942735731601715,0.09083890169858932,0.006565677002072334,0.0008525060839019716,0.5583956241607666,0.44897958636283875,2.9990631446707994e-05,0.9999879598617554
ISIC_0032746,HAM_0005566,0,1,1,0.3778190016746521,0.5882524251937866,0.016514088958501816,0.001624937984161079,0.012124265544116497,0.0014516939409077168,0.0022135647013783455,0.5207266211509705,0.4693877398967743,1.9536333638825454e-05,0.9999829530715942
ISIC_0033266,HAM_0005566,0,1,0,0.4367106556892395,0.023793494328856468,0.05561331287026405,0.36193034052848816,0.08696290850639343,0.026313791051506996,0.008675524964928627,0.5098901987075806,0.4693877398967743,3.929937065549893e-06,0.9999865293502808
ISIC_0033404,HAM_0006623,0,1,1,0.33264848589897156,0.6648951172828674,5.6022250646492466e-05,0.0006164349033497274,0.0012283285614103079,0.0002920846454799175,0.00026354301371611655,0.5010620951652527,0.4897959232330322,0.0002830812009051442,0.9998503923416138
ISIC_0033478,HAM_0006623,0,1,1,0.08947103470563889,0.9081166982650757,5.798669735668227e-05,0.0017048448789864779,0.0003465893678367138,7.030758570181206e-05,0.00023265148047357798,0.5074834823608398,0.4897959232330322,4.2094958189409226e-05,0.9999727010726929
ISIC_0032786,HAM_0002139,0,1,1,0.007486378774046898,0.9894813299179077,0.0005989340133965015,0.00025139370700344443,0.0014098727842792869,0.00011319126497255638,0.0006589395925402641,0.5513870120048523,0.44897958636283875,0.00017578343977220356,0.9998267292976379
ISIC_0033788,HAM_0002139,0,1,1,0.00417196424677968,0.9950520396232605,0.00022610469022765756,0.0003076889261137694,1.5420404452015646e-05,3.306904909550212e-05,0.00019374373368918896,0.5358514189720154,0.44897958636283875,0.00016538921045139432,0.9999300241470337
ISIC_0033220,HAM_0006372,0,1,1,5.2043487812625244e-06,0.9999881982803345,1.5149174714679248e-06,2.257642336189747e-06,3.803784807132615e-07,1.2013858849968528e-06,1.191742285300279e-06,0.5075135231018066,0.4693877398967743,3.807005487033166e-05,0.9999282360076904
ISIC_0032817,HAM_0006372,0,1,1,0.00013016861339565367,0.9998065829277039,6.071773896110244e-06,2.460084215272218e-05,7.4563467933330685e-06,9.712934115668759e-06,1.5572377378703095e-05,0.4876228868961334,0.5102040767669678,2.3368600523099303e-05,0.9999574422836304
ISIC_0032820,HAM_0006372,0,1,1,0.0001564974954817444,0.9997766613960266,1.2459845493140165e-05,2.7893282094737515e-05,3.3170103961310815e-06,1.366064043395454e-05,9.496167876932304e-06,0.5149803161621094,0.4897959232330322,4.889479168923572e-05,0.999955415725708
ISIC_0032853,HAM_0004773,0,1,1,0.00010759349243016914,0.9993816614151001,0.00010717647819546983,2.5988754714489914e-05,0.0002876711077988148,6.041892629582435e-05,2.9522396289394237e-05,0.5069783329963684,0.4897959232330322,0.00011183998867636546,0.9998980760574341
ISIC_0034148,HAM_0004773,0,1,1,0.000762107374612242,0.9990736246109009,3.62997961929068e-05,4.27865052188281e-05,3.802702121902257e-05,2.9925307899247855e-05,1.730180883896537e-05,0.5240060091018677,0.4897959232330322,4.45449331891723e-05,0.999954104423523
ISIC_0034241,HAM_0004773,0,1,1,8.00013222033158e-05,0.9998002648353577,1.8724676920101047e-05,1.2568743841256946e-05,3.977707456215285e-05,3.867892155540176e-05,1.0005588592321146e-05,0.5059636235237122,0.4897959232330322,1.458029328205157e-05,0.9999876022338867
ISIC_0028863,HAM_0005651,0,1,1,0.002233481500297785,0.9972604513168335,4.894455923931673e-05,0.00017747256788425148,0.00014863896649330854,8.321011409861967e-05,4.7812038246775046e-05,0.5173059701919556,0.4897959232330322,5.867294476047391e-06,0.9999867677688599
ISIC_0030126,HAM_0005651,0,1,1,0.0001319990260526538,0.9995120763778687,6.681475042569218e-06,3.169583942508325e-05,0.0002394108014414087,6.6758795583155e-05,1.1367392289685085e-05,0.5304498672485352,0.4897959232330322,0.00019038427853956819,0.9998219609260559
ISIC_0032995,HAM_0003346,0,1,1,0.000380475859856233,0.9984039664268494,0.00010125743574462831,0.0007733741658739746,0.0001577702641952783,0.000125200065667741,5.796979894512333e-05,0.5192358493804932,0.4897959232330322,0.00011522812565090135,0.9999428987503052
ISIC_0032754,HAM_0003346,0,1,1,0.00236333510838449,0.9962912797927856,1.1392892702133395e-05,0.00038431791472248733,0.0008030271274037659,9.033857350004837e-05,5.6225475418614224e-05,0.516356348991394,0.4693877398967743,0.0001149344680015929,0.9999138116836548
ISIC_0032714,HAM_0003346,0,1,1,0.0273879561573267,0.9575453996658325,0.0009631164139136672,0.008368892595171928,0.0043564448133111,0.0009283091640099883,0.00044990729657001793,0.5431069731712341,0.44897958636283875,2.108759326802101e-05,0.9999167919158936
ISIC_0032574,HAM_0000970,0,1,1,0.03050166368484497,0.9660336375236511,0.0020623549353331327,7.803208427503705e-05,0.001122581772506237,0.0001077644046745263,9.390696504851803e-05,0.5017998814582825,0.5102040767669678,0.00017376783944200724,0.9999467134475708
ISIC_0033398,HAM_0000970,0,1,2,0.00032882834784686565,4.5650394895346835e-05,0.9851115345954895,4.704912134911865e-05,0.014316839165985584,4.2531373765086755e-05,0.00010749478678917512,0.5375708937644958,0.4693877398967743,8.793866186351806e-07,0.9999905824661255
ISIC_0033244,HAM_0000970,0,1,2,0.03719071298837662,0.21066193282604218,0.618696928024292,0.0007259736303240061,0.12985220551490784,0.0020956171210855246,0.0007766502094455063,0.5276192426681519,0.44897958636283875,9.353167843073606e-05,0.9999501705169678
ISIC_0033339,HAM_0000316,0,1,1,0.00019926298409700394,0.7985512018203735,0.0024575090501457453,0.0026670803781598806,0.10039106756448746,0.004551602061837912,0.09118227660655975,0.5498055219650269,0.44897958636283875,1.9963010345236398e-05,0.9999643564224243
ISIC_0033010,HAM_0004099,0,1,1,1.747865644574631e-05,0.9999538660049438,6.795912213419797e-06,2.6872494345298037e-06,1.155068093794398e-05,4.16773718825425e-06,3.338759370308253e-06,0.5080973505973816,0.4897959232330322,0.00019170530140399933,0.9999598264694214
ISIC_0034293,HAM_0004099,0,1,1,0.05766665190458298,0.9413706064224243,2.378138196945656e-05,0.00019011944823432714,0.000576227786950767,6.687665882054716e-05,0.00010571745224297047,0.5618332028388977,0.44897958636283875,5.257485463516787e-05,0.9998501539230347
ISIC_0033350,HAM_0004099,0,1,1,0.0034032112453132868,0.9965465664863586,5.594542926701251e-06,1.114931728807278e-05,1.86805864359485e-05,4.607891241903417e-06,1.0200450560660101e-05,0.5729426741600037,0.4285714328289032,0.00020229352230671793,0.9998677968978882
ISIC_0033943,HAM_0001839,0,1,1,0.02294798567891121,0.9741841554641724,0.0003594154550228268,0.0007947809644974768,0.0013890061527490616,0.00021458974515553564,0.00010998274228768423,0.5079324841499329,0.5102040767669678,6.333443889161572e-05,0.9999880790710449
ISIC_0033434,HAM_0001839,0,1,1,6.54859613860026e-05,0.999108612537384,2.751615465967916e-05,1.0041861060017254e-05,0.0007623691926710308,1.2275288099772297e-05,1.374549356114585e-05,0.5173172354698181,0.4693877398967743,4.50941915914882e-05,0.9999572038650513
ISIC_0033433,HAM_0007169,0,1,1,0.00012030600191792473,0.9972872734069824,6.707912689307705e-05,7.260325946845114e-05,0.002395528368651867,1.9738668925128877e-05,3.7420068110805005e-05,0.5086719989776611,0.4897959232330322,0.0003591871354728937,0.9999157190322876
ISIC_0032934,HAM_0007169,0,1,1,0.0005830196314491332,0.9969231486320496,0.0004233879444655031,0.000445011566625908,0.0014105397276580334,0.00010636902879923582,0.00010846749501070008,0.5159602165222168,0.4897959232330322,0.0004979550722055137,0.999698281288147
ISIC_0033742,HAM_0006628,0,1,0,0.8210012316703796,0.17855821549892426,5.525450978893787e-05,2.646964458108414e-05,2.9618851840496063e-05,0.0002352224400965497,9.387579484609887e-05,0.5445775985717773,0.4693877398967743,1.7498787201475352e-05,0.999987006187439
ISIC_0034127,HAM_0006628,0,1,0,0.5915769934654236,0.40436360239982605,0.0006821705610491335,8.459317905362695e-05,0.0018270157743245363,0.0006419997662305832,0.0008236112771555781,0.5633912086486816,0.44897958636283875,2.7594363928074017e-05,0.9999537467956543
ISIC_0033111,HAM_0006628,0,1,1,0.0020610373467206955,0.9978086352348328,1.3699176633963361e-05,6.790087809349643e-06,6.458225107053295e-05,1.7791258869692683e-05,2.7481924917083234e-05,0.5172513723373413,0.4897959232330322,0.00014480754907708615,0.9999532699584961
ISIC_0033077,HAM_0007433,0,1,1,3.4567613056424307e-06,0.9999595880508423,4.78305355500197e-06,1.663158582232427e-05,5.006939773011254e-06,1.8006154505201266e-06,8.673836418893188e-06,0.5271801948547363,0.4693877398967743,1.9398466974962503e-06,0.9999990463256836
ISIC_0033951,HAM_0007433,0,1,1,3.284036574768834e-05,0.9999336004257202,5.470440555654932e-06,7.896500392234884e-06,5.990293175273109e-06,2.953474449896021e-06,1.125594735640334e-05,0.49707210063934326,0.4897959232330322,8.330112905241549e-06,0.9999985694885254
ISIC_0033149,HAM_0007433,0,1,1,0.00012778503878507763,0.9995235204696655,6.612157449126244e-05,7.622806879226118e-05,8.059708488872275e-05,3.259868753957562e-05,9.310569294029847e-05,0.5118919014930725,0.4897959232330322,9.905549086397514e-05,0.9999812841415405
ISIC_0033343,HAM_0003003,0,1,1,0.00020348689577076584,0.9627563953399658,0.0015778777888044715,0.0005804994725622237,0.0019605380948632956,0.03156280890107155,0.001358488341793418,0.4891496002674103,0.5102040767669678,4.6797496906947345e-05,0.9999175071716309
ISIC_0033502,HAM_0003003,0,1,1,5.000106739316834e-06,0.9985463619232178,0.00016698597755748779,7.328722858801484e-05,0.0006097494624555111,0.0005523108993656933,4.632577474694699e-05,0.49184781312942505,0.4897959232330322,7.341638411162421e-05,0.9999805688858032
ISIC_0033764,HAM_0007299,0,1,1,0.033542532473802567,0.890548586845398,0.009258760139346123,0.0022288314066827297,0.04375823214650154,0.018810821697115898,0.0018522104946896434,0.5203256011009216,0.5102040767669678,0.00010903511429205537,0.9999563694000244
ISIC_0033934,HAM_0007299,0,1,1,0.022352205589413643,0.9722967743873596,0.0002383807732257992,0.0004315674304962158,0.0038508877623826265,0.0006708654691465199,0.00015932446694932878,0.5082978010177612,0.5102040767669678,0.0001992661418626085,0.9998551607131958
ISIC_0032565,HAM_0007299,0,1,1,0.003743237117305398,0.9830270409584045,0.0007174390484578907,0.0002877595543395728,0.010022432543337345,0.002017041202634573,0.00018508234643377364,0.521388828754425,0.4897959232330322,8.890746539691463e-05,0.9999337196350098
ISIC_0033443,HAM_0004118,0,1,1,0.00019354966934770346,0.9986352324485779,9.633720765123144e-05,8.568351768190041e-05,0.0005198182770982385,0.00016790855443105102,0.0003014538960997015,0.4872022271156311,0.5102040767669678,6.315001519396901e-05,0.9999291896820068
ISIC_0032593,HAM_0004118,0,1,1,0.00023039855295792222,0.9997044205665588,6.672126346529694e-06,2.2914962755749002e-05,6.594771548407152e-06,1.833448732213583e-05,1.068231176759582e-05,0.4889538586139679,0.5102040767669678,5.9603567933663726e-05,0.9999148845672607
ISIC_0033935,HAM_0004118,0,1,1,7.36969814170152e-05,0.9998502731323242,6.394230240402976e-06,7.304188329726458e-06,4.667310349759646e-05,3.6313415421318496e-06,1.2038746717735194e-05,0.5296856760978699,0.4693877398967743,0.00012506077473517507,0.9997732043266296
ISIC_0033703,HAM_0005594,0,1,1,0.18009518086910248,0.8184640407562256,0.0004681980353780091,0.0003221630468033254,9.881601727101952e-05,0.00018755884957499802,0.00036410102620720863,0.5698602795600891,0.4285714328289032,4.234229436406167e-06,0.9999876022338867
ISIC_0034245,HAM_0005594,0,1,1,0.3235791027545929,0.6759315133094788,0.00012522071483545005,0.0001344301417702809,3.861110599245876e-06,8.264264761237428e-05,0.00014322383503895253,0.5262471437454224,0.4897959232330322,1.5027012523205485e-05,0.9999673366546631
ISIC_0032708,HAM_0003130,0,1,1,0.0008549530175514519,0.9986152648925781,2.447715996822808e-05,6.99737502145581e-05,0.00032021579681895673,6.689708243357018e-05,4.817754233954474e-05,0.49224478006362915,0.5306122303009033,1.0625947652442846e-05,0.9999405145645142
ISIC_0033574,HAM_0003130,0,1,1,4.866705057793297e-05,0.9999096393585205,9.106502147915307e-07,1.3704012644666363e-06,3.564957296475768e-05,1.0392199101261212e-06,2.742757260421058e-06,0.5544778108596802,0.44897958636283875,3.8141952245496213e-06,0.9999953508377075
ISIC_0033954,HAM_0002015,0,1,1,0.0007187433075159788,0.9992448091506958,7.105481927283108e-06,1.074841566151008e-05,4.566507868730696e-06,1.0052495781565085e-05,4.133184120291844e-06,0.5186188817024231,0.4897959232330322,5.3568259318126366e-05,0.99998939037323
ISIC_0033771,HAM_0002015,0,1,1,1.8215230738860555e-05,0.9999459981918335,1.5656692994525656e-05,1.1671150787151419e-05,1.0336502782593016e-06,4.621568677976029e-06,2.804484211083036e-06,0.5052781701087952,0.4897959232330322,2.1074483811389655e-05,0.9999754428863525
ISIC_0034035,HAM_0002015,0,1,1,1.810680259950459e-05,0.999943733215332,1.4333894796436653e-05,1.0650035619619302e-05,3.548223048710497e-06,6.041840151738143e-06,3.591047970985528e-06,0.5189246535301208,0.4693877398967743,9.647409024182707e-05,0.9999257326126099
ISIC_0033880,HAM_0004149,0,1,1,2.051726596619119e-06,0.9998278617858887,2.8241160180186853e-05,1.4264014680520631e-05,4.045981040690094e-05,4.1610950574977323e-05,4.548220385913737e-05,0.5219476819038391,0.4897959232330322,0.00012424064334481955,0.9998921155929565
ISIC_0033994,HAM_0004149,0,1,1,6.713372044941934e-07,0.9998691082000732,5.369386781239882e-05,8.983780389826279e-06,7.295102477655746e-06,1.3441504052025266e-05,4.677103424910456e-05,0.5034881234169006,0.4897959232330322,8.444167906418443e-05,0.9999629259109497
ISIC_0032755,HAM_0004149,0,1,1,8.870199053490069e-06,0.9997894167900085,2.0372381186462007e-05,1.3955314898339566e-05,4.872644058195874e-05,1.6471694834763184e-05,0.00010218046372756362,0.5383804440498352,0.4693877398967743,0.00013706195750273764,0.9998800754547119
ISIC_0033724,HAM_0005052,0,1,1,6.013859820086509e-05,0.9989525079727173,7.331508095376194e-05,4.2737970943562686e-05,0.0007453154539689422,6.011681034578942e-05,6.585742812603712e-05,0.5409090518951416,0.4897959232330322,0.0005137248081155121,0.9994959831237793
ISIC_0033786,HAM_0005052,0,1,1,0.00017492708866484463,0.9991427659988403,4.02723417209927e-05,0.0002179310395149514,0.0003808662004303187,1.578712726768572e-05,2.7398789825383574e-05,0.547925591468811,0.44897958636283875,3.868164640152827e-05,0.9998643398284912
ISIC_0034009,HAM_0002915,0,1,1,0.00018075533444061875,0.999784529209137,1.1621156772889663e-05,8.23110622150125e-06,4.979755885869963e-06,3.025283831448178e-06,6.930566541996086e-06,0.5311363935470581,0.4897959232330322,8.495981455780566e-05,0.9998641014099121
ISIC_0034305,HAM_0002915,0,1,1,0.00012522676843218505,0.9992408752441406,8.626114322396461e-06,0.00011382318916730583,0.0004960948135703802,7.664517397643067e-06,7.646126505278517e-06,0.5509640574455261,0.44897958636283875,0.0001018532711896114,0.9996071457862854
ISIC_0034097,HAM_0002915,0,1,1,0.00012459029676392674,0.9990119934082031,4.033213554066606e-05,0.00015174028521869332,0.0006539872847497463,5.763546141679399e-06,1.160166175395716e-05,0.5364230275154114,0.4693877398967743,3.63774124707561e-05,0.9999567270278931
ISIC_0033021,HAM_0002325,0,1,1,6.180086415952246e-07,0.9999599456787109,1.6068150216597132e-05,4.605230969900731e-06,6.249546459002886e-06,8.25499591883272e-06,4.293955953471595e-06,0.4995787441730499,0.4897959232330322,0.0003024034376721829,0.9999159574508667
ISIC_0033835,HAM_0002325,0,1,1,5.290870035423723e-07,0.9999821186065674,2.2092563085607253e-06,2.119070359185571e-06,2.932888719442417e-06,6.836015472799772e-06,3.246616188334883e-06,0.4859722852706909,0.4897959232330322,2.0469724404392764e-05,0.9999958276748657
ISIC_0034247,HAM_0006559,0,1,1,0.1602448970079422,0.761069655418396,0.00016550839063711464,0.0006894920370541513,0.07693663239479065,0.00020250816305633634,0.0006912575336173177,0.5217218995094299,0.4693877398967743,3.979786197305657e-05,0.999946117401123
ISIC_0033455,HAM_0006559,0,1,6,0.027011793106794357,0.006427801679819822,0.09097332507371902,0.09036487340927124,0.17096194624900818,0.03666798025369644,0.5775922536849976,0.4769246578216553,0.5306122303009033,0.0001528511056676507,0.9998145699501038
ISIC_0034056,HAM_0006559,0,1,1,0.019012151286005974,0.6454386711120605,8.206680649891496e-05,0.00032638703123666346,0.3345467150211334,0.000206770928343758,0.0003872701490763575,0.513497531414032,0.4897959232330322,4.277838161215186e-05,0.9999692440032959
ISIC_0034069,HAM_0003441,0,1,1,2.3243323084898293e-05,0.9999513626098633,2.6398422505735653e-06,1.4374155398400035e-05,2.7299045086692786e-06,3.525213287502993e-06,1.98033944798226e-06,0.5836408734321594,0.40816324949264526,1.33477979034069e-05,0.9999713897705078
ISIC_0032673,HAM_0003441,0,1,1,0.006319168955087662,0.9921233057975769,0.00010551884770393372,0.0003031620872206986,0.0008905187132768333,0.0001947077107615769,6.366086017806083e-05,0.5434383749961853,0.4693877398967743,6.848677730886266e-05,0.9999477863311768
ISIC_0033684,HAM_0003441,0,1,1,0.43723905086517334,0.5571518540382385,0.00017902905528899282,0.0017932133050635457,0.001969811739400029,0.001077264198102057,0.0005897539085708559,0.5435447692871094,0.4693877398967743,0.00011045738938264549,0.9998581409454346
ISIC_0033723,HAM_0004367,0,1,1,1.118478030548431e-05,0.9995294809341431,9.564345964463428e-05,8.781107317190617e-05,0.00023698658333159983,2.138673880835995e-05,1.7633521565585397e-05,0.5401410460472107,0.44897958636283875,9.654191671870649e-05,0.9997949004173279
ISIC_0033396,HAM_0004367,0,1,1,8.603353489888832e-05,0.9994609951972961,0.00013668477186001837,5.24944844073616e-05,0.00018293513858225197,5.690766192856245e-05,2.392352507740725e-05,0.4835193157196045,0.5306122303009033,0.0001250089262612164,0.999956488609314
ISIC_0032881,HAM_0004585,0,1,1,0.0004108083958271891,0.999267041683197,3.0293076633824967e-05,0.0001239622215507552,4.736634946311824e-05,6.276380008785054e-05,5.771401629317552e-05,0.517010509967804,0.4693877398967743,3.708678150360356e-06,0.9999911785125732
ISIC_0034209,HAM_0001547,0,1,1,0.045205745846033096,0.5736914873123169,0.0005745735252276063,0.06418831646442413,0.2514389157295227,0.06294243037700653,0.001958549488335848,0.5527564883232117,0.4693877398967743,2.8881784601253457e-05,0.9999475479125977
ISIC_0034297,HAM_0001547,0,1,1,0.0009980371687561274,0.7226566672325134,0.0013534785248339176,0.18965356051921844,0.03693918138742447,0.04782296344637871,0.0005760474596172571,0.5666325092315674,0.44897958636283875,4.042795262648724e-05,0.9999169111251831
ISIC_0034171,HAM_0004172,0,1,1,2.92309209726227e-07,0.9998401403427124,8.519717812305316e-05,8.44559781398857e-06,3.0249288101913407e-05,2.255538129247725e-05,1.3082069926895201e-05,0.5210309624671936,0.4897959232330322,3.996368104708381e-05,0.9999843835830688
ISIC_0033996,HAM_0004172,0,1,1,1.6002320990082808e-05,0.9981033802032471,7.580665987916291e-05,4.5175664126873016e-05,0.0017149219056591392,2.1151852706680074e-05,2.3425429390044883e-05,0.5326322317123413,0.4693877398967743,3.042643584194593e-06,0.9999978542327881
ISIC_0034124,HAM_0004599,0,1,1,0.0002960395358968526,0.9996477365493774,1.2453581803129055e-05,1.6280497220577672e-05,1.2577605957631022e-05,7.094713510014117e-06,7.666373676329385e-06,0.5140362977981567,0.4897959232330322,2.3589844204252586e-05,0.9999860525131226
ISIC_0033861,HAM_0004599,0,1,1,0.4847370684146881,0.5146442651748657,5.150090146344155e-05,0.000167213540407829,0.00027821509866043925,8.310370321851224e-05,3.8570957258343697e-05,0.5048388838768005,0.5102040767669678,7.483195531676756e-06,0.9999856948852539
ISIC_0032519,HAM_0005715,0,1,2,0.0004548285505734384,0.040958985686302185,0.9246538877487183,0.0020033433102071285,0.017169300466775894,0.00245657772757113,0.012303076684474945,0.5167471170425415,0.4897959232330322,6.543767085531726e-05,0.9998866319656372
ISIC_0034090,HAM_0005715,0,1,2,0.0009398901602253318,0.024243485182523727,0.9551407694816589,0.0007779474253766239,0.0007347505306825042,0.004581124521791935,0.013581950217485428,0.5123510360717773,0.5102040767669678,1.755106495693326e-05,0.9999589920043945
ISIC_0032896,HAM_0004063,0,1,1,9.805378198279868e-08,0.9997929930686951,1.4335041669255588e-05,1.3164752090233378e-05,2.1034325982327573e-05,3.812600334640592e-05,0.00012028768105665222,0.5366887450218201,0.4897959232330322,0.00015985277423169464,0.9998595714569092
ISIC_0034166,HAM_0004063,0,1,1,3.931799312795192e-07,0.9995835423469543,5.419729495770298e-05,8.582825103076175e-06,3.093340183113469e-06,3.066428325837478e-05,0.0003195441095158458,0.5176516175270081,0.4897959232330322,3.0592913390137255e-05,0.9999752044677734
ISIC_0033143,HAM_0002599,0,1,1,0.0017646197229623795,0.9941547513008118,8.041286491788924e-05,8.013971819309518e-05,0.0035801224876195192,0.00018890008504968137,0.00015108475054148585,0.4973948895931244,0.4897959232330322,0.000162477619596757,0.9999395608901978
ISIC_0032744,HAM_0002607,0,1,1,0.0016291523352265358,0.98861163854599,4.019254265585914e-05,0.0012030539801344275,0.007820508442819118,0.0005452448385767639,0.00015023231389932334,0.5729243755340576,0.4285714328289032,0.00012479846191126853,0.9998669624328613
ISIC_0033585,HAM_0005972,0,1,1,1.0289661986462306e-05,0.9999220371246338,2.48234391619917e-05,1.2962836990482174e-06,1.5429899576702155e-05,1.8134182028006762e-05,8.037844054342713e-06,0.5114894509315491,0.4897959232330322,0.0002731301647145301,0.9998397827148438
ISIC_0033319,HAM_0005972,0,1,1,7.172181358328089e-05,0.999869704246521,3.5678112908499315e-05,2.0956474600097863e-06,9.772968951438088e-06,5.385922122513875e-06,5.592040452029323e-06,0.5236251354217529,0.4897959232330322,0.00014733998978044838,0.9999507665634155
ISIC_0029306,HAM_0000897,0,1,1,0.00010340361768612638,0.9998748302459717,5.429540124168852e-07,4.022768280265154e-06,1.4555980669683777e-05,1.1017875749530504e-06,1.5760523410790483e-06,0.5425512194633484,0.4693877398967743,5.092327774036676e-05,0.9999651908874512
ISIC_0028210,HAM_0003857,0,1,1,0.061500824987888336,0.937903106212616,5.427694850368425e-05,8.156775584211573e-05,0.00021114552509970963,8.630772936157882e-05,0.00016277021495625377,0.49671345949172974,0.4897959232330322,2.9671471565961838e-05,0.9999741315841675
ISIC_0030626,HAM_0001031,0,1,1,0.013886644504964352,0.9841378331184387,0.00013368658255785704,0.0004838128515984863,0.0010584484552964568,0.00014629526413045824,0.00015322842227760702,0.522210955619812,0.4897959232330322,0.00025058185565285385,0.9998754262924194
ISIC_0031163,HAM_0001031,0,1,1,0.0019353331299498677,0.9966546297073364,0.00010275271051796153,0.00013336392294149846,0.0009312567999586463,0.00011394619650673121,0.000128726867842488,0.5528110861778259,0.44897958636283875,8.775360765866935e-05,0.9998573064804077
ISIC_0031053,HAM_0001052,0,1,1,0.0010474082082509995,0.9986526966094971,5.104482261231169e-05,9.235876495949924e-05,1.0137770004803315e-05,5.630287705571391e-05,9.003706509247422e-05,0.525880753993988,0.4897959232330322,5.0201997510157526e-05,0.9999868869781494
ISIC_0030362,HAM_0000135,0,1,1,5.140419671079144e-05,0.998458981513977,0.00028884090716019273,0.00019129014981444925,0.00026032139430753887,0.00020509077876340598,0.000544150301720947,0.5211265087127686,0.4897959232330322,1.1778845873777755e-05,0.9999946355819702
ISIC_0031460,HAM_0000135,0,1,1,4.181740678177448e-06,0.9997976422309875,7.278788689291105e-05,6.562302587553859e-06,7.245545566547662e-05,1.9786109987762757e-05,2.66500937868841e-05,0.511684775352478,0.4897959232330322,3.4380929719191045e-05,0.9999891519546509
ISIC_0025887,HAM_0006390,0,1,0,0.5704839825630188,0.42901334166526794,5.1464758143993095e-05,0.00016727173351682723,9.930977830663323e-05,9.295799827668816e-05,9.165664960164577e-05,0.5466428995132446,0.44897958636283875,0.00028901672339998186,0.9998099207878113
ISIC_0028540,HAM_0002023,0,1,1,2.521156829971005e-06,0.9999467134475708,1.7881695384858176e-05,1.0681425919756293e-05,9.15217970032245e-06,8.303105460072402e-06,4.615691523213172e-06,0.5010549426078796,0.4897959232330322,8.724621147848666e-05,0.9999818801879883
ISIC_0030771,HAM_0001450,0,1,1,0.003988533280789852,0.9958380460739136,4.646083652914967e-06,3.25325527228415e-05,9.86068116617389e-05,2.9002709197811782e-05,8.641487511340529e-06,0.5239088535308838,0.44897958636283875,0.0003040240262635052,0.9994884729385376
ISIC_0026049,HAM_0000773,0,1,0,0.7220797538757324,0.27236658334732056,0.00015638892364222556,0.00017054199997801334,0.003947775345295668,7.490017742384225e-05,0.001204046537168324,0.5963605046272278,0.3877550959587097,5.493645221577026e-05,0.9999856948852539
ISIC_0026370,HAM_0000272,0,1,1,2.6544168576947413e-05,0.999953031539917,5.547333785216324e-06,1.2483970976973069e-06,1.8425304233460338e-06,3.737746737897396e-06,8.103455002128612e-06,0.5695139765739441,0.44897958636283875,2.1797528461320326e-05,0.9999903440475464
ISIC_0027505,HAM_0005805,0,1,1,9.594678886060137e-06,0.9999450445175171,6.647637746937107e-06,1.2102952496206854e-05,6.4629275584593415e-06,1.5939873264869675e-05,4.099069883523043e-06,0.5265975594520569,0.4897959232330322,8.841338421916589e-05,0.9999603033065796
ISIC_0030284,HAM_0003192,0,1,1,3.8026661286494345e-07,0.9999840259552002,2.8182757887407206e-06,2.414768232483766e-06,2.7601513465924654e-06,5.740893811889691e-06,1.9071535461989697e-06,0.5155178904533386,0.5102040767669678,9.683012467576191e-05,0.9999531507492065
ISIC_0028425,HAM_0003867,0,1,1,1.3803452930005733e-05,0.9999572038650513,2.8886215659440495e-06,2.820450617946335e-06,1.893005901365541e-05,2.671413540156209e-06,1.7328021613138844e-06,0.5141549110412598,0.4693877398967743,1.8748723960015923e-05,0.9999814033508301
ISIC_0029222,HAM_0003615,0,1,1,5.738558684242889e-06,0.9999576807022095,1.5549307136097923e-05,2.8073884550394723e-06,6.452884008467663e-06,4.593907760863658e-06,7.040865511953598e-06,0.5221062302589417,0.4693877398967743,0.001219558180309832,0.9996119141578674
ISIC_0028625,HAM_0006790,0,1,1,0.03048013709485531,0.5602514743804932,0.0004058180784340948,0.0009507716167718172,0.40692898631095886,0.0005445568240247667,0.000438269111327827,0.5214375257492065,0.4693877398967743,3.5125940485158935e-05,0.999957799911499
ISIC_0026328,HAM_0002881,0,1,1,2.4231898350990377e-05,0.9996094107627869,5.692297236237209e-06,0.00010255984670948237,0.0002210072270827368,9.609494554752018e-06,2.7478379706735723e-05,0.5819154977798462,0.40816324949264526,9.384812983626034e-06,0.9999927282333374
ISIC_0029334,HAM_0002881,0,1,1,1.451125444873469e-05,0.9998225569725037,2.534605755499797e-06,5.069922917755321e-05,7.235389057314023e-05,6.0028087318642065e-06,3.147803363390267e-05,0.5679115056991577,0.4285714328289032,3.549912798916921e-05,0.9999922513961792
ISIC_0027933,HAM_0000070,0,1,1,4.882449502474628e-07,0.9999209642410278,1.4611255210184027e-05,1.5765656371513614e-06,2.047612952083e-06,1.0134297554031946e-05,5.022267941967584e-05,0.543849527835846,0.44897958636283875,1.5888588677626103e-05,0.9999879598617554
ISIC_0028513,HAM_0000070,0,1,1,1.902492812178025e-07,0.9999629259109497,1.0664783985703252e-05,1.7847661410996807e-06,2.518239398341393e-06,8.172670277417637e-06,1.371336566080572e-05,0.5331425666809082,0.4693877398967743,2.5202863980666734e-05,0.9999831914901733
ISIC_0027670,HAM_0003016,0,1,1,0.32409560680389404,0.6753553748130798,9.279398364014924e-05,8.145383617375046e-05,2.5381579689565115e-05,0.00015076853742357343,0.00019858316227328032,0.5239484310150146,0.4897959232330322,3.315103458589874e-05,0.9999812841415405
ISIC_0027097,HAM_0003016,0,1,1,0.0004683911392930895,0.9995123147964478,2.1891960386710707e-06,4.01792840420967e-06,6.863463113404578e-07,4.590902790369e-06,7.767675015202258e-06,0.5096244812011719,0.5102040767669678,1.3349235814530402e-05,0.9999895095825195
ISIC_0029431,HAM_0000167,0,1,1,1.3882856364944018e-05,0.9999405145645142,2.4130162273650058e-05,1.2775620916727348e-06,7.849924372749228e-07,1.2168797184131108e-05,7.1694098551233765e-06,0.5134034156799316,0.4897959232330322,2.5286475647590123e-05,0.9999911785125732
ISIC_0024674,HAM_0007096,0,1,1,6.493985438282834e-06,0.9998390674591064,8.949673429015093e-06,3.05627727357205e-05,4.6737390221096575e-05,5.876097202417441e-05,9.485293958277907e-06,0.4907305836677551,0.5102040767669678,6.781685806345195e-05,0.9999667406082153
ISIC_0028868,HAM_0004450,0,1,1,6.05020577495452e-05,0.9998791217803955,1.953996434167493e-05,6.801310064474819e-06,1.7528125681565143e-05,6.734052021784009e-06,9.770265933184419e-06,0.5209212899208069,0.4693877398967743,5.351678919396363e-05,0.9999622106552124
ISIC_0026419,HAM_0000752,0,1,1,0.00018901910516433418,0.9899365901947021,0.007055810187011957,3.0492001314996742e-05,3.721942994161509e-05,0.00017197457782458514,0.0025789346545934677,0.49182945489883423,0.5102040767669678,7.446946983691305e-05,0.9999904632568359
ISIC_0027052,HAM_0000752,0,1,1,4.238054771121824e-06,0.9984594583511353,0.0012034986866638064,3.7094678191351704e-06,2.893165856221458e-06,2.501818016753532e-05,0.0003012094530276954,0.4891623258590698,0.5102040767669678,5.8932524552801624e-05,0.999985933303833
ISIC_0029664,HAM_0006754,0,1,1,0.00020123657304793596,0.9997205138206482,1.3966574442747515e-05,6.351721822284162e-06,3.6602705222321674e-05,5.4248289416136686e-06,1.5827199604245834e-05,0.519786536693573,0.4693877398967743,0.00010773607209557667,0.9999682903289795
ISIC_0024936,HAM_0006363,0,1,1,3.5341534385224804e-05,0.9999231100082397,5.563379090745002e-06,4.194388111500302e-06,2.9363118301262148e-06,2.261709414597135e-05,6.211242180143017e-06,0.5201914310455322,0.4897959232330322,6.906774069648236e-05,0.9999784231185913
ISIC_0026272,HAM_0003127,0,1,1,5.284186954668257e-07,0.999778687953949,0.00014067601296119392,1.4929131793905981e-05,1.891639294626657e-05,2.4592109184595756e-05,2.17215929296799e-05,0.5179029107093811,0.4897959232330322,0.00010555893823038787,0.9999675750732422
ISIC_0024658,HAM_0003127,0,1,1,4.1189935018337565e-07,0.999795138835907,0.00012402169522829354,1.7016973288264126e-05,2.4192964701796882e-05,2.241840775241144e-05,1.6766991393524222e-05,0.5119075775146484,0.5102040767669678,0.00018345279386267066,0.9999305009841919
ISIC_0027258,HAM_0006547,0,1,1,0.06091771647334099,0.9349195957183838,6.112424307502806e-05,0.00013608240988105536,0.0022252914495766163,0.0015714314067736268,0.00016876815061550587,0.5161107778549194,0.4897959232330322,0.000600063765887171,0.9998152852058411
ISIC_0028957,HAM_0003127,0,1,1,8.320760116475867e-07,0.9995518326759338,0.00026034549227915704,2.3209873688756488e-05,9.362494893139228e-05,3.07516056636814e-05,3.941601244150661e-05,0.5087800025939941,0.5102040767669678,3.1427465728484094e-05,0.999987006187439
ISIC_0027412,HAM_0000184,0,1,1,0.0004900738713331521,0.9991729855537415,3.771585033973679e-05,8.173752576112747e-05,7.059014751575887e-05,6.418296106858179e-05,8.27515177661553e-05,0.519503653049469,0.4897959232330322,5.096126551507041e-05,0.9999465942382812
ISIC_0029257,HAM_0005085,0,1,1,0.08748795092105865,0.9121710658073425,5.076259913039394e-05,0.00023601412249263376,3.6113544865656877e-06,2.0066787328687496e-05,3.049032784474548e-05,0.5665738582611084,0.44897958636283875,9.491208766121417e-05,0.9999688863754272
ISIC_0030225,HAM_0005085,0,1,1,0.17383800446987152,0.8255658745765686,0.00011625179467955604,0.0003618735063355416,4.954844825988403e-06,4.301079025026411e-05,7.003933569649234e-05,0.5711092352867126,0.4285714328289032,5.247978333500214e-05,0.9999867677688599
ISIC_0029313,HAM_0006041,0,1,1,3.3295033063041046e-05,0.9997865557670593,7.222119893413037e-05,2.6912414341495605e-06,2.7372914701118134e-05,6.70359622745309e-06,7.11682005203329e-05,0.5201537609100342,0.4897959232330322,0.00014911917969584465,0.9997596144676208
ISIC_0030508,HAM_0006041,0,1,1,3.961582933698082e-06,0.9999301433563232,2.601130290713627e-05,1.2751677331834799e-06,1.5489426004933193e-05,2.550166755099781e-06,2.0616429537767544e-05,0.5316516757011414,0.4897959232330322,0.00011454211926320568,0.999710738658905
ISIC_0027902,HAM_0000342,0,1,1,8.673721458762884e-05,0.9985811710357666,0.0005690562538802624,0.0005375409964472055,0.00010606184514472261,6.449992361012846e-05,5.4935659136390314e-05,0.5348266959190369,0.4693877398967743,0.00015998544404283166,0.9999648332595825
ISIC_0027226,HAM_0000342,0,1,1,6.158582255011424e-05,0.9983751773834229,0.0008962731226347387,0.00037530207191593945,0.00015931864618323743,7.105668191798031e-05,6.134507566457614e-05,0.5454846620559692,0.44897958636283875,0.0001307176862610504,0.9999349117279053
ISIC_0028263,HAM_0000291,0,1,1,1.2909096767543815e-05,0.9998888969421387,4.717859337688424e-05,4.0301933950104285e-06,1.1744218681997154e-05,2.0570056221913546e-05,1.4608334822696634e-05,0.509610116481781,0.4897959232330322,3.7317367969080806e-05,0.9999830722808838
ISIC_0028610,HAM_0000291,0,1,1,0.0003345379955135286,0.9994010925292969,0.0001348552614217624,7.763056601106655e-06,2.6654799512471072e-05,3.2737247238401324e-05,6.230707367649302e-05,0.5193756818771362,0.4897959232330322,0.0002695182047318667,0.9999006986618042
ISIC_0031360,HAM_0000291,0,1,1,0.00010679568367777392,0.9996340274810791,9.585454245097935e-05,9.231317562807817e-06,7.863393693696707e-05,4.7115499910432845e-05,2.84347352135228e-05,0.508263885974884,0.5102040767669678,3.3370939490851015e-05,0.999974250793457
ISIC_0031657,HAM_0003828,0,1,1,5.404277771958732e-07,0.9999861717224121,6.380271770467516e-06,3.014175035787048e-06,3.8107557998046104e-07,2.381388412686647e-06,1.2137727480876492e-06,0.4846552610397339,0.5102040767669678,1.4634900253440719e-05,0.9999898672103882
ISIC_0030077,HAM_0003828,0,1,1,2.7466664960229537e-06,0.9999778270721436,1.0041093446488958e-05,3.052688271054649e-06,7.988308539097488e-07,3.661633400042774e-06,1.8338528207095806e-06,0.5010102391242981,0.4897959232330322,8.331057870236691e-06,0.9999973773956299
ISIC_0029865,HAM_0003828,0,1,1,9.595908068149583e-07,0.9999791383743286,7.563380222563865e-06,4.178751623840071e-06,2.7678693186317105e-06,3.5403509173193015e-06,1.8187425894211628e-06,0.4738301932811737,0.5102040767669678,6.297188974713208e-06,0.9999969005584717
ISIC_0025662,HAM_0001525,0,1,1,7.66711593769287e-07,0.999982476234436,1.121164041251177e-05,8.470349825984158e-07,4.7555698756696074e-07,2.7129608497489244e-06,1.5402832787003717e-06,0.4736015200614929,0.5102040767669678,3.1221439712680876e-05,0.9999935626983643
ISIC_0027510,HAM_0001525,0,1,1,7.197875220299466e-07,0.999981164932251,1.2237176633789204e-05,6.563360557265696e-07,5.707601644644456e-07,2.6402128696645377e-06,1.9199862890673103e-06,0.4752892255783081,0.5102040767669678,3.081247996306047e-05,0.9999948740005493
ISIC_0024355,HAM_0001525,0,1,1,3.792645486555557e-07,0.9999861717224121,8.798085218586493e-06,8.634545451968734e-07,5.399821247920045e-07,1.238212803400529e-06,2.0687612050096504e-06,0.4838489592075348,0.5102040767669678,4.110531881451607e-05,0.9999513626098633
ISIC_0024394,HAM_0002547,0,1,1,0.0010333015816286206,0.998802900314331,7.024152000667527e-05,3.250204463256523e-05,1.2745718777296133e-05,2.4827786546666175e-05,2.344553649891168e-05,0.511305570602417,0.4897959232330322,0.0001329906954197213,0.9999570846557617
ISIC_0029516,HAM_0002547,0,1,1,0.002211871324107051,0.9974730610847473,0.00017844581452663988,3.916354398825206e-05,3.761755215236917e-05,2.962532926176209e-05,3.020153963007033e-05,0.5087939500808716,0.4897959232330322,0.00011443719995440915,0.9999701976776123
ISIC_0030066,HAM_0007089,0,1,1,9.14099302917748e-07,0.9992461204528809,0.0003550410328898579,3.6833156627835706e-05,0.00013691549247596413,0.00016013227286748588,6.417675467673689e-05,0.551196813583374,0.4693877398967743,4.6546028897864744e-05,0.9999206066131592
ISIC_0030588,HAM_0002979,0,1,1,1.874792724265717e-05,0.9997498393058777,0.0001190431576105766,8.519829862052575e-06,7.897923933342099e-05,1.0389939234300982e-05,1.4602473129343707e-05,0.5360990166664124,0.4897959232330322,6.05756213190034e-05,0.9999682903289795
ISIC_0025511,HAM_0002979,0,1,1,3.417759444346302e-06,0.9991244673728943,7.211082993308082e-05,2.613118886074517e-05,0.0007354057161137462,1.988777148653753e-05,1.86826910066884e-05,0.5528202652931213,0.44897958636283875,2.071800372505095e-05,0.9999876022338867
ISIC_0029640,HAM_0005284,0,1,1,7.330605171773641e-07,0.9997301697731018,0.0001202310377266258,1.461466854379978e-05,9.22333201742731e-05,2.4420758563792333e-05,1.7530295735923573e-05,0.5200294852256775,0.4693877398967743,0.00022567997802980244,0.9999430179595947
ISIC_0029724,HAM_0005284,0,1,1,5.491328920470551e-06,0.9991312623023987,0.0004003015055786818,2.4784014385659248e-05,0.00034541479544714093,5.03477240272332e-05,4.24405989178922e-05,0.5259523987770081,0.4693877398967743,0.00030359390075318515,0.9999231100082397
ISIC_0027707,HAM_0005284,0,1,1,1.5567802620353177e-06,0.9993056058883667,0.00024372877669520676,1.9172177417203784e-05,0.00036832495243288577,3.4570100979181007e-05,2.7099344151793048e-05,0.5205981135368347,0.4693877398967743,0.0002547077601775527,0.9999480247497559
ISIC_0031541,HAM_0004007,0,1,1,0.0002488180762156844,0.9987795948982239,0.0005566697800531983,5.2562008932000026e-05,0.00017576148093212396,7.98455293988809e-05,0.00010670430492609739,0.5462973117828369,0.4693877398967743,1.8208622350357473e-05,0.9999537467956543
ISIC_0027596,HAM_0004007,0,1,1,9.094486449612305e-05,0.9994268417358398,0.0002740084019023925,3.1240484531736e-05,9.26767970668152e-05,3.512240800773725e-05,4.92546969326213e-05,0.5407376885414124,0.4693877398967743,4.187410740996711e-05,0.9999619722366333
ISIC_0028960,HAM_0004007,0,1,1,0.0002034770732279867,0.9988598823547363,0.0002733115979935974,6.513368134619668e-05,0.0004368300433270633,6.972998380661011e-05,9.156660235021263e-05,0.5407577753067017,0.4693877398967743,3.496688441373408e-05,0.9999676942825317
ISIC_0025240,HAM_0002348,0,1,1,1.848198371590115e-05,0.9999006986618042,1.3612419934361242e-05,1.4435395314649213e-05,2.4699924324522726e-05,1.758048529154621e-05,1.059797614288982e-05,0.5545400381088257,0.4693877398967743,1.086525389837334e-05,0.9999914169311523
ISIC_0026933,HAM_0002348,0,1,1,4.195722340227803e-06,0.9999617338180542,5.212496034801006e-06,1.3096929251332767e-05,2.215870608779369e-06,9.98485029413132e-06,3.4639297155081294e-06,0.5464122891426086,0.44897958636283875,2.6564008294371888e-05,0.999996542930603
ISIC_0027122,HAM_0000996,0,1,1,0.0021652693394571543,0.9977533221244812,2.262975976918824e-05,4.5193228288553655e-06,2.7407353627495468e-05,1.3200078683439642e-06,2.557293373683933e-05,0.5880089998245239,0.4285714328289032,3.787664172705263e-05,0.9998732805252075
ISIC_0031340,HAM_0000996,0,1,1,8.612136298324913e-05,0.9998717308044434,1.65756864589639e-05,3.054904027521843e-06,4.7230255404429045e-06,7.835405426703801e-07,1.686184805294033e-05,0.5819809436798096,0.4285714328289032,7.585237472085282e-05,0.9997559189796448
ISIC_0024793,HAM_0000996,0,1,1,1.4176470358506776e-05,0.9999791383743286,2.2808401354268426e-06,2.424862941552419e-07,1.5105483726074453e-06,2.2767532925627165e-07,2.3914903977129143e-06,0.5822117924690247,0.4285714328289032,3.146648305119015e-05,0.9999016523361206
ISIC_0024938,HAM_0001817,0,1,0,0.5820052623748779,0.4159187972545624,0.0011622743913903832,0.00014518103853333741,0.0002878812374547124,0.0002549070050008595,0.00022573980095330626,0.5623853802680969,0.4285714328289032,2.597580532892607e-05,0.9999663829803467
ISIC_0030065,HAM_0001817,0,1,1,0.11397425830364227,0.8847994208335876,0.0006187395192682743,0.00017348989786114544,4.547920252662152e-05,0.0002304860536241904,0.00015809788601472974,0.5633618831634521,0.4285714328289032,9.42038168432191e-05,0.9998093247413635
ISIC_0025231,HAM_0001817,0,1,1,0.0009392368956468999,0.9978784322738647,0.0006800481933169067,3.0015449738129973e-05,0.000232317644986324,0.00016543579113204032,7.456491584889591e-05,0.5410031676292419,0.4693877398967743,0.00013718199625145644,0.9998959302902222
ISIC_0030945,HAM_0004443,0,1,4,0.0009836696553975344,1.579345735081006e-05,0.0006198689807206392,0.2559972107410431,0.7420052886009216,0.0001883223740151152,0.00018985281349159777,0.5872840881347656,0.40816324949264526,4.457756949705072e-05,0.9997765421867371
ISIC_0026611,HAM_0002470,0,1,1,0.002584487199783325,0.9929416179656982,0.00010410136746941134,8.174353570211679e-05,0.004134116694331169,6.516683788504452e-05,8.862942922860384e-05,0.5732035040855408,0.4285714328289032,3.2284533517668024e-06,0.9999915361404419
ISIC_0029269,HAM_0002470,0,1,1,0.00012602574133779854,0.9991320967674255,5.6147116993088275e-05,4.9488833610666916e-05,0.0005719193140976131,2.667790795385372e-05,3.758640741580166e-05,0.5955731868743896,0.3877550959587097,0.00021151232067495584,0.9999381303787231
ISIC_0028115,HAM_0007168,0,1,1,2.7169278382643824e-06,0.9998071789741516,1.7802168486014125e-06,3.940723217965569e-06,0.00016926594253163785,1.0201163604506291e-05,4.888167040917324e-06,0.49278321862220764,0.5102040767669678,4.098738281754777e-05,0.9999825954437256
ISIC_0028030,HAM_0007358,0,1,1,1.5428934148076223e-06,0.9997732043266296,2.356364711886272e-05,5.4161639127414674e-05,0.00011334499868098646,2.0800736820092425e-05,1.3347646927286405e-05,0.5500124096870422,0.4285714328289032,5.8263478422304615e-05,0.9999765157699585
ISIC_0031725,HAM_0006706,0,1,1,0.013912549242377281,0.9848122596740723,0.00016369257355108857,8.657046419102699e-05,0.000647211738396436,9.892183152260259e-05,0.0002788634446915239,0.5677688121795654,0.4285714328289032,0.00012537924339994788,0.9999275207519531
ISIC_0030397,HAM_0005614,0,1,1,0.00039131377707235515,0.9983398914337158,0.00010243809811072424,0.00013586072600446641,0.0007522411760874093,8.212808461394161e-05,0.00019612682808656245,0.49950042366981506,0.4897959232330322,1.428448194928933e-05,0.9999951124191284
ISIC_0027390,HAM_0005261,0,1,1,6.139092874946073e-05,0.9998363256454468,1.5012947187642567e-05,1.0106928129971493e-05,2.3013652025838383e-05,2.3599186533829197e-05,3.0460845664492808e-05,0.5155927538871765,0.4897959232330322,0.00029341591289266944,0.9996938705444336
ISIC_0028758,HAM_0004443,0,1,3,0.0024276466574519873,3.6222827475285158e-06,7.433692371705547e-05,0.9796355962753296,0.017625445500016212,0.00016440860053990036,6.894805846968666e-05,0.5456545948982239,0.44897958636283875,4.5446511649060994e-05,0.9999254941940308
ISIC_0027147,HAM_0000366,0,1,4,4.741613156511448e-05,0.4258861541748047,0.00034172189771197736,0.0008696751901879907,0.5723897814750671,0.0002872473269235343,0.00017803642549552023,0.5086163282394409,0.4897959232330322,1.5825697118998505e-05,0.9999847412109375
ISIC_0031510,HAM_0000525,0,1,1,0.04776683822274208,0.950271487236023,0.00015282616368494928,0.0012006068136543036,0.0004043418448418379,7.970684964675456e-05,0.0001242213329533115,0.5403050184249878,0.4897959232330322,3.4537879400886595e-05,0.9999780654907227
ISIC_0028757,HAM_0003662,0,1,1,3.838507382170064e-06,0.9999566078186035,1.7064645362552255e-05,1.3807883078698069e-05,1.1262311545578996e-06,3.6361113870952977e-06,3.863951860694215e-06,0.56565260887146,0.4285714328289032,1.2929424883623142e-05,0.999969482421875
ISIC_0027323,HAM_0006077,0,1,1,0.001683531911112368,0.9980491399765015,2.2658026864519343e-05,0.0001583471748745069,3.036131056433078e-05,3.339725299156271e-05,2.2497548343380913e-05,0.5449079871177673,0.4693877398967743,1.1058046766265761e-05,0.9999943971633911
ISIC_0032274,HAM_0006451,0,1,1,5.915485417062882e-06,0.9997188448905945,7.138762157410383e-05,0.0001008333420031704,6.453481182688847e-05,1.3359233889786992e-05,2.5082104912144132e-05,0.5100657939910889,0.4897959232330322,5.080669325252529e-06,0.9999752044677734
ISIC_0031070,HAM_0000632,0,1,1,9.275940101360902e-06,0.999971866607666,6.485300332315092e-07,3.576527660698048e-06,1.1704168173309881e-05,1.3999153907207074e-06,1.4539446056005545e-06,0.5461910963058472,0.4693877398967743,4.148621155763976e-05,0.9999737739562988
ISIC_0025633,HAM_0000783,0,1,1,0.05501238629221916,0.9365057349205017,0.006522876676172018,0.0005536072421818972,0.0006616232567466795,0.0002557190309744328,0.00048798907664604485,0.5487622022628784,0.44897958636283875,1.7266018403461203e-05,0.9999886751174927
ISIC_0032163,HAM_0001427,0,1,1,0.0014431856106966734,0.9974785447120667,0.00013452705752570182,0.0006594102596864104,0.0001522008969914168,5.161975423106924e-05,8.046563743846491e-05,0.5249882936477661,0.4693877398967743,1.752861635395675e-06,0.9999988079071045
ISIC_0025562,HAM_0001313,0,1,1,0.0005922464188188314,0.9830098748207092,0.0032697939313948154,0.001992977922782302,0.009622235782444477,0.0007733990787528455,0.0007394811254926026,0.5351552367210388,0.4693877398967743,6.242212293727789e-07,0.9999994039535522
ISIC_0032474,HAM_0003282,0,1,1,0.0006902011809870601,0.9939006567001343,5.3530056902673095e-05,0.0006365918088704348,0.00451115146279335,6.721008685417473e-05,0.000140681499033235,0.5183517932891846,0.4897959232330322,6.158478936413303e-05,0.9999682903289795
ISIC_0029438,HAM_0002738,0,1,1,0.0003303515550214797,0.9995461106300354,5.4261359764495865e-05,3.06420297420118e-05,1.3670025509782135e-05,1.0483541700523347e-05,1.449822502763709e-05,0.4999036192893982,0.4897959232330322,7.742217712802812e-05,0.9998830556869507
ISIC_0027495,HAM_0000508,0,1,1,0.00011794396414188668,0.9997325539588928,1.6908586530917091e-06,4.067138070240617e-05,0.00010067714174510911,3.5529756132746115e-06,2.8758115604432533e-06,0.5147229433059692,0.4693877398967743,2.9681559681193903e-06,0.9999969005584717
ISIC_0029583,HAM_0003585,0,1,1,0.00014506169827654958,0.9983323216438293,2.4297351046698168e-05,0.0012420108541846275,0.00020059660892002285,3.150115298922174e-05,2.418758231215179e-05,0.4952101409435272,0.4897959232330322,8.714604291526484e-07,0.9999984502792358
ISIC_0030399,HAM_0005870,0,1,1,0.00020615784160327166,0.9965426325798035,4.1936422348953784e-05,0.0004485940735321492,0.0024406241718679667,0.00022434655693359673,9.58094242378138e-05,0.5428208112716675,0.4693877398967743,3.544493665685877e-05,0.9999125003814697
ISIC_0031353,HAM_0000168,0,1,1,0.0042015546932816505,0.9935448169708252,0.000724810641258955,0.0013060622150078416,9.708041761768982e-05,3.6076613469049335e-05,8.959592378232628e-05,0.49163466691970825,0.4897959232330322,7.792860560584813e-05,0.9999886751174927
ISIC_0031932,HAM_0004291,0,1,1,0.011628786101937294,0.9757805466651917,0.000169344712048769,0.0005207387148402631,0.011699739843606949,7.673128129681572e-05,0.00012402137508615851,0.5586124062538147,0.44897958636283875,0.00011815533798653632,0.9996101260185242
ISIC_0026987,HAM_0006994,0,1,1,6.003768703521928e-06,0.9999109506607056,8.258340130851138e-06,2.7651280106510967e-05,1.529342625872232e-05,5.645965302392142e-06,2.6183126465184614e-05,0.5730581283569336,0.40816324949264526,0.00010466656385688111,0.9997701048851013
ISIC_0027671,HAM_0000971,0,1,1,0.00019529418204911053,0.9992675185203552,8.580034773331136e-05,0.00016828346997499466,0.0002459831302985549,6.479759122157702e-06,3.061287134187296e-05,0.5629199147224426,0.44897958636283875,2.518928886274807e-05,0.9999200105667114
ISIC_0026546,HAM_0000971,0,1,1,9.306090214522555e-05,0.9996802806854248,3.90823079214897e-05,0.00011105962767032906,3.502039544400759e-05,1.83530937647447e-05,2.3160670025390573e-05,0.5545510053634644,0.44897958636283875,1.142869678005809e-05,0.9999796152114868
ISIC_0025506,HAM_0005393,0,1,1,0.0040328847244381905,0.992493212223053,0.00014595675747841597,0.0004858478787355125,0.0025391557719558477,2.3577082174597308e-05,0.0002794503525365144,0.5856351256370544,0.40816324949264526,5.136172330821864e-05,0.999803364276886
ISIC_0025013,HAM_0001154,0,1,1,4.067399913765257e-06,0.9999889135360718,1.049261300067883e-06,1.989830707316287e-06,6.350195462800912e-07,1.6224161072386778e-06,1.6116244978547911e-06,0.528033435344696,0.4897959232330322,4.758327577292221e-06,0.9999934434890747
ISIC_0027724,HAM_0001154,0,1,1,1.1815945072157774e-05,0.999969482421875,1.985265726034413e-06,6.465483693318674e-06,5.440408585855039e-06,1.4921511137799826e-06,3.2773757538961945e-06,0.571108341217041,0.44897958636283875,6.877319719933439e-06,0.9999867677688599
ISIC_0030796,HAM_0006793,0,1,1,0.031972214579582214,0.9545978903770447,0.0002097854157909751,0.005950584542006254,0.006248824764043093,0.0007037316099740565,0.0003170442651025951,0.5109574198722839,0.4693877398967743,3.507459405227564e-05,0.9999696016311646
ISIC_0025118,HAM_0004909,0,1,1,1.40040924634377e-07,0.9999951124191284,2.2313720364763867e-06,1.290000113840506e-06,2.1944298111975513e-07,4.888509579359379e-07,4.887460818281397e-07,0.4988827407360077,0.4897959232330322,3.937419023714028e-05,0.9999958276748657
ISIC_0026512,HAM_0003974,0,1,0,0.8470189571380615,0.1513976901769638,0.00045842883992008865,0.0007043028599582613,6.078094520489685e-05,0.00011423914838815108,0.0002456654328852892,0.4726296067237854,0.5510203838348389,8.546549906895962e-06,0.9999924898147583
ISIC_0029183,HAM_0007491,0,1,1,2.623733234941028e-05,0.9993928670883179,5.103814328322187e-05,0.00016469706315547228,0.00031484305509366095,1.2437352779670618e-05,3.798979741986841e-05,0.5396939516067505,0.4693877398967743,0.00014605032629333436,0.9995304346084595
ISIC_0029298,HAM_0001508,0,1,1,0.030055351555347443,0.965373694896698,6.429416316677816e-06,0.004117690026760101,0.0003026152844540775,4.687594264396466e-05,9.738474182086065e-05,0.5424174070358276,0.4693877398967743,1.644901885811123e-06,0.9999977350234985
ISIC_0024790,HAM_0001941,0,1,1,0.03841361403465271,0.9579959511756897,0.00023575496743433177,0.003106155665591359,8.998490375233814e-05,4.8408317525172606e-05,0.00011006482236552984,0.580999493598938,0.40816324949264526,2.288442919962108e-05,0.9999368190765381
ISIC_0028551,HAM_0000667,0,1,1,0.0001235532690770924,0.99947589635849,6.519051385112107e-05,0.00030060706194490194,1.9347691704751924e-05,2.8548897716973443e-06,1.2621208043128718e-05,0.5480303764343262,0.4693877398967743,0.00016838745796121657,0.9998307228088379
ISIC_0024963,HAM_0005620,0,1,1,0.002124310005456209,0.5404789447784424,0.006263282150030136,0.015705248340964317,0.43441110849380493,0.0004885626258328557,0.0005285695078782737,0.5686774849891663,0.4285714328289032,9.167240932583809e-05,0.9997537732124329
ISIC_0025305,HAM_0001492,0,1,1,5.886420240130974e-06,0.9999727010726929,3.628185368143022e-06,5.50758022654918e-06,4.442824319994543e-06,1.9990268356195884e-06,5.811951723444508e-06,0.49945932626724243,0.4897959232330322,0.00031334656523540616,0.9998949766159058
ISIC_0029577,HAM_0000886,0,1,1,7.092101441230625e-05,0.9991180300712585,1.8411119526717812e-05,0.0005044502904638648,0.0002370752627030015,2.881589716707822e-05,2.2328784325509332e-05,0.503503143787384,0.4897959232330322,2.2297317627817392e-06,0.9999972581863403
ISIC_0024560,HAM_0000886,0,1,1,0.003202116582542658,0.9951935410499573,7.025142986094579e-05,0.0014206792693585157,4.774726403411478e-05,1.6829577361932024e-05,4.878274194197729e-05,0.5743354558944702,0.4285714328289032,1.7761184381015482e-06,0.9999963045120239
ISIC_0029046,HAM_0004170,0,1,1,0.3619218170642853,0.5751661658287048,0.00013638021482620388,0.0005436070496216416,0.06135845556855202,0.00028178011416457593,0.0005917545058764517,0.553325355052948,0.44897958636283875,7.816273864591494e-05,0.9999188184738159
ISIC_0030328,HAM_0001334,0,1,1,0.0008141848375089467,0.9988738894462585,1.0813844710355625e-05,0.00014264811761677265,0.00010985475091729313,2.3693586626905017e-05,2.4923499950091355e-05,0.5384723544120789,0.44897958636283875,0.0001911106810439378,0.9996159076690674
ISIC_0031363,HAM_0001334,0,1,1,0.00021095409465488046,0.9995718598365784,3.7763970794912893e-06,9.515793499303982e-05,9.128551027970389e-05,1.7462083633290604e-05,9.36942160478793e-06,0.5221638083457947,0.4897959232330322,1.4432640455197543e-05,0.999901533126831
ISIC_0029369,HAM_0004505,0,1,1,0.03342294320464134,0.9627363681793213,6.379558180924505e-05,0.0035174277145415545,1.589150633662939e-05,0.00010230209591099992,0.00014135727542452514,0.5532153248786926,0.44897958636283875,2.7248690912529128e-06,0.9999958276748657
ISIC_0028507,HAM_0003340,0,1,1,0.0005847658612765372,0.9944618344306946,0.00019519717898219824,0.004027727525681257,0.0002217333239968866,0.00038626158493570983,0.00012252414308022708,0.533990204334259,0.4693877398967743,4.104249910596991e-06,0.9999926090240479
ISIC_0029773,HAM_0003340,0,1,1,0.002306607784703374,0.9962347149848938,0.0001639461552258581,0.000332629686454311,0.0005208319635130465,0.00037519235047511756,6.612359720747918e-05,0.5830711126327515,0.4285714328289032,2.4813749405439012e-05,0.9999068975448608
ISIC_0026452,HAM_0003311,0,1,1,0.002597368787974119,0.9935646653175354,0.0005464741261675954,0.0022195549681782722,0.00020715643768198788,0.0002313323348062113,0.0006334454519674182,0.5519205927848816,0.44897958636283875,8.346413778781425e-06,0.9999958276748657
ISIC_0027007,HAM_0003311,0,1,1,0.0036891698837280273,0.9850611090660095,0.0020176703110337257,0.008616319857537746,9.598564065527171e-05,7.728109630988911e-05,0.00044249737402424216,0.5687815546989441,0.4285714328289032,7.625338639627444e-06,0.999996542930603
ISIC_0026655,HAM_0007036,0,1,1,0.00031384971225634217,0.9989769458770752,5.993697413941845e-05,0.0005697858869098127,1.9721173885045573e-05,4.4727141357725486e-05,1.4912835467839614e-05,0.6135386228561401,0.3877550959587097,3.068205103318178e-07,0.9999951124191284
ISIC_0028983,HAM_0000674,0,1,1,0.0001276686234632507,0.9997840523719788,4.82645737065468e-05,1.5951205568853766e-05,7.923198609205429e-06,4.449206244316883e-06,1.1702706615324132e-05,0.5554842948913574,0.44897958636283875,3.5405715607339516e-05,0.9999532699584961
ISIC_0031612,HAM_0005873,0,1,1,0.0677378922700882,0.9100676774978638,0.0003184487286489457,0.015869053080677986,0.0049768174067139626,0.00043297975207678974,0.0005970922065898776,0.5314053893089294,0.4693877398967743,4.428098691278137e-05,0.9998499155044556
ISIC_0030115,HAM_0003822,0,1,1,0.013073768466711044,0.985101044178009,0.00018138661107514054,0.0010954912286251783,0.00021726284467149526,0.00014046738215256482,0.00019054635777138174,0.5660371780395508,0.44897958636283875,0.00022462938795797527,0.9993098974227905
ISIC_0028364,HAM_0000777,0,1,1,0.28774434328079224,0.7023254036903381,0.0002459498355165124,0.009219513274729252,0.0002851615136023611,4.4839809561381117e-05,0.00013485591625794768,0.5854098200798035,0.40816324949264526,5.5684635299257934e-05,0.9999504089355469
ISIC_0026885,HAM_0000482,0,1,1,0.018600989133119583,0.9796706438064575,7.167532021412626e-05,0.00010533710883464664,0.001342666451819241,3.485436172923073e-05,0.000173916996573098,0.5091881155967712,0.4897959232330322,0.0005095186643302441,0.9995182752609253
ISIC_0025902,HAM_0005966,0,1,1,5.464007335831411e-05,0.9991934895515442,0.00023546941520180553,0.00022819996229372919,1.2818637515010778e-05,0.00020073210180271417,7.464111695298925e-05,0.5426468253135681,0.4693877398967743,2.3148504624259658e-05,0.9999910593032837
ISIC_0030704,HAM_0005966,0,1,1,0.0026588088367134333,0.982752799987793,0.0018122114706784487,0.009628773666918278,0.00014092311903368682,0.0023298754822462797,0.0006765974685549736,0.5461703538894653,0.44897958636283875,1.3084089914627839e-05,0.9999792575836182
ISIC_0027568,HAM_0006398,0,1,3,0.04775422066450119,0.2734614312648773,0.012106397189199924,0.6335346698760986,0.02929655835032463,0.002906729932874441,0.0009399738628417253,0.6054750680923462,0.36734694242477417,1.9345337932463735e-05,0.9999234676361084
ISIC_0029679,HAM_0000366,0,1,1,0.0012277391506358981,0.9978975057601929,2.647185101523064e-05,0.00039770003058947623,0.0004121235106140375,1.5052238268253859e-05,2.338640479138121e-05,0.5373342037200928,0.4693877398967743,8.194479596568272e-05,0.9999388456344604
ISIC_0026053,HAM_0001319,0,1,1,0.3816390335559845,0.6154107451438904,0.0006133585120551288,0.0016425285721197724,0.00023948879970703274,0.00011219016596442088,0.0003426653565838933,0.47617048025131226,0.5306122303009033,9.982803021557629e-05,0.999860405921936
ISIC_0025443,HAM_0002497,0,1,1,2.4230723738583038e-06,0.9998617172241211,1.4719435057486407e-05,0.00011187031486770138,4.2217479858663864e-06,1.882140850284486e-06,3.082455577896326e-06,0.5076004862785339,0.4897959232330322,8.980325219454244e-05,0.9999822378158569
ISIC_0028599,HAM_0001319,0,1,1,0.12036462128162384,0.6842949986457825,0.007308260537683964,0.00792818982154131,0.17623281478881836,0.0008014069753699005,0.003069757018238306,0.5216199159622192,0.4897959232330322,3.4894499549409375e-05,0.9999775886535645
ISIC_0028378,HAM_0001001,0,1,1,0.0006268621073104441,0.9992374181747437,1.4626423762820195e-05,4.899100895272568e-05,4.529315629042685e-05,9.735199455462862e-06,1.706255534372758e-05,0.5213845372200012,0.4897959232330322,0.000386823812732473,0.9995958209037781
ISIC_0026852,HAM_0001001,0,1,1,0.00010202277189819142,0.9997251629829407,7.2249995355377905e-06,4.8533358494751155e-05,8.629445073893294e-05,1.3005309483560268e-05,1.778500336513389e-05,0.5651153326034546,0.4285714328289032,1.9953722585341893e-05,0.9999696016311646
ISIC_0026491,HAM_0005786,0,1,1,0.040749602019786835,0.9436971545219421,4.13049929193221e-05,0.012867124751210213,0.002000971930101514,0.0005520138656720519,9.186812530970201e-05,0.52989661693573,0.4693877398967743,6.845557436463423e-06,0.9999934434890747
ISIC_0028808,HAM_0005910,0,1,1,0.00014865018601994962,0.8587385416030884,4.135723793297075e-05,0.00019757983682211488,0.13960638642311096,0.001156351063400507,0.00011108058970421553,0.4970869719982147,0.4897959232330322,5.6155986385419965e-05,0.9999780654907227
ISIC_0026513,HAM_0005910,0,1,1,0.008716454729437828,0.9896508455276489,2.5841312890406698e-05,0.0006313431658782065,0.00011625281331362203,0.0007492079166695476,0.00011002670362358913,0.5751237273216248,0.4285714328289032,3.151366627207608e-06,0.9999916553497314
ISIC_0027540,HAM_0005910,0,1,1,4.301752778701484e-05,0.9975080490112305,0.00014469250163529068,0.00012958988372702152,0.0018165234941989183,0.00015178965986706316,0.00020629203936550766,0.52297443151474,0.4897959232330322,2.060040606011171e-05,0.9999802112579346
ISIC_0031700,HAM_0004127,0,1,1,0.0008365244138985872,0.996272087097168,1.0377541912021115e-05,0.0002684808860067278,0.002584068803116679,9.19027479540091e-06,1.9315748431836255e-05,0.4902315139770508,0.5102040767669678,8.987453475128859e-05,0.9995948672294617
ISIC_0027073,HAM_0004127,0,1,1,0.00016543759556952864,0.9980328679084778,1.8273969544679858e-05,0.00046399005805142224,0.001311437226831913,3.3180656373588135e-06,4.641046416509198e-06,0.5142920017242432,0.4897959232330322,0.00010458385804668069,0.9998819828033447
ISIC_0024959,HAM_0000485,0,1,1,0.000224965566303581,0.9994819760322571,5.122854418004863e-05,0.0001413058053003624,1.5241199434967712e-05,3.292413384770043e-05,5.2366533054737374e-05,0.5584402084350586,0.44897958636283875,3.598268676796579e-06,0.9999936819076538
ISIC_0028202,HAM_0004942,0,1,1,0.0015737194335088134,0.9980849027633667,3.2744250347604975e-05,3.056547575397417e-05,0.0001889420673251152,4.634828292182647e-05,4.270422869012691e-05,0.5749028921127319,0.4285714328289032,5.540168422157876e-05,0.9998354911804199
ISIC_0028857,HAM_0002107,0,1,1,0.0005422044196166098,0.9993840456008911,4.159915988566354e-06,2.1442996512632817e-05,3.5086024581687525e-05,1.3425793667920516e-06,1.1712245395756327e-05,0.5728698968887329,0.4285714328289032,0.00014034663035999984,0.999785840511322
ISIC_0025476,HAM_0006052,0,1,1,0.12511995434761047,0.8722637891769409,0.0006413313094526529,0.0016151113668456674,0.0002761741343419999,5.291732668410987e-05,3.071239552809857e-05,0.547228217124939,0.44897958636283875,3.986235606134869e-05,0.999970555305481
ISIC_0026437,HAM_0006251,0,1,4,0.05608721077442169,0.07231731712818146,0.0007000259356573224,0.18884538114070892,0.6708009839057922,0.010507588274776936,0.0007414718857035041,0.5783739686012268,0.4285714328289032,2.8233673219801858e-05,0.999907374382019
ISIC_0025424,HAM_0006464,0,1,1,0.04974420368671417,0.9489202499389648,7.288638153113425e-05,0.000289893097942695,0.00048129100468941033,8.377450285479426e-05,0.0004075935867149383,0.515291690826416,0.4897959232330322,8.716811862541363e-05,0.9999622106552124
ISIC_0027503,HAM_0006464,0,1,1,3.2950210879789665e-06,0.999987006187439,7.027543915683054e-07,1.5136288311623503e-06,2.549445980548626e-06,1.3915507679485017e-06,3.4682650493778056e-06,0.5202515721321106,0.4693877398967743,1.7277941879001446e-05,0.9999591112136841
ISIC_0027181,HAM_0003640,0,1,1,2.6160802008234896e-05,0.9991164803504944,2.9326973162824288e-05,0.00015676344628445804,0.000595170131418854,2.2270094632403925e-05,5.385687109082937e-05,0.5264264345169067,0.4693877398967743,9.303916158387437e-06,0.9999983310699463
ISIC_0025983,HAM_0004025,0,1,1,1.3832092236043536e-06,0.9999836683273315,2.173371314029282e-07,1.1071167136833537e-05,1.990385726458044e-06,6.780845183129713e-07,9.34405647967651e-07,0.5509050488471985,0.4897959232330322,5.8503828768152744e-05,0.9997400641441345
ISIC_0026818,HAM_0001330,0,1,1,9.27778091863729e-06,0.9995400905609131,4.7090270527405664e-05,0.0001444079534849152,0.00024016873794607818,5.143789621797623e-06,1.3828231203660835e-05,0.5594369173049927,0.4285714328289032,3.160904088872485e-05,0.9999469518661499
ISIC_0032251,HAM_0001764,0,1,1,0.0046441927552223206,0.9032599925994873,0.0822945386171341,0.008517269045114517,0.0003718769003171474,0.00037622888339683414,0.0005359618226066232,0.5258069038391113,0.44897958636283875,0.00014049484161660075,0.9999713897705078
ISIC_0032253,HAM_0001764,0,1,1,0.3154897391796112,0.6482298970222473,0.027954231947660446,0.002549785654991865,0.004385665524750948,0.00040803515003062785,0.0009826526511460543,0.530195415019989,0.4693877398967743,0.00015518924919888377,0.9999352693557739
ISIC_0024476,HAM_0002007,0,1,0,0.9895929098129272,0.006916890386492014,0.0001349785743514076,0.0002882559783756733,0.0030179955065250397,2.8178710635984316e-05,2.0742872948176228e-05,0.5448532700538635,0.4285714328289032,4.0607625123811886e-05,0.9999423027038574
ISIC_0026551,HAM_0004802,0,1,1,6.968066736590117e-05,0.9998301267623901,2.3083297492121346e-05,5.0776063289958984e-05,8.194044312404003e-06,9.07051708054496e-06,9.042049896379467e-06,0.5430799126625061,0.4693877398967743,1.0530770850891713e-06,0.9999971389770508
ISIC_0024596,HAM_0004802,0,1,1,6.899102299939841e-05,0.9993662238121033,5.591444642050192e-05,0.00020073197083547711,0.0002216896682512015,4.1396251617698e-05,4.512802843237296e-05,0.5547516345977783,0.44897958636283875,1.0529281098570209e-05,0.9999594688415527
ISIC_0030966,HAM_0004802,0,1,1,0.0536358505487442,0.9427002668380737,0.00020043212862219661,0.0032579125836491585,4.163632183917798e-05,3.874098547385074e-05,0.00012506578059401363,0.5820613503456116,0.40816324949264526,3.557086643013463e-07,0.9999980926513672
ISIC_0026029,HAM_0004225,0,1,1,0.0006406472530215979,0.9947590231895447,0.0027913409285247326,0.000492178660351783,0.0009402263094671071,0.00019041707855649292,0.0001862306089606136,0.5614655613899231,0.44897958636283875,2.6870437068282627e-05,0.9999614953994751
ISIC_0028032,HAM_0003058,0,1,1,0.021054061129689217,0.9774602651596069,0.00016250635962933302,0.0006981596816331148,0.0005299815093167126,2.4698278139112517e-05,7.032141002127901e-05,0.6109353303909302,0.3877550959587097,8.339268788404297e-06,0.9999353885650635
ISIC_0026359,HAM_0007504,0,1,1,0.00464536203071475,0.9895944595336914,0.002603287110105157,0.0026312298141419888,0.0003373223007656634,7.148638542275876e-05,0.00011688059021253139,0.5825249552726746,0.40816324949264526,9.630910062696785e-05,0.9995003938674927
ISIC_0031076,HAM_0001961,0,1,1,2.016090729739517e-05,0.9999175071716309,8.756717761571053e-06,3.5155375371687114e-05,2.5845436084637186e-06,6.131332156655844e-06,9.698728717921767e-06,0.5348790287971497,0.4693877398967743,4.788061687577283e-06,0.9999959468841553
ISIC_0025684,HAM_0006941,0,1,1,0.0027391479816287756,0.9883260130882263,7.034072041278705e-05,0.0002763796364888549,0.008470656350255013,5.052223787060939e-05,6.681725062662736e-05,0.5992584824562073,0.40816324949264526,1.6178475561900996e-05,0.9999406337738037
ISIC_0029054,HAM_0005822,0,1,1,0.030467825010418892,0.9679654240608215,5.5996748415054753e-05,0.0012427469482645392,0.00015837755927350372,3.75655508833006e-05,7.203803397715092e-05,0.6206431984901428,0.3877550959587097,3.338503802297055e-06,0.9999943971633911
ISIC_0028150,HAM_0002451,0,1,1,0.0011734894942492247,0.9984055161476135,7.816849574737716e-06,0.00025197738432325423,0.00011908393207704648,2.305946509295609e-05,1.9019460523850285e-05,0.5441148281097412,0.4693877398967743,1.4922876289347187e-05,0.9999778270721436
ISIC_0025214,HAM_0004356,0,1,0,0.9088459610939026,0.0259304940700531,6.155555456643924e-05,0.06396699696779251,0.0006450071814469993,0.0004613972851075232,8.859419176587835e-05,0.6327106356620789,0.34693875908851624,5.426293228083523e-07,0.9999942779541016
ISIC_0030069,HAM_0004833,0,1,1,0.024837853386998177,0.974948525428772,2.4301782104885206e-05,8.698637248016894e-05,1.7695321730570868e-05,2.693637907213997e-05,5.774224337073974e-05,0.5363255739212036,0.4693877398967743,5.696167136193253e-06,0.999991774559021
ISIC_0026133,HAM_0004833,0,1,1,0.006701607722789049,0.9932148456573486,4.69790711576934e-06,1.8765822460409254e-05,2.123053855029866e-05,1.1262762200203724e-05,2.7706144464900717e-05,0.5432747602462769,0.4693877398967743,3.783480133279227e-05,0.9999550580978394
ISIC_0028905,HAM_0004399,0,1,1,0.00017277771257795393,0.9992039799690247,1.2516955393948592e-05,0.0002954467781819403,0.00024691151338629425,3.8416234019678086e-05,2.994134229084011e-05,0.5172605514526367,0.4897959232330322,3.98620541091077e-05,0.9999524354934692
ISIC_0028355,HAM_0005666,0,1,1,1.6019012036849745e-05,0.9971168041229248,0.001642443472519517,0.0003370440099388361,0.0005520814447663724,0.000249692820943892,8.583019371144474e-05,0.5528753399848938,0.44897958636283875,1.9124538084724918e-05,0.9999655485153198
ISIC_0025171,HAM_0005666,0,1,1,4.318277206039056e-06,0.9978808164596558,0.001092466525733471,3.8605106965405867e-05,3.902524258592166e-05,0.0007846896187402308,0.00016013735148590058,0.5139403343200684,0.4693877398967743,1.645731936150696e-05,0.9999858140945435
ISIC_0030742,HAM_0000603,0,1,1,0.0005622536991722882,0.9982103109359741,7.466544047929347e-05,0.0010021448833867908,5.7931916671805084e-05,6.603570363949984e-05,2.6602836442179978e-05,0.5613632202148438,0.44897958636283875,2.8582961022038944e-05,0.9999697208404541
ISIC_0028441,HAM_0000603,0,1,1,0.0034416280686855316,0.8653923273086548,0.0014742573257535696,0.1269966959953308,0.00020096462685614824,0.002313085366040468,0.00018098387226928025,0.589272141456604,0.40816324949264526,3.6595154142560204e-06,0.9999904632568359
ISIC_0031374,HAM_0000603,0,1,1,3.059746177314082e-06,0.9999306201934814,5.668758603860624e-06,2.810764271998778e-05,1.8166912923334166e-05,9.145575859292876e-06,5.183547727938276e-06,0.5279070138931274,0.4897959232330322,5.4541873396374285e-05,0.9998955726623535
ISIC_0030008,HAM_0007317,0,1,1,1.747150599840097e-05,0.9999252557754517,1.0827343430719338e-05,2.667310218384955e-05,1.338764946012816e-06,5.547391538129887e-06,1.2805597179976758e-05,0.507314920425415,0.4897959232330322,2.8376627597026527e-05,0.9999881982803345
ISIC_0027197,HAM_0006244,0,1,1,0.0005582201993092895,0.9984190464019775,0.0006861853180453181,0.00016828079242259264,4.16407419834286e-05,3.516440847306512e-05,9.144365321844816e-05,0.5279338359832764,0.4897959232330322,0.00011012579489033669,0.9999818801879883
ISIC_0027627,HAM_0006244,0,1,1,0.0007789891096763313,0.9990530610084534,9.502399734628852e-06,1.6897005480132066e-05,0.00010794140689540654,1.0908341209869832e-05,2.259812390548177e-05,0.5892268419265747,0.4285714328289032,0.0002294703881489113,0.999749481678009
ISIC_0031081,HAM_0006596,0,1,1,1.6236443116213195e-05,0.9705182909965515,0.00017302166088484228,0.0002174621622543782,0.028809992596507072,0.0001821961923269555,8.277115557575598e-05,0.5504404306411743,0.44897958636283875,2.0960917026968673e-05,0.999968409538269
ISIC_0029983,HAM_0006619,0,1,1,0.033787794411182404,0.9626273512840271,0.00019807569333352149,0.0030580665916204453,5.960535418125801e-05,0.00015012991207186133,0.00011896260548382998,0.5996525883674622,0.40816324949264526,8.264719326689374e-06,0.9999911785125732
ISIC_0031583,HAM_0007374,0,1,0,0.8557044863700867,0.14346858859062195,2.6143472496187314e-05,0.0003047594800591469,0.0003780938859563321,2.583142304501962e-05,9.212388249579817e-05,0.5483895540237427,0.4693877398967743,1.8727139831753448e-05,0.9999721050262451
ISIC_0032459,HAM_0003590,0,1,1,0.00010967227717628703,0.993311882019043,0.0005092688952572644,4.157730654696934e-05,0.0006317791994661093,0.0003351870982442051,0.005060621537268162,0.5189670324325562,0.4693877398967743,2.1763506083516404e-05,0.9999276399612427
ISIC_0025730,HAM_0007374,0,1,0,0.5836460590362549,0.32786452770233154,0.00047216456732712686,0.0025098412297666073,0.079853355884552,0.0007261735736392438,0.004927929025143385,0.5385864973068237,0.4693877398967743,2.3583410438732244e-05,0.9999645948410034
ISIC_0031476,HAM_0004170,0,1,1,0.003462023101747036,0.9962713718414307,2.545187817304395e-05,5.865546700078994e-05,0.00010705527529353276,2.826340278261341e-05,4.716624607681297e-05,0.5731714367866516,0.4285714328289032,4.1307892388431355e-05,0.999964714050293
ISIC_0031894,HAM_0006613,0,1,1,9.20715247048065e-05,0.9994862079620361,7.625656871823594e-05,4.3200368963880464e-05,2.9592167720693396e-06,0.0002692134876269847,3.0019060432096012e-05,0.554393470287323,0.4897959232330322,4.89154044771567e-05,0.9999746084213257
ISIC_0025759,HAM_0000014,0,1,1,0.00016186636639758945,0.9981871247291565,7.1228878368856385e-06,1.3399186173046473e-05,0.0015766606666147709,9.933035471476614e-06,4.393675772007555e-05,0.531654417514801,0.4897959232330322,0.00027541775489225984,0.9997583031654358
ISIC_0031366,HAM_0000014,0,1,1,0.007857650518417358,0.9914084076881409,2.1675805328413844e-05,0.00012022634473396465,0.00037175207398831844,4.0281767724081874e-05,0.00018004757293965667,0.5724352598190308,0.4285714328289032,0.0003520057653076947,0.9994645714759827
ISIC_0025640,HAM_0000014,0,1,1,0.30783209204673767,0.5553716421127319,0.0007736137486062944,0.07065235823392868,0.0603751465678215,0.0004791809478774667,0.004515965934842825,0.6114510893821716,0.40816324949264526,1.7526208466733806e-05,0.9998853206634521
ISIC_0031802,HAM_0003836,0,1,1,0.022702690213918686,0.9757177829742432,8.203408651752397e-05,0.00017457515059504658,0.0012278568465262651,1.8081867892760783e-05,7.70242913858965e-05,0.5937137603759766,0.40816324949264526,0.00013463373761624098,0.999723494052887
ISIC_0026825,HAM_0000204,0,1,1,0.05691174417734146,0.919023871421814,0.0001158255836344324,0.003958281595259905,0.019367190077900887,0.00023289637465495616,0.0003901865566149354,0.5271655321121216,0.44897958636283875,5.117291584610939e-05,0.9999366998672485
ISIC_0030625,HAM_0007342,0,1,1,0.013514134101569653,0.985855758190155,8.527940372005105e-05,0.00012753115152008832,0.00020517309894785285,0.00013089767890051007,8.126661123242229e-05,0.5259473323822021,0.4693877398967743,1.3984973520564381e-05,0.9999423027038574
ISIC_0024684,HAM_0002481,0,1,0,0.47438597679138184,0.0020897630602121353,0.006106329616159201,0.07471076399087906,0.4271068274974823,0.010959243401885033,0.004641177132725716,0.5800456404685974,0.4285714328289032,1.0709196430980228e-05,0.9999310970306396
ISIC_0028230,HAM_0004519,0,1,1,0.10748816281557083,0.7193347811698914,4.607971277437173e-05,0.006800574716180563,0.16522356867790222,0.0009849929483607411,0.00012182152568129823,0.5430805087089539,0.4285714328289032,3.601510979933664e-05,0.9999523162841797
ISIC_0032233,HAM_0006174,0,1,1,0.0001578367518959567,0.999544084072113,4.846696356253233e-06,1.8944799649034394e-06,0.0002791309671010822,5.588630301645026e-06,6.550048510689521e-06,0.5207072496414185,0.4897959232330322,6.927308277226985e-05,0.999920129776001
ISIC_0028116,HAM_0006174,0,1,1,0.0007970456499606371,0.9990092515945435,4.217501100356458e-06,1.6462185158161446e-05,0.000160267562023364,4.9081309043685906e-06,7.831578841432929e-06,0.5443660020828247,0.44897958636283875,4.596295184455812e-05,0.9999368190765381
ISIC_0026111,HAM_0000374,0,1,1,9.984089410863817e-05,0.9989481568336487,0.0008525080047547817,1.2895683539682068e-05,6.588415271835402e-05,4.155385795456823e-06,1.6664938812027685e-05,0.5823650360107422,0.4285714328289032,6.392520299414173e-05,0.9999332427978516
ISIC_0026231,HAM_0006581,0,1,1,0.0005478944513015449,0.9871096611022949,5.239330494077876e-05,1.3025802218180615e-05,0.012099114246666431,1.9312839867779985e-05,0.00015862668806221336,0.5663904547691345,0.4285714328289032,0.00015673825691919774,0.9994624257087708
ISIC_0027005,HAM_0006596,0,1,4,0.00013417848094832152,0.2817373275756836,2.8321583158685826e-05,0.00047802019980736077,0.7172030806541443,0.0003921694587916136,2.6877520213020034e-05,0.5474286079406738,0.44897958636283875,1.999952110054437e-05,0.9999758005142212
ISIC_0031871,HAM_0006225,0,1,1,0.003079629736021161,0.9967262744903564,3.296768045402132e-05,2.629450500535313e-05,0.00010802924953168258,5.071650321042398e-06,2.1749447114416398e-05,0.5362500548362732,0.4693877398967743,0.00019874794816132635,0.9998883008956909
ISIC_0029075,HAM_0006225,0,1,1,0.00024233164731413126,0.9989301562309265,0.00010425625805510208,1.385895211569732e-05,0.00065181142417714,1.9406481442274526e-05,3.8242884329520166e-05,0.5211968421936035,0.4897959232330322,0.00012655298633035272,0.9998526573181152
ISIC_0028887,HAM_0006225,0,1,1,0.008529634214937687,0.9889413714408875,0.000700602657161653,0.00011072691268054768,0.0015932172536849976,4.9575708544580266e-05,7.486980030080304e-05,0.5375261902809143,0.44897958636283875,0.0003434746467974037,0.9996546506881714
ISIC_0031107,HAM_0006725,0,1,1,0.0009072320535778999,0.9941931366920471,0.00014438685320783406,0.00031818117713555694,0.004005394410341978,6.827693141531199e-05,0.00036341522354632616,0.534332811832428,0.4693877398967743,0.0001615649089217186,0.9998142123222351
ISIC_0026022,HAM_0006725,0,1,1,0.0006055283010937274,0.9990541338920593,6.478245722973952e-06,6.401632708730176e-05,0.00015705398982390761,2.4421611669822596e-05,8.830269507598132e-05,0.555427074432373,0.44897958636283875,0.0001955279294634238,0.9996724128723145
ISIC_0027639,HAM_0000204,0,1,1,0.18485471606254578,0.7929262518882751,0.0003138869651593268,0.005002387333661318,0.016078703105449677,0.000219164983718656,0.0006047842907719314,0.5283748507499695,0.4693877398967743,7.082522643031552e-05,0.9999384880065918
ISIC_0031314,HAM_0000204,0,1,1,0.012850555591285229,0.9752121567726135,0.00010990042210323736,0.010167104192078114,0.0009192237048409879,0.00037447563954629004,0.0003666437405627221,0.5054341554641724,0.4693877398967743,3.065532655455172e-05,0.9999208450317383
ISIC_0029182,HAM_0000277,0,1,1,0.0006746843573637307,0.9851676821708679,0.0005228015361353755,0.0036511896178126335,0.004460135940462351,0.005432785488665104,9.070596570381895e-05,0.5678167343139648,0.4285714328289032,2.4023829610086977e-05,0.9999568462371826
ISIC_0030635,HAM_0003640,0,1,1,5.388044883147813e-06,0.9999662637710571,2.8638021376536926e-06,4.933397121931193e-06,1.4603768249799032e-05,1.6225804984060233e-06,4.291228378860978e-06,0.5218074321746826,0.4897959232330322,4.324878318584524e-05,0.9999659061431885
ISIC_0030817,HAM_0000073,0,1,1,0.001059431699104607,0.9983053207397461,7.470994751201943e-05,0.0002556663239374757,4.542650276562199e-05,0.00018762689433060586,7.175965583883226e-05,0.5460609793663025,0.4693877398967743,3.612839282141067e-05,0.9999607801437378
ISIC_0029470,HAM_0000073,0,1,1,0.05598962679505348,0.943230152130127,0.00011531990458024666,0.0003941759350709617,1.884029188659042e-05,0.00011936663213418797,0.00013245409354567528,0.54227215051651,0.4897959232330322,1.9531435100361705e-05,0.9999845027923584
ISIC_0024447,HAM_0007429,0,1,1,0.097753144800663,0.9008431434631348,8.075859659584239e-05,0.000815771403722465,0.00024639812181703746,7.713266677455977e-05,0.0001837250019889325,0.5711352825164795,0.44897958636283875,6.02848558628466e-06,0.9999654293060303
ISIC_0032279,HAM_0004991,0,1,1,4.170375541434623e-05,0.9992959499359131,0.0005439913365989923,4.9168840632773936e-05,2.1054667740827426e-05,1.7998898329096846e-05,3.0139635782688856e-05,0.5333306193351746,0.4693877398967743,3.511609247652814e-05,0.9999786615371704
ISIC_0028243,HAM_0002556,0,1,1,0.0006077410071156919,0.9929647445678711,0.00010451562411617488,0.005603662692010403,0.00011915336654055864,0.000465706194518134,0.00013449399557430297,0.5593526363372803,0.44897958636283875,2.362072882533539e-05,0.9999004602432251
ISIC_0025436,HAM_0002556,0,1,1,3.079820453422144e-05,0.9997488856315613,4.486048055696301e-06,0.00011922232806682587,6.508213118650019e-05,1.9553728634491563e-05,1.2040661204082426e-05,0.5431638956069946,0.4897959232330322,2.2709593395120464e-05,0.9999865293502808
ISIC_0029079,HAM_0002888,0,1,1,0.00044876671745441854,0.9991181492805481,6.176660008350154e-06,0.00029166016611270607,7.135915802791715e-05,3.090769314439967e-05,3.294257840025239e-05,0.5612425208091736,0.44897958636283875,4.0117447497323155e-05,0.9998892545700073
ISIC_0025571,HAM_0002888,0,1,1,0.0011766994139179587,0.9981106519699097,1.3668957763002254e-05,0.000604517525061965,5.6054537708405405e-05,1.853152753028553e-05,1.984770642593503e-05,0.5199078917503357,0.4897959232330322,2.680778197827749e-05,0.999990701675415
ISIC_0025776,HAM_0003785,0,1,1,0.008025959134101868,0.9894389510154724,0.0009457544074393809,0.0010546538978815079,0.0002898520033340901,0.00011081104457844049,0.00013394640700425953,0.5269679427146912,0.4693877398967743,1.3118473361828364e-05,0.9999953508377075
ISIC_0025908,HAM_0003785,0,1,1,0.0521106943488121,0.9429339170455933,0.0016288823680952191,0.00113113212864846,0.0006737774237990379,0.0006862996378913522,0.0008351807482540607,0.5478330850601196,0.44897958636283875,5.7725587794266175e-06,0.9999852180480957
ISIC_0028945,HAM_0002370,0,1,1,0.011307837441563606,0.9868554472923279,8.114230149658397e-05,0.00011251984687987715,0.0015133210690692067,6.18549674982205e-05,6.791528721805662e-05,0.5589520335197449,0.4285714328289032,1.5762239854666404e-05,0.9999587535858154
ISIC_0030401,HAM_0002370,0,1,1,0.11349349468946457,0.8857182264328003,0.00013231488992460072,0.0001964774273801595,0.0002560765133239329,7.957309571793303e-05,0.0001237966207554564,0.549345076084137,0.4693877398967743,4.320834341342561e-05,0.9999388456344604
ISIC_0031131,HAM_0004443,0,1,4,0.12862735986709595,0.07227422297000885,0.021699482575058937,0.21961329877376556,0.549035906791687,0.0034826896153390408,0.005267033353447914,0.6138735413551331,0.3877550959587097,0.00016344831965398043,0.9983881711959839
ISIC_0031473,HAM_0004443,0,1,3,8.314668230013922e-05,1.6938142834987957e-06,0.0003868079511448741,0.9187548160552979,0.08040349185466766,0.0002834741899278015,8.653253462398425e-05,0.5612853765487671,0.4285714328289032,1.449739374947967e-05,0.9999755620956421
ISIC_0029671,HAM_0003754,0,1,1,2.2456331862485968e-05,0.9975516200065613,8.123102452373132e-05,0.00020546186715364456,0.0020680218003690243,1.3645598301081918e-05,5.75038866372779e-05,0.5377615690231323,0.4693877398967743,0.00020949261670466512,0.999776303768158
ISIC_0028787,HAM_0001934,0,1,1,0.013691304251551628,0.9831109046936035,8.088714821496978e-05,0.0009823947912082076,0.0020300354808568954,1.5285693734767847e-05,8.925522706704214e-05,0.5430115461349487,0.4693877398967743,5.503938882611692e-05,0.9999680519104004
ISIC_0026008,HAM_0001934,0,1,1,0.0005155541584827006,0.9990243911743164,4.5555825636256486e-05,0.0001740104053169489,0.00021518647554330528,1.0581723472569138e-05,1.469429480494e-05,0.5341767072677612,0.4693877398967743,4.666420500143431e-05,0.9999617338180542
ISIC_0026753,HAM_0001934,0,1,1,0.0007355730631388724,0.9957358837127686,7.7302691352088e-05,0.0011664790799841285,0.0022421798203140497,1.1911539331777021e-05,3.0692110158270225e-05,0.556988000869751,0.44897958636283875,3.4255324862897396e-05,0.9999575614929199
ISIC_0031134,HAM_0001934,0,1,1,0.00027683351072482765,0.9981892704963684,2.714378024393227e-05,0.000633600284345448,0.0008484102436341345,5.942504230915802e-06,1.8723609173321165e-05,0.5699500441551208,0.4285714328289032,6.730730092385784e-05,0.9998182654380798
ISIC_0025488,HAM_0002295,0,1,1,0.00029810203704982996,0.99937903881073,7.934220775496215e-05,4.8712114221416414e-05,4.748700303025544e-05,7.306363841053098e-05,7.42550691938959e-05,0.5432342886924744,0.4693877398967743,2.6938816517940722e-05,0.9999892711639404
ISIC_0027999,HAM_0002295,0,1,1,0.00011233612895011902,0.999546229839325,0.0001586898579262197,1.3930594832345378e-05,8.308463293360546e-05,3.971224577981047e-05,4.6019460569368675e-05,0.516462504863739,0.4897959232330322,5.658360896632075e-05,0.9999734163284302
ISIC_0031238,HAM_0002238,0,1,3,5.2493647672235966e-05,3.0108093821341975e-17,0.000134658781462349,0.9566512703895569,0.04252045229077339,0.0001505441323388368,0.0004906370304524899,0.5798330903053284,0.4285714328289032,4.5069284415610866e-10,1.0
ISIC_0026374,HAM_0002238,0,1,3,0.00011692415864672512,7.617875907337066e-20,2.8647489671129733e-05,0.9825320243835449,0.014950908720493317,0.00098009267821908,0.0013913183938711882,0.5576368570327759,0.4285714328289032,1.5214837723043217e-10,1.0
ISIC_0024827,HAM_0001125,0,1,1,0.08970410376787186,0.887869119644165,7.685023592785001e-05,0.02139236591756344,0.0008036706713028252,5.074145519756712e-05,0.00010315307008568197,0.6350021958351135,0.34693875908851624,6.3251645769923925e-06,0.9999475479125977
ISIC_0031304,HAM_0001125,0,1,1,0.007725733332335949,0.9890636801719666,0.0006934726843610406,0.0016520132776349783,0.0006619554478675127,8.92595635377802e-05,0.00011390154395485297,0.5895441770553589,0.4285714328289032,0.00018751560128293931,0.9995947480201721
ISIC_0028809,HAM_0004991,0,1,1,0.04449548199772835,0.955079972743988,0.00021294593170750886,0.00012686173431575298,2.2807958885096014e-05,1.2603779396158643e-05,4.924907989334315e-05,0.5959386825561523,0.40816324949264526,1.584183883096557e-05,0.9999865293502808
ISIC_0028865,HAM_0004600,0,1,1,0.1838468462228775,0.7819725871086121,0.022913752123713493,0.0004688417539000511,0.008301164023578167,0.0006732316105626523,0.001823668833822012,0.5791943073272705,0.40816324949264526,8.400445221923292e-05,0.9998277425765991
ISIC_0028464,HAM_0004600,0,1,1,0.009986964985728264,0.9804033041000366,0.008469604887068272,0.0004381388716865331,0.0003344150318298489,0.0001168483286164701,0.0002506519085727632,0.5789292454719543,0.4285714328289032,8.684329804964364e-05,0.999920129776001
ISIC_0025237,HAM_0001701,0,1,2,0.0270757544785738,0.32014939188957214,0.43274733424186707,0.19274167716503143,0.0007289391360245645,0.0028168722055852413,0.023739980533719063,0.555423378944397,0.4693877398967743,2.339616185054183e-05,0.9999443292617798
ISIC_0029390,HAM_0001701,0,1,1,0.1319875866174698,0.646830141544342,0.21299007534980774,0.0015985405771061778,0.002340188017114997,0.001386353513225913,0.0028671573381870985,0.5331315398216248,0.4693877398967743,4.361125684226863e-05,0.9999626874923706
ISIC_0027873,HAM_0006114,0,1,1,8.260747563326731e-05,0.9998881816864014,3.3353067010466475e-06,5.646666522807209e-06,5.128596512804506e-06,2.6871091449720552e-06,1.2365805559966248e-05,0.5736712217330933,0.4285714328289032,2.0125758965150453e-05,0.9999082088470459
ISIC_0027262,HAM_0003590,0,1,1,1.1892328984686173e-05,0.9931530952453613,8.289750985568389e-05,8.512096246704459e-05,0.00044460006756708026,0.0002544276067055762,0.005967980250716209,0.5390703678131104,0.4693877398967743,8.854373299982399e-05,0.9999734163284302
ISIC_0024916,HAM_0003590,0,1,1,5.962141585769132e-06,0.9983324408531189,0.00013451157428789884,4.1037761548068374e-05,4.761366653838195e-05,0.0003549312532413751,0.0010834981221705675,0.5314868092536926,0.4693877398967743,0.00013260878040455282,0.9996554851531982
ISIC_0030978,HAM_0002007,0,1,0,0.525107204914093,0.0007537593482993543,0.00059904670342803,0.002016104757785797,0.47132164239883423,7.513668242609128e-05,0.00012708024587482214,0.5473196506500244,0.44897958636283875,3.5970901080872864e-05,0.9999445676803589
ISIC_0028649,HAM_0003754,0,1,1,1.4454323718382511e-05,0.9988324046134949,3.636271139839664e-05,0.0002460577816236764,0.0008348875562660396,8.664024790050462e-06,2.7250960556557402e-05,0.5804257392883301,0.40816324949264526,0.00012394659279379994,0.9996258020401001
ISIC_0027984,HAM_0007413,0,1,1,0.0032121913973242044,0.9952248334884644,9.242403029929847e-05,0.0005007543950341642,0.0008197714341804385,5.514913209481165e-05,9.485928603680804e-05,0.5461050271987915,0.44897958636283875,0.0006050898809917271,0.9994317889213562
ISIC_0030810,HAM_0004956,0,1,1,0.0019089512061327696,0.991093099117279,2.543570735724643e-05,0.006791192106902599,1.6727995898691006e-05,0.00012822223652619869,3.631438812590204e-05,0.6198115944862366,0.3877550959587097,1.2546832294901833e-05,0.9999282360076904
ISIC_0026711,HAM_0007030,0,1,1,0.1324506551027298,0.8505840301513672,0.0006351831252686679,0.015454038977622986,0.00017276732251048088,7.306894258363172e-05,0.0006302821566350758,0.5905934572219849,0.3877550959587097,1.0318236491002608e-05,0.9999560117721558
ISIC_0028118,HAM_0007514,0,1,0,0.5008823871612549,0.49689704179763794,0.0005122426082380116,0.0005285487277433276,0.0005564437597058713,8.186561171896756e-05,0.0005414981860667467,0.5631603002548218,0.44897958636283875,1.0046502211480401e-05,0.9999706745147705
ISIC_0027959,HAM_0007083,0,1,1,0.0011589847272261977,0.998702883720398,1.579131821927149e-05,8.798144699539989e-05,3.0415737910516327e-06,1.6873791537364013e-05,1.4410802577913273e-05,0.49501878023147583,0.4897959232330322,1.6671488992869854e-05,0.9999948740005493
ISIC_0031599,HAM_0003263,0,1,1,0.000590521318372339,0.9978315234184265,0.0010315419640392065,9.890149522107095e-05,0.00022570525470655411,5.6293072702828795e-05,0.00016556866466999054,0.5557758212089539,0.44897958636283875,4.1318337025586516e-05,0.9999001026153564
ISIC_0028226,HAM_0003263,0,1,1,0.0007343635079450905,0.9026251435279846,0.05025738850235939,0.0007058678893372416,0.0010821718024089932,0.015601936727762222,0.028993163257837296,0.5447832345962524,0.4693877398967743,1.8779146557790227e-05,0.9999756813049316
ISIC_0032157,HAM_0000353,0,1,1,0.20711782574653625,0.7886261940002441,0.0007959138602018356,0.0012270117877051234,0.0007303967140614986,0.0007683878648094833,0.000734285858925432,0.5090921521186829,0.4693877398967743,1.1472071491880342e-05,0.9999954700469971
ISIC_0030263,HAM_0003672,0,1,1,0.033657025545835495,0.9385640025138855,0.0006708400323987007,0.02555651217699051,0.0006156053859740496,0.0003728908486664295,0.0005630674422718585,0.55443274974823,0.4693877398967743,5.119676643516868e-06,0.9999885559082031
ISIC_0028891,HAM_0006600,0,1,1,6.307286093942821e-05,0.8535809516906738,0.0019349058857187629,0.0033969474025070667,0.1368735432624817,0.0031343100126832724,0.0010161694372072816,0.5695450901985168,0.44897958636283875,1.1993212865490932e-05,0.9999825954437256
ISIC_0032018,HAM_0006600,0,1,1,8.048821473494172e-05,0.9926815629005432,0.00027635457809083164,0.00036085251485928893,0.0041039930656552315,0.00033129515941254795,0.0021654251031577587,0.5506375432014465,0.44897958636283875,4.5013297494733706e-05,0.9999645948410034
ISIC_0025540,HAM_0001083,0,1,1,0.001657099463045597,0.9974070191383362,3.841951911454089e-05,1.8285654732608236e-05,0.000779513327870518,2.1423138605314307e-05,7.817940058885142e-05,0.48612305521965027,0.5306122303009033,3.85352541343309e-05,0.9999449253082275
ISIC_0032333,HAM_0001083,0,1,1,0.000657227705232799,0.9988641738891602,4.078393612871878e-05,0.00010552180174272507,0.00018623510550241917,8.064899157034233e-05,6.548417877638713e-05,0.5633983612060547,0.44897958636283875,2.4832732378854416e-05,0.9999054670333862
ISIC_0028596,HAM_0003322,0,1,1,2.403375276571751e-07,0.9963796734809875,2.5149307475658134e-05,0.0004558672371786088,0.003034974681213498,6.180398486321792e-05,4.235808228258975e-05,0.5637877583503723,0.44897958636283875,2.5074677978409454e-05,0.9999730587005615
ISIC_0024519,HAM_0007543,0,1,1,0.003125653136521578,0.9965870380401611,3.123722126474604e-05,0.00012103636254323646,6.165546801639721e-05,3.5509128792909905e-05,3.788418689509854e-05,0.510338544845581,0.4897959232330322,3.072905747103505e-05,0.9999572038650513
ISIC_0026676,HAM_0007543,0,1,1,5.262756167212501e-05,0.9998040795326233,2.044724897132255e-05,5.086415694677271e-05,2.9495862690964714e-05,3.277541327406652e-05,9.719507943373173e-06,0.5259323120117188,0.4693877398967743,1.3619429410027806e-05,0.9999687671661377
ISIC_0027211,HAM_0006262,0,1,1,0.0004078105266671628,0.9992522597312927,0.0002013227203860879,1.8025044482783414e-05,8.444403647445142e-05,1.7535723600303754e-05,1.864028126874473e-05,0.5148691534996033,0.4693877398967743,2.4233801013906486e-05,0.9999922513961792
ISIC_0030900,HAM_0006262,0,1,1,7.713548257015646e-05,0.9974205493927002,3.758720413316041e-05,3.1757939723320305e-05,0.002362903207540512,4.2674866563174874e-05,2.7447669708635658e-05,0.5244207382202148,0.4897959232330322,0.0002347809640923515,0.9999426603317261
ISIC_0029328,HAM_0001169,0,1,4,0.2785901129245758,0.22601693868637085,0.0003241020312998444,0.001138797146268189,0.4913192391395569,0.001574926427565515,0.0010358039289712906,0.550971508026123,0.44897958636283875,5.009056621929631e-06,0.9999809265136719
ISIC_0030384,HAM_0001169,0,1,4,0.04731747880578041,0.04950529709458351,0.00015066437481436878,0.0014573571970686316,0.8970382809638977,0.0041610244661569595,0.00036984571488574147,0.5253731608390808,0.4693877398967743,6.307087915047305e-06,0.9999866485595703
ISIC_0029498,HAM_0001356,0,1,1,7.24328970136412e-07,0.9999669790267944,6.086094799684361e-06,4.157062448939541e-06,1.2146972949267365e-05,3.468248451099498e-06,6.395477157639107e-06,0.5039799809455872,0.4693877398967743,7.475506572518498e-05,0.9999129772186279
ISIC_0026333,HAM_0001356,0,1,1,0.0006904618931002915,0.9940144419670105,0.00032720540184527636,0.00331275537610054,0.0008690175018273294,0.000428870233008638,0.0003572569403331727,0.5399932861328125,0.44897958636283875,4.226579039823264e-05,0.999914288520813
ISIC_0028272,HAM_0001306,0,1,1,5.360287832445465e-05,0.9999010562896729,7.730892320978455e-06,2.4008504624362104e-06,1.618889655219391e-05,8.978860023489688e-06,1.0032704267359804e-05,0.532368004322052,0.4693877398967743,3.141583874821663e-05,0.9999746084213257
ISIC_0026603,HAM_0001306,0,1,1,0.0036731623113155365,0.9949184060096741,0.0004305453912820667,0.00019789444922935218,0.0004225752199999988,0.00013483625662047416,0.00022252206690609455,0.5109727382659912,0.4693877398967743,2.014530764427036e-05,0.999981164932251
ISIC_0028042,HAM_0003579,0,1,1,0.0006841480499133468,0.9920297861099243,0.0012780519900843501,0.0002475332876201719,0.0036024798173457384,0.0008147539338096976,0.001343150157481432,0.5177074074745178,0.4897959232330322,8.05865420261398e-06,0.9999972581863403
ISIC_0030229,HAM_0003579,0,1,1,0.0005082468269392848,0.9949852228164673,0.00020570005290210247,0.0009975627763196826,0.0022094075102359056,0.0007912566070444882,0.00030266903922893107,0.5171713829040527,0.4693877398967743,2.3784605218679644e-06,0.9999963045120239
ISIC_0030485,HAM_0002587,0,1,1,0.0008394388714805245,0.9988505840301514,1.904318924061954e-05,1.3397043403529096e-06,0.0002294681326020509,3.1934357593854656e-06,5.696920197806321e-05,0.5641800165176392,0.44897958636283875,5.1251492550363764e-05,0.9999736547470093
ISIC_0031803,HAM_0002587,0,1,1,0.12231770902872086,0.862694263458252,0.0030901588033884764,0.0002505004813428968,0.0052329618483781815,0.00019336161494720727,0.006221025716513395,0.5446881651878357,0.4693877398967743,3.8937385397730395e-05,0.999967098236084
ISIC_0025278,HAM_0002795,0,1,1,7.782040825077274e-07,0.9997707009315491,2.548067095631268e-05,9.722492904984392e-06,8.413655450567603e-05,9.289525769418105e-05,1.6290015992126428e-05,0.5452253222465515,0.44897958636283875,0.00010550751176197082,0.9999504089355469
ISIC_0032312,HAM_0002795,0,1,1,1.6716967365937307e-05,0.9996930360794067,5.96241770836059e-05,1.1558176993275993e-05,0.00010437169839860871,6.607648538192734e-05,4.875023296335712e-05,0.4973834156990051,0.4897959232330322,6.201180804055184e-05,0.9999850988388062
ISIC_0028562,HAM_0003619,0,1,1,0.000704057514667511,0.9795578122138977,0.01673448644578457,0.0005312181310728192,0.0011912398040294647,0.00036528686177916825,0.0009159402106888592,0.5474730134010315,0.44897958636283875,0.00013879234029445797,0.9997684359550476
ISIC_0025553,HAM_0003619,0,1,2,0.0003105791693087667,0.01089946273714304,0.9871489405632019,6.574098370037973e-05,0.000998430303297937,0.0003233499883208424,0.0002534870582167059,0.5353119373321533,0.44897958636283875,5.3571834541799035e-06,0.9999704360961914
ISIC_0030589,HAM_0005829,0,1,1,0.00012829439947381616,0.7316886186599731,0.2483266294002533,0.0006801805575378239,0.01759100705385208,0.0009094334091059864,0.0006758979288861156,0.5589269399642944,0.4285714328289032,1.4042774637346156e-05,0.999964714050293
ISIC_0030091,HAM_0005829,0,1,1,0.0018970081582665443,0.8001002073287964,0.004226892255246639,0.013515565544366837,0.17051604390144348,0.007007524836808443,0.002736762398853898,0.5154856443405151,0.4897959232330322,0.00020644943288061768,0.9998620748519897
ISIC_0026889,HAM_0002833,0,1,1,3.543899083524593e-06,0.9999537467956543,3.096806494795601e-06,2.5979525162256323e-06,2.807019882311579e-05,2.7813332508230815e-06,6.186307473399211e-06,0.5198777318000793,0.4897959232330322,0.00011217461724299937,0.9999173879623413
ISIC_0030963,HAM_0002833,0,1,1,3.1215626222547144e-05,0.9995710253715515,3.7765865272376686e-05,1.5246629118337296e-05,0.0002345192333450541,6.274542101891711e-05,4.745501064462587e-05,0.5125270485877991,0.4897959232330322,0.00023616802354808897,0.9999358654022217
ISIC_0029786,HAM_0007058,0,1,1,0.0001047107289195992,0.9978894591331482,0.0004637280653696507,8.231421816162765e-05,4.742191595141776e-05,0.0006299407104961574,0.0007823927444405854,0.5281915068626404,0.4693877398967743,8.751217683311552e-05,0.999850869178772
ISIC_0027642,HAM_0007058,0,1,1,0.00030077272094786167,0.9995251893997192,5.123391019878909e-06,7.034116606519092e-06,0.00011624831677181646,1.1497919331304729e-05,3.4235723433084786e-05,0.5534693002700806,0.44897958636283875,7.931565778562799e-05,0.9998979568481445
ISIC_0030059,HAM_0005246,0,1,1,1.8472541341907345e-05,0.9963151812553406,0.002131457906216383,7.686615572310984e-05,0.0009186860988847911,0.00034138033515773714,0.0001980126544367522,0.5114430785179138,0.4897959232330322,8.751193672651425e-05,0.9999750852584839
ISIC_0028658,HAM_0004703,0,1,1,3.7021356547484174e-05,0.9998751878738403,4.845200237468816e-06,5.677133231074549e-06,6.387006578734145e-05,4.530143542069709e-06,8.760205673752353e-06,0.5144010782241821,0.4693877398967743,7.185287813626928e-06,0.9999897480010986
ISIC_0030300,HAM_0002284,0,1,1,7.483267836505547e-05,0.9998546838760376,2.9452496164594777e-05,5.058641363575589e-06,4.155311216891278e-06,1.5418418115586974e-05,1.6486206732224673e-05,0.5364123582839966,0.4693877398967743,4.695516327046789e-05,0.9999451637268066
ISIC_0030086,HAM_0000229,0,1,1,0.22595250606536865,0.7713537812232971,0.00011343454389134422,0.0004837681190110743,0.0004684709128923714,0.0012626828392967582,0.00036533124512061477,0.5377640724182129,0.4693877398967743,1.0503116754989605e-05,0.9999814033508301
ISIC_0031395,HAM_0005974,0,1,0,0.5656046271324158,0.021008269861340523,0.0005908214952796698,0.39777877926826477,0.01324869692325592,0.000870450516231358,0.0008983111474663019,0.5629611015319824,0.4285714328289032,1.2822667486034334e-05,0.9999892711639404
ISIC_0032706,HAM_0000412,0,1,1,0.008295104838907719,0.9907147884368896,0.00010852632112801075,0.0005178481223993003,0.00012582394992932677,7.739327702438459e-05,0.00016055938613135368,0.468500018119812,0.5306122303009033,0.00016479086480103433,0.9999411106109619
ISIC_0033445,HAM_0000765,0,1,1,2.5389290385646746e-05,0.9998754262924194,9.942389624484349e-06,1.7453667169320397e-05,4.197279122308828e-05,1.20281820272794e-05,1.785632412065752e-05,0.4606005549430847,0.5510203838348389,2.255185245303437e-05,0.9999858140945435
ISIC_0033682,HAM_0003365,0,1,1,4.134587015869329e-06,0.9974604845046997,1.269897893507732e-05,8.370678551727906e-05,0.0023394115269184113,6.442226003855467e-05,3.511943214107305e-05,0.5498977303504944,0.44897958636283875,3.655923137557693e-05,0.9999208450317383
ISIC_0032979,HAM_0003359,0,1,1,0.0006497889989987016,0.9978856444358826,0.00020103644055780023,0.0008520549745298922,9.14969205041416e-05,0.00014972465578466654,0.00017018546350300312,0.46102118492126465,0.5510203838348389,4.894326411886141e-05,0.9999797344207764
ISIC_0033890,HAM_0003365,0,1,1,3.2351566915167496e-05,0.9986095428466797,6.076349563954864e-06,5.593374226009473e-05,0.0012611309066414833,2.256703555758577e-05,1.2356778825051151e-05,0.5586429238319397,0.4285714328289032,0.0002286629460286349,0.9995025396347046
ISIC_0033335,HAM_0005313,0,1,1,0.0002331498690182343,0.9925988912582397,0.00015726573474239558,0.0008214987465180457,0.0055578285828232765,0.0004528853460215032,0.00017844368994701654,0.5102087259292603,0.4897959232330322,0.00010159186058444902,0.9999449253082275
ISIC_0032616,HAM_0007376,0,1,1,1.0517425835132599e-05,0.9998223185539246,2.159275027224794e-05,4.104890103917569e-05,8.480946416966617e-05,9.163791219179984e-06,1.0571709026407916e-05,0.5061118602752686,0.4897959232330322,0.0004275148385204375,0.9998964071273804
ISIC_0033225,HAM_0001106,0,1,0,0.5809456706047058,0.41858136653900146,3.1608607969246805e-05,0.00018588840612210333,0.00016020059410948306,1.0672368262021337e-05,8.463097037747502e-05,0.5753970742225647,0.4285714328289032,1.705105387372896e-05,0.9999610185623169
ISIC_0033615,HAM_0001106,0,1,1,0.0031659132800996304,0.9962754249572754,1.883982986328192e-05,0.00010610333265503868,0.00040538026951253414,1.1986167010036297e-05,1.6435729776276276e-05,0.5510026216506958,0.44897958636283875,0.00011241382162552327,0.9998552799224854
ISIC_0034163,HAM_0005263,0,1,1,2.0904387838527327e-06,0.9985904097557068,0.0001199822363560088,2.4084509277599864e-05,0.0011367021361365914,4.348577931523323e-05,8.323990914504975e-05,0.5016727447509766,0.4897959232330322,0.0005082817515358329,0.9993962049484253
ISIC_0034277,HAM_0005263,0,1,1,0.0021049489732831717,0.7307819724082947,0.004073848016560078,0.0006533802952617407,0.26116088032722473,0.000606930407229811,0.000618128920905292,0.5390894412994385,0.4693877398967743,0.0001108923097490333,0.9998860359191895
ISIC_0034147,HAM_0005263,0,1,1,1.106452458543572e-07,0.9999890327453613,2.091959458994097e-06,2.800804168145987e-06,3.015175479958998e-06,1.8933574210677762e-06,1.1065268381571514e-06,0.5257298350334167,0.4897959232330322,0.0001591886830283329,0.9998912811279297
ISIC_0033247,HAM_0005263,0,1,1,3.8020768897695234e-06,0.999945878982544,6.378178113664035e-06,7.291314432222862e-06,2.4456350729451515e-05,6.589095846720738e-06,5.7064394241024274e-06,0.5096409916877747,0.4693877398967743,0.00021032481163274497,0.9997134804725647
ISIC_0033918,HAM_0005263,0,1,1,9.168422548100352e-05,0.9913023710250854,0.0006476156413555145,0.00017834868049249053,0.007482064422219992,0.00015923376486171037,0.00013878222671337426,0.5323289036750793,0.4693877398967743,0.00013895177107769996,0.9998164772987366
ISIC_0032889,HAM_0005263,0,1,1,3.6895155517413514e-06,0.9998942613601685,1.3044292245467659e-05,1.2116634025005624e-05,4.8370216973125935e-05,1.7625126929488033e-05,1.0870296136999968e-05,0.5313271880149841,0.4693877398967743,0.000189017373486422,0.9995474219322205
ISIC_0033997,HAM_0006353,0,1,1,0.0002113308000843972,0.9995765089988708,9.78288608166622e-06,5.3162442782195285e-05,2.0384892195579596e-05,9.028526255860925e-05,3.8527254218934104e-05,0.5349600315093994,0.4693877398967743,1.5937303032842465e-05,0.999976634979248
ISIC_0032712,HAM_0006353,0,1,1,0.01136796735227108,0.9866503477096558,5.539998164749704e-05,0.0007175853825174272,1.3542404303734656e-05,0.0010837927693501115,0.00011129171616630629,0.5738033652305603,0.4285714328289032,3.0463188522844575e-05,0.9999533891677856
ISIC_0033164,HAM_0006353,0,1,1,0.00027816201327368617,0.9995800852775574,1.2042221896990668e-05,5.436094579636119e-05,2.6403549782116897e-06,6.0224265325814486e-05,1.2619851077033672e-05,0.5751546025276184,0.4285714328289032,1.0748144632088952e-06,0.9999861717224121
ISIC_0033395,HAM_0004392,0,1,1,0.00027999316807836294,0.9995926022529602,4.869376425631344e-05,1.4180724065226968e-05,5.948832495050738e-06,4.365430140751414e-05,1.4925143659638707e-05,0.5267907381057739,0.4897959232330322,0.0001089280704036355,0.9999533891677856
ISIC_0033355,HAM_0004392,0,1,1,0.0020050518214702606,0.9977551102638245,6.271649181144312e-05,1.7984020814765245e-05,2.7055644750362262e-05,9.565283835399896e-05,3.6527926567941904e-05,0.5480142831802368,0.44897958636283875,4.1904746467480436e-05,0.9999350309371948
ISIC_0033095,HAM_0004392,0,1,1,0.001356162945739925,0.9983572363853455,9.576333832228556e-05,6.1465660110116e-05,1.315978261118289e-05,7.304513565031812e-05,4.311804877943359e-05,0.5291467905044556,0.4897959232330322,6.011256482452154e-05,0.9999358654022217
ISIC_0033040,HAM_0007478,0,1,1,0.00014886166900396347,0.9995206594467163,5.712167876481544e-06,2.395150477241259e-05,0.00022316434478852898,4.775479101226665e-05,2.985811988764908e-05,0.5128421187400818,0.4897959232330322,3.8714599213562906e-05,0.9999445676803589
ISIC_0032631,HAM_0001834,0,1,1,3.032613449249766e-06,0.9999784231185913,3.8103787574073067e-06,1.08780716345791e-06,9.893386049952824e-06,1.0493162108105025e-06,2.7341836812411202e-06,0.5039387941360474,0.4897959232330322,9.957389556802809e-05,0.9999756813049316
ISIC_0032528,HAM_0003945,0,1,1,7.876198651501909e-06,0.9998111128807068,2.545556526456494e-05,2.1100466256029904e-05,4.9871909141074866e-05,3.175046731485054e-05,5.288311149342917e-05,0.5106154084205627,0.4897959232330322,1.1840496881632134e-05,0.999956488609314
ISIC_0033879,HAM_0000007,0,1,1,3.645849574240856e-05,0.9994027614593506,4.484336841414915e-06,8.806556252238806e-06,0.0005249032401479781,7.478489806089783e-06,1.5046820408315398e-05,0.5263871550559998,0.4897959232330322,0.0006143114878796041,0.9995995163917542
ISIC_0033495,HAM_0003968,0,1,1,0.00028095446759834886,0.9983378648757935,0.0004940299550071359,6.483644392574206e-05,0.0006724345730617642,9.091346873901784e-05,5.890653847018257e-05,0.5252929925918579,0.44897958636283875,0.000239381508436054,0.9996457099914551
ISIC_0033161,HAM_0003968,0,1,1,4.2451788431208115e-06,0.9996477365493774,0.00011892831389559433,7.760293556202669e-06,6.950993702048436e-05,0.00011317427561152726,3.8608824979746714e-05,0.4673355221748352,0.5306122303009033,0.00013802159810438752,0.9998966455459595
ISIC_0032796,HAM_0003968,0,1,1,0.0014147645561024547,0.9832810759544373,0.01089141983538866,0.0005294504808261991,0.0019352794624865055,0.0013116303598508239,0.0006363107822835445,0.49473991990089417,0.4897959232330322,5.285087536321953e-05,0.9999756813049316
ISIC_0032828,HAM_0005308,0,1,1,8.695864380570129e-06,0.9998743534088135,1.5269431969500147e-05,1.3188141565478873e-05,5.518423859030008e-05,2.2656662622466683e-05,1.0592665603326168e-05,0.5307061672210693,0.4693877398967743,9.075479283637833e-06,0.9999732971191406
ISIC_0033690,HAM_0004347,0,1,1,1.3015830973017728e-06,0.9999047517776489,9.762413355929311e-06,7.682669092901051e-06,4.2887404561042786e-05,2.6351126507506706e-05,7.285309038707055e-06,0.5103259682655334,0.4897959232330322,1.9867971786879934e-05,0.9999939203262329
ISIC_0033898,HAM_0003812,0,1,1,0.0016734078526496887,0.9958964586257935,7.54316570237279e-05,0.001523116254247725,0.00014843750977888703,0.00033412076300010085,0.00034915536525659263,0.5383444428443909,0.4693877398967743,4.292389712645672e-05,0.9998340606689453
ISIC_0032647,HAM_0003814,0,1,1,2.930477194240666e-06,0.999113142490387,0.0002959715202450752,0.00012162086204625666,0.0002030317991739139,0.0001755773846525699,8.777626499067992e-05,0.4892328083515167,0.4897959232330322,5.1988197810715064e-05,0.9999638795852661
ISIC_0024715,HAM_0003815,0,1,1,3.6172824735558606e-08,0.9999815225601196,4.998800704925088e-06,5.051709194958676e-06,2.300892674611532e-06,3.8484117794723716e-06,2.33028072216257e-06,0.53131103515625,0.4693877398967743,1.1136817192891613e-05,0.9999929666519165
ISIC_0034072,HAM_0006237,0,1,4,3.2223411835730076e-05,0.008368577808141708,0.06643033772706985,0.0019051043782383204,0.9201174974441528,0.002263527363538742,0.0008827269193716347,0.5155732035636902,0.4693877398967743,1.0751142326625995e-05,0.9999924898147583
ISIC_0032849,HAM_0006231,0,1,1,1.8785574866342358e-05,0.9997475743293762,1.040237839333713e-05,5.14667117386125e-05,0.00013386445061769336,2.648092049639672e-05,1.139836422225926e-05,0.5478541254997253,0.44897958636283875,1.6263462384813465e-05,0.9999535083770752
ISIC_0033043,HAM_0006232,0,1,1,1.6974528989521787e-05,0.9997486472129822,6.839048637630185e-06,2.236449290649034e-05,5.465030699269846e-05,0.0001342643954558298,1.6201318430830725e-05,0.5449201464653015,0.44897958636283875,3.715331695275381e-05,0.9999152421951294
ISIC_0033467,HAM_0004197,0,1,1,3.6035933135281084e-06,0.9999558925628662,1.167926166090183e-05,4.787174930243054e-06,8.278946552309208e-06,6.845641109975986e-06,9.035997209139168e-06,0.5181987285614014,0.4897959232330322,7.576381176477298e-05,0.9999682903289795
ISIC_0033039,HAM_0004190,0,1,1,5.800319922855124e-05,0.9997274279594421,1.0231926353299059e-05,2.274687540193554e-05,0.00013039784971624613,2.6148381948587485e-05,2.5115805328823626e-05,0.5244860649108887,0.4897959232330322,3.876051778206602e-05,0.999954342842102
ISIC_0033892,HAM_0004208,0,1,1,7.3656342465255875e-06,0.9998704195022583,5.8384692238178104e-05,1.1816812730103265e-05,5.642706128128339e-06,2.937601129815448e-05,1.7101816411013715e-05,0.5114282965660095,0.4897959232330322,1.392312151438091e-05,0.9999939203262329
ISIC_0032571,HAM_0004181,0,1,1,1.32911645778222e-06,0.9997780919075012,6.28151319688186e-05,5.886991857551038e-06,7.617142273375066e-06,0.00013741521979682148,6.848752946098102e-06,0.5381648540496826,0.4693877398967743,3.0700773550051963e-06,0.9999929666519165
ISIC_0033101,HAM_0004194,0,1,1,4.7191053454298526e-05,0.9998267292976379,4.805082062375732e-05,1.0607737749523949e-05,2.552566002123058e-05,1.7215925254276954e-05,2.4712326194276102e-05,0.5231340527534485,0.4897959232330322,8.684660861035809e-05,0.9996697902679443
ISIC_0034081,HAM_0004210,0,1,1,8.997780969366431e-05,0.9997950196266174,3.179464692948386e-05,2.0713850972242653e-05,1.199752114189323e-05,2.1903762899455614e-05,2.8540793209685944e-05,0.5059252977371216,0.4897959232330322,1.1784397429437377e-05,0.9999732971191406
ISIC_0034312,HAM_0004216,0,1,1,0.0007646142039448023,0.9983606934547424,0.00043661572271957994,0.00010484144149813801,5.8851677749771625e-05,0.0001472870644647628,0.0001269868080271408,0.46535465121269226,0.5306122303009033,3.857985575450584e-06,0.9999828338623047
ISIC_0033841,HAM_0000822,0,1,1,6.322879926301539e-07,0.9999419450759888,8.34314869280206e-06,1.4617388842452783e-05,1.7136720998678356e-05,7.974645996000618e-06,9.289171430282295e-06,0.4743541181087494,0.5306122303009033,7.095160526660038e-06,0.9999802112579346
ISIC_0034266,HAM_0004120,0,1,1,2.5613040634198114e-05,0.999622106552124,9.185644739773124e-05,2.4867471438483335e-05,3.352720523253083e-05,7.869954424677417e-05,0.00012330907338764518,0.5378261804580688,0.4693877398967743,9.215658064931631e-05,0.9998365640640259
ISIC_0034130,HAM_0007172,0,1,1,2.5665038265287876e-05,0.999630331993103,2.0666933778556995e-05,2.587212838989217e-05,0.00021138371084816754,2.8248565286048688e-05,5.777487240266055e-05,0.5555952191352844,0.44897958636283875,0.0003841492289211601,0.9999221563339233
ISIC_0033809,HAM_0003998,0,1,1,4.1073650209000334e-05,0.9987072944641113,3.516106289680465e-06,1.1790555618063081e-05,0.0012059829896315932,1.545272971270606e-05,1.4819730495219119e-05,0.5090880990028381,0.4897959232330322,6.778014358133078e-05,0.9999586343765259
ISIC_0032814,HAM_0001366,0,1,1,1.6398829529862269e-06,0.999958872795105,1.221536194861983e-06,6.304630915110465e-06,1.855653135862667e-05,4.797262135980418e-06,8.587694537709467e-06,0.5137951970100403,0.4693877398967743,4.6519446186721325e-05,0.9999614953994751
ISIC_0033330,HAM_0005156,0,1,1,3.867358827847056e-06,0.9991263747215271,0.0006256279884837568,1.0461404599482194e-05,6.532587576657534e-05,3.10493451252114e-05,0.00013719590788241476,0.5605705380439758,0.4285714328289032,0.00024871242931112647,0.9996674060821533
ISIC_0033515,HAM_0002402,0,1,1,0.031268175691366196,0.9672148823738098,1.543778671475593e-05,0.0002483166172169149,0.001127714989706874,4.9028403736883774e-05,7.64280921430327e-05,0.5322584509849548,0.4693877398967743,1.8161643311032094e-05,0.9999785423278809
ISIC_0034040,HAM_0003808,0,4,4,0.0032388248946517706,0.4822101294994354,0.0006325532449409366,0.005220587830990553,0.5075691938400269,0.0008150294306688011,0.00031362607842311263,0.4956524670124054,0.5102040767669678,7.877175085013732e-05,0.9999644756317139
ISIC_0029355,HAM_0007069,0,1,1,0.00018164869106840342,0.9989816546440125,0.0003325736615806818,6.297788786469027e-05,0.00012760996469296515,0.00010078945342684165,0.0002127616899088025,0.5362755656242371,0.4693877398967743,5.290337139740586e-05,0.9999282360076904
ISIC_0031209,HAM_0007069,0,1,1,2.1512325929506915e-06,0.9998735189437866,1.2835047527914867e-05,1.6684576621628366e-05,1.7045238564605825e-05,5.5805408919695765e-05,2.2007750885677524e-05,0.5176818370819092,0.4897959232330322,5.968063487671316e-05,0.9999674558639526
ISIC_0024437,HAM_0002566,0,1,1,0.001881037256680429,0.9787927269935608,6.201112410053611e-05,0.004133937414735556,0.013730239123106003,0.0007684291340410709,0.0006316523649729788,0.5359606742858887,0.4693877398967743,0.00017835409380495548,0.9997773766517639
ISIC_0031105,HAM_0002566,0,1,1,6.401358405128121e-05,0.9996975660324097,8.507477468810976e-05,5.308676463755546e-06,0.00012371852062642574,8.957968930189963e-06,1.5331075701396912e-05,0.556190013885498,0.44897958636283875,8.707706001587212e-05,0.9995452761650085
ISIC_0027345,HAM_0005091,0,1,1,0.022146275267004967,0.9725592136383057,0.0005306919338181615,0.0003578658797778189,0.004073421470820904,0.000123229983728379,0.0002093030489049852,0.540264904499054,0.4693877398967743,0.00013048716937191784,0.9998236298561096
ISIC_0031148,HAM_0005091,0,1,1,5.078909816802479e-05,0.9993126392364502,1.446582427888643e-05,2.4528404537704773e-05,0.0005451029282994568,2.12268132600002e-05,3.127891613985412e-05,0.541841447353363,0.44897958636283875,0.00052797538228333,0.9990893602371216
ISIC_0028008,HAM_0005018,0,1,1,4.7459274355787784e-05,0.9994282126426697,0.00030500683351419866,6.633986777160317e-05,2.2194362827576697e-05,9.249116556020454e-05,3.828633271041326e-05,0.549144983291626,0.44897958636283875,1.9540062567102723e-05,0.9999836683273315
ISIC_0026440,HAM_0005018,0,1,1,2.6559357593214372e-06,0.9999573230743408,1.8057953639072366e-05,1.0727673725341447e-05,4.463539426069474e-06,4.009189069620334e-06,2.741692696872633e-06,0.5416422486305237,0.44897958636283875,9.416259126737714e-05,0.9999802112579346
ISIC_0029038,HAM_0004857,0,1,1,0.034629903733730316,0.9626273512840271,2.344302811252419e-05,0.00016579874500166625,0.002379421377554536,8.2734739407897e-05,9.13381009013392e-05,0.5300491452217102,0.4897959232330322,6.622546789003536e-05,0.999962329864502
ISIC_0031222,HAM_0004857,0,1,1,2.6406380129628815e-05,0.9999127388000488,1.3734258573094849e-05,7.248691417771624e-06,2.1749840016127564e-05,6.0238126025069505e-06,1.2068318028468639e-05,0.5044106245040894,0.4897959232330322,9.769900498213246e-05,0.9999372959136963
ISIC_0032273,HAM_0006283,0,1,1,8.938138489611447e-05,0.9997734427452087,6.514877895824611e-06,3.4413403682265198e-06,0.00011435215856181458,4.257000455254456e-06,8.535214874427766e-06,0.5263239145278931,0.4693877398967743,6.66552223265171e-05,0.9998908042907715
ISIC_0027924,HAM_0006283,0,1,1,1.107158914237516e-05,0.9999454021453857,1.793481260392582e-06,2.0616773781512165e-06,3.655546606751159e-05,4.749592221742205e-07,2.7014823444915237e-06,0.5413857102394104,0.4285714328289032,0.00018061981245409697,0.9997959733009338
ISIC_0031547,HAM_0000102,0,1,1,0.000355492637027055,0.9875861406326294,0.006006905343383551,8.971567149274051e-05,0.003423911053687334,0.0009083270560950041,0.0016295792302116752,0.5530185699462891,0.44897958636283875,0.00010511977598071098,0.9997956156730652
ISIC_0032221,HAM_0000102,0,1,1,0.01764683611690998,0.975864589214325,0.003036336274817586,0.0001250602799700573,0.0019631206523627043,0.0010056101018562913,0.0003585479862522334,0.5397919416427612,0.4693877398967743,2.652246803336311e-05,0.9999631643295288
ISIC_0031649,HAM_0003322,0,1,4,0.0004466353275347501,0.44801321625709534,0.010211500339210033,0.024708840996026993,0.5153656601905823,0.00048630431410856545,0.000767844554502517,0.5547341704368591,0.4285714328289032,1.4039881534699816e-05,0.9999910593032837
ISIC_0032173,HAM_0001694,0,3,3,0.00043922668555751443,0.008781317621469498,0.04083004966378212,0.8161778450012207,0.13155032694339752,0.0010467574466019869,0.001174514414742589,0.5172595977783203,0.4897959232330322,2.00606846192386e-05,0.9998760223388672
ISIC_0033456,HAM_0002615,0,3,3,7.86634973337641e-06,4.92589839953811e-16,7.40674408916675e-07,0.999963641166687,2.0077544832020067e-05,5.650367711496074e-06,2.0536301690299297e-06,0.5035679936408997,0.5102040767669678,3.296229778015913e-08,0.9999998807907104
ISIC_0030408,HAM_0002061,0,3,3,0.010519684292376041,1.3996696857088153e-10,0.0010507677216082811,0.8888440728187561,0.019068630412220955,0.08019024133682251,0.0003266852581873536,0.5604392886161804,0.4285714328289032,2.3387719920719974e-06,0.9999876022338867
ISIC_0030297,HAM_0001621,0,3,3,0.0018704960821196437,1.0969811213915048e-12,1.940343736350769e-06,0.9913579225540161,5.7701774494489655e-05,0.006694011390209198,1.7980784832616337e-05,0.5224465131759644,0.4897959232330322,1.317444713322402e-07,1.0
ISIC_0026411,HAM_0004846,0,3,3,3.291949178674258e-05,0.004425398539751768,0.001451623858883977,0.9935652613639832,0.0003466963826213032,0.00013391599350143224,4.41983065684326e-05,0.5364863872528076,0.4693877398967743,9.16760018299101e-06,0.999994158744812
ISIC_0029634,HAM_0003971,0,3,3,3.4232259622513084e-06,1.245023550922042e-08,2.5092381505942285e-08,0.9999622106552124,3.226186163374223e-05,6.108956540629151e-07,1.5072273527039215e-06,0.5565730929374695,0.44897958636283875,3.743498382391408e-07,0.999998927116394
ISIC_0030803,HAM_0004012,0,3,3,0.00187469192314893,0.15993069112300873,0.13715766370296478,0.3876253068447113,0.3042658269405365,0.006545048672705889,0.002600755775347352,0.5785918831825256,0.40816324949264526,1.7164245946332812e-05,0.9998940229415894
ISIC_0025831,HAM_0004012,0,3,4,0.0008877364452928305,0.0021939724683761597,0.14615388214588165,0.053944122046232224,0.7721413969993591,0.008888284675776958,0.015790700912475586,0.5637487769126892,0.4285714328289032,4.3929907405981794e-05,0.9999136924743652
ISIC_0027719,HAM_0007354,0,3,3,0.00010049968841485679,0.003527864580973983,0.0002016095822909847,0.99068683385849,0.0048992931842803955,0.0005129471537657082,7.096362242009491e-05,0.6064297556877136,0.3877550959587097,1.0686849236662965e-06,0.999984860420227
ISIC_0025069,HAM_0006222,0,3,3,0.0003599851334001869,3.5148359778247595e-09,0.0008209735970012844,0.9961938858032227,0.0003322172851767391,0.0022567107807844877,3.622589792939834e-05,0.5310705304145813,0.4693877398967743,1.1028840845028753e-06,0.9999982118606567
ISIC_0028816,HAM_0003123,0,3,3,2.6662599339033477e-05,6.037979005668603e-08,0.0009048350038938224,0.9987806677818298,0.00011364596139173955,9.645200043451041e-05,7.765628834022209e-05,0.5242932438850403,0.4693877398967743,4.528990302787861e-06,0.9999939203262329
ISIC_0028232,HAM_0003123,0,3,3,0.07966349273920059,0.2075493484735489,0.054187215864658356,0.6555541157722473,0.0017878318903967738,0.0007844847277738154,0.0004735187394544482,0.5360952019691467,0.4693877398967743,4.7386009100591764e-05,0.999923825263977
ISIC_0030191,HAM_0003161,0,3,0,0.6207154989242554,0.010514372028410435,0.16702979803085327,0.10196632891893387,0.09629637748003006,0.002163322176784277,0.0013143515679985285,0.5092340707778931,0.5102040767669678,1.8349890524405055e-05,0.9999939203262329
ISIC_0025331,HAM_0001258,0,3,3,2.966752253996674e-05,7.629963079125446e-07,0.00019338552374392748,0.9997609257698059,4.868740688834805e-06,3.5873283650289522e-06,6.711586593155516e-06,0.5594615340232849,0.4285714328289032,2.0219476937199943e-06,0.9999990463256836
ISIC_0027577,HAM_0005958,0,3,3,9.649025014368817e-05,3.747137452592142e-05,0.0003689309232868254,0.9603354334831238,0.03699875250458717,0.002029028255492449,0.00013388005027081817,0.5098336338996887,0.4897959232330322,2.0399177174112992e-06,0.9999938011169434
ISIC_0032349,HAM_0003086,0,3,2,0.06837441027164459,3.6063265724806115e-05,0.8316623568534851,0.07645729929208755,0.022829050198197365,0.00042156342533417046,0.00021922333689872175,0.5463786125183105,0.44897958636283875,1.0269260201312136e-05,0.9999957084655762
ISIC_0027708,HAM_0005438,0,3,3,4.594472557073459e-05,3.853040933185503e-13,0.00024135290004778653,0.9988752007484436,0.0005073236534371972,2.203505118814064e-06,0.0003278885851614177,0.4804758131504059,0.5510203838348389,1.64095510513107e-07,0.9999997615814209
ISIC_0029541,HAM_0004636,0,3,3,0.05338325351476669,0.00027283563395030797,0.0010665496811270714,0.49164047837257385,0.4489895701408386,0.0016362662427127361,0.003011002205312252,0.5914481282234192,0.40816324949264526,6.8553367782442365e-06,0.9999867677688599
ISIC_0030827,HAM_0001173,0,3,3,1.8816803276422434e-05,6.818833053756634e-09,3.993692371295765e-05,0.9495224952697754,0.050158124417066574,0.00021424524311441928,4.635628283722326e-05,0.49126455187797546,0.5102040767669678,8.758113835938275e-06,0.9999738931655884
ISIC_0026729,HAM_0006560,0,3,3,0.0005900462274439633,0.05079467222094536,0.00024341170501429588,0.9427604675292969,0.0019550309516489506,0.0029702128376811743,0.0006861949805170298,0.5753116607666016,0.4285714328289032,3.6266050301492214e-05,0.9998136162757874
ISIC_0028372,HAM_0006482,0,3,4,0.0006490650121122599,0.001671806094236672,0.0003024381003342569,0.47424906492233276,0.49723300337791443,0.025294208899140358,0.0006004421156831086,0.5440472960472107,0.4693877398967743,1.6019268514355645e-05,0.9999521970748901
ISIC_0027506,HAM_0006482,0,3,4,0.00015060725854709744,3.3918593089765636e-07,5.319727279129438e-05,0.14167842268943787,0.8552749156951904,0.0026717043947428465,0.00017090403707697988,0.5410138368606567,0.44897958636283875,4.448592517292127e-05,0.9999206066131592
ISIC_0026625,HAM_0005354,0,3,3,0.0007950673461891711,5.983994924463332e-05,0.0008213458932004869,0.9813578724861145,0.0164700485765934,0.0001864696096163243,0.0003093667037319392,0.5362709760665894,0.4693877398967743,4.081879524164833e-05,0.9999510049819946
ISIC_0028854,HAM_0005356,0,3,3,0.0002890664618462324,1.5761956627044493e-12,2.646184839250054e-06,0.999602735042572,5.98624101257883e-05,3.736799044418149e-05,8.308381438837387e-06,0.5961688160896301,0.40816324949264526,6.061606541152287e-07,0.9999958276748657
ISIC_0027650,HAM_0002648,0,3,3,0.009807801805436611,6.046523282066119e-08,0.0023982261773198843,0.9684491753578186,0.01914859004318714,3.0028946639504284e-05,0.00016603601397946477,0.5594267249107361,0.4285714328289032,3.1550141557090683e-06,0.9999910593032837
ISIC_0030341,HAM_0004558,0,3,1,0.007165126968175173,0.6558138728141785,0.251179963350296,0.02590063400566578,0.047810230404138565,0.010039463639259338,0.0020907733123749495,0.5070567727088928,0.4897959232330322,8.398482168558985e-05,0.9998936653137207
ISIC_0025808,HAM_0002261,0,3,3,7.674238440813497e-05,1.7360316917347518e-07,0.004694873467087746,0.9945277571678162,0.00021106298663653433,0.00035173827200196683,0.00013762977323494852,0.5486931204795837,0.4285714328289032,8.199801413866226e-06,0.9999915361404419
ISIC_0024771,HAM_0006301,0,3,3,1.8571210603113286e-05,6.685269227091339e-07,0.011824485845863819,0.9862114191055298,3.302767072455026e-05,0.0005820003570988774,0.0013297706609591842,0.5452240705490112,0.4693877398967743,4.918548438581638e-05,0.9999673366546631
ISIC_0029371,HAM_0005264,0,3,2,3.1514778697783186e-07,2.40065300971537e-10,0.999407172203064,0.00023858477652538568,3.579831536626443e-05,4.816937507712282e-05,0.0002699194592423737,0.5549228191375732,0.4693877398967743,2.2716328658134444e-06,0.9999836683273315
ISIC_0031659,HAM_0005264,0,3,3,0.00012068496289430186,4.423916834639385e-06,0.15126153826713562,0.8162808418273926,0.03060242347419262,0.0012289038859307766,0.0005012127803638577,0.5533610582351685,0.44897958636283875,5.628045073535759e-06,0.999995231628418
ISIC_0024946,HAM_0005264,0,3,3,8.248531230492517e-05,4.2746568533438454e-16,0.36147165298461914,0.6296433210372925,0.0006621427601203322,0.005988911259919405,0.0021514666732400656,0.5634999871253967,0.4693877398967743,1.9154226649220618e-08,1.0
ISIC_0028872,HAM_0000552,0,3,3,0.0028663247358053923,0.24404437839984894,0.0432860292494297,0.679919958114624,0.026083260774612427,0.001859182259067893,0.001940821297466755,0.5552748441696167,0.44897958636283875,7.707486474828329e-06,0.9999583959579468
ISIC_0031292,HAM_0007008,0,3,4,0.0005132871447131038,5.2201299695298076e-05,9.991980186896399e-05,0.46586477756500244,0.5306417942047119,0.0022365974728018045,0.000591410556808114,0.5143110752105713,0.4897959232330322,2.191287057939917e-05,0.9999818801879883
ISIC_0026083,HAM_0000552,0,3,3,0.0009649532730691135,0.15067900717258453,0.11900895088911057,0.711371898651123,0.012384433299303055,0.0027246729005128145,0.0028660292737185955,0.5595746040344238,0.44897958636283875,3.476175606920151e-06,0.9999607801437378
ISIC_0025637,HAM_0001460,0,3,4,6.689525616820902e-05,4.9986632610909965e-09,0.0011873887851834297,0.16407780349254608,0.8332509994506836,0.0013867226662114263,3.019133146153763e-05,0.5003628730773926,0.5102040767669678,6.48423508664564e-07,0.9999994039535522
ISIC_0033494,HAM_0002615,0,3,3,0.08165781199932098,1.0300729513801343e-07,0.002467477461323142,0.8919060230255127,0.002049132948741317,0.021542776376008987,0.0003766873269341886,0.5194437503814697,0.4693877398967743,1.443551923330233e-06,0.9999992847442627
ISIC_0032371,HAM_0006483,0,3,3,8.528170292265713e-05,2.0870655213380675e-28,0.00468487711623311,0.9918906688690186,0.0033132319804280996,3.88423814001726e-06,2.2019437892595306e-05,0.48473498225212097,0.5306122303009033,5.476434843804112e-12,1.0
ISIC_0033413,HAM_0002615,0,3,3,1.0638602361723315e-05,6.06602934549727e-10,6.165512331790524e-06,0.9998109936714172,4.5108779886504635e-05,0.00011242483742535114,1.4705302419315558e-05,0.5363279581069946,0.4693877398967743,5.153395363777236e-07,0.999998927116394
ISIC_0029840,HAM_0004809,0,3,3,1.441614188024687e-07,2.6119582299984068e-14,1.3257204045658e-06,0.9999785423278809,1.129395968746394e-05,8.023707778193057e-06,7.202024221442116e-07,0.5319400429725647,0.4693877398967743,2.1412152761968173e-07,0.9999994039535522
ISIC_0032154,HAM_0002307,0,3,1,0.006549026817083359,0.7353662252426147,0.00023677384888287634,0.003494896460324526,0.25374266505241394,0.0002718086470849812,0.00033848852035589516,0.5221668481826782,0.4693877398967743,0.00011617817654041573,0.9998748302459717
ISIC_0026549,HAM_0002307,0,3,1,0.02154385671019554,0.7368314266204834,0.005503612104803324,0.028082359582185745,0.20552335679531097,0.0012699660146608949,0.001245457329787314,0.5205087065696716,0.4693877398967743,5.6189710448961705e-06,0.9999902248382568
ISIC_0029573,HAM_0006879,0,3,3,2.4302869405801175e-06,2.3995816483282893e-20,7.203751920314971e-06,0.9454739689826965,0.05443733185529709,6.754948117304593e-05,1.1569475645956118e-05,0.46987003087997437,0.5510203838348389,1.9292461725384236e-11,1.0
ISIC_0025350,HAM_0005701,0,3,3,9.8300112938432e-08,9.264981207507383e-19,2.1065701730549335e-05,0.9998453855514526,1.429466010449687e-05,0.00011745472875190899,1.7548916275700321e-06,0.5412675142288208,0.4693877398967743,1.168741370349835e-08,1.0
ISIC_0029598,HAM_0003401,0,3,2,6.767040758859366e-06,3.813913451722328e-08,0.9892385005950928,0.010151448659598827,0.0005678386078216136,2.838643740687985e-05,6.92629555487656e-06,0.5376231670379639,0.4693877398967743,9.9315013812884e-07,0.9999973773956299
ISIC_0029002,HAM_0003401,0,3,2,2.9880923193559283e-06,3.716981922252671e-08,0.9562311172485352,0.04370221495628357,5.3616069635609165e-05,2.2984488623478683e-06,7.730818651907612e-06,0.5631030201911926,0.44897958636283875,1.2291276618725533e-07,0.9999954700469971
ISIC_0030730,HAM_0004592,0,3,4,7.0123373916430864e-06,4.166951050272827e-24,4.102857565158047e-05,0.010973986238241196,0.9887195229530334,0.0002032707998296246,5.525138840312138e-05,0.47392895817756653,0.5306122303009033,6.422908732650612e-11,1.0
ISIC_0025247,HAM_0005231,0,3,3,0.0010384753113612533,3.5876643877941206e-09,0.003717798972502351,0.9155676960945129,0.0791739895939827,0.000319156824843958,0.0001828950917115435,0.531035304069519,0.4897959232330322,5.502392923517618e-06,0.9999947547912598
ISIC_0029043,HAM_0005231,0,3,3,1.924536945807631e-06,1.813780770021367e-08,0.0023820167407393456,0.9860435724258423,0.010798459872603416,0.0007128414581529796,6.114045390859246e-05,0.5114397406578064,0.4897959232330322,2.262135694763856e-06,0.999985933303833
ISIC_0026132,HAM_0004992,0,3,3,0.005018423777073622,0.10195828229188919,0.13954687118530273,0.7143401503562927,0.03778814151883125,0.0004846726078540087,0.0008633679244667292,0.5434845685958862,0.44897958636283875,3.161395579809323e-05,0.9999847412109375
ISIC_0028335,HAM_0001219,0,3,0,0.8169723153114319,0.026077281683683395,0.005928487051278353,0.08243916928768158,0.053037386387586594,0.013812116347253323,0.0017332875868305564,0.5552634596824646,0.44897958636283875,2.4159289750969037e-05,0.9999735355377197
ISIC_0027580,HAM_0005648,0,3,3,3.124435534118675e-05,0.007982841692864895,0.26503443717956543,0.7045189142227173,0.019406326115131378,0.0024894948583096266,0.0005367412813939154,0.5664142966270447,0.4285714328289032,5.229403086559614e-06,0.9999971389770508
ISIC_0024468,HAM_0006301,0,3,3,2.9259299481054768e-05,1.6934607741710822e-13,0.0008501412812620401,0.9980200529098511,2.8411790253812796e-07,4.022160283057019e-05,0.0010600751265883446,0.5738787055015564,0.40816324949264526,2.8579378863469174e-07,0.9999994039535522
ISIC_0031823,HAM_0006301,0,3,3,9.00416198419407e-05,6.064596536786935e-22,0.0630740150809288,0.9361366033554077,2.6004386199929286e-06,4.298792646295624e-06,0.0006923837936483324,0.5593471527099609,0.4285714328289032,3.139874749091831e-10,1.0
ISIC_0028063,HAM_0006560,0,3,3,0.0008812132873572409,0.07069789618253708,0.0033873021602630615,0.9091288447380066,0.0015574332792311907,0.009763337671756744,0.004583898466080427,0.5550540685653687,0.44897958636283875,2.4745029804762453e-05,0.99992835521698
ISIC_0027802,HAM_0006560,0,3,3,0.00021320888481568545,0.10409589111804962,0.0003804932057391852,0.8923991918563843,0.0023555979132652283,0.00036450548213906586,0.00019113872258458287,0.552916407585144,0.44897958636283875,4.171977343503386e-05,0.9997854828834534
ISIC_0031927,HAM_0001277,0,3,3,0.00039425480645149946,0.011551295407116413,0.00012224054080434144,0.9464557766914368,0.03419700637459755,0.006917292717844248,0.0003621877986006439,0.5305799245834351,0.4897959232330322,1.0488071893632878e-05,0.999985933303833
ISIC_0027550,HAM_0004297,0,3,3,0.06937642395496368,0.3705456852912903,0.0007363308686763048,0.45655474066734314,0.034555595368146896,0.06531208753585815,0.0029191188514232635,0.5638506412506104,0.4285714328289032,6.750676402589306e-05,0.9998584985733032
ISIC_0030344,HAM_0007199,0,3,0,0.7585278749465942,9.211993390323414e-10,0.0006606136448681355,0.16123434901237488,0.07851691544055939,0.00035102362744510174,0.0007091801962815225,0.553368866443634,0.44897958636283875,5.244171006779652e-06,0.9999916553497314
ISIC_0026171,HAM_0000356,0,3,4,4.9595048039918765e-05,4.8808675850997574e-11,3.6508515677269315e-06,0.0020393007434904575,0.9978942275047302,1.0185656719841063e-05,3.0214680464268895e-06,0.4632108211517334,0.5510203838348389,2.8547500363629297e-08,1.0
ISIC_0032135,HAM_0003144,0,3,3,0.0012259366922080517,0.0004112518799956888,3.080253009102307e-05,0.8888562321662903,0.10830426216125488,0.0008625088958069682,0.00030906900065019727,0.5788803100585938,0.4285714328289032,1.030599196383264e-05,0.9998487234115601
ISIC_0032206,HAM_0001302,0,3,3,0.04989439249038696,0.20236921310424805,0.03803928196430206,0.3989577293395996,0.002172857290133834,0.30346792936325073,0.005098624154925346,0.5335543751716614,0.4693877398967743,7.661995482521888e-07,0.9999955892562866
ISIC_0030036,HAM_0007008,0,3,3,1.2203438018332236e-05,9.070840860658791e-06,0.09401541203260422,0.9017602801322937,3.5793782444670796e-05,0.0033762920647859573,0.0007909517735242844,0.5506529211997986,0.4693877398967743,4.4462617552198935e-06,0.9999980926513672
ISIC_0024654,HAM_0005705,0,3,4,5.612337190541439e-05,7.322955609956328e-12,1.3777870663034264e-05,1.5745403288747184e-05,0.9999083280563354,2.966823103633942e-06,3.02785247185966e-06,0.5284781455993652,0.44897958636283875,8.304377274725994e-08,0.9999997615814209
ISIC_0031108,HAM_0004809,0,3,3,2.3366476398223313e-06,1.5223360766425387e-11,2.6859444915317e-05,0.9889923930168152,5.6475579185644165e-05,0.010819046758115292,0.00010281176218995824,0.5522990822792053,0.4285714328289032,4.183967234894226e-07,0.9999995231628418
ISIC_0030655,HAM_0000356,0,3,4,0.004271559417247772,0.010741280391812325,0.004597946535795927,0.1591733694076538,0.8191552758216858,0.0014851733576506376,0.0005753770237788558,0.5069710612297058,0.4897959232330322,8.998844350571744e-06,0.9999901056289673
ISIC_0029141,HAM_0004592,0,3,4,0.0001755903649609536,3.609414079619455e-06,6.087014116928913e-05,0.0019132718443870544,0.9976911544799805,0.00014031857426743954,1.5236500075843651e-05,0.5470904111862183,0.44897958636283875,2.642423532961402e-05,0.9999524354934692
ISIC_0033705,HAM_0001576,0,3,3,0.0002999517892021686,1.2894019164377823e-05,5.287442036205903e-06,0.9991507530212402,0.00025615529739297926,7.199982792371884e-05,0.00020289851818233728,0.5900111794471741,0.4285714328289032,2.2420383061216853e-07,0.9999945163726807
ISIC_0031430,HAM_0005705,0,3,4,7.209735485957935e-05,3.4647789082242753e-09,0.0005433494225144386,3.965908399550244e-05,0.9990320205688477,7.151766476454213e-05,0.00024141150061041117,0.5141761302947998,0.4897959232330322,7.999312856554752e-07,0.9999988079071045
