image_id,label,prob_MEL,prob_NV,prob_BCC,prob_AKIEC,prob_BKL,prob_DF,prob_VASC
ISIC_0032343,4,4.749182e-06,0.0029313802,8.40053e-07,9.578299e-06,0.9970505,1.2762043e-06,1.6103529e-06
ISIC_0030698,4,0.00031350003,0.991235,1.0350562e-06,5.001593e-09,0.008312944,4.1323574e-07,0.00013712308
ISIC_0025567,4,4.3234675e-08,0.003765266,5.9914846e-06,1.010618e-09,0.9961622,2.310368e-06,6.434509e-05
ISIC_0029161,4,0.0010688246,0.008162635,0.01140272,1.1636314e-05,0.79537535,0.18350266,0.00047614955
ISIC_0026273,4,1.6735443e-07,0.0006940017,9.748283e-06,2.7019234e-05,0.9982633,8.029639e-06,0.0009978771
ISIC_0025076,4,0.0040900884,0.99499786,1.1905031e-06,1.2212064e-06,0.0009063676,1.5325921e-06,1.7887019e-06
ISIC_0029687,4,0.008714546,0.8453818,3.5533562e-06,2.030118e-07,0.14587058,5.5708583e-06,2.3733193e-05
ISIC_0025642,4,0.048691053,0.88734543,2.3958382e-05,8.5820975e-06,0.057313483,2.4256267e-05,0.0065932823
ISIC_0031691,4,8.590232e-06,0.0024674023,9.324146e-06,9.402551e-07,0.9975042,9.035806e-06,4.9379696e-07
ISIC_0025419,4,0.00011092303,0.9482351,0.0006501555,1.041055e-08,0.049678277,0.0012104878,0.00011508789
ISIC_0030105,4,0.00064955535,0.62737375,0.0035074502,0.0019407885,0.34900635,0.0021563463,0.015365843
ISIC_0029301,4,0.0003922761,0.999506,2.3439395e-06,1.7664056e-11,4.2057716e-05,3.8900296e-05,1.8474e-05
ISIC_0026637,4,0.013265023,0.95569575,4.003463e-05,8.911652e-08,0.030408999,0.0005667623,2.3343177e-05
ISIC_0030377,4,0.16616456,0.3839481,0.00017204345,0.00012094499,0.44938728,6.140193e-05,0.00014571467
ISIC_0031468,4,5.8737667e-05,0.0020580643,3.793436e-06,1.6638847e-05,0.99786264,6.103747e-08,3.655282e-08
ISIC_0030926,4,0.031609055,0.0054749725,2.6032246e-06,0.00024273888,0.9626396,1.4013215e-06,2.9669753e-05
ISIC_0029288,4,9.633939e-09,1.602253e-07,2.1257348e-08,1.7802693e-08,0.99999976,4.0564863e-09,1.9949393e-09
ISIC_0031008,4,4.5040853e-08,3.4470992e-07,1.1198624e-08,2.9825102e-07,0.9999993,4.1936193e-08,2.0998334e-09
ISIC_0024698,1,0.0584752,0.94147205,7.94206e-06,4.1898656e-07,4.276458e-05,9.795531e-07,6.679697e-07
ISIC_0025099,4,4.2639456e-08,0.0034864745,6.164086e-09,9.834731e-13,0.99651355,2.319065e-10,3.6061888e-08
ISIC_0031485,4,0.0019529036,0.9895141,2.3327165e-07,6.8607177e-12,0.008496038,1.0316661e-06,3.562522e-05
ISIC_0032283,4,0.0001631271,0.00044620418,3.053668e-07,7.8503734e-07,0.9993895,2.8953167e-08,4.647355e-08
ISIC_0030005,4,0.013460624,0.00041981967,0.00061673374,0.00014782113,0.9853249,2.7726364e-05,2.335688e-06
ISIC_0030189,4,2.0604375e-06,2.805964e-07,2.3217886e-07,2.7351538e-07,0.99999714,5.5345097e-08,5.1317794e-09
ISIC_0026532,4,1.7634976e-06,2.085983e-06,3.991632e-08,3.8544616e-07,0.9999956,1.0531485e-07,1.3647735e-08
ISIC_0029674,4,3.6457864e-06,0.18082163,0.0006215112,0.0010000109,0.81623065,0.00040229227,0.00092034205
ISIC_0028607,4,0.00063008664,0.06040436,0.0012459325,1.0270096e-06,0.9369052,0.0008000114,1.3444187e-05
ISIC_0024623,4,9.923015e-06,2.8428885e-06,1.061448e-06,8.687064e-05,0.9998989,3.4070297e-07,1.7558913e-08
ISIC_0029613,4,2.2005418e-06,1.0345541e-06,1.0995828e-05,3.9602706e-05,0.9999341,1.170434e-05,5.0248866e-07
ISIC_0025906,4,4.864094e-07,0.017145028,3.7963952e-07,2.185754e-10,0.98192227,9.9165845e-05,0.00083273003
ISIC_0027151,4,0.00012336472,0.99766517,1.9237723e-06,4.8933926e-11,1.0364122e-05,8.590876e-05,0.0021133223
ISIC_0028646,4,0.0065051387,0.90091336,6.5221993e-06,5.171635e-05,0.09227372,9.45303e-05,0.00015500774
ISIC_0026794,4,0.0006899488,8.132433e-06,0.9944723,0.0019937188,0.0026991495,0.00013269199,4.0611376e-06
ISIC_0034318,4,3.6451944e-05,0.0025935303,0.00016999153,1.0468491e-08,0.9971897,7.103091e-08,1.02620825e-05
ISIC_0032972,4,1.5074591e-05,0.013211398,4.5948827e-06,1.8121789e-10,0.98676467,2.106698e-08,4.2536467e-06
ISIC_0032929,4,0.012939253,8.951879e-05,6.162995e-07,4.8798705e-05,0.98692083,2.4466667e-08,9.704402e-07
ISIC_0032963,4,0.50759333,0.0001165814,0.0043662153,0.00023538886,0.48765895,7.687914e-07,2.8755705e-05
ISIC_0033583,4,1.0998891e-05,1.2050301e-05,1.8406741e-08,1.946203e-11,0.999977,2.6343854e-09,2.2276872e-08
ISIC_0033465,4,3.6382363e-07,1.4263757e-05,6.6694195e-10,2.531317e-12,0.99998534,1.9221377e-10,4.5520565e-09
ISIC_0032514,4,0.14442906,0.4231409,1.6658667e-05,6.832913e-05,0.43226856,2.2441816e-07,7.626628e-05
ISIC_0033400,4,9.640231e-08,0.003960373,4.4216634e-07,6.3999965e-09,0.9960347,2.3049276e-06,2.0000878e-06
ISIC_0033677,4,1.6223262e-06,0.0004912316,2.3782945e-06,1.6696943e-07,0.99948347,1.9370105e-05,1.7176097e-06
ISIC_0033262,4,0.010948654,0.56675017,0.0012793232,0.00011410984,0.42080057,5.060528e-05,5.6565503e-05
ISIC_0033410,4,1.7316182e-06,3.3845806e-06,0.0010898632,0.0005132265,0.99837863,1.2866472e-05,1.5896215e-07
ISIC_0032725,4,2.8797304e-08,1.0768918e-08,0.00013960015,5.573088e-06,0.9998547,2.2548704e-08,4.9483667e-08
ISIC_0033264,4,8.600073e-06,0.00048067345,2.4559457e-08,9.468916e-08,0.99951017,2.5230387e-09,4.01475e-07
ISIC_0032665,4,0.0001264929,0.040974636,2.1685111e-05,0.0002361912,0.9586206,1.2507537e-06,1.9158737e-05
ISIC_0033130,4,7.1607086e-05,0.078410864,6.341021e-06,0.0005016531,0.92096454,1.7190698e-07,4.4910852e-05
ISIC_0033321,4,0.71271205,4.4098884e-05,2.3117393e-07,9.720972e-08,0.28724065,7.427085e-07,2.1392484e-06
ISIC_0032757,4,0.009412308,0.2097461,1.4930451e-07,6.910258e-09,0.7808396,1.1277842e-06,7.14653e-07
ISIC_0032508,4,0.00016434913,0.00092527975,2.4503084e-08,1.0675274e-10,0.9989102,4.2089784e-08,1.2937544e-07
ISIC_0034201,4,3.7271432e-06,2.876549e-05,6.8102413e-09,7.5097706e-11,0.99996746,2.6653183e-08,1.830926e-08
ISIC_0033776,4,3.043178e-09,1.8097299e-07,2.2116063e-07,8.885826e-11,0.9999995,4.963895e-09,1.6523489e-09
ISIC_0033056,4,7.393597e-11,1.3774896e-08,4.6575877e-08,1.1884002e-10,1.0,5.174132e-10,2.0568955e-10
ISIC_0033744,4,0.2108768,0.51083994,2.2397731e-05,0.00038732705,0.27787027,2.871562e-07,2.9848206e-06
ISIC_0033659,4,0.017152777,0.9598525,3.0712476e-07,1.2385918e-05,0.022981612,5.2213447e-09,4.3170255e-07
ISIC_0034303,4,0.0004556073,0.99907994,2.8465167e-05,0.00029259818,7.0041766e-05,2.9297134e-05,4.401197e-05
ISIC_0034031,4,0.0010430755,0.9889514,0.00013262461,1.1975073e-05,0.009540367,9.692694e-05,0.00022362494
ISIC_0033124,4,0.003093462,0.9890661,0.000464226,0.0001249449,0.006977556,6.7052344e-05,0.00020654521
ISIC_0033507,4,0.16499312,0.042884532,0.0005035198,1.4497226e-06,0.7915777,4.032703e-08,3.959555e-05
ISIC_0033791,4,0.0008792333,7.363264e-05,7.1755814e-08,3.6751432e-11,0.99904686,8.243152e-11,1.4227028e-07
ISIC_0034003,4,1.9241426e-05,0.0037277436,7.049479e-07,2.5039535e-07,0.9962488,1.8002593e-06,1.4562561e-06
ISIC_0033079,4,1.2734995e-07,9.513429e-07,5.406878e-08,1.5345982e-12,0.99999857,8.9945196e-08,2.4153064e-07
ISIC_0029014,4,7.481847e-06,0.15279388,1.7583741e-05,0.0006855369,0.8463241,2.6233211e-08,0.0001713977
ISIC_0031376,4,2.0089095e-07,5.937629e-06,1.6513826e-07,1.689399e-06,0.9999914,4.770193e-07,1.2637416e-07
ISIC_0031620,4,4.1764265e-06,4.9406022e-05,2.8642223e-06,3.9606504e-05,0.9998964,5.006595e-06,2.477948e-06
ISIC_0025136,4,0.026063554,0.736771,0.00016981184,0.013936885,0.21773468,3.9516242e-05,0.005284583
ISIC_0027652,4,0.09371466,0.23293869,2.3091914e-06,0.0006635938,0.67261326,4.923924e-05,1.83107e-05
ISIC_0028020,4,2.9901134e-05,0.001476181,0.00016284267,2.5183888e-07,0.99124825,0.0015532741,0.005529279
ISIC_0025867,4,0.00010970146,8.981739e-06,1.57026e-05,0.00038713604,0.999476,4.1228006e-08,2.3729772e-06
ISIC_0026623,4,0.0048862905,0.011983813,0.032247555,0.9501083,1.2281947e-05,6.217105e-06,0.00075552997
ISIC_0029394,4,0.0076831826,0.97768354,1.7530512e-06,3.2550352e-07,0.014620168,5.1208207e-07,1.0568672e-05
ISIC_0026893,4,1.4745171e-07,3.7967998e-06,4.07014e-06,0.0031281214,0.99685955,4.318254e-06,2.5469486e-08
ISIC_0026844,4,0.0002008078,0.002580978,0.0022367595,0.0049501406,0.98950994,0.00021301964,0.00030841032
ISIC_0025885,4,0.72325623,0.24206963,0.0023662562,0.014237509,0.01791071,7.1882196e-06,0.00015241433
ISIC_0025656,4,1.1739583e-07,2.3810445e-09,1.05814216e-07,3.943444e-08,0.99999964,2.915649e-08,5.121899e-08
ISIC_0027374,4,1.528756e-09,1.3842067e-07,8.042844e-06,1.4374104e-09,0.9999918,3.1945663e-10,9.841182e-09
ISIC_0025507,4,0.0007412276,0.0120088495,2.4957417e-05,0.00018067802,0.9870389,6.49181e-07,4.68459e-06
ISIC_0031556,4,0.35161695,0.64548534,2.3418671e-07,3.987369e-08,0.0028885996,3.61197e-07,8.4357725e-06
ISIC_0027068,4,1.6429567e-05,0.9665545,5.3061805e-05,0.030669114,0.0025519533,0.00012742395,2.7528864e-05
ISIC_0031130,4,0.0007353275,0.0010377765,4.002875e-05,5.3149292e-06,0.9981755,5.5573064e-08,5.8767655e-06
ISIC_0028308,4,6.777231e-05,0.9040037,3.9077502e-05,0.00010546853,0.09566785,9.104506e-06,0.000107038104
ISIC_0028354,4,0.00016230321,0.0007952961,1.3647881e-06,3.9814833e-05,0.9990005,1.3840721e-09,7.729614e-07
ISIC_0027037,4,0.00063534774,0.009521124,0.0001572242,0.00013475327,0.9891451,0.00035851818,4.7933165e-05
ISIC_0032486,4,0.00948686,0.5948845,1.3001597e-05,2.3597515e-05,0.39558184,1.734649e-06,8.513159e-06
ISIC_0026607,4,0.0012169039,0.9968767,0.0018951161,4.798362e-09,6.5533413e-06,1.3742412e-07,4.626585e-06
ISIC_0029062,4,0.0016744353,0.92220074,5.159852e-05,0.024371477,0.0516272,3.642761e-06,7.0965085e-05
ISIC_0025485,4,0.00010802201,0.0029105772,0.00015469955,0.0025624488,0.99090844,0.0033358557,2.001668e-05
ISIC_0025874,4,0.825439,0.13105214,5.6787616e-05,3.2633072e-06,0.043384396,1.2243351e-05,5.2256008e-05
ISIC_0030706,4,0.04265642,0.94246876,1.6936825e-06,0.013731172,0.0011391985,4.060349e-08,2.7069768e-06
ISIC_0027026,4,0.00022453268,0.21670608,0.00024456935,0.01616068,0.008174536,0.74782044,0.010669111
ISIC_0024773,4,6.743136e-06,0.0019699559,1.6477321e-06,6.8453715e-05,0.9979506,1.6924837e-06,8.6827555e-07
ISIC_0028952,4,5.9437883e-05,0.0056500784,4.0110626e-05,9.432818e-07,0.99424464,1.1801845e-06,3.6802785e-06
ISIC_0030203,4,0.00055662333,0.018289436,0.00015517612,3.5289035e-05,0.98076355,2.415323e-05,0.00017569997
ISIC_0030459,4,6.382509e-06,4.441171e-08,1.3740673e-07,4.7168744e-08,0.9999896,3.6264933e-06,4.3626372e-08
ISIC_0029776,4,3.7955405e-07,9.859488e-08,5.3537074e-11,9.0111196e-11,0.9999995,8.785076e-09,2.9162648e-09
ISIC_0030522,4,5.8617225e-05,0.12801555,1.3730076e-05,1.5663095e-07,0.87190706,4.0834988e-07,4.4726025e-06
ISIC_0025985,4,9.867767e-07,0.0002958173,0.008757938,0.0005678107,0.99032545,7.2164635e-06,4.4749857e-05
ISIC_0025830,4,0.0012390309,0.005434683,2.282194e-07,0.0009448153,0.9922907,8.8556124e-05,1.9834827e-06
ISIC_0026661,4,0.00010643249,0.14880396,0.00023112082,2.0063233e-05,0.85073924,6.196671e-05,3.7215093e-05
ISIC_0026477,4,0.00014757067,0.99984825,1.7408274e-07,2.631016e-07,2.3894472e-06,2.720235e-07,1.09962e-06
ISIC_0031851,4,0.0011334807,0.00019725197,0.0007569135,0.5968404,0.40105006,1.9372899e-06,1.997781e-05
ISIC_0030436,4,0.0032949804,6.0395876e-05,0.005687846,0.08092305,0.9100245,6.0393596e-08,9.140014e-06
ISIC_0024741,4,5.058235e-05,0.00013435219,2.1635606e-07,0.00015590849,0.99952304,0.00013485577,9.78861e-07
ISIC_0032230,4,4.439308e-05,0.0002779438,2.0685918e-06,0.03267192,0.9670022,4.2257722e-07,9.901707e-07
ISIC_0029525,4,0.0038165275,0.0103402855,7.392529e-06,0.16597658,0.81980205,6.5299524e-08,5.714326e-05
ISIC_0029474,4,0.00023280623,8.5138504e-07,6.424856e-09,5.0935938e-08,0.9997663,2.064605e-10,3.957998e-09
ISIC_0027219,4,5.7128965e-08,9.0507854e-07,1.6144719e-09,2.3076648e-11,0.99999905,8.895581e-09,1.8023864e-09
ISIC_0026265,4,0.00043566385,0.0018916759,0.00023485607,0.000398831,0.99703383,2.5725657e-07,4.952231e-06
ISIC_0024426,4,0.0042503853,0.004223404,0.0007076892,0.00928299,0.98134273,1.3560447e-07,0.0001925861
ISIC_0025376,4,0.012980332,0.9580087,0.006946847,0.021299338,0.00044710343,0.00027118647,4.6414185e-05
ISIC_0030806,4,0.0019798058,0.0002135026,5.659681e-06,4.8355763e-05,0.9977526,2.264225e-08,1.0178122e-07
ISIC_0028388,4,0.08170843,0.6514916,0.0025807798,0.2258088,0.037621837,1.54002e-05,0.0007731965
ISIC_0030636,4,1.4582015e-06,5.482376e-05,0.0002038619,2.4204064e-05,0.99958915,0.00012066489,5.8067144e-06
ISIC_0029897,4,0.00044651993,0.0001995153,3.5944602e-05,3.110593e-06,0.99930155,1.0077247e-05,3.2069017e-06
ISIC_0029580,4,1.4059977e-05,0.0002706633,0.1688639,0.002613551,0.82820404,2.3084422e-05,1.0755635e-05
ISIC_0027527,4,0.00023048921,0.00027929974,8.027906e-07,0.00089691934,0.9985378,1.6483911e-05,3.8216927e-05
ISIC_0025693,4,6.623063e-05,7.606091e-05,4.778763e-07,3.2381607e-07,0.99985623,1.0293464e-08,6.210699e-07
ISIC_0032116,4,0.12102974,0.22134712,3.6095502e-05,4.674987e-05,0.6574399,5.353166e-05,4.6877594e-05
ISIC_0026849,4,0.00042912445,0.00013657284,0.0014360449,0.00017376633,0.692727,0.30178314,0.003314297
ISIC_0029139,4,2.7649726e-06,2.667197e-05,1.3015043e-07,8.943599e-06,0.99996114,2.7010495e-07,8.096482e-08
ISIC_0024471,4,0.0011141094,0.83656687,0.0006979276,1.1224668e-06,0.15198931,0.0075856135,0.0020450903
ISIC_0029878,4,0.00058351253,0.9965773,2.2424601e-05,7.50327e-09,0.0025894176,1.0254324e-05,0.00021707502
ISIC_0026245,4,0.107019484,0.89268726,0.00010039652,2.2742397e-05,0.00016186459,5.1248975e-07,7.737024e-06
ISIC_0026378,4,1.9903691e-05,2.2037304e-05,1.1113457e-07,2.0148029e-07,0.9999577,2.5880178e-09,1.5595573e-08
ISIC_0030188,4,0.82364446,0.17528929,1.6954607e-05,7.6263e-06,0.0010013656,3.7702895e-05,2.5983186e-06
ISIC_0028223,4,4.72484e-07,0.00074077025,2.7387507e-05,1.1834789e-05,0.9992192,3.7860325e-08,2.730012e-07
ISIC_0026614,4,0.010062225,0.008836116,4.84802e-07,0.00016837403,0.9809208,4.2438155e-06,7.729473e-06
ISIC_0028237,4,8.8937765e-07,7.655141e-06,2.1007917e-08,2.4383139e-08,0.99999154,2.2041011e-09,3.5586147e-09
ISIC_0029585,4,7.8931174e-07,0.00047629248,3.3209464e-08,2.5183386e-10,0.9995228,1.9988175e-08,8.088994e-09
ISIC_0026290,4,0.018778773,0.3263629,2.4766476e-05,0.0023024937,0.6525092,1.4718963e-05,7.1984364e-06
ISIC_0031050,4,0.020365385,0.008161631,1.3286232e-06,3.7784464e-06,0.971404,6.208074e-05,1.7877862e-06
ISIC_0024761,4,3.423698e-07,4.104147e-06,2.188819e-05,2.442083e-07,0.99997175,1.5871638e-06,6.638191e-08
ISIC_0025519,4,0.0059338184,0.00023339418,4.2036257e-07,8.740903e-07,0.9938305,1.8145363e-07,8.590883e-07
ISIC_0030319,4,0.07270984,0.00026357966,2.0455727e-06,3.4518037e-06,0.92701644,1.0838818e-06,3.6018994e-06
ISIC_0024371,4,0.0013115746,0.2152707,7.0215006e-06,2.9439225e-06,0.7833697,1.829368e-05,1.9753285e-05
ISIC_0031808,4,0.00029933034,6.1062624e-06,3.199173e-08,1.4941836e-08,0.9996942,1.7645598e-07,1.3053005e-07
ISIC_0027470,4,1.3361026e-06,0.99999464,5.493647e-08,7.9441213e-07,2.0866314e-06,8.016402e-08,9.835433e-07
ISIC_0024910,4,1.6206419e-06,9.5409734e-05,1.3396996e-07,8.7109896e-07,0.9999018,2.5445091e-08,1.6307465e-07
ISIC_0026675,4,1.2135371e-06,0.0005726315,1.2718881e-07,1.0913922e-05,0.9994117,2.2694444e-06,1.2377376e-06
ISIC_0026070,4,0.7445451,0.0371646,0.00018305652,0.18550965,0.03229765,0.00027222067,2.7781101e-05
ISIC_0032235,4,0.009876585,0.9421805,0.0008713819,0.040815163,0.006133426,5.6358e-05,6.649886e-05
ISIC_0025374,4,0.0028011452,0.011342545,3.326694e-07,5.614168e-09,0.98585504,3.2824664e-07,5.9950486e-07
ISIC_0027335,4,0.5245969,0.24110353,0.00059788814,0.008802629,0.22451437,1.7667287e-05,0.0003670758
ISIC_0028656,4,0.013090422,0.97858524,2.732749e-06,7.438657e-07,0.00795211,0.000253443,0.000115257906
ISIC_0031716,4,0.00018199506,0.000115894894,0.0023007614,0.0001538452,0.9969988,5.6136825e-05,0.00019261432
ISIC_0028650,4,0.002382457,0.21782905,0.00042874596,0.0041710236,0.7751628,4.821132e-06,2.1105407e-05
ISIC_0027973,4,0.00035477986,0.0005133437,1.2949755e-06,3.2287287e-05,0.9990978,1.381821e-07,3.4724602e-07
ISIC_0027018,4,3.9173436e-05,2.3169445e-05,0.000109579494,0.9997367,6.953535e-05,1.9301207e-05,2.5022237e-06
ISIC_0025389,4,0.0038720362,5.1366933e-05,0.052508224,0.004555537,0.47865966,0.45957112,0.0007820539
ISIC_0029384,4,0.00020342933,0.00038831073,3.4155804e-08,1.8029245e-05,0.99938583,9.171001e-07,3.4001107e-06
ISIC_0027982,4,3.61291e-05,0.14339629,2.1487842e-05,5.6269638e-08,0.85650176,7.820734e-06,3.65441e-05
ISIC_0030318,4,1.6098939e-08,4.8853103e-06,9.316724e-10,8.031931e-10,0.9999951,2.2210644e-10,1.2045044e-08
ISIC_0026737,4,1.3243788e-06,0.0055399123,5.5909177e-06,6.5367494e-06,0.9944193,3.6396616e-06,2.3745983e-05
ISIC_0028749,4,8.214974e-05,0.00043437548,1.7953317e-08,4.7377866e-09,0.99948347,6.921436e-09,3.9373962e-08
ISIC_0031334,4,3.952388e-05,7.137688e-07,5.8376994e-08,9.905896e-08,0.99995947,6.615194e-12,3.903689e-09
ISIC_0029302,4,4.4284968e-07,0.00039265677,1.5505783e-08,3.6473218e-09,0.9996062,6.3076834e-07,5.2348042e-08
ISIC_0029206,4,0.32581812,0.10635867,0.00025228443,4.529461e-05,0.56694293,0.00031419605,0.00026844922
ISIC_0030310,4,0.10442744,0.1401309,3.0919542e-05,7.331072e-05,0.7551699,3.901922e-05,0.00012854622
ISIC_0028229,4,0.003648986,6.3975036e-05,2.7548169e-05,0.0464057,0.94975,3.6586694e-05,6.722017e-05
ISIC_0030372,4,0.0004967281,0.00010017944,0.96599233,0.030985143,0.0024222962,7.4922593e-07,2.5312218e-06
ISIC_0028404,4,3.2326489e-06,0.0004522925,0.9985947,9.24667e-06,0.0009390372,1.1961475e-06,3.0954106e-07
ISIC_0027017,4,0.007051964,1.3430041e-05,5.385407e-06,2.8693912e-06,0.9845547,0.008346628,2.4996301e-05
ISIC_0028707,4,0.004321875,0.023305431,0.010596334,0.0105771255,0.9511822,6.2807176e-06,1.0777817e-05
ISIC_0027509,4,2.4617734e-06,2.1772943e-08,3.076034e-08,2.630513e-09,0.9999975,6.0191825e-12,2.459355e-09
ISIC_0030240,4,1.6485272e-05,2.759438e-06,1.5835936e-06,0.0006436041,0.9993309,1.7684738e-06,2.9083471e-06
ISIC_0031261,4,4.891444e-06,1.36104545e-05,7.7544255e-06,0.00034719153,0.9996238,7.369054e-07,2.017709e-06
ISIC_0026015,4,0.004114741,0.0019123118,6.7580727e-06,0.0009946948,0.99294287,1.8763938e-05,9.791053e-06
ISIC_0028124,4,7.725423e-05,1.891197e-05,5.9077533e-06,1.9745527e-05,0.9998777,3.553864e-08,4.376264e-07
ISIC_0024709,4,0.00011918067,6.032855e-06,2.2860158e-05,9.558015e-07,2.8542104e-07,0.9998,5.057977e-05
ISIC_0030241,4,1.4267634e-05,0.00010589653,8.998311e-06,0.00024058753,0.9996276,1.1854781e-06,1.3127342e-06
ISIC_0024786,4,0.00013499353,0.00016199902,6.088608e-08,3.3841409e-06,0.999699,2.5146198e-07,2.3917403e-07
ISIC_0029927,4,9.9292665e-05,0.00014797697,2.2423326e-06,0.00019251545,0.99955744,1.4690993e-07,3.556626e-07
ISIC_0026567,4,0.0013993207,0.00031131727,1.5636115e-07,0.000538546,0.9977465,5.2251875e-07,3.5868259e-06
ISIC_0029102,4,0.23396908,0.00070581655,1.2563983e-06,4.210551e-05,0.7652683,1.884619e-08,1.3454046e-05
ISIC_0027154,4,2.2406024e-05,3.054312e-05,7.0124547e-06,9.958043e-06,0.99992836,4.485675e-07,1.2542567e-06
ISIC_0030383,4,0.0015350612,0.005051692,9.813854e-07,1.685809e-08,0.99341136,1.9292105e-07,7.4485916e-07
ISIC_0025465,4,1.4647228e-05,0.00021036876,2.529488e-06,4.7109154e-08,0.9997707,3.4027258e-07,1.3461416e-06
ISIC_0024489,4,0.00685171,1.7849922e-06,0.00044757294,0.00067142985,0.99201435,1.134972e-05,1.8291876e-06
ISIC_0026276,4,0.00062565465,5.2620776e-06,6.8881754e-06,0.0002252958,0.99913424,2.1962103e-06,4.38326e-07
ISIC_0026277,4,0.0012529773,0.00017935356,7.434558e-08,2.1394537e-05,0.9985435,1.1188829e-08,2.638623e-06
ISIC_0031888,4,0.036866914,1.5614723e-05,0.04197229,0.0022235233,0.9183194,0.0005584685,4.3758595e-05
ISIC_0024705,4,3.4500556e-07,3.3212182e-06,2.6657345e-09,1.9223467e-09,0.9999963,1.8761911e-08,1.2249754e-08
ISIC_0026803,4,3.98725e-08,4.1251005e-07,5.3345026e-08,1.070687e-10,0.99999964,3.4661838e-09,3.0329566e-09
ISIC_0026248,4,2.3462478e-06,1.2316876e-06,1.562651e-05,5.5182936e-06,0.9999752,1.5973033e-08,7.497242e-09
ISIC_0027194,4,3.3827703e-07,1.4049441e-07,2.9608764e-06,2.1667645e-06,0.9999943,6.704842e-08,2.0802823e-08
ISIC_0031677,4,0.0033477019,5.448003e-08,2.033306e-08,2.5796487e-10,0.9966523,4.1965e-09,3.3613883e-08
ISIC_0032159,4,2.9964078e-05,1.9019218e-06,2.346952e-06,4.972197e-09,0.9999654,2.3465558e-08,3.6892484e-07
ISIC_0024382,4,0.50290674,0.00064948364,9.1958907e-07,2.0395933e-05,0.4964205,7.5275416e-08,1.9232016e-06
ISIC_0025466,4,2.691908e-07,0.06555606,5.6031945e-07,6.64844e-05,0.93437505,9.847371e-07,6.6013644e-07
ISIC_0029931,4,0.000104341074,0.00010989915,3.5033236e-09,2.4185258e-09,0.9997857,2.7299699e-08,7.092141e-08
ISIC_0026311,4,1.1892111e-08,1.0059427e-06,6.00311e-07,1.4138834e-06,0.9999963,8.363336e-08,6.23657e-07
ISIC_0029270,4,7.4656587e-06,6.870374e-07,3.024105e-07,3.691514e-08,0.9999913,5.661886e-09,1.4390186e-07
ISIC_0027820,4,4.898556e-07,0.0004585476,0.00012351219,0.0006154438,0.9987978,1.6884417e-06,2.6047728e-06
ISIC_0025851,4,7.400704e-05,0.075424396,2.7180852e-06,3.2132075e-08,0.9244937,4.1478547e-06,8.9951305e-07
ISIC_0028347,4,0.030921463,0.51313424,0.00014327472,0.00834925,0.4463516,0.0010876424,1.2468281e-05
ISIC_0033722,4,0.0017586116,0.13867284,4.06969e-06,8.1926355e-06,0.85955465,4.6978244e-08,1.5254134e-06
ISIC_0033199,4,0.045720756,0.000847444,2.3959694e-06,1.3761185e-07,0.95342916,7.2574046e-08,1.1881847e-07
ISIC_0032719,4,0.0015297735,0.00014970957,2.7823754e-07,8.394554e-08,0.9983199,1.9530722e-08,2.336738e-07
ISIC_0033260,4,8.046216e-09,0.00019757547,1.3457974e-08,8.126575e-08,0.9998011,1.2735589e-07,1.2059762e-06
ISIC_0032643,4,8.802017e-09,1.7489676e-05,1.474144e-09,2.3124886e-09,0.99998236,3.3789652e-10,9.98418e-08
ISIC_0033732,4,6.5226674e-10,2.3398736e-06,5.541085e-09,3.558058e-06,0.99999285,3.1489176e-08,1.2417712e-06
ISIC_0033854,4,5.5267094e-08,0.9998741,4.516203e-07,6.726482e-10,0.00012289047,7.8448714e-08,2.2938104e-06
ISIC_0034142,4,2.5143029e-08,6.3598485e-08,1.2238674e-07,2.5768817e-05,0.999974,1.6899206e-08,1.7413376e-08
ISIC_0033784,4,0.0032751474,0.0020984253,1.3628486e-06,1.6633189e-06,0.99461985,2.142538e-07,3.2852781e-06
ISIC_0033307,4,0.008805915,0.33463857,1.3553107e-06,0.00013570568,0.656407,2.0996288e-06,9.288768e-06
ISIC_0033855,4,2.8853297e-08,5.085989e-05,5.081344e-09,1.3348648e-08,0.999949,5.0614923e-10,6.416358e-08
ISIC_0034186,4,0.0032277633,0.00010281045,1.8085537e-06,4.2250337e-09,0.9966633,1.0181059e-07,4.2383417e-06
ISIC_0032113,4,0.00037466147,0.058978725,0.00049117015,0.0005329718,0.9347437,0.004598559,0.0002802259
ISIC_0027142,4,3.354607e-09,5.1226516e-06,1.6299355e-09,9.725945e-13,0.9999949,4.3252715e-10,2.0669617e-09
ISIC_0032249,4,3.9068826e-05,0.088468984,3.7877282e-05,5.869671e-05,0.5045719,0.4067998,2.3588711e-05
ISIC_0024383,4,3.73274e-11,3.0421887e-08,4.217524e-09,1.046841e-10,1.0,5.099434e-11,2.4554052e-09
ISIC_0029793,4,1.9973068e-07,0.00019903867,4.790744e-08,3.6706575e-07,0.99921954,0.00015283779,0.0004279926
ISIC_0029107,4,0.001282526,0.5257238,5.8832182e-05,2.2398099e-06,0.47289458,1.5229667e-06,3.6536356e-05
ISIC_0031511,4,2.2375151e-07,9.682595e-05,1.1762994e-08,1.901381e-07,0.9999019,2.6361691e-08,8.161793e-07
ISIC_0026422,4,1.8354494e-06,0.020730555,1.9365783e-05,1.3907705e-06,0.9791652,1.0486435e-05,7.10599e-05
ISIC_0030316,4,4.48925e-06,0.002869793,9.666471e-09,6.833454e-07,0.9971228,2.5387639e-08,2.1490923e-06
ISIC_0028497,4,2.2429387e-05,0.0028712025,0.004783745,7.6688055e-05,0.9910648,1.0931461e-05,0.0011702685
ISIC_0026846,4,6.4690377e-09,5.575083e-06,1.0675898e-06,6.841246e-09,0.9999932,1.0468888e-08,1.0083173e-07
ISIC_0028826,4,7.425698e-07,0.0007832902,8.6255795e-06,1.3926258e-09,0.9992028,2.7015713e-07,4.414705e-06
ISIC_0031226,4,2.1718749e-07,0.0041722143,4.2193977e-09,1.698205e-10,0.9958275,6.1081623e-10,2.492185e-08
ISIC_0027954,4,5.3133896e-05,0.047865,3.3937494e-07,7.2822764e-10,0.9520685,9.440449e-09,1.3003734e-05
ISIC_0024850,4,0.30214405,0.21842743,3.8720544e-05,8.6421345e-08,0.47927305,1.6433349e-05,0.000100213205
ISIC_0025758,4,2.0462204e-10,0.0034217576,1.0480041e-09,5.749876e-14,0.9965783,8.365961e-13,7.876758e-09
ISIC_0025392,4,8.179143e-06,0.29996148,1.1333548e-08,8.883566e-12,0.70001876,1.02242444e-10,1.1608023e-05
ISIC_0029731,4,0.00032408294,0.62150246,0.0001150983,1.5722149e-07,0.37804863,1.6657216e-08,9.647784e-06
ISIC_0025804,4,5.8903934e-06,0.99828476,0.00010919049,3.2539306e-06,0.0015827963,2.6113746e-06,1.149485e-05
ISIC_0031024,4,0.00015648516,0.47795156,1.07043325e-08,3.1384614e-10,0.5218896,1.9931897e-06,3.5280732e-07
ISIC_0030056,4,5.0815445e-09,1.05844514e-07,7.626795e-11,3.618827e-11,0.9999999,1.2848468e-10,2.2550624e-10
ISIC_0029195,4,9.4311844e-08,2.870605e-06,5.4307066e-08,3.470738e-11,0.9999957,4.0589598e-10,1.3032392e-06
ISIC_0030207,4,1.8598775e-14,5.4608543e-11,1.8753974e-11,4.3315035e-17,1.0,7.9934033e-16,1.104532e-09
ISIC_0031223,4,1.3065739e-11,9.074106e-08,8.5923255e-11,5.940881e-13,0.9999999,4.243251e-11,1.1328687e-09
ISIC_0031125,4,0.04718558,0.030051906,1.758922e-05,0.00012174458,0.89902824,0.0001534394,0.023441562
ISIC_0025431,4,3.78604e-07,6.8161666e-05,1.7916876e-06,7.2386197e-10,0.9998671,5.7559884e-08,6.2595616e-05
ISIC_0027332,4,1.5498316e-06,0.0018894451,1.1085732e-06,1.8472546e-08,0.9980925,4.898331e-06,1.0495946e-05
ISIC_0026556,4,9.00257e-08,1.6213331e-05,1.3049331e-08,9.6728016e-08,0.99998343,1.5599687e-09,6.731614e-08
ISIC_0031362,4,1.9885112e-10,4.772534e-08,4.3228975e-12,2.3292922e-14,1.0,3.598164e-12,3.9631614e-09
ISIC_0026941,4,1.3922207e-08,0.008672521,2.7957299e-08,2.8488474e-09,0.9913271,5.419636e-09,3.1235282e-07
ISIC_0025654,4,2.0980813e-09,1.3024457e-08,1.942513e-11,1.7599867e-14,1.0,6.192167e-13,2.7412447e-10
ISIC_0029880,4,1.79514e-05,4.7621185e-07,3.4465417e-09,2.2868632e-12,0.9999815,1.7107189e-11,4.4582702e-08
ISIC_0026042,4,0.0010555263,0.0015459168,0.019554775,0.00024954067,0.9775603,1.0235493e-06,3.2906166e-05
ISIC_0027326,4,1.0919036e-05,0.0024814333,1.8606789e-09,2.7752472e-11,0.99750745,5.964974e-08,9.4689426e-08
ISIC_0032642,5,0.009033017,0.7227295,2.958194e-05,0.0002062976,3.5323872e-05,0.26795945,6.8989802e-06
ISIC_0033790,5,0.58274215,0.3287292,0.04483592,0.00417993,0.00018546566,0.03845522,0.00087205204
ISIC_0033675,5,0.8057474,0.14444761,1.7876038e-05,4.88518e-05,0.00018128483,0.049476486,8.043623e-05
ISIC_0032247,5,0.08504971,0.82799315,0.0012577437,0.07137726,0.009183991,0.0046172827,0.0005208854
ISIC_0031429,5,0.029576994,0.015465589,5.0350074e-05,0.93079734,0.021281742,0.0011527765,0.0016752937
ISIC_0025302,5,0.00040800398,0.99756145,0.0015382638,0.00029469092,4.9810515e-06,9.042503e-05,0.00010223297
ISIC_0024318,5,1.0423441e-07,1.1927938e-08,1.194536e-07,1.03539776e-13,6.1977286e-15,0.99999845,1.2918151e-06
ISIC_0024396,5,2.6247355e-07,0.00018764914,2.4652877e-07,1.2073038e-13,4.390079e-11,0.999811,9.056223e-07
ISIC_0033808,5,4.9276974e-07,0.97356886,9.1969675e-08,5.2539923e-07,7.05423e-06,0.026417566,5.349392e-06
ISIC_0033847,5,1.2083454e-07,0.99935156,5.7267914e-07,0.00010481557,0.0004286041,0.000107482265,6.8476597e-06
ISIC_0033860,5,2.1779788e-06,0.985103,2.7843265e-07,4.2751938e-07,0.014387917,0.00050348067,2.7259312e-06
ISIC_0024994,5,4.179185e-05,0.5269299,4.9192473e-05,4.5945043e-07,0.083112635,0.38872907,0.0011369302
ISIC_0030830,5,0.018277947,0.97884184,3.200451e-06,8.8224255e-09,8.5204796e-05,0.002341986,0.00044972412
ISIC_0025911,5,1.3647397e-07,0.00021123026,2.6138446e-07,1.5554037e-11,0.00032063038,0.9994649,2.7782562e-06
ISIC_0026254,5,0.005183156,0.064341314,0.0004145874,9.6518304e-09,0.31836003,0.6008892,0.010811705
ISIC_0028651,5,1.0998966e-06,0.0056804176,3.9386368e-08,1.8152075e-11,5.9027347e-08,0.99431,8.441589e-06
ISIC_0029973,5,3.3207198e-06,0.0066118385,3.481857e-06,3.603871e-10,0.0013205209,0.9920294,3.135579e-05
ISIC_0029130,5,9.3319903e-07,3.0235187e-06,2.5582603e-09,5.797548e-13,0.00023181837,0.99972063,4.3629847e-05
ISIC_0027216,5,1.0929965e-06,0.98180526,8.496017e-06,1.2315106e-05,8.587856e-06,0.018157518,6.711692e-06
ISIC_0031023,0,0.9916681,0.008267058,4.4679098e-07,1.9657078e-08,6.431434e-05,1.9093973e-09,3.9745515e-08
ISIC_0028086,0,0.99875784,0.0012420125,1.0065334e-08,1.7813845e-12,1.1784992e-07,2.8699248e-11,2.3567195e-10
ISIC_0026993,0,0.99996567,3.4352124e-05,1.2485342e-10,3.1014238e-10,4.0027333e-09,5.0007953e-10,1.3162003e-09
ISIC_0025451,0,1.1782435e-05,0.999511,6.0317952e-06,0.00038703924,1.7418093e-05,1.1172596e-06,6.5638225e-05
ISIC_0032248,0,0.82012856,0.15351988,0.015308649,0.010630371,0.00022906286,0.00011583593,6.7649155e-05
ISIC_0028445,0,0.9069096,0.0829453,1.2023258e-05,0.00012747731,0.009971754,2.5822059e-05,8.060171e-06
ISIC_0027076,0,0.08477591,0.91433424,0.0006548413,1.5672075e-06,0.00022532263,9.918691e-07,7.165e-06
ISIC_0029512,0,0.22358756,0.2606253,0.00064575335,0.17924592,0.30637702,0.026609967,0.002908485
ISIC_0027872,0,0.28847504,0.23469368,0.00018433767,0.00030251825,0.47417,0.0017167053,0.00045772648
ISIC_0025303,0,0.60477185,0.39482835,2.886483e-05,7.4270565e-06,0.00035294768,5.508671e-06,4.926238e-06
ISIC_0030129,0,0.20507933,0.7947934,1.1618855e-05,1.1377437e-05,6.3663916e-05,1.1995145e-05,2.8560951e-05
ISIC_0031953,0,0.018400855,0.9811947,1.7654487e-05,9.718328e-10,0.00038391477,3.501738e-07,2.5700567e-06
ISIC_0031406,0,0.00048120331,0.9988129,3.5822915e-05,2.3649044e-07,0.0006666927,1.9573956e-06,1.191657e-06
ISIC_0027277,0,0.78639156,0.21224383,8.25459e-05,3.656976e-09,0.00016640734,1.5618984e-05,0.0011000201
ISIC_0028642,0,0.99417853,0.0050375713,0.0002890228,8.016406e-06,4.554221e-05,2.1195892e-06,0.00043928696
ISIC_0032079,0,0.13134955,0.8467235,0.021108048,0.00044011677,0.00036712212,8.2636865e-07,1.0884317e-05
ISIC_0026150,0,0.7862646,0.21372814,4.6602042e-07,6.272485e-09,2.8604823e-06,7.6513004e-07,3.1024667e-06
ISIC_0031642,0,0.28349528,0.71650434,1.4425001e-08,9.472649e-11,2.5026503e-07,9.09442e-09,9.145209e-08
ISIC_0032313,0,0.09724829,0.47652182,0.0025491577,0.00012171474,0.42339563,1.5336485e-05,0.00014799401
ISIC_0027769,0,0.37784174,0.606335,0.0072565265,1.3706247e-05,0.008420119,5.0178227e-05,8.2708684e-05
ISIC_0025081,0,0.25366867,0.73804337,2.3588063e-05,2.179597e-09,5.788511e-07,0.0006323888,0.007631419
ISIC_0030134,0,0.0015065124,0.9883377,0.0008525611,1.804813e-08,0.0034389815,2.3404873e-06,0.005861892
ISIC_0025603,0,0.914792,0.0851887,1.5429782e-07,3.5090955e-09,1.7806024e-05,2.4162494e-08,1.388307e-06
ISIC_0027651,0,0.0141685875,0.984823,0.0001769045,1.9505014e-08,1.9084544e-05,7.6671455e-07,0.0008116089
ISIC_0030014,0,0.05126951,0.87154424,0.03101679,5.9121517e-09,0.045893747,3.6673473e-06,0.00027202856
ISIC_0032220,0,0.0003040913,0.99902403,0.00015974013,2.9576776e-07,0.00049338693,3.495056e-06,1.502691e-05
ISIC_0027352,0,0.10747783,0.89150536,1.767956e-05,7.9042096e-08,0.0009877625,1.0314845e-05,9.269126e-07
ISIC_0029558,0,0.91766393,0.07918055,3.811659e-07,9.4414173e-07,0.0031297693,4.097771e-06,2.039532e-05
ISIC_0024400,0,3.9233923e-06,6.135076e-07,6.3647775e-08,1.2174385e-09,0.99999535,9.265869e-09,1.0528605e-08
ISIC_0027387,0,5.7343104e-06,0.9963665,4.663146e-07,9.272406e-10,0.0036265121,3.3685539e-09,8.1483455e-07
ISIC_0024911,0,0.049278367,0.9505433,3.7226978e-06,2.1191994e-07,0.00014569749,2.5173247e-05,3.6091985e-06
ISIC_0032182,0,0.29168147,3.505064e-06,0.7072842,4.002849e-07,0.0005798388,0.00044835985,2.172559e-06
ISIC_0029660,0,0.72321486,0.2762116,2.3361515e-06,3.959583e-06,0.00055271393,6.4407436e-06,8.11419e-06
ISIC_0024496,0,0.0020567924,0.9934315,1.759984e-07,5.00837e-11,0.0045088623,3.6118143e-07,2.3691791e-06
ISIC_0029726,0,0.9978436,1.9035143e-06,7.776825e-07,6.176648e-07,0.0021529282,4.8901423e-08,6.903431e-08
ISIC_0031310,0,0.9931076,0.0057912976,0.00047156544,0.00012505207,0.0004710196,2.7639579e-05,5.766604e-06
ISIC_0032408,0,0.9993437,0.0005731891,8.22098e-05,3.5754671e-10,2.290337e-07,5.2474803e-07,1.5527522e-07
ISIC_0028969,0,2.4342912e-08,1.1218434e-07,3.760379e-08,1.3747044e-08,0.9999999,4.4304473e-11,6.237044e-09
ISIC_0032441,0,1.5482616e-05,0.014856369,0.0003083489,2.4274255e-05,0.9847947,3.531196e-07,5.4712e-07
ISIC_0025394,0,0.0006441371,0.9991573,3.1892569e-06,2.5729985e-08,0.00019529367,2.9550144e-08,4.664362e-08
ISIC_0027776,0,0.0044742427,0.00056023774,0.00077118183,0.9539191,0.040258147,6.096958e-07,1.6511307e-05
ISIC_0025835,0,0.0025526136,0.99705064,5.1595398e-05,1.5230552e-07,0.0003363472,3.2837588e-07,8.259736e-06
ISIC_0030828,0,0.0010407333,0.9947615,7.8100646e-05,7.739548e-08,0.0040713204,3.6249144e-08,4.8257585e-05
ISIC_0033931,0,0.05886028,0.04143248,2.7128111e-05,0.00073852733,0.89885634,2.8171605e-06,8.232847e-05
ISIC_0034141,0,0.004248535,0.99572575,6.790818e-08,2.0867093e-08,2.416272e-05,1.1786546e-08,1.4931297e-06
ISIC_0033643,0,0.00084190234,0.010440842,1.5708192e-06,2.696075e-09,0.98871475,3.464329e-07,4.980182e-07
ISIC_0032629,0,8.836781e-05,0.98898953,6.133658e-05,2.523325e-08,0.01059109,0.00025499015,1.4682544e-05
ISIC_0029909,0,0.0003916299,0.00042124907,5.679198e-08,1.7962385e-06,0.9991836,1.3396085e-07,1.4645727e-06
ISIC_0033432,0,3.873799e-05,0.99982053,1.6579634e-08,1.7674548e-10,0.00014071545,2.4136389e-08,1.2942931e-08
ISIC_0032833,0,0.0015731012,0.9984042,2.0143556e-08,1.8312793e-10,2.245076e-05,2.0270677e-07,4.7328514e-09
ISIC_0034236,0,0.00095907523,0.9990345,6.93499e-08,1.5700587e-09,5.9865047e-06,1.9563957e-07,1.3042836e-07
ISIC_0034118,0,0.9676903,0.032201003,3.5553203e-08,7.099094e-09,0.00010860564,2.6081427e-08,1.11055726e-07
ISIC_0033476,0,0.8368689,0.1631307,1.1991157e-08,5.3753944e-09,2.9866206e-07,6.081928e-08,1.182994e-07
ISIC_0033047,0,0.99897027,0.0010297117,3.875223e-10,4.1318365e-11,1.0501735e-08,6.0010213e-10,1.6845686e-10
ISIC_0025987,0,0.84543216,0.154555,7.206658e-06,1.394393e-07,5.341797e-06,1.35012055e-08,1.1715277e-07
ISIC_0033946,0,0.9782793,0.021700555,3.980326e-08,5.786381e-07,1.620561e-05,3.196483e-06,6.112466e-08
ISIC_0033369,0,0.6197737,0.37189806,5.4506973e-08,2.7731815e-07,0.0083268685,7.9885035e-07,2.3215524e-07
ISIC_0032447,0,0.76052386,0.23945569,1.5122535e-05,3.9885796e-07,4.3522755e-06,9.139703e-08,4.4825737e-07
ISIC_0033655,0,0.99681723,0.0031825085,2.429894e-07,6.684569e-09,4.7492277e-09,1.702401e-10,2.5649511e-08
ISIC_0033831,0,0.9966804,0.0033196213,3.7551358e-09,2.0490205e-09,3.6198042e-08,2.770637e-10,1.020002e-09
ISIC_0032733,0,0.00024015302,0.00014226438,0.028344512,1.6295586e-05,0.9089105,0.06231398,3.2279146e-05
ISIC_0033183,0,0.012702543,2.728841e-05,1.1471676e-05,2.2487873e-08,0.98725396,3.8544217e-06,9.1098093e-07
ISIC_0032564,0,0.7998034,0.0059907124,0.00011583677,7.80079e-08,0.1938368,6.0148934e-05,0.00019304537
ISIC_0034222,0,0.0048852013,0.9950611,5.2742616e-05,2.0322743e-09,1.1882438e-07,8.645503e-07,2.0980352e-08
ISIC_0032569,0,0.008435668,0.9915576,4.610825e-06,3.3593207e-07,5.8011153e-07,1.1997697e-06,6.6054135e-08
ISIC_0034064,0,0.06428604,0.9354375,0.00026652627,8.9225544e-08,1.3186454e-07,9.664848e-06,1.6762456e-08
ISIC_0033485,0,0.004885252,0.9951089,2.8156296e-07,3.4749354e-07,4.3563224e-07,4.6480823e-06,1.4463559e-07
ISIC_0033175,0,0.020881888,0.9790005,2.799406e-06,2.597452e-07,0.00011431656,4.6209276e-08,2.33658e-07
ISIC_0033886,0,0.02040121,0.97935337,9.919976e-06,0.000113440336,0.00010497341,1.1128722e-05,6.0120606e-06
ISIC_0032892,0,0.9999392,6.0755196e-05,2.553627e-09,5.1932606e-08,4.3510326e-08,2.1531244e-08,1.0122702e-08
ISIC_0033174,0,0.105898574,0.6112254,7.796672e-07,2.2130273e-09,0.28286436,8.510238e-09,1.08958275e-05
ISIC_0033239,0,0.0007812695,0.090278074,0.00015479446,1.0957629e-06,0.9087652,1.3897231e-06,1.812016e-05
ISIC_0033985,0,0.0037218998,0.14079832,6.3991473e-07,8.0282774e-08,0.85547304,3.6145667e-07,5.657489e-06
ISIC_0032940,0,0.9997818,3.1587401e-06,5.709931e-09,5.12224e-11,0.00021498928,6.923171e-09,2.6817156e-08
ISIC_0032511,0,0.9943136,0.0039137783,1.2864278e-06,2.498127e-07,0.0017679238,3.0508274e-06,1.08925676e-07
ISIC_0033848,0,0.9307647,0.06923531,2.7142542e-09,5.204801e-12,3.7513706e-10,1.1762779e-08,1.2357136e-08
ISIC_0032622,0,0.97596085,0.024039164,5.312606e-09,2.8503637e-11,1.5027089e-08,1.0029693e-08,2.9477374e-09
ISIC_0034246,0,0.9808406,0.019158615,2.029452e-09,2.303049e-10,7.400497e-07,9.73622e-08,1.98006e-08
ISIC_0032915,0,0.21802671,0.0001303582,0.0010445563,0.7381814,0.03602387,0.0063490034,0.00024409042
ISIC_0033883,0,0.96246225,0.03742981,1.624236e-08,1.2493205e-08,0.000107673215,3.0640595e-07,4.0734964e-08
ISIC_0034145,0,0.9399148,0.009821814,8.326833e-09,1.4123764e-08,0.050260786,1.6765014e-06,9.801784e-07
ISIC_0032981,0,0.9970831,0.0029167756,7.813463e-11,7.043476e-11,9.28785e-08,1.0139651e-09,1.7564614e-09
ISIC_0024482,0,0.99982053,0.00013901349,2.726525e-09,3.5023035e-07,4.0179235e-05,7.132794e-10,4.93196e-09
ISIC_0032806,0,8.950386e-05,0.99965787,2.1414558e-10,3.2768117e-09,0.0002523702,2.134077e-07,4.183409e-08
ISIC_0033624,0,0.0013479299,0.0021450745,2.0472699e-07,2.1627933e-07,0.9965042,3.1795203e-08,2.4540345e-06
ISIC_0033238,0,0.5213325,0.050041664,3.8662228e-07,2.4602537e-08,0.42862505,1.3729018e-08,3.5790728e-07
ISIC_0034089,0,0.5793648,0.079295754,1.2445681e-05,9.584174e-05,0.34118283,1.0523997e-06,4.727149e-05
ISIC_0032797,0,0.919758,0.07856375,0.0015088948,5.3894484e-05,0.00011358837,5.0334613e-08,1.7851119e-06
ISIC_0032596,0,0.933648,0.06556454,6.9696002e-06,5.76239e-06,0.0007725542,2.4328834e-08,2.107438e-06
ISIC_0032856,0,0.8934823,0.10557309,1.1983881e-05,2.2287159e-05,0.0009067895,6.275018e-08,3.4314555e-06
ISIC_0033193,0,0.9089221,0.08800913,1.4806438e-06,8.606867e-06,0.0030573823,1.2072573e-09,1.3851753e-06
ISIC_0033125,0,0.95123947,0.048589814,3.6346216e-07,2.7154993e-08,0.00017024142,7.0766997e-09,1.2876066e-07
ISIC_0032810,0,0.97455454,0.025437484,1.0134042e-06,4.0751676e-08,6.736704e-06,1.1772562e-07,8.773491e-08
ISIC_0033469,0,0.9714595,0.0013558192,0.00013722198,0.0001484407,0.026856322,2.7846622e-06,3.995513e-05
ISIC_0033663,0,0.99283385,0.0071652993,1.631469e-09,1.8643771e-12,5.9247807e-10,8.9781656e-07,3.2342004e-10
ISIC_0034284,0,0.9994267,0.0005420877,4.883432e-08,5.724521e-12,1.8605653e-12,3.113225e-05,2.0003222e-08
ISIC_0032517,0,0.71051,0.28937858,9.331704e-07,1.231836e-07,1.7224235e-06,0.0001083515,2.9767267e-07
ISIC_0033754,0,0.99837863,0.0016079779,1.5818801e-09,1.8971385e-12,2.4881984e-07,1.29908285e-05,1.5998813e-07
ISIC_0032938,0,0.9908632,0.009106017,1.1892278e-05,1.9035893e-07,1.1199006e-05,6.8553136e-06,6.6000854e-07
ISIC_0032610,0,0.013278675,0.98631555,8.271918e-07,2.7262091e-08,6.0259517e-06,0.00039143433,7.4963214e-06
ISIC_0032958,0,0.99255955,0.0038623721,0.0002750132,3.85989e-05,0.0031443294,2.1555084e-07,0.000119916695
ISIC_0033538,0,0.925576,0.06705832,0.00018050418,3.8081023e-05,0.006890606,1.0503512e-06,0.00025554016
ISIC_0027402,0,0.015673695,0.982016,0.00040508082,8.813397e-06,0.0014221113,0.00034048094,0.00013388637
ISIC_0030391,0,0.0006440329,0.9993436,1.657756e-06,7.630569e-09,1.015672e-05,1.1783889e-07,4.2256025e-07
ISIC_0032845,0,0.039700445,0.96029425,1.0355051e-08,5.4085456e-07,3.242102e-08,3.5027765e-07,4.354031e-06
ISIC_0032968,0,0.9322217,0.0003043106,0.014003136,0.040840726,0.012430706,1.1574796e-06,0.00019818135
ISIC_0029265,0,0.35408786,0.002139244,0.069171935,0.23170307,0.34280515,7.697631e-07,9.196672e-05
ISIC_0034239,0,0.57489246,0.425093,2.6476187e-08,1.7217076e-09,1.2764822e-05,1.2743886e-09,1.7694815e-06
ISIC_0034287,0,0.9903768,0.00961901,4.757819e-09,1.1838512e-10,4.249379e-06,2.6640462e-10,5.371618e-09
ISIC_0033166,0,0.14026587,0.85658866,1.0621738e-05,9.457617e-06,0.0030417151,6.8337366e-05,1.527817e-05
ISIC_0033320,0,0.04053188,0.9555072,8.4862266e-05,8.704447e-07,0.003789442,4.532991e-06,8.109353e-05
ISIC_0032526,0,0.0056322324,0.988203,2.6254835e-05,1.9107975e-07,0.0060515567,2.0515813e-08,8.673938e-05
ISIC_0032624,0,0.047311887,0.95263475,1.994834e-05,4.2094683e-09,1.0847435e-06,1.3998968e-07,3.2184966e-05
ISIC_0033977,0,0.44736013,0.5514175,0.001011777,7.541923e-07,1.10209776e-07,6.8433774e-09,0.00020977306
ISIC_0034002,0,0.0077732126,0.9918799,0.00031500234,3.976081e-09,7.082225e-09,1.4833242e-08,3.190712e-05
ISIC_0033387,0,0.000107235224,0.9452319,8.19372e-07,2.6298872e-07,0.05458906,1.7301877e-08,7.073473e-05
ISIC_0025592,0,0.002574225,0.9936446,2.9567216e-06,3.1295613e-07,0.0037650056,6.475774e-06,6.301377e-06
ISIC_0032552,0,0.018355984,0.51297534,6.4317224e-05,4.431815e-06,0.46845806,1.2534487e-07,0.00014179839
ISIC_0033279,0,0.027468577,0.9706505,2.4373388e-05,1.376237e-08,0.0017664067,8.2948696e-05,7.1656877e-06
ISIC_0032887,0,0.023511639,0.9699416,5.4673383e-05,1.04862465e-08,0.0064820675,5.092864e-07,9.5496725e-06
ISIC_0033611,0,0.029845433,0.9681644,1.7303413e-06,2.7026465e-07,0.001987414,4.659876e-08,7.640826e-07
ISIC_0033586,0,0.0006212496,0.99937785,2.5730118e-08,2.781561e-10,8.5910773e-07,2.8406686e-09,1.0226246e-08
ISIC_0033226,0,0.06584709,0.9341018,8.206175e-09,2.4589419e-08,5.1017494e-05,2.1598763e-11,2.4284394e-09
ISIC_0033198,0,0.04849016,0.8557994,3.9271144e-06,0.00023278927,0.085890695,0.009558825,2.421571e-05
ISIC_0032790,0,0.3899327,0.60989827,1.4591734e-08,1.4201047e-08,6.048306e-05,0.00010832639,2.4121218e-07
ISIC_0033245,0,0.20705377,0.7925613,4.7774245e-07,1.5013232e-07,0.00037805407,6.1292026e-06,1.3401319e-07
ISIC_0032509,0,4.3792115e-05,0.99995196,3.7680458e-08,2.6927405e-09,1.9816405e-06,1.2263892e-08,2.2601346e-06
ISIC_0034068,0,7.418956e-05,0.99991524,5.693746e-06,1.4787485e-08,2.3372547e-06,1.9789568e-09,2.5220465e-06
ISIC_0034107,0,0.0029639476,0.9970323,9.5706994e-08,7.740391e-09,1.5783782e-07,2.5666375e-06,8.855305e-07
ISIC_0033368,0,0.87000996,0.12999004,1.0537042e-08,1.8666338e-12,2.0538899e-11,1.8694621e-09,1.3025457e-09
ISIC_0032687,0,0.9526863,0.04726002,1.3510919e-07,2.688928e-09,1.459629e-06,5.2075953e-05,1.5609269e-08
ISIC_0033055,0,0.19043465,0.8095607,3.5752748e-06,2.892452e-09,2.5875826e-07,4.5711565e-07,3.546364e-07
ISIC_0032672,0,0.96152276,0.038183425,1.2999497e-05,9.483053e-05,0.00018271743,4.5843706e-07,2.7955161e-06
ISIC_0034076,0,0.40382338,0.59583694,0.00024752007,6.934184e-05,1.6795104e-05,7.5908906e-07,5.2204955e-06
ISIC_0033607,0,0.0018929831,0.99810493,5.6910443e-07,6.893684e-08,8.370113e-07,1.44934e-07,4.6104935e-07
ISIC_0033568,0,5.7351866e-05,0.99991775,3.0528525e-07,6.2245173e-09,2.4540659e-05,2.323374e-09,4.7843816e-08
ISIC_0034062,0,0.11507346,0.877332,1.0491589e-06,0.00040335604,0.0071611963,1.2856371e-07,2.8831462e-05
ISIC_0034170,0,0.044735216,0.8841074,6.6124755e-07,0.02172275,0.04933549,7.2614273e-07,9.779066e-05
ISIC_0033061,0,0.8809075,0.093592174,2.5010175e-05,7.195607e-07,0.0067109023,3.3795484e-05,0.018729849
ISIC_0033967,0,0.9841734,0.0041453307,2.8745703e-06,9.792155e-08,0.000734125,0.00033001017,0.010614278
ISIC_0033051,0,0.00091610407,0.010675599,1.534866e-06,1.8182485e-08,0.98125535,0.0031143066,0.0040369728
ISIC_0033050,0,0.00028304665,0.19326983,1.1332301e-06,8.868956e-07,0.8064249,9.931722e-06,1.0267218e-05
ISIC_0033526,0,0.0014978511,0.118051134,1.506317e-07,6.1968167e-06,0.88043845,5.0575595e-06,1.1657028e-06
ISIC_0027149,0,0.9807442,0.016965166,2.0537817e-07,2.2141714e-05,0.0022604866,4.1961425e-06,3.477779e-06
ISIC_0033668,0,0.99734807,0.0025846364,1.5692946e-07,4.6229605e-05,8.06442e-06,5.141943e-07,1.2319062e-05
ISIC_0032690,0,0.0010303309,0.22841555,1.0827374e-06,6.843774e-05,0.770484,2.5968575e-07,3.690541e-07
ISIC_0032918,0,0.7681328,0.23043282,1.2382522e-07,5.5118606e-05,0.0013608506,6.243543e-08,1.8227118e-05
ISIC_0033498,0,0.03039165,0.9397448,0.00060662295,0.0022843636,0.009834183,2.6505816e-06,0.0171358
ISIC_0031784,0,0.0021163193,0.9716333,0.0003624532,5.1785873e-06,0.02042768,1.868012e-07,0.0054548252
ISIC_0034173,0,0.06856844,0.79184,0.0017727952,0.0002278111,0.13723744,8.83352e-05,0.00026516724
ISIC_0033454,0,0.9957709,0.0041441144,3.6110094e-07,8.2535354e-11,8.114373e-05,8.777884e-08,3.2633411e-06
ISIC_0028225,0,0.002876841,0.99533725,2.1874335e-05,0.00037667446,0.0013748752,2.7576126e-08,1.245086e-05
ISIC_0034317,0,0.014143695,0.9858225,5.1427193e-08,1.999657e-07,2.2580218e-07,7.639401e-07,3.2429267e-05
ISIC_0033662,0,0.470866,0.52912873,6.375647e-09,1.4497923e-08,2.6922298e-09,7.523361e-09,5.218335e-06
ISIC_0033037,0,0.018496327,0.9796392,4.108039e-05,2.4410538e-06,0.001813182,1.15483466e-07,7.643087e-06
ISIC_0033773,0,0.2344303,0.7650046,4.8694397e-05,2.2283982e-06,0.00050246384,5.9138586e-07,1.12106e-05
ISIC_0032152,0,0.02735096,0.9675802,2.5308496e-05,9.373646e-05,0.0049424698,8.8870486e-08,7.104088e-06
ISIC_0033730,0,0.986906,0.013076369,2.004235e-07,2.1168445e-08,1.7238252e-05,8.446546e-08,3.0939567e-08
ISIC_0032975,0,0.99999774,2.1167948e-06,4.0108994e-10,2.0748744e-10,1.4380346e-07,3.7747513e-11,3.6854342e-10
ISIC_0026081,0,0.98840964,0.009686581,9.310936e-07,6.275595e-10,0.0018940406,1.8770476e-06,6.7956007e-06
ISIC_0033925,0,0.00010359223,0.0008304289,5.696728e-05,1.4542755e-07,0.9985997,9.0587963e-07,0.00040829912
ISIC_0033431,0,0.00060753536,0.012305807,6.807861e-05,4.656794e-06,0.007127423,0.18359484,0.7962917
ISIC_0033089,0,0.7585113,0.23133795,6.392185e-07,7.505481e-06,0.010139283,2.9156677e-08,3.3073459e-06
ISIC_0033562,0,0.45186514,0.4993527,5.1416005e-06,0.0019317877,0.046810254,1.0833525e-07,3.4896788e-05
ISIC_0033023,0,0.9999683,3.1714902e-05,1.5255858e-09,1.236913e-11,4.3255902e-08,2.2499804e-11,3.5824288e-09
ISIC_0033258,0,0.99999774,2.3064115e-06,3.0128844e-10,1.5190545e-12,2.810553e-09,6.074675e-11,1.2494177e-10
ISIC_0028148,0,0.5144739,0.48552006,2.2780942e-07,1.1909825e-09,1.3279399e-06,5.1470767e-08,4.350864e-06
ISIC_0027069,0,0.98014945,0.013782852,0.0044104788,0.00092174474,0.0007332087,1.6206576e-07,2.0380953e-06
ISIC_0026089,0,0.21319582,0.7867776,4.305665e-06,9.539384e-09,4.37226e-06,2.2052086e-08,1.7920966e-05
ISIC_0024930,0,0.0015876653,0.9982693,3.6466972e-06,5.685192e-08,0.00013188783,3.7825036e-09,7.4217796e-06
ISIC_0024449,0,0.6037897,0.39617363,6.7230263e-07,1.9744948e-06,1.72819e-06,1.8024717e-05,1.4266179e-05
ISIC_0025512,0,0.015516687,0.9844095,4.2367235e-05,4.0042048e-07,1.7727234e-07,2.8538134e-05,2.401098e-06
ISIC_0024999,0,0.014911457,0.98481476,0.00011684573,1.3161923e-06,5.716864e-08,0.0001201123,3.5448593e-05
ISIC_0026438,0,0.005050934,0.99494743,1.3157701e-06,3.1789509e-09,1.302903e-09,1.331356e-08,2.646414e-07
ISIC_0028126,0,0.018584115,0.981415,5.0837207e-07,1.5316978e-08,8.663185e-09,2.9718248e-09,4.1967886e-07
ISIC_0025085,0,0.00720944,0.975775,0.010333095,1.0927426e-05,0.006124597,3.2973114e-07,0.0005465988
ISIC_0031034,0,0.056043513,0.8296658,0.013577112,0.00033529088,0.098923735,3.367669e-06,0.0014512585
ISIC_0025097,0,0.21797325,0.13388681,0.009112499,0.0005460925,0.60733545,0.021483447,0.00966246
ISIC_0031666,0,0.061806712,0.014130304,0.00017756317,1.4887045e-05,0.9230201,1.5331409e-05,0.0008350179
ISIC_0029819,0,0.0028783472,0.99699485,3.172889e-07,9.263268e-08,6.005642e-05,7.0774245e-06,5.920534e-05
ISIC_0030756,0,0.71059686,0.27545172,5.249973e-06,8.121157e-08,0.013915444,1.4241784e-05,1.6430757e-05
ISIC_0030970,0,0.9397892,0.027738608,0.001323483,0.012373316,0.015768591,0.00288087,0.00012593075
ISIC_0029316,0,0.011610027,0.9883881,2.049008e-09,2.7385787e-12,1.9713406e-07,1.0907879e-10,1.6945154e-06
ISIC_0026989,0,0.004629969,0.99536633,5.8591166e-07,1.0756645e-08,2.514517e-08,3.282873e-07,2.7705782e-06
ISIC_0029859,0,0.0017299091,0.998252,5.3606107e-07,1.6625103e-08,1.4267892e-05,1.4841807e-07,3.2271078e-06
ISIC_0028548,0,0.29490227,0.70106643,0.001089629,0.0005514687,0.002342361,4.6210534e-06,4.3279888e-05
ISIC_0030512,0,0.0005407682,0.99943393,1.4866376e-06,1.3679914e-07,1.929203e-05,2.3631085e-06,2.0049397e-06
ISIC_0029591,0,0.98641485,0.013483895,7.31981e-08,4.9449616e-05,4.7808746e-05,3.9067194e-09,3.895943e-06
ISIC_0027065,0,0.9256341,0.06545157,2.2384285e-05,8.750315e-05,0.008801829,6.4992895e-07,1.989602e-06
ISIC_0028537,0,0.026803,0.9587129,1.4453595e-05,0.013637458,0.00016853299,0.00014891248,0.0005147827
ISIC_0029698,0,0.0032793959,0.07890007,0.79177684,0.120825104,0.0030087873,0.00094753824,0.0012623192
ISIC_0025748,0,0.99595815,0.0040396303,1.0964867e-07,2.1319097e-06,4.040255e-08,1.8573097e-10,5.8416156e-09
ISIC_0028051,0,0.04534753,0.9402093,0.0004573454,0.00021766906,0.01349328,7.81967e-05,0.0001966506
ISIC_0026094,0,2.5946783e-05,0.9999567,1.2984915e-06,1.3510902e-05,7.332728e-07,8.177542e-07,9.819051e-07
ISIC_0024525,0,0.01341682,0.95552593,0.0017384426,0.015776195,0.013311343,0.00019142794,3.9799816e-05
ISIC_0025248,0,0.75352967,0.24075367,1.9622555e-10,6.6873453e-09,0.005715473,7.7070774e-07,4.5104557e-07
ISIC_0032425,0,0.043430958,0.94638926,2.8229651e-05,7.1709474e-07,0.010148003,1.7035116e-08,2.8502538e-06
ISIC_0027442,0,0.038879603,0.00753529,0.022288,0.9310346,9.244655e-06,0.00023878277,1.4468544e-05
ISIC_0024940,0,0.998938,9.493222e-05,2.5480153e-06,5.642815e-07,0.00096248544,7.952288e-07,6.5657116e-07
ISIC_0024351,0,0.0001713265,0.999516,6.0522396e-08,6.921344e-09,0.00031254257,8.6105515e-12,4.5046402e-08
ISIC_0030110,0,0.04994706,0.92183965,6.4265682e-06,1.2384523e-05,0.02813312,1.3445593e-05,4.789972e-05
ISIC_0028847,0,0.0012085552,0.9987826,5.697817e-06,4.4118636e-08,5.9600166e-07,1.6618782e-06,8.7442044e-07
ISIC_0024961,0,0.2003777,0.7557291,0.00017805582,2.5603445e-05,0.04077995,0.002882096,2.757058e-05
ISIC_0029318,0,0.9934604,0.0055384273,1.032179e-05,0.00041157368,0.00057439937,4.866101e-07,4.3957057e-06
ISIC_0032070,0,0.7707391,0.002578669,0.0028122696,0.17250234,0.051055174,7.17597e-05,0.00024073597
ISIC_0025413,0,0.9999082,9.1158916e-05,1.580628e-08,2.3106905e-09,6.1736756e-07,3.6756085e-09,9.467926e-10
ISIC_0028685,0,0.47182548,0.45505628,0.00014539596,0.058877032,0.01390572,1.8192208e-07,0.0001898779
ISIC_0031670,0,0.12912424,0.008329536,6.8426283e-07,4.0417335e-06,0.8625363,1.9033821e-06,3.2508124e-06
ISIC_0031339,0,0.9995751,0.0004082548,8.5289446e-07,1.4412333e-05,5.7644326e-07,6.1957917e-07,2.6315467e-07
ISIC_0032476,0,0.31739295,0.00017840118,8.837169e-07,0.6823322,8.718892e-05,3.090399e-06,5.250593e-06
ISIC_0030423,0,0.84039855,0.15674067,1.77878e-05,5.1648414e-05,0.0027891924,2.3060826e-07,1.9252714e-06
ISIC_0029353,0,0.99598783,0.0005477559,5.882408e-06,0.0034080683,1.3572541e-05,3.4785724e-05,2.1211008e-06
ISIC_0030653,0,9.4301045e-05,0.9933729,0.0011995323,2.0461124e-05,0.0032246865,1.9459273e-08,0.0020881058
ISIC_0029885,0,0.0135443155,0.18705776,0.045769293,3.841962e-06,1.748011e-07,0.75299966,0.00062496087
ISIC_0031550,0,0.37413678,0.6223734,6.778402e-06,9.581554e-07,0.0032282823,0.00018240257,7.145999e-05
ISIC_0027089,0,0.22676325,0.77323467,1.0069142e-07,8.1146766e-08,1.6913301e-06,2.0186442e-07,1.1342736e-08
ISIC_0026239,0,0.995261,0.004739043,1.171472e-08,1.311072e-10,3.3158593e-10,2.5510083e-10,9.310756e-10
ISIC_0024805,0,0.07160156,0.9279563,0.00033714075,0.000100509904,3.994612e-07,2.9775825e-07,3.6550027e-06
ISIC_0030032,0,0.62289923,0.37521428,0.00022149761,0.0008685466,0.0006522672,4.4296225e-06,0.00013973603
ISIC_0026131,0,0.1226883,0.87599677,4.4994113e-07,2.9611147e-07,0.0013139386,5.935171e-10,2.9247195e-07
ISIC_0025663,0,0.12497256,0.7184932,1.529973e-05,0.005602075,0.15091188,1.3219427e-07,4.759539e-06
ISIC_0031561,0,0.9287304,0.071269,3.9992997e-08,5.035199e-07,4.657478e-09,8.313369e-10,5.604925e-08
ISIC_0025766,0,0.40505764,0.5948825,5.1853473e-05,5.243689e-07,3.5296086e-06,2.7236324e-09,3.941286e-06
ISIC_0027560,0,0.15744579,0.84074575,2.2183687e-05,0.001247152,0.00050170644,1.9085007e-06,3.550018e-05
ISIC_0032149,0,0.80039126,0.19851698,3.3492277e-05,3.6337606e-05,0.0010163428,5.5077163e-07,5.014979e-06
ISIC_0024733,0,0.84102815,0.10537539,0.0032591093,0.024343207,0.025957534,2.3817834e-07,3.6426292e-05
ISIC_0031931,0,0.09830451,0.00072522537,5.037634e-07,0.017381852,0.8835247,1.869365e-05,4.445989e-05
ISIC_0031821,0,0.0007438365,0.9988366,1.8812837e-06,4.340496e-07,4.633491e-05,2.8429477e-07,0.00037063175
ISIC_0028026,0,0.9985771,0.0010425869,2.1165452e-08,1.4046387e-07,0.00038010246,1.1983757e-10,8.432699e-08
ISIC_0027904,0,0.8411984,0.13667814,6.422145e-05,0.015830336,0.006172298,2.2790105e-07,5.6426714e-05
ISIC_0026735,0,0.9805978,0.0001382904,2.3899256e-05,0.0005894802,0.018646002,3.1454053e-06,1.3515737e-06
ISIC_0028352,0,0.19383481,0.116377935,0.0005855656,0.012370631,0.67649883,0.0001277299,0.00020450112
ISIC_0031498,0,0.64286125,0.35713834,1.5698528e-07,1.5229577e-10,1.3573853e-08,2.2085805e-08,2.4558142e-07
ISIC_0030925,0,0.06543174,0.89080346,5.050806e-05,0.02618272,0.016275672,1.5146351e-05,0.0012406961
ISIC_0024864,0,0.017925918,0.9819718,1.7640208e-08,2.7325754e-08,0.000101874,6.355343e-08,3.2295785e-07
ISIC_0031377,0,0.010296189,0.9896835,3.8752012e-07,8.514457e-08,9.37366e-06,9.793213e-06,6.303127e-07
ISIC_0027126,0,0.8276736,0.15249673,0.0003960291,0.00047102605,0.018828662,6.69667e-06,0.0001271957
ISIC_0030604,0,0.516342,0.45444858,2.6534303e-07,4.111099e-06,0.029200936,3.7438355e-07,3.7184493e-06
ISIC_0024958,0,0.22548361,0.7705251,1.2150856e-06,0.000100280566,0.0038822773,1.212628e-06,6.358571e-06
ISIC_0030951,0,0.5776661,0.16793303,1.2435839e-06,1.2070242e-06,0.2543975,1.1966514e-08,9.2225673e-07
ISIC_0027067,0,0.90307885,0.05516024,0.00031545866,0.00047511133,0.040943515,6.9737243e-06,1.9893345e-05
ISIC_0026258,0,0.002656917,0.8167064,3.4843024e-06,2.2842063e-05,0.18055108,9.666414e-06,4.9567072e-05
ISIC_0025235,0,0.0019260799,0.97380316,2.3409126e-07,1.2423068e-09,0.024264092,6.8583354e-08,6.2979693e-06
ISIC_0028915,0,0.46173644,0.18065174,0.3079841,0.0005491192,0.048071593,5.862523e-05,0.0009483613
ISIC_0029652,0,0.86184007,0.11704994,0.010344669,0.010577924,0.00011447267,1.298812e-05,5.9918755e-05
ISIC_0031295,0,0.5046677,0.030404186,0.4643545,0.0005148249,4.9103448e-05,3.1536372e-06,6.541628e-06
ISIC_0025616,0,0.01779967,0.13157044,3.7367106e-06,2.7996039e-06,0.8506029,8.88712e-07,1.9525449e-05
ISIC_0025611,0,0.7839537,0.21594623,8.671147e-05,1.8538412e-06,2.2923628e-06,9.349667e-08,9.05098e-06
ISIC_0028714,6,0.00020994607,0.0006733713,4.2515414e-05,1.5834552e-06,5.7050916e-06,1.3922658e-05,0.99905294
ISIC_0030956,6,5.7732e-09,8.192441e-05,4.6600475e-09,3.3986177e-13,1.9918605e-09,1.5120312e-08,0.9999181
ISIC_0029889,6,4.2266177e-07,3.0653147e-09,1.5196827e-07,6.19578e-09,5.4608408e-11,1.13440654e-11,0.9999994
ISIC_0027385,6,4.348895e-06,0.00663374,0.0008066539,4.3516532e-10,2.0167623e-07,1.6422595e-05,0.99253863
ISIC_0030882,6,9.718609e-06,0.0048369477,0.00022753423,3.6958185e-09,4.03561e-09,6.0834118e-05,0.9948649
ISIC_0032745,6,4.2023676e-05,4.5457844e-05,4.973307e-07,1.0439177e-08,0.999871,1.3042802e-06,3.962027e-05
ISIC_0032557,6,0.0050123897,0.00042248078,1.8333516e-05,4.661617e-06,0.993115,0.00077734975,0.00064990896
ISIC_0033092,6,0.00682636,0.016775958,0.0012872305,2.334831e-06,0.07940822,0.009527532,0.8861724
ISIC_0032614,6,4.985163e-08,1.2447786e-08,1.3139729e-09,2.4066194e-12,6.6449654e-12,4.2729625e-10,1.0
ISIC_0033349,6,2.5986152e-08,4.8113122e-09,2.3776767e-10,1.6064307e-14,2.2062014e-13,2.0231339e-10,1.0
ISIC_0032919,6,5.1994316e-09,5.6480046e-11,2.4329603e-11,5.025339e-14,5.3721316e-15,9.527469e-11,1.0
ISIC_0032866,6,4.9945267e-11,6.2755826e-06,4.1760033e-12,7.5355704e-17,2.8192568e-12,9.074845e-12,0.9999937
ISIC_0033230,6,0.00020623641,9.41468e-06,0.9883967,6.991427e-06,1.2412607e-07,0.0003258353,0.011054717
ISIC_0033762,6,0.1657328,0.00032132858,0.01063019,5.7152705e-05,5.0791783e-08,2.2419454e-05,0.8232361
ISIC_0034214,6,0.0070368745,0.00080636196,0.37181997,2.6830354e-05,1.3266366e-07,0.0020367221,0.61827314
ISIC_0031090,6,0.48918548,0.4931066,0.0023381205,1.6170644e-09,5.0582574e-05,0.00012922318,0.015190022
ISIC_0031950,6,0.20309617,0.7785721,2.6718592e-06,3.4699488e-09,7.2904123e-09,7.1172494e-06,0.018321943
ISIC_0026876,6,1.2752475e-06,1.5733697e-06,2.3762033e-07,4.2703324e-10,4.0088755e-10,2.8289327e-07,0.99999654
ISIC_0030606,6,5.432986e-07,1.5107317e-07,1.9698525e-07,1.484947e-11,4.9835977e-12,2.8064921e-08,0.9999989
ISIC_0032715,6,2.627914e-09,2.5867416e-06,2.514626e-05,2.908801e-10,2.935347e-10,4.050466e-10,0.9999722
ISIC_0033991,6,1.1918021e-10,2.5768352e-06,1.5090994e-05,8.573357e-09,2.743521e-08,2.2618987e-09,0.99998224
ISIC_0025197,6,4.3916167e-05,0.0012315259,1.16187375e-05,4.127421e-06,6.3969246e-06,5.4032976e-06,0.998697
ISIC_0029877,6,1.9618456e-05,0.028495757,5.5921396e-06,4.1955425e-10,0.00033202444,2.345558e-05,0.9711236
ISIC_0027856,6,4.3570813e-06,0.0008649322,6.647003e-05,2.8502706e-07,0.008852737,2.231208e-06,0.990209
ISIC_0026490,6,9.364531e-09,0.0005591583,5.3232284e-08,8.2344395e-11,2.0344908e-07,1.02927814e-07,0.9994405
ISIC_0024370,6,1.5398813e-05,0.013923377,0.0010511033,7.9891913e-07,0.03864668,0.0009896333,0.94537306
ISIC_0025250,6,1.320144e-05,7.352811e-06,4.7001762e-07,1.5160023e-09,9.027562e-07,4.4745665e-09,0.99997807
ISIC_0026713,6,6.11545e-05,0.35325056,0.26745027,1.8636655e-10,1.9475851e-07,7.6865143e-07,0.3792371
ISIC_0028885,6,1.7046789e-08,7.879853e-06,8.850027e-07,4.982384e-10,1.1147709e-07,3.2479713e-07,0.9999908
ISIC_0027665,6,3.3520926e-08,0.015936699,3.495687e-07,2.5395122e-12,2.2883007e-09,2.9085948e-07,0.9840627
ISIC_0027269,6,4.0791147e-06,0.005724531,5.9565448e-08,4.400984e-09,0.003688832,6.858004e-09,0.99058247
ISIC_0034093,2,0.00047651184,0.12714863,0.87230605,3.2811517e-05,7.338036e-06,4.8327393e-06,2.383224e-05
ISIC_0030446,2,0.003468078,0.009597609,0.9844015,0.0017646257,3.467772e-07,0.00022343473,0.00054442696
ISIC_0031527,2,0.00017729017,0.0007375138,0.99742573,0.00039694662,2.0685111e-07,0.0010920116,0.00017022649
ISIC_0030893,2,8.3906285e-05,0.0005035285,0.99891996,3.5192252e-07,1.5804273e-05,8.311469e-06,0.00046824236
ISIC_0028994,2,0.0031813185,1.3422731e-05,0.0043274183,0.15556334,0.8366956,7.061369e-05,0.00014816497
ISIC_0032696,2,4.6063635e-12,5.580862e-11,1.0,2.1729515e-12,1.0858765e-12,8.304619e-11,4.02524e-10
ISIC_0029466,2,1.2196136e-07,1.4867503e-08,0.9999999,3.5596775e-12,1.0093301e-11,6.353266e-10,8.763018e-10
ISIC_0027057,2,8.2132e-06,3.065721e-07,0.9999908,2.8717395e-07,6.676609e-10,1.9532642e-07,6.1497545e-08
ISIC_0030271,2,0.0033949083,1.9510197e-05,0.7366148,0.00051108917,0.25879508,0.00033315047,0.00033153166
ISIC_0026643,2,0.051531963,0.0014376577,0.013658985,0.0007379855,0.9094062,0.0069276593,0.016299553
ISIC_0031140,2,1.2208364e-09,3.740649e-08,0.99999976,2.5538596e-09,2.3656334e-07,1.3092388e-10,1.7173337e-08
ISIC_0028457,2,0.00016209549,0.00033437173,0.9994332,1.907606e-07,4.358904e-08,2.4760445e-06,6.757506e-05
ISIC_0027545,2,0.02471318,0.42872107,0.5421902,1.1821155e-05,0.0037011341,5.2472147e-05,0.0006100946
ISIC_0027609,2,0.0010931864,0.13036357,0.80815846,2.6959417e-05,0.06030432,3.8424314e-05,1.5105348e-05
ISIC_0027365,2,3.4331545e-06,1.8664075e-05,0.99997735,6.744617e-08,5.324648e-07,9.948894e-10,3.200348e-08
ISIC_0026343,2,0.0004774767,0.010274092,0.9441696,2.7090227e-05,0.045039963,9.744556e-07,1.0762571e-05
ISIC_0029341,2,0.00044294025,0.01804557,0.87523925,0.0016012788,0.001114477,0.0013731325,0.1021834
ISIC_0031442,2,0.00012336971,0.00010372507,0.99700075,4.5507488e-07,0.0026033556,1.5622822e-05,0.00015275487
ISIC_0026766,2,0.009446989,0.025879659,0.9452694,9.214013e-06,0.018330043,0.0010377461,2.691408e-05
ISIC_0027851,2,0.0004968141,0.024299681,0.9750446,6.423799e-07,9.078521e-05,6.52211e-05,2.315005e-06
ISIC_0028858,2,0.01031392,0.14994834,0.7379794,8.647173e-06,0.101559974,0.00014369657,4.602877e-05
ISIC_0030010,2,1.6945847e-07,1.2387872e-05,0.99998593,1.4829529e-10,2.223267e-12,1.7781668e-09,1.5031434e-06
ISIC_0026831,2,1.910265e-08,0.00012610605,0.9996706,1.1070567e-06,3.8243593e-06,2.8250117e-06,0.00019553793
ISIC_0032482,2,5.303438e-07,0.0008301011,0.99815255,1.8008375e-08,0.00025877243,6.9876487e-06,0.000751089
ISIC_0033354,2,5.8783702e-09,3.1864884e-09,1.0,4.407376e-09,4.4390866e-10,2.2181519e-12,3.3042347e-09
ISIC_0032857,2,4.0376908e-05,4.650298e-05,0.9999131,3.9002837e-10,1.0380545e-08,1.0419152e-11,1.00873985e-08
ISIC_0032906,2,5.0846946e-08,2.6027333e-06,0.9999974,3.394746e-10,7.4183715e-10,1.8036514e-10,3.3831904e-09
ISIC_0033579,2,0.053162973,0.035264187,0.911568,5.4440403e-09,2.0756052e-07,1.9923425e-08,4.6071477e-06
ISIC_0034095,2,0.0044031143,0.0011608169,0.994436,8.8496516e-10,9.50092e-10,1.8372517e-10,4.4086537e-08
ISIC_0034143,2,6.6273606e-06,3.793152e-08,0.9999933,1.7142422e-13,3.1630375e-14,1.21792996e-14,2.3168891e-09
ISIC_0032652,2,0.0025295445,0.13977322,0.857694,1.5132734e-08,8.396883e-07,3.9252168e-07,1.9958036e-06
ISIC_0033551,2,7.730891e-05,0.0053375764,0.9945793,7.365303e-07,3.987288e-06,3.343785e-07,6.546071e-07
ISIC_0033571,2,0.0004285323,0.04339643,0.9561151,7.987211e-08,5.143417e-05,1.0945266e-07,8.304134e-06
ISIC_0034299,2,0.00046970334,0.07998923,0.91954076,1.9189512e-09,3.9022185e-09,2.0992761e-08,3.010918e-07
ISIC_0032808,2,0.15900458,0.030977609,0.8100163,8.357351e-09,1.2834608e-06,6.035167e-08,2.0035905e-07
ISIC_0033203,2,0.0014766026,0.91949713,0.078946225,3.9386222e-08,8.49052e-09,7.5081625e-06,7.261186e-05
ISIC_0033366,2,0.035998557,0.91028196,0.05201312,5.987292e-08,0.0016940124,7.1987492e-06,5.087604e-06
ISIC_0032816,2,0.00014927733,0.99951565,0.00016066871,1.7249238e-08,3.813082e-08,9.566576e-07,0.00017338069
ISIC_0032727,2,3.6080144e-07,0.00028320917,0.87762064,0.12002494,0.00055563974,9.703415e-08,0.0015151297
ISIC_0033979,2,6.182242e-05,0.01820987,0.55244297,0.008565376,0.41991088,5.821053e-05,0.00075096585
ISIC_0028871,2,1.0313207e-06,1.3571914e-06,0.9999957,3.1375703e-07,2.7214665e-07,5.410409e-07,7.1421556e-07
ISIC_0031836,2,0.0042543095,0.006025366,0.98742247,8.568771e-08,0.0021862185,5.785264e-07,0.00011100046
ISIC_0031225,2,0.0012295065,0.9983285,0.0003532802,9.495078e-07,8.7027685e-05,7.819067e-09,7.2626256e-07
ISIC_0030233,2,0.61209947,0.2795968,0.097944,0.0020926723,0.0069082924,0.000884786,0.0004739009
ISIC_0029546,2,5.642821e-06,0.010179738,0.98981035,1.5056473e-06,2.4095013e-06,1.2723414e-07,2.3758253e-07
ISIC_0029392,2,4.1217092e-05,7.5536747e-07,0.99581003,0.0041450895,5.061224e-07,1.13090834e-08,2.4540166e-06
ISIC_0031698,2,1.4700899e-09,0.00014971229,0.9998492,3.880022e-07,5.0951365e-07,6.2574407e-10,2.3004863e-07
ISIC_0026988,2,1.1684155e-07,2.2136521e-07,0.99976164,0.00023789813,4.1931024e-08,3.1303267e-09,1.200883e-07
ISIC_0024632,2,2.9796336e-06,0.019664858,0.5188806,0.0011979878,0.45968762,1.8801895e-05,0.00054717704
ISIC_0026668,2,0.0006223174,0.002598511,0.9288603,0.00054896774,0.06723183,6.772001e-07,0.00013737498
ISIC_0031384,2,0.000239922,0.47865182,0.52092314,0.00015151176,1.2204276e-05,8.1850175e-08,2.1275377e-05
ISIC_0025299,2,1.2815e-12,1.5555221e-10,1.0,8.38332e-14,6.04014e-12,4.4939147e-14,4.5015545e-12
ISIC_0028739,2,3.1216074e-05,0.0041718655,0.99579656,4.0991603e-07,3.232828e-09,1.109605e-09,2.6540137e-08
ISIC_0024332,2,8.374589e-06,1.3474812e-07,0.99995804,1.1645964e-05,2.0589634e-05,4.428915e-07,6.6619236e-07
ISIC_0024454,2,3.1782216e-07,1.2941754e-07,0.999203,0.00058536447,0.00020612571,2.027943e-07,4.845897e-06
ISIC_0027704,2,3.388588e-05,0.00042957926,0.99807715,0.0005513953,0.00082386966,8.1906575e-05,2.2406718e-06
ISIC_0024403,2,0.00023298427,0.0011550261,0.99441236,0.0040925555,5.3669795e-05,3.790028e-05,1.5536765e-05
ISIC_0026855,2,2.1398657e-06,0.023899652,0.97580713,4.6096716e-07,0.00012716888,1.0227773e-08,0.00016344403
ISIC_0024634,2,0.0005892276,0.8364927,0.16231033,0.00059613993,2.0580983e-06,1.0186003e-06,8.630765e-06
ISIC_0030813,2,6.0240274e-10,2.015851e-09,1.0,6.58012e-10,3.6309231e-13,5.8753232e-12,2.0727404e-09
ISIC_0028113,2,0.0011157147,0.0014079228,0.97882277,0.018486219,8.966228e-05,8.9172154e-08,7.75534e-05
ISIC_0026845,2,0.31124792,0.00867179,0.49526146,0.0009523358,0.18280205,0.0001272976,0.0009370831
ISIC_0025826,2,4.3508344e-06,0.019806307,0.9790066,0.0010687794,8.8556764e-05,1.4124733e-07,2.5361973e-05
ISIC_0030181,2,7.215456e-08,5.426916e-07,0.7292742,0.011447589,0.25926855,1.0080018e-07,8.935292e-06
ISIC_0028329,2,2.807803e-09,1.5595656e-08,0.9998847,0.00011498487,1.4162984e-07,1.01654564e-07,4.214379e-08
ISIC_0032246,2,3.1178111e-09,3.581546e-05,0.9999478,1.5340005e-05,5.9103905e-07,1.0691108e-07,3.4728103e-07
ISIC_0026865,2,2.0612767e-09,0.00077537063,0.99922454,2.9929341e-09,5.9722e-08,1.0527334e-08,2.6328465e-08
ISIC_0031057,2,1.8707823e-07,0.0015039237,0.9946778,0.0015669988,0.0021903527,5.7529436e-05,3.1881905e-06
ISIC_0029524,2,1.3310562e-06,2.9741204e-05,0.99992883,1.3460015e-06,2.6990545e-05,6.985901e-07,1.0927029e-05
ISIC_0028050,2,5.868267e-07,0.024461497,0.97414666,0.001274001,1.4454079e-05,9.629701e-05,6.3550874e-06
ISIC_0026118,2,1.6303596e-10,7.660528e-08,0.9999999,3.38351e-08,8.241099e-09,1.1319755e-11,5.3536335e-09
ISIC_0029820,2,0.0015780466,0.00037285005,0.9932486,0.0047185533,7.2272705e-05,8.0765227e-07,8.894116e-06
ISIC_0029644,2,2.5311085e-06,0.0001791545,0.99979407,6.5928873e-07,2.079865e-05,1.4543315e-07,2.6651353e-06
ISIC_0032314,2,6.533924e-08,6.671662e-05,0.99920076,7.607739e-07,0.00071946427,6.877705e-08,1.214196e-05
ISIC_0024461,2,1.712835e-09,1.5585364e-06,0.9999827,1.5123865e-05,5.1267843e-09,3.2049584e-08,6.458368e-07
ISIC_0030526,2,8.267715e-09,1.1820006e-06,0.99267125,0.0073259296,3.5369485e-08,8.797015e-08,1.5530899e-06
ISIC_0025530,2,1.4576607e-07,9.4045953e-07,0.99996436,2.6278887e-05,2.9488282e-08,2.6243536e-06,5.7263073e-06
ISIC_0027629,2,0.00018330832,0.06265648,0.60220075,7.1982577e-06,0.334925,1.4228256e-05,1.3055636e-05
ISIC_0028283,2,2.6372777e-06,0.015892554,0.9840185,5.7370116e-06,6.069581e-05,4.2061606e-07,1.947031e-05
ISIC_0027175,2,2.6964517e-07,0.050065026,0.94993275,2.9537952e-07,3.9653042e-07,1.2951586e-08,1.2348477e-06
ISIC_0031407,2,0.019939834,0.009893201,0.9193235,0.050822567,3.724946e-08,7.844937e-08,2.0704523e-05
ISIC_0028652,2,0.0030276736,0.000357008,0.9875623,0.009046915,6.1339476e-09,1.12465266e-07,5.990356e-06
ISIC_0027038,2,1.6773635e-07,8.976966e-07,0.9999747,1.0742376e-05,4.4425324e-06,1.0076858e-06,8.045139e-06
ISIC_0032030,2,2.7786873e-06,0.025041288,0.8871696,0.07447752,0.012689722,0.0004690605,0.00014996514
ISIC_0027525,2,2.906868e-05,0.0003414963,0.2927033,0.34922796,0.31541598,0.0032173274,0.039064866
ISIC_0024550,2,5.2717496e-06,0.010109576,0.98126113,0.00020824073,9.562175e-05,0.008259872,6.0206283e-05
ISIC_0029919,2,6.382943e-06,0.0058385376,0.95541537,0.00055462535,0.03555861,0.0025905154,3.6004265e-05
ISIC_0030094,2,4.6424998e-07,3.0314275e-06,0.9987754,3.5879475e-06,0.0012170128,3.7772102e-07,1.3267577e-07
ISIC_0030352,2,1.2733175e-09,3.1496896e-08,0.99999964,2.841143e-07,7.621799e-09,9.477804e-11,3.8676948e-08
ISIC_0028814,2,1.5481165e-06,7.212564e-05,0.9998405,7.4275405e-05,7.200094e-06,2.6322596e-06,1.8101023e-06
ISIC_0026829,2,9.734005e-06,0.9232172,0.07674827,1.3562558e-06,1.8931689e-05,1.0384979e-06,3.546915e-06
ISIC_0032132,2,0.000907571,0.8286351,0.00042641463,0.00043480273,0.16958748,7.400507e-07,7.8850935e-06
ISIC_0026154,2,7.570454e-05,0.00014002646,0.99976915,1.3022563e-05,2.0439074e-06,3.071832e-08,1.7575506e-07
ISIC_0029917,2,0.013875312,0.0059126425,0.97679967,0.003407911,3.6574863e-07,1.1299244e-07,4.0212576e-06
ISIC_0031614,2,0.004748657,0.014331704,0.98074716,4.5585034e-06,1.2659274e-05,2.7759822e-06,0.00015251101
ISIC_0024829,2,3.1046458e-08,1.7693756e-06,0.9999844,4.4547983e-06,2.0028782e-08,4.4886847e-06,4.928676e-06
ISIC_0031041,2,2.6983136e-05,0.00019235462,0.99750596,2.2091094e-06,0.0022688336,4.184418e-07,3.1949603e-06
ISIC_0032316,2,1.9545978e-07,0.9550725,0.044527978,4.1114204e-06,0.0002520873,0.000122045334,2.1123582e-05
ISIC_0028671,2,8.5864843e-07,4.0616255e-06,0.9999912,1.2506724e-11,7.8055926e-08,1.2690168e-10,3.8197636e-06
ISIC_0025775,1,2.4418666e-08,0.9999999,9.144528e-11,2.4112838e-11,4.0862073e-08,3.878555e-08,3.7099576e-10
ISIC_0028239,1,4.7604337e-07,0.9999995,7.6927555e-11,6.8855484e-13,6.5693473e-09,3.551994e-11,4.4009556e-09
ISIC_0031325,1,8.575872e-06,0.9999746,1.8089436e-10,3.307091e-08,4.9254744e-08,3.6538843e-08,1.6777618e-05
ISIC_0032115,1,0.00016595914,0.99983287,3.4999492e-09,6.3983235e-11,4.1803548e-07,6.721031e-08,6.61501e-07
ISIC_0032446,1,1.04084785e-08,0.9999987,8.264911e-08,3.1329113e-11,1.2538044e-06,7.7033206e-11,8.182012e-09
ISIC_0024415,1,2.2292574e-05,0.99782515,2.3670603e-09,4.0757713e-09,0.0021511652,2.8470433e-07,1.1824211e-06
ISIC_0026583,1,5.4795073e-06,0.9997949,7.2037064e-06,7.748966e-06,0.00016878705,3.834971e-06,1.2058878e-05
ISIC_0031536,1,9.208576e-06,0.93282425,3.621563e-06,7.7033555e-08,0.06715464,3.0209338e-07,7.8211215e-06
ISIC_0026054,1,0.029854592,0.8808848,8.902242e-07,3.3435407e-07,0.0008641711,1.3510485e-08,0.08839518
ISIC_0029347,1,0.0025606214,0.997437,2.1215958e-06,1.0307804e-08,1.6265822e-07,9.548046e-09,1.1040982e-07
ISIC_0024364,1,6.779719e-08,0.99453825,1.7567552e-07,4.8937464e-12,0.0054538543,4.966387e-06,2.7085057e-06
ISIC_0026518,1,0.021226687,0.9785806,1.1118785e-05,2.0772394e-10,6.966207e-07,4.0259147e-05,0.00014068758
ISIC_0027479,1,6.437174e-05,0.99989235,6.5819505e-09,2.8384942e-10,4.299146e-05,2.6977102e-07,2.7399956e-08
ISIC_0027944,1,1.6970649e-06,0.999861,2.711929e-07,9.772831e-11,0.00013608341,6.0539223e-09,9.1182955e-07
ISIC_0030517,1,6.285134e-07,0.99998534,3.0120945e-10,3.5344064e-11,1.40271195e-05,2.3218165e-09,2.3958477e-09
ISIC_0029569,1,8.143612e-07,0.9984742,4.04646e-09,1.9522035e-09,0.0015249505,1.8438655e-09,2.8100217e-08
ISIC_0031486,1,5.080557e-08,0.99999964,2.1461686e-07,1.6656072e-13,7.0297745e-08,4.697542e-10,1.5846036e-08
ISIC_0029526,1,9.814697e-06,0.99997413,2.2342617e-06,4.1919205e-07,1.2004838e-06,9.980642e-06,2.1220083e-06
ISIC_0030072,1,6.509623e-05,0.9999349,2.9565737e-09,1.0090542e-12,7.693132e-09,8.410574e-11,8.9862775e-09
ISIC_0030820,1,0.008640094,0.99135536,3.792342e-06,6.3183243e-12,7.9026114e-07,1.0042459e-10,2.7415455e-08
ISIC_0028090,1,5.7231875e-07,0.99998724,2.5995326e-09,2.0608951e-13,1.2144e-05,9.1919604e-11,2.3223091e-08
ISIC_0030013,1,2.5476305e-05,0.9995536,2.8847146e-06,1.5856606e-06,0.00041557167,8.599908e-09,8.6160975e-07
ISIC_0025585,1,4.5504257e-07,0.99992836,8.635734e-09,6.051325e-10,7.944909e-08,1.5540533e-09,7.104089e-05
ISIC_0030523,1,8.0142e-06,0.99998116,2.2091804e-08,5.5952554e-10,8.16622e-06,1.5166246e-07,2.5197942e-06
ISIC_0025143,1,0.0033257504,0.9966738,8.077511e-10,1.8425539e-12,3.550467e-07,1.7666308e-09,7.354223e-10
ISIC_0027324,1,9.797844e-07,0.9805783,5.75705e-05,5.3877407e-08,0.019271182,7.837402e-05,1.361805e-05
ISIC_0028164,1,1.1435932e-05,0.9985139,9.0101327e-07,1.8003189e-07,0.0014687383,6.797437e-07,4.052772e-06
ISIC_0027000,1,6.923112e-10,0.9999988,2.382871e-11,1.2329611e-14,1.1423425e-06,4.4907116e-11,5.2077866e-11
ISIC_0029998,1,4.910546e-07,0.99997616,1.4922315e-07,2.0046456e-09,3.29442e-06,1.5664262e-05,4.267864e-06
ISIC_0030338,1,0.00017334172,0.999821,4.7633162e-07,1.5922694e-08,4.200917e-06,6.337182e-07,4.3268693e-07
ISIC_0030428,1,6.6807365e-06,0.9999918,1.3165153e-06,1.6038307e-10,6.411773e-09,4.0998414e-09,1.9584365e-07
ISIC_0025692,1,2.7401088e-06,0.99994683,2.4031038e-05,1.04291615e-08,7.007991e-06,6.491675e-06,1.29883965e-05
ISIC_0026755,1,2.691723e-07,0.9999994,2.1626592e-08,1.5654885e-11,7.59791e-08,1.6783503e-09,2.8865833e-07
ISIC_0028359,1,5.2047017e-05,0.9999268,5.629562e-07,6.5805947e-09,1.969194e-05,4.2134868e-08,8.8702126e-07
ISIC_0026948,1,1.6734475e-06,0.9999982,7.1959005e-10,7.488528e-12,4.536706e-08,8.561164e-11,4.0538524e-08
ISIC_0026246,1,6.636887e-07,0.9991867,8.561056e-07,2.3944287e-08,0.00080173585,3.6704687e-06,6.319885e-06
ISIC_0028302,1,6.757282e-06,0.99989724,7.2316416e-06,2.2985024e-07,8.629834e-05,1.493343e-06,6.6466566e-07
ISIC_0026172,1,0.0011057934,0.9988011,1.6914112e-06,1.2268688e-09,2.7375538e-06,8.828336e-05,4.0273812e-07
ISIC_0029273,1,0.0042996975,0.9956684,1.6040294e-08,6.129671e-11,7.6348e-06,1.3365114e-06,2.2885937e-05
ISIC_0027752,1,2.4413406e-05,0.99997365,2.790797e-08,2.2970998e-09,1.4021973e-06,1.1156099e-09,4.4325884e-07
ISIC_0024327,1,4.9402506e-06,0.9998791,3.3415418e-10,1.0153578e-11,0.000115932584,1.0902241e-11,2.4174295e-08
ISIC_0025432,1,0.000104701445,0.99906164,1.7343133e-05,2.1809939e-08,0.00081609056,1.43033345e-08,2.4800397e-07
ISIC_0026234,1,0.002309532,0.988891,1.2222205e-06,2.2453097e-08,0.008797353,1.48602e-07,7.6673393e-07
ISIC_0025934,1,1.0384321e-07,0.9998604,2.7558833e-08,5.846464e-10,0.00013914795,1.2960129e-07,2.2499506e-07
ISIC_0027411,1,0.0067484267,0.9932514,1.5965457e-10,7.870184e-11,9.493291e-11,1.1632227e-09,2.187663e-07
ISIC_0030888,1,1.3768056e-06,0.9999963,3.0732635e-11,2.0157636e-12,2.2622469e-06,2.3745795e-08,3.7972727e-09
ISIC_0029523,1,1.6870357e-06,0.99999535,6.5660785e-08,7.125745e-14,2.5157722e-06,2.3252067e-10,3.575829e-07
ISIC_0025749,1,1.0085847e-06,0.9978132,7.6853907e-10,6.080824e-11,0.0021856094,1.0834029e-08,1.0915572e-07
ISIC_0029258,1,4.7086226e-07,0.9999329,5.519443e-10,5.4882284e-12,6.635982e-05,1.3925619e-07,1.00921454e-07
ISIC_0031388,1,0.00016612229,0.97431934,5.0948734e-06,3.2735145e-10,0.025361216,3.920843e-07,0.00014782326
ISIC_0024980,1,1.0713001e-08,0.9999988,2.4281684e-11,5.971597e-12,1.1943833e-06,2.2324104e-12,2.067164e-08
ISIC_0031653,1,4.536969e-08,0.99997604,1.3077658e-09,4.328481e-11,2.3850065e-05,3.3988994e-09,4.4337702e-09
ISIC_0027422,1,2.030191e-07,0.99999976,6.292808e-10,8.192757e-11,1.6911844e-10,4.967801e-08,6.218522e-10
ISIC_0031773,1,4.004424e-05,0.99786854,0.00017520119,1.1349312e-08,5.7552415e-06,2.1072748e-09,0.0019104829
ISIC_0028054,1,5.340038e-08,0.9994024,3.1730358e-06,7.4958023e-10,0.00022180472,0.00037097893,1.6002738e-06
ISIC_0030550,1,2.1052947e-06,0.9999974,8.207517e-11,1.1393758e-12,5.568801e-07,5.1868707e-08,1.8132942e-08
ISIC_0031704,1,1.6460301e-06,0.9999964,2.9786914e-08,4.6840028e-12,7.2567224e-07,4.166005e-09,1.1843931e-06
ISIC_0024580,1,2.8270003e-06,0.99999654,4.4265183e-09,1.2354301e-10,4.673663e-07,1.7126776e-07,1.31524525e-08
ISIC_0025930,1,1.26560835e-05,0.9991523,8.858804e-05,6.243831e-10,0.0007421349,4.4723578e-08,4.2926526e-06
ISIC_0028594,1,6.6205575e-05,0.99938273,1.7205998e-07,1.5073691e-09,0.00054837955,2.362129e-06,8.9796416e-08
ISIC_0031185,1,8.836625e-09,0.9999659,1.0520219e-09,8.68926e-13,3.401758e-05,1.36813165e-08,5.8310487e-08
ISIC_0029463,1,1.1165091e-06,0.9999987,1.4124616e-07,5.166655e-12,1.04760055e-10,8.248513e-09,7.337467e-10
ISIC_0030968,1,1.0578906e-05,0.9159504,3.5930753e-07,1.3217782e-07,0.08403274,4.6707646e-06,1.158656e-06
ISIC_0031907,1,3.017748e-06,0.99999595,6.797085e-08,1.1945586e-10,5.9155764e-07,1.7816694e-11,4.3439678e-07
ISIC_0028962,1,1.57159e-06,0.99999774,5.9143307e-10,5.043623e-13,1.187608e-08,7.605883e-07,3.2889982e-09
ISIC_0029015,1,3.1352891e-07,0.99999416,4.3340473e-10,3.1866214e-13,5.270058e-06,1.4772152e-09,2.2375744e-07
ISIC_0030170,1,1.7840979e-07,0.9999943,1.3561174e-07,2.7849294e-09,4.1026115e-06,3.4318003e-07,9.3330584e-07
ISIC_0026232,1,1.593483e-06,0.99998665,6.4938966e-08,2.4667792e-09,1.1473735e-05,7.729592e-10,2.428797e-07
ISIC_0030322,1,0.033410933,0.9664783,1.0156813e-07,2.1626609e-10,0.000105245614,3.4507156e-08,5.4327675e-06
ISIC_0026562,1,0.008592128,0.99135625,8.002077e-08,3.7498307e-09,4.023381e-05,1.0594482e-05,6.689388e-07
ISIC_0027576,1,2.1875321e-08,0.9999831,4.8619704e-08,6.879194e-11,2.8645195e-06,4.315968e-09,1.4028104e-05
ISIC_0032011,1,8.284389e-06,0.99997306,1.1869112e-07,4.4518744e-09,1.8297013e-05,1.2070813e-08,2.408216e-07
ISIC_0029184,1,0.0054195332,0.9945468,2.2034037e-07,6.741132e-08,3.230659e-05,2.792201e-09,1.1248428e-06
ISIC_0030470,1,1.2313077e-05,0.9997712,2.6568614e-09,1.7936826e-07,0.00021617989,2.0786642e-08,1.0702032e-07
ISIC_0025558,1,3.918187e-08,0.9999887,4.3815415e-10,8.08183e-12,1.1316619e-05,5.8298437e-09,1.416353e-08
ISIC_0028007,1,7.9907653e-07,0.9999906,1.28177895e-08,8.0267504e-10,6.7301544e-06,9.408036e-07,9.508265e-07
ISIC_0024692,1,8.314933e-08,0.9999999,1.22564e-10,3.7139234e-13,6.2318004e-09,2.8532947e-09,3.6321977e-09
ISIC_0029729,1,0.00026143304,0.99120414,0.008529496,1.4845679e-07,2.2938148e-06,9.647916e-09,2.5438958e-06
ISIC_0028768,1,1.9441848e-06,0.99986494,4.364415e-08,2.1334554e-10,8.593569e-05,4.2911393e-05,4.261671e-06
ISIC_0025794,1,5.340726e-08,0.9998247,1.2129772e-10,1.0810994e-11,0.00017528185,4.3675633e-11,4.3594428e-10
ISIC_0028888,1,0.024420088,0.8408109,0.00042493266,1.5265367e-07,0.13418186,1.3084277e-06,0.00016075469
ISIC_0028137,1,4.6535197e-06,0.9999949,6.6120287e-10,1.835883e-11,4.1353493e-07,3.4575967e-09,7.572975e-08
ISIC_0029784,1,3.4812254e-07,0.99980277,4.0518637e-07,2.3961633e-10,0.0001822801,1.3292692e-05,9.1464074e-07
ISIC_0029633,1,5.4355907e-05,0.4621599,5.979626e-06,1.9999051e-07,0.5352285,0.002428414,0.0001226326
ISIC_0031174,1,1.9660501e-05,0.99994266,1.5736223e-08,7.494549e-10,3.7632046e-05,1.1265752e-08,8.354501e-08
ISIC_0027212,1,1.2220967e-05,0.9952112,3.3471783e-06,2.5644223e-07,0.0044893418,0.00027527494,8.474465e-06
ISIC_0028694,1,0.00010573051,0.997872,6.633852e-07,1.1658005e-08,0.0020166025,2.2733657e-06,2.7597591e-06
ISIC_0025635,1,0.00023858016,0.99975675,8.280629e-08,1.078267e-10,1.5393274e-08,1.1605217e-07,4.412698e-06
ISIC_0030536,1,1.3006184e-06,0.9999769,6.462005e-08,1.15745216e-07,2.1666703e-05,9.545958e-09,3.0144687e-08
ISIC_0030902,1,1.0153431e-05,0.99799347,3.206058e-05,1.22469475e-08,3.928172e-06,3.1271784e-07,0.0019600473
ISIC_0024493,1,1.9859877e-05,0.91764444,1.31518e-05,4.1998014e-08,0.06350641,0.018774053,4.2130858e-05
ISIC_0026891,1,0.06690767,0.93307394,9.787467e-07,9.410988e-09,1.7084392e-05,1.771069e-07,1.7690331e-07
ISIC_0024863,1,4.0927384e-07,0.9855598,5.6828194e-06,0.00029107387,0.0141156,9.375026e-06,1.8139468e-05
ISIC_0030797,1,3.1022264e-06,0.9999858,1.9997357e-08,6.3039942e-12,1.0986356e-05,2.070973e-12,2.2705747e-08
ISIC_0027164,1,8.4453595e-06,0.9999838,8.429672e-09,2.633799e-10,7.376297e-06,2.0014793e-08,4.2758347e-07
ISIC_0024879,1,0.002232546,0.9910563,0.00017293099,4.9618727e-08,0.0062662647,0.00020372015,6.830333e-05
ISIC_0025120,1,0.0032432778,0.9965939,9.747227e-09,5.1888854e-08,0.00016076365,1.8696651e-06,8.539277e-08
ISIC_0024884,1,2.4148005e-06,0.9820015,9.424214e-06,5.655596e-09,0.017953508,2.6286157e-06,3.061242e-05
ISIC_0027290,1,0.0008128783,0.99885774,1.6615048e-05,9.0932794e-05,4.846651e-05,0.00017254037,7.403748e-07
ISIC_0028967,1,0.0016039801,0.9978853,1.5170405e-08,2.3338357e-08,0.00050804735,6.8766724e-08,2.572089e-06
ISIC_0025444,1,6.829043e-05,0.99976987,6.8806244e-08,2.3530387e-08,0.00016151855,2.212656e-08,2.2903875e-07
ISIC_0025274,1,7.4310583e-07,0.9999956,6.3665645e-08,2.0633344e-10,3.1325274e-06,1.14865735e-10,4.3517656e-07
ISIC_0030120,1,2.236668e-05,0.90503114,0.0024771653,0.0005404582,0.09183418,6.6203254e-05,2.8468672e-05
ISIC_0026057,1,0.00026768752,0.9670715,0.0030485543,9.540743e-05,0.029390622,1.0916516e-06,0.00012519764
ISIC_0031477,1,5.985166e-05,0.9999399,1.1791015e-10,7.510598e-10,7.3211033e-09,1.0049635e-10,2.4587936e-07
ISIC_0030483,1,1.1590294e-06,0.99996006,3.5784421e-07,2.0168946e-08,3.82879e-05,4.639183e-08,7.9254846e-08
ISIC_0024421,1,3.8782487e-06,0.9998379,1.0538122e-05,4.3735903e-07,0.0001460814,1.2921777e-07,9.816592e-07
ISIC_0031995,1,0.0033669618,0.99662614,3.2311814e-08,1.7198733e-10,6.8421787e-06,3.5262546e-09,1.525749e-08
ISIC_0030836,1,8.569802e-06,0.7320944,3.6759687e-08,1.42042165e-08,0.2678964,5.9857555e-08,4.5764165e-07
ISIC_0030204,1,4.629771e-07,0.99394,4.4434973e-08,3.4898555e-09,0.006059442,1.1546276e-08,6.506593e-08
ISIC_0028699,1,1.2491985e-05,0.9999572,3.5415786e-07,1.2303382e-09,2.9683733e-05,6.390076e-09,2.594083e-07
ISIC_0032193,1,0.0007895654,0.9992095,2.5566014e-09,3.157936e-11,6.633369e-07,1.6416094e-07,3.7548205e-08
ISIC_0030282,1,0.00055907137,0.99944085,6.918989e-09,3.7919185e-11,7.682591e-08,1.2994042e-10,1.19433174e-08
ISIC_0024985,1,9.2123255e-06,0.99958867,1.1740266e-07,5.978338e-06,0.00038384163,8.5262633e-07,1.1379392e-05
ISIC_0025514,1,0.6723167,0.27255276,0.0017617341,2.3486773e-06,0.05294893,0.0003334583,8.410661e-05
ISIC_0024598,1,9.186291e-06,0.9992107,4.520735e-06,1.4483956e-08,0.00072499266,1.9384774e-05,3.1138323e-05
ISIC_0031102,1,7.884017e-05,0.9998529,2.2687006e-07,3.004048e-10,6.670995e-05,9.620837e-07,3.0622041e-07
ISIC_0025536,1,6.571231e-08,0.9999995,1.4774534e-10,3.498865e-12,2.856817e-07,1.3094033e-10,6.698192e-08
ISIC_0025979,1,0.00013652306,0.9998305,7.494402e-06,3.1737233e-08,3.997068e-08,1.719725e-07,2.532366e-05
ISIC_0025375,1,0.000108740256,0.9998772,1.189905e-05,9.8290815e-09,1.688648e-07,2.8810683e-07,1.6954682e-06
ISIC_0026079,1,5.1986073e-05,0.9999473,9.939743e-09,5.316104e-08,6.122332e-07,1.1095926e-08,6.0015715e-08
ISIC_0030957,1,4.821401e-05,0.9999517,3.267725e-09,1.4302102e-12,1.14214915e-10,6.398737e-09,2.844313e-08
ISIC_0027106,1,1.0480296e-06,0.9999989,1.3379726e-08,1.0820805e-10,2.2706347e-08,2.2614349e-10,4.005641e-08
ISIC_0029023,1,0.00023617713,0.99906856,9.712144e-06,2.3134027e-07,0.0006839244,9.987939e-09,1.4254589e-06
ISIC_0031438,1,0.056135267,0.9438484,1.7303687e-07,8.98317e-09,9.903512e-06,3.463841e-06,2.7924445e-06
ISIC_0028077,1,3.8652624e-06,0.99999523,1.4001615e-10,6.794606e-15,8.623678e-07,9.612732e-09,3.4281984e-09
ISIC_0029972,1,1.3629582e-08,0.99999976,5.317158e-10,3.2595933e-11,1.43128e-07,7.345016e-08,1.7286157e-08
ISIC_0030519,1,1.2161809e-05,0.9995969,4.4270793e-05,9.873798e-06,0.00031823153,5.892564e-06,1.2731846e-05
ISIC_0028861,1,2.6850801e-05,0.99989057,7.5309237e-07,6.1567775e-08,7.910011e-05,1.8432168e-06,8.0206036e-07
ISIC_0028319,1,1.07463286e-07,0.9997762,1.8954509e-08,3.164253e-09,0.00022335748,7.7109297e-10,2.9553462e-07
ISIC_0031469,1,0.00032517035,0.9996729,4.003084e-07,7.726566e-07,6.160241e-08,1.951769e-08,7.307229e-07
ISIC_0025328,1,2.5460267e-06,0.9827771,2.1428156e-07,6.448331e-09,0.016942972,4.8186948e-08,0.000277203
ISIC_0024901,1,1.2071205e-06,0.9999969,3.0876166e-09,7.316651e-12,1.529809e-06,1.3493339e-07,2.771467e-07
ISIC_0025544,1,9.481121e-09,0.99999,4.8762706e-11,1.12533385e-11,9.831265e-06,4.5545678e-10,2.0782164e-07
ISIC_0028836,1,1.1962646e-07,0.9989435,2.3492985e-06,4.2352974e-09,0.0010515566,3.939394e-07,2.1057892e-06
ISIC_0032201,1,3.975748e-07,0.999998,3.4194944e-10,4.8902037e-12,1.6432001e-06,1.3118022e-08,3.2779892e-09
ISIC_0032066,1,5.1899506e-06,0.99482983,3.213131e-05,2.5049576e-09,0.0037189107,0.0002655309,0.0011484443
ISIC_0029628,1,7.188546e-07,0.99999356,1.8210955e-07,2.879581e-08,4.22458e-06,2.8956855e-08,1.2858992e-06
ISIC_0025952,1,3.089207e-07,0.99999595,3.073487e-06,1.5275427e-07,4.4743223e-07,8.595009e-08,3.7708627e-09
ISIC_0027485,1,7.5224257e-06,0.9808404,7.297766e-08,5.6717755e-09,0.019151174,4.7053598e-07,3.8682168e-07
ISIC_0024944,1,4.301315e-05,0.99995136,2.5403597e-07,4.4589674e-09,4.132199e-06,1.0454703e-06,1.7027132e-07
ISIC_0027227,1,1.0682935e-05,0.9999887,2.1118295e-08,4.1249764e-09,6.7431345e-09,2.8086924e-07,3.4709524e-07
ISIC_0024534,1,1.1606949e-06,0.99996936,4.4797366e-09,7.708493e-10,2.8367876e-05,9.454354e-07,1.2579468e-07
ISIC_0031313,1,6.187426e-07,0.9999777,8.414878e-08,8.094636e-09,2.1247244e-05,3.403104e-08,2.899803e-07
ISIC_0030943,1,1.5095739e-07,0.99999344,1.1382898e-08,7.576001e-11,1.7796451e-06,1.2447918e-08,4.659295e-06
ISIC_0028985,1,6.757496e-07,0.99999905,5.14701e-10,2.8814368e-12,2.9280027e-08,4.668536e-10,2.2441974e-07
ISIC_0025024,1,1.7849769e-09,0.9999995,1.9560671e-08,1.2838499e-09,5.0191254e-08,2.9297485e-07,1.649018e-07
ISIC_0030736,1,0.0014124407,0.9984743,2.5512776e-07,1.0127434e-09,9.01342e-05,1.2400564e-05,1.0487941e-05
ISIC_0026792,1,6.2615997e-09,0.99998665,6.490806e-10,1.5835493e-12,1.3283515e-05,3.1767713e-10,1.1709393e-08
ISIC_0028833,1,9.564274e-07,0.99868065,1.6272075e-08,3.2087426e-09,0.0013182422,7.75307e-09,1.13074755e-07
ISIC_0030875,1,1.7369982e-07,0.99927527,5.232616e-10,1.3906463e-12,0.0007245245,4.9026716e-12,2.1987184e-10
ISIC_0024964,1,0.0054340307,0.9945393,1.0273101e-05,1.7232809e-11,1.1212364e-05,2.9700261e-06,2.1738151e-06
ISIC_0031647,1,9.468607e-07,0.99999475,1.285417e-07,1.0072019e-11,4.178048e-06,5.654209e-10,2.8010575e-08
ISIC_0029883,1,2.2787137e-06,0.9999399,2.84618e-07,2.6484788e-06,4.9429804e-05,8.552562e-07,4.6034834e-06
ISIC_0028349,1,1.0596593e-07,0.99969685,2.9880556e-09,2.2721413e-11,0.000302362,2.4693045e-07,4.6325437e-07
ISIC_0032133,1,9.157295e-06,0.99999046,7.991145e-09,5.651165e-10,3.153335e-07,6.1499333e-10,7.701198e-08
ISIC_0024492,1,1.13158785e-05,0.9999881,1.5487664e-09,2.4739963e-09,2.7632112e-07,1.6223288e-07,1.9137319e-07
ISIC_0028939,1,1.1766793e-08,0.99999595,1.4594574e-06,1.8461447e-08,9.1256413e-07,3.7589461e-07,1.2566775e-06
ISIC_0030734,1,6.26024e-08,0.9997881,5.268418e-10,2.1251811e-10,0.00021175768,1.7780566e-08,4.7199915e-08
ISIC_0032484,1,2.7098692e-06,0.99999714,1.8384656e-08,5.7173654e-08,1.7310073e-07,2.6084186e-09,6.7695707e-09
ISIC_0026980,1,1.5436499e-05,0.99994814,6.153818e-09,2.269029e-09,3.63747e-05,1.9983208e-09,3.9149285e-08
ISIC_0027868,1,5.1324156e-07,0.994097,0.0013318551,9.769215e-05,0.00063574984,0.0011303059,0.0027069144
ISIC_0031364,1,8.228754e-05,0.9999081,3.3853926e-09,2.6962606e-13,9.555033e-06,8.2683596e-11,5.449977e-08
ISIC_0027758,1,1.700201e-06,0.99705195,1.0160209e-08,8.992522e-09,0.0029456303,1.1636233e-08,6.832896e-07
ISIC_0027575,1,1.407092e-07,0.99814105,7.0563694e-08,2.5698226e-08,0.0015590057,9.496722e-08,0.00029958723
ISIC_0031398,1,1.937507e-06,0.9999958,7.3119804e-09,5.20765e-12,1.5617858e-06,1.4751217e-07,5.874838e-07
ISIC_0029984,1,0.0001757347,0.9998024,1.9958453e-07,1.289833e-09,2.1321395e-05,2.626323e-07,6.471064e-08
ISIC_0032039,1,0.0015465562,0.9984528,9.39811e-09,4.999922e-09,1.00224426e-07,1.7975395e-07,2.5000338e-07
ISIC_0030911,1,0.009858656,0.9892702,0.00016247603,4.989747e-05,0.000569347,4.6797064e-05,4.2595115e-05
ISIC_0027621,1,3.420068e-05,0.93284863,1.1149865e-05,2.1818074e-09,0.067027085,1.4759307e-06,7.7428034e-05
ISIC_0028375,1,8.765333e-06,0.99998736,5.2566946e-08,1.3334248e-08,1.2096742e-06,2.5425852e-06,8.443497e-08
ISIC_0025150,1,2.9776502e-05,0.9999677,1.8916404e-06,1.7734433e-09,4.8163486e-07,7.1964085e-10,1.782787e-07
ISIC_0031173,1,0.00023695914,0.99963677,7.5264675e-06,9.302117e-09,0.00010891948,5.867114e-07,9.259196e-06
ISIC_0026415,1,1.0780557e-08,0.99999845,2.1718742e-09,5.2385033e-13,1.4939942e-06,4.5599893e-09,1.3365735e-09
ISIC_0025738,1,8.591052e-05,0.9978502,0.00016614357,4.4558269e-07,1.1997913e-05,0.0018466215,3.8636146e-05
ISIC_0026470,1,0.00030429542,0.99969363,4.9120455e-08,6.0467933e-09,2.1287876e-08,4.5639976e-07,1.5062824e-06
ISIC_0025090,1,0.0051186928,0.9948657,3.9638152e-08,2.8267982e-08,1.5505184e-06,1.4285843e-06,1.2577988e-05
ISIC_0029708,1,5.7149778e-06,0.9999695,9.467086e-09,7.1630485e-10,2.395399e-05,8.838747e-09,8.554014e-07
ISIC_0027111,1,2.1299049e-07,0.9999993,6.1740696e-10,4.3433543e-10,2.653122e-07,5.2406173e-09,2.8930924e-07
ISIC_0030092,1,7.3820064e-07,0.99997985,1.1289983e-08,2.3556143e-10,1.3749872e-05,5.384512e-06,2.51066e-07
ISIC_0031544,1,9.881488e-07,0.9999715,2.401883e-08,4.159581e-09,2.7279908e-05,7.667221e-09,1.4877585e-07
ISIC_0026740,1,3.2174384e-08,0.99999905,1.8211747e-09,6.6802362e-12,3.3004872e-07,4.9363376e-07,1.3756444e-07
ISIC_0032336,1,0.00015039598,0.9996449,1.2712032e-06,5.4420336e-05,2.2175072e-07,3.3111594e-06,0.00014538727
ISIC_0030477,1,1.3341966e-07,0.9999989,4.385337e-08,2.0826245e-10,7.6941603e-07,1.914817e-09,1.7155523e-07
ISIC_0026302,1,1.9227975e-09,1.0,8.906735e-11,5.08303e-12,5.4169963e-10,1.4735452e-10,5.38461e-10
ISIC_0028817,1,9.930066e-09,0.99998987,9.866141e-09,4.3955315e-11,9.985331e-06,9.966307e-09,9.242172e-08
ISIC_0027215,1,2.118817e-06,0.99999785,4.8566127e-11,6.0322236e-10,4.221652e-09,2.3825972e-10,2.8790497e-08
ISIC_0032467,1,1.3608544e-08,0.9999999,8.1319823e-10,9.172067e-13,7.9451134e-08,4.175522e-11,3.0727971e-09
ISIC_0028058,1,5.780077e-07,0.9999516,4.582038e-07,4.0053956e-07,3.2325825e-05,8.167871e-06,6.5028157e-06
ISIC_0031774,1,1.675617e-05,0.99995065,6.885732e-07,1.3683685e-07,1.4690536e-05,1.6414928e-05,6.8634745e-07
ISIC_0032091,1,1.1251674e-06,0.9999988,2.0951716e-09,2.0430135e-09,6.9465274e-09,1.598227e-09,3.360892e-08
ISIC_0028177,1,8.304121e-08,0.9999957,9.645346e-07,1.0992594e-07,1.8190642e-06,2.2186472e-07,1.0329221e-06
ISIC_0030974,1,5.197401e-07,0.99999857,1.8271359e-07,3.2824674e-11,3.3328652e-07,7.726018e-09,4.0339404e-07
ISIC_0027765,1,3.4083346e-08,0.99999905,3.7481954e-08,5.5359006e-09,7.135228e-07,8.169372e-08,7.913618e-08
ISIC_0027871,1,7.370251e-08,0.9999945,4.1390108e-10,1.8191076e-13,1.8763481e-07,5.708176e-08,5.2277014e-06
ISIC_0030337,1,6.0666544e-08,0.99855024,0.0002988031,1.6336895e-05,0.0011303176,1.4252275e-06,2.8250745e-06
ISIC_0026718,1,2.2593922e-05,0.9999528,3.1877483e-09,8.399752e-09,4.7024966e-09,1.80494e-05,6.562814e-06
ISIC_0025474,1,1.8209019e-07,0.99999976,5.3668625e-09,4.7482803e-12,1.165277e-09,1.8636165e-10,4.5621094e-09
ISIC_0030481,1,5.948872e-09,0.9999993,1.9572774e-10,1.566893e-10,5.919575e-07,5.6967986e-10,1.3579296e-07
ISIC_0025756,1,5.4179294e-05,0.99994457,6.2867773e-09,5.538229e-09,2.4394726e-07,6.62953e-09,9.4093076e-07
ISIC_0024641,1,2.9042326e-06,0.9999968,1.1457103e-08,5.0830284e-10,3.9330516e-08,6.653518e-08,1.6315639e-07
ISIC_0026854,1,1.4106901e-07,0.9999883,3.700667e-08,2.4358414e-07,1.1232918e-05,2.6342344e-09,3.0359853e-08
ISIC_0026529,1,8.6827655e-05,0.9999094,3.3883058e-08,2.9184628e-08,3.435086e-06,1.4527997e-07,1.3313787e-07
ISIC_0026364,1,3.9016337e-05,0.99993527,5.0727454e-08,6.6453696e-09,2.388394e-05,1.31470825e-08,1.724768e-06
ISIC_0030407,1,1.2445071e-05,0.9999826,4.2373227e-07,4.1174553e-11,9.899527e-09,4.3976115e-06,1.6677743e-07
ISIC_0025822,1,0.055389784,0.9446003,4.2490268e-07,2.596599e-08,9.3960525e-06,7.227234e-10,6.5299915e-08
ISIC_0029689,1,3.5670833e-10,1.0,1.2335366e-10,4.8066173e-12,1.9983931e-10,9.386499e-09,2.384263e-09
ISIC_0028798,1,3.3633987e-05,0.99994373,3.1611665e-07,1.567762e-07,1.8855391e-05,2.3395335e-06,9.2890065e-07
ISIC_0030748,1,1.4660167e-08,1.0,7.2488283e-13,1.9363677e-12,5.2109156e-10,1.0889343e-11,3.3054245e-10
ISIC_0028912,1,3.2572314e-06,0.99337316,3.7067704e-07,3.0756708e-09,0.006622986,4.037961e-09,2.8473642e-07
ISIC_0032411,1,4.6672444e-08,0.99999976,3.060029e-09,2.6980526e-08,1.1812211e-07,3.326071e-11,1.4575851e-08
ISIC_0029999,1,8.785481e-06,0.9369895,7.0422734e-06,1.0207931e-07,0.062382556,6.832444e-06,0.0006052088
ISIC_0030971,1,4.2590975e-07,0.76540315,1.7692817e-05,1.00631005e-05,0.2344992,2.5607636e-05,4.3860317e-05
ISIC_0029330,1,3.8465683e-10,0.99998605,4.0590044e-07,7.812408e-11,2.8703118e-06,1.088874e-10,1.0641328e-05
ISIC_0026173,1,2.089154e-07,0.99999976,2.8695586e-09,5.318484e-11,3.633107e-08,5.638691e-08,3.495111e-08
ISIC_0026227,1,1.727775e-08,0.99999976,5.5138727e-08,1.12873336e-10,9.554879e-10,3.696061e-08,1.6131895e-07
ISIC_0026696,1,1.30965025e-08,0.99999833,8.944472e-09,2.1811979e-09,1.553696e-06,8.114729e-09,6.498656e-08
ISIC_0026715,1,5.143753e-05,0.9998461,1.07745635e-07,1.4163591e-08,9.836673e-05,2.7772717e-07,3.7293078e-06
ISIC_0026533,1,1.5482835e-08,0.9999943,5.1461984e-07,2.694672e-10,2.7752776e-06,9.643321e-08,2.275554e-06
ISIC_0032507,1,2.2510827e-05,0.99997723,1.4978363e-09,3.0310797e-12,5.083821e-10,3.0228975e-09,2.2701556e-07
ISIC_0026355,1,6.453111e-09,0.9999963,4.866168e-10,3.391052e-11,3.7272614e-06,1.3375779e-09,5.9898424e-09
ISIC_0031097,1,1.1189886e-06,0.9999491,4.7439578e-08,7.86058e-10,4.8875394e-05,4.99576e-08,8.4618796e-07
ISIC_0026145,1,5.285938e-07,0.9999993,1.3325019e-09,9.3701505e-11,8.099316e-10,4.5099777e-10,1.4190364e-07
ISIC_0032454,1,0.0066878926,0.9933037,7.211315e-08,2.3668952e-07,1.4121393e-06,6.4026626e-06,1.972883e-07
ISIC_0025493,1,5.386339e-08,0.9999882,1.0227473e-05,5.75531e-09,4.6535455e-08,3.5032783e-09,1.4896979e-06
ISIC_0028745,1,1.2163521e-08,0.99991846,6.1952306e-07,1.2522403e-07,8.0749676e-05,3.005083e-09,2.3608605e-08
ISIC_0025481,1,2.3744176e-08,0.9999454,1.2414037e-07,2.4052127e-08,5.4094613e-05,2.1746443e-07,1.06523075e-07
ISIC_0026591,1,2.5565912e-05,0.99958676,0.00017539227,2.9362368e-06,0.0001933096,3.5142925e-08,1.5953596e-05
ISIC_0026308,1,1.3984513e-07,0.9999989,1.13348584e-07,2.3229454e-10,6.026691e-07,7.3727165e-08,3.8565613e-08
ISIC_0032143,1,1.4953385e-05,0.999979,5.6615744e-07,4.3062172e-08,5.372315e-06,4.5129176e-09,4.173092e-08
ISIC_0029536,1,5.0153335e-09,0.999212,2.3967618e-07,2.7801793e-08,0.0007862095,5.80417e-08,1.494362e-06
ISIC_0026233,1,0.004940353,0.9950536,8.147567e-08,1.947029e-10,4.2743562e-07,3.5657262e-09,5.582864e-06
ISIC_0028027,1,6.800897e-07,0.9991068,0.00015583556,7.6055336e-08,0.0006544542,1.514218e-07,8.1919636e-05
ISIC_0028397,1,1.5449682e-06,0.9999964,4.61602e-09,6.9936994e-11,1.8794867e-06,2.002606e-10,1.4124085e-07
ISIC_0028088,1,4.0517274e-09,0.9999989,1.076605e-09,4.7474793e-12,5.3112575e-07,2.8539912e-11,5.3095556e-07
ISIC_0025944,1,1.17335475e-07,0.9999994,1.5966604e-07,4.451128e-08,2.4379144e-08,1.2486508e-09,3.0022733e-07
ISIC_0026093,1,8.043454e-08,0.9994174,3.921422e-07,9.3774034e-08,0.0005777703,3.4946588e-06,8.2833975e-07
ISIC_0026478,1,0.00018938848,0.99961036,7.80014e-05,3.9391502e-06,0.000117206364,2.3456387e-07,8.993314e-07
ISIC_0024656,1,1.7218204e-06,0.99989843,2.5132882e-08,5.622148e-09,9.974297e-05,8.3491375e-10,5.0519155e-08
ISIC_0029688,1,4.5763155e-08,0.9999784,2.2211927e-06,1.3700909e-09,1.9076331e-05,1.504122e-09,1.8772558e-07
ISIC_0031320,1,4.5083943e-06,0.99992263,1.28522015e-05,1.1585136e-07,5.9676448e-05,1.0898454e-07,1.3836848e-07
ISIC_0032080,1,7.2606e-06,0.99999213,4.6031396e-08,2.42021e-10,4.6816052e-07,1.1185288e-08,1.3159804e-07
ISIC_0028908,1,9.096136e-09,0.99999917,2.414632e-08,2.5372222e-07,5.5473487e-07,2.8215865e-11,2.8496284e-08
ISIC_0025437,1,2.473895e-06,0.9999827,1.517937e-08,1.1162501e-09,1.3442378e-05,2.7459504e-07,1.1125777e-06
ISIC_0027206,1,6.7389214e-05,0.99992824,1.6604974e-07,2.2499123e-07,1.2057582e-06,5.6268544e-07,2.1099627e-06
ISIC_0032361,1,0.0014224857,0.9980934,7.8521873e-07,3.0589252e-08,0.0003849501,5.861621e-05,3.9694514e-05
ISIC_0030775,1,5.4616477e-05,0.9997856,8.691498e-07,4.1820945e-07,6.025848e-05,7.3473755e-05,2.4719657e-05
ISIC_0031675,1,6.632933e-06,0.99997175,2.1176878e-07,1.0176152e-08,2.1031165e-05,5.908658e-08,4.1747597e-07
ISIC_0030866,1,0.00079391093,0.99919873,5.442027e-09,6.6363337e-09,2.3274063e-06,5.9947794e-08,4.8743536e-06
ISIC_0031998,1,4.512057e-08,0.9999957,3.6727364e-08,9.137534e-11,4.184532e-06,2.7548313e-12,1.7182046e-08
ISIC_0025919,1,5.5126384e-07,0.9999975,2.6191447e-08,1.4919985e-09,1.9086794e-07,1.6618586e-06,6.831473e-08
ISIC_0026240,1,4.6170448e-05,0.99995315,1.603843e-09,6.1926224e-09,1.8727995e-08,5.556009e-09,7.098543e-07
ISIC_0029980,1,5.7160696e-07,0.9999131,2.9936157e-08,7.9694455e-09,8.440332e-05,4.4056314e-09,1.887832e-06
ISIC_0029711,1,2.8265026e-07,0.9997495,1.2415104e-06,4.35502e-09,0.00024797043,5.7451246e-07,3.6628316e-07
ISIC_0025449,1,4.567201e-05,0.9999336,1.264094e-05,6.194512e-08,7.883934e-06,1.402674e-09,5.387555e-08
ISIC_0026649,1,1.947211e-07,0.99999213,2.1899648e-08,4.1195256e-09,3.0160477e-06,1.8996412e-06,2.7566489e-06
ISIC_0026235,1,3.2308587e-09,0.9999887,1.9596857e-09,7.5541024e-08,1.12195075e-05,6.0518093e-09,3.3915615e-08
ISIC_0027638,1,7.812077e-09,0.9999733,2.9409082e-07,4.6480746e-08,2.4952193e-05,2.0973221e-08,1.4617115e-06
ISIC_0025720,1,1.4318755e-09,1.0,1.07690336e-10,2.8607576e-11,6.531566e-10,8.8564944e-10,1.7792749e-08
ISIC_0025438,1,1.4342209e-08,0.9999138,1.1779699e-09,1.1146478e-09,8.611496e-05,5.046241e-09,1.8596129e-08
ISIC_0026474,1,2.0712061e-05,0.99996424,1.575925e-07,1.0699142e-10,6.540084e-06,4.1854975e-08,8.348088e-06
ISIC_0028182,1,4.9440937e-06,0.99996257,2.306218e-06,2.6581964e-07,2.9536348e-05,3.217381e-09,4.6333645e-07
ISIC_0025580,1,8.59563e-07,0.99999905,2.6954365e-09,3.426595e-10,7.08377e-08,1.3129344e-09,2.8193796e-08
ISIC_0026945,1,0.0001319741,0.99984384,5.2795376e-06,8.269569e-06,1.5653794e-07,3.0953424e-07,1.0197141e-05
ISIC_0032183,1,1.309129e-05,0.999985,1.5946226e-07,5.7380962e-08,4.3809007e-07,5.0303066e-07,8.3132517e-07
ISIC_0029322,1,3.993272e-07,0.9998288,3.6382342e-08,4.254419e-08,0.00016821543,2.2481377e-09,2.5575384e-06
ISIC_0029449,1,1.200941e-07,0.9999883,8.072924e-08,1.4412844e-09,1.0157294e-05,3.6135006e-08,1.2997281e-06
ISIC_0026906,1,4.618538e-07,0.9999981,2.3163226e-08,2.5208833e-09,1.1992755e-06,6.3150325e-09,1.9350361e-07
ISIC_0026252,1,2.3392965e-09,0.9999994,2.3781551e-07,1.310177e-07,3.2778644e-08,1.2619578e-10,2.1398243e-07
ISIC_0025997,1,1.4974418e-07,0.9999989,1.6441321e-07,2.4113946e-09,5.6859386e-07,8.7689216e-08,1.8191201e-08
ISIC_0028422,1,4.4351096e-09,0.99999964,1.7087941e-10,4.3837485e-09,3.5304015e-07,6.1352856e-10,2.0373584e-08
ISIC_0028695,1,1.7591759e-07,0.99991715,8.21249e-05,1.861643e-07,2.3273778e-07,2.5900757e-09,1.532125e-08
ISIC_0030614,1,6.220978e-10,0.9999999,2.7398555e-09,6.6986403e-12,1.2687698e-07,6.2516786e-10,1.1185988e-09
ISIC_0031116,1,1.3969385e-06,0.99999845,3.0506033e-08,2.0868371e-11,4.0947523e-08,1.6321234e-11,6.898744e-08
ISIC_0030357,1,2.4829036e-05,0.99997485,7.024406e-10,8.7221744e-11,2.8564062e-07,6.8391603e-10,2.5654217e-08
ISIC_0026678,1,5.869131e-07,0.9999939,2.5535128e-06,3.129648e-07,1.692401e-06,2.4876302e-08,8.3826916e-07
ISIC_0026527,1,1.3533208e-09,0.9999995,2.7428382e-10,1.1592142e-12,4.834274e-07,2.4029423e-10,2.4431747e-08
ISIC_0032004,1,2.2990018e-06,0.99941134,0.00030182253,6.650349e-05,0.00017478513,3.0468029e-05,1.28110805e-05
ISIC_0027225,1,9.635517e-06,0.99979013,6.1119493e-07,4.6934792e-07,0.00019094204,9.529273e-10,8.1902945e-06
ISIC_0030154,1,1.9643406e-07,0.99999976,7.760838e-09,4.7979627e-11,5.7781007e-09,6.167443e-11,2.6388069e-08
ISIC_0028284,1,5.146434e-10,0.99999964,6.204603e-09,5.9549162e-12,2.8713976e-07,4.3333184e-10,6.0492695e-08
ISIC_0027304,1,6.658516e-06,0.9999932,6.13091e-09,5.1340923e-08,5.886588e-09,4.38195e-08,1.7990547e-07
ISIC_0029168,1,3.6713966e-05,0.9999633,2.5955252e-10,1.7838519e-11,2.3152081e-12,1.4294326e-09,8.244064e-10
ISIC_0025685,1,5.5750047e-07,0.99251384,5.070666e-07,4.77396e-07,0.0074827797,4.6766385e-07,1.313908e-06
ISIC_0026537,1,9.62358e-05,0.91099375,4.193129e-06,5.316703e-07,0.08890088,3.4569368e-07,4.1013072e-06
ISIC_0031343,1,5.3637327e-06,0.9995314,2.0773007e-07,6.711037e-08,0.00046230268,4.284558e-08,6.429317e-07
ISIC_0027962,1,5.7037632e-06,0.9999269,1.700939e-08,1.3583461e-08,6.702495e-05,1.1964401e-07,2.1600631e-07
ISIC_0029307,1,1.7793768e-08,1.0,6.7887064e-11,1.1185631e-12,4.2296966e-09,9.9562525e-11,4.2657664e-09
ISIC_0027325,1,8.3419036e-12,0.9999939,8.7947845e-09,7.3005496e-10,6.0566185e-06,2.6469335e-11,6.2173027e-09
ISIC_0025147,1,4.022734e-06,0.9999609,3.8524373e-08,2.4092754e-09,3.229337e-05,5.177247e-10,2.7196972e-06
ISIC_0029423,1,2.8567392e-05,0.9975585,1.2344327e-05,4.1424524e-08,0.0023683212,7.5737785e-06,2.4665767e-05
ISIC_0024456,1,9.0615824e-05,0.9989868,2.99738e-05,4.0653643e-07,0.0008840873,1.6096155e-07,8.023834e-06
ISIC_0025890,1,7.8956003e-10,0.99996173,4.0711905e-09,1.3000009e-08,3.8295413e-05,1.2900225e-11,1.3286071e-09
ISIC_0024488,1,2.4190595e-07,0.99979943,4.995951e-06,6.147615e-08,0.00019500514,9.197187e-09,2.1663476e-07
ISIC_0031120,1,6.0122063e-09,0.9999999,1.2363648e-07,7.95333e-12,3.2133997e-08,4.146844e-12,3.477077e-09
ISIC_0026683,1,1.5649213e-08,0.9999999,6.76045e-10,9.9457935e-11,1.41346765e-08,7.8091936e-11,3.2993615e-08
ISIC_0030613,1,1.3549403e-07,0.9999995,1.7295122e-08,2.6394617e-11,2.9026688e-07,4.7206694e-10,6.997557e-09
ISIC_0026896,1,2.2487593e-06,0.99999607,2.0080234e-08,2.4211442e-09,6.9615834e-07,9.282646e-07,3.5873576e-08
ISIC_0027378,1,2.7389825e-07,0.99999964,4.1503426e-11,1.6332413e-10,1.7605856e-08,2.978198e-10,6.122889e-08
ISIC_0029517,1,1.0942234e-06,0.9999819,8.7491415e-08,2.4517314e-11,1.6902653e-05,8.073915e-09,5.2041096e-09
ISIC_0025290,1,2.2944865e-05,0.9999585,3.7766883e-09,1.696836e-11,1.3721768e-07,1.7936527e-05,5.067054e-07
ISIC_0031635,1,4.915978e-07,0.9998944,4.1619096e-06,8.102817e-06,2.2735112e-06,9.717609e-07,8.957082e-05
ISIC_0030042,1,1.956322e-05,0.99998045,2.4810456e-10,1.6213911e-13,2.3125403e-10,2.1341494e-10,1.6228524e-08
ISIC_0026747,1,1.7802404e-09,0.99986017,7.342193e-09,1.1797345e-09,0.00013978528,4.6819676e-10,6.966863e-08
ISIC_0029006,1,7.541747e-08,0.99999976,1.4968962e-09,2.17317e-09,1.1692456e-07,1.6463187e-09,4.8323653e-08
ISIC_0029806,1,6.405742e-10,0.9999993,1.1356741e-09,6.770314e-11,6.508012e-07,5.195499e-10,1.1007776e-08
ISIC_0030863,1,1.163975e-09,0.9999995,2.0284999e-10,1.8325341e-10,3.0604514e-07,1.0099847e-07,1.06909015e-08
ISIC_0027682,1,7.0661226e-06,0.9999927,3.412064e-09,9.878691e-13,3.286721e-11,1.3434577e-07,2.517061e-08
ISIC_0029171,1,5.4397174e-07,0.99831474,0.00030080494,1.0467292e-05,0.0013579493,1.9181252e-06,1.3642915e-05
ISIC_0029485,1,1.3524856e-06,0.99999857,2.2341488e-11,1.13465435e-11,2.0443514e-08,3.3294851e-09,2.7934016e-08
ISIC_0032479,1,5.7903926e-05,0.99961287,7.215275e-07,2.0610996e-08,0.0003275957,3.6309945e-08,9.267168e-07
ISIC_0031525,1,6.789666e-07,0.99996567,3.059966e-05,1.3959732e-07,1.7537275e-06,9.965678e-07,1.8829208e-07
ISIC_0028667,1,2.0837224e-06,0.99999666,3.4285956e-09,5.7671053e-07,5.961783e-07,1.1685206e-09,5.085797e-08
ISIC_0026191,1,3.7925465e-06,0.9885565,1.457821e-06,1.455078e-06,0.011251057,0.000170525,1.5186542e-05
ISIC_0025704,1,5.0802237e-06,0.99997497,3.2033358e-06,6.220067e-07,4.3731993e-06,4.4438766e-06,7.3305787e-06
ISIC_0031764,1,3.2464473e-07,0.9999678,5.410684e-08,3.4368625e-10,3.17203e-05,2.415931e-10,8.081093e-08
ISIC_0026065,1,2.1081068e-08,0.9999752,9.646477e-06,5.6379794e-09,1.4860382e-05,1.5380083e-08,2.739856e-07
ISIC_0026007,1,4.0788177e-06,0.9999827,8.989575e-06,5.330511e-10,3.9342515e-07,9.170726e-08,3.6694432e-06
ISIC_0026259,1,7.804357e-08,0.9999186,2.3982392e-09,1.1048355e-10,8.119726e-05,4.0648933e-09,1.4660478e-07
ISIC_0031128,1,2.247628e-06,0.9999963,1.392092e-06,8.190502e-09,8.2360934e-08,5.8043553e-10,8.5357525e-09
ISIC_0029968,1,2.4445737e-06,0.99998915,2.0799371e-09,3.0271306e-11,7.992991e-06,2.1872855e-09,3.7160845e-07
ISIC_0030529,1,6.8133827e-09,0.9997992,2.956581e-07,8.275229e-07,0.0001749659,1.3186597e-05,1.1554468e-05
ISIC_0030984,1,4.4538356e-07,0.99999857,4.712996e-08,7.4841827e-10,7.218224e-07,3.8675207e-08,1.6787189e-07
ISIC_0026695,1,5.0683445e-07,0.9999995,3.652804e-12,1.1382153e-10,1.7533693e-09,3.1211825e-11,1.21923e-10
ISIC_0029903,1,4.3346677e-06,0.99999416,1.0124133e-07,3.0857712e-09,1.1358779e-06,1.2979923e-07,1.3969398e-07
ISIC_0024455,1,4.3227853e-08,0.99999857,2.6161382e-07,1.0099982e-09,4.6401243e-07,1.0221907e-08,6.052873e-07
ISIC_0025259,1,8.812904e-05,0.9999118,1.5601417e-10,7.152754e-13,4.3311446e-10,5.7200973e-11,6.319949e-08
ISIC_0026975,1,5.0148796e-10,0.9999858,9.8774135e-06,1.1623101e-10,5.953855e-07,2.1129507e-07,3.4385607e-06
ISIC_0031391,1,1.102348e-06,0.9999943,3.1664786e-08,1.2922847e-09,2.7485617e-06,2.4008795e-08,1.8078894e-06
ISIC_0027228,1,6.077985e-08,0.999984,4.818042e-08,7.6511414e-10,1.36951085e-05,3.1779784e-08,2.1410478e-06
ISIC_0027885,1,4.835985e-10,1.0,1.1962084e-12,4.4991618e-11,6.532977e-09,3.4845577e-14,1.7736088e-09
ISIC_0026469,1,7.333739e-08,0.9999645,2.0748194e-08,1.4974051e-10,3.53053e-05,5.5812205e-10,1.6887341e-07
ISIC_0029758,1,5.185882e-08,0.9999993,6.6339055e-08,4.0697387e-08,6.725624e-08,1.7269447e-07,4.440555e-07
ISIC_0029103,1,4.6806567e-06,0.9999502,2.1523454e-06,2.469702e-09,1.6613023e-05,8.228773e-06,1.8137407e-05
ISIC_0026143,1,4.730845e-11,0.9999999,1.542754e-07,2.6480135e-12,6.653986e-11,1.4870685e-11,2.1241655e-09
ISIC_0027660,1,1.0515367e-07,0.9999994,1.6740144e-10,4.1283635e-10,1.539704e-08,4.7964498e-08,4.8979666e-07
ISIC_0024589,1,7.428401e-07,0.9999993,2.7858573e-09,8.9426505e-10,1.7734476e-10,1.9712756e-09,1.8375825e-08
ISIC_0027013,1,7.7531095e-06,0.9999918,1.4358007e-07,1.5666191e-09,6.047238e-08,6.6571786e-08,9.517271e-08
ISIC_0029383,1,0.0002488814,0.9996037,7.807709e-05,6.774443e-05,1.2869205e-09,3.4963932e-08,1.527722e-06
ISIC_0032121,1,1.0389258e-08,0.9999968,8.514254e-07,4.3514763e-07,1.7916722e-06,1.2393495e-08,1.2886834e-07
ISIC_0024388,1,3.954333e-08,0.99999154,1.5195764e-07,2.0632654e-06,5.9663284e-06,4.5212474e-08,3.0439926e-07
ISIC_0026499,1,4.917337e-05,0.9998456,2.0087268e-06,1.2508138e-09,0.000101591635,6.4043256e-08,1.428389e-06
ISIC_0024866,1,0.015939789,0.9840583,2.0863565e-08,3.4536705e-09,3.9609143e-09,1.797698e-06,1.6632718e-07
ISIC_0029858,1,0.00014771847,0.99985075,8.776117e-09,6.0435376e-08,3.750634e-09,8.3371356e-07,5.216599e-07
ISIC_0029925,1,6.0525463e-06,0.99998975,1.7598127e-08,9.736485e-11,5.9200542e-09,4.0806553e-06,1.0178515e-07
ISIC_0032137,1,5.484284e-07,0.9998865,5.892105e-07,3.200216e-06,0.00010874884,3.0533396e-09,3.7133265e-07
ISIC_0028875,1,1.1602582e-09,0.999998,8.863913e-10,1.960893e-09,1.9842357e-06,1.9615195e-11,6.7772885e-09
ISIC_0025998,1,4.7241787e-08,0.9999958,5.8314096e-09,1.4867937e-10,4.1127128e-06,2.4011753e-09,6.282033e-08
ISIC_0027943,1,4.5780165e-08,0.99999905,9.853589e-10,2.5457044e-07,2.405217e-07,6.5424977e-09,4.122321e-07
ISIC_0028778,1,1.94327e-06,0.9999932,2.6758278e-09,4.6647175e-10,2.2391764e-06,6.7855734e-09,2.5679337e-06
ISIC_0029399,1,1.2886443e-06,0.9999802,1.8370157e-07,2.138291e-08,1.6121653e-06,1.4733904e-05,1.9234008e-06
ISIC_0029663,1,1.6623719e-07,0.99999976,4.224447e-09,1.5180418e-11,4.1644956e-08,5.986805e-12,1.4388152e-09
ISIC_0032377,1,5.1272806e-08,0.9999988,1.992158e-09,4.722125e-10,1.1190079e-08,1.1152057e-06,3.5368195e-08
ISIC_0030163,1,4.170577e-12,1.0,6.1496806e-12,3.4591823e-14,1.2753443e-10,7.446639e-15,1.4079405e-09
ISIC_0025408,1,2.0677609e-09,0.99996936,3.4584217e-11,1.1457821e-11,3.0598836e-05,1.7783358e-11,1.5517807e-08
ISIC_0027081,1,2.8727598e-05,0.99996924,2.2448464e-08,1.714339e-08,4.89022e-07,8.4771024e-08,1.3727433e-06
ISIC_0031884,1,8.062841e-08,0.9999993,5.7940035e-08,2.802687e-10,5.4735364e-07,1.3657875e-10,3.4429384e-08
ISIC_0026860,1,3.2629945e-08,0.9999999,2.580338e-10,1.3587198e-12,8.0526014e-10,1.3966846e-10,1.3631866e-07
ISIC_0026507,1,4.4962962e-09,0.99997604,4.1596575e-08,2.1914328e-09,2.3852523e-05,2.4953877e-09,5.791016e-09
ISIC_0026486,1,1.2284883e-06,0.9999559,2.912397e-05,5.5213695e-07,5.2041605e-06,6.6546304e-06,1.271132e-06
ISIC_0027092,1,3.9825485e-05,0.9998149,2.3833535e-07,1.459184e-07,0.000109384244,1.9414834e-05,1.6087746e-05
ISIC_0032053,1,5.6665517e-06,0.9999933,3.904923e-09,1.0851624e-10,3.627786e-08,4.3506978e-07,4.869967e-07
ISIC_0030379,1,9.866146e-07,0.9999981,6.525007e-09,6.385029e-08,3.6491176e-07,4.253336e-09,4.4695255e-07
ISIC_0032216,1,8.019442e-08,0.9999999,4.3428555e-12,1.6432295e-12,1.7753779e-10,7.307767e-14,3.7277753e-10
ISIC_0030213,1,1.445956e-07,0.99997985,4.072047e-10,4.5280682e-10,1.9890567e-05,1.2278435e-09,1.1321192e-07
ISIC_0031729,1,0.0020090742,0.9979449,5.559205e-07,2.4378326e-09,3.846367e-05,5.5972505e-06,1.3861447e-06
ISIC_0025923,1,1.2048938e-06,0.9998872,2.3467508e-06,1.5206973e-06,9.947971e-06,9.573341e-06,8.818361e-05
ISIC_0028140,1,0.00021007795,0.9997855,8.986802e-09,1.3947321e-10,2.8645982e-06,1.453316e-06,9.996542e-08
ISIC_0027193,1,3.4467068e-11,1.0,5.5748513e-11,9.587517e-11,9.21816e-09,3.7654018e-09,4.7859405e-09
ISIC_0026257,1,1.8991517e-07,0.9999447,6.927579e-08,4.3212807e-09,5.4960958e-05,2.708887e-08,6.704356e-08
ISIC_0031370,1,1.1372182e-06,0.9999069,5.7051943e-06,2.4459618e-07,8.584296e-05,1.5301971e-07,8.488482e-08
ISIC_0031914,1,1.05815275e-07,0.9998609,7.732343e-08,4.0619733e-07,0.00013820243,5.3451563e-09,3.1523433e-07
ISIC_0028855,1,8.385195e-09,0.99999964,3.6189213e-08,2.5019853e-09,7.761973e-10,2.380192e-08,2.7312902e-07
ISIC_0029710,1,0.00023359816,0.9997662,1.6114605e-08,1.7331764e-08,8.252475e-10,6.1536016e-09,2.3069275e-07
ISIC_0030330,1,1.7270752e-08,0.99995506,6.622116e-06,1.06494795e-08,7.485136e-08,3.7597074e-05,6.7540157e-07
ISIC_0029852,1,1.6633442e-07,0.9999999,5.5466777e-12,4.8012335e-14,2.9354602e-11,2.5228623e-11,3.4574754e-09
ISIC_0026750,1,1.402746e-05,0.9999819,4.8340578e-08,3.0417446e-08,3.8478593e-06,1.0244215e-09,2.1810064e-07
ISIC_0032403,1,1.03606894e-07,0.99999106,8.725286e-09,1.2611403e-11,8.77132e-06,6.877258e-10,2.1763087e-08
ISIC_0029949,1,2.2181334e-08,0.99999726,2.8326019e-08,2.8273432e-09,2.6552239e-06,5.884939e-09,7.009795e-08
ISIC_0025920,1,5.3937374e-08,0.99995124,2.0406405e-05,1.9178399e-09,8.40453e-09,2.4215833e-05,4.038979e-06
ISIC_0028055,1,1.5255918e-07,0.99999976,6.1327627e-09,1.2297364e-12,3.4821824e-08,5.2804577e-11,7.109473e-10
ISIC_0026535,1,3.8017822e-06,0.99999523,6.1953705e-07,9.779197e-11,3.5266842e-07,3.0763483e-09,5.0276796e-08
ISIC_0026602,1,1.646575e-06,0.99999833,1.7393486e-08,1.9862665e-11,2.688535e-08,3.4404867e-08,2.1781393e-08
ISIC_0029732,1,9.368817e-09,0.99993026,1.1127279e-07,7.6959367e-07,6.852818e-05,1.4348821e-08,4.1420287e-07
ISIC_0032416,1,9.966749e-08,0.9999726,1.1168826e-06,7.6335765e-10,4.2839827e-07,2.2480536e-07,2.5550793e-05
ISIC_0029587,1,0.0002402122,0.9997582,1.0248696e-07,5.319913e-09,1.4756721e-06,3.5697564e-08,7.853468e-08
ISIC_0026685,1,1.0521806e-06,0.9999931,5.6846662e-08,9.636337e-09,3.2354073e-06,8.701924e-08,2.4861008e-06
ISIC_0026724,1,1.9718447e-05,0.99997604,1.1379873e-07,3.0044398e-11,3.1439977e-06,5.8449157e-08,1.0295925e-06
ISIC_0032386,1,0.000100195306,0.9998952,3.949458e-09,1.2917742e-10,4.5737224e-06,1.1418979e-09,1.0523195e-08
ISIC_0026392,1,6.9803883e-09,0.99999964,5.150777e-09,3.1736816e-10,1.2842911e-07,6.609088e-09,1.8147455e-07
ISIC_0032275,1,4.4680593e-08,0.99941504,1.026071e-06,2.4904666e-06,0.0005813607,2.5098126e-08,4.9939203e-08
ISIC_0029365,1,3.7019396e-07,0.9999968,4.1232792e-07,6.1963426e-09,1.0368e-06,1.3586006e-06,8.267654e-08
ISIC_0028278,1,8.836933e-09,0.9999875,1.46338905e-08,1.944014e-09,1.2461249e-05,8.9846375e-10,5.249181e-08
ISIC_0027687,1,1.5241586e-08,0.99990726,2.6195814e-09,2.384566e-08,8.402872e-05,8.359817e-06,2.8889664e-07
ISIC_0025728,1,6.087038e-07,0.99999845,2.3335245e-08,2.5422264e-07,5.6681836e-07,6.6416167e-10,1.5673842e-07
ISIC_0026066,1,0.00082270685,0.99910814,4.3828365e-07,1.2722995e-06,4.9739975e-07,6.170272e-07,6.630078e-05
ISIC_0030178,1,1.0129653e-06,0.9999989,5.742444e-09,4.1378588e-11,4.815955e-08,2.1773056e-08,2.7283448e-08
ISIC_0028382,1,0.04617091,0.95378155,5.1538836e-07,2.9573297e-07,3.333779e-05,4.0771508e-07,1.2899549e-05
ISIC_0026082,1,4.727837e-05,0.9999378,9.009992e-08,1.1958518e-07,4.9762793e-06,3.6572237e-07,9.438304e-06
ISIC_0032032,1,6.705757e-08,0.9999993,2.2326108e-07,8.5383705e-12,4.4223742e-07,1.9683274e-08,7.3260917e-09
ISIC_0029380,1,9.589815e-05,0.99990094,6.721885e-08,3.815294e-08,8.942595e-09,1.2725017e-06,1.7591868e-06
ISIC_0025462,1,2.9664986e-06,0.99999154,2.3081486e-06,1.7432451e-07,1.3227824e-06,3.478305e-07,1.3401209e-06
ISIC_0028432,1,1.1914604e-07,0.9999857,1.0410493e-05,7.0677804e-11,2.1641379e-06,2.2362721e-08,1.6474291e-06
ISIC_0024320,1,1.25553425e-08,0.9999976,1.658719e-06,8.732057e-08,5.451975e-07,6.938941e-10,1.903418e-08
ISIC_0025586,1,3.1629534e-05,0.99996316,5.1244507e-07,1.8170683e-08,1.2029776e-07,2.6551334e-08,4.5747315e-06
ISIC_0026418,1,1.5515818e-07,0.99999416,3.210676e-10,1.461355e-11,5.653569e-06,2.1186856e-10,4.0048576e-08
ISIC_0026102,1,2.5445194e-08,0.9999993,5.4874313e-08,9.495466e-10,6.1059444e-07,3.5053622e-09,4.3581547e-08
ISIC_0031262,1,3.2795418e-07,0.9999994,6.778019e-10,1.594806e-08,3.710547e-08,8.15202e-08,1.0806905e-07
ISIC_0027993,1,1.2345551e-05,0.9999826,1.2836662e-06,7.458547e-12,3.4917598e-06,1.979884e-08,2.702777e-07
ISIC_0024613,1,3.7265508e-07,0.9999988,1.12802745e-08,2.1176266e-12,7.41046e-07,3.2626332e-10,1.0012052e-07
ISIC_0026667,1,6.2204585e-05,0.99993384,1.4486348e-07,5.0031546e-10,3.5733964e-07,2.9114594e-06,5.467576e-07
ISIC_0025770,1,0.00017159164,0.99982256,1.4342693e-06,4.6846924e-07,6.4650044e-07,3.0195188e-06,3.2082934e-07
ISIC_0032224,1,4.946786e-08,0.9999968,1.0848858e-06,1.5341302e-08,2.072899e-06,1.2689007e-10,4.693476e-08
ISIC_0027804,1,5.425571e-06,0.99992025,1.0553492e-07,6.028837e-09,7.206111e-05,7.239191e-08,1.9842423e-06
ISIC_0028996,1,2.7653437e-07,0.99999845,1.7955947e-09,4.2797993e-10,1.0375416e-06,1.17479686e-07,1.4973584e-07
ISIC_0031840,1,4.848808e-08,0.9999958,9.9282875e-09,2.5147534e-10,3.3743931e-06,2.6818917e-11,7.6458815e-07
ISIC_0028740,1,7.0461823e-09,0.9999893,3.0774507e-09,5.8923244e-10,1.0660428e-05,5.176041e-10,1.6283263e-09
ISIC_0029681,1,1.2391103e-05,0.9998109,1.9120932e-06,8.147029e-07,0.00017366064,2.8793804e-07,8.37679e-08
ISIC_0028206,1,2.2882766e-06,0.9999974,2.0716469e-10,2.0083102e-11,3.0064643e-07,3.5448255e-11,6.0509755e-08
ISIC_0024785,1,7.012523e-05,0.99992895,2.4289799e-08,3.224625e-10,8.941076e-08,7.867018e-07,2.3592241e-08
ISIC_0025566,1,5.42575e-08,1.0,4.8122523e-11,1.3848214e-11,1.7919913e-09,1.5486287e-12,1.6429815e-09
ISIC_0024347,1,0.0003094233,0.99142784,2.626472e-06,2.6103641e-09,0.008249797,2.0146358e-07,1.010832e-05
ISIC_0029692,1,2.9748164e-05,0.99996245,6.9690347e-09,3.898741e-11,7.4502013e-06,1.3432082e-09,3.4117073e-07
ISIC_0028717,1,5.5618217e-09,0.9983223,3.9475045e-09,2.0856126e-08,0.0016775617,3.912947e-09,1.5926835e-07
ISIC_0024413,1,2.6155976e-07,0.9999827,2.7772194e-07,2.0187064e-12,1.1674775e-05,6.421451e-07,4.515843e-06
ISIC_0031058,1,4.4762464e-06,0.99857724,4.08279e-07,2.0008974e-06,0.0013959747,2.7694032e-06,1.7177397e-05
ISIC_0029114,1,5.67892e-10,0.9999802,1.4765018e-07,6.019264e-11,1.965914e-05,4.144778e-12,2.1553536e-08
ISIC_0031538,1,0.00022716726,0.99400604,1.2062893e-07,1.9460994e-07,0.005759563,5.8667688e-08,6.8320446e-06
ISIC_0026204,1,4.4511136e-08,1.0,2.1465254e-09,6.715771e-12,4.7399706e-10,5.7454895e-11,2.0017092e-09
ISIC_0028753,1,1.2411506e-09,1.0,3.2493737e-09,6.02392e-11,1.0232899e-09,2.670473e-12,6.187717e-09
ISIC_0032351,1,7.2707763e-07,0.9998627,4.5414847e-08,2.740619e-07,0.0001358964,3.188843e-08,3.7303812e-07
ISIC_0029144,1,1.1552326e-08,0.99999964,9.201824e-08,9.577388e-11,1.1733079e-09,4.045242e-10,2.2174207e-07
ISIC_0030939,1,7.9656e-08,0.99998486,2.588435e-08,3.3305447e-09,1.5038394e-05,4.2207113e-09,5.928353e-09
ISIC_0030212,1,0.0001665729,0.99977833,5.604889e-07,1.1338941e-07,3.4137202e-06,6.0610814e-09,5.1067575e-05
ISIC_0026662,1,7.932426e-08,0.9999982,1.2741082e-08,7.411946e-09,1.4067042e-06,5.836211e-08,2.9393496e-07
ISIC_0029136,1,5.8068938e-08,0.99999,8.767826e-07,1.7785777e-07,8.496452e-06,1.3874158e-07,3.8655278e-07
ISIC_0024905,1,1.1004444e-07,0.6561571,7.977947e-08,2.3597626e-07,7.345148e-07,0.34379697,4.477577e-05
ISIC_0030686,1,0.00432019,0.991122,0.0040837177,0.00039179,3.244709e-08,5.143241e-07,8.175707e-05
ISIC_0026627,1,7.847218e-08,0.99999774,2.579699e-09,5.5320352e-11,6.3824365e-07,1.3908883e-07,1.4159865e-06
ISIC_0030506,1,3.3702547e-06,0.9999026,2.3943137e-05,2.3830114e-06,2.0107227e-05,5.6868416e-06,4.1808657e-05
ISIC_0032122,1,3.5569954e-06,0.9999964,3.8140193e-09,1.4340733e-09,2.603104e-09,4.7138196e-09,3.9273978e-08
ISIC_0029186,1,1.2108983e-06,0.9999975,3.6762455e-07,1.6277232e-07,6.5582924e-07,1.363437e-07,6.2639046e-08
ISIC_0029304,1,1.3787131e-05,0.9999851,1.1294691e-07,3.2870645e-08,2.8364238e-07,5.5996253e-07,1.10832154e-07
ISIC_0028269,1,3.361603e-07,0.99999917,1.435006e-11,3.7132853e-12,4.5210732e-07,7.709972e-10,3.9432692e-08
ISIC_0031075,1,9.439547e-09,0.9999994,6.4404904e-09,1.3718979e-09,4.3828115e-07,2.6580154e-09,1.5560295e-07
ISIC_0029960,1,8.117906e-07,0.9999815,3.6093017e-08,8.0157577e-07,1.6571375e-05,1.1970863e-07,1.0095024e-07
ISIC_0030716,1,9.291687e-06,0.99998283,3.1969186e-08,3.3781872e-10,1.0763521e-06,3.1280156e-06,3.7011237e-06
ISIC_0027330,1,2.0753227e-07,0.9999995,2.1771356e-09,1.3882178e-09,3.0053442e-07,1.9538438e-09,2.4620926e-08
ISIC_0026985,1,8.2668633e-10,0.99998236,6.0640066e-09,2.10534e-09,1.7429898e-05,3.6286185e-08,2.069135e-07
ISIC_0031214,1,3.25798e-07,0.99999857,2.801043e-07,2.8096938e-08,7.5955995e-08,5.045584e-08,7.411851e-07
ISIC_0031073,1,6.960612e-10,0.99999917,4.0767809e-10,4.9362597e-12,5.91687e-07,1.8732715e-08,2.747423e-07
ISIC_0024633,1,1.2378229e-05,0.9999815,2.4186962e-08,1.4253053e-11,4.4937323e-07,4.634224e-06,1.0187496e-06
ISIC_0029853,1,4.569321e-09,1.0,2.4236231e-11,2.7919336e-13,5.0463678e-09,2.6777309e-12,2.1850532e-09
ISIC_0024889,1,5.345378e-09,0.99999964,2.3226304e-08,8.6773927e-10,1.6635026e-07,2.4685713e-09,1.1389055e-07
ISIC_0028672,1,2.6709661e-09,1.0,1.2125145e-10,3.9883725e-14,3.6627622e-08,2.9689146e-10,7.663707e-10
ISIC_0025502,1,3.2720213e-06,0.9999938,3.881173e-08,1.1888742e-09,5.521194e-07,2.0056762e-06,2.5471726e-07
ISIC_0026997,1,1.21295125e-08,0.99993193,3.7674909e-07,1.7458777e-11,6.437564e-05,3.070232e-06,1.7539686e-07
ISIC_0026164,1,4.855483e-05,0.999951,1.3320012e-08,1.3206973e-09,6.0999747e-09,6.1420624e-09,4.043366e-07
ISIC_0028244,1,1.325567e-05,0.9999863,1.7059657e-08,1.2161964e-07,2.497125e-07,1.1900251e-08,3.342789e-08
ISIC_0025666,1,5.812103e-08,0.99999976,5.0254588e-08,9.022116e-10,6.565043e-08,5.4527377e-10,1.0522131e-07
ISIC_0024438,1,2.5462953e-07,0.9999993,5.7500877e-08,7.910704e-09,1.3698087e-07,2.8620413e-09,2.408309e-07
ISIC_0031274,1,0.0019379236,0.9980591,2.0318678e-06,3.623372e-07,5.151333e-09,4.5791967e-07,8.913606e-08
ISIC_0025796,1,1.6363614e-07,0.9999975,7.2611266e-07,6.4509436e-08,1.3753419e-07,6.890545e-08,1.2043223e-06
ISIC_0026434,1,5.9703025e-09,0.9999999,2.0142865e-09,5.847667e-11,1.13088795e-07,1.6049057e-10,1.4152968e-08
ISIC_0028624,1,9.5412304e-08,0.9999999,1.159176e-10,3.8076032e-11,3.378142e-10,6.093894e-11,1.00282546e-10
ISIC_0029421,1,2.5743617e-07,0.9999989,2.8128624e-09,6.2867116e-09,7.718325e-07,7.946019e-11,2.121747e-08
ISIC_0028892,1,1.9718009e-08,0.99998677,3.4789636e-08,1.5382726e-08,1.3139168e-05,2.5541187e-09,3.181189e-08
ISIC_0030046,1,4.7676977e-08,0.999997,1.8197657e-08,9.463946e-10,2.6945897e-06,7.402535e-11,2.3587158e-07
ISIC_0026680,1,7.175458e-08,0.99996376,5.706038e-09,6.7192496e-10,3.5862755e-05,9.058129e-08,2.3277502e-07
ISIC_0027524,1,0.0032364521,0.9966884,3.708489e-08,3.7219283e-10,7.507944e-05,1.6300095e-08,7.199406e-08
ISIC_0029690,1,2.7253458e-07,0.99999917,1.3263073e-09,6.0375897e-12,5.4859163e-07,1.0202114e-10,1.0491819e-08
ISIC_0029981,1,1.1113575e-08,0.9992729,1.2497706e-07,1.6707814e-08,0.00072676426,1.372901e-08,2.632867e-07
ISIC_0026183,1,7.4608937e-07,0.9983923,0.00094280235,0.00016062043,0.00048558897,9.823771e-06,8.026358e-06
ISIC_0026459,1,3.1096044e-06,0.99969304,0.00021985537,7.9413285e-06,6.4863398e-06,6.738429e-05,2.2508991e-06
ISIC_0025282,1,1.2331434e-06,0.99996054,2.5138127e-07,8.402782e-09,2.3760816e-05,1.00244915e-05,4.144167e-06
ISIC_0029275,1,6.9943626e-06,0.9999763,6.403595e-09,1.0296354e-07,1.9549718e-06,1.5508869e-07,1.447401e-05
ISIC_0028697,1,7.6426994e-07,0.99998486,4.271254e-09,4.2718364e-11,1.4280246e-05,2.5552382e-10,1.3392003e-07
ISIC_0025202,1,2.2219247e-08,0.9999999,1.3976645e-11,6.04846e-13,8.851724e-08,7.963895e-12,3.211396e-08
ISIC_0026063,1,4.7522826e-06,0.9999515,8.861828e-06,5.458677e-06,2.2286667e-05,1.3747705e-06,5.655507e-06
ISIC_0024966,1,3.6644482e-07,0.9999925,2.3780252e-07,5.662333e-10,6.6875114e-06,3.1864296e-08,1.6361224e-07
ISIC_0030254,1,1.0043152e-06,0.99998987,1.4784301e-08,1.3359759e-09,8.984865e-06,5.637226e-08,7.1446166e-08
ISIC_0029957,1,7.639329e-07,0.9999728,8.161009e-09,6.168615e-08,2.5845946e-05,5.7566374e-09,4.238332e-07
ISIC_0030551,1,0.00012340122,0.16563955,2.4008019e-08,3.26174e-07,0.83423346,4.8146217e-07,2.7406804e-06
ISIC_0027864,1,4.765845e-05,0.9999387,4.3598945e-08,2.446548e-07,1.7989988e-06,1.0534889e-06,1.0439541e-05
ISIC_0029552,1,2.4420196e-05,0.9998198,6.2824235e-08,6.555169e-11,7.9428827e-07,0.00015219949,2.7869319e-06
ISIC_0027292,1,8.8390067e-07,0.999998,3.452989e-08,3.0361695e-09,4.189035e-07,3.0792717e-07,3.7543143e-07
ISIC_0025010,1,1.32338e-07,0.9999994,2.1731786e-08,8.3556834e-10,3.9954887e-07,2.5283888e-09,2.4548898e-08
ISIC_0031788,1,1.1584489e-06,0.9999912,2.130491e-07,1.9282547e-07,2.94132e-07,1.2829024e-06,5.593024e-06
ISIC_0028268,1,1.1593826e-06,0.9999987,2.3069786e-10,9.4553644e-12,2.9495004e-10,6.0657165e-08,7.155113e-08
ISIC_0028171,1,3.9606857e-06,0.99999547,1.0205258e-08,6.866413e-09,8.145367e-08,5.169264e-07,4.383992e-08
ISIC_0029535,1,3.6446036e-07,0.99999344,7.2679455e-08,8.110342e-09,5.0100953e-06,1.22702035e-08,1.1388089e-06
ISIC_0024485,1,3.2980702e-07,0.99935824,7.143227e-07,4.1351e-06,0.00063193095,4.4602976e-07,4.0955156e-06
ISIC_0031983,1,1.7549384e-09,0.9999994,8.6519564e-10,4.8778592e-08,5.0992855e-07,2.5366635e-09,3.0163598e-08
ISIC_0027830,1,1.3723421e-09,0.9999856,1.3235083e-07,5.6604527e-08,1.4060364e-05,3.26861e-08,1.9161105e-07
ISIC_0027430,1,4.0891593e-10,0.99997914,9.259431e-07,6.233944e-12,6.789531e-07,3.210801e-09,1.930806e-05
ISIC_0029154,1,2.7884692e-08,0.9999937,1.452764e-07,2.6233945e-08,3.4970906e-06,6.0233143e-09,2.6951484e-06
ISIC_0030217,1,1.9023155e-08,0.9999999,7.618018e-10,3.4196788e-09,1.0262383e-07,2.1872976e-08,3.1057346e-09
ISIC_0028119,1,8.1837356e-07,0.99999857,1.0144101e-08,3.402772e-08,5.7320158e-08,1.0200313e-07,4.5217342e-07
ISIC_0024390,1,3.9613133e-07,0.9999856,4.4456108e-08,4.8978426e-09,1.3972795e-05,4.166143e-09,1.9665142e-08
ISIC_0030992,1,2.9199913e-07,0.99999857,6.8879636e-08,8.146829e-10,1.015715e-06,1.3613645e-11,2.6844458e-09
ISIC_0030983,1,8.3198304e-10,0.999926,4.376216e-09,1.527555e-11,7.4072916e-05,2.3612709e-11,2.1010735e-09
ISIC_0026035,1,7.214015e-09,0.9999999,1.1852678e-09,2.229294e-12,7.220406e-08,4.641243e-12,2.9467162e-09
ISIC_0029173,1,1.5471203e-09,0.99999857,6.5253675e-10,6.085502e-10,8.987043e-08,1.6021394e-09,1.3254611e-06
ISIC_0029964,1,5.6115036e-06,0.9994734,3.9212396e-06,4.0787258e-05,0.00047035588,2.00484e-07,5.7232446e-06
ISIC_0029444,1,8.553948e-11,0.9999999,2.204355e-09,2.460191e-13,5.0966406e-08,1.8770354e-08,3.401155e-08
ISIC_0025572,1,1.2432438e-06,0.9999927,1.00922875e-07,6.380067e-07,3.756338e-06,1.5876344e-06,7.8518354e-08
ISIC_0025757,1,4.5395485e-05,0.9999536,2.3322274e-08,3.7129626e-11,2.9822193e-08,1.9947258e-07,6.789118e-07
ISIC_0029818,1,5.318997e-08,0.9989261,4.9031354e-07,1.588546e-08,9.747516e-07,1.8736365e-06,0.0010704838
ISIC_0027835,1,2.7788162e-06,0.99999726,9.868619e-10,7.713363e-12,3.980694e-10,1.0833788e-08,1.8812957e-08
ISIC_0028330,1,7.27419e-07,0.99999917,1.6292433e-09,3.9816834e-09,1.2866931e-07,9.368148e-11,1.3431531e-08
ISIC_0032488,1,1.133766e-07,0.99999905,2.3352086e-08,6.8573547e-09,6.4882977e-07,1.22585995e-08,1.1085717e-07
ISIC_0025538,1,0.00013008907,0.9998191,2.8503123e-07,1.8783093e-06,2.9197794e-05,1.914986e-05,2.6888748e-07
ISIC_0024353,1,5.52165e-07,0.99985886,1.269314e-06,1.1893317e-07,3.264203e-06,0.00013517706,7.52309e-07
ISIC_0030727,1,1.523603e-07,0.96888757,7.9792346e-07,2.3192348e-05,0.030601982,3.422467e-08,0.00048631334
ISIC_0030719,1,0.00025837624,0.9979159,5.2697334e-08,2.1473454e-07,0.0018215198,4.780444e-08,3.898932e-06
ISIC_0026472,1,1.4273312e-06,0.99956256,1.2604997e-06,3.3558155e-07,1.0921993e-07,0.0004325281,1.7842407e-06
ISIC_0029442,1,1.8155903e-05,0.99979645,0.00014890701,2.0970872e-06,1.8771128e-05,3.6675686e-07,1.5280786e-05
ISIC_0026004,1,2.5981856e-10,0.99999976,1.8298878e-09,7.645167e-13,2.2549924e-07,1.12356e-12,4.2227954e-09
ISIC_0025694,1,1.160153e-07,0.99868256,4.525037e-06,3.0365919e-09,0.0013113032,3.6919724e-07,1.0778391e-06
ISIC_0025232,1,1.9569364e-09,1.0,7.799557e-09,4.8778664e-10,2.5163005e-09,5.1947e-10,4.7027477e-08
ISIC_0026307,1,1.3271953e-06,0.99999845,1.2339971e-08,4.20376e-09,2.3751294e-07,1.2593637e-11,2.6560059e-09
ISIC_0030917,1,9.165883e-07,0.99992704,4.751043e-08,2.4507871e-08,6.176107e-05,1.0137105e-05,7.1974e-08
ISIC_0029477,1,1.669983e-06,0.9818196,2.613708e-07,2.103542e-06,0.018171113,1.6448138e-06,3.6061074e-06
ISIC_0030637,1,1.6638023e-06,0.99869627,5.51703e-08,1.2829114e-06,0.0013001892,1.7707005e-07,3.8891355e-07
ISIC_0028471,1,1.9311694e-06,0.99998295,4.8998597e-08,3.3386156e-09,1.51834e-08,1.6476962e-08,1.5077497e-05
ISIC_0028251,1,1.9519316e-06,0.99998975,3.5485703e-09,7.1044e-10,8.182303e-06,1.4300766e-08,1.199552e-07
ISIC_0028940,1,6.596698e-07,0.9999981,4.5981895e-07,1.0958503e-10,2.3443633e-07,2.3230877e-08,6.053979e-07
ISIC_0026879,1,3.626183e-06,0.9999784,1.1498713e-05,7.721741e-08,5.851249e-06,3.9264663e-08,4.5524462e-07
ISIC_0029437,1,1.4415425e-05,0.9999125,1.7569254e-06,1.124133e-08,6.928179e-05,7.884023e-08,1.8911086e-06
ISIC_0031765,1,2.5813816e-07,0.99998975,4.1535625e-08,2.2667324e-08,1.6868837e-07,5.4417837e-10,9.7854845e-06
ISIC_0031818,1,5.53527e-07,0.9999919,1.0882939e-08,1.0706895e-09,1.4362836e-06,1.170616e-10,6.1438463e-06
ISIC_0028458,1,1.9283799e-07,0.9999989,7.6074247e-10,1.2844499e-08,3.9743452e-07,6.461679e-08,3.071218e-07
ISIC_0025715,1,1.2090601e-05,0.99998736,9.287529e-08,4.0061963e-09,5.8213285e-08,4.997676e-08,3.8269744e-07
ISIC_0031415,1,1.991457e-09,0.99999976,3.0192777e-09,3.7330689e-10,9.772544e-08,6.827438e-08,9.69817e-09
ISIC_0029910,1,7.1557565e-10,1.0,4.8294313e-10,1.3731734e-13,4.6901352e-08,5.182644e-11,4.7651433e-10
ISIC_0030563,1,6.0889574e-06,0.9999938,3.803209e-08,8.016826e-11,5.341313e-08,1.303745e-08,5.3082423e-09
ISIC_0024914,1,1.4506078e-07,0.9999951,1.5840312e-06,1.67649e-06,6.0923315e-07,9.967524e-08,7.2623214e-07
ISIC_0025595,1,5.9340785e-08,0.9999999,7.242284e-11,1.8298836e-10,6.778139e-10,4.2744968e-09,4.1424016e-08
ISIC_0027424,1,5.2246026e-08,0.9999995,1.1924084e-08,2.4568175e-10,6.494958e-08,1.3270878e-08,3.9367004e-07
ISIC_0029134,1,9.411749e-07,0.99999225,8.480058e-09,2.621475e-08,6.4331794e-06,6.230026e-10,3.5549033e-07
ISIC_0027532,1,5.4113062e-08,0.999997,1.10568706e-07,9.2224485e-11,2.571259e-06,6.78109e-11,1.9369153e-07
ISIC_0027070,1,3.7606362e-06,0.99998534,2.4916073e-06,2.9849826e-08,4.000486e-08,7.0011924e-10,8.3820805e-06
ISIC_0026732,1,9.919992e-07,0.9999989,2.2247852e-08,1.10998113e-10,1.8991994e-08,3.7723952e-11,1.4416168e-08
ISIC_0030290,1,8.111347e-07,0.99997914,5.9247127e-09,3.1237066e-09,3.3432789e-06,1.692849e-06,1.5039755e-05
ISIC_0026495,1,1.9697512e-07,0.9999361,1.0729333e-06,1.986105e-11,3.493118e-07,5.991968e-05,2.2613428e-06
ISIC_0032472,1,2.3048333e-06,0.99999714,2.1308175e-10,4.822378e-13,1.4797878e-10,5.633616e-07,3.8451238e-09
ISIC_0030680,1,0.0003943237,0.99960047,1.693049e-06,1.468144e-09,3.4828076e-06,1.9114282e-08,2.2745404e-08
ISIC_0027446,1,4.3911038e-07,0.99999285,6.775513e-08,4.717922e-09,1.6590609e-06,4.872425e-06,1.5693888e-07
ISIC_0025098,1,4.67318e-07,0.9983228,1.43127e-06,1.7041654e-07,0.0016622614,1.26829555e-05,2.3301888e-07
ISIC_0027233,1,2.9404364e-07,0.9999883,8.737469e-09,4.1689283e-09,1.1378667e-05,2.2692511e-08,1.6202858e-08
ISIC_0030678,1,1.3729661e-08,0.9999876,1.2317562e-07,3.260404e-08,1.2164554e-05,8.0568047e-10,7.9254306e-08
ISIC_0030055,1,5.7514715e-08,0.9999747,8.284366e-07,5.1838525e-09,2.3208071e-05,8.9710515e-09,1.1883648e-06
ISIC_0026851,1,7.828767e-08,0.9999993,2.2156557e-08,8.330917e-11,2.766409e-07,4.7922242e-08,2.8177234e-07
ISIC_0031182,1,8.6338997e-07,0.9998828,5.2046488e-08,3.98223e-09,0.000116101306,1.5144492e-07,4.2284775e-08
ISIC_0026894,1,3.6159946e-08,0.99999356,4.659808e-07,1.683272e-08,3.0902072e-07,2.2982853e-07,5.442792e-06
ISIC_0026238,1,5.506506e-07,0.8930794,5.3992382e-05,2.13615e-05,0.10670799,0.00010926543,2.7446818e-05
ISIC_0024727,1,1.7742665e-05,0.9999281,1.1809861e-06,1.4366003e-06,4.3131065e-05,3.930018e-10,8.429763e-06
ISIC_0024751,1,4.4370913e-07,0.9999962,4.2201614e-10,8.05038e-09,3.398811e-06,9.13933e-12,1.3654018e-08
ISIC_0025765,1,2.6913406e-06,0.9999969,3.778638e-11,1.5481678e-10,3.894175e-07,1.0657762e-09,2.3971383e-08
ISIC_0028663,1,5.9411614e-06,0.99999106,4.7901864e-07,7.063463e-08,1.6160966e-07,4.156595e-08,2.2193278e-06
ISIC_0027381,1,1.9224997e-09,0.9999863,1.04310914e-07,8.3397006e-10,1.3559929e-05,6.078595e-10,7.29034e-09
ISIC_0030948,1,4.6039546e-07,0.99994934,2.3312305e-06,7.2562184e-10,4.7198955e-05,3.15027e-08,7.2854976e-07
ISIC_0025405,1,4.4317945e-05,0.9999403,1.1953954e-07,6.849442e-11,1.4977181e-05,5.5303513e-09,3.29633e-07
ISIC_0030691,1,1.2331024e-05,0.99998677,2.1434174e-08,4.722109e-08,5.4907423e-07,2.8648594e-07,1.2979604e-07
ISIC_0029796,1,3.0563533e-06,0.9999951,1.8918563e-08,2.098014e-10,1.7682862e-06,1.0742973e-09,9.4180734e-08
ISIC_0028522,1,5.5650384e-07,0.9997869,6.1191146e-05,1.3074424e-07,4.0668924e-06,9.792157e-07,0.00014621917
ISIC_0025705,1,0.0003331969,0.999666,8.508755e-08,5.707887e-07,6.296689e-09,1.12845344e-10,1.09974195e-07
ISIC_0026130,1,1.6159347e-06,0.99999714,4.785713e-07,2.746351e-07,5.701716e-08,2.9786593e-08,5.183989e-07
ISIC_0024487,1,2.8122122e-05,0.99996877,4.602894e-07,2.058508e-09,1.9055954e-06,2.1996854e-07,5.325526e-07
ISIC_0027583,1,8.833029e-08,0.99999523,1.2439656e-08,9.407854e-09,3.725688e-07,7.250716e-09,4.279088e-06
ISIC_0028112,1,1.9036157e-05,0.9999807,9.118677e-08,1.158741e-09,5.4007083e-09,3.2379475e-08,2.1787004e-07
ISIC_0028641,1,5.4120133e-06,0.99999416,7.7983655e-09,5.8838594e-11,3.4078903e-07,1.5853445e-08,1.0526067e-07
ISIC_0024840,1,1.4265349e-07,0.9999968,2.1086897e-09,1.0713117e-09,2.1572052e-06,3.9929162e-08,9.15671e-07
ISIC_0031414,1,3.6865217e-08,0.9999999,9.440775e-09,9.578163e-10,1.03456145e-07,2.2537907e-09,9.479967e-09
ISIC_0030650,1,1.8516486e-05,0.99984026,3.7920236e-07,7.816944e-08,0.00013993803,3.9196664e-09,7.771939e-07
ISIC_0029890,1,0.00013279179,0.999858,1.1649019e-07,2.3605354e-10,8.16674e-06,7.1178505e-07,1.10522556e-07
ISIC_0031356,1,0.00090822,0.99872154,1.19338865e-05,1.6053553e-08,0.00035206092,3.63956e-08,6.2081344e-06
ISIC_0031137,1,0.00077603344,0.999223,8.0281995e-07,1.955938e-09,3.925124e-08,4.3355644e-10,1.3136095e-07
ISIC_0025602,1,1.440941e-07,0.9999293,2.0403037e-07,1.572367e-06,1.3138789e-05,4.9824845e-05,5.7719694e-06
ISIC_0026880,1,2.7889693e-09,1.0,4.0352903e-12,1.044891e-12,8.813663e-09,5.718632e-13,1.2958068e-09
ISIC_0032440,1,1.1961037e-08,1.0,8.107286e-09,1.509578e-09,1.6855125e-08,2.0437846e-12,2.5552294e-09
ISIC_0024341,1,1.4728897e-07,0.9999541,2.2819512e-08,3.8760757e-07,4.4444132e-05,2.1623034e-10,9.050129e-07
ISIC_0025217,1,3.343165e-05,0.99996364,4.8713716e-08,1.8645564e-07,2.0792747e-06,4.0534627e-07,1.4625918e-07
ISIC_0028402,1,1.0314342e-07,0.9999994,1.6496722e-09,3.8472875e-10,4.6243085e-09,5.3574e-07,1.2767711e-08
ISIC_0029376,1,1.08486775e-08,0.99996305,4.773612e-09,5.776767e-12,3.6957936e-05,2.4450597e-10,3.449531e-08
ISIC_0026161,1,5.4791812e-08,0.99999964,8.536217e-10,2.902009e-10,3.9870827e-08,2.934406e-08,2.3122972e-07
ISIC_0028626,1,2.1047668e-07,0.9999951,1.0158815e-09,9.695743e-12,8.8709366e-11,4.037211e-08,4.6226155e-06
ISIC_0028575,1,6.950906e-05,0.9999287,6.5236585e-09,7.844473e-09,6.908307e-07,1.038355e-06,2.3791063e-08
ISIC_0028089,1,0.0039243004,0.9960479,6.499756e-08,1.4179715e-08,6.7129173e-07,5.6597296e-06,2.1299627e-05
ISIC_0027862,1,2.4110963e-07,0.99990773,6.132632e-05,9.05959e-12,1.9321491e-05,1.0247825e-05,1.1395206e-06
ISIC_0026924,1,1.2377227e-09,1.0,2.3207336e-10,7.101655e-10,4.4671115e-08,7.1750743e-12,2.604896e-09
ISIC_0031083,1,0.00043708598,0.9994066,2.533363e-06,3.0711206e-05,3.0449059e-05,6.359748e-07,9.2055234e-05
ISIC_0029673,1,2.1966278e-08,0.9999993,8.101267e-09,1.4049063e-08,1.4918433e-07,2.676861e-08,5.048319e-07
ISIC_0026264,1,1.0191417e-06,0.99997044,4.799324e-07,9.887736e-07,2.4324505e-05,2.754789e-06,3.8032294e-08
ISIC_0028841,1,5.3136296e-07,0.999943,4.1359527e-08,1.2110429e-09,7.1957716e-06,4.850622e-05,6.478214e-07
ISIC_0025385,1,5.31955e-06,0.9999708,1.1206323e-07,6.1536235e-07,6.3796015e-06,2.4159526e-06,1.4437122e-05
ISIC_0027322,1,9.262908e-07,0.99996257,7.0569736e-06,5.723859e-07,2.838414e-05,6.311573e-08,3.1998417e-07
ISIC_0028379,1,1.3357348e-07,0.99999726,2.4946136e-08,4.4907242e-10,3.7612784e-07,1.9004083e-06,2.8101525e-07
ISIC_0028948,1,0.00017388827,0.9998258,1.1548687e-08,2.388812e-10,2.6338979e-08,1.5797215e-10,2.6939108e-07
ISIC_0030161,1,0.0011092775,0.99888986,2.4511278e-08,1.4576836e-09,6.150457e-10,1.470864e-08,8.583238e-07
ISIC_0030218,1,7.489538e-08,0.99990416,2.4166209e-06,3.186557e-05,5.982858e-05,1.156788e-10,1.7456722e-06
ISIC_0030702,1,4.0499144e-06,0.9999943,4.3211792e-10,2.933341e-10,1.5114225e-08,8.854203e-09,1.6072387e-06
ISIC_0028669,1,0.0001765371,0.9998223,8.3438206e-10,5.0705706e-10,7.188096e-09,4.633901e-08,1.1185746e-06
ISIC_0031010,1,8.6113956e-05,0.9999069,8.242114e-08,2.5798398e-08,1.2963741e-08,5.516538e-08,6.8589766e-06
ISIC_0028835,1,1.7406484e-09,0.9999982,2.4801142e-07,9.894788e-10,1.3610963e-06,1.2602207e-08,1.3164565e-07
ISIC_0026010,1,1.9625764e-05,0.999806,5.2161395e-06,3.3412923e-07,0.00016219044,1.1945659e-07,6.5697336e-06
ISIC_0030632,1,4.9789616e-08,0.9999989,1.3365123e-10,1.0567113e-11,2.0194403e-08,8.0887536e-10,9.998757e-07
ISIC_0028047,1,1.8282191e-05,0.9997234,1.25211015e-08,4.494374e-08,5.2404037e-08,0.00025281025,5.4548304e-06
ISIC_0025288,1,9.047759e-09,0.9999956,2.7283018e-10,2.5825586e-09,4.3923287e-06,1.6400618e-10,5.875419e-09
ISIC_0031732,1,3.4714838e-09,0.99999976,8.3444585e-10,1.3916081e-10,1.3622665e-07,6.3733734e-11,9.358417e-08
ISIC_0024759,1,4.728521e-08,0.99997425,8.920409e-08,3.6031983e-10,2.5243913e-05,8.0623654e-11,3.6771416e-07
ISIC_0025329,1,4.768026e-07,0.99873954,0.0012292633,2.1960494e-05,3.2276403e-06,2.6584578e-08,5.551191e-06
ISIC_0027624,1,8.876937e-05,0.9999112,5.0108695e-11,3.862354e-12,2.54627e-09,7.998772e-10,7.0277424e-09
ISIC_0029737,1,2.6967342e-08,0.99992096,3.1489118e-09,2.619866e-10,7.898401e-05,1.7524293e-09,4.7055163e-08
ISIC_0029110,1,1.0687543e-05,0.99998903,2.3693504e-08,5.3557816e-09,5.3583793e-08,2.2614397e-07,1.3133052e-08
ISIC_0025215,1,2.5713534e-06,0.9999974,4.871654e-09,9.736764e-11,3.027309e-09,1.3673758e-09,8.04379e-09
ISIC_0026310,1,8.046412e-09,0.9998846,2.3764856e-07,4.1013085e-10,0.000112657115,2.1775647e-07,2.2654071e-06
ISIC_0024389,1,4.5075716e-08,0.9999814,6.135312e-07,6.8200634e-08,6.324344e-08,1.6803382e-05,1.0000393e-06
ISIC_0029658,1,1.3745622e-06,0.9999869,5.770312e-07,6.241191e-08,7.1892423e-06,1.5638568e-08,3.804431e-06
ISIC_0027995,1,5.506535e-08,0.9999994,2.2238984e-07,1.1945103e-10,3.583364e-07,1.2877706e-10,1.533482e-08
ISIC_0025609,1,6.454964e-08,0.99998915,5.6812624e-08,2.329425e-08,9.562317e-06,4.414917e-09,1.1585735e-06
ISIC_0029988,1,1.1130193e-08,1.0,3.3270043e-11,1.16544e-12,2.7064237e-08,2.4497181e-08,7.43416e-09
ISIC_0030676,1,5.393533e-08,0.99999356,2.2209047e-06,4.482627e-11,4.136131e-06,4.0732497e-11,6.625927e-08
ISIC_0026723,1,2.7958635e-08,0.99999833,1.0151395e-08,9.0182145e-10,1.2008586e-06,1.1058835e-09,4.6186975e-07
ISIC_0031916,1,6.024971e-08,0.99999535,2.890038e-10,6.907172e-09,4.4595226e-06,1.2783583e-10,8.7588106e-08
ISIC_0028754,1,0.015511957,0.98258495,2.3847273e-05,2.9283817e-07,0.0017042262,1.9222377e-06,0.00017276127
ISIC_0030090,1,3.2978744e-05,0.9998078,0.00010393816,1.655008e-07,4.6345474e-05,1.6458883e-07,8.694481e-06
ISIC_0030805,1,6.1090355e-09,0.99999523,1.1339848e-10,1.1039512e-10,4.5193897e-06,8.58471e-09,2.983164e-07
ISIC_0030780,1,4.9336046e-07,0.99999833,1.4057145e-08,1.2257609e-08,5.7937996e-08,8.540746e-07,3.227518e-07
ISIC_0028169,1,1.4260186e-06,0.9999976,7.63233e-09,7.0874295e-10,3.9571887e-07,2.1867617e-09,6.058776e-07
ISIC_0031183,1,4.384858e-07,0.99999905,2.3818006e-10,1.3740703e-10,6.1777854e-08,1.2174946e-08,4.3559535e-07
ISIC_0031242,1,4.3428645e-07,0.9999975,3.1265655e-09,3.120713e-10,1.4261441e-07,1.2316623e-06,7.260254e-07
ISIC_0027520,1,3.8724706e-06,0.9999949,1.2675781e-07,1.4186856e-10,3.1120524e-07,5.7152016e-07,2.0084681e-07
ISIC_0031338,1,3.8259113e-06,0.9999933,3.2232046e-09,3.9572374e-08,1.2482104e-08,2.0826587e-06,7.540882e-07
ISIC_0032360,1,7.95857e-05,0.99991965,2.3662642e-08,1.1481857e-08,2.1400905e-09,5.4770845e-07,7.388391e-08
ISIC_0028726,1,1.3929989e-07,0.99999964,5.795016e-10,1.0952537e-11,2.5404387e-07,1.5042996e-10,6.617489e-09
ISIC_0029403,1,3.1834577e-07,0.9998485,9.6805215e-06,1.541278e-05,0.00012089332,3.3996644e-06,1.7237452e-06
ISIC_0028630,1,1.0666105e-05,0.9999838,5.16191e-08,2.36337e-07,1.0841011e-06,3.5040748e-07,3.815345e-06
ISIC_0031944,1,2.3622828e-08,0.9999523,2.6111417e-07,8.083157e-08,4.362589e-05,3.5454727e-06,8.6548255e-08
ISIC_0031433,1,2.788811e-07,0.9999994,5.591448e-08,1.1643813e-09,1.4362792e-08,1.8205268e-08,2.3559424e-07
ISIC_0025737,1,8.360879e-06,0.9999914,2.0795305e-08,7.448861e-08,4.4762505e-08,1.9746809e-09,2.2524878e-08
ISIC_0032324,1,0.00023852008,0.9997614,8.519273e-09,1.5605373e-11,2.9607849e-08,2.5091698e-08,5.61768e-09
ISIC_0028172,1,3.7190045e-08,0.9999969,1.6055938e-07,1.9843374e-10,2.4763638e-06,7.131815e-08,3.409675e-07
ISIC_0024419,1,4.7190155e-05,0.999946,4.2907195e-06,7.2268466e-07,1.5547316e-07,1.8264432e-08,1.6831904e-06
ISIC_0026969,1,1.2935475e-06,0.99999857,5.2768727e-09,1.5285068e-09,4.55086e-08,3.3567876e-10,2.9651556e-08
ISIC_0025569,1,1.2735322e-06,0.9999428,3.3705495e-05,1.6822813e-08,1.4484054e-06,5.398961e-08,2.0737174e-05
ISIC_0029907,1,9.678184e-05,0.999577,1.6074408e-07,5.2272355e-09,1.2239558e-07,0.00032533763,6.745181e-07
ISIC_0032465,1,7.6456015e-09,0.99951494,4.7668814e-06,3.0284408e-09,0.00047472105,9.957414e-09,5.52099e-06
ISIC_0026943,1,1.659784e-08,0.9999566,3.9372225e-07,7.0748656e-09,3.2553507e-06,9.732923e-09,3.9770854e-05
ISIC_0028605,1,1.6924321e-09,0.99999285,1.3338875e-08,1.3919947e-09,6.058299e-06,6.585635e-10,1.0644561e-06
ISIC_0032077,1,2.0971241e-07,0.9999995,1.8805011e-07,4.179283e-10,8.840079e-08,3.6470417e-11,1.3440045e-08
ISIC_0027363,1,1.1261689e-06,0.9999987,1.8894362e-08,2.2266937e-09,1.2381132e-07,2.8452279e-08,6.981397e-08
ISIC_0029259,1,2.9115236e-07,0.9999945,1.1298243e-09,2.2979894e-09,1.0125005e-07,7.848896e-09,5.0803083e-06
ISIC_0026199,1,1.9104219e-07,0.9999602,2.2130995e-07,1.7776123e-09,2.592978e-07,3.8365284e-05,7.557955e-07
ISIC_0029601,1,4.643094e-06,0.9999932,3.845116e-07,8.540991e-08,5.7743284e-07,9.0389065e-09,1.1263164e-06
ISIC_0025380,1,5.766272e-07,0.99999905,4.4494836e-10,4.3072625e-09,1.1654323e-08,3.6762648e-09,3.284715e-07
ISIC_0030753,1,5.2512865e-09,0.9999999,3.2948007e-09,3.1028038e-09,1.0491131e-07,1.0586884e-09,1.0126696e-08
ISIC_0027565,1,1.1806533e-08,0.9999896,4.711291e-08,9.592426e-08,1.0240702e-05,4.252381e-10,6.617246e-09
ISIC_0028053,1,2.1960582e-07,0.9999988,3.6156482e-08,5.3467033e-11,4.5999125e-09,7.374976e-07,2.194331e-07
ISIC_0026315,1,2.5853718e-05,0.99997413,1.05941105e-08,7.708143e-11,1.4331499e-09,5.828767e-10,3.4125037e-08
ISIC_0028955,1,1.5355211e-07,0.9997198,3.1538257e-05,4.117809e-06,0.00024319024,3.0828335e-07,7.8599135e-07
ISIC_0030600,1,5.6781754e-08,0.9999988,3.289441e-09,1.724435e-08,4.277178e-08,4.9560744e-10,1.1373356e-06
ISIC_0029763,1,7.599741e-06,0.998863,0.00043436277,0.000100218815,0.00046576356,0.00012570027,3.2920393e-06
ISIC_0031841,1,3.2485605e-07,0.99993944,4.9842885e-05,3.4730979e-06,6.0989246e-06,2.0285978e-07,6.3204527e-07
ISIC_0025263,1,3.7924954e-06,0.9997925,2.85658e-05,8.269175e-06,0.00015194052,8.261844e-06,6.697968e-06
ISIC_0027844,1,7.153471e-08,0.999998,1.3232135e-08,2.2281652e-10,1.9857102e-06,2.0988124e-10,3.371031e-09
ISIC_0028129,1,1.0625421e-07,0.9999912,9.004838e-08,9.0946367e-10,1.0950395e-06,7.282325e-10,7.4892905e-06
ISIC_0031507,1,4.3640495e-07,0.99999905,4.4491463e-07,2.2048587e-08,2.9008424e-08,1.882716e-09,5.3919276e-08
ISIC_0030157,1,1.8134973e-05,0.9997732,7.731665e-08,1.5672548e-06,0.00020675732,7.2099005e-10,2.2845029e-07
ISIC_0030497,1,2.6975313e-08,0.99998,2.1755388e-07,3.7163872e-09,1.957786e-05,8.3971247e-10,2.2690017e-07
ISIC_0026878,1,4.0564024e-07,0.99997425,8.5143014e-08,1.5643604e-10,2.524283e-05,2.3985738e-09,1.8708825e-08
ISIC_0031673,1,3.5123449e-09,0.9999999,1.6944249e-08,3.351854e-13,5.930316e-10,8.721969e-09,7.381334e-08
ISIC_0032118,1,1.7017442e-06,0.9999738,3.8275827e-09,1.4987492e-08,2.4508121e-05,9.418137e-09,1.7609768e-08
ISIC_0027952,1,4.8517353e-07,0.9996044,2.2433042e-08,2.6275637e-09,0.00038414428,3.1517253e-08,1.1005062e-05
ISIC_0025625,1,3.2576978e-07,0.9999931,4.4436158e-07,3.0925955e-06,2.958056e-06,2.186393e-09,1.0339606e-07
ISIC_0030075,1,1.7397815e-07,0.99999964,3.224627e-09,3.670252e-11,1.0380876e-07,1.3941936e-09,1.9563508e-08
ISIC_0026684,1,2.300249e-06,0.9999974,1.6593768e-08,8.940587e-10,3.1470464e-08,2.5207711e-07,4.4221867e-08
ISIC_0028061,1,2.2886768e-06,0.9999931,1.53674e-06,2.5209777e-08,1.4334063e-06,2.0851016e-07,1.4675679e-06
ISIC_0028342,1,6.5933e-08,0.9998561,0.00012584374,7.753176e-11,1.2633409e-08,4.7371495e-07,1.74882e-05
ISIC_0029415,1,7.233732e-06,0.9999927,3.9263084e-10,3.259861e-08,3.1865262e-09,2.9478603e-08,6.298498e-08
ISIC_0032392,1,6.966974e-05,0.99726045,6.186517e-07,4.0642007e-08,0.002663737,3.364993e-06,2.1508595e-06
ISIC_0029509,1,8.37182e-06,0.994028,2.1914124e-05,1.2957453e-05,0.005920359,1.9474392e-06,6.5947333e-06
ISIC_0026736,1,1.0953519e-05,0.999987,3.781438e-09,1.4666066e-09,1.7211995e-06,2.0339654e-07,1.1748742e-07
ISIC_0024650,1,1.6164552e-08,0.99974424,2.9894545e-07,3.7587686e-10,0.00025532406,2.5310934e-08,9.942754e-08
ISIC_0026180,1,4.243412e-07,0.99939895,2.963539e-06,5.0592007e-06,0.000534327,1.9415197e-07,5.8051643e-05
ISIC_0026003,1,2.6181949e-08,0.99997807,5.995209e-07,7.034717e-07,2.0369871e-05,1.3682899e-07,4.9121972e-08
ISIC_0026932,1,2.5538446e-07,0.9998765,0.00010883749,7.982995e-06,3.8489708e-07,5.1251572e-08,5.9957465e-06
ISIC_0027630,1,2.918486e-10,0.999987,4.425558e-08,3.5180706e-10,1.2954763e-05,2.7767677e-09,1.490749e-08
ISIC_0025308,1,2.5872977e-09,0.999998,2.277109e-07,2.8571858e-11,8.8684715e-08,3.3934597e-10,1.7230019e-06
ISIC_0031921,1,1.2420472e-05,0.9999685,1.15000255e-07,1.6609136e-10,1.841007e-05,7.574639e-08,3.9536712e-07
ISIC_0031365,1,4.4848744e-06,0.9999,2.9774202e-07,2.1020642e-06,9.156811e-05,7.647161e-09,1.4745732e-06
ISIC_0029155,1,7.04692e-07,0.99990606,2.8431632e-08,2.3485087e-07,9.291519e-05,2.231982e-08,4.0400945e-08
ISIC_0029105,1,1.6905506e-05,0.99705553,0.0009026198,0.001788971,0.00022463783,5.986281e-08,1.120241e-05
ISIC_0032296,1,9.647821e-07,0.99999297,5.7407533e-06,1.21640324e-08,1.2382466e-07,6.7844297e-10,2.1966088e-07
ISIC_0029236,1,0.00051428966,0.9989453,1.8047841e-06,2.2565565e-08,0.0005369803,1.1393823e-09,1.6082668e-06
ISIC_0031426,1,3.8353304e-05,0.9999492,6.796574e-06,3.425742e-08,2.0589627e-07,4.3471114e-06,1.1802623e-06
ISIC_0030831,1,9.622801e-07,0.9999931,8.225826e-09,2.5868646e-10,8.7834664e-08,4.3511345e-06,1.4911777e-06
ISIC_0030865,1,6.799056e-07,0.9999993,1.4118691e-08,4.829524e-12,1.9563398e-11,2.4660893e-10,2.1419526e-08
ISIC_0031254,1,4.890149e-07,0.9999957,1.3533325e-07,4.118995e-07,3.1748652e-06,2.486188e-08,8.660568e-08
ISIC_0030109,1,8.5581384e-08,0.9999999,9.859007e-11,7.0268357e-13,7.924348e-12,4.1369494e-10,5.6575548e-08
ISIC_0028012,1,1.2524897e-06,0.9999987,1.0613053e-09,1.6601392e-11,1.00060376e-07,4.331135e-09,1.11969305e-08
ISIC_0030108,1,2.5365199e-09,1.0,1.7754592e-14,1.4196618e-14,2.2795806e-12,1.756025e-12,2.2389351e-10
ISIC_0027921,1,6.752495e-07,0.9999988,1.397723e-09,6.559026e-13,7.736006e-08,1.5135528e-08,4.3779505e-07
ISIC_0028566,1,1.5361811e-09,1.0,1.7768227e-12,1.4324845e-13,7.468955e-12,1.6025572e-13,1.0275957e-11
ISIC_0030618,1,1.1477875e-08,0.999998,7.993442e-10,6.0032605e-08,1.860119e-06,9.179746e-10,5.6606204e-08
ISIC_0024484,1,0.0001638273,0.9997968,6.9647575e-07,2.8383111e-09,3.8534716e-05,1.0303576e-08,1.7702124e-07
ISIC_0025134,1,6.203214e-06,0.99830985,0.00022961419,3.5700114e-06,0.0013283456,1.08166056e-07,0.00012229026
ISIC_0031892,1,2.0662071e-07,0.99999964,7.787576e-08,4.0589813e-11,6.343463e-08,1.0929221e-12,3.447625e-08
ISIC_0028417,1,2.7503513e-05,0.9994766,0.00021560668,1.1180508e-05,0.00026330038,2.5306328e-08,5.784076e-06
ISIC_0026632,1,1.1858966e-07,0.99999905,1.0565613e-09,1.8929864e-08,8.1571375e-07,9.059611e-11,5.9219833e-09
ISIC_0026934,1,3.3161448e-06,0.9999963,5.0153626e-10,4.311599e-09,1.0244101e-07,2.6798406e-07,2.1709678e-08
ISIC_0026346,1,8.6018335e-06,0.9999913,4.8454807e-10,1.1942039e-11,6.423248e-10,8.5333376e-08,2.424549e-08
ISIC_0032475,1,0.00064333173,0.99709284,4.942415e-07,5.255218e-10,0.002261626,1.6616366e-06,7.683952e-08
ISIC_0032294,1,0.00012221534,0.99987745,2.0262513e-08,7.263665e-12,1.648174e-07,4.8638494e-08,8.2035406e-08
ISIC_0027898,1,2.5013996e-05,0.9999151,8.0880955e-07,6.9485598e-12,1.3451535e-07,3.0037268e-07,5.8579164e-05
ISIC_0026726,1,9.460541e-07,0.9998702,7.116536e-08,4.5292838e-13,3.6033405e-09,2.6645927e-07,0.00012852784
ISIC_0028293,1,7.052046e-07,0.999691,1.1034044e-07,4.261767e-08,0.00029748838,1.0215417e-05,4.6473227e-07
ISIC_0029093,1,2.0491864e-06,0.99999666,7.0011716e-08,1.0223753e-09,1.4517104e-07,8.398142e-07,1.8111818e-07
ISIC_0032428,1,0.0034527273,0.9960892,2.4177623e-07,2.6985028e-09,0.00045581217,9.309974e-07,1.1031464e-06
ISIC_0032342,1,0.000112960624,0.9997551,2.225484e-06,7.74694e-07,0.00012704938,1.8360183e-06,4.8626514e-08
ISIC_0027198,1,0.00076682743,0.99923015,6.324851e-08,1.9059446e-08,3.1873106e-09,2.8286727e-06,1.4950325e-07
ISIC_0025779,1,0.00022398727,0.9997757,2.2485812e-08,6.04696e-11,2.625569e-09,2.6300177e-07,5.928288e-09
ISIC_0024842,1,9.576352e-06,0.9999423,4.8440256e-07,1.5499144e-07,4.5264333e-05,1.6473058e-06,6.044095e-07
ISIC_0028803,1,0.02576102,0.97416955,3.4139846e-06,8.6989087e-07,4.470819e-06,6.0415663e-05,3.978183e-07
ISIC_0027249,1,2.2406073e-08,0.99999976,2.9995853e-08,2.2062766e-13,5.7931937e-10,1.4875904e-07,1.03389e-08
ISIC_0031563,1,1.1062476e-08,0.99999905,1.4095474e-07,7.4286524e-13,1.8910333e-07,2.8232165e-08,6.1580715e-07
ISIC_0024642,1,0.011248597,0.98873305,2.2076178e-07,1.7687262e-06,9.956892e-06,3.4024392e-06,2.975303e-06
ISIC_0025959,1,0.0002847404,0.9997131,3.1469785e-09,5.0070237e-10,1.2015001e-06,3.3445737e-08,9.675698e-07
ISIC_0032985,0,0.41649577,0.5835036,1.9115554e-09,7.645521e-11,4.1095183e-07,5.8798515e-11,1.2593661e-07
ISIC_0024798,1,1.3350889e-07,0.9999409,7.1483296e-06,5.4117505e-10,1.4305947e-06,2.563426e-05,2.4825467e-05
ISIC_0025152,1,1.2325368e-07,0.9995845,4.2730903e-06,6.634699e-11,0.00021217782,2.7715606e-07,0.0001986734
ISIC_0029045,1,0.04428253,0.95571524,2.7717105e-08,9.087063e-09,1.140546e-06,1.0145833e-06,2.2599576e-08
ISIC_0031160,1,0.9993038,0.0006628793,6.3102007e-06,3.3741942e-06,2.350248e-05,1.4926582e-07,6.185748e-08
ISIC_0026666,1,0.00060279726,0.9381944,4.527747e-05,0.0006227921,0.060368527,0.00013703172,2.918205e-05
ISIC_0026552,1,0.0019380322,0.9980546,2.7052575e-08,1.5143438e-07,4.9155296e-06,2.551234e-07,2.0352525e-06
ISIC_0029985,1,0.0015167772,0.9958118,2.1343089e-05,1.1994135e-07,0.0025725022,3.1035519e-10,7.742021e-05
ISIC_0024891,1,0.0001722462,0.87571055,0.00010226002,2.0180465e-05,0.12391897,1.3306259e-08,7.5866905e-05
ISIC_0027662,1,4.7069433e-09,0.99992526,9.898286e-08,5.4932946e-13,2.2472165e-07,5.0569965e-06,6.93507e-05
ISIC_0031143,1,0.00067014765,0.96307915,7.128814e-07,2.6928055e-09,0.03620114,4.7697788e-05,1.2089847e-06
ISIC_0031863,1,2.43336e-07,0.99992275,5.4937868e-08,2.4795616e-08,7.6667755e-05,9.0087234e-08,1.8260775e-07
ISIC_0028401,1,0.0010822854,0.99834406,3.7188022e-07,4.3225175e-09,0.00057019,4.30925e-08,3.027175e-06
ISIC_0030371,1,0.1293469,0.8705662,6.535584e-07,1.8023475e-05,1.0440627e-06,6.429721e-05,2.7443823e-06
ISIC_0027497,1,0.004457885,0.9229341,1.3592184e-05,4.795112e-06,0.07254853,6.8359477e-06,3.4198587e-05
ISIC_0028255,1,3.5664085e-05,0.9999485,5.234063e-07,7.195105e-06,1.867314e-06,9.420199e-09,6.3046014e-06
ISIC_0028371,1,0.00207385,0.9971668,1.1679687e-05,1.15814146e-07,0.0007377014,7.673984e-06,2.1458654e-06
ISIC_0030063,1,0.0015304646,0.99846005,7.1796103e-07,1.6426202e-10,3.6637545e-08,5.8377746e-06,2.9571063e-06
ISIC_0029986,1,0.45240912,0.5419172,4.4649212e-07,0.00029062873,0.0053790454,1.09127676e-07,3.462507e-06
ISIC_0027010,1,0.005993739,0.9939552,1.9472993e-05,3.4429122e-06,2.7360029e-05,5.124641e-07,3.2996886e-07
ISIC_0027861,1,0.67430717,0.18882608,0.0086611705,0.00078783795,0.12708448,0.00029223014,4.093274e-05
ISIC_0029409,1,0.004183588,0.99386805,0.00010524101,1.3293392e-07,0.0018346264,3.4365353e-06,5.0101394e-06
ISIC_0032364,1,0.63293254,0.36607665,7.1549953e-06,1.7020733e-06,0.0008965534,3.2545154e-06,8.210933e-05
ISIC_0031959,1,0.0006674492,0.9694151,1.2178544e-06,1.2640612e-08,0.02619877,1.3641991e-06,0.003716045
ISIC_0032078,1,8.502959e-06,0.9966564,1.5146718e-07,9.445159e-08,0.0028870548,1.3262087e-07,0.00044760318
ISIC_0028528,1,0.6780423,0.32172212,2.167001e-08,7.485809e-10,0.00023532787,9.7135846e-08,1.0061554e-07
ISIC_0029945,1,0.91411495,0.07828741,6.7498154e-06,5.642684e-06,0.0075504,3.2464686e-05,2.399884e-06
ISIC_0026148,1,0.08051475,0.91858095,0.00016645537,1.0150197e-06,5.104879e-06,2.2802222e-05,0.0007089999
ISIC_0028810,1,0.9975056,0.0024540634,8.613147e-06,1.8715715e-08,2.7437027e-05,3.8481603e-06,3.9169188e-07
ISIC_0031615,1,1.3061823e-07,0.99921024,6.333453e-08,4.145204e-09,0.0007889977,3.1173096e-07,2.339286e-07
ISIC_0031592,1,4.4041388e-07,0.9999815,1.6335528e-08,1.4682282e-12,1.5339512e-05,2.6317573e-06,6.329486e-08
ISIC_0026303,1,0.005601248,0.99241287,0.00050229975,2.6745448e-09,0.0010864828,0.00021546402,0.00018164681
ISIC_0030125,1,0.00523322,0.99426526,0.0002550874,1.3164738e-08,2.4463734e-08,0.00013204146,0.00011441336
ISIC_0025812,1,1.5157243e-06,0.9999571,3.8781065e-05,1.6735835e-09,2.2271661e-07,2.7842802e-08,2.4535177e-06
ISIC_0029357,1,1.5972242e-06,0.9999428,1.9318408e-05,4.550914e-10,7.887723e-06,6.10721e-06,2.228388e-05
ISIC_0029846,1,7.3327624e-09,0.99999964,2.2029714e-09,7.0392893e-15,8.991947e-10,1.5360165e-09,3.587509e-07
ISIC_0029194,1,2.2328588e-07,0.99999976,1.2649162e-08,2.1785037e-12,6.789437e-09,5.5631713e-09,1.7107387e-09
ISIC_0024340,1,0.000112857,0.72828937,1.2362929e-07,4.4808836e-08,0.27146506,4.1604826e-06,0.00012832746
ISIC_0027361,1,8.269058e-05,0.17775287,8.253624e-05,2.6567286e-06,0.82158196,0.0004313769,6.5907756e-05
ISIC_0030406,1,3.0539734e-06,0.99979025,4.6612294e-07,1.5560223e-08,7.211479e-05,4.321618e-09,0.00013415824
ISIC_0026633,1,4.992246e-05,0.9988117,2.3103864e-06,2.1870179e-07,0.0010832788,3.2979426e-07,5.2139472e-05
ISIC_0027086,1,0.10906368,0.8806009,0.00018502942,7.455021e-06,0.0035166908,4.927224e-06,0.006621263
ISIC_0025689,1,0.00012776378,0.96703833,8.7239897e-07,4.5634536e-09,0.032823082,2.2522973e-07,9.698223e-06
ISIC_0027709,1,3.0995136e-06,0.99687284,2.9879493e-07,1.7779431e-10,0.0031117548,1.3086673e-06,1.0668728e-05
ISIC_0025909,1,0.50837433,0.4916251,4.4512554e-08,1.5059449e-09,4.0435958e-07,2.2437616e-09,5.7135953e-08
ISIC_0028831,1,0.03767587,0.96211594,4.889264e-07,3.127986e-09,0.00020759933,4.2565908e-08,1.6773397e-07
ISIC_0029435,1,0.442452,0.5575027,5.8190657e-09,6.959009e-10,4.433774e-05,4.676714e-09,9.878601e-07
ISIC_0025850,1,0.31639504,0.6833302,1.3908296e-05,5.036427e-05,1.5360909e-05,9.567373e-05,9.95059e-05
ISIC_0029187,1,0.10723125,0.8926841,1.231232e-06,5.6426355e-08,7.358953e-05,4.5422385e-06,5.17552e-06
ISIC_0030473,1,0.9153905,0.08460929,8.5212065e-08,2.456743e-09,1.8513907e-08,8.796714e-08,9.913788e-09
ISIC_0025907,1,0.0014887289,0.9985098,1.9691104e-08,1.3488102e-12,1.3979859e-06,3.9483535e-08,1.28615545e-08
ISIC_0027113,1,0.015135249,0.98486054,1.4776923e-06,1.4819336e-09,1.411563e-06,1.3334828e-07,1.1236073e-06
ISIC_0024831,1,3.6016445e-07,0.99999917,6.900684e-08,2.0750463e-15,8.3733994e-08,3.7570693e-09,3.119072e-07
ISIC_0026869,1,7.406074e-06,0.9995943,5.452461e-06,4.3777465e-08,0.00020356027,5.4194234e-06,0.00018399909
ISIC_0026186,1,8.094236e-06,0.9999716,7.663965e-08,5.1947585e-11,2.0026588e-05,8.782139e-08,5.1852535e-08
ISIC_0025156,1,2.1298922e-05,0.9997483,2.2739032e-06,6.3435954e-09,0.00010049886,3.7560088e-07,0.00012730503
ISIC_0028751,1,3.0039311e-05,0.99996877,8.336537e-09,6.399359e-07,4.5236828e-07,6.283881e-10,7.6528565e-08
ISIC_0027024,1,0.00024000488,0.99974257,1.0046056e-07,1.14377904e-07,1.4414665e-05,1.9659387e-08,2.8141258e-06
ISIC_0033745,1,0.0016159501,0.82604194,0.0022866332,0.00014436297,0.0016111297,0.006908279,0.16139163
ISIC_0033112,1,0.0014150131,0.43594086,0.047792617,0.0008025198,0.4614546,0.0021914504,0.05040294
ISIC_0025598,1,0.00049159676,0.49845174,2.8399077e-06,6.2175277e-06,0.5007671,0.0002431146,3.741187e-05
ISIC_0028977,4,9.390603e-07,0.008027511,1.9155384e-06,6.357419e-05,0.9919051,5.4592374e-07,4.0139048e-07
ISIC_0026403,1,0.2515549,0.72413135,3.0897412e-05,0.021118633,0.0029933725,8.8438486e-05,8.244199e-05
ISIC_0029491,1,0.08951228,0.899998,4.1240997e-05,0.008710593,0.0013453398,7.711919e-05,0.00031530156
ISIC_0025049,1,0.0002685655,0.99970275,1.6410848e-08,4.213113e-08,2.7360547e-05,1.2719092e-07,1.1199854e-06
ISIC_0026423,1,0.00027060191,0.9823704,2.2890411e-07,6.8732234e-06,0.017348409,1.2997136e-06,2.2399201e-06
ISIC_0026432,1,0.012306578,0.9869719,4.804255e-06,5.889342e-09,6.073446e-05,1.5339572e-06,0.0006543692
ISIC_0030462,1,0.00809656,0.9918882,2.7924748e-06,3.2659884e-08,1.214694e-05,1.420751e-07,1.2878957e-07
ISIC_0033971,1,0.19748777,0.8025096,1.3934157e-07,3.3194116e-09,6.820771e-08,2.4376075e-06,5.239218e-09
ISIC_0032527,1,0.47543818,0.5244219,9.34178e-07,1.9545732e-06,2.4760619e-05,0.000111973895,3.5816524e-07
ISIC_0032964,1,0.011003108,0.9889943,6.6043285e-08,1.2101603e-09,9.765934e-07,1.430065e-06,1.4859359e-07
ISIC_0025619,1,1.4111684e-07,0.9811468,4.8645335e-05,5.745481e-07,0.018681386,1.1450065e-06,0.00012123959
ISIC_0031613,1,1.4415892e-05,0.9999287,9.027611e-08,2.9505968e-06,4.413754e-05,8.497107e-06,1.1775579e-06
ISIC_0029953,1,6.8099944e-06,0.9988231,1.3925434e-08,3.3644962e-09,0.0011699189,2.9267358e-08,8.7496275e-08
ISIC_0027087,1,0.00012665434,0.9923104,3.2362896e-06,0.0071761794,0.00019232511,6.740846e-08,0.00019101688
ISIC_0034267,1,9.052637e-06,0.998423,2.1478814e-05,2.0961877e-09,0.0013903361,1.0183523e-07,0.00015604509
ISIC_0033137,1,0.00012586986,0.9970848,7.0260558e-06,2.010101e-09,7.2608935e-07,1.746671e-07,0.0027814973
ISIC_0032953,1,0.0010274823,0.9987257,3.177864e-07,1.947895e-07,3.5656924e-06,1.8690831e-06,0.00024081719
ISIC_0033331,1,0.0017952408,0.9738264,2.2111803e-05,1.327881e-05,0.024335993,5.85325e-07,6.472896e-06
ISIC_0034192,1,6.669823e-05,0.99993277,7.552278e-09,1.620144e-07,4.2025104e-07,1.11816805e-08,3.9647645e-08
ISIC_0033689,1,9.5389856e-05,0.99983454,4.04102e-06,1.5780506e-08,6.521925e-05,4.4404183e-10,7.274123e-07
ISIC_0034136,1,0.6004702,0.3969013,1.7026368e-05,0.00041901204,0.0018824324,0.00028704284,2.3009537e-05
ISIC_0033386,1,0.0009743097,0.9990213,2.7571784e-06,1.18693784e-07,1.1559916e-06,4.2016395e-09,3.0790994e-07
ISIC_0033003,1,0.002939514,0.99630475,1.2423551e-07,5.148226e-07,0.00068406126,6.9241294e-05,1.8147421e-06
ISIC_0033511,1,0.002990577,0.9970092,1.767764e-10,1.9389988e-11,2.1842642e-07,8.844199e-10,7.780928e-10
ISIC_0027250,1,0.00010521579,0.99986947,6.199854e-06,2.002307e-09,1.6180808e-05,6.9231447e-09,2.8629897e-06
ISIC_0025309,1,4.207968e-06,0.9971904,1.3940086e-06,5.708772e-08,0.0028036232,3.7363282e-08,4.2391014e-07
ISIC_0031466,1,0.000108123866,0.9989568,2.4072824e-06,0.0008373245,1.031343e-05,8.4856424e-08,8.496521e-05
ISIC_0031048,1,0.0011488536,0.998835,2.296697e-06,4.460614e-06,2.2490358e-06,6.021735e-06,1.1365462e-06
ISIC_0027432,1,1.4778308e-05,0.9999795,3.4165632e-06,2.237774e-11,2.2416584e-06,4.7989623e-08,4.246515e-08
ISIC_0024907,1,4.7752383e-05,0.99995077,9.01884e-07,5.1405685e-11,2.094332e-07,1.2390755e-07,2.3710331e-07
ISIC_0028214,1,0.00020410088,0.9964896,0.0023397717,1.3474955e-06,0.000624412,1.1017286e-06,0.00033975282
ISIC_0025453,1,0.00023979906,0.99751914,0.0005227585,1.202727e-06,0.00046970462,2.0261227e-07,0.0012472194
ISIC_0025786,1,0.00032470658,0.9996723,2.9794714e-07,4.2597e-10,1.3677196e-06,1.1603091e-06,1.3542736e-07
ISIC_0025525,1,3.83204e-05,0.99995875,7.041883e-09,5.402483e-10,2.3266357e-07,2.6749026e-06,3.229205e-08
ISIC_0027847,1,0.0046473974,0.9953485,2.7466724e-08,2.9025462e-09,1.9352237e-06,3.822901e-07,1.7988141e-06
ISIC_0030709,1,0.98107475,0.018917048,2.0662528e-06,7.2646856e-07,1.1375619e-06,1.0898879e-06,3.1775876e-06
ISIC_0026384,1,2.2240583e-05,0.9999739,2.3653094e-08,1.0775724e-09,8.4335056e-07,1.0342381e-08,2.9496298e-06
ISIC_0028436,1,0.0019393372,0.9980568,3.467518e-08,1.5229007e-07,3.58386e-07,2.2137176e-06,1.0342154e-06
ISIC_0030085,1,0.00022479199,0.9949092,6.188693e-07,3.9193015e-08,0.0048647984,1.5517186e-07,3.9543394e-07
ISIC_0029348,1,6.456197e-05,0.99981445,6.05349e-09,1.8058556e-09,0.00012040733,1.9461668e-09,6.248735e-07
ISIC_0030899,1,0.017837834,0.9820765,4.4950366e-06,3.1070787e-05,3.4935623e-05,2.5488407e-06,1.2634058e-05
ISIC_0031757,1,4.860565e-05,0.9998803,2.2725978e-07,4.531227e-07,6.329229e-05,2.2067016e-07,6.7782603e-06
ISIC_0032641,1,0.21776265,0.78223497,1.4325028e-06,8.742358e-08,4.8616363e-07,3.4186576e-07,3.957014e-08
ISIC_0033345,1,0.00079933833,0.99912626,4.911749e-08,7.790858e-08,7.4169904e-05,2.9401673e-10,2.6929106e-08
ISIC_0032711,1,0.0014108006,0.99087113,1.0873745e-05,2.3730493e-07,0.0075620543,5.348711e-06,0.0001396325
ISIC_0033207,1,0.0067289965,0.9930928,2.75696e-06,2.633944e-09,0.0001719306,3.0732699e-07,3.142254e-06
ISIC_0032558,1,0.0037131023,0.9961927,4.230672e-06,1.7258225e-08,8.214276e-05,1.1248653e-06,6.7418196e-06
ISIC_0032679,1,0.00019519436,0.9096308,0.0002495755,0.05371717,0.033799212,0.00013989626,0.002268148
ISIC_0032529,1,0.003072135,0.9918032,3.304124e-05,4.350781e-06,0.0049560303,1.5839636e-05,0.00011535264
ISIC_0033119,1,0.0005712017,0.91983193,1.0844212e-06,2.2794643e-06,0.0795743,9.7220845e-06,9.396854e-06
ISIC_0032666,1,0.55834836,0.4367637,1.5481546e-05,0.004323258,4.3621192e-05,0.0004944616,1.1124342e-05
ISIC_0033157,1,8.6875207e-07,0.9990441,3.2191963e-07,1.3599434e-07,0.00094486616,9.365279e-06,2.381893e-07
ISIC_0032811,1,0.00052080175,0.99946374,7.0815716e-08,1.3907581e-07,1.4540716e-05,7.659412e-07,5.7354995e-08
ISIC_0033827,1,3.5043908e-05,0.9999603,1.7691068e-08,2.0654153e-10,3.6781356e-07,4.1111825e-06,2.0020288e-07
ISIC_0033497,1,0.00012937587,0.99980897,1.4051046e-05,9.841011e-10,1.7362892e-05,1.3597691e-05,1.6679156e-05
ISIC_0033242,1,0.78123474,0.18728626,0.029314209,8.546831e-05,0.0007862728,0.0010255488,0.00026745527
ISIC_0032619,1,0.19372626,0.7964261,0.0031646346,1.2888291e-05,0.006101785,9.102512e-06,0.00055925036
ISIC_0032585,1,5.63061e-06,0.9999913,4.4003425e-08,8.1322774e-08,2.6467237e-06,9.604616e-08,1.757512e-07
ISIC_0032899,1,3.756732e-05,0.99994934,2.6073417e-07,2.4417877e-06,8.800422e-06,9.4820297e-07,7.060828e-07
ISIC_0034157,1,0.0034153177,0.924942,2.0691937e-06,1.7491819e-06,0.07162034,5.2087285e-06,1.3277445e-05
ISIC_0033798,1,0.00030331514,0.9996542,4.391788e-06,6.563226e-08,5.3071253e-06,1.6050419e-05,1.6551594e-05
ISIC_0033014,1,0.0014916564,0.99829835,4.346763e-05,5.754168e-10,0.00016616475,3.3142712e-07,4.9066216e-08
ISIC_0032516,1,0.0016635571,0.99833614,3.635157e-07,6.630022e-13,1.0260147e-08,4.6922196e-08,1.983929e-08
ISIC_0032815,1,9.7120566e-05,0.9998988,8.0319325e-08,8.4362625e-08,3.8213857e-06,1.7613333e-10,1.0470017e-08
ISIC_0033094,1,0.00034251937,0.99964714,5.7066497e-08,1.9112585e-08,5.7447533e-06,3.7181933e-06,7.8498516e-07
ISIC_0033162,1,0.009303376,0.98975813,1.2408817e-06,1.0661154e-07,0.000936921,1.3161617e-09,2.0148981e-07
ISIC_0034105,1,1.8024616e-06,0.9999982,1.0651676e-10,1.6433083e-12,5.733747e-10,1.9860686e-08,3.7462966e-09
ISIC_0033138,1,2.5877027e-05,0.99997115,1.2860076e-08,5.6175375e-10,6.5648025e-09,2.8535544e-06,1.3135353e-07
ISIC_0032728,1,0.025865732,0.9741305,1.1531009e-06,5.7335896e-09,3.7070627e-09,2.5432184e-06,5.6150427e-08
ISIC_0034319,1,0.015228228,0.98477167,2.3381954e-08,8.666269e-11,1.14872236e-07,2.7764425e-08,1.0310832e-08
ISIC_0033748,1,0.0013979079,0.9986021,1.371324e-10,2.721652e-11,6.4723227e-09,1.0199881e-09,1.5873062e-09
ISIC_0034044,1,0.7094717,0.2776792,0.00017958593,2.664116e-05,0.010319026,0.002296449,2.7482361e-05
ISIC_0032521,1,1.6001259e-05,0.9999635,6.732639e-07,7.2324484e-09,1.6723709e-05,1.9783815e-06,1.0725872e-06
ISIC_0032674,1,2.9150888e-07,0.99998236,3.410812e-07,9.855615e-08,1.686569e-05,2.2274136e-09,2.034865e-08
ISIC_0033958,1,6.6406915e-06,0.9995377,6.60006e-05,5.291819e-05,0.00033407772,1.22158e-07,2.5671534e-06
ISIC_0033906,1,1.8431027e-05,0.99995697,4.862425e-09,1.4634044e-10,2.3036391e-05,7.899755e-09,1.5104556e-06
ISIC_0033298,1,0.00012288144,0.9865057,6.0752217e-07,8.45039e-07,0.01336883,2.5657118e-07,9.738535e-07
ISIC_0034210,1,2.1773418e-05,0.9999186,1.4177762e-07,5.2620983e-09,5.5774137e-05,1.4720391e-06,2.2399897e-06
ISIC_0032542,1,1.2357262e-05,0.9999876,7.458411e-09,1.4433995e-12,1.7921655e-11,7.463064e-09,5.382787e-10
ISIC_0034224,1,0.00434172,0.99565303,1.6199301e-07,1.09558576e-08,4.43965e-06,5.1652364e-07,1.1295084e-07
ISIC_0034288,1,0.0014184843,0.99857104,8.0868426e-07,1.8363395e-06,1.4179842e-07,5.4655866e-06,2.2446256e-06
ISIC_0033420,1,0.026116036,0.9738429,2.0761456e-05,5.1739216e-06,1.49285825e-05,8.309755e-09,1.3077252e-07
ISIC_0032661,1,0.0017870851,0.99818295,4.0298974e-07,1.7628663e-06,1.7219663e-05,9.019452e-06,1.4899272e-06
ISIC_0033096,1,6.198095e-05,0.9765203,0.004469748,0.00036386042,0.018569529,7.912699e-06,6.6139182e-06
ISIC_0033972,1,4.778639e-05,0.99408275,0.002645234,0.0009743219,0.0022307162,5.456414e-07,1.8609415e-05
ISIC_0033367,1,0.0045099105,0.37128147,0.0011394359,0.0007392152,0.6217246,0.0005958114,9.564782e-06
ISIC_0032822,1,0.0036815319,0.9945746,6.1917085e-08,3.3887844e-07,0.0017418974,3.777494e-08,1.6118169e-06
ISIC_0033283,1,0.0005883832,0.9989918,3.2093905e-07,7.204805e-07,0.00041759043,7.819477e-08,1.0447627e-06
ISIC_0033359,1,0.00027103833,0.9997242,1.7744021e-07,3.7622515e-06,2.0666015e-07,7.651561e-10,5.621979e-07
ISIC_0033018,1,0.00020047861,0.99905056,1.9966872e-07,2.4033902e-08,0.0007263905,2.3465361e-06,1.99796e-05
ISIC_0032541,1,0.00044597208,0.9995529,1.0977143e-08,2.0963555e-09,8.691017e-07,4.9154124e-08,2.1520395e-07
ISIC_0032515,1,0.00019667677,0.9968702,3.426728e-07,3.1202035e-08,0.0023864757,2.6572197e-08,0.00054626784
ISIC_0032942,1,8.134752e-08,0.9999999,3.7188627e-10,4.2823284e-10,3.5727584e-08,8.133045e-12,5.3704676e-09
ISIC_0025587,1,0.0008001562,0.9989537,7.634495e-06,8.66008e-08,0.00010141112,0.00011211536,2.4914938e-05
ISIC_0032628,1,6.5757825e-07,0.9999981,1.6228565e-08,1.635013e-09,1.2607147e-06,1.334189e-09,9.643758e-09
ISIC_0032512,1,1.0590583e-06,0.99983454,2.3900331e-05,1.9608729e-06,0.00013833064,1.2734261e-08,2.1874585e-07
ISIC_0034149,1,1.5241494e-06,0.99999845,1.2595619e-09,6.751797e-09,1.2132541e-08,3.115432e-12,3.3550094e-09
ISIC_0033800,1,6.821856e-07,0.99999774,4.129875e-07,7.9168544e-08,8.381573e-07,2.324372e-08,1.932111e-07
ISIC_0032646,1,0.024636874,0.54529417,5.2018163e-06,1.7628005e-05,0.42647368,0.0035185134,5.3970245e-05
ISIC_0033627,1,3.2166943e-06,0.9996877,1.8912901e-07,1.9654915e-06,2.525098e-05,0.0002816154,1.6901079e-07
ISIC_0033803,1,1.5426747e-07,0.0009500669,0.022553505,4.431292e-08,2.4569303e-07,0.00018626524,0.9763098
ISIC_0032860,1,0.00010774795,0.024048505,0.25349972,7.516977e-07,3.9411077e-07,0.00019254403,0.7221504
ISIC_0034292,1,0.003618021,0.99472106,2.1128677e-05,8.813449e-06,0.0015845536,5.68892e-06,4.07632e-05
ISIC_0034207,1,0.00042122693,0.999428,3.3152224e-07,2.5293267e-07,0.00014674607,1.8040906e-07,3.1909758e-06
ISIC_0033408,1,5.0302373e-05,0.99893326,3.0832136e-06,3.803559e-06,0.0008987938,4.4053584e-05,6.6729175e-05
ISIC_0033621,1,0.0047793016,0.98511654,0.010044183,1.3240163e-05,7.2878597e-06,2.5186448e-05,1.43054385e-05
ISIC_0034116,1,0.0009925428,0.998987,2.7683092e-07,1.9593954e-10,1.8251625e-05,1.8848203e-07,1.7053846e-06
ISIC_0034073,1,0.13128966,0.8687102,5.265479e-08,1.6845586e-10,2.655316e-08,4.5515932e-08,4.2268656e-08
ISIC_0032702,1,0.002272994,0.9937617,8.8411434e-05,7.474071e-05,0.003755229,3.9374132e-05,7.513409e-06
ISIC_0033667,1,0.06606626,0.9323841,5.9053167e-07,1.1237884e-06,0.0015140185,3.061626e-05,3.3935275e-06
ISIC_0033107,1,0.029107634,0.9702036,1.9600395e-05,0.00019664795,0.0004554331,1.5653586e-05,1.4925855e-06
ISIC_0034060,1,0.59461194,0.40538803,4.1769828e-09,3.3903387e-11,2.7370536e-10,8.493852e-08,4.8934194e-09
ISIC_0033002,1,0.19768478,0.8022873,2.436452e-09,6.106104e-11,1.0014071e-08,2.7952452e-05,3.5158212e-08
ISIC_0033683,1,0.59365755,0.40634242,1.3821547e-08,1.12221774e-10,9.053659e-08,1.1629955e-10,1.5860392e-08
ISIC_0032584,1,3.3423177e-05,0.9698167,3.4877637e-06,7.857297e-07,1.0931215e-05,2.3130215e-05,0.030111516
ISIC_0033731,1,7.6041742e-06,0.99909973,5.9775476e-07,1.2373843e-06,7.457086e-05,4.149011e-06,0.0008121333
ISIC_0032644,1,1.1183017e-05,0.99951017,9.986948e-08,1.0157891e-05,1.7124292e-05,7.075822e-07,0.00045060986
ISIC_0033933,1,0.00012442343,0.9998753,5.9363248e-09,1.9265495e-11,1.8857264e-07,1.2095061e-10,8.902955e-08
ISIC_0033447,1,0.0031155865,0.9968779,2.1892744e-08,4.137975e-07,5.00977e-08,5.930997e-06,8.427716e-08
ISIC_0033639,1,0.0020662898,0.99793315,6.554376e-08,3.3670489e-09,2.0093242e-07,1.2627603e-07,1.3821676e-07
ISIC_0032478,1,0.032342043,0.57412267,9.003716e-05,2.6475167e-05,0.39329073,6.83037e-05,5.9721115e-05
ISIC_0032765,1,0.0049810787,0.57940805,0.00094007305,6.433742e-06,0.41449738,0.00013147652,3.5497324e-05
ISIC_0032650,1,2.4434364e-06,0.9999958,8.6448125e-07,8.165311e-08,1.8723017e-07,1.1454552e-09,5.1392465e-07
ISIC_0034182,1,0.7883581,0.21163826,2.8913916e-09,2.1503221e-10,3.5736095e-06,5.601416e-09,6.6076545e-08
ISIC_0034213,1,0.004862201,0.99481577,0.000114495706,1.0297933e-05,6.821217e-08,0.00018390283,1.3151224e-05
ISIC_0032561,1,0.00030379268,0.9956037,1.7524177e-05,0.0032498327,2.5717975e-07,0.00075105065,7.3923846e-05
ISIC_0033839,1,0.027824612,0.9716367,7.513737e-06,5.999447e-07,8.423843e-08,0.00051218236,1.8278497e-05
ISIC_0026279,1,0.019408071,0.9804239,7.688953e-06,3.9854227e-09,0.00015451129,4.6827466e-09,5.8457663e-06
ISIC_0031814,1,0.0010231152,0.99890375,1.4885791e-06,2.134633e-08,1.2639077e-05,5.717098e-08,5.8972026e-05
ISIC_0032601,1,0.01332041,0.6216765,0.3650025,3.4479472e-10,2.8880779e-08,6.0075913e-09,5.7197667e-07
ISIC_0032878,1,4.048477e-05,0.99995744,5.413428e-07,1.0394533e-09,6.723926e-10,2.9538628e-08,1.5722102e-06
ISIC_0032649,1,0.0047759106,0.9951807,8.1786126e-08,6.7968564e-08,2.713431e-06,4.0295454e-05,1.4093906e-07
ISIC_0034109,1,2.3057346e-05,0.9999765,9.2778265e-09,8.165492e-09,3.8029458e-07,7.682425e-09,5.7707886e-08
ISIC_0033439,1,0.41672465,0.58255595,6.651995e-05,4.5099667e-05,5.880075e-05,0.00054724765,1.7296879e-06
ISIC_0033214,1,3.1622552e-05,0.99995995,7.370011e-08,3.26746e-12,1.3519498e-06,3.4960937e-07,6.605465e-06
ISIC_0033255,1,0.00032247367,0.99963355,1.1071029e-05,1.1537056e-10,2.5054074e-05,1.6799452e-06,6.140789e-06
ISIC_0033229,1,0.002218958,0.9977397,1.3450094e-06,1.3768888e-09,3.8821032e-05,4.7977414e-07,6.802026e-07
ISIC_0033181,1,5.0300913e-11,0.99954563,5.9115337e-06,5.900051e-11,0.00044553354,8.1834116e-08,2.8114418e-06
ISIC_0033661,1,1.6924063e-09,0.9994609,2.4957631e-05,2.8325852e-11,0.0005107096,2.9748952e-07,3.2682944e-06
ISIC_0034004,1,4.336418e-06,0.3249767,0.00034332104,2.4958144e-09,0.64199173,0.0024205903,0.030263295
ISIC_0033136,1,2.6448466e-05,0.7160557,1.291655e-06,1.8563273e-10,0.013870647,7.125524e-06,0.27003884
ISIC_0033215,1,0.0005702514,0.4117931,9.615776e-06,9.061642e-06,0.002133856,2.7235908e-05,0.5854569
ISIC_0032737,1,0.024353145,0.974242,1.0438108e-07,6.2225614e-10,0.001358779,4.4715758e-05,1.2879962e-06
ISIC_0031482,1,3.9787067e-09,0.99999714,6.1873624e-11,7.0863676e-11,1.0820653e-06,2.3755019e-11,1.7788254e-06
ISIC_0032944,1,2.6343503e-07,0.99973184,4.3549935e-07,1.5092702e-10,0.0002526415,9.564639e-11,1.4759493e-05
ISIC_0033516,1,4.18042e-05,0.9989249,1.1323862e-05,5.622608e-07,0.0009859942,1.275249e-07,3.5191722e-05
ISIC_0033142,1,6.879494e-06,0.99999166,7.64508e-08,2.4110414e-09,1.3700184e-06,2.959304e-12,5.198971e-09
ISIC_0032703,1,5.124525e-06,0.9999924,8.2770526e-08,8.6825075e-11,2.4414271e-06,6.5008606e-12,3.24184e-09
ISIC_0033168,1,0.0002750625,0.99952793,4.7203991e-07,5.8827187e-08,0.00019655617,1.5471828e-09,1.8198943e-08
ISIC_0034187,1,4.127103e-06,0.9956066,1.2869258e-06,1.6166953e-07,0.0043776664,8.541017e-06,1.6078612e-06
ISIC_0027837,1,4.914912e-07,0.9989686,3.0880724e-06,1.4718702e-07,0.0010166271,8.422678e-06,2.6446548e-06
ISIC_0033512,1,0.0009669113,0.9899921,0.009024267,1.4149834e-05,7.537957e-09,5.428424e-09,2.5371603e-06
ISIC_0032788,1,0.00040536755,0.959764,0.039754543,7.444741e-05,1.6422559e-10,2.8052836e-08,1.6038339e-06
ISIC_0033737,1,4.8311296e-05,0.99982077,6.578507e-08,4.240655e-07,0.00012982741,1.8738413e-08,6.328429e-07
ISIC_0033932,1,2.4016313e-06,0.99992764,4.241624e-08,8.333034e-08,6.928879e-05,8.940037e-09,5.546889e-07
ISIC_0033062,1,2.16308e-06,0.9999974,2.2111006e-08,2.6147542e-10,1.8899068e-07,2.7592236e-07,7.6167535e-09
ISIC_0034261,1,0.0005558702,0.9994367,3.411615e-07,1.0576226e-08,9.5314437e-07,5.8012965e-06,3.037529e-07
ISIC_0032772,1,3.262943e-05,0.99988425,1.6936685e-06,3.4333796e-09,5.9861395e-05,1.2494552e-09,2.1508198e-05
ISIC_0034041,1,0.14006665,0.859661,7.289104e-06,1.9656514e-09,0.0002567548,4.5669502e-08,8.279235e-06
ISIC_0033598,1,0.88738626,0.11240364,2.658665e-05,1.6793898e-05,6.1365005e-05,5.3050717e-06,0.00010008915
ISIC_0034021,1,0.0789597,0.92095584,1.0509117e-05,2.3521462e-08,6.575531e-05,3.5225025e-07,7.863049e-06
ISIC_0034220,1,0.00013994706,0.994121,5.5176578e-08,5.945325e-08,0.0057388227,2.2762727e-08,5.3638307e-09
ISIC_0032973,1,5.4138304e-06,0.9999932,1.802717e-08,5.3300543e-08,1.3338473e-06,1.229463e-09,4.04958e-09
ISIC_0033425,1,0.0007736889,0.99922526,2.2439069e-07,2.5138966e-08,7.689227e-07,1.5834207e-09,4.9916173e-09
ISIC_0032605,1,0.00011877953,0.9998406,2.7529607e-06,7.650508e-07,3.703932e-05,1.12036425e-08,1.2381749e-07
ISIC_0032779,1,3.9365614e-07,0.99998224,1.7102807e-06,1.1146078e-06,1.4124775e-05,3.3358905e-08,4.0227684e-07
ISIC_0033950,1,2.0620037e-05,0.9372799,5.9026765e-06,7.306454e-08,0.06268972,9.502454e-09,3.7826737e-06
ISIC_0033167,1,0.00019860943,0.99979454,4.429813e-09,1.1272373e-09,6.249811e-06,6.9233383e-09,6.436765e-07
ISIC_0033937,1,0.0028782848,0.99711883,4.153573e-09,3.8618703e-10,1.1094073e-06,4.760179e-09,1.7916652e-06
ISIC_0033435,1,0.038338106,0.9616591,2.1760505e-07,1.7508567e-09,3.5153735e-07,4.123519e-07,1.7356028e-06
ISIC_0034016,1,0.0064336536,0.9933209,4.561162e-07,4.5658428e-08,0.00013310558,9.032988e-05,2.1479713e-05
ISIC_0033845,1,0.29545614,0.704539,3.6836508e-07,4.181137e-10,4.2964202e-06,1.1981783e-07,2.5802635e-08
ISIC_0032884,1,0.0010159,0.99891233,4.322166e-07,4.79481e-08,7.005533e-05,4.7977466e-08,1.278952e-06
ISIC_0033707,1,6.9836136e-07,0.9999045,2.5657442e-07,1.6887332e-08,9.4233976e-05,5.5762284e-09,2.921207e-07
ISIC_0033912,1,7.6279466e-06,0.9999261,1.3987604e-07,5.979198e-08,5.4573284e-05,3.6239671e-06,7.909782e-06
ISIC_0032380,1,4.791543e-06,0.99999523,3.1514513e-10,3.55838e-11,1.749341e-08,1.7645574e-09,5.640372e-09
ISIC_0025447,1,7.369649e-05,0.99992466,5.838443e-08,6.634954e-08,5.498528e-07,2.5287093e-07,7.257794e-07
ISIC_0028591,1,0.012548116,0.98695046,7.397537e-05,1.5448485e-07,0.000350184,1.7106062e-07,7.7033874e-05
ISIC_0024524,1,0.009777378,0.9899554,1.1432373e-05,2.6499538e-07,0.00023904098,3.1793152e-06,1.3284621e-05
ISIC_0032663,1,0.0013623863,0.97808826,0.00017049021,8.782781e-07,0.020203317,8.375647e-08,0.00017446435
ISIC_0034191,1,0.00019001102,0.94094414,5.2142423e-05,0.0003687692,0.056929283,0.0010411035,0.0004744847
ISIC_0033719,1,0.00060712564,0.99939,1.02959326e-07,2.3705024e-08,1.9872056e-08,1.8032508e-06,9.3147605e-07
ISIC_0033442,1,0.094206065,0.9057933,1.1994311e-09,5.186966e-10,1.0839002e-08,4.3485554e-07,1.8745098e-07
ISIC_0032943,1,0.78302705,0.21696544,1.7358929e-08,6.1046585e-08,4.9207347e-06,1.9664513e-07,2.3151563e-06
ISIC_0034181,1,0.0001268347,0.9998338,6.203365e-08,3.5686972e-07,3.5819783e-05,2.1735048e-06,9.1749024e-07
ISIC_0033197,1,9.383382e-05,0.9999052,1.2488631e-07,4.5397208e-08,1.4043295e-08,6.106447e-09,8.1987434e-07
ISIC_0033036,1,2.2852784e-05,0.9999771,1.9583815e-09,2.6342134e-10,2.7392613e-08,3.3132688e-11,4.9957927e-09
ISIC_0033015,1,5.031402e-06,0.99926406,6.860129e-07,5.649741e-05,0.00065902324,1.2469512e-07,1.4621695e-05
ISIC_0033928,1,2.1709421e-07,0.99996305,8.7631093e-07,1.7579301e-05,1.3858446e-05,5.0130783e-08,4.4903013e-06
ISIC_0025970,1,0.15873449,0.84121543,4.2811035e-07,1.719174e-09,4.9572387e-05,2.999893e-08,4.9804267e-08
ISIC_0027397,1,0.00083228,0.2795396,0.3954831,0.008906119,0.28732625,0.016971057,0.010941563
ISIC_0034108,1,1.1788078e-07,0.99927,1.3070176e-08,4.0458747e-11,0.0007205016,5.142299e-09,9.38213e-06
ISIC_0033740,1,3.5416786e-05,0.999686,6.404206e-06,8.1161015e-11,0.00027105227,9.289555e-10,1.1998471e-06
ISIC_0033045,1,1.3899588e-06,0.9999982,2.0790747e-10,5.7480687e-10,3.6686478e-07,5.2117137e-09,3.3468468e-09
ISIC_0033697,1,0.0085844435,0.99134904,4.8762918e-06,5.744298e-05,3.3883475e-07,4.5073966e-07,3.4190298e-06
ISIC_0033656,1,4.1019783e-07,0.9998623,2.6465324e-07,2.4317026e-07,0.000111197616,2.5037927e-05,5.5204e-07
ISIC_0032496,1,9.266444e-07,0.99992085,3.820386e-05,5.7608887e-08,2.5889103e-05,3.8239358e-07,1.3738025e-05
ISIC_0027246,1,0.02428173,0.9757177,5.976678e-07,2.9291478e-10,2.9341647e-09,1.5019556e-09,9.845693e-09
ISIC_0031848,1,0.00015235317,0.9998468,3.3944957e-07,3.6962183e-10,4.5678476e-08,8.009352e-11,3.9020995e-07
ISIC_0024608,1,0.30652526,0.69347024,7.714888e-07,3.3971532e-09,1.6545669e-09,5.876067e-07,3.1088186e-06
ISIC_0029814,1,0.00057808065,0.99936694,1.4993676e-06,2.897891e-05,1.3012731e-05,3.5184116e-06,7.96971e-06
ISIC_0031481,1,0.00028398944,0.999713,8.135084e-09,5.705396e-07,1.7466314e-07,2.804343e-07,1.9501674e-06
ISIC_0029704,1,0.049016427,0.9509729,6.327843e-06,9.743483e-07,2.3791634e-08,1.2228886e-08,3.2976084e-06
ISIC_0025620,1,0.00019091148,0.99906296,6.673204e-05,2.039295e-10,0.0005295708,0.0001497043,1.5393253e-07
ISIC_0024668,1,2.7866101e-06,0.9999895,7.7849614e-07,3.1064964e-09,3.3392446e-06,3.1293894e-07,3.2267708e-06
ISIC_0031206,1,0.007229266,0.9926449,8.588773e-07,1.9068077e-08,2.6688392e-06,9.610626e-05,2.6233054e-05
ISIC_0030361,1,0.00018474695,0.999811,2.6243276e-07,7.6961703e-07,9.838376e-08,5.698658e-07,2.6192656e-06
ISIC_0028487,1,4.644806e-06,0.99999464,1.3623777e-07,1.760859e-08,2.9776166e-09,6.3892216e-08,4.2426223e-07
ISIC_0030841,1,0.81862515,0.18136713,9.904929e-07,2.1818634e-08,3.5944023e-09,3.302794e-07,6.472112e-06
ISIC_0031645,1,0.00022244164,0.9997626,7.367909e-08,5.4508053e-08,2.6426519e-09,1.0112411e-05,4.741658e-06
ISIC_0031726,1,0.0012110486,0.9987846,2.4152483e-08,6.225225e-09,3.3057692e-09,2.6775854e-06,1.737125e-06
ISIC_0028581,1,3.7550253e-05,0.9999441,6.4184023e-06,1.2321784e-07,3.3102415e-07,1.1464402e-06,1.0275179e-05
ISIC_0027003,1,0.0037361034,0.9962639,1.5843833e-10,8.1772844e-10,4.850216e-10,1.8177856e-08,8.587686e-10
ISIC_0030264,1,0.000724406,0.99924845,1.9782174e-06,3.992103e-09,9.679603e-08,1.6530603e-05,8.445036e-06
ISIC_0028894,1,0.0017289983,0.9982266,7.898473e-07,8.1636453e-10,6.072965e-08,4.3527307e-05,6.356927e-08
ISIC_0030116,1,0.00080546393,0.9991854,4.744821e-06,2.2851474e-08,2.38672e-08,5.0296694e-07,3.9474094e-06
ISIC_0026270,1,0.00017909954,0.9997801,2.7446296e-05,7.19803e-08,7.18711e-08,8.3920604e-08,1.3044098e-05
ISIC_0025096,1,3.5053963e-05,0.99995935,2.2965844e-06,5.4547385e-08,7.518104e-08,2.3382104e-07,2.9817074e-06
ISIC_0030840,1,0.00025330234,0.9552081,0.0039586877,0.00031273923,0.036688767,0.0018720874,0.0017063456
ISIC_0027925,1,3.503284e-06,0.99999595,5.4726755e-08,1.5735202e-08,3.2996337e-07,7.333326e-08,8.691963e-08
ISIC_0031917,1,5.1731336e-06,0.99999475,1.88402e-08,3.3910308e-09,2.1361402e-09,4.6195883e-09,3.911371e-08
ISIC_0031079,1,0.00010563448,0.99988306,2.89281e-06,6.7037803e-07,9.967035e-08,1.4152333e-09,7.5635694e-06
ISIC_0028524,1,1.0699913e-05,0.99996126,2.529367e-06,3.043471e-07,4.270726e-07,5.2314997e-09,2.4701845e-05
ISIC_0024846,1,0.0031620457,0.9968292,5.1814955e-06,1.6264759e-06,4.103259e-07,4.0683982e-08,1.4294682e-06
ISIC_0024503,1,0.00010418111,0.99963725,6.46312e-06,3.825262e-05,0.00010433712,3.0644866e-08,0.00010956169
ISIC_0029667,1,9.295036e-06,0.9999255,1.334682e-06,1.4353899e-06,1.6153375e-05,8.362755e-09,4.6281675e-05
ISIC_0027574,1,3.4351888e-05,0.99840945,0.0015372533,1.7128137e-09,4.1602725e-06,3.951663e-08,1.4867241e-05
ISIC_0030058,1,7.876993e-05,0.995414,0.004464658,4.347496e-09,3.866283e-05,4.3061853e-08,3.9083875e-06
ISIC_0030990,1,4.5657405e-08,0.9999957,3.9294763e-09,1.8150558e-08,3.2350837e-07,6.794782e-10,3.8629464e-06
ISIC_0032492,1,0.0016707306,0.9982718,3.7484168e-07,6.107936e-07,5.327356e-05,2.4566148e-07,2.934646e-06
ISIC_0027853,1,0.0021450247,0.99784935,2.7126225e-07,3.8571923e-08,4.772923e-06,3.3029778e-08,6.353643e-07
ISIC_0028545,1,9.872552e-05,0.99989545,6.178488e-08,6.079449e-09,5.6177505e-06,6.090614e-09,1.7219504e-07
ISIC_0031447,1,1.4374619e-05,0.9784777,0.021299664,1.2383592e-05,0.00014572602,4.7351814e-06,4.5311812e-05
ISIC_0024837,1,8.030988e-06,0.98867536,0.010470483,1.3411789e-06,0.0008222485,4.2801066e-06,1.8275472e-05
ISIC_0031667,1,0.00013796547,0.9977155,0.0019296944,1.341422e-06,0.00020160075,7.972612e-06,6.0334846e-06
ISIC_0026027,1,1.7378405e-05,0.9909272,0.008727098,9.78446e-07,0.00030139554,7.5192105e-07,2.5247982e-05
ISIC_0031839,1,0.0009522351,0.9990476,2.9261543e-08,4.8330473e-10,1.1914119e-08,9.009237e-08,3.141827e-08
ISIC_0026455,1,0.0002896541,0.99970895,1.2529863e-07,3.1957545e-09,5.339723e-07,5.5507394e-07,1.1157307e-07
ISIC_0028265,1,4.585873e-05,0.99995375,3.5540324e-08,1.4314598e-09,1.6742804e-07,6.041405e-08,6.3239284e-08
ISIC_0025020,1,1.6600641e-05,0.99997795,1.7192292e-07,3.8577605e-06,1.2365506e-06,3.0924156e-08,2.8298e-07
ISIC_0026106,1,7.224184e-05,0.9999225,1.4023522e-07,4.588965e-06,1.4968464e-07,4.275454e-09,3.6030482e-07
ISIC_0024349,1,2.3616562e-05,0.9999753,5.356492e-10,2.6550289e-08,2.293584e-09,1.425971e-07,9.15201e-07
ISIC_0026126,1,0.0067997696,0.99319977,4.6892407e-10,8.3252655e-10,6.769761e-10,1.4897269e-08,4.995274e-07
ISIC_0028271,1,0.00015664942,0.99984074,8.002104e-09,2.2811246e-10,6.269768e-09,3.8197484e-07,2.2277281e-06
ISIC_0026305,1,0.0025461237,0.9969501,0.00047111494,1.1550806e-05,2.7674454e-07,7.044398e-07,2.0204434e-05
ISIC_0028454,1,0.0046340055,0.99514306,0.00018468387,3.864137e-06,3.5591668e-07,1.3238792e-07,3.3892215e-05
ISIC_0027658,1,0.0042760684,0.995667,2.1445114e-05,7.0672803e-07,7.698129e-09,1.8594003e-06,3.2894724e-05
ISIC_0028678,1,0.0015551324,0.9982816,0.00015586046,5.9135783e-07,2.6520489e-08,2.5032612e-06,4.270203e-06
ISIC_0029382,1,0.0009231279,0.99813324,0.00015354493,0.00057682215,0.00020457248,1.4800713e-08,8.668222e-06
ISIC_0030093,1,0.00015155204,0.9998024,3.9070983e-05,2.2313995e-06,4.1807716e-06,2.5778586e-08,5.2492237e-07
ISIC_0028645,1,0.00013777099,0.99978703,6.142023e-05,9.2520827e-07,1.2234718e-05,3.0206124e-08,5.442547e-07
ISIC_0031984,1,6.9208413e-06,0.9999701,4.780907e-07,6.146741e-08,2.888827e-06,3.6962617e-06,1.586676e-05
ISIC_0026487,1,1.3418181e-05,0.99996066,6.9853377e-07,1.0724659e-07,2.7516742e-06,1.8709785e-06,2.0474785e-05
ISIC_0026052,1,0.0037202002,0.99619746,1.2055695e-07,2.926482e-06,6.6767454e-05,5.0301164e-06,7.577668e-06
ISIC_0029493,1,8.452041e-06,0.9980318,0.0013039337,1.494618e-06,0.00013671756,4.2204305e-05,0.00047528863
ISIC_0031559,1,5.4886128e-05,0.9998697,1.8141536e-05,3.4067174e-08,1.474925e-06,3.2944823e-05,2.2859223e-05
ISIC_0028510,1,0.49625418,0.07917256,0.06261723,0.00028377588,0.35932577,0.0022740297,7.248334e-05
ISIC_0031756,1,0.7589473,0.24003139,0.00020888244,3.2073308e-06,0.0003688028,0.00019324438,0.0002472041
ISIC_0028723,1,0.0003834305,0.99961,3.5309802e-06,4.7212936e-08,1.9569217e-07,6.3367684e-09,2.8191241e-06
ISIC_0027751,1,2.6842838e-06,0.9999969,3.096773e-07,2.7563906e-12,1.1111439e-10,9.14663e-11,5.8219836e-08
ISIC_0031092,1,0.00019445735,0.9998054,2.361861e-10,1.3236904e-12,4.0721016e-08,8.9421953e-10,9.68352e-08
ISIC_0028167,1,6.468663e-05,0.99987316,5.557775e-07,4.6225373e-06,3.199708e-05,1.4115383e-07,2.4808025e-05
ISIC_0032436,1,3.8545993e-05,0.21467218,2.555842e-06,1.3664546e-09,0.78527343,2.685341e-06,1.05398785e-05
ISIC_0025181,1,0.000112983624,0.9997527,8.984028e-08,7.819092e-08,6.912042e-06,1.7119235e-07,0.00012702183
ISIC_0024996,1,1.0166726e-05,0.99997616,5.692839e-06,2.1104984e-08,7.866658e-06,5.0790766e-10,1.3137011e-07
ISIC_0028092,1,0.00010997531,0.9998615,3.05965e-07,3.0732174e-08,9.0406735e-07,2.6820284e-05,4.735169e-07
ISIC_0027978,1,0.00052043726,0.999453,4.355687e-06,2.5823639e-09,3.578796e-06,1.8352157e-05,2.805285e-07
ISIC_0027224,1,0.00036752224,0.99769574,5.416246e-07,0.0001702258,6.2448066e-07,0.0013158511,0.00044951445
ISIC_0029641,1,4.4540102e-05,0.99903595,6.68194e-05,3.7261707e-05,0.0006820724,6.8988315e-06,0.00012642865
ISIC_0026784,1,0.02976499,0.96991795,6.917409e-06,7.642972e-07,2.3443262e-07,0.00029893272,1.024777e-05
ISIC_0031564,1,0.0219693,0.97800887,5.9533026e-08,2.4968668e-07,2.0779069e-05,6.813012e-07,8.0906624e-08
ISIC_0025742,1,2.1464098e-06,0.9963921,1.1777697e-06,0.0001436454,0.0034516666,1.7711928e-06,7.5444327e-06
ISIC_0032141,1,3.432085e-05,0.9982753,0.00015151042,0.0014964527,1.3524082e-05,2.710992e-07,2.8687004e-05
ISIC_0031015,1,1.1815043e-05,0.99671054,0.0023637693,0.0008134646,1.2255667e-06,8.4381434e-05,1.4837598e-05
ISIC_0032015,1,1.124309e-05,0.9999292,1.2298568e-07,1.14580395e-07,5.681185e-05,1.513814e-08,2.5005174e-06
ISIC_0031285,1,2.2346561e-05,0.9998764,9.935238e-07,2.2747605e-08,3.159712e-05,6.4898166e-05,3.7864347e-06
ISIC_0028135,1,0.00035969107,0.99921966,5.0262574e-06,9.489865e-06,2.0780377e-05,0.0003801931,5.0399185e-06
ISIC_0026400,1,0.00023949887,0.99975866,4.703907e-07,3.5855074e-08,4.511403e-07,2.654617e-07,6.611334e-07
ISIC_0028212,1,8.976714e-05,0.99989426,7.391427e-07,4.9567902e-06,1.585744e-06,4.069839e-06,4.5405627e-06
ISIC_0029162,1,0.00053895864,0.98846984,1.1451957e-06,1.3403514e-08,0.01098644,1.6998749e-07,3.4224072e-06
ISIC_0024841,1,0.056459744,0.9435317,6.7534063e-07,6.2595864e-06,1.1759574e-06,1.4519661e-07,2.7640587e-07
ISIC_0029121,1,0.008044694,0.99194205,6.9120874e-06,9.495436e-07,7.5109926e-07,2.5191289e-06,2.1570772e-06
ISIC_0030525,1,4.9963e-08,0.99918586,0.00079987437,4.729804e-09,3.747161e-07,5.137773e-07,1.3411749e-05
ISIC_0025245,1,0.03854729,0.96143776,1.1062997e-08,7.881617e-12,1.191776e-10,1.4923132e-05,3.073034e-08
ISIC_0029001,1,0.008919086,0.4314339,0.19613929,0.00038657276,0.35468602,0.0011836861,0.0072514964
ISIC_0031126,1,4.9203838e-05,0.99883586,0.0002543509,1.4450018e-05,0.00065771386,3.9637516e-06,0.00018452188
ISIC_0026340,1,0.00048559785,0.99848586,1.1731934e-05,1.395568e-06,5.5912437e-06,0.0003724671,0.0006373635
ISIC_0027988,1,6.3988864e-08,0.9999727,3.288692e-08,1.4162069e-07,3.7406053e-06,2.3214709e-05,8.43317e-08
ISIC_0030733,1,6.7873293e-07,0.99999154,1.4662659e-06,1.9954305e-06,3.8180133e-06,3.9466946e-07,1.5953435e-07
ISIC_0025597,1,0.0022943984,0.99767023,7.934277e-07,6.850849e-10,3.4731365e-06,1.3328433e-06,2.9722969e-05
ISIC_0025225,1,0.00016587181,0.9993106,1.4491713e-05,5.99373e-06,0.0003184892,0.00017492259,9.748e-06
ISIC_0027569,1,9.995889e-06,0.99998987,1.6809278e-07,1.746193e-10,5.604803e-09,2.0331351e-11,1.674115e-08
ISIC_0026698,1,0.00030648324,0.9992248,1.00388434e-07,3.2068896e-05,0.00043267728,4.2852804e-07,3.4305417e-06
ISIC_0029138,1,2.589889e-05,0.9983004,0.0005087633,2.911039e-06,7.00748e-07,1.0898459e-05,0.0011505125
ISIC_0029349,1,0.0002111768,0.9997801,3.9429335e-07,6.804679e-06,6.012517e-08,8.0205126e-07,6.5633606e-07
ISIC_0027963,1,5.039198e-05,0.9998198,3.7076345e-06,0.00011644737,9.052288e-07,4.6685905e-06,4.1340436e-06
ISIC_0024425,1,4.0117495e-08,0.99867415,4.910435e-08,7.085013e-06,0.00010031508,0.0012154279,2.9204896e-06
ISIC_0028557,1,3.9751485e-06,0.9996673,1.1662836e-05,7.780828e-05,0.00022009412,8.215485e-08,1.9054414e-05
ISIC_0027471,1,0.00080718886,0.9973143,1.5039361e-06,3.6278922e-07,0.0017681475,7.7248096e-08,0.00010841964
ISIC_0026706,1,2.752631e-06,0.99998593,2.5257223e-06,4.6696828e-06,1.3527136e-06,2.2300264e-06,5.1368977e-07
ISIC_0028297,1,0.0044031925,0.99542916,3.3673823e-05,3.089659e-05,6.9709604e-05,4.4485805e-06,2.9073144e-05
ISIC_0027401,1,0.12884068,0.8711452,9.764408e-08,7.84467e-07,1.3089882e-05,1.4630265e-07,5.234253e-08
ISIC_0028637,1,0.91150373,0.08849443,1.886642e-09,1.3253548e-08,1.7511629e-06,1.3575904e-07,2.0561314e-08
ISIC_0026672,1,0.00050499866,0.9994862,2.6088e-07,7.751319e-06,1.3153515e-08,7.666008e-07,7.7383554e-08
ISIC_0030180,1,6.67252e-06,0.9992611,7.7835026e-08,1.8342003e-07,0.00072786026,1.958149e-08,4.041603e-06
ISIC_0026043,1,2.9607006e-06,0.99994445,2.5344232e-07,1.3460431e-06,4.553395e-05,2.0338896e-06,3.4171767e-06
ISIC_0025074,1,8.14934e-05,0.99908304,1.6471315e-05,0.0007911779,2.9367677e-06,1.1059698e-05,1.3748184e-05
ISIC_0029898,1,0.0017168024,0.99823976,2.2306185e-06,3.1028358e-05,1.8513581e-06,1.9821168e-06,6.214893e-06
ISIC_0026974,1,0.0007427431,0.99925226,1.1468063e-07,2.6357273e-07,3.3037443e-06,1.0452196e-06,2.3231125e-07
ISIC_0025846,1,0.00015933427,0.99952483,9.825727e-06,2.5773347e-06,0.00029845734,1.7877063e-07,4.6747277e-06
ISIC_0027928,1,0.08343287,0.90845925,0.00060516194,0.0048929313,0.0025064005,4.0084547e-06,9.9368866e-05
ISIC_0031596,1,0.010195814,0.9894292,1.9221645e-05,2.5065236e-05,0.00027348337,4.4894536e-05,1.22381725e-05
ISIC_0025289,1,0.0008231384,0.97460157,1.3952149e-06,0.01827809,6.2988525e-05,3.6640997e-06,0.0062290793
ISIC_0030219,1,0.0024189441,0.9913954,0.00096133834,0.005171474,6.8117492e-06,7.6132437e-06,3.8508246e-05
ISIC_0030981,1,0.0011438322,0.99884593,1.9140691e-07,6.6384755e-06,5.1645924e-07,4.008938e-07,2.4466694e-06
ISIC_0025899,1,0.00064582675,0.99935406,8.4545295e-09,2.421075e-10,1.5954094e-09,1.3951551e-09,8.3550155e-08
ISIC_0027382,1,0.00014542845,0.99925405,8.433859e-05,0.0005043112,2.2279735e-06,1.4485559e-07,9.4627985e-06
ISIC_0027949,1,0.13118754,0.84326893,4.117836e-06,0.014812828,0.010469,0.0001649951,9.2595175e-05
ISIC_0026795,1,0.00010581418,0.99989295,2.628656e-07,5.872701e-08,4.4955328e-07,3.6421838e-07,9.5694794e-08
ISIC_0030645,1,0.6941012,0.28948134,2.4620979e-06,3.9816305e-06,0.0151943965,5.0454255e-06,0.0012115451
ISIC_0026998,1,2.054828e-05,0.9979305,0.0019187564,9.163031e-08,1.4872112e-06,1.1078819e-06,0.00012750621
ISIC_0032218,1,1.0403807e-05,0.67390615,0.15525006,1.5193095e-06,0.1706483,9.409756e-06,0.00017415234
ISIC_0031838,1,1.5768184e-05,0.99994075,1.0115405e-06,9.693989e-06,1.83677e-05,7.843251e-07,1.35953205e-05
ISIC_0029733,1,1.4191512e-05,0.97828007,0.021323455,5.260917e-05,0.00032864904,7.035653e-08,9.5096607e-07
ISIC_0026329,1,6.4368874e-06,0.9999418,4.096866e-05,6.098357e-10,6.9860056e-07,4.0123624e-08,1.0039056e-05
ISIC_0028478,1,0.00024294466,0.9927099,0.00037348765,3.800473e-06,0.006661412,2.5156608e-06,6.0280954e-06
ISIC_0027889,1,0.029543662,0.90888965,0.06074715,2.4432402e-05,0.0005313568,3.7161243e-07,0.00026350506
ISIC_0031014,1,0.14105567,0.85316,0.003923793,0.0014927143,0.00025767105,0.00010546719,4.6471155e-06
ISIC_0024969,1,0.116170056,0.86279595,0.0029446336,0.014625229,0.0009435218,0.0024147097,0.00010586783
ISIC_0032936,0,0.00056957296,0.9994173,4.1859097e-10,1.663363e-11,1.3107062e-05,1.02022855e-10,5.792871e-09
ISIC_0025463,1,0.002049691,0.99794275,7.3289284e-06,1.0471696e-09,7.455222e-09,3.1146904e-08,1.6278152e-07
ISIC_0033232,0,0.004501831,0.9951519,6.1114196e-07,1.9922108e-08,0.00033728377,8.079793e-09,8.428794e-06
ISIC_0031742,1,0.08294367,0.89007103,0.0004036362,0.005900504,0.020365871,0.00023362921,8.170796e-05
ISIC_0032195,1,0.00086838036,0.9991295,3.215841e-07,1.6021072e-06,1.2525669e-07,1.3777172e-07,1.8145597e-08
ISIC_0031813,1,0.3174004,0.44135496,0.00023893791,0.23842376,6.3128515e-05,0.0018431463,0.0006757065
ISIC_0030354,1,0.30180198,0.6966567,1.612269e-05,0.001065319,2.3035778e-05,0.00038367565,5.3145977e-05
ISIC_0025000,1,0.00018741487,0.9998111,2.8783417e-08,6.686757e-08,1.0885767e-06,2.772567e-07,4.5733508e-08
ISIC_0027066,1,0.062899515,0.9354396,6.4670276e-06,6.184864e-07,0.0016513262,4.408319e-07,1.963661e-06
ISIC_0025106,1,0.0042610597,0.79377234,5.3443982e-05,0.017010795,0.18471976,9.793071e-05,8.464639e-05
ISIC_0026805,1,0.00012756922,0.9950814,1.1847258e-06,4.3041572e-07,0.0047483724,9.338878e-11,4.101991e-05
ISIC_0024680,1,0.0011285999,0.9961778,1.4420088e-05,2.1938136e-07,0.002571793,3.2728993e-09,0.000107130596
ISIC_0029465,1,0.00063552154,0.9992673,3.743278e-06,1.9012554e-06,7.893177e-05,4.360814e-09,1.2661717e-05
ISIC_0031594,1,0.0038278587,0.0013481833,9.927398e-05,0.00049887854,0.9939819,0.00024291471,9.7396e-07
ISIC_0029855,1,0.019253802,0.94823927,0.002484197,0.029353203,0.00062143616,2.685919e-07,4.790868e-05
ISIC_0029530,1,0.009349957,0.98977846,8.482368e-06,6.815557e-05,0.0007924024,2.5208755e-07,2.2786262e-06
ISIC_0027360,1,0.017378066,0.9742585,0.0022644096,0.0029158124,0.0031737108,9.615593e-08,9.42455e-06
ISIC_0029554,1,0.24671198,0.7355057,0.012567937,0.0051493635,5.039273e-05,1.5141453e-07,1.44123505e-05
ISIC_0026096,1,0.008111911,0.9918847,2.9839642e-10,2.311218e-10,3.1280508e-06,5.5980447e-08,3.005626e-07
ISIC_0026445,1,0.0023933372,0.9973908,1.9449694e-06,0.0001841936,9.4086445e-06,1.6682e-05,3.7471607e-06
ISIC_0026023,1,0.0009488045,0.99466866,0.00019014321,9.256691e-07,0.00346406,5.0060958e-06,0.0007223423
ISIC_0026330,1,0.00028135185,0.9996736,4.6794312e-07,1.2299711e-08,2.9678797e-05,7.913126e-06,7.0886954e-06
ISIC_0031567,1,0.3856548,0.6032693,0.0062802387,3.1738615e-05,0.0009165692,0.0038362222,1.118013e-05
ISIC_0026577,1,0.0071287206,0.004696427,2.952554e-05,0.0002521777,0.9878889,1.4907488e-06,2.849115e-06
ISIC_0031249,1,8.368289e-05,0.79463196,9.881119e-06,0.00011647962,0.2051423,1.1991314e-05,3.5591977e-06
ISIC_0030451,1,0.0150791155,0.8638238,0.00019736384,0.006859802,0.1140206,3.4347995e-06,1.5900358e-05
ISIC_0031301,1,0.99061406,0.008412233,0.00044043644,9.659836e-05,0.00015569823,0.00022004764,6.100691e-05
ISIC_0031111,1,0.034762226,0.9640221,2.0337555e-05,0.0009299418,0.00010944196,0.00011678558,3.9220733e-05
ISIC_0028602,1,0.00015702978,0.9586149,0.001411593,1.4846509e-06,0.008193327,0.029777939,0.0018436472
ISIC_0030674,1,0.00041523142,0.99559754,0.00073376775,0.0016284939,0.0015925176,1.1592117e-05,2.0879088e-05
ISIC_0031192,1,0.0004374585,0.9835015,0.0046186764,6.7315123e-06,0.011394268,6.7657456e-06,3.457977e-05
ISIC_0027498,1,9.1102615e-05,0.9996338,9.606088e-05,1.4432331e-08,4.885672e-05,5.89195e-06,0.00012437368
ISIC_0031462,1,0.0069492045,0.0060217516,1.6346383e-05,0.9577948,0.029213192,8.104322e-07,3.879527e-06
ISIC_0026071,1,0.0012364307,0.017065503,1.4513022e-05,7.2961404e-07,0.98167115,5.568808e-07,1.0983552e-05
ISIC_0030923,1,0.00466963,0.88323945,0.1111084,2.8456686e-06,0.0009759028,1.2244199e-07,3.7223265e-06
ISIC_0025989,1,0.00018021443,0.9998155,3.5321439e-06,2.1266771e-08,3.162489e-07,9.493657e-08,3.5033216e-07
ISIC_0028873,1,0.0006244385,0.0054806955,2.531657e-07,0.00045009167,0.99343807,5.456184e-07,5.9504664e-06
ISIC_0028882,1,0.008642368,0.9659366,7.54321e-05,3.1458814e-05,3.196251e-05,0.02283957,0.0024425264
ISIC_0030061,1,0.0011565852,0.989897,1.3482608e-05,0.008927277,7.0912387e-07,2.4468075e-06,2.3838172e-06
ISIC_0030960,1,0.00049800944,0.9994511,2.7258326e-05,2.5932994e-07,1.4611355e-05,3.6646743e-06,5.0336785e-06
ISIC_0030311,1,0.63248795,0.3275378,0.03996179,5.891751e-06,4.7359447e-07,2.9407974e-07,5.78297e-06
ISIC_0025505,1,0.00049747986,0.9855703,0.00017671792,0.013738847,1.1630216e-05,3.86474e-06,1.0802087e-06
ISIC_0024784,1,7.834762e-06,0.9997224,6.317099e-05,4.185701e-07,0.00017664609,6.9248836e-06,2.248272e-05
ISIC_0024922,1,4.5418405e-05,0.99866915,6.915506e-07,1.3748524e-06,0.0012606247,2.2327415e-05,3.1364243e-07
ISIC_0027127,1,9.764518e-05,0.99984324,1.6507106e-06,4.361494e-05,7.51929e-06,1.3363253e-07,6.1743376e-06
ISIC_0028849,1,0.0021862811,0.9949875,1.2187351e-06,0.00037186185,0.0023058765,5.733491e-07,0.0001466801
ISIC_0025517,1,0.0054978686,0.9937844,0.000609175,4.6878537e-05,5.8885387e-05,5.0275963e-07,2.2228094e-06
ISIC_0030553,1,0.00014314971,0.99713755,0.0026671158,1.4086983e-07,2.4637258e-05,8.243752e-07,2.6635673e-05
ISIC_0027379,1,0.00014503578,0.999315,8.698981e-07,5.6593257e-07,0.0005367529,1.993737e-07,1.5405254e-06
ISIC_0027468,1,5.8204594e-05,0.890063,0.00025977922,8.844584e-06,0.109605655,1.5523385e-06,2.9775567e-06
ISIC_0028016,1,0.00026515184,0.01162679,0.97522813,0.0008840638,3.9357106e-05,0.0014892123,0.01046737
ISIC_0030639,1,0.000107934975,0.8359729,0.0004293146,4.5072778e-08,0.16345638,2.1207725e-06,3.1318203e-05
ISIC_0025165,1,0.00036906454,0.99855393,0.0002542083,0.0006037945,8.277386e-05,2.1261826e-06,0.00013417342
ISIC_0028698,1,0.000120593024,0.999172,0.00018510505,0.0003823518,5.3333544e-05,4.440215e-06,8.2279825e-05
ISIC_0030694,1,3.283118e-05,0.99944323,0.00050495315,8.1040014e-07,5.591462e-06,2.1075047e-07,1.23503105e-05
ISIC_0027798,1,3.614292e-08,0.9999422,1.03874e-05,8.31169e-09,4.6963432e-05,4.10944e-09,4.6800102e-07
ISIC_0028141,1,0.0030906142,0.9968004,0.000107575965,1.1071645e-08,2.2549061e-07,1.5161573e-08,1.0978625e-06
ISIC_0032310,1,0.00054313615,0.9994449,1.4809484e-06,3.934193e-06,1.3134896e-06,3.2961414e-06,1.8635066e-06
ISIC_0026323,1,0.0020666108,0.9927436,0.0051871887,2.2040072e-07,4.1916767e-08,6.6108676e-08,2.204105e-06
ISIC_0030663,1,0.0069292,0.9928726,0.00011583029,1.9476074e-06,2.8661563e-05,3.1674364e-05,2.008907e-05
ISIC_0028673,1,0.0001113434,0.99986506,9.505657e-07,1.5221922e-05,3.0552071e-06,2.754199e-06,1.5935613e-06
ISIC_0030151,1,0.0015830308,0.19242238,0.00029060448,0.0006625779,0.80500114,1.031956e-05,2.9874624e-05
ISIC_0031866,1,5.8014757e-06,0.9988273,1.5101462e-07,1.6458901e-07,0.0010790328,8.286137e-05,4.684555e-06
ISIC_0028344,1,0.011341527,0.9760248,1.0789512e-06,2.7808479e-05,0.012571016,8.889357e-07,3.2853193e-05
ISIC_0031039,1,4.1735824e-05,0.9998223,6.6729984e-07,4.8303466e-08,2.2670049e-05,7.0081376e-05,4.2595697e-05
ISIC_0026665,1,3.119923e-07,0.9998648,5.614143e-07,1.3225699e-09,1.1631837e-07,0.00013047773,3.705497e-06
ISIC_0028608,1,0.0018444468,0.9822046,5.9783102e-05,3.214616e-05,0.007477946,0.008357569,2.3389954e-05
ISIC_0030839,1,0.0031623757,0.7083761,6.18359e-08,1.57525e-06,0.2880983,0.00036040958,1.2101035e-06
ISIC_0026809,1,0.0011153284,0.96729636,3.7908396e-06,0.00028007803,0.031300914,7.568986e-07,2.655595e-06
ISIC_0026157,1,0.012355968,0.98763835,4.653734e-10,1.27310855e-08,5.25781e-08,3.7976301e-06,1.8376052e-06
ISIC_0030140,1,0.0038419622,0.99549294,6.354842e-07,0.00022095138,1.6463103e-07,0.0004410422,2.3514342e-06
ISIC_0027614,1,5.6218425e-05,0.99987066,1.8841547e-06,9.743186e-07,2.7222843e-05,1.9661675e-05,2.3430366e-05
ISIC_0025243,1,1.1346863e-06,0.8466997,1.4889923e-05,3.1998873e-06,0.15326443,3.1719017e-06,1.3441076e-05
ISIC_0030159,1,0.0008070784,0.99913317,4.964942e-05,2.8389725e-06,3.8281837e-06,2.792603e-06,7.1240606e-07
ISIC_0030434,1,3.186992e-05,0.9998909,7.564711e-08,1.4376685e-07,7.624024e-05,8.956421e-08,6.776273e-07
ISIC_0026580,1,0.03760757,0.9610773,0.0012694298,1.5313435e-06,7.363976e-06,2.37279e-05,1.32263785e-05
ISIC_0030919,1,6.474176e-05,0.9998696,9.92017e-06,1.7044222e-06,9.066031e-06,4.4884542e-05,3.3112748e-08
ISIC_0028498,1,0.0029467682,0.9810863,0.00010304744,1.3106398e-05,0.015733102,0.00011631071,1.4031327e-06
ISIC_0025346,1,0.02088123,0.67019516,0.0006796412,0.017580524,0.28926045,3.131391e-05,0.0013715801
ISIC_0026260,1,0.00089439854,0.9991049,3.888557e-07,1.5706796e-08,2.9735975e-07,3.433396e-08,2.8571606e-08
ISIC_0030940,1,0.00053124584,0.44677958,0.00017078027,0.000257666,0.55209124,0.00014407083,2.5404419e-05
ISIC_0030937,1,0.001546896,0.9978301,2.1219957e-05,2.2561788e-05,0.0004255924,0.0001532416,3.9095673e-07
ISIC_0025400,1,8.2063125e-05,0.9992699,1.5739404e-05,1.8368807e-07,0.0006312996,6.2085195e-07,1.8110173e-07
ISIC_0029792,1,6.504922e-07,0.999985,9.391458e-06,9.248607e-10,8.903647e-07,3.7258275e-07,3.6989193e-06
ISIC_0026218,1,0.38352457,0.6164362,8.1801073e-07,6.737727e-08,5.304783e-06,3.300489e-05,6.338969e-08
ISIC_0028766,1,0.2295824,0.76737106,5.9137215e-05,0.0012237459,1.1616203e-05,0.0017060383,4.597607e-05
ISIC_0028384,1,9.6929776e-05,0.83940876,0.00011237436,1.1558375e-05,0.16020022,6.921989e-05,0.000100896614
ISIC_0030155,1,3.5326458e-08,0.99999857,6.510565e-09,5.2964896e-11,1.0302797e-06,5.888874e-10,3.0062128e-07
ISIC_0027523,1,9.5120464e-07,0.99991226,4.6680732e-08,6.2984264e-11,8.664063e-05,4.3968907e-08,4.7343736e-08
ISIC_0028531,1,0.00047545697,0.9990758,1.6459575e-07,5.4288268e-08,0.0004437481,4.628883e-06,2.4977746e-07
ISIC_0026182,1,3.754316e-08,0.9999999,3.074075e-09,3.590172e-11,1.07258984e-07,1.71019e-10,3.1554013e-09
ISIC_0025061,1,0.00074826746,0.99922204,1.7377217e-06,1.6882722e-09,1.6373458e-05,1.08569855e-08,1.1536383e-05
ISIC_0028477,1,0.24230148,0.7563845,2.3229337e-05,4.8541715e-06,4.7742683e-06,0.0012710856,1.0015683e-05
ISIC_0024577,1,0.014747213,0.9851805,6.213822e-05,4.626567e-07,1.0168343e-06,5.101141e-06,3.5879648e-06
ISIC_0025647,1,0.0025443437,0.9974542,9.01015e-08,8.319091e-10,5.488381e-07,5.86933e-07,1.3862939e-07
ISIC_0025323,1,0.0001481046,0.999833,5.8912306e-08,1.5717624e-10,1.7253229e-05,1.0303537e-06,4.4408245e-07
ISIC_0024818,1,0.5905479,0.40920126,4.0584373e-06,1.4620109e-07,0.00023687346,7.1438944e-06,2.6577984e-06
ISIC_0031595,1,0.0037988047,0.9961701,1.795366e-08,1.1109014e-07,2.9396e-05,3.0958905e-08,1.569828e-06
ISIC_0031071,1,6.9282873e-07,0.99870265,1.8166913e-06,3.0936351e-07,0.0012481194,2.270484e-07,4.6078025e-05
ISIC_0031475,1,0.0008815553,0.8500196,5.58984e-06,3.044408e-08,0.1490612,8.555722e-06,2.351979e-05
ISIC_0031602,1,0.89526814,0.0961563,0.00013885689,1.2957228e-05,0.008393447,6.1049386e-06,2.4260864e-05
ISIC_0024683,1,0.5270349,0.472696,0.00010609097,4.649549e-05,0.00011234685,3.873865e-06,3.1668006e-07
ISIC_0026816,1,5.096762e-06,0.99792105,2.8698295e-07,2.18994e-08,0.0020702134,1.3336609e-07,3.2970058e-06
ISIC_0028635,1,4.1040123e-05,0.9933658,5.381927e-08,4.1811504e-07,0.0065916018,2.8857903e-07,7.894795e-07
ISIC_0026480,1,0.0054788394,0.99450916,1.3084764e-09,2.450217e-10,4.084649e-09,3.5814e-07,1.1706166e-05
ISIC_0029668,1,0.0087594045,0.99107146,8.740786e-07,9.97348e-09,2.611378e-05,0.00012959297,1.26098075e-05
ISIC_0027140,1,2.9834448e-05,0.9999701,4.15253e-08,6.194304e-11,4.485539e-08,3.452621e-09,2.4889141e-08
ISIC_0031322,1,6.32671e-05,0.9999362,1.1802374e-07,2.708824e-11,9.504094e-09,9.783014e-09,4.0298553e-07
ISIC_0025956,1,0.0014096008,0.9984725,1.0002717e-08,8.410028e-10,0.00011660862,1.8740613e-08,1.2787548e-06
ISIC_0027607,1,0.37471274,0.6246862,2.3522483e-07,6.2590976e-07,0.0005570348,2.6985035e-08,4.3224754e-05
ISIC_0024540,1,3.3072192e-06,0.99997044,9.462508e-09,1.2519334e-10,2.6129754e-05,1.0126876e-09,6.922434e-08
ISIC_0027948,1,0.00038092188,0.9995938,5.668987e-07,4.559786e-06,1.760542e-05,2.3307425e-07,2.3243044e-06
ISIC_0025253,1,0.0010109183,0.99887365,1.3296947e-06,3.509348e-08,0.00010297599,9.857131e-07,1.0118877e-05
ISIC_0027961,1,0.00036320576,0.9994301,4.8374354e-06,9.306415e-07,6.3490996e-05,1.1766099e-05,0.00012552673
ISIC_0026190,1,0.0003310386,0.99900836,0.00017218779,6.015673e-08,0.00040651165,2.4779407e-05,5.6987927e-05
ISIC_0025881,1,2.7628352e-07,0.99998367,1.1084273e-06,1.6282765e-09,1.0757851e-07,7.502587e-08,1.4669546e-05
ISIC_0031668,1,1.7441898e-06,0.99991095,1.7267264e-07,3.974132e-09,8.40469e-05,8.07111e-09,3.0258022e-06
ISIC_0027431,1,6.3121317e-09,0.9999945,2.6951891e-08,2.3882218e-10,5.100776e-06,7.90397e-09,3.707761e-07
ISIC_0033140,1,0.011179827,0.98772717,6.607228e-07,1.0149616e-06,0.0010908677,2.6752026e-08,3.7901324e-07
ISIC_0033765,1,8.212587e-06,0.99999154,3.9595767e-09,4.290597e-11,2.671244e-07,1.0495962e-08,8.0493905e-09
ISIC_0025897,1,0.00017867736,0.9998148,1.5816332e-07,1.6950974e-06,2.7897845e-06,5.9157287e-07,1.3351962e-06
ISIC_0032721,1,7.885996e-05,0.99938786,2.4472652e-07,3.4992177e-06,0.0005240094,4.8481575e-06,6.782262e-07
ISIC_0033537,1,0.0041612457,0.9957837,2.3026494e-07,4.122542e-06,5.028788e-05,3.7228307e-07,6.3219986e-08
ISIC_0032837,1,1.078129e-05,0.99273854,6.857487e-05,0.0010671311,0.0060550245,5.2927673e-05,7.0240685e-06
ISIC_0032682,1,0.00011477681,0.98469377,1.1697294e-06,5.8692544e-06,0.01518079,3.2518094e-06,3.590927e-07
ISIC_0033223,1,4.034709e-05,0.9999591,7.559428e-08,1.4343079e-08,4.0865493e-07,2.539112e-09,4.053251e-09
ISIC_0032764,1,0.0014132307,0.9985746,5.7492576e-07,6.744129e-08,1.1495818e-05,7.3700895e-10,4.1032955e-09
ISIC_0033436,1,0.0045531136,0.9952715,1.17157086e-07,7.588888e-09,0.00017395792,2.008423e-07,1.1338735e-06
ISIC_0033777,1,0.0002885559,0.99970883,6.504633e-09,2.8641491e-08,7.734114e-07,2.3662528e-08,1.8642262e-06
ISIC_0033078,1,0.0016181461,0.99837756,2.3683009e-07,2.024618e-07,3.7232388e-07,4.78545e-07,2.9702583e-06
ISIC_0034055,1,8.1762e-06,0.99998856,1.0894796e-09,6.0736287e-09,9.669789e-08,7.4364146e-09,3.1163079e-06
ISIC_0032868,1,8.5957005e-08,0.99996185,8.7989704e-08,4.5129546e-08,3.7677655e-05,5.063455e-08,3.4297454e-07
ISIC_0033211,1,0.009414589,0.990258,5.0066563e-05,5.8814806e-09,0.0002704034,3.061309e-06,3.8731946e-06
ISIC_0033617,1,0.0042643994,0.9954118,1.943854e-06,4.042067e-09,0.00019920568,9.968918e-05,2.2915789e-05
ISIC_0033889,1,0.00013715171,0.9996488,4.0148396e-07,3.7314973e-09,0.00020730651,4.5366523e-06,1.8533544e-06
ISIC_0033098,1,0.0009412498,0.9990584,1.9093217e-07,3.97017e-08,1.5920516e-07,1.1696486e-09,2.1637213e-08
ISIC_0032607,1,0.00023517868,0.999764,7.6871464e-07,8.134993e-11,2.7384464e-09,8.633305e-10,4.231331e-08
ISIC_0033542,1,1.5474088e-06,0.99999845,2.4440272e-10,2.049956e-10,4.0802586e-08,8.468618e-09,2.6515363e-09
ISIC_0032748,1,6.4087953e-07,0.99999833,9.936723e-09,2.5576156e-08,1.9916025e-07,1.5792939e-08,8.659009e-07
ISIC_0033577,1,1.4094549e-06,0.99997294,4.1870394e-06,1.9008534e-06,1.36062e-05,4.3132936e-06,1.615361e-06
ISIC_0034250,1,4.1874537e-05,0.99995124,3.551049e-08,1.0091585e-06,4.8262223e-06,9.883418e-07,5.5550903e-08
ISIC_0033208,1,0.0008211934,0.9991503,4.58369e-06,1.41494425e-08,2.3086395e-05,3.434559e-07,4.6196286e-07
ISIC_0029152,1,9.383698e-06,0.9999691,1.5168132e-05,2.0896928e-06,2.7523115e-06,1.0159356e-07,1.3094872e-06
ISIC_0032800,1,1.3378405e-05,0.9999826,3.1341287e-07,3.14602e-07,1.2824034e-06,2.1127089e-10,2.0938623e-06
ISIC_0033341,1,1.9057075e-05,0.9999031,1.4767239e-06,2.0581219e-07,7.4077514e-05,2.6263445e-09,2.0978052e-06
ISIC_0034302,1,0.00013046256,0.99986887,6.6222394e-10,2.0632124e-12,6.7787283e-07,1.5412761e-10,4.913588e-09
ISIC_0033826,1,1.0007925e-07,0.99999845,1.1845034e-07,8.3995705e-10,5.056103e-08,1.7668531e-09,1.2488945e-06
ISIC_0033421,1,0.00023511317,0.99976486,3.0344778e-09,6.183814e-11,3.9410747e-08,7.545982e-10,1.5514457e-08
ISIC_0033383,1,0.038846426,0.9611117,3.1828436e-05,2.6442644e-09,1.0194233e-06,4.125045e-07,8.576315e-06
ISIC_0033858,1,0.0027943954,0.99720556,1.5131724e-09,1.1479754e-12,2.0259958e-09,2.4090565e-09,7.836599e-08
ISIC_0033025,1,9.633519e-07,0.99999905,1.5752628e-09,3.3154528e-11,3.475889e-08,1.0655275e-11,1.8017847e-09
ISIC_0033053,1,6.202705e-06,0.99999344,7.004996e-08,1.4369385e-09,1.6082363e-07,2.1705204e-10,1.7258135e-07
ISIC_0032738,1,6.862934e-05,0.9999281,3.3162457e-09,8.325297e-09,2.9753207e-07,7.2722266e-08,2.8825912e-06
ISIC_0034080,1,0.17145965,0.82815665,0.00034046615,1.2568759e-07,3.3961715e-05,1.315073e-06,7.9406445e-06
ISIC_0032789,1,3.8194185e-06,0.9999962,3.0099003e-09,7.7296176e-11,2.3907624e-08,2.9735747e-09,2.4480633e-09
ISIC_0034045,1,5.8625716e-05,0.9998797,5.3386095e-05,1.0202409e-07,3.948537e-06,4.2375795e-08,4.1555936e-06
ISIC_0033190,1,3.4992954e-07,0.999974,7.985579e-08,6.3874636e-06,1.8053692e-05,4.750829e-09,1.1070359e-06
ISIC_0033535,1,1.6558406e-06,0.9999974,4.866094e-08,2.2832524e-11,7.5867725e-08,5.537114e-10,8.561362e-07
ISIC_0033735,1,0.6149806,0.38500506,5.2326904e-08,3.6712075e-07,6.191696e-06,4.4726257e-06,3.3293088e-06
ISIC_0033982,1,0.00012557172,0.99987423,3.5001475e-09,3.885256e-12,1.2049539e-08,1.5525205e-07,5.972488e-10
ISIC_0024725,1,0.00067510817,0.9990464,1.8152251e-07,1.5647268e-08,0.00025166298,1.7688407e-06,2.4803472e-05
ISIC_0031259,1,0.17118856,0.8280579,2.463207e-06,5.1556043e-07,0.0004618804,0.00010144889,0.00018722747
ISIC_0027138,1,1.8036526e-05,0.99919194,4.2548162e-08,4.96375e-08,1.8820805e-06,6.219584e-07,0.0007875226
ISIC_0024757,1,0.8645573,0.08557502,0.0009783427,7.830518e-06,0.0058768536,0.03558314,0.007421444
ISIC_0026391,1,0.00067750044,0.9993224,5.3006226e-09,8.48089e-10,2.545563e-08,3.3825451e-09,6.499307e-08
ISIC_0025122,1,2.7498174e-06,0.9999962,1.1512336e-09,3.209997e-10,8.991664e-07,4.692341e-10,1.8452185e-07
ISIC_0031216,1,0.028696142,0.9558177,0.00074754737,3.1600105e-06,0.0145681575,5.5739747e-07,0.00016673014
ISIC_0031769,1,0.00395371,0.99596304,1.6408786e-06,3.371756e-07,7.871355e-05,1.9861109e-06,4.9340565e-07
ISIC_0032379,1,3.266198e-05,0.999962,9.457183e-08,7.893559e-09,3.1248746e-07,4.8419247e-06,1.1727011e-07
ISIC_0029368,1,8.161543e-05,0.9998616,7.405314e-08,2.1930688e-08,2.3644747e-05,3.2004857e-05,9.664168e-07
ISIC_0031359,1,0.00020620746,0.99010044,0.0066406233,3.003682e-06,0.0027829066,8.367395e-06,0.00025851882
ISIC_0031454,1,0.00010395842,0.97081393,0.026956782,3.5141586e-08,0.002096961,6.21883e-08,2.8267681e-05
ISIC_0030909,1,1.572889e-05,0.99997663,1.4393124e-08,1.0971051e-09,7.473827e-06,2.0794323e-08,1.1991372e-07
ISIC_0031323,1,0.0006519315,0.9993419,2.3701531e-08,2.2836577e-08,4.751375e-06,7.7831186e-07,5.528434e-07
ISIC_0029143,1,4.06495e-05,0.99845254,0.001311557,2.7629809e-05,0.000111158326,3.2894818e-06,5.3081494e-05
ISIC_0025652,1,6.669318e-07,0.9999944,3.7950576e-09,1.6831338e-10,2.40137e-06,5.4763426e-08,2.477255e-06
ISIC_0024830,1,7.003766e-07,0.99983335,5.9066297e-06,3.3961323e-06,0.00014236459,1.715674e-07,1.4255703e-05
ISIC_0028380,1,6.5571876e-05,0.9999186,6.130245e-08,2.216359e-09,1.521966e-05,7.721014e-08,3.8447524e-07
ISIC_0030693,1,0.6786268,0.031454276,7.192332e-06,0.00068205025,0.28915626,2.2761928e-05,5.0761973e-05
ISIC_0029659,3,7.2744086e-05,1.0654148e-06,3.879347e-07,0.90367764,2.342923e-05,0.09621731,7.3763567e-06
ISIC_0026575,3,0.009237245,0.00010555941,3.544488e-05,0.9882328,0.002374762,3.349687e-06,1.0941811e-05
ISIC_0030586,3,0.058813795,0.048049346,0.045776077,0.0018848794,0.84515256,0.00026809293,5.5239274e-05
ISIC_0025178,3,1.2161028e-05,0.0033650997,0.11428674,0.7265704,2.3415168e-05,0.15560901,0.00013315586
ISIC_0028730,3,0.00104351,0.4565452,0.017468845,0.34448105,0.032092646,0.14787114,0.0004976654
ISIC_0029041,3,0.0011136285,4.841939e-06,5.1326e-06,0.00026191593,0.9986135,2.6117996e-07,7.475217e-07
ISIC_0031040,3,0.00014012282,6.9688435e-06,3.0525316e-05,0.99909854,0.00045834677,0.00026115452,4.4114377e-06
ISIC_0030242,3,3.1106051e-06,5.672542e-07,2.5505597e-06,0.9998926,0.00010102973,1.05736655e-08,1.0490106e-07
ISIC_0031119,3,6.464914e-06,4.0203264e-05,0.00048209148,0.9992866,7.63574e-05,1.1711974e-05,9.653961e-05
ISIC_0026362,3,0.00010922732,0.9790739,3.6077015e-06,1.3721893e-06,0.020715246,8.278838e-05,1.3935144e-05
ISIC_0028158,3,2.2248376e-05,0.98175585,0.0011651997,0.017001765,3.34859e-05,3.987016e-06,1.7419252e-05
ISIC_0030602,3,0.0006590597,0.01031426,6.5439713e-06,0.98757756,0.0012361736,0.00017812166,2.8203913e-05
ISIC_0030076,3,0.16783775,0.02298902,0.007946507,0.6402045,0.13852036,0.0192052,0.0032967036
ISIC_0025539,3,0.12583257,0.0019652566,0.00016619112,0.82005113,0.050512712,0.0014220247,5.004779e-05
ISIC_0031043,3,0.016563047,0.6609833,0.19704874,0.090233065,0.013049768,0.010628,0.011494134
ISIC_0026327,3,0.0002341407,0.006679657,0.09329659,0.8986353,0.00063379895,0.00033127726,0.00018915308
ISIC_0027958,3,5.126636e-05,1.06032485e-05,5.45911e-06,0.99978966,0.00014278678,1.8443097e-09,2.7345837e-07
ISIC_0027896,3,1.05974465e-08,2.5338193e-07,2.3683315e-07,0.9999895,9.860209e-06,8.312655e-09,8.699603e-08
ISIC_0031940,3,0.06542705,0.001209966,8.507703e-07,0.92797506,0.0052914247,5.059025e-05,4.5043427e-05
ISIC_0031044,3,7.2953217e-06,4.9634735e-05,1.3951763e-05,0.9990681,6.915499e-05,0.0005491092,0.00024286417
ISIC_0025712,3,0.00059315324,0.00070494163,8.2146355e-05,0.10831119,0.8896229,0.000121344136,0.00056423515
ISIC_0025358,3,1.1795476e-07,0.003802753,0.00093665684,0.99487865,0.00035868183,2.2436863e-05,7.570672e-07
ISIC_0031609,3,0.0027499136,0.93609077,4.045875e-05,0.0017934466,0.058471203,2.3584778e-05,0.0008305999
ISIC_0024707,3,9.096885e-05,0.0008937435,2.9413707e-06,0.95953983,0.03946807,8.1328983e-07,3.6034678e-06
ISIC_0029860,3,7.2611724e-06,2.2316492e-07,7.566719e-07,0.99994135,2.7251574e-05,2.2674802e-05,4.8908066e-07
ISIC_0024517,3,0.003257887,0.030130688,0.96393967,0.0025554844,1.5850505e-08,4.6308032e-06,0.000111587986
ISIC_0026466,3,6.98801e-05,0.079524405,4.0007137e-05,0.9095589,0.010628812,7.411456e-05,0.00010388121
ISIC_0029932,3,7.7173695e-07,7.2953685e-06,6.447525e-07,0.99997044,1.9163392e-05,8.8835515e-07,7.425389e-07
ISIC_0024575,3,0.0010282015,0.020853555,0.00052236277,0.90945053,0.065068,0.0012185214,0.0018587792
ISIC_0025089,3,0.00018817969,0.0009586365,1.0804431e-09,2.394058e-06,0.9988508,1.7246448e-08,4.005669e-08
ISIC_0027178,3,8.46198e-06,0.0003719909,8.702914e-07,0.019866541,0.9797062,2.3759749e-05,2.2226692e-05
ISIC_0028190,3,7.4796856e-07,4.439039e-06,8.5750196e-07,0.999974,7.0243004e-08,1.350879e-05,6.2759077e-06
ISIC_0030953,3,0.081889436,0.14530878,0.0011734994,0.76307416,0.008303144,5.0403105e-06,0.0002459058
ISIC_0025196,3,0.00931152,0.021373803,0.02702198,0.9318648,0.0030715663,0.0063939844,0.0009624103
ISIC_0028644,3,0.014627387,0.98428,0.00012550472,0.00086725777,6.7663827e-06,8.823945e-07,9.223125e-05
ISIC_0032277,3,0.0022561406,0.02511627,2.9864188e-05,0.0036626246,0.96892405,3.6127178e-06,7.4329337e-06
ISIC_0025953,3,0.0011274886,2.2784343e-05,3.769514e-06,0.99864763,0.00018404656,4.3635245e-07,1.3889827e-05
ISIC_0027047,3,7.809469e-05,0.8891475,0.066553675,0.020399515,0.014593008,0.008976004,0.00025218914
ISIC_0029210,3,0.000154202,3.6693455e-05,4.0565183e-06,0.9997181,4.023323e-06,2.6003136e-05,5.693669e-05
ISIC_0024522,3,8.256775e-06,0.108915105,0.83314097,0.0018293475,0.05063157,0.005322065,0.00015264559
ISIC_0030387,3,4.862947e-06,0.0093025165,0.32025653,0.00010303518,0.67007476,0.00012887741,0.00012938835
ISIC_0028558,3,4.782989e-07,4.6316095e-06,9.2095526e-08,0.9999161,1.6590704e-05,2.814681e-06,5.9310787e-05
ISIC_0027529,3,0.00080545555,0.034549717,6.723427e-05,0.88400304,0.079848275,5.781167e-05,0.0006683915
ISIC_0024463,3,0.0016124066,3.7215035e-05,0.00058055605,0.97689235,0.020631729,0.00019798668,4.7650672e-05
ISIC_0028795,3,0.0029763288,0.14441642,6.849608e-05,0.78766817,0.06342909,0.0006359034,0.00080559275
ISIC_0026149,3,1.8931541e-07,1.1142023e-07,2.0288672e-10,0.9999994,8.1147995e-09,8.346995e-08,1.7094646e-07
ISIC_0025992,3,1.9267478e-05,0.00028117784,8.825257e-08,0.99960333,8.9478664e-05,8.849644e-07,5.745202e-06
ISIC_0029781,3,6.38002e-08,2.4169543e-08,9.304442e-09,0.99999917,9.9195624e-08,2.2557289e-07,4.1031146e-07
ISIC_0026709,3,1.3483953e-05,2.907938e-05,9.9863755e-06,0.0014814892,0.9984534,1.1359317e-05,1.2205348e-06
ISIC_0026319,3,0.00030687082,0.036782805,0.074466355,0.87858534,0.009622258,2.5800948e-06,0.0002337221
ISIC_0025319,3,0.00014003881,2.146897e-05,0.018849794,0.9666185,0.01412712,0.00010414802,0.00013901395
ISIC_0030549,3,0.00021236033,0.022285227,0.968843,0.008457812,1.8781794e-06,0.00016882052,3.082477e-05
ISIC_0025790,3,0.14145966,0.15819412,0.026313998,0.45322764,0.22061667,1.0920686e-06,0.00018683678
ISIC_0024923,3,1.5584028e-06,4.7935147e-05,0.014202512,0.9857384,5.9901763e-06,1.4686559e-08,3.649321e-06
ISIC_0025803,3,0.0007577545,2.710584e-05,0.00019344575,0.9399247,0.058983598,9.3684255e-05,1.9674007e-05
ISIC_0025471,3,0.002204167,2.956495e-05,0.00017531218,0.98455346,5.3320797e-05,0.012979476,4.6414157e-06
ISIC_0027930,3,0.4939231,0.50578135,0.00015938058,3.85337e-05,9.383369e-05,8.627559e-08,3.7524455e-06
ISIC_0024329,3,7.859431e-06,2.0507743e-05,0.87718236,0.1225989,0.00017953712,1.830292e-07,1.0671306e-05
ISIC_0029460,3,0.035797242,0.009806105,8.786392e-05,0.0050749034,0.9491961,1.0972537e-05,2.6915386e-05
ISIC_0026848,3,0.0009310831,0.042505942,0.0037548386,0.3703699,0.5817988,4.9560324e-05,0.0005898358
ISIC_0027668,3,0.0014390054,0.9694025,3.655595e-06,0.009227885,0.019777378,5.7327878e-05,9.237954e-05
ISIC_0030463,3,2.1138014e-06,2.2635053e-05,1.3790052e-09,0.999954,1.730841e-06,1.8404799e-05,1.1380614e-06
ISIC_0026468,3,0.0002036559,0.59692,0.4017006,0.00072907784,0.00013613843,0.00026105013,4.9416136e-05
ISIC_0026984,3,0.55167645,0.3956638,3.8491264e-05,0.0021812306,0.05042137,3.013874e-06,1.5647684e-05
ISIC_0026857,3,0.0038804193,0.9842407,0.00012256237,0.009691976,7.623653e-07,0.0020605195,2.94758e-06
ISIC_0030825,3,0.0013187354,0.025062246,0.032188646,0.907443,0.033516925,3.716106e-05,0.0004333009
ISIC_0033866,3,6.1187166e-05,0.0001324267,0.004238552,0.000550317,0.99487215,5.7013836e-05,8.8228575e-05
ISIC_0028820,3,1.7829169e-06,2.9106513e-05,0.00016621324,0.9974179,0.0023327998,4.6235313e-05,5.9312847e-06
ISIC_0025368,3,0.0068350676,0.102445774,0.0006313352,0.85307354,0.036057826,0.00028003388,0.0006764385
ISIC_0026765,3,1.1840151e-06,5.105795e-08,0.015124979,0.98487353,2.1142748e-08,6.9297165e-08,1.6135124e-07
ISIC_0030133,3,2.5467875e-07,2.0451341e-06,1.8334773e-06,0.9976738,0.002312124,6.109956e-07,9.320281e-06
ISIC_0033811,3,0.68237555,0.1505246,2.1108948e-05,0.0036562392,0.16309923,7.0501164e-06,0.00031620558
ISIC_0026650,3,0.007717358,0.0008392966,0.013278519,0.97547805,0.0025954142,7.073685e-05,2.0579922e-05
ISIC_0033358,3,0.17580266,0.6740243,1.9745107e-06,0.0712726,0.07833174,4.8425713e-06,0.00056197884
ISIC_0033151,3,0.018699387,0.0055278996,3.2825984e-08,0.008275977,0.9674146,4.9224494e-05,3.2984848e-05
ISIC_0028619,3,1.5217066e-05,0.00042790436,3.316483e-06,1.8151028e-05,0.99953187,3.5057142e-06,7.582749e-08
ISIC_0032854,3,1.4473919e-06,1.3964492e-06,1.399593e-08,0.93705267,0.062923245,3.660143e-08,2.1162781e-05
ISIC_0032258,0,0.00040189136,0.9859994,0.0016900076,4.402652e-07,0.0019702618,4.4246644e-06,0.009933508
