image_id,label,prob_MEL,prob_NV,prob_BCC,prob_AKIEC,prob_BKL,prob_DF,prob_VASC
ISIC_0027419,4,0.0006864885,0.00018506542,1.8286416e-06,2.6482977e-07,0.99867505,0.0004403349,1.1004126e-05
ISIC_0025030,4,0.038712926,0.035909027,0.007331312,0.0012178646,0.89717543,0.017990459,0.0016630472
ISIC_0025837,4,0.03501766,0.07894086,0.0014374403,0.00059651287,0.1991479,0.6841699,0.0006897375
ISIC_0025209,4,0.0006267698,0.0012927584,9.989099e-06,5.8846535e-07,0.99767107,0.00039879556,3.4687034e-08
ISIC_0025033,4,0.5648942,0.01004194,0.010070102,0.29870358,0.115697145,0.0005471778,4.5893914e-05
ISIC_0027310,4,0.09962423,0.028870653,0.07416281,0.008223724,0.7852122,0.0039062705,9.045043e-08
ISIC_0024981,4,0.92567813,0.07392223,1.6070968e-05,2.409681e-06,0.00038067324,5.7530638e-08,3.7363907e-07
ISIC_0028052,4,0.83256876,0.16455896,8.128658e-07,1.7722698e-06,0.0027902762,7.5567106e-05,3.8169187e-06
ISIC_0031967,4,0.080540515,0.0049545276,0.032516986,0.00015530597,0.87590957,0.0058620754,6.1127874e-05
ISIC_0031584,4,0.06679241,0.025002137,0.082951054,7.072011e-05,0.33814377,0.48316053,0.0038793003
ISIC_0025140,4,0.9554893,0.041839857,6.4518986e-06,3.1936271e-09,0.0026478719,1.5431411e-06,1.4983383e-05
ISIC_0025554,4,0.9073808,0.066124,0.014212869,3.690285e-06,0.010829664,0.00031844756,0.0011304481
ISIC_0033539,4,0.019078163,0.2600302,0.0001745539,0.0029138508,0.71737355,0.00014611588,0.00028355507
ISIC_0029308,4,7.6683776e-08,5.8047693e-08,1.3783479e-09,8.192249e-09,0.99999976,9.767185e-10,4.419924e-10
ISIC_0024635,4,0.89766407,0.10189192,4.092094e-06,2.8058435e-06,0.00042797983,7.157371e-06,2.0108703e-06
ISIC_0029425,4,0.9074207,0.00427367,8.895653e-06,3.4247145e-07,0.08814352,0.00015091395,1.894178e-06
ISIC_0032382,4,0.03680311,0.0054854085,1.1023648e-05,0.00013874364,0.9575125,3.5517148e-06,4.5671793e-05
ISIC_0027533,4,0.6363957,0.0031495532,0.002715129,8.8441455e-05,0.35475335,2.3836676e-05,0.0028739802
ISIC_0029418,4,0.022211552,0.9774271,0.00015455107,3.1691306e-07,0.00019883605,3.284915e-06,4.298399e-06
ISIC_0027455,4,0.62528217,0.37254733,3.7096252e-06,9.84436e-07,0.0021636412,1.007613e-06,1.1854412e-06
ISIC_0029683,4,0.6087949,0.25080386,2.6930607e-07,4.5484207e-06,0.1403119,3.9002312e-05,4.5460987e-05
ISIC_0032978,4,0.99734616,9.750903e-05,4.984065e-07,2.1808505e-06,0.002553448,9.484165e-08,5.6069346e-08
ISIC_0033973,4,7.3141826e-05,0.9983175,5.5969882e-05,1.1627671e-06,0.0015506366,9.2988375e-07,6.559818e-07
ISIC_0033761,4,0.008608209,0.9833664,0.0005548289,0.00440267,0.003058772,4.220097e-06,4.941308e-06
ISIC_0033505,4,4.827757e-06,0.99527174,3.2220364e-06,2.3930475e-09,0.0047168066,2.8457184e-06,6.0106964e-07
ISIC_0033778,4,0.009447173,0.99045384,2.2361611e-10,1.6130484e-09,9.061703e-05,1.7666557e-07,8.226265e-06
ISIC_0032863,4,0.086718224,0.91229004,2.3360468e-05,6.6140096e-06,0.00095636665,4.395799e-08,5.431018e-06
ISIC_0034168,4,0.018066086,0.97970736,1.4543879e-07,1.5458298e-08,0.0022036543,4.3966423e-08,2.2757955e-05
ISIC_0033582,4,0.73283845,0.1326325,2.6093437e-06,5.126053e-05,0.13442104,5.1612096e-05,2.5555967e-06
ISIC_0033576,4,0.7504867,0.24847418,1.4920874e-05,0.00021092706,0.00074560667,6.218555e-05,5.5950077e-06
ISIC_0032997,4,0.020699488,0.092329,5.0698713e-06,1.5678081e-07,0.8869272,2.4913383e-05,1.4156027e-05
ISIC_0033529,4,0.002722058,0.8091166,6.861305e-05,7.875649e-06,0.18801728,2.9276534e-06,6.4649306e-05
ISIC_0033449,4,0.005735804,0.0021325073,7.0475994e-09,1.0403015e-07,0.99213046,1.1015941e-06,1.0190672e-08
ISIC_0033676,4,0.0003194928,0.000119853226,5.9250305e-10,6.920809e-08,0.9995584,2.172094e-06,3.2533949e-09
ISIC_0029472,4,0.8501664,0.13042213,1.7711839e-06,2.819096e-05,0.019376334,2.415115e-06,2.7040833e-06
ISIC_0029682,4,0.21725145,0.74492973,1.0385341e-07,4.032858e-06,0.037805766,6.522377e-06,2.5122533e-06
ISIC_0033642,4,0.6002432,0.085742585,6.876727e-06,1.5482541e-07,0.31391105,7.018798e-05,2.5947078e-05
ISIC_0033486,4,0.018327262,0.6596781,0.00037684068,1.4155784e-05,0.32103786,0.000480892,8.4918756e-05
ISIC_0029600,4,0.026959551,0.9708153,7.558261e-06,1.4910284e-05,0.0009066169,0.00015287304,0.001143167
ISIC_0031876,4,0.031298704,0.31076637,0.65541255,9.6093936e-05,0.0023727692,3.381031e-05,1.976855e-05
ISIC_0030542,4,0.0008222934,0.084366694,0.9119484,4.4254116e-06,0.0028571412,5.5078584e-07,7.004904e-07
ISIC_0026298,4,0.0060517974,0.00051242433,5.47859e-06,2.9681817e-07,0.9933611,8.961308e-06,6.004166e-05
ISIC_0027680,4,0.86087376,0.07092337,0.005903492,0.046821315,0.013403338,0.0014411835,0.0006335565
ISIC_0032280,4,0.0022768755,0.0042103603,0.012744677,1.0058247e-06,0.9805023,0.0002643216,4.6726555e-07
ISIC_0025982,4,0.14715718,0.2128953,8.315111e-05,7.754248e-05,0.6319467,0.007839662,4.6308685e-07
ISIC_0025326,4,0.15166865,1.5284599e-05,0.81768847,0.0016438487,0.02739763,0.0015622966,2.3902532e-05
ISIC_0025838,4,0.7605106,0.096699536,1.420207e-06,1.0061938e-07,0.12577237,0.017002039,1.3909067e-05
ISIC_0027780,4,0.22753787,0.7286401,1.1967536e-06,1.8430424e-05,0.042518,0.0010331427,0.0002512752
ISIC_0024592,4,0.00021239377,0.0002731047,1.3883654e-05,3.2448995e-08,0.99946874,1.5943544e-05,1.5852862e-05
ISIC_0030118,4,0.0003140559,0.0012594319,2.9448765e-08,1.9349675e-10,0.9984262,3.0809946e-07,3.1129006e-09
ISIC_0024626,4,0.513377,0.0109946355,4.4924867e-08,4.5694517e-08,0.4756187,9.556681e-06,2.2989447e-08
ISIC_0031321,4,0.00031018475,0.00039382762,3.2587892e-09,1.5233176e-08,0.9992926,3.2908686e-06,2.4455247e-09
ISIC_0024971,4,0.011846938,0.021488937,2.7749385e-05,7.7520474e-07,0.96661466,4.3548252e-07,2.040073e-05
ISIC_0031424,4,0.14309153,0.0003356549,3.903735e-08,2.2915195e-08,0.8565725,1.6731995e-07,4.3576065e-08
ISIC_0029770,4,0.8602512,0.010751115,2.7830552e-07,9.619381e-07,0.12899381,9.985408e-07,1.7047856e-06
ISIC_0027584,4,0.27340028,0.00021152165,3.5791836e-05,7.303644e-05,0.72606707,0.00016892064,4.3434608e-05
ISIC_0027454,4,0.34706828,0.0012545171,5.8927173e-05,2.850491e-07,0.651565,2.8412474e-05,2.4532941e-05
ISIC_0026775,4,0.004045512,0.0005334617,7.815319e-05,0.00046734058,0.9948586,1.5898604e-05,9.685843e-07
ISIC_0027394,4,0.45796555,0.38065147,0.00036343286,7.608437e-07,0.16073291,0.00010205566,0.00018388465
ISIC_0025583,4,0.0035268557,0.00034374255,7.561503e-06,0.0009568112,0.9951631,1.8195248e-06,1.4295122e-07
ISIC_0030744,4,0.015953721,0.0002615958,0.00014140042,0.16274528,0.8207945,8.213504e-05,2.1302652e-05
ISIC_0027344,4,0.14038868,9.853867e-05,2.3050351e-08,6.531936e-07,0.8578417,0.0016700791,3.5194228e-07
ISIC_0028200,4,0.00028260943,2.1196624e-06,6.4951267e-09,1.3073353e-06,0.9997112,2.7961544e-06,6.417604e-10
ISIC_0027287,4,0.13181323,0.046244774,0.79909945,5.896492e-06,0.022801269,3.4018605e-05,1.313584e-06
ISIC_0024494,4,0.029438585,0.5788192,0.031835664,0.00019325002,0.35951874,0.0001091723,8.540387e-05
ISIC_0026644,4,0.005035817,0.44434556,0.006139807,2.1119254e-06,0.54020536,2.021825e-05,0.004251099
ISIC_0026861,4,0.57005525,0.0022308677,0.002342049,4.101693e-06,0.42517236,0.00019415878,1.2213222e-06
ISIC_0030723,4,1.9125453e-06,4.301714e-07,0.00010502895,4.260316e-09,0.9998926,5.725115e-08,1.2687522e-09
ISIC_0029217,4,0.0025299904,0.15647353,2.7964088e-05,0.2453399,0.5814848,0.013924251,0.0002195501
ISIC_0030561,4,0.001170708,0.123379424,1.0773317e-06,2.6982965e-05,0.87495214,0.00046842254,1.1945168e-06
ISIC_0025275,4,0.71187085,0.036300052,0.0017244979,2.7851843e-06,0.00076970377,2.9002986e-06,0.24932921
ISIC_0026606,4,0.8756971,0.08622263,0.00010496844,2.1073866e-07,0.0010672275,7.4563434e-07,0.036907114
ISIC_0025986,4,0.13020262,0.86553353,5.7153102e-08,8.538842e-10,4.527513e-06,4.8344566e-07,0.0042587593
ISIC_0029108,4,1.5110969e-06,0.00036479707,4.5269594e-06,1.6641108e-05,0.99949837,6.445976e-05,4.9645223e-05
ISIC_0026481,4,0.065998286,0.86691886,5.5639293e-06,6.2939e-05,0.0668519,3.9636267e-05,0.00012276781
ISIC_0026018,4,0.8989741,0.041641403,2.8134332e-07,3.288931e-08,0.05935249,3.1631498e-05,3.3876162e-08
ISIC_0024726,4,0.2584106,0.003688739,2.055854e-06,3.3212614e-06,0.73781645,7.255274e-05,6.217788e-06
ISIC_0027806,4,0.3527732,0.017395943,0.000957099,4.5343555e-07,0.6257352,0.0031071776,3.0942952e-05
ISIC_0031168,4,0.00089480175,0.000924359,0.0003432899,0.013288884,0.9845153,1.2087515e-05,2.1191947e-05
ISIC_0025575,4,0.17297268,0.00049401395,0.00064050156,0.0021343783,0.8235427,0.00021292732,2.7082922e-06
ISIC_0029249,4,0.69985557,0.018806152,0.0001594439,0.0097669,0.2634241,0.007968581,1.924452e-05
ISIC_0030822,4,0.017507825,0.0018156051,4.5270785e-06,0.97390634,0.0066314293,0.00013354063,6.446667e-07
ISIC_0031078,4,0.6189877,0.00027444263,5.3979113e-07,9.0657775e-09,0.38073096,6.0406005e-06,3.1007534e-07
ISIC_0031464,4,0.99944,0.0005120251,1.270509e-06,2.0097222e-08,4.663171e-05,3.363912e-08,7.8750767e-10
ISIC_0027451,4,0.5288885,6.623803e-05,4.2984616e-06,0.0004327092,0.47058833,1.9581586e-05,3.7245925e-07
ISIC_0029311,4,0.0022006636,0.0008010089,0.000105577754,5.945396e-05,0.9967753,3.3009634e-05,2.4997571e-05
ISIC_0024772,4,0.64806724,0.13981074,2.7866042e-06,6.5202316e-06,0.2120763,2.2300903e-05,1.4113457e-05
ISIC_0025222,4,0.14159971,0.012302614,1.655304e-05,0.011074576,0.8341809,0.00075676397,6.890158e-05
ISIC_0025973,4,0.0022564442,0.041923195,2.954971e-05,1.2487344e-06,0.95578414,3.039247e-07,5.0912886e-06
ISIC_0025627,4,0.030247664,0.00010209048,0.002547144,2.1742682e-05,0.9648098,0.0022665064,5.1901875e-06
ISIC_0031580,4,0.028948024,0.010732034,0.0019366617,6.481255e-07,0.9582139,0.00016089325,7.844298e-06
ISIC_0028389,4,6.215846e-05,0.0013381897,0.0012545289,3.1822731e-09,0.9937709,0.0035269868,4.7216556e-05
ISIC_0026514,4,0.21414,0.002538017,2.0854042e-08,1.897592e-07,0.7822372,0.0010844932,1.851493e-07
ISIC_0029810,4,0.04758141,0.15641706,0.04456897,0.0002579985,0.75116444,8.963254e-06,1.2282184e-06
ISIC_0031937,4,4.2440588e-05,0.0009245011,0.00015164478,7.657457e-06,0.9988385,7.8893004e-07,3.461192e-05
ISIC_0025719,4,0.9995621,9.164111e-05,4.4909226e-05,0.00020569266,9.537932e-05,7.5314475e-08,2.823939e-07
ISIC_0025883,4,0.002916642,0.0009871564,2.174987e-05,0.0010309455,0.97977567,0.0001664294,0.01510147
ISIC_0026316,4,0.08911942,0.02602254,1.4154871e-05,3.0387564e-06,0.8824753,0.0012155757,0.001150032
ISIC_0028104,4,0.9978326,0.0003269515,0.0012362471,3.4830682e-05,0.00039249932,0.00017680871,1.12792e-08
ISIC_0031150,4,0.0040609576,0.00014254532,5.8197184e-08,1.3226449e-07,0.9957924,1.5962447e-06,2.3523144e-06
ISIC_0032024,4,0.010916422,0.006257461,6.1608676e-05,0.9285536,0.0055134073,0.048662286,3.5247547e-05
ISIC_0031961,4,0.010696182,0.00014092498,0.008968261,0.013340316,0.9653257,0.0013657323,0.00016288123
ISIC_0026072,4,0.04405673,0.090917066,0.0037120418,6.575074e-05,0.86100394,0.00022676578,1.76864e-05
ISIC_0025939,4,0.28351164,0.0033609318,0.08933297,0.08669023,0.5333951,0.0036785153,3.0583775e-05
ISIC_0031630,4,0.00074474583,0.00046763144,0.00010304324,0.00976197,0.98891616,2.8962456e-06,3.6965234e-06
ISIC_0032445,4,0.03642485,4.782926e-05,3.0329586e-05,4.5986337e-07,0.96246886,0.0010202331,7.4132454e-06
ISIC_0032358,4,0.017013876,0.04434345,6.493216e-08,6.1720414e-07,0.93798983,8.2501265e-06,0.0006438531
ISIC_0031200,4,0.007123802,0.4127217,7.900014e-08,5.3608246e-06,0.579955,6.42911e-05,0.00012981921
ISIC_0029032,4,0.30867538,0.0026483627,6.739861e-06,1.3990289e-08,0.688668,1.3127792e-06,1.7672275e-07
ISIC_0030608,4,0.11183305,0.113202676,0.0009303655,0.00495726,0.74906313,0.01990121,0.00011234006
ISIC_0029040,4,0.0012051262,0.011129208,0.31164435,0.0018060962,0.67397916,5.250544e-06,0.00023085975
ISIC_0029588,4,0.0002649933,0.0037592845,0.007107947,0.00015077942,0.98870647,2.6038755e-08,1.0498165e-05
ISIC_0031181,4,0.008948324,0.19140008,0.00013732599,0.10272716,0.6966594,2.2478027e-07,0.00012754017
ISIC_0024947,4,0.0021243067,0.27926725,0.0015195105,0.26005322,0.45699582,2.9426772e-06,3.6917416e-05
ISIC_0024871,4,0.16648605,0.0025711567,3.9981765e-07,4.4102504e-07,0.8309332,3.7297239e-06,5.08458e-06
ISIC_0028830,4,0.00012284823,2.4457151e-05,2.399115e-09,1.948425e-13,0.99985266,3.4729883e-08,9.1245983e-10
ISIC_0028611,4,0.00018637307,0.0011812552,0.018678376,0.978377,8.1625e-05,0.0014907408,4.6249484e-06
ISIC_0025066,4,0.99855,0.0013143993,2.4025985e-06,4.50338e-07,0.0001318067,1.0367019e-06,4.3875583e-09
ISIC_0028121,4,0.019626185,3.2602238e-06,5.1211923e-06,0.00076007453,0.97956926,2.0924126e-05,1.52263865e-05
ISIC_0029612,4,0.12511238,0.016785035,0.0007075945,1.23573645e-05,0.85711545,5.6432935e-05,0.00021070676
ISIC_0028913,4,0.00011877327,2.2933775e-05,2.981077e-08,2.668657e-06,0.9998547,7.669624e-07,2.1099251e-07
ISIC_0029443,4,0.0006475432,0.00090365956,8.1785416e-05,0.0022335937,0.9958664,9.543837e-05,0.00017154268
ISIC_0029115,4,0.0024242303,4.341641e-06,0.00029660098,2.7143906e-05,0.9971226,0.00012000622,5.058655e-06
ISIC_0025434,4,5.694644e-06,9.814319e-06,5.892222e-08,2.850778e-07,0.99998236,1.5537692e-06,1.6428727e-07
ISIC_0028165,4,4.9071044e-05,0.00045518603,3.5497064e-07,0.0013264683,0.99808854,7.843565e-05,2.0495133e-06
ISIC_0025623,4,0.0076468103,0.3404116,0.00011809041,0.00014131375,0.6513555,0.000300452,2.624691e-05
ISIC_0031465,4,4.808483e-05,0.0035330697,3.9390245e-05,5.4192793e-07,0.99636567,1.2621736e-05,5.927443e-07
ISIC_0027770,4,0.0010383283,8.637943e-06,1.6676688e-07,1.0195792e-05,0.9989416,2.319048e-07,9.366296e-07
ISIC_0027354,4,0.0136444215,0.0018290129,0.0008397471,0.008128823,0.8167221,0.15883139,4.562265e-06
ISIC_0031000,4,0.6304842,0.0016568945,1.5108714e-06,3.542655e-06,0.36783952,1.4295688e-05,8.292067e-08
ISIC_0027392,4,0.005422029,0.0037093505,0.00038784783,7.656163e-07,0.9904751,2.2113795e-06,2.629301e-06
ISIC_0031037,4,0.9072112,6.442213e-05,4.2535783e-05,0.06451474,0.027736923,0.00043021445,9.90782e-09
ISIC_0031825,4,0.00055927795,0.043784853,0.0016321584,0.051237468,0.9025063,0.00027303954,7.0901474e-06
ISIC_0030677,4,0.12305063,0.0010155191,1.3858972e-05,0.0712508,0.80446804,3.5327306e-05,0.00016583673
ISIC_0026912,4,0.0012391553,2.9189969e-06,3.3890385e-06,6.255698e-08,0.9987293,2.5118432e-05,8.308773e-08
ISIC_0027737,4,2.9582836e-06,0.009992629,4.3527743e-07,1.1587886e-08,0.99000084,7.159135e-07,2.439589e-06
ISIC_0024774,4,0.00015801564,0.009009008,9.188793e-06,2.6188907e-06,0.9907567,4.3163862e-05,2.1238247e-05
ISIC_0026069,4,0.36722255,0.26926994,4.3506125e-06,1.15398386e-07,0.36296108,0.00048314082,5.877507e-05
ISIC_0026524,4,0.034792863,0.920508,2.2475e-05,1.8178329e-05,0.044632964,1.6024764e-05,9.401831e-06
ISIC_0031528,4,0.0006219538,0.00040838993,4.3442863e-09,1.350568e-08,0.9989532,1.560344e-05,7.220795e-07
ISIC_0028615,4,4.7120717e-05,0.9915485,0.0039546983,4.1118153e-07,0.0041561844,0.000287937,5.195609e-06
ISIC_0028490,4,2.6785281e-05,1.2780144e-05,4.8268917e-06,0.025128044,0.9747751,4.917667e-05,3.2997884e-06
ISIC_0032111,4,3.0178002e-05,0.9971215,3.3827388e-09,3.3740656e-07,0.0028468794,1.8146619e-07,8.647795e-07
ISIC_0031132,4,0.0036150434,0.010829912,0.0001128254,0.00013302882,0.9851832,3.136495e-05,9.474042e-05
ISIC_0025103,4,0.00021098494,1.3766943e-06,1.4113094e-06,7.1217295e-07,0.9997849,6.2493547e-07,8.474743e-09
ISIC_0025710,4,9.156315e-05,1.2871471e-06,2.3871854e-07,1.621089e-08,0.9998754,3.1519114e-05,4.0711054e-08
ISIC_0024435,4,0.0003561049,0.00033269523,3.5289315e-07,1.0834091e-07,0.9993098,2.8417458e-07,7.4807934e-07
ISIC_0026590,4,0.00017514439,0.0014074938,2.1876944e-07,2.5455884e-06,0.9983797,2.1382237e-05,1.34383745e-05
ISIC_0030998,4,3.6644306e-05,7.1046394e-05,7.099495e-06,5.7181205e-07,0.9998846,6.512234e-08,5.4230966e-08
ISIC_0028992,4,0.5538745,0.019603692,0.0028088016,1.7394714e-06,0.42070937,0.0029572612,4.462925e-05
ISIC_0026351,4,0.79200095,0.00026820015,0.00023688837,4.4323115e-05,0.20694183,0.0003209164,0.00018691346
ISIC_0029924,4,8.563858e-05,0.00020395502,0.0004017091,2.3745963e-05,0.9990982,0.00016780577,1.8960136e-05
ISIC_0029061,4,3.407678e-05,2.428853e-06,8.700034e-07,8.1047425e-08,0.99996233,1.3664702e-07,4.0934406e-08
ISIC_0031893,4,0.00028581318,1.1720294e-05,5.1986603e-07,1.2730833e-06,0.99968565,1.5121663e-05,1.1961062e-08
ISIC_0024602,4,0.00019337391,0.35512272,0.00063452835,0.0012326053,0.64252895,3.372464e-05,0.00025402015
ISIC_0024770,4,3.377682e-05,0.00021400217,4.141749e-06,1.5664903e-06,0.9997249,1.1628679e-05,9.997796e-06
ISIC_0028209,4,0.0017496425,0.37667206,0.00026750745,0.011504463,0.60968083,2.6257077e-05,9.920351e-05
ISIC_0029518,4,0.0001457551,0.0009032909,2.378681e-07,1.1505864e-05,0.9989336,3.6932e-07,5.2945625e-06
ISIC_0028449,4,0.00025037152,1.7957437e-06,1.3361993e-07,0.00021874771,0.99952877,1.7687894e-07,1.10384e-07
ISIC_0028123,4,0.005247144,0.07546423,0.025894776,0.0051976684,0.88641924,1.2339933e-06,0.0017756674
ISIC_0024498,4,8.195166e-05,1.0997071e-06,5.81616e-07,2.325955e-07,0.999915,8.321459e-07,3.0673954e-07
ISIC_0025005,4,0.00019975047,4.8892038e-05,1.8611716e-07,7.978134e-06,0.99973077,1.0960136e-05,1.5390159e-06
ISIC_0032179,4,0.0052096266,0.8798581,1.6595938e-07,5.6010225e-07,0.11491994,1.1564803e-05,1.2559185e-07
ISIC_0032835,4,0.9986702,0.0001309691,8.399325e-06,1.0593902e-05,0.0005929176,0.00057771034,9.243516e-06
ISIC_0033480,4,0.16769843,0.0001107695,1.3735689e-07,5.138708e-07,0.8319808,0.0002089203,3.4335213e-07
ISIC_0032636,4,0.021347133,0.9711702,7.481618e-05,0.00013132827,0.007213731,3.8183364e-07,6.250774e-05
ISIC_0033270,4,0.10750557,0.8920037,1.3722927e-06,5.4610343e-09,0.00046824242,2.494342e-07,2.0892812e-05
ISIC_0033246,4,0.0007056901,0.0010240023,2.184965e-08,2.961417e-07,0.9982382,3.082251e-05,9.553282e-07
ISIC_0032843,4,0.033015616,0.0013712359,9.7752036e-08,1.70132e-06,0.9649604,0.00062528264,2.5644362e-05
ISIC_0032773,4,1.3716375e-06,6.363505e-07,2.6255016e-09,2.1145654e-08,0.99999785,2.8391783e-10,1.467213e-09
ISIC_0033156,4,6.163563e-06,9.2415234e-05,3.8904125e-07,4.7005692e-08,0.99990094,1.96879e-09,1.3942695e-08
ISIC_0033701,4,0.008916743,0.91727346,2.6754222e-07,1.9207162e-08,0.07380491,4.3563375e-08,4.656277e-06
ISIC_0033884,4,0.004784451,0.26179206,1.4117744e-07,2.4745933e-07,0.73342246,4.5453535e-07,1.75008e-07
ISIC_0033660,4,3.031887e-07,0.0011937143,1.6560922e-06,7.50882e-10,0.98244494,0.01574734,0.00061208324
ISIC_0034221,4,0.00037200583,0.25426874,7.400971e-07,1.1399873e-07,0.6728715,0.070688725,0.0017981541
ISIC_0033945,4,7.6050375e-05,0.017724628,3.1880832e-06,4.6796913e-09,0.8375089,0.14464861,3.8663446e-05
ISIC_0033491,4,5.0526964e-05,0.0027139364,2.6734944e-07,9.15591e-09,0.9965071,0.0007224107,5.804184e-06
ISIC_0034280,4,2.8554516e-05,0.0015840869,8.447781e-07,3.264382e-09,0.9973105,0.000979579,9.640064e-05
ISIC_0033391,4,0.018585209,5.433918e-07,2.6536201e-05,2.8444451e-06,0.98138326,3.8305606e-07,1.1424931e-06
ISIC_0033685,4,0.05484887,0.0011383932,4.3969104e-09,2.0524126e-08,0.94400334,6.7071264e-06,2.6798343e-06
ISIC_0026790,4,0.0001838326,0.0001938804,1.8044276e-06,1.05564915e-07,0.9995254,9.498108e-05,1.5900085e-08
ISIC_0026511,4,8.3933706e-08,0.008045616,1.013854e-07,8.98397e-10,0.991954,4.9138748e-08,1.3604155e-07
ISIC_0027370,4,1.3482546e-09,3.0635026e-06,1.883239e-10,1.6261084e-11,0.9999969,1.5221627e-08,4.871975e-10
ISIC_0028587,4,5.0464458e-08,3.9941446e-07,3.8289774e-11,2.7902533e-11,0.99999964,4.952743e-10,6.029632e-11
ISIC_0026441,4,1.2655848e-05,0.012598181,5.719521e-08,1.7178358e-08,0.98718566,0.00014211783,6.130767e-05
ISIC_0028448,4,5.630834e-05,0.021097463,7.04727e-08,1.4464963e-08,0.9788438,2.897695e-07,2.0108812e-06
ISIC_0026959,4,7.283632e-05,0.83826673,1.8342394e-07,1.1659876e-06,0.15633114,0.0053188815,9.002037e-06
ISIC_0027167,4,3.3170431e-06,0.0005428575,5.460353e-10,4.4780743e-10,0.99945384,5.136481e-09,1.7766919e-09
ISIC_0025856,4,8.2243323e-10,0.0234489,3.8750939e-10,9.642303e-11,0.97655076,3.0000103e-07,5.728386e-09
ISIC_0030160,4,0.0006829644,0.008742086,9.152876e-05,2.2832285e-06,0.00058969454,0.98989046,1.0488772e-06
ISIC_0028331,4,0.00273018,0.20918243,5.0779636e-10,3.8980357e-08,0.7880737,4.596365e-06,9.057614e-06
ISIC_0026783,4,1.1655529e-05,0.004659125,7.4735574e-08,1.8174434e-08,0.99531496,1.4099034e-05,4.918412e-10
ISIC_0028386,4,5.446883e-05,0.91221184,4.8213606e-09,1.2834678e-06,0.087695345,3.6346886e-05,6.8798073e-07
ISIC_0027275,4,2.3876653e-06,0.36088467,1.398199e-09,6.3013594e-10,0.63910323,1.9117441e-07,9.48414e-06
ISIC_0028958,4,0.00027374344,0.1714419,8.832434e-06,6.5175274e-09,0.689838,0.13843034,7.1809927e-06
ISIC_0025454,4,1.04176394e-07,1.0659024e-05,1.944989e-09,6.1124126e-13,0.999972,1.3004985e-05,4.149407e-06
ISIC_0027612,4,0.6113949,0.00040888213,0.0053979903,5.3134e-05,0.35637248,0.02632019,5.2448653e-05
ISIC_0027428,4,1.4442212e-06,0.00011954224,3.337512e-11,5.5048045e-13,0.9998784,6.6041105e-07,1.1987283e-08
ISIC_0028925,4,4.7263086e-07,0.006025536,2.640014e-09,1.085599e-08,0.9484997,0.04541177,6.251033e-05
ISIC_0027027,4,0.0033413914,0.002517712,1.0981019e-09,6.3430745e-09,0.99414057,5.31395e-08,1.8265389e-07
ISIC_0029036,4,1.8531975e-05,2.5049647e-05,2.7244211e-09,4.929685e-10,0.9999565,1.8691935e-09,6.1627464e-10
ISIC_0028797,4,1.8416201e-06,0.12364285,1.054602e-07,1.2445068e-09,0.81352913,0.062825546,5.3894655e-07
ISIC_0027008,5,0.040670205,0.00025223207,0.89966494,3.3951862e-06,6.6071624e-07,0.05924337,0.00016530571
ISIC_0028790,5,0.14456724,9.207074e-06,0.73253065,2.354142e-05,1.3539047e-07,0.12279021,7.891139e-05
ISIC_0027613,5,0.81087184,0.00059651135,0.00095565594,9.4460775e-06,0.005538783,0.1735526,0.008475092
ISIC_0032468,5,0.15211056,7.8025477e-07,1.7899421e-05,7.20953e-08,4.0974678e-07,0.8478226,4.7555448e-05
ISIC_0029760,5,0.44613406,0.15220797,0.35233796,4.0779366e-07,0.012150061,0.036330383,0.00083918206
ISIC_0030555,5,0.8378778,0.1108915,0.046417788,4.5576647e-07,0.002237382,0.002556538,1.8533998e-05
ISIC_0030579,5,0.0005415623,0.00029847643,0.04125324,0.00311589,4.4637275e-07,0.89078665,0.06400371
ISIC_0034169,5,0.12621069,0.003135081,0.86815673,0.0014278274,3.4015648e-06,0.00054984086,0.0005164666
ISIC_0032941,5,0.8313478,0.00055773795,0.16260847,0.00036134545,0.000931684,0.0041484977,4.440968e-05
ISIC_0029248,5,0.0021019601,8.524921e-05,0.002606655,2.309103e-06,0.008817166,0.98622316,0.00016351785
ISIC_0030442,5,0.041232064,0.0017945233,0.00036455414,7.061424e-08,0.050582696,0.905956,7.0130736e-05
ISIC_0031344,5,0.0005237796,0.00019029646,0.23087466,0.032382973,0.25929335,0.47646293,0.0002720526
ISIC_0028346,5,0.00035463265,0.0031079277,0.00047232953,0.0017843744,0.3040827,0.6901855,1.2595032e-05
ISIC_0024330,5,0.0009886147,8.231341e-09,0.075803205,1.8806755e-08,2.6466353e-07,0.9232074,5.2383746e-07
ISIC_0027188,5,0.22277392,0.0047981963,0.005840159,0.00036988637,0.0037385896,0.7474766,0.015002753
ISIC_0033422,5,1.923285e-06,1.8078109e-09,1.8003947e-06,1.0231738e-11,1.8068078e-09,0.9999963,8.782015e-09
ISIC_0027488,5,6.0735314e-05,3.433257e-09,1.3453467e-06,3.6127407e-08,2.2329405e-07,0.9999286,9.152624e-06
ISIC_0029052,5,1.6602057e-07,4.4234636e-07,7.579456e-06,1.4402083e-09,1.093384e-08,0.99986696,0.00012481815
ISIC_0031257,5,1.5865133e-08,9.752252e-07,5.5182755e-12,6.8017396e-14,2.0110483e-07,0.9999988,3.0053807e-10
ISIC_0024386,5,3.7489515e-11,2.8928401e-11,9.925788e-10,2.3010085e-11,1.2109505e-09,0.9999924,7.605846e-06
ISIC_0026629,5,0.034010995,0.0029244074,0.00039468656,1.0916086e-07,0.0011787638,0.9614833,7.755938e-06
ISIC_0031799,5,2.9939754e-06,3.764906e-07,1.146824e-07,2.2865303e-10,0.0025273613,0.9974692,4.451261e-08
ISIC_0024693,1,1.4787966e-07,0.9572863,2.934833e-07,1.0650601e-07,0.028257431,0.011211461,0.0032441916
ISIC_0025964,0,0.006512313,0.9897427,3.9103605e-07,5.246629e-08,0.0022036175,2.3699717e-07,0.0015407515
ISIC_0030623,0,0.8590051,0.13808082,1.49419375e-05,4.022471e-07,1.4418988e-06,2.8370245e-08,0.002897358
ISIC_0025450,0,0.005391497,0.9937959,3.445612e-06,5.781543e-09,2.8967906e-06,0.00080424757,2.0110733e-06
ISIC_0024586,0,0.54226124,0.054312386,0.026867928,4.820083e-05,0.0413091,0.3235772,0.01162387
ISIC_0029575,0,0.9995509,0.00042684237,2.040524e-05,1.1267188e-07,1.2273748e-06,4.87679e-07,3.1347945e-08
ISIC_0028361,0,0.9999862,1.2331816e-05,7.5909753e-07,3.1956688e-07,2.564361e-07,1.882087e-07,3.062888e-10
ISIC_0032214,0,0.4578243,0.45828125,0.00057667505,0.00036582496,0.08051589,0.0022284312,0.00020766797
ISIC_0029281,0,0.0010783899,0.9988784,5.2982846e-10,1.718405e-11,3.358957e-05,3.855489e-06,5.7521065e-06
ISIC_0024367,0,0.52050966,0.47707066,1.8579238e-06,7.290619e-07,0.0024158254,5.988578e-07,6.103961e-07
ISIC_0025234,0,0.9850758,0.0070378706,0.0044931467,7.419078e-06,1.2284128e-05,4.3804025e-07,0.0033730336
ISIC_0030445,0,0.38973925,0.00041255844,3.4637586e-07,9.8478085e-06,0.00021926292,0.6092749,0.00034375198
ISIC_0025155,0,0.11410053,0.7366199,1.9562014e-05,1.333118e-05,0.1490706,0.00017156872,4.492484e-06
ISIC_0031557,0,0.9963827,0.0034230622,2.3581717e-09,1.6246111e-10,0.00017205984,2.2083728e-05,7.343721e-10
ISIC_0025904,0,0.9999516,3.5032674e-05,1.129359e-07,7.1160975e-06,5.9632744e-06,1.6946446e-07,1.6474246e-08
ISIC_0032450,0,0.999979,2.0957697e-05,2.476265e-08,1.497277e-08,2.2770081e-08,6.500114e-09,1.9043487e-08
ISIC_0029163,0,0.47367087,0.000131226,3.0705976e-06,5.8882927e-07,0.5261823,1.1140695e-05,8.299834e-07
ISIC_0029630,0,0.20241798,0.0003556329,7.355768e-07,3.6551803e-08,0.7967885,0.00043350746,3.6739298e-06
ISIC_0025674,0,0.9999186,1.5862062e-06,7.6844866e-05,2.918131e-06,1.872067e-08,2.9569499e-08,2.861645e-10
ISIC_0031369,0,0.93279845,0.0023049954,0.017641408,0.00010212731,0.04714282,4.3947434e-06,5.7445327e-06
ISIC_0029547,0,0.8907735,0.06320229,0.020828864,4.8187206e-07,0.024637321,0.0005559964,1.6024901e-06
ISIC_0026622,0,0.9983296,0.0006190684,1.4259219e-09,4.133714e-09,0.0010073547,4.4085282e-05,7.2220487e-09
ISIC_0024702,0,0.999881,5.7433066e-05,2.1619218e-05,2.8573479e-07,1.8646051e-05,8.253342e-07,2.0243611e-05
ISIC_0024972,0,0.5804518,0.3989807,8.675967e-05,0.0080128545,0.0122629,1.6791433e-05,0.00018813471
ISIC_0031779,0,0.86453354,0.106238835,3.9575334e-09,2.8090033e-10,0.029224532,2.175913e-06,9.68841e-07
ISIC_0031977,0,0.0199152,0.9791814,2.5246372e-06,4.3542347e-08,0.00074643694,0.00014224292,1.2128479e-05
ISIC_0026296,0,0.004882694,0.83768994,4.4994486e-05,3.2979738e-06,0.15709008,5.415877e-05,0.00023482798
ISIC_0025018,0,0.27194247,0.6923781,2.2831669e-06,1.1954033e-05,0.035123948,0.0005047778,3.6496618e-05
ISIC_0029212,0,0.9932795,8.633334e-05,1.0167964e-06,0.0004725018,0.006152673,7.87587e-06,9.909932e-09
ISIC_0027238,0,0.7999831,0.19995639,1.3770395e-07,5.4732137e-08,1.4667754e-05,4.4972443e-05,7.109003e-07
ISIC_0029571,0,0.21405567,0.7859045,2.3318176e-08,1.5304513e-08,2.0975536e-05,5.424504e-06,1.3426532e-05
ISIC_0031545,0,0.972763,0.02688515,1.2804456e-06,6.81539e-08,0.0002618634,2.2130372e-07,8.845238e-05
ISIC_0027033,0,0.6417645,0.3555469,3.448013e-05,0.000104051294,0.0025178916,2.403392e-05,8.150922e-06
ISIC_0027822,0,0.0048802705,0.99014354,4.1887083e-06,1.0132736e-05,0.004956663,5.098608e-06,1.3914733e-07
ISIC_0027659,0,0.94454736,0.055247515,5.8213067e-07,6.391567e-08,0.00020424685,2.739804e-07,2.669071e-08
ISIC_0030223,0,0.99545103,0.004363759,1.08277206e-07,3.778321e-08,0.00015276272,3.2043317e-05,3.0780097e-07
ISIC_0030760,0,0.87713766,0.12277436,4.068821e-06,1.0550474e-06,6.157448e-05,2.099362e-05,1.7177949e-07
ISIC_0028565,0,0.039081946,0.95621204,6.401542e-06,1.0721322e-05,0.0046551945,2.4455258e-05,9.217096e-06
ISIC_0028916,0,0.9972716,0.002582087,3.8995374e-08,9.1320395e-08,0.0001460884,1.0484437e-08,1.3488481e-07
ISIC_0028489,0,0.8286127,0.16981958,4.723278e-07,5.047496e-05,0.00135731,3.953157e-06,0.00015547365
ISIC_0026236,0,0.019625664,0.9651067,1.0862773e-05,7.73733e-06,0.015147587,2.8056806e-07,0.00010120357
ISIC_0028317,0,0.73333627,0.26294112,0.00014787306,2.7198637e-06,0.0035677103,2.1168637e-07,4.0801883e-06
ISIC_0031013,0,0.99989057,0.00010879969,5.0084232e-08,1.4021596e-08,4.7924095e-07,5.285237e-09,4.2612193e-08
ISIC_0026963,0,0.29996434,0.48604652,0.00032279032,3.730475e-08,0.21366364,1.0683904e-06,1.5998447e-06
ISIC_0028211,0,0.99683386,0.0015936508,2.2244774e-06,3.267008e-08,0.0015701364,1.6694075e-08,1.6514075e-07
ISIC_0026086,0,0.9649357,0.010362669,3.5549623e-09,4.0895207e-09,0.024697194,4.291493e-06,4.041732e-08
ISIC_0033268,0,0.95528424,0.04295259,2.0738498e-06,1.4234729e-07,0.0017265271,3.0864325e-05,3.4495156e-06
ISIC_0032750,0,0.93956685,0.05562103,1.3587495e-06,1.3980556e-08,0.004082668,0.0007261278,1.8655247e-06
ISIC_0032532,0,0.953806,0.04212524,6.505489e-07,0.00079860614,0.003250569,1.7128283e-05,1.849819e-06
ISIC_0033500,0,0.10696077,0.8923775,2.9923923e-09,6.335218e-06,0.0005808788,7.451117e-05,4.7181505e-08
ISIC_0026188,0,0.84421194,0.012064164,9.735346e-06,4.081244e-05,0.12207077,0.021598231,4.4029202e-06
ISIC_0033636,0,0.9999862,1.1459381e-05,2.2940856e-09,1.0111986e-08,2.36328e-06,3.1251468e-09,1.386318e-09
ISIC_0032583,0,0.22336364,0.75015354,0.014802184,7.406323e-05,0.01063272,0.00096939,4.4661797e-06
ISIC_0034162,0,0.9711684,0.026865767,0.00030039935,1.2740942e-06,0.001628757,3.4817385e-05,5.2743775e-07
ISIC_0032187,0,0.9645608,0.035326894,4.7312292e-07,9.4302027e-07,8.914554e-05,1.7207874e-05,4.6216683e-06
ISIC_0032976,0,0.51836586,0.432911,4.151102e-06,3.5845603e-06,0.045780998,2.4043546e-05,0.0029104042
ISIC_0033274,0,0.26071104,0.739238,1.3314229e-06,1.784233e-05,8.4359435e-06,1.7691082e-06,2.1590331e-05
ISIC_0026745,0,0.9976216,0.002355029,4.71103e-08,3.5383157e-06,1.4654251e-05,4.6534925e-07,4.7054264e-06
ISIC_0032875,0,0.6163064,0.32761502,4.444014e-05,3.0158574e-06,0.055951536,7.7237135e-05,2.312307e-06
ISIC_0033802,0,0.9976241,0.0005619647,3.5353833e-06,1.5121101e-06,0.0017945342,9.2678165e-06,5.148276e-06
ISIC_0033429,0,0.9367071,0.05866774,6.968802e-08,7.84946e-08,0.0046174433,7.5170788e-06,1.09724596e-07
ISIC_0032685,0,0.98434895,0.015543457,1.5118416e-05,1.6782178e-06,8.8191955e-05,4.5596832e-07,2.1146548e-06
ISIC_0032903,0,0.93534666,0.010400668,0.0008739333,1.23261925e-05,0.053346533,1.3053509e-06,1.8550716e-05
ISIC_0033323,0,0.9971112,0.0028838268,3.1360698e-06,7.1376616e-07,9.569857e-07,1.0365689e-07,5.589908e-08
ISIC_0032602,0,0.99990237,9.7436154e-05,5.6668522e-08,5.663705e-09,7.3748554e-09,5.192069e-08,6.465284e-08
ISIC_0032724,0,0.99982303,0.00016572532,3.3415185e-07,8.3628e-07,2.5835209e-06,4.3830896e-06,3.1499958e-06
ISIC_0033129,0,0.9999043,9.469313e-05,8.718273e-09,1.527744e-10,9.7190444e-08,7.628023e-07,1.0808329e-07
ISIC_0033180,0,0.8688646,0.026345925,0.10087508,0.0005495254,0.0011352189,0.0017605803,0.00046906937
ISIC_0033962,0,0.7471434,0.22750264,0.0061635096,6.690072e-05,7.8774356e-05,0.00021986858,0.018824957
ISIC_0033603,0,0.9980406,0.0017174898,1.9934944e-06,6.3994726e-08,8.123333e-09,0.00018041165,5.9378894e-05
ISIC_0033325,0,0.9745463,3.0967836e-05,0.00097622146,0.000119938915,0.020384494,0.003941958,1.0264756e-07
ISIC_0034208,0,0.99801147,2.427866e-05,0.00013225968,9.188795e-06,4.9107424e-05,0.0017736318,2.9755244e-08
ISIC_0026976,0,0.93735677,0.06218227,1.6010563e-07,2.463774e-06,0.0003894996,4.4712022e-05,2.4093912e-05
ISIC_0033275,0,5.5900502e-05,0.9999291,3.224905e-08,4.5054316e-10,1.4924402e-05,1.64162e-07,1.432211e-09
ISIC_0033938,0,0.0053673815,0.9945186,2.6171315e-07,6.647879e-10,0.000113572154,6.42433e-08,6.6011104e-08
ISIC_0032841,0,0.006256678,0.9937382,8.6801377e-10,2.7917803e-11,4.9223518e-06,1.2766859e-08,2.3387814e-07
ISIC_0033819,0,0.959907,0.040084753,1.47118975e-08,7.7482234e-08,6.366645e-06,7.987644e-07,1.0291071e-06
ISIC_0032544,0,0.99566,0.004160521,2.1416084e-09,4.464909e-07,0.0001724196,5.5253413e-06,1.029536e-06
ISIC_0032844,0,0.23413949,0.76584655,1.7649509e-07,2.3168135e-07,8.171232e-06,2.6064504e-06,2.7009878e-06
ISIC_0032718,0,0.9987766,0.0004042631,0.0007721532,1.5424642e-06,4.4820215e-05,6.5362576e-07,3.2272396e-08
ISIC_0032736,0,0.9927977,0.00015797387,0.006987422,4.3504983e-06,5.2224535e-05,3.394933e-07,1.0493139e-07
ISIC_0033980,0,0.0011992397,0.99880004,1.5585128e-08,2.5943539e-08,7.0968383e-07,2.9732048e-08,1.77572e-08
ISIC_0032533,0,1.0721417e-05,0.99998915,3.763781e-09,5.395984e-10,1.5839001e-07,3.230862e-08,7.847805e-09
ISIC_0033986,0,0.2939778,0.7059408,1.016236e-09,4.2910786e-11,4.288618e-06,7.71491e-05,4.2046677e-09
ISIC_0033004,0,0.35873497,0.6412346,5.4925784e-09,9.76226e-10,1.5700018e-05,1.4457107e-05,2.7233756e-07
ISIC_0033911,0,0.8566453,0.14154044,1.2242091e-07,1.7243532e-05,0.00017170123,0.0015731426,5.2169427e-05
ISIC_0033779,0,0.57637155,0.4221582,1.0206597e-06,3.7571704e-06,1.06790185e-05,0.0014310876,2.3737442e-05
ISIC_0032638,0,0.78174496,0.21682774,4.4146304e-07,4.682864e-07,6.62906e-07,0.001340693,8.5144486e-05
ISIC_0034132,0,0.99276274,0.0068180487,9.2337046e-05,5.2477285e-06,0.00032018605,1.2723203e-06,2.2629891e-07
ISIC_0033038,0,0.99545103,0.0042609964,9.909545e-07,3.17711e-05,0.00025493777,2.63301e-07,3.665666e-08
ISIC_0033630,0,0.89369744,0.0015007441,2.6070245e-06,7.308575e-08,0.10479626,2.63854e-06,2.5810868e-07
ISIC_0032879,0,0.9995203,0.00013928671,4.8651157e-07,7.750388e-09,0.0003367375,3.1717066e-06,6.51361e-09
ISIC_0028082,0,0.98837423,2.4436367e-05,8.9079606e-07,1.3078823e-05,0.0018604682,0.009726064,8.4080125e-07
ISIC_0033336,0,0.3473328,0.500388,1.6401056e-07,3.303983e-05,0.0011442695,7.3856965e-05,0.15102787
ISIC_0033405,0,0.12356643,0.06305142,1.4575999e-06,6.998057e-05,0.0011169653,0.00036535185,0.81182843
ISIC_0034188,0,0.038634095,0.6166041,5.6151537e-05,5.4690227e-05,0.0006206444,0.0005831727,0.34344712
ISIC_0033569,0,0.99866927,0.0012855615,5.269544e-06,5.18486e-06,2.396317e-05,7.411247e-06,3.4379823e-06
ISIC_0032535,0,0.93457407,0.06297783,3.0156292e-05,2.1770347e-05,3.955454e-05,2.1646421e-05,0.0023350173
ISIC_0033310,0,0.9585035,2.272875e-05,0.041278735,1.4654993e-05,6.827262e-05,0.00010798409,4.077543e-06
ISIC_0033120,0,0.010400216,0.9895839,1.8028948e-07,1.0060597e-07,1.3517941e-05,5.802885e-07,1.4328814e-06
ISIC_0034211,0,0.68813366,0.31181633,2.4637275e-08,1.9871209e-06,3.329676e-05,1.4609825e-05,1.3194585e-07
ISIC_0028410,0,0.8390464,0.1609501,3.940752e-09,6.604836e-08,3.0221238e-06,5.9277564e-08,3.6656263e-07
ISIC_0033545,0,0.12692195,0.8730588,8.526915e-08,1.0623779e-08,5.755158e-06,1.3107618e-05,3.3206248e-07
ISIC_0032531,0,0.99998116,1.7384591e-05,3.309458e-09,6.1488583e-09,1.2652281e-06,1.4197565e-07,1.3288813e-09
ISIC_0032970,0,0.9995389,0.0004481013,8.027869e-10,2.9163396e-09,1.3006582e-05,1.9867775e-08,3.0162532e-08
ISIC_0033813,0,0.938632,0.05302975,9.771645e-09,1.2711685e-06,0.008180915,0.0001521208,3.90864e-06
ISIC_0033344,0,0.35883138,0.003331851,2.609916e-06,7.2612735e-08,0.6378144,1.9673937e-05,5.605207e-09
ISIC_0032988,0,0.9989366,0.00094672706,1.4520855e-07,2.0888832e-08,0.00011416658,2.3858277e-06,3.3611003e-09
ISIC_0033029,0,0.9252946,0.024096265,0.0011336377,1.1889647e-05,0.046843722,9.89877e-05,0.0025209507
ISIC_0028582,0,0.97854954,0.02018909,1.3676303e-06,9.266738e-08,0.0011496285,0.000110340065,1.8067815e-09
ISIC_0033024,0,0.024108289,0.08840359,0.8874105,5.994855e-07,7.352219e-05,2.3697858e-06,1.1320088e-06
ISIC_0034134,0,0.00037300962,0.0007035981,0.99891603,4.6881798e-08,7.164038e-06,4.2276347e-09,7.88072e-08
ISIC_0033878,0,0.8674782,0.0001664933,5.1267016e-06,4.751948e-08,0.13234964,2.2759286e-07,2.2407444e-07
ISIC_0033520,0,0.012722005,0.98721373,3.0589874e-08,3.8923956e-10,5.991066e-05,4.4077615e-06,3.2516743e-09
ISIC_0034028,0,0.0658502,0.9338894,4.481704e-09,1.647965e-10,0.00025497933,5.27925e-06,2.3183951e-07
ISIC_0034051,0,0.43929246,0.5221012,9.246498e-06,8.108249e-08,0.038586188,7.7903684e-07,1.0008504e-05
ISIC_0033377,0,0.81877697,0.14453816,5.3625945e-06,9.60693e-09,0.03667728,6.21046e-07,1.6881686e-06
ISIC_0033534,0,0.9973363,8.377958e-05,0.0025339145,3.1294125e-08,4.2364438e-05,5.250252e-07,3.0871954e-06
ISIC_0032626,0,0.9990656,0.0006273155,7.1705006e-05,4.7597876e-08,0.00023141805,7.1059546e-08,3.9770807e-06
ISIC_0032807,0,0.9514765,0.048514355,2.4653236e-06,1.6207166e-10,6.512605e-06,7.343165e-08,8.839877e-08
ISIC_0032645,0,0.2125235,0.7874585,1.5189975e-05,5.4742316e-07,1.8115732e-06,3.649373e-07,2.708516e-08
ISIC_0034275,0,0.9999851,6.436159e-06,7.755919e-06,1.499373e-07,3.0024106e-07,2.0288489e-07,1.8861341e-08
ISIC_0033440,0,0.99998724,1.152413e-05,6.242613e-07,2.4788311e-09,4.834923e-08,6.184235e-07,2.0833717e-09
ISIC_0027204,0,0.0023416996,2.3239816e-05,4.223523e-10,1.5538532e-07,0.99763465,2.126049e-08,2.5691227e-07
ISIC_0033999,0,0.9877664,0.0010237622,6.712881e-07,1.5756192e-05,0.00251522,0.0072927605,0.0013854314
ISIC_0033856,0,0.9969879,0.0017587387,2.6070247e-06,0.0009182501,8.062619e-05,9.577811e-05,0.00015614672
ISIC_0029502,0,0.00041297427,0.9974269,3.766402e-05,3.4265418e-06,0.0021151835,1.350366e-07,3.7212283e-06
ISIC_0024459,0,0.99445623,0.0038143198,2.9336142e-08,5.787095e-09,0.0017229047,6.5132463e-06,1.2845729e-07
ISIC_0025708,0,0.004219303,0.9957755,5.868839e-10,4.6019488e-07,2.1107178e-06,7.7659627e-07,1.7261812e-06
ISIC_0027838,0,0.00089132,0.99909306,1.1438778e-09,9.661341e-10,1.3209625e-06,1.0900458e-05,3.3554788e-06
ISIC_0028173,0,0.003773148,0.97468525,4.0278443e-09,1.87772e-07,0.02132693,0.00018438665,3.0022742e-05
ISIC_0032110,0,0.94784504,0.05213553,8.843838e-09,1.9263284e-09,4.6935843e-06,7.906851e-06,6.7430783e-06
ISIC_0026500,0,0.65202296,0.34794956,9.3144855e-08,5.470515e-08,1.5205937e-05,4.338803e-06,7.787659e-06
ISIC_0024552,0,0.85460824,0.14421102,3.9593723e-07,1.2264663e-07,0.00071146304,0.00046275125,5.9599365e-06
ISIC_0026167,0,0.07561664,0.87334293,9.000089e-06,0.03297547,0.01518918,0.0026845739,0.00018221149
ISIC_0028984,0,0.0073816106,0.18797286,2.152839e-06,0.00028529408,0.80411667,0.00017219328,6.9119626e-05
ISIC_0032197,0,0.7723651,0.093354605,0.0007612494,0.00050549087,0.13222007,0.000755174,3.830999e-05
ISIC_0032134,0,0.91048986,0.08883349,0.00012918955,4.539176e-07,0.00040202338,4.9736518e-05,9.524204e-05
ISIC_0028114,0,0.945525,0.054329176,1.0875459e-05,5.588629e-07,0.00012391174,7.941457e-06,2.5352808e-06
ISIC_0027673,0,0.86028105,0.13930891,0.00016711322,3.3061588e-07,0.00014720683,8.552272e-05,9.884776e-06
ISIC_0030187,0,0.031551234,0.9396963,9.949231e-07,8.416874e-06,0.02858479,6.140075e-05,9.684793e-05
ISIC_0024700,0,0.52645004,0.47221652,1.1238763e-08,9.842173e-09,0.0012998815,5.8745336e-06,2.763808e-05
ISIC_0027793,0,0.0024069047,0.99737906,4.299761e-07,9.123948e-07,0.00021142379,1.245319e-06,9.443322e-08
ISIC_0026506,0,0.105318986,0.15719272,3.1398027e-05,1.9111056e-07,1.1139941e-07,5.9354943e-07,0.737456
ISIC_0025145,0,0.95217335,0.047653906,8.657655e-09,2.567944e-10,0.00015425493,1.5729305e-05,2.75209e-06
ISIC_0031565,0,0.055624593,0.9319329,7.502909e-05,7.350485e-06,0.012321246,3.691943e-05,2.0088496e-06
ISIC_0030932,0,0.27617896,0.00524862,1.2187369e-06,5.861965e-08,0.7185709,1.3576341e-07,7.3281484e-08
ISIC_0025238,0,0.71216637,0.28715226,3.322935e-05,1.5719255e-06,0.0006447876,1.2202654e-06,5.894198e-07
ISIC_0028543,0,0.35546735,0.64306325,1.0884453e-07,3.4404246e-07,0.0014682058,4.6073808e-07,3.4645421e-07
ISIC_0027328,0,0.99185294,0.0007665128,7.55536e-07,1.9038062e-06,0.007370114,1.7796182e-06,5.9668528e-06
ISIC_0030382,0,0.99860746,0.00012716462,5.79601e-07,4.6600593e-07,0.001260345,3.5474031e-06,5.152031e-07
ISIC_0029033,0,0.03642724,0.96339446,8.2793034e-10,5.5369554e-08,5.36686e-05,0.0001246007,5.7796157e-08
ISIC_0028288,0,0.9674169,0.032577243,3.6728188e-06,4.3151015e-08,2.0291302e-06,6.0688556e-08,3.0816647e-08
ISIC_0029089,0,0.09028256,0.0070151323,0.0058074435,0.008239442,0.7724039,0.11591719,0.0003343287
ISIC_0025132,0,0.591843,0.40803495,8.738718e-07,2.9791732e-07,2.894531e-05,9.194301e-05,5.305663e-08
ISIC_0026916,0,0.99407554,0.004780266,9.609353e-07,5.243462e-07,0.0007321913,0.00040953147,8.996487e-07
ISIC_0027863,0,0.99648476,0.0021332446,2.5662377e-05,0.0002938458,0.0010590089,3.436618e-06,5.209011e-08
ISIC_0029319,0,0.9928831,0.006677978,1.9010058e-06,1.8842317e-07,0.00042369892,4.987056e-07,1.2664896e-05
ISIC_0032219,0,0.81172216,0.14179581,9.988565e-08,2.4456099e-06,0.046430044,9.46925e-06,3.9928782e-05
ISIC_0029839,0,0.868723,0.13125008,6.957966e-07,1.5207627e-06,1.6451988e-05,5.9950103e-06,2.3561179e-06
ISIC_0026868,0,0.0039158836,0.012977386,0.00025760342,0.038478307,0.9435453,0.0007936666,3.1903877e-05
ISIC_0027742,0,0.012347048,0.9875566,4.195104e-08,2.6781342e-09,2.3441764e-05,1.2115284e-05,6.0750677e-05
ISIC_0031529,0,2.4001852e-06,0.9994066,1.2031481e-08,1.2726211e-08,0.00015796273,9.902652e-07,0.00043204363
ISIC_0030843,0,0.110245205,0.8886277,4.139035e-08,3.3570625e-08,0.0011142279,1.2545618e-05,3.693412e-07
ISIC_0028898,0,0.05844693,0.94154835,1.282953e-09,1.3264869e-08,4.4942617e-06,5.167018e-09,2.8682012e-07
ISIC_0032192,0,0.99563074,0.00013932334,9.996098e-08,0.0015460482,0.0026734243,1.03222155e-05,3.6670837e-08
ISIC_0026694,0,0.21578811,0.78412825,1.7349463e-07,1.1169446e-06,8.234577e-05,2.3219325e-08,7.486828e-09
ISIC_0024313,0,0.0010759003,0.9989235,2.6658854e-11,4.7865374e-09,2.9519558e-07,1.09581066e-07,2.0984429e-07
ISIC_0030910,0,0.99943477,5.2330415e-05,2.0150662e-08,9.7952085e-05,0.0003446225,7.030259e-05,1.5256941e-09
ISIC_0029238,0,0.96211153,0.00039674612,3.987683e-05,0.003253968,0.02317285,0.011025062,2.274705e-08
ISIC_0026571,0,0.9996979,0.00023240212,5.0389484e-09,9.257855e-08,3.1969555e-06,6.636688e-05,5.414797e-08
ISIC_0027021,0,0.9801507,0.012069824,0.0011320079,0.00043084822,0.0051287133,0.0010878558,3.6090697e-08
ISIC_0031170,0,0.9444914,0.001876757,0.014977102,3.4907837e-09,0.038591523,5.9818e-05,3.3907957e-06
ISIC_0024652,0,0.99796104,0.0009861016,5.748046e-06,3.065551e-08,0.0010470806,7.865186e-08,1.0042104e-08
ISIC_0032504,0,0.9974905,0.0023974704,5.1813207e-09,3.1726321e-07,3.0252892e-05,8.068099e-05,7.899118e-07
ISIC_0027956,0,0.004854489,0.9949714,1.0770332e-09,6.8969115e-08,0.00014610201,2.7041855e-05,8.485471e-07
ISIC_0029170,0,0.00023128597,0.9997646,3.9029806e-09,6.181472e-09,2.5141412e-06,3.542933e-07,1.2400417e-06
ISIC_0030950,0,0.99790084,0.0002601034,0.0017897553,3.7412267e-06,2.4870647e-05,8.106166e-06,1.2547258e-05
ISIC_0028227,0,0.9432691,0.000119317505,2.5230909e-08,5.685572e-07,0.056610987,2.6629841e-08,4.8813302e-08
ISIC_0027163,0,0.94157845,0.057199664,1.2179056e-07,2.8404133e-07,0.0012135232,4.77836e-06,3.2928215e-06
ISIC_0029642,0,0.7961288,0.20219667,1.0421779e-06,3.3209094e-06,0.001664636,9.512369e-07,4.5150587e-06
ISIC_0028567,0,1.42011795e-05,0.9999764,1.3360087e-09,2.1028123e-08,2.3179762e-06,3.2483875e-08,7.0418973e-06
ISIC_0030695,0,0.9171477,0.04086754,5.1145257e-06,1.5565597e-06,0.041975368,2.3189332e-06,3.3688627e-07
ISIC_0031203,0,0.95580685,0.006071145,9.1630295e-07,1.3712892e-07,0.03812061,3.673759e-07,1.7441401e-08
ISIC_0026690,0,0.72232825,0.14164966,1.6237415e-08,2.2264713e-07,0.13602142,1.7098158e-07,2.9032262e-07
ISIC_0031350,0,0.55713737,0.22827363,7.811999e-05,0.000413052,0.2139942,9.6382006e-05,7.247328e-06
ISIC_0025832,0,0.99427325,0.00570164,4.817811e-06,5.71604e-08,1.8783723e-05,1.1748014e-06,3.2138914e-07
ISIC_0026105,0,0.9603445,0.03957828,3.2833535e-07,3.8824479e-07,7.5753975e-05,6.727296e-07,6.341222e-08
ISIC_0026930,0,0.040512584,0.9341785,4.156196e-06,0.0016139969,0.016059125,0.0075746067,5.7061083e-05
ISIC_0030246,0,0.517996,0.47465494,1.3998353e-08,2.5260424e-05,0.007321123,2.085122e-06,4.6519955e-07
ISIC_0027350,0,0.19335082,0.7947519,2.8409127e-05,9.480132e-06,0.011753296,9.270763e-05,1.3302906e-05
ISIC_0026738,0,0.1849768,0.00029357604,4.775427e-07,1.5116806e-08,0.81472266,5.8364612e-06,5.946443e-07
ISIC_0032207,0,0.0014652438,0.009258444,2.4642534e-06,6.973809e-08,0.9892457,8.461745e-06,1.9627762e-05
ISIC_0026558,0,0.14539774,0.85062563,0.0004360624,8.3370214e-05,0.0034522857,2.659844e-06,2.283186e-06
ISIC_0030083,0,0.99919575,0.00079584954,1.992655e-09,4.7538334e-10,8.653652e-07,7.4079667e-06,8.110293e-08
ISIC_0030002,0,0.9994659,5.992418e-05,1.0177175e-08,2.186068e-07,0.00044519667,2.8557584e-05,2.2170235e-07
ISIC_0024630,0,0.9887052,0.011248521,7.6769015e-07,2.8471675e-08,4.3080236e-05,4.2520793e-07,1.9254926e-06
ISIC_0024333,0,0.99959296,0.00037943647,4.521573e-09,6.912572e-10,2.592844e-05,1.1710364e-06,4.7319568e-07
ISIC_0024932,0,0.96828115,0.03161977,6.005128e-07,4.7535355e-08,9.8290475e-05,3.2834148e-08,8.8213824e-08
ISIC_0029480,0,0.62283915,0.29486227,0.0008373558,0.00027733253,0.08118061,5.5507445e-07,2.7561366e-06
ISIC_0024918,0,0.7033986,0.29655805,8.99674e-09,3.1223475e-09,4.2435473e-05,7.7956815e-07,1.6564772e-07
ISIC_0032287,0,3.378837e-05,0.9674989,8.8090496e-07,5.8047067e-07,0.032380015,2.1824678e-06,8.36192e-05
ISIC_0025791,0,0.0004863821,0.99933475,9.037974e-08,2.6643647e-07,0.0001768835,1.3629084e-06,2.8985605e-07
ISIC_0026516,0,0.006451565,0.99350774,5.626492e-07,5.440147e-07,8.432389e-06,5.384485e-07,3.0478854e-05
ISIC_0025724,0,5.65955e-06,0.9999728,7.1155696e-08,1.37956e-09,7.442808e-06,3.5489336e-07,1.3692331e-05
ISIC_0024410,0,0.26029256,0.7366012,3.4535162e-05,2.6875315e-07,0.0029493324,5.9800208e-05,6.2311316e-05
ISIC_0031025,0,0.45736524,0.53824407,1.6883695e-06,2.4939387e-05,0.0043546325,8.148914e-06,1.2323688e-06
ISIC_0031957,0,0.0013989084,0.9957047,1.2309189e-06,2.2042364e-05,0.0020571428,6.441781e-05,0.00075149984
ISIC_0031087,0,0.9798487,0.007394356,0.000111504436,0.0005423055,0.011969145,8.897882e-05,4.4976314e-05
ISIC_0027187,0,0.99062306,0.00014401457,4.462462e-10,2.6356616e-08,0.009230422,9.0469905e-07,1.6576812e-06
ISIC_0028764,0,0.83672655,0.0031512252,4.6081766e-07,1.3502291e-05,0.16006935,3.7308975e-05,1.6452402e-06
ISIC_0029021,0,0.23047832,0.1539244,2.6803577e-06,5.016371e-08,0.60908806,0.006502775,3.7068885e-06
ISIC_0028075,0,0.99989486,9.435069e-05,2.0031841e-06,9.67587e-09,7.105522e-06,1.5436037e-06,1.3004993e-08
ISIC_0026823,0,0.99761826,0.0023320748,8.319717e-09,3.957193e-09,1.3448849e-05,3.6255355e-05,6.461861e-10
ISIC_0028493,0,0.9750372,0.0029583077,0.0008398667,4.6029916e-05,0.020913888,0.0002039166,6.885562e-07
ISIC_0029272,0,0.27908772,0.72041744,8.294349e-07,5.0632327e-05,0.00030470476,0.00013769648,9.359087e-07
ISIC_0032389,0,0.9999709,2.266019e-05,1.2706879e-08,6.1406477e-06,2.9027603e-07,4.0867747e-08,1.7391448e-08
ISIC_0025709,0,0.6688759,0.003053866,3.4321832e-07,0.00012051482,0.32790193,4.676476e-05,5.9112296e-07
ISIC_0031746,0,0.99034214,0.0023023312,4.4390254e-05,9.0292524e-08,0.007303934,7.19454e-06,4.1555456e-08
ISIC_0032076,6,0.0053690313,8.3749586e-07,0.00035189412,3.6288912e-07,3.0383915e-05,6.554416e-06,0.994241
ISIC_0025321,6,0.008313215,0.018582286,0.0017612651,2.5286852e-05,0.07265909,9.745516e-05,0.8985614
ISIC_0029404,6,0.00011691028,0.004686113,6.786132e-07,3.2283501e-06,5.697173e-06,5.0004815e-06,0.99518234
ISIC_0030275,6,0.0011879079,0.023326753,3.6799684e-05,1.2983711e-05,0.00086980424,0.00011008811,0.9744556
ISIC_0028163,6,5.4704793e-05,0.0010834215,9.775663e-06,2.579408e-09,1.6184127e-07,1.7271377e-05,0.99883467
ISIC_0024669,6,5.3518975e-06,0.00026762666,5.287751e-06,6.674959e-08,6.354532e-09,1.7052301e-06,0.9997199
ISIC_0026693,6,2.3970006e-06,3.2331033e-07,7.558959e-05,1.9025033e-06,6.4696305e-06,7.559665e-07,0.9999126
ISIC_0027983,6,1.315755e-06,1.3394346e-07,0.007818709,4.1893077e-06,9.824779e-06,1.316425e-06,0.9921645
ISIC_0033158,6,5.4637408e-06,0.00064189965,1.2834263e-07,2.0441561e-08,4.1372502e-07,6.58403e-09,0.99935216
ISIC_0032867,6,1.5383552e-05,2.3712284e-05,9.6764374e-08,8.681918e-07,3.112716e-06,1.7974465e-08,0.99995685
ISIC_0032545,6,9.1141976e-07,1.0839129e-06,1.9618658e-09,2.9369962e-10,4.953285e-09,3.6301684e-09,0.999998
ISIC_0032270,6,1.1329966e-05,0.05850651,2.137099e-09,2.0549429e-08,8.7137205e-06,1.3992361e-07,0.9414733
ISIC_0028146,6,3.227328e-06,0.06968217,3.281515e-07,1.357423e-07,5.5146505e-05,1.553304e-07,0.9302589
ISIC_0030722,6,7.5632664e-07,2.9448104e-06,2.711849e-08,1.1196815e-08,2.870068e-09,2.9426218e-07,0.99999607
ISIC_0027210,6,0.16283327,0.027743887,0.00091897784,3.8613736e-05,0.016527023,3.4543093e-05,0.7919037
ISIC_0025924,6,0.021455772,0.0004481392,7.7255776e-05,3.0396106e-07,9.1388694e-07,3.74605e-08,0.9780175
ISIC_0024402,6,0.00017182338,2.098886e-05,3.485848e-06,7.0205357e-07,2.1446606e-06,2.0188534e-06,0.99979883
ISIC_0027256,6,6.518294e-05,0.0029539445,3.2768867e-08,1.7407762e-08,5.8399246e-07,7.899252e-06,0.99697244
ISIC_0031201,6,1.1551173e-10,2.3657692e-11,2.328929e-13,4.5518595e-14,1.7957618e-13,1.7666038e-12,1.0
ISIC_0025873,6,0.0001051624,0.16085644,2.0336337e-08,1.3990756e-07,5.8169007e-06,3.0522724e-06,0.8390294
ISIC_0027563,6,2.8513643e-05,0.01224958,3.5685878e-06,5.035197e-07,0.009454618,5.5752247e-05,0.9782073
ISIC_0025707,6,6.5833743e-09,2.9789009e-08,5.7532046e-09,5.098685e-11,3.3435332e-10,4.7345785e-09,1.0
ISIC_0025612,6,6.738176e-08,5.537567e-05,2.7539977e-09,1.6785855e-09,1.5462692e-07,1.2124284e-06,0.99994314
ISIC_0025606,6,1.514876e-05,0.27243248,2.9606616e-07,1.4708175e-05,0.00012638043,0.0002988448,0.7271122
ISIC_0031103,6,9.9158e-13,1.5358463e-10,1.4722065e-12,1.10329585e-13,2.7829274e-13,8.28092e-12,1.0
ISIC_0024375,6,3.8293362e-07,0.00015083856,0.00042269606,7.422919e-10,4.802072e-08,0.00049941085,0.99892646
ISIC_0029230,2,0.0037063386,0.9108346,0.08130287,4.138757e-05,0.0017022562,0.0005024942,0.0019100561
ISIC_0031513,2,0.003400139,0.7256134,0.2707267,3.5214515e-07,0.000154592,3.864067e-05,6.608562e-05
ISIC_0024431,2,0.00023009404,9.7997445e-06,0.9997428,1.4342254e-07,1.7092476e-05,1.143968e-07,5.3005092e-08
ISIC_0026656,2,6.622808e-07,8.3412124e-07,0.9999982,1.9177946e-09,2.2837838e-07,5.9362083e-08,7.2328783e-09
ISIC_0027976,2,2.429298e-05,3.4411523e-06,0.9999696,2.8472635e-07,9.4512916e-07,8.6191854e-10,1.4332195e-06
ISIC_0026574,2,0.26046485,2.6710972e-05,0.7334525,6.3965263e-06,0.0060472707,4.4271565e-07,1.7116563e-06
ISIC_0031585,2,0.041869983,0.0012884209,0.46539432,0.00082319113,0.10014363,0.3901961,0.000284336
ISIC_0029747,2,0.00035406975,0.00020881699,0.99931943,2.085465e-06,7.795179e-05,7.8952456e-07,3.6758905e-05
ISIC_0030778,2,0.00040619893,0.00043837243,0.9806364,1.2949702e-05,0.012268615,2.1220616e-05,0.0062161684
ISIC_0031749,2,4.873601e-07,3.8784881e-07,0.99997544,5.608465e-09,3.65069e-08,2.3541052e-05,1.3270895e-07
ISIC_0029847,2,0.00046623987,0.0009395598,0.93316215,8.469911e-07,3.7223463e-06,0.04064384,0.024783602
ISIC_0025731,2,0.00016733841,0.00010838742,0.99971896,3.276558e-06,1.0998282e-06,2.925776e-08,9.57852e-07
ISIC_0028670,2,2.4403378e-06,0.10985093,0.8900132,9.986331e-07,0.000100444726,8.212977e-08,3.1869447e-05
ISIC_0032139,2,0.027006043,0.01293176,0.00013143619,0.00018386284,0.8740439,0.0011854685,0.084517546
ISIC_0031243,2,0.9973756,0.00015940948,0.00017336392,1.0516993e-05,0.0013735348,1.3529894e-05,0.0008941286
ISIC_0026282,2,0.036376227,0.9366851,0.023917116,9.727999e-07,0.0030137515,6.157461e-06,6.3771853e-07
ISIC_0027744,2,0.05721056,0.0775071,0.8629623,2.055362e-07,0.0022776665,3.9182014e-05,2.9754922e-06
ISIC_0026593,2,0.0130511075,0.0006414457,0.9860366,3.31317e-08,6.782076e-05,1.3220762e-06,0.00020155564
ISIC_0027774,2,0.0003290627,0.12243857,0.87365115,3.6823988e-06,0.0020750756,1.338934e-05,0.0014891446
ISIC_0027998,2,1.4848014e-07,4.8844996e-08,0.9999999,4.8413645e-10,9.0013186e-10,6.914921e-11,3.6742823e-10
ISIC_0028079,2,2.5534475e-05,0.23502271,0.76480764,1.9984702e-06,6.3107065e-05,9.867784e-06,6.9200774e-05
ISIC_0031284,2,1.0284306e-05,0.00119943,0.9987871,5.936173e-07,7.872522e-08,2.377798e-06,6.241745e-08
ISIC_0031789,2,0.0007288388,0.51403826,0.47235963,0.0039725997,0.00888574,1.2244332e-05,2.6913415e-06
ISIC_0030659,2,0.102385804,0.8142347,0.033153735,0.010243682,0.03810682,6.689259e-05,0.0018084415
ISIC_0026275,2,0.00020337866,0.045650322,0.93692815,0.0006815751,0.015212616,8.6266374e-07,0.0013230753
ISIC_0024573,2,1.7768137e-08,2.882882e-06,0.99999666,3.0663834e-08,8.349249e-08,4.0048637e-10,3.3553619e-07
ISIC_0029669,2,3.059234e-05,7.87927e-05,0.9998714,6.448621e-07,1.5104597e-05,1.5540842e-06,2.0631553e-06
ISIC_0031169,2,8.7584805e-05,1.9076237e-05,0.99792516,0.0019570184,1.6501164e-06,8.244794e-06,1.3414917e-06
ISIC_0026453,2,0.015939692,0.9652105,0.018777331,5.5343936e-08,2.0832553e-07,8.657942e-07,7.129664e-05
ISIC_0031489,2,4.7928494e-05,0.99398273,0.0058380063,7.533374e-09,1.2381377e-05,6.0416316e-09,0.000118970376
ISIC_0027297,2,0.041826464,0.010989894,0.053168315,2.0117204e-06,0.89401203,7.800749e-08,1.2175351e-06
ISIC_0032660,2,2.246857e-06,1.4221021e-07,0.0122158,1.0053516e-05,0.98776954,1.982969e-08,2.144608e-06
ISIC_0033504,2,4.3473203e-05,1.7783623e-07,0.015795227,1.5536373e-06,0.984159,3.1833284e-07,2.739141e-07
ISIC_0034306,2,3.6044526e-07,1.5282593e-10,0.9999994,7.283361e-09,2.179695e-07,3.5620157e-10,5.130868e-10
ISIC_0032799,2,0.0005880522,5.333325e-06,0.9988821,2.8943327e-06,0.0005205178,3.8048424e-07,7.37965e-07
ISIC_0034058,2,9.016814e-09,2.7341399e-10,0.9999989,2.1167925e-07,8.2077344e-07,4.1806082e-08,5.158425e-08
ISIC_0033001,2,8.9366586e-07,1.179061e-06,0.9992077,0.000116034855,0.00065096706,1.28942e-05,1.0420215e-05
ISIC_0033257,2,0.42606387,0.011474787,0.31902733,0.09506119,0.083349265,0.048491184,0.016532375
ISIC_0034276,2,1.880332e-06,0.00012836712,0.9993067,8.276748e-05,0.00016105696,3.5138524e-05,0.00028406928
ISIC_0034119,2,0.019388605,0.012592626,0.50804603,0.007994844,0.08624147,0.033830445,0.33190596
ISIC_0025644,2,1.1236781e-05,0.0002287705,0.99975806,1.0143161e-06,9.702793e-07,1.6608125e-08,3.8697557e-08
ISIC_0030314,2,0.0005474102,0.0030738951,0.99637777,5.4020643e-07,8.026611e-08,7.154037e-08,2.2457108e-07
ISIC_0033012,2,6.168168e-05,1.6370944e-07,0.99964523,4.4658573e-05,3.035348e-05,4.9629038e-05,0.00016825095
ISIC_0033468,2,0.6814746,3.5014462e-05,0.08508593,0.0853962,0.072583094,0.06800576,0.0074193235
ISIC_0034123,2,0.00017525782,7.424089e-07,0.99981445,4.529665e-06,5.0556405e-06,1.5195065e-08,1.1062038e-08
ISIC_0034026,2,1.6607892e-05,0.00018862683,0.99978346,4.5316088e-07,7.573429e-07,3.2428972e-07,9.726929e-06
ISIC_0034155,2,0.0044418373,1.7486846e-05,0.9944629,0.00035659657,9.8136996e-05,0.0006119651,1.1047552e-05
ISIC_0033146,2,1.1526113e-06,1.0942791e-06,0.9973652,0.00010995484,0.002522489,7.704235e-08,2.990205e-08
ISIC_0029192,2,2.532586e-08,1.3303531e-11,1.0,6.562875e-13,8.366541e-12,1.0062139e-12,2.4310052e-13
ISIC_0033248,2,1.4752817e-06,2.1921893e-09,0.999814,4.7618974e-07,0.00018408516,5.097239e-08,2.209408e-09
ISIC_0025102,2,0.0018822867,0.0001747593,0.99793893,5.2605884e-07,3.420815e-06,9.194827e-09,5.5727445e-09
ISIC_0032850,2,0.0038527264,0.00643224,0.98850805,2.3083743e-05,0.00091390265,4.610509e-06,0.00026535886
ISIC_0030712,2,6.1676896e-05,2.1954735e-05,0.99991643,1.5432938e-10,2.7885132e-09,1.7975196e-10,1.2344202e-09
ISIC_0032991,2,0.0002621849,4.2215906e-05,0.9282954,0.00044129445,0.022074722,0.047894057,0.0009901901
ISIC_0029564,2,4.0814342e-07,0.0001881193,0.99565864,8.007985e-06,0.0037235708,1.3998864e-06,0.00041997916
ISIC_0031539,2,0.08630073,0.36968973,0.042905983,0.0037402539,0.4898439,0.0073423525,0.00017709273
ISIC_0028688,2,0.4096432,0.5739988,0.00016361076,0.00082578725,0.01455639,0.00081125594,9.862387e-07
ISIC_0031245,2,4.7437938e-05,1.3269375e-06,0.9999292,4.1551693e-06,1.5449042e-06,1.6323736e-05,4.970578e-08
ISIC_0028570,2,1.8510048e-06,0.0030309497,0.9969608,8.629419e-10,6.198945e-06,1.0381556e-07,1.30569715e-08
ISIC_0031351,2,1.1426062e-05,3.0433835e-05,0.99774444,0.0006924797,0.0015211608,6.785054e-08,3.0151757e-09
ISIC_0029278,2,0.00054696825,8.588961e-05,0.0071632382,0.50523597,0.4337024,0.053241212,2.4309966e-05
ISIC_0031643,2,3.744499e-06,4.042203e-06,0.99998987,1.1472036e-06,1.1557195e-06,1.1007993e-07,1.1803451e-08
ISIC_0025417,2,0.00014371912,0.022523021,0.9772784,4.6411905e-08,5.443613e-05,1.8818112e-07,7.24188e-08
ISIC_0028035,2,0.004293922,0.91910815,0.07587406,8.765905e-06,0.0007001574,1.4759694e-05,2.1832706e-07
ISIC_0026213,2,1.0125863e-05,2.1877415e-05,0.9999027,6.473871e-05,5.1035215e-07,1.9394655e-08,2.7465541e-08
ISIC_0026442,2,1.1268832e-05,1.966383e-06,0.9935994,5.131794e-05,0.0063261087,9.650424e-06,3.6338338e-07
ISIC_0026952,2,1.9645741e-08,1.4231586e-07,0.9999999,2.5449529e-08,1.1694385e-09,2.0983242e-10,1.4487289e-09
ISIC_0029391,2,0.00041534693,4.137738e-06,0.9968328,0.0020744924,0.0004973086,1.5684062e-05,0.00016033284
ISIC_0029129,2,0.15193258,2.9097466e-05,0.8379428,0.010062781,7.125178e-07,3.2011365e-05,3.6776587e-08
ISIC_0029805,2,1.7666425e-05,6.510693e-05,0.9999114,5.6589815e-06,6.971913e-08,1.4892412e-08,3.0190341e-09
ISIC_0029412,2,0.8850011,0.0035262823,0.014572984,0.0011013768,0.045066062,0.05061961,0.000112561785
ISIC_0029489,2,4.6977398e-08,9.9589385e-11,0.9999969,2.5998743e-06,1.1413259e-09,5.1787896e-07,7.581698e-10
ISIC_0029974,2,0.020083172,0.019631417,0.79607475,0.0061830287,0.15753688,0.00034254894,0.00014819058
ISIC_0031597,2,0.0001190351,0.07111309,0.0013978647,1.9769575e-06,0.92736036,3.5657408e-07,7.271389e-06
ISIC_0027915,2,0.6569756,0.0020296236,0.3409564,3.5550038e-05,8.1780803e-07,1.9159827e-06,1.08562304e-07
ISIC_0026337,2,0.2439716,6.666473e-05,0.07276762,0.0040459163,0.679109,3.3523946e-05,5.7187876e-06
ISIC_0026902,2,0.7473833,0.00067125115,0.10249199,0.06438468,0.08497906,4.5900547e-06,8.514734e-05
ISIC_0027189,2,1.4251395e-05,5.152772e-07,0.99997187,2.198932e-06,1.0932387e-05,2.5817118e-07,1.3747684e-08
ISIC_0032307,2,0.00067324744,0.0047119544,2.1011061e-05,0.14930987,0.8452034,7.772771e-05,2.7229503e-06
ISIC_0030197,2,0.00066753634,0.00016779396,0.9444724,0.0066485773,0.04801329,2.274619e-06,2.8171453e-05
ISIC_0024582,2,0.23386426,0.029766306,0.73100424,0.00062124245,0.0047380165,5.6653275e-06,2.5353697e-07
ISIC_0029655,2,0.004073942,0.50930715,0.47659406,0.001625542,0.0083633885,1.1216164e-05,2.4611483e-05
ISIC_0028556,2,4.4755598e-05,7.23999e-07,0.999951,6.3289306e-08,3.3583603e-06,6.644473e-09,1.7776749e-08
ISIC_0031122,2,0.00013946474,4.583336e-05,0.99923277,1.3867184e-07,0.00057316676,4.2435238e-07,8.274687e-06
ISIC_0027825,2,5.1393323e-05,4.1949306e-06,0.9908336,0.008304739,0.0007911638,1.1141126e-05,3.8324806e-06
ISIC_0030230,2,0.053508446,0.94547653,0.0009828598,4.0720757e-10,3.510888e-08,2.9432746e-05,2.7340554e-06
ISIC_0031728,2,0.20395592,0.78416264,0.011817939,7.1415145e-09,2.250081e-07,6.297127e-05,2.5776674e-07
ISIC_0031526,2,0.020071866,0.902379,0.07562797,1.6216337e-06,9.608082e-05,0.0017509287,7.249159e-05
ISIC_0024743,2,0.0033876798,0.009786846,0.8530848,0.0011392245,0.13223247,0.0002900839,7.893838e-05
ISIC_0031925,2,0.0019264142,0.00012963642,0.93607926,0.0046490203,0.02208336,0.0031196568,0.03201267
ISIC_0024949,2,3.9821338e-05,7.811058e-06,0.9998404,9.90973e-05,1.2839568e-05,1.0410219e-09,1.0470982e-08
ISIC_0031294,2,3.881668e-09,3.4086614e-08,0.99999964,3.4724872e-07,5.9227214e-09,6.4080447e-13,1.8677022e-09
ISIC_0028719,2,5.9717236e-06,0.0003561597,0.9996375,1.3569749e-07,2.2874322e-07,2.603067e-10,3.6145487e-08
ISIC_0027046,2,0.078374304,0.13581854,0.76223445,0.0043836436,0.019108612,6.065077e-05,1.9806399e-05
ISIC_0031154,2,0.018358104,0.43991306,0.086892076,0.00050618296,0.4543217,1.8126443e-06,7.0827464e-06
ISIC_0028168,2,0.025189087,0.19166356,0.0013219829,1.4455732e-06,0.78173083,9.127147e-05,1.8986267e-06
ISIC_0031056,2,9.666589e-06,6.1532985e-05,0.99979967,9.5513504e-05,9.468454e-06,1.9857255e-06,2.2158507e-05
ISIC_0031063,2,0.04769371,3.3928853e-05,0.95211476,4.366017e-07,0.00014745798,8.721748e-06,9.112571e-07
ISIC_0028877,2,0.64557666,0.010459738,0.31760642,0.024186498,0.0020663564,7.734657e-05,2.7034772e-05
ISIC_0028084,2,0.00035861786,0.18810512,0.81153566,2.3957313e-08,5.5724286e-07,2.8129826e-08,4.225833e-08
ISIC_0026970,2,2.7260998e-05,0.13985139,0.8599191,1.1533178e-06,0.00020031218,4.7188134e-08,6.718158e-07
ISIC_0030096,2,0.00019766534,0.5831245,0.41183078,0.00046510427,0.0036510248,1.7894006e-05,0.00071304804
ISIC_0024564,2,7.721957e-05,5.447722e-07,0.9604287,5.7846926e-05,0.03750882,0.0019260687,8.3673217e-07
ISIC_0025322,2,1.930552e-07,1.241486e-07,0.9990356,5.825013e-08,0.0009528019,1.1221082e-05,2.5397458e-08
ISIC_0027677,2,0.59386814,0.015531503,0.39035532,4.028469e-05,0.00013176192,7.303072e-05,1.3706925e-08
ISIC_0024833,2,0.6214157,0.03474925,0.34252995,0.0001875448,0.0007664065,0.00034944864,1.6630275e-06
ISIC_0027546,2,0.7466956,0.014084783,0.21670759,0.010620621,0.010773267,0.0011170058,1.176146e-06
ISIC_0030868,2,0.98686546,0.00034455463,0.009162906,9.3802904e-05,0.0019220136,0.0016108967,3.5828475e-07
ISIC_0026995,2,0.2731025,0.29944494,0.10609623,0.0005657545,0.314899,0.005712621,0.00017895017
ISIC_0030915,2,8.038492e-05,0.00010031722,0.99944526,6.538501e-05,0.00030729728,1.1503125e-06,1.9201902e-07
ISIC_0032092,2,0.0017814144,0.002674226,0.9660103,0.0010400986,0.028350946,0.00012859385,1.4482905e-05
ISIC_0024787,2,5.6688175e-05,0.00032031676,0.9969658,0.0013032742,0.0013342327,1.2307331e-05,7.3264055e-06
ISIC_0029602,2,3.2886335e-05,0.033218857,0.9626635,0.0016474806,0.0023431526,1.9825472e-06,9.218742e-05
ISIC_0024436,2,1.8063691e-10,5.1617278e-08,1.0,1.2607499e-11,1.584181e-08,4.3692483e-10,3.3628114e-09
ISIC_0026940,2,5.2334865e-08,3.846026e-09,0.99998,1.4849834e-08,1.8954352e-05,1.0944937e-06,7.5329215e-10
ISIC_0029745,2,0.0048467712,0.028235601,0.96691304,1.3045626e-08,4.433379e-06,2.4337318e-08,6.7382565e-08
ISIC_0028419,2,0.0003262198,0.0013214637,0.9983493,2.143161e-06,8.808929e-07,2.1922547e-08,4.292767e-08
ISIC_0025818,2,0.04477553,4.9551072e-05,0.9539168,1.9387424e-05,6.90171e-05,1.9939062e-05,0.00114965
ISIC_0030746,2,0.13765821,7.5820615e-05,0.8597061,9.526152e-06,0.0012023062,0.00017753079,0.0011705165
ISIC_0029220,2,5.513656e-05,2.1448004e-05,0.99925727,5.3422427e-06,0.000660515,9.694877e-08,1.1335864e-07
ISIC_0032302,2,0.1589016,0.112606436,0.72062427,0.00708059,0.00075646193,1.7994262e-05,1.2648356e-05
ISIC_0029352,2,0.1420474,0.0054912646,0.6437096,0.08054739,0.1278094,0.00018709654,0.000207855
ISIC_0028122,2,0.14196582,0.0038421918,0.6276053,2.5192145e-05,1.1132784e-05,1.3917653e-05,0.22653642
ISIC_0030138,2,1.0680739e-05,0.042928334,0.9570379,6.367037e-07,2.5634777e-06,2.5332617e-06,1.7310349e-05
ISIC_0032185,2,1.6323796e-07,0.010777217,0.98858416,1.3242631e-07,8.4542586e-07,1.4993773e-06,0.0006358549
ISIC_0032429,2,1.2678905e-07,1.233303e-07,0.99999416,1.5123346e-07,5.3396548e-06,6.111164e-08,9.502524e-09
ISIC_0029951,2,1.0985004e-08,2.3781231e-08,0.99999976,1.2714828e-09,1.516242e-07,5.85436e-08,2.342168e-09
ISIC_0027675,2,0.004373524,0.013817618,0.96487737,1.8136909e-05,3.3841527e-06,5.280759e-06,0.016904734
ISIC_0024984,2,0.0002180251,0.0012964129,0.99847263,6.006383e-08,4.074729e-06,9.183077e-08,8.666036e-06
ISIC_0029857,2,0.006958846,0.010978536,0.98201984,2.9819465e-05,4.0103805e-06,2.289224e-07,8.705943e-06
ISIC_0032318,2,0.006315178,1.1558133e-06,0.99368334,7.610731e-08,9.097116e-08,1.47873e-07,3.8820747e-09
ISIC_0025260,2,0.18644458,0.04879724,0.17213973,0.006733916,0.5800986,0.005063475,0.0007225006
ISIC_0031531,2,0.23157574,0.00089707837,0.09052523,0.0011298212,0.6697095,0.0061602313,2.317819e-06
ISIC_0028978,2,0.05632124,0.3471612,0.02594341,0.07582797,7.376e-05,0.49450326,0.00016917387
ISIC_0028728,2,0.35505405,0.0060721925,0.4341428,0.019549863,0.0028576578,0.17700619,0.0053172177
ISIC_0028502,1,6.324601e-07,0.9999987,6.814413e-14,4.1608544e-12,6.17261e-07,6.547252e-09,6.1438783e-09
ISIC_0025843,1,1.755374e-08,0.99999905,5.5192056e-11,4.956673e-13,5.7758076e-08,8.757836e-07,1.1953014e-09
ISIC_0029979,1,4.8909383e-06,0.99999344,2.0256187e-10,8.671155e-09,2.3422919e-07,6.3819704e-07,8.601404e-07
ISIC_0025311,1,1.4345984e-06,0.9999976,3.6730737e-11,1.2002028e-12,2.6135396e-07,1.2117806e-07,6.043714e-07
ISIC_0026425,1,5.7586584e-07,0.9999938,4.9764667e-12,2.8073071e-12,5.075707e-07,5.1043876e-06,2.9075022e-08
ISIC_0029961,1,7.595776e-05,0.99992394,1.9827502e-11,4.1288292e-11,1.225537e-07,5.3933813e-09,2.4016347e-09
ISIC_0026681,1,0.006627705,0.9933536,8.093454e-09,5.815151e-08,1.834329e-05,2.2968901e-07,6.071463e-08
ISIC_0025218,1,8.923872e-06,0.99995327,1.1149145e-10,1.5502573e-10,3.7556474e-05,2.3605702e-07,2.6264324e-08
ISIC_0026211,1,0.00042980813,0.9982096,1.683616e-07,2.5699246e-05,0.0012674832,6.497288e-05,2.2600404e-06
ISIC_0028727,1,3.4408505e-09,0.99999785,6.431433e-13,3.9560057e-14,1.6578055e-06,4.84526e-07,4.4816932e-09
ISIC_0027315,1,4.311563e-05,0.99994206,1.8949646e-10,2.2870262e-08,6.7997084e-06,1.1613968e-07,7.939814e-06
ISIC_0030435,1,8.695298e-07,0.99999475,5.542247e-13,7.280014e-11,4.4069893e-06,2.1086546e-08,3.7540016e-09
ISIC_0027725,1,0.00091929536,0.9990736,2.505855e-13,2.5797567e-11,5.7369257e-06,6.0577514e-07,7.6130567e-07
ISIC_0031269,1,9.5169503e-07,0.9993932,1.983341e-09,4.5742505e-07,0.00060427893,2.384858e-07,8.230024e-07
ISIC_0025398,1,5.2026604e-05,0.99993885,6.189018e-08,3.0809003e-06,5.366308e-06,2.8293036e-07,3.8812175e-07
ISIC_0029153,1,0.00041174158,0.9995327,1.9890678e-07,2.6828456e-10,4.639706e-05,7.4524914e-06,1.4244723e-06
ISIC_0031935,1,2.2087096e-07,0.99999833,2.2123292e-09,1.485609e-11,1.3184288e-06,1.9911628e-08,1.0653339e-07
ISIC_0032210,1,2.253804e-08,0.9901305,1.3639721e-12,9.345027e-14,0.009344251,0.0005252463,2.7709156e-08
ISIC_0031845,1,3.4357438e-08,0.99999976,1.3239662e-11,6.0230515e-13,2.3283448e-07,2.5277485e-09,1.9311743e-08
ISIC_0027278,1,6.7515543e-06,0.9992317,2.5858442e-08,1.773418e-07,0.00033221717,0.00042907122,8.2145995e-08
ISIC_0030148,1,0.00062512705,0.99936336,1.3314913e-10,3.100514e-10,7.182546e-06,7.7298114e-07,3.6816884e-06
ISIC_0026255,1,2.043499e-08,0.9999994,4.68122e-09,2.4161445e-11,3.9963268e-07,6.9134245e-08,1.6818721e-09
ISIC_0027974,1,2.9502855e-05,0.92278636,3.3176832e-07,7.5559886e-10,0.07714644,3.6978516e-05,4.0578223e-07
ISIC_0030918,1,1.6037885e-07,0.99919266,2.559628e-12,1.7606468e-10,0.0008071992,6.942225e-09,1.5953007e-09
ISIC_0030846,1,1.0141061e-07,0.99999785,3.2740098e-12,6.312601e-12,1.7206798e-06,3.679214e-07,4.0127306e-09
ISIC_0029829,1,1.5491331e-06,0.9999982,1.4528524e-09,7.690633e-11,1.12892714e-07,7.520749e-08,1.9049665e-08
ISIC_0032169,1,2.456165e-09,0.99999666,2.0782111e-10,7.480482e-11,3.054674e-06,2.3551836e-07,2.036859e-08
ISIC_0029870,1,0.0021519046,0.9978435,8.3530305e-10,2.1181695e-06,2.6224126e-07,2.092484e-06,7.228002e-08
ISIC_0025528,1,5.568165e-11,0.99999964,1.449485e-14,7.593281e-14,3.8557494e-07,2.006813e-08,1.8422032e-10
ISIC_0027221,1,0.006261285,0.99309134,2.0158093e-06,5.064069e-07,0.0006322446,3.29621e-06,9.293722e-06
ISIC_0031833,1,1.6650243e-05,0.9221691,1.1308443e-05,9.703478e-09,0.00046156932,0.01776826,0.059573077
ISIC_0031579,1,3.4920522e-06,0.9999757,6.9035e-07,7.1554396e-08,1.267699e-05,7.286965e-06,1.5468231e-08
ISIC_0030907,1,0.009465942,0.99049836,7.4727836e-08,3.249408e-09,8.3820605e-06,2.7101736e-05,3.606345e-08
ISIC_0032087,1,0.0020216391,0.9975694,1.8660369e-09,2.4149888e-12,0.0004079292,1.0971996e-06,2.063644e-09
ISIC_0031604,1,0.00020012668,0.9997956,2.3805542e-09,1.6139988e-09,9.228571e-07,6.5675443e-09,3.3186902e-06
ISIC_0029496,1,8.463549e-07,0.9999862,1.9294304e-10,6.3312294e-12,1.5302435e-06,1.1458551e-05,2.1880218e-09
ISIC_0025287,1,0.0027559516,0.9972139,2.493041e-09,1.6086286e-08,2.9240962e-05,5.7373995e-07,3.4696097e-07
ISIC_0027170,1,3.5415058e-05,0.99994135,3.4770594e-07,1.9718392e-08,6.3211155e-07,7.506596e-07,2.1490092e-05
ISIC_0030669,1,0.0019770672,0.99802005,1.8329908e-08,4.483104e-09,7.286574e-07,1.494475e-06,5.660299e-07
ISIC_0025364,1,3.5552898e-06,0.99998796,3.5202522e-08,1.8100945e-08,8.3760215e-06,2.5345946e-08,7.698124e-08
ISIC_0024365,1,2.8930963e-10,0.9999945,4.2517666e-11,2.0258584e-12,1.539039e-06,3.848392e-06,9.8312334e-08
ISIC_0029293,1,1.3525006e-07,0.99999964,3.1881832e-13,1.1297622e-11,1.2443456e-07,1.204452e-07,4.4454755e-09
ISIC_0029966,1,1.647515e-06,0.9989303,1.1469108e-06,4.0822513e-07,0.0009798208,7.286212e-05,1.3830462e-05
ISIC_0026036,1,0.2759037,0.72402227,1.1319169e-08,1.2915992e-10,4.9969607e-05,2.2654343e-05,1.4310123e-06
ISIC_0024945,1,0.0003318281,0.9979873,1.4570723e-07,4.896936e-10,0.0016551692,2.5127598e-05,4.88003e-07
ISIC_0032434,1,0.0075046546,0.95519364,3.5066744e-06,7.1626567e-09,0.03586365,0.00033227025,0.0011022267
ISIC_0025365,1,5.1416663e-07,0.99984384,4.491843e-10,4.0254845e-11,0.00010946464,4.6103498e-05,4.3135078e-09
ISIC_0028515,1,6.9822414e-13,1.0,3.387008e-13,5.0885584e-16,3.8938918e-08,1.4960944e-09,1.3927609e-10
ISIC_0030287,1,1.6675264e-07,0.99997807,7.601124e-12,2.713388e-12,2.1195237e-05,5.3876323e-07,2.4916924e-09
ISIC_0027316,1,6.636155e-10,0.99999785,8.9820866e-11,8.597517e-12,2.1250437e-06,4.0324895e-08,3.4462182e-08
ISIC_0027426,1,6.320553e-08,0.99999976,1.4195707e-12,5.5828356e-13,4.127314e-08,6.920828e-08,1.0928609e-10
ISIC_0025914,1,7.2072044e-06,0.99997985,5.689133e-09,1.2043332e-10,7.576055e-06,5.306e-06,9.2763486e-10
ISIC_0025501,1,5.933411e-09,0.99997175,9.540792e-13,4.2733425e-12,8.996243e-06,1.9239595e-05,9.3872264e-11
ISIC_0025201,1,3.1459804e-09,0.99999857,1.9859602e-11,4.008604e-12,9.830163e-07,4.475751e-07,1.6153459e-09
ISIC_0027429,1,0.0014320875,0.98007154,2.4630651e-06,1.9620531e-06,0.009616516,0.008804037,7.133123e-05
ISIC_0026585,1,1.6852535e-05,0.99850684,1.2332345e-10,5.1198916e-09,0.0014718471,4.2729025e-06,1.0399897e-07
ISIC_0031632,1,1.39122e-08,0.9997619,1.0776198e-08,1.6883418e-11,4.2139916e-05,0.00019591922,3.2024041e-09
ISIC_0026242,1,0.17395924,0.8203804,2.3868564e-08,1.7233732e-09,0.0039231717,0.0017371868,5.8389547e-09
ISIC_0028639,1,1.5144282e-08,0.9975836,2.8547176e-10,4.0001136e-12,0.0024103543,4.0887735e-06,1.9060224e-06
ISIC_0031881,1,0.030469267,0.96950287,2.9520725e-08,5.687277e-07,5.8174965e-07,1.0802415e-05,1.5898297e-05
ISIC_0027912,1,1.6222657e-05,0.999972,1.2254835e-11,1.7070315e-12,5.5517284e-09,5.373668e-09,1.1792345e-05
ISIC_0028862,1,1.9950467e-06,0.99991643,2.6343918e-09,4.3660592e-10,2.944906e-05,5.2142015e-05,3.058603e-08
ISIC_0029044,1,3.7752017e-08,0.99999905,2.9124585e-11,8.0647064e-14,6.367594e-08,8.71723e-07,4.9963567e-10
ISIC_0030235,1,5.161498e-06,0.99999356,2.411891e-10,2.529942e-09,6.468516e-07,6.437979e-07,2.071562e-08
ISIC_0031701,1,4.388929e-05,0.9937928,7.041747e-10,3.4442596e-07,0.0060064774,0.0001562959,1.6698323e-07
ISIC_0024636,1,4.1480183e-10,0.99999595,5.122892e-17,3.915118e-14,4.09707e-06,6.729483e-10,4.0887596e-10
ISIC_0032025,1,2.786667e-05,0.9323548,1.7056366e-09,7.3658835e-10,0.0675157,0.00010162533,1.0028264e-08
ISIC_0027834,1,7.212812e-05,0.99979,2.4460406e-10,1.0800056e-09,0.000121693156,1.6192087e-05,7.6915146e-10
ISIC_0025922,1,5.250732e-08,0.9999987,3.845859e-11,1.0849606e-11,3.2290458e-07,6.391536e-07,3.3552953e-07
ISIC_0025994,1,8.795074e-05,0.9998598,3.970338e-05,1.0209209e-06,1.5847946e-06,6.840924e-08,9.723526e-06
ISIC_0030292,1,8.2546967e-07,0.9999975,1.5505382e-11,1.671681e-11,1.6996881e-07,1.3514874e-06,1.859961e-07
ISIC_0030469,1,4.4535992e-07,0.96734744,2.9727396e-06,4.5015586e-10,0.03264874,1.5674942e-07,2.581986e-07
ISIC_0031638,1,4.1110482e-08,0.99983895,5.5540218e-06,2.4364066e-09,6.3425025e-05,9.0417205e-05,1.5141931e-06
ISIC_0024433,1,3.2915916e-06,0.9996724,2.1294431e-10,1.0281114e-08,0.00032416577,1.7621349e-07,6.297285e-08
ISIC_0030308,1,0.028257303,0.97153443,2.0817177e-05,8.092603e-06,0.00015918694,1.9936633e-05,2.4984445e-07
ISIC_0025221,1,1.0536757e-08,0.9999893,9.066306e-13,4.0842156e-12,1.0703816e-05,5.1529863e-08,3.313529e-08
ISIC_0032366,1,0.044300944,0.9556898,8.304428e-12,1.4593649e-10,2.3258112e-06,7.0004853e-06,4.0283798e-08
ISIC_0027816,1,4.432769e-07,0.99999905,8.839918e-09,2.634281e-10,2.8296657e-07,6.2358176e-08,4.3310646e-08
ISIC_0028539,1,6.215459e-06,0.99994564,1.0094139e-11,3.6491414e-11,4.806181e-05,4.248094e-09,1.0929097e-07
ISIC_0030168,1,0.09054147,0.36713773,3.479429e-07,5.960912e-08,0.5423083,8.410411e-06,3.7235081e-06
ISIC_0030457,1,2.0155287e-06,0.9999931,9.794501e-11,1.2329289e-09,4.5423976e-06,1.3462439e-07,2.2031065e-07
ISIC_0024473,1,0.011602842,0.9879969,2.5748413e-06,1.0151371e-06,0.00022897226,0.0001676728,4.1908066e-08
ISIC_0028805,1,8.2737205e-07,0.99583,0.0032224895,1.1445022e-06,2.0944557e-05,0.0008995849,2.4982082e-05
ISIC_0030302,1,1.495679e-07,0.999995,8.7341906e-10,2.0127289e-09,4.4066287e-06,2.6918858e-09,4.027906e-07
ISIC_0028812,1,1.778019e-06,0.9613885,0.037951395,8.590611e-07,1.0012725e-06,0.00062821887,2.826962e-05
ISIC_0030376,1,2.9994868e-07,0.99605274,9.352506e-11,7.6359763e-10,0.003940667,6.2041463e-06,8.1251606e-08
ISIC_0025044,1,2.7378275e-07,0.9999995,3.3195157e-08,5.973575e-11,5.9365077e-09,1.279284e-07,2.2245774e-09
ISIC_0029876,1,2.7300956e-07,0.99998856,1.6051568e-10,1.2988368e-11,5.769892e-07,1.0583898e-05,5.4408464e-09
ISIC_0029701,1,7.812881e-13,1.0,5.171658e-13,8.744948e-15,1.1326571e-09,2.6660494e-09,1.2057952e-08
ISIC_0029118,1,5.613897e-06,0.9990885,2.1341715e-09,3.0555633e-08,0.00083270157,7.309543e-05,5.5090165e-08
ISIC_0026137,1,0.3318198,0.6681787,1.2317106e-10,1.05558735e-10,9.270064e-07,5.612003e-07,3.4953456e-09
ISIC_0028523,1,7.3979783e-10,0.9999988,7.334243e-12,2.9718712e-12,7.964051e-07,3.1816083e-07,1.2377568e-09
ISIC_0025615,1,0.00019883044,0.99978715,3.65971e-06,6.311142e-11,7.903707e-06,2.5009563e-06,2.3030202e-08
ISIC_0029317,1,8.773494e-07,0.99999917,2.2323993e-11,3.1361136e-10,1.01719095e-08,8.433517e-09,4.97374e-09
ISIC_0025900,1,7.588842e-08,0.9999422,2.096735e-06,1.5860634e-12,1.86878e-07,5.5388504e-05,3.3048586e-08
ISIC_0028044,1,1.2419112e-12,1.0,1.8637241e-17,1.5714266e-16,1.6186412e-10,3.165411e-11,4.1518664e-10
ISIC_0031572,1,0.003592372,0.99640626,7.2179337e-12,8.969399e-10,1.2810616e-06,2.452502e-08,8.670017e-08
ISIC_0030315,1,4.9241315e-08,0.9999995,9.5672316e-12,4.4196952e-10,3.7612367e-07,3.8722442e-10,2.4727381e-08
ISIC_0031069,1,7.636769e-11,0.99999833,1.17411e-13,2.926596e-14,1.6202899e-06,2.114268e-08,1.5216656e-08
ISIC_0027919,1,1.3215791e-09,0.9999584,7.8634405e-14,2.5792996e-11,4.1553245e-05,1.495913e-08,4.925599e-09
ISIC_0024690,1,6.775122e-05,0.92438716,1.4948198e-09,2.3847335e-08,0.0751616,0.00037813076,5.4206894e-06
ISIC_0025613,1,0.00017808597,0.9997038,2.119393e-09,2.2075234e-08,1.9927125e-05,9.78592e-05,2.620053e-07
ISIC_0025256,1,7.255971e-05,0.9216795,1.1178392e-07,7.450652e-07,0.07794841,0.00027415526,2.4512376e-05
ISIC_0026465,1,9.515347e-07,0.99991107,2.6234415e-09,9.184728e-10,8.782442e-05,1.6208006e-08,1.3318572e-07
ISIC_0031153,1,3.401141e-08,0.99999964,6.207295e-15,9.863603e-13,3.1897105e-07,2.3202924e-08,7.4315304e-10
ISIC_0028572,1,8.576304e-09,0.9984295,5.997758e-11,1.4194884e-10,0.0015692714,1.1373521e-06,2.316433e-08
ISIC_0026168,1,3.3600152e-06,0.99998486,3.6308148e-12,2.7174428e-11,1.1640424e-05,1.308521e-07,1.1373962e-09
ISIC_0029469,1,2.7766355e-06,0.997551,2.6431306e-09,3.1171188e-10,0.0024204429,2.504567e-05,7.207462e-07
ISIC_0030289,1,2.0644009e-05,0.9999776,6.799582e-11,1.1986603e-11,1.646222e-06,9.869206e-08,3.2017416e-11
ISIC_0028242,1,0.00012693238,0.999856,6.959346e-11,2.3504824e-12,1.2504416e-05,4.5698725e-06,1.3865422e-09
ISIC_0032321,1,0.0024409818,0.9974632,6.454616e-09,3.561395e-10,9.258023e-05,3.1102174e-06,1.07904604e-07
ISIC_0028142,1,3.3187534e-05,0.99996674,4.2587284e-10,4.653379e-10,1.3745725e-08,4.6806203e-09,1.5907803e-08
ISIC_0024887,1,7.4072355e-05,0.99655485,9.833371e-10,6.201765e-08,0.0033700138,2.0690577e-07,7.609036e-07
ISIC_0030400,1,1.1439805e-06,0.99992764,3.420799e-14,3.978614e-12,6.7802335e-05,5.036787e-07,2.8801821e-06
ISIC_0028935,1,2.72778e-06,0.98488957,8.163602e-09,5.807554e-08,0.015098155,7.468299e-06,1.9563306e-06
ISIC_0024856,1,1.9405184e-06,0.9999963,5.3610942e-09,6.4294117e-09,1.5677855e-06,1.9228142e-07,7.3245987e-10
ISIC_0028921,1,6.7969566e-05,0.9999316,9.806123e-11,1.3086851e-10,4.313565e-07,1.4614106e-08,7.94451e-08
ISIC_0029211,1,1.7066808e-06,0.999998,5.296113e-11,6.4768156e-11,1.1535095e-07,1.6755222e-07,2.7838471e-08
ISIC_0029950,1,1.8683682e-05,0.9997609,5.95247e-09,2.6035002e-08,9.308483e-07,2.3476845e-05,0.00019596874
ISIC_0031402,1,6.398459e-07,0.9999759,5.896338e-10,2.59537e-10,2.3129063e-05,1.8060975e-07,5.2308405e-08
ISIC_0026021,1,2.7422702e-06,0.9999962,1.8832987e-10,6.6794174e-11,3.889169e-07,7.136494e-07,6.2936527e-09
ISIC_0025833,1,3.2763305e-06,0.99999666,8.552745e-11,3.46089e-12,8.829799e-10,5.5190825e-09,2.158383e-09
ISIC_0031392,1,1.340861e-10,0.99999547,7.13475e-10,4.0551165e-12,4.5720617e-06,1.0692633e-08,6.9376427e-10
ISIC_0025559,1,0.00095462945,0.7225283,8.119474e-07,3.1306794e-07,0.0038874904,0.2725705,5.7977646e-05
ISIC_0030787,1,9.994315e-06,0.99547124,7.360022e-09,2.948694e-11,2.5213378e-08,0.0045186547,5.715135e-09
ISIC_0026460,1,9.708347e-06,0.95881945,0.0072625917,2.3787086e-06,0.033870343,2.2422118e-05,1.3049067e-05
ISIC_0028426,1,3.3502197e-06,0.5774334,1.8165597e-08,6.7296885e-10,0.0148089975,0.4072943,0.0004599553
ISIC_0031199,1,4.0423993e-09,1.0,6.765965e-12,8.418536e-15,6.5175194e-09,1.3423987e-08,3.56969e-10
ISIC_0027764,1,4.2958145e-06,0.999933,6.8489326e-06,2.3210087e-09,5.500316e-05,4.0714564e-08,8.022871e-07
ISIC_0027165,1,7.4437035e-06,0.999808,0.00017594865,2.1904178e-08,5.4049974e-06,6.174076e-07,2.6636226e-06
ISIC_0025003,1,8.468322e-06,0.999796,1.6017323e-09,3.786453e-09,0.00019192921,3.6073693e-06,1.15804646e-07
ISIC_0026202,1,0.009959776,0.9394143,1.5250543e-09,4.2203703e-09,0.049368627,0.0012571422,9.863737e-08
ISIC_0028660,1,1.4041717e-05,0.9999621,4.9984217e-10,1.6492803e-09,2.2044234e-05,1.7401185e-06,6.715395e-10
ISIC_0024738,1,4.291721e-09,0.9999931,6.898081e-14,6.0910337e-13,5.345761e-07,6.3762163e-06,3.821155e-10
ISIC_0026858,1,1.319997e-08,0.9999999,2.33912e-12,1.2587905e-09,3.932149e-08,1.9163508e-08,2.4627465e-08
ISIC_0032288,1,1.2669418e-06,0.99917406,1.09482365e-07,1.3521466e-06,0.00075684354,6.503542e-05,1.3597605e-06
ISIC_0025868,1,5.3154383e-07,0.99999917,1.7618115e-11,1.2358019e-12,1.386484e-07,1.0455706e-07,3.0079523e-09
ISIC_0027657,1,0.0016795638,0.7895347,1.2731655e-05,3.0339338e-09,0.2087206,3.08383e-06,4.9291473e-05
ISIC_0026620,1,6.755897e-11,1.0,4.0896138e-16,1.142839e-13,3.077873e-08,3.971169e-08,4.3283802e-10
ISIC_0028813,1,1.943708e-06,0.99991715,2.618185e-08,6.909158e-10,1.7890052e-05,6.294092e-05,4.639529e-09
ISIC_0026689,1,9.420535e-05,0.9992034,1.7919834e-07,2.1649393e-08,0.000697719,4.923081e-07,4.00237e-06
ISIC_0031797,1,2.2719767e-07,0.9973199,1.6623761e-10,2.8116691e-09,0.0026675984,1.2139812e-05,1.45471e-07
ISIC_0025815,1,4.0836003e-06,0.99985564,5.356992e-11,2.5288573e-11,0.00014001853,2.6404896e-07,6.5740426e-09
ISIC_0029335,1,4.4386704e-07,0.9999591,7.2553794e-09,6.926796e-11,3.919878e-05,1.1823369e-06,3.218476e-08
ISIC_0025634,1,0.0019914196,0.2537278,0.73255664,0.007871595,0.0017905822,7.404706e-06,0.0020545989
ISIC_0029111,1,6.9692726e-07,0.99837947,1.5229507e-06,5.756901e-07,0.0016039038,6.937929e-06,6.94967e-06
ISIC_0027061,1,0.0005542191,0.99943334,3.8623185e-09,1.2058799e-08,1.1602028e-05,6.978359e-07,8.579302e-08
ISIC_0030274,1,0.000108169384,0.9991105,1.7640844e-11,2.3405138e-09,0.00014403719,0.000629402,7.780995e-06
ISIC_0032071,1,9.186187e-07,0.998955,2.1794223e-08,7.639781e-11,2.06466e-06,0.0010322868,9.634237e-06
ISIC_0031114,1,1.11913505e-05,0.9999659,3.75093e-09,3.364907e-07,1.297984e-05,9.4353745e-06,1.4834275e-07
ISIC_0027600,1,1.011666e-05,0.9999757,7.070539e-08,3.452201e-08,7.5321864e-06,4.271042e-06,2.2691663e-06
ISIC_0024838,1,2.114313e-06,0.99990034,1.0448746e-12,1.0801146e-09,6.665369e-06,9.0870635e-05,6.1634054e-08
ISIC_0028721,1,0.0035329876,0.50379056,0.000616405,0.022840446,0.023055982,0.4458702,0.0002934154
ISIC_0025461,1,5.9078848e-05,0.9926519,1.9361242e-07,1.6031261e-06,0.006874258,0.0004120763,8.897682e-07
ISIC_0026875,1,0.00054910086,0.99944025,6.78068e-10,1.2367971e-08,2.2101956e-06,1.1778146e-06,7.2818757e-06
ISIC_0031625,1,5.1873834e-05,0.9999411,2.0142199e-11,1.0464529e-12,5.427454e-06,1.574228e-06,6.6892305e-09
ISIC_0024548,1,6.2473174e-07,0.9999757,2.5685916e-08,2.4697945e-08,1.9662857e-05,3.875219e-06,1.9221615e-08
ISIC_0024465,1,1.5857865e-11,0.9999999,6.5791675e-13,1.4661044e-14,6.79589e-09,1.4052482e-07,6.7538544e-09
ISIC_0025849,1,1.1249295e-10,0.99971586,6.9244506e-11,2.356018e-13,1.1597971e-11,0.000284165,1.7703973e-10
ISIC_0031682,1,0.00065682357,0.9857143,1.576274e-10,4.4550065e-11,0.013613543,6.3190505e-06,9.043209e-06
ISIC_0030570,1,0.00020114119,0.99979764,1.2751599e-09,8.500031e-11,6.342228e-07,4.0450516e-07,2.9833708e-07
ISIC_0025246,1,1.5543374e-05,0.9993749,1.9729365e-09,5.3981575e-09,0.00060785364,1.679328e-06,9.553284e-09
ISIC_0028377,1,7.455752e-05,0.9998369,2.4891131e-09,2.1339095e-09,3.2962376e-05,5.5532826e-05,1.8832665e-08
ISIC_0031018,1,1.8674086e-06,0.9999801,6.713745e-11,3.4151462e-09,1.5039627e-05,2.9353846e-06,1.5417159e-09
ISIC_0030538,1,8.0257116e-05,0.99991584,1.0797728e-09,1.274693e-09,1.3415361e-06,5.290194e-08,2.561574e-06
ISIC_0029085,1,9.4291454e-07,0.99999547,3.288395e-09,8.146162e-11,2.1122348e-06,5.2666303e-07,1.0304101e-06
ISIC_0030193,1,0.0010827003,0.68844557,0.00030448774,1.3249652e-07,0.011122317,0.29798383,0.0010609336
ISIC_0026032,1,2.0633481e-06,0.9964275,1.0565232e-09,3.0928167e-09,0.0035704388,1.0814789e-09,1.5392514e-08
ISIC_0026830,1,4.0039176e-06,0.99960405,2.3810107e-07,3.080011e-09,3.718703e-06,0.00011812432,0.00026997106
ISIC_0027384,1,0.00085213705,0.98360175,4.4409823e-08,2.0113299e-07,0.015542925,2.108661e-06,8.2585325e-07
ISIC_0024379,1,8.892617e-06,0.99991894,1.1280314e-09,1.5942518e-08,1.5055251e-05,1.7844317e-05,3.9170194e-05
ISIC_0026129,1,7.854527e-09,0.9999621,8.5698804e-13,1.5990907e-11,3.7932492e-05,4.490406e-09,1.3180086e-10
ISIC_0029490,1,3.2737905e-06,0.99999547,5.9815495e-09,5.5316174e-09,7.895713e-07,3.818336e-07,1.3040872e-07
ISIC_0031086,1,2.1112452e-05,0.99997747,1.12659174e-10,5.698646e-12,1.067297e-06,3.180876e-07,1.6194601e-10
ISIC_0030660,1,2.2223486e-07,0.9999994,9.73515e-11,2.4704714e-11,4.082577e-07,3.0448424e-10,1.1381381e-08
ISIC_0030461,1,6.148466e-07,0.99999833,1.6499897e-11,3.6372495e-11,1.0502363e-06,1.2359686e-08,9.774994e-11
ISIC_0025931,1,1.1483021e-05,0.999987,1.1843452e-11,1.0576182e-11,9.450459e-08,6.7203834e-09,1.4345654e-06
ISIC_0025974,1,2.4036177e-07,0.99921703,6.945632e-11,1.5823887e-11,2.0990115e-05,0.0007617531,1.2042417e-09
ISIC_0026915,1,2.082263e-08,0.9999999,7.244418e-13,4.997369e-11,3.695945e-10,1.1712986e-08,6.5826484e-08
ISIC_0030237,1,1.4894999e-06,0.99866414,7.292469e-10,7.607022e-08,0.001333335,3.6602367e-07,5.756324e-07
ISIC_0030174,1,6.880496e-05,0.9998203,2.387801e-10,5.8579438e-08,2.8617833e-05,6.968509e-05,1.2627434e-05
ISIC_0032263,1,2.1211213e-06,0.99999666,5.8708455e-12,2.8475498e-09,7.5682857e-07,9.2085386e-08,3.4089877e-07
ISIC_0031367,1,0.0001534105,0.99981624,3.4187037e-10,7.9194984e-07,9.433457e-06,1.9989533e-05,5.959528e-08
ISIC_0024835,1,2.1445743e-05,0.9999584,1.1493429e-05,2.8794618e-09,2.4504109e-06,5.9186636e-06,2.709401e-07
ISIC_0030502,1,4.824965e-07,0.99999833,1.1119162e-08,5.9333277e-10,9.1810597e-07,2.8182177e-07,9.800126e-10
ISIC_0024661,1,2.2155455e-06,0.99994755,8.515806e-13,4.6830422e-08,4.942919e-05,6.4117893e-07,1.5139567e-07
ISIC_0025866,1,4.594144e-06,0.9999938,1.3772815e-06,1.05491615e-10,1.17358766e-07,1.964221e-08,1.1622425e-07
ISIC_0024860,1,0.001675963,0.99175876,6.0548996e-11,3.9302206e-10,0.0065644835,2.084966e-07,5.1182053e-07
ISIC_0025806,1,1.0787207e-05,0.99998796,7.0309215e-13,3.9694e-09,9.905777e-07,2.3540719e-07,2.5369344e-09
ISIC_0026267,1,0.40149814,0.5938049,7.507387e-08,1.3870944e-07,0.004238181,0.00045829813,2.472011e-07
ISIC_0024816,1,0.0006189337,0.9904385,7.750125e-10,3.5410437e-07,0.0004394717,0.0085026445,4.2425043e-08
ISIC_0029599,1,9.561081e-05,0.9994609,1.2128244e-11,3.5687184e-10,0.0004173242,2.6217807e-05,8.399592e-09
ISIC_0026920,1,1.2155821e-10,0.9999976,7.863499e-09,1.33419205e-11,2.4189892e-06,4.5745093e-08,1.2852073e-09
ISIC_0025929,1,0.0001296364,0.9998703,2.1608206e-09,8.414483e-09,8.636072e-09,7.244696e-09,4.663894e-10
ISIC_0032108,1,8.401884e-05,0.99991465,2.8588532e-09,4.0865196e-09,1.2474989e-07,1.2419263e-06,7.86935e-11
ISIC_0027283,1,1.1657207e-07,0.9999989,3.1896455e-10,1.644808e-07,5.6209547e-07,2.7788542e-07,4.0924646e-09
ISIC_0027557,1,9.719297e-06,0.9999902,8.645893e-09,5.041881e-10,1.4702923e-08,2.3647424e-09,7.5913654e-08
ISIC_0024563,1,0.008512395,0.99148726,1.2070804e-09,1.8120414e-10,5.329793e-08,2.2513906e-07,5.2831117e-09
ISIC_0027892,1,0.06435689,0.9351202,8.83604e-06,1.1612049e-06,0.00033570788,0.00017729966,3.840597e-08
ISIC_0031357,1,1.3637882e-08,1.0,4.5655853e-12,1.5552165e-10,1.7839438e-08,1.1664053e-08,6.5888606e-10
ISIC_0032234,1,4.5123988e-07,0.9999813,1.0113541e-11,1.4225552e-09,1.4183993e-05,3.5603557e-06,5.629133e-07
ISIC_0029940,1,0.46543092,0.53451043,2.006797e-09,8.506629e-08,4.2104428e-05,1.6439642e-05,4.9073964e-08
ISIC_0031715,1,8.516301e-06,0.99925274,1.809823e-12,5.2806968e-09,0.0007384717,2.787853e-07,2.478627e-09
ISIC_0029492,1,1.16750325e-08,0.99719125,3.9772693e-10,1.0989289e-08,0.00023598527,0.0025611783,1.1610352e-05
ISIC_0024822,1,5.392955e-09,0.9999994,3.0267793e-12,4.1238875e-09,3.6795635e-07,2.5137234e-07,3.2926646e-08
ISIC_0027110,1,0.000105489955,0.99933726,1.221465e-08,4.914401e-07,0.00055435003,2.2883257e-06,8.1073736e-08
ISIC_0030484,1,8.467345e-06,0.9999876,6.2842664e-09,9.062678e-09,2.584582e-06,1.3623376e-06,6.558252e-09
ISIC_0031167,1,8.2347475e-07,0.9998915,3.8283515e-11,2.3238405e-09,9.62881e-05,1.1280157e-05,1.6266222e-08
ISIC_0027082,1,6.437634e-08,0.999992,3.2241163e-09,9.528447e-11,2.659313e-06,5.2463274e-06,1.2606842e-08
ISIC_0030418,1,0.002351404,0.9976037,3.9935315e-08,1.3364772e-06,4.327596e-05,2.494085e-07,1.0275334e-07
ISIC_0027539,1,0.00019322422,0.9998067,4.0965308e-11,7.930465e-09,7.612226e-08,1.3816197e-08,6.114341e-09
ISIC_0032399,1,0.0015814791,0.99841857,7.354247e-11,1.4583895e-12,1.3429543e-09,9.8631405e-09,7.406974e-09
ISIC_0027712,1,7.750386e-07,0.99999666,2.6047246e-12,1.3304392e-12,5.3751614e-10,2.5569068e-06,4.5866008e-10
ISIC_0026000,1,0.0027039864,0.99534744,6.370587e-05,1.8371372e-06,0.00026087664,0.001618864,3.411704e-06
ISIC_0030560,1,0.00026412742,0.999275,5.8105175e-06,5.394852e-06,0.00039576532,5.192527e-05,1.989013e-06
ISIC_0030414,1,3.0996483e-07,0.999998,1.2790934e-10,7.9214656e-11,8.189958e-08,1.5148888e-06,1.2898603e-07
ISIC_0026908,1,1.5943732e-06,0.9999968,2.0867134e-08,5.202999e-08,9.129527e-08,1.0039516e-06,6.1373964e-07
ISIC_0024559,1,0.0010113505,0.99027854,3.048834e-07,1.6639737e-05,0.008621911,6.0110408e-05,1.1201357e-05
ISIC_0026385,1,2.1838807e-06,0.99905866,8.525477e-06,6.2228274e-08,0.0009169578,1.3009797e-05,5.774706e-07
ISIC_0027317,1,4.627616e-05,0.99993896,2.439045e-09,3.624067e-09,7.1720383e-06,7.557727e-06,1.5840662e-08
ISIC_0031656,1,0.00021733585,0.9992374,4.594586e-09,1.7940778e-07,0.00054470694,2.8306943e-07,1.40433665e-08
ISIC_0030441,1,1.3171895e-06,0.9997255,9.129031e-09,1.6413516e-07,0.00020794221,6.407322e-05,9.767707e-07
ISIC_0029871,1,0.00019151122,0.99979776,9.589607e-10,1.1179788e-08,6.5349805e-06,4.160618e-06,6.2451775e-08
ISIC_0027775,1,1.5425967e-05,0.99982065,1.3685989e-11,6.0773244e-09,0.00014319186,1.6433576e-05,4.2545994e-06
ISIC_0032505,1,0.00087214436,0.99911684,3.661802e-07,4.856001e-07,5.731579e-06,2.7046706e-06,1.6988288e-06
ISIC_0029456,1,0.0060716704,0.9939167,3.3000886e-06,9.828215e-07,2.6454816e-06,4.7901067e-06,4.125024e-08
ISIC_0028474,1,8.773327e-08,0.9999976,1.4869042e-10,2.1951435e-10,2.040518e-06,2.2955828e-07,7.962295e-09
ISIC_0027731,1,8.812411e-06,0.9984005,1.4796321e-08,1.480942e-08,5.7352586e-06,0.0015846987,1.448187e-07
ISIC_0025036,1,3.820083e-10,0.9999987,2.4224219e-08,9.046812e-11,4.867166e-07,4.80392e-07,2.9282683e-07
ISIC_0027637,1,2.5993413e-07,0.99994123,1.11273414e-10,1.8667224e-11,4.4454855e-06,5.3985492e-05,7.910804e-09
ISIC_0027617,1,3.5536934e-07,0.999997,7.8442414e-10,3.4357473e-08,2.0716525e-06,4.851323e-07,1.19055265e-07
ISIC_0032050,1,2.8328045e-06,0.9999113,6.91827e-10,9.0261365e-10,8.468431e-05,1.1873548e-06,9.601407e-09
ISIC_0031033,1,2.3347402e-08,0.99999106,4.2546766e-13,5.1193227e-09,8.681855e-06,2.591698e-07,5.9485933e-10
ISIC_0025792,1,7.271979e-06,0.99999225,2.2822373e-09,4.9286386e-10,8.2658666e-08,4.5014087e-08,3.9735153e-07
ISIC_0026677,1,2.855404e-08,0.9999944,6.582367e-14,1.739758e-10,5.5843375e-06,1.217233e-09,2.6862692e-08
ISIC_0024796,1,8.7080075e-08,0.9999995,4.4060686e-10,2.7226266e-09,2.9910308e-07,4.8956995e-08,3.404587e-08
ISIC_0032075,1,3.5864602e-07,0.99773383,2.8774105e-09,1.3304682e-08,1.218162e-07,2.7361575e-06,0.0022629471
ISIC_0024974,1,5.752069e-08,0.9999814,3.3958833e-10,1.8976858e-11,1.8572795e-05,1.3593298e-08,4.3349924e-10
ISIC_0030248,1,3.6252054e-06,0.99999595,1.5174499e-09,2.5175577e-09,2.7212566e-09,3.7617076e-07,7.88707e-09
ISIC_0028392,1,6.206923e-09,0.99999964,3.514109e-11,8.96088e-12,1.041185e-07,3.607466e-09,2.8473954e-07
ISIC_0027695,1,1.4177562e-07,0.99977773,5.927441e-09,1.6962315e-11,9.191521e-08,0.00022203088,1.3880482e-08
ISIC_0024321,1,5.0746842e-09,0.99895275,0.00017208663,1.7415944e-08,3.0248882e-05,0.00084450736,3.6910845e-07
ISIC_0028221,1,1.4726799e-06,0.9926967,3.1549874e-08,2.7659208e-08,0.0072860965,1.4788337e-05,8.3556125e-07
ISIC_0032250,1,9.453473e-06,0.99978036,1.6167893e-10,3.1524228e-09,0.00015413648,5.6053712e-05,5.8338236e-09
ISIC_0025925,1,0.00059316953,0.9993942,2.4349538e-07,5.599429e-07,6.3800103e-06,2.553583e-06,2.956984e-06
ISIC_0024919,1,0.0006137968,0.9993862,1.5359587e-09,2.2654627e-09,3.6902632e-09,1.3389085e-08,1.3410709e-08
ISIC_0030781,1,0.02075771,0.9786289,0.000334149,3.3940065e-08,1.6721413e-05,0.00026113322,1.445211e-06
ISIC_0028683,1,1.4254852e-06,0.9999926,6.9507653e-09,2.393513e-09,1.8127705e-06,4.08831e-06,4.2685773e-08
ISIC_0026109,1,9.77425e-05,0.11855744,1.2534787e-06,7.067295e-06,0.8809113,0.00037759627,4.7558955e-05
ISIC_0029795,1,4.955289e-06,0.9999871,2.1708131e-10,2.3817336e-08,7.716221e-06,2.5337337e-07,2.2210658e-08
ISIC_0025377,1,1.5979363e-07,0.9937244,3.2955125e-10,2.4835036e-12,9.062574e-09,0.006275463,1.1851777e-10
ISIC_0024307,1,1.6842088e-06,0.9977391,1.3476548e-10,7.3207445e-07,0.002108998,0.00014952561,3.005085e-08
ISIC_0027393,1,1.2250517e-07,0.9999999,2.0266113e-12,4.3455153e-12,4.378997e-08,1.7414127e-08,8.989467e-09
ISIC_0032198,1,0.0026505683,0.9959549,6.223094e-05,3.6131027e-07,0.0013112552,1.8283077e-05,2.5040424e-06
ISIC_0025183,1,2.9599107e-05,0.9999651,8.133352e-08,2.2522384e-07,5.965912e-07,1.5825319e-07,4.2470774e-06
ISIC_0027353,1,1.2268619e-07,0.99873346,4.7567623e-12,3.6008372e-09,0.0012662348,1.2464055e-07,4.5361045e-08
ISIC_0028616,1,0.00010208357,0.99813014,2.7354691e-08,3.0869975e-07,0.0013424708,0.00042488606,1.7129267e-08
ISIC_0024611,1,1.7292756e-05,0.999908,4.6845425e-09,4.2424205e-07,6.553011e-05,1.1446531e-06,7.4865247e-06
ISIC_0029125,1,2.4427085e-09,0.99999416,1.2571209e-12,4.393981e-12,5.8698356e-06,3.0894356e-08,6.2405037e-10
ISIC_0027257,1,0.0023846957,0.9956703,0.0009947832,2.0635528e-06,0.00027437432,0.00067322317,5.6976705e-07
ISIC_0027491,1,8.977862e-06,0.9865197,0.00033227523,0.0017393223,0.011347379,6.6817296e-07,5.1642408e-05
ISIC_0028603,1,2.111148e-07,0.9999629,2.5463314e-07,1.05770965e-11,6.540381e-08,3.6357444e-05,2.1470336e-07
ISIC_0032120,1,4.594212e-07,0.9999995,1.7628081e-10,3.4910342e-11,2.5896139e-08,8.019124e-10,1.6557942e-09
ISIC_0030131,1,6.7813664e-07,0.9999366,5.822861e-13,2.4453007e-12,5.6467616e-08,6.2669686e-05,5.313385e-10
ISIC_0030409,1,7.4669015e-07,0.9883902,1.9017487e-11,1.2117718e-09,0.011608536,4.257646e-07,8.6212315e-10
ISIC_0025167,1,3.1920298e-09,0.9999999,8.37882e-12,1.270008e-11,1.6807765e-07,1.41419045e-08,3.256718e-10
ISIC_0027417,1,1.8629277e-06,0.9999981,1.7488596e-11,4.197039e-12,1.1727922e-08,5.9252208e-09,1.9627866e-09
ISIC_0025648,1,1.7997382e-06,0.99999774,9.64282e-12,7.1786926e-10,1.4727813e-07,3.6211708e-07,7.8857704e-10
ISIC_0032049,1,0.00010562862,0.9998772,4.4561452e-09,1.00348695e-10,1.5914113e-05,8.97259e-07,2.885141e-07
ISIC_0027048,1,2.3665965e-08,0.99999726,3.2938305e-09,4.4433415e-11,1.7210693e-06,9.4042235e-07,3.8617955e-08
ISIC_0028193,1,6.867123e-08,0.99999523,2.9351556e-11,1.1397065e-11,3.6661186e-07,4.3379646e-06,1.6044452e-10
ISIC_0027232,1,9.965231e-07,0.9949764,3.531184e-09,3.8403493e-07,0.004971661,9.57685e-06,4.097535e-05
ISIC_0027409,1,1.8240126e-08,0.97306293,2.269859e-09,2.9652603e-07,1.830854e-05,0.026917716,6.50927e-07
ISIC_0029556,1,4.2655674e-06,0.9999423,1.3888818e-10,1.5966002e-10,5.303183e-05,3.221845e-07,2.834108e-10
ISIC_0025698,1,7.9882045e-07,0.99999917,4.159071e-12,5.163616e-11,7.390331e-08,5.67217e-08,7.849247e-09
ISIC_0027016,1,3.7844468e-06,0.99995863,2.2362199e-12,1.6951937e-10,3.7488862e-05,1.01562456e-07,7.781389e-09
ISIC_0026300,1,2.3913832e-05,0.9992361,8.0215924e-11,5.191049e-10,0.0004798874,0.0002599832,1.0901071e-07
ISIC_0031032,1,7.344819e-05,0.99988854,1.492531e-08,2.161873e-06,8.556231e-06,2.2930135e-05,4.359294e-06
ISIC_0026119,1,1.4613562e-06,0.9999982,4.954226e-11,1.2246898e-09,2.135227e-07,4.828046e-08,1.1336645e-07
ISIC_0028345,1,1.6688364e-08,1.0,1.702285e-14,1.8049302e-13,5.5911012e-11,5.399391e-09,2.5269538e-09
ISIC_0024720,1,0.0016860159,0.9982315,5.3363944e-09,5.234207e-09,6.641326e-07,3.1125623e-08,8.189487e-05
ISIC_0028741,1,5.691479e-07,0.9999963,2.4948574e-09,8.070645e-09,1.05188036e-07,2.5050033e-06,4.991412e-07
ISIC_0028853,1,1.6863022e-06,0.999938,4.9483923e-08,2.9131517e-08,6.0137445e-05,1.4248005e-07,1.7025549e-08
ISIC_0027981,1,7.862094e-09,1.0,3.9657586e-11,9.264008e-12,1.475129e-09,9.1193314e-10,5.287597e-10
ISIC_0025951,1,0.0008029497,0.99912995,5.5451835e-08,7.006909e-08,1.939824e-05,4.6271984e-05,1.3897323e-06
ISIC_0025060,1,2.5088755e-05,0.9998524,2.0852069e-08,9.2763673e-07,0.000120951336,4.0247286e-07,1.6862775e-07
ISIC_0025125,1,6.348505e-06,0.28957927,7.182539e-09,2.475889e-06,0.24692777,0.46348235,1.7577942e-06
ISIC_0024568,1,6.596853e-05,0.99991465,2.4204254e-09,3.665942e-09,1.7591197e-05,1.2704524e-07,1.6560447e-06
ISIC_0029324,1,0.0033119423,0.9962698,2.9938582e-07,4.766004e-06,0.00039437966,6.4532475e-07,1.8252582e-05
ISIC_0030101,1,2.508924e-10,0.9999981,5.438367e-09,5.38551e-11,3.7418008e-07,1.571057e-06,2.274906e-09
ISIC_0027116,1,0.00021996237,0.9991509,3.2295053e-10,4.591388e-08,0.00062600465,2.7444423e-06,4.6736227e-07
ISIC_0026966,1,0.00032869322,0.99967015,1.911371e-09,1.2893402e-09,6.5191364e-07,2.9266602e-08,4.5840608e-07
ISIC_0024990,1,5.2968442e-08,0.99999714,1.7240274e-12,6.2240642e-12,7.021239e-07,1.995137e-06,3.606069e-08
ISIC_0030928,1,2.9529568e-07,0.99999535,1.11051826e-08,2.186633e-08,1.417545e-06,8.4200644e-07,2.1314743e-06
ISIC_0024849,1,2.4019446e-06,0.99726284,5.4949942e-09,4.345636e-06,0.0026540137,6.732223e-05,9.063167e-06
ISIC_0026597,1,1.7437721e-06,0.9998317,4.0717563e-09,3.232817e-09,0.00015511294,3.8685226e-07,1.10758e-05
ISIC_0030927,1,1.2578338e-05,0.99998534,1.4863784e-10,4.7305942e-08,5.5080363e-07,1.4170469e-06,9.137105e-08
ISIC_0028387,1,6.7733555e-07,0.9999676,3.7176953e-09,4.8406634e-10,2.9896577e-05,1.7905847e-06,4.951314e-08
ISIC_0028207,1,0.033739623,0.96605885,1.0016096e-05,1.9345123e-07,0.0001848859,3.3419972e-06,2.999721e-06
ISIC_0032268,1,0.02040058,0.6186883,0.01841569,3.200759e-05,0.3423783,5.9563044e-05,2.555501e-05
ISIC_0026461,1,5.460439e-05,0.9873275,8.403982e-10,5.93481e-08,0.012615236,2.2957447e-06,2.3346712e-07
ISIC_0026184,1,2.4529038e-05,0.96432096,5.804672e-08,2.8843894e-07,0.026098669,0.009554552,7.938644e-07
ISIC_0027720,1,2.624045e-06,0.9999974,1.287783e-10,1.39144226e-11,8.501949e-09,3.4014967e-08,3.2260592e-09
ISIC_0030853,1,8.187213e-07,0.9999236,3.877743e-11,6.6109523e-10,1.014676e-05,6.468508e-05,7.19012e-07
ISIC_0027500,1,3.1708017e-10,0.99999976,1.14685996e-07,1.9787813e-12,2.8429459e-09,4.220591e-08,7.965612e-08
ISIC_0026762,1,3.7011455e-06,0.99998677,1.3422453e-08,4.2351667e-07,1.4197333e-07,2.0493908e-06,6.917875e-06
ISIC_0031505,1,3.811452e-09,0.9998895,1.1526537e-08,7.004599e-09,0.00010386383,6.465737e-06,1.6119644e-07
ISIC_0024342,1,0.00019798466,0.99966896,8.46015e-08,7.524944e-08,1.7283957e-05,7.2941425e-06,0.000108268345
ISIC_0028081,1,1.1365775e-06,0.99941134,2.0795162e-06,3.3231046e-08,5.1572383e-06,0.00054540276,3.493213e-05
ISIC_0024950,1,2.7367571e-08,0.99999523,4.8358654e-08,3.851012e-08,3.7942536e-07,6.064678e-08,4.2270094e-06
ISIC_0026002,1,9.104883e-05,0.99990726,1.5706641e-08,2.9486137e-07,6.6201665e-07,2.5473142e-07,5.281863e-07
ISIC_0025768,1,4.532065e-09,0.9999995,8.895211e-13,2.0449302e-12,4.205397e-07,3.13732e-08,8.03358e-09
ISIC_0024939,1,2.4047937e-05,0.99995935,2.0433585e-12,1.5037348e-09,1.25439665e-05,3.878113e-06,7.1921846e-08
ISIC_0024583,1,3.5349186e-07,0.9999994,1.388708e-12,8.873186e-12,1.4340749e-09,2.761043e-07,8.817617e-11
ISIC_0024601,1,1.2526575e-05,0.99998724,9.362616e-09,1.318192e-11,1.8527439e-07,2.6467772e-09,5.5113096e-09
ISIC_0025059,1,1.6857814e-09,0.9999999,3.9734391e-13,2.3955009e-15,1.4117291e-09,6.1483675e-08,5.2960726e-11
ISIC_0031655,1,1.9490126e-06,0.99804115,3.360372e-07,7.1083e-05,1.1593648e-05,0.0018738498,7.4708375e-08
ISIC_0029071,1,3.1230904e-06,0.9999664,1.18786065e-08,1.3127676e-07,3.0067526e-05,1.7612079e-07,1.2561185e-07
ISIC_0029532,1,0.00049190363,0.9985784,3.3794613e-06,1.2953143e-07,0.0009249386,1.0935007e-06,1.18975876e-07
ISIC_0029458,1,4.1442274e-07,0.9999994,3.5443812e-14,8.680052e-11,2.1233564e-07,2.1273078e-08,4.708394e-10
ISIC_0029921,1,0.0011531465,0.99882406,1.5901602e-08,2.7027049e-08,2.00552e-05,2.7011797e-06,9.6582475e-09
ISIC_0031082,1,8.075279e-06,0.9999862,4.3667905e-09,1.8827511e-07,1.4229743e-06,2.948336e-06,1.0503046e-06
ISIC_0027132,1,1.2212101e-08,1.0,9.634803e-13,1.2647047e-11,2.9221361e-08,2.4345423e-08,1.355732e-09
ISIC_0024719,1,3.4491376e-07,0.99999344,7.6823124e-11,3.4414968e-10,5.911684e-06,9.384991e-08,2.0043532e-07
ISIC_0031939,1,1.4674764e-08,0.9999652,1.6337542e-11,2.975586e-10,3.0830965e-05,3.9339557e-06,4.1739834e-11
ISIC_0029156,1,0.00023562774,0.99964416,3.982092e-09,1.0853424e-06,0.000108214364,1.0640402e-06,9.8669225e-06
ISIC_0030584,1,1.0216617e-05,0.99947757,5.9852283e-09,8.7094276e-07,2.1708054e-05,0.00047804107,1.1724405e-05
ISIC_0030294,1,5.1732837e-05,0.9781796,2.6493372e-09,1.6435119e-05,0.02174659,4.9525484e-06,6.9982104e-07
ISIC_0031861,1,1.1288902e-05,0.99991393,2.9485642e-10,1.2600327e-08,7.826528e-07,7.368804e-05,3.7538592e-07
ISIC_0030701,1,2.2999072e-07,0.9999608,2.9692002e-10,5.0546953e-09,3.8745493e-05,1.404952e-07,9.134563e-08
ISIC_0028245,1,1.4090127e-09,0.9999869,1.7407874e-10,7.206761e-15,1.5278367e-08,1.2211377e-05,9.350254e-07
ISIC_0032117,1,1.5752535e-08,0.99997926,6.7576227e-12,5.1470626e-11,7.91061e-06,1.1357598e-05,1.46648e-06
ISIC_0031723,1,4.3003485e-08,0.9999999,2.4874265e-12,1.540718e-12,3.3671113e-09,9.8924566e-08,2.7661293e-10
ISIC_0025521,1,8.73009e-06,0.9951918,0.00014180264,0.00021895689,0.004032232,6.2625084e-05,0.00034375887
ISIC_0026312,1,7.222436e-05,0.99992657,1.1573796e-07,1.9800082e-07,4.758162e-07,7.73797e-08,3.1322617e-07
ISIC_0030022,1,8.7572397e-07,0.9999987,7.2441185e-13,1.0524191e-10,3.7771252e-07,2.5922837e-09,1.369442e-09
ISIC_0026821,1,3.639637e-06,0.9998642,1.7098373e-10,8.15051e-09,0.00013210597,3.9102492e-08,5.6753755e-08
ISIC_0024713,1,3.1938205e-06,0.9999813,7.160964e-13,5.137804e-11,7.477298e-08,1.5286774e-05,2.1188293e-07
ISIC_0027460,1,7.699721e-08,0.999997,6.154544e-12,1.6061389e-09,2.903699e-06,7.5005335e-10,3.402006e-09
ISIC_0031664,1,5.1330172e-08,0.9999956,7.992465e-09,1.8856051e-10,3.8199482e-06,3.901666e-08,5.620341e-07
ISIC_0030215,1,4.2032053e-08,0.9999994,8.9298513e-10,1.186264e-10,4.647418e-07,7.9486256e-08,5.6335905e-09
ISIC_0031669,1,0.021343509,0.9784379,7.4118907e-07,1.1650643e-07,0.00019319047,2.3739605e-05,7.723798e-07
ISIC_0030861,1,0.0003487579,0.9995184,2.5766272e-10,6.315616e-09,0.00012973891,2.7331394e-06,3.8698334e-07
ISIC_0029521,1,3.8303497e-06,0.9994086,6.355566e-05,4.3199216e-06,4.336759e-06,0.0005084033,6.9884127e-06
ISIC_0025307,1,6.279017e-06,0.99994767,1.6007527e-10,1.1308904e-09,4.599888e-05,2.9765796e-09,3.839518e-09
ISIC_0024434,1,5.6298325e-07,0.9999987,1.7988405e-10,1.4785242e-09,7.5702383e-10,9.0138497e-10,7.411689e-07
ISIC_0024542,1,7.8182575e-06,0.99996245,4.6741415e-09,8.796319e-09,2.9298666e-05,3.736493e-07,9.70355e-08
ISIC_0025827,1,1.0495884e-08,0.9999975,5.613832e-13,2.944463e-12,2.1457167e-06,3.3792662e-07,6.611037e-10
ISIC_0026686,1,2.834055e-05,0.9999621,1.772593e-11,4.6562723e-09,9.60758e-06,3.711449e-08,6.223144e-09
ISIC_0032449,1,0.09106501,0.90893346,4.9040893e-11,1.7718141e-09,1.5517195e-08,4.062211e-07,1.0452114e-06
ISIC_0031665,1,0.00045555443,0.99954385,4.214447e-07,3.1807023e-08,1.04902025e-08,1.08832765e-07,6.7043465e-10
ISIC_0024616,1,7.853541e-06,0.98097366,5.4867587e-07,2.9406215e-06,0.018843936,0.00016174678,9.288197e-06
ISIC_0027274,1,0.00015841256,0.99929,8.402406e-08,1.4910212e-07,0.00054459565,6.7036794e-06,5.871769e-08
ISIC_0031110,1,6.375888e-06,0.9999883,1.8099771e-09,1.8330249e-07,4.577238e-06,4.4519763e-07,5.987822e-08
ISIC_0030103,1,7.573116e-05,0.99992406,2.2320924e-10,1.5536672e-09,1.4302172e-08,1.4790629e-07,8.140002e-08
ISIC_0029649,1,2.6715108e-05,0.999972,1.3368365e-09,1.5714318e-07,5.962017e-07,1.7839221e-07,4.1897016e-07
ISIC_0032255,1,2.7295071e-05,0.99994457,3.091058e-11,4.5916536e-08,2.6932292e-05,5.1091115e-07,6.731144e-07
ISIC_0026127,1,0.00076844817,0.95573246,1.0684959e-06,1.3408684e-05,0.04201382,0.0014692303,1.5539156e-06
ISIC_0026162,1,8.071744e-08,0.999602,1.979504e-08,2.515894e-07,0.00027562777,0.00011154236,1.0516854e-05
ISIC_0029497,1,5.0734625e-06,0.99796534,1.2990452e-11,1.25327e-07,0.0020276085,1.9485726e-06,1.5497701e-08
ISIC_0024398,1,3.9830675e-07,0.99996424,6.7069166e-08,7.382331e-10,3.1571042e-05,4.597696e-07,3.2565868e-06
ISIC_0032038,1,1.8905276e-07,0.99999964,1.5884684e-11,1.0108299e-09,3.0918873e-08,6.665897e-08,2.8521965e-08
ISIC_0024895,1,3.3979543e-07,0.999985,2.0231354e-09,1.1064541e-11,1.4712352e-05,1.8517564e-08,1.3445842e-09
ISIC_0025190,1,3.1791813e-05,0.99996805,2.5527972e-11,6.026133e-10,1.1432365e-07,2.7446596e-08,1.1089168e-09
ISIC_0030222,1,6.545226e-06,0.99999106,3.1285464e-11,2.7675682e-09,2.0701214e-06,3.4327874e-07,6.8643145e-09
ISIC_0028748,1,1.0220962e-05,0.9999275,1.4275914e-09,3.898884e-09,2.9561772e-05,3.08328e-05,1.834247e-06
ISIC_0031235,1,3.221501e-07,0.9999949,5.915831e-12,4.8048405e-09,4.245248e-06,4.968793e-07,6.004845e-08
ISIC_0028391,1,3.1380237e-06,0.99999,2.7585244e-07,3.1053265e-08,4.3312943e-06,1.5345457e-06,6.7547353e-07
ISIC_0027182,1,1.9409947e-05,0.99997985,6.208789e-09,3.8444686e-10,1.0045254e-08,4.856419e-07,2.0847318e-07
ISIC_0024399,1,3.2845004e-05,0.99994516,2.2052216e-06,2.547621e-08,1.1262665e-06,1.8611023e-05,1.1618474e-08
ISIC_0024603,1,8.969073e-06,0.99999106,5.980561e-14,8.7387805e-12,2.8271747e-09,2.443541e-08,2.0155918e-08
ISIC_0029868,1,7.249417e-05,0.9998349,4.249253e-07,3.9006838e-07,3.864402e-05,2.8825878e-05,2.4372244e-05
ISIC_0025429,1,0.011080947,0.98351157,1.1868056e-07,4.643549e-08,0.0054060207,6.642926e-07,6.258391e-07
ISIC_0031992,1,2.7006504e-06,0.99999595,3.747998e-08,1.3718068e-09,8.1350885e-07,4.7195255e-07,1.9522767e-08
ISIC_0029622,1,7.575748e-06,0.998231,3.1223362e-06,6.982228e-06,0.00038499563,0.0012353049,0.0001310454
ISIC_0030763,1,1.0476294e-05,0.9999826,3.168246e-07,1.2576648e-09,5.4432455e-08,5.813608e-09,6.5565782e-06
ISIC_0031022,1,4.743116e-08,0.9937621,8.4397517e-10,3.0195566e-09,0.0037634799,0.0024709625,3.4867542e-06
ISIC_0032264,1,5.350955e-06,0.9911186,5.0768035e-06,0.00029142376,0.008215557,0.00013164693,0.00023224713
ISIC_0029941,1,3.5282717e-06,0.9999964,6.838671e-13,5.7495224e-12,7.908135e-08,8.741007e-09,1.710473e-08
ISIC_0025503,1,9.209467e-07,0.9996698,5.3669083e-07,1.0337867e-06,6.5543994e-05,0.00025982235,2.3644684e-06
ISIC_0029691,1,0.00045819668,0.9975667,2.3266304e-07,3.886803e-08,0.001970683,3.8948774e-06,3.188125e-07
ISIC_0028394,1,0.0021312898,0.99784386,1.1426763e-09,1.5979579e-10,9.749016e-07,2.3631084e-05,1.392238e-07
ISIC_0024508,1,0.048515603,0.95144564,8.356917e-09,2.42772e-08,3.8202055e-05,2.082732e-07,3.0677424e-07
ISIC_0024769,1,1.5221376e-06,0.99999845,2.2549555e-14,3.0936352e-12,2.3664866e-08,1.4034098e-09,1.3708658e-13
ISIC_0031862,1,3.4670032e-07,0.91222644,5.921181e-08,5.6121016e-06,0.035907466,0.05145752,0.00040251887
ISIC_0029058,1,1.1431799e-07,0.9999968,6.8978373e-12,3.9585457e-10,3.1411107e-06,3.2930187e-09,2.0032305e-09
ISIC_0031608,1,0.0007009357,0.99929786,1.4504722e-10,1.2570643e-10,4.3099377e-08,1.028906e-06,2.1849285e-08
ISIC_0026642,1,0.0023399151,0.99763,2.2164972e-09,1.3109245e-08,3.0101648e-05,5.4108476e-08,1.3184471e-08
ISIC_0031590,1,3.1283136e-07,0.99999,2.3330182e-13,1.1590113e-11,9.582619e-06,8.578188e-08,5.000094e-11
ISIC_0026331,1,1.5042055e-08,0.9999989,1.254254e-10,3.7062037e-11,9.976421e-09,1.0573258e-06,1.33585605e-08
ISIC_0027362,1,4.1534213e-06,0.99968874,3.8620865e-07,1.5371922e-12,3.2654828e-09,0.00030650423,2.5655692e-07
ISIC_0030475,1,1.2307891e-08,0.999995,3.3775504e-07,7.0829575e-12,4.525003e-06,3.051105e-08,9.403247e-08
ISIC_0024689,1,0.07779734,0.9222003,9.030561e-10,6.7848878e-09,4.7986344e-08,3.7088896e-08,2.3047737e-06
ISIC_0032483,1,2.7906099e-05,0.99997175,1.2975329e-10,4.4118556e-11,1.2661341e-07,1.6449765e-07,1.5417884e-07
ISIC_0025186,1,1.5922106e-07,0.9999999,2.0241996e-13,1.9330601e-13,2.1249678e-09,4.615006e-09,5.3678257e-09
ISIC_0032503,1,0.0013349269,0.9984035,4.0436987e-08,9.921535e-06,0.00019879323,5.2483818e-05,3.89436e-07
ISIC_0030228,1,1.6346833e-08,1.0,6.835556e-12,4.146836e-12,3.719784e-11,1.1301178e-08,1.0350979e-08
ISIC_0028521,1,4.3569855e-08,0.9999999,6.365471e-13,1.1244996e-11,2.1699861e-08,9.648247e-09,4.065371e-09
ISIC_0025762,1,0.00013313346,0.9998652,7.7639865e-12,8.340122e-10,1.7174891e-06,4.7879183e-08,2.5197203e-10
ISIC_0025114,1,9.460325e-07,0.99999905,3.806097e-11,3.711115e-10,9.05625e-09,2.7342526e-08,2.4507111e-08
ISIC_0030386,1,0.00057808944,0.99915445,4.094491e-11,5.4302456e-09,3.5353473e-06,0.00026386845,6.0404346e-08
ISIC_0032401,1,1.8909048e-09,0.9999999,4.8998365e-13,4.4650126e-13,9.1263345e-08,1.1695569e-09,7.606678e-10
ISIC_0030713,1,4.8779066e-07,0.9999819,5.433693e-10,7.446436e-11,1.7587465e-05,8.61517e-09,2.5509673e-08
ISIC_0028070,1,4.3773105e-07,0.9999995,1.6622327e-10,2.0388294e-10,2.4105557e-08,4.758922e-09,4.3816223e-10
ISIC_0031336,1,5.9248106e-07,0.9975382,3.9582965e-06,3.1621344e-06,0.0024295885,9.1096393e-07,2.3462431e-05
ISIC_0026917,1,1.286741e-07,0.99999917,4.0036896e-10,1.2579332e-08,3.5727882e-07,1.466505e-08,3.080597e-07
ISIC_0031419,1,4.160687e-06,0.999899,1.3663973e-08,1.2459854e-08,7.673337e-09,4.9399294e-08,9.6774434e-05
ISIC_0029586,1,1.1747111e-06,0.99984574,1.7139565e-09,3.1762374e-11,3.212177e-07,0.00015267593,4.2208267e-08
ISIC_0028405,1,2.603319e-06,0.9959914,2.882139e-08,1.2895747e-06,0.0040033455,3.730576e-08,1.3102087e-06
ISIC_0025189,1,1.11990485e-05,0.9936121,3.1383207e-09,1.0485554e-07,0.0063135214,6.0400598e-05,2.659893e-06
ISIC_0024549,1,0.03220251,0.96716905,7.6079955e-06,8.317183e-06,0.00047898723,0.00013109128,2.45923e-06
ISIC_0030169,1,1.006181e-06,0.9999957,1.5389325e-11,2.0540676e-10,7.739757e-07,2.4870133e-06,2.1385586e-10
ISIC_0028563,1,4.794682e-07,0.99998605,1.7256287e-10,1.8247752e-08,3.1673708e-06,1.022909e-05,1.2662373e-10
ISIC_0027656,1,1.884792e-06,0.9998122,3.0095326e-11,2.286665e-07,0.00018483159,8.453607e-07,9.994382e-09
ISIC_0027459,1,1.1871723e-07,0.9997658,2.998932e-10,5.0242157e-08,0.00023381851,2.0597987e-07,1.4258755e-08
ISIC_0027913,1,9.217063e-05,0.9999076,7.786235e-12,1.8793653e-09,1.0252594e-07,3.3222365e-09,9.397387e-08
ISIC_0028374,1,2.3756833e-05,0.9999759,3.69236e-11,1.0465407e-09,2.7355472e-07,2.173882e-08,2.6872382e-09
ISIC_0024614,1,4.834172e-06,0.9999949,4.9428697e-09,1.875024e-10,3.1521267e-08,1.7949736e-07,2.2946757e-08
ISIC_0028134,1,0.00016709462,0.99983275,4.5338442e-12,2.9546733e-11,9.446533e-08,2.9972774e-08,6.846691e-08
ISIC_0026187,1,8.7497074e-07,0.9999832,1.20413395e-08,1.2022852e-10,4.4204335e-06,1.1444264e-05,1.1039586e-07
ISIC_0031736,1,3.5953093e-05,0.99888855,3.4510236e-10,6.754251e-10,1.4765204e-06,0.0010738515,2.4336845e-07
ISIC_0025382,1,7.649241e-05,0.9999105,1.5448206e-08,1.34392835e-08,1.2775815e-05,1.7428228e-07,7.0128635e-08
ISIC_0030572,1,0.00014478099,0.99969757,2.9065188e-08,3.5028226e-08,0.00014841833,9.196018e-06,1.9068434e-08
ISIC_0027131,1,1.2820565e-06,0.9999925,1.764137e-11,1.2854239e-09,5.5920764e-06,3.015374e-07,3.3340342e-07
ISIC_0025077,1,3.7394962e-06,0.9999957,1.0661318e-11,5.0476377e-12,3.0202219e-09,6.352837e-07,9.983489e-09
ISIC_0029158,1,4.6473803e-09,1.0,5.9145865e-12,2.7322285e-11,1.2539739e-09,8.2134466e-10,5.333891e-09
ISIC_0026428,1,2.5714744e-06,0.9999958,1.3890111e-11,1.9572968e-10,1.5942378e-06,4.1699398e-08,1.5435578e-10
ISIC_0027521,1,1.4024052e-08,0.99998367,5.156068e-14,1.61659e-11,1.2599315e-05,3.7359512e-06,3.1489138e-11
ISIC_0024442,1,2.676307e-07,0.99999964,2.8923855e-08,2.682608e-11,6.576946e-09,4.32029e-09,3.4218917e-08
ISIC_0027619,1,0.001130728,0.9988048,1.2652873e-09,2.2094233e-09,6.362008e-05,6.697604e-07,1.4095124e-07
ISIC_0030438,1,3.809599e-06,0.99996066,4.860378e-08,3.4999443e-06,2.0318203e-05,1.16737165e-05,1.8363552e-08
ISIC_0031155,1,0.001376068,0.99861014,8.7619594e-07,3.1576494e-07,1.20166615e-05,4.310047e-07,5.2631904e-08
ISIC_0030667,1,7.249498e-07,0.99999404,2.4050164e-09,8.547448e-09,1.3623014e-07,7.597206e-07,4.4045532e-06
ISIC_0024742,1,0.00062658964,0.99870825,2.2766915e-07,0.0003717751,0.00028592613,6.908167e-06,3.0460066e-07
ISIC_0025185,1,3.4411936e-05,0.99995816,1.2916391e-09,2.704926e-09,7.3269193e-06,6.932378e-08,1.0569192e-09
ISIC_0028093,1,1.0756029e-05,0.9999888,5.274554e-10,2.2475883e-09,3.6596572e-07,1.4401064e-07,2.040494e-08
ISIC_0029131,1,2.3877134e-05,0.99997354,6.116306e-09,1.299062e-08,2.2043696e-06,4.0930593e-07,1.1088828e-09
ISIC_0030392,1,3.612614e-06,0.9999956,7.475572e-10,9.521536e-12,8.198006e-07,3.1913892e-09,4.1675016e-10
ISIC_0030631,1,0.02607759,0.9726495,6.32909e-05,5.3922336e-06,0.00092208065,0.00027734402,4.6697673e-06
ISIC_0027243,1,0.0012838837,0.99836904,1.4382489e-08,4.9759007e-07,0.0003466438,2.9548518e-08,1.1957825e-08
ISIC_0026047,1,1.6552847e-05,0.9820534,0.012777103,1.1042264e-05,0.0050825914,3.927795e-05,1.9982452e-05
ISIC_0025829,1,2.2603434e-05,0.999977,1.3755909e-12,1.6447911e-12,3.226255e-07,9.922484e-08,5.565656e-09
ISIC_0029325,1,1.2322077e-08,0.99996066,7.7777715e-12,6.0190096e-11,3.930943e-05,2.339158e-08,7.0201045e-09
ISIC_0029283,1,4.8449806e-06,0.99999106,7.867089e-10,2.0752308e-08,7.9977906e-07,2.7276005e-06,5.299265e-07
ISIC_0026405,1,6.2710143e-07,0.9999994,2.1461604e-12,6.634263e-11,4.101521e-10,1.0421054e-09,5.3672395e-09
ISIC_0026078,1,2.18268e-06,0.98817223,3.7311886e-05,3.0243987e-07,0.00050859345,0.011279325,4.009191e-08
ISIC_0025163,1,0.00023047204,0.9996333,9.6938095e-08,1.01068416e-07,1.6252852e-05,0.00011923834,4.0539985e-07
ISIC_0025280,1,4.2961186e-05,0.99995565,2.714768e-07,4.918141e-09,7.179292e-07,8.947832e-08,3.2368243e-07
ISIC_0031280,1,0.00014879585,0.99829584,8.7664354e-08,0.00026045117,2.342608e-05,0.0012703574,1.0113279e-06
ISIC_0030201,1,2.0423131e-05,0.99995136,7.65411e-08,1.3286326e-07,2.2625089e-05,5.2311116e-06,1.2271823e-07
ISIC_0025537,1,3.6563335e-06,0.99993706,1.3496283e-08,1.41783945e-08,5.9061247e-05,2.2555477e-07,1.8012136e-08
ISIC_0028125,1,4.3288846e-08,0.9999801,1.4920565e-11,5.451182e-11,1.5887543e-05,3.933853e-06,1.1820346e-08
ISIC_0025216,1,1.048389e-10,0.9999976,8.781833e-15,2.3322052e-12,2.3426983e-06,1.2439704e-09,3.9450023e-11
ISIC_0027050,1,2.396358e-09,0.9999999,5.542564e-12,5.985712e-11,7.426311e-08,5.439064e-08,9.0941485e-09
ISIC_0031843,1,4.5937704e-05,0.99988997,5.0970647e-07,9.081294e-07,6.2309206e-05,3.0111858e-07,2.3939155e-09
ISIC_0025270,1,0.00039628881,0.9994018,4.5530808e-07,1.8245615e-08,0.00019929912,2.1482315e-06,1.3973275e-10
ISIC_0029506,1,6.4375604e-06,0.99960405,4.869218e-09,2.3782293e-08,0.00035695566,1.9417876e-06,3.0726915e-05
ISIC_0028189,1,9.874629e-06,0.99984586,1.7775617e-09,2.34389e-09,0.00011252959,3.1487358e-05,2.5798215e-07
ISIC_0026198,1,4.699144e-09,0.99995685,5.844957e-09,6.535917e-07,2.1618673e-05,2.0772895e-05,2.2644097e-07
ISIC_0031616,1,3.7580736e-07,0.9997876,1.6026213e-08,1.1553089e-07,0.00020964873,8.263423e-07,1.4470154e-06
ISIC_0025304,1,1.5245613e-06,0.99996066,2.3038176e-06,1.351344e-09,6.2506023e-09,2.7575426e-08,3.551155e-05
ISIC_0030864,1,1.8078694e-06,0.9999651,1.0747677e-08,2.7735746e-08,3.9329234e-06,1.2905408e-06,2.789633e-05
ISIC_0027594,1,1.408583e-05,0.99996114,1.7422346e-09,1.3080413e-08,2.234264e-05,1.8499915e-06,5.5455246e-07
ISIC_0030381,1,1.9003824e-08,0.9999999,1.5695508e-09,2.6727684e-10,2.5600892e-08,1.5127587e-07,1.9685866e-09
ISIC_0026616,1,0.0012708157,0.9987122,6.754212e-08,2.1262904e-06,8.658019e-06,6.057451e-06,8.803055e-08
ISIC_0031124,1,1.2303503e-05,0.99998033,2.9518903e-09,8.683069e-10,7.4003688e-06,1.613916e-08,1.6461738e-09
ISIC_0029234,1,2.2460286e-05,0.99993336,8.9271035e-09,1.6880907e-07,4.4025335e-05,2.6387271e-08,5.2254996e-09
ISIC_0026287,1,3.7974158e-05,0.99027187,5.4145694e-05,3.881151e-06,0.007838866,0.0017889829,4.219113e-06
ISIC_0027748,1,0.11274191,0.6294093,6.876873e-05,4.3233216e-05,6.000286e-06,0.0016491285,0.25608167
ISIC_0024878,1,2.171901e-06,0.9999807,9.578412e-11,3.0819944e-09,8.235565e-06,8.7862145e-06,2.776317e-08
ISIC_0029076,1,0.000544044,0.99944705,7.2257045e-10,4.5192166e-08,1.277102e-06,7.600625e-06,2.5648927e-09
ISIC_0027484,1,2.1721935e-07,0.9999994,2.7904799e-12,1.4652253e-11,1.09181215e-07,2.2310829e-07,5.340811e-09
ISIC_0030216,1,0.0039859037,0.99600816,2.097925e-09,6.9218693e-09,1.9038837e-06,7.8749885e-08,3.849242e-06
ISIC_0028893,1,7.0259084e-06,0.99999213,2.3462256e-11,8.0846e-09,1.620993e-07,1.4321954e-08,6.272715e-07
ISIC_0030808,1,1.6713795e-09,0.9999993,1.6228025e-08,1.7521613e-10,1.0414965e-07,6.2480245e-07,1.668497e-09
ISIC_0026944,1,9.88351e-09,0.99989474,9.937259e-11,1.6626817e-08,0.00010473401,3.225762e-07,1.064334e-07
ISIC_0025283,1,4.8291366e-09,0.9999995,4.3016115e-11,5.0308353e-09,2.9032114e-07,7.785046e-09,2.0599187e-07
ISIC_0030078,1,1.669986e-06,0.99978155,2.831467e-08,1.9709705e-07,0.00017643481,3.8118254e-05,1.9045373e-06
ISIC_0027676,1,8.763518e-09,0.99998784,1.6614306e-06,2.2432201e-07,4.383549e-06,1.9485467e-06,3.929099e-06
ISIC_0030601,1,1.2744498e-06,0.9999982,4.3101474e-11,7.268208e-10,1.7321534e-07,1.9779833e-07,1.3119984e-07
ISIC_0028434,1,0.00050090085,0.9994972,3.1493053e-10,1.1041541e-08,1.0364095e-06,8.1457466e-07,4.48629e-09
ISIC_0028703,1,0.00039618183,0.99938786,1.4900869e-05,4.0534615e-06,0.00019596794,7.568278e-08,8.9752064e-07
ISIC_0025435,1,7.4322577e-07,0.99997866,4.749558e-08,5.0618794e-08,2.037954e-05,1.227519e-07,1.4844462e-08
ISIC_0025468,1,1.833679e-05,0.95319045,1.13270005e-07,1.41162545e-05,0.04676568,7.4671034e-06,3.7770915e-06
ISIC_0026354,1,0.0021432985,0.99784446,4.1169299e-10,5.669172e-09,1.0093828e-05,1.9043202e-06,2.0376619e-07
ISIC_0030325,1,4.3775703e-06,0.99999547,2.4254537e-10,6.6447486e-11,1.6387833e-09,1.1688692e-07,4.4738275e-08
ISIC_0026410,1,0.00049203116,0.9991155,9.36307e-10,1.3185713e-07,0.00023462954,0.00015648428,1.1427995e-06
ISIC_0028040,1,1.3205939e-05,0.9999497,3.2855157e-10,3.1800746e-09,3.371621e-05,3.3504323e-06,1.088223e-08
ISIC_0025479,1,2.3939288e-08,0.9999999,1.7420162e-13,2.6702906e-11,1.06120446e-07,7.8561524e-10,1.06932925e-08
ISIC_0027980,1,1.14284916e-07,0.9999963,4.082663e-12,1.4211358e-10,2.040815e-06,1.5250985e-06,4.1904084e-08
ISIC_0029901,1,6.0666903e-09,0.9999976,7.513173e-12,1.1821555e-10,1.3829937e-08,2.3827265e-06,2.5997826e-09
ISIC_0031425,1,3.2496596e-06,0.99999595,9.537362e-10,2.9804732e-09,3.4826056e-07,1.113758e-08,4.1092886e-07
ISIC_0030472,1,2.302296e-06,0.99995804,2.9888117e-14,3.7280534e-10,3.8891027e-05,6.701227e-07,2.5692504e-09
ISIC_0026482,1,0.0003156974,0.99943334,2.855484e-08,5.859431e-08,0.00018783622,1.1077271e-05,5.1980023e-05
ISIC_0026379,1,1.361044e-06,0.9999932,8.276736e-10,2.0841097e-07,1.3414581e-06,3.302028e-06,4.601229e-07
ISIC_0024912,1,3.7167888e-06,0.999995,1.5371738e-08,3.7414645e-09,9.134523e-07,2.9695585e-07,1.08408386e-07
ISIC_0025014,1,0.017680261,0.80905473,2.4271083e-07,0.00039530254,0.0039042449,0.16894192,2.3251583e-05
ISIC_0031772,1,5.809061e-06,0.9999939,2.4096145e-11,8.469283e-11,2.700857e-07,1.4173515e-09,2.019984e-09
ISIC_0029842,1,0.00016251841,0.9998367,2.1796539e-11,6.398934e-11,9.623833e-08,7.0500943e-09,7.2472653e-07
ISIC_0024691,1,0.00019237344,0.9997198,2.164463e-09,3.8075026e-11,8.0154496e-05,7.1067716e-06,5.50828e-07
ISIC_0027556,1,6.8975686e-07,0.9999974,2.7139374e-12,1.8909831e-09,2.7087975e-08,1.8240361e-09,1.8921152e-06
ISIC_0024417,1,3.895249e-06,0.99771225,7.097791e-08,6.458965e-08,0.0022347767,4.834311e-05,5.7717216e-07
ISIC_0024541,1,3.6835515e-06,0.99999595,3.0202552e-10,6.76878e-11,1.16804635e-07,9.263035e-08,1.0050788e-07
ISIC_0025371,1,4.4071498e-05,0.99709475,4.7268667e-10,4.2017053e-08,0.0017718775,0.0010879061,1.3201887e-06
ISIC_0031696,1,0.0023792707,0.99761677,3.668789e-08,1.8003325e-10,8.760283e-09,8.358659e-09,3.8956637e-06
ISIC_0030696,1,1.7843739e-05,0.89833087,0.00052496506,1.2302056e-05,0.099565685,0.0008501519,0.0006981967
ISIC_0025026,1,3.744487e-05,0.9999422,1.4272354e-07,3.649545e-08,4.8551046e-06,1.5431682e-05,1.030763e-08
ISIC_0027965,1,5.5676323e-05,0.999795,8.7583996e-10,2.3884206e-09,0.00014830164,8.8574035e-07,1.3785456e-07
ISIC_0028722,1,9.1278525e-07,0.9999988,1.2914275e-10,2.4613669e-09,3.9022513e-08,1.2851831e-07,1.388381e-07
ISIC_0031858,1,6.670028e-05,0.5804607,3.5662175e-05,0.0013459085,0.41070113,0.0066308267,0.0007590468
ISIC_0025401,1,0.03149981,0.9684945,1.5529652e-09,5.3932564e-10,5.782925e-06,5.7285945e-08,1.5466563e-10
ISIC_0026579,1,9.6702e-10,0.99999964,6.074278e-12,5.052207e-11,2.5636801e-08,3.2167426e-07,1.8162336e-08
ISIC_0029551,1,1.9052899e-05,0.9999434,7.812589e-09,1.1455634e-09,6.694709e-09,3.750109e-05,2.9247142e-08
ISIC_0032297,1,5.752465e-05,0.9999409,2.1684092e-09,8.557204e-09,1.0702291e-06,2.0584686e-07,2.510749e-07
ISIC_0026973,1,3.845926e-06,0.9995254,3.889324e-10,6.478483e-08,0.0004688281,4.2073174e-07,1.309443e-06
ISIC_0031830,1,5.4333455e-08,0.9998178,1.1955698e-06,1.11379165e-07,1.0590713e-05,0.00016982867,3.9078924e-07
ISIC_0030887,1,9.3371443e-07,0.99999905,1.671401e-10,1.3720512e-10,2.7421323e-09,9.31387e-09,4.104018e-09
ISIC_0026542,1,2.0658925e-05,0.99861145,5.7244494e-11,3.3269791e-09,0.0013653983,2.546976e-06,5.5361755e-09
ISIC_0029282,1,1.6718731e-06,0.9999887,3.951076e-10,4.5659e-08,9.64922e-06,2.0389027e-08,7.198495e-10
ISIC_0025490,1,4.2722707e-08,0.99999917,1.1489994e-13,3.8406106e-12,7.3362355e-07,9.637793e-09,4.785802e-12
ISIC_0029063,1,0.00022074708,0.99977916,4.7745198e-12,2.2484709e-10,3.2033466e-08,4.1281748e-08,1.9627098e-08
ISIC_0026479,1,4.3549782e-08,0.9999988,9.909554e-12,3.970395e-10,6.144401e-07,5.064934e-07,2.6721768e-08
ISIC_0030098,1,5.4668435e-06,0.99999404,4.221485e-08,3.4359826e-10,5.376211e-11,1.4447043e-07,3.914378e-07
ISIC_0031265,1,1.7546026e-06,0.9999982,2.0011805e-11,2.933941e-13,4.3268336e-08,2.2442178e-08,6.357677e-11
ISIC_0026951,1,1.3649428e-07,0.9999999,3.426204e-11,6.243382e-11,1.8797501e-09,2.7881395e-09,1.2250756e-08
ISIC_0029244,1,1.4170634e-08,1.0,1.5482213e-12,1.9996284e-10,7.837281e-10,4.012946e-09,7.880019e-09
ISIC_0026041,1,0.00016446174,0.9998348,2.1965468e-12,5.7055787e-11,3.5443412e-07,2.3778759e-08,3.3889077e-07
ISIC_0030576,1,1.0007066e-10,1.0,2.4625266e-15,6.315983e-13,2.1293712e-08,1.227328e-08,4.875569e-10
ISIC_0027979,1,9.8905176e-08,0.99956936,1.1636575e-07,1.666082e-07,0.00039924053,2.5542098e-05,5.513114e-06
ISIC_0030234,1,4.48815e-06,0.9999635,4.739443e-11,1.65321e-09,2.2609014e-05,9.3431145e-06,4.6571337e-08
ISIC_0029285,1,0.0026975858,0.9972364,3.962266e-11,4.5452695e-09,1.000537e-06,6.500146e-05,2.6861565e-08
ISIC_0031312,1,1.5130417e-05,0.9999819,7.7992396e-12,4.3589408e-09,2.699428e-06,2.8088502e-07,6.2354125e-08
ISIC_0032323,1,0.0027827183,0.9971976,3.055324e-11,7.467495e-09,1.9433533e-05,7.6341095e-08,4.1336463e-08
ISIC_0025739,1,1.4125325e-08,0.9999999,6.065752e-14,1.5041083e-13,3.8785237e-09,2.7922972e-08,8.5093895e-08
ISIC_0025574,1,8.952185e-06,0.99999094,1.4587499e-10,5.1518637e-12,1.6871182e-08,1.0392156e-07,1.82467e-11
ISIC_0026304,1,0.0002552254,0.9943621,7.63169e-09,1.8502733e-07,0.0053396896,4.2516433e-05,1.5885531e-07
ISIC_0028883,1,0.00041403613,0.99945194,5.0369717e-06,8.530237e-05,3.9125847e-05,9.984295e-07,3.579478e-06
ISIC_0026939,1,0.0002208519,0.9899525,2.20945e-06,6.790322e-05,0.009620214,0.00013023293,6.089443e-06
ISIC_0027340,1,0.00010705314,0.9998894,7.422761e-11,3.348026e-10,2.7976582e-06,1.1229311e-07,6.5936297e-07
ISIC_0026937,1,1.3420083e-06,0.99999225,5.3614504e-09,1.8703096e-08,5.2339856e-06,1.1060979e-06,1.3049241e-07
ISIC_0025921,1,3.4484813e-08,0.9999925,9.347867e-10,1.0456907e-08,5.927966e-06,1.4905328e-06,1.1669239e-08
ISIC_0030062,1,8.02155e-09,1.0,8.646422e-13,1.5004351e-13,5.80234e-10,3.8716077e-08,1.2141205e-10
ISIC_0028433,1,4.27288e-09,0.9997627,2.0526523e-11,3.123711e-08,3.8592832e-05,0.00019872909,2.5729522e-08
ISIC_0031341,1,3.4083076e-08,0.9999988,7.055384e-12,2.2205833e-12,1.2008237e-06,8.464456e-09,2.9086342e-10
ISIC_0029896,1,0.00037742703,0.9996221,2.348846e-10,4.8960715e-09,4.501281e-07,1.1369712e-08,7.4486355e-09
ISIC_0030568,1,0.0002851059,0.99968934,2.8207532e-07,4.03569e-09,7.876692e-07,2.4287907e-05,2.0925607e-07
ISIC_0027726,1,1.0751581e-08,0.99998105,1.3233956e-08,1.1914757e-10,1.882133e-05,1.06887725e-07,1.1008052e-09
ISIC_0026850,1,9.487566e-09,0.9999181,1.9791098e-09,4.796551e-09,1.9232361e-07,8.170095e-05,1.7876935e-09
ISIC_0029116,1,0.0010710846,0.998917,8.8010356e-11,3.2096306e-09,1.1945673e-05,3.6868446e-08,1.979396e-09
ISIC_0025334,1,5.4136166e-05,0.9999417,8.194089e-12,6.9877965e-11,3.9476067e-06,2.7014735e-07,8.718252e-09
ISIC_0025820,1,5.570498e-06,0.99999344,1.0931609e-09,1.4410088e-09,5.2929867e-08,5.480436e-07,2.873514e-07
ISIC_0029646,1,8.459152e-06,0.9999838,3.998555e-13,1.4575575e-10,7.567369e-06,2.8184e-07,4.6338244e-09
ISIC_0027817,1,5.6094575e-07,0.999998,8.961702e-12,3.393311e-10,1.388811e-06,2.7020029e-08,2.0650814e-08
ISIC_0025315,1,2.220961e-06,0.9363541,0.0009665336,5.612843e-06,0.061572295,2.1752609e-05,0.0010774876
ISIC_0025187,1,0.00010896691,0.9994572,3.7722277e-08,1.1143264e-06,0.00042066336,1.1002204e-05,1.1617412e-06
ISIC_0027115,1,0.0010064265,0.9989932,9.351207e-12,1.7388253e-10,2.0183361e-07,1.0667481e-08,1.153351e-07
ISIC_0025864,1,2.1989745e-05,0.9999467,2.0079882e-09,2.8238265e-09,7.8733797e-07,3.0561983e-05,3.296304e-09
ISIC_0031886,1,3.1074858e-11,1.0,5.497829e-15,1.3282916e-15,3.4042086e-10,3.1969975e-08,1.3686284e-10
ISIC_0025022,1,1.4241731e-05,0.99998486,1.100961e-12,2.651036e-12,1.8056555e-07,6.710526e-07,2.9114369e-09
ISIC_0028617,1,3.1392668e-07,0.9999937,1.4656587e-11,4.015018e-09,4.975523e-06,8.3662775e-07,1.8047349e-07
ISIC_0025764,1,2.0678087e-07,0.99780816,1.1848189e-06,1.3000509e-06,0.002160884,4.371742e-06,2.3891114e-05
ISIC_0028019,1,2.1023372e-06,0.99963117,1.01061874e-10,9.126499e-09,0.0001541714,0.0002126036,6.488762e-09
ISIC_0030029,1,3.9230436e-06,0.9999951,1.893021e-09,3.0041673e-07,1.485851e-07,8.432217e-08,3.1834114e-07
ISIC_0026640,1,1.5918706e-05,0.999979,4.364692e-10,1.2491684e-09,4.4887292e-06,2.6165412e-07,3.3277055e-07
ISIC_0030393,1,1.820834e-05,0.9998795,2.4990447e-11,4.968771e-10,8.866926e-05,1.3597897e-05,3.0116507e-09
ISIC_0028620,1,1.2888272e-08,0.9999944,5.83691e-07,9.4646214e-11,8.862322e-07,4.0462396e-06,1.3662122e-08
ISIC_0027985,1,1.8375085e-05,0.9998535,9.8321825e-06,4.3568257e-06,8.107127e-05,5.061654e-07,3.232706e-05
ISIC_0026609,1,4.643171e-08,0.99999917,6.4180627e-12,7.507867e-09,7.4780195e-07,1.9936612e-08,9.827862e-09
ISIC_0030028,1,7.889524e-06,0.9999032,8.6480223e-10,2.6882474e-09,8.878815e-05,1.933505e-08,1.5220789e-07
ISIC_0025441,1,0.00013927877,0.9998492,5.5048605e-07,5.548374e-07,3.8930857e-06,4.0584932e-06,2.4321869e-06
ISIC_0026189,1,6.7169703e-06,0.99981886,1.1623515e-09,7.6479415e-07,0.00017108936,2.584826e-06,1.3457417e-08
ISIC_0027128,1,5.592596e-06,0.999992,8.774808e-10,1.1105437e-09,5.931432e-07,1.7577338e-06,4.8589777e-10
ISIC_0027581,1,8.8897866e-07,0.9999968,5.799188e-11,5.112518e-10,2.138096e-06,1.102479e-08,1.4034866e-07
ISIC_0024638,1,0.0075303884,0.9924694,2.0548126e-10,4.8358886e-11,7.430362e-08,8.9639244e-08,9.752507e-08
ISIC_0029292,1,1.7352988e-05,0.9990128,1.5384087e-07,4.612193e-09,0.00095080776,1.8474238e-05,3.9975617e-07
ISIC_0028676,1,1.4122202e-08,1.0,5.972313e-11,9.532699e-12,2.7976539e-09,5.673305e-10,8.664173e-12
ISIC_0029407,1,1.252849e-05,0.99994063,1.127587e-09,1.4303746e-08,2.7348535e-05,1.9376988e-05,5.2729877e-08
ISIC_0026801,1,0.019674063,0.97461456,8.144633e-06,2.6003238e-07,5.855644e-06,0.005690148,6.8997997e-06
ISIC_0030259,1,2.2198161e-07,0.99999595,4.458398e-10,1.7033486e-08,3.5448365e-06,2.8675478e-07,1.8568663e-08
ISIC_0026345,1,7.0474803e-06,0.9999573,1.0256801e-07,1.7481483e-05,3.607735e-06,1.1231649e-05,3.2331816e-06
ISIC_0027369,1,1.6573152e-07,0.999985,3.1309291e-06,2.1363851e-08,3.7326188e-06,5.5587196e-07,7.4156137e-06
ISIC_0027096,1,1.0351815e-06,0.99999666,6.5200775e-11,6.2077095e-09,1.8175781e-06,2.5233066e-07,2.1158993e-07
ISIC_0031500,1,7.977981e-06,0.99998736,7.070803e-10,3.3680452e-09,4.854701e-07,1.8963576e-06,2.2945776e-06
ISIC_0030949,1,2.1709651e-08,0.9999989,1.4424912e-12,2.3778433e-09,9.5130605e-07,3.2359445e-08,7.9736466e-08
ISIC_0028296,1,5.0304943e-06,0.9999312,1.7080067e-09,1.1185332e-06,5.7076053e-05,5.4658954e-06,5.546118e-08
ISIC_0030498,1,7.3246924e-06,0.9801042,3.526019e-11,4.7010502e-08,0.006162145,0.013725664,7.4535296e-07
ISIC_0028784,1,3.7782647e-07,0.8676566,3.4215528e-10,3.2985645e-07,0.13220994,0.00010907205,2.3613335e-05
ISIC_0029817,1,2.6396845e-05,0.9999578,9.601323e-09,4.986341e-08,9.148424e-06,2.0677912e-06,4.635307e-06
ISIC_0031826,1,3.4094896e-06,0.9999964,3.4168163e-10,1.7221234e-08,1.4733194e-08,6.7020686e-08,2.0656339e-08
ISIC_0028838,1,6.693234e-06,0.9993975,1.4889662e-09,1.4386359e-07,0.00030495235,0.00028788808,2.816569e-06
ISIC_0031722,1,2.7805865e-07,0.99999857,3.888816e-12,7.1234785e-12,4.275751e-07,7.568646e-07,3.2463193e-10
ISIC_0029445,1,1.5458789e-05,0.99916756,3.9629615e-12,2.7242312e-08,0.0006937902,0.00010829736,1.4965508e-05
ISIC_0025916,1,0.0027334187,0.99544746,8.9653463e-07,0.0016170362,3.5268375e-05,7.170967e-06,0.00015873121
ISIC_0026375,1,0.002321228,0.9972149,8.240807e-07,4.492262e-05,0.00017436825,7.3815086e-06,0.00023632961
ISIC_0029939,1,1.0783816e-05,0.9999807,1.8894877e-09,6.5773604e-09,8.254594e-06,7.26806e-08,1.2012825e-07
ISIC_0026005,1,3.821217e-08,0.9999988,1.6510018e-10,1.4633184e-09,1.4686536e-07,5.2649074e-10,1.0075976e-06
ISIC_0025403,1,8.342303e-09,0.9856673,0.00012072755,4.1586723e-06,0.0142030455,4.078497e-06,7.1042416e-07
ISIC_0029461,1,4.4515946e-05,0.99985003,1.743493e-06,1.913291e-05,2.6171858e-06,5.089435e-05,3.0999407e-05
ISIC_0032458,1,3.8386734e-06,0.9999932,6.0561486e-11,3.87676e-09,5.7379054e-07,2.0731859e-08,2.3732523e-06
ISIC_0031562,1,0.00027123425,0.9997087,1.9525837e-08,1.8327152e-07,1.9333125e-05,1.4508522e-07,3.3915774e-07
ISIC_0025006,1,1.7681097e-09,0.9999713,3.261669e-12,3.966713e-10,2.8656812e-05,5.2428323e-08,7.058933e-08
ISIC_0029643,1,3.3003896e-06,0.9965702,2.2946336e-08,3.23344e-05,0.0022614636,0.0011304424,2.2767726e-06
ISIC_0030195,1,6.756584e-09,0.9999901,1.6692893e-14,3.310417e-12,5.2761166e-06,4.706861e-06,2.6959472e-09
ISIC_0031952,1,1.2613281e-05,0.9934428,1.41281244e-08,8.2992966e-07,0.0065437094,4.3711015e-08,2.0903275e-09
ISIC_0032381,1,0.000510651,0.9959577,5.1825864e-08,9.452253e-05,0.0033715328,5.515396e-05,1.0365839e-05
ISIC_0030860,1,1.0470316e-08,0.99999225,1.0555589e-13,3.6221554e-11,6.8038635e-06,1.0044557e-06,3.1088268e-10
ISIC_0030776,1,0.0014124473,0.9985814,4.029132e-10,4.3029615e-09,2.9600053e-06,2.6344222e-07,2.9110952e-06
ISIC_0030997,1,3.4805552e-08,0.99899703,9.990991e-10,3.5434407e-06,0.00035156877,0.00064699113,7.3025257e-07
ISIC_0030024,1,0.00064773817,0.9992605,2.1269139e-10,1.8257655e-08,9.892069e-07,9.0811096e-05,4.0931745e-08
ISIC_0024927,1,2.9806693e-05,0.9999702,5.818375e-12,1.4306072e-09,3.3777486e-08,2.5131897e-09,9.788418e-10
ISIC_0028762,1,3.5676658e-07,0.99999964,1.4115369e-10,2.2439149e-10,9.856213e-09,6.8020483e-09,6.5232963e-10
ISIC_0026289,1,0.0004830326,0.99951386,1.3941915e-09,8.8244073e-10,1.1912748e-06,2.0201121e-07,1.6163712e-06
ISIC_0025042,1,0.00028577418,0.99971217,3.630604e-10,1.0111254e-09,1.8337399e-06,3.667894e-08,1.6936168e-07
ISIC_0029185,1,4.5498055e-05,0.99994266,3.1179126e-10,6.406144e-08,1.1017315e-05,7.2937354e-07,3.7555745e-09
ISIC_0031860,1,1.1992247e-06,0.99999857,2.2303066e-09,7.727521e-09,1.9894276e-07,1.349109e-08,3.9065524e-09
ISIC_0029761,1,2.603064e-07,0.99999917,2.77346e-10,8.072222e-09,9.2081926e-08,4.3542474e-07,1.3935264e-08
ISIC_0030027,1,5.499289e-06,0.9999442,4.984859e-07,1.6482758e-09,3.4169007e-05,5.66555e-06,9.891387e-06
ISIC_0032256,1,3.4371697e-10,1.0,1.5346741e-15,6.1692735e-13,5.166174e-10,2.0477121e-10,1.0402731e-09
ISIC_0026342,1,4.9599805e-07,0.9999993,2.9012168e-10,9.698662e-10,6.422727e-09,7.464265e-08,4.5144663e-08
ISIC_0027252,1,2.5538519e-08,1.0,3.0365647e-12,3.1177057e-13,4.13483e-09,1.224407e-09,9.275178e-09
ISIC_0030412,1,1.2225389e-06,0.99999464,1.2008827e-10,1.9067736e-08,3.4921982e-06,6.493289e-07,6.2471706e-08
ISIC_0024754,1,0.001954119,0.9980235,3.59796e-10,1.4896945e-10,2.0612864e-05,1.8065406e-06,1.5951217e-09
ISIC_0030854,1,0.00038650044,0.92524743,5.294871e-07,0.00014944795,0.074211374,3.790172e-06,9.969231e-07
ISIC_0025498,1,2.765408e-07,0.99999416,8.19998e-11,4.725995e-10,2.0675393e-06,3.469507e-06,1.882703e-09
ISIC_0028257,1,6.7313726e-05,0.99993265,5.3649203e-11,1.7681627e-09,1.3076797e-08,8.204251e-10,1.1411335e-08
ISIC_0029954,1,0.00039186398,0.9996074,1.1671543e-10,4.275929e-11,7.4977004e-07,5.8832392e-09,8.7671294e-11
ISIC_0026669,1,2.3729594e-06,0.9999976,1.0032714e-09,4.9683964e-12,9.901867e-09,4.552974e-08,3.581668e-08
ISIC_0027207,1,0.0015530615,0.9984199,5.536196e-07,3.374405e-07,9.751366e-06,1.615564e-05,2.1871858e-07
ISIC_0025643,1,6.356766e-06,0.99999356,4.8076893e-11,7.1072696e-11,9.213899e-09,6.1958055e-08,2.8838338e-09
ISIC_0028366,1,5.715325e-07,0.99999917,1.5150905e-11,4.973918e-10,2.22135e-09,2.828382e-07,1.9404517e-08
ISIC_0025279,1,3.8744724e-07,0.9999962,1.09978995e-08,2.4288827e-09,1.6201226e-06,1.3776105e-06,3.498025e-07
ISIC_0025021,1,1.5658644e-07,0.99996376,8.0031765e-10,4.2477072e-10,3.0399166e-05,5.7073635e-06,4.8680633e-09
ISIC_0030595,1,3.4848974e-05,0.9995571,2.8113303e-09,1.0071889e-08,1.8454429e-07,0.00040788046,9.967924e-09
ISIC_0027882,1,4.4626685e-07,0.9998342,1.5324317e-10,1.9500401e-09,0.00016538677,8.589943e-09,7.797058e-09
ISIC_0025440,1,1.9572394e-07,0.9999821,6.1705046e-13,1.0229901e-10,1.7002409e-05,6.7484683e-07,1.1246111e-10
ISIC_0027516,1,2.3826125e-08,0.9999919,1.3887535e-08,3.354205e-10,7.1787817e-06,3.5444756e-07,5.365766e-07
ISIC_0030389,1,4.7354288e-07,0.9999993,3.2121823e-13,6.810905e-11,7.7168956e-08,8.365977e-08,3.3197456e-10
ISIC_0031740,1,0.0011399154,0.9988319,1.4051552e-07,1.0062381e-07,2.7580669e-05,2.7827832e-07,5.6528982e-08
ISIC_0031375,1,8.8165486e-10,0.9999999,2.3985024e-13,8.891763e-11,9.63944e-08,2.3090518e-09,9.836106e-12
ISIC_0026595,1,3.8523336e-05,0.9999554,8.7380436e-10,1.5999587e-11,6.089467e-06,6.8596324e-09,8.845174e-11
ISIC_0026758,1,5.9558224e-05,0.9999404,2.3133034e-10,1.3909922e-10,8.1457415e-08,1.8200028e-08,7.223774e-09
ISIC_0031910,1,1.7316706e-05,0.9999827,2.5488083e-13,3.6142006e-10,1.9141956e-08,2.5215911e-08,4.1848105e-11
ISIC_0030437,1,1.5011301e-07,0.9999994,4.0091295e-11,9.210978e-10,4.4622402e-07,2.425887e-08,1.4163573e-08
ISIC_0028475,1,2.402894e-08,0.9999995,1.1266494e-09,1.738659e-10,2.6409577e-07,1.3167094e-07,5.2685333e-08
ISIC_0032491,1,5.709292e-09,0.99999213,1.1316355e-07,4.364111e-09,1.1637871e-08,3.3204202e-07,7.4353743e-06
ISIC_0032383,1,8.620823e-07,0.9999044,1.5295907e-07,1.2499405e-09,6.534805e-06,8.789689e-05,1.4136747e-07
ISIC_0031333,1,3.139799e-05,0.99995816,1.3853996e-08,1.3184669e-07,4.844962e-07,2.390928e-07,9.538195e-06
ISIC_0027341,1,1.2953226e-05,0.99998665,1.0635083e-11,9.9722355e-11,3.6761702e-07,9.2857233e-10,6.4967015e-10
ISIC_0032353,1,3.106772e-09,1.0,2.3975811e-11,1.2694899e-11,1.963634e-08,1.938488e-09,1.1961668e-09
ISIC_0027728,1,0.00044317235,0.9995491,1.0570791e-06,4.8962953e-08,6.508815e-06,1.4995915e-07,2.8604704e-08
ISIC_0029579,1,9.742171e-08,0.9999999,1.519165e-12,5.983192e-10,3.0762585e-08,3.4210554e-09,1.0258596e-09
ISIC_0026059,1,2.0072455e-06,0.99999666,1.225761e-12,9.973701e-12,9.713692e-07,3.9383642e-07,2.831347e-08
ISIC_0031072,1,2.011806e-05,0.97375417,0.00020727528,0.0012339829,0.015211899,0.0070442823,0.00252836
ISIC_0027975,1,0.00086491153,0.99820566,3.5521003e-07,1.49597e-09,0.00092397805,1.6401322e-07,5.022901e-06
ISIC_0030886,1,0.0023971642,0.9473025,7.389177e-08,9.642881e-05,0.050177786,2.4593695e-05,1.4631305e-06
ISIC_0031911,1,0.0002710985,0.99972695,3.635751e-10,2.1420858e-10,2.7431858e-07,3.2800916e-08,1.6133903e-06
ISIC_0026882,1,1.203959e-07,0.99999285,4.2204108e-11,9.89602e-10,3.4693867e-06,3.5466783e-06,2.2478107e-10
ISIC_0026134,1,2.1147146e-07,0.9999925,5.645446e-10,1.8165106e-09,6.5230265e-06,6.741135e-07,4.949464e-08
ISIC_0027241,1,4.317171e-07,0.9999994,2.1405119e-11,7.5596823e-10,1.2140903e-07,3.2054462e-08,8.4002033e-10
ISIC_0024894,1,2.058016e-06,0.9999962,1.6889447e-10,1.1380324e-08,1.0234477e-06,6.523346e-07,1.2396792e-07
ISIC_0031566,1,1.9094855e-06,0.9999653,4.4472315e-09,5.8899136e-10,5.836776e-08,3.2547727e-05,1.4971688e-07
ISIC_0027733,1,0.0008018116,0.9991867,7.3664744e-08,1.6845224e-06,3.765579e-06,4.466404e-06,1.5491077e-06
ISIC_0030430,1,0.000117427015,0.99987936,1.4409406e-09,1.493901e-07,1.97658e-06,2.2860466e-07,9.019736e-07
ISIC_0028590,1,1.1198473e-06,0.97736424,1.2634466e-10,7.0105954e-10,0.0013329815,0.02129545,6.2146223e-06
ISIC_0032089,1,2.8330413e-05,0.99997056,1.0174917e-06,3.7676234e-10,5.295852e-09,3.596055e-08,5.179001e-08
ISIC_0027716,1,0.000655908,0.99934226,3.7535614e-10,4.2976004e-07,1.1258784e-06,1.2985471e-07,4.5936165e-08
ISIC_0032495,1,4.353464e-06,0.99999535,3.968207e-11,2.7609945e-09,2.235992e-07,6.4917205e-09,4.1233147e-08
ISIC_0030190,1,3.095319e-06,0.99999404,9.168386e-07,1.1973366e-07,2.6973515e-07,1.5821078e-06,4.3225675e-08
ISIC_0028300,1,3.808531e-06,0.9999844,8.7635547e-13,1.2572688e-09,4.8698075e-07,1.1368871e-05,1.4745238e-09
ISIC_0027625,1,5.705846e-06,0.99999344,7.674499e-09,3.2666185e-07,3.6972136e-07,5.997351e-08,2.8280942e-08
ISIC_0025760,1,4.9778563e-08,1.0,1.4628511e-13,6.594163e-11,4.194514e-10,6.649105e-10,4.4112105e-09
ISIC_0031139,1,7.5938874e-07,0.9999796,1.0777809e-11,1.1281064e-09,7.3625085e-07,1.8200319e-05,6.7438003e-07
ISIC_0024576,1,6.2945346e-06,0.9983851,1.8392798e-08,3.347899e-08,2.1278198e-05,5.194279e-05,0.0015354583
ISIC_0030431,1,2.851661e-06,0.9999788,1.7892663e-08,5.6297395e-08,1.8080553e-05,1.7171087e-07,1.16833384e-07
ISIC_0026757,1,3.305408e-07,0.9999782,5.674361e-10,2.5366291e-09,1.19654815e-05,9.526976e-06,6.7466015e-09
ISIC_0030503,1,9.60182e-07,0.999998,6.473088e-10,3.7204755e-09,7.4986065e-07,5.5312007e-08,3.5000767e-07
ISIC_0028919,1,8.5553775e-06,0.99997854,2.981513e-09,1.1603569e-10,1.1094247e-05,1.6187071e-06,8.632219e-08
ISIC_0024359,1,2.5245286e-05,0.9999733,1.2292771e-12,5.9468964e-11,4.1028446e-07,1.1050331e-06,1.6857142e-09
ISIC_0028295,1,0.0016342753,0.9983525,6.149547e-08,1.2404006e-07,3.7536563e-07,5.06389e-06,7.5262665e-06
ISIC_0026982,1,2.8685305e-08,0.9999938,5.6897057e-11,2.1421604e-09,5.520275e-06,5.5129436e-07,2.0206081e-09
ISIC_0028956,1,1.1370676e-08,0.9999987,1.2866859e-08,3.466453e-08,1.1740809e-06,1.0626453e-07,2.2000691e-08
ISIC_0026288,1,4.313346e-06,0.9804613,0.008058865,3.7788593e-06,0.0005251177,0.010943366,3.3217289e-06
ISIC_0024728,1,3.8310667e-08,1.0,9.727239e-13,7.4170295e-11,1.5466808e-08,4.4920836e-09,1.4458582e-09
ISIC_0030619,1,3.144227e-05,0.99996734,3.6774983e-07,3.9758956e-09,1.4383255e-07,4.3018105e-07,2.1291302e-07
ISIC_0030453,1,3.536593e-07,0.99999523,1.3200996e-11,4.2283677e-10,3.1290654e-08,1.4891977e-07,4.2840084e-06
ISIC_0029677,1,2.9594285e-06,0.9999963,3.9856783e-08,3.7889983e-08,1.409092e-07,4.4658194e-07,2.8999606e-08
ISIC_0027860,1,0.000331995,0.9996668,3.2183685e-09,2.2074035e-08,2.6401142e-07,1.09413776e-07,8.754517e-07
ISIC_0028845,1,0.0006651394,0.9993315,2.4581071e-08,7.993773e-09,2.1153231e-07,3.0510498e-06,6.116218e-08
ISIC_0028654,1,3.77236e-08,0.99993265,2.467954e-09,2.9131137e-08,2.7782486e-05,3.9242892e-05,3.1956807e-07
ISIC_0024502,1,0.00012784595,0.99986935,9.4041e-10,1.226196e-09,2.5403244e-06,2.543431e-07,3.6819998e-08
ISIC_0030996,1,4.36767e-06,0.9995425,2.4236075e-09,9.196283e-08,0.00045252967,4.40344e-07,1.8441993e-08
ISIC_0027929,1,3.3909848e-06,0.99999595,2.61934e-12,8.5726155e-11,4.9508765e-07,2.0514275e-08,1.6995996e-07
ISIC_0025025,1,6.457852e-05,0.9999237,5.50794e-10,7.893467e-09,2.174906e-07,1.1474587e-05,5.5285756e-08
ISIC_0028327,1,7.242065e-07,0.99987125,1.2172833e-08,7.9488577e-10,0.00012662189,1.3636466e-06,7.474551e-08
ISIC_0029356,1,0.055843398,0.94409716,1.5993213e-05,4.3582013e-06,2.79817e-07,3.872483e-05,1.4068218e-07
ISIC_0028946,1,1.6413578e-06,0.99999774,1.4875037e-09,4.6763507e-08,3.494586e-07,1.4220457e-07,1.14253474e-07
ISIC_0024609,1,1.4328217e-06,0.99998283,8.026726e-08,8.230784e-08,3.5928638e-06,4.501542e-06,7.4174154e-06
ISIC_0028292,1,2.6653206e-07,0.9996246,1.5961746e-11,2.338489e-11,0.00037136005,3.5421956e-06,1.5530628e-07
ISIC_0029098,1,0.00013567977,0.9986927,3.922843e-06,7.3510004e-05,0.0001664098,0.0009233508,4.462761e-06
ISIC_0028005,1,1.2846669e-05,0.99998605,8.9156577e-10,2.6439647e-08,1.9275757e-07,1.08779204e-07,7.35234e-07
ISIC_0031448,1,0.00020648884,0.99973553,2.993518e-08,1.9035257e-06,1.7510074e-05,2.9092462e-05,9.461149e-06
ISIC_0024655,1,4.8621575e-07,0.9970994,5.3451427e-10,1.8797775e-07,0.0007338976,0.0021659706,1.9576769e-08
ISIC_0030020,1,2.9448362e-08,0.9999982,7.856226e-11,3.1490528e-09,3.5957243e-07,1.456952e-06,5.7694027e-09
ISIC_0031152,1,3.7612805e-05,0.9998166,9.8813096e-08,6.395207e-07,2.6609873e-06,0.00014232106,2.000779e-07
ISIC_0030257,1,5.3350146e-08,0.99997926,3.421711e-06,6.3159376e-09,1.6149392e-05,1.0209824e-06,4.464983e-08
ISIC_0030725,1,2.4660073e-06,0.99998975,1.1045781e-08,7.902757e-09,4.272838e-06,3.0510554e-07,3.089393e-06
ISIC_0031805,1,1.1695066e-07,0.9999999,2.2554732e-12,2.3583183e-10,3.26129e-08,4.5981125e-08,8.7680174e-10
ISIC_0025347,1,1.4831389e-08,0.99999976,1.09451934e-10,7.0786257e-09,5.2541713e-09,1.0551393e-07,5.0700546e-08
ISIC_0032119,1,5.120966e-06,0.99999094,3.6900323e-07,2.5536218e-10,1.6387596e-06,1.7981956e-06,8.4989e-08
ISIC_0030301,1,1.58219e-08,0.9999994,2.7387732e-12,1.6081236e-12,6.0894536e-07,5.9168825e-09,8.568717e-12
ISIC_0024397,1,2.6379406e-05,0.99977857,1.5509624e-10,1.8091736e-08,2.87724e-05,0.0001660736,2.6977247e-07
ISIC_0031327,1,2.1277547e-05,0.9975541,3.232766e-11,3.0105152e-09,0.0021943937,0.00023012407,6.629535e-08
ISIC_0029799,1,5.4330585e-06,0.9934435,4.8249444e-08,1.0929335e-08,0.0064162817,0.00013470482,5.4383715e-08
ISIC_0028437,1,6.0157136e-06,0.9965856,4.7704594e-11,1.2252546e-09,0.003407227,1.215747e-06,5.0143396e-09
ISIC_0027779,1,1.5063026e-06,0.999974,1.1624083e-12,1.672491e-10,2.4536375e-05,4.6078085e-08,2.5310267e-09
ISIC_0029120,1,2.2824075e-05,0.99975675,6.186492e-10,2.4922957e-09,0.00010821891,0.00011218398,4.2023697e-08
ISIC_0026673,1,0.012323552,0.986311,1.0967739e-09,1.1983996e-08,0.0012497125,0.00011507766,5.874123e-07
ISIC_0028068,1,5.5319797e-05,0.99993885,2.6886304e-09,2.1231156e-06,1.4478238e-06,1.996456e-06,1.7144204e-07
ISIC_0027628,1,3.7487887e-05,0.9999622,1.9686041e-11,6.7938712e-09,1.0835212e-07,1.197093e-07,3.1778118e-08
ISIC_0031361,1,8.8918535e-09,0.99998987,4.3219455e-09,1.5585913e-11,9.914978e-06,2.8012883e-07,1.1682013e-08
ISIC_0026578,1,2.2900931e-05,0.99997604,1.12527545e-07,5.426494e-10,5.3878324e-09,7.7694887e-07,1.0725029e-07
ISIC_0026431,1,6.8795034e-06,0.9999931,6.734908e-10,1.3937325e-09,7.2113146e-08,3.4428036e-09,1.1954197e-09
ISIC_0031807,1,4.743567e-06,0.9999925,1.3618421e-07,2.2780369e-09,2.0248551e-07,4.6196508e-08,2.3874159e-06
ISIC_0030205,1,2.6383598e-06,0.99998665,8.303368e-11,1.0942122e-11,9.3112146e-07,9.810571e-06,5.785237e-09
ISIC_0028315,1,2.8922654e-08,1.0,6.3043293e-14,1.5074826e-10,4.8852895e-09,1.7457277e-10,2.2161942e-08
ISIC_0029395,1,0.076848365,0.922245,0.00035357793,2.5371486e-05,0.00013117322,3.269098e-05,0.00036381
ISIC_0029520,1,1.50208425e-05,0.99919325,7.494891e-10,4.408739e-08,1.4853939e-06,0.0007901687,3.9367465e-09
ISIC_0025761,1,1.1023006e-05,0.99998796,1.3466209e-09,1.2878678e-08,3.1200514e-07,7.0364433e-07,7.942151e-09
ISIC_0032262,1,2.4295048e-06,0.99999523,1.1237178e-08,5.8565526e-09,4.4709753e-07,1.7958846e-06,5.2156093e-08
ISIC_0026707,1,2.1368667e-06,0.99995565,5.629628e-09,7.9714385e-10,4.192403e-05,2.172374e-07,7.164569e-08
ISIC_0029294,1,8.9613146e-05,0.9999082,6.8396375e-08,8.651065e-07,1.2058852e-07,6.169962e-07,4.9114067e-07
ISIC_0031689,1,2.8719944e-06,0.9999732,5.1492994e-11,6.8834902e-09,1.0577055e-05,1.3078956e-05,2.2418399e-07
ISIC_0028152,1,3.7967939e-06,0.9999038,1.2159098e-08,2.3461338e-08,9.025619e-05,2.1204348e-06,8.30006e-09
ISIC_0031136,1,4.416255e-06,0.99998534,8.126057e-12,1.1442968e-09,1.0167633e-05,4.161202e-09,2.622497e-08
ISIC_0025360,1,5.705935e-07,0.99999905,2.4105691e-11,4.7164526e-11,1.4609526e-07,2.052519e-07,2.246137e-09
ISIC_0025194,1,4.1018026e-07,0.99999785,8.861643e-11,3.1215972e-09,1.6624316e-06,5.7261875e-08,1.7628473e-08
ISIC_0024917,1,4.3454365e-06,0.99070096,3.9371535e-08,1.7483065e-06,0.009234699,5.3218326e-05,4.924771e-06
ISIC_0032457,1,0.00070326816,0.9991387,1.3874887e-05,7.0665683e-06,3.7303153e-07,9.718011e-05,3.953711e-05
ISIC_0029875,1,0.0011165986,0.9984486,1.1772537e-09,1.0058192e-07,0.00036646737,4.028157e-05,2.794436e-05
ISIC_0029886,1,1.5797604e-06,0.9999808,8.650199e-09,4.6566473e-11,1.4740013e-05,2.8455356e-06,3.092684e-08
ISIC_0028724,1,0.0011883199,0.99877316,6.5155014e-08,2.951894e-09,3.840885e-06,8.234618e-07,3.374302e-05
ISIC_0030891,1,5.8705562e-05,0.99379575,2.2967828e-10,5.0416327e-10,0.0060970816,3.43555e-05,1.41153705e-05
ISIC_0026589,1,1.6847903e-08,0.99909127,1.42963445e-11,6.8892883e-09,0.0009067605,1.9047404e-06,9.020033e-08
ISIC_0030164,1,0.00023579127,0.99970466,4.3697267e-07,1.3321674e-06,4.9581464e-05,1.7287749e-06,6.350604e-06
ISIC_0032069,1,2.6207167e-06,0.9208738,1.0525715e-12,3.311737e-08,0.079121605,2.0152668e-06,1.3289775e-08
ISIC_0029007,1,1.3961194e-09,0.98194695,2.6665157e-12,1.786215e-10,0.018051641,1.0453996e-06,3.0224797e-07
ISIC_0029657,1,1.4261403e-06,0.99895334,2.5585833e-10,3.1399063e-07,0.0010391722,5.547388e-06,1.1999384e-07
ISIC_0028914,1,3.9230576e-06,0.99975556,1.7913946e-07,3.4521207e-07,0.00022252921,1.2847002e-05,4.5304178e-06
ISIC_0025177,1,0.0013445852,0.99824715,1.5729256e-06,9.602048e-08,2.404697e-05,0.00023880928,0.0001437758
ISIC_0027530,1,0.0013441215,0.99835926,2.9106418e-06,2.3721247e-09,1.0993462e-05,2.510606e-05,0.00025755842
ISIC_0028247,1,0.06836669,0.24490859,0.23732567,7.0130463e-06,0.44765538,0.0015812014,0.00015551061
ISIC_0028988,1,0.71383023,0.28568026,4.8042098e-06,3.0590737e-09,0.00045324434,6.964811e-06,2.4569947e-05
ISIC_0026519,1,0.00013674844,0.9998235,1.11020086e-07,1.6299649e-06,3.350567e-05,1.1785057e-06,3.3169256e-06
ISIC_0030672,1,0.49505556,0.50282013,0.0017345805,2.3547416e-06,5.1257475e-06,0.0003667781,1.5445168e-05
ISIC_0028755,1,0.00054034335,0.98377013,8.80539e-07,5.596053e-07,0.014731824,0.0008865853,6.9680485e-05
ISIC_0027062,1,0.0029453523,0.9959372,2.4276133e-06,2.0634257e-09,0.001080712,2.6979398e-05,7.381534e-06
ISIC_0028423,1,0.00022661271,0.99977213,7.647525e-09,1.04532e-09,8.1475287e-07,1.1110738e-07,3.7379843e-07
ISIC_0025621,1,6.595697e-05,0.99993205,1.4489465e-08,8.2779195e-10,5.9446444e-07,9.225017e-07,4.306038e-07
ISIC_0024594,1,0.0015340475,0.99843425,1.4195312e-07,7.2731132e-09,2.0127168e-06,1.6114554e-05,1.3448519e-05
ISIC_0029845,1,0.0037615316,0.9960658,1.0390912e-06,1.5267223e-07,4.18771e-06,0.00014862695,1.8738754e-05
ISIC_0027839,1,0.15913607,0.8404794,1.1517795e-06,1.7942239e-05,0.00018902977,0.00017403963,2.3672817e-06
ISIC_0027640,1,0.69685,0.30082783,0.00012613028,0.00039479218,0.0007183864,0.0008705538,0.00021218222
ISIC_0027406,1,0.6497628,0.32899624,1.7289376e-07,1.8177613e-07,0.021237632,2.3448956e-06,6.226399e-07
ISIC_0030273,1,0.997239,0.002534849,4.2113324e-08,3.8449784e-08,0.00022518907,8.7329977e-07,2.6945175e-08
ISIC_0032209,1,0.8857322,0.013171317,4.1558004e-10,1.356054e-07,0.10109635,9.2629236e-08,1.0629026e-08
ISIC_0028194,1,0.08511463,0.91251045,3.9409256e-06,1.0838855e-05,0.0023555318,4.1113412e-06,4.685724e-07
ISIC_0028461,1,0.58537644,0.19441359,0.01560744,1.5519112e-05,0.0040647746,0.19959107,0.0009312546
ISIC_0031474,1,0.8448142,0.14160816,1.9481211e-05,0.00016855315,9.051418e-06,0.013051275,0.00032928766
ISIC_0025672,1,0.00011781217,0.99739134,0.00039597735,4.3033297e-09,5.6750676e-05,0.0018904998,0.00014765699
ISIC_0030664,1,1.7302007e-05,0.9988594,8.289695e-06,2.2209754e-07,8.0693735e-06,5.583591e-05,0.0010509072
ISIC_0027077,1,0.029862672,0.9406517,3.3360273e-05,7.1810778e-06,0.021485487,0.0046054567,0.0033540544
ISIC_0032096,1,0.010410268,0.0076652016,2.9838007e-05,5.9465216e-05,0.979868,0.001964236,3.0141323e-06
ISIC_0029366,1,0.00012895504,0.9995178,8.45109e-06,4.0280614e-09,0.0002879653,5.574774e-05,1.1189188e-06
ISIC_0032378,1,0.01478805,0.10434601,0.00043338333,2.346164e-06,0.8797512,0.0006202618,5.8831352e-05
ISIC_0027679,1,1.5392566e-06,0.9997764,4.835314e-08,3.1049604e-11,7.4498953e-06,1.2021154e-05,0.0002025703
ISIC_0030426,1,0.005726048,0.78323066,5.3592663e-07,1.0633944e-05,0.21076337,0.00025769757,1.1044946e-05
ISIC_0027734,1,0.00024691827,0.9245231,4.4434208e-05,9.307017e-08,0.0004437776,0.07080711,0.003934579
ISIC_0030786,1,0.0035534203,0.0049430938,0.6752396,1.9980564e-06,0.3122412,0.0025775144,0.0014431311
ISIC_0029104,1,0.0002199162,0.9997713,5.1986817e-06,2.1616792e-08,1.2787548e-06,2.4577812e-07,2.1376018e-06
ISIC_0030520,1,0.017637733,0.68170094,0.00013222857,0.00017213107,0.26604676,0.00057812483,0.03373213
ISIC_0032341,1,0.010317799,0.98935646,1.0101023e-07,4.3366803e-08,5.401318e-08,9.7297466e-08,0.0003254852
ISIC_0029756,1,0.00059237995,0.99937916,8.8905425e-09,2.1466497e-09,5.150361e-07,6.116966e-08,2.7816355e-05
ISIC_0027537,1,0.82212055,0.17759201,6.115171e-08,2.9252401e-08,0.0002119853,7.529315e-05,8.802993e-08
ISIC_0027002,1,0.019629356,0.9719553,8.542654e-06,7.896764e-05,0.0079392595,1.2936274e-05,0.00037550108
ISIC_0026223,1,0.2983147,0.70014095,2.2989618e-06,4.0861582e-06,0.0011914353,6.01968e-05,0.00028633783
ISIC_0031418,1,0.21979518,0.77927727,6.254495e-05,8.552944e-08,0.00085268106,1.2214232e-05,1.0522449e-07
ISIC_0027911,1,0.03729537,0.9560004,0.00041611458,1.0044124e-05,0.004303672,0.0019441423,3.0299638e-05
ISIC_0026874,1,0.0068197413,0.9751502,0.00028183102,9.193319e-06,0.016997792,2.5130307e-06,0.00073864404
ISIC_0031705,1,0.42841035,0.4337026,0.00030860753,8.664638e-05,0.13461329,5.679513e-06,0.0028728924
ISIC_0031435,1,0.49760717,0.35307395,1.2263287e-05,1.5212225e-05,0.14822873,3.9752493e-05,0.0010229499
ISIC_0029615,1,0.016377542,0.98362154,1.07956755e-08,8.1835466e-10,4.475752e-07,4.343077e-07,1.8759774e-10
ISIC_0030432,1,0.008952236,0.99104404,2.783779e-09,1.2082495e-09,7.669983e-07,2.9266007e-06,4.9036277e-09
ISIC_0031142,1,0.2125232,0.7437764,0.005441783,0.0012301997,0.005502541,0.0015679176,0.02995792
ISIC_0024618,1,0.0018284863,0.9304559,0.015971748,3.758112e-05,0.048224125,0.00037354173,0.0031086013
ISIC_0024906,1,0.011411247,0.9884901,4.0106797e-06,9.2335526e-08,6.414169e-05,1.178639e-05,1.8589602e-05
ISIC_0025073,1,0.0030943865,0.34155455,0.23379217,2.705008e-05,0.0037505815,0.0072804685,0.41050082
ISIC_0027031,1,0.10950926,0.89001966,8.768437e-07,9.934251e-08,0.00046510017,4.15257e-06,8.551491e-07
ISIC_0024813,1,0.014917763,0.9850336,1.0814973e-07,1.58193e-06,2.040586e-05,2.6330723e-05,2.9719413e-07
ISIC_0024986,1,0.0010647208,0.99861145,1.145944e-09,2.3962565e-08,0.00031566859,2.996468e-07,7.777864e-06
ISIC_0031555,1,0.032137696,0.9667904,0.0007908707,3.2937564e-06,1.3859828e-05,3.3049328e-06,0.0002605111
ISIC_0027462,1,0.23993255,0.7600262,5.7211906e-08,4.448507e-09,1.9038436e-05,2.1688793e-05,4.375369e-07
ISIC_0025254,1,0.6921904,0.049875103,2.827412e-06,2.2237853e-07,0.2578076,9.1043294e-05,3.2795157e-05
ISIC_0031660,1,0.003209363,0.996646,6.2229446e-06,4.8662954e-09,0.00013705948,1.0082622e-06,4.0581673e-07
ISIC_0031293,1,0.018905012,0.9774736,9.437246e-06,1.3397524e-05,0.00018572464,2.3592476e-05,0.0033893136
ISIC_0026376,1,7.820501e-06,0.9999919,1.676522e-11,4.5322076e-11,3.272934e-07,2.8054126e-08,5.532325e-09
ISIC_0031560,1,0.00056754315,0.9993273,1.779957e-09,2.9654421e-09,0.00010498419,1.2009097e-07,1.2171415e-07
ISIC_0025809,1,0.15378451,0.846034,2.9285897e-07,3.212666e-08,0.00017678995,3.4145828e-06,9.836474e-07
ISIC_0025108,1,0.004331036,0.99566674,1.8093222e-09,3.4494871e-09,1.8043985e-06,9.561525e-09,4.1826263e-07
ISIC_0029296,1,0.0005791879,0.9994017,5.2281587e-07,1.4086376e-06,1.4431767e-05,1.510293e-07,2.6542677e-06
ISIC_0027738,1,0.00039133767,0.99757284,3.0438673e-07,2.5332005e-07,0.002033026,3.562111e-07,1.8662116e-06
ISIC_0031518,1,0.0003321224,0.9773046,2.2102527e-06,5.148201e-07,0.022335175,1.3706669e-05,1.1679508e-05
ISIC_0029475,1,4.8662296e-06,0.99998033,5.0108745e-10,7.0825294e-12,4.190126e-08,1.22610545e-05,2.4272408e-06
ISIC_0029894,1,0.014681348,0.9806513,1.5647725e-05,8.342262e-06,0.0045220717,0.0001041545,1.7195993e-05
ISIC_0024378,1,0.0010669983,0.88074267,0.0018904033,5.6491376e-06,0.0006397174,0.00010681803,0.1155478
ISIC_0026501,1,0.00596145,0.88660616,0.02874734,6.845544e-05,0.067566685,0.0006189136,0.010430974
ISIC_0026006,1,0.002788366,0.99454355,0.0015380767,1.3893209e-06,0.0010231247,2.9144285e-05,7.633629e-05
ISIC_0024855,1,8.862288e-05,0.9999056,2.564855e-10,1.2053917e-08,1.4039338e-06,1.1515538e-06,3.1768625e-06
ISIC_0026497,1,0.6989953,0.3000281,8.033826e-08,1.0382381e-06,0.00090196467,2.0195786e-05,5.339185e-05
ISIC_0027209,1,1.2026177e-05,0.99998426,2.0387712e-10,3.1356146e-12,7.019387e-07,2.923788e-06,3.5487813e-09
ISIC_0028966,1,4.6420842e-05,0.9998877,6.863814e-09,7.3921924e-10,9.643775e-06,5.6136876e-05,2.9888614e-08
ISIC_0032443,1,0.08031035,0.9191594,2.1793886e-08,2.4110096e-09,0.00052888214,1.2884209e-06,8.058446e-08
ISIC_0028851,1,1.3001851e-06,0.9999975,3.825277e-14,7.3522586e-12,9.502239e-07,2.1064062e-07,1.7401932e-08
ISIC_0025370,1,9.782654e-05,0.9999012,4.4291337e-10,7.724687e-10,9.80377e-07,4.4986216e-08,3.048248e-08
ISIC_0027768,1,0.0005035717,0.99948883,2.4316396e-06,3.1925854e-08,4.025839e-06,9.820402e-07,1.291426e-07
ISIC_0027410,1,0.0030754046,0.99687356,1.3698363e-07,1.2659652e-05,3.6498295e-05,1.5794645e-06,1.821433e-07
ISIC_0025863,1,1.422405e-05,0.9999852,8.2252125e-09,7.392998e-10,3.1622415e-07,7.918552e-08,8.3717815e-08
ISIC_0024387,1,0.062018774,0.92945653,1.8448327e-06,1.5328471e-06,0.00080474006,6.8263245e-05,0.0076483516
ISIC_0024869,1,0.644535,0.35545284,2.0320996e-07,9.4878786e-08,8.6239215e-06,2.7256979e-06,5.619048e-07
ISIC_0024723,1,0.85335237,0.13979676,2.3074712e-07,9.691605e-06,0.0014242042,0.0054008,1.5923155e-05
ISIC_0029720,1,4.674396e-06,0.9983803,4.5533116e-10,2.5254428e-08,0.0015977435,5.312736e-06,1.1862238e-05
ISIC_0032150,1,0.00058900507,0.996564,9.577866e-07,7.2133103e-06,0.0017110085,3.0057154e-05,0.0010977912
ISIC_0028804,1,0.24966732,0.7281424,2.0317384e-06,3.5073935e-08,0.021754242,0.000414919,1.9160818e-05
ISIC_0032191,1,0.015168472,0.68712234,0.14024505,2.4246552e-05,0.07189236,0.00062682905,0.08492061
ISIC_0028015,1,0.0059633027,0.92111194,6.2967316e-05,0.00087548565,0.07151038,1.8040626e-05,0.000457965
ISIC_0026781,1,0.00075545325,0.9956119,8.9237076e-08,1.0112638e-05,0.0035470177,6.907486e-05,6.401159e-06
ISIC_0027034,1,0.018476598,0.9814673,2.6469403e-08,2.3578474e-07,1.11912165e-07,5.3997817e-05,1.6889379e-06
ISIC_0031887,1,2.920736e-05,0.9999683,6.6175554e-10,4.1138884e-07,4.760503e-07,5.094704e-07,1.1968656e-06
ISIC_0026215,1,0.23776293,0.7036514,0.0029958347,6.889413e-07,0.047892872,0.0076835975,1.2674357e-05
ISIC_0032029,1,9.595144e-06,0.9989392,0.0009920907,1.5034505e-09,1.3031063e-05,4.5116107e-05,9.066786e-07
ISIC_0029976,1,0.052584987,0.94741076,3.221652e-08,1.9350114e-12,2.3390564e-08,4.1744947e-06,1.4685542e-08
ISIC_0031001,1,0.049154907,0.9488253,4.8142346e-07,6.831935e-07,0.0020168342,1.490953e-06,2.924002e-07
ISIC_0031674,1,0.08639613,0.91331774,4.4523407e-10,2.5181734e-09,0.00028612948,1.4637307e-09,2.0966743e-08
ISIC_0025834,1,0.032633785,0.9671456,1.2492185e-07,1.064967e-07,1.2709935e-05,3.0200978e-10,0.00020766968
ISIC_0026237,1,2.1835129e-05,0.99397606,0.0052036825,2.494473e-05,3.194559e-05,0.0006113916,0.00013008958
ISIC_0025547,1,0.018001454,0.7275802,0.0032145428,0.0030608117,0.007313807,0.24033633,0.0004928772
ISIC_0028961,1,0.026175272,0.9051926,1.1669488e-05,5.2095533e-10,0.06861637,5.463897e-07,3.53648e-06
ISIC_0031080,1,0.001937562,0.99617803,2.5156103e-06,1.00249125e-07,0.0018660685,1.9124387e-07,1.5463318e-05
ISIC_0025905,1,0.37157828,0.6280896,3.7702248e-05,3.778698e-07,0.00025279247,2.0143067e-05,2.1112592e-05
ISIC_0030184,1,0.002523906,0.99745876,1.5579777e-06,3.5044902e-08,2.783003e-06,1.0589005e-05,2.4898598e-06
ISIC_0028098,1,3.488533e-05,0.0013665345,2.4411701e-08,1.9966937e-08,0.998577,1.2405068e-05,9.1415695e-06
ISIC_0025610,1,0.00035596424,0.99931574,8.259468e-05,8.8251545e-07,0.00017845504,2.123993e-08,6.644261e-05
ISIC_0024615,1,0.4942797,0.5048307,7.004523e-05,2.868405e-06,0.0006695817,2.195616e-07,0.00014680171
ISIC_0025402,1,0.61080414,0.38841847,1.2833575e-05,8.580393e-06,0.0007068783,7.5709722e-06,4.1488453e-05
ISIC_0033380,1,0.43571046,0.40498856,2.910352e-08,1.1432909e-06,0.15755206,0.0017318203,1.6000391e-05
ISIC_0030326,1,0.91436243,0.08155474,2.4702972e-06,3.9766695e-05,0.003966595,3.4273417e-05,3.9698414e-05
ISIC_0025228,1,0.90328526,0.07002358,0.02068671,2.5379579e-05,0.00017345614,0.0057577454,4.7849655e-05
ISIC_0033251,1,0.0011517731,0.92369336,5.643971e-06,4.785419e-08,0.07514595,3.1741072e-06,9.7911766e-08
ISIC_0033402,1,0.000103724735,0.9993498,3.3089825e-06,9.63023e-07,0.0005410884,1.1917643e-06,3.6055823e-09
ISIC_0034204,1,0.0616439,0.93648475,0.00091442687,7.5748803e-06,0.00094842084,1.4668318e-07,8.1372497e-07
ISIC_0033555,1,0.0033813992,0.9965934,2.0671831e-07,5.2512196e-06,1.4474986e-05,3.8238168e-06,1.4664683e-06
ISIC_0033963,1,0.0009379841,0.99875844,3.3826116e-06,3.1886967e-07,0.00029403725,4.892026e-06,9.4323207e-07
ISIC_0033793,1,0.08489982,0.9093341,2.3996427e-06,2.5360789e-05,0.0057332823,2.0566101e-06,2.9316284e-06
ISIC_0027643,1,0.00027295714,0.99709177,3.682692e-08,1.1023633e-05,0.0026212432,8.651398e-07,2.102515e-06
ISIC_0033227,1,0.007350536,0.99194264,3.6051887e-08,7.720339e-08,0.00070549577,3.8303344e-07,7.9712567e-07
ISIC_0033365,1,0.7214527,0.27848533,1.3641845e-07,2.2847564e-08,5.9913516e-05,1.2138406e-06,6.550296e-07
ISIC_0025239,1,0.006183142,0.9921027,5.6664876e-06,7.904079e-06,0.0016175486,5.174472e-05,3.119947e-05
ISIC_0032950,1,0.0001202692,0.16286816,4.0251146e-07,3.6226083e-07,0.8369658,4.1667507e-05,3.3840263e-06
ISIC_0034156,1,3.5707097e-05,0.9922273,4.8677126e-08,7.1345575e-08,0.007730337,5.160138e-06,1.2653592e-06
ISIC_0032664,1,0.0015692323,0.9982638,2.9922999e-06,1.11480585e-08,4.1611678e-05,0.00012238986,1.0025573e-07
ISIC_0033461,1,0.024424529,0.9721646,4.8383292e-05,2.7696183e-06,0.0029365239,0.0004230458,2.2604975e-07
ISIC_0025990,1,0.65350235,0.3464752,6.22925e-08,4.7140304e-07,1.947273e-05,2.3839734e-06,1.2933884e-07
ISIC_0025778,1,0.0025188748,0.01611266,1.893938e-06,9.105375e-06,0.9813244,3.050252e-05,2.5022955e-06
ISIC_0025871,1,0.00013761992,0.9998524,1.0188474e-08,1.6240405e-09,1.0561602e-06,3.8219476e-08,8.919076e-06
ISIC_0031988,1,0.00013893284,0.9997876,4.3384823e-08,1.7998636e-07,6.373803e-05,1.2145923e-06,8.197619e-06
ISIC_0029662,1,0.001069574,0.9968144,2.2891551e-07,4.4753215e-06,0.0020806992,7.90365e-06,2.2618322e-05
ISIC_0030582,1,0.0011647461,0.99879694,5.5637552e-09,1.2134021e-07,4.783928e-07,1.3713603e-06,3.6288322e-05
ISIC_0025001,1,0.056200515,0.9221315,5.353668e-05,2.254776e-06,0.016934572,0.001530689,0.003146847
ISIC_0028800,1,7.8120196e-05,0.9988211,4.6985836e-08,1.2508931e-06,0.00044862088,3.4266337e-05,0.00061648677
ISIC_0029636,1,0.0118803475,0.98810905,1.6190246e-07,4.4299256e-08,7.4653367e-06,1.2480888e-06,1.6454454e-06
ISIC_0027931,1,0.76928765,0.2296729,5.3001855e-05,2.7838854e-05,0.0009417283,1.0399475e-05,6.546612e-06
ISIC_0033059,1,0.001951262,0.99804866,1.7017322e-11,9.6444096e-11,2.4323418e-08,1.5245819e-08,8.531129e-09
ISIC_0033113,1,2.6205504e-05,0.99997365,1.7333097e-10,9.5340166e-11,6.2353735e-08,7.473914e-09,2.476299e-08
ISIC_0033547,1,0.01118245,0.9879655,1.0756431e-05,2.1449455e-06,0.00013739034,4.9576524e-06,0.00069675123
ISIC_0033370,1,0.016380984,0.9459341,3.357395e-05,5.748931e-05,0.036870364,6.565826e-06,0.0007169612
ISIC_0033521,1,0.00039584644,0.9996013,2.2663586e-07,4.9091565e-08,2.3324854e-07,1.1486268e-07,2.247844e-06
ISIC_0032623,1,0.00027705345,0.99972194,1.3299909e-07,1.0872097e-08,1.1345695e-08,1.4490988e-07,7.1274167e-07
ISIC_0034281,1,0.41439843,0.5207494,0.014017003,1.7742646e-05,0.044917528,0.0040818965,0.0018179961
ISIC_0034152,1,0.95984936,0.028006235,0.00079415017,6.00248e-06,0.011002711,0.0003192274,2.2396616e-05
ISIC_0033739,1,0.027709497,0.964254,0.0020372572,0.00010968607,0.0014333546,0.0010286415,0.0034275427
ISIC_0033837,1,0.35500598,0.6445599,4.892885e-06,2.1556307e-05,6.5339154e-05,0.00033302442,9.253198e-06
ISIC_0032612,1,0.006057848,0.99392587,3.6923432e-06,1.3060485e-06,2.5917013e-06,2.234426e-07,8.5024985e-06
ISIC_0034039,1,0.00087928085,0.9987575,4.272496e-06,2.0226225e-05,1.0866836e-05,2.0635648e-06,0.00032587984
ISIC_0032780,1,0.059917953,0.9388517,9.7522525e-06,6.535285e-05,0.0009415209,0.00021143952,2.256774e-06
ISIC_0033849,1,0.1543277,0.84565777,2.6828232e-08,8.312288e-08,6.508359e-07,1.3494273e-05,2.491023e-07
ISIC_0032861,1,0.22800054,0.77043444,0.0006158269,3.9706147e-06,1.8153274e-05,0.00090180343,2.5259003e-05
ISIC_0032885,1,0.058525465,0.941455,3.8193608e-07,1.3973106e-08,6.5128273e-07,1.7643048e-05,8.242852e-07
ISIC_0033291,1,0.46649235,0.53340375,7.9146304e-07,2.5245052e-07,1.7093686e-07,0.00010246113,2.1015407e-07
ISIC_0034102,1,0.0079587465,0.9920012,3.7517376e-07,3.693276e-07,2.7957776e-06,1.722008e-06,3.473224e-05
ISIC_0033632,1,0.3087501,0.5069109,0.061400574,0.0004039167,0.028092075,0.09443957,2.8163633e-06
ISIC_0034025,1,0.0057655796,0.96405137,8.6254124e-07,3.0397104e-07,0.0054678484,0.02471396,6.604261e-08
ISIC_0033182,1,0.16563395,0.5111674,8.657893e-06,0.0007748651,0.034522235,0.28789222,6.317994e-07
ISIC_0032999,1,0.0015003023,0.9984956,2.9560977e-06,4.122267e-09,8.956743e-08,1.7528461e-07,9.739794e-07
ISIC_0032669,1,0.06123611,0.93825054,5.8990545e-06,4.0116227e-08,0.00044403327,5.448748e-05,9.002948e-06
ISIC_0033236,1,0.026691457,0.9730776,1.5887455e-06,9.639008e-08,0.0002212644,4.5898273e-06,3.3952663e-06
ISIC_0033351,1,0.0005941913,0.9994,1.0684055e-06,1.4914272e-07,2.0697541e-06,4.2837067e-07,2.076187e-06
ISIC_0033131,1,0.013528087,0.9629156,0.00017797314,2.3760755e-05,0.004302681,0.0003964252,0.018655434
ISIC_0033090,1,0.0052355323,0.9946695,6.160207e-07,4.2098114e-07,2.6909926e-05,5.9530805e-05,7.458761e-06
ISIC_0034111,1,8.188843e-05,0.999723,3.7586156e-11,2.2253263e-11,0.00019469052,3.993055e-07,1.33267575e-08
ISIC_0032676,1,2.2535565e-05,0.9999702,7.157806e-11,1.7791726e-10,7.210964e-06,4.2465294e-09,5.2071094e-08
ISIC_0034077,1,0.00011970883,0.99987864,4.704128e-10,1.9646234e-09,1.3854772e-06,1.109015e-08,2.4720677e-07
ISIC_0033091,1,0.012173253,0.9871094,1.724914e-05,6.645013e-08,0.00064508896,5.291391e-07,5.4357144e-05
ISIC_0034138,1,3.079516e-05,0.9999676,4.677269e-09,1.9821268e-10,4.5343263e-08,1.7754872e-09,1.5312747e-06
ISIC_0032971,1,9.8212324e-05,0.9998888,1.8718531e-09,1.0224237e-08,1.19421375e-05,4.4020403e-08,1.0701663e-06
ISIC_0032587,1,0.41476515,0.58217454,1.1204057e-05,0.0025926528,1.0041068e-05,0.00044558756,7.466725e-07
ISIC_0033824,1,0.011108304,0.98882955,5.496614e-07,2.9043501e-06,2.2578122e-05,3.431028e-05,1.7062008e-06
ISIC_0033830,1,0.0018266118,0.9979609,2.1911794e-07,4.074047e-06,4.4630888e-05,7.8900564e-05,8.468258e-05
ISIC_0032905,1,0.98762614,0.009701941,5.3800886e-08,1.1987028e-08,2.2408143e-07,0.0026662762,5.3342715e-06
ISIC_0034001,1,0.99860543,0.0012314284,1.6306944e-09,1.3937218e-09,8.790475e-07,0.00016205871,1.9358846e-07
ISIC_0032560,1,0.8641351,0.13582015,6.664596e-07,4.5056223e-07,1.5441945e-05,2.8115475e-05,4.6536652e-08
ISIC_0034179,1,0.000983853,0.99901545,5.0814287e-11,2.1459494e-10,2.2326765e-07,3.1139436e-08,4.6962612e-07
ISIC_0034206,1,0.0035635978,0.99618906,4.4163325e-08,1.7017704e-09,0.00020574065,6.0214245e-07,4.1001702e-05
ISIC_0032980,1,0.05311382,0.94661516,2.0557058e-08,2.0523239e-09,0.00024855052,9.95058e-07,2.1439077e-05
ISIC_0025009,1,8.568442e-07,0.9998933,4.6796366e-08,1.3778308e-05,6.8371584e-05,9.763851e-07,2.2576596e-05
ISIC_0033833,1,0.053955417,0.9460363,5.326998e-07,1.3641953e-08,7.881307e-08,3.6624751e-06,4.1050694e-06
ISIC_0032882,1,0.015220627,0.98474693,3.0994735e-07,5.401705e-08,1.8859648e-05,1.2969713e-05,3.6986228e-07
ISIC_0034078,1,0.017813582,0.9820633,6.206987e-07,5.9456853e-09,3.16419e-05,8.518353e-05,5.660126e-06
ISIC_0032818,1,0.021491809,0.978492,1.0637531e-07,5.6942294e-08,1.291658e-05,3.0420588e-06,8.1642334e-08
ISIC_0032705,1,0.113181435,0.8865321,2.093535e-06,1.093246e-07,0.0002370653,2.6881528e-07,4.6894704e-05
ISIC_0034198,1,0.00022608216,0.9997447,2.90325e-07,5.816154e-08,1.612469e-05,3.0716627e-08,1.276056e-05
ISIC_0033658,1,0.0074092015,0.99249905,7.077008e-07,3.2127153e-07,8.780049e-05,2.368701e-08,2.820671e-06
ISIC_0033046,1,0.00935544,0.990595,2.942461e-07,3.4754652e-07,2.0044898e-05,1.500645e-07,2.871433e-05
ISIC_0032689,1,0.0564826,0.94340646,1.526884e-06,2.202543e-06,0.000102514445,1.8807009e-07,4.474215e-06
ISIC_0033558,1,2.300359e-06,0.9999937,2.9657464e-08,3.8185966e-08,2.739917e-07,8.0344726e-08,3.6100964e-06
ISIC_0033590,1,1.5827482e-05,0.99998343,6.636458e-08,2.5503204e-11,1.2447254e-07,1.203964e-07,4.0795615e-07
ISIC_0033303,1,5.636e-09,0.9999999,2.4058414e-10,1.3901048e-09,4.664333e-09,4.5513865e-08,7.4187376e-08
ISIC_0032969,1,0.015253941,0.98456,1.191477e-07,1.0458619e-08,0.0001640477,2.1818838e-05,2.1532589e-08
ISIC_0033894,1,0.09486056,0.90000296,2.2246324e-08,2.8105928e-06,0.005124982,8.58839e-06,1.5105631e-07
ISIC_0034084,1,0.0006263744,0.9970816,0.0010509017,3.568776e-06,0.0006073666,2.5065514e-05,0.00060506427
ISIC_0033273,1,0.0023598736,0.988772,0.002093901,5.519214e-06,0.0038101126,0.0001394759,0.0028191837
ISIC_0034176,1,0.0010420801,0.99889874,8.676492e-06,2.07084e-06,3.4532422e-06,2.259358e-05,2.2354601e-05
ISIC_0033104,1,0.9791094,0.020877192,1.8657742e-07,8.291306e-09,4.2482325e-06,8.961727e-06,1.3784785e-08
ISIC_0032579,1,0.012176937,0.91998476,0.00013958431,0.00015484354,0.06009453,0.0071612475,0.00028803598
ISIC_0033189,1,0.9199062,0.076621346,0.00024873446,4.45284e-09,6.226892e-08,0.0032212879,2.3060409e-06
ISIC_0032693,1,0.0020931463,0.99342656,2.7703258e-08,3.0636245e-06,0.0043977886,7.480177e-05,4.5560932e-06
ISIC_0032734,1,0.0091969455,0.99037117,5.059014e-09,1.7505509e-07,0.0003879823,6.5993036e-06,3.7209746e-05
ISIC_0032659,1,0.0004934296,0.9994143,2.1745391e-08,7.095079e-08,8.5024396e-05,2.7013534e-06,4.371961e-06
ISIC_0032794,1,0.00039779383,0.99960226,1.7076987e-13,8.930886e-10,1.6757275e-08,7.054278e-09,8.571042e-10
ISIC_0032801,1,0.007818001,0.99218166,1.9215879e-12,4.7974593e-11,1.5824407e-08,3.3354698e-07,1.802213e-08
ISIC_0033384,1,0.88380075,0.116189644,7.095813e-08,2.5873133e-09,1.7688853e-06,7.6070437e-06,1.430268e-07
ISIC_0032830,1,0.014061434,0.98586535,2.2727072e-07,5.0018922e-08,1.4153078e-06,7.1455055e-05,1.5863921e-07
ISIC_0032530,1,0.00087613356,0.9231748,0.000121203295,1.10794435e-05,0.04115687,1.6699086e-06,0.034658182
ISIC_0033249,1,8.315762e-05,0.99055463,4.5304202e-07,2.4657517e-08,0.00033518113,3.585057e-07,0.009026244
ISIC_0032769,1,0.23515852,0.7589913,2.8708157e-06,3.3328905e-07,0.0058434512,3.0234999e-06,4.9223354e-07
ISIC_0033922,1,0.00047326318,0.9994061,3.0952944e-07,2.5394777e-07,0.000118861135,1.1225751e-06,1.303044e-07
ISIC_0033108,1,0.00066490116,0.9992902,2.1577986e-07,6.408143e-07,4.3664997e-05,3.0084067e-07,1.956123e-08
ISIC_0033914,1,4.933989e-06,0.99999475,2.6999347e-11,4.4236743e-09,7.232912e-08,3.651408e-08,2.4728854e-07
ISIC_0033978,1,1.6184511e-05,0.99998295,2.8673189e-11,1.8696742e-09,2.1507837e-07,6.295887e-07,1.9200417e-09
ISIC_0033718,1,0.00034944998,0.9994867,6.402547e-13,1.9270752e-08,0.0001480361,1.512389e-05,7.1448545e-07
ISIC_0032994,1,0.027569715,0.97234523,1.06760304e-07,3.4134703e-07,6.673309e-05,1.151977e-06,1.6661299e-05
ISIC_0033604,1,0.82459044,0.17536487,1.8104995e-06,2.8940638e-06,3.7838032e-05,1.263431e-06,8.1119396e-07
ISIC_0033634,1,0.8139468,0.17932686,5.0652225e-06,3.3571014e-05,0.006656348,9.844882e-06,2.1526364e-05
ISIC_0034226,1,0.98855096,0.011437197,5.858631e-06,5.379488e-07,2.1756591e-06,3.369637e-06,6.449234e-08
ISIC_0033116,1,0.006534057,0.9934437,5.2887962e-08,7.659142e-07,1.5260486e-05,4.6423733e-07,5.6818744e-06
ISIC_0033080,1,0.0038046911,0.99200916,4.3217087e-06,1.8447457e-07,0.0041561094,3.81686e-06,2.1715805e-05
ISIC_0034129,1,0.025293022,0.9704049,2.7905153e-05,7.886609e-06,0.004256698,2.283985e-06,7.228839e-06
ISIC_0034285,1,0.32423702,0.67478555,4.8950568e-08,5.1582494e-09,0.0009145406,1.0403405e-05,5.2452855e-05
ISIC_0033966,1,0.8237394,0.16048627,9.3913346e-05,3.3261879e-06,0.0063707996,4.1789608e-05,0.009264475
ISIC_0034244,1,0.036464773,0.96041054,7.277738e-05,9.812511e-06,0.0030153608,2.5846508e-05,8.0881836e-07
ISIC_0032855,1,0.019675665,0.96938366,5.6064568e-05,8.758322e-08,0.010881589,4.7493793e-07,2.4660083e-06
ISIC_0032792,1,0.02110013,0.9787896,1.638955e-07,5.4471215e-08,0.0001086053,4.1016864e-07,9.335676e-07
ISIC_0033787,1,0.00687647,0.98920935,0.00074233307,1.9162171e-06,0.0016856231,0.00021995555,0.0012644297
ISIC_0033599,1,0.44349512,0.555328,0.0004647647,8.206333e-06,7.321986e-07,4.250712e-06,0.00069896405
ISIC_0033221,1,0.0035820575,0.99634355,9.3006264e-07,1.3013294e-08,3.0327668e-05,9.9416275e-06,3.3205033e-05
ISIC_0033340,1,0.0002757037,0.9997143,2.371119e-07,2.3058027e-07,1.0744603e-06,9.4540343e-07,7.492231e-06
ISIC_0032886,1,7.107229e-07,0.99972075,2.5445422e-07,1.3706436e-07,0.00013382027,0.00014413903,2.698117e-07
ISIC_0032581,1,1.934749e-06,0.9999827,1.2161479e-07,1.904661e-08,1.1367616e-05,3.2580508e-06,6.2103646e-07
ISIC_0033532,1,0.44073743,0.55472535,8.515759e-05,0.0002915503,0.003869912,6.6369386e-05,0.00022416061
ISIC_0032713,1,0.00019397304,0.99966073,6.320725e-06,2.4580054e-06,5.730345e-05,4.2428118e-07,7.865583e-05
ISIC_0033148,1,2.5279174e-05,0.999972,7.1748185e-12,5.8003846e-10,1.7572024e-08,2.34139e-06,3.5163893e-07
ISIC_0033109,1,8.445905e-06,0.99999106,6.129639e-11,1.2951053e-10,9.321086e-08,1.0728546e-07,2.9303388e-07
ISIC_0032986,1,0.0018079614,0.9981456,3.9298833e-12,2.4720476e-10,3.4930232e-09,4.4711487e-05,1.7064525e-06
ISIC_0033026,1,0.006910843,0.99308324,1.9747263e-07,3.4295443e-08,8.253474e-07,4.6070722e-06,3.1324473e-07
ISIC_0033774,1,0.030953065,0.9688458,5.9636735e-05,5.8757378e-06,3.596694e-05,8.865955e-05,1.0914284e-05
ISIC_0033508,1,0.11336231,0.8849989,3.2674504e-06,8.291414e-06,0.0015949223,5.4342095e-06,2.679129e-05
ISIC_0033875,1,0.0009784617,0.9989994,4.378963e-07,1.7327865e-07,1.939652e-05,4.1156127e-07,1.8181897e-06
ISIC_0032539,1,0.3522181,0.647374,1.0166095e-06,1.2346071e-06,0.00038577578,4.9827086e-06,1.4871563e-05
ISIC_0032686,1,0.006344464,0.9927862,1.3258783e-06,5.318227e-06,0.00083469413,8.681258e-06,1.9326671e-05
ISIC_0034249,1,0.0009018624,0.9990741,7.966729e-06,1.5916895e-07,7.2326316e-06,4.702574e-07,8.231921e-06
ISIC_0032824,1,3.5079092e-06,0.99998593,1.4194288e-07,2.1962653e-10,5.4522156e-06,2.5279467e-06,2.405675e-06
ISIC_0032762,1,0.0010330898,0.95811915,7.265658e-07,6.858066e-05,0.040682662,4.2939524e-07,9.538668e-05
ISIC_0032594,1,0.0025874635,0.99471045,1.2423702e-07,4.2769738e-08,0.0025193836,1.528603e-06,0.00018107948
ISIC_0033147,1,0.00047750573,0.9975655,1.6627609e-09,6.543681e-08,0.0019488068,1.9909708e-06,6.1153405e-06
ISIC_0033407,1,2.0313948e-06,0.99999404,7.4299478e-09,4.0581036e-09,3.6390786e-06,7.366101e-08,1.6910806e-07
ISIC_0033734,1,0.0053971736,0.99459654,1.0499882e-08,9.608563e-10,2.3780367e-06,1.8189501e-06,2.1071353e-06
ISIC_0033923,1,0.0016519362,0.9983475,2.3705773e-09,2.0107387e-10,3.990844e-07,8.19341e-08,4.9625076e-08
ISIC_0034217,1,0.00070059963,0.9931738,0.00034805524,1.831585e-05,4.2669537e-05,3.2512387e-05,0.005683927
ISIC_0032952,1,0.00036592732,0.99946624,1.1014996e-05,2.7134176e-06,0.00014238669,2.4993074e-06,9.161096e-06
ISIC_0033851,1,0.00055249257,0.9994417,9.399989e-10,3.2506986e-07,4.326579e-06,6.666693e-07,3.6231012e-07
ISIC_0033873,1,0.040616333,0.93045187,2.7513783e-05,2.4787399e-08,0.00029098577,0.02856025,5.29836e-05
ISIC_0032510,1,0.00016285799,0.9998354,5.497701e-11,1.6910654e-09,1.7169279e-07,1.4091763e-06,1.2569988e-07
ISIC_0033228,1,4.4875258e-05,0.9982157,1.0273947e-08,7.272398e-08,0.0017256602,1.2423661e-05,1.2764922e-06
ISIC_0029654,1,0.0057499264,0.9802265,3.5042332e-05,2.8335226e-05,0.013904544,1.2375865e-05,4.3248812e-05
ISIC_0025210,1,0.055367015,0.94457805,2.2361337e-05,1.2063865e-07,2.4673247e-06,2.537657e-06,2.7387936e-05
ISIC_0026372,1,0.04617372,0.95376366,3.1883006e-05,2.5548522e-07,1.5840815e-06,1.6802896e-05,1.2104414e-05
ISIC_0026761,1,0.009469447,0.9905004,4.17934e-09,7.344774e-08,3.0045127e-05,5.040874e-08,5.483665e-08
ISIC_0032322,1,0.0016387372,0.99823344,1.11640086e-10,1.07223554e-08,0.00012764384,1.6025407e-07,8.4405286e-08
ISIC_0024424,1,0.040813543,0.39727575,0.023111379,0.003998552,0.45474145,0.019120285,0.06093902
ISIC_0024695,1,1.317862e-05,0.99980634,5.1269433e-10,9.772275e-08,0.00017286341,7.262775e-06,2.8217048e-07
ISIC_0027755,1,0.033472624,0.96619105,2.5745706e-10,1.6841863e-10,0.00031908776,1.7121343e-05,7.7466e-08
ISIC_0028429,1,0.07836973,0.9160873,1.564606e-07,4.1479348e-07,0.0054525924,3.263321e-05,5.7051846e-05
ISIC_0032375,1,6.446059e-05,0.99964476,1.2423483e-09,2.540421e-09,0.00028645174,1.1608871e-06,3.093633e-06
ISIC_0025045,1,0.00086761574,0.99851304,4.0359038e-07,9.223381e-09,0.00016658215,0.0004508596,1.4885944e-06
ISIC_0030543,1,7.959817e-05,0.9998646,1.9348369e-07,4.622918e-09,3.7901853e-05,1.7509476e-05,2.3576521e-07
ISIC_0028734,1,0.010722716,0.97585833,9.583209e-06,4.843504e-06,0.013377536,2.0346808e-05,6.6123603e-06
ISIC_0026125,1,0.023016648,0.9483581,0.00042382933,0.00010941642,0.02780688,2.097754e-05,0.0002640835
ISIC_0024458,1,0.00046924912,0.99856097,7.710351e-05,7.315275e-09,2.2102272e-06,0.00088402774,6.4784317e-06
ISIC_0030243,1,6.15203e-08,0.99992216,2.1420232e-09,2.671386e-08,7.738096e-05,9.236401e-08,2.6769547e-07
ISIC_0032058,1,3.293163e-09,0.9999968,1.7781198e-11,1.0124034e-09,2.9798205e-06,1.5873153e-08,2.522691e-07
ISIC_0024653,1,0.00033329672,0.99965477,4.967487e-09,1.942437e-09,1.166743e-05,2.6782212e-08,2.1171014e-07
ISIC_0026141,1,0.0025715963,0.9974253,5.08404e-09,4.983592e-10,2.5536324e-06,2.2741551e-07,3.6504707e-07
ISIC_0027623,1,0.8516319,0.14834525,3.2468856e-07,3.419132e-08,1.0411175e-05,1.0169521e-06,1.1029224e-05
ISIC_0025226,1,2.6118403e-05,0.9999546,3.5893713e-08,3.6289518e-09,3.139056e-06,8.124019e-06,8.00237e-06
ISIC_0026424,1,0.00024909445,0.99974877,2.4452367e-09,7.6344236e-08,8.8606015e-07,9.609805e-07,1.8160007e-07
ISIC_0031521,1,0.000101117716,0.9998981,1.1026345e-09,3.7441744e-11,8.136744e-07,4.9399247e-08,2.9776075e-09
ISIC_0032021,1,0.00027630533,0.9997168,5.6316407e-10,1.05403835e-07,3.2454577e-06,2.7606023e-07,3.2261585e-06
ISIC_0025469,1,0.30295274,0.65607035,0.040872786,2.982494e-09,5.572368e-05,4.8395337e-05,2.0317916e-08
ISIC_0025133,1,0.040045235,0.91172445,0.00038596982,1.6429906e-08,3.6754159e-06,0.047840353,3.8184817e-07
ISIC_0030933,1,2.5736621e-05,0.9989323,2.466466e-07,0.00053080876,0.00048058483,2.3077133e-05,7.1694585e-06
ISIC_0025043,1,0.000999973,0.99893945,2.126478e-06,3.2815173e-08,5.7744848e-05,4.289547e-07,2.6705186e-07
ISIC_0024538,1,0.0029285336,0.9894756,1.48844e-06,8.5615545e-07,0.007437132,0.00012213475,3.431921e-05
ISIC_0029499,1,0.4633664,0.5207657,8.078717e-07,1.1692184e-07,0.015826778,1.5340927e-05,2.4799067e-05
ISIC_0025208,1,0.0074959965,0.9905083,2.2289973e-07,6.6026026e-08,0.0019936655,1.1226699e-06,4.6965502e-07
ISIC_0031956,1,1.09552385e-08,0.9999968,3.647141e-12,1.1816377e-11,3.03391e-08,3.1993086e-06,1.03531175e-08
ISIC_0025381,1,1.3919792e-05,0.9997794,2.1616484e-07,3.819667e-07,6.4030523e-06,2.8886452e-08,0.00019970782
ISIC_0030615,1,0.035510458,0.058242667,3.2103745e-07,4.4056345e-09,0.90623236,1.3866411e-05,3.4768945e-07
ISIC_0031308,1,0.0372312,0.944777,2.404236e-05,4.7444566e-05,0.01780534,3.765654e-05,7.7346274e-05
ISIC_0028981,1,0.0135842385,0.96113473,4.089825e-06,0.00024770747,0.024744458,0.0002446734,4.01179e-05
ISIC_0027821,1,0.0008588248,0.99913305,2.2774218e-08,1.0511442e-08,1.1545178e-06,3.7016513e-08,7.0166598e-06
ISIC_0027715,1,0.0032389741,0.996509,3.220602e-07,3.199923e-08,1.166203e-06,2.2110021e-07,0.00025027108
ISIC_0028360,1,0.00022723149,0.9997563,4.011624e-07,1.2906854e-07,7.702684e-06,7.78364e-06,4.870619e-07
ISIC_0029861,1,2.0895504e-05,0.99997294,2.2391355e-06,3.5838823e-08,1.1005126e-06,2.5828933e-06,1.4299306e-07
ISIC_0024366,1,2.0895504e-05,0.99997294,2.2391355e-06,3.5838823e-08,1.1005126e-06,2.5828933e-06,1.4299306e-07
ISIC_0027208,1,6.3021575e-06,0.9999937,3.0907396e-10,7.888627e-10,6.455474e-08,8.278748e-09,3.0664316e-09
ISIC_0032368,1,0.00013899783,0.9998604,7.00178e-08,3.1105852e-08,4.444815e-07,3.355655e-08,2.844205e-08
ISIC_0029504,1,7.588217e-05,0.99992394,5.394863e-09,7.3585182e-09,1.6297005e-07,4.0284096e-08,1.2037779e-08
ISIC_0024941,1,3.842566e-05,0.99995625,8.0138506e-07,5.432764e-07,3.409141e-06,4.287354e-07,3.7503877e-08
ISIC_0026028,1,3.961406e-05,0.99994314,6.4933755e-07,1.4389143e-06,1.460407e-05,2.654355e-07,3.1914436e-07
ISIC_0028057,1,9.503389e-05,0.99989426,7.499095e-07,4.8926124e-10,8.455346e-06,1.4858025e-06,4.3314738e-10
ISIC_0031502,1,0.003022483,0.99628156,1.4940503e-06,2.938216e-07,0.0006691371,2.5108418e-05,1.20458115e-08
ISIC_0032227,1,0.0014250554,0.9980306,1.4331214e-05,2.575705e-05,0.0004909654,1.0192753e-05,3.051577e-06
ISIC_0025545,1,2.4459338e-05,0.9999707,6.124788e-09,6.1963074e-10,1.392426e-07,2.604906e-06,2.0847774e-06
ISIC_0032003,1,6.6643224e-06,0.9999789,3.5893886e-09,1.0161979e-10,1.422343e-07,1.1041134e-06,1.3233923e-05
ISIC_0030466,1,0.0023244042,0.99767095,8.1980266e-07,3.2385514e-11,2.1289742e-07,3.5784503e-06,1.266511e-08
ISIC_0024529,1,0.014595986,0.9840868,4.0265843e-07,7.469264e-07,7.633853e-05,0.0012397558,1.4108493e-08
ISIC_0027827,1,0.003125994,0.9956963,1.2243453e-06,6.739737e-05,0.0006944566,0.0003693599,4.5206998e-05
ISIC_0025491,1,0.00274908,0.9972331,3.032375e-09,3.16845e-08,1.1958997e-05,5.6393087e-06,2.9848022e-07
ISIC_0031631,1,0.017396228,0.9740061,1.9131743e-05,1.3666448e-06,0.0064570755,0.0021072805,1.283836e-05
ISIC_0027150,1,0.12325599,0.87049097,2.9998057e-06,1.5715045e-06,0.006066051,0.00018211077,3.6730222e-07
ISIC_0030179,1,0.016983688,0.9829354,4.248474e-06,1.12295254e-07,1.4204287e-06,7.264554e-05,2.450845e-06
ISIC_0029215,1,0.0018276132,0.9981457,2.3142336e-06,1.9444812e-07,2.2225563e-06,1.9118832e-05,2.764215e-06
ISIC_0028362,1,0.007481521,0.99248415,2.2283152e-06,1.8256417e-08,2.860905e-06,2.7971268e-05,1.290873e-06
ISIC_0027514,1,0.0025262106,0.997357,4.7840564e-07,3.7796775e-07,0.00011011008,5.764191e-06,1.6337333e-07
ISIC_0031621,1,0.007628365,0.9912446,2.67488e-06,8.062816e-06,0.0011055637,9.850714e-06,9.39894e-07
ISIC_0031822,1,0.061501488,0.9379901,3.4978733e-05,1.076502e-05,0.0004189276,4.1611223e-05,2.175157e-06
ISIC_0030654,1,0.0053024013,0.99393153,2.6933446e-06,3.265356e-06,0.000750144,8.5603215e-06,1.4177075e-06
ISIC_0024721,1,0.0136205265,0.98615605,8.714543e-06,7.903946e-07,5.8824095e-05,0.00015506556,3.5026932e-08
ISIC_0027020,1,0.00022343133,0.999772,1.5530784e-09,9.991421e-10,1.0957253e-07,3.274392e-06,1.2137211e-06
ISIC_0028390,1,0.011978928,0.9880162,1.9911302e-10,4.7483346e-09,1.1018141e-08,5.4486282e-08,4.887432e-06
ISIC_0029199,1,0.04817685,0.9517073,5.555749e-09,4.4745043e-08,4.8735863e-05,2.56593e-05,4.1516898e-05
ISIC_0029661,1,0.010513352,0.962671,2.1456358e-07,1.0568727e-06,0.02654134,0.0002468655,2.6190264e-05
ISIC_0031623,1,0.0020095324,0.9979668,1.6972796e-06,9.926062e-08,2.7172418e-06,1.9036169e-06,1.7116467e-05
ISIC_0024328,1,0.012105768,0.98461723,3.888673e-06,7.1200984e-06,0.0019088194,1.4011691e-05,0.001343143
ISIC_0028518,1,0.0028560031,0.99711204,2.2442774e-07,8.3095426e-11,2.9318757e-05,2.4227545e-06,4.3291667e-08
ISIC_0026764,1,0.004797621,0.9941367,8.246359e-05,0.00046408497,0.00050140586,4.092958e-06,1.3627656e-05
ISIC_0032305,1,0.0016950809,0.9925989,7.764046e-08,8.852861e-08,0.0022548137,2.7764716e-05,0.003423202
ISIC_0025039,1,0.008122833,0.99180377,1.5052513e-09,1.4348482e-08,6.911707e-05,7.012781e-07,3.6080412e-06
ISIC_0032427,1,0.0010065712,0.998992,7.816943e-12,2.8653833e-12,1.1565896e-06,2.2205185e-07,4.2512884e-08
ISIC_0024428,1,1.5132876e-07,0.99999964,5.7183547e-10,2.7786302e-13,1.6655646e-07,1.3789763e-09,5.522634e-10
ISIC_0027897,1,2.532514e-07,0.99996436,3.4304216e-05,8.3170433e-13,2.9859098e-07,2.161066e-08,7.826803e-07
ISIC_0029339,1,0.9434478,0.053997397,1.2758701e-06,4.66881e-09,0.0021001424,0.00045331832,8.518695e-08
ISIC_0031399,1,0.024246695,0.97540635,3.678104e-07,0.000102068756,0.00024401174,1.8164592e-07,1.7858093e-07
ISIC_0029277,1,0.022261677,0.97761476,3.802914e-07,2.3541205e-08,2.7576843e-06,0.000120423545,6.9857364e-09
ISIC_0026209,1,0.23255791,0.70675045,1.2985667e-05,0.00084336806,0.059830148,4.2219035e-06,9.260531e-07
ISIC_0025518,1,0.23547839,0.7644011,3.5211357e-05,2.1405397e-07,3.724789e-05,1.7507688e-05,3.0365867e-05
ISIC_0026101,1,2.1385582e-05,0.99997294,1.2033394e-07,7.968585e-09,5.2482546e-06,2.475126e-08,2.8068624e-07
ISIC_0027045,1,0.03645548,0.9109321,0.000305637,3.950579e-05,0.051612034,0.00059584505,5.939215e-05
ISIC_0027236,1,2.8171427e-05,0.8102435,6.6835923e-09,2.491516e-06,0.1896111,4.7178757e-05,6.760475e-05
ISIC_0031798,1,0.00012819609,0.99986243,3.8387293e-09,8.080807e-09,7.293509e-06,2.0777936e-06,6.279691e-10
ISIC_0028484,1,0.0007829787,0.9992137,7.925327e-08,3.608674e-10,2.9668816e-09,6.918608e-08,3.0809044e-06
ISIC_0027874,1,0.00013825344,0.99980277,1.27502116e-08,2.704578e-09,5.187412e-05,6.797769e-06,2.8538318e-07
ISIC_0025657,1,0.00044911483,0.99889153,7.488478e-08,7.762672e-08,0.00065749965,3.1053295e-07,1.3800195e-06
ISIC_0029459,1,0.088828936,0.8968877,2.0639482e-06,1.109125e-05,0.0142673515,2.022955e-06,8.072985e-07
ISIC_0029528,1,0.018846016,0.94812095,0.020646628,3.3608976e-05,0.004295355,0.00800588,5.156058e-05
ISIC_0024937,1,0.029716514,0.9702259,4.5954184e-08,2.8416048e-06,4.9806054e-05,4.5058346e-06,3.2732427e-07
ISIC_0032136,1,0.3083837,0.67556685,4.628621e-06,6.675275e-05,0.015958369,1.5446212e-05,4.253773e-06
ISIC_0025198,1,0.00074683636,0.99923944,1.7880833e-08,2.162635e-09,1.273889e-05,7.855364e-09,1.0087806e-06
ISIC_0027486,1,0.004385983,0.9955314,6.200978e-07,3.1547258e-06,7.638508e-05,8.6956896e-07,1.6019376e-06
ISIC_0025410,1,0.0009421436,0.9987219,7.105357e-07,3.3950077e-08,8.441427e-05,0.00024859596,2.1637807e-06
ISIC_0030296,1,0.0048985784,0.99382186,5.124533e-06,3.692175e-06,0.0012681026,2.5555591e-06,2.1920414e-08
ISIC_0024343,1,0.001253298,0.93485683,9.172741e-11,1.11414495e-08,0.015835,0.048054297,5.78029e-07
ISIC_0031311,1,0.62438065,0.37544012,4.266671e-08,2.2993095e-08,0.00017515296,3.600121e-06,3.8303924e-07
ISIC_0029169,1,5.2235437e-06,0.99999416,2.0608506e-09,5.5366206e-10,1.6696633e-07,1.1481975e-07,3.178758e-07
ISIC_0029197,1,0.011625369,0.9883745,8.0773566e-10,1.5888188e-10,4.7917426e-09,8.65105e-08,2.1643642e-09
ISIC_0032300,1,2.0173525e-06,0.9999945,2.9614853e-09,9.582872e-08,2.945789e-06,3.3241034e-09,3.726222e-07
ISIC_0026034,1,0.00031829588,0.9585419,0.040831983,5.3331068e-08,0.0002104305,5.3580083e-05,4.372541e-05
ISIC_0028420,1,0.64285696,0.3005931,5.042298e-06,5.2498228e-05,0.05645684,2.5938862e-05,9.678235e-06
ISIC_0032126,1,0.0003823453,0.0030561045,2.2205247e-08,5.1546806e-07,0.96810526,0.028452229,3.598724e-06
ISIC_0029978,1,0.5702484,0.23791924,6.9930784e-06,5.066535e-06,0.19090976,0.00090726506,3.1968439e-06
ISIC_0025926,1,0.085868336,0.89345205,0.0028251351,4.6465466e-05,0.017751807,1.2424129e-05,4.376197e-05
ISIC_0031117,1,7.9451065e-06,0.99383533,9.476176e-08,2.563125e-07,0.0061525563,1.7757861e-06,2.1173141e-06
ISIC_0027308,1,0.0010049491,0.9961629,1.7816893e-06,2.2621036e-06,0.0027995887,5.9420972e-06,2.2611881e-05
ISIC_0032047,1,1.4465538e-05,0.9970139,3.0118966e-07,4.1838166e-06,0.002932678,3.075138e-05,3.675605e-06
ISIC_0032243,1,0.0023224303,0.9097115,0.00019507823,5.541509e-07,0.08776721,3.1154807e-06,3.8964686e-08
ISIC_0028675,1,0.0021636984,0.8296575,0.00062165054,2.1563503e-07,0.017668484,0.14743924,0.0024492312
ISIC_0031220,1,0.0021363224,0.9972494,1.5058984e-05,2.2335835e-05,0.0004328172,0.0001438402,1.9915618e-07
ISIC_0024808,1,0.00017458443,0.99959844,1.0247e-07,6.1203095e-06,0.00021934161,8.674107e-07,6.835592e-07
ISIC_0031942,1,0.02670371,0.973277,1.9305718e-10,3.5964443e-10,1.8702816e-05,6.085803e-07,4.372803e-08
ISIC_0026226,1,0.00010849368,0.9971553,1.2424806e-05,1.2640802e-05,0.0026954059,1.3150987e-05,2.582177e-06
ISIC_0028174,1,0.9682248,0.031249253,2.0569996e-05,7.6872006e-08,0.00048803823,1.4778123e-05,2.5497843e-06
ISIC_0024566,1,0.20916678,0.5534469,0.006856189,0.0045322347,0.20360532,0.021687074,0.0007054805
ISIC_0025112,1,8.064701e-05,0.9887283,0.0042366763,5.256051e-05,0.006601212,0.0001821865,0.00011840503
ISIC_0032444,1,0.07720646,0.92126036,4.118997e-06,0.0005027675,0.0004825289,0.00054224767,1.538966e-06
ISIC_0028305,1,0.0058922106,0.9939812,1.365017e-07,4.791587e-06,0.00010273963,8.130913e-06,1.0840156e-05
ISIC_0028186,1,0.0067608226,0.9931438,1.3462116e-08,2.174769e-07,8.907204e-05,4.8983597e-06,1.2347678e-06
ISIC_0026099,1,0.012138063,0.9843807,3.844804e-07,4.913707e-07,0.0034484775,2.6435664e-05,5.4549487e-06
ISIC_0024352,1,0.2892955,0.70666116,1.0386873e-05,0.0002602645,0.0028144256,1.0854314e-05,0.0009473876
ISIC_0026293,1,0.30227277,0.69701254,3.9858338e-07,5.0068875e-06,0.0006964062,3.314538e-07,1.2583112e-05
ISIC_0029286,1,0.014326707,0.98562837,6.4858284e-07,1.7911243e-06,3.49213e-06,3.667657e-05,2.3371806e-06
ISIC_0025784,1,0.4030906,0.59594977,0.0005075338,3.4714228e-07,7.4293953e-06,0.00044433068,1.0366807e-08
ISIC_0032112,1,0.6671219,0.326323,2.5818286e-05,2.0696349e-05,0.0056913476,0.00081697066,3.0152006e-07
ISIC_0027490,1,0.008489826,0.6582643,0.0003284169,0.0028863836,0.13602462,0.0119670015,0.18203944
ISIC_0029597,1,1.4622608e-06,0.99999046,4.8068727e-09,3.698904e-08,3.7554803e-06,3.5584563e-08,4.328372e-06
ISIC_0026097,1,0.99823964,0.0015286368,1.5735446e-05,7.738163e-07,6.4552006e-07,0.0002134372,1.1390232e-06
ISIC_0028767,1,0.9258772,0.06670862,0.0037381628,0.0034994213,3.6029647e-05,0.00012444965,1.605408e-05
ISIC_0028589,1,0.0017181857,0.9978021,4.5252384e-09,4.0740392e-08,2.7295406e-05,3.578593e-06,0.00044880822
ISIC_0029432,1,0.08218257,0.91470265,7.952236e-05,9.110339e-05,0.0019715792,7.386602e-06,0.0009652417
ISIC_0030535,1,0.011577437,0.032335456,1.330547e-05,2.5572413e-06,0.9559742,5.603773e-05,4.0885665e-05
ISIC_0031019,1,0.9267007,0.07200738,9.666355e-08,5.3245405e-08,0.0011783857,0.00011327383,1.3485143e-07
ISIC_0028151,1,0.09122119,0.8443427,9.089232e-06,6.6095563e-06,0.06437457,4.392904e-05,1.8997127e-06
ISIC_0025341,1,0.10429803,0.008347379,3.7018213e-05,4.6895122e-05,0.8871693,1.0444643e-05,9.083066e-05
ISIC_0028993,1,0.73668766,0.09700894,9.293422e-05,0.00016853814,0.16501848,1.1161144e-05,0.0010122401
ISIC_0029696,1,0.0039560697,0.9957151,2.3107754e-07,1.214466e-06,0.00017159106,0.00015561344,1.7340182e-07
ISIC_0027466,1,0.19286829,0.8064498,5.6121794e-06,3.90156e-08,0.00059469626,6.81886e-05,1.34351885e-05
ISIC_0031710,1,0.98668844,0.013280731,2.588361e-06,1.1389978e-06,2.6308062e-05,8.1574115e-07,2.7470938e-08
ISIC_0028923,1,0.6242156,0.37576848,4.5316597e-07,2.0759741e-07,1.4886363e-05,3.750531e-07,1.11187415e-08
ISIC_0026414,1,0.50451636,0.3821618,1.6641086e-05,2.9740188e-05,0.11326542,6.6973425e-06,3.3482036e-06
ISIC_0029160,1,0.20026514,0.4925249,5.9317837e-05,0.0005125144,0.30661082,1.7922834e-05,9.365657e-06
ISIC_0026559,1,0.004415961,0.0048094955,1.2327259e-07,8.714172e-05,0.9906861,3.192429e-07,8.3130425e-07
ISIC_0025396,1,0.1783336,0.82154566,2.868935e-05,7.468261e-05,1.5019942e-05,4.917031e-07,1.8350179e-06
ISIC_0026103,1,0.952085,0.047029592,5.097543e-09,1.0675105e-06,0.0008768417,9.053142e-07,6.4257615e-06
ISIC_0032281,1,0.39804244,0.27388015,0.00016470556,1.3777987e-08,0.14147484,0.18643734,5.050481e-07
ISIC_0030425,1,0.4955568,0.14185715,0.00014933795,0.0003411726,0.3619418,0.00014382086,9.88003e-06
ISIC_0028559,1,0.030094583,0.96989554,8.827663e-09,1.0651063e-07,8.277513e-06,4.8244954e-07,1.0063862e-06
ISIC_0028951,1,0.0043641953,0.98947936,2.012335e-06,1.8298499e-05,0.0061222343,8.594674e-06,5.304295e-06
ISIC_0028600,1,0.0005527244,0.99935204,3.2190617e-09,4.053807e-08,9.333899e-05,1.8343384e-06,1.2466305e-07
ISIC_0027469,1,0.053009246,0.94682455,1.9287778e-09,1.0868033e-06,0.000115046634,4.984292e-05,1.8117171e-07
ISIC_0028130,1,0.75699115,0.2405168,7.782212e-07,3.5567126e-07,0.0024887682,2.1179903e-06,5.55778e-08
ISIC_0024781,1,7.185908e-05,0.9911458,0.008524851,1.5974745e-08,5.987839e-07,1.05695676e-07,0.0002567524
ISIC_0028648,1,0.2455312,0.7543531,2.871336e-07,2.8900267e-08,0.00011158816,6.750804e-07,3.111402e-06
ISIC_0030253,1,0.669994,0.3298164,6.620031e-07,2.9927897e-08,0.00018771995,1.2179655e-06,2.193032e-08
ISIC_0031278,1,0.0039881594,0.99044496,2.278643e-06,2.3210962e-06,0.005375017,3.800391e-05,0.00014925703
ISIC_0026964,1,0.00010904852,0.99577624,3.4647298e-09,2.205952e-06,0.0041086636,3.5112441e-06,3.1595712e-07
ISIC_0030167,1,3.5131714e-05,0.99831295,4.2813024e-08,7.3678075e-06,0.001641282,1.4132261e-06,1.8417393e-06
ISIC_0032327,1,8.3285944e-05,0.104502395,1.3778996e-09,4.588945e-07,0.89540195,5.95886e-06,5.987576e-06
ISIC_0032423,1,0.049008753,0.14855373,1.9000172e-06,1.4286317e-06,0.8024078,1.4354165e-06,2.4933168e-05
ISIC_0030422,1,0.005261168,0.9945655,5.7621113e-05,4.822963e-05,4.23618e-05,1.66049e-05,8.463978e-06
ISIC_0027242,1,0.008189037,0.9130758,2.5458221e-05,0.06749696,0.0110409865,0.0001605098,1.1222002e-05
ISIC_0030313,1,4.226734e-09,0.8554638,1.0546573e-08,4.670049e-11,2.5786406e-07,8.8685965e-07,0.14453502
ISIC_0025579,1,0.00026590575,0.999729,2.7135083e-09,2.2630302e-09,4.2896163e-06,1.12492184e-08,7.7613794e-07
ISIC_0024514,1,0.9617141,0.038141776,4.077119e-07,4.138166e-07,0.00014185545,4.7550978e-07,9.166505e-07
ISIC_0031662,1,1.129157e-05,0.7077047,4.3804153e-08,8.631566e-07,0.29207385,2.4433732e-06,0.00020677576
ISIC_0032109,1,0.052013997,0.84789443,0.00011069432,0.002067411,0.095097125,7.641576e-05,0.0027398989
ISIC_0031031,1,1.619615e-07,0.9980915,5.835395e-11,3.6307503e-07,0.0019055778,5.575479e-07,1.8114616e-06
ISIC_0031113,1,0.00057091675,0.99942446,6.6542616e-09,3.9076102e-09,2.5677375e-07,2.1128008e-08,4.4181656e-06
ISIC_0025967,1,0.015027196,0.9051214,4.160511e-05,7.097877e-05,0.07510614,0.004625262,7.373747e-06
ISIC_0031960,1,0.00013823029,0.9956061,1.4882088e-09,2.264429e-05,0.0041867737,4.6035628e-05,1.7477753e-07
ISIC_0024578,1,1.962976e-05,0.9992993,5.415837e-09,2.3974955e-08,0.0006808058,6.811837e-08,1.7558503e-07
ISIC_0028310,1,7.358707e-05,0.69040644,0.3084863,3.543923e-05,6.3410494e-05,0.00081971096,0.0001150883
ISIC_0028281,1,0.00055057683,0.99184024,5.8182515e-05,2.4910136e-08,0.0073719956,1.1888439e-05,0.00016709992
ISIC_0029174,1,0.000669807,0.87408894,5.237727e-07,1.0534121e-05,0.00088990777,1.3845916e-07,0.12434017
ISIC_0028870,1,0.00541406,0.42149004,3.833443e-05,0.0048860884,0.052668218,3.292377e-06,0.5155
ISIC_0032144,1,0.6924601,0.30737317,2.7954388e-07,4.020416e-06,0.00016043374,1.5468732e-06,4.1935704e-07
ISIC_0030598,1,0.0013386721,0.9237596,2.4977743e-07,1.2777443e-06,0.07489999,1.9640007e-07,1.8741849e-08
ISIC_0028205,1,0.0016331018,0.99822336,7.550223e-08,6.984746e-06,0.00013403002,2.3520622e-06,7.0632936e-08
ISIC_0030772,1,0.020457689,0.97953725,4.5381834e-10,3.791603e-08,4.511563e-06,2.484957e-07,3.6699478e-07
ISIC_0030580,1,0.5689522,0.0037311781,6.816054e-05,0.00041736156,0.30442688,0.122400254,3.9574165e-06
ISIC_0028358,1,0.0040728566,0.9959229,5.0090772e-08,7.330182e-08,3.2329904e-06,1.367613e-07,7.446032e-07
ISIC_0027766,1,0.11331776,0.8863822,1.2695764e-09,3.4172828e-08,0.0002957392,1.0135745e-06,3.2347182e-06
ISIC_0030809,1,0.98266774,0.014554693,3.165117e-07,5.1840875e-08,0.002770251,3.393436e-06,3.5403557e-06
ISIC_0032311,1,0.0027047794,0.99729437,1.2950763e-10,4.2093356e-07,2.9407852e-07,5.109193e-08,2.7920555e-08
ISIC_0030920,1,0.016065199,0.9839316,4.1294206e-07,3.4672453e-08,2.5320485e-06,2.6556432e-07,4.6845727e-09
ISIC_0030534,1,0.0025556358,0.9490387,0.00054196175,0.04004755,0.007630956,0.00016276671,2.237629e-05
ISIC_0032284,1,0.0005381304,0.99534494,6.4158114e-05,2.9147888e-05,0.003960764,4.996996e-05,1.2870275e-05
ISIC_0031121,1,0.014796372,0.975962,2.7983638e-06,3.6550817e-05,0.009201007,6.731446e-08,1.1894485e-06
ISIC_0032034,1,0.21457727,0.780528,0.00023110185,0.00015819559,0.0043534935,2.7946262e-06,0.00014916275
ISIC_0032140,1,0.0006036328,0.98969346,6.538382e-08,2.1020805e-05,0.008942332,0.0007393107,2.4056774e-07
ISIC_0028736,1,0.15285538,0.80020255,2.7119308e-06,1.144724e-06,0.046936482,9.496305e-07,8.2572643e-07
ISIC_0028472,1,0.0077125095,0.976665,1.8848108e-06,8.6748895e-07,0.015554958,6.227183e-05,2.5047607e-06
ISIC_0030922,1,0.0053169755,0.9913946,6.4468246e-08,1.0164175e-08,0.0031964174,9.131421e-05,6.3405747e-07
ISIC_0026671,1,0.005402972,0.99394447,3.3377287e-08,1.0406249e-06,0.0006511044,1.713391e-07,1.9461088e-07
ISIC_0026488,1,0.0045048515,0.31362018,5.171099e-05,3.5408213e-08,0.6815314,4.0385326e-05,0.00025131038
ISIC_0026554,1,4.0998442e-05,0.0028744363,0.00012744375,0.0033506984,0.99335784,0.00023050093,1.8131392e-05
ISIC_0030603,1,0.3823991,5.7485784e-05,1.104175e-06,2.5039542e-05,0.61724913,0.00026792358,1.5885773e-07
ISIC_0031085,1,0.0014538463,0.030626608,2.346239e-06,6.4176254e-07,0.96786714,3.201775e-05,1.739361e-05
ISIC_0027688,1,0.010493522,0.9894183,2.5101273e-05,1.4361714e-05,4.5156874e-05,2.2758742e-07,3.2754608e-06
ISIC_0024704,1,1.6599006e-05,0.9997812,8.203329e-08,1.647902e-05,0.00015680105,2.2955028e-08,2.8948543e-05
ISIC_0030260,1,0.99305856,0.0032883696,0.00024321339,9.825074e-06,0.0033658538,1.2885351e-07,3.3995908e-05
ISIC_0031981,1,9.605447e-06,0.9991359,1.1500484e-08,1.0631987e-05,0.0006996127,0.00014135618,2.8520415e-06
ISIC_0027298,1,0.9520964,0.04782962,7.2357376e-05,2.945171e-10,1.2626765e-06,3.3087616e-07,9.769633e-10
ISIC_0024561,1,0.7744669,0.2252628,1.2528344e-05,4.7454237e-06,0.00022425634,4.0111254e-06,2.4738012e-05
ISIC_0030198,1,0.0077730203,0.9919934,1.5321078e-07,1.2030428e-06,0.00021911495,1.4138175e-07,1.30047765e-05
ISIC_0027535,1,0.9727734,0.003292372,0.0010508251,1.6464536e-06,0.022879042,1.4394504e-06,1.3367012e-06
ISIC_0027098,1,0.9963277,0.0036344829,3.6225305e-05,1.2953764e-10,1.5815865e-06,9.0864404e-08,7.271731e-10
ISIC_0025027,1,1.3206641e-08,0.028017439,0.9719747,6.0703182e-06,5.060984e-07,9.2912934e-08,1.2622397e-06
ISIC_0032090,1,1.6233227e-07,0.050637033,0.9493122,6.350497e-08,7.850702e-09,3.0043387e-07,5.0127095e-05
ISIC_0031011,1,0.5725842,0.40208372,0.02342154,1.0861696e-06,0.0017648207,7.896226e-06,0.0001368216
ISIC_0024466,1,0.009507986,0.4214173,9.653979e-07,0.003226684,0.5658389,8.103779e-06,2.8674016e-08
ISIC_0025477,1,0.002338189,0.9281212,3.6507815e-06,1.7881634e-05,0.06947548,1.2471945e-05,3.1056454e-05
ISIC_0027203,1,0.98499125,0.011139948,1.4767379e-07,1.02116076e-07,0.0037529902,0.00011548971,3.4833487e-08
ISIC_0029771,1,3.2070257e-05,0.999964,5.913638e-09,1.4722125e-08,3.872846e-06,4.1178644e-08,3.8531915e-08
ISIC_0027475,1,0.00027503964,0.99970406,8.416235e-08,4.2978692e-07,1.1227584e-05,8.7471535e-06,4.3440423e-07
ISIC_0029344,1,0.94855404,0.04588229,3.937609e-06,1.33710455e-05,0.0055428534,1.0951909e-06,2.4097155e-06
ISIC_0029145,1,0.00097327965,0.770033,0.22883727,3.13944e-05,0.00010689604,1.7842345e-05,3.2221416e-07
ISIC_0029441,1,4.690241e-05,0.9974941,0.0024385336,7.85581e-08,7.402071e-07,1.965612e-05,3.4648618e-08
ISIC_0024480,1,0.96708506,0.017482897,2.2757588e-06,3.617991e-05,0.008106671,0.007284613,2.3365644e-06
ISIC_0030279,1,1.6341952e-06,0.9996537,3.8058552e-08,1.0090564e-06,0.0003410132,1.8641865e-07,2.441804e-06
ISIC_0024380,1,0.00012503755,0.9991192,2.6499999e-08,4.2856695e-07,0.0007483621,3.0090212e-06,3.9474608e-06
ISIC_0032344,1,0.00057776907,0.9992094,8.056435e-06,1.901722e-08,4.1381627e-05,3.1556038e-08,0.00016339052
ISIC_0024416,1,0.7936731,0.1900361,0.00023301334,2.4410704e-07,0.015857793,9.40063e-05,0.00010572184
ISIC_0026166,1,0.99559706,0.0038768658,2.556592e-07,5.4197637e-09,0.0005241056,1.4332753e-06,3.2969638e-07
ISIC_0028131,1,0.47164786,0.50676155,0.0015523391,0.00011982792,0.019853514,5.18848e-06,5.9763108e-05
ISIC_0024377,1,0.81600547,0.1833678,2.3288597e-07,4.5949444e-05,0.0005771269,2.0975456e-06,1.2789114e-06
ISIC_0031045,1,0.13200034,0.48948592,3.3975139e-06,1.5340207e-08,0.37847164,2.4357321e-05,1.4457725e-05
ISIC_0030176,1,1.3076709e-05,0.9998958,1.9761217e-07,1.8678738e-05,6.687716e-05,2.3652851e-06,2.8786876e-06
ISIC_0029252,1,0.026481753,0.012588061,1.506247e-08,3.8487676e-07,0.9567062,0.0042213704,2.1195494e-06
ISIC_0026017,1,0.11896655,0.002800306,4.244466e-07,2.3486386e-06,0.87808275,0.0001456842,1.992646e-06
ISIC_0032236,1,0.03784967,0.9620568,7.223143e-06,1.0765315e-05,9.784859e-06,3.6272698e-07,6.541832e-05
ISIC_0029560,1,0.0013679594,0.9964084,8.131501e-07,5.9496375e-07,0.0021858108,3.008059e-05,6.305782e-06
ISIC_0027849,1,0.9935714,0.006392102,2.3161283e-05,7.3490307e-09,9.523908e-06,3.7825043e-06,1.4194721e-09
ISIC_0031809,1,3.5728248e-05,0.99962604,1.6625212e-07,1.5762546e-07,0.00032138533,1.1684319e-05,4.9169907e-06
ISIC_0029963,1,0.003058658,0.99694073,7.0606304e-10,7.8441387e-10,5.814537e-07,5.2237312e-09,2.0851936e-09
ISIC_0026123,1,0.15254787,0.8425856,1.7909697e-05,1.3199456e-06,0.0048278705,1.8798526e-05,6.5667007e-07
ISIC_0024479,1,1.4716102e-05,0.999928,2.7782248e-09,1.9459665e-11,1.5584868e-06,4.9111342e-05,6.5833624e-06
ISIC_0032328,1,0.00019300108,0.99980325,5.7955725e-09,3.573906e-10,3.8248224e-08,2.0218085e-06,1.6616974e-06
ISIC_0026358,1,0.00036250087,0.99949634,1.8923812e-08,3.7833352e-08,4.7719437e-05,7.611297e-07,9.266177e-05
ISIC_0025193,1,0.0041730516,0.9953101,1.7270165e-07,1.5900001e-08,8.583721e-06,2.297283e-05,0.00048506772
ISIC_0029247,1,0.042076338,0.9579051,2.0950228e-09,5.4764485e-08,1.7459559e-05,1.610498e-08,1.0208832e-06
ISIC_0024752,1,0.02324616,0.9767469,1.4950945e-10,6.8805434e-10,6.777445e-06,6.308844e-08,1.638747e-08
ISIC_0029650,1,0.00018388494,0.9984884,1.428918e-05,2.2031686e-06,0.00043274785,0.00026222726,0.0006161119
ISIC_0029879,1,0.03301485,0.9401219,5.536476e-07,6.671081e-08,0.002936574,0.023920752,5.301053e-06
ISIC_0026371,1,0.0012592361,0.32773447,0.00026615502,8.795799e-05,0.6702592,0.00039056307,2.4966803e-06
ISIC_0024857,1,0.00011956166,0.3680899,0.00050695677,9.093902e-06,0.6312546,1.6835485e-05,3.0016945e-06
ISIC_0029055,1,0.016260786,0.9836361,1.2587825e-05,3.49901e-07,8.3731575e-05,1.7742447e-06,4.6304976e-06
ISIC_0026834,1,4.511767e-05,0.99994516,4.6527484e-09,3.307307e-09,6.97722e-07,3.4708674e-07,8.712236e-06
ISIC_0026657,1,0.017153071,0.9823455,3.2533695e-05,1.9705095e-07,6.06162e-05,0.00028618664,0.00012183202
ISIC_0028067,1,0.112287164,0.88759696,1.6352368e-07,9.074439e-08,6.126986e-05,4.317647e-06,4.9986684e-05
ISIC_0031127,1,0.39337242,0.60424966,0.002350516,2.9207674e-09,1.1241094e-06,2.5644214e-05,6.012742e-07
ISIC_0027558,1,0.21792641,0.7814553,0.000102983024,8.278924e-06,0.000506418,1.8309723e-07,4.0942487e-07
ISIC_0029231,1,0.0011051336,0.9988937,1.4294704e-09,3.417038e-08,2.4411818e-07,9.644073e-07,5.1659494e-08
ISIC_0030144,1,0.00071439374,0.31051567,3.6238255e-06,3.0233863e-05,0.000107454245,0.0001240713,0.6885046
ISIC_0028909,1,0.042182747,0.9577923,7.3055584e-10,1.4447582e-05,3.5855653e-06,4.1206367e-06,2.8478619e-06
ISIC_0031750,1,0.0024273722,0.9975682,8.460567e-09,4.4727573e-09,3.8750654e-06,2.5487947e-07,3.3671373e-07
ISIC_0030710,1,0.17203848,0.82397026,1.5901393e-05,6.4861183e-07,0.00018562682,0.003749159,3.992188e-05
ISIC_0027714,1,0.008933375,0.81430274,0.00014583563,3.4188454e-07,0.17659329,6.103491e-06,1.8304774e-05
ISIC_0030585,1,0.68902993,0.3103093,8.528428e-06,8.580611e-09,0.00061123277,3.9867038e-05,1.1461156e-06
ISIC_0030336,1,4.4138435e-09,0.9999901,8.3904814e-11,8.899218e-09,4.868087e-06,5.051738e-06,2.775516e-09
ISIC_0027970,1,0.00035622288,0.99960476,8.9666926e-08,1.6262591e-10,1.44560945e-05,1.927631e-05,5.1287266e-06
ISIC_0032388,1,0.105917364,0.89382964,6.40257e-06,2.2154127e-07,2.4014389e-05,0.00022200607,3.156987e-07
ISIC_0031973,1,0.1608088,0.8296213,4.1931855e-08,5.0756927e-07,0.009568021,1.2857109e-06,1.8585157e-08
ISIC_0025860,1,2.7430376e-06,0.9992692,1.0994594e-09,3.6272287e-11,0.0007263202,7.962754e-08,1.666029e-06
ISIC_0025473,1,0.00024311917,0.9996117,2.190111e-06,7.6419575e-08,1.58195e-05,2.8210977e-06,0.00012427714
ISIC_0025062,1,0.004182302,0.9933782,4.4563415e-09,3.9724775e-08,0.0024237437,1.8857988e-07,1.5535063e-05
ISIC_0030479,1,0.65011424,0.3498398,3.194193e-08,4.284005e-05,1.2319304e-06,1.6200371e-06,2.3164887e-07
ISIC_0028834,1,0.34693527,0.6514293,1.0902396e-06,7.0159576e-06,0.0015957811,3.1297914e-05,3.0695335e-07
ISIC_0033234,1,0.01022006,0.989677,3.195319e-08,5.4337257e-10,1.9924802e-07,4.5262486e-06,9.820538e-05
ISIC_0033903,1,0.00034037672,0.9996581,1.1740896e-08,8.526696e-10,1.3927138e-06,1.107545e-07,1.555514e-08
ISIC_0033105,1,0.002244107,0.9974917,9.362924e-08,1.2735262e-07,0.00018714083,5.349424e-06,7.143996e-05
ISIC_0032572,1,0.0010281809,0.99892646,3.5394128e-09,1.3863607e-07,4.1474075e-05,1.429838e-07,3.666291e-06
ISIC_0029808,1,1.0059172e-06,0.99999857,2.4962468e-10,7.298415e-09,1.3610648e-07,2.6829738e-07,3.1772411e-09
ISIC_0034043,1,0.28020665,0.67140245,4.6362933e-07,2.3350608e-06,0.047904793,0.00048214287,1.2326304e-06
ISIC_0029401,1,1.5467673e-05,0.0059397793,4.103381e-05,1.0419283e-05,0.010119784,0.98369414,0.00017940396
ISIC_0032907,1,5.7492103e-05,0.9999424,1.6787524e-11,2.0614153e-10,3.9086164e-08,2.5109492e-09,8.781694e-09
ISIC_0033760,1,0.0009083371,0.9990914,1.6758664e-10,4.1562316e-08,1.5913815e-07,6.066354e-08,3.1049634e-08
ISIC_0033364,1,0.025182415,0.9155,1.7348141e-07,2.3399083e-05,0.056998376,0.0001488644,0.0021468257
ISIC_0034238,1,6.0294133e-05,0.99993837,4.3286645e-11,3.4396617e-09,1.2868433e-07,5.314036e-09,1.1996924e-06
ISIC_0032543,1,0.0011540159,0.99882764,9.689917e-11,5.263069e-09,1.2846186e-05,1.2991931e-06,4.2106585e-06
ISIC_0033176,1,0.012392207,0.9875996,6.895604e-06,5.0043017e-08,7.6947987e-07,2.6995655e-09,4.959057e-07
ISIC_0033584,1,0.0040089204,0.99419457,0.0006553926,8.025213e-07,0.0010054096,5.3416436e-05,8.140708e-05
ISIC_0033118,1,0.007626973,0.630246,0.0822395,0.004174245,0.27556276,0.00012613437,2.4468547e-05
ISIC_0032523,1,3.1185027e-05,0.9999616,9.1822185e-09,9.091246e-10,1.3613736e-06,4.4383533e-08,5.8226224e-06
ISIC_0033159,1,1.6584048e-06,0.999998,1.073524e-09,1.6302817e-10,5.8710782e-08,1.2787971e-08,3.3302325e-07
ISIC_0034027,1,0.31785312,0.67286164,8.6071054e-07,2.6658392e-06,0.009279754,1.7210001e-06,2.8811334e-07
ISIC_0032575,1,0.002382959,0.99761176,2.4957419e-07,2.9359542e-08,4.8396473e-06,8.126385e-08,6.91048e-08
ISIC_0032793,1,0.00012748584,0.999858,3.0005135e-06,3.5859307e-07,9.159122e-06,1.5317109e-07,1.8733876e-06
ISIC_0033895,1,0.0013560683,0.99674135,3.8155463e-08,2.2124575e-06,0.0018760499,2.2901884e-05,1.3004135e-06
ISIC_0034309,1,0.00036623896,0.9953216,5.045729e-08,2.8714355e-06,2.675833e-05,0.003410277,0.0008722602
ISIC_0033622,1,0.00077335286,0.99913234,4.3518833e-09,6.059332e-07,5.2687887e-05,1.2147759e-06,3.985124e-05
ISIC_0027689,1,0.12868892,0.87076855,5.727074e-06,1.735073e-07,5.4041334e-06,0.00047862562,5.2525498e-05
ISIC_0032655,4,0.0017792877,0.01334651,9.626387e-05,6.930039e-08,0.9842865,0.00049076526,6.202845e-07
ISIC_0033681,1,0.003083567,0.98205125,2.4995379e-07,6.2481895e-06,0.00457033,0.010282204,6.2447466e-06
ISIC_0032562,1,0.16406551,0.8352046,5.346371e-08,2.195727e-06,0.0006387666,8.502338e-05,3.8215135e-06
ISIC_0034228,1,0.21348996,0.7790085,3.905615e-05,1.2312362e-08,0.007293325,0.00016701368,2.238875e-06
ISIC_0033556,1,6.193188e-05,0.9998203,8.855414e-09,5.1991225e-07,0.000117102034,6.9351245e-08,1.5128907e-07
ISIC_0033623,1,0.0003842764,0.99955684,3.1432148e-07,6.6410323e-12,8.513686e-06,4.9692084e-05,3.0379346e-07
ISIC_0034075,1,0.8685397,0.13138774,1.6390058e-09,1.5391935e-08,6.691926e-05,5.6476133e-06,1.6652493e-08
ISIC_0032606,1,0.0077244537,0.9922455,1.1842584e-10,4.3326325e-09,2.6703476e-05,2.0354717e-06,1.3905807e-06
ISIC_0033066,1,0.00060487114,0.9985997,3.877801e-09,3.2914463e-07,0.000709412,1.0526568e-05,7.51553e-05
ISIC_0033481,1,0.6447942,0.35519958,4.6378733e-07,3.824912e-07,4.2874485e-06,1.0137102e-06,6.0652134e-08
ISIC_0033374,1,0.00037644358,0.99961853,5.6568e-08,8.8754004e-10,3.3920367e-06,3.2176362e-07,1.1753439e-06
ISIC_0032578,1,9.688948e-06,0.99998236,1.8260575e-07,4.4313717e-07,4.6133587e-07,4.6269406e-08,6.833625e-06
ISIC_0033628,1,0.00015116761,0.99984133,7.095603e-09,1.1769989e-10,6.1907526e-06,1.0582769e-06,2.0978226e-07
ISIC_0033353,1,0.00053175905,0.9993098,3.5994773e-07,3.2165765e-06,6.500611e-05,8.947508e-05,3.6662482e-07
ISIC_0032852,1,5.3193144e-08,0.9999999,2.3670553e-11,7.1515965e-13,2.4864306e-08,1.5754474e-09,9.471762e-09
ISIC_0033332,1,1.2788931e-06,0.99991,9.197324e-06,4.2769828e-09,6.644697e-08,7.67881e-05,2.723504e-06
ISIC_0033597,1,9.5790965e-06,0.99998665,3.522548e-06,4.809064e-09,2.3714527e-07,6.8195103e-09,7.455147e-09
ISIC_0033064,1,0.15821458,0.83515835,7.808916e-06,6.191457e-06,0.006195719,0.00019360689,0.00022365089
ISIC_0033620,4,0.07508262,0.85414636,0.060194053,9.417986e-08,0.0065277354,0.004012976,3.6094123e-05
ISIC_0027492,1,0.0010131072,0.9989637,2.2494971e-06,3.4345707e-10,1.2938125e-05,7.350194e-06,5.6431696e-07
ISIC_0027528,1,0.00014033137,0.9994935,0.00010246028,1.9875895e-08,2.9387238e-05,0.00023141982,2.951921e-06
ISIC_0028014,1,8.0610465e-05,0.9682957,1.5129114e-06,4.581797e-09,0.031621117,3.4161403e-07,7.200333e-07
ISIC_0025499,1,0.046353664,0.8283413,5.8939517e-05,2.6647206e-06,0.12521328,9.39345e-06,2.0804833e-05
ISIC_0025653,1,0.0018832554,0.99807703,2.0739915e-07,2.7297055e-08,3.519832e-05,3.328859e-06,1.0034933e-06
ISIC_0027265,1,0.0019928524,0.9976567,4.8325187e-06,1.3851168e-08,0.00025165276,2.1413343e-05,7.253408e-05
ISIC_0027418,1,0.0046390756,0.99529266,5.678249e-06,1.584272e-08,4.857038e-05,1.3915499e-05,1.3273565e-07
ISIC_0029030,1,0.018530963,0.98137856,1.4637612e-05,1.0969616e-08,7.090364e-05,4.5287948e-06,3.640115e-07
ISIC_0028585,1,0.03641386,0.960013,0.00023093996,5.8267995e-07,0.0032846532,4.8195845e-05,8.745615e-06
ISIC_0032102,1,0.00032997795,0.9918778,7.5231476e-08,4.8136706e-10,0.0077913017,7.7957077e-07,6.2871526e-09
ISIC_0031299,1,8.4022995e-06,0.99804676,1.6734798e-07,8.4512766e-07,0.0019381748,5.347365e-06,3.2748304e-07
ISIC_0028438,1,2.5990826e-06,0.99880433,9.253132e-05,3.2133847e-09,6.140663e-05,7.248681e-07,0.0010383677
ISIC_0029417,3,0.34366256,0.0005551078,0.05581603,0.0060340255,0.59381944,0.00011174771,1.1018689e-06
ISIC_0029915,3,0.001329507,0.0008164082,0.11426919,0.0046903244,1.1548163e-06,0.87888587,7.619426e-06
ISIC_0029360,3,0.0048192968,7.6562545e-05,0.987872,2.4856172e-05,0.005818654,0.0012906599,9.793639e-05
ISIC_0026152,3,7.5696924e-05,8.0818054e-09,0.99952066,0.0003008405,6.985911e-06,9.57956e-05,1.1985114e-09
ISIC_0027795,3,2.7834421e-05,2.2657566e-06,1.8174986e-06,0.99975747,0.00021029597,2.8833594e-07,9.187881e-08
ISIC_0024913,3,0.0010158496,3.0219719e-05,0.064225145,0.02827103,0.23042868,0.67245686,0.0035722428
ISIC_0031918,3,0.07309839,0.09355546,0.0031906837,0.8096206,0.0011843232,0.019347413,3.1885477e-06
ISIC_0032455,3,0.0015448114,0.0015702988,0.02916652,0.48233852,0.484775,0.00047905932,0.00012576325
ISIC_0030491,3,0.9244563,6.0701597e-05,9.742521e-07,0.0013179997,0.07413907,2.4411696e-05,5.919064e-07
ISIC_0025825,3,0.07396506,0.000117105985,5.321517e-06,0.9220263,0.0037139712,0.00017148811,6.9875045e-07
ISIC_0024450,3,0.38459548,7.772383e-06,0.52456665,0.09064754,0.00013874621,4.374475e-05,3.711173e-09
ISIC_0031743,3,0.88355833,3.2057327e-05,0.0014936789,0.114380255,2.165166e-05,0.0005139702,4.731746e-09
ISIC_0026522,3,0.023423402,4.3285418e-06,0.002481954,0.96733373,0.006755976,6.639503e-07,1.0427458e-08
ISIC_0027753,3,0.99865294,0.00035408358,9.122651e-08,0.00076635886,0.0001572512,6.814826e-05,1.1302618e-06
ISIC_0026492,3,0.98095244,0.00033655504,4.2029916e-07,7.779217e-06,0.00086013885,0.017834526,8.202414e-06
ISIC_0031335,3,1.3332074e-05,8.252612e-08,4.7806115e-08,0.9999362,4.8673122e-05,1.2894222e-06,3.4090908e-07
ISIC_0028314,3,0.0008838434,2.130369e-06,0.00059584406,0.9985079,2.791074e-06,7.22052e-06,1.4560194e-07
ISIC_0030821,3,0.94897395,0.001175686,1.1616507e-06,0.020870011,0.028883833,9.442835e-06,8.594417e-05
ISIC_0025182,3,0.00020026905,4.1160056e-05,0.08163133,1.1159164e-05,0.011551262,0.9065639,9.148031e-07
ISIC_0031570,3,0.000461134,2.0348581e-07,0.00076697045,0.99741083,0.0005856386,0.0007745754,6.833146e-07
ISIC_0032356,3,0.0011881054,8.667362e-07,0.29573753,0.6644319,0.037748035,0.0003417962,0.00055176055
ISIC_0031381,3,0.04099991,0.001685876,7.15207e-06,0.005904011,0.95109546,0.00022817614,7.935801e-05
ISIC_0028224,3,0.0016356667,0.0025389271,1.7972612e-05,2.098668e-05,0.040375743,0.95540404,6.6925377e-06
ISIC_0025029,3,0.6537564,0.09422122,4.2093787e-05,0.008521026,0.24205102,0.0013572403,5.0938444e-05
ISIC_0026388,3,0.011741424,0.0005139741,9.118039e-06,0.08001712,0.9076973,1.8704472e-05,2.319812e-06
ISIC_0029900,3,3.8225076e-05,0.0005421867,0.00011804126,0.031939857,0.96728134,5.964017e-07,7.9667596e-05
ISIC_0029549,3,0.9673827,0.00020869177,0.0009725224,0.02967552,0.0016999173,6.0497776e-05,6.026241e-08
ISIC_0024470,3,0.018783366,0.0010880852,0.0051160553,0.28344718,0.6503512,0.007868608,0.03334543
ISIC_0028076,3,0.7706573,0.00033228777,0.009465092,0.040680178,0.17863464,0.00022853405,1.9342951e-06
ISIC_0030142,3,0.0011543503,7.834696e-06,0.00097314845,0.9475161,0.05027675,6.747083e-05,4.3598325e-06
ISIC_0024925,3,0.091180675,0.01960871,0.004437623,0.13973683,0.7448159,0.00021983028,4.3231083e-07
ISIC_0025957,3,0.6819076,0.0033724103,0.2996569,0.01446292,2.51942e-05,0.0005748407,1.0489503e-07
ISIC_0025605,3,0.8337088,0.031306826,0.0019538205,4.9864484e-06,0.13301034,1.4907399e-05,3.489167e-07
ISIC_0026457,3,8.888883e-05,2.185777e-05,0.0001506382,0.0021482366,0.9975777,1.1289549e-05,1.4980855e-06
ISIC_0027562,3,0.043665357,0.16686364,5.8981714e-05,0.0023369081,0.78695226,8.034536e-05,4.2535557e-05
ISIC_0024539,3,0.88445556,0.0029891753,0.00019147612,3.5291612e-06,0.112338394,1.934254e-08,2.1942056e-05
ISIC_0029713,3,0.9961927,1.2245528e-06,0.003716016,1.61196e-05,6.519062e-05,8.485995e-06,2.370707e-07
ISIC_0027829,3,0.07182416,0.40794274,4.9053648e-05,0.018459205,0.4973854,0.0043035513,3.578711e-05
ISIC_0027254,3,0.06050505,0.023383716,1.1054367e-08,1.6338371e-06,0.91610914,4.909188e-07,1.239266e-08
ISIC_0026194,3,0.98501056,0.0016165043,0.0003619505,0.0045697438,0.008436015,4.9879563e-06,2.9282123e-07
ISIC_0029830,3,0.5364639,0.0037005858,0.120746635,0.04947276,0.28912413,0.00047456208,1.7453276e-05
ISIC_0027884,3,0.006918311,0.11139428,0.7565741,0.11688771,0.0075518102,0.00046038727,0.00021350298
ISIC_0028517,3,2.5692734e-05,4.6532045e-09,1.861622e-05,0.0032601084,8.154367e-08,0.9966955,5.233148e-08
ISIC_0027334,3,8.816287e-06,2.3057119e-06,0.9981863,0.0010984448,0.00039470938,0.00030938312,1.4213194e-08
ISIC_0030877,3,0.5806907,0.38641232,4.8226826e-07,0.0018293733,0.030937513,0.00011958894,1.0054062e-05
ISIC_0027950,3,0.14123732,0.8507861,4.4941527e-07,0.0015811984,0.0063815922,1.251329e-05,8.567566e-07
ISIC_0024948,3,0.020298157,0.11824139,4.9146136e-05,0.00011650415,0.86124134,2.0450247e-05,3.299207e-05
