image_id,label,prob_MEL,prob_NV,prob_BCC,prob_AKIEC,prob_BKL,prob_DF,prob_VASC
ISIC_0032343,4,9.861696e-06,0.00090615277,5.2781996e-07,5.9370077e-06,0.9990765,5.6347176e-07,3.816035e-07
ISIC_0030698,4,0.00013809137,0.9959449,1.1470985e-06,8.5153834e-10,0.0021609645,4.2475144e-06,0.001750647
ISIC_0025567,4,2.0583154e-07,0.0022695812,1.2412271e-06,3.793745e-10,0.9977081,8.9218e-07,1.9885485e-05
ISIC_0029161,4,2.6475384e-08,0.002129634,6.1937467e-06,9.134823e-06,0.99765825,3.7055443e-06,0.00019298635
ISIC_0026273,4,1.1102655e-10,1.3940189e-06,4.257711e-08,5.6292226e-08,0.9999976,1.1892421e-08,8.669564e-07
ISIC_0025076,4,0.008630973,0.96705663,3.486517e-05,1.1399422e-05,0.024249395,8.928654e-06,7.84442e-06
ISIC_0029687,4,0.00023276787,0.9955402,6.391107e-07,8.333797e-10,0.004225126,9.2083866e-08,1.0907665e-06
ISIC_0025642,4,0.0037996254,0.99444157,2.4791427e-07,5.5864025e-09,0.0015833139,2.2340325e-06,0.00017301836
ISIC_0031691,4,4.0304403e-08,5.674517e-06,7.664698e-07,7.419099e-06,0.9999856,7.452797e-08,5.244165e-07
ISIC_0025419,4,0.0063932473,0.96931803,0.0012156116,3.2152688e-08,0.02277899,0.000121075456,0.00017309136
ISIC_0030105,4,0.0046890005,0.73205227,0.005919664,0.0034498454,0.23562373,0.001034476,0.01723102
ISIC_0029301,4,0.00071153394,0.9991991,9.924784e-06,1.2494591e-09,6.265309e-05,1.1210895e-05,5.6585045e-06
ISIC_0026637,4,0.0017107998,0.9979431,3.0862426e-05,2.007048e-09,9.5342875e-05,0.0001844843,3.540673e-05
ISIC_0030377,4,0.8116732,0.15915139,2.2850121e-05,4.451202e-08,0.029151596,3.2349215e-07,5.8698316e-07
ISIC_0031468,4,0.002635841,0.046997596,3.663412e-05,5.446092e-05,0.950273,1.0746766e-06,1.4267774e-06
ISIC_0030926,4,0.0063070655,0.003524096,2.48759e-05,7.558935e-05,0.99001664,1.8988638e-07,5.155129e-05
ISIC_0029288,4,2.7203956e-07,9.602505e-07,1.7657666e-08,2.9863614e-08,0.9999988,8.0895707e-10,1.1971057e-09
ISIC_0031008,4,1.0398314e-06,1.1824209e-05,7.652272e-08,2.6048945e-05,0.9999572,3.6511667e-06,1.0417049e-07
ISIC_0024698,1,0.016725235,0.9832713,7.9870524e-08,4.6849866e-08,3.0900912e-06,2.596128e-07,1.0300078e-07
ISIC_0025099,4,3.7106827e-07,0.0028816818,1.7080858e-07,7.079463e-12,0.99711764,3.2345124e-09,1.376096e-07
ISIC_0031485,4,0.0006712797,0.69693255,1.9414258e-06,3.751899e-11,0.3022962,1.6819007e-07,9.789027e-05
ISIC_0032283,4,0.014453283,0.1439684,0.0072197807,0.0002404202,0.8341045,9.131393e-06,4.484638e-06
ISIC_0030005,4,0.57854116,0.008067829,0.0007248566,8.005696e-05,0.4125026,2.922705e-05,5.4240896e-05
ISIC_0030189,4,1.5176997e-07,4.2250815e-07,4.671158e-09,1.6538922e-07,0.9999993,3.366608e-09,4.2871312e-10
ISIC_0026532,4,2.5151002e-07,9.1030415e-07,1.5280706e-08,7.0893094e-08,0.9999987,6.655726e-08,1.877896e-08
ISIC_0029674,4,2.6212338e-05,0.43774125,2.3160914e-05,0.00028805496,0.5516828,0.0010221254,0.009216375
ISIC_0028607,4,0.00024951852,0.03055738,0.00019179913,8.80898e-06,0.9688683,0.00012299635,1.2160722e-06
ISIC_0024623,4,4.0133837e-06,3.0962876e-06,1.6551885e-05,3.841172e-05,0.9999378,7.800726e-08,4.393111e-09
ISIC_0029613,4,2.6248103e-06,1.304293e-06,2.9493597e-07,8.1646455e-08,0.9999906,5.0157746e-06,5.01859e-09
ISIC_0025906,4,7.625693e-07,0.069358155,6.1372566e-06,4.949091e-10,0.9277536,0.00023473406,0.0026466378
ISIC_0027151,4,0.000107696425,0.9965461,3.0114265e-06,1.0260745e-10,0.0007592657,2.3100214e-05,0.0025609215
ISIC_0028646,4,0.003784331,0.11078015,2.4840067e-05,0.0009546002,0.8842252,2.2628445e-05,0.00020819053
ISIC_0026794,4,0.045865174,0.00013470445,0.61443067,0.33138683,0.0080787605,1.0204039e-05,9.370038e-05
ISIC_0034318,4,6.90001e-05,0.005007395,7.3977535e-05,4.176738e-09,0.9945392,2.8643024e-07,0.00031012687
ISIC_0032972,4,0.00010491142,0.00061071303,6.6619075e-05,4.92956e-09,0.99920815,7.41629e-07,8.858187e-06
ISIC_0032929,4,0.12327207,0.0017409831,2.4259103e-05,0.1201236,0.75462073,6.2771173e-06,0.00021201982
ISIC_0032963,4,0.121360615,0.0006382145,0.013505084,0.00093315844,0.86231685,0.00011729408,0.0011287698
ISIC_0033583,4,6.7800494e-05,2.8560432e-06,1.1266885e-09,1.5868599e-12,0.9999293,6.0662815e-11,3.701391e-10
ISIC_0033465,4,1.6317606e-06,0.0001617545,4.084331e-08,1.2352988e-09,0.9998363,7.103056e-09,1.4437686e-07
ISIC_0032514,4,0.4582137,0.136068,0.000122895,0.00017085843,0.40534765,1.0416275e-06,7.589994e-05
ISIC_0033400,4,1.900657e-05,0.16384414,9.209889e-05,1.1654454e-06,0.83600765,2.1862996e-05,1.405744e-05
ISIC_0033677,4,2.7762042e-06,0.015922109,1.0612845e-05,1.8376031e-06,0.98396885,8.5291205e-05,8.513157e-06
ISIC_0033262,4,0.0010826653,0.7271067,0.0001551026,2.9365954e-06,0.27163592,1.5275242e-06,1.5121294e-05
ISIC_0033410,4,3.2807424e-05,6.648432e-05,0.020143688,0.4816687,0.49807706,1.0025728e-05,1.2193866e-06
ISIC_0032725,4,2.1725344e-09,2.5700677e-08,1.7169192e-05,2.7865226e-06,0.99998,1.4255684e-09,5.2463864e-09
ISIC_0033264,4,1.6017693e-06,5.524284e-06,1.967811e-09,2.0138344e-09,0.99999297,7.5689244e-10,2.4868973e-08
ISIC_0032665,4,0.0038723815,0.67862684,0.00018681886,3.0461824e-05,0.31664532,1.8014249e-06,0.00063634705
ISIC_0033130,4,0.0033980594,0.077586405,0.0001337511,6.8248584e-05,0.91850966,1.1040429e-06,0.00030281907
ISIC_0033321,4,0.41667974,0.0003485005,4.65127e-09,7.302919e-09,0.58296967,8.5316293e-07,1.2617206e-06
ISIC_0032757,4,0.014255252,0.90616775,1.535774e-07,1.7746453e-06,0.0795724,1.37519e-06,1.3031429e-06
ISIC_0032508,4,0.014062811,0.08178382,3.070633e-08,1.6944278e-10,0.90415275,3.103413e-07,3.0430337e-07
ISIC_0034201,4,2.2866445e-05,0.00079047994,1.397387e-09,5.890006e-11,0.99918646,1.8374235e-08,8.121781e-08
ISIC_0033776,4,6.870136e-11,7.401338e-06,5.4027196e-06,4.4276147e-10,0.99998724,3.804684e-09,7.693536e-09
ISIC_0033056,4,5.814815e-10,2.3029303e-08,7.284272e-08,1.3378271e-10,0.9999999,5.55864e-10,1.3907618e-10
ISIC_0033744,4,0.2902074,0.08479619,1.8642805e-06,7.885647e-06,0.6249856,1.9262437e-08,1.0094226e-06
ISIC_0033659,4,0.012618376,0.7963406,5.158318e-07,0.00039640578,0.1906428,2.877966e-09,1.2801645e-06
ISIC_0034303,4,0.006601591,0.98156756,0.00075748307,0.009890793,0.00022318555,0.000309687,0.00064969255
ISIC_0034031,4,0.0008695344,0.99013686,0.0005279584,8.5018786e-05,0.0074932645,9.361704e-05,0.00079372275
ISIC_0033124,4,0.07657037,0.90582705,0.0007838947,0.0038033118,0.012152638,0.00047233593,0.0003904922
ISIC_0033507,4,0.051228262,0.02265903,3.5827026e-05,4.5848418e-07,0.9260463,3.7201662e-09,3.0201047e-05
ISIC_0033791,4,0.011299263,0.00035844243,3.8302887e-06,1.731908e-10,0.9883365,3.0609856e-10,1.929623e-06
ISIC_0034003,4,3.7312323e-06,9.8056e-06,4.1081694e-08,9.537604e-07,0.99998343,3.2366395e-07,1.6891986e-06
ISIC_0033079,4,0.0001694818,2.6060696e-05,4.9048663e-06,3.4075608e-08,0.999795,8.9416653e-07,3.669192e-06
ISIC_0029014,4,0.0009852166,0.3773607,8.475704e-06,0.00322662,0.6183671,6.4620633e-09,5.1915576e-05
ISIC_0031376,4,2.0720087e-07,1.5714306e-05,2.4268989e-08,4.6638027e-07,0.99998355,3.4932015e-08,2.0131216e-08
ISIC_0031620,4,6.439253e-05,0.00024513985,4.475224e-05,5.8676553e-05,0.99958223,6.058154e-07,4.217904e-06
ISIC_0025136,4,0.0007128213,0.9011865,0.0005974493,7.79798e-05,0.097384684,1.2762314e-06,3.927901e-05
ISIC_0027652,4,0.04404441,0.7953078,1.273396e-06,2.7076017e-05,0.16060773,2.9759076e-06,8.718705e-06
ISIC_0028020,4,6.1826167e-06,0.00041614316,0.00010451381,9.3258586e-07,0.998437,0.00027365377,0.0007615977
ISIC_0025867,4,0.0029856716,0.0001291678,0.0001467161,0.03498132,0.9565847,0.0051220185,5.0493534e-05
ISIC_0026623,4,0.028481849,0.01217951,0.8669674,0.07185348,0.019094266,0.0007939857,0.0006295618
ISIC_0029394,4,0.0006667151,0.99155796,1.0349823e-07,5.7376015e-09,0.007774963,3.8220392e-08,2.2391654e-07
ISIC_0026893,4,4.1397525e-06,0.0009086324,5.4719025e-05,0.18433186,0.81236494,0.002326344,9.340427e-06
ISIC_0026844,4,0.0008384962,0.011802902,0.0018590613,0.00024858987,0.9850706,3.524722e-05,0.00014511739
ISIC_0025885,4,0.9285649,0.0134018455,9.5834175e-06,0.00075297686,0.057243355,6.735198e-06,2.0572828e-05
ISIC_0025656,4,8.682625e-06,3.079779e-07,9.636958e-06,2.0253756e-05,0.9999529,2.202097e-06,5.9876043e-06
ISIC_0027374,4,7.593104e-09,7.2477275e-07,0.0002523366,2.9121171e-08,0.99974686,3.063259e-10,4.231985e-08
ISIC_0025507,4,0.13726647,0.027101567,1.9483206e-05,0.0019708415,0.83362514,1.11024565e-05,5.319225e-06
ISIC_0031556,4,0.34680197,0.64234227,3.0137326e-06,2.1320314e-07,0.010839438,3.8252477e-07,1.2694643e-05
ISIC_0027068,4,5.2354544e-06,0.8710361,0.00029879867,0.002898356,0.12550554,1.0249632e-05,0.00024567795
ISIC_0031130,4,1.0164159e-07,3.803635e-07,9.112462e-09,1.03589976e-07,0.9999994,6.8584927e-10,4.1173402e-09
ISIC_0028308,4,3.4083107e-05,0.9646723,0.00023052777,0.0033454336,0.031705026,8.994413e-06,3.7450193e-06
ISIC_0028354,4,1.6852133e-05,2.6384248e-05,1.8096586e-07,1.6104651e-07,0.99995637,2.2713241e-10,2.2218321e-08
ISIC_0027037,4,0.010826643,0.02738677,7.1660706e-06,7.893043e-06,0.9531427,0.008600557,2.8299819e-05
ISIC_0032486,4,0.0011178878,0.9697121,4.1907315e-06,0.0002586473,0.028889427,4.283285e-06,1.3555485e-05
ISIC_0026607,4,0.0008295765,0.62978673,0.36869925,5.5873716e-06,0.00027441396,1.32542555e-05,0.00039118013
ISIC_0029062,4,0.011390568,0.93992215,2.4338686e-05,0.0034585686,0.045181707,1.04196915e-05,1.22602205e-05
ISIC_0025485,4,1.0358128e-07,1.1505854e-05,3.7284854e-06,0.0019593625,0.9980082,1.686723e-05,1.5032903e-07
ISIC_0025874,4,0.11705291,0.02411398,1.34085985e-05,1.9968506e-05,0.8587918,1.4922047e-06,6.476552e-06
ISIC_0030706,4,0.056660734,0.9433303,2.6550583e-07,2.7913854e-06,5.7629895e-06,1.0713532e-09,1.3892665e-07
ISIC_0027026,4,0.09337175,0.71073395,0.0017378443,0.0004155144,0.003662699,0.1867061,0.0033720795
ISIC_0024773,4,1.4414914e-05,0.0092809675,1.35430055e-05,5.9622933e-05,0.99062014,4.1693297e-06,7.0640185e-06
ISIC_0028952,4,6.603256e-05,0.00094142935,0.00093678164,1.0765243e-06,0.9979876,1.4140602e-05,5.2906915e-05
ISIC_0030203,4,0.0013702753,0.023565391,1.9218274e-05,3.851553e-05,0.9748981,6.2508946e-07,0.00010780809
ISIC_0030459,4,1.8168488e-06,4.122261e-07,6.1956626e-09,1.0913288e-08,0.99999774,2.4981716e-08,7.862991e-09
ISIC_0029776,4,1.2882327e-06,1.0621809e-05,7.309469e-09,3.9907527e-10,0.99998796,1.273512e-08,1.0880037e-07
ISIC_0030522,4,0.0005954755,0.32769322,9.783484e-06,2.7683544e-08,0.67169863,1.145169e-06,1.6538468e-06
ISIC_0025985,4,1.5587523e-07,8.9110756e-05,0.9266654,3.883384e-06,0.07042542,0.0002028601,0.0026131815
ISIC_0025830,4,0.0001485309,0.0028245507,3.0281188e-07,0.00056034984,0.99645555,1.0118186e-05,6.8583864e-07
ISIC_0026661,4,2.2271888e-05,0.063503124,1.2707286e-05,1.7983859e-06,0.9364447,2.2711363e-06,1.31130855e-05
ISIC_0026477,4,0.0016451674,0.998351,6.628267e-08,5.5364335e-08,1.3046268e-06,4.2538307e-08,2.4891015e-06
ISIC_0031851,4,0.00058755354,0.00029851877,0.000356028,0.89211017,0.10663834,2.5637733e-06,6.9099265e-06
ISIC_0030436,4,0.14941658,0.0002833029,0.14705291,0.661999,0.041164942,5.3070407e-06,7.80125e-05
ISIC_0024741,4,1.8150666e-05,7.725396e-05,1.9554088e-07,5.3443528e-06,0.99982077,7.6893935e-05,1.4570893e-06
ISIC_0032230,4,0.00010236405,0.0012334858,7.3035094e-06,7.97079e-05,0.99857676,6.4147436e-08,3.0800314e-07
ISIC_0029525,4,0.0074346284,0.013145542,5.712796e-07,7.885726e-05,0.97933954,3.4434346e-09,8.10489e-07
ISIC_0029474,4,0.0021375956,3.8239054e-06,1.8157667e-08,3.05831e-08,0.99785846,1.8243568e-10,4.735295e-08
ISIC_0027219,4,4.0346194e-07,2.5184866e-06,9.2535707e-10,2.8584216e-10,0.999997,5.9098447e-08,5.2164415e-09
ISIC_0026265,4,0.0010708985,0.078973725,0.0009746881,0.0020291735,0.91685027,3.1669165e-06,9.804907e-05
ISIC_0024426,4,0.54677874,0.00016872867,0.00013180301,0.0006857968,0.45220876,4.385712e-09,2.6108335e-05
ISIC_0025376,4,0.0074893897,0.1745111,0.5420476,0.23037171,0.03910183,0.006269892,0.00020843548
ISIC_0030806,4,0.00064152613,0.00012946862,7.762296e-06,4.979972e-05,0.9991708,5.3432625e-08,6.286641e-07
ISIC_0028388,4,0.21647689,0.30375525,0.0018637528,0.34752145,0.12997548,2.4876013e-05,0.0003823786
ISIC_0030636,4,4.2276952e-07,1.5893104e-06,7.7119956e-05,2.8142224e-09,0.99991953,8.4241486e-07,4.2243823e-07
ISIC_0029897,4,0.0006747598,0.0001431984,1.6993225e-05,6.246599e-05,0.9990809,1.7731387e-05,3.842442e-06
ISIC_0029580,4,0.14422226,0.005097894,0.6072733,0.15363888,0.08945698,3.988286e-06,0.00030672012
ISIC_0027527,4,0.0012478951,2.8182118e-05,4.7317434e-09,1.5547073e-05,0.9987056,8.0944994e-07,1.8854265e-06
ISIC_0025693,4,5.415796e-08,7.0879105e-06,3.293904e-09,8.017733e-08,0.99999285,1.0616712e-10,5.466691e-08
ISIC_0032116,4,0.012508186,0.23684639,7.7354514e-07,3.766375e-05,0.75060284,6.3422704e-07,3.582944e-06
ISIC_0026849,4,0.00028304136,0.00046175014,0.8358517,0.00023160492,0.14573085,0.0057121674,0.011728736
ISIC_0029139,4,9.071719e-07,4.049235e-05,7.1260035e-07,7.990997e-05,0.99987745,2.8859782e-07,1.214951e-07
ISIC_0024471,4,0.0031864871,0.67803675,0.0004940039,3.8337153e-06,0.16038042,0.030511878,0.12738669
ISIC_0029878,4,0.044660825,0.9394483,0.002367391,2.041191e-06,0.004534097,0.002058233,0.0069291643
ISIC_0026245,4,0.029179575,0.93523246,0.0012850853,0.009116809,0.024996677,2.5534448e-05,0.00016376174
ISIC_0026378,4,0.0012365895,0.0001612419,1.9071697e-06,6.6628436e-06,0.99859256,5.3184586e-08,9.1040795e-07
ISIC_0030188,4,0.27239895,0.3477776,0.00044993512,0.0012617582,0.37723282,0.0008010022,7.7932586e-05
ISIC_0028223,4,2.1164824e-07,0.002038709,2.0074473e-05,1.1400131e-06,0.99793965,3.1401694e-08,1.7189674e-07
ISIC_0026614,4,0.051770665,0.67011744,5.2112177e-06,0.00051574927,0.27752668,5.862453e-05,5.6333906e-06
ISIC_0028237,4,4.7063666e-05,0.00026932644,1.4372023e-06,3.201788e-06,0.9996786,1.206594e-07,2.0208634e-07
ISIC_0029585,4,6.8710415e-07,0.00022163925,1.1589775e-07,1.1527795e-08,0.9997775,5.160599e-08,5.243286e-08
ISIC_0026290,4,0.086789526,0.75055796,3.3525404e-05,0.0024689313,0.1601094,1.6102562e-05,2.4489187e-05
ISIC_0031050,4,0.07649912,0.035205614,1.8846424e-05,0.00024647004,0.8863103,0.0016407792,7.87994e-05
ISIC_0024761,4,3.2664172e-08,3.5985668e-06,3.1072048e-07,5.4352235e-08,0.99999535,5.948095e-07,1.46714845e-08
ISIC_0025519,4,0.00015241574,0.0001012438,4.8214737e-08,1.511327e-08,0.99974614,1.3623293e-08,4.7754835e-08
ISIC_0030319,4,0.05153795,0.0011927306,7.3808715e-06,1.4122946e-06,0.94725883,3.2151277e-07,1.3209306e-06
ISIC_0024371,4,0.003517596,0.8154878,0.00094710075,8.750675e-05,0.1798071,4.3950495e-05,0.00010903443
ISIC_0031808,4,0.08841478,0.0038141585,6.688562e-06,0.00021406,0.90719575,1.2430045e-05,0.00034207475
ISIC_0027470,4,7.239499e-06,0.9984572,9.86152e-07,1.1815313e-05,0.0015115201,4.6667697e-06,6.6793136e-06
ISIC_0024910,4,3.734495e-06,7.190877e-05,2.4626897e-07,9.0820697e-07,0.9999229,8.286618e-08,2.2967974e-07
ISIC_0026675,4,3.316451e-07,0.0008546327,8.394551e-08,0.00063835044,0.9985044,7.310694e-08,2.2124343e-06
ISIC_0026070,4,0.949001,0.04677436,4.0331994e-07,4.975917e-05,0.0029909865,0.0011082668,7.518564e-05
ISIC_0032235,4,0.1532339,0.8346101,0.00010935394,0.00015326809,0.011275529,0.0005856536,3.2227817e-05
ISIC_0025374,4,3.0982956e-05,0.0006590349,1.0968154e-08,1.1835849e-09,0.9993099,1.3326301e-09,7.689852e-08
ISIC_0027335,4,0.2144155,0.15487309,5.6763784e-05,0.00018807237,0.6296321,5.1804174e-05,0.0007827099
ISIC_0028656,4,0.0041356185,0.973737,1.5217402e-07,1.2072424e-07,0.022055274,1.9437553e-05,5.243607e-05
ISIC_0031716,4,1.6149384e-05,1.2205703e-05,5.1717376e-05,0.00039638515,0.999466,7.5157504e-06,5.0004448e-05
ISIC_0028650,4,0.00014202895,0.036410872,0.0004328366,0.0116045475,0.9514018,4.498921e-06,3.3666743e-06
ISIC_0027973,4,0.00036371918,0.0007692647,2.8246627e-06,3.9770308e-05,0.99882287,9.785103e-07,4.640507e-07
ISIC_0027018,4,2.0637428e-05,1.2869573e-05,0.00025703013,0.999655,2.840427e-05,2.2415927e-05,3.6245399e-06
ISIC_0025389,4,0.00057737104,6.5680115e-06,0.986672,0.0017337492,7.817904e-05,0.010707618,0.00022466925
ISIC_0029384,4,7.537323e-06,6.8753136e-05,5.191407e-07,1.201333e-06,0.9999002,2.0935633e-05,8.3869446e-07
ISIC_0027982,4,1.9048108e-05,0.0073818243,4.4817943e-06,4.8913525e-06,0.9925689,5.1947895e-06,1.5602922e-05
ISIC_0030318,4,9.531757e-08,2.7474993e-05,9.4214094e-08,5.8068395e-07,0.9999715,1.01705036e-08,2.7799862e-07
ISIC_0026737,4,4.655659e-06,0.004294825,3.8875046e-06,1.1425554e-05,0.99567837,2.2041834e-06,4.6975824e-06
ISIC_0028749,4,0.36627254,0.005500909,9.771393e-08,1.8735445e-05,0.6281969,8.643195e-07,9.931577e-06
ISIC_0031334,4,0.0009007104,1.3761654e-05,1.1802715e-08,6.024909e-07,0.99908483,2.3414706e-10,8.8308925e-09
ISIC_0029302,4,7.930822e-06,0.00025332024,5.370558e-08,2.8541745e-09,0.9997378,4.425605e-07,3.6924598e-07
ISIC_0029206,4,0.6924986,0.05440978,8.362161e-06,0.00025321826,0.2523166,0.0003714344,0.00014195115
ISIC_0030310,4,0.096252084,0.028386127,4.128559e-05,4.614679e-05,0.87466896,0.0005054431,9.998172e-05
ISIC_0028229,4,0.09072899,0.00021906923,2.668448e-05,0.17535102,0.7332039,7.940823e-05,0.00039090202
ISIC_0030372,4,1.122831e-05,7.5318344e-06,0.99979264,7.018136e-05,0.00011526818,3.585316e-07,2.8206373e-06
ISIC_0028404,4,1.9477904e-05,0.0015965041,0.9982692,7.901245e-05,3.1775267e-05,9.881648e-08,3.8874787e-06
ISIC_0027017,4,0.009608569,0.000429873,4.2989537e-05,0.105120875,0.8826014,0.0013094043,0.00088686176
ISIC_0028707,4,0.014462401,0.002833012,0.00879259,0.76501364,0.20862263,0.00025772912,1.7979262e-05
ISIC_0027509,4,4.8338934e-06,5.469091e-07,2.3245686e-08,2.4620054e-08,0.9999945,9.827418e-10,3.356617e-08
ISIC_0030240,4,1.8179735e-05,2.7261294e-06,8.654256e-08,0.00014176706,0.9998369,5.239729e-08,1.7440713e-07
ISIC_0031261,4,2.937261e-06,6.271432e-05,1.7623952e-05,0.0012560138,0.99864596,1.0029689e-05,4.6232385e-06
ISIC_0026015,4,0.0005647769,0.00424463,2.7715735e-06,0.01989284,0.97498614,0.0002627644,4.621232e-05
ISIC_0028124,4,7.920384e-06,4.4293442e-06,3.5047417e-06,2.168466e-06,0.9999819,5.8022636e-08,5.1607582e-08
ISIC_0024709,4,1.2629035e-06,9.359991e-06,2.3402508e-07,1.5058964e-10,8.824588e-07,0.99996376,2.4468549e-05
ISIC_0030241,4,4.265183e-06,0.00016860674,3.5939295e-06,0.000110164605,0.99971205,1.0976452e-06,1.8673913e-07
ISIC_0024786,4,3.4865057e-05,0.0010730897,5.1603262e-08,3.0764477e-06,0.99888796,7.0751605e-07,1.6771983e-07
ISIC_0029927,4,3.1232263e-05,0.00027273482,3.889543e-05,7.040252e-05,0.99958307,1.5867721e-06,2.0607868e-06
ISIC_0026567,4,0.00023930712,0.00010993278,6.38922e-08,2.5401128e-05,0.9996244,4.9665235e-08,8.862879e-07
ISIC_0029102,4,0.042591654,0.0019455473,0.0002795539,0.0004473276,0.9547095,1.2273086e-06,2.5183905e-05
ISIC_0027154,4,0.00035525934,0.00035771017,9.3498975e-06,0.00012557502,0.9991466,2.7054555e-06,2.8432728e-06
ISIC_0030383,4,0.028989699,0.07408051,1.261898e-05,9.788688e-07,0.8969006,5.8029177e-06,9.824402e-06
ISIC_0025465,4,0.00028823802,0.037574578,0.00018305803,6.006427e-06,0.96193254,3.116661e-06,1.2336759e-05
ISIC_0024489,4,0.00087218237,2.3678142e-05,0.0008215961,0.00024573834,0.9979905,3.766863e-05,8.717158e-06
ISIC_0026276,4,0.0004044518,1.2079928e-05,8.299021e-05,0.00035025043,0.99913615,8.895958e-06,5.1688003e-06
ISIC_0026277,4,0.00063544547,0.0009967363,5.3598733e-08,3.275063e-06,0.9983637,3.9096943e-08,8.3320907e-07
ISIC_0031888,4,0.0042718346,1.4270489e-06,3.635258e-05,7.2524e-06,0.99568236,5.990718e-08,7.2798855e-07
ISIC_0024705,4,2.3431178e-07,1.3631322e-05,1.43715955e-08,2.2848257e-08,0.9999846,1.2799599e-06,2.103005e-07
ISIC_0026803,4,2.5399483e-08,1.938489e-06,1.04714594e-07,1.2401897e-09,0.999998,6.454562e-09,9.321111e-09
ISIC_0026248,4,1.8520119e-05,1.4629956e-05,0.0003400261,0.00011982734,0.9995054,2.6351087e-08,1.6250499e-06
ISIC_0027194,4,2.1963416e-07,3.1561726e-07,4.0573852e-07,7.555612e-07,0.9999982,1.92398e-08,2.5240942e-08
ISIC_0031677,4,0.011931258,3.713684e-07,5.959416e-07,9.64936e-09,0.98806787,1.0323662e-08,5.1720114e-08
ISIC_0032159,4,0.00033088858,7.709905e-05,4.9585218e-08,1.3612035e-07,0.9995913,5.321501e-09,4.9615517e-07
ISIC_0024382,4,0.115321666,0.00022210299,1.8919784e-06,0.0017592018,0.88268995,1.4838636e-07,4.9259866e-06
ISIC_0025466,4,4.621457e-06,0.00589174,1.0296347e-06,0.00033091658,0.9937662,2.5849502e-07,5.3059694e-06
ISIC_0029931,4,2.4107807e-05,0.00013719006,2.9535766e-08,2.9971204e-08,0.99983764,2.0898435e-07,7.6017284e-07
ISIC_0026311,4,1.304703e-08,6.1325906e-08,3.916385e-08,1.6256351e-08,0.99999976,1.6613939e-09,5.8225886e-08
ISIC_0029270,4,3.274673e-05,1.5243966e-06,3.4976958e-07,1.2550943e-07,0.9999651,4.9627773e-09,1.814086e-07
ISIC_0027820,4,7.789582e-06,0.0004717885,2.0415977e-05,0.00066631136,0.9988292,2.9416307e-07,4.2663487e-06
ISIC_0025851,4,7.8486903e-07,0.00013260788,3.9371297e-09,2.1044606e-10,0.99986637,1.1242055e-08,5.768601e-08
ISIC_0028347,4,0.0028807733,0.9787178,3.2714102e-05,1.5497344e-06,0.018359272,7.380928e-06,5.0077233e-07
ISIC_0033722,4,0.0025404985,0.41314027,8.358729e-05,0.00026964303,0.5839131,4.550489e-06,4.839249e-05
ISIC_0033199,4,4.863771e-05,1.4417687e-05,2.1071015e-08,1.1073944e-09,0.99993694,1.5380309e-09,1.2576175e-08
ISIC_0032719,4,0.0020436735,0.0006772663,2.535625e-07,8.372179e-07,0.9972779,3.052959e-08,9.3921784e-08
ISIC_0033260,4,3.8222905e-09,1.34161455e-05,2.6560651e-09,3.770347e-08,0.9999845,6.807984e-08,2.075538e-06
ISIC_0032643,4,9.526e-09,7.19594e-05,2.846504e-09,5.7859307e-08,0.9999268,1.4624661e-08,1.1627095e-06
ISIC_0033732,4,5.4631843e-10,6.780955e-07,9.16901e-10,1.547881e-07,0.9999989,2.0334397e-08,1.96875e-07
ISIC_0033854,4,9.5879976e-08,0.34772176,4.3821724e-06,2.4788333e-08,0.6521469,7.0606234e-08,0.00012677099
ISIC_0034142,4,9.3059626e-08,3.2884756e-07,1.2124526e-07,3.7656348e-05,0.99996173,4.6753326e-09,2.8474519e-08
ISIC_0033784,4,0.9136489,0.062222335,1.5775524e-06,1.2541119e-05,0.02410589,5.4088395e-07,8.205707e-06
ISIC_0033307,4,0.7939265,0.1063244,5.1760156e-07,1.2890698e-05,0.09972538,4.261005e-07,9.91783e-06
ISIC_0033855,4,2.7888666e-07,2.7758913e-05,4.9211682e-08,7.366977e-08,0.9999716,2.4276293e-08,2.3194677e-07
ISIC_0034186,4,0.12662023,0.0025906104,4.474071e-05,1.9617278e-08,0.8706844,4.828928e-06,5.5226694e-05
ISIC_0032113,4,1.8178982e-05,0.014251679,0.00034041624,0.00025025767,0.9834029,0.0017175762,1.901208e-05
ISIC_0027142,4,4.748504e-08,7.727445e-05,1.3288601e-08,8.618247e-12,0.99992275,5.250067e-10,1.6535598e-08
ISIC_0032249,4,1.5448081e-06,0.23901519,2.8504903e-05,4.631161e-06,0.73372966,0.027216876,3.5943185e-06
ISIC_0024383,4,4.5018328e-10,1.0859764e-07,7.0635785e-08,5.2633432e-11,0.99999976,6.5708274e-09,6.068489e-08
ISIC_0029793,4,9.522596e-07,0.001296365,1.383644e-06,5.4912593e-06,0.9854484,0.012890546,0.00035678712
ISIC_0029107,4,0.0024236618,0.3496993,4.0216797e-05,1.1802193e-06,0.6477927,4.4702267e-07,4.2579726e-05
ISIC_0031511,4,0.022775792,0.00010066372,4.2391905e-05,9.544032e-08,0.97705835,1.2014154e-05,1.0710085e-05
ISIC_0026422,4,1.974825e-06,0.011632274,6.271921e-07,8.1805246e-07,0.98834306,3.7377476e-06,1.7569277e-05
ISIC_0030316,4,2.035927e-06,0.008164001,5.5345635e-09,2.0120378e-07,0.9918316,2.5663219e-08,2.100488e-06
ISIC_0028497,4,0.0001056251,0.017808476,0.030439379,0.0014227421,0.9491843,5.764576e-05,0.0009818864
ISIC_0026846,4,8.64186e-08,0.00019873759,2.2023626e-06,3.087102e-09,0.9997979,2.9105717e-08,9.762538e-07
ISIC_0028826,4,2.3736737e-05,0.00047713102,4.9781553e-05,8.668243e-10,0.99944264,3.6617578e-06,3.0979138e-06
ISIC_0031226,4,8.8657197e-07,0.5218583,2.4601445e-07,8.274594e-09,0.47814023,1.210551e-07,2.1141739e-07
ISIC_0027954,4,0.00017410482,0.9991366,0.00018936227,9.068611e-11,0.00048872276,1.9766277e-07,1.097465e-05
ISIC_0024850,4,0.73954636,0.13176341,7.2068964e-05,4.652267e-08,0.12826589,0.0003010179,5.123831e-05
ISIC_0025758,4,2.5333773e-09,0.008614022,3.5921513e-08,3.2373737e-12,0.9913857,6.7642655e-11,2.3677514e-07
ISIC_0025392,4,1.5013033e-08,0.0003120695,1.2671959e-08,1.2546896e-12,0.9996872,1.885731e-11,7.487217e-07
ISIC_0029731,4,0.00031359724,0.03958429,1.842709e-05,1.0873081e-09,0.9600502,7.3589232e-09,3.338415e-05
ISIC_0025804,4,2.3202878e-05,0.96655256,7.93519e-05,1.5010421e-05,0.033011135,0.00028055717,3.8240047e-05
ISIC_0031024,4,2.0411846e-06,0.010438051,4.045336e-08,3.4041855e-10,0.98955965,6.180236e-08,1.6972561e-07
ISIC_0030056,4,1.1340104e-07,1.617898e-06,6.105404e-10,2.1966737e-10,0.9999982,8.406444e-10,4.279482e-09
ISIC_0029195,4,1.9926975e-07,3.3437733e-05,1.9611761e-08,7.926217e-11,0.99996626,2.9814748e-10,2.981574e-08
ISIC_0030207,4,9.31927e-11,2.4253698e-08,1.0323454e-08,4.4969174e-13,0.9999999,2.5086578e-12,1.5472109e-07
ISIC_0031223,4,4.1329804e-11,1.3072341e-08,7.512995e-11,6.291939e-12,1.0,1.178509e-10,2.5345128e-09
ISIC_0031125,4,0.0006508572,0.0015468883,0.00013345525,0.0001742998,0.9967038,0.00043769434,0.00035292283
ISIC_0025431,4,4.122284e-07,3.2216823e-05,3.0833478e-06,1.0934063e-09,0.99988794,9.766005e-09,7.638528e-05
ISIC_0027332,4,7.650315e-06,0.22138357,6.1186875e-06,1.2800429e-06,0.77843755,7.587027e-05,8.8064786e-05
ISIC_0026556,4,1.2047123e-08,2.079346e-06,4.150965e-09,8.6803414e-10,0.999998,6.598267e-10,1.8945773e-08
ISIC_0031362,4,3.7246137e-09,3.0522617e-07,5.819626e-11,5.047193e-13,0.99999964,2.217598e-11,2.6358526e-09
ISIC_0026941,4,4.9485144e-10,0.000958889,5.947787e-09,9.398663e-09,0.999041,5.1725166e-09,3.9985842e-08
ISIC_0025654,4,3.7886125e-09,5.2858558e-09,8.271891e-12,2.5535177e-14,1.0,6.425328e-13,8.995651e-11
ISIC_0029880,4,8.5512596e-08,9.601002e-07,7.92006e-09,6.6996075e-11,0.9999988,1.7195985e-10,1.3863355e-07
ISIC_0026042,4,0.0028430559,0.05840159,0.15164416,0.023941549,0.76164347,9.931315e-05,0.0014268324
ISIC_0027326,4,7.055154e-07,0.000111007335,7.491555e-10,8.040967e-12,0.9998883,4.039096e-09,2.0492894e-09
ISIC_0032642,5,0.0077914614,0.014025749,2.4458197e-06,6.550921e-05,2.994483e-05,0.9780832,1.6102827e-06
ISIC_0033790,5,0.5491773,0.06532273,0.0002261516,0.0009518138,7.182568e-05,0.3838811,0.0003690611
ISIC_0033675,5,0.38962185,0.12429575,0.00022407336,8.696672e-06,7.331288e-05,0.48573732,3.9087263e-05
ISIC_0032247,5,0.0013777489,0.97618514,0.00022829384,0.009497568,0.011359407,4.6629644e-05,0.0013051368
ISIC_0031429,5,0.0076102773,0.042726092,1.736951e-05,0.91199756,0.036892187,0.00022224535,0.00053431216
ISIC_0025302,5,0.0005474414,0.79415804,0.0066806637,0.044214845,8.619566e-05,0.144527,0.009785746
ISIC_0024318,5,1.7034417e-08,1.4960367e-08,5.9749112e-09,1.4516471e-15,2.6641998e-14,0.99999905,9.341143e-07
ISIC_0024396,5,6.5192665e-08,7.844431e-07,5.238568e-08,1.5106717e-15,5.2047223e-13,0.9999987,4.0399507e-07
ISIC_0033808,5,5.261741e-07,0.9994721,3.356726e-08,9.161515e-08,8.960323e-06,0.0005137315,4.549592e-06
ISIC_0033847,5,9.5024795e-08,0.9985043,5.262083e-07,3.5315592e-05,1.8998717e-05,0.0014234899,1.7251377e-05
ISIC_0033860,5,1.1539745e-06,0.98962283,5.6617437e-06,2.6732567e-07,0.009861261,0.00050643296,2.3843527e-06
ISIC_0024994,5,2.4935296e-05,0.021445088,9.66398e-06,1.3971233e-09,0.108158745,0.8702519,0.00010964031
ISIC_0030830,5,0.017630763,0.98223937,5.377476e-07,1.9822133e-09,1.5163832e-05,8.386552e-05,3.0358642e-05
ISIC_0025911,5,1.5701166e-06,0.00088401145,5.3907765e-08,3.74328e-12,0.004719204,0.9943883,6.910965e-06
ISIC_0026254,5,4.7689176e-05,0.0012149768,0.0008186005,6.494775e-11,0.030232208,0.9646203,0.003066276
ISIC_0028651,5,7.471357e-07,0.013444643,5.402726e-07,6.464721e-10,4.8099196e-07,0.9861855,0.00036810222
ISIC_0029973,5,6.15791e-06,0.0011614233,1.21935e-05,5.168606e-11,4.146084e-05,0.99877053,8.151256e-06
ISIC_0029130,5,1.2026285e-08,8.152197e-07,3.7186032e-10,6.653612e-14,3.22751e-05,0.99996436,2.5149914e-06
ISIC_0027216,5,2.4681955e-05,0.9886662,4.3835324e-05,9.579387e-06,5.7267284e-06,0.011242682,7.281118e-06
ISIC_0031023,0,0.96102405,0.038955692,3.4609845e-06,1.813829e-09,1.6205096e-05,4.411621e-08,5.854331e-07
ISIC_0028086,0,0.9890266,0.0109639615,1.3591737e-06,4.4508837e-12,7.968631e-06,9.408585e-12,2.6490444e-08
ISIC_0026993,0,0.99999917,4.928271e-07,1.598984e-07,1.5037975e-09,2.2714421e-07,2.6533558e-08,8.131763e-09
ISIC_0025451,0,3.6685073e-05,0.9998864,2.4732296e-06,2.982838e-06,5.5894758e-05,1.7867679e-07,1.5496209e-05
ISIC_0032248,0,0.36342618,0.0126857385,0.0009965239,0.622834,1.596311e-06,2.0324278e-05,3.5538476e-05
ISIC_0028445,0,0.71733403,0.27838394,4.5876563e-06,1.2182848e-07,0.0042539397,5.516363e-07,2.2833736e-05
ISIC_0027076,0,0.014946767,0.9806949,0.00031933418,7.1522784e-08,0.004027854,9.813655e-07,1.00939615e-05
ISIC_0029512,0,0.47741205,0.11826746,7.6002936e-05,0.18761967,0.18033265,0.035241827,0.0010504086
ISIC_0027872,0,0.931825,0.06227716,7.5016997e-06,6.2382696e-07,0.00585083,4.2839824e-06,3.4562883e-05
ISIC_0025303,0,0.11064072,0.8735516,3.0362994e-06,0.0005169288,0.015248775,3.809813e-05,8.454067e-07
ISIC_0030129,0,0.5239031,0.47596017,6.6770207e-07,1.128533e-06,9.7056276e-05,3.0682782e-05,7.173218e-06
ISIC_0031953,0,0.007886169,0.99191695,1.4113356e-06,1.3529573e-09,0.000193023,3.1558858e-07,2.087984e-06
ISIC_0031406,0,0.023042444,0.97553706,0.00021244765,1.6413479e-07,0.0012015323,4.4916956e-06,1.9044282e-06
ISIC_0027277,0,0.82328254,0.16351612,2.3438835e-05,5.777159e-08,0.012248818,5.53276e-06,0.0009234156
ISIC_0028642,0,0.9646439,0.031142497,0.0005841469,1.503972e-06,0.0003187561,5.285204e-06,0.0033039795
ISIC_0032079,0,0.035000313,0.95085067,0.013825431,0.00024784403,7.414814e-05,6.798021e-07,8.9474446e-07
ISIC_0026150,0,0.7784297,0.22155727,2.7322099e-06,5.438845e-09,8.8471015e-06,4.6598615e-07,1.0764868e-06
ISIC_0031642,0,0.7427636,0.25723308,1.7456149e-08,1.1657342e-09,2.6229213e-06,1.356146e-07,5.312418e-07
ISIC_0032313,0,0.18359742,0.5864813,0.017811548,0.0054306895,0.20522566,0.00063179317,0.0008215615
ISIC_0027769,0,0.01450531,0.9703696,0.0117149465,0.00021110394,0.0031057477,1.47507935e-05,7.8561105e-05
ISIC_0025081,0,0.3469978,0.6341743,8.2483784e-05,5.00958e-08,3.6724525e-06,0.00010569031,0.018636018
ISIC_0030134,0,0.0069963713,0.9799707,0.0018831796,1.10296526e-07,0.008045826,0.00050850364,0.0025952612
ISIC_0025603,0,0.05296174,0.94700414,1.6532447e-06,1.1736453e-09,2.8841696e-05,1.0723947e-07,3.493743e-06
ISIC_0027651,0,0.0012810986,0.99771166,5.452622e-05,6.3495804e-07,0.00017791068,2.2014598e-07,0.0007740088
ISIC_0030014,0,0.9634052,0.03596578,9.568856e-05,4.6611572e-09,0.0005291184,7.617952e-08,4.0578775e-06
ISIC_0032220,0,0.10931848,0.8878292,0.0025988913,5.6275862e-08,0.00010142692,1.4179636e-06,0.0001504686
ISIC_0027352,0,0.09367684,0.90501386,2.509005e-06,3.1468157e-09,0.00095639843,0.00035000453,4.4795914e-07
ISIC_0029558,0,0.964731,0.035228334,6.7290415e-08,4.7178588e-08,3.794185e-05,1.5705415e-06,1.0571564e-06
ISIC_0024400,0,9.547417e-06,4.132228e-06,1.7264792e-07,5.9377783e-08,0.99998605,3.0193064e-08,5.5985982e-08
ISIC_0027387,0,0.00067956734,0.9963909,3.4267744e-06,5.359878e-10,0.0029197196,1.3613331e-08,6.3386865e-06
ISIC_0024911,0,0.020713966,0.9786325,4.7702397e-06,2.4841977e-08,0.0005763534,2.4730514e-05,4.7681864e-05
ISIC_0032182,0,0.22508185,0.0053589772,0.76655835,5.313086e-05,0.0015197508,0.0013078927,0.00012009087
ISIC_0029660,0,0.6060348,0.39340365,2.7849137e-06,3.821768e-07,0.00053847773,1.0883734e-05,8.9825435e-06
ISIC_0024496,0,0.0018637324,0.9979342,3.8719904e-08,4.2100298e-10,0.00014034018,4.530895e-05,1.6411945e-05
ISIC_0029726,0,0.99943596,8.7196044e-05,3.0630342e-06,2.4860376e-05,0.00043861926,5.32456e-06,5.057304e-06
ISIC_0031310,0,0.9898761,0.009887185,3.338502e-05,1.262648e-05,0.00018248794,8.848755e-08,8.178199e-06
ISIC_0032408,0,0.9798162,0.018915208,0.0012680741,5.294933e-09,2.0998755e-07,1.4508201e-07,1.5484308e-07
ISIC_0028969,0,9.92422e-07,1.8695106e-06,6.93991e-08,1.7590847e-07,0.9999969,3.22914e-10,1.8923396e-08
ISIC_0032441,0,0.00073715794,0.55601144,0.00086140796,0.00019183874,0.44217,7.1835875e-06,2.0987944e-05
ISIC_0025394,0,0.0009552508,0.9987118,1.9463841e-05,3.061203e-06,0.0003097072,2.500537e-07,3.7641357e-07
ISIC_0027776,0,0.0068187057,0.006811602,0.0026935076,0.968593,0.015000245,3.8707153e-06,7.914356e-05
ISIC_0025835,0,0.00067229546,0.8457554,1.2411912e-05,1.6926651e-06,0.15354034,4.1421467e-06,1.3736221e-05
ISIC_0030828,0,0.0030747142,0.85337985,0.0008868699,6.912626e-05,0.14244962,3.9407864e-06,0.00013580889
ISIC_0033931,0,0.2144597,0.00046170334,9.953713e-06,0.0005793209,0.7844502,4.353709e-06,3.4752742e-05
ISIC_0034141,0,0.004407241,0.9955337,9.978914e-06,1.7923501e-06,3.0272227e-05,5.612183e-07,1.6394075e-05
ISIC_0033643,0,7.5808966e-05,0.012130059,4.4847823e-07,9.161559e-08,0.9877929,2.556066e-07,3.6790644e-07
ISIC_0032629,0,0.0008971469,0.9911306,0.0002917498,3.1580953e-08,0.007493663,6.040198e-05,0.00012646794
ISIC_0029909,0,0.0002620018,0.015963323,2.6570415e-08,2.6618543e-05,0.98373693,2.335743e-06,8.803568e-06
ISIC_0033432,0,6.591755e-05,0.99988914,3.1679257e-09,1.0808259e-09,4.4917837e-05,3.3590157e-09,1.1207177e-08
ISIC_0032833,0,0.025745556,0.9742396,7.503208e-09,9.3305275e-08,1.4588172e-05,1.1180287e-07,1.6853104e-08
ISIC_0034236,0,0.0001768715,0.9998017,3.2832804e-07,2.4467448e-07,1.9507823e-05,9.595184e-07,4.3424862e-07
ISIC_0034118,0,0.656201,0.34328136,2.5133204e-07,7.6364394e-08,0.00051569304,6.260366e-07,1.0261053e-06
ISIC_0033476,0,0.02706494,0.97293484,2.855858e-08,6.625884e-09,2.1311326e-08,1.0980853e-07,2.0413907e-08
ISIC_0033047,0,0.96163243,0.038367435,2.1874647e-09,7.140109e-10,9.32137e-08,1.5019364e-09,1.6864925e-10
ISIC_0025987,0,0.85741866,0.14257573,2.5879763e-07,2.3640963e-08,5.2117794e-06,1.8069362e-09,2.363776e-08
ISIC_0033946,0,0.97797376,0.021955192,4.5855522e-08,7.320784e-06,5.7498193e-05,5.853321e-06,2.5217844e-07
ISIC_0033369,0,0.58943385,0.1404738,1.2383732e-06,7.4383325e-07,0.27008134,8.076356e-06,9.383217e-07
ISIC_0032447,0,0.7431713,0.25682235,1.5192024e-06,7.7172916e-07,1.2521849e-06,2.2117108e-06,6.9767344e-07
ISIC_0033655,0,0.68574363,0.3141495,0.00010156683,1.8058098e-06,3.226439e-06,2.1167718e-08,3.0279065e-07
ISIC_0033831,0,0.99993503,6.483522e-05,1.1052321e-08,5.968017e-08,7.969807e-08,2.679077e-10,1.6053695e-08
ISIC_0032733,0,0.58048785,0.0064159874,0.28466028,1.3022325e-05,0.120251164,0.008136083,3.5635992e-05
ISIC_0033183,0,0.5009418,0.00055031857,0.0020096768,5.7457054e-08,0.49599105,0.0004886128,1.8497496e-05
ISIC_0032564,0,0.99098116,0.00037886426,8.5669395e-05,1.2000675e-06,0.0073916395,0.0006178582,0.0005436564
ISIC_0034222,0,0.0006785312,0.99616146,0.0031593943,1.3243136e-08,3.2923333e-07,2.1006366e-07,8.182988e-08
ISIC_0032569,0,0.0007861395,0.99572444,0.003486454,2.4951419e-08,2.6823936e-06,6.752308e-08,1.4008904e-07
ISIC_0034064,0,0.005359022,0.9870546,0.0070225326,0.0005524566,1.8430214e-06,5.9131335e-06,3.672991e-06
ISIC_0033485,0,0.0062283957,0.9937597,7.5997406e-08,8.493946e-06,6.2342923e-07,2.294714e-06,4.2708385e-07
ISIC_0033175,0,0.27131605,0.72798127,5.657084e-07,1.4435011e-07,0.00070154096,1.5333053e-07,1.9868065e-07
ISIC_0033886,0,0.080804035,0.91912305,4.7195428e-08,9.229301e-08,6.969656e-05,3.0546346e-06,6.472985e-08
ISIC_0032892,0,0.99976057,0.00023924229,1.1844728e-10,4.8543196e-08,8.327082e-08,1.0857363e-09,6.459766e-09
ISIC_0033174,0,0.17419744,0.48955014,1.1586091e-07,3.033611e-08,0.3362515,6.3153144e-10,8.272475e-07
ISIC_0033239,0,0.040803283,0.062418707,0.00050205225,0.00021469212,0.8960461,1.0128338e-06,1.4220879e-05
ISIC_0033985,0,0.34198266,0.61871964,0.000115916584,1.4212733e-06,0.039131436,4.2530073e-06,4.467252e-05
ISIC_0032940,0,0.9998679,1.4674472e-06,1.0010661e-08,7.4239184e-11,0.00013056501,5.284187e-10,5.100568e-08
ISIC_0032511,0,0.9726934,0.011658092,4.8283505e-07,0.00025845098,0.01538292,2.8495651e-06,3.8396465e-06
ISIC_0033848,0,0.99999726,2.7680487e-06,6.432336e-13,6.002528e-14,4.5269054e-13,8.957946e-10,5.5040784e-11
ISIC_0032622,0,0.9998796,0.000120425284,1.01568745e-11,6.792752e-13,3.310381e-11,1.2029773e-10,1.7551692e-10
ISIC_0034246,0,0.9385207,0.06147305,5.087121e-08,6.4624435e-09,5.1330526e-06,3.8322213e-07,6.274497e-07
ISIC_0032915,0,0.012484328,8.606318e-06,0.0035260727,0.9754857,0.00014125202,0.008314048,4.002167e-05
ISIC_0033883,0,0.9001938,0.09802587,2.5504425e-08,9.6386765e-09,0.0017788778,1.2387854e-06,2.0868191e-07
ISIC_0034145,0,0.9844616,0.015241612,2.1056399e-09,8.533891e-08,0.00028688274,8.890743e-06,9.42249e-07
ISIC_0032981,0,0.73159546,0.26828405,5.153349e-09,4.084669e-06,0.00011097931,4.0340524e-06,1.4017517e-06
ISIC_0024482,0,0.96251625,0.0019356156,2.6966025e-06,0.034699224,0.00082982116,1.0027256e-05,6.389993e-06
ISIC_0032806,0,0.07899727,0.9210003,1.8453347e-08,1.14118855e-07,1.5812234e-06,3.9123472e-07,2.4044198e-07
ISIC_0033624,0,0.036859516,0.0097409915,2.1690257e-05,7.4620126e-05,0.9532599,5.1868426e-07,4.2733245e-05
ISIC_0033238,0,0.112697326,0.6652178,1.3309779e-06,7.902846e-08,0.22208242,5.132549e-08,9.524342e-07
ISIC_0034089,0,0.74417996,0.009325202,1.3663578e-06,6.920403e-07,0.24649027,1.4133584e-08,2.504625e-06
ISIC_0032797,0,0.89789546,0.09089761,0.01069527,0.0004334022,5.5201843e-05,7.7343196e-07,2.2284128e-05
ISIC_0032596,0,0.80429494,0.19503748,0.0005906254,1.7639442e-05,4.3933745e-05,1.3990518e-06,1.40167e-05
ISIC_0032856,0,0.9666039,0.033114772,1.307478e-06,0.0002620817,1.3996624e-05,1.2450208e-07,3.8320513e-06
ISIC_0033193,0,0.97278756,0.027128594,6.235278e-08,3.6341035e-06,7.998079e-05,1.4451031e-09,1.8265118e-07
ISIC_0033125,0,0.97489536,0.02510257,9.0676315e-07,9.2555877e-07,1.6712612e-07,2.8239105e-10,8.315313e-08
ISIC_0032810,0,0.9317638,0.06751857,0.00054536056,1.8287388e-05,0.00015010344,1.3322742e-07,3.7913508e-06
ISIC_0033469,0,0.99726105,0.0022593332,4.4310535e-05,4.2018593e-05,0.00013441798,0.00019119262,6.761939e-05
ISIC_0033663,0,0.9882663,0.011732574,3.4904588e-09,7.039062e-11,2.1019668e-08,1.1455508e-06,1.09744684e-08
ISIC_0034284,0,0.98158664,0.018229438,3.302284e-08,1.2797704e-09,1.1559071e-09,0.00018274064,1.1377158e-06
ISIC_0032517,0,0.8831965,0.11676191,2.9831492e-07,1.0076463e-07,9.477992e-08,4.107989e-05,7.748896e-09
ISIC_0033754,0,0.9550226,0.04497365,1.368371e-09,1.02627664e-13,2.8289744e-06,6.482306e-07,1.7021908e-07
ISIC_0032938,0,0.52277166,0.470766,3.144238e-05,3.5906664e-06,0.0063487445,7.063405e-05,7.8984685e-06
ISIC_0032610,0,0.012311294,0.9875271,1.9421224e-05,5.6033603e-08,8.872686e-06,4.855994e-05,8.484015e-05
ISIC_0032958,0,0.9997998,0.00016713244,4.3581746e-08,4.745962e-07,2.6224321e-05,5.3419758e-09,6.351917e-06
ISIC_0033538,0,0.99794775,0.0019839264,1.4851709e-05,4.3623925e-07,4.5342636e-05,3.725945e-08,7.665498e-06
ISIC_0027402,0,0.00685121,0.9908929,0.00025415598,1.0678255e-05,0.0016497462,0.00031656626,2.479579e-05
ISIC_0030391,0,0.04257252,0.95740825,1.7546399e-06,3.4284987e-08,1.3858381e-05,2.514662e-06,1.117782e-06
ISIC_0032845,0,0.017106619,0.9828912,2.1770857e-08,2.713188e-07,5.1480363e-08,4.0066743e-07,1.4967344e-06
ISIC_0032968,0,0.042998802,5.954866e-05,0.32206935,0.6319878,0.0026381488,1.787119e-07,0.00024617443
ISIC_0029265,0,0.89034414,0.00016961776,0.008720299,0.058218297,0.042504314,1.4216223e-06,4.1966246e-05
ISIC_0034239,0,0.8785729,0.12140626,2.7464932e-07,2.2376738e-10,1.5866193e-05,2.6910614e-08,4.794679e-06
ISIC_0034287,0,0.9978823,0.0021174797,1.2797348e-09,1.1927814e-11,2.1760722e-07,5.7574995e-10,5.9645844e-09
ISIC_0033166,0,0.14158528,0.85795337,2.4345434e-06,2.110729e-06,0.00042555164,1.8960342e-05,1.2268224e-05
ISIC_0033320,0,0.0044649797,0.9782025,9.8505825e-06,5.815417e-07,0.017289434,6.07071e-07,3.2088934e-05
ISIC_0032526,0,0.009759072,0.9709778,8.190729e-06,7.2305166e-09,0.019215781,4.7700735e-07,3.8686336e-05
ISIC_0032624,0,0.05447827,0.944682,0.0008024189,9.659672e-07,3.399282e-05,5.3100337e-08,2.281886e-06
ISIC_0033977,0,0.89173734,0.10765164,0.00060967664,7.0480645e-08,6.7916943e-09,1.6848628e-09,1.2905051e-06
ISIC_0034002,0,0.0012730112,0.9980399,0.00067580387,6.798051e-08,1.235692e-06,4.510571e-09,1.000642e-05
ISIC_0033387,0,0.0010044435,0.9465251,4.8968204e-06,4.135718e-06,0.05215225,6.7108175e-07,0.00030841804
ISIC_0025592,0,8.262135e-05,0.98724073,2.3291557e-07,1.7146918e-07,0.012672402,2.889715e-06,9.631763e-07
ISIC_0032552,0,0.006653052,0.07558949,3.083149e-06,8.114774e-07,0.91757196,6.559044e-08,0.00018156094
ISIC_0033279,0,0.0007128497,0.99928623,1.9550474e-07,4.6471417e-11,3.9309037e-07,5.4097784e-09,3.0249544e-07
ISIC_0032887,0,0.0010800143,0.99886,3.0007433e-05,2.8398868e-11,2.7851369e-05,4.0422118e-10,2.085753e-06
ISIC_0033611,0,0.00037110073,0.99913245,8.32266e-08,2.9626016e-10,0.0004957853,4.2221157e-07,1.116213e-07
ISIC_0033586,0,5.160104e-06,0.99917173,1.8209373e-07,6.6757445e-07,0.00082178094,1.8021647e-07,2.0945411e-07
ISIC_0033226,0,0.00038545096,0.99944633,1.2991295e-09,1.0199883e-09,0.0001682375,5.0609267e-10,1.4254934e-08
ISIC_0033198,0,0.002574961,0.0009019601,4.07408e-08,3.112516e-06,0.9965036,1.6366754e-05,1.7006212e-08
ISIC_0032790,0,0.35158527,0.64135724,1.6812676e-07,1.9618219e-07,0.007052289,4.4676544e-06,4.151933e-07
ISIC_0033245,0,0.26228824,0.7238234,3.8197223e-07,3.7477955e-06,0.013365771,0.00050375814,1.4707242e-05
ISIC_0032509,0,1.810055e-05,0.99995303,6.757259e-06,2.1194325e-07,2.1418771e-05,3.563495e-10,5.0641233e-07
ISIC_0034068,0,9.3357645e-05,0.99990463,4.1119674e-07,2.5188243e-07,1.1779406e-06,2.4935987e-11,1.4150764e-07
ISIC_0034107,0,0.008258493,0.9917169,5.128592e-07,9.8725934e-08,1.3177998e-05,9.633297e-06,1.2609291e-06
ISIC_0033368,0,0.9867655,0.0132344365,7.482723e-10,2.1647743e-11,3.7796846e-09,1.0360974e-08,7.580859e-09
ISIC_0032687,0,0.0955999,0.8714466,7.508428e-05,8.709372e-07,2.19616e-05,0.032854218,1.3797369e-06
ISIC_0033055,0,0.921587,0.074547306,1.0828222e-06,3.200618e-07,2.7889783e-07,0.0038560405,7.9526435e-06
ISIC_0032672,0,0.85982156,0.13986185,2.6223483e-06,8.971258e-06,0.00030140477,2.085304e-06,1.5214392e-06
ISIC_0034076,0,0.7919133,0.20804773,4.982963e-07,5.256986e-06,3.194804e-05,5.2902567e-07,7.8187014e-07
ISIC_0033607,0,0.010191403,0.98978335,6.03247e-07,1.4837888e-06,1.877144e-05,3.503064e-06,7.9774765e-07
ISIC_0033568,0,0.0017872857,0.9982022,1.6810942e-07,3.3270053e-09,1.0140099e-05,4.1177013e-09,1.6631766e-07
ISIC_0034062,0,0.06745946,0.91438127,1.4011777e-06,0.0029384599,0.0151374955,7.1393293e-07,8.111165e-05
ISIC_0034170,0,0.030342791,0.9047968,1.1556175e-05,0.047455,0.017113376,3.6734189e-06,0.0002767564
ISIC_0033061,0,0.9807581,0.015666611,1.8903106e-06,1.0598615e-08,3.3412696e-06,1.6375197e-06,0.0035683336
ISIC_0033967,0,0.28109965,0.05291709,1.6999815e-05,7.051528e-08,0.65371,0.00038455048,0.0118716955
ISIC_0033051,0,0.0008609619,0.002529363,2.1911983e-06,3.5907073e-09,0.996222,4.8681337e-05,0.00033672343
ISIC_0033050,0,0.0013921066,0.9712407,3.968591e-07,2.9156507e-07,0.027341075,1.938057e-05,6.0512143e-06
ISIC_0033526,0,0.0022075383,0.35083568,7.5237676e-07,3.6223291e-06,0.6467408,0.00020566552,6.02734e-06
ISIC_0027149,0,0.8846245,0.111164786,4.897301e-07,1.1810649e-05,0.004193289,1.3944502e-06,3.7154073e-06
ISIC_0033668,0,0.99290305,0.0054832553,1.4334849e-07,0.0012166422,0.00038957896,1.6293639e-07,7.2356193e-06
ISIC_0032690,0,0.000101543425,0.72894853,1.1964772e-06,9.148591e-05,0.2708525,2.333071e-08,4.7097474e-06
ISIC_0032918,0,0.08661245,0.4705951,3.6181773e-05,0.0004259278,0.44004792,2.3027766e-05,0.0022593678
ISIC_0033498,0,0.0013483613,0.5750762,0.0001905883,0.23682326,0.0046070064,2.0366472e-06,0.18195252
ISIC_0031784,0,0.0024011026,0.9941186,8.164834e-05,5.3814924e-06,0.0032280243,2.1658446e-08,0.00016529081
ISIC_0034173,0,0.061711334,0.8089908,0.0068525,0.00055104116,0.12040941,0.00018835264,0.0012965564
ISIC_0033454,0,0.82292074,0.15157568,1.6295142e-05,2.100084e-07,0.025329323,2.2090026e-07,0.00015741936
ISIC_0028225,0,0.07698782,0.9203657,3.0828945e-05,7.0897913e-06,0.0026049933,3.399465e-08,3.4761474e-06
ISIC_0034317,0,0.7446551,0.25533298,1.2474817e-07,2.0270102e-06,7.1983817e-07,1.6176739e-06,7.4848863e-06
ISIC_0033662,0,0.17354684,0.82644445,1.37964005e-08,3.9244856e-07,1.813699e-09,1.7300579e-07,8.0806585e-06
ISIC_0033037,0,0.06581737,0.93389976,1.107385e-05,1.8992358e-06,0.0002659755,5.3782844e-07,3.3446686e-06
ISIC_0033773,0,0.17665787,0.8228202,9.2935795e-07,4.343533e-06,0.0005153648,1.748475e-07,1.1680709e-06
ISIC_0032152,0,0.0011483007,0.99394315,5.7223635e-05,0.0034663267,0.0013725214,4.1515996e-08,1.2441012e-05
ISIC_0033730,0,0.99994934,4.9988856e-05,9.918059e-09,1.1542215e-07,6.29064e-07,4.0306385e-09,4.854632e-09
ISIC_0032975,0,0.99782264,0.0015321197,5.6080324e-07,8.9956643e-07,0.00064372283,7.3659616e-09,3.89917e-08
ISIC_0026081,0,0.9295046,0.07049418,2.3872557e-09,7.244173e-11,9.4616917e-07,2.2590932e-08,2.0481575e-07
ISIC_0033925,0,0.00017955973,4.5407345e-05,1.0748189e-08,1.9321442e-10,0.99977237,9.915374e-10,2.5722118e-06
ISIC_0033431,0,0.03720616,0.28780255,0.00011217584,2.1821286e-06,0.0724832,0.0024250867,0.59996873
ISIC_0033089,0,0.7136726,0.2853124,1.4786754e-07,1.837079e-06,0.0010120494,7.4945056e-08,8.6600215e-07
ISIC_0033562,0,0.5402554,0.45951697,4.6181276e-07,0.0001739098,5.198599e-05,1.4821034e-09,1.2254602e-06
ISIC_0033023,0,0.99988306,0.00011693852,1.2455365e-10,6.75993e-14,4.6328985e-09,5.0762324e-13,4.6206674e-09
ISIC_0033258,0,0.9939301,0.0060689445,1.2016045e-09,6.0347904e-10,9.566328e-07,5.691086e-11,2.6549065e-08
ISIC_0028148,0,0.6745047,0.32541916,2.1403119e-05,3.046848e-09,5.3390744e-05,1.4532482e-08,1.3403014e-06
ISIC_0027069,0,0.8550953,0.14321434,8.11806e-05,0.00018425808,0.0014235625,1.4898063e-07,1.147289e-06
ISIC_0026089,0,0.014339224,0.98510474,7.1977724e-06,6.647604e-07,4.665191e-05,7.14105e-08,0.0005013453
ISIC_0024930,0,0.07116591,0.9287881,4.4677097e-07,1.4030721e-07,7.9947995e-06,1.02992335e-08,3.744888e-05
ISIC_0024449,0,0.4790334,0.5208062,5.712294e-07,3.3214278e-07,6.845195e-07,6.0951446e-05,9.780102e-05
ISIC_0025512,0,0.021989342,0.97741824,0.00023922081,1.926867e-07,1.4145459e-05,0.00011919167,0.00021964996
ISIC_0024999,0,0.0028648258,0.9966864,0.00018061946,5.227796e-07,0.00020057781,3.8224945e-05,2.8904076e-05
ISIC_0026438,0,0.011805076,0.98819226,1.2764737e-06,7.732272e-07,1.6162944e-07,3.9113136e-08,4.5397937e-07
ISIC_0028126,0,0.014182165,0.9858166,6.1558643e-07,2.0695803e-07,3.2177518e-08,7.863991e-09,3.905665e-07
ISIC_0025085,0,0.0008365426,0.99362034,0.00045117227,2.0751733e-05,0.0047781975,3.9610418e-07,0.0002926878
ISIC_0031034,0,0.00469526,0.9929397,3.4565943e-05,5.5197563e-07,0.0016456376,2.0213857e-08,0.0006842494
ISIC_0025097,0,0.13088195,0.11824271,0.009202303,0.012955505,0.6631563,0.026146766,0.03941448
ISIC_0031666,0,0.20333661,0.21093222,0.00068023574,7.064397e-05,0.5583503,0.0018883926,0.024741631
ISIC_0029819,0,0.0047053057,0.99334043,4.4863074e-05,1.4943764e-06,0.001242894,0.0002280241,0.00043686057
ISIC_0030756,0,0.9459277,0.05398306,1.9147708e-07,2.2765663e-08,8.8294255e-05,3.6785377e-08,7.6000885e-07
ISIC_0030970,0,0.99918073,0.0007638415,1.2298544e-05,2.5887564e-05,1.6721251e-05,5.575129e-08,4.313431e-07
ISIC_0029316,0,0.9758538,0.024145981,8.258226e-08,3.3463678e-13,1.1188003e-08,1.0371983e-09,1.4795617e-07
ISIC_0026989,0,7.86778e-05,0.9999207,1.7419933e-07,3.135761e-09,3.8066412e-07,2.1637845e-08,3.1017553e-08
ISIC_0029859,0,0.039581325,0.96041745,8.55038e-08,5.9556027e-09,2.8704324e-07,6.705746e-07,1.220767e-07
ISIC_0028548,0,0.53177214,0.37721926,0.0006573421,0.0008608044,0.089433625,1.4174011e-05,4.2615018e-05
ISIC_0030512,0,0.029763177,0.9702298,1.2876604e-06,3.3061536e-07,4.7677922e-06,3.3224663e-07,2.3865485e-07
ISIC_0029591,0,0.95492953,0.040166724,3.911991e-05,0.0028312828,0.0019995726,8.237825e-07,3.291024e-05
ISIC_0027065,0,0.9875323,0.012110552,3.922909e-07,3.4237797e-05,0.00032145972,3.5610196e-07,6.141722e-07
ISIC_0028537,0,0.03010324,0.9651262,1.0496681e-05,0.0036220807,1.1964075e-06,0.0009589904,0.00017776864
ISIC_0029698,0,0.92633724,0.0644805,0.007926156,0.0012218186,1.2422286e-05,8.845853e-08,2.1782214e-05
ISIC_0025748,0,0.87843436,0.12044775,4.778397e-05,0.0010697551,1.4174344e-07,5.087411e-09,2.4408246e-07
ISIC_0028051,0,0.13180752,0.8528983,0.0038110046,0.00045161752,0.009193184,0.0013657106,0.00047264833
ISIC_0026094,0,0.00026446464,0.9997297,4.5712193e-07,1.0587937e-06,3.6290755e-06,1.793078e-07,4.362013e-07
ISIC_0024525,0,0.05800344,0.4705415,0.00016984713,0.009469763,0.46175075,5.2628807e-06,5.9414946e-05
ISIC_0025248,0,0.08009263,0.90716046,4.151447e-08,8.371402e-08,0.012709834,3.454701e-05,2.4703356e-06
ISIC_0032425,0,0.62679946,0.34328848,7.1188566e-05,4.226569e-05,0.029777486,1.4113158e-08,2.1144084e-05
ISIC_0027442,0,0.457239,0.049627658,0.28072423,0.21169795,0.00022207736,0.00040749554,8.1612154e-05
ISIC_0024940,0,0.9974778,6.031521e-07,0.00012213895,8.0318415e-08,0.0023970215,2.1209462e-06,1.14204916e-07
ISIC_0024351,0,0.033469528,0.9651017,4.4499896e-07,2.0180366e-06,0.0014253358,1.857795e-09,9.672973e-07
ISIC_0030110,0,0.35058177,0.5674262,1.833196e-06,1.6891512e-06,0.081948444,3.389256e-06,3.660711e-05
ISIC_0028847,0,2.6798707e-06,0.99965334,6.7263755e-08,2.2623535e-06,0.00034159832,5.801726e-09,7.217752e-08
ISIC_0024961,0,0.00029838004,0.70696443,1.6056665e-05,0.0009560818,0.29156595,0.0001770955,2.1951335e-05
ISIC_0029318,0,0.72716075,0.1802258,0.0030719002,0.06491508,0.02433575,3.3433219e-06,0.00028727375
ISIC_0032070,0,0.75856537,0.074435465,0.065549575,0.066387214,0.033065308,4.307817e-05,0.001954008
ISIC_0025413,0,0.99747926,0.0025179407,8.0984606e-08,9.378356e-08,2.6527116e-06,5.8542216e-09,3.0584468e-09
ISIC_0028685,0,0.044292297,0.84362864,0.0011082422,0.014659068,0.088369,2.8039115e-06,0.007939958
ISIC_0031670,0,0.013355615,0.0030552086,6.896551e-07,6.8357544e-08,0.9835865,2.821811e-07,1.5233909e-06
ISIC_0031339,0,0.9853241,0.005079793,1.1986429e-05,0.009199746,0.00036620628,1.5395026e-06,1.653796e-05
ISIC_0032476,0,0.86420125,0.020978874,1.3655026e-05,0.09802143,0.016402727,0.00018690115,0.0001950725
ISIC_0030423,0,0.9888164,0.010453394,4.815336e-06,1.05491035e-05,0.0007130169,9.583793e-08,1.7156189e-06
ISIC_0029353,0,0.65849495,0.030521372,0.0016774813,0.30781734,0.00036440653,0.0003996305,0.00072484295
ISIC_0030653,0,4.362248e-05,0.9905275,0.0065544643,4.0413183e-06,0.0025684547,9.197962e-09,0.00030197296
ISIC_0029885,0,0.009539232,0.5291955,0.025214704,2.7554075e-05,5.043676e-06,0.43360245,0.0024155162
ISIC_0031550,0,0.52254784,0.47125408,2.3564946e-06,1.3873121e-06,0.006155809,4.332712e-06,3.4192606e-05
ISIC_0027089,0,0.44649112,0.55350876,2.5823265e-08,1.1029018e-08,4.0564764e-08,2.6868959e-08,8.817064e-09
ISIC_0026239,0,0.928187,0.07181299,3.9319728e-10,5.6144617e-11,5.917715e-11,9.589205e-10,7.3907375e-10
ISIC_0024805,0,0.517289,1.148226e-06,0.47265196,2.372957e-06,6.6070075e-05,0.009989308,1.5407095e-07
ISIC_0030032,0,0.98957205,0.00022072472,0.010037205,2.29669e-05,8.0124824e-05,6.6214634e-05,7.5527157e-07
ISIC_0026131,0,0.16062652,0.82923514,3.287844e-05,7.510252e-06,0.010096097,3.027287e-07,1.6154639e-06
ISIC_0025663,0,0.038046643,0.8786006,3.792931e-05,0.0034369829,0.07986802,1.211314e-06,8.5952015e-06
ISIC_0031561,0,0.5148741,0.48492283,1.9644222e-06,0.00016514196,3.359554e-05,4.5338692e-07,1.8864766e-06
ISIC_0025766,0,0.9867993,0.012982846,8.694017e-05,5.8669665e-09,0.00013040441,7.527421e-08,3.9319858e-07
ISIC_0027560,0,0.047960624,0.90580106,0.00015936223,0.045343533,0.00065110496,6.9178445e-06,7.734371e-05
ISIC_0032149,0,0.7834406,0.20767574,1.8038027e-05,2.9364594e-05,0.008833793,3.4371816e-08,2.4289918e-06
ISIC_0024733,0,0.9892603,0.005864796,9.3160976e-05,0.00079625327,0.003983015,2.4748383e-08,2.3641371e-06
ISIC_0031931,0,0.8746435,0.0041200286,6.2481655e-07,0.0016222282,0.119592,1.1895041e-05,9.68644e-06
ISIC_0031821,0,0.00044794971,0.99627054,0.00052767753,4.955243e-05,0.00080251624,5.6776e-07,0.0019012169
ISIC_0028026,0,0.9664519,0.0138404565,8.296009e-08,6.898772e-08,0.019707138,6.93913e-11,4.2892825e-07
ISIC_0027904,0,0.43749782,0.14812143,8.062359e-06,0.0141643705,0.40015528,5.7065385e-08,5.293188e-05
ISIC_0026735,0,0.9999869,7.310204e-06,6.5124203e-07,5.2336696e-07,3.8915505e-06,6.875476e-07,1.59485e-08
ISIC_0028352,0,0.08030505,0.17725739,5.5809578e-05,0.00021302626,0.7410002,0.0010797412,8.87973e-05
ISIC_0031498,0,0.03430504,0.96568584,2.7093748e-07,2.553812e-11,1.9672173e-07,8.398937e-06,2.5067538e-07
ISIC_0030925,0,0.027760193,0.035852112,1.3026204e-07,0.00039662758,0.93598807,5.0444267e-08,2.729462e-06
ISIC_0024864,0,0.002560874,0.99743515,1.293838e-08,1.187886e-08,3.4716857e-06,4.757119e-07,4.9161248e-08
ISIC_0031377,0,0.030086573,0.9698538,5.8379765e-08,8.785559e-09,5.8265603e-05,1.0874023e-06,2.5747576e-07
ISIC_0027126,0,0.59957045,0.3031913,0.0003465069,4.4126107e-05,0.096569866,5.06425e-06,0.00027261052
ISIC_0030604,0,0.39490372,0.59172463,4.2568918e-06,2.527452e-05,0.013336246,4.1390027e-07,5.4729935e-06
ISIC_0024958,0,0.0076979264,0.753168,2.0486136e-06,9.180535e-05,0.23898621,5.2025185e-05,2.0148377e-06
ISIC_0030951,0,0.8472108,0.075374626,1.9115414e-06,2.9222902e-06,0.07740434,1.8737566e-07,5.1901807e-06
ISIC_0027067,0,0.72885716,0.26442763,0.00025829065,0.000395687,0.006016011,6.326031e-06,3.8928138e-05
ISIC_0026258,0,0.010056359,0.53491324,2.580783e-06,7.409548e-05,0.45478356,1.9681443e-06,0.00016820645
ISIC_0025235,0,0.19018061,0.80238193,1.0931526e-06,3.2543973e-10,0.0074274787,9.127975e-08,8.824143e-06
ISIC_0028915,0,0.30281562,0.3488672,0.34818915,1.8661194e-05,4.615269e-05,9.53406e-06,5.3683405e-05
ISIC_0029652,0,0.8384193,0.07281841,0.042118322,0.046141744,0.00015115109,0.00029223878,5.8899426e-05
ISIC_0031295,0,0.88577265,0.0034123873,0.11081117,1.9940481e-07,2.2475946e-07,2.939037e-06,4.459954e-07
ISIC_0025616,0,0.30084613,0.20606986,1.2364037e-06,7.975909e-06,0.49307075,7.3607858e-09,3.990608e-06
ISIC_0025611,0,0.18835443,0.8116385,1.7701118e-06,1.71232e-06,1.3557965e-07,2.4593257e-07,3.1886698e-06
ISIC_0028714,6,0.047520302,0.042517886,0.004896258,0.00019914047,1.3496374e-05,0.0005226422,0.90433025
ISIC_0030956,6,7.2041115e-07,1.1952049e-05,2.0164794e-08,9.661734e-12,7.0566344e-08,2.2485193e-07,0.999987
ISIC_0029889,6,1.2549395e-06,2.9135632e-07,2.652512e-06,9.447274e-09,3.697278e-09,6.4333386e-11,0.9999957
ISIC_0027385,6,2.8850069e-05,0.00044155316,2.7193315e-05,2.2978737e-09,1.01346195e-07,6.212433e-06,0.9994961
ISIC_0030882,6,7.8946147e-07,0.00043396375,2.9538924e-07,1.0483634e-09,6.9111667e-07,5.498937e-06,0.99955887
ISIC_0032745,6,0.00017757328,0.00081850577,4.628275e-05,7.6670983e-07,0.99404424,0.00014874488,0.004763878
ISIC_0032557,6,0.00044522242,0.000108215165,1.393872e-05,4.244422e-06,0.98016137,0.00019327752,0.019073764
ISIC_0033092,6,4.2375883e-05,0.0016356106,4.314681e-05,4.235784e-06,0.4126442,0.00052461016,0.5851058
ISIC_0032614,6,3.1692277e-08,6.446058e-10,2.7938396e-10,3.6978013e-13,1.7287767e-09,1.3781596e-08,1.0
ISIC_0033349,6,2.0291597e-09,1.1864554e-09,6.5969585e-10,2.2906893e-13,1.0756562e-12,1.8347278e-10,1.0
ISIC_0032919,6,3.972434e-08,8.49571e-10,1.08006916e-10,1.3690089e-11,4.290028e-11,4.1659862e-10,1.0
ISIC_0032866,6,9.050129e-09,3.0652813e-05,1.0392952e-09,4.9508734e-14,1.1734352e-10,3.8846962e-10,0.99996936
ISIC_0033230,6,1.6231244e-05,9.632354e-06,0.99746025,7.807296e-08,2.8621156e-07,0.00013891418,0.002374575
ISIC_0033762,6,0.37272954,0.0071802065,0.46829626,0.0012838735,5.230792e-05,0.0009438446,0.14951397
ISIC_0034214,6,7.2839866e-05,0.0013378304,0.9383783,0.0009870998,7.5224366e-06,0.0019366164,0.05727988
ISIC_0031090,6,0.0028552103,0.95767134,4.5232784e-05,5.5004412e-12,4.0003138e-06,1.4090602e-05,0.039410226
ISIC_0031950,6,0.019632256,0.9731146,8.576415e-06,5.2255374e-11,2.1912076e-08,5.512488e-07,0.0072439355
ISIC_0026876,6,0.00012934169,6.0497946e-06,1.2971856e-06,3.5634384e-11,4.908488e-11,5.875142e-06,0.9998574
ISIC_0030606,6,2.3685936e-07,7.032624e-07,3.0946155e-09,1.5514329e-12,4.143186e-13,4.865692e-09,0.99999905
ISIC_0032715,6,4.3535002e-09,4.0683226e-06,3.472225e-05,1.594517e-08,1.8658575e-09,6.6617867e-09,0.99996126
ISIC_0033991,6,3.588298e-11,1.3045584e-06,2.1365097e-06,6.546959e-10,5.616759e-10,1.04216365e-10,0.99999654
ISIC_0025197,6,0.00018469726,0.004819596,1.1500099e-05,3.6674533e-05,2.2600454e-05,4.185928e-05,0.99488306
ISIC_0029877,6,4.0770057e-05,0.1222966,4.040355e-05,4.6455213e-09,0.00011502681,2.5092375e-05,0.8774821
ISIC_0027856,6,1.9406777e-06,0.008122652,0.0060293493,4.972821e-07,0.11862777,9.1235226e-05,0.8671266
ISIC_0026490,6,2.0822105e-08,0.00013945748,6.3671575e-09,1.2180956e-10,1.9519423e-07,6.037494e-10,0.9998603
ISIC_0024370,6,1.1544482e-08,2.9585133e-05,2.5804326e-08,1.3064187e-11,9.110607e-06,7.974395e-08,0.99996114
ISIC_0025250,6,1.5914333e-06,5.51323e-06,3.9145725e-08,2.6873652e-09,2.3682172e-07,1.4422121e-09,0.9999927
ISIC_0026713,6,0.00044305235,0.067153156,0.3792974,6.2851213e-10,5.605183e-08,1.1004627e-06,0.5531053
ISIC_0028885,6,7.9959804e-08,7.802945e-06,1.8274517e-05,6.088489e-08,0.00016642496,0.000107051186,0.9997004
ISIC_0027665,6,1.2930166e-06,0.0036320535,9.885187e-08,7.291281e-13,2.0456425e-09,1.7374699e-08,0.9963665
ISIC_0027269,6,1.6482043e-05,0.001126189,1.2033016e-07,9.331356e-09,0.00015542217,6.5801553e-10,0.9987017
ISIC_0034093,2,2.1742426e-06,0.00311305,0.9968156,6.801582e-05,5.411279e-08,1.3573202e-07,9.668803e-07
ISIC_0030446,2,0.0050747376,0.0038686318,0.9763634,0.011189872,2.4906632e-05,0.00021282177,0.0032655862
ISIC_0031527,2,0.0013170488,0.0011397846,0.9927012,0.0006189681,2.7084408e-05,0.00011651142,0.004079414
ISIC_0030893,2,8.679535e-07,1.0119732e-05,0.9999856,3.052958e-07,2.8590833e-07,6.217197e-07,2.1688688e-06
ISIC_0028994,2,0.00260025,1.8179358e-05,0.03685817,0.88251734,0.07559766,0.002382198,2.622545e-05
ISIC_0032696,2,2.5180516e-10,6.5744993e-10,1.0,7.039695e-11,9.1245976e-11,1.4281859e-08,1.26341675e-08
ISIC_0029466,2,0.13746898,7.2430244e-05,0.8609881,1.3684554e-07,8.078316e-10,0.0014677829,2.598273e-06
ISIC_0027057,2,0.0002349175,2.7746928e-05,0.997973,0.00014860113,1.0783879e-06,0.0013171786,0.00029744994
ISIC_0030271,2,0.011017022,5.855371e-06,0.31587425,0.3685877,0.25640547,0.047553007,0.000556714
ISIC_0026643,2,0.005456192,0.0012591006,0.0047286097,0.00078929646,0.94306695,0.043049477,0.0016503495
ISIC_0031140,2,8.462756e-08,1.9559079e-07,0.99999964,1.10519816e-08,2.7758455e-08,1.9679365e-09,1.6980222e-08
ISIC_0028457,2,0.003134525,0.0029110129,0.9936134,2.1697284e-05,4.1453553e-05,2.3784192e-05,0.0002542122
ISIC_0027545,2,0.022796353,0.3228865,0.32522014,0.0011824532,0.32441607,9.8618584e-05,0.0033998175
ISIC_0027609,2,0.000942076,0.544637,0.4478319,0.00052246713,0.0060501546,4.55748e-06,1.1909649e-05
ISIC_0027365,2,9.55831e-07,1.8289177e-07,0.99999857,3.8607915e-08,1.4600715e-07,2.0306279e-09,8.874568e-08
ISIC_0026343,2,0.0014633901,0.01503546,0.95816237,7.361816e-05,0.02524239,7.1448935e-06,1.5606582e-05
ISIC_0029341,2,0.07477412,0.18027909,0.2509501,0.0011731616,0.035936747,0.0001330015,0.45675382
ISIC_0031442,2,0.0011517098,0.005549762,0.8446457,5.847908e-06,0.14785272,0.00017970728,0.00061456574
ISIC_0026766,2,0.00015010533,0.0064502456,0.8226577,7.7167996e-08,0.17067392,6.321874e-05,4.72333e-06
ISIC_0027851,2,0.0063306764,0.9926146,0.00084156386,3.5330165e-09,0.0001568291,5.2015457e-05,4.2050365e-06
ISIC_0028858,2,0.0076031014,0.8388927,0.15211433,8.0654814e-07,0.0012441587,8.3099694e-05,6.187506e-05
ISIC_0030010,2,3.2532146e-06,0.0013605078,0.9985897,9.533915e-09,1.4772382e-09,9.8435e-07,4.554925e-05
ISIC_0026831,2,7.771937e-09,0.0002589705,0.99928147,5.6920197e-08,1.4331841e-06,2.4570072e-06,0.00045564183
ISIC_0032482,2,7.9795445e-06,9.305708e-06,0.9454556,2.1315475e-06,0.0031806875,2.3840098e-06,0.05134185
ISIC_0033354,2,4.524339e-12,1.3267346e-11,1.0,4.576073e-12,4.0907706e-15,2.0158063e-15,2.1589397e-11
ISIC_0032857,2,5.261821e-09,6.161299e-07,0.9999994,1.3552309e-11,1.0940043e-12,5.523628e-12,2.623887e-10
ISIC_0032906,2,2.3399949e-08,6.089244e-08,0.9999999,4.177657e-11,6.2831565e-13,6.1242326e-12,1.1075528e-09
ISIC_0033579,2,0.0025310328,0.07112976,0.9263371,2.0395172e-08,1.6196268e-06,1.5816239e-08,3.9350624e-07
ISIC_0034095,2,0.001457629,0.0019826307,0.99655956,1.0111202e-08,4.641468e-11,8.426833e-10,1.4855058e-07
ISIC_0034143,2,0.0010303325,6.79942e-06,0.99896276,1.06999104e-10,3.6310543e-13,1.9041737e-12,1.5448505e-07
ISIC_0032652,2,0.0008697924,0.26693788,0.7321534,3.6035765e-09,6.480968e-08,1.6350144e-08,3.881786e-05
ISIC_0033551,2,0.0003957198,0.102779046,0.8968003,2.5834701e-08,2.1096685e-05,3.244467e-08,3.7079383e-06
ISIC_0033571,2,0.031948317,0.056686074,0.9094374,1.6814622e-07,0.0014684512,3.7330346e-07,0.000459183
ISIC_0034299,2,0.010187452,0.8229007,0.1668691,5.3064805e-06,1.372324e-05,1.3655365e-05,1.01014975e-05
ISIC_0032808,2,0.0003033105,0.00047370596,0.9992223,5.763997e-07,4.606266e-09,7.575161e-10,1.17855365e-07
ISIC_0033203,2,0.00016791602,0.11922081,0.8806083,3.2582392e-10,2.1287032e-09,1.0152992e-09,2.9404544e-06
ISIC_0033366,2,0.008655861,0.97802985,0.01021932,4.5996558e-08,0.0030201136,1.0295645e-05,6.46379e-05
ISIC_0032816,2,0.00016539014,0.9564183,0.04289514,1.3190271e-07,1.6855526e-09,9.2090744e-08,0.0005209287
ISIC_0032727,2,1.2098302e-05,8.944867e-05,0.98751056,0.012010675,2.6716221e-05,1.0679046e-07,0.00035032962
ISIC_0033979,2,5.9420477e-06,0.001087516,0.9938611,0.0007206622,0.0036411,1.6817548e-07,0.0006834633
ISIC_0028871,2,1.7164703e-08,4.5486015e-09,0.99999857,7.087751e-07,8.147968e-09,3.7331768e-07,3.6391106e-07
ISIC_0031836,2,0.0003045615,0.13662231,0.7619868,3.5865944e-06,0.100994125,7.614149e-07,8.793721e-05
ISIC_0031225,2,0.0004489582,0.9993767,2.9082864e-06,1.8530436e-05,0.00015239995,1.3882229e-07,3.2072361e-07
ISIC_0030233,2,0.19330604,0.5527092,0.2361635,0.013741626,0.0010435265,0.0020139567,0.0010221304
ISIC_0029546,2,8.224171e-07,0.004368458,0.9955531,7.503649e-05,4.6669788e-07,2.8104247e-07,1.7305306e-06
ISIC_0029392,2,2.9066603e-08,2.249224e-05,0.9981591,0.0017631908,4.8725407e-05,5.15457e-06,1.2543154e-06
ISIC_0031698,2,2.5659855e-07,1.7264432e-05,0.99998236,4.5490765e-08,3.4138123e-09,3.106972e-09,7.003649e-08
ISIC_0026988,2,3.8856907e-08,5.8473457e-09,0.9999745,2.5449262e-05,3.3273229e-09,1.1919368e-09,4.438639e-08
ISIC_0024632,2,4.942523e-07,0.0014371263,0.9975178,0.00039915703,0.00063793134,2.265996e-07,7.2289436e-06
ISIC_0026668,2,0.012582361,0.008375535,0.6327499,0.002600329,0.3435715,9.153912e-08,0.000120334924
ISIC_0031384,2,0.00012511371,0.5419417,0.4560946,0.0015077806,0.00017227748,2.4360185e-08,0.00015853775
ISIC_0025299,2,1.9556787e-09,1.17730416e-07,0.9999999,1.7787658e-08,1.3101395e-08,1.9887585e-09,1.0128782e-08
ISIC_0028739,2,0.00057712395,0.05791775,0.9414958,7.3329247e-06,6.663727e-08,2.5811339e-08,1.9301497e-06
ISIC_0024332,2,1.3265204e-05,1.7605326e-07,0.9998031,8.9001776e-05,9.321393e-05,2.0511132e-07,1.1076186e-06
ISIC_0024454,2,5.1813287e-10,3.407454e-10,0.9999974,2.6052737e-06,2.0944984e-08,4.0908169e-10,6.88132e-09
ISIC_0027704,2,7.908817e-07,0.0008697597,0.9991097,2.327734e-06,4.6901537e-06,4.9053815e-06,7.863306e-06
ISIC_0024403,2,3.2062053e-05,8.8275614e-05,0.9997826,9.106075e-05,8.3819714e-08,1.5409744e-06,4.295615e-06
ISIC_0026855,2,7.040299e-07,0.0057698726,0.99206066,6.652831e-07,0.0020973792,1.6390811e-09,7.0736736e-05
ISIC_0024634,2,0.0010702917,0.08469087,0.9141718,5.9981438e-05,1.071344e-07,2.5105878e-08,6.911453e-06
ISIC_0030813,2,2.569254e-10,2.6054964e-10,1.0,5.9640435e-09,8.552357e-13,1.5195739e-12,6.7578854e-10
ISIC_0028113,2,1.7527951e-05,0.0015699626,0.9983998,1.2099263e-05,1.9664472e-07,6.1213706e-10,3.7608072e-07
ISIC_0026845,2,0.036000136,0.00013334968,0.8236775,0.0009057843,0.13134086,3.1429176e-05,0.007911017
ISIC_0025826,2,3.15887e-05,0.2555527,0.743748,0.00034797567,0.00013054328,7.6162564e-07,0.00018843517
ISIC_0030181,2,4.0194166e-08,4.3930047e-08,0.99985766,9.506911e-05,4.5167104e-05,1.5831823e-06,4.869567e-07
ISIC_0028329,2,9.8775035e-06,2.747005e-05,0.3800259,0.619326,0.00049768103,7.5411896e-05,3.7648944e-05
ISIC_0032246,2,1.6804609e-07,0.0010358986,0.99849725,0.00044795606,1.18465005e-05,6.302627e-07,6.192048e-06
ISIC_0026865,2,1.4738426e-08,0.0041906466,0.9957695,1.9870577e-05,1.49425305e-05,2.2818158e-06,2.7419105e-06
ISIC_0031057,2,6.005628e-09,5.2900712e-05,0.99939346,0.00049572426,5.0348404e-05,6.2020404e-06,1.3246453e-06
ISIC_0029524,2,2.038528e-06,0.00024666265,0.99947983,4.345761e-05,6.664495e-05,7.996031e-06,0.00015341592
ISIC_0028050,2,9.4286275e-07,0.026532922,0.9708176,0.00031418633,0.0023171299,1.2774731e-06,1.583023e-05
ISIC_0026118,2,9.3746706e-07,5.3801716e-05,0.9995059,0.00038642317,5.1568382e-05,7.523286e-08,1.2678679e-06
ISIC_0029820,2,0.012203452,0.12379409,0.51044226,0.33962208,0.0040216744,0.008157046,0.0017593587
ISIC_0029644,2,7.085053e-06,7.910426e-06,0.9999511,1.1025527e-08,3.3451513e-05,2.2732214e-08,3.258515e-07
ISIC_0032314,2,1.080261e-06,0.0011945956,0.9987943,2.0038362e-08,7.393605e-07,3.935608e-10,9.261775e-06
ISIC_0024461,2,1.381117e-09,1.0081402e-06,0.9983993,0.0015994105,1.7597296e-09,3.5490764e-08,2.6082404e-07
ISIC_0030526,2,5.401944e-09,1.0422772e-08,0.99997103,2.8833212e-05,2.6965643e-09,7.332269e-10,1.19122134e-07
ISIC_0025530,2,6.372049e-06,5.6672263e-05,0.976689,0.008661158,0.00026663972,0.013370677,0.0009495322
ISIC_0027629,2,0.009423249,0.20140302,0.7735133,1.369492e-05,0.015567904,1.1075236e-06,7.77312e-05
ISIC_0028283,2,0.00039013644,0.5967224,0.40253213,1.8484714e-05,0.00022077371,2.2027833e-05,9.4056915e-05
ISIC_0027175,2,3.6426911e-06,0.056607988,0.9432061,0.00013858189,6.854863e-06,3.2145504e-06,3.3601293e-05
ISIC_0031407,2,0.046765283,0.0019008358,0.038223207,0.9130105,1.2294576e-07,1.9061462e-08,0.000100046665
ISIC_0028652,2,0.016083974,0.00050406955,0.9055428,0.07781597,1.7251082e-07,2.519499e-08,5.3048218e-05
ISIC_0027038,2,1.6220964e-07,1.2591212e-05,0.9999335,2.785148e-07,5.0678506e-07,5.2785734e-05,9.9716445e-08
ISIC_0032030,2,0.00024829482,0.6764755,0.13365932,0.017210543,0.0067800554,0.16515969,0.0004666136
ISIC_0027525,2,1.1580958e-05,8.771662e-06,0.9459016,0.0025246902,0.038081534,0.00033322812,0.013138575
ISIC_0024550,2,2.3120226e-06,0.00013532522,0.9994961,2.9433033e-05,4.9665637e-06,0.0003256447,6.168257e-06
ISIC_0029919,2,6.106276e-05,0.028681649,0.9225551,0.0019317714,0.018119214,0.02826755,0.00038357562
ISIC_0030094,2,5.463392e-08,9.050027e-06,0.9999747,1.2974392e-06,1.4591683e-05,2.6632184e-08,2.572189e-07
ISIC_0030352,2,2.6990412e-08,3.681889e-09,0.9999999,4.1355808e-08,1.1797128e-09,2.4081231e-10,6.782336e-08
ISIC_0028814,2,1.4275261e-05,0.0001238263,0.99944407,0.0003640051,4.9723687e-05,8.392829e-07,3.2491303e-06
ISIC_0026829,2,3.0042517e-07,0.8022051,0.19633944,0.0001088925,0.0010923787,3.578429e-05,0.00021811413
ISIC_0032132,2,0.0046109157,0.96045595,7.8252015e-05,3.4090284e-05,0.034816008,2.673934e-06,2.1236037e-06
ISIC_0026154,2,2.141799e-05,1.8060886e-05,0.9999604,8.3172374e-08,5.586931e-09,2.4196117e-10,5.0006665e-09
ISIC_0029917,2,0.04614126,0.00087011146,0.9522155,0.0007341073,2.522908e-05,1.9420838e-06,1.1830766e-05
ISIC_0031614,2,0.04576839,0.26887128,0.6853386,2.1902959e-07,2.6376647e-06,7.4488275e-07,1.8062872e-05
ISIC_0024829,2,4.799426e-07,9.470553e-06,0.9999889,3.5576755e-09,1.4418085e-08,8.0235725e-07,3.590099e-07
ISIC_0031041,2,1.04497815e-07,3.0388044e-08,0.9999951,4.2643972e-08,4.622814e-06,3.0602192e-09,3.3263317e-09
ISIC_0032316,2,2.4253995e-06,0.6550551,0.34296012,3.964542e-06,0.0017150604,0.00025934033,3.956448e-06
ISIC_0028671,2,0.00016340986,0.0002755424,0.9990608,9.7827545e-08,0.00017138424,8.801427e-08,0.00032871822
ISIC_0025775,1,1.9045711e-06,0.99999285,7.693647e-10,1.6681269e-09,5.128375e-06,9.824038e-08,2.8655474e-08
ISIC_0028239,1,2.2621338e-05,0.99997735,5.1406585e-10,1.1144426e-12,7.267326e-09,3.569682e-11,2.5660871e-09
ISIC_0031325,1,2.019452e-05,0.99974567,6.46913e-08,1.5926289e-05,5.0140466e-07,1.2952025e-06,0.00021623644
ISIC_0032115,1,4.141616e-05,0.9999584,7.528321e-10,1.0123756e-10,4.0858716e-09,9.4279365e-08,5.2005372e-08
ISIC_0032446,1,6.3077943e-10,1.0,3.6406164e-10,2.2109827e-13,4.3925237e-08,1.8940064e-12,1.8477393e-10
ISIC_0024415,1,4.7297003e-06,0.9999918,1.4202961e-12,1.1098047e-12,3.498178e-06,1.2925131e-09,9.829041e-10
ISIC_0026583,1,2.2461127e-06,0.99996555,7.028533e-07,1.3461145e-07,2.3508133e-05,6.143585e-06,1.7326365e-06
ISIC_0031536,1,0.00053380127,0.9770263,9.168045e-06,2.21109e-06,0.022422291,3.3800834e-06,2.9097846e-06
ISIC_0026054,1,0.026604978,0.8435771,9.085789e-06,2.561559e-07,0.04317568,5.912574e-08,0.086632796
ISIC_0029347,1,0.00065436854,0.9993443,2.5614918e-08,1.932073e-09,1.2870291e-06,7.6420326e-10,6.3122556e-08
ISIC_0024364,1,9.7587304e-08,0.9852314,7.2787935e-07,3.120907e-10,0.014638397,0.000109247325,2.0188496e-05
ISIC_0026518,1,0.025368886,0.97431153,8.5072825e-05,4.3330566e-09,9.867246e-05,4.0985765e-07,0.0001354107
ISIC_0027479,1,3.2293836e-05,0.9997713,2.854213e-07,1.321592e-08,0.000186977,8.787785e-06,2.9789737e-07
ISIC_0027944,1,2.7361348e-05,0.9999722,1.608216e-07,4.9516693e-11,2.3969892e-07,3.842491e-09,6.8882024e-08
ISIC_0030517,1,9.776008e-09,0.9999999,6.8752434e-11,4.665689e-11,1.6391238e-07,1.6337886e-08,4.232997e-09
ISIC_0029569,1,1.4240022e-05,0.9980253,5.976743e-07,1.9011393e-08,0.00195867,9.579342e-07,3.2235005e-07
ISIC_0031486,1,6.3344355e-06,0.99999356,5.996117e-08,3.561492e-14,2.159451e-09,2.5325987e-08,8.413985e-08
ISIC_0029526,1,8.982577e-07,0.9999988,6.113023e-08,2.784103e-09,1.6463998e-08,8.424258e-08,4.1312717e-08
ISIC_0030072,1,3.710521e-05,0.9999604,1.519821e-08,2.978943e-11,2.263221e-06,7.335832e-09,1.3789473e-07
ISIC_0030820,1,0.14573686,0.8542629,7.560604e-08,9.8683635e-14,2.0225391e-07,2.444873e-12,2.1962099e-09
ISIC_0028090,1,8.981922e-06,0.9999808,1.453834e-08,2.884882e-12,1.0172826e-05,2.2267845e-10,3.8156426e-08
ISIC_0030013,1,0.00020532163,0.9997831,1.0514331e-06,1.7437645e-07,1.0304247e-05,1.078568e-08,7.008574e-08
ISIC_0025585,1,7.7188315e-06,0.9983211,3.1840298e-08,1.7603076e-08,3.1017827e-08,8.174692e-09,0.0016710563
ISIC_0030523,1,3.0516304e-07,0.999998,9.4144506e-09,4.3392644e-11,1.564711e-06,8.692253e-10,1.0259976e-07
ISIC_0025143,1,1.5976275e-05,0.9999839,1.0486327e-10,1.7716988e-11,1.446355e-07,7.524206e-10,7.753199e-09
ISIC_0027324,1,8.776423e-05,0.69786686,0.0013664409,3.4468666e-08,0.00083003537,0.29549474,0.004354185
ISIC_0028164,1,9.1894035e-06,0.99995255,7.0227496e-10,2.0029394e-09,3.803486e-05,8.510902e-08,4.806115e-08
ISIC_0027000,1,1.8817838e-09,0.99999774,6.749767e-10,2.1566629e-11,2.2123693e-06,7.1797884e-10,3.3513485e-09
ISIC_0029998,1,2.0907446e-05,0.99979,5.2101595e-06,3.236356e-11,2.8718916e-05,0.00013740467,1.7752738e-05
ISIC_0030338,1,4.710955e-05,0.99994934,3.1822383e-06,3.2353318e-09,4.035679e-08,8.6307e-08,1.5937388e-07
ISIC_0030428,1,3.779812e-06,0.9999845,7.893672e-06,8.151855e-11,1.029333e-08,2.5929194e-09,3.8127796e-06
ISIC_0025692,1,2.7633096e-06,0.9999956,1.5180139e-07,3.9534743e-12,3.527563e-07,3.4210248e-07,8.282288e-07
ISIC_0026755,1,2.436066e-07,0.9999975,2.0955934e-08,1.9451739e-11,2.0867985e-06,1.2789476e-08,1.4487601e-07
ISIC_0028359,1,3.9007755e-05,0.99988794,5.589775e-06,4.0219764e-08,6.6727815e-05,2.1952265e-07,4.9231477e-07
ISIC_0026948,1,6.8970214e-05,0.9999293,3.7843893e-08,7.772078e-10,1.0039414e-06,4.2685292e-07,1.782132e-07
ISIC_0026246,1,3.148542e-07,0.9974463,2.701449e-08,2.2690976e-08,0.0025519284,6.979292e-07,7.5859845e-07
ISIC_0028302,1,7.6231368e-06,0.9999734,2.7468494e-07,7.531996e-10,1.8329556e-05,1.3368518e-08,3.33178e-07
ISIC_0026172,1,0.004043126,0.9913258,2.3800372e-05,8.1182894e-10,0.004198362,0.00040423952,4.635537e-06
ISIC_0029273,1,0.0053773313,0.9945233,2.1251108e-07,7.2931126e-11,6.533099e-07,6.650095e-07,9.7751654e-05
ISIC_0027752,1,6.884133e-05,0.99990904,1.532255e-07,4.239337e-08,1.4453685e-05,2.5478997e-07,7.303852e-06
ISIC_0024327,1,1.384553e-05,0.99685836,1.8747173e-09,1.6268745e-11,0.0031273689,7.748412e-11,4.5328954e-07
ISIC_0025432,1,1.224572e-07,0.99999535,7.488864e-08,4.958328e-13,4.4905023e-06,3.306284e-11,1.2676797e-10
ISIC_0026234,1,0.0010615382,0.9986511,4.3246263e-07,4.32639e-06,0.0002813808,4.8289803e-07,7.882421e-07
ISIC_0025934,1,7.9182925e-08,0.99947196,6.3141094e-08,5.351787e-09,0.0005276243,2.689316e-07,6.8875505e-09
ISIC_0027411,1,0.00044275017,0.9995572,3.7942752e-12,2.8718041e-12,1.3576209e-12,4.3272894e-10,2.9463558e-09
ISIC_0030888,1,7.0225374e-06,0.99996805,5.4228737e-09,2.517102e-10,1.6993627e-05,7.720262e-06,1.6636673e-07
ISIC_0029523,1,3.4497757e-06,0.99999094,1.2255819e-07,1.2568807e-14,1.14124944e-07,1.8189512e-10,5.357741e-06
ISIC_0025749,1,3.8862808e-07,0.99844295,1.43468935e-08,1.7268802e-07,0.0015538101,1.7923019e-06,9.529315e-07
ISIC_0029258,1,5.6489034e-07,0.99999774,2.4869778e-10,2.3112672e-13,1.6713956e-06,3.301306e-08,1.3594505e-08
ISIC_0031388,1,0.0056936704,0.9940706,3.9682294e-07,7.7515126e-11,0.00023142055,2.3841402e-09,3.8927374e-06
ISIC_0024980,1,3.0732215e-07,0.9999987,6.6826494e-10,2.0321405e-08,6.31069e-07,3.6602396e-10,3.8249703e-07
ISIC_0031653,1,4.2803634e-08,0.9999976,1.870811e-09,7.350657e-13,2.3735436e-06,8.8056014e-11,3.582117e-09
ISIC_0027422,1,2.286679e-08,1.0,5.943596e-11,8.951271e-11,2.682713e-10,5.1305634e-08,2.3139146e-09
ISIC_0031773,1,5.0781878e-06,0.9997315,7.115159e-05,7.4419476e-10,7.699891e-05,2.0829423e-09,0.00011530258
ISIC_0028054,1,1.0831103e-07,0.9989083,1.3407639e-07,2.4612513e-11,0.0005911349,0.00049757434,2.7166036e-06
ISIC_0030550,1,1.8004566e-05,0.9999443,1.5301543e-08,4.8272836e-10,3.7245147e-05,2.2885597e-07,1.3674845e-07
ISIC_0031704,1,3.7117948e-06,0.99993217,7.887695e-09,6.049588e-12,6.410376e-05,1.1033243e-09,5.084169e-08
ISIC_0024580,1,2.569144e-07,0.99998426,1.4266395e-07,2.0941544e-09,1.51802e-05,1.38276155e-08,1.1277739e-07
ISIC_0025930,1,7.0010486e-08,0.9999466,3.4022585e-06,1.3497679e-11,4.9550963e-05,6.298204e-09,3.9334e-07
ISIC_0028594,1,0.00023313506,0.99898094,7.2800844e-08,2.5217946e-09,0.0007852061,5.042529e-07,1.3866135e-07
ISIC_0031185,1,1.12435075e-07,0.99467164,4.524596e-09,7.8448026e-10,0.005327852,8.474808e-08,2.7699082e-07
ISIC_0029463,1,9.753532e-06,0.9999845,1.2005065e-06,2.3405236e-10,4.4336666e-06,1.1592959e-07,2.2153104e-08
ISIC_0030968,1,4.9934633e-06,0.9929103,3.0297808e-06,3.0221248e-08,0.007000278,7.8884674e-05,2.4889375e-06
ISIC_0031907,1,5.1587554e-06,0.9999838,4.6951496e-07,8.353551e-09,3.4987506e-06,7.911664e-10,7.110858e-06
ISIC_0028962,1,1.7574133e-05,0.9997329,1.0113507e-09,7.797257e-11,1.9372212e-06,0.00024705566,4.5289303e-07
ISIC_0029015,1,6.666297e-07,0.99993145,7.8423845e-09,1.8557512e-12,6.303494e-05,7.419772e-08,4.7176395e-06
ISIC_0030170,1,1.2216171e-06,0.9999938,1.4925126e-07,3.2350975e-10,3.7441819e-06,3.8194514e-07,7.184483e-07
ISIC_0026232,1,4.1725805e-05,0.99991214,7.954541e-09,4.905184e-10,4.613211e-05,4.6010706e-11,3.9561087e-08
ISIC_0030322,1,0.0063781277,0.99355114,6.2372855e-08,5.1019686e-09,6.1734834e-05,7.9461756e-08,8.799835e-06
ISIC_0026562,1,5.893257e-05,0.9981706,1.2751771e-07,1.8989079e-08,0.0017693696,3.1955238e-07,5.3318723e-07
ISIC_0027576,1,8.0164035e-09,0.99999917,1.5782714e-08,1.3968561e-11,1.1525916e-07,1.5481839e-09,6.947829e-07
ISIC_0032011,1,4.349105e-06,0.99996614,5.175196e-08,1.1235839e-09,2.9332881e-05,5.1252034e-09,9.356032e-08
ISIC_0029184,1,0.0005770816,0.9994081,4.932035e-08,9.547217e-11,1.4661157e-05,2.100426e-09,5.227322e-08
ISIC_0030470,1,2.1857031e-05,0.9998041,7.943781e-09,2.262898e-09,0.00017391835,1.7254841e-08,1.291875e-07
ISIC_0025558,1,9.164713e-09,0.99998736,1.7628143e-09,2.1939563e-11,1.2497081e-05,6.105612e-08,5.8682726e-08
ISIC_0028007,1,5.9065215e-08,0.99999917,1.1298318e-09,2.2587497e-10,6.099001e-07,6.690133e-08,6.272188e-08
ISIC_0024692,1,9.612701e-09,0.99999976,4.3488664e-11,8.6329235e-13,1.8631003e-07,5.6855582e-09,2.2411148e-09
ISIC_0029729,1,7.814825e-05,0.99762964,0.0022743696,2.5555966e-07,1.6440563e-05,1.6609668e-08,1.1616104e-06
ISIC_0028768,1,1.2716002e-06,0.9998579,2.2600912e-09,7.0481027e-10,0.00013793998,2.3601865e-06,4.824609e-07
ISIC_0025794,1,9.272914e-08,0.9999136,9.951885e-10,2.8845543e-13,8.634017e-05,9.1221565e-11,1.1217882e-09
ISIC_0028888,1,0.09550411,0.7289793,0.00094272435,6.2055246e-06,0.17395099,3.6853467e-06,0.00061311584
ISIC_0028137,1,2.3974165e-08,0.99999285,1.3585255e-09,7.164555e-10,7.1613317e-06,6.9955985e-10,2.1693252e-08
ISIC_0029784,1,4.841393e-07,0.9965114,4.4619983e-07,5.9752935e-08,0.0034551693,3.0805662e-05,1.5809325e-06
ISIC_0029633,1,1.982887e-06,0.0146940425,6.812915e-06,4.795688e-08,0.98526937,2.2378394e-05,5.3824688e-06
ISIC_0031174,1,1.6126228e-06,0.99990916,5.7964435e-08,2.6492156e-10,8.915709e-05,8.792614e-09,5.5159614e-08
ISIC_0027212,1,9.890219e-05,0.99036133,5.833051e-06,8.064174e-07,0.009015536,0.00028583632,0.00023177594
ISIC_0028694,1,4.0209703e-05,0.96401703,4.951116e-07,3.368647e-08,0.03593351,6.8080867e-06,1.9504735e-06
ISIC_0025635,1,4.525125e-05,0.99995077,2.5544873e-07,3.289735e-09,4.3486996e-09,2.280333e-07,3.4425286e-06
ISIC_0030536,1,2.5254985e-06,0.99060154,4.5449437e-06,6.049769e-05,0.009317784,8.752918e-06,4.4596177e-06
ISIC_0030902,1,1.8425615e-05,0.995824,5.058445e-08,1.6391877e-09,5.1818706e-08,2.9530239e-07,0.004157303
ISIC_0024493,1,2.0974844e-07,0.98717636,4.479795e-07,3.801443e-08,0.0128149735,6.0606103e-06,1.8592243e-06
ISIC_0026891,1,0.0004790381,0.9995111,1.07819496e-07,3.9301688e-07,9.375332e-06,4.8356636e-08,4.088528e-08
ISIC_0024863,1,1.8879493e-06,0.976606,8.3038293e-07,0.00016665753,0.023184625,5.38888e-06,3.4631066e-05
ISIC_0030797,1,1.15506666e-07,0.9999956,4.5009747e-09,2.5933153e-12,4.2131865e-06,7.622705e-11,4.8695117e-08
ISIC_0027164,1,2.2358161e-05,0.99997663,8.938833e-10,7.03894e-11,1.017043e-06,4.404004e-09,4.02959e-08
ISIC_0024879,1,9.40649e-05,0.99764603,0.00060712604,4.726194e-08,0.0016026628,1.8781134e-06,4.8193204e-05
ISIC_0025120,1,1.1045087e-05,0.9999702,5.0290276e-07,1.7664048e-10,1.3747707e-05,4.4225685e-06,4.1352763e-08
ISIC_0024884,1,5.5019223e-06,0.9958587,0.00024177184,1.6974601e-08,0.0038114104,6.225672e-06,7.638047e-05
ISIC_0027290,1,0.00037093894,0.9995277,2.3416318e-07,3.340595e-07,3.8012622e-08,9.8891585e-05,1.912044e-06
ISIC_0028967,1,0.009797417,0.9894734,8.1646256e-08,9.810092e-09,0.0007127802,4.515919e-06,1.1802109e-05
ISIC_0025444,1,3.4384948e-06,0.9968683,1.5775497e-07,8.26112e-07,0.003123501,3.0240726e-06,7.581849e-07
ISIC_0025274,1,2.929903e-05,0.99959356,2.7610096e-07,4.658763e-10,0.0003756524,2.0274724e-09,1.2507269e-06
ISIC_0030120,1,1.3467239e-05,0.9873166,0.0013976003,0.0002325893,0.01096394,4.8631427e-05,2.7183902e-05
ISIC_0026057,1,2.8879265e-05,0.97254723,0.002566062,2.1920147e-05,0.024829568,1.0280459e-07,6.204752e-06
ISIC_0031477,1,0.0018364643,0.99815995,8.920586e-10,8.908127e-09,2.0082705e-06,7.711327e-09,1.5488076e-06
ISIC_0030483,1,1.0385692e-06,0.9999709,1.4541913e-08,3.9251242e-09,2.8068485e-05,2.5882385e-10,1.984564e-08
ISIC_0024421,1,1.3844494e-06,0.9998776,6.408248e-05,1.0368982e-07,5.6098903e-05,4.462718e-07,2.2308663e-07
ISIC_0031995,1,3.3208078e-06,0.99999666,1.1209456e-11,4.0624252e-14,2.097642e-09,2.392498e-11,1.5119726e-10
ISIC_0030836,1,1.14386204e-07,0.5643032,1.3732267e-06,2.3453672e-09,0.43569478,3.4271102e-07,1.7143323e-07
ISIC_0030204,1,1.1359257e-06,0.8802023,3.510512e-08,3.4230222e-08,0.11979527,1.1713915e-06,8.839139e-08
ISIC_0028699,1,1.586804e-06,0.9998319,1.7805746e-08,1.4472237e-09,0.00016624412,3.8048643e-08,2.2036423e-07
ISIC_0032193,1,5.475972e-06,0.9999944,9.227721e-11,3.403358e-14,2.3596565e-09,6.11274e-08,4.2856083e-09
ISIC_0030282,1,5.228177e-05,0.99994767,2.560954e-10,2.6665987e-11,1.8153045e-08,3.6148046e-10,8.757386e-09
ISIC_0024985,1,7.0627425e-07,0.99997437,1.1575856e-08,2.4417778e-07,2.433467e-05,7.90384e-09,3.7565283e-07
ISIC_0025514,1,0.00060651446,0.99935323,2.0637867e-07,1.18652554e-08,3.641451e-05,9.188105e-07,2.647157e-06
ISIC_0024598,1,0.00013927218,0.99985445,9.171985e-07,4.1236277e-09,7.725295e-07,3.1776547e-06,1.3126414e-06
ISIC_0031102,1,1.5678628e-05,0.9987023,7.086459e-07,1.1812765e-08,0.0012768048,1.0488895e-07,4.3720224e-06
ISIC_0025536,1,2.051148e-08,0.999997,9.658272e-09,3.7635575e-10,2.0660098e-06,4.968976e-10,9.2124645e-07
ISIC_0025979,1,5.511026e-06,0.9999906,8.1098625e-07,5.3183925e-08,1.500334e-07,1.3063688e-07,2.8216396e-06
ISIC_0025375,1,5.024897e-05,0.9999399,2.9347236e-06,1.3370001e-09,1.1371136e-06,2.880925e-07,5.571129e-06
ISIC_0026079,1,4.8009138e-06,0.9999951,2.960589e-09,6.482155e-09,6.687197e-08,2.2572644e-09,7.272988e-09
ISIC_0030957,1,0.00033731648,0.99966264,1.04904485e-08,6.993762e-12,1.7400146e-09,2.656417e-08,7.642988e-08
ISIC_0027106,1,1.8280492e-07,0.99999964,2.0883788e-09,1.7663345e-11,3.88109e-09,1.012821e-10,2.159108e-07
ISIC_0029023,1,0.0010219441,0.9988446,3.2447282e-05,2.810443e-06,7.651749e-05,6.255549e-08,2.1441969e-05
ISIC_0031438,1,0.0019298457,0.9977266,7.862536e-06,4.4434576e-09,0.00032301902,1.1961812e-05,6.7836044e-07
ISIC_0028077,1,4.009134e-05,0.99995935,5.6634596e-11,3.195066e-14,5.3419825e-07,1.1113788e-08,5.8898033e-09
ISIC_0029972,1,7.627781e-09,0.99997365,5.2290705e-09,6.5876376e-12,1.2422134e-07,2.6126974e-05,9.533887e-08
ISIC_0030519,1,1.2112114e-05,0.9999206,1.0893596e-06,2.1494337e-07,6.533518e-05,1.8699178e-09,6.0463503e-07
ISIC_0028861,1,1.2711994e-05,0.9955884,1.17076546e-07,1.23054615e-08,0.004398715,1.4893445e-08,4.7565848e-08
ISIC_0028319,1,2.7268652e-07,0.9952767,3.5530852e-07,3.7165467e-08,0.004721229,7.794333e-09,1.4353772e-06
ISIC_0031469,1,0.00012818619,0.99987113,1.3798423e-07,2.8069458e-09,2.423066e-07,3.8473096e-09,3.0106062e-07
ISIC_0025328,1,3.1829262e-05,0.8969005,1.6019166e-06,1.347638e-07,0.102763824,3.5484022e-06,0.00029867186
ISIC_0024901,1,1.3602995e-07,0.99999976,9.395671e-12,2.0576805e-13,3.57659e-08,1.5754985e-09,2.9288147e-08
ISIC_0025544,1,9.718664e-10,0.99997485,6.12165e-12,1.0094315e-12,2.4462239e-05,1.4708264e-10,7.1204073e-07
ISIC_0028836,1,7.938332e-08,0.99696296,0.00025896195,1.4108784e-07,0.0027631419,2.2183585e-06,1.2496592e-05
ISIC_0032201,1,4.0203595e-06,0.9997042,1.1842469e-06,7.808772e-12,0.00015864728,0.00013105244,8.211969e-07
ISIC_0032066,1,1.4108491e-06,0.99972576,1.7363102e-07,4.6526637e-11,0.00020361558,6.695468e-05,2.0651025e-06
ISIC_0029628,1,2.1496074e-07,0.99999845,6.693928e-09,4.1755195e-09,8.4157435e-08,2.3686045e-08,1.2558744e-06
ISIC_0025952,1,8.43555e-06,0.9999907,6.34724e-07,2.8049332e-08,2.6793717e-08,1.3565031e-07,4.7817565e-08
ISIC_0027485,1,1.5730808e-06,0.99990547,6.2125156e-07,1.7454578e-08,9.0003974e-05,1.7171612e-07,2.1890464e-06
ISIC_0024944,1,4.951455e-05,0.99990106,6.276171e-07,1.3358037e-07,4.5324883e-05,3.2408905e-06,1.5017054e-07
ISIC_0027227,1,3.889594e-05,0.9999604,1.4324643e-08,1.15855014e-08,1.9756982e-08,4.0922055e-07,3.2820955e-07
ISIC_0024534,1,1.0767323e-05,0.99996734,1.1999552e-09,6.426877e-11,1.977117e-05,1.977663e-06,6.173066e-08
ISIC_0031313,1,1.7842272e-06,0.99881184,1.2717098e-06,7.389825e-08,0.0011723225,9.576798e-06,3.1004317e-06
ISIC_0030943,1,9.603838e-08,0.99999225,1.2362534e-08,6.893048e-11,6.863161e-06,4.4378208e-08,8.068388e-07
ISIC_0028985,1,5.3485576e-07,0.99999917,3.8670322e-10,5.883898e-12,1.1636938e-07,3.0171474e-08,1.7432801e-07
ISIC_0025024,1,1.1957877e-09,0.99999964,3.2234972e-08,5.8075895e-09,6.228986e-08,2.8774065e-07,4.744297e-08
ISIC_0030736,1,0.00020132147,0.99088097,2.4338487e-06,2.3478819e-08,0.008856004,3.0809995e-05,2.8480654e-05
ISIC_0026792,1,7.4273e-07,0.99807346,1.331418e-09,1.1084458e-11,0.0019255228,1.103448e-08,2.6727267e-07
ISIC_0028833,1,6.046567e-06,0.9998692,3.991318e-08,1.1831337e-10,0.00012465546,4.4316564e-09,6.069375e-08
ISIC_0030875,1,1.7657783e-08,0.9998337,3.197623e-09,1.7764663e-12,0.00016623283,8.16612e-12,1.174255e-09
ISIC_0024964,1,2.3037777e-05,0.99996376,5.841471e-07,8.465491e-11,1.2576364e-05,6.6843824e-09,9.25781e-08
ISIC_0031647,1,8.0809514e-08,0.9999999,2.9285777e-10,1.3990214e-12,3.6312855e-08,3.7576418e-11,1.07226e-08
ISIC_0029883,1,9.44491e-07,0.9999455,5.9337754e-07,1.7388487e-08,5.0661332e-05,1.2821174e-06,9.29864e-07
ISIC_0028349,1,1.8570002e-07,0.9999893,3.83222e-10,6.299485e-12,1.0514789e-05,5.8606187e-09,7.092323e-09
ISIC_0032133,1,6.604461e-05,0.99991906,1.9085395e-08,3.826386e-10,1.4637545e-05,4.132871e-09,2.0338835e-07
ISIC_0024492,1,7.129276e-06,0.9999918,1.0841931e-09,2.2204112e-08,1.8048624e-07,3.594409e-07,5.866612e-07
ISIC_0028939,1,2.3054603e-09,0.9999958,2.910561e-07,2.6625215e-09,2.96441e-06,1.974879e-08,9.4197827e-07
ISIC_0030734,1,4.7194364e-09,0.9999801,4.251499e-09,2.0737341e-10,1.7698294e-05,2.1380583e-06,3.1544857e-08
ISIC_0032484,1,3.9417265e-09,0.9999994,5.755495e-09,2.3215769e-07,3.0138884e-07,8.190086e-10,3.5248393e-09
ISIC_0026980,1,1.4406277e-05,0.99991286,6.9091715e-09,9.253344e-09,7.266304e-05,7.3677725e-10,1.0234341e-07
ISIC_0027868,1,3.2034425e-06,0.96705204,0.000764176,0.0002964,0.00038693144,0.00060687115,0.030890401
ISIC_0031364,1,0.00016528071,0.99970764,2.6946783e-08,3.4353948e-12,0.00012696645,3.6988418e-10,5.269206e-08
ISIC_0027758,1,2.3100641e-07,0.9995952,9.8043875e-09,2.3342569e-08,0.00040416152,1.6167384e-08,4.3837477e-07
ISIC_0027575,1,7.70685e-08,0.9962071,8.5478895e-08,3.9322817e-08,0.0023933162,3.313627e-07,0.0013990798
ISIC_0031398,1,8.7636614e-08,0.99999976,9.30687e-11,1.1698293e-12,1.7023272e-10,1.9166417e-09,1.5987439e-07
ISIC_0029984,1,0.0057108556,0.9942551,2.3189068e-07,5.083684e-08,3.3340457e-05,2.730746e-07,2.3549165e-07
ISIC_0032039,1,3.1188367e-05,0.9999685,1.3522262e-09,5.4218496e-10,9.5565404e-08,1.18060086e-07,3.7018857e-08
ISIC_0030911,1,0.013382638,0.9865377,5.6802593e-05,7.9590365e-08,1.3311768e-05,3.4903216e-08,9.438233e-06
ISIC_0027621,1,0.00088203733,0.029895036,0.000449628,1.0787181e-07,0.96863616,6.0954466e-05,7.600686e-05
ISIC_0028375,1,1.4581252e-05,0.9999844,3.054846e-08,3.9350925e-10,5.174968e-07,9.545215e-08,3.1240597e-07
ISIC_0025150,1,9.8709825e-05,0.9998642,3.1385835e-06,7.3518223e-09,3.3159868e-05,4.2170743e-08,7.5191787e-07
ISIC_0031173,1,5.8756227e-06,0.9997638,1.2652221e-06,7.758655e-08,0.00022617425,1.1767534e-07,2.6243654e-06
ISIC_0026415,1,1.3401426e-07,0.9998995,1.6477598e-08,1.2996652e-11,0.000100317266,5.6485234e-08,2.938475e-08
ISIC_0025738,1,0.00011848506,0.99973696,5.3476215e-06,1.0193478e-08,2.9379469e-06,0.00012454059,1.168058e-05
ISIC_0026470,1,1.9485717e-05,0.9999602,7.715991e-08,1.3804436e-08,2.3420955e-07,4.1268578e-07,1.9675834e-05
ISIC_0025090,1,0.0036666158,0.99631375,4.143114e-07,1.9618446e-07,1.4537214e-06,1.1052408e-05,6.4610367e-06
ISIC_0029708,1,4.181148e-06,0.9996904,1.6042017e-07,4.9938076e-09,0.0003036914,1.2891991e-07,1.4866857e-06
ISIC_0027111,1,9.991979e-06,0.99990964,3.905243e-06,4.5460246e-07,5.8955746e-05,7.344161e-07,1.6272297e-05
ISIC_0030092,1,6.972325e-05,0.99984705,2.6974554e-08,1.3221682e-09,7.39907e-05,8.546775e-06,6.226851e-07
ISIC_0031544,1,1.1389401e-06,0.99999714,1.2832227e-07,2.497233e-07,1.3426998e-06,2.174372e-08,4.2834245e-08
ISIC_0026740,1,4.3389358e-07,0.9999975,1.0091026e-07,5.5682275e-11,1.5680669e-06,1.5952085e-07,2.3077914e-07
ISIC_0032336,1,8.9081936e-05,0.99987745,5.6405213e-07,1.0961215e-06,2.768393e-06,3.6771908e-06,2.5293833e-05
ISIC_0030477,1,3.5922497e-08,0.9999989,1.1488946e-08,5.620555e-10,8.708721e-07,1.7027332e-08,1.653901e-07
ISIC_0026302,1,3.7104977e-09,1.0,3.3840622e-10,3.375678e-12,8.516205e-09,1.6285332e-09,4.0595136e-09
ISIC_0028817,1,7.75494e-10,0.9993623,1.2319455e-07,1.4233834e-10,0.00063683547,7.728093e-07,7.922091e-08
ISIC_0027215,1,4.4544853e-07,0.9999995,5.0035184e-11,5.3220414e-12,3.3811103e-11,1.9410234e-11,4.1736694e-09
ISIC_0032467,1,6.3545182e-09,1.0,2.530238e-09,1.882574e-13,2.5675946e-09,9.710579e-12,6.670662e-10
ISIC_0028058,1,4.86049e-07,0.99998987,2.6062366e-07,1.75513e-08,7.051286e-06,3.5229237e-07,2.0091122e-06
ISIC_0031774,1,3.8711873e-06,0.9999925,9.116924e-08,4.494589e-08,9.943473e-07,2.4077106e-06,2.0282643e-07
ISIC_0032091,1,4.378939e-07,0.9999995,1.2552895e-09,1.507505e-10,5.3765874e-08,3.8987867e-12,1.3982687e-08
ISIC_0028177,1,5.4954097e-07,0.999982,3.756065e-06,2.3727561e-07,9.5366395e-06,8.054505e-07,3.035017e-06
ISIC_0030974,1,7.549873e-07,0.9999727,4.9016865e-07,5.367615e-10,2.4266126e-05,1.36219e-06,4.4868193e-07
ISIC_0027765,1,4.837508e-07,0.99999213,1.0837913e-07,1.6900503e-09,6.6300768e-06,3.804921e-09,6.6951566e-07
ISIC_0027871,1,2.6112045e-07,0.9999993,2.0280129e-09,2.6286566e-13,1.3057006e-08,9.9852436e-08,3.508145e-07
ISIC_0030337,1,7.4449287e-07,0.9753724,0.019898059,0.004352826,0.00024218683,4.583518e-05,8.8071836e-05
ISIC_0026718,1,1.8136858e-05,0.9996263,1.660281e-07,7.0880894e-08,7.396147e-08,0.00033368415,2.1599782e-05
ISIC_0025474,1,2.5778692e-07,0.9999995,1.673448e-08,5.169306e-10,5.4956e-09,4.9297206e-09,1.415224e-07
ISIC_0030481,1,1.2849866e-08,0.9997739,3.7231622e-09,2.658582e-09,0.00022536397,7.0396955e-09,7.064189e-07
ISIC_0025756,1,6.377317e-06,0.9999931,3.2603722e-08,5.6425877e-09,1.281701e-07,2.3012525e-10,3.84557e-07
ISIC_0024641,1,3.7032754e-05,0.9999628,1.5316864e-08,6.392004e-12,1.4917364e-07,5.542155e-09,5.045538e-08
ISIC_0026854,1,1.2806163e-08,0.9999987,8.175366e-09,4.7494535e-08,1.2314018e-06,3.7405412e-10,4.83197e-09
ISIC_0026529,1,3.495232e-05,0.9999633,2.2874325e-08,1.1459401e-09,1.0516014e-06,6.428161e-08,5.705246e-07
ISIC_0026364,1,3.1073014e-05,0.9999567,7.957403e-08,1.9915852e-08,8.176666e-06,6.117804e-08,3.8706207e-06
ISIC_0030407,1,0.00021440155,0.99978405,1.9835197e-08,7.482031e-11,2.5844377e-08,3.9644524e-07,1.1341587e-06
ISIC_0025822,1,0.26303205,0.7369666,7.034802e-08,1.7901352e-09,1.2401165e-06,2.7062619e-08,7.592473e-09
ISIC_0029689,1,1.0133576e-08,1.0,1.6113862e-11,2.6195357e-12,4.1198052e-11,2.4698075e-08,1.4629099e-09
ISIC_0028798,1,4.3049604e-05,0.99993443,2.0606393e-07,4.817399e-08,9.979933e-06,1.1693142e-05,5.934593e-07
ISIC_0030748,1,5.4684056e-06,0.9999945,5.906806e-13,8.1242684e-13,4.0573916e-10,2.2920699e-10,1.6280832e-09
ISIC_0028912,1,1.1143032e-05,0.99743915,1.3773061e-06,9.7111844e-08,0.002546591,5.39124e-08,1.6447718e-06
ISIC_0032411,1,2.6596983e-06,0.9999968,2.1598998e-08,4.4481542e-08,4.8692084e-07,2.0350902e-10,8.241655e-09
ISIC_0029999,1,2.1392788e-07,0.9985039,1.7459237e-07,8.7102947e-10,0.001488862,5.0253067e-08,6.794061e-06
ISIC_0030971,1,1.046801e-05,0.94182104,2.286631e-05,0.00022223838,0.057723224,5.2426876e-05,0.00014777326
ISIC_0029330,1,2.1431636e-09,0.9999757,7.9122754e-07,2.1646195e-10,7.1341055e-06,1.6436415e-08,1.6389653e-05
ISIC_0026173,1,8.948924e-06,0.9999908,4.729722e-10,6.24023e-11,9.6483845e-08,1.39532075e-08,1.3299008e-07
ISIC_0026227,1,1.2334473e-08,0.99999917,1.8116097e-07,1.2745414e-09,6.372966e-08,6.649956e-08,3.999536e-07
ISIC_0026696,1,1.5673763e-07,0.99991035,1.6668174e-07,4.506308e-07,8.547744e-05,1.1947129e-06,2.1914657e-06
ISIC_0026715,1,9.07699e-06,0.99959856,1.4949869e-08,1.1419799e-08,0.00038745813,3.07804e-08,4.8743277e-06
ISIC_0026533,1,2.4874693e-05,0.99997437,1.9459047e-07,7.395682e-10,3.2466406e-08,2.4868856e-07,2.9882415e-07
ISIC_0032507,1,4.8174345e-05,0.9999517,6.257104e-10,5.160431e-13,2.429269e-10,8.1377044e-10,1.4290399e-07
ISIC_0026355,1,4.04305e-06,0.99999535,3.6039018e-09,4.8065607e-11,2.0433984e-07,1.9928312e-09,3.897167e-07
ISIC_0031097,1,4.7303652e-07,0.9999994,1.3204465e-09,8.172678e-12,2.1396458e-08,3.4850232e-09,4.7074387e-08
ISIC_0026145,1,1.0784997e-05,0.99998903,1.3232371e-08,2.1607462e-10,9.447302e-09,3.8426364e-09,1.6752085e-07
ISIC_0032454,1,0.0023454034,0.99761486,9.71636e-08,3.1637964e-07,5.0797763e-07,3.8143717e-05,5.886235e-07
ISIC_0025493,1,1.4389097e-07,0.999969,2.7508142e-05,1.3807e-09,1.6260942e-07,1.0968147e-08,3.2133403e-06
ISIC_0028745,1,1.2454611e-08,0.9999988,5.653183e-07,2.4797643e-08,6.510287e-07,4.405452e-10,1.01587405e-08
ISIC_0025481,1,1.584106e-09,0.99990165,8.876581e-09,4.8795847e-09,9.825902e-05,2.3171905e-08,2.2668829e-08
ISIC_0026591,1,4.959177e-08,0.99982446,4.674143e-05,4.6507673e-09,0.00012729688,2.4567868e-09,1.4982468e-06
ISIC_0026308,1,4.9241784e-09,1.0,3.8086878e-10,1.2592688e-12,6.3140176e-10,2.4062341e-08,6.6213675e-09
ISIC_0032143,1,8.108712e-08,0.9999981,1.2837717e-06,4.8508262e-08,1.6941335e-07,3.0712698e-08,3.2230417e-07
ISIC_0029536,1,7.3310176e-09,0.9999658,3.255722e-08,7.8403767e-10,3.3977565e-05,7.710083e-10,2.0527249e-07
ISIC_0026233,1,6.5325345e-05,0.99993026,9.728459e-08,5.123592e-09,1.3868315e-07,2.757561e-10,4.1487e-06
ISIC_0028027,1,2.570124e-05,0.9777991,0.00087077956,3.261217e-08,0.01857857,2.1775259e-07,0.002725646
ISIC_0028397,1,1.51415525e-05,0.9992379,4.9043803e-05,5.72519e-07,0.0006772565,4.502992e-06,1.558861e-05
ISIC_0028088,1,4.800262e-09,0.99999523,5.173419e-09,1.8440537e-11,3.6628846e-06,5.08787e-10,1.036747e-06
ISIC_0025944,1,1.4526854e-05,0.9999852,2.1057808e-08,1.1238256e-10,2.3376408e-08,3.0117682e-09,1.6221664e-07
ISIC_0026093,1,5.0355354e-08,0.9999963,4.351472e-08,1.1495332e-09,3.4137547e-06,3.7697443e-08,2.2560859e-07
ISIC_0026478,1,1.3769635e-06,0.9999918,1.09494025e-07,4.7371773e-07,4.00068e-06,5.821313e-07,1.6459298e-06
ISIC_0024656,1,1.8674496e-06,0.99984944,5.7873482e-08,1.4489587e-09,0.0001482895,1.5744035e-08,2.7847042e-07
ISIC_0029688,1,2.0691418e-08,0.9999976,3.7830222e-07,1.2709527e-11,1.9043697e-06,3.2371653e-10,7.8805e-08
ISIC_0031320,1,3.0495796e-06,0.99995744,9.849576e-07,4.101995e-08,3.835698e-05,2.1153273e-08,2.1825488e-07
ISIC_0032080,1,7.8543974e-07,0.99999905,8.447312e-09,8.761218e-11,9.521371e-08,4.301089e-09,2.6991627e-08
ISIC_0028908,1,1.4684846e-07,0.999982,1.4624345e-07,3.8912567e-06,1.3116983e-05,1.372912e-07,5.5630994e-07
ISIC_0025437,1,3.3113392e-06,0.9999757,6.148524e-08,5.651771e-10,1.9726003e-05,9.072779e-08,1.0853213e-06
ISIC_0027206,1,2.2878183e-05,0.9999739,1.4426561e-08,7.2983886e-09,2.0670282e-06,4.968345e-08,1.1238216e-06
ISIC_0032361,1,1.1833916e-05,0.9999844,3.299246e-09,3.0287467e-10,3.051688e-07,1.438741e-07,3.412786e-06
ISIC_0030775,1,1.1570868e-05,0.99993765,9.744359e-07,1.9673888e-07,1.7766608e-05,2.0844116e-05,1.089092e-05
ISIC_0031675,1,5.4676946e-08,0.99999905,1.1507112e-07,5.447609e-10,5.482527e-07,1.4143511e-08,2.5565384e-07
ISIC_0030866,1,2.7314429e-05,0.9999707,4.8499293e-10,2.1151997e-10,1.7305892e-06,3.887609e-09,2.7247563e-07
ISIC_0031998,1,1.4963746e-08,0.99999976,3.5624248e-10,1.689404e-11,2.7285307e-07,3.5745758e-13,6.556906e-09
ISIC_0025919,1,3.931064e-05,0.9999484,3.6059756e-08,2.1929891e-10,2.1989264e-08,1.2153155e-05,4.237523e-08
ISIC_0026240,1,0.00010030073,0.9998996,2.3553188e-09,2.7660696e-09,5.7134287e-08,4.8197104e-09,4.8531337e-08
ISIC_0029980,1,4.390827e-07,0.9999784,1.0076923e-08,1.4199236e-10,2.0602172e-05,5.3022555e-11,4.8489704e-07
ISIC_0029711,1,5.1061303e-08,0.9999908,1.4271714e-07,6.0133907e-09,8.86719e-06,6.68254e-08,4.4017927e-08
ISIC_0025449,1,2.8609347e-05,0.9999672,1.2994379e-06,2.2540214e-06,3.0273304e-07,5.2867183e-10,3.4149622e-07
ISIC_0026649,1,6.0102366e-07,0.9999734,7.879272e-08,2.4363914e-08,8.123428e-06,6.020382e-06,1.1679978e-05
ISIC_0026235,1,3.5649067e-10,1.0,6.2853966e-10,1.4728181e-09,1.6928196e-08,6.4581923e-10,1.4989173e-08
ISIC_0027638,1,2.8764598e-08,0.9999542,4.0512026e-07,9.93415e-08,4.2169293e-05,2.4687114e-07,2.790107e-06
ISIC_0025720,1,3.8369713e-10,1.0,5.8699807e-12,2.2798415e-12,2.1173406e-10,2.0522635e-10,3.9436635e-08
ISIC_0025438,1,9.3014657e-10,0.9999486,9.180979e-09,4.9949835e-09,5.1292656e-05,1.8202158e-08,1.7648262e-08
ISIC_0026474,1,4.0752897e-05,0.9994574,2.8759548e-06,6.5548406e-08,0.0004246521,1.4286163e-06,7.279962e-05
ISIC_0028182,1,1.2318726e-06,0.999949,3.4616613e-07,1.800149e-07,4.7823392e-05,1.0782122e-08,1.4376733e-06
ISIC_0025580,1,7.02621e-07,0.9999993,2.511062e-10,5.9994327e-12,7.5280155e-09,2.215606e-11,3.1233762e-09
ISIC_0026945,1,0.0011083691,0.99887735,1.7122886e-07,6.7896317e-06,1.1986715e-07,6.9866566e-08,7.0480583e-06
ISIC_0032183,1,2.7740332e-06,0.9999968,1.6538745e-08,5.208437e-09,9.88524e-08,2.3272057e-07,7.0729676e-08
ISIC_0029322,1,1.8711481e-06,0.99983954,5.336613e-07,5.7655758e-08,0.00015726173,1.3177448e-09,8.054948e-07
ISIC_0029449,1,4.139786e-07,0.9999981,5.3665055e-09,3.5711967e-09,6.596906e-07,5.4578017e-08,7.747759e-07
ISIC_0026906,1,2.2031678e-08,0.99999857,5.502234e-09,1.2202966e-10,4.2319022e-07,1.258022e-07,8.703487e-07
ISIC_0026252,1,1.4770775e-07,0.9990344,5.638531e-06,0.00013245775,0.0008130031,8.5234535e-07,1.3533101e-05
ISIC_0025997,1,5.885577e-07,0.9999988,5.70693e-07,9.023479e-11,4.8943146e-08,2.9438594e-09,4.4948383e-09
ISIC_0028422,1,3.0091645e-09,0.99999964,2.7109098e-10,1.4298179e-08,3.0383734e-07,3.1038272e-09,7.555579e-09
ISIC_0028695,1,1.8549343e-07,0.99987185,2.2806118e-05,2.261537e-07,0.00010439366,2.269978e-08,5.387507e-07
ISIC_0030614,1,5.79046e-11,0.9999994,5.0592113e-09,1.04930314e-10,5.9112824e-07,9.007222e-10,2.8647765e-10
ISIC_0031116,1,9.65541e-06,0.99998915,4.9590483e-08,2.2280149e-09,9.4415844e-07,1.1971834e-09,2.0092365e-07
ISIC_0030357,1,3.423499e-08,1.0,4.2259043e-10,6.6577026e-12,3.0945242e-09,9.324085e-12,1.080791e-09
ISIC_0026678,1,1.982531e-06,0.9999893,1.024848e-06,3.513224e-06,3.082552e-06,2.6532154e-10,1.156419e-06
ISIC_0026527,1,7.2894037e-09,0.99999905,3.8917827e-10,4.4357174e-12,8.752751e-07,1.5530155e-10,6.003954e-08
ISIC_0032004,1,7.5846506e-06,0.9998864,4.1134103e-05,2.3634264e-05,2.6701588e-05,1.280599e-05,1.7696358e-06
ISIC_0027225,1,7.010711e-05,0.9981646,1.4063721e-06,7.981321e-08,0.0017583836,6.031697e-09,5.4372686e-06
ISIC_0030154,1,2.2084467e-07,0.99999845,1.314965e-07,5.397197e-10,1.077397e-06,7.0154405e-10,1.18933215e-07
ISIC_0028284,1,5.5743295e-11,0.9999999,1.3837771e-09,1.1840796e-12,3.1402728e-08,1.7652446e-10,2.7617775e-08
ISIC_0027304,1,7.106175e-06,0.9999925,4.6220393e-08,1.1006616e-07,8.309354e-08,5.76073e-08,9.7602154e-08
ISIC_0029168,1,0.0025152771,0.9974847,8.121599e-12,1.5408809e-13,1.7377151e-12,4.2365378e-10,4.2754295e-10
ISIC_0025685,1,5.5529245e-08,0.9990163,1.3202769e-06,3.5372963e-08,0.0009821623,1.7861161e-08,2.0494736e-07
ISIC_0026537,1,1.6975023e-06,0.572897,2.685352e-05,6.0864722e-06,0.427056,1.7305855e-07,1.210151e-05
ISIC_0031343,1,3.4366636e-05,0.99572045,3.488425e-06,4.0279144e-07,0.004239741,1.1095949e-08,1.6756957e-06
ISIC_0027962,1,4.326891e-06,0.9999943,2.851773e-08,1.2863059e-10,1.3167773e-06,5.968095e-09,2.570031e-08
ISIC_0029307,1,2.001767e-08,0.99999976,2.2451525e-10,4.582594e-13,3.7292117e-10,2.6039754e-10,1.6047012e-07
ISIC_0027325,1,6.3562944e-10,0.9999957,5.178499e-08,1.5677081e-08,4.255771e-06,2.8065793e-08,2.3481089e-08
ISIC_0025147,1,2.806529e-05,0.9999447,9.980595e-10,3.5893784e-11,2.5969246e-05,9.127331e-11,1.2579764e-06
ISIC_0029423,1,0.00028651694,0.9996463,3.398121e-06,2.6495057e-09,2.7973743e-05,1.017059e-06,3.4703135e-05
ISIC_0024456,1,4.219046e-07,0.9993129,1.1429478e-06,1.8299566e-09,0.00066742155,1.997201e-06,1.6057385e-05
ISIC_0025890,1,1.7477071e-09,0.99999976,6.558141e-10,8.328515e-09,1.8378402e-07,5.4357154e-11,8.574194e-09
ISIC_0024488,1,4.4026972e-08,0.99999034,1.493472e-06,1.6523757e-08,8.048803e-06,8.114247e-09,1.0096788e-07
ISIC_0031120,1,1.1697409e-07,0.9999999,4.6267723e-09,1.026177e-12,5.4108233e-09,1.0140288e-11,1.0520953e-10
ISIC_0026683,1,4.9028593e-08,0.9999999,6.18106e-10,1.4414901e-10,5.1829154e-09,7.7855505e-10,9.514009e-08
ISIC_0030613,1,4.8625157e-08,0.99999225,2.7492478e-08,8.0844845e-11,7.5884277e-06,1.6012036e-09,3.3530583e-08
ISIC_0026896,1,2.078199e-07,0.99995685,1.6402407e-08,7.692978e-09,8.4400557e-07,4.1106647e-05,9.3332517e-07
ISIC_0027378,1,2.8761514e-07,0.99999726,2.7752117e-10,5.6981997e-10,7.845505e-07,1.105537e-08,1.6291106e-06
ISIC_0029517,1,1.8884089e-07,0.9999759,4.589781e-09,6.212715e-11,2.3872683e-05,5.5416787e-09,3.3732013e-09
ISIC_0025290,1,1.2550591e-05,0.9999819,2.1753994e-09,9.998128e-11,3.6320446e-06,1.364081e-06,5.873255e-07
ISIC_0031635,1,1.6929345e-05,0.999969,6.517666e-07,1.8948343e-07,4.13293e-06,1.5519416e-06,7.4497243e-06
ISIC_0030042,1,0.00062684296,0.99937314,1.6874352e-10,4.0014155e-12,9.135394e-12,4.6772325e-10,7.496001e-09
ISIC_0026747,1,3.139498e-08,0.9988973,8.62162e-08,1.2587871e-09,0.0011021311,2.5526614e-08,4.046809e-07
ISIC_0029006,1,5.7342615e-09,0.99999976,9.704643e-10,3.8753045e-10,1.5717983e-08,1.1512115e-09,2.2488332e-07
ISIC_0029806,1,1.5727714e-10,0.99999964,3.247896e-10,2.4047832e-12,3.3054062e-07,1.6398534e-09,1.7636944e-08
ISIC_0030863,1,5.9756875e-09,0.99999917,3.70468e-10,2.2827831e-10,8.601105e-08,5.4961697e-07,1.805058e-07
ISIC_0027682,1,3.627283e-05,0.999959,3.3514443e-08,2.4571725e-10,1.1062344e-09,4.2457314e-06,3.7993485e-07
ISIC_0029171,1,1.7128365e-07,0.999889,6.9553935e-06,1.7708999e-06,6.312797e-05,3.78677e-05,1.0137265e-06
ISIC_0029485,1,0.00018691046,0.999813,5.2251543e-11,1.1623392e-11,1.3020582e-08,5.89184e-09,3.4861966e-08
ISIC_0032479,1,4.4599165e-06,0.9999683,8.8749294e-07,3.2564877e-08,2.582257e-05,1.1239133e-07,4.6638473e-07
ISIC_0031525,1,6.153623e-08,0.9999865,3.6976057e-06,9.908011e-09,9.42422e-06,3.026273e-08,2.5589654e-07
ISIC_0028667,1,1.2130231e-06,0.99999774,2.0238144e-08,3.391573e-08,7.88049e-07,1.5140605e-10,2.9633765e-07
ISIC_0026191,1,1.383213e-07,0.9994759,2.0171142e-06,2.8593432e-09,0.00050673826,1.500257e-05,2.716433e-07
ISIC_0025704,1,1.15029125e-05,0.99996686,3.1581828e-06,3.9298618e-07,1.9601414e-06,6.3042244e-06,9.893206e-06
ISIC_0031764,1,9.642595e-07,0.9999651,6.6324424e-07,2.0338238e-09,3.2671487e-05,2.6128812e-09,6.292995e-07
ISIC_0026065,1,4.686219e-07,0.9998566,4.0973533e-05,3.040946e-08,9.8623066e-05,1.7121579e-06,1.7027428e-06
ISIC_0026007,1,1.2518823e-05,0.99998415,1.316224e-06,1.0040749e-10,1.4695211e-06,4.398117e-10,5.260171e-07
ISIC_0026259,1,2.769298e-07,0.9998072,6.557719e-09,4.377447e-10,0.00019245245,4.457295e-09,6.5382764e-08
ISIC_0031128,1,1.6726586e-05,0.9999707,3.165475e-07,1.059065e-06,1.1131242e-05,2.7110238e-09,5.4106888e-08
ISIC_0029968,1,3.5333471e-06,0.99958104,5.3747982e-08,1.9329502e-10,0.0004130637,9.111951e-09,2.3512464e-06
ISIC_0030529,1,6.813698e-09,0.9999695,7.626225e-08,8.711251e-08,1.48990375e-05,1.229299e-05,3.19491e-06
ISIC_0030984,1,1.1302429e-07,0.99999964,6.025005e-09,1.2970711e-11,1.5268775e-08,1.9699252e-07,3.7402348e-08
ISIC_0026695,1,2.6659328e-07,0.99999917,2.6915479e-09,3.2917396e-07,2.2642293e-07,4.7031987e-09,1.5117125e-08
ISIC_0029903,1,1.3326936e-05,0.9999857,1.656201e-07,3.5336023e-09,7.642305e-07,4.322317e-08,5.450639e-08
ISIC_0024455,1,1.1914918e-08,0.99999356,7.872101e-08,6.581897e-10,3.8006775e-08,2.1893238e-09,6.3272028e-06
ISIC_0025259,1,1.5416053e-05,0.9999845,2.2619426e-09,4.6977973e-12,3.898957e-09,1.8740239e-11,2.9057619e-08
ISIC_0026975,1,3.2054734e-07,0.997607,0.0016569694,5.0571124e-08,0.00036927706,0.0003355987,3.08772e-05
ISIC_0031391,1,5.7580127e-07,0.9999865,1.866151e-08,1.5151972e-09,1.2707327e-05,1.8570754e-08,1.7691353e-07
ISIC_0027228,1,1.3671595e-06,0.9999931,1.226304e-08,7.0109175e-11,2.628251e-06,1.7311844e-08,2.921155e-06
ISIC_0027885,1,8.713747e-10,0.9999995,2.0618492e-12,2.8013086e-10,5.2987485e-07,9.422673e-13,2.281623e-09
ISIC_0026469,1,3.1514887e-08,0.99999845,1.5003292e-10,6.325714e-13,1.5448256e-06,4.6988307e-12,8.884435e-09
ISIC_0029758,1,5.3831815e-07,0.999985,8.321985e-07,6.669191e-07,2.0029434e-07,2.1903e-08,1.2701237e-05
ISIC_0029103,1,2.163086e-05,0.999974,6.9087446e-07,2.091989e-09,1.9456758e-07,2.031273e-06,1.4552642e-06
ISIC_0026143,1,6.76166e-09,0.99998,1.9029352e-05,4.5281204e-10,1.7032411e-07,2.2483542e-08,7.99363e-07
ISIC_0027660,1,1.2427513e-07,0.99999857,7.308048e-11,3.8584265e-09,1.4267457e-07,3.1673994e-07,8.5111515e-07
ISIC_0024589,1,3.3009073e-07,0.9999995,1.4131491e-08,9.955949e-10,4.819769e-09,5.9952605e-08,2.1493644e-08
ISIC_0027013,1,0.0007603669,0.9992391,1.579526e-07,2.415495e-08,1.9763422e-07,1.4952796e-07,1.1771615e-07
ISIC_0029383,1,0.00026662927,0.9996797,3.3043882e-06,1.1642733e-05,2.643674e-08,3.653366e-05,2.0981906e-06
ISIC_0032121,1,2.0436686e-09,0.9999913,2.469023e-08,2.1284339e-09,8.069777e-06,5.4911227e-09,6.1200905e-07
ISIC_0024388,1,2.0358594e-07,0.9999746,2.9484775e-07,5.9150665e-07,2.2816927e-05,6.4581496e-07,8.8430755e-07
ISIC_0026499,1,0.00201979,0.9979101,5.9358867e-06,4.8992885e-09,6.3040476e-05,5.3085193e-07,6.9989846e-07
ISIC_0024866,1,0.0029688152,0.9970305,8.194221e-08,1.569719e-08,1.2619158e-08,3.4325157e-07,2.0046485e-07
ISIC_0029858,1,1.8735782e-05,0.9999802,8.2947e-08,8.964925e-09,2.6031788e-07,5.8917294e-07,8.5532704e-08
ISIC_0029925,1,8.3719016e-07,0.99999905,4.7406195e-09,1.6964322e-11,2.6877616e-09,1.5628477e-07,2.2789743e-08
ISIC_0032137,1,1.11784196e-07,0.99999917,9.765029e-08,5.1852106e-07,6.4859435e-08,2.5127305e-09,8.621948e-08
ISIC_0028875,1,5.412625e-07,0.9999771,7.441356e-06,1.4990044e-06,1.2001652e-05,1.1703302e-07,1.2484439e-06
ISIC_0025998,1,4.1826874e-07,0.99999785,4.9723488e-09,2.8436764e-10,1.6147975e-06,5.780501e-10,1.2075631e-07
ISIC_0027943,1,4.3001407e-08,0.9999974,1.3044827e-09,3.299091e-07,2.9993592e-07,3.068766e-07,1.6224886e-06
ISIC_0028778,1,7.015825e-05,0.9998838,8.7542205e-09,3.2273482e-09,2.4196264e-05,8.680634e-08,2.1767179e-05
ISIC_0029399,1,3.5181522e-06,0.99991,2.6414844e-07,4.0425927e-08,6.38715e-05,2.065502e-05,1.6912505e-06
ISIC_0029663,1,7.0417707e-07,0.9999981,9.129674e-07,2.9861866e-09,1.9280418e-07,4.689406e-10,4.3641638e-08
ISIC_0032377,1,1.6520168e-07,0.99999774,2.626598e-09,7.336536e-10,1.0891432e-08,2.0162513e-06,7.457352e-08
ISIC_0030163,1,5.9654415e-09,0.99999976,1.2176946e-09,5.7331434e-10,1.1928613e-08,3.9414402e-10,1.7855105e-07
ISIC_0025408,1,5.6122904e-08,0.99998546,1.9251611e-10,6.3090144e-10,1.44415335e-05,4.1058216e-11,9.027297e-08
ISIC_0027081,1,0.00015812919,0.9998416,9.863794e-09,1.8487729e-09,9.556001e-08,2.1284086e-08,1.1028005e-07
ISIC_0031884,1,2.6518046e-07,0.9999956,1.9646716e-07,1.0378755e-07,2.7356182e-06,6.414745e-09,1.1128711e-06
ISIC_0026860,1,1.342927e-06,0.99999857,3.5484984e-10,6.738087e-12,7.665148e-09,5.1800668e-11,2.6457084e-08
ISIC_0026507,1,1.8062112e-09,0.99999607,1.5356683e-09,1.6034545e-11,3.9478814e-06,7.3607405e-11,8.846453e-09
ISIC_0026486,1,1.9186926e-05,0.9993231,5.6117115e-05,2.7591202e-07,0.00053245306,6.628995e-05,2.6912512e-06
ISIC_0027092,1,3.704952e-06,0.9999887,1.901876e-09,1.2405811e-08,2.9972389e-06,2.7324938e-06,1.879447e-06
ISIC_0032053,1,0.00020090328,0.9997938,4.1247114e-07,1.144595e-09,2.585893e-06,6.0152234e-07,1.6371778e-06
ISIC_0030379,1,1.0608497e-06,0.999998,3.2804362e-08,1.3460419e-08,2.7223422e-07,2.6137911e-08,6.2312597e-07
ISIC_0032216,1,3.9418924e-06,0.99999607,1.3832848e-11,6.836794e-12,2.4319928e-09,3.2200975e-13,7.86974e-10
ISIC_0030213,1,1.759256e-07,0.9999989,1.6449574e-10,1.026528e-09,4.2456924e-07,1.2101479e-09,4.2958703e-07
ISIC_0031729,1,9.818391e-06,0.9999871,2.2300897e-07,6.7936484e-10,1.6026034e-06,1.0591107e-06,2.009951e-07
ISIC_0025923,1,1.0275197e-05,0.99998593,9.401046e-08,9.000996e-08,3.0455405e-09,5.873362e-07,3.0168285e-06
ISIC_0028140,1,5.768314e-06,0.99999297,5.0131206e-09,1.13213015e-10,2.36731e-07,8.9905376e-07,1.4827753e-08
ISIC_0027193,1,7.086024e-10,0.99999964,7.7544704e-10,6.166069e-10,2.8452672e-07,1.4918431e-08,1.2925093e-08
ISIC_0026257,1,4.465954e-09,0.9999721,1.7694795e-07,3.5086555e-07,2.713061e-05,6.5168685e-08,8.466494e-08
ISIC_0031370,1,1.1948289e-07,0.9999746,1.978177e-08,8.5700164e-10,2.5275407e-05,6.169353e-09,9.496431e-09
ISIC_0031914,1,4.5368735e-05,0.9999049,1.3588998e-07,1.6285041e-07,4.9072005e-05,1.8480508e-09,4.3309274e-07
ISIC_0028855,1,6.2974365e-10,0.999995,5.914682e-08,5.903051e-08,4.012511e-06,1.7700389e-08,8.9358485e-07
ISIC_0029710,1,3.4250425e-05,0.9999639,6.8620594e-09,8.005898e-09,8.0957285e-09,1.6083153e-08,1.8422587e-06
ISIC_0030330,1,8.808499e-09,0.99999,3.2745465e-08,8.132073e-10,1.4785883e-08,9.55846e-06,4.5668008e-07
ISIC_0029852,1,3.9571168e-07,0.9999995,1.3579219e-11,1.0112663e-11,6.9931407e-09,3.2078975e-09,7.417914e-08
ISIC_0026750,1,9.8378514e-08,0.9999999,3.1189447e-08,1.966515e-09,1.33370355e-08,2.0942489e-11,5.9874536e-09
ISIC_0032403,1,8.599238e-06,0.9995189,3.942977e-08,1.0107279e-08,0.00047221014,1.6445773e-08,2.6371268e-07
ISIC_0029949,1,4.546144e-08,0.9999993,2.2579124e-08,2.1563888e-09,6.20081e-07,2.2017652e-09,3.3353427e-08
ISIC_0025920,1,4.462741e-08,0.9999709,2.4962272e-05,1.0590885e-08,9.4131005e-09,1.2966116e-06,2.8059371e-06
ISIC_0028055,1,8.9828205e-08,0.99999976,3.301527e-08,1.7032079e-09,8.85638e-09,2.7434904e-08,9.293828e-08
ISIC_0026535,1,1.6724403e-05,0.99998224,2.7219488e-07,7.0927464e-09,6.247168e-07,3.0988943e-08,1.0693843e-07
ISIC_0026602,1,0.0001381778,0.99986005,3.9610163e-07,2.1961744e-09,9.129616e-07,2.1975782e-07,1.7659232e-07
ISIC_0029732,1,2.6264578e-08,0.99999917,6.24492e-09,3.8900655e-08,6.0507585e-07,9.607486e-10,2.2698374e-07
ISIC_0032416,1,2.3649402e-08,0.99997604,9.4117e-08,8.73116e-10,1.4028133e-06,7.943197e-08,2.2263146e-05
ISIC_0029587,1,2.0855745e-05,0.9999614,3.300764e-08,9.005956e-09,1.722028e-05,4.1467953e-08,4.85935e-07
ISIC_0026685,1,2.7705767e-07,0.99999416,1.4387714e-09,2.547913e-10,4.288394e-06,1.6692047e-09,1.2380468e-06
ISIC_0026724,1,2.989901e-05,0.9999651,9.744156e-08,6.222479e-11,1.2436708e-06,1.2673211e-06,2.3862783e-06
ISIC_0032386,1,6.3873426e-06,0.9999932,1.7569898e-10,1.9393568e-11,3.9689215e-07,1.1784222e-10,2.1841478e-08
ISIC_0026392,1,4.4161048e-08,0.9999982,2.5090701e-08,7.597842e-08,4.7706027e-07,7.44536e-08,1.0268079e-06
ISIC_0032275,1,9.628681e-07,0.9999888,5.990715e-08,1.540895e-08,1.003543e-05,6.6785255e-08,4.356962e-08
ISIC_0029365,1,5.0916804e-09,0.9999975,1.7731328e-07,2.4448202e-08,1.4497464e-06,8.5393464e-07,2.6248207e-08
ISIC_0028278,1,3.9587643e-08,0.9999633,6.6850165e-09,1.6278047e-10,3.6653935e-05,1.1609462e-09,2.5383589e-08
ISIC_0027687,1,8.8201176e-08,0.9999896,3.4934078e-09,9.826775e-09,9.79381e-06,2.4742695e-07,2.024666e-07
ISIC_0025728,1,5.7984597e-08,0.9999784,1.0832184e-07,1.8718245e-07,2.1172558e-05,8.342769e-10,3.5452913e-08
ISIC_0026066,1,0.0030906298,0.99674845,2.5101924e-06,6.077039e-06,1.0619835e-06,1.0332108e-05,0.0001409122
ISIC_0030178,1,1.756992e-05,0.99998236,6.5629446e-10,1.0100746e-12,1.5947972e-08,5.560038e-10,4.5047113e-09
ISIC_0028382,1,0.0006886457,0.9993088,1.1776738e-07,6.4674466e-09,8.46227e-07,6.8792585e-09,1.5618443e-06
ISIC_0026082,1,7.341858e-06,0.9999875,6.3515095e-08,8.682511e-08,6.0924594e-07,3.5171047e-07,4.000735e-06
ISIC_0032032,1,1.6674808e-07,0.9999994,2.1047185e-08,1.7314105e-11,4.0598792e-07,2.4039564e-09,2.8734474e-08
ISIC_0029380,1,5.1738367e-05,0.999946,1.476764e-07,1.3230009e-08,4.6354998e-08,7.547267e-07,1.3647021e-06
ISIC_0025462,1,6.0498184e-07,0.99990666,3.2010423e-05,9.07648e-08,5.5246477e-05,2.1934877e-06,3.172122e-06
ISIC_0028432,1,8.475702e-08,0.99999475,4.581163e-06,7.8986245e-12,3.6569475e-07,2.9334403e-08,2.629405e-07
ISIC_0024320,1,4.175605e-08,0.99999356,1.1145959e-06,3.357874e-07,4.8859506e-06,4.9759963e-10,8.855311e-09
ISIC_0025586,1,5.5782257e-06,0.99999404,8.06063e-08,2.9724892e-10,2.876765e-07,2.4394012e-10,7.2876475e-08
ISIC_0026418,1,5.8130564e-07,0.9988669,2.5250246e-09,2.1917165e-10,0.001132082,7.63635e-08,3.7668354e-07
ISIC_0026102,1,7.3900797e-09,1.0,8.1038225e-09,2.878409e-11,1.3498626e-08,1.2447227e-10,8.125306e-09
ISIC_0031262,1,1.8809928e-07,0.99999976,1.1199196e-10,1.1074303e-09,6.295452e-09,2.5619453e-08,3.0770722e-09
ISIC_0027993,1,1.1112527e-05,0.9997013,2.659501e-06,5.21862e-09,0.0002835918,1.6061366e-08,1.2638129e-06
ISIC_0024613,1,3.2588173e-06,0.99999475,6.18849e-08,3.4071038e-12,1.7020412e-06,5.258433e-10,1.8262892e-07
ISIC_0026667,1,2.9878325e-05,0.9999672,3.9813532e-08,7.9315216e-10,1.3422921e-06,1.4110042e-06,1.062922e-07
ISIC_0025770,1,6.6927765e-05,0.99992836,2.1000669e-07,2.4691184e-07,3.0847694e-08,1.2306353e-06,3.0139115e-06
ISIC_0032224,1,2.827697e-08,0.99998844,2.1287204e-07,4.308559e-08,1.1246318e-05,5.7156085e-10,1.6352102e-08
ISIC_0027804,1,4.5672266e-07,0.9999974,3.2994166e-08,2.5165758e-10,1.0255192e-06,7.3624186e-08,9.668303e-07
ISIC_0028996,1,3.917634e-08,1.0,3.3135628e-09,5.2123642e-11,3.3105685e-09,6.5864136e-09,1.24336195e-08
ISIC_0031840,1,1.2005711e-09,0.99999976,1.35225875e-08,1.6344093e-11,3.692362e-08,4.731663e-12,1.9734436e-07
ISIC_0028740,1,8.921469e-07,0.99999905,8.962341e-09,7.038407e-09,5.014081e-08,7.257437e-10,3.2479266e-09
ISIC_0029681,1,1.1474878e-06,0.999428,1.9861092e-07,1.2043885e-08,0.00057067437,3.567359e-08,2.7147681e-08
ISIC_0028206,1,0.00010426997,0.9998946,6.0214886e-09,4.1014278e-10,3.7679612e-07,2.5272356e-10,6.847367e-07
ISIC_0024785,1,0.00013199066,0.9998654,1.8761389e-08,8.020607e-09,1.4803089e-06,1.0553232e-06,5.4916594e-08
ISIC_0025566,1,1.060949e-08,1.0,9.0888165e-11,1.3637028e-11,1.0057588e-09,1.8183901e-12,1.1258336e-09
ISIC_0024347,1,0.00047805128,0.9994288,8.6245905e-07,7.883194e-10,8.055511e-05,2.5745976e-07,1.1398208e-05
ISIC_0029692,1,6.675109e-06,0.99999297,4.7454646e-10,3.6648934e-13,2.6729833e-07,1.5368701e-10,5.2607767e-08
ISIC_0028717,1,2.319823e-06,0.9999573,3.75125e-08,1.0284284e-07,3.8565573e-05,4.178495e-09,1.601804e-06
ISIC_0024413,1,9.6917844e-08,0.9999795,3.1123992e-07,1.3617035e-09,1.3413112e-05,3.7394248e-08,6.7330707e-06
ISIC_0031058,1,1.567166e-07,0.9999249,1.396205e-07,1.791141e-07,6.761547e-05,4.187385e-06,2.7183598e-06
ISIC_0029114,1,2.2410455e-07,0.99999547,8.764471e-09,1.3515605e-10,4.2901174e-06,9.374758e-12,2.8086338e-09
ISIC_0031538,1,0.005806001,0.99381655,5.5521805e-09,7.3807405e-09,0.00037684882,2.8961396e-09,5.903557e-07
ISIC_0026204,1,3.5450078e-09,1.0,6.51175e-10,1.7622356e-12,1.9321666e-11,1.5367539e-11,2.3448807e-10
ISIC_0028753,1,3.120251e-10,1.0,3.6797673e-10,3.380362e-12,8.8219885e-09,4.1079236e-12,1.20765264e-08
ISIC_0032351,1,3.0332362e-08,0.98959816,4.0340106e-07,1.3083933e-07,0.010399154,4.3055945e-07,1.688487e-06
ISIC_0029144,1,2.2337672e-07,0.9999974,3.340097e-07,8.597816e-10,4.321376e-07,1.2000555e-07,1.5568687e-06
ISIC_0030939,1,5.9266426e-07,0.9999337,7.8870485e-08,5.7507497e-09,6.561672e-05,1.2605192e-08,3.8081055e-08
ISIC_0030212,1,0.00095698313,0.99904126,1.7981108e-08,1.5765904e-09,2.0517444e-07,3.900787e-10,1.5480094e-06
ISIC_0026662,1,9.120051e-08,0.99996924,3.4452242e-07,1.7468317e-08,1.6739831e-06,1.363106e-05,1.5018537e-05
ISIC_0029136,1,8.117545e-06,0.9999908,1.7684279e-07,7.094201e-09,2.7405727e-07,5.1176354e-08,5.723131e-07
ISIC_0024905,1,4.0878407e-09,0.003530331,5.3656333e-09,1.17664946e-07,2.9177258e-07,0.9964677,1.468472e-06
ISIC_0030686,1,5.288595e-06,0.9999081,7.3436735e-05,3.06307e-06,1.6002149e-08,3.1080037e-07,9.724218e-06
ISIC_0026627,1,7.078301e-09,0.99999964,1.456055e-10,3.4513416e-12,3.472002e-08,1.4395185e-08,2.592964e-07
ISIC_0030506,1,7.1733593e-06,0.9999839,1.5539034e-06,4.8369635e-08,3.287462e-08,1.3410721e-06,6.0790508e-06
ISIC_0032122,1,0.0001457862,0.999853,4.1800064e-08,2.204456e-09,1.182451e-07,6.993854e-08,8.9613843e-07
ISIC_0029186,1,4.4320396e-07,0.9999995,1.865823e-08,7.111166e-10,5.4681433e-09,1.5942497e-08,3.440569e-08
ISIC_0029304,1,0.0029537976,0.9970456,1.816171e-08,1.05274726e-10,7.946474e-08,1.5151822e-07,3.591565e-07
ISIC_0028269,1,2.668243e-06,0.999997,7.75143e-11,4.496478e-12,3.3511992e-07,1.026064e-09,2.6190186e-08
ISIC_0031075,1,5.430621e-07,0.9999994,3.286287e-10,1.4382398e-11,2.340632e-08,5.8068905e-09,6.517009e-08
ISIC_0029960,1,2.695931e-07,0.9999716,1.4350954e-07,1.7326626e-07,2.6725213e-05,3.016341e-07,7.279764e-07
ISIC_0030716,1,1.1083511e-05,0.9999869,4.836775e-08,4.5279014e-10,2.3258114e-07,6.9743044e-07,1.0610112e-06
ISIC_0027330,1,4.4948113e-08,0.99999416,3.923653e-08,6.789759e-10,5.737717e-06,1.4030834e-08,1.3674502e-08
ISIC_0026985,1,1.6734528e-08,0.99999857,5.782953e-10,1.343971e-10,1.1557152e-06,9.283284e-10,2.5529607e-07
ISIC_0031214,1,4.7503175e-07,0.99998176,1.3089648e-07,1.9824633e-06,1.3985749e-06,1.1943857e-06,1.3037052e-05
ISIC_0031073,1,8.593602e-09,0.9999949,6.638392e-09,1.8140316e-10,3.9265083e-06,1.0709771e-08,1.2061284e-06
ISIC_0024633,1,6.896031e-06,0.99998844,1.40448115e-08,1.6767048e-11,1.123923e-07,1.7241656e-06,2.8843817e-06
ISIC_0029853,1,1.5860353e-08,0.9999988,5.630708e-09,9.7513116e-11,9.910203e-07,5.2052428e-08,1.538964e-07
ISIC_0024889,1,8.851897e-09,0.9998635,4.8240656e-07,1.05367235e-07,0.0001341929,5.236841e-08,1.6721086e-06
ISIC_0028672,1,9.0659036e-08,0.99999964,2.3422124e-09,7.359261e-12,2.0584206e-07,2.1182265e-08,3.079839e-08
ISIC_0025502,1,2.0912323e-06,0.9999913,7.2738198e-09,1.8521636e-08,7.7669625e-07,5.6248455e-06,1.9729093e-07
ISIC_0026997,1,1.8143582e-09,0.99993217,2.6603217e-07,5.1278596e-11,5.8632755e-05,8.0238715e-06,8.959077e-07
ISIC_0026164,1,5.4662177e-08,0.99999976,7.649467e-10,4.6648255e-11,1.4560548e-07,6.408113e-11,1.6173404e-08
ISIC_0028244,1,3.8394755e-05,0.9999585,4.7007234e-08,1.8949996e-06,6.465039e-07,4.7624863e-07,3.518685e-08
ISIC_0025666,1,4.2892594e-07,0.99994755,3.1528407e-06,3.1608382e-05,9.865842e-06,8.929665e-07,6.521328e-06
ISIC_0024438,1,8.1121584e-08,0.9999976,5.3946013e-07,6.9573924e-09,7.6161814e-07,3.7779262e-08,1.0367751e-06
ISIC_0031274,1,0.015405249,0.98459375,8.593271e-08,1.1050969e-08,7.289301e-08,7.9556395e-07,1.7615866e-08
ISIC_0025796,1,9.582749e-06,0.99991584,9.773797e-07,2.9583637e-06,6.722932e-05,1.561345e-06,1.8227203e-06
ISIC_0026434,1,3.969397e-08,1.0,4.577291e-10,2.9638604e-11,1.2548597e-08,5.654364e-11,5.7168665e-09
ISIC_0028624,1,1.6886311e-07,0.99999976,5.025089e-10,3.4025263e-10,4.9410738e-09,9.1295094e-10,4.5982587e-09
ISIC_0029421,1,5.371512e-06,0.9999945,3.4063855e-10,2.011495e-10,1.328737e-07,2.3593065e-12,4.2642437e-10
ISIC_0028892,1,4.4672767e-08,0.9999702,5.594186e-08,3.499096e-08,2.916035e-05,7.602526e-09,5.3332946e-07
ISIC_0030046,1,5.263959e-09,0.9999993,3.412041e-09,3.125717e-10,1.7062703e-07,1.4181257e-11,5.182561e-07
ISIC_0026680,1,1.0216251e-07,0.999992,1.9373093e-08,3.459566e-09,6.745669e-06,8.067597e-08,9.854436e-07
ISIC_0027524,1,0.00010684392,0.999892,3.8541448e-10,2.0999985e-11,1.1798166e-06,4.5225695e-10,3.974337e-09
ISIC_0029690,1,1.12629685e-07,0.9999993,8.201086e-11,1.4276453e-12,5.709752e-07,2.2979113e-10,2.4395455e-09
ISIC_0029981,1,1.04728535e-07,0.99995935,1.9037154e-08,5.803494e-08,4.0252708e-05,7.0850903e-10,2.2931253e-07
ISIC_0026183,1,4.2964707e-06,0.9997272,4.298231e-05,9.599966e-06,0.00020811535,6.016216e-07,7.179401e-06
ISIC_0026459,1,9.270377e-05,0.99987304,6.704598e-06,6.1643635e-07,2.1885739e-05,4.5813617e-06,4.962231e-07
ISIC_0025282,1,1.3495568e-07,0.999977,7.681462e-09,1.0292699e-09,2.2314012e-05,3.4599591e-07,1.4800554e-07
ISIC_0029275,1,0.00012584814,0.9994029,1.6135634e-07,2.37571e-07,0.00041288615,1.6419976e-05,4.1590403e-05
ISIC_0028697,1,6.96317e-06,0.9995999,1.7188331e-07,5.612545e-08,0.00034675837,7.396121e-08,4.6099016e-05
ISIC_0025202,1,5.3775943e-07,0.99999845,8.3169116e-10,3.2418998e-11,9.244778e-07,2.4204132e-11,1.0745644e-07
ISIC_0026063,1,0.00012079082,0.9997843,4.196194e-06,4.2061925e-05,1.3294957e-05,1.338229e-06,3.4109435e-05
ISIC_0024966,1,6.6066735e-07,0.9998184,2.1645094e-07,2.0207322e-08,0.00017807071,3.45536e-08,2.6545642e-06
ISIC_0030254,1,1.3753228e-08,0.9999937,8.830349e-09,8.561378e-09,5.841954e-06,3.515269e-07,6.660888e-08
ISIC_0029957,1,1.8967426e-06,0.9999976,5.871341e-09,5.6698544e-09,1.3332625e-07,5.1141544e-09,3.0615578e-07
ISIC_0030551,1,0.00056720537,0.2510995,5.6669514e-09,4.593458e-09,0.74833316,6.934906e-08,1.16878034e-07
ISIC_0027864,1,2.307063e-06,0.999995,4.28004e-09,2.04786e-08,2.0725886e-06,4.3106107e-07,1.6789915e-07
ISIC_0029552,1,9.596554e-07,0.999992,2.9324925e-08,1.2519027e-11,2.9295716e-06,4.017009e-06,2.8716732e-08
ISIC_0027292,1,4.566236e-06,0.9999716,8.125904e-07,1.2654996e-06,1.8353523e-05,7.325652e-07,2.633029e-06
ISIC_0025010,1,2.2156095e-07,0.9999932,1.3477387e-08,1.05821844e-10,6.225638e-06,2.4911706e-08,3.6949217e-07
ISIC_0031788,1,3.9334464e-06,0.9999856,9.685432e-08,6.5618835e-08,5.12013e-07,2.5757286e-06,7.101485e-06
ISIC_0028268,1,1.9805409e-08,0.99999964,6.17638e-10,1.0634259e-09,6.868476e-08,2.8174352e-08,2.9506415e-07
ISIC_0028171,1,2.7457481e-05,0.9999691,7.490864e-09,7.28495e-08,1.263958e-07,3.1304376e-06,1.0259719e-07
ISIC_0029535,1,3.1146907e-08,0.9999988,2.7520676e-08,1.3016992e-08,1.0712276e-06,3.0726632e-10,1.2157605e-07
ISIC_0024485,1,2.656823e-07,0.99982446,5.292685e-07,3.727216e-07,0.00017370589,8.754708e-08,6.4567536e-07
ISIC_0031983,1,1.7112853e-07,0.99991953,1.495499e-07,1.1110427e-05,6.67417e-05,2.4140493e-07,2.0198656e-06
ISIC_0027830,1,7.5459496e-08,0.9999598,2.6978614e-07,3.679721e-08,3.573261e-05,2.8485604e-06,1.1794567e-06
ISIC_0027430,1,7.429221e-09,0.9996387,5.5346616e-05,9.261443e-11,0.00029787625,5.7451537e-08,8.117659e-06
ISIC_0029154,1,6.192483e-07,0.99999166,2.7407015e-08,1.9835495e-08,1.4096561e-06,1.1781969e-08,6.2711365e-06
ISIC_0030217,1,1.4490993e-06,0.99999833,1.1598538e-09,7.6977926e-08,6.525708e-08,8.370865e-09,5.870195e-08
ISIC_0028119,1,8.922768e-05,0.9999014,9.760109e-08,4.023972e-08,4.6582103e-09,1.3964847e-06,7.865342e-06
ISIC_0024390,1,1.5944465e-07,0.9999927,1.6161078e-08,1.1122785e-09,7.095268e-06,3.0027396e-09,1.2039386e-08
ISIC_0030992,1,1.4530258e-06,0.9999949,9.82916e-07,7.3415722e-09,2.6369453e-06,5.5117166e-10,6.018445e-08
ISIC_0030983,1,3.536051e-09,0.99990785,2.2761066e-09,2.5343299e-11,9.2137256e-05,3.8965282e-11,8.091262e-09
ISIC_0026035,1,6.192171e-07,0.9999994,7.0177664e-09,8.018457e-12,4.6686384e-09,3.3451605e-12,1.0880613e-08
ISIC_0029173,1,5.0263056e-09,0.9999913,5.892014e-09,3.37329e-10,3.6137633e-06,2.3531829e-08,5.088783e-06
ISIC_0029964,1,1.2395818e-08,0.9998161,4.400042e-08,3.850499e-06,0.00018005872,1.25343e-09,3.4140015e-08
ISIC_0029444,1,4.4769773e-13,1.0,1.2324243e-10,1.9564182e-16,1.3178085e-08,2.0781794e-09,3.6424122e-08
ISIC_0025572,1,1.8698208e-07,0.9999335,6.364148e-06,5.541756e-05,3.908335e-06,2.961254e-07,3.9304012e-07
ISIC_0025757,1,2.5725265e-06,0.99999475,1.4693403e-08,4.641881e-09,1.5524997e-06,4.6604605e-08,1.1460282e-06
ISIC_0029818,1,1.408476e-07,0.9999759,1.479581e-07,1.2143808e-10,6.5478545e-08,1.8245522e-07,2.3485094e-05
ISIC_0027835,1,7.2867586e-08,0.9999999,2.6491073e-10,5.232473e-12,2.8831755e-09,1.4263609e-09,2.8278953e-09
ISIC_0028330,1,9.116457e-07,0.9999989,3.5572107e-08,6.124657e-09,8.670612e-08,9.280601e-09,2.2729267e-08
ISIC_0032488,1,2.7844206e-07,0.9999937,5.737345e-07,3.0072792e-07,1.7429156e-06,9.045072e-08,3.2227922e-06
ISIC_0025538,1,2.132464e-06,0.9999943,3.0753717e-09,5.4563523e-09,3.2202229e-06,3.2196286e-07,9.6459845e-09
ISIC_0024353,1,6.0196163e-07,0.99999464,1.07112854e-07,5.7136226e-08,3.5186932e-07,4.029828e-06,2.0738742e-07
ISIC_0030727,1,8.059158e-07,0.99611914,4.9040846e-06,3.8583577e-05,0.0036353809,3.4426526e-07,0.0002008073
ISIC_0030719,1,2.99442e-06,0.9992168,1.1954091e-07,7.028332e-08,0.00077992416,6.258855e-09,7.134044e-08
ISIC_0026472,1,1.0677075e-05,0.9999865,3.5950038e-07,3.5012584e-07,8.68225e-09,1.4093396e-06,6.962267e-07
ISIC_0029442,1,4.3579523e-05,0.9975262,0.002021785,7.439142e-06,0.00032621427,1.635547e-06,7.303627e-05
ISIC_0026004,1,1.4954915e-10,0.9999999,2.1929443e-09,4.2501254e-12,1.4967337e-07,9.993341e-13,9.032073e-09
ISIC_0025694,1,1.089921e-06,0.99984276,3.8882004e-06,1.1911587e-10,0.00015160657,2.0520183e-07,4.0846243e-07
ISIC_0025232,1,1.9240705e-08,0.9999994,1.1213487e-07,3.1310892e-09,2.6009328e-09,3.0655252e-09,4.4063773e-07
ISIC_0026307,1,6.8594e-07,0.9999987,9.347021e-09,2.1159743e-09,6.102099e-07,2.2036449e-10,2.0162443e-09
ISIC_0030917,1,3.3783644e-07,0.9999956,6.401581e-09,7.2410133e-10,1.8140211e-06,2.1298188e-06,1.3691715e-07
ISIC_0029477,1,2.4322145e-07,0.99579006,3.5272183e-08,5.98883e-06,0.0042016925,1.7624616e-06,2.5736924e-07
ISIC_0030637,1,9.210384e-06,0.99947244,4.080836e-08,6.675564e-07,0.0005176067,4.5840263e-08,5.0006413e-08
ISIC_0028471,1,3.1400089e-07,0.9999993,9.581487e-09,1.7891683e-10,1.9983166e-09,3.7379547e-10,3.678672e-07
ISIC_0028251,1,8.1515356e-07,0.9999881,6.8189605e-09,7.387483e-09,1.1091666e-05,3.7462886e-08,6.0316644e-08
ISIC_0028940,1,3.669077e-07,0.9999969,6.8276887e-07,1.1900636e-10,2.9897762e-07,5.8244716e-08,1.7695496e-06
ISIC_0026879,1,1.0378386e-06,0.99999297,1.7886647e-07,5.465289e-10,5.2678306e-06,1.4746279e-07,4.0530986e-07
ISIC_0029437,1,4.6891953e-05,0.99878985,1.4270304e-06,6.8229333e-09,0.0011607298,2.9535715e-07,8.7699476e-07
ISIC_0031765,1,4.354103e-07,0.9999851,6.1355718e-06,1.777722e-08,1.231593e-06,4.8087745e-08,7.092507e-06
ISIC_0031818,1,2.92099e-07,0.99998665,8.0341856e-08,3.39801e-08,2.8832326e-06,3.2260228e-10,1.0093276e-05
ISIC_0028458,1,1.8656569e-07,0.99999964,4.6930837e-09,3.2374516e-09,8.6236795e-08,4.973287e-09,8.9076295e-08
ISIC_0025715,1,3.016164e-06,0.9999964,1.6721833e-07,8.3842155e-11,6.3348104e-08,1.3701208e-09,3.2120147e-07
ISIC_0031415,1,2.8593776e-09,0.9999608,7.948774e-08,2.4418025e-09,4.012115e-07,3.848396e-05,2.0767449e-07
ISIC_0029910,1,7.335619e-10,0.9999871,4.0606365e-10,3.4066262e-14,1.2889451e-05,6.226697e-12,3.5129633e-09
ISIC_0030563,1,3.1879703e-05,0.9999678,2.7940712e-07,8.9932346e-11,6.1293186e-08,4.0110564e-09,9.716988e-09
ISIC_0024914,1,8.1347457e-07,0.99999857,2.3808741e-07,1.5601873e-07,2.6572085e-08,7.282275e-08,7.064729e-08
ISIC_0025595,1,3.5663103e-08,0.99999785,6.79783e-10,2.4720195e-10,4.7622216e-08,1.9792176e-06,4.7953353e-08
ISIC_0027424,1,2.876812e-05,0.9999635,5.476605e-07,5.954929e-08,5.1542816e-07,8.28144e-08,6.5657887e-06
ISIC_0029134,1,4.4554664e-08,0.9999913,1.0141628e-08,3.419206e-07,7.978744e-06,3.666625e-11,2.95051e-07
ISIC_0027532,1,1.4723466e-08,0.99999785,9.575724e-08,2.9176436e-10,1.9183676e-06,8.036133e-11,8.0049226e-08
ISIC_0027070,1,1.4827522e-06,0.9998752,7.7628254e-05,1.7740938e-06,2.894607e-07,1.0795277e-08,4.3657943e-05
ISIC_0026732,1,7.158814e-06,0.9999616,9.257865e-07,2.9547822e-08,3.0067042e-05,4.4399917e-10,1.9710379e-07
ISIC_0030290,1,2.0974852e-07,0.9999914,4.5904447e-10,2.781751e-10,5.599837e-07,1.664233e-07,7.640451e-06
ISIC_0026495,1,6.9585657e-09,0.9999908,5.311298e-08,7.802344e-12,5.5719975e-06,3.364306e-06,2.4455747e-07
ISIC_0032472,1,2.5869454e-07,0.999998,7.716535e-11,3.6727652e-12,3.9368103e-11,1.7967511e-06,7.0974595e-09
ISIC_0030680,1,0.034591064,0.9651002,0.00010240171,3.1306452e-06,0.00020204815,3.866227e-07,7.73768e-07
ISIC_0027446,1,5.328188e-07,0.99999726,1.4887752e-08,1.4390613e-09,1.3462991e-06,6.6182747e-07,8.029231e-08
ISIC_0025098,1,1.07422755e-08,0.99992,6.720491e-07,5.0414645e-08,7.880006e-05,4.7344668e-07,5.0495483e-08
ISIC_0027233,1,1.440815e-08,0.99999964,1.9828683e-09,8.7130955e-11,2.814944e-07,1.3283882e-10,2.7303665e-08
ISIC_0030678,1,2.1698702e-06,0.99993587,1.03642e-05,1.8031607e-06,4.8359914e-05,6.971166e-08,1.2807924e-06
ISIC_0030055,1,1.3703817e-07,0.9999913,6.794475e-08,7.569826e-09,8.357211e-06,1.687044e-09,1.4676135e-07
ISIC_0026851,1,4.1100316e-07,0.99999833,1.7885267e-08,1.208382e-10,4.4586238e-07,7.638879e-08,6.6816943e-07
ISIC_0031182,1,5.853457e-07,0.9999347,1.2303256e-07,1.18238e-08,6.442826e-05,6.070571e-08,2.562961e-08
ISIC_0026894,1,4.3450118e-08,0.99997926,4.1068304e-07,3.8887194e-08,5.9597837e-06,1.2610685e-06,1.3008429e-05
ISIC_0026238,1,4.6036636e-08,0.9836622,4.1334548e-05,3.4711888e-06,0.016281983,5.9943604e-06,4.9870273e-06
ISIC_0024727,1,1.9140596e-06,0.9999584,2.4517725e-05,6.8692536e-08,1.0788421e-05,2.5916764e-08,4.206301e-06
ISIC_0024751,1,4.958425e-06,0.99999416,1.9545752e-09,7.974715e-09,8.9375885e-07,5.820881e-11,8.281138e-09
ISIC_0025765,1,1.1716992e-07,0.9999999,3.149271e-11,6.504109e-12,1.9573356e-09,8.514182e-11,3.043108e-10
ISIC_0028663,1,3.4946872e-05,0.99996376,1.2013217e-07,5.114101e-08,2.4432006e-07,1.137325e-08,9.1282027e-07
ISIC_0027381,1,1.5164503e-08,0.9999659,8.1763704e-07,4.1581718e-08,3.307029e-05,7.3643456e-09,2.3114805e-07
ISIC_0030948,1,1.2590381e-05,0.9993537,3.6210604e-06,2.2779477e-07,0.0006236193,3.491148e-08,6.192639e-06
ISIC_0025405,1,1.5636261e-06,0.9999958,2.0338707e-07,4.9449693e-12,2.1470992e-06,1.3307846e-10,2.4925424e-07
ISIC_0030691,1,8.3448924e-07,0.9999987,1.106654e-09,1.4938085e-09,4.0215608e-07,7.831969e-09,1.4007234e-08
ISIC_0029796,1,0.0018834682,0.9981084,3.104951e-08,4.0399506e-09,7.824941e-06,6.4934262e-09,2.823341e-07
ISIC_0028522,1,1.206704e-07,0.9998871,1.2768781e-05,2.7430978e-08,1.5722376e-06,9.785365e-06,8.8696666e-05
ISIC_0025705,1,5.5259145e-05,0.9999443,3.157616e-09,3.2611712e-08,3.6878216e-08,3.7925207e-10,3.198898e-07
ISIC_0026130,1,7.84241e-06,0.9999808,2.8867898e-06,7.868176e-07,1.7534413e-06,1.4150316e-07,5.7334832e-06
ISIC_0024487,1,0.00011982286,0.99980074,4.0112763e-08,2.22509e-09,7.402806e-05,3.0104159e-06,2.4325539e-06
ISIC_0027583,1,1.2354968e-07,0.9999937,5.964199e-09,1.3562e-08,4.1478728e-07,1.3503401e-09,5.8306387e-06
ISIC_0028112,1,5.4236477e-08,0.99999964,1.526964e-09,7.3535254e-11,2.7395632e-08,8.808332e-09,2.3157487e-07
ISIC_0028641,1,2.0797328e-05,0.9999784,3.424143e-08,3.487041e-11,1.9938813e-07,2.0335948e-09,5.277205e-07
ISIC_0024840,1,1.1041398e-09,0.99999964,2.7295982e-10,3.3884096e-09,2.3090533e-07,3.1384456e-08,1.3936699e-07
ISIC_0031414,1,8.914453e-10,0.99999976,8.0010265e-09,5.6177334e-09,2.436557e-07,2.9041594e-09,2.5816597e-08
ISIC_0030650,1,7.480862e-06,0.99997246,7.1649047e-09,4.892615e-09,1.9861094e-05,1.669815e-09,1.6862018e-07
ISIC_0029890,1,0.00062531984,0.99937123,1.7700478e-07,6.2819955e-10,2.9408297e-06,2.1353235e-07,1.318104e-07
ISIC_0031356,1,7.3640654e-06,0.9997423,2.0388369e-07,1.6423357e-09,0.0002493619,3.5460937e-10,7.370448e-07
ISIC_0031137,1,0.001777997,0.99822193,3.328437e-08,1.5718458e-09,2.4086537e-08,5.930143e-11,1.9983302e-08
ISIC_0025602,1,1.2335314e-05,0.9999409,1.9639917e-06,1.611073e-05,1.8230909e-06,6.9637395e-06,1.9988385e-05
ISIC_0026880,1,1.3838623e-08,0.9999999,3.4645703e-10,6.3420727e-12,3.0347525e-08,9.634683e-11,2.2789544e-08
ISIC_0032440,1,2.7011732e-08,0.99999976,1.482728e-09,1.3717459e-10,2.6243026e-07,1.7609435e-10,6.6537247e-09
ISIC_0024341,1,2.5241816e-08,0.9999795,5.4653047e-08,5.834976e-07,1.7578417e-05,9.537224e-10,2.1904489e-06
ISIC_0025217,1,0.00050559815,0.9994943,6.6039557e-10,6.739476e-10,3.294142e-08,5.9483217e-08,8.8851465e-08
ISIC_0028402,1,1.2127934e-07,0.99999964,1.711303e-09,4.0754922e-10,4.2621316e-08,8.2056545e-08,4.993345e-08
ISIC_0029376,1,1.3996494e-07,0.99999976,3.9872997e-10,6.66968e-14,1.0313814e-07,2.7126892e-10,8.039024e-09
ISIC_0026161,1,9.386389e-09,0.9999999,4.873474e-11,4.7385277e-12,6.166759e-08,3.3852967e-09,7.7227824e-10
ISIC_0028626,1,1.2747765e-05,0.999987,3.5395142e-10,8.770973e-12,4.3400773e-11,1.9158199e-10,2.4231804e-07
ISIC_0028575,1,1.7373124e-05,0.9999784,8.794128e-09,6.5899e-10,1.7673734e-06,2.2749537e-06,1.5599787e-07
ISIC_0028089,1,0.012056756,0.98791933,2.9232917e-06,1.641032e-06,2.8085497e-08,7.5900957e-06,1.17068785e-05
ISIC_0027862,1,1.5697644e-07,0.9997334,0.00012104263,5.780957e-10,0.00014215717,1.9756142e-07,3.0343465e-06
ISIC_0026924,1,5.536864e-07,0.99999654,7.1605686e-09,9.3442246e-08,2.7549106e-06,5.17261e-08,6.885992e-08
ISIC_0031083,1,3.1948016e-06,0.9997906,9.899715e-07,1.228987e-06,0.00019241752,1.2840195e-06,1.0269282e-05
ISIC_0029673,1,9.453066e-09,1.0,2.9871078e-10,3.182052e-11,1.1143384e-08,3.9632067e-09,6.8457044e-09
ISIC_0026264,1,7.855761e-06,0.9999815,8.697016e-07,5.1729467e-06,1.8161212e-06,2.680426e-06,1.5601755e-07
ISIC_0028841,1,6.807794e-07,0.99998283,3.0259272e-08,9.298418e-09,1.5675214e-05,5.4279e-07,2.0698465e-07
ISIC_0025385,1,0.000349696,0.999634,5.9943176e-07,7.719534e-07,3.1671468e-06,7.201271e-06,4.6781734e-06
ISIC_0027322,1,1.4475453e-06,0.9999764,2.1679529e-05,2.1616249e-07,9.49017e-08,4.006078e-08,1.5161287e-07
ISIC_0028379,1,3.2330973e-07,0.9999956,2.1035227e-08,2.8873387e-10,2.981622e-06,1.0968555e-06,5.3708668e-08
ISIC_0028948,1,2.6668207e-05,0.9999716,2.9958645e-08,1.6403704e-09,1.6189986e-06,8.994675e-11,3.542111e-08
ISIC_0030161,1,0.04903796,0.95095986,3.8410045e-07,9.8834745e-09,1.2658427e-09,4.4751108e-08,1.7822351e-06
ISIC_0030218,1,9.32602e-09,0.9999981,1.507871e-06,3.675814e-08,1.8923538e-07,5.15369e-12,1.9822866e-07
ISIC_0030702,1,7.368078e-06,0.9999924,2.4776549e-11,1.1816173e-10,5.568106e-10,1.1956195e-09,2.758134e-07
ISIC_0028669,1,4.195329e-05,0.9999572,6.3636185e-10,2.0822703e-11,3.6083314e-09,1.1876227e-07,7.0746e-07
ISIC_0031010,1,8.732533e-06,0.99999106,5.702878e-08,4.012711e-09,1.8901598e-09,2.4403959e-09,1.2545549e-07
ISIC_0028835,1,4.1076946e-09,0.9999981,2.464155e-07,6.964309e-10,1.686183e-06,2.8003512e-08,2.1742288e-08
ISIC_0026010,1,8.139668e-06,0.99998033,1.0404978e-07,5.0726644e-08,7.949999e-06,3.159525e-09,3.4719749e-06
ISIC_0030632,1,2.7636258e-08,0.9999994,5.326695e-11,1.1136603e-11,2.4200178e-08,3.0390462e-10,5.1579974e-07
ISIC_0028047,1,5.1455077e-05,0.9998791,1.4351974e-08,2.86895e-07,8.389207e-07,5.835759e-05,9.9263025e-06
ISIC_0025288,1,1.5297607e-08,0.99952877,1.878381e-09,1.12595906e-07,0.0004710427,3.4276122e-09,1.01104305e-07
ISIC_0031732,1,3.1394016e-09,0.9999938,1.5265883e-09,1.2765769e-11,6.1274736e-06,2.3888125e-10,1.1028464e-07
ISIC_0024759,1,1.8673397e-08,0.9999975,1.4517523e-08,7.3213813e-10,1.2995281e-06,7.8408346e-10,1.1553174e-06
ISIC_0025329,1,5.592885e-06,0.9995049,0.00035332853,9.749919e-05,1.9339437e-05,1.280324e-07,1.9201127e-05
ISIC_0027624,1,0.0012240986,0.9987759,5.6019525e-12,1.1664254e-11,7.793621e-09,4.20715e-09,9.531366e-09
ISIC_0029737,1,8.7881784e-07,0.99982613,2.9617493e-07,2.9026916e-09,0.00017202957,1.3470567e-07,6.189037e-07
ISIC_0029110,1,5.721208e-06,0.9999937,2.799817e-07,3.5448075e-10,7.144317e-08,1.0232533e-07,9.8178276e-08
ISIC_0025215,1,3.8202094e-07,0.99999964,2.1118476e-09,4.5883183e-11,5.762724e-09,1.6657187e-09,6.52718e-10
ISIC_0026310,1,2.1486764e-08,0.9999958,1.5820811e-07,8.701603e-11,3.9170536e-06,2.177515e-08,1.309082e-07
ISIC_0024389,1,1.2647412e-08,0.9999988,1.674772e-08,2.1938495e-09,8.152622e-08,9.1645484e-07,1.0792952e-07
ISIC_0029658,1,2.0376747e-05,0.9999645,3.317488e-06,3.160893e-08,9.206513e-06,1.0508744e-07,2.5527897e-06
ISIC_0027995,1,9.027632e-07,0.9999372,1.3362273e-06,1.6527535e-09,6.0405197e-05,5.817889e-10,1.2232074e-07
ISIC_0025609,1,1.7485323e-07,0.9999976,1.5872327e-07,3.5152454e-09,1.5516457e-06,1.1139564e-10,4.6552077e-07
ISIC_0029988,1,5.5531384e-08,0.99999845,2.590873e-10,4.0367334e-11,1.397069e-06,8.0344336e-08,1.578508e-08
ISIC_0030676,1,1.2297461e-08,0.99999034,5.627738e-06,1.9094021e-10,3.8688245e-06,1.0466876e-09,1.6180446e-07
ISIC_0026723,1,1.120574e-06,0.99998486,1.1747125e-09,2.160806e-11,1.3673404e-05,3.9132333e-09,3.4231385e-07
ISIC_0031916,1,8.428553e-09,0.99999404,7.055693e-10,3.513055e-07,5.4516468e-06,3.0171057e-10,1.2411635e-07
ISIC_0028754,1,0.001568491,0.99841845,1.0699688e-07,1.2303636e-08,1.2050237e-05,1.0715407e-08,8.478906e-07
ISIC_0030090,1,6.5765647e-07,0.9999807,9.520897e-06,5.6914637e-08,7.230273e-06,8.125401e-08,1.8009712e-06
ISIC_0030805,1,3.1887861e-09,0.99999595,1.10789225e-10,1.9777267e-10,2.7781527e-06,2.6516421e-08,1.3132554e-06
ISIC_0030780,1,3.1533766e-06,0.99999356,2.1064504e-07,4.0925556e-07,2.3325508e-07,2.3803798e-06,1.2608851e-07
ISIC_0028169,1,7.718175e-07,0.99999857,1.0674978e-08,2.1197823e-10,4.125678e-07,2.4837528e-09,2.0704536e-07
ISIC_0031183,1,7.221477e-06,0.9999927,5.104155e-11,5.8256464e-12,1.6822876e-09,1.5290694e-09,1.7249278e-08
ISIC_0031242,1,5.90109e-07,0.9999988,2.8374176e-09,2.9082184e-10,9.2885564e-08,4.1420808e-08,5.4483536e-07
ISIC_0027520,1,1.3803681e-07,0.9999994,2.3816945e-08,6.7197164e-11,8.49847e-08,3.496982e-07,2.7176148e-09
ISIC_0031338,1,0.00019650064,0.9997898,1.033102e-07,1.6271671e-06,5.011518e-07,9.838224e-06,1.5446343e-06
ISIC_0032360,1,7.679716e-06,0.99999225,7.749652e-10,3.6436676e-09,2.9130747e-09,8.729375e-09,1.20215295e-08
ISIC_0028726,1,2.70553e-08,0.99999964,1.6478643e-09,5.0654524e-12,2.3688106e-08,5.8323635e-10,3.4898366e-07
ISIC_0029403,1,1.9118465e-06,0.9999908,1.4099868e-06,2.6197253e-07,5.2259875e-06,1.3763037e-07,3.3045987e-07
ISIC_0028630,1,2.0695745e-06,0.99999785,9.034152e-10,2.8962128e-11,1.7468649e-08,1.9362346e-08,3.4990265e-08
ISIC_0031944,1,3.58567e-08,0.9999261,6.106927e-08,5.3945657e-09,6.404361e-05,9.780588e-06,4.225814e-08
ISIC_0031433,1,1.4890799e-07,0.99999917,1.2917447e-08,6.90119e-10,5.1535807e-07,5.4407515e-08,1.0343575e-07
ISIC_0025737,1,2.091661e-06,0.99999785,2.300036e-09,5.145443e-10,1.8470833e-10,4.3444995e-10,1.823791e-08
ISIC_0032324,1,0.00059145346,0.9994085,9.066106e-09,7.643653e-12,6.1081415e-09,1.1089418e-08,6.4016192e-09
ISIC_0028172,1,8.249053e-08,0.9999416,7.2147986e-07,1.4110176e-08,4.6307363e-05,2.2992763e-06,9.06946e-06
ISIC_0024419,1,2.2707212e-05,0.9999459,8.520205e-07,8.270175e-06,2.1700089e-05,5.077753e-09,5.969371e-07
ISIC_0026969,1,7.259804e-07,0.9999993,5.2946956e-11,1.1734786e-11,1.6260883e-10,3.1775672e-11,1.3488829e-09
ISIC_0025569,1,2.3812336e-07,0.99999416,1.0157185e-06,2.4099564e-10,6.975323e-08,1.9294369e-08,4.4793715e-06
ISIC_0029907,1,0.007455535,0.9925207,1.8131727e-06,1.1184969e-08,5.9509864e-09,2.180973e-05,2.0709975e-07
ISIC_0032465,1,2.089119e-09,0.99998975,2.6576424e-07,2.2710911e-11,9.92739e-06,4.4588297e-10,8.188547e-08
ISIC_0026943,1,3.478107e-07,0.9999001,4.6110284e-08,1.096611e-09,9.151845e-07,1.3695735e-07,9.8442426e-05
ISIC_0028605,1,2.404172e-10,0.9999981,8.760746e-10,1.6851233e-12,1.837215e-07,1.6330308e-09,1.7476519e-06
ISIC_0032077,1,1.2307439e-06,0.99999833,3.240972e-07,4.3190975e-09,8.639852e-08,9.0890614e-11,5.5409494e-08
ISIC_0027363,1,3.0396976e-07,0.9999995,1.0835486e-08,5.543075e-10,6.218076e-08,5.3583438e-08,7.142315e-08
ISIC_0029259,1,3.1675537e-08,1.0,1.13066646e-10,3.329167e-12,1.2805808e-09,2.3396848e-10,2.182905e-08
ISIC_0026199,1,3.5367286e-08,0.9999311,2.749304e-07,1.5576572e-09,2.6984608e-07,6.805826e-05,2.5513012e-07
ISIC_0029601,1,8.941855e-06,0.99998856,3.8079855e-07,4.4807243e-07,1.4444284e-08,2.2253731e-08,1.6400879e-06
ISIC_0025380,1,0.00014532582,0.99980956,2.3510425e-07,9.364617e-08,2.145829e-06,7.4527215e-06,3.5139445e-05
ISIC_0030753,1,1.5535018e-07,0.99999964,1.6505421e-08,7.433799e-10,2.1380114e-07,9.604375e-10,1.3097744e-08
ISIC_0027565,1,1.4556849e-08,0.9999827,7.345114e-08,1.021322e-06,1.5878555e-05,2.7208293e-07,4.3297135e-08
ISIC_0028053,1,1.01808e-07,0.9999968,6.7541945e-09,1.3217147e-10,3.1692295e-08,3.025433e-06,1.05963366e-07
ISIC_0026315,1,0.00045609826,0.99954295,4.721519e-07,2.2502188e-07,1.4834932e-07,7.856267e-09,8.7153445e-08
ISIC_0028955,1,1.0649488e-07,0.99994004,1.8739776e-06,3.9903142e-08,5.7265752e-05,6.3894913e-07,8.606619e-08
ISIC_0030600,1,4.1016315e-07,0.99999905,1.0032613e-09,8.675555e-09,1.3915899e-08,1.0354672e-10,5.1132696e-07
ISIC_0029763,1,3.8574512e-06,0.99656194,0.00046963696,1.6880627e-05,0.002935662,8.77199e-06,3.1944003e-06
ISIC_0031841,1,3.0674923e-07,0.9999218,2.1968237e-05,2.3566777e-06,5.2768108e-05,4.1712383e-08,7.358419e-07
ISIC_0025263,1,4.7679504e-07,0.9999751,3.0285107e-06,1.544427e-06,1.8989214e-05,8.4465675e-08,7.3218706e-07
ISIC_0027844,1,1.4268613e-06,0.99997044,1.1239034e-06,6.282397e-07,2.620457e-05,3.1913956e-08,1.6613468e-07
ISIC_0028129,1,1.520693e-06,0.99999213,1.17614256e-07,3.0269873e-09,5.292167e-06,9.0057306e-10,9.0603265e-07
ISIC_0031507,1,2.5786437e-07,0.9999995,1.3099786e-07,3.8216386e-10,3.9833427e-08,2.4145301e-09,3.0641182e-08
ISIC_0030157,1,2.4279485e-08,0.9999639,2.0046704e-09,4.589664e-09,3.609547e-05,1.8390714e-11,1.5731816e-08
ISIC_0030497,1,7.8602866e-08,0.9999833,1.3466018e-09,8.0524837e-10,1.6512355e-05,3.981193e-10,1.5621735e-07
ISIC_0026878,1,5.640976e-07,0.9999696,3.8575095e-07,1.9276556e-09,2.9356996e-05,5.282379e-09,6.0431375e-08
ISIC_0031673,1,4.5145196e-08,0.99999964,1.354982e-07,1.7288342e-14,1.1049094e-08,1.596654e-08,1.5252861e-07
ISIC_0032118,1,3.5324823e-07,0.9999995,2.8706565e-10,8.664062e-10,1.4113598e-07,1.0840607e-09,1.8269763e-08
ISIC_0027952,1,7.231072e-08,0.9999882,3.146117e-08,7.680577e-10,1.0667383e-05,8.056338e-09,1.0496408e-06
ISIC_0025625,1,1.3219208e-06,0.999998,2.2225403e-07,4.043567e-07,1.7022252e-08,1.5994119e-09,1.326393e-07
ISIC_0030075,1,5.5024714e-07,0.9999988,2.066155e-08,1.9538386e-09,2.6274705e-07,2.9521533e-07,7.7328195e-08
ISIC_0026684,1,5.6579296e-07,0.9999988,2.332385e-09,1.3287141e-10,1.1953992e-07,3.9483646e-07,1.626518e-07
ISIC_0028061,1,8.096296e-07,0.99998915,8.3594045e-07,3.6496537e-08,8.341977e-06,1.2293161e-07,7.755814e-07
ISIC_0028342,1,2.2619409e-08,0.9997067,0.00011695492,6.0034866e-10,8.736392e-07,1.7067181e-05,0.00015835337
ISIC_0029415,1,1.7675027e-06,0.9999982,1.6637564e-10,9.220807e-11,2.7623812e-10,2.1910256e-09,4.35996e-09
ISIC_0032392,1,2.1332344e-05,0.9999515,1.3777125e-07,1.7808989e-09,2.4839323e-05,1.6861914e-06,4.9672985e-07
ISIC_0029509,1,1.1877162e-05,0.9996822,3.5689268e-06,1.0735788e-06,0.00029538726,1.0734939e-06,4.809065e-06
ISIC_0026736,1,6.453897e-06,0.9999926,2.4164196e-10,2.5154444e-11,9.4999905e-07,2.5433609e-09,1.4703913e-08
ISIC_0024650,1,5.1973372e-09,0.99866915,2.0617034e-07,2.0602674e-10,0.0013304251,8.419473e-09,2.849139e-07
ISIC_0026180,1,1.8188422e-07,0.9998884,3.2085418e-07,1.0243171e-07,0.00010973448,4.9353255e-09,1.1949658e-06
ISIC_0026003,1,3.0460967e-07,0.9998871,3.889409e-05,3.445786e-07,7.1336886e-05,9.205252e-07,1.0531824e-06
ISIC_0026932,1,3.9477793e-08,0.99962604,5.5803357e-05,1.0899878e-07,0.00031169824,1.9037092e-08,6.26625e-06
ISIC_0027630,1,3.3418464e-09,0.9999832,1.6850028e-07,5.1136684e-10,1.6584303e-05,6.618516e-09,3.1250195e-08
ISIC_0025308,1,9.39562e-10,0.99999905,7.869392e-09,1.3862034e-13,7.0783237e-09,2.9076644e-10,9.181207e-07
ISIC_0031921,1,5.8411653e-05,0.9998858,9.3439075e-07,4.2022443e-09,4.3436718e-05,9.863521e-06,1.5206574e-06
ISIC_0031365,1,3.9480327e-08,0.9999572,1.7448352e-07,2.9251132e-07,4.233067e-05,1.5439758e-09,6.9415535e-08
ISIC_0029155,1,1.8340789e-09,0.99998724,5.298082e-09,5.7567124e-08,1.2724764e-05,5.962793e-10,1.0467602e-09
ISIC_0029105,1,6.815758e-05,0.9993973,0.0004966679,2.8708018e-05,3.0878716e-06,1.0901992e-08,6.1318015e-06
ISIC_0032296,1,7.1305294e-07,0.9999926,6.580875e-06,6.83983e-10,1.2432674e-08,1.2489186e-09,7.470611e-08
ISIC_0029236,1,0.001013387,0.99732685,0.00010244909,1.3222756e-06,0.001489282,3.8345362e-08,6.666705e-05
ISIC_0031426,1,1.6012771e-06,0.99998784,2.1444963e-07,1.7704609e-09,1.1002886e-06,8.901393e-06,3.2151618e-07
ISIC_0030831,1,2.5274357e-08,0.9999975,1.0420767e-07,1.1738651e-09,9.126957e-08,1.7137927e-06,5.7914383e-07
ISIC_0030865,1,2.49976e-07,0.99999964,5.2468203e-09,2.430441e-11,5.615413e-11,5.6443655e-10,6.341698e-08
ISIC_0031254,1,6.2770035e-08,0.99999607,3.648762e-07,4.5387148e-07,3.0331676e-06,2.1003324e-08,3.765805e-08
ISIC_0030109,1,6.310588e-07,0.9999988,4.5293203e-10,1.0706728e-12,2.8255332e-11,1.9142206e-10,5.614766e-07
ISIC_0028012,1,4.037139e-06,0.9999944,3.779806e-10,6.886035e-14,1.5374646e-06,1.5752487e-10,6.1903624e-09
ISIC_0030108,1,4.286417e-09,1.0,1.4470609e-13,5.469991e-13,1.397726e-11,1.6690009e-13,1.0973248e-10
ISIC_0027921,1,1.1886991e-06,0.99999774,7.3854194e-11,3.528082e-13,1.0836645e-06,8.143889e-09,3.8931105e-08
ISIC_0028566,1,3.2272567e-08,1.0,9.11518e-09,9.576848e-10,3.8990752e-10,3.0681577e-10,2.224273e-09
ISIC_0030618,1,5.5748086e-09,0.9999951,5.1199294e-09,3.5455213e-07,4.171285e-06,9.336025e-10,3.099211e-07
ISIC_0024484,1,0.00015452993,0.9998159,1.079546e-06,6.0720866e-11,2.8388367e-05,1.6522954e-08,9.296037e-08
ISIC_0025134,1,4.816294e-07,0.97984606,2.6952806e-05,3.0058277e-07,0.019929992,6.872172e-07,0.00019552442
ISIC_0031892,1,4.7114898e-07,0.99999607,7.7806783e-07,3.1670727e-10,1.4196524e-06,4.632012e-11,1.220175e-06
ISIC_0028417,1,0.0004508253,0.97680557,9.254931e-05,6.1139194e-06,0.022614023,2.7343827e-07,3.064482e-05
ISIC_0026632,1,1.4242061e-05,0.9997315,7.2894695e-09,3.7671505e-08,0.00025420001,8.8380245e-09,5.968658e-08
ISIC_0026934,1,6.574455e-06,0.9999931,5.316179e-10,4.2066413e-09,2.1482933e-08,1.9503017e-07,2.3086011e-08
ISIC_0026346,1,0.007192626,0.9928059,2.598748e-07,1.3903279e-07,2.187709e-08,9.480242e-07,1.3468556e-07
ISIC_0032475,1,0.0032569966,0.99674183,5.229662e-07,7.0537944e-11,5.68163e-07,3.165784e-08,7.4769666e-08
ISIC_0032294,1,6.4050078e-06,0.9999932,1.5520607e-08,5.0872365e-11,2.91926e-07,2.5743212e-08,5.244978e-08
ISIC_0027898,1,9.684967e-05,0.9997615,5.8841863e-07,8.780933e-11,4.2700844e-07,4.20856e-07,0.00014019643
ISIC_0026726,1,1.8481065e-06,0.99993837,6.2033214e-06,1.2048018e-11,5.773015e-07,4.1709353e-07,5.2594743e-05
ISIC_0028293,1,0.0001173935,0.9969132,8.9277523e-07,5.346549e-07,0.0029036629,6.36882e-05,6.451186e-07
ISIC_0029093,1,3.9190445e-07,0.99999905,2.4706486e-08,4.3803333e-10,7.6497756e-08,4.9318015e-07,2.3050642e-08
ISIC_0032428,1,0.034902662,0.96505183,4.3951763e-07,2.060349e-09,4.177138e-05,2.4807102e-06,7.888783e-07
ISIC_0032342,1,6.2722456e-06,0.99959165,1.0436743e-07,2.992208e-08,0.00039626413,5.7398343e-06,1.8811388e-08
ISIC_0027198,1,0.0009806796,0.9990163,1.3669001e-08,2.4048794e-09,2.9568623e-09,3.013846e-06,8.1341796e-08
ISIC_0025779,1,8.4733816e-05,0.999915,1.9762565e-08,1.7781577e-11,6.97215e-08,6.664621e-08,1.8224533e-09
ISIC_0024842,1,0.00024319085,0.9997491,3.4915985e-07,8.381783e-07,7.826111e-07,5.2908003e-06,4.6029845e-07
ISIC_0028803,1,0.03541173,0.96441466,8.358655e-06,4.2051226e-05,9.01728e-07,0.00012071058,1.4989072e-06
ISIC_0027249,1,6.3683223e-09,0.9999994,2.200718e-07,4.748152e-12,5.235263e-09,3.724254e-07,1.803963e-08
ISIC_0031563,1,2.9378127e-08,0.9999907,4.9102364e-06,4.5596797e-11,3.1485206e-06,7.7723406e-08,1.0587963e-06
ISIC_0024642,1,0.0010019838,0.9989874,1.8030416e-08,4.1750415e-08,5.8532764e-06,2.1014989e-07,4.5646048e-06
ISIC_0025959,1,0.003144492,0.99684083,1.5317e-08,1.097818e-08,3.0193353e-06,9.797982e-07,1.06421685e-05
ISIC_0032985,0,0.7097709,0.29022488,2.183588e-09,5.0162898e-11,4.152637e-06,6.405368e-11,2.6810033e-08
ISIC_0024798,1,1.2174095e-07,0.99997616,2.176349e-06,5.3711723e-12,4.037535e-08,2.5365794e-06,1.9036941e-05
ISIC_0025152,1,1.1718825e-07,0.99913436,1.6388994e-06,7.578821e-12,1.1163364e-05,1.5271247e-07,0.000852634
ISIC_0029045,1,0.0054532364,0.9945299,8.860051e-07,2.089687e-09,1.4859878e-05,1.1143252e-06,2.1541764e-08
ISIC_0031160,1,0.7692984,0.23069358,5.413355e-07,5.8097925e-07,6.6507882e-06,3.2616178e-08,1.9826163e-07
ISIC_0026666,1,0.00043098652,0.9986908,2.093419e-07,4.9163722e-05,0.00080209755,2.1352906e-05,5.428609e-06
ISIC_0026552,1,0.0022539864,0.9973273,2.539344e-07,1.4544123e-06,0.00040499755,1.9707231e-06,9.997427e-06
ISIC_0029985,1,0.24630451,0.74737555,0.0013048527,6.857132e-05,0.0013296213,6.539409e-07,0.0036162683
ISIC_0024891,1,0.07717375,0.8412903,0.011177895,6.9448324e-05,0.06496322,4.3569266e-06,0.0053211427
ISIC_0027662,1,2.945378e-08,0.9970204,2.2036746e-05,8.028896e-11,0.0028577307,3.069427e-05,6.906013e-05
ISIC_0031143,1,0.0028435376,0.9969784,8.989617e-08,3.44382e-10,0.00017651152,1.401015e-06,4.3422805e-08
ISIC_0031863,1,5.2814426e-05,0.9999466,3.1571776e-09,4.0356793e-10,5.4486975e-07,2.3929704e-08,1.2438767e-08
ISIC_0028401,1,3.4946133e-05,0.9981294,4.9038085e-06,1.9029557e-08,0.001822316,4.0029153e-07,8.049677e-06
ISIC_0030371,1,0.207149,0.7927742,3.963402e-06,1.7309876e-05,1.5711471e-06,4.935759e-05,4.6552036e-06
ISIC_0027497,1,0.000280587,0.94447076,6.8933934e-07,3.1335563e-07,0.055225655,1.4503789e-05,7.4274767e-06
ISIC_0028255,1,0.00038115165,0.9992291,9.014854e-06,0.00033734398,5.177812e-06,6.466024e-07,3.7702503e-05
ISIC_0028371,1,0.00023585619,0.99967766,1.8593218e-07,1.2699803e-09,8.5472384e-05,8.4991666e-07,3.502432e-08
ISIC_0030063,1,5.125196e-05,0.99994636,5.5228804e-07,1.06665276e-11,9.633718e-07,7.7474684e-09,8.389898e-07
ISIC_0029986,1,0.9528547,0.04714452,5.017839e-09,9.206386e-08,6.4424745e-07,9.657147e-10,1.7678062e-08
ISIC_0027010,1,0.14158686,0.8581447,0.00024651326,1.9868561e-05,1.2076449e-06,6.870212e-07,2.0918822e-07
ISIC_0027861,1,0.82604414,0.13862139,0.010275805,0.0062728953,0.017916717,0.0004594316,0.00040965076
ISIC_0029409,1,0.030460937,0.9679626,4.3425836e-05,1.4559607e-08,0.0014673878,9.766793e-06,5.5841083e-05
ISIC_0032364,1,0.13704707,0.86270005,2.7198728e-06,5.240495e-07,0.00019811721,2.1469577e-06,4.9423896e-05
ISIC_0031959,1,0.00025447173,0.35711095,3.990686e-06,1.0628405e-06,0.6287155,0.00092495605,0.012989134
ISIC_0032078,1,6.2133876e-07,0.99802977,1.6692251e-08,4.3172106e-09,0.0019526148,3.385867e-08,1.695181e-05
ISIC_0028528,1,0.20966561,0.7903134,1.5409084e-08,2.9293088e-09,2.0858304e-05,1.2562333e-08,8.5791825e-08
ISIC_0029945,1,0.831783,0.16494335,2.0671835e-06,2.4501633e-06,0.0032512664,1.6395717e-05,1.4768788e-06
ISIC_0026148,1,0.005699116,0.99400514,2.016674e-05,2.1818905e-05,0.00013702898,5.869422e-06,0.00011089488
ISIC_0028810,1,0.99666625,0.0033195396,9.768079e-06,4.6598e-09,8.8781945e-07,3.3138697e-06,3.4197365e-07
ISIC_0031615,1,2.9227496e-07,0.9997898,1.4750117e-07,2.4278024e-09,0.00020972773,4.413214e-08,4.910279e-08
ISIC_0031592,1,2.3464663e-07,0.9999993,5.4128513e-10,3.2900134e-13,5.011546e-07,2.0249217e-08,1.3769159e-08
ISIC_0026303,1,0.07861373,0.91693264,0.003527792,4.8304455e-06,0.00024132464,0.0006447995,3.4877357e-05
ISIC_0030125,1,0.018206658,0.9367604,0.0059175184,2.9709778e-07,1.0666897e-05,0.0009175548,0.038186766
ISIC_0025812,1,1.4497424e-08,0.9999949,1.5626126e-06,3.628748e-11,3.4787038e-06,5.904158e-10,5.7916353e-08
ISIC_0029357,1,6.816389e-07,0.96999884,1.5632397e-05,7.4355633e-09,0.029493358,0.00044140368,5.013022e-05
ISIC_0029846,1,3.8169446e-07,0.9999982,2.2096878e-10,2.9851142e-14,3.242469e-10,1.313294e-09,1.3644169e-06
ISIC_0029194,1,6.2890985e-07,0.9999989,1.6177964e-07,2.0032033e-10,5.369118e-10,1.5205474e-07,1.2380934e-07
ISIC_0024340,1,2.3940642e-05,0.70848334,1.7746505e-07,2.959929e-08,0.29142585,1.1334591e-06,6.559983e-05
ISIC_0027361,1,2.2824459e-05,0.67046386,7.947415e-06,2.062849e-06,0.3280206,2.0522462e-05,0.0014621033
ISIC_0030406,1,3.7025006e-06,0.99923074,1.3655166e-06,2.5625852e-07,0.0005225996,8.530325e-09,0.00024136719
ISIC_0026633,1,2.678408e-05,0.9985624,1.7778698e-06,2.0806475e-07,0.0013917409,4.4697623e-07,1.6599224e-05
ISIC_0027086,1,0.62140656,0.32145965,0.00083319313,7.808281e-05,0.013548912,0.00024797278,0.04242563
ISIC_0025689,1,0.000694112,0.31472322,2.6283908e-05,3.8209575e-07,0.68449557,9.53883e-06,5.092102e-05
ISIC_0027709,1,0.0001305137,0.9968353,6.611873e-07,3.3199152e-09,0.0030311476,2.1200903e-07,2.1241533e-06
ISIC_0025909,1,0.2030102,0.79698867,1.5691764e-07,2.6527813e-09,9.777916e-07,1.00000035e-08,1.2540326e-08
ISIC_0028831,1,0.007906105,0.99192774,7.1381913e-07,1.4462145e-07,0.00016310945,5.815239e-08,2.1736967e-06
ISIC_0029435,1,0.4179673,0.5820315,7.56897e-09,1.386427e-10,8.8391977e-07,1.037165e-09,2.9746394e-07
ISIC_0025850,1,0.10233753,0.8974645,1.15625135e-05,1.7490505e-05,3.915041e-05,3.235901e-05,9.753486e-05
ISIC_0029187,1,0.72334975,0.27497104,0.00023078769,2.4103363e-07,0.00020272589,0.0010871842,0.00015828758
ISIC_0030473,1,0.033001237,0.96699864,8.29432e-09,1.8428334e-09,6.6450334e-10,8.1103494e-08,2.2376463e-09
ISIC_0025907,1,0.00014324751,0.9998135,7.700275e-08,3.182547e-13,4.3216987e-05,5.0886104e-08,2.8289286e-08
ISIC_0027113,1,1.7010785e-05,0.9999616,9.6764104e-08,3.810436e-11,2.131621e-05,5.2624354e-09,1.427423e-08
ISIC_0024831,1,3.334802e-05,0.9999614,3.4727002e-06,1.3457134e-11,9.550363e-07,6.911181e-09,7.88615e-07
ISIC_0026869,1,1.68666e-06,0.9997297,8.3617915e-06,1.9983304e-09,0.0002475407,6.0720716e-08,1.258298e-05
ISIC_0026186,1,1.7699635e-05,0.9999652,2.2611896e-07,7.6758605e-10,1.6301827e-05,2.9780514e-07,3.6706754e-07
ISIC_0025156,1,3.0759413e-06,0.9999281,1.0971319e-08,1.0659226e-09,6.399148e-05,7.569404e-09,4.7702483e-06
ISIC_0028751,1,1.810233e-05,0.999977,2.2292515e-08,3.7083414e-06,3.7163937e-07,5.88059e-09,8.356203e-07
ISIC_0027024,1,0.0006417154,0.9993445,7.200238e-07,2.7461263e-06,1.1001819e-06,1.1237259e-08,9.212834e-06
ISIC_0033745,1,0.002791911,0.3249082,0.051054504,2.2599439e-05,0.4427474,0.08246774,0.09600763
ISIC_0033112,1,0.015284325,0.93790185,0.001588113,1.2708969e-06,0.03340183,0.0060719117,0.0057507576
ISIC_0025598,1,0.002119646,0.99006796,2.957384e-06,1.6103164e-05,0.007660172,3.2578737e-05,0.00010069979
ISIC_0028977,4,3.293777e-05,0.072112456,4.658179e-06,8.369411e-05,0.9277622,1.8614608e-06,2.177545e-06
ISIC_0026403,1,0.04090918,0.95685554,1.2046934e-05,0.0005368906,0.0015617816,0.000102573395,2.2034703e-05
ISIC_0029491,1,0.40159532,0.59794486,2.5269399e-06,0.00024942184,0.000176369,6.0160983e-06,2.5470761e-05
ISIC_0025049,1,0.0005974143,0.9993832,1.573e-08,7.928361e-09,1.9166959e-05,3.0359487e-08,1.5777061e-07
ISIC_0026423,1,0.0008283336,0.99724907,4.2196348e-07,3.914883e-06,0.0019053752,2.0521081e-06,1.08762e-05
ISIC_0026432,1,0.07878656,0.9104855,3.9955117e-05,1.5095982e-06,0.0003120577,9.886322e-06,0.010364528
ISIC_0030462,1,0.0012720657,0.9987081,2.595069e-07,4.5991215e-09,1.900718e-05,5.296854e-07,5.7012894e-08
ISIC_0033971,1,0.0705969,0.9292199,3.6667755e-06,1.1608752e-05,2.3375223e-06,0.00016462045,9.605687e-07
ISIC_0032527,1,0.19874848,0.80053526,9.943641e-06,0.0004295223,1.6353351e-05,0.0002534172,7.0310066e-06
ISIC_0032964,1,0.023558779,0.976433,1.2186655e-07,2.3562041e-08,7.493539e-06,7.921814e-08,5.223822e-07
ISIC_0025619,1,3.063897e-05,0.6006645,0.010464012,4.806949e-06,0.3512402,3.192607e-05,0.037563916
ISIC_0031613,1,0.00908779,0.9413334,0.0010693017,1.1684392e-05,0.013462475,0.034910303,0.0001250055
ISIC_0029953,1,2.6217811e-05,0.99993014,2.9083486e-08,1.6945588e-08,4.0315805e-05,1.1053832e-07,3.1989398e-06
ISIC_0027087,1,0.00017826252,0.99820244,9.527697e-06,0.0015582128,4.3760167e-05,1.2050795e-08,7.767423e-06
ISIC_0034267,1,6.862694e-07,0.9999447,3.7214483e-07,3.4538275e-11,4.8552487e-05,6.954742e-09,5.6739227e-06
ISIC_0033137,1,4.4073463e-06,0.9544473,2.159045e-06,9.12304e-10,2.2903673e-07,9.078543e-08,0.04554573
ISIC_0032953,1,0.00043340723,0.99775827,1.11623734e-07,5.4648916e-07,2.1738584e-05,1.2569238e-07,0.0017857772
ISIC_0033331,1,0.007446759,0.9164472,0.00022218467,0.00018967668,0.07557869,4.131842e-05,7.4129915e-05
ISIC_0034192,1,0.000110052235,0.99988925,3.6939525e-09,3.5940747e-07,3.1563854e-07,1.5660043e-09,4.5105356e-08
ISIC_0033689,1,0.00027915943,0.9993286,4.1247426e-07,6.250668e-07,0.00039030742,1.1050744e-07,7.76072e-07
ISIC_0034136,1,0.3946833,0.59063995,0.00038341284,0.0024134696,0.008280343,0.0035669247,3.2651315e-05
ISIC_0033386,1,4.1727046e-05,0.9999571,2.3171742e-07,8.378862e-08,7.587151e-07,6.746356e-09,8.294682e-08
ISIC_0033003,1,0.0004526448,0.9982558,4.7570907e-06,1.4203419e-05,0.0012677099,3.8893436e-06,1.0164224e-06
ISIC_0033511,1,2.4339583e-05,0.9999664,2.944599e-10,2.0067278e-11,9.310153e-06,4.7779816e-09,1.3682856e-09
ISIC_0027250,1,0.05498547,0.9435967,2.1616028e-05,2.7760702e-06,0.0013326256,1.3615847e-06,5.9367572e-05
ISIC_0025309,1,9.403644e-08,0.99992085,1.2853251e-06,1.417886e-09,7.762758e-05,3.978439e-10,1.2988306e-07
ISIC_0031466,1,0.00065339275,0.9469732,5.4819877e-05,0.051271014,0.00013600322,5.3530443e-06,0.0009062636
ISIC_0031048,1,4.3224358e-05,0.9999411,7.3370205e-07,3.2143956e-07,1.3036939e-06,2.4429066e-06,1.0830717e-05
ISIC_0027432,1,0.00011060333,0.999889,1.11009095e-08,7.790085e-12,6.413612e-08,9.393951e-08,1.16687495e-07
ISIC_0024907,1,5.325254e-05,0.99994516,6.309943e-07,4.5854023e-10,9.013055e-07,8.5682e-09,4.625242e-08
ISIC_0028214,1,0.00018920578,0.99305326,0.0038828212,2.39839e-05,0.0027907977,6.512477e-07,5.917905e-05
ISIC_0025453,1,0.0063792244,0.7455258,0.0046021044,0.000589639,0.22429527,2.5918507e-05,0.01858206
ISIC_0025786,1,0.0009667776,0.99857724,1.4838588e-07,3.971807e-09,9.497258e-06,0.00044625203,7.664074e-08
ISIC_0025525,1,0.00088474323,0.9990527,6.125325e-07,3.7950162e-08,3.3900876e-06,5.838203e-05,1.4360317e-07
ISIC_0027847,1,0.06015097,0.93984866,6.004888e-08,2.2859487e-10,8.2260456e-08,2.1654624e-07,4.7938737e-08
ISIC_0030709,1,0.93174374,0.06821175,4.493347e-06,6.2694976e-06,1.4029611e-06,1.9679888e-05,1.2570755e-05
ISIC_0026384,1,8.5838656e-05,0.9998605,3.1650813e-09,2.2533908e-09,5.205136e-05,6.257817e-08,1.4070444e-06
ISIC_0028436,1,0.022666587,0.9773177,1.2459051e-07,5.4524554e-07,1.3238753e-06,1.1695348e-05,2.0142552e-06
ISIC_0030085,1,4.440407e-05,0.99960643,6.6853846e-07,8.841644e-08,0.00034814837,4.9017434e-08,2.354397e-07
ISIC_0029348,1,1.8126531e-05,0.9999511,2.568341e-07,3.587311e-09,2.9988747e-05,7.1182654e-08,4.3013875e-07
ISIC_0030899,1,0.0119234435,0.98714626,1.0158726e-05,0.00016755272,0.00048980466,0.0001503386,0.000112323105
ISIC_0031757,1,0.0006257629,0.99917847,5.177429e-07,8.493436e-08,0.00018431182,2.5069346e-06,8.292431e-06
ISIC_0032641,1,0.003296283,0.996698,7.425571e-07,1.9082843e-06,2.2719842e-06,7.6219754e-07,5.8234335e-08
ISIC_0033345,1,2.9735125e-05,0.9999571,5.644314e-08,4.6484246e-08,1.2986276e-05,4.163244e-09,8.811289e-08
ISIC_0032711,1,0.00723324,0.983752,9.2500115e-05,9.857681e-07,0.002095586,0.00025980576,0.0065659247
ISIC_0033207,1,0.04546524,0.95401984,8.5684966e-05,7.46255e-07,0.00035162744,1.4557014e-06,7.533557e-05
ISIC_0032558,1,0.025215907,0.968782,0.00019461113,5.388328e-06,0.0057494855,6.855735e-06,4.573523e-05
ISIC_0032679,1,0.00023615752,0.98214895,5.7257977e-05,0.008582343,0.0087699955,5.6124165e-05,0.00014925991
ISIC_0032529,1,9.0320886e-05,0.99933416,7.806519e-07,5.2106833e-07,0.00055734237,3.9387646e-06,1.3015718e-05
ISIC_0033119,1,0.01897088,0.9439766,4.460558e-06,4.7602203e-05,0.036967114,7.979479e-06,2.5408648e-05
ISIC_0032666,1,0.68109804,0.31191376,1.010637e-05,0.006360901,1.231677e-05,0.00058739126,1.7508264e-05
ISIC_0033157,1,0.000119309836,0.9680379,5.152789e-07,2.89387e-07,0.03183344,8.325021e-06,2.3201176e-07
ISIC_0032811,1,0.00095540413,0.99899024,2.0214207e-08,8.3555435e-08,5.2111653e-05,1.9108754e-06,1.5865716e-07
ISIC_0033827,1,2.7595832e-05,0.9999616,9.228396e-09,1.5237929e-09,1.1887515e-06,9.429353e-06,2.1392457e-07
ISIC_0033497,1,1.3021625e-05,0.99998224,3.8412566e-08,2.1295476e-09,1.0748437e-06,4.7192447e-07,3.1152363e-06
ISIC_0033242,1,0.05494532,0.88388455,0.054738168,0.003523506,0.0010059858,0.00013863585,0.0017638545
ISIC_0032619,1,0.2811317,0.7049828,0.00031305727,3.7490279e-06,0.013532864,2.1183666e-06,3.3699416e-05
ISIC_0032585,1,2.1481931e-07,0.9999994,9.897472e-08,5.0953844e-08,1.9634193e-08,4.4418726e-09,2.8052585e-07
ISIC_0032899,1,0.00020983863,0.9997242,2.787976e-06,3.3131292e-07,5.8542406e-05,2.0931736e-06,2.1288488e-06
ISIC_0034157,1,3.0033574e-05,0.9982496,3.2887206e-07,3.8444878e-06,0.0017112957,2.8078712e-06,2.0470661e-06
ISIC_0033798,1,0.00021389419,0.9997657,9.64366e-07,1.8717094e-08,4.078788e-06,1.3345344e-05,2.023268e-06
ISIC_0033014,1,0.00055732904,0.99943274,8.708054e-06,3.9174244e-10,6.286863e-07,5.324693e-07,7.8938406e-08
ISIC_0032516,1,0.0025434867,0.99745244,2.8811858e-06,2.6013047e-09,7.282777e-07,4.807305e-07,2.3464652e-08
ISIC_0032815,1,8.9253655e-05,0.99987495,4.829394e-08,6.99737e-08,3.559524e-05,4.8146944e-09,2.309945e-08
ISIC_0033094,1,2.6257201e-05,0.9999542,7.349441e-09,3.6964315e-10,1.7172746e-05,2.2069291e-06,1.1261945e-07
ISIC_0033162,1,0.00032763937,0.9994715,6.979137e-07,1.2039563e-08,0.00020016581,1.4096678e-09,4.6004008e-08
ISIC_0034105,1,2.2433574e-06,0.999997,4.2748617e-08,6.678022e-11,6.500897e-10,7.55172e-07,2.0173191e-08
ISIC_0033138,1,6.404521e-05,0.9999273,1.505723e-07,1.0421341e-08,6.651431e-08,3.3215526e-06,5.1045204e-06
ISIC_0032728,1,0.005671544,0.99432015,2.9274763e-06,1.3283353e-09,2.167352e-10,5.354011e-06,4.8293312e-08
ISIC_0034319,1,0.0726485,0.9273512,2.7022386e-08,1.8800002e-09,2.3137214e-07,1.1403267e-07,2.4732424e-08
ISIC_0033748,1,0.028257808,0.97174215,7.8011947e-10,4.348293e-10,2.6452889e-09,3.5229422e-09,6.172963e-09
ISIC_0034044,1,0.8798733,0.0713578,0.00029310037,8.205912e-07,0.04333341,0.0051271403,1.4450603e-05
ISIC_0032521,1,3.3663233e-05,0.9938491,2.1172456e-05,0.00017881539,0.005864067,4.9922466e-05,3.3417177e-06
ISIC_0032674,1,2.9290962e-07,0.9999665,5.5072286e-07,9.532382e-08,3.2549407e-05,1.9090696e-09,2.9610423e-08
ISIC_0033958,1,5.23554e-07,0.99999404,1.3214883e-06,1.4299777e-06,2.4721376e-06,6.2371623e-09,1.729906e-07
ISIC_0033906,1,0.00019732802,0.9997085,2.2457812e-08,4.532492e-09,9.2145245e-05,2.1208113e-08,1.9843992e-06
ISIC_0033298,1,2.028334e-05,0.98687196,1.7884208e-06,1.8456093e-07,0.013105262,6.656453e-08,4.1631213e-07
ISIC_0034210,1,4.581431e-05,0.99801105,1.8643634e-07,9.741702e-10,0.0019413522,1.1435689e-07,1.5066569e-06
ISIC_0032542,1,0.00087499677,0.9991248,1.1248168e-08,4.519565e-10,1.768852e-09,6.606963e-08,9.4000654e-08
ISIC_0034224,1,0.00067990174,0.99928856,5.140691e-08,4.344032e-08,2.973149e-05,5.3870974e-07,1.1245603e-06
ISIC_0034288,1,0.0002627762,0.99973243,8.873814e-08,4.0327e-06,2.943558e-07,1.4559294e-07,2.2497376e-07
ISIC_0033420,1,0.002143645,0.99785256,7.505081e-07,5.199971e-07,2.6168989e-06,1.4449364e-10,3.2431952e-08
ISIC_0032661,1,0.0003922523,0.9994978,2.197268e-07,1.9964184e-06,0.00010607471,6.567198e-07,9.752555e-07
ISIC_0033096,1,6.535368e-06,0.8904216,9.1728325e-05,3.7461752e-05,0.10943879,3.3734425e-06,4.2061095e-07
ISIC_0033972,1,4.942541e-07,0.9564623,0.00027052985,8.941446e-06,0.043254077,1.106791e-06,2.5223633e-06
ISIC_0033367,1,0.00019820455,0.6559841,0.0017409062,0.006859015,0.33478773,0.00038442522,4.5541976e-05
ISIC_0032822,1,0.010869968,0.98912746,5.580202e-09,3.7212953e-09,2.5224213e-06,5.1136833e-09,8.995484e-08
ISIC_0033283,1,0.0046012104,0.995272,1.190079e-07,3.4668844e-07,0.0001260493,4.015285e-08,2.8602142e-07
ISIC_0033359,1,0.001338655,0.99824345,7.075392e-07,1.3902537e-06,0.00041466375,5.826942e-10,1.1034488e-06
ISIC_0033018,1,0.0012195598,0.99865377,1.78304e-06,9.285498e-08,9.816074e-05,9.1693096e-07,2.5634541e-05
ISIC_0032541,1,0.0052870694,0.9947102,1.6025383e-07,1.9839142e-07,3.1205607e-07,5.2442584e-07,1.596115e-06
ISIC_0032515,1,0.0011588008,0.9744835,1.2093246e-06,6.3335314e-08,0.023458403,8.817002e-08,0.00089791475
ISIC_0032942,1,4.2985073e-07,0.9999994,1.5400005e-08,3.8838607e-08,7.006054e-08,3.0328123e-12,5.0140443e-08
ISIC_0025587,1,0.00080161606,0.9981989,1.4333604e-05,5.7098063e-08,8.47136e-05,0.00040043896,0.00049996667
ISIC_0032628,1,6.187457e-07,0.99999416,3.7934303e-08,1.4376202e-08,5.1490333e-06,2.097534e-08,6.139333e-08
ISIC_0032512,1,1.1433026e-05,0.99996006,2.580841e-06,3.2204824e-07,2.5040994e-05,2.8235588e-08,5.3949293e-07
ISIC_0034149,1,2.6487833e-06,0.99999475,5.059818e-08,1.006935e-07,2.2601257e-06,4.8333676e-10,1.2283105e-07
ISIC_0033800,1,8.7277505e-07,0.9999987,4.7532957e-08,1.0943899e-08,2.3707351e-07,5.03687e-09,2.0519839e-07
ISIC_0032646,1,0.0065284246,0.97457933,8.271782e-06,3.097607e-05,0.0057588206,0.013093291,8.440532e-07
ISIC_0033627,1,3.0161982e-06,0.9994691,1.3164623e-06,9.988152e-07,8.013634e-06,0.00051744794,1.260862e-07
ISIC_0033803,1,1.08961285e-05,0.0025868437,0.0036650603,9.2016165e-08,6.21193e-05,3.6637703e-05,0.99363834
ISIC_0032860,1,5.308825e-05,0.014330713,0.0045553483,5.8860815e-07,3.4258179e-07,0.006397305,0.9746627
ISIC_0034292,1,0.0032001073,0.99554837,1.9954228e-05,2.812868e-05,0.0011255437,1.2605719e-05,6.5362605e-05
ISIC_0034207,1,0.00052026904,0.99825567,1.2701711e-05,1.3291123e-05,0.0011412516,4.0867394e-06,5.2776933e-05
ISIC_0033408,1,1.5262636e-05,0.9971138,2.8328188e-06,4.5720247e-07,0.0028297585,9.078914e-06,2.8775788e-05
ISIC_0033621,1,0.04051696,0.9120099,0.04746415,2.9610893e-08,3.7922534e-06,9.649909e-07,4.193889e-06
ISIC_0034116,1,2.5540534e-05,0.99997437,9.616524e-10,6.443142e-13,1.9774976e-08,5.094127e-09,5.5560236e-08
ISIC_0034073,1,0.009020452,0.99095714,6.083073e-08,2.1776116e-09,2.1350126e-05,2.5348024e-07,6.90499e-07
ISIC_0032702,1,0.001142964,0.9987595,1.11576655e-05,6.3614066e-06,6.6042994e-05,1.2353166e-05,1.6129407e-06
ISIC_0033667,1,0.008066809,0.9901799,4.4899148e-06,2.2877009e-07,4.0470477e-05,0.0017009039,7.2055004e-06
ISIC_0033107,1,0.08928832,0.9106158,1.8305072e-05,8.447924e-06,6.4090105e-05,4.583973e-06,4.838919e-07
ISIC_0034060,1,0.51075464,0.489245,2.9553457e-08,6.830035e-10,1.359337e-07,1.18254405e-07,3.173515e-08
ISIC_0033002,1,0.22336948,0.7766254,1.0872698e-09,8.16162e-11,2.3415054e-09,5.0650538e-06,2.2054055e-08
ISIC_0033683,1,0.00011485033,0.9998851,4.2246778e-10,2.7841606e-11,8.945485e-10,3.1085037e-11,2.2620254e-08
ISIC_0032584,1,7.7563145e-06,0.9998777,7.6058e-08,4.0533914e-06,5.636118e-07,2.1072628e-07,0.00010965412
ISIC_0033731,1,3.4822126e-06,0.9999664,1.2348046e-07,4.0839842e-07,1.8571471e-07,2.8913464e-08,2.9451798e-05
ISIC_0032644,1,2.3869738e-05,0.99875855,2.352022e-06,0.00023102283,0.00020287614,4.899824e-06,0.0007765379
ISIC_0033933,1,0.045607634,0.95439106,2.1371899e-07,8.872977e-12,3.5090494e-07,1.5160055e-08,7.3032555e-07
ISIC_0033447,1,0.0009751299,0.9990245,1.6361714e-09,5.5339564e-09,1.9335348e-08,3.4384328e-07,1.3212952e-08
ISIC_0033639,1,8.869247e-05,0.9999113,8.532805e-11,1.2674806e-11,9.3039215e-10,3.0051708e-09,3.067245e-08
ISIC_0032478,1,0.02676649,0.74349487,0.00027524558,8.3664265e-05,0.22927652,1.5760053e-05,8.7411565e-05
ISIC_0032765,1,0.0012299623,0.9759026,0.0005952544,4.5584122e-07,0.022206044,4.9292845e-05,1.6303118e-05
ISIC_0032650,1,1.654461e-05,0.99997306,3.3160077e-06,9.4679046e-07,2.9157807e-06,1.9966762e-08,3.2434646e-06
ISIC_0034182,1,0.32612517,0.6738743,8.773433e-09,3.798116e-09,4.0250916e-07,4.9698787e-09,1.0123196e-07
ISIC_0034213,1,0.0010614626,0.99768746,4.2444513e-05,9.468682e-06,5.3989453e-07,0.001160913,3.7715632e-05
ISIC_0032561,1,0.00018664128,0.99154705,3.361833e-05,0.0064358404,2.756265e-06,0.0017353062,5.8737125e-05
ISIC_0033839,1,0.0074919704,0.9916232,4.941127e-06,1.0615871e-06,3.0725218e-08,0.00087019795,8.61116e-06
ISIC_0026279,1,0.000104247025,0.9991742,4.7837514e-08,7.069333e-08,0.0007192167,2.3296975e-09,2.1667001e-06
ISIC_0031814,1,0.0019099681,0.9976615,2.2049705e-06,3.275199e-09,0.00014049624,3.0818956e-07,0.00028548864
ISIC_0032601,1,0.005979625,0.94340307,0.05061483,5.216043e-08,9.200666e-07,4.7427164e-08,1.6044504e-06
ISIC_0032878,1,6.407231e-06,0.9999931,4.794698e-07,1.393405e-10,2.1854103e-08,1.2071255e-09,2.389073e-08
ISIC_0032649,1,0.7564008,0.2435839,2.991413e-07,1.8527366e-07,3.6597054e-08,1.4562934e-05,1.14329865e-07
ISIC_0034109,1,8.612857e-05,0.9999136,2.337887e-09,3.3125547e-10,2.1071759e-07,2.1285658e-08,3.74706e-08
ISIC_0033439,1,0.008298817,0.99167717,4.546489e-07,8.7227966e-07,1.0782548e-05,1.07191445e-05,1.174999e-06
ISIC_0033214,1,7.102422e-05,0.9999175,8.564161e-08,1.8353296e-13,1.323699e-06,6.996931e-07,9.329918e-06
ISIC_0033255,1,7.926381e-05,0.9997942,8.1986305e-05,3.9664775e-11,2.5700992e-05,1.2135913e-05,6.732979e-06
ISIC_0033229,1,0.00060827384,0.9993106,4.2719234e-06,1.0748671e-09,5.1591756e-05,2.2517157e-05,2.7320475e-06
ISIC_0033181,1,9.2440914e-08,0.99690646,0.0001234403,4.3208237e-09,0.0029293273,1.3816249e-06,3.925322e-05
ISIC_0033661,1,4.5963393e-09,0.99936897,2.0953063e-05,6.9368213e-12,0.0005968497,4.6108568e-08,1.3194909e-05
ISIC_0034004,1,5.7248267e-06,0.9876632,0.00027224413,7.3133326e-09,0.0060725557,0.00045423323,0.0055320496
ISIC_0033136,1,0.0003959535,0.686842,2.9820405e-06,1.432525e-09,0.0015603437,1.7131972e-05,0.31118152
ISIC_0033215,1,0.00047391804,0.96798986,2.973076e-05,5.2406314e-05,0.014684966,0.00015389844,0.016615143
ISIC_0032737,1,0.018460248,0.95687026,6.0876246e-06,9.946292e-08,0.02354455,0.00076180306,0.00035691407
ISIC_0031482,1,7.4070448e-09,0.9999814,5.3269267e-10,4.9008072e-11,2.017407e-06,7.5327564e-11,1.6531249e-05
ISIC_0032944,1,1.2835065e-07,0.9995536,9.871661e-07,7.891569e-09,0.000369461,2.974429e-10,7.579224e-05
ISIC_0033516,1,0.00023074326,0.9961999,3.8127997e-05,2.7838842e-06,0.0032600882,1.8417222e-06,0.0002664647
ISIC_0033142,1,1.8474325e-06,0.9999732,1.2376967e-07,3.1323358e-07,2.4477926e-05,4.0993393e-11,1.7717971e-08
ISIC_0032703,1,5.247949e-07,0.9999964,2.4684e-08,2.4435634e-08,3.0265946e-06,1.1780299e-11,5.160761e-09
ISIC_0033168,1,1.1750742e-05,0.9999664,1.9521048e-07,1.865071e-08,2.1611439e-05,2.641108e-10,1.8153765e-08
ISIC_0034187,1,4.0099985e-07,0.99873,5.59312e-07,5.165143e-08,0.0012668783,1.4125308e-06,7.2548215e-07
ISIC_0027837,1,9.7687625e-08,0.99091667,4.417999e-06,2.605306e-07,0.00904149,2.7679389e-05,9.417176e-06
ISIC_0033512,1,0.0038561733,0.9840963,0.0101693375,0.0018412806,1.6925327e-07,1.296701e-06,3.55491e-05
ISIC_0032788,1,0.00011716923,0.9989421,0.00092468434,1.0440156e-06,1.9130741e-09,2.614278e-06,1.241274e-05
ISIC_0033737,1,1.5715743e-05,0.99956864,3.9253942e-07,7.99609e-07,0.00041305367,1.9658067e-08,1.410692e-06
ISIC_0033932,1,4.351709e-06,0.9991032,9.495072e-07,1.6756802e-06,0.0008874621,3.466667e-08,2.4559668e-06
ISIC_0033062,1,4.282866e-07,0.9999989,1.2829851e-07,2.4074607e-09,4.8352445e-07,4.2467267e-08,2.2941117e-08
ISIC_0034261,1,7.708166e-08,0.99999833,2.585582e-09,5.542452e-11,1.1829679e-07,1.4126476e-06,8.235525e-09
ISIC_0032772,1,9.184099e-05,0.9991929,0.000113699585,9.771179e-08,0.00039957726,1.9751731e-07,0.00020168413
ISIC_0034041,1,0.004477387,0.99539477,2.9462289e-08,6.647831e-08,0.00012196109,6.659414e-09,5.7080924e-06
ISIC_0033598,1,0.03590459,0.9614002,2.82584e-05,2.721056e-07,0.0016637926,1.6121308e-05,0.0009867356
ISIC_0034021,1,0.08905716,0.91055655,3.3731724e-06,2.691579e-07,0.00032217536,6.005905e-07,5.9909406e-05
ISIC_0034220,1,0.0031248224,0.9912384,6.985608e-07,8.205253e-08,0.005635582,1.15373226e-07,2.6058265e-07
ISIC_0032973,1,6.0128208e-05,0.9998988,1.1554038e-06,1.5956171e-07,3.9788625e-05,9.579191e-09,3.3458456e-08
ISIC_0033425,1,0.0035252138,0.996473,7.365083e-07,8.812001e-07,3.3309178e-08,9.924019e-10,1.61458e-07
ISIC_0032605,1,1.1653359e-06,0.9998895,1.1975592e-06,1.2378074e-06,0.000106630105,2.0535735e-08,3.2093104e-07
ISIC_0032779,1,1.5423888e-06,0.9999887,8.65919e-07,6.7123307e-07,7.694783e-06,2.2005959e-07,2.8266317e-07
ISIC_0033950,1,4.296161e-05,0.97215635,2.440552e-05,1.0200748e-06,0.027761918,1.8084663e-08,1.33344965e-05
ISIC_0033167,1,0.0001810592,0.99980766,1.8570619e-08,1.0315406e-08,8.763775e-06,8.2493635e-08,2.4615854e-06
ISIC_0033937,1,3.153051e-06,0.99999046,1.8482229e-09,2.4153304e-11,5.7047077e-06,5.9492933e-10,7.114769e-07
ISIC_0033435,1,0.0007482359,0.9992461,5.458013e-09,6.278726e-11,5.6275353e-06,3.893666e-08,8.741437e-08
ISIC_0034016,1,0.0026791808,0.9968449,1.3827712e-07,1.3741829e-09,0.0004593474,2.620208e-07,1.6258089e-05
ISIC_0033845,1,0.07795475,0.9220433,7.643164e-08,1.4596586e-08,1.874792e-07,4.0534125e-08,1.6704374e-06
ISIC_0032884,1,0.00381893,0.9960769,1.1877503e-06,1.6352037e-07,0.00010088501,2.9281725e-07,1.7577632e-06
ISIC_0033707,1,2.1475877e-07,0.9999864,3.5421838e-08,1.9210666e-09,8.330831e-06,6.892893e-10,5.0104754e-06
ISIC_0033912,1,2.1538255e-05,0.99993885,2.2586903e-07,2.9493592e-09,2.492094e-05,2.9384464e-07,1.4199021e-05
ISIC_0032380,1,2.980961e-06,0.999997,4.9703597e-10,7.6875334e-10,5.42171e-08,1.5688789e-09,1.5641909e-09
ISIC_0025447,1,2.423891e-05,0.99997485,6.010646e-09,1.535083e-08,8.7955567e-07,6.673323e-09,3.032014e-09
ISIC_0028591,1,0.32853022,0.6708884,0.00015284317,1.3511877e-07,0.0002822012,5.005881e-07,0.00014568231
ISIC_0024524,1,0.0038712097,0.99563843,7.4517404e-05,1.3393604e-07,0.00033279887,5.553607e-07,8.231295e-05
ISIC_0032663,1,0.0027249788,0.98984116,0.0002016895,1.2323223e-06,0.0065249847,4.647145e-06,0.00070138817
ISIC_0034191,1,0.00016088158,0.24942541,1.8760278e-05,0.00023651286,0.7494993,0.00051108067,0.00014796093
ISIC_0033719,1,0.04289543,0.9570922,2.9283192e-06,1.8727599e-07,1.3976998e-07,3.7878137e-06,5.3302747e-06
ISIC_0033442,1,0.11364817,0.886335,5.8962613e-09,1.4123017e-08,4.397973e-07,1.0572947e-05,5.750287e-06
ISIC_0032943,1,0.023164313,0.97676146,1.8663242e-08,3.333498e-08,5.956178e-05,2.9571827e-06,1.1742544e-05
ISIC_0034181,1,0.00016403475,0.99975854,1.0607905e-07,2.5931573e-07,6.682744e-05,9.741363e-06,4.3078984e-07
ISIC_0033197,1,8.4129475e-05,0.9999145,4.7862716e-07,3.1482972e-07,1.5491871e-09,5.8995482e-08,4.5344987e-07
ISIC_0033036,1,0.002162212,0.99783164,5.1697967e-08,9.0732755e-08,5.364681e-06,6.645849e-09,5.9613706e-07
ISIC_0033015,1,0.00011965057,0.9989195,4.6309615e-06,4.2490683e-05,0.0007255137,1.7593399e-06,0.0001864553
ISIC_0033928,1,6.013465e-05,0.99961495,1.2361394e-06,4.6549627e-05,0.0002360079,1.3409916e-06,3.970706e-05
ISIC_0025970,1,0.31701413,0.6829734,8.759315e-06,2.4400713e-08,3.2336054e-06,1.3317896e-07,2.9329917e-07
ISIC_0027397,1,0.0018933718,0.3271698,0.051953178,0.00043354533,0.61828303,0.00013431138,0.00013278573
ISIC_0034108,1,3.1107168e-06,0.9995357,1.0023725e-06,8.418297e-09,0.00045379327,2.4497473e-09,6.4836486e-06
ISIC_0033740,1,0.0010737383,0.99834,2.383124e-07,1.9671755e-07,0.0005831307,1.3222718e-09,2.585637e-06
ISIC_0033045,1,2.544197e-06,0.9999975,1.1841278e-10,6.052814e-11,3.5968293e-09,9.914537e-11,3.5716647e-09
ISIC_0033697,1,0.00041100907,0.9995559,1.0322159e-06,3.1489602e-05,2.6760227e-07,3.3749323e-08,3.0708327e-07
ISIC_0033656,1,6.497575e-06,0.99983203,3.694814e-08,1.2298241e-07,0.00015880958,2.378146e-06,1.10203096e-07
ISIC_0032496,1,4.117616e-06,0.9996499,0.00025651554,1.3679687e-07,2.9905526e-05,6.3257124e-07,5.888492e-05
ISIC_0027246,1,0.000339805,0.9996598,3.709416e-07,1.6281296e-11,1.0291872e-08,5.873342e-10,4.217274e-08
ISIC_0031848,1,1.1542687e-05,0.9999769,9.117955e-06,5.982291e-10,5.713739e-08,4.6413287e-09,2.402219e-06
ISIC_0024608,1,0.86853087,0.13146913,1.13804e-08,1.137275e-10,4.966295e-10,3.174518e-08,2.3168239e-08
ISIC_0029814,1,0.080656886,0.9191334,1.8332831e-06,3.5866447e-05,3.6816153e-05,4.5908895e-05,8.935723e-05
ISIC_0031481,1,0.0455493,0.95404613,2.9927357e-06,2.91233e-05,3.0816504e-05,0.0001801019,0.00016146801
ISIC_0029704,1,0.00016963032,0.99982786,1.7627521e-07,2.5509675e-07,1.570227e-09,3.3603542e-09,2.0595487e-06
ISIC_0025620,1,1.4355683e-05,0.99457365,5.9415495e-05,1.4938975e-08,0.005189948,0.00016138426,1.3314474e-06
ISIC_0024668,1,0.0001460172,0.99983025,4.473349e-06,9.691305e-07,3.3494891e-06,3.1242562e-06,1.1792573e-05
ISIC_0031206,1,0.00016964153,0.9998273,1.445477e-08,4.0267064e-08,1.1307948e-06,1.3503504e-06,6.2989545e-07
ISIC_0030361,1,0.003916777,0.99608105,2.0409783e-07,3.6402472e-08,1.5263605e-08,4.0636003e-08,1.943759e-06
ISIC_0028487,1,2.361673e-07,0.9999931,3.31673e-07,4.3556577e-07,1.2417039e-06,7.8053444e-07,3.7659267e-06
ISIC_0030841,1,0.90285957,0.097139515,6.744846e-08,3.7942387e-09,1.0051761e-08,8.487895e-08,7.928102e-07
ISIC_0031645,1,0.0012879268,0.9983765,8.8910554e-07,6.677366e-08,2.333315e-08,0.00032092023,1.3647989e-05
ISIC_0031726,1,0.0020207223,0.997969,3.3835047e-08,3.0402794e-07,3.827189e-08,3.010514e-06,6.882636e-06
ISIC_0028581,1,0.00014271446,0.99951386,1.3777452e-05,1.4753291e-05,3.0999214e-05,1.3765988e-05,0.00027006515
ISIC_0027003,1,0.0019441927,0.998055,1.9122616e-07,7.934786e-09,5.464504e-11,4.756159e-07,1.879065e-07
ISIC_0030264,1,0.0012923675,0.99840957,1.6543194e-05,8.509982e-08,1.974165e-07,0.00015373282,0.00012746805
ISIC_0028894,1,0.004742166,0.9952472,1.2634878e-07,1.5514907e-09,8.501383e-07,9.587527e-06,7.140715e-08
ISIC_0030116,1,0.00027678712,0.9996966,1.3880105e-05,8.321422e-08,2.2415959e-07,8.976908e-07,1.1435858e-05
ISIC_0026270,1,0.00025710525,0.99971634,2.3639352e-05,8.9568054e-08,1.4691604e-07,1.0553615e-07,2.5342981e-06
ISIC_0025096,1,5.9707352e-05,0.9999387,1.0078475e-06,1.1469704e-09,1.3363108e-08,3.2373116e-08,5.3065077e-07
ISIC_0030840,1,0.0023255807,0.70382446,0.0017215027,0.0013607161,0.28966552,0.0007042947,0.00039788976
ISIC_0027925,1,1.7569046e-05,0.99998224,5.4713554e-09,1.7151708e-10,7.450413e-08,1.9603423e-09,1.5574295e-07
ISIC_0031917,1,4.2747215e-06,0.9999956,1.5623765e-08,6.2580585e-10,8.089687e-09,4.5524677e-09,1.3690997e-07
ISIC_0031079,1,1.6172322e-05,0.9999486,2.4607214e-06,1.9702607e-07,4.479458e-08,4.0904324e-09,3.2479336e-05
ISIC_0028524,1,4.0313466e-06,0.9999213,4.4967605e-06,4.328465e-08,5.8044554e-07,9.871484e-10,6.952418e-05
ISIC_0024846,1,0.0046104966,0.9946614,2.5488118e-05,0.0006785067,1.7629874e-06,1.1735508e-06,2.1269005e-05
ISIC_0024503,1,7.769299e-05,0.99978083,8.022274e-06,2.9403618e-05,6.354817e-05,4.736903e-08,4.049137e-05
ISIC_0029667,1,3.2367927e-05,0.99958247,7.075926e-06,9.975221e-06,0.00024231765,1.6245794e-07,0.00012569033
ISIC_0027574,1,0.00014483601,0.9897119,0.010074748,9.845998e-09,5.3142253e-06,7.622316e-08,6.308655e-05
ISIC_0030058,1,0.0001103374,0.99740404,0.0024462445,4.6471407e-10,3.8326984e-06,1.60511e-08,3.5543595e-05
ISIC_0030990,1,0.0015072001,0.99469995,0.00026676728,0.00024833003,0.0012992672,1.8877623e-05,0.0019596557
ISIC_0032492,1,0.00011640672,0.99918765,3.8796998e-07,1.9417035e-07,0.0006934446,9.363404e-07,9.616508e-07
ISIC_0027853,1,0.0017845568,0.99635255,1.4943292e-06,3.1102018e-06,0.0018333243,1.3805044e-06,2.3563987e-05
ISIC_0028545,1,0.0012995551,0.99866724,1.8940194e-07,3.129958e-07,3.0472649e-05,4.3648382e-07,1.6704378e-06
ISIC_0031447,1,0.0001725073,0.9812003,0.01349357,0.0015233802,0.0034850056,3.901657e-05,8.620064e-05
ISIC_0024837,1,4.8455727e-06,0.96605945,0.03387845,2.3972916e-06,4.4277447e-05,1.7014182e-06,8.8854695e-06
ISIC_0031667,1,0.00012749876,0.98693246,0.012360904,0.00010803747,0.00029330573,4.5238867e-05,0.00013251224
ISIC_0026027,1,4.8142214e-05,0.99734735,0.0024854566,3.1297204e-05,6.7831024e-05,7.1102263e-06,1.2738145e-05
ISIC_0031839,1,0.001118711,0.9988213,7.332894e-07,3.1960994e-08,1.3617114e-05,4.343946e-05,2.1685287e-06
ISIC_0026455,1,0.0022677148,0.99760145,5.3195276e-06,3.5470808e-07,4.223868e-05,7.6074226e-05,6.878199e-06
ISIC_0028265,1,0.00029950807,0.99967754,3.4378496e-07,1.2694021e-08,1.917357e-05,2.3877567e-06,1.1224411e-06
ISIC_0025020,1,4.109835e-06,0.999972,1.8164062e-07,2.245357e-05,5.149834e-07,2.4550273e-09,8.425226e-07
ISIC_0026106,1,7.237966e-06,0.9999703,5.116757e-07,1.7590464e-05,2.1856317e-06,8.606677e-09,2.0552307e-06
ISIC_0024349,1,0.0015313851,0.9984676,2.0908186e-09,3.5627246e-10,4.4588244e-10,3.8984265e-07,5.631177e-07
ISIC_0026126,1,0.04211589,0.95788246,7.036307e-08,4.189789e-09,2.9290923e-09,2.9971898e-07,1.2150792e-06
ISIC_0028271,1,0.00043078273,0.9995689,2.1640043e-09,1.2867284e-09,4.622362e-09,3.6797543e-09,3.047251e-07
ISIC_0026305,1,0.0024529102,0.995613,0.0018289558,1.3359089e-05,5.274695e-07,1.7522193e-06,8.943462e-05
ISIC_0028454,1,0.013250299,0.9841913,0.0014707341,0.0007135236,2.3194538e-05,2.624884e-05,0.0003246498
ISIC_0027658,1,0.0021554723,0.997804,5.283287e-06,6.4075066e-06,2.7833611e-08,1.4599294e-06,2.7317255e-05
ISIC_0028678,1,0.0024868841,0.99738306,5.536991e-05,2.8602683e-05,4.3974293e-08,9.532363e-07,4.5059143e-05
ISIC_0029382,1,0.00039405245,0.9993382,0.00026110784,2.6632324e-06,1.1380442e-06,2.842465e-08,2.8036354e-06
ISIC_0030093,1,0.00059660454,0.99936014,3.6964262e-05,5.3646504e-06,4.900543e-07,1.1892119e-08,4.0377253e-07
ISIC_0028645,1,0.0027526326,0.99547786,0.0017477719,1.4112845e-05,3.8066506e-07,4.74331e-08,7.2969992e-06
ISIC_0031984,1,5.368056e-05,0.9999349,1.568087e-06,4.5529643e-07,4.4519357e-08,3.6637116e-06,5.6088393e-06
ISIC_0026487,1,3.0569743e-06,0.99999416,1.6371052e-07,1.40062095e-08,1.0945686e-08,1.2169467e-06,1.4213756e-06
ISIC_0026052,1,8.46617e-05,0.99987316,1.3867312e-07,5.668314e-06,1.2099394e-05,1.5806278e-07,2.4122393e-05
ISIC_0029493,1,0.01381277,0.62724054,0.34802526,8.35735e-05,0.0007541935,0.009012159,0.0010715035
ISIC_0031559,1,6.762841e-05,0.9999219,2.2542147e-07,2.7521208e-10,8.972841e-08,6.771615e-06,3.3959345e-06
ISIC_0028510,1,0.0015668087,0.998223,3.2122484e-06,1.1143948e-06,0.0001892772,6.112427e-09,1.6602955e-05
ISIC_0031756,1,0.017719155,0.96478194,4.456762e-05,2.3681546e-08,0.016691452,6.703622e-06,0.0007562062
ISIC_0028723,1,6.090469e-05,0.99993443,9.33234e-07,6.9977157e-09,2.4108323e-07,8.598033e-09,3.4391908e-06
ISIC_0027751,1,1.0887318e-07,0.9999951,4.4341996e-06,9.49092e-13,1.14816e-09,7.210012e-11,3.8539895e-07
ISIC_0031092,1,0.0008886881,0.99911076,4.1346193e-10,2.4563397e-13,5.3313953e-09,1.07685425e-08,4.869504e-07
ISIC_0028167,1,0.00060407084,0.9993844,8.7599267e-07,4.6262934e-07,4.733504e-06,6.404399e-08,5.3517856e-06
ISIC_0032436,1,0.0001489801,0.97919774,2.7186734e-06,2.0670624e-08,0.020641366,8.8863845e-07,8.292738e-06
ISIC_0025181,1,0.0004408297,0.99946266,2.4274505e-07,1.0464917e-07,9.316722e-06,4.2641207e-07,8.63522e-05
ISIC_0024996,1,3.4571876e-08,0.9999906,8.757148e-06,2.742983e-09,4.6153156e-07,1.1050947e-09,1.6089972e-07
ISIC_0028092,1,0.00017984767,0.99975246,7.485007e-07,2.9584552e-08,3.755786e-08,6.6736146e-05,1.6402191e-07
ISIC_0027978,1,0.0006328738,0.999337,2.1298467e-05,1.0957323e-09,2.5591208e-07,7.4690893e-06,1.0849095e-06
ISIC_0027224,1,0.005996494,0.9937509,1.3623295e-06,1.2830567e-06,1.7375665e-07,0.00024553383,4.233015e-06
ISIC_0029641,1,0.007800166,0.9920293,4.2055963e-06,3.217769e-06,0.0001392705,1.0453792e-06,2.2793443e-05
ISIC_0026784,1,0.0017968146,0.9980957,7.774406e-07,3.2108662e-07,8.039825e-07,0.00010069488,4.843288e-06
ISIC_0031564,1,0.01814187,0.9812014,6.909887e-08,8.5336006e-07,0.0006542306,2.853474e-07,1.3165169e-06
ISIC_0025742,1,4.455263e-07,0.999215,6.58807e-07,5.472495e-05,0.0007289833,3.319582e-08,2.0466464e-07
ISIC_0032141,1,2.9574492e-06,0.9970162,0.00060547533,0.0022866204,7.206037e-05,3.2903915e-07,1.6354757e-05
ISIC_0031015,1,4.405838e-05,0.9498142,0.0016084833,0.006774166,4.2835407e-05,0.041673444,4.2925374e-05
ISIC_0032015,1,4.0382907e-05,0.99993765,4.026667e-08,2.0998572e-08,2.1379543e-05,2.8439475e-08,5.9606185e-07
ISIC_0031285,1,0.00010200918,0.98815364,1.8562773e-06,3.4226355e-07,0.011715024,2.1926206e-05,5.1832253e-06
ISIC_0028135,1,0.0029867375,0.9964664,3.4697366e-06,1.3895023e-07,6.5090426e-05,0.00046744186,1.0750234e-05
ISIC_0026400,1,0.0006575867,0.9993411,5.780532e-07,1.00690265e-07,2.195827e-08,2.4863809e-08,5.653712e-07
ISIC_0028212,1,4.8002923e-05,0.99994993,5.206001e-08,3.4280893e-07,1.5494105e-07,1.3564112e-06,2.1718125e-07
ISIC_0029162,1,0.0037157836,0.9957386,1.2073149e-07,6.669632e-10,0.00054483215,1.8665637e-07,3.7828764e-07
ISIC_0024841,1,0.06861218,0.9313853,1.5405714e-06,8.618543e-08,1.4587455e-07,1.7634773e-07,5.363619e-07
ISIC_0029121,1,0.0039567812,0.9960377,2.238468e-06,3.5429714e-08,4.4256305e-07,4.829738e-07,2.2758925e-06
ISIC_0030525,1,2.3230014e-07,0.98345727,0.016537737,1.4957128e-09,1.8631994e-09,5.7279287e-08,4.8301667e-06
ISIC_0025245,1,0.05903155,0.94083595,2.3574678e-07,5.224747e-09,6.466537e-08,0.0001289732,3.265953e-06
ISIC_0029001,1,6.969907e-05,0.055862118,0.86643267,0.0011343429,0.07554985,0.00030833576,0.0006429512
ISIC_0031126,1,0.0003045967,0.9862061,0.012888424,1.0404166e-05,0.00024302011,0.000272009,7.542166e-05
ISIC_0026340,1,0.00016703727,0.99961925,2.3556267e-05,3.7245202e-06,8.9478e-06,0.00017482215,2.7322137e-06
ISIC_0027988,1,9.666826e-06,0.9999081,1.792943e-07,7.080502e-07,7.906031e-07,7.97171e-05,8.0120134e-07
ISIC_0030733,1,3.7824393e-06,0.9999851,3.7639995e-07,4.0235278e-07,9.28866e-06,8.88497e-07,3.0858993e-07
ISIC_0025597,1,0.00062375126,0.9993068,1.3494731e-05,4.4635296e-08,8.693971e-06,1.50120095e-05,3.224133e-05
ISIC_0025225,1,1.6387716e-05,0.9999757,1.6919587e-06,6.82993e-08,7.9811645e-07,4.846496e-06,4.4489022e-07
ISIC_0027569,1,0.0001594434,0.99984026,4.6153282e-08,2.9088387e-10,1.6780338e-07,1.1005559e-09,2.7731597e-08
ISIC_0026698,1,0.00062127726,0.9987968,1.0623398e-06,0.00023084205,0.00034797442,6.011363e-07,1.4278355e-06
ISIC_0029138,1,6.280005e-05,0.9994561,0.00036996644,1.6270026e-06,2.0776763e-06,1.0154357e-05,9.720208e-05
ISIC_0029349,1,0.00016938563,0.9998282,3.9050238e-07,5.6797825e-07,5.461485e-07,4.2616612e-08,8.73149e-07
ISIC_0027963,1,1.8529687e-05,0.9999722,7.287436e-07,7.048725e-07,4.7239954e-08,7.2863627e-06,4.5521617e-07
ISIC_0024425,1,1.322462e-07,0.9999367,4.8901292e-08,3.120198e-05,1.1302543e-06,2.990977e-05,8.089474e-07
ISIC_0028557,1,1.9101131e-05,0.999767,5.176133e-07,5.489562e-05,0.00011331435,7.622413e-08,4.5012257e-05
ISIC_0027471,1,0.0020649794,0.995981,9.505578e-06,1.2946338e-05,0.0016795498,7.229566e-08,0.00025190183
ISIC_0026706,1,7.518324e-07,0.9999784,6.0941097e-06,6.977182e-08,1.2750051e-05,1.8315852e-06,2.1530857e-08
ISIC_0028297,1,0.0015709936,0.998422,1.4925263e-07,4.9897862e-06,3.2977218e-07,6.206989e-08,1.356007e-06
ISIC_0027401,1,0.9391071,0.060890447,1.9817515e-08,2.7014995e-08,2.4130168e-06,7.3717255e-09,1.7325116e-08
ISIC_0028637,1,0.9021947,0.097804025,2.3620415e-09,4.355297e-08,1.1853526e-06,1.1153152e-07,4.6334133e-08
ISIC_0026672,1,0.0022637763,0.9977088,4.8973866e-06,1.9610745e-05,5.285134e-07,2.032063e-06,3.555276e-07
ISIC_0030180,1,1.325438e-06,0.9988078,1.3134508e-07,2.0864878e-08,0.0011885446,1.9062358e-09,2.2769761e-06
ISIC_0026043,1,1.1280083e-06,0.9955941,7.170023e-07,3.7209777e-06,0.004390815,2.8211667e-07,9.339054e-06
ISIC_0025074,1,0.00018668832,0.99974436,1.4840299e-05,2.2443644e-05,6.9214175e-06,5.5933288e-06,1.9144705e-05
ISIC_0029898,1,0.008853085,0.9902919,5.1687875e-05,7.985437e-05,4.5666187e-05,0.0005513021,0.00012656087
ISIC_0026974,1,5.1500036e-05,0.999938,1.7052183e-06,2.046092e-08,5.308789e-06,1.8818627e-06,1.6084592e-06
ISIC_0025846,1,0.00084765244,0.9989912,1.9298974e-05,1.929226e-05,0.00011961969,1.389002e-07,2.8797224e-06
ISIC_0027928,1,0.005794793,0.9923764,3.7917343e-05,0.0014369322,0.00034490877,5.570568e-06,3.5550495e-06
ISIC_0031596,1,0.0083753895,0.99098444,2.4145295e-06,2.6262865e-06,0.0004573852,0.00017240306,5.464258e-06
ISIC_0025289,1,0.014039768,0.9784509,1.33289095e-05,0.0037989942,0.00012004877,1.3854374e-05,0.0035630402
ISIC_0030219,1,0.012461624,0.9827355,5.254395e-06,0.0047668368,1.05619665e-05,4.9330215e-06,1.5183607e-05
ISIC_0030981,1,0.00015548812,0.99975365,1.02729565e-07,4.7738416e-05,2.1524203e-05,1.1263822e-05,1.0175258e-05
ISIC_0025899,1,0.00031084183,0.9996871,2.377266e-08,7.2061757e-09,7.1176953e-10,4.578445e-09,2.1232086e-06
ISIC_0027382,1,0.0021306793,0.91549325,0.008761265,0.07332226,0.00017190087,1.4642763e-05,0.00010602702
ISIC_0027949,1,0.037504323,0.95785296,3.9803685e-06,0.0035328965,0.00067265175,0.00035009393,8.310454e-05
ISIC_0026795,1,7.1191716e-06,0.9999906,7.735691e-08,2.772381e-08,1.7634383e-06,8.4795154e-08,2.8271924e-07
ISIC_0030645,1,0.6867063,0.20773996,5.1456205e-05,0.0032964728,0.08152387,6.6233275e-05,0.02061566
ISIC_0026998,1,0.0005470887,0.985149,0.003934535,1.0691462e-05,4.9052283e-05,7.5314885e-05,0.010234349
ISIC_0032218,1,1.9437894e-06,0.6416109,0.08173322,2.5660515e-06,0.27659935,5.173749e-06,4.6749243e-05
ISIC_0031838,1,4.7789704e-06,0.9999858,2.3334161e-07,2.430948e-07,7.91544e-06,1.5443678e-07,8.751333e-07
ISIC_0029733,1,0.04063642,0.92514735,0.033734173,2.4961793e-05,0.00021403603,2.8488377e-05,0.00021464027
ISIC_0026329,1,5.5086046e-05,0.9996164,0.00026330454,8.812836e-09,2.1640126e-05,9.5146426e-08,4.347474e-05
ISIC_0028478,1,0.00017724464,0.9988256,2.1396623e-05,2.3958887e-06,0.00096771045,1.9207063e-07,5.4006296e-06
ISIC_0027889,1,0.4704156,0.5247267,0.0039390847,5.505408e-06,0.00053689873,3.2258325e-07,0.00037599608
ISIC_0031014,1,0.0033213112,0.99352175,0.0019558761,0.00033419827,0.0007498572,0.00011392954,3.0325891e-06
ISIC_0024969,1,0.008201516,0.98994386,0.00035453276,0.0013422115,7.132759e-05,8.143272e-05,5.147644e-06
ISIC_0032936,0,0.01048815,0.9895118,4.743779e-10,1.3144744e-13,1.0510384e-07,6.956886e-11,2.328015e-09
ISIC_0025463,1,0.0055114958,0.99448293,1.6815757e-06,2.4929532e-08,2.560849e-06,7.113422e-08,1.1901957e-06
ISIC_0033232,0,0.13757329,0.86242574,5.1405756e-08,2.4816321e-08,1.9517444e-07,6.0977268e-09,7.423018e-07
ISIC_0031742,1,0.2696306,0.7299249,7.2827374e-06,7.2044845e-06,0.00040161624,1.43930165e-05,1.3993682e-05
ISIC_0032195,1,0.0004976279,0.99949896,2.4891656e-06,4.666275e-07,7.546314e-08,1.0401735e-07,2.0080063e-07
ISIC_0031813,1,0.3412383,0.64696914,4.051881e-05,0.010213275,2.6474577e-06,0.00097311253,0.0005631513
ISIC_0030354,1,0.51141906,0.48824316,6.1509463e-06,0.00019868086,1.8973686e-06,8.220501e-05,4.891059e-05
ISIC_0025000,1,0.0011071112,0.99888057,7.498615e-08,2.130406e-08,1.0008815e-05,2.1773217e-06,3.92601e-08
ISIC_0027066,1,0.13710093,0.85108304,0.00015743714,6.6134083e-07,0.011291126,0.00035424455,1.25277365e-05
ISIC_0025106,1,0.024531206,0.92174166,3.5052155e-05,0.0066017606,0.04672279,0.00021925845,0.00014836648
ISIC_0026805,1,0.0012082447,0.9575917,9.062941e-07,2.0361806e-06,0.041166577,1.6593916e-09,3.0458781e-05
ISIC_0024680,1,0.00014991518,0.99897826,1.9293045e-06,5.1232564e-07,0.00086315954,1.1374917e-09,6.24044e-06
ISIC_0029465,1,0.00011720537,0.9997553,1.8203551e-06,2.5116997e-06,0.00011673607,4.0615772e-10,6.4339556e-06
ISIC_0031594,1,6.0914823e-05,6.156055e-05,4.7449248e-05,3.9454513e-05,0.9997851,5.3621484e-06,7.72838e-08
ISIC_0029855,1,0.13815369,0.2174309,0.015462505,0.00035487983,0.62853825,2.390523e-06,5.7399866e-05
ISIC_0029530,1,0.004782508,0.9933924,1.5872736e-05,0.0013303768,0.00047617985,5.929045e-07,2.1176932e-06
ISIC_0027360,1,0.050658964,0.81438184,0.12525976,0.002814317,0.00687624,4.2857497e-08,8.888008e-06
ISIC_0029554,1,0.0030526302,0.99189925,0.00094838964,1.7193058e-06,0.004095658,6.180246e-09,2.2668082e-06
ISIC_0026096,1,0.0017996437,0.9981997,5.177502e-10,6.014424e-09,2.181617e-07,5.8843554e-08,3.6215505e-07
ISIC_0026445,1,0.00022772144,0.99404657,5.317529e-06,0.005694583,1.38762e-05,9.25809e-06,2.6060104e-06
ISIC_0026023,1,0.00012989038,0.9996524,0.00015089636,1.2709006e-07,2.3973722e-05,1.9219313e-07,4.250499e-05
ISIC_0026330,1,0.016334804,0.98291796,1.7016086e-05,1.0151373e-05,0.0005136759,6.965997e-05,0.00013659314
ISIC_0031567,1,0.036245413,0.9637205,9.964946e-07,1.2297104e-07,1.6356846e-06,2.7557202e-05,3.6856538e-06
ISIC_0026577,1,4.1063857e-05,0.0008313624,1.0619103e-06,6.375146e-06,0.9991198,1.4924345e-07,7.183254e-08
ISIC_0031249,1,0.00026577982,0.5663684,4.5820193e-06,0.002448581,0.4308408,4.5141296e-05,2.6773125e-05
ISIC_0030451,1,0.02314494,0.96253353,4.5674078e-05,1.5142091e-05,0.014257872,2.7007633e-08,2.8517563e-06
ISIC_0031301,1,0.6568506,0.28658,0.024645044,0.025624791,0.0011913877,0.0046318015,0.00047638034
ISIC_0031111,1,0.9340017,0.054494813,1.09681e-05,0.004729856,0.006638034,9.692962e-05,2.7631793e-05
ISIC_0028602,1,6.407619e-05,0.9952749,1.3934229e-05,2.5953288e-09,0.00210614,0.00202126,0.0005196416
ISIC_0030674,1,7.325916e-05,0.9991554,0.00014851097,0.00034849907,0.00027269643,6.046099e-08,1.5565862e-06
ISIC_0031192,1,0.000108158245,0.9979449,0.0005741905,0.00014209759,0.0011150874,4.334426e-05,7.229967e-05
ISIC_0027498,1,5.6754998e-05,0.99958616,8.582639e-05,5.22317e-08,0.00015305783,9.5209856e-07,0.00011729802
ISIC_0031462,1,0.00022068668,0.0060695144,2.1980027e-06,0.0039769183,0.9897299,8.098676e-08,7.0125475e-07
ISIC_0026071,1,0.00051530515,0.0005242139,4.556625e-07,1.0799189e-07,0.99895954,4.1194266e-09,3.3094904e-07
ISIC_0030923,1,0.35831377,0.6385249,0.0031036257,7.2850466e-06,4.7588634e-05,6.0302295e-07,2.2193997e-06
ISIC_0025989,1,0.00023237563,0.99975747,8.33544e-06,2.6087053e-08,1.7819735e-07,1.0139247e-06,5.922479e-07
ISIC_0028873,1,0.02636103,0.07644924,1.9241303e-05,0.00034903674,0.89680594,3.7266e-07,1.5083226e-05
ISIC_0028882,1,3.6068246e-05,0.9987563,2.1966707e-05,7.32636e-06,5.80553e-06,0.00031826217,0.0008542171
ISIC_0030061,1,0.0005804361,0.9964585,5.838969e-05,0.002842422,4.8571932e-05,8.519247e-06,3.1068298e-06
ISIC_0030960,1,0.006012555,0.9770134,0.016592255,1.3229319e-06,0.00037558674,3.3383194e-06,1.4705488e-06
ISIC_0030311,1,0.032361645,0.5426022,0.42049357,0.00011190369,0.0042475737,7.1312e-05,0.00011180885
ISIC_0025505,1,0.0023865092,0.99434954,0.00084615836,0.00044984114,0.0019488237,3.7703596e-06,1.5372676e-05
ISIC_0024784,1,6.899866e-05,0.989594,0.004382385,3.384969e-05,0.005251127,0.00014437859,0.0005252171
ISIC_0024922,1,0.00034836898,0.97721386,1.9558389e-05,0.00032238846,0.021912873,0.00013454937,4.841888e-05
ISIC_0027127,1,0.0044941455,0.9954978,8.0141126e-07,4.9496216e-06,1.5616283e-07,1.254374e-07,2.0461048e-06
ISIC_0028849,1,0.001741691,0.99709344,0.00024335974,0.00060384476,2.64397e-05,9.024931e-08,0.00029110073
ISIC_0025517,1,7.650526e-05,0.9998772,1.7192036e-05,1.4330843e-06,2.7283631e-05,4.1146492e-08,3.8511507e-07
ISIC_0030553,1,0.0010526975,0.9989197,1.1662375e-05,2.2378492e-07,1.5246521e-05,2.6221517e-08,4.6801807e-07
ISIC_0027379,1,0.00039558503,0.9963728,2.0141115e-05,6.361111e-06,0.0031994844,1.4305452e-06,4.1986677e-06
ISIC_0027468,1,0.00037128114,0.9308402,7.4957375e-06,6.8647328e-06,0.06876892,1.995251e-06,3.2538687e-06
ISIC_0028016,1,2.6255808e-05,0.0039936826,0.99406224,0.0008515563,0.0006707229,0.00024303491,0.00015251104
ISIC_0030639,1,0.00031427506,0.99796957,6.277336e-05,1.07845315e-08,0.0016377878,5.7616484e-07,1.4937263e-05
ISIC_0025165,1,0.0010324356,0.99881506,0.00012210142,1.002739e-05,9.517806e-07,4.075501e-06,1.545036e-05
ISIC_0028698,1,0.0016359594,0.9975949,0.00057846506,3.9833016e-05,1.2630856e-06,1.43724965e-05,0.00013519383
ISIC_0030694,1,0.017197061,0.98202574,0.00076287595,4.2115385e-06,1.613958e-07,2.5874899e-08,9.987406e-06
ISIC_0027798,1,5.8994766e-07,0.9999696,2.0202373e-07,1.3521961e-10,2.9457904e-05,4.9929096e-08,1.4827216e-07
ISIC_0028141,1,0.00015038434,0.9998487,1.15462065e-07,2.4418284e-08,5.608134e-07,7.1132447e-09,2.5046276e-07
ISIC_0032310,1,3.9240993e-05,0.9999585,1.609432e-07,6.3610275e-07,7.0398073e-07,1.6581313e-07,6.25567e-07
ISIC_0026323,1,0.00486573,0.9907623,0.004367285,1.5261914e-08,2.8070533e-08,1.2822692e-07,4.4870235e-06
ISIC_0030663,1,0.00025256694,0.98367727,0.016004182,2.4717212e-06,3.8148522e-05,2.0431979e-05,4.943973e-06
ISIC_0028673,1,0.00035507412,0.9995803,1.8480722e-06,2.1113308e-05,2.6762516e-05,1.16532165e-05,3.2612716e-06
ISIC_0030151,1,0.029112102,0.18155713,4.249049e-05,0.0018009047,0.787406,4.4885666e-05,3.6445737e-05
ISIC_0031866,1,0.00017748348,0.99970335,2.9286423e-06,1.5566346e-05,8.342078e-05,1.5400377e-05,1.8260226e-06
ISIC_0028344,1,0.00826598,0.98465747,1.03072925e-05,0.0004967966,0.0064973477,1.4085813e-06,7.072802e-05
ISIC_0031039,1,0.00077690656,0.99910504,1.8867931e-07,4.0334257e-08,1.7876162e-06,8.848161e-05,2.7596945e-05
ISIC_0026665,1,1.9335762e-06,0.99999714,1.03915866e-07,4.7085122e-09,2.8060214e-08,3.938535e-07,4.554442e-07
ISIC_0028608,1,5.005653e-05,0.94660264,0.00031762477,3.4733082e-05,0.052832887,0.0001257941,3.62057e-05
ISIC_0030839,1,0.0003226339,0.9219947,2.0350842e-07,1.78101e-06,0.07657262,0.0011024069,5.775626e-06
ISIC_0026809,1,0.0017618383,0.9779375,6.824239e-05,0.0002530174,0.019977996,4.0574463e-07,1.1252437e-06
ISIC_0026157,1,7.558861e-05,0.99989676,5.926937e-09,8.460368e-08,1.4558098e-06,2.5388355e-05,6.5795257e-07
ISIC_0030140,1,3.3394896e-05,0.9999021,2.7433367e-07,1.2778712e-06,1.7034745e-08,6.105759e-05,1.8739797e-06
ISIC_0027614,1,0.00039728457,0.9992255,0.00010749608,1.8279396e-05,6.486318e-06,8.8749286e-05,0.00015621685
ISIC_0025243,1,2.4987266e-06,0.96041244,3.156968e-05,7.0835913e-06,0.039528683,9.313762e-06,8.456131e-06
ISIC_0030159,1,0.005805993,0.99418974,2.6658897e-06,6.701963e-08,1.467129e-07,1.0599688e-06,2.3576807e-07
ISIC_0030434,1,4.3987835e-05,0.9999176,6.618641e-08,2.1314062e-08,3.780686e-05,1.9495305e-08,4.973444e-07
ISIC_0026580,1,2.0332554e-05,0.99997926,2.3927188e-07,9.677936e-10,6.2831713e-09,7.2342554e-10,1.4835562e-07
ISIC_0030919,1,5.212695e-05,0.99992883,6.78015e-07,8.8706196e-07,1.0329437e-06,1.573735e-05,8.131572e-07
ISIC_0028498,1,0.0052741757,0.7301183,0.0001284336,0.00022284778,0.26409274,0.00012111715,4.242462e-05
ISIC_0025346,1,0.08908325,0.5446615,0.00020700156,0.021887422,0.34362352,8.460306e-06,0.0005288751
ISIC_0026260,1,0.105298795,0.89466166,3.8143473e-05,5.5096447e-08,5.75566e-07,1.7094547e-07,4.950454e-07
ISIC_0030940,1,0.0008672262,0.53961945,1.48277495e-05,9.741544e-07,0.4594812,1.4522441e-05,1.7664928e-06
ISIC_0030937,1,0.08766095,0.18017232,0.014711795,3.402766e-05,0.0020450377,0.71535295,2.2919632e-05
ISIC_0025400,1,8.095462e-05,0.9998622,1.707854e-06,4.7055468e-07,4.3145996e-05,1.1209587e-05,3.2845563e-07
ISIC_0029792,1,3.1292453e-05,0.99990344,6.457505e-05,1.7924336e-09,6.968042e-08,9.025003e-09,5.586964e-07
ISIC_0026218,1,0.07106777,0.9281701,8.050736e-06,1.8181439e-06,1.8065774e-06,0.0007497199,8.4342065e-07
ISIC_0028766,1,0.0154547095,0.98453474,2.0391258e-06,2.8713464e-07,1.9336956e-06,5.4482994e-06,9.966654e-07
ISIC_0028384,1,0.00022597465,0.275167,0.00049730664,0.00033896003,0.7215906,4.0388677e-05,0.0021398368
ISIC_0030155,1,8.5390224e-07,0.9997125,1.6284308e-06,2.0826894e-08,0.00027801003,1.3133973e-07,6.846737e-06
ISIC_0027523,1,2.0589372e-05,0.9993266,1.42887195e-08,4.0152315e-10,0.00065281393,3.069512e-08,6.474008e-08
ISIC_0028531,1,0.001469811,0.9983197,5.198339e-07,2.8930671e-08,0.00020538569,3.116295e-06,1.5358065e-06
ISIC_0026182,1,6.1935765e-08,0.9999999,2.9738578e-09,1.2865014e-11,5.627335e-08,1.2361584e-09,7.631299e-09
ISIC_0025061,1,0.00471251,0.99523747,1.18036705e-05,3.7265934e-08,6.7088536e-06,7.206832e-07,3.0729214e-05
ISIC_0028477,1,0.027047953,0.97233766,2.7578059e-05,4.1988174e-06,3.4379118e-06,0.0005698739,9.304804e-06
ISIC_0024577,1,0.003283934,0.9966792,2.7207754e-05,3.955189e-08,7.730352e-06,9.131791e-07,1.051618e-06
ISIC_0025647,1,0.002698379,0.9972894,1.568915e-07,1.5043028e-10,4.1289645e-06,6.1270434e-06,1.7174061e-06
ISIC_0025323,1,0.00023321233,0.9997391,7.502756e-08,9.556247e-11,1.6156233e-05,1.12507005e-05,2.5720198e-07
ISIC_0024818,1,0.38502976,0.49377877,5.213848e-06,4.3197037e-06,0.12114455,2.5228288e-05,1.2148589e-05
ISIC_0031595,1,0.0004509342,0.9995315,1.6917531e-07,1.0546171e-07,1.2292798e-05,7.06973e-08,4.88305e-06
ISIC_0031071,1,9.3688277e-07,0.98852694,2.0388989e-06,6.778005e-08,0.011449384,5.98546e-06,1.4562746e-05
ISIC_0031475,1,9.323616e-05,0.5860346,3.5910161e-06,7.47092e-08,0.4137652,1.2792879e-05,9.0530106e-05
ISIC_0031602,1,0.857837,0.025073359,0.00022946596,0.0014585037,0.11536635,7.291759e-06,2.8002783e-05
ISIC_0024683,1,0.05341749,0.9436686,2.9190554e-05,0.0023884207,0.00043447703,5.9828166e-05,1.951619e-06
ISIC_0026816,1,2.50139e-05,0.9924299,2.2804397e-06,3.5761727e-07,0.007527968,1.1709074e-05,2.7427302e-06
ISIC_0028635,1,0.00010389303,0.99404496,1.5162931e-07,2.7178586e-08,0.0058484636,1.4474318e-06,1.0948245e-06
ISIC_0026480,1,0.0003415493,0.9995166,2.3876886e-08,3.4817246e-10,1.5020039e-08,2.4933008e-06,0.0001393618
ISIC_0029668,1,0.001847867,0.9981134,2.7900813e-07,9.446264e-10,4.7963584e-07,3.712993e-05,8.9984655e-07
ISIC_0027140,1,1.0543251e-05,0.9999888,2.1936657e-08,2.5020557e-11,6.565157e-07,3.4798915e-09,4.137413e-08
ISIC_0031322,1,1.3122589e-05,0.99998486,1.24755495e-08,1.3482376e-14,2.7092181e-08,1.8073488e-09,2.0123048e-06
ISIC_0025956,1,0.00045668954,0.99929273,9.700747e-09,8.2672486e-10,0.00024302375,5.162021e-09,7.4879144e-06
ISIC_0027607,1,0.5678251,0.43214047,4.684248e-08,1.8956448e-09,2.9414721e-05,4.4148024e-08,4.8657776e-06
ISIC_0024540,1,6.465763e-05,0.9997633,2.8684163e-08,3.2958942e-09,0.0001716669,7.765858e-09,3.966492e-07
ISIC_0027948,1,0.00011701486,0.99985373,6.109529e-07,4.024945e-09,2.8343615e-05,5.682462e-09,2.97812e-07
ISIC_0025253,1,5.3332915e-06,0.99998045,4.3215712e-07,9.252791e-08,9.747671e-06,1.4211176e-06,2.4896403e-06
ISIC_0027961,1,0.0001512518,0.9997516,2.4096869e-06,3.1118827e-07,7.0332186e-05,6.5794025e-06,1.7508133e-05
ISIC_0026190,1,0.00083239854,0.99782383,2.9444349e-05,1.7389298e-06,7.626795e-05,0.001179338,5.6926114e-05
ISIC_0025881,1,3.0216186e-06,0.9999168,3.00157e-05,3.3647933e-07,1.9971287e-05,1.0670081e-05,1.9098818e-05
ISIC_0031668,1,3.3291776e-06,0.9999715,1.8717591e-08,7.589839e-10,2.2401586e-05,1.3345462e-08,2.7933395e-06
ISIC_0027431,1,8.9552124e-08,0.9999906,1.3626795e-06,1.8773787e-09,6.490443e-06,3.187682e-08,1.4445595e-06
ISIC_0033140,1,0.041661616,0.95833695,1.1841854e-07,1.0680883e-09,1.2968374e-06,2.7500607e-10,1.8011981e-08
ISIC_0033765,1,0.00028740158,0.9997125,1.5422687e-08,1.3326943e-09,4.243964e-08,1.2796079e-08,2.2256927e-08
ISIC_0025897,1,0.00017783314,0.9998023,1.9238901e-07,1.5217738e-06,1.543273e-05,9.144284e-07,1.7480247e-06
ISIC_0032721,1,6.822311e-06,0.99995327,9.903336e-09,1.6411141e-08,3.9640767e-05,2.9205498e-07,4.865172e-09
ISIC_0033537,1,0.0015070122,0.9984806,4.8039377e-09,1.259657e-09,1.2332686e-05,1.3001345e-08,2.3309903e-09
ISIC_0032837,1,9.635432e-06,0.9939944,7.268767e-06,0.00038917913,0.005583138,3.916494e-06,1.2485014e-05
ISIC_0032682,1,5.4679298e-05,0.9996076,3.251395e-06,8.966667e-06,0.00027589942,4.9332717e-05,3.5415894e-07
ISIC_0033223,1,3.991664e-05,0.99996006,5.271348e-09,5.3694316e-10,4.480432e-08,3.883215e-10,5.1656057e-09
ISIC_0032764,1,0.049879204,0.9501029,4.318871e-08,6.609019e-09,1.7761697e-05,3.9139145e-09,8.324647e-09
ISIC_0033436,1,0.001448502,0.998478,8.2919565e-09,1.2512433e-10,7.0439004e-05,2.7215156e-06,3.366411e-07
ISIC_0033777,1,0.00038476862,0.9994636,1.193797e-07,3.4443428e-07,0.00013855837,1.1692636e-06,1.1394605e-05
ISIC_0033078,1,0.0011766691,0.9988134,1.3825525e-08,3.3604968e-07,1.4355064e-06,2.484715e-06,5.6345693e-06
ISIC_0034055,1,0.00032186255,0.99938,1.6613764e-07,4.6789984e-07,0.00029211745,6.4641523e-07,4.811602e-06
ISIC_0032868,1,2.1019964e-08,0.9995598,7.886581e-08,7.236812e-09,0.00044005027,3.6321666e-08,2.6703313e-08
ISIC_0033211,1,0.0061564688,0.9934621,0.00020330408,2.6766843e-08,0.00017022417,1.8942126e-06,6.032479e-06
ISIC_0033617,1,0.0055190353,0.9939884,0.00031817937,4.031319e-08,0.00011704887,5.548811e-05,1.8480308e-06
ISIC_0033889,1,0.0004566847,0.9946239,5.357187e-05,8.944117e-07,0.0048529785,7.871465e-06,4.1529497e-06
ISIC_0033098,1,0.0011164137,0.9988462,1.1856342e-06,3.4042056e-05,2.1025e-06,5.943569e-08,7.260992e-08
ISIC_0032607,1,0.000591937,0.9993292,7.869141e-05,1.18650165e-08,1.3188959e-07,2.535528e-10,3.6062662e-08
ISIC_0033542,1,7.029113e-06,0.99999225,9.2603597e-10,4.006926e-09,7.043819e-07,1.1487029e-08,1.20832535e-08
ISIC_0032748,1,1.1299649e-05,0.9999881,1.6852063e-08,9.97805e-08,4.0203562e-07,2.1124164e-08,1.09462505e-07
ISIC_0033577,1,5.9154695e-06,0.9999641,1.0097019e-06,1.3204573e-06,3.317082e-06,1.8992157e-05,5.3773306e-06
ISIC_0034250,1,2.5649268e-05,0.9999454,3.972937e-08,6.497262e-07,2.2622258e-05,5.603039e-06,6.261846e-08
ISIC_0033208,1,0.0005751222,0.9993687,3.7442508e-06,9.1267566e-07,4.9606697e-05,9.697793e-07,9.460027e-07
ISIC_0029152,1,2.987426e-06,0.9999871,4.9151964e-07,2.4244232e-08,9.265985e-06,2.420662e-08,1.0707917e-07
ISIC_0032800,1,4.4783137e-06,0.9999896,1.548218e-07,2.1628196e-08,4.5653337e-06,1.369975e-10,1.1177754e-06
ISIC_0033341,1,3.1020085e-07,0.99999046,4.5789483e-07,2.1777983e-06,3.6513857e-06,7.879294e-10,2.9557389e-06
ISIC_0034302,1,4.477921e-06,0.99999547,3.5190667e-10,1.8650147e-12,1.8684364e-08,1.0721412e-11,6.9109124e-10
ISIC_0033826,1,2.3718579e-07,0.99999917,4.745876e-09,7.37311e-12,1.7230942e-08,8.868156e-09,6.275231e-07
ISIC_0033421,1,1.1684038e-05,0.9999881,5.3427476e-09,7.549528e-09,5.4191798e-08,3.9243684e-09,1.5454525e-07
ISIC_0033383,1,0.00032917387,0.99966276,3.652717e-06,7.59487e-09,2.6248431e-08,4.25945e-09,4.381697e-06
ISIC_0033858,1,0.0008929763,0.9991047,4.587409e-09,4.5765023e-09,2.4078784e-07,1.4473059e-06,6.3763105e-07
ISIC_0033025,1,0.0001564511,0.99984336,6.235533e-09,3.0436184e-10,1.8912942e-07,6.550228e-10,5.637204e-09
ISIC_0033053,1,2.7969995e-06,0.99999726,1.9229333e-11,8.231255e-14,1.0841611e-10,1.6369751e-12,3.5289402e-10
ISIC_0032738,1,0.00029057538,0.99970883,9.831495e-09,5.853893e-09,3.0368585e-07,7.541251e-08,1.0779229e-07
ISIC_0034080,1,0.13485336,0.8648948,0.00019507868,5.660926e-07,4.4428165e-05,6.9750075e-07,1.1032687e-05
ISIC_0032789,1,3.1151799e-06,0.99999654,2.9240384e-08,1.9540979e-10,2.3865206e-07,5.808255e-10,2.4979972e-08
ISIC_0034045,1,5.27987e-06,0.9999889,2.2563502e-06,1.4860848e-08,2.3633788e-06,1.6459282e-08,1.1312429e-06
ISIC_0033190,1,4.793326e-08,0.9999945,1.4155484e-08,2.3490713e-06,2.9920159e-06,1.0029813e-09,1.0079167e-07
ISIC_0033535,1,0.0001498535,0.99981934,3.361231e-06,3.0237504e-10,4.0539353e-06,8.634084e-09,2.3447023e-05
ISIC_0033735,1,0.01421125,0.9845746,5.9178895e-08,3.5620988e-07,0.0012053744,8.808623e-07,7.48259e-06
ISIC_0033982,1,3.0244306e-05,0.9999672,2.2293476e-09,9.409578e-10,1.1416099e-09,2.5587365e-06,2.948633e-09
ISIC_0024725,1,0.0002616284,0.9997266,3.3657481e-09,1.2405533e-09,1.086294e-05,4.656741e-08,8.8402754e-07
ISIC_0031259,1,0.07972859,0.9190433,1.8533127e-06,1.7902781e-07,0.0008116687,0.00019411866,0.00022030095
ISIC_0027138,1,1.6477163e-05,0.99995923,1.122662e-08,3.0937738e-08,2.0621756e-06,7.796992e-09,2.2193433e-05
ISIC_0024757,1,0.0012068759,0.9983588,6.557766e-06,5.8901614e-06,1.4272958e-05,6.5061835e-07,0.000407067
ISIC_0026391,1,0.011789579,0.9881975,9.2940134e-08,8.7193015e-08,1.0246205e-05,1.8386866e-07,2.1709357e-06
ISIC_0025122,1,1.6572988e-06,0.999985,5.4861127e-10,1.9752678e-12,1.2980237e-05,1.3345965e-09,3.8793982e-07
ISIC_0031216,1,0.47326377,0.5187972,0.00011332988,1.1494923e-08,0.0078004114,1.4395256e-07,2.5139869e-05
ISIC_0031769,1,0.0026485184,0.9970499,3.706986e-05,1.4980586e-06,0.0002621951,2.2590525e-07,4.2227447e-07
ISIC_0032379,1,0.010398919,0.9895421,2.685093e-07,9.2991534e-08,3.2050448e-05,2.5679976e-05,7.931812e-07
ISIC_0029368,1,0.0001747311,0.9997639,1.1139399e-07,3.7206833e-09,2.5570066e-06,5.8411384e-05,3.0312182e-07
ISIC_0031359,1,8.307681e-05,0.8734336,0.060308337,0.0002319969,0.05635794,0.008094593,0.0014904565
ISIC_0031454,1,0.00065109663,0.94136775,0.00038471678,8.138513e-06,0.05746335,9.0529575e-05,3.4351582e-05
ISIC_0030909,1,0.00039530304,0.99956757,2.5437205e-07,2.4057993e-08,3.4898632e-05,4.1363876e-08,1.9281263e-06
ISIC_0031323,1,0.00011566634,0.9998516,1.5611673e-06,1.2821669e-06,2.5580835e-05,1.9767026e-06,2.2154195e-06
ISIC_0029143,1,1.7533026e-05,0.99955505,0.00012641103,1.1135597e-05,9.092506e-05,2.9021734e-05,0.0001698519
ISIC_0025652,1,0.00011163683,0.9998801,1.3081748e-08,7.315232e-10,4.1723174e-06,5.067688e-08,4.0578875e-06
ISIC_0024830,1,1.8079557e-07,0.99997056,8.873147e-07,5.715597e-07,2.3736413e-05,8.952813e-08,3.935151e-06
ISIC_0028380,1,0.00014640958,0.9998388,4.0214437e-07,7.593257e-08,1.1889236e-05,7.2848906e-08,2.2144725e-06
ISIC_0030693,1,0.19279851,0.2873138,3.0877432e-05,0.001775389,0.5178667,9.0448295e-05,0.00012440757
ISIC_0029659,3,3.561299e-08,2.6935356e-09,4.318045e-10,0.9999993,3.722981e-08,6.3637265e-07,6.624154e-09
ISIC_0026575,3,0.025240224,3.388242e-05,0.0056884605,0.58173585,0.38725272,3.537584e-05,1.3430741e-05
ISIC_0030586,3,0.116192855,0.29050896,0.052658815,0.0011467937,0.53893197,0.00013787225,0.00042278666
ISIC_0025178,3,9.887535e-06,0.013050273,0.095719464,0.8108302,4.6021405e-06,0.07989502,0.00049067294
ISIC_0028730,3,0.00020904787,0.09114274,0.0067530316,0.89532185,0.004079833,0.0021136517,0.00037989768
ISIC_0029041,3,0.0032612325,3.3412267e-05,0.00016046577,0.0037968627,0.9926577,2.552051e-05,6.4733504e-05
ISIC_0031040,3,0.0022264447,1.7339336e-05,0.0007940234,0.9934575,0.0029444224,0.00039242962,0.00016786168
ISIC_0030242,3,2.5371725e-07,1.8770307e-07,4.5059055e-06,0.9999912,2.9255905e-06,6.1927397e-09,8.505425e-07
ISIC_0031119,3,0.0003049362,0.00024262945,0.0024577845,0.99671847,0.00012060753,1.8701225e-05,0.0001368906
ISIC_0026362,3,1.198427e-05,0.9867357,2.8705428e-05,2.2711805e-05,0.012867802,0.0003322093,9.55262e-07
ISIC_0028158,3,1.925913e-05,0.9832087,0.00085972017,0.015540265,0.0003177319,6.040012e-06,4.8190803e-05
ISIC_0030602,3,8.701744e-05,0.050544888,7.699453e-06,0.94257855,0.006770336,7.4425157e-06,4.055775e-06
ISIC_0030076,3,0.000113293856,1.9894793e-05,0.00015377034,0.9980039,2.049319e-05,0.0016641251,2.447426e-05
ISIC_0025539,3,0.011158904,0.0038156554,1.51726335e-05,0.97794306,0.003776955,0.0032616493,2.8595576e-05
ISIC_0031043,3,0.07227425,0.8860077,0.032190144,0.0063456553,0.0021085106,0.00021797189,0.00085567957
ISIC_0026327,3,0.00045024938,0.12629685,0.37975255,0.49149582,0.00013254993,0.0018051331,6.6887995e-05
ISIC_0027958,3,1.531644e-05,0.01346754,5.99241e-05,0.8896426,0.09681212,1.1940064e-07,2.3600428e-06
ISIC_0027896,3,1.7172692e-06,0.002061487,0.00048886123,0.9841653,0.013256406,3.7731962e-07,2.5874251e-05
ISIC_0031940,3,0.00014894886,1.13412425e-05,1.3417068e-06,0.99981433,1.9425344e-05,1.9456927e-06,2.6947064e-06
ISIC_0031044,3,1.6952054e-05,6.7515866e-06,1.1133411e-06,0.99993145,1.1801474e-05,3.018748e-06,2.8903787e-05
ISIC_0025712,3,0.0022578603,9.5526935e-05,3.2812433e-05,0.025269466,0.97215694,2.3506662e-05,0.00016390909
ISIC_0025358,3,9.022412e-09,0.00013300226,9.7787815e-06,0.99982435,3.1199455e-05,1.4523333e-06,2.59361e-07
ISIC_0031609,3,0.33817995,0.66095924,0.00020836489,0.00018048941,0.00018330532,1.4105121e-05,0.00027446926
ISIC_0024707,3,0.0488287,0.096915424,0.004273782,0.76338154,0.085765995,0.0004178952,0.00041669593
ISIC_0029860,3,1.1344671e-06,5.5517235e-09,4.47226e-08,0.9999902,1.094246e-06,7.3293063e-06,7.148955e-08
ISIC_0024517,3,0.0010961277,0.0007614612,0.9918719,0.0059390413,2.21109e-08,3.764031e-07,0.00033097915
ISIC_0026466,3,0.00037965184,0.74286944,9.587899e-05,0.21635853,0.04026121,1.9945759e-05,1.537252e-05
ISIC_0029932,3,2.9210662e-05,0.009577945,0.00014929075,0.94843686,0.04177098,1.0369099e-05,2.5458658e-05
ISIC_0024575,3,0.0002893328,0.0016533147,7.293834e-05,0.9935028,0.003951012,0.00013854458,0.0003920521
ISIC_0025089,3,0.0050294944,0.001123609,1.4429668e-06,0.0010563049,0.9927747,9.485637e-06,4.832169e-06
ISIC_0027178,3,8.133093e-08,1.5396243e-06,1.604838e-07,1.9553363e-05,0.9999771,1.3702625e-06,1.7622602e-07
ISIC_0028190,3,6.778083e-06,5.0633575e-05,2.88798e-06,0.99992,1.136887e-06,1.0710389e-06,1.7481132e-05
ISIC_0030953,3,0.0008212834,0.0022949318,0.000694076,0.99615747,2.7171141e-05,8.29744e-07,4.1939666e-06
ISIC_0025196,3,0.00027468803,0.0019103353,0.011931343,0.90474427,0.02190337,0.05821292,0.0010230608
ISIC_0028644,3,0.043257706,0.95304143,4.5803015e-05,0.0035777348,3.249302e-05,7.883405e-06,3.694463e-05
ISIC_0032277,3,0.025939856,0.11832591,0.00016251822,0.061963458,0.79313606,0.0003456769,0.00012651163
ISIC_0025953,3,0.007332075,1.5426205e-05,1.3060294e-06,0.992644,1.4838258e-06,4.805535e-07,5.24554e-06
ISIC_0027047,3,1.5594294e-07,0.0073261335,0.011425638,0.98109335,0.000100585254,3.531774e-05,1.8824203e-05
ISIC_0029210,3,0.00019576085,0.00010204502,6.3940615e-06,0.9988261,0.00029343832,0.0002722633,0.00030397973
ISIC_0024522,3,7.6928154e-05,0.12491224,0.8627747,0.0027633577,0.009232303,0.00014424401,9.616249e-05
ISIC_0030387,3,3.614596e-05,0.007351945,0.3862085,0.03228508,0.57384545,0.00014407703,0.00012879375
ISIC_0028558,3,5.5771596e-09,1.988481e-08,9.787166e-07,0.99999714,2.7314837e-09,1.0641831e-07,1.7408369e-06
ISIC_0027529,3,0.0024375455,0.43807736,0.0010996087,0.07227012,0.48436898,0.0002822564,0.0014641293
ISIC_0024463,3,0.00015785011,0.0001106486,0.00067555095,0.9923766,0.005685952,0.00089625287,9.7156306e-05
ISIC_0028795,3,0.0011402497,0.6858811,5.0301296e-05,0.08263836,0.23013325,5.5145207e-05,0.00010169798
ISIC_0026149,3,3.222501e-06,2.2679644e-07,9.209135e-10,0.9999938,2.4096408e-08,2.572188e-06,2.2226794e-07
ISIC_0025992,3,3.2587772e-07,5.4820175e-06,1.8087189e-08,0.9999906,7.153291e-07,1.6685345e-06,1.2299037e-06
ISIC_0029781,3,2.9650142e-08,5.141673e-07,1.0624871e-07,0.99999857,2.0802567e-07,3.863626e-09,6.063157e-07
ISIC_0026709,3,4.370852e-05,1.6225356e-05,4.1392504e-05,0.22449645,0.77534014,5.2987325e-05,9.083833e-06
ISIC_0026319,3,4.7731257e-05,0.00113772,0.0013985223,0.9973194,8.7753804e-05,1.5823003e-06,7.2974863e-06
ISIC_0025319,3,1.8346314e-07,9.793966e-07,0.009767882,0.9901698,5.619505e-05,2.0266532e-06,2.9599369e-06
ISIC_0030549,3,0.00067779823,0.022779437,0.70352685,0.27292997,1.9665249e-05,1.6826996e-05,4.95178e-05
ISIC_0025790,3,0.00020347169,0.00047165286,0.0102027,0.9795068,0.009596065,7.336673e-08,1.9175495e-05
ISIC_0024923,3,8.7750515e-05,0.00010330302,0.874015,0.12521882,0.00048010072,1.5927866e-07,9.4867726e-05
ISIC_0025803,3,0.00024802645,7.77471e-05,0.0003214777,0.17084464,0.82846963,8.384883e-06,3.0103602e-05
ISIC_0025471,3,0.0010015602,2.4258595e-06,1.533199e-05,0.9982262,2.3370012e-06,0.00074202847,1.0085716e-05
ISIC_0027930,3,0.9479688,0.051772147,8.108533e-06,0.0002268349,1.845505e-05,5.418721e-08,5.6485615e-06
ISIC_0024329,3,0.00021348029,0.10679896,0.5676964,0.31476474,0.010163173,6.812193e-07,0.00036254636
ISIC_0029460,3,0.0043043094,0.0057249647,0.00010596808,0.01762049,0.97216934,6.3910855e-05,1.0915886e-05
ISIC_0026848,3,0.00033678956,0.00081426045,0.00057288195,0.9956801,0.0024352127,7.403303e-05,8.666001e-05
ISIC_0027668,3,0.0043085604,0.9709519,8.560333e-06,0.0028816613,0.021761382,2.1737174e-05,6.620684e-05
ISIC_0030463,3,0.00023422574,0.0016058654,2.1795697e-07,0.99586016,0.0022534435,8.792102e-06,3.7301576e-05
ISIC_0026468,3,0.0021960095,0.98725253,0.010204901,3.501017e-05,0.00021416365,8.023175e-05,1.709688e-05
ISIC_0026984,3,0.073910356,0.9147293,1.651659e-05,0.003956557,0.0073488047,3.204285e-06,3.5337627e-05
ISIC_0026857,3,0.084451735,0.043503404,0.0043733763,0.8650809,2.0302004e-05,0.0024071825,0.0001630224
ISIC_0030825,3,2.2766102e-05,0.00085532496,0.08301091,0.9012176,0.013696069,0.00052239734,0.00067496113
ISIC_0033866,3,0.00020195456,1.4991772e-05,1.8073928e-05,1.5237978e-06,0.9997601,2.1710555e-06,1.0662309e-06
ISIC_0028820,3,2.543085e-05,7.263711e-05,0.0013665125,0.9983652,0.00013113629,2.9514544e-05,9.533987e-06
ISIC_0025368,3,0.0063879075,0.016877126,0.0016263172,0.9725772,0.0022569813,6.6587804e-06,0.0002677158
ISIC_0026765,3,5.094999e-08,7.675703e-10,0.0042934013,0.99570054,5.551347e-06,6.274311e-08,3.4618876e-07
ISIC_0030133,3,8.469675e-09,7.501362e-07,6.484225e-08,0.99996483,3.2828113e-05,1.1870967e-06,4.047052e-07
ISIC_0033811,3,0.0023522887,0.040656213,5.194155e-06,0.001196836,0.95562345,3.0649605e-06,0.0001629374
ISIC_0026650,3,0.041647904,0.0015620104,0.0006854665,0.906424,0.04945089,8.070548e-05,0.0001489256
ISIC_0033358,3,0.056782335,0.028160803,1.1068124e-06,0.38523912,0.5294268,3.9262486e-06,0.00038590774
ISIC_0033151,3,0.030607065,0.017493932,1.2648611e-07,0.014198865,0.93766016,5.7159677e-06,3.412716e-05
ISIC_0028619,3,0.00068161084,0.0026402432,3.0003162e-06,0.00013406144,0.9965358,4.640227e-06,5.688576e-07
ISIC_0032854,3,4.577617e-07,7.608573e-08,1.21816255e-08,0.9984372,0.0015457271,2.5457473e-06,1.4006792e-05
ISIC_0032258,0,0.0011403806,0.97476894,0.007626888,1.0152486e-06,0.002202524,4.9077153e-06,0.014255317
