image_id,label,prob_MEL,prob_NV,prob_BCC,prob_AKIEC,prob_BKL,prob_DF,prob_VASC
ISIC_0027419,4,0.1616432,0.10436263,0.00010053193,0.00049642863,0.727893,0.0054130726,9.113155e-05
ISIC_0025030,4,5.7346762e-05,0.0010571238,1.7417524e-06,4.579204e-05,0.998092,0.000726165,1.9832727e-05
ISIC_0025837,4,0.0006490401,0.0009012968,0.00033549074,6.54402e-05,0.96798694,0.030050814,1.086335e-05
ISIC_0025209,4,4.9488216e-07,1.3972751e-05,3.9454167e-07,2.8790038e-07,0.9999213,6.357935e-05,1.5714854e-09
ISIC_0025033,4,0.0032389364,0.99452645,0.00013170736,0.00037634216,0.0016570193,5.5878925e-05,1.3736149e-05
ISIC_0027310,4,0.0035723,0.29933074,0.007242557,0.008574007,0.67480993,0.006457327,1.3107036e-05
ISIC_0024981,4,0.028034,0.9421767,8.903792e-05,6.674915e-06,0.02968042,5.2427695e-06,7.9600195e-06
ISIC_0028052,4,0.052296255,0.94235706,2.022888e-05,2.202295e-06,0.0052950745,2.7865372e-05,1.261334e-06
ISIC_0031967,4,0.030012608,0.04455296,0.16091979,0.00035015462,0.76386374,0.00023260548,6.810648e-05
ISIC_0031584,4,0.00025963696,0.12597296,0.050821014,0.00023627479,0.8166304,0.00026882975,0.0058108745
ISIC_0025140,4,0.026501251,0.9421131,7.71597e-08,9.030256e-10,0.031383857,9.806144e-09,1.6902169e-06
ISIC_0025554,4,0.0892041,0.5340864,0.00010124609,0.00033836838,0.37579718,3.4867695e-05,0.0004377272
ISIC_0033539,4,0.007846485,0.015877021,4.7158417e-05,0.00055888575,0.9755633,2.739349e-05,7.967533e-05
ISIC_0029308,4,4.2771796e-07,4.18696e-06,1.5176135e-09,3.165851e-07,0.999995,6.0238396e-09,4.0159254e-10
ISIC_0024635,4,0.9793032,0.020413082,0.00015842266,9.802809e-06,8.265447e-05,2.7520673e-05,5.3774675e-06
ISIC_0029425,4,0.9999206,2.072252e-05,1.610992e-06,3.1554037e-09,3.5106605e-05,2.1830932e-05,4.7421733e-09
ISIC_0032382,4,0.2606885,0.042827457,3.4439443e-05,1.1191454e-05,0.69639295,1.0607761e-06,4.440521e-05
ISIC_0027533,4,0.08033509,0.04370538,0.8683303,3.0516043e-05,0.003610806,7.2427065e-05,0.0039155306
ISIC_0029418,4,0.0005277997,0.9992213,1.0200359e-07,1.2925352e-09,0.00024335705,6.779059e-08,7.2593148e-06
ISIC_0027455,4,0.020916024,0.9785056,2.9254481e-06,1.9692247e-07,0.00056689343,2.7159327e-08,8.318239e-06
ISIC_0029683,4,0.019404074,0.96121514,7.2520023e-10,8.9544045e-08,0.019374201,5.3485e-06,1.1355309e-06
ISIC_0032978,4,0.08049557,2.3563782e-05,1.0468242e-08,5.7239563e-10,0.91948086,1.4278103e-08,3.5321306e-09
ISIC_0033973,4,8.4086344e-07,0.99996924,2.960988e-08,2.6421598e-09,2.9930346e-05,3.5811207e-09,1.1797176e-08
ISIC_0033761,4,0.0066820015,0.98323005,1.540708e-05,0.0039000923,0.006160561,1.0544288e-05,1.4474613e-06
ISIC_0033505,4,1.502498e-06,0.9996395,1.4764077e-08,1.4443009e-09,0.00035705738,9.0770976e-07,9.128655e-07
ISIC_0033778,4,0.000107124026,0.9996654,2.2722242e-09,1.5612552e-09,0.00022691287,2.7634929e-08,5.40004e-07
ISIC_0032863,4,0.0065061753,0.99328315,1.4469931e-06,5.677e-07,0.00020372448,7.848303e-09,4.877365e-06
ISIC_0034168,4,3.893465e-05,0.9999442,2.2975626e-09,7.568411e-10,1.615431e-05,2.4200444e-09,7.3224544e-07
ISIC_0033582,4,0.009221695,0.94973314,4.603909e-07,4.303401e-05,0.04097435,2.508594e-05,2.166123e-06
ISIC_0033576,4,0.0052333283,0.60435253,7.4964423e-06,4.0874053e-05,0.3903292,3.3163535e-05,3.4500358e-06
ISIC_0032997,4,0.00022558875,0.00017032765,4.2430628e-07,3.2171965e-08,0.99960357,8.100042e-08,9.186484e-08
ISIC_0033529,4,0.00010865888,0.65879685,8.4454584e-08,4.6264763e-06,0.3410846,1.8380279e-06,3.3781205e-06
ISIC_0033449,4,0.0447605,0.010984226,4.877259e-08,6.0666847e-05,0.944188,6.397825e-06,1.646772e-07
ISIC_0033676,4,0.02864472,0.04599437,2.9121536e-09,7.132428e-05,0.9252513,3.816494e-05,1.7014857e-08
ISIC_0029472,4,0.0031995538,0.9782249,1.4439979e-07,9.926033e-06,0.018562816,1.8640249e-07,2.5123381e-06
ISIC_0029682,4,0.24170205,0.73273957,4.5767555e-07,3.98577e-05,0.025510726,7.4372997e-07,6.4990427e-06
ISIC_0033642,4,0.004649663,0.22347999,4.4516875e-07,1.928031e-08,0.7718679,1.4047475e-06,6.200931e-07
ISIC_0033486,4,0.040048867,0.923505,2.8788866e-06,6.0637426e-08,0.036439255,2.7301187e-06,1.1260344e-06
ISIC_0029600,4,0.06210395,0.93687016,2.651382e-06,4.7257858e-05,0.00025181836,2.4005494e-06,0.00072178594
ISIC_0031876,4,0.0001277566,0.8157918,0.14008714,7.756217e-05,0.043671466,0.0001423902,0.00010191301
ISIC_0030542,4,8.643614e-05,0.07632021,0.9216001,6.459648e-06,0.0019778432,4.7414824e-06,4.176808e-06
ISIC_0026298,4,0.017882202,0.0054142987,0.0030348834,0.004028854,0.9695007,8.228028e-05,5.673175e-05
ISIC_0027680,4,0.0637847,0.039555132,0.17523277,0.59094524,0.13043925,1.577522e-05,2.7177372e-05
ISIC_0032280,4,0.0026089884,0.8148092,0.022351187,0.0003268824,0.15727812,0.0026241716,1.5508613e-06
ISIC_0025982,4,0.0033064892,0.9524265,0.00017436582,4.0191107e-06,0.04403927,4.8059013e-05,1.3566381e-06
ISIC_0025326,4,0.0049543376,1.4253591e-05,0.9938439,3.5627843e-05,0.0010963029,5.552694e-05,2.8544585e-08
ISIC_0025838,4,0.21875723,0.43405193,3.8968201e-07,8.127563e-06,0.34697786,0.00019839943,6.0803245e-06
ISIC_0027780,4,0.17630403,0.27318835,8.142789e-07,0.0011372669,0.5486276,0.00063285755,0.00010905643
ISIC_0024592,4,7.0702946e-08,1.182359e-05,2.0320324e-05,1.8592763e-09,0.999882,8.436512e-05,1.3492953e-06
ISIC_0030118,4,0.0002709094,0.0017071456,9.705561e-06,1.4572079e-07,0.9980106,1.513703e-06,1.0606352e-08
ISIC_0024626,4,0.5496382,0.00034152734,9.2791236e-10,1.0656358e-09,0.45001954,7.8010925e-07,6.929204e-09
ISIC_0031321,4,0.18130629,0.01670361,3.821037e-06,5.751056e-05,0.79692835,0.0049983747,2.0217399e-06
ISIC_0024971,4,0.12895404,0.2067502,0.0020422025,0.0025434473,0.6596855,1.7838576e-05,6.783881e-06
ISIC_0031424,4,0.4348111,0.0108136535,7.327235e-05,7.663914e-05,0.5542181,2.0899042e-06,5.154107e-06
ISIC_0029770,4,0.9756074,0.020008134,7.609904e-08,2.015994e-07,0.0043839067,3.7602124e-08,2.3200364e-07
ISIC_0027584,4,0.011742041,0.00037663968,0.004267039,0.13221377,0.84903014,0.002228946,0.00014143682
ISIC_0027454,4,0.047495905,0.0030942787,7.4439954e-06,0.00027390989,0.9491267,8.792186e-07,8.7049835e-07
ISIC_0026775,4,0.355386,0.0060145087,0.00012991982,0.0019752097,0.6340144,0.0024653887,1.4516187e-05
ISIC_0027394,4,0.8681015,0.10368649,0.00038271028,4.5956162e-06,0.027812792,1.01535425e-05,1.7515738e-06
ISIC_0025583,4,0.0013097122,0.0012315065,9.854662e-06,0.0007373,0.99670583,5.735913e-06,1.8495615e-07
ISIC_0030744,4,0.022943774,0.84877604,7.6260194e-06,0.002302135,0.12574711,0.00020339203,1.9988014e-05
ISIC_0027344,4,0.0002843846,1.6884014e-05,1.9085812e-10,1.9775919e-06,0.99968636,1.0433036e-05,1.42016034e-08
ISIC_0028200,4,0.0011696389,0.00089171773,3.4120933e-09,9.324939e-05,0.99784446,9.3807927e-07,1.5989727e-08
ISIC_0027287,4,0.030122006,0.7550474,0.12320653,2.146757e-06,0.091258526,0.00036241682,9.769518e-07
ISIC_0024494,4,0.00050283707,0.9235581,0.015490769,1.2686213e-06,0.060352035,9.464149e-05,2.8538904e-07
ISIC_0026644,4,1.3228582e-06,0.0041464036,9.6085925e-05,2.937985e-09,0.99575585,1.5869824e-07,2.3155204e-07
ISIC_0026861,4,0.0067954054,0.0006343076,0.03886919,0.0022195352,0.9514751,5.77983e-06,6.4068934e-07
ISIC_0030723,4,4.072494e-06,0.00010472554,0.0002840799,2.3735094e-05,0.99954885,3.431607e-05,1.7130638e-07
ISIC_0029217,4,0.00081029703,0.0047396757,1.5785988e-06,0.9833418,0.011031795,7.303457e-05,1.7785228e-06
ISIC_0030561,4,0.0025468606,0.8714239,3.1617725e-07,2.84826e-05,0.03290739,0.09309188,1.1777686e-06
ISIC_0025275,4,0.47140127,0.018108344,0.00031593707,7.299937e-08,0.000528806,3.0970472e-07,0.5096453
ISIC_0026606,4,0.964328,0.032247446,6.250108e-05,1.4568873e-08,0.00045463003,1.2431957e-08,0.0029074145
ISIC_0025986,4,0.008275122,0.9887589,3.9378165e-06,1.5888345e-07,0.00045500262,2.393069e-06,0.0025045366
ISIC_0029108,4,7.024417e-07,0.0022819089,0.00010879091,0.0055634584,0.99133897,6.9826936e-05,0.0006362813
ISIC_0026481,4,0.009153748,0.93828464,2.4068324e-06,0.002653856,0.048278384,0.0010447933,0.00058219477
ISIC_0026018,4,0.027290061,0.13242108,1.0390885e-05,9.2568925e-08,0.8401898,8.648775e-05,1.9822314e-06
ISIC_0024726,4,9.346799e-05,0.0040535782,1.252231e-09,4.5135383e-08,0.9958521,3.1677138e-07,4.6931646e-07
ISIC_0027806,4,0.00088653853,0.002650452,0.006150185,7.2000614e-09,0.9898247,0.00048687687,1.3222609e-06
ISIC_0031168,4,0.0021582893,0.0002325621,0.2554026,0.73305357,0.00881184,0.00033911635,2.0805717e-06
ISIC_0025575,4,0.002239485,0.0002722238,0.008727282,0.24145797,0.74565053,0.0016493615,3.1855172e-06
ISIC_0029249,4,0.0007031444,0.00012617942,5.34601e-05,0.9642625,0.034795113,5.507773e-05,4.548687e-06
ISIC_0030822,4,2.1882312e-05,6.430974e-05,4.662136e-05,0.9998386,1.88266e-05,8.7851595e-06,9.408329e-07
ISIC_0031078,4,0.5922403,0.023160718,0.0065914234,0.006959099,0.37000275,0.0010437549,1.9600493e-06
ISIC_0031464,4,0.75129956,0.2288745,0.00088280597,0.00018845187,0.018743297,1.1123767e-05,1.6076362e-07
ISIC_0027451,4,0.00017777657,0.00043716084,6.319142e-07,0.00071840535,0.9986639,1.545478e-06,6.0883303e-07
ISIC_0029311,4,2.7045757e-05,0.002193401,0.00059113035,0.00071315735,0.9964064,6.820324e-05,6.7080686e-07
ISIC_0024772,4,0.008099707,0.9745437,9.171904e-06,6.383026e-07,0.017311668,1.1579692e-06,3.4035013e-05
ISIC_0025222,4,0.0025809684,0.001069571,0.00011847644,0.99454075,0.0016638006,1.6202514e-05,1.0203966e-05
ISIC_0025973,4,0.044298027,0.9342766,0.0016919416,3.0296304e-05,0.019598832,5.221231e-05,5.2021744e-05
ISIC_0025627,4,0.002854496,0.0010206801,0.9031353,9.91979e-06,0.08620814,0.0067708306,6.678247e-07
ISIC_0031580,4,0.0037255425,0.033279255,0.0033480597,7.556853e-06,0.95923567,0.00040356314,3.7378342e-07
ISIC_0028389,4,9.562983e-07,0.0016560546,9.372538e-05,1.4768966e-08,0.9982326,1.6353533e-05,2.608994e-07
ISIC_0026514,4,0.0033717258,0.00012855038,7.322651e-09,1.8870386e-07,0.996332,0.00016651448,1.0525799e-06
ISIC_0029810,4,0.0004021307,0.6982259,0.013002738,0.0141931735,0.2741581,3.2096737e-06,1.4771666e-05
ISIC_0031937,4,4.2996835e-05,0.002636806,0.001877929,2.0278342e-06,0.9953637,3.5906432e-05,4.0582025e-05
ISIC_0025719,4,0.050433185,0.051626272,0.021357317,0.67828596,0.19755892,0.00014928759,0.00058905024
ISIC_0025883,4,0.00032069813,0.0010064765,1.7719314e-05,0.031724866,0.95106304,4.040934e-05,0.015826717
ISIC_0026316,4,0.016846646,0.5935576,8.463067e-05,3.3507513e-07,0.38946527,4.0350726e-05,5.2265173e-06
ISIC_0028104,4,0.66787153,0.029007507,0.16850701,3.9884308e-05,0.07308566,0.061485253,3.232504e-06
ISIC_0031150,4,0.12051626,0.008364645,3.7166465e-08,3.214783e-05,0.8710531,4.0214152e-07,3.3372966e-05
ISIC_0032024,4,0.084854096,0.21455348,7.611031e-06,0.079949304,0.583036,0.03759894,5.4418257e-07
ISIC_0031961,4,0.000109327244,0.0008289511,0.0034559947,0.00015973789,0.99534875,6.958528e-05,2.7723943e-05
ISIC_0026072,4,0.03385828,0.018539218,0.0023415305,0.89351964,0.051467463,0.0002575532,1.6371601e-05
ISIC_0025939,4,0.025056675,0.00033068124,2.5290381e-08,0.9730434,0.0015648151,4.3412374e-06,5.847085e-08
ISIC_0031630,4,0.055505764,0.008664521,0.0052824947,0.434638,0.49503654,6.410563e-05,0.00080858974
ISIC_0032445,4,0.12318765,0.00091603224,0.007814104,0.00041017382,0.86560506,0.002049348,1.7571381e-05
ISIC_0032358,4,4.11762e-06,0.010049225,6.739232e-09,3.2295586e-07,0.989892,3.0007692e-07,5.4008236e-05
ISIC_0031200,4,8.616502e-06,0.9797931,6.320229e-09,1.101698e-06,0.020183608,5.0047574e-06,8.649071e-06
ISIC_0029032,4,0.5003671,0.22112304,0.0016565013,9.2243205e-08,0.27684528,6.3762723e-06,1.6271632e-06
ISIC_0030608,4,0.004148983,0.0061254227,0.0001371779,0.0014647548,0.98467284,0.0034494563,1.2752968e-06
ISIC_0029040,4,0.0065788263,0.06504702,0.02041433,0.028529394,0.87921077,2.6389731e-05,0.00019326307
ISIC_0029588,4,0.4734721,0.19189686,0.08385737,0.031294297,0.21866958,9.009245e-05,0.00071975496
ISIC_0031181,4,0.020163996,0.8469651,0.027321665,0.0150346495,0.08406849,7.022118e-06,0.006439045
ISIC_0024947,4,0.0019827303,0.27737343,0.001207464,0.0011800006,0.7173705,2.5539105e-06,0.0008832946
ISIC_0024871,4,0.015229773,0.0010293949,7.4260015e-08,2.1054286e-06,0.9837382,3.5594567e-07,1.5426778e-07
ISIC_0028830,4,0.9439424,7.667481e-05,8.1842245e-08,1.1408769e-08,0.055980578,2.9097214e-08,1.8530918e-07
ISIC_0028611,4,0.109963946,0.02731432,0.14768587,0.69678926,2.090829e-06,0.018243773,8.283023e-07
ISIC_0025066,4,0.97092956,0.0061185258,2.9589332e-06,4.4134817e-05,0.02288767,1.7100227e-05,2.6252769e-08
ISIC_0028121,4,0.013246695,2.5174751e-05,2.412537e-05,0.00013567797,0.9865607,5.5866403e-06,2.058299e-06
ISIC_0029612,4,0.00033236915,0.001242507,3.4517739e-06,5.623276e-05,0.9983626,4.6458683e-07,2.3590742e-06
ISIC_0028913,4,1.3248635e-07,7.2338786e-05,2.781032e-08,1.42643885e-05,0.9999132,2.7217324e-09,1.382898e-08
ISIC_0029443,4,3.1529937e-05,0.00014180648,2.4890056e-05,1.1943939e-05,0.99977356,1.4128347e-05,1.9922745e-06
ISIC_0029115,4,0.034314137,0.0004736784,0.006137263,0.047552377,0.90462065,0.006897395,4.5156767e-06
ISIC_0025434,4,4.686942e-06,0.00078775646,1.2708336e-06,1.0754967e-05,0.9991885,6.0521966e-06,1.0432459e-06
ISIC_0028165,4,0.006260469,0.061600782,0.0005098998,0.26450813,0.6634754,0.0016521808,0.0019931623
ISIC_0025623,4,0.011466286,0.14783584,0.0040478506,0.00012712965,0.83636236,0.0001501585,1.0469988e-05
ISIC_0031465,4,0.045591906,0.2734618,0.029642962,2.424979e-05,0.6510832,0.00017183718,2.4094968e-05
ISIC_0027770,4,0.00022754265,1.533141e-06,2.0302947e-05,0.00042891892,0.9993186,1.4066263e-06,1.6951416e-06
ISIC_0027354,4,0.0014721985,0.6150276,0.015244134,0.17223687,0.19536152,0.00064903166,8.620202e-06
ISIC_0031000,4,0.9641699,0.0014297509,0.00038367644,0.00012509049,0.033823945,6.700945e-05,5.643256e-07
ISIC_0027392,4,0.00048252608,0.00047950394,0.0001482373,0.0014317897,0.9972115,0.00016283478,8.3565385e-05
ISIC_0031037,4,0.99945265,2.2058568e-05,3.3414167e-06,0.0002738149,0.00024411803,4.065963e-06,9.166484e-10
ISIC_0031825,4,0.18339664,0.4241658,0.049357902,0.060441755,0.28101993,0.001274616,0.00034335774
ISIC_0030677,4,0.51067275,0.0825663,0.01366346,0.0586046,0.3310818,0.0013627624,0.0020483295
ISIC_0026912,4,0.004306975,0.0002471989,4.89399e-07,4.67131e-06,0.9954364,4.339812e-06,5.914594e-09
ISIC_0027737,4,9.195006e-08,0.00030898326,2.83387e-08,8.7959535e-08,0.9996896,4.264491e-07,8.02218e-07
ISIC_0024774,4,9.905391e-06,0.0033475687,7.5843122e-06,6.3212764e-07,0.9964948,0.000116973846,2.260292e-05
ISIC_0026069,4,0.44999072,0.54800147,1.6828526e-05,1.0919781e-08,0.001961938,1.9152947e-05,9.918155e-06
ISIC_0026524,4,0.008414232,0.54721814,2.4683546e-05,0.002686801,0.44138122,0.00026348006,1.1425411e-05
ISIC_0031528,4,0.0057079108,0.0028864185,6.630103e-07,1.8047747e-07,0.9903957,0.0010077388,1.3850197e-06
ISIC_0028615,4,5.082154e-05,0.9992866,3.6100576e-07,1.1735878e-07,0.0006185035,4.357249e-05,5.254374e-08
ISIC_0028490,4,0.0007387374,9.6457756e-05,2.558315e-05,0.073591135,0.92456245,0.0009809143,4.631156e-06
ISIC_0032111,4,1.1466388e-09,3.3850486e-06,7.9595647e-10,3.4445877e-10,0.99999666,1.4036583e-10,3.3059206e-12
ISIC_0031132,4,0.00582432,0.46854278,3.6627374e-05,0.0008184082,0.5245924,7.0398266e-05,0.000115104034
ISIC_0025103,4,0.00020094651,1.793153e-05,3.2739408e-06,1.3280872e-07,0.9997677,9.909458e-06,1.4710984e-08
ISIC_0025710,4,8.5197125e-06,8.877718e-07,1.740378e-07,3.5062968e-08,0.9999734,1.7003525e-05,8.822629e-09
ISIC_0024435,4,6.476241e-06,2.4024526e-05,2.3872506e-09,1.24516e-08,0.99996877,6.6729893e-07,1.2862174e-07
ISIC_0026590,4,2.6261641e-05,0.0009788144,1.2068124e-08,5.0358412e-05,0.9989422,1.2239741e-07,2.2487516e-06
ISIC_0030998,4,0.00017633165,0.004963035,1.9873666e-07,3.300327e-08,0.99486023,4.7831083e-08,3.095933e-08
ISIC_0028992,4,0.99669576,6.2251704e-05,1.017385e-05,3.928049e-07,0.0032066195,2.358373e-05,1.2748125e-06
ISIC_0026351,4,0.99911875,0.00047494037,1.2853129e-05,9.002784e-06,0.00038207613,2.1560654e-06,2.1372263e-07
ISIC_0029924,4,0.0029996517,0.022409143,0.011175774,0.022016082,0.9271257,0.011885244,0.0023883514
ISIC_0029061,4,0.00058100454,9.757319e-06,5.23782e-06,2.6760613e-06,0.99940014,1.0362486e-06,1.14789735e-07
ISIC_0031893,4,0.00029528132,1.5947315e-05,9.094607e-07,2.205464e-06,0.9996822,3.3619465e-06,4.5551683e-08
ISIC_0024602,4,8.998072e-05,0.02493415,0.0015973484,0.04284694,0.93020827,0.0001704472,0.00015288335
ISIC_0024770,4,0.0006097409,0.10749243,7.259438e-07,3.9211284e-07,0.891882,6.686971e-06,8.035178e-06
ISIC_0028209,4,6.7116474e-05,0.10612404,0.0009713687,3.6512316e-05,0.89273286,1.5959777e-06,6.649404e-05
ISIC_0029518,4,6.796472e-05,0.00040515084,1.04639035e-08,7.929869e-05,0.99944466,2.7340277e-06,1.7683742e-07
ISIC_0028449,4,1.2241991e-05,2.4161295e-07,3.072249e-07,5.9799786e-05,0.9999273,5.731848e-08,5.241322e-08
ISIC_0028123,4,6.852106e-05,0.043532263,0.00016484759,2.8185803e-05,0.9561342,6.688377e-08,7.190375e-05
ISIC_0024498,4,7.0539277e-06,6.0336794e-07,2.5847128e-06,3.5850553e-05,0.9999534,3.8759956e-07,1.1604423e-07
ISIC_0025005,4,8.814404e-05,0.00013921782,1.2540637e-07,5.3183187e-05,0.9997178,2.308319e-07,1.3538425e-06
ISIC_0032179,4,2.8550653e-07,0.013528388,1.3795572e-07,1.686185e-10,0.98647124,1.3881228e-08,2.2126394e-09
ISIC_0032835,4,0.942368,0.02158191,0.02120337,0.00027321134,0.0135751385,0.00091118616,8.722296e-05
ISIC_0033480,4,0.70327395,0.001045092,7.5316294e-08,2.0321346e-07,0.29565993,2.052852e-05,2.6608703e-07
ISIC_0032636,4,0.061288077,0.93508756,1.4525084e-05,6.827152e-06,0.0030662369,4.3251467e-07,0.0005363189
ISIC_0033270,4,0.9245531,0.06353506,2.4792392e-08,4.5779577e-10,0.011869136,1.272302e-08,4.2756055e-05
ISIC_0033246,4,0.37712708,0.00023242037,5.0726527e-08,7.638934e-08,0.6226367,3.5264168e-06,1.5510788e-07
ISIC_0032843,4,0.0135861635,0.000467846,7.010993e-08,3.5172906e-07,0.9857782,0.00016679715,4.7085766e-07
ISIC_0032773,4,2.0668274e-06,2.893744e-06,2.5124327e-09,1.955345e-09,0.9999951,2.3549527e-11,3.70514e-09
ISIC_0033156,4,4.033021e-05,3.0799267e-06,1.0048092e-07,6.7268346e-09,0.9999565,3.0416356e-10,3.880205e-09
ISIC_0033701,4,0.0027755601,0.67783034,4.9898457e-08,1.3650277e-08,0.31939358,2.1163638e-07,1.9886555e-07
ISIC_0033884,4,0.020336404,0.3693896,7.409484e-07,1.401002e-07,0.6102711,6.6832075e-07,1.3612175e-06
ISIC_0033660,4,2.3092512e-05,0.18039867,0.00027037345,1.1529118e-07,0.7959434,0.023105346,0.0002590807
ISIC_0034221,4,0.0016558258,0.8240535,4.094229e-05,9.104662e-06,0.17378111,0.00038932345,7.009683e-05
ISIC_0033945,4,1.5702492e-05,0.61437774,1.5075491e-06,2.9806433e-08,0.38512814,0.000469968,6.90256e-06
ISIC_0033491,4,0.00072862825,0.0029041667,1.6444424e-06,3.0482388e-06,0.9961985,4.9653434e-05,0.000114235845
ISIC_0034280,4,0.0001684734,0.00092051894,3.1981854e-06,8.0007266e-07,0.9959735,0.0029137882,1.9725532e-05
ISIC_0033391,4,1.774275e-05,6.2731847e-06,2.0471016e-05,1.5248085e-06,0.99995387,5.3904294e-08,1.0888545e-08
ISIC_0033685,4,0.0059947637,0.11084198,2.9550007e-08,3.6444715e-07,0.88315284,8.30495e-06,1.6421461e-06
ISIC_0026790,4,2.0080106e-06,2.4359564e-05,1.2938007e-07,5.245555e-12,0.99997354,5.8170158e-09,3.5022346e-11
ISIC_0026511,4,6.8690184e-08,0.0003922773,1.4014929e-08,2.5033478e-09,0.9996076,5.7586638e-09,6.691184e-09
ISIC_0027370,4,1.0641168e-09,0.00032546936,1.8893011e-10,2.5478395e-12,0.99967456,1.4972123e-08,2.3771218e-09
ISIC_0028587,4,8.909324e-07,2.2783283e-06,2.786568e-09,2.511923e-10,0.9999969,6.6238353e-09,1.1861208e-10
ISIC_0026441,4,2.1669127e-06,0.22385786,7.825341e-07,1.1929898e-08,0.7757754,0.00018648789,0.00017737041
ISIC_0028448,4,3.8680423e-07,0.9996952,8.4482906e-07,5.3688148e-11,0.0003029457,5.325885e-08,7.0825735e-07
ISIC_0026959,4,5.029048e-06,0.99700266,2.0692786e-11,6.8296235e-10,0.0029509563,4.1329946e-05,4.0245542e-08
ISIC_0027167,4,1.0443433e-05,0.01516953,1.1844279e-09,7.691765e-11,0.98482,1.5402843e-08,1.21116654e-08
ISIC_0025856,4,4.613545e-09,0.9865941,3.01295e-09,8.775101e-12,0.013403839,1.885074e-06,1.2538469e-07
ISIC_0030160,4,0.0021598137,0.031593412,0.45939988,9.478488e-05,0.0026613723,0.5040497,4.1056242e-05
ISIC_0028331,4,0.0036539307,0.5256986,4.413504e-09,0.00020294571,0.47041818,2.1064821e-05,5.3427784e-06
ISIC_0026783,4,9.415894e-05,0.9997583,4.5502202e-07,1.340703e-08,0.00014675046,3.4731724e-07,1.3682443e-08
ISIC_0028386,4,6.9292145e-07,0.9999428,3.445685e-09,8.9251834e-08,4.41353e-05,6.239351e-06,6.1180995e-06
ISIC_0027275,4,2.9394034e-06,0.26420754,1.5987265e-08,6.7941146e-09,0.7357886,3.4198123e-07,4.9651794e-07
ISIC_0028958,4,7.802089e-06,0.99888474,6.010719e-08,4.8825016e-10,0.0006102325,0.0004960467,1.0534287e-06
ISIC_0025454,4,6.527406e-10,0.00021714334,4.801089e-13,4.4906858e-17,0.9997825,3.1478362e-07,1.6656523e-09
ISIC_0027612,4,0.5249412,0.46947852,1.6957167e-05,1.3605993e-08,0.0027489543,0.0027918983,2.2395245e-05
ISIC_0027428,4,6.77164e-09,0.0014432052,6.897599e-10,3.4567585e-11,0.99855095,5.8673313e-06,3.6880532e-08
ISIC_0028925,4,3.710118e-06,0.50241846,9.526608e-09,5.455947e-09,0.4970287,0.00033217252,0.000216903
ISIC_0027027,4,1.7448153e-06,0.0015122213,4.1877164e-09,7.747564e-09,0.9984855,5.560196e-07,9.60767e-09
ISIC_0029036,4,1.0846117e-06,0.00010512407,4.1707668e-10,2.6236738e-11,0.9998938,1.754764e-08,2.0133727e-10
ISIC_0028797,4,8.3629914e-07,0.022992212,3.783448e-05,4.5660467e-09,0.03136562,0.9455957,7.907451e-06
ISIC_0027008,5,0.014414175,0.0032130228,0.8354,2.1222328e-05,3.1322028e-07,0.03605133,0.11089996
ISIC_0028790,5,0.12869692,1.12919636e-07,0.41262424,0.00010584613,2.9074167e-07,0.4585676,5.0942226e-06
ISIC_0027613,5,0.09454169,0.00033927802,0.35519382,3.3962002e-07,0.0005584203,0.54899186,0.00037460687
ISIC_0032468,5,0.008523087,2.52932e-07,0.0029437803,3.915513e-08,1.6392268e-06,0.9883782,0.00015310752
ISIC_0029760,5,0.0035826953,0.014763159,0.97028714,3.4559417e-07,0.0040928056,0.0072576227,1.6289614e-05
ISIC_0030555,5,0.45729384,0.20562151,0.32425782,2.406386e-05,0.0017053568,0.0059626093,0.005134809
ISIC_0030579,5,8.734968e-05,1.1009254e-05,0.0055054966,0.0053370493,2.2104874e-08,0.98882896,0.00023015552
ISIC_0034169,5,0.00149149,0.096718125,0.89082354,5.127926e-05,8.884157e-05,0.0008813964,0.009945463
ISIC_0032941,5,0.011073336,0.8827954,0.08916492,0.00011001915,0.0020769625,0.014773821,5.533152e-06
ISIC_0029248,5,0.0003019764,0.017026827,0.61593056,0.0018888453,0.015757047,0.34336847,0.0057263207
ISIC_0030442,5,2.5788282e-05,0.011197552,0.1313403,2.7967762e-06,0.00034192574,0.85708255,9.1092625e-06
ISIC_0031344,5,0.00056703115,0.006685716,0.28285545,0.58739185,0.10400256,0.018485872,1.14824625e-05
ISIC_0028346,5,0.00046583876,0.011370524,0.9471168,0.035023578,0.005592315,0.00042792186,3.0994697e-06
ISIC_0024330,5,4.0046294e-07,3.1229592e-06,0.004057024,8.69699e-11,1.06188995e-08,0.9959395,1.6757733e-08
ISIC_0027188,5,0.0041356212,0.0035089592,0.12248084,2.124109e-05,0.0014913674,0.85291463,0.015447426
ISIC_0033422,5,3.638059e-07,1.7008467e-10,6.260489e-08,7.24963e-12,6.646017e-11,0.9999995,4.324007e-09
ISIC_0027488,5,2.204854e-06,3.4824323e-09,9.123964e-08,1.365306e-10,1.1235834e-08,0.9999976,8.293309e-08
ISIC_0029052,5,1.7247529e-06,1.6249898e-07,0.00030746928,3.1906725e-07,1.156686e-06,0.9993831,0.0003060058
ISIC_0031257,5,2.0066506e-07,0.0046736035,5.1963142e-11,3.2686843e-11,1.3012866e-06,0.99532485,3.7655195e-08
ISIC_0024386,5,1.7552798e-10,3.9899573e-09,3.757834e-08,1.4442506e-10,3.229367e-09,0.9999999,4.6439972e-08
ISIC_0026629,5,0.00087849895,0.22110958,0.0010902422,9.240838e-05,0.0075944704,0.7692325,2.230446e-06
ISIC_0031799,5,1.745606e-08,8.912316e-09,7.9000955e-08,2.9640873e-10,1.6433354e-07,0.99999976,3.103715e-09
ISIC_0024693,1,5.6709972e-08,0.9591263,2.314088e-05,2.1064995e-08,0.0005578292,0.037538815,0.002753885
ISIC_0025964,0,0.0007464169,0.9952586,7.699252e-07,1.4208106e-07,4.2414656e-05,2.0936081e-06,0.0039494867
ISIC_0030623,0,0.3580408,0.64123946,1.9114836e-05,4.71679e-07,8.3809275e-05,8.6002035e-07,0.0006154941
ISIC_0025450,0,4.2295305e-06,0.99999166,2.4694762e-06,2.902787e-11,6.997826e-08,1.393338e-06,1.4089845e-07
ISIC_0024586,0,0.29842713,0.6677716,0.002630416,3.3356886e-07,1.9085139e-05,0.029848062,0.0013033655
ISIC_0029575,0,0.9999763,1.8217883e-05,8.439133e-07,1.43685694e-08,3.1070763e-06,1.5325825e-06,4.6227488e-08
ISIC_0028361,0,0.9997751,0.00012143653,2.512395e-07,1.41434e-07,0.000103135775,2.0022718e-08,4.1117854e-10
ISIC_0032214,0,0.0018785812,0.99267924,0.0031204878,1.38577e-06,0.0018605149,0.00045776996,1.9986703e-06
ISIC_0029281,0,0.009160966,0.9908173,5.816203e-11,3.1250655e-10,2.1319058e-05,1.2132921e-07,3.590816e-07
ISIC_0024367,0,0.008529107,0.99145716,2.0793388e-07,6.656521e-08,1.1647927e-05,1.7273895e-06,3.749156e-08
ISIC_0025234,0,0.959773,0.0015406762,0.03786344,4.5658413e-05,2.3376859e-05,7.6612096e-08,0.00075376383
ISIC_0030445,0,0.9763066,0.012152516,0.00026840865,0.00019813894,0.0030699277,0.0053216806,0.002682733
ISIC_0025155,0,0.019507777,0.9786902,2.5224635e-06,7.059216e-07,0.0017920508,6.613322e-06,1.2528963e-07
ISIC_0031557,0,0.57516944,0.4163769,2.2038947e-08,3.6650206e-08,0.008402822,5.0582046e-05,1.7674753e-07
ISIC_0025904,0,0.76228184,0.23692924,0.00013502227,1.7961751e-06,0.00063917384,1.1733389e-06,1.1728304e-05
ISIC_0032450,0,0.99999714,2.897926e-06,2.9725626e-09,2.6110558e-10,2.8498412e-11,1.6924168e-09,6.9275125e-10
ISIC_0029163,0,0.9784167,5.013751e-05,3.1226726e-08,8.114266e-09,0.021530833,2.355436e-06,8.357848e-09
ISIC_0029630,0,0.9958093,0.0026961968,5.2389396e-07,1.7991542e-08,0.0014936455,3.5543155e-07,5.7949805e-09
ISIC_0025674,0,0.108170934,2.3434262e-05,0.8910167,0.00021532983,0.0002824169,0.00028996967,1.2042618e-06
ISIC_0031369,0,0.68128675,0.0092472,0.07260054,0.003053672,0.23161684,0.0007912453,0.0014037804
ISIC_0029547,0,0.9135298,0.025997624,0.00016933729,4.6793775e-07,0.060292277,1.0397045e-05,5.964373e-08
ISIC_0026622,0,0.9993529,0.00045533167,8.308618e-08,9.785371e-08,0.00018851286,3.0448368e-06,1.6149913e-07
ISIC_0024702,0,0.99913365,4.898178e-06,0.00072157354,8.1518823e-07,0.00013262575,8.516077e-07,5.5601854e-06
ISIC_0024972,0,0.7800072,0.21343277,6.6331836e-06,0.00041071704,0.0050194114,0.00011795729,0.0010053864
ISIC_0031779,0,0.23342378,0.31196406,1.8104672e-07,8.07714e-07,0.45457757,1.0791696e-05,2.280975e-05
ISIC_0031977,0,0.015731057,0.98426485,1.888374e-09,3.2373486e-11,6.236423e-07,3.4002808e-06,5.7247513e-09
ISIC_0026296,0,0.14933826,0.84237,5.7188052e-05,2.5878242e-06,0.008081951,0.00010957495,4.0511084e-05
ISIC_0025018,0,0.18843901,0.7687277,1.0602492e-06,1.1637039e-05,0.04275463,3.9245693e-05,2.6740965e-05
ISIC_0029212,0,0.6611199,0.010714555,0.0016922124,0.03580305,0.28958374,0.0010846506,1.9340043e-06
ISIC_0027238,0,0.013755208,0.9862401,7.833145e-08,1.3281716e-08,3.3379692e-06,9.352834e-07,3.3007467e-07
ISIC_0029571,0,0.94100755,0.058949083,2.0379309e-08,2.1304432e-07,3.0233421e-05,6.661176e-07,1.2183458e-05
ISIC_0031545,0,0.016644727,0.98073524,2.7044135e-07,1.6874687e-08,0.0024596823,2.7276253e-06,0.00015735452
ISIC_0027033,0,0.028018272,0.9686058,6.215675e-05,1.1099396e-05,0.0032858353,1.6393678e-05,4.4702378e-07
ISIC_0027822,0,0.04452927,0.8973444,5.584012e-06,8.753711e-05,0.058030304,2.2777378e-06,7.0748285e-07
ISIC_0027659,0,0.9867466,0.013249898,9.846201e-07,8.2697574e-07,1.6546702e-06,1.2656518e-07,7.209022e-09
ISIC_0030223,0,0.97517973,0.024819873,9.758852e-08,1.04890425e-08,1.0874209e-07,1.2440523e-07,7.618052e-08
ISIC_0030760,0,0.07670519,0.92328924,1.00842634e-07,1.3206851e-08,5.4455127e-06,3.3227867e-08,4.3148987e-09
ISIC_0028565,0,0.08933644,0.91022205,2.1958116e-05,9.172349e-05,0.00031172042,8.744136e-06,7.4003024e-06
ISIC_0028916,0,0.9999,7.231162e-05,1.1091968e-09,2.4258433e-09,2.7605844e-05,8.91025e-10,1.0104482e-08
ISIC_0028489,0,0.5132696,0.30736673,2.541919e-06,0.00020020016,0.17725551,6.7230712e-06,0.0018986312
ISIC_0026236,0,0.02243705,0.9748071,0.0002143319,7.671378e-06,0.00019392546,7.33201e-07,0.0023392
ISIC_0028317,0,0.46531823,0.523337,0.00955031,0.00025796608,0.0014111898,5.3893064e-06,0.00011986525
ISIC_0031013,0,0.9967744,0.003195481,1.6170443e-05,6.334683e-06,5.377509e-06,2.6019376e-07,2.045831e-06
ISIC_0026963,0,0.6281762,0.22339042,0.0003582993,4.829877e-06,0.14806803,1.8344792e-06,4.2936665e-07
ISIC_0028211,0,0.96356475,0.010391281,1.0129692e-07,3.3612066e-09,0.026043767,2.3660052e-09,2.3101533e-08
ISIC_0026086,0,0.39231905,0.60745776,5.892211e-08,3.4045186e-10,0.00021611176,7.0132146e-06,1.2069728e-08
ISIC_0033268,0,0.98662484,0.013342389,1.5155255e-08,1.8159207e-07,3.1120435e-05,1.4548684e-06,2.9103788e-08
ISIC_0032750,0,0.9522648,0.04770464,7.3246184e-08,7.2557484e-08,7.4135673e-06,2.2831086e-05,2.32458e-07
ISIC_0032532,0,0.74658424,0.23324764,8.1580333e-07,0.00044282674,0.019721825,2.396673e-06,2.6394832e-07
ISIC_0033500,0,0.6344157,0.36298966,3.217701e-06,0.00060703524,0.0019657759,1.5241432e-05,3.4363002e-06
ISIC_0026188,0,0.40015718,0.06810447,0.0018640123,0.0070837224,0.5167069,0.006080154,3.6521403e-06
ISIC_0033636,0,0.99851495,0.0013004486,1.0883901e-07,8.223846e-06,0.00017157654,4.6149153e-06,1.3146256e-07
ISIC_0032583,0,0.030295981,0.76266056,0.07646963,0.0006702308,0.12956999,0.00031511555,1.8458708e-05
ISIC_0034162,0,0.9950112,0.004981755,1.0851074e-06,9.10969e-08,5.542728e-06,3.6111598e-07,1.30323325e-08
ISIC_0032187,0,0.15112288,0.74221003,5.0806267e-07,1.7492958e-07,0.10666085,2.33806e-06,3.2204819e-06
ISIC_0032976,0,0.55714875,0.44187626,7.4877974e-08,4.475334e-07,0.0009373926,1.4530487e-07,3.689045e-05
ISIC_0033274,0,0.21214056,0.7810566,4.412197e-06,9.133993e-05,0.0035011235,1.2170135e-05,0.0031937507
ISIC_0026745,0,0.9242517,0.075570226,4.1303682e-07,7.8058164e-08,0.00016123983,2.4242204e-06,1.40133225e-05
ISIC_0032875,0,0.18736564,0.33515927,1.7249959e-06,6.3393605e-07,0.47746667,5.7480506e-06,3.1534307e-07
ISIC_0033802,0,0.9980603,0.0013644253,1.6042704e-07,5.4143607e-07,0.00057411235,1.2270922e-07,4.6291922e-07
ISIC_0033429,0,0.25678822,0.72994,5.587217e-08,8.8201905e-06,0.013262032,7.8247217e-07,5.043848e-08
ISIC_0032685,0,0.75743765,0.24241692,3.9489263e-05,7.232039e-06,9.042528e-05,1.8775536e-07,8.156293e-06
ISIC_0032903,0,0.72742385,0.27193004,6.491578e-05,3.7600585e-05,0.0005113679,3.6692892e-08,3.2181426e-05
ISIC_0033323,0,0.04030857,0.95966166,2.812942e-07,2.2634215e-06,2.7146412e-05,1.9304078e-08,4.613528e-08
ISIC_0032602,0,0.99998856,1.1425242e-05,4.879569e-10,2.0360529e-09,1.1097812e-10,8.710083e-09,3.429235e-09
ISIC_0032724,0,0.9610878,0.03889975,1.7682981e-07,5.3900976e-07,4.2491743e-07,9.993001e-06,1.3642795e-06
ISIC_0033129,0,0.99995697,4.2697426e-05,1.36907214e-08,1.0649723e-08,2.6683626e-08,2.00572e-07,1.6111879e-07
ISIC_0033180,0,0.6518513,0.15003124,0.0017282175,3.1125003e-07,0.004630451,0.0015531022,0.19020534
ISIC_0033962,0,0.5201886,0.46779424,0.0055596107,1.9889944e-06,0.00035741556,0.0015466593,0.004551441
ISIC_0033603,0,0.55231446,0.38937584,0.00036288862,1.732827e-05,0.0003001504,0.006688087,0.050941236
ISIC_0033325,0,0.82156336,0.0015786747,0.007458735,0.00024926313,0.16248299,0.0066576204,9.318312e-06
ISIC_0034208,0,0.72619,0.013247681,0.11062406,0.0047359965,0.042124566,0.10306846,9.324858e-06
ISIC_0026976,0,0.99474925,0.005099354,1.7869156e-07,6.0265455e-07,0.0001498701,5.271296e-07,2.0606971e-07
ISIC_0033275,0,7.039185e-05,0.9999168,1.9765749e-10,3.9077017e-09,1.2528537e-05,2.1753472e-07,1.7526201e-08
ISIC_0033938,0,0.0022933402,0.99770564,1.4920205e-10,1.31960675e-11,9.880011e-07,5.4655565e-09,2.7519537e-08
ISIC_0032841,0,0.022279529,0.9776959,2.8517966e-10,2.1740518e-10,2.3115083e-05,3.0432265e-08,1.464911e-06
ISIC_0033819,0,0.8648743,0.13339204,2.479776e-07,1.6262901e-06,0.0017243989,4.479586e-06,2.9306125e-06
ISIC_0032544,0,0.9991442,0.0008510708,7.1434068e-09,1.04302615e-07,3.7264056e-06,4.470226e-07,4.7084686e-07
ISIC_0032844,0,0.3883788,0.6116038,9.7767504e-08,5.682506e-08,1.6234117e-05,7.764624e-07,1.8711529e-07
ISIC_0032718,0,0.41594496,0.00333306,0.58058715,4.1702784e-05,6.776367e-05,2.5405758e-05,9.864746e-09
ISIC_0032736,0,0.6119997,0.003198322,0.38477862,3.5192843e-07,2.1926258e-05,1.0682138e-06,2.3515174e-08
ISIC_0033980,0,9.75876e-06,0.9999901,1.1803674e-09,1.0563342e-09,9.64801e-08,7.735537e-09,4.9633914e-10
ISIC_0032533,0,6.2566387e-06,0.9999937,1.5349318e-10,2.4386887e-10,2.054198e-09,1.29943265e-08,3.155568e-09
ISIC_0033986,0,0.053106364,0.9468926,1.9653175e-10,4.6420636e-09,8.847692e-07,8.901872e-08,3.1519658e-09
ISIC_0033004,0,0.017940518,0.98205584,7.2368944e-11,1.691487e-10,2.8429217e-06,7.731994e-07,1.546109e-10
ISIC_0033911,0,0.002328578,0.9960097,1.2376401e-08,1.7005719e-07,2.5818525e-07,0.0016597208,1.588021e-06
ISIC_0033779,0,0.11080656,0.8823744,2.975505e-07,5.323316e-08,1.2675968e-06,0.006816926,3.5565904e-07
ISIC_0032638,0,0.017220495,0.9825811,1.310314e-09,4.0790745e-08,9.22238e-09,0.00019780085,5.5975255e-07
ISIC_0034132,0,0.9998832,0.00011663025,1.0100457e-08,1.2187365e-07,2.0323592e-08,2.7646331e-08,6.273209e-11
ISIC_0033038,0,0.9999459,4.502585e-05,9.112006e-06,2.1270518e-08,2.0991056e-08,1.3153416e-08,9.329051e-10
ISIC_0033630,0,0.06922647,0.00183235,1.9490762e-06,7.7394625e-06,0.928931,9.118993e-08,3.7834394e-07
ISIC_0032879,0,0.072588645,0.46766025,1.111909e-06,7.847231e-08,0.4597199,3.0033272e-05,9.568659e-09
ISIC_0028082,0,0.8446189,0.0010190142,2.2158007e-05,0.0015205293,0.00021317937,0.15260097,5.297032e-06
ISIC_0033336,0,0.011878645,0.9717243,1.5033064e-07,3.564421e-07,3.572892e-05,0.000318987,0.016041892
ISIC_0033405,0,0.000704954,0.9980983,3.6133205e-09,7.0573044e-08,7.849617e-06,2.0767255e-05,0.0011679572
ISIC_0034188,0,0.005312354,0.957053,4.685876e-06,1.30353155e-05,7.962567e-05,0.00019776772,0.037339646
ISIC_0033569,0,0.9954756,0.002485367,5.7941406e-06,1.2471332e-05,0.0019966513,1.9296222e-05,4.935258e-06
ISIC_0032535,0,0.9958889,0.0039903405,2.448299e-06,1.126233e-06,0.00011581844,2.5524196e-07,1.1082966e-06
ISIC_0033310,0,0.28675282,2.4722343e-05,0.7131769,1.33107e-06,1.3875857e-06,4.2339965e-05,5.405256e-07
ISIC_0033120,0,0.118224576,0.88176143,1.0064776e-06,1.1597399e-06,1.11747495e-05,6.5645963e-07,2.0684045e-08
ISIC_0034211,0,0.03205253,0.9677979,5.9909104e-07,1.1124305e-06,0.00014677907,9.172936e-07,1.5834173e-07
ISIC_0028410,0,0.97134584,0.02865197,3.1312672e-09,3.410676e-08,1.8724643e-06,2.0933836e-08,2.2693375e-07
ISIC_0033545,0,0.1361029,0.85541725,1.0621685e-07,3.371508e-07,0.0084758615,2.4555288e-06,1.1320067e-06
ISIC_0032531,0,0.999995,4.555099e-06,3.3460432e-10,4.767047e-10,4.447601e-07,6.4273196e-09,5.2943017e-10
ISIC_0032970,0,0.9997546,0.000226591,4.85029e-09,1.9509496e-08,1.8711647e-05,8.3525315e-08,7.759868e-09
ISIC_0033813,0,0.9603595,0.039205242,1.3825764e-09,1.4740473e-07,0.0004048332,3.0197214e-05,1.2696289e-07
ISIC_0033344,0,0.34012088,0.6592909,7.7742325e-06,1.3312935e-08,0.0005054604,7.486278e-05,2.5074177e-08
ISIC_0032988,0,0.94387233,0.056125,1.3895818e-06,6.1481953e-10,1.2122704e-06,5.336569e-08,1.0238446e-08
ISIC_0033029,0,0.07656967,0.7053537,9.331771e-05,6.609137e-07,0.21719399,0.00070652296,8.2106504e-05
ISIC_0028582,0,0.13733141,0.8622191,1.4462009e-06,5.3225058e-08,0.0002056825,0.00024229499,3.146151e-08
ISIC_0033024,0,0.06785173,0.24599276,0.6860295,7.7859884e-05,4.258735e-05,2.7803208e-07,5.3027784e-06
ISIC_0034134,0,5.2358766e-05,0.00058824016,0.9993395,1.7457565e-06,1.8162253e-05,3.8618233e-09,5.786458e-09
ISIC_0033878,0,0.9973519,0.0012215668,1.0219394e-06,1.9594672e-06,0.0014231541,1.0742581e-07,2.8981552e-07
ISIC_0033520,0,0.00027163397,0.9997079,1.1007108e-08,1.8390418e-08,1.9697978e-05,7.376017e-07,6.1738305e-08
ISIC_0034028,0,0.035389427,0.9633504,3.4825227e-08,5.595749e-09,0.0012571847,2.8579543e-06,6.2488496e-08
ISIC_0034051,0,0.0047884444,0.9610912,2.626983e-07,1.3136525e-09,0.034107503,3.489917e-08,1.260884e-05
ISIC_0033377,0,0.54574174,0.44148356,2.1747059e-05,3.940738e-09,0.012743951,6.0543226e-07,8.380713e-06
ISIC_0033534,0,0.9637695,0.0037846188,0.029748794,2.8653213e-07,0.0021265226,1.0959327e-05,0.0005594274
ISIC_0032626,0,0.9726355,0.0015057657,0.020549517,2.16232e-07,0.0052935868,1.4599245e-06,1.3944075e-05
ISIC_0032807,0,0.13653968,0.863448,9.045417e-06,3.4844083e-09,4.826088e-07,2.7670887e-06,2.7896265e-08
ISIC_0032645,0,0.00029079136,0.99970895,1.1996138e-08,5.5216844e-09,2.6589672e-07,2.406339e-10,1.3583082e-09
ISIC_0034275,0,0.99903655,7.347783e-05,0.00034590106,0.00054244796,2.4761158e-07,5.91153e-07,7.623432e-07
ISIC_0033440,0,0.99980026,0.00017880705,8.901166e-06,1.1746918e-05,2.7672857e-07,4.710929e-08,3.876455e-09
ISIC_0027204,0,0.069591604,0.061225813,5.455747e-09,6.126023e-07,0.86918116,3.7030468e-08,7.5820134e-07
ISIC_0033999,0,0.8066405,0.1046405,3.226623e-06,0.0693298,0.0077628247,0.009158976,0.0024642588
ISIC_0033856,0,0.99704343,0.00015644774,5.3222622e-05,2.9619008e-05,2.9021372e-05,0.00039504594,0.0022932217
ISIC_0029502,0,0.017405689,0.98177505,0.0004226935,8.2349616e-05,0.00022041851,3.1990652e-07,9.341104e-05
ISIC_0024459,0,0.66964966,0.3303128,5.102255e-08,3.696051e-07,3.237207e-05,4.22668e-06,5.2758156e-07
ISIC_0025708,0,7.125943e-05,0.9999231,5.440241e-09,1.3672911e-07,2.2899434e-07,4.657212e-08,5.2274877e-06
ISIC_0027838,0,2.5004763e-06,0.9999862,2.3462319e-09,5.6925496e-11,3.6037935e-07,1.0885259e-05,1.522481e-07
ISIC_0028173,0,1.5100407e-05,0.99997544,1.2253308e-06,3.3251e-12,4.830276e-06,3.2249689e-06,1.8808717e-07
ISIC_0032110,0,0.029706595,0.9701806,9.20252e-07,4.6569852e-08,2.5182403e-06,4.2285694e-05,6.708122e-05
ISIC_0026500,0,0.0011423235,0.99874973,1.274719e-07,5.517639e-07,6.269886e-06,5.9936237e-06,9.5030264e-05
ISIC_0024552,0,0.0035290548,0.9963398,3.0085687e-07,3.4132347e-07,8.602273e-05,4.4187647e-05,3.6097316e-07
ISIC_0026167,0,0.0003766095,0.99946743,7.217652e-07,3.7159616e-06,0.00014979992,1.3859102e-06,3.0533147e-07
ISIC_0028984,0,0.0035291906,0.9462698,3.7299053e-06,0.0004336884,0.049711738,1.1857629e-05,3.9986655e-05
ISIC_0032197,0,0.00026595514,0.99966204,4.0455487e-07,1.4433104e-07,5.594983e-05,2.626051e-06,1.291119e-05
ISIC_0032134,0,0.5013095,0.48728007,0.00019704337,1.4463558e-06,0.00960581,0.0015737341,3.2396587e-05
ISIC_0028114,0,0.06142824,0.93296504,0.00041479408,2.854457e-07,0.0030524782,0.0021325466,6.6366765e-06
ISIC_0027673,0,0.070313804,0.92574996,0.0004771234,1.8320915e-06,0.002431696,0.0009876802,3.7870574e-05
ISIC_0030187,0,0.0060573937,0.98154587,2.814774e-08,5.004961e-07,0.012164923,1.6144562e-05,0.00021514323
ISIC_0024700,0,0.8483097,0.15141551,2.7811802e-09,2.3537405e-06,0.00026827652,9.750983e-07,3.1473617e-06
ISIC_0027793,0,0.0010804804,0.9987728,9.156241e-08,2.2603422e-07,0.00014570469,2.6818517e-08,6.655481e-07
ISIC_0026506,0,0.625968,0.34454957,0.0005366377,2.8664897e-06,0.0001060487,3.4323916e-06,0.028833553
ISIC_0025145,0,0.9803417,0.019617764,1.8894639e-07,5.141778e-08,4.3116825e-07,9.866515e-06,3.0002067e-05
ISIC_0031565,0,0.087838896,0.9076719,0.00012545094,8.388438e-05,0.0042721876,1.3120177e-06,6.324167e-06
ISIC_0030932,0,0.013830127,0.22493634,6.478199e-08,5.5925508e-08,0.76123327,1.0446259e-07,7.765314e-09
ISIC_0025238,0,0.013081728,0.9869047,4.9641785e-06,1.2597962e-06,2.4242877e-06,4.4639214e-06,3.7458597e-07
ISIC_0028543,0,0.0012301494,0.9963536,3.016924e-08,2.8545867e-07,0.002415702,2.4235297e-07,7.279477e-08
ISIC_0027328,0,0.9962358,0.002424214,0.0004938443,0.0005869385,0.00025006887,3.8355265e-07,8.7685585e-06
ISIC_0030382,0,0.7909522,0.036026586,7.398717e-06,0.0049892077,0.16747296,0.0005174905,3.4169523e-05
ISIC_0029033,0,3.994786e-05,0.9999255,9.709629e-09,3.6024545e-07,3.192907e-05,2.1163978e-06,8.613276e-08
ISIC_0028288,0,0.63191646,0.36739865,0.000677399,1.9899325e-07,6.912985e-06,8.734269e-09,3.342122e-07
ISIC_0029089,0,0.03170888,0.0008058007,0.9471118,0.013931104,0.0029889818,0.003427592,2.5880843e-05
ISIC_0025132,0,0.9649796,0.035018638,6.235181e-08,6.5395223e-09,1.2621487e-06,3.569328e-07,1.0375965e-08
ISIC_0026916,0,0.9118073,0.08789742,6.015279e-07,3.291688e-05,0.00025239895,8.716283e-06,7.4048916e-07
ISIC_0027863,0,0.9935355,0.0063285166,2.9988078e-07,4.1038775e-06,0.00013080567,8.021171e-07,8.8194047e-10
ISIC_0029319,0,0.9512356,0.03785563,0.00015107886,5.2909977e-06,0.010732455,7.2313087e-06,1.2665069e-05
ISIC_0032219,0,0.3674756,0.6317518,4.2260876e-08,1.2237509e-06,0.0007628936,6.3915957e-07,7.880341e-06
ISIC_0029839,0,0.12796538,0.8719934,2.697368e-05,9.748083e-06,1.2961091e-06,9.583852e-07,2.2831423e-06
ISIC_0026868,0,0.09375646,0.03293733,0.000400758,0.8285946,0.044042286,0.00025170442,1.6890555e-05
ISIC_0027742,0,0.0010991592,0.9989003,1.671641e-11,1.8368631e-11,2.4443665e-07,4.2650537e-08,2.4293882e-07
ISIC_0031529,0,4.5431785e-05,0.99977356,4.783281e-08,3.2894028e-09,3.5352496e-05,1.8834031e-07,0.00014537631
ISIC_0030843,0,0.62455565,0.3753205,6.035406e-08,1.1113341e-09,0.000116526666,7.2199646e-06,3.2961346e-08
ISIC_0028898,0,0.00018576761,0.99981385,2.863899e-11,1.8602541e-11,3.3197173e-07,3.540103e-10,5.919681e-08
ISIC_0032192,0,0.24558854,0.08540946,2.9382456e-06,0.056320198,0.6116876,0.000937025,5.4253116e-05
ISIC_0026694,0,0.0010465666,0.99739456,6.103038e-08,3.2602095e-08,0.0015587792,5.2613178e-08,2.3557087e-09
ISIC_0024313,0,0.0771123,0.922862,2.5117822e-08,1.5902684e-07,2.465961e-05,3.7238532e-08,9.046704e-07
ISIC_0030910,0,0.07179209,0.7938103,8.0372865e-06,0.063595735,0.06106603,0.009718637,9.15784e-06
ISIC_0029238,0,0.9973085,0.0016374616,1.6584958e-07,6.139225e-05,0.00084033184,0.00015220919,4.39917e-09
ISIC_0026571,0,0.9731708,0.026718717,5.940055e-08,9.991131e-06,1.6069633e-06,9.871836e-05,5.881644e-08
ISIC_0027021,0,0.9393884,0.053381775,1.3772717e-05,0.00023101096,0.0068659447,0.0001189915,9.9776024e-08
ISIC_0031170,0,0.9841405,0.0013048446,0.000185186,6.431695e-06,0.014297736,6.5113374e-05,1.3758134e-07
ISIC_0024652,0,0.996363,0.0035390337,4.6154114e-06,6.892109e-06,8.537816e-05,1.1180966e-06,4.414611e-08
ISIC_0032504,0,0.64879745,0.34861636,3.0657177e-06,0.00010611279,0.00010363799,0.002336436,3.690508e-05
ISIC_0027956,0,0.0011456735,0.9988531,1.6178922e-10,1.7795646e-08,1.0525207e-06,9.9305375e-08,7.1050394e-08
ISIC_0029170,0,0.00061065704,0.9992699,1.3100112e-06,6.8076656e-07,5.6034925e-05,3.4750698e-05,2.6605281e-05
ISIC_0030950,0,0.9985159,0.00045559116,0.0009783006,2.4458392e-05,2.0992786e-06,1.8771327e-05,4.7723415e-06
ISIC_0028227,0,0.8132033,0.01902463,3.8778035e-06,0.0007219224,0.16703345,9.789257e-06,2.9701596e-06
ISIC_0027163,0,0.8683778,0.037314147,2.4166618e-06,7.252524e-05,0.09415049,4.1636857e-05,4.0978593e-05
ISIC_0029642,0,0.16345897,0.8284318,5.7931246e-08,4.4225153e-06,0.007955159,3.7231177e-05,0.00011241726
ISIC_0028567,0,3.5413354e-06,0.9999958,1.0768923e-07,2.4318056e-10,9.592992e-09,2.8278004e-07,2.3917687e-07
ISIC_0030695,0,0.62623966,0.26344875,4.2254968e-07,5.7161975e-07,0.11031056,1.5065057e-08,2.7904585e-08
ISIC_0031203,0,0.6609738,0.00056425366,6.50353e-08,1.1533055e-07,0.3384615,2.9537097e-07,6.315421e-09
ISIC_0026690,0,0.6005036,0.38625136,1.7716281e-09,5.4394525e-07,0.013244275,2.746864e-08,1.4529012e-07
ISIC_0031350,0,0.0022780518,0.9913713,3.906031e-06,8.996161e-06,0.0063354275,1.5159843e-06,7.6796454e-07
ISIC_0025832,0,0.981887,0.018111667,2.6903068e-08,1.3894476e-11,1.4396605e-06,5.267149e-10,2.6277377e-10
ISIC_0026105,0,0.7447763,0.25521436,1.0628386e-06,8.025778e-09,8.136559e-06,5.3650684e-08,3.6169083e-09
ISIC_0026930,0,0.04581486,0.95410633,4.4288507e-07,6.17534e-08,7.3354924e-05,4.723968e-06,1.544189e-07
ISIC_0030246,0,0.0027453494,0.9971718,3.7208757e-08,1.1551508e-06,8.055643e-05,9.545403e-08,9.3625505e-07
ISIC_0027350,0,0.12926741,0.8584479,0.00029837067,5.437971e-05,0.011791903,0.00010969751,3.0352745e-05
ISIC_0026738,0,0.999987,1.2104741e-05,2.4610571e-08,2.79171e-10,8.581275e-07,1.5260197e-08,1.1899935e-09
ISIC_0032207,0,2.1109967e-05,0.9862527,8.979953e-08,6.571565e-08,0.013722876,7.1317794e-07,2.3496646e-06
ISIC_0026558,0,0.017262064,0.98264265,9.07997e-05,1.3825417e-06,2.8517125e-06,2.6460441e-08,2.7933686e-07
ISIC_0030083,0,0.7360247,0.26395676,9.2615465e-10,4.7485615e-09,1.2454006e-05,5.855005e-06,2.7093748e-07
ISIC_0030002,0,0.9973181,0.0005073776,1.1845357e-07,2.275644e-07,0.0021388077,3.4078457e-05,1.329622e-06
ISIC_0024630,0,0.61439747,0.385567,3.968568e-06,1.6038255e-08,1.6178703e-05,1.4033799e-05,1.2690813e-06
ISIC_0024333,0,0.70436484,0.25273156,1.9622954e-05,6.364006e-05,0.03728918,0.0048480025,0.0006830679
ISIC_0024932,0,0.9444172,0.055331852,1.5643244e-06,5.115998e-08,0.00024927844,2.5053799e-08,9.357284e-08
ISIC_0029480,0,0.021947779,0.9389671,3.6734058e-05,9.922917e-05,0.038941525,1.16940434e-07,7.495652e-06
ISIC_0024918,0,0.020335412,0.97963,5.3204685e-09,5.563202e-10,3.443557e-05,1.574178e-08,1.8665332e-07
ISIC_0032287,0,0.0006459011,0.99287933,8.83585e-06,1.3447978e-05,0.0064190384,2.755358e-06,3.0644478e-05
ISIC_0025791,0,4.3713866e-05,0.9998392,5.768312e-08,1.880856e-07,0.000115453426,7.839538e-07,5.1184287e-07
ISIC_0026516,0,0.0064822384,0.99338937,1.4540073e-07,4.6256823e-06,6.562316e-05,3.6288756e-07,5.7705318e-05
ISIC_0025724,0,0.0033644848,0.97365326,2.171862e-06,2.429623e-06,0.004005768,1.3584747e-05,0.018958269
ISIC_0024410,0,0.001319279,0.9963742,1.6172978e-06,1.0757448e-06,0.0022917544,6.7522897e-06,5.2706073e-06
ISIC_0031025,0,0.61268723,0.37813926,4.3331693e-07,9.053715e-06,0.009153414,7.0865403e-06,3.5123703e-06
ISIC_0031957,0,1.5938951e-05,0.99740136,4.9612925e-05,3.083417e-05,0.002349627,2.309234e-05,0.00012961445
ISIC_0031087,0,0.9429848,0.029624661,0.00021941932,0.00066693034,0.024972947,0.0013641529,0.00016721619
ISIC_0027187,0,0.9975781,0.0023511609,1.463022e-07,1.7628208e-05,5.2714506e-05,1.1869673e-07,2.024726e-07
ISIC_0028764,0,0.8666546,0.09880266,6.9376697e-06,0.0014848121,0.03303087,1.5022628e-05,5.013265e-06
ISIC_0029021,0,0.08768405,0.7455444,1.83368e-07,2.1013362e-07,0.16677088,2.434756e-07,1.0417529e-07
ISIC_0028075,0,0.99652714,0.0018397894,3.286022e-05,0.0015777764,4.0442724e-06,1.755787e-05,9.155615e-07
ISIC_0026823,0,0.91229427,0.08016319,6.7998904e-08,7.5157404e-06,0.0075270734,7.8304565e-06,1.1907049e-08
ISIC_0028493,0,0.20709674,0.02583344,0.000781103,0.0059624645,0.61352205,0.14679351,1.0686007e-05
ISIC_0029272,0,0.013958341,0.9576344,9.3987875e-09,0.0001682524,0.028223045,1.526694e-05,6.892431e-07
ISIC_0032389,0,0.9999249,5.089748e-05,4.823902e-07,2.2568567e-05,7.568825e-07,2.8580072e-07,9.829087e-08
ISIC_0025709,0,0.996646,0.0007978899,9.087991e-06,0.001977726,0.0005619511,6.0620246e-06,1.233531e-06
ISIC_0031746,0,0.5247756,0.4662691,0.00016107275,2.3993816e-06,0.008784483,7.193818e-06,8.874848e-08
ISIC_0032076,6,0.0012359747,8.0072897e-07,0.0106800385,1.1730727e-07,2.1856543e-07,6.605621e-07,0.9880823
ISIC_0025321,6,0.0010800804,0.0039035934,0.00025438002,5.394649e-07,2.2824288e-05,7.5577054e-07,0.9947378
ISIC_0029404,6,0.00018197978,0.001462965,1.9147403e-06,0.0001811502,0.0005611828,4.7543304e-07,0.99761033
ISIC_0030275,6,0.010000462,0.057260185,0.00010075483,4.25848e-05,0.0010033782,5.2301533e-05,0.9315403
ISIC_0028163,6,0.0047166822,0.6381839,0.003945962,5.6001966e-07,6.984655e-07,0.08408995,0.2690623
ISIC_0024669,6,2.2043523e-05,0.001977188,2.1887317e-05,4.2185057e-08,1.1607216e-07,0.00014937721,0.9978294
ISIC_0026693,6,6.6430375e-06,6.3765433e-06,0.00039575854,3.1157674e-07,2.6309652e-07,1.2293933e-07,0.9995906
ISIC_0027983,6,3.071834e-06,2.603624e-07,0.0022823992,8.9513713e-07,6.1928304e-08,3.7730265e-06,0.99770963
ISIC_0033158,6,7.004218e-06,5.6717807e-05,0.00036011552,3.8722487e-08,1.6196987e-06,1.7488826e-07,0.99957436
ISIC_0032867,6,9.612271e-06,2.0523933e-06,1.462715e-07,4.2441616e-08,2.5251958e-07,9.5593995e-09,0.99998784
ISIC_0032545,6,4.194589e-06,8.678917e-06,2.3359375e-07,2.823929e-08,5.767365e-07,4.7781977e-08,0.9999863
ISIC_0032270,6,7.529469e-07,0.8550613,3.3054554e-10,6.301294e-08,1.8200979e-05,3.6970286e-07,0.1449192
ISIC_0028146,6,6.895041e-07,0.015252334,2.4398096e-07,4.624187e-09,7.436492e-07,5.413861e-08,0.984746
ISIC_0030722,6,6.621068e-05,2.596689e-08,7.151091e-05,7.350336e-07,4.4853457e-10,6.306767e-05,0.99979836
ISIC_0027210,6,0.0009167723,0.026340142,0.00094812707,2.4918384e-06,0.0032176885,6.0165917e-06,0.96856874
ISIC_0025924,6,0.0005578286,9.5157215e-05,6.745058e-05,1.12626566e-07,1.48181325e-08,1.2255105e-08,0.99927944
ISIC_0024402,6,1.1603478e-05,1.044738e-05,2.5070867e-06,1.9363858e-06,1.113421e-05,6.802309e-07,0.9999616
ISIC_0027256,6,3.3041786e-06,0.0009869555,4.9345846e-07,1.2047614e-08,7.574939e-08,1.0043456e-07,0.99900913
ISIC_0031201,6,1.2719209e-11,7.480018e-12,2.2813726e-12,5.787738e-14,1.8868788e-11,1.0417622e-09,1.0
ISIC_0025873,6,0.00013995929,0.0010921173,5.889662e-08,1.1411198e-06,2.3167873e-07,4.4505185e-08,0.99876654
ISIC_0027563,6,4.2212555e-06,0.2183286,1.8935052e-05,7.354519e-10,5.5664327e-06,1.9905136e-05,0.78162277
ISIC_0025707,6,6.610127e-12,6.6790135e-10,2.0722649e-10,7.762875e-11,1.5813196e-11,1.1691169e-10,1.0
ISIC_0025612,6,9.912138e-11,3.3923807e-05,2.9602638e-09,1.6655241e-10,8.820189e-08,6.62865e-07,0.9999653
ISIC_0025606,6,6.6127584e-05,0.07998493,2.5821162e-05,0.000117237265,1.0291186e-05,0.0002485245,0.919547
ISIC_0031103,6,1.5609445e-12,1.3330099e-11,1.3197358e-11,3.920601e-12,6.6669885e-13,1.3202117e-11,1.0
ISIC_0024375,6,1.2994362e-08,9.853152e-06,8.5725213e-07,7.492818e-11,2.8925073e-09,4.9995447e-07,0.9999888
ISIC_0029230,2,0.00021051071,0.266175,0.71143895,2.65601e-05,0.022086976,9.374596e-06,5.2590854e-05
ISIC_0031513,2,0.0017700291,0.6924016,0.30530736,8.550914e-05,0.00036821928,4.5778128e-05,2.1472399e-05
ISIC_0024431,2,0.0002113448,8.1250684e-05,0.9992719,4.309045e-06,0.00042853688,1.2608544e-06,1.2922845e-06
ISIC_0026656,2,8.387772e-09,3.0794993e-08,1.0,1.7970939e-10,1.5394428e-09,1.2830004e-10,2.8395999e-11
ISIC_0027976,2,5.541422e-07,5.4884604e-05,0.99982387,1.747644e-08,5.5611436e-05,1.12240075e-08,6.511408e-05
ISIC_0026574,2,0.8361887,0.023753196,0.07292643,0.03955842,0.027219184,0.00019910005,0.00015497177
ISIC_0031585,2,0.00050593604,0.0013252846,0.98133284,0.013314547,0.0021160927,0.0013516633,5.358912e-05
ISIC_0029747,2,9.675471e-07,0.00015030333,0.99935883,2.0441686e-09,2.0252866e-05,8.341644e-09,0.00046962698
ISIC_0030778,2,0.0028633522,0.1251964,0.82380205,2.5719871e-06,0.00014450731,0.00024908572,0.04774209
ISIC_0031749,2,3.5969867e-06,1.2468105e-05,0.9999691,2.3096878e-07,5.281563e-06,6.4859105e-06,2.8311886e-06
ISIC_0029847,2,2.935059e-05,6.788949e-07,0.9997094,5.111413e-09,7.496511e-08,0.00025750394,3.0127433e-06
ISIC_0025731,2,2.3787904e-07,8.1588763e-07,0.99999845,2.968988e-07,5.5788587e-09,1.4775745e-08,2.8614167e-07
ISIC_0028670,2,4.287123e-06,0.2305696,0.75233513,7.064838e-07,0.0011800119,7.402396e-07,0.015909577
ISIC_0032139,2,0.19027142,0.69564855,0.0006805416,7.832859e-05,0.07671713,0.004628497,0.031975456
ISIC_0031243,2,0.8328632,0.03833005,0.0031408104,0.00011719764,0.12325946,0.0022747843,1.45078275e-05
ISIC_0026282,2,0.0001359032,0.9723389,0.027444432,3.9640216e-07,7.9340374e-05,1.022578e-06,4.1464357e-08
ISIC_0027744,2,0.00010754612,0.06829844,0.93156356,3.208805e-08,2.7452295e-05,2.6718935e-08,2.9318687e-06
ISIC_0026593,2,0.0006545183,0.028577091,0.9701577,2.9297629e-09,0.0006087211,2.7892744e-07,1.707333e-06
ISIC_0027774,2,0.0008298831,0.012914554,0.9850676,4.695903e-07,0.001144063,1.12252765e-05,3.2183e-05
ISIC_0027998,2,2.3479687e-07,4.887669e-05,0.99995077,1.3584366e-10,8.806411e-08,2.4207448e-08,1.7145137e-08
ISIC_0028079,2,0.0011054729,0.8175471,0.17566499,0.00017395073,0.00083032926,0.00031874594,0.0043593612
ISIC_0031284,2,0.0004995515,0.0037303572,0.99576616,3.051477e-07,3.1106458e-06,3.5575493e-07,7.9139056e-08
ISIC_0031789,2,1.3397052e-05,0.8707081,0.12880707,0.00037011778,8.690749e-06,4.579557e-05,4.6822955e-05
ISIC_0030659,2,0.018547263,0.37699923,0.44458234,0.0033478935,0.15113406,0.0021828976,0.0032063131
ISIC_0026275,2,0.0005282471,0.07340113,0.8349225,0.014136977,0.07656231,6.046309e-05,0.00038835238
ISIC_0024573,2,5.040858e-07,3.3672077e-06,0.99999464,1.7502243e-08,1.1724799e-07,2.8964993e-09,1.3996656e-06
ISIC_0029669,2,0.0016226425,0.013021318,0.9852051,8.0148175e-07,5.108496e-05,3.85515e-05,6.0527993e-05
ISIC_0031169,2,1.1227675e-05,6.6262786e-05,0.9999068,8.519591e-06,2.7954213e-06,2.8540894e-06,1.5338679e-06
ISIC_0026453,2,8.086491e-05,0.99237776,0.007533932,1.4151382e-09,6.2110637e-09,8.540307e-08,7.2711405e-06
ISIC_0031489,2,1.0364289e-05,0.9994954,0.0004890079,5.6445626e-11,1.8543668e-07,1.0344928e-08,5.041617e-06
ISIC_0027297,2,0.018045336,0.15328331,0.35832626,0.0001932259,0.47012913,2.6851485e-06,2.004077e-05
ISIC_0032660,2,0.004116929,0.00056693517,0.09131799,0.0006656123,0.8961873,5.7296143e-06,0.0071394695
ISIC_0033504,2,0.0007971271,0.000566011,0.9899177,0.00053227803,0.00817942,2.4047647e-06,5.035829e-06
ISIC_0034306,2,4.3777083e-13,5.0372395e-10,1.0,6.5515884e-11,1.314446e-10,1.0021864e-11,1.959123e-11
ISIC_0032799,2,4.2507685e-11,1.4342138e-11,1.0,2.2172942e-11,1.5810498e-09,1.0251022e-10,4.2405086e-11
ISIC_0034058,2,4.3705506e-07,5.930306e-08,0.9999018,2.3044391e-05,7.273045e-05,9.1998584e-07,9.3747974e-07
ISIC_0033001,2,5.282634e-08,4.0869824e-07,0.99999833,2.7608897e-07,7.427642e-07,5.797886e-09,1.3659864e-07
ISIC_0033257,2,0.23456451,0.021892833,0.078020364,0.61255443,0.0029003508,0.034014847,0.01605264
ISIC_0034276,2,0.0011472832,0.02390995,0.9192988,0.0033681127,0.016212195,0.019931998,0.01613175
ISIC_0034119,2,0.01870762,0.03789951,0.633669,0.073547415,0.010607284,0.18062437,0.04494478
ISIC_0025644,2,1.0808529e-06,0.0003330989,0.9996619,5.6245724e-09,3.9345555e-06,1.218134e-08,6.8057586e-09
ISIC_0030314,2,0.00013253352,0.0032380004,0.9966294,1.2930075e-08,7.934553e-09,3.3294763e-09,1.2612712e-08
ISIC_0033012,2,0.00014333871,1.0267408e-06,0.9988274,0.00010127526,2.1688387e-05,0.00069646677,0.00020889757
ISIC_0033468,2,0.7764628,0.0007814436,0.1778646,0.026027149,0.0007079921,0.002839278,0.015316779
ISIC_0034123,2,1.9966388e-05,3.8900776e-06,0.99997556,2.7808886e-07,3.0901617e-08,2.8828663e-07,7.936487e-11
ISIC_0034026,2,0.0052676876,0.004148264,0.9854447,6.365166e-05,0.0012025122,0.002598814,0.0012743064
ISIC_0034155,2,0.0055153156,0.02550692,0.9641538,3.1132273e-05,0.004771738,6.8916884e-06,1.4265251e-05
ISIC_0033146,2,4.2635716e-06,4.1497577e-07,0.99996734,1.9307021e-05,8.59492e-06,3.992692e-08,5.1944763e-08
ISIC_0029192,2,1.0626409e-06,1.0186012e-06,0.99999785,4.4985342e-11,1.5760012e-08,8.491597e-09,2.125008e-09
ISIC_0033248,2,7.095125e-11,1.4234523e-10,1.0,1.0233644e-12,1.7128166e-08,1.7880349e-12,1.5142531e-12
ISIC_0025102,2,5.634997e-09,4.6265995e-06,0.99999535,1.6188267e-12,6.1217936e-10,1.9579298e-11,2.7007657e-11
ISIC_0032850,2,8.7694925e-06,0.008304017,0.9916808,7.423977e-08,4.6963774e-07,2.0437746e-07,5.651916e-06
ISIC_0030712,2,0.00015315227,0.016552558,0.98329425,1.229111e-09,5.1028024e-08,6.843529e-09,3.9338254e-08
ISIC_0032991,2,0.0088247815,0.0008026178,0.64342904,0.012805513,0.16857995,0.16365424,0.0019038344
ISIC_0029564,2,6.401703e-06,0.023478365,0.96950287,2.1964708e-05,0.0062470566,2.6054513e-06,0.0007406687
ISIC_0031539,2,0.022457633,0.44752303,0.1474465,0.007276541,0.37406966,0.0010417926,0.00018491916
ISIC_0028688,2,3.2994805e-05,0.66214824,1.4582606e-05,0.33158064,0.0062068054,5.0499766e-06,1.1658165e-05
ISIC_0031245,2,1.2439599e-06,1.1582521e-05,0.9999229,6.0679906e-07,3.930015e-07,5.9305534e-05,3.9466217e-06
ISIC_0028570,2,3.835516e-05,0.09602389,0.90367246,7.3337647e-10,0.0002465164,7.921876e-06,1.0902422e-05
ISIC_0031351,2,1.5612802e-08,3.3963184e-07,0.99996495,3.4341945e-05,3.8113328e-07,3.1456164e-09,6.749311e-11
ISIC_0029278,2,2.608569e-08,1.9740934e-05,0.9530579,1.8867278e-05,0.046890512,4.9441273e-06,8.038792e-06
ISIC_0031643,2,1.0925346e-06,2.1752733e-06,0.99995184,4.4942804e-05,7.2452555e-10,2.66435e-09,1.4101516e-09
ISIC_0025417,2,2.2999284e-05,0.008276124,0.9916944,4.1810557e-07,5.1943916e-06,4.0142803e-07,4.5645282e-07
ISIC_0028035,2,0.008886714,0.20247424,0.7867743,0.00017104922,0.0015848966,6.4650056e-05,4.4198558e-05
ISIC_0026213,2,7.02346e-13,3.6178445e-09,1.0,3.469118e-11,1.111504e-09,6.023972e-13,1.2204042e-12
ISIC_0026442,2,2.3245614e-11,1.5343782e-09,0.9999987,6.6462214e-09,1.2549468e-06,2.5872258e-09,4.7415443e-11
ISIC_0026952,2,2.1244403e-05,0.0002488762,0.99972767,1.2340732e-07,1.5720122e-08,2.026008e-06,1.0093712e-07
ISIC_0029391,2,2.2492903e-09,1.4860012e-09,1.0,2.4036826e-09,1.1507314e-08,3.594292e-10,8.4260116e-10
ISIC_0029129,2,0.0023089505,0.00013955723,0.9969047,0.000646146,4.6388314e-07,1.4422865e-07,6.896878e-09
ISIC_0029805,2,2.6961264e-10,1.8408099e-07,0.99999976,2.3343175e-10,2.4688283e-11,1.213465e-10,1.9840714e-13
ISIC_0029412,2,0.017269934,0.0029919597,0.97880447,0.0002674396,0.0006133888,1.6630433e-05,3.621808e-05
ISIC_0029489,2,1.5811373e-05,3.5474187e-07,0.99960905,0.00037315182,7.3981177e-09,1.5536261e-06,1.2062719e-07
ISIC_0029974,2,0.00012634833,0.005236321,0.99318177,0.0012744918,0.00017644123,1.0056108e-06,3.6928175e-06
ISIC_0031597,2,0.00014521826,0.99464417,0.0004949893,7.402864e-06,0.0047067255,8.740384e-08,1.4776966e-06
ISIC_0027915,2,0.7853953,0.07490634,0.13880411,0.00014544466,1.8198476e-05,0.00072912057,1.4386072e-06
ISIC_0026337,2,0.5049325,0.00068732817,0.49004373,0.0016423209,0.0022421933,0.00042795335,2.3963084e-05
ISIC_0026902,2,0.6163469,0.09288308,0.0958671,0.16184255,0.011608901,0.020092942,0.0013584754
ISIC_0027189,2,0.0010449596,1.45553e-06,0.99894124,1.5550582e-06,1.0455927e-05,2.2624097e-07,1.6262754e-07
ISIC_0032307,2,0.14683683,0.21558264,2.7992088e-05,0.00040890675,0.6369406,0.00020220665,8.7855125e-07
ISIC_0030197,2,0.00037346446,2.6109645e-05,0.9866344,0.0001997101,0.012757651,7.753769e-06,8.8295945e-07
ISIC_0024582,2,0.000110123205,0.00798883,0.99171644,1.4957405e-05,0.0001559802,8.951019e-06,4.7614726e-06
ISIC_0029655,2,0.00045767272,0.90979004,0.0870507,0.0008493092,0.001610683,5.8178874e-05,0.00018341737
ISIC_0028556,2,3.2283674e-09,7.0871005e-07,0.9999993,4.7966683e-12,3.6514315e-08,9.252881e-11,3.4715155e-09
ISIC_0031122,2,6.49162e-05,0.05421359,0.81735235,0.00010879541,0.12749806,4.0976065e-06,0.0007581809
ISIC_0027825,2,0.007983977,0.0791233,0.47496593,0.43668774,0.000978388,0.00019299457,6.76654e-05
ISIC_0030230,2,1.0412549e-05,0.99996483,2.3115641e-05,7.809236e-10,1.07938206e-07,1.2994374e-06,2.6239428e-07
ISIC_0031728,2,0.0017091469,0.9351698,0.06311255,2.6914819e-08,5.6186486e-06,6.5839396e-07,2.2132162e-06
ISIC_0031526,2,0.00084353733,0.7421872,0.25689146,6.249526e-07,4.14596e-06,4.6105863e-05,2.6969978e-05
ISIC_0024743,2,1.3948048e-05,0.00016690708,0.99975973,5.123599e-05,5.1056027e-06,2.8946995e-06,1.4872518e-07
ISIC_0031925,2,2.0625939e-07,6.291966e-06,0.9995455,0.000282089,3.3154072e-05,1.4215748e-05,0.00011849932
ISIC_0024949,2,1.2748099e-09,3.813999e-06,0.9999962,7.2529085e-09,1.8765274e-08,6.124336e-09,1.3928864e-09
ISIC_0031294,2,4.9130673e-09,2.0892566e-07,0.9999993,3.6533422e-07,2.902177e-08,3.3200668e-11,7.123376e-08
ISIC_0028719,2,9.907355e-07,2.6983814e-06,0.999987,9.311205e-06,2.0508615e-08,1.3905052e-10,5.4161983e-08
ISIC_0027046,2,0.069372706,0.8955324,0.034737125,0.0003050188,2.8308139e-05,2.0717254e-05,3.7469356e-06
ISIC_0031154,2,0.0058473754,0.9302721,0.06341579,6.805846e-05,0.00038731514,8.950081e-06,2.9352955e-07
ISIC_0028168,2,0.0075523113,0.9504447,0.0009683964,0.00043265423,0.040567044,1.3054096e-05,2.1810727e-05
ISIC_0031056,2,2.083833e-07,0.00015058141,0.99980325,2.3540546e-05,1.8367932e-06,4.241509e-06,1.6360953e-05
ISIC_0031063,2,1.1679449e-05,6.732208e-07,0.99991095,2.9464407e-05,4.6829453e-05,1.07742345e-07,2.7870595e-07
ISIC_0028877,2,0.00022444356,2.14381e-05,0.9923151,0.0072942013,0.00014203117,2.4697397e-07,2.6173977e-06
ISIC_0028084,2,0.006588425,0.9220778,0.07132977,1.043705e-07,3.23007e-06,6.010362e-08,5.4302694e-07
ISIC_0026970,2,4.6874156e-06,0.22971761,0.7702384,1.3117272e-08,3.9276012e-05,8.603451e-09,8.912147e-09
ISIC_0030096,2,2.1395842e-07,0.15020122,0.8493681,3.2040261e-06,0.00035161167,4.6464713e-05,2.913939e-05
ISIC_0024564,2,3.0083026e-08,6.2460974e-09,0.99990153,2.4970777e-05,2.6505164e-05,4.6953282e-05,3.3724676e-09
ISIC_0025322,2,5.6632046e-09,1.5810583e-08,0.9999933,1.795488e-07,6.3241246e-06,1.6475413e-07,1.0721052e-09
ISIC_0027677,2,0.40583763,0.02359635,0.56998086,0.00013871439,0.00020187446,0.00024453545,3.7488082e-08
ISIC_0024833,2,0.1770444,0.28464645,0.49348253,0.011017884,0.033706058,9.4205374e-05,8.412736e-06
ISIC_0027546,2,0.045070615,0.019052701,0.9357329,6.1178084e-06,0.0001348598,2.477463e-06,1.8747005e-07
ISIC_0030868,2,0.0007777094,0.00018298879,0.043533996,0.0007079612,0.950464,0.004049906,0.000283384
ISIC_0026995,2,0.21832228,0.023498654,0.7403861,0.0041128225,0.0132552,0.0004187043,6.224086e-06
ISIC_0030915,2,0.007662161,0.12353454,0.76638275,0.012794301,0.089018226,2.4750356e-05,0.0005832176
ISIC_0032092,2,0.0012745885,0.0021421877,0.8851171,0.109199375,0.0022290347,2.0727289e-06,3.5653095e-05
ISIC_0024787,2,4.625746e-05,0.00065195886,0.9948237,0.0039763823,0.00049875636,1.0217626e-06,1.9188842e-06
ISIC_0029602,2,1.4813464e-10,5.971012e-06,0.9999932,1.8562838e-08,8.407088e-07,1.886857e-09,8.274195e-10
ISIC_0024436,2,1.3477953e-10,4.4739245e-08,1.0,5.257064e-11,1.0845866e-09,6.138741e-10,1.960483e-08
ISIC_0026940,2,1.3299857e-07,1.9736696e-08,0.9999994,5.500882e-10,1.17330885e-07,3.2776063e-07,8.824402e-10
ISIC_0029745,2,4.1893243e-05,0.044817556,0.95514,1.1518263e-08,3.0815343e-07,7.2511184e-09,1.2599726e-07
ISIC_0028419,2,6.908214e-05,0.0022957148,0.99746954,0.00012870379,2.7596607e-05,8.457097e-06,9.309672e-07
ISIC_0025818,2,5.440199e-05,5.693301e-06,0.9834315,4.7053035e-07,0.0146003375,3.38432e-05,0.0018737838
ISIC_0030746,2,1.0221765e-06,8.025326e-08,0.9998084,3.2925257e-08,1.38752375e-05,1.3856697e-07,0.00017655197
ISIC_0029220,2,1.2494996e-06,0.0002152318,0.9982699,0.0003550563,0.0011561633,2.040794e-06,3.320064e-07
ISIC_0032302,2,0.013911723,0.0068341927,0.9744271,0.0045851455,0.00024017021,4.0330654e-09,1.7152048e-06
ISIC_0029352,2,0.00013344767,0.0021730359,0.82086796,0.000747757,0.1760616,7.83486e-07,1.5477492e-05
ISIC_0028122,2,3.3505283e-05,8.524866e-05,0.85109925,8.288093e-08,0.00014777629,2.0036255e-06,0.14863208
ISIC_0030138,2,5.322094e-07,0.040310927,0.95968163,5.4275085e-07,6.025376e-07,2.8012107e-07,5.4398233e-06
ISIC_0032185,2,7.529421e-10,0.00044058726,0.99954766,3.9227424e-10,4.1640742e-08,2.2444664e-07,1.1505527e-05
ISIC_0032429,2,3.1458976e-07,1.531723e-06,0.999997,5.7877717e-08,9.709214e-07,1.15145426e-07,2.9691636e-08
ISIC_0029951,2,4.2196785e-10,1.9516555e-08,1.0,3.6388167e-11,4.23056e-09,2.991785e-09,6.3458634e-11
ISIC_0027675,2,6.8525595e-05,0.0021925378,0.9973935,2.701735e-07,8.871318e-06,1.0838901e-05,0.00032548164
ISIC_0024984,2,1.8237027e-06,0.00020604,0.9997882,1.433338e-08,3.2973805e-06,1.196448e-08,5.6064255e-07
ISIC_0029857,2,8.6672735e-05,0.5093921,0.4900617,5.9045493e-07,0.00024171744,7.475463e-07,0.0002164784
ISIC_0032318,2,2.6138496e-06,7.247152e-07,0.99999464,1.9453644e-06,2.2000044e-09,2.7021589e-08,4.001282e-10
ISIC_0025260,2,0.037564386,0.030025447,0.5611295,0.011489169,0.33204663,0.025282351,0.0024624714
ISIC_0031531,2,0.48406374,0.005549834,0.33069408,0.03146202,0.14585872,0.0023711019,4.5854753e-07
ISIC_0028978,2,0.0001497751,0.050972577,0.0011894725,0.00011809743,2.5527672e-05,0.9474511,9.338871e-05
ISIC_0028728,2,0.0011016687,0.054426588,0.2925554,0.5740784,0.017310917,0.018453825,0.04207322
ISIC_0028502,1,1.173516e-10,1.0,5.7431494e-17,1.3663941e-16,1.2439894e-10,2.801198e-10,1.0207514e-10
ISIC_0025843,1,1.2707556e-09,0.9999999,2.295902e-10,8.078565e-15,2.0582121e-08,1.7686935e-07,6.473521e-10
ISIC_0029979,1,2.9420093e-07,0.9999995,2.341148e-10,2.3616724e-09,1.0478588e-07,1.5095061e-08,7.2729264e-08
ISIC_0025311,1,6.2934035e-08,0.9999999,1.9171463e-13,3.3135793e-14,9.046279e-09,1.1633784e-09,2.771375e-09
ISIC_0026425,1,4.558637e-10,1.0,2.0826541e-14,3.7372866e-14,4.2994877e-08,4.789603e-09,6.2596384e-10
ISIC_0029961,1,0.0001431419,0.9998568,1.3941201e-12,1.3019586e-12,1.2466e-09,2.8763741e-10,8.704116e-10
ISIC_0026681,1,5.403408e-06,0.9999945,3.65457e-12,1.9031042e-11,3.7322483e-08,2.0156697e-10,2.8086403e-10
ISIC_0025218,1,5.641179e-10,0.9999995,1.4484141e-12,2.106578e-12,4.7702406e-07,2.0119013e-09,8.675286e-11
ISIC_0026211,1,1.3059167e-05,0.9999801,1.3103852e-09,9.622124e-09,6.6197367e-06,1.6675885e-07,9.9908625e-08
ISIC_0028727,1,4.762254e-10,0.9999981,2.6869399e-12,7.924262e-15,1.3786686e-06,4.2467698e-07,5.751251e-09
ISIC_0027315,1,5.13797e-06,0.9999938,6.254228e-10,1.9194109e-09,7.9842243e-07,9.0249745e-09,3.1742337e-07
ISIC_0030435,1,2.2482899e-10,1.0,1.1280684e-14,1.9137381e-13,4.8624702e-08,3.3236795e-08,6.2484135e-10
ISIC_0027725,1,8.918421e-06,0.9999907,2.7530738e-12,3.5091954e-11,1.9362771e-07,6.5030825e-08,3.133722e-08
ISIC_0031269,1,2.943023e-07,0.99997985,2.6568191e-08,3.0366013e-07,6.7794263e-06,1.1425089e-05,1.2574185e-06
ISIC_0025398,1,1.8667025e-06,0.9999796,3.4056382e-07,8.390471e-06,5.6827635e-06,2.5469533e-06,1.6286002e-06
ISIC_0029153,1,0.00037959465,0.99956435,5.5206806e-07,1.1531544e-11,1.449195e-05,2.5706506e-05,1.5272199e-05
ISIC_0031935,1,2.352694e-07,0.9999995,1.0256636e-09,5.867661e-12,1.5100511e-07,2.2986266e-10,1.0953206e-07
ISIC_0032210,1,8.577524e-09,0.9997911,9.549564e-11,1.7283897e-12,0.00017932044,2.9204746e-05,4.1453796e-07
ISIC_0031845,1,4.3310184e-08,0.99999976,4.542687e-12,3.201231e-12,1.7453671e-07,7.3762836e-11,3.754244e-08
ISIC_0027278,1,9.25563e-05,0.997291,6.018381e-08,1.5422798e-07,0.0012871893,0.0013284051,6.146598e-07
ISIC_0030148,1,5.38743e-07,0.9997516,2.0828311e-11,7.52212e-12,1.3120495e-08,1.09606255e-07,0.000247676
ISIC_0026255,1,6.649935e-08,0.99999976,3.707648e-08,1.2756263e-10,6.362694e-08,1.5676031e-07,6.3418965e-10
ISIC_0027974,1,2.4194392e-08,0.99996436,4.7686854e-09,8.665951e-11,3.551077e-05,1.4490037e-07,6.0060984e-10
ISIC_0030918,1,1.411063e-06,0.99807477,8.232176e-08,3.6295367e-07,0.001918569,2.5147216e-08,4.829078e-06
ISIC_0030846,1,1.3557319e-11,0.99999905,2.0797168e-12,2.387589e-15,9.1293e-07,4.910405e-09,1.5759614e-11
ISIC_0029829,1,1.593658e-07,0.99999964,1.0883049e-07,4.601416e-09,5.0125923e-08,2.363039e-08,4.215997e-08
ISIC_0032169,1,4.5476412e-10,0.99999964,1.6407308e-11,2.0579836e-12,2.439065e-07,1.09358595e-07,5.079879e-08
ISIC_0029870,1,5.0129613e-05,0.9999497,1.4516566e-10,5.1767007e-08,7.461984e-09,1.0578814e-07,8.0819795e-08
ISIC_0025528,1,2.282106e-10,1.0,1.1886643e-12,5.263043e-15,5.568569e-08,1.6266776e-08,1.4334972e-11
ISIC_0027221,1,4.746707e-06,0.999982,5.8060414e-11,1.0757073e-07,1.2732064e-05,8.815824e-09,3.6693757e-07
ISIC_0031833,1,5.306985e-07,0.5644793,4.483523e-06,6.005338e-07,8.780874e-06,6.985547e-05,0.43543643
ISIC_0031579,1,1.1392556e-06,0.9999422,1.726112e-07,9.069309e-08,5.321177e-05,3.2577543e-06,4.3049972e-09
ISIC_0030907,1,0.00019215085,0.99980754,1.5212815e-09,3.737685e-11,2.2403145e-07,1.3066666e-07,5.794105e-09
ISIC_0032087,1,4.3623686e-06,0.99999475,2.4051787e-09,1.9373853e-11,7.781083e-07,1.453722e-07,5.866579e-09
ISIC_0031604,1,0.00013347993,0.99986637,9.962875e-12,2.4201965e-10,9.00809e-09,9.5892085e-09,1.3071674e-07
ISIC_0029496,1,1.0925032e-08,0.9999995,5.3126397e-12,6.7910147e-13,4.874365e-07,1.2435463e-08,2.229526e-09
ISIC_0025287,1,0.88768303,0.112261854,5.172224e-08,3.6323235e-07,5.397204e-05,3.6954154e-07,3.279935e-07
ISIC_0027170,1,2.6436624e-08,0.9999975,4.42178e-09,1.2317826e-09,1.5633155e-08,3.3824713e-07,2.0730427e-06
ISIC_0030669,1,4.444657e-08,0.9999999,2.8485432e-12,1.0155908e-11,4.0053902e-09,1.5117886e-08,1.1428983e-08
ISIC_0025364,1,1.5304702e-08,0.9999943,1.16131826e-10,6.9858347e-10,5.73109e-06,1.3548814e-09,3.428097e-09
ISIC_0024365,1,3.1966253e-12,1.0,7.0671633e-12,9.620979e-16,8.701328e-10,1.9496567e-09,2.698775e-11
ISIC_0029293,1,5.524175e-05,0.99992895,1.7870864e-08,1.2198452e-08,1.552912e-05,2.9563788e-07,1.17265735e-08
ISIC_0029966,1,1.6873539e-05,0.9998878,1.7580082e-06,8.809833e-09,7.2488045e-05,5.244603e-07,2.0606101e-05
ISIC_0026036,1,0.017293505,0.9826994,4.7563703e-11,2.2075163e-12,6.9996086e-06,8.403168e-08,5.9526353e-09
ISIC_0024945,1,0.0014406354,0.9985545,1.2010126e-09,1.4216029e-11,3.6157016e-06,1.1990425e-06,3.4222428e-08
ISIC_0032434,1,5.427568e-06,0.99996686,1.060218e-08,3.0277922e-10,9.267025e-06,1.7706281e-05,6.577321e-07
ISIC_0025365,1,2.212958e-07,0.99995637,1.6047967e-09,1.1168153e-12,9.673417e-06,3.363974e-05,7.476712e-08
ISIC_0028515,1,2.654693e-13,1.0,7.6344145e-13,1.944141e-14,3.6229356e-08,2.2802774e-11,2.5515218e-10
ISIC_0030287,1,4.81298e-10,1.0,5.0196893e-17,3.0477458e-16,1.9550142e-10,1.767965e-09,1.2128689e-09
ISIC_0027316,1,2.0943807e-11,0.9999999,1.1000828e-13,6.4519116e-14,8.903861e-08,6.679115e-10,3.2567615e-10
ISIC_0027426,1,3.7517234e-09,1.0,2.989402e-12,5.8185424e-14,6.5237256e-09,8.0836e-09,8.156114e-12
ISIC_0025914,1,2.0543852e-07,0.99999905,2.2381082e-07,5.9738774e-08,4.4975025e-07,1.9696676e-08,1.2199377e-08
ISIC_0025501,1,8.202018e-10,1.0,2.5874584e-11,4.579127e-13,2.9080025e-08,2.2035492e-08,7.469643e-11
ISIC_0025201,1,4.1451634e-10,0.99999976,8.492346e-12,1.7525422e-11,6.567511e-08,6.408941e-08,3.53701e-09
ISIC_0027429,1,4.1229057e-05,0.9998203,2.565018e-06,1.8341358e-06,2.3756873e-05,6.642185e-05,4.3956592e-05
ISIC_0026585,1,3.1131666e-09,0.9992812,2.4114247e-13,7.3376754e-13,0.0007187232,3.512099e-08,7.0188544e-09
ISIC_0031632,1,1.4610195e-08,0.99999774,1.0258251e-11,1.195701e-13,1.6317422e-06,6.502164e-07,1.4270907e-08
ISIC_0026242,1,0.00025600503,0.9997204,2.259162e-07,3.2527183e-09,1.191801e-05,1.1439337e-05,1.4540128e-08
ISIC_0028639,1,4.6920498e-08,0.99989116,2.1321101e-08,1.8615933e-12,0.00010619663,2.228431e-06,3.0830063e-07
ISIC_0031881,1,0.00011801605,0.99984276,7.610991e-08,7.478501e-06,2.3247658e-06,2.9141665e-06,2.6369555e-05
ISIC_0027912,1,8.8139467e-07,0.9999988,5.867455e-12,1.2673256e-11,1.4527396e-09,2.0575465e-08,2.846975e-07
ISIC_0028862,1,6.286897e-08,0.9999993,8.7059865e-10,9.0009614e-12,5.409726e-07,8.854065e-08,1.98705e-10
ISIC_0029044,1,1.0853298e-08,0.99999976,6.4022945e-12,1.02367604e-13,2.3687837e-08,2.5743984e-07,4.048963e-10
ISIC_0030235,1,6.779704e-10,1.0,7.8986394e-11,6.199645e-14,8.117308e-10,2.1314557e-08,3.2877562e-10
ISIC_0031701,1,5.9663216e-07,0.9993931,6.3030886e-10,4.7287597e-07,0.0005899104,1.5446052e-05,4.660022e-07
ISIC_0024636,1,9.642755e-11,1.0,4.9276205e-15,7.211668e-15,1.4362581e-08,1.2097868e-09,1.08140906e-10
ISIC_0032025,1,2.864103e-07,0.9998373,7.25035e-08,5.369366e-10,0.00015844127,3.743571e-06,2.063808e-07
ISIC_0027834,1,4.7858215e-08,0.99998975,1.2995822e-10,1.2851271e-11,3.6705978e-07,9.763438e-06,5.0327273e-08
ISIC_0025922,1,1.19426025e-08,0.9999931,4.4572887e-10,6.3091435e-11,5.919851e-06,8.267541e-07,1.16078276e-07
ISIC_0025994,1,4.9612586e-06,0.99998844,1.03127334e-07,8.359442e-08,1.4482747e-07,1.0831626e-06,5.146446e-06
ISIC_0030292,1,2.4785374e-08,0.9999999,1.1280468e-14,8.113835e-15,1.1448903e-08,6.9748175e-08,7.037379e-09
ISIC_0030469,1,3.9437758e-08,0.99994266,2.956408e-07,1.5551911e-12,5.6370067e-05,4.1892947e-09,6.797115e-07
ISIC_0031638,1,1.4742977e-09,0.9999913,6.78536e-07,1.2537948e-10,1.098808e-07,7.2024154e-06,7.55695e-07
ISIC_0024433,1,1.3552926e-07,0.9999505,2.129739e-10,1.4764796e-10,4.9167465e-05,2.748808e-08,1.4703286e-07
ISIC_0030308,1,0.005334318,0.9946563,4.933402e-06,2.0000114e-08,4.2058614e-06,2.1103119e-07,1.2371731e-08
ISIC_0025221,1,2.5466247e-11,1.0,3.3063227e-12,2.619251e-12,8.150015e-09,3.1049338e-10,9.662533e-10
ISIC_0032366,1,0.00041286775,0.9995852,5.513348e-10,1.8671606e-08,1.5526106e-07,8.203442e-08,1.7110647e-06
ISIC_0027816,1,3.132495e-07,0.99999917,5.2477285e-09,2.2393369e-08,5.2027406e-07,4.7100666e-09,1.8383246e-09
ISIC_0028539,1,1.3604199e-07,0.9999728,1.5102043e-10,9.8407046e-11,2.697889e-05,7.752547e-10,4.4325493e-08
ISIC_0030168,1,7.871029e-07,0.21471791,8.674662e-09,6.738363e-11,0.78527814,1.0067037e-06,2.2224742e-06
ISIC_0030457,1,1.2373589e-09,0.99999964,9.233517e-13,2.938709e-11,3.0382054e-07,5.5587826e-08,1.0768783e-10
ISIC_0024473,1,1.9333943e-06,0.99987745,9.611439e-08,1.1589137e-08,7.605345e-05,4.4468794e-05,4.416883e-09
ISIC_0028805,1,8.938547e-08,0.9999951,5.3940354e-08,6.406412e-10,2.1519794e-07,4.3216246e-06,2.385591e-07
ISIC_0030302,1,5.334215e-11,0.9999988,2.3651447e-10,1.6371814e-11,1.1899402e-06,1.6679833e-10,1.8136798e-09
ISIC_0028812,1,2.7327178e-07,0.999992,6.98424e-08,1.0200741e-09,1.5509505e-06,5.7900893e-06,2.4910454e-07
ISIC_0030376,1,1.1064659e-12,1.0,2.826493e-13,2.5546443e-13,7.1132895e-09,8.8752483e-10,2.907441e-09
ISIC_0025044,1,7.501305e-08,0.99999964,1.9890387e-09,1.9085422e-10,4.1665132e-08,1.9029238e-07,8.670283e-09
ISIC_0029876,1,2.9176688e-08,0.99999964,3.9773775e-11,1.5627442e-11,5.791652e-08,2.0725915e-07,3.2883272e-09
ISIC_0029701,1,2.9895014e-10,0.9999999,2.5038155e-12,3.0530914e-13,8.5948204e-10,1.1478e-09,7.9200575e-08
ISIC_0029118,1,3.2020216e-06,0.999846,5.714664e-10,6.4178116e-09,0.00014550697,5.0786334e-06,1.1591685e-07
ISIC_0026137,1,0.01173079,0.98826224,1.2079171e-11,7.9407675e-10,4.826873e-06,2.1623414e-06,2.51787e-08
ISIC_0028523,1,4.952055e-10,1.0,2.3795935e-12,9.375627e-15,1.0251164e-09,6.8821127e-09,8.778518e-12
ISIC_0025615,1,7.55271e-06,0.9999244,1.0824531e-08,3.074139e-11,6.710364e-05,9.208862e-07,1.1601537e-08
ISIC_0029317,1,1.1489744e-06,0.9999988,1.1893727e-12,8.038206e-12,3.631148e-09,1.6352535e-10,5.916323e-10
ISIC_0025900,1,1.0564195e-07,0.99999166,2.2143697e-06,2.0170924e-12,4.7942863e-06,1.2233085e-06,7.2483364e-10
ISIC_0028044,1,1.0055573e-09,1.0,1.3863608e-13,3.1546367e-13,1.1485234e-08,2.3166472e-10,3.5701821e-09
ISIC_0031572,1,0.0001661238,0.9998337,6.28957e-13,6.382533e-11,8.565028e-08,1.1677109e-09,3.7800174e-08
ISIC_0030315,1,4.9799507e-09,0.99999964,1.15709655e-11,9.115689e-11,1.735554e-07,1.2067651e-09,1.2238569e-07
ISIC_0031069,1,3.1557425e-14,1.0,1.6652732e-18,1.8379883e-18,4.6208416e-11,2.6520927e-12,8.646509e-12
ISIC_0027919,1,6.018275e-11,0.9999778,3.1942626e-12,7.38569e-12,2.1653565e-05,4.2396871e-07,4.0732213e-09
ISIC_0024690,1,3.49528e-05,0.99928206,4.9579285e-10,1.11088125e-10,0.0006513863,3.157614e-05,1.0589469e-07
ISIC_0025613,1,1.04116125e-05,0.99962974,7.176503e-10,2.605492e-07,8.698878e-06,0.00035098198,6.665729e-09
ISIC_0025256,1,9.897027e-05,0.9998957,1.6360168e-11,2.4940117e-09,1.9998856e-06,3.3517213e-06,3.47799e-08
ISIC_0026465,1,6.2065006e-08,0.99999964,4.341354e-09,1.5896019e-11,5.3050673e-08,1.8502877e-07,4.159609e-10
ISIC_0031153,1,1.9042568e-09,1.0,6.65422e-17,3.8699346e-14,5.1455746e-09,4.5240586e-10,7.454414e-11
ISIC_0028572,1,7.782676e-11,0.99999917,9.544044e-12,3.8858825e-12,8.361402e-07,2.70862e-09,5.4302984e-09
ISIC_0026168,1,1.5514448e-08,0.999997,7.810012e-13,5.1216773e-13,2.9121543e-06,3.4179523e-10,1.6993768e-10
ISIC_0029469,1,4.706872e-09,0.9999062,1.699941e-11,2.8824312e-10,8.247892e-05,1.1312588e-05,3.0089364e-08
ISIC_0030289,1,2.8079507e-08,0.99999976,1.9957013e-12,1.6279541e-14,1.5502208e-07,2.3073056e-11,7.652315e-13
ISIC_0028242,1,2.9840453e-07,0.9999988,7.5650445e-17,2.9207264e-17,8.876851e-07,1.6723364e-08,6.0023605e-12
ISIC_0032321,1,6.228633e-05,0.99993765,9.656431e-12,1.7028049e-11,3.236419e-08,1.12059e-09,1.04574994e-10
ISIC_0028142,1,4.988911e-07,0.9999995,9.9935574e-11,2.188014e-12,6.193662e-10,4.9446347e-10,2.1174233e-11
ISIC_0024887,1,1.626832e-07,0.99999905,7.525063e-11,1.130405e-09,7.632043e-07,1.0925552e-11,1.1261413e-10
ISIC_0030400,1,2.5637588e-08,0.9999999,1.5870717e-16,9.089595e-15,9.139643e-08,5.4144755e-10,6.9026956e-10
ISIC_0028935,1,0.00032409368,0.9960854,3.139492e-08,3.3934217e-08,0.003588362,2.0055859e-06,9.1399684e-08
ISIC_0024856,1,5.864319e-09,0.99999857,1.0623306e-08,1.6223806e-08,8.9352926e-07,4.67724e-07,9.725542e-08
ISIC_0028921,1,6.077518e-06,0.9999939,3.4578122e-12,2.5072734e-13,1.4041364e-10,2.7336713e-11,9.338756e-10
ISIC_0029211,1,6.7078445e-06,0.99999285,1.1021954e-11,7.836753e-12,4.573984e-07,9.975766e-10,1.651837e-09
ISIC_0029950,1,1.0076613e-09,0.9999995,4.144636e-12,2.7869977e-11,1.0925423e-09,8.8473826e-08,3.4061313e-07
ISIC_0031402,1,4.1682557e-07,0.9999995,2.4980142e-12,2.0873888e-11,4.4848413e-08,3.097942e-09,2.2409122e-10
ISIC_0026021,1,3.8559607e-05,0.9999609,5.5084703e-10,2.529038e-10,4.5019032e-08,4.619498e-07,2.9347063e-08
ISIC_0025833,1,9.027985e-06,0.99999094,1.3902932e-10,3.212379e-11,9.829126e-10,5.4039577e-09,2.5198617e-08
ISIC_0031392,1,1.6866723e-10,0.99999845,1.9245594e-09,3.584008e-08,2.2360267e-07,1.0415048e-08,1.3230338e-06
ISIC_0025559,1,9.1983544e-05,0.97897685,2.9075164e-08,1.8754076e-09,4.751119e-05,0.020883555,2.8061809e-08
ISIC_0030787,1,8.199921e-11,0.99991834,1.1871613e-10,9.572455e-13,6.475339e-10,8.1594444e-05,1.481502e-09
ISIC_0026460,1,1.05809555e-07,0.9999976,1.7995312e-07,4.8550604e-09,4.1303744e-07,1.3200646e-06,3.5515203e-07
ISIC_0028426,1,2.8579459e-09,0.99999404,3.1415828e-09,6.42366e-13,2.3008633e-07,5.489937e-06,2.4864198e-07
ISIC_0031199,1,7.619668e-08,0.9999999,3.2322107e-11,2.4059614e-13,7.494868e-09,1.0833935e-09,8.519335e-10
ISIC_0027764,1,1.3032225e-09,0.99999976,1.4852006e-07,2.0248886e-11,5.4168254e-08,1.1357482e-09,6.122848e-10
ISIC_0027165,1,7.829079e-09,0.9999995,1.5534113e-07,3.3505202e-11,8.67978e-09,6.90429e-09,3.1360295e-07
ISIC_0025003,1,4.54134e-06,0.9999881,7.164691e-12,7.54727e-12,7.343578e-06,3.8698193e-08,3.848011e-08
ISIC_0026202,1,1.9947771e-07,0.99998415,3.4420092e-10,1.0004054e-12,1.5564421e-05,1.4969214e-07,1.8809005e-09
ISIC_0028660,1,4.9058123e-08,0.99999535,1.3382427e-09,3.626332e-09,4.1831577e-06,3.6793907e-07,3.5096304e-09
ISIC_0024738,1,5.420394e-10,0.99998045,3.8723626e-14,4.3612382e-13,7.830214e-07,1.86808e-05,2.2706294e-10
ISIC_0026858,1,1.1838167e-08,0.999997,1.6287853e-10,1.6374627e-11,1.8824314e-06,1.0609854e-06,1.1499929e-08
ISIC_0032288,1,2.0427704e-08,0.9999937,1.8557404e-11,2.856153e-12,6.1560445e-06,8.9467555e-08,7.4543566e-10
ISIC_0025868,1,8.052545e-09,0.9999999,1.5207025e-11,1.2904156e-12,2.4590383e-08,6.9113185e-08,1.1965735e-08
ISIC_0027657,1,2.6220898e-05,0.9960692,1.4061481e-05,4.649019e-10,0.0038838831,4.069563e-08,6.5770346e-06
ISIC_0026620,1,2.2140119e-10,1.0,1.2652481e-14,1.3786985e-12,2.8852844e-08,4.5690967e-08,5.86476e-10
ISIC_0028813,1,6.7254966e-08,0.9999993,8.7395946e-10,1.6481207e-10,6.711327e-07,5.1485973e-08,1.3336563e-09
ISIC_0026689,1,9.561993e-07,0.99997485,8.732007e-12,2.1602118e-11,2.2690034e-05,4.3770894e-09,1.4707987e-06
ISIC_0031797,1,5.7191365e-08,0.9999883,1.3439251e-12,1.4491937e-12,1.1544746e-05,9.7889036e-08,5.461439e-10
ISIC_0025815,1,7.197748e-08,0.9999964,7.171847e-12,9.993183e-11,3.3721496e-06,9.493437e-08,5.0736726e-09
ISIC_0029335,1,2.0795306e-10,1.0,2.2132625e-08,5.746868e-12,2.7949458e-08,3.7173051e-09,2.3823934e-10
ISIC_0025634,1,1.11062545e-05,0.5535457,0.4424666,0.00050722796,0.0034124285,1.8616856e-06,5.503128e-05
ISIC_0029111,1,3.8826764e-09,1.0,1.463242e-09,2.064173e-11,2.2868315e-08,2.64617e-09,1.7693422e-08
ISIC_0027061,1,6.2944295e-08,0.9999989,1.1726063e-10,1.10185375e-10,9.8004e-07,1.5428421e-09,2.6661673e-10
ISIC_0030274,1,1.6016993e-06,0.999974,5.8071686e-11,9.960461e-10,2.2777995e-05,7.3486274e-07,9.2878344e-07
ISIC_0032071,1,4.4021075e-08,0.9999975,8.024964e-11,1.248752e-11,1.9140147e-07,1.5802027e-06,6.69944e-07
ISIC_0031114,1,1.7450556e-07,0.99999964,3.2712836e-11,2.7261887e-11,4.772849e-09,1.6232823e-07,7.5907475e-10
ISIC_0027600,1,1.4562034e-06,0.99999547,1.5561369e-08,7.094163e-10,2.290261e-06,2.089176e-08,8.1203876e-07
ISIC_0024838,1,1.1034039e-08,0.9999981,6.0158173e-10,2.8455507e-09,8.3883045e-08,2.733901e-08,1.7653259e-06
ISIC_0028721,1,3.3588763e-05,0.97193897,4.156865e-05,0.023500651,0.0019303964,0.0025523736,2.5437892e-06
ISIC_0025461,1,7.5349863e-06,0.97451836,4.4782476e-07,8.569281e-08,0.025466088,6.3486355e-06,1.1051966e-06
ISIC_0026875,1,4.492688e-06,0.9999927,3.0885992e-09,5.697782e-10,6.382681e-08,9.0669613e-07,1.8152654e-06
ISIC_0031625,1,8.8610545e-07,0.99998677,7.7546775e-11,2.8226755e-12,1.2229416e-05,7.090997e-08,3.5690573e-10
ISIC_0024548,1,4.0961994e-09,0.9999976,3.0535116e-08,2.4149631e-09,1.9652666e-06,4.045124e-07,5.2341683e-08
ISIC_0024465,1,1.9109329e-11,0.999997,3.1461305e-13,5.5673985e-14,2.6154407e-07,2.5923625e-06,5.7157948e-08
ISIC_0025849,1,2.8399977e-10,0.99999845,4.6608056e-12,2.4538115e-15,5.0490917e-10,1.5741562e-06,5.9915376e-12
ISIC_0031682,1,5.544036e-07,0.9965162,4.619943e-12,1.6000432e-11,0.0034831972,1.3698476e-08,2.7852035e-08
ISIC_0030570,1,1.3621872e-07,0.99999976,1.9035908e-10,6.489266e-11,8.9530744e-08,1.7708702e-09,9.735144e-09
ISIC_0025246,1,3.65981e-09,0.99999917,1.6104622e-12,1.00922444e-13,8.433091e-07,6.219897e-09,2.0662247e-10
ISIC_0028377,1,2.3953273e-06,0.9999887,5.296564e-09,7.337148e-08,4.3611394e-06,4.3768227e-06,4.300284e-08
ISIC_0031018,1,5.855301e-11,0.9999999,5.2021313e-12,2.471903e-13,2.588459e-08,1.3841982e-07,4.0500833e-10
ISIC_0030538,1,0.00012648721,0.9998733,4.5120682e-10,1.07089886e-10,1.5763422e-07,8.778557e-09,9.099005e-08
ISIC_0029085,1,7.0905236e-07,0.9999987,1.0573547e-10,1.2215398e-11,1.7688347e-07,3.9433672e-07,1.326578e-08
ISIC_0030193,1,1.166714e-09,0.99993515,1.9726501e-07,4.1922164e-11,5.7957516e-07,6.390021e-05,1.483089e-07
ISIC_0026032,1,1.6788453e-08,0.9987324,5.2971766e-10,2.8806693e-09,0.0012675269,3.0194205e-10,9.277974e-09
ISIC_0026830,1,2.8153285e-10,0.99999845,1.868731e-08,1.983646e-12,1.13818096e-07,1.359073e-06,7.665384e-08
ISIC_0027384,1,6.6093713e-07,0.99999857,2.2727188e-11,6.959214e-10,7.658674e-07,1.4473653e-09,8.803973e-09
ISIC_0024379,1,3.5425053e-08,0.999959,4.0462866e-11,9.489701e-11,2.7905156e-05,5.1213374e-07,1.2616474e-05
ISIC_0026129,1,3.290853e-07,0.99999964,2.6681706e-12,5.5664815e-13,2.4798503e-09,2.6988562e-11,1.8884139e-09
ISIC_0029490,1,3.1281036e-07,0.9999982,4.7555946e-09,4.853693e-09,4.4695727e-09,8.711845e-09,1.4377837e-06
ISIC_0031086,1,1.6928776e-07,0.9999994,1.7768913e-10,1.3093439e-09,2.7253776e-07,1.1602135e-07,2.7342106e-09
ISIC_0030660,1,1.3345967e-08,0.9999999,5.1482645e-09,5.894197e-10,1.3740334e-08,1.5459306e-09,7.301381e-08
ISIC_0030461,1,1.2512484e-08,1.0,4.2358664e-12,2.1145607e-13,2.9958695e-08,9.62444e-10,4.2652713e-12
ISIC_0025931,1,7.706794e-06,0.99999106,1.956071e-10,3.1613173e-10,9.0188763e-07,2.6618602e-08,3.2301514e-07
ISIC_0025974,1,2.4482407e-07,0.99996173,7.789813e-10,4.5299424e-12,5.2274726e-07,3.7497706e-05,1.4337037e-09
ISIC_0026915,1,1.3896748e-10,1.0,3.5960492e-13,1.2186371e-11,2.7220775e-09,9.497452e-09,8.251591e-09
ISIC_0030237,1,3.173533e-05,0.99994755,2.486891e-10,4.2453974e-09,2.024268e-05,4.4782595e-07,4.319276e-08
ISIC_0030174,1,1.12412295e-07,0.99999845,4.0722953e-13,7.0231814e-13,2.551303e-07,9.307227e-08,1.0045528e-06
ISIC_0032263,1,2.5760217e-08,0.9999994,2.0763972e-11,1.4859521e-09,3.7414236e-07,1.6413347e-07,3.2190297e-08
ISIC_0031367,1,3.798402e-08,0.99999547,1.0226023e-09,1.0132095e-09,4.447517e-06,3.1758254e-09,1.1215378e-09
ISIC_0024835,1,1.0057665e-05,0.9999331,5.6325087e-05,4.149675e-09,6.6707537e-09,2.579252e-07,2.8500477e-07
ISIC_0030502,1,7.913894e-09,1.0,1.1699156e-10,1.937759e-10,1.071751e-08,2.4106626e-08,6.4523107e-09
ISIC_0024661,1,3.0813894e-07,0.9985494,4.249728e-12,4.1122297e-07,0.0014483148,1.5385438e-06,5.4265463e-08
ISIC_0025866,1,4.0187803e-08,0.9999988,7.033256e-08,1.7316183e-10,5.4696514e-09,6.301528e-08,9.785979e-07
ISIC_0024860,1,4.732666e-08,0.9999999,1.7720233e-12,6.410451e-14,4.4862887e-08,4.0794512e-10,4.6109916e-10
ISIC_0025806,1,7.756538e-11,0.99999964,3.2376225e-14,4.3909404e-11,3.0102666e-07,5.527643e-09,6.285403e-11
ISIC_0026267,1,0.048135526,0.9499836,1.230953e-07,3.5346304e-07,0.0018758781,4.2624947e-06,1.8024276e-07
ISIC_0024816,1,0.00011076573,0.99984276,1.3465217e-11,5.2725824e-08,1.9019468e-05,2.7269085e-05,7.9503224e-08
ISIC_0029599,1,2.9352361e-06,0.99999535,1.946969e-12,1.3138395e-08,1.3114098e-06,3.149996e-07,2.870241e-09
ISIC_0026920,1,5.935254e-09,0.9999982,1.2212337e-06,4.4091605e-12,7.3560014e-10,4.7344756e-07,7.1627284e-08
ISIC_0025929,1,1.5959997e-05,0.999984,2.3351449e-10,1.0353233e-10,1.0700747e-09,3.118557e-11,4.0906594e-11
ISIC_0032108,1,2.8717209e-06,0.99999714,6.9489237e-10,2.6476452e-10,3.6134822e-09,8.031906e-09,5.8876494e-11
ISIC_0027283,1,1.3624342e-09,0.99999905,9.258311e-12,6.281447e-10,8.653798e-07,1.2337114e-07,3.0854095e-09
ISIC_0027557,1,9.4790856e-08,0.9999999,2.2534617e-11,3.887138e-12,6.5753854e-11,8.527704e-11,5.748991e-09
ISIC_0024563,1,0.05915541,0.9408429,6.4917063e-09,1.5097202e-09,9.315027e-08,1.5193971e-06,5.0536077e-08
ISIC_0027892,1,2.8138709e-06,0.9999924,1.3901792e-09,9.028831e-10,4.5271627e-06,2.2827864e-07,1.9562216e-11
ISIC_0031357,1,1.4491196e-08,1.0,7.6886295e-13,4.7748144e-10,1.06329905e-08,1.0053872e-08,1.6682151e-09
ISIC_0032234,1,4.7192643e-08,0.9999964,2.2711551e-10,1.3398013e-10,2.5801965e-06,8.485757e-07,7.065832e-08
ISIC_0029940,1,2.3047876e-05,0.99997675,7.744254e-11,1.4176348e-10,2.3736445e-07,3.2103402e-09,9.12775e-10
ISIC_0031715,1,5.6272604e-09,0.99996996,1.6374661e-10,1.6253695e-08,2.9987339e-05,1.5788908e-08,7.036971e-08
ISIC_0029492,1,4.123751e-08,0.9999925,2.2036966e-08,2.5628013e-08,1.1203227e-06,6.1842647e-06,1.8346468e-07
ISIC_0024822,1,3.5320944e-08,0.9997186,1.1658269e-10,4.8648584e-08,5.5673895e-06,0.0002753859,3.244345e-07
ISIC_0027110,1,4.276371e-05,0.99995375,2.5414342e-09,7.67683e-09,3.338399e-06,9.070262e-08,3.9323105e-09
ISIC_0030484,1,9.541881e-09,0.9999999,2.2733678e-11,6.176132e-11,5.0754732e-08,3.96462e-09,2.1512948e-10
ISIC_0031167,1,4.838761e-06,0.99993956,3.1690466e-09,1.7334903e-08,5.4834607e-05,5.756298e-07,1.4607821e-07
ISIC_0027082,1,6.5495975e-08,0.9999826,7.305077e-10,4.125857e-12,1.7074628e-05,1.9862242e-07,5.916997e-09
ISIC_0030418,1,4.386844e-05,0.99994147,4.9573243e-09,2.8269818e-08,1.4503241e-05,1.3677695e-08,1.5732176e-07
ISIC_0027539,1,1.3123654e-05,0.9999869,1.6251557e-11,1.5252846e-10,1.7129925e-09,3.4644126e-10,2.8304417e-10
ISIC_0032399,1,2.861257e-05,0.99997115,5.2219257e-11,3.1119024e-12,2.4580205e-08,6.276715e-08,6.4080616e-08
ISIC_0027712,1,2.3784548e-08,1.0,3.1390286e-11,4.1953637e-13,6.333847e-10,1.8743238e-08,1.1770949e-08
ISIC_0026000,1,1.0218388e-06,0.999969,2.8816137e-05,8.0969784e-08,2.955068e-09,4.285218e-07,5.3581266e-07
ISIC_0030560,1,7.5522694e-06,0.9999701,5.442007e-07,1.1511448e-08,3.972603e-08,2.1750651e-05,1.2621331e-07
ISIC_0030414,1,6.2624775e-07,0.99999523,1.7102939e-09,2.2878904e-11,5.8597735e-08,3.99744e-06,6.5430594e-09
ISIC_0026908,1,3.8352518e-10,1.0,1.2791862e-10,5.460115e-11,2.8934032e-11,1.5414562e-08,1.8054734e-10
ISIC_0024559,1,1.4187248e-05,0.9999838,2.6581903e-10,1.0905692e-07,1.5689467e-07,1.4307939e-06,3.145289e-07
ISIC_0026385,1,2.2142807e-10,0.9999975,1.6385358e-10,3.1971523e-13,1.7634908e-06,6.8541675e-07,1.4692414e-11
ISIC_0027317,1,5.6838245e-09,1.0,2.7357587e-11,6.8962315e-11,1.0828131e-09,2.247858e-09,2.633097e-11
ISIC_0031656,1,2.678262e-06,0.9999912,5.372047e-10,6.4246353e-07,4.2612296e-06,5.527296e-07,6.6065996e-07
ISIC_0030441,1,3.546722e-08,0.9999795,3.0767577e-09,3.3291183e-08,8.01778e-06,1.2398335e-05,5.090171e-09
ISIC_0029871,1,3.9916753e-07,0.99998593,1.5420366e-09,3.0700213e-11,1.0820331e-05,2.8101463e-06,5.023077e-09
ISIC_0027775,1,1.6007462e-08,0.99999976,6.089977e-11,1.6248397e-10,1.5665658e-07,5.3614116e-08,2.712547e-08
ISIC_0032505,1,6.109353e-06,0.9999894,1.2463578e-07,2.6584816e-08,5.1771605e-07,3.7584e-06,3.1473512e-08
ISIC_0029456,1,9.536401e-07,0.99999845,1.1174447e-07,2.0098203e-09,5.0289998e-08,4.9016114e-07,3.0331324e-09
ISIC_0028474,1,6.210514e-08,0.9999995,4.5038365e-12,1.0884692e-10,3.2682522e-07,1.2845879e-08,3.7887432e-08
ISIC_0027731,1,5.780449e-07,0.9999435,8.2899785e-09,8.079922e-09,1.1681789e-07,5.5788398e-05,3.991097e-08
ISIC_0025036,1,5.7375608e-11,1.0,1.18625225e-08,5.764107e-14,1.2471134e-10,3.4332517e-10,2.1252435e-09
ISIC_0027637,1,3.992488e-07,0.9999443,7.0757034e-07,1.06552775e-08,4.566597e-07,5.3708765e-05,4.0169343e-07
ISIC_0027617,1,7.4299635e-08,0.9999975,1.3653378e-09,3.003162e-08,1.893433e-06,3.3536497e-07,1.6697994e-07
ISIC_0032050,1,4.3492246e-08,0.99999654,8.813115e-12,4.1476844e-12,3.295813e-06,1.2465831e-07,3.4309047e-09
ISIC_0031033,1,4.320936e-08,0.9999999,1.5861073e-11,2.9636342e-11,6.4044094e-08,6.2951404e-09,2.1509994e-10
ISIC_0025792,1,6.292834e-05,0.8567392,1.1653951e-06,1.6469945e-08,7.307118e-08,1.2890168e-06,0.14319529
ISIC_0026677,1,1.3818845e-09,0.9999988,7.394465e-14,3.9091383e-10,9.199382e-07,7.2225056e-08,1.570602e-07
ISIC_0024796,1,1.6706972e-08,0.99999857,5.140052e-10,8.1514406e-11,1.0631479e-07,1.2743499e-07,1.2355634e-06
ISIC_0032075,1,1.684903e-05,0.2672809,1.6810995e-08,3.328087e-07,1.5769707e-07,1.666359e-06,0.73270005
ISIC_0024974,1,5.563771e-11,0.9999999,1.8714602e-10,7.499957e-13,5.973107e-08,1.3204999e-09,1.834793e-11
ISIC_0030248,1,4.2616936e-08,0.9999999,3.6478816e-09,3.7895645e-10,1.2646582e-08,3.8629233e-09,2.1659203e-09
ISIC_0028392,1,2.0607241e-10,1.0,3.9335215e-12,2.6456157e-12,7.613777e-10,2.2608866e-09,8.311073e-10
ISIC_0027695,1,1.276814e-09,0.99999917,3.1084454e-10,1.9168838e-11,2.5092342e-09,8.464814e-07,3.6374712e-09
ISIC_0024321,1,3.1523024e-07,0.9927817,0.00038398732,9.956035e-08,1.565277e-05,0.0068015885,1.668614e-05
ISIC_0028221,1,7.876543e-10,0.9999999,3.405583e-11,6.539197e-13,8.02492e-08,1.9820302e-08,9.768248e-10
ISIC_0032250,1,3.9566457e-06,0.99999154,7.5546064e-10,7.107313e-10,6.327386e-07,3.832946e-06,2.1710694e-08
ISIC_0025925,1,4.0305667e-06,0.9999958,4.4708177e-08,3.249916e-10,2.730105e-09,1.10272026e-07,2.4874831e-08
ISIC_0024919,1,3.5667406e-05,0.99996436,5.4362856e-09,4.4845696e-09,5.100169e-10,1.3257678e-09,8.638198e-10
ISIC_0030781,1,2.5308316e-07,0.99999976,5.3600497e-09,2.1018708e-12,7.0992185e-09,9.422209e-09,9.093657e-10
ISIC_0028683,1,5.21296e-06,0.9999944,2.0967425e-08,5.3580813e-08,3.6308155e-08,1.3434011e-07,2.3019155e-07
ISIC_0026109,1,2.7686926e-06,0.99980074,4.2748357e-07,2.3425531e-07,0.00019308932,2.6813423e-06,1.10249466e-07
ISIC_0029795,1,2.1418e-07,0.99999344,1.1746509e-09,8.838571e-09,5.8352207e-06,4.673711e-07,6.84223e-08
ISIC_0025377,1,1.756938e-08,0.9999876,1.7139482e-07,4.714337e-12,1.5466254e-09,1.2179599e-05,7.340829e-10
ISIC_0024307,1,1.4825106e-07,0.99997616,6.351695e-11,4.8109793e-08,1.5725973e-05,7.960503e-06,2.0505566e-09
ISIC_0027393,1,2.4870843e-09,1.0,9.12525e-13,1.5213495e-11,1.8398758e-10,3.2786587e-09,3.7781836e-10
ISIC_0032198,1,1.4517468e-06,0.9999354,3.230813e-07,2.4171194e-07,5.5174925e-05,7.26088e-06,1.8707375e-07
ISIC_0025183,1,7.2810614e-08,0.99999976,1.3858008e-08,3.701562e-09,3.4540427e-08,8.468258e-09,6.745271e-08
ISIC_0027353,1,1.2004116e-08,0.999998,2.6567074e-10,1.9224133e-08,2.0476693e-06,2.8041404e-08,6.263817e-10
ISIC_0028616,1,2.8815753e-06,0.9999944,1.4840357e-07,6.4869276e-08,2.252295e-06,2.676367e-07,5.9871583e-09
ISIC_0024611,1,1.0344563e-08,0.9999999,4.7695164e-10,1.0880694e-09,5.9673226e-08,1.720757e-08,9.780875e-09
ISIC_0029125,1,2.7429117e-10,0.9999995,5.7748923e-13,4.473941e-11,4.8412875e-07,1.6323667e-09,7.545605e-11
ISIC_0027257,1,6.2495457e-07,0.9999374,5.2765252e-05,2.2550935e-10,2.4920011e-08,9.189642e-06,1.2827863e-09
ISIC_0027491,1,2.0378666e-07,0.9999949,4.6202963e-06,7.416252e-08,2.106212e-07,1.2472152e-08,1.6737307e-08
ISIC_0028603,1,2.6952943e-08,0.99999917,1.8148372e-08,3.2720882e-10,2.4005342e-08,2.467457e-07,5.391761e-07
ISIC_0032120,1,1.2398765e-05,0.9999865,7.343611e-09,1.8161214e-10,8.3361634e-08,1.8575831e-07,7.3195463e-07
ISIC_0030131,1,5.8688844e-08,0.9999962,8.574171e-11,3.361112e-09,6.3669603e-07,3.150367e-06,2.0409917e-08
ISIC_0030409,1,1.5081865e-09,0.99999714,1.5470228e-10,2.4544464e-10,2.9133992e-06,1.2794815e-08,7.0158596e-10
ISIC_0025167,1,1.0681424e-09,1.0,7.662735e-12,5.128244e-12,3.1439196e-10,8.0786633e-10,8.946718e-10
ISIC_0027417,1,7.1537083e-06,0.99999213,4.0327643e-09,1.6839881e-09,3.1803932e-08,2.3844127e-09,6.920555e-07
ISIC_0025648,1,3.6305588e-07,0.9999995,1.1339654e-11,2.6519778e-10,9.7551464e-08,1.3704472e-08,1.1578658e-09
ISIC_0032049,1,2.520758e-06,0.9999974,1.2371673e-09,1.8471414e-11,4.0693195e-08,7.897619e-09,6.564202e-08
ISIC_0027048,1,4.6640507e-11,0.99999964,1.5069065e-07,2.1021683e-11,1.0119285e-07,8.5712175e-09,7.3017546e-08
ISIC_0028193,1,2.3474414e-09,0.9999999,2.8974438e-12,1.2050057e-13,9.1198915e-09,7.3259045e-08,1.9207207e-11
ISIC_0027232,1,1.0921289e-06,0.9995653,2.1142073e-08,6.248272e-06,0.0001636913,0.00019818079,6.5474924e-05
ISIC_0027409,1,3.64601e-08,0.99998784,1.6212843e-07,5.402635e-08,7.106602e-08,1.1452441e-05,5.0379543e-07
ISIC_0029556,1,1.2536677e-09,1.0,7.123027e-12,1.9607456e-11,3.392305e-08,1.36040565e-08,1.9424287e-10
ISIC_0025698,1,3.2287524e-08,0.99999976,9.121329e-10,6.0179506e-10,1.9578995e-07,5.1385637e-08,2.7778638e-08
ISIC_0027016,1,3.278469e-07,0.9999974,1.3107741e-11,1.3166028e-10,2.1804256e-06,1.3149247e-07,2.2402975e-09
ISIC_0026300,1,2.2356876e-07,0.9999926,2.0335492e-10,9.207771e-10,1.2425414e-07,7.008459e-06,4.3029895e-09
ISIC_0031032,1,3.2673164e-05,0.99996686,4.955973e-10,4.120899e-09,4.819053e-08,3.8933746e-07,1.0327077e-07
ISIC_0026119,1,7.98481e-08,0.9999999,3.179791e-13,5.4033614e-11,1.9036403e-08,3.7015624e-09,6.8578703e-09
ISIC_0028345,1,2.5360118e-09,1.0,1.398962e-13,8.9820065e-14,1.0397023e-12,4.822447e-09,1.3611497e-09
ISIC_0024720,1,0.0010316384,0.9986999,5.041545e-10,1.052939e-09,1.4998885e-07,3.5889727e-08,0.00026828537
ISIC_0028741,1,7.329489e-08,0.9999951,1.17663404e-07,6.070981e-09,4.720381e-09,7.3525634e-08,4.624172e-06
ISIC_0028853,1,1.254708e-05,0.99938273,3.996438e-07,4.798688e-06,0.0005734002,3.2484568e-06,2.2934322e-05
ISIC_0027981,1,2.8660094e-09,1.0,7.45563e-09,2.0765648e-11,1.6761504e-09,2.2959046e-08,1.8156618e-09
ISIC_0025951,1,7.566103e-06,0.9999833,4.1890615e-07,2.2944652e-08,3.3913789e-06,5.242001e-06,5.7940877e-08
ISIC_0025060,1,1.9612556e-09,0.99999976,2.491953e-11,9.161699e-09,1.7445699e-07,1.4059846e-08,4.5644857e-09
ISIC_0025125,1,1.4208911e-06,0.91125685,1.5128848e-07,3.0425423e-07,0.07691356,0.011808701,1.9035802e-05
ISIC_0024568,1,5.575535e-06,0.99999416,6.462427e-11,3.7801653e-10,2.364894e-07,3.2567893e-08,2.0593271e-08
ISIC_0029324,1,9.2451985e-05,0.9998989,2.5287102e-08,6.506704e-08,2.4239437e-06,6.081517e-07,5.407469e-06
ISIC_0030101,1,1.0667904e-09,1.0,3.0542466e-08,2.9069667e-11,1.0371567e-09,5.3340774e-08,6.4492434e-10
ISIC_0027116,1,1.0073549e-07,0.99999404,7.539162e-11,2.1619826e-09,5.8296514e-06,2.324656e-08,1.730585e-08
ISIC_0026966,1,3.2595555e-08,1.0,2.5671185e-10,4.0972347e-12,1.8641343e-08,4.653421e-09,2.4828612e-09
ISIC_0024990,1,3.4433836e-10,1.0,1.2630166e-12,1.0078133e-13,1.0308889e-09,3.3766185e-08,1.6230576e-08
ISIC_0030928,1,9.3125564e-08,0.9999987,1.5514822e-09,9.539377e-09,9.643406e-07,3.823796e-09,2.4485718e-07
ISIC_0024849,1,1.0994268e-08,0.99999964,2.4548505e-10,4.3568385e-10,3.5396522e-07,3.5425412e-08,8.6585334e-09
ISIC_0026597,1,5.433351e-08,0.99983585,2.0050354e-07,2.9782587e-08,0.00015640668,4.522265e-06,2.9031671e-06
ISIC_0030927,1,3.0665617e-06,0.9999964,6.5933435e-12,3.634278e-09,2.4332212e-07,1.9869734e-07,4.1119232e-08
ISIC_0028387,1,9.731935e-08,0.9999995,1.3628896e-09,5.8365104e-11,3.9666384e-07,1.4852759e-08,6.100407e-10
ISIC_0028207,1,2.1764758e-06,0.99999714,5.016319e-08,6.14582e-11,9.5111524e-08,5.195447e-07,3.0034474e-08
ISIC_0032268,1,0.0028525188,0.9968882,0.0002520202,3.0703262e-08,1.8884498e-06,2.9490587e-07,5.140226e-06
ISIC_0026461,1,2.6129155e-07,0.9999733,1.9670901e-08,1.2963805e-05,1.3294694e-05,1.7297745e-07,1.2425109e-08
ISIC_0026184,1,1.0536417e-07,0.99991643,3.4673914e-08,2.2297117e-08,1.1547561e-05,7.181887e-05,3.6912637e-09
ISIC_0027720,1,1.3060895e-09,1.0,9.966997e-13,2.7988224e-13,1.1999956e-11,2.2746749e-10,3.097515e-11
ISIC_0030853,1,1.7600205e-07,0.9999994,2.5423635e-10,8.659311e-12,1.3260401e-08,3.150694e-07,2.5567452e-08
ISIC_0027500,1,1.6374658e-09,0.9999999,2.294372e-08,1.41484125e-11,3.1567453e-08,1.741714e-09,2.934222e-08
ISIC_0026762,1,8.355566e-06,0.9999747,1.4031973e-09,7.195327e-08,6.1131647e-07,3.306115e-07,1.5787155e-05
ISIC_0031505,1,2.1028485e-10,0.9999584,4.3124285e-10,7.564935e-11,4.1602612e-05,2.3233133e-09,4.883677e-10
ISIC_0024342,1,5.377458e-06,0.9999554,4.315985e-07,2.2367024e-07,4.4470772e-07,1.2517065e-05,2.562989e-05
ISIC_0028081,1,2.811043e-09,0.99999845,5.007567e-09,4.0199124e-12,1.6593856e-07,1.2898824e-06,4.858921e-08
ISIC_0024950,1,1.5125409e-09,1.0,5.968416e-12,3.997554e-12,5.1887095e-10,3.337794e-09,2.6688845e-08
ISIC_0026002,1,0.06519536,0.93479115,2.7660778e-06,5.8879186e-06,3.471676e-06,2.3334317e-07,1.1751749e-06
ISIC_0025768,1,7.953945e-10,0.9999999,1.9170696e-13,2.2922428e-11,7.759022e-08,1.6540554e-09,7.2087153e-10
ISIC_0024939,1,2.1665152e-09,0.9999999,2.3902264e-10,1.0636756e-09,1.0519122e-07,5.2332685e-09,1.9059716e-09
ISIC_0024583,1,1.2743944e-06,0.9999987,1.2578714e-10,5.951629e-12,1.7123879e-10,1.4437902e-08,1.074563e-10
ISIC_0024601,1,1.1575461e-07,0.9999999,8.288731e-11,3.077919e-12,8.561906e-09,3.4994035e-10,3.8756223e-10
ISIC_0025059,1,1.6630818e-08,1.0,2.0724722e-12,2.5751337e-12,1.0044413e-10,7.186381e-10,1.2866838e-10
ISIC_0031655,1,1.8099867e-10,0.9999751,5.6295138e-12,2.9135555e-11,2.2750771e-07,2.4713565e-05,2.6374444e-11
ISIC_0029071,1,4.7162716e-06,0.999897,3.32034e-08,7.856836e-06,1.1593294e-05,3.660147e-06,7.5079675e-05
ISIC_0029532,1,6.45043e-07,0.9999927,5.7447633e-09,3.8823794e-10,6.6321486e-06,4.771969e-09,7.737283e-09
ISIC_0029458,1,5.6265907e-09,0.99999976,4.0175567e-12,3.9671516e-10,2.709477e-07,4.897354e-08,2.4364996e-10
ISIC_0029921,1,1.4908466e-06,0.9999951,1.981395e-10,1.0161547e-09,4.999457e-07,2.870743e-06,1.0533939e-09
ISIC_0031082,1,5.575157e-06,0.99999416,1.9176223e-09,1.63439e-08,1.3565104e-07,9.635323e-08,2.2374003e-08
ISIC_0027132,1,1.36159155e-08,0.99999785,2.0375712e-09,2.9183522e-09,1.6349092e-06,3.2499585e-07,1.1723518e-07
ISIC_0024719,1,4.7766835e-06,0.99998677,3.5197563e-09,4.4772307e-07,3.6840977e-06,2.9676983e-06,1.3294535e-06
ISIC_0031939,1,3.3496075e-09,0.9999893,8.058269e-12,2.8706929e-10,7.5619787e-06,3.2494427e-06,8.1838036e-10
ISIC_0029156,1,2.8777771e-05,0.9999709,2.0946468e-08,2.1944079e-07,4.8304198e-08,4.867606e-09,1.7277713e-08
ISIC_0030584,1,5.2100194e-07,0.99998105,2.1776626e-07,2.1686668e-08,3.850128e-06,1.4248891e-05,5.4267545e-08
ISIC_0030294,1,2.5139548e-07,0.9999913,5.0236313e-09,1.6818313e-07,7.770331e-06,6.959396e-08,3.818203e-07
ISIC_0031861,1,2.0568638e-09,0.9999994,3.2933868e-12,1.7442447e-11,2.2744546e-08,6.745191e-08,5.101197e-07
ISIC_0030701,1,8.856191e-10,1.0,5.957582e-10,1.1873784e-10,1.5557521e-08,3.530798e-08,1.5178475e-08
ISIC_0028245,1,3.5891713e-12,1.0,3.8096067e-12,1.981295e-14,3.9002504e-10,2.9230337e-08,1.7476452e-08
ISIC_0032117,1,1.12091426e-10,0.9999987,4.1347923e-13,8.605711e-12,4.0710694e-07,9.964942e-07,2.754923e-09
ISIC_0031723,1,1.1620862e-08,1.0,1.6753218e-10,8.1783835e-10,3.4863947e-09,1.8264755e-08,1.1247948e-09
ISIC_0025521,1,5.8373317e-08,0.9999918,4.020707e-08,2.400538e-09,5.4727157e-06,2.1912992e-06,4.539289e-07
ISIC_0026312,1,4.995547e-07,0.99999654,2.9985217e-09,2.428653e-08,2.325343e-06,5.570204e-09,5.9998035e-07
ISIC_0030022,1,3.20823e-08,0.99999964,8.420409e-12,8.016923e-10,2.1580252e-07,6.74352e-08,1.1060284e-09
ISIC_0026821,1,5.5624973e-08,0.9999753,9.288966e-10,7.699873e-09,2.4494582e-05,4.5306997e-10,7.343043e-08
ISIC_0024713,1,1.4049781e-10,1.0,1.8457111e-13,4.2955914e-13,5.5916266e-10,1.517865e-08,3.5300943e-10
ISIC_0027460,1,3.4732926e-07,0.9999989,3.6892066e-11,9.538837e-12,4.273111e-07,6.9528877e-10,2.4783145e-07
ISIC_0031664,1,1.3897709e-07,0.9999951,7.966323e-11,1.561301e-11,4.6986584e-06,4.2228403e-09,1.5607645e-08
ISIC_0030215,1,1.5876965e-10,0.9999995,3.3921284e-12,9.747334e-12,4.3736802e-07,6.3507346e-09,6.707969e-09
ISIC_0031669,1,0.00084619503,0.9991217,5.201595e-06,3.39857e-08,1.9396682e-06,2.4486211e-05,4.3516422e-07
ISIC_0030861,1,0.0001234015,0.999866,2.8427556e-09,4.981926e-09,5.7065827e-06,2.4259982e-06,2.5123754e-06
ISIC_0029521,1,2.5429365e-09,0.9999993,3.4156224e-07,7.851658e-09,3.124796e-08,3.196439e-07,3.7098104e-08
ISIC_0025307,1,1.249588e-05,0.9999846,2.1462547e-09,4.5845887e-09,2.1593278e-06,7.204204e-07,2.5058556e-08
ISIC_0024434,1,8.69765e-09,0.9999982,2.8051172e-10,1.0621686e-07,3.565419e-09,2.7805829e-09,1.7096329e-06
ISIC_0024542,1,5.25753e-06,0.9973278,6.19598e-07,0.00010182472,0.0024931862,2.054823e-05,5.073044e-05
ISIC_0025827,1,2.0942443e-06,0.9999838,1.2679613e-08,2.7882022e-08,1.2754935e-05,1.0546793e-06,2.83236e-07
ISIC_0026686,1,1.4346145e-06,0.9999974,1.573845e-10,2.300895e-09,1.173664e-06,7.972124e-09,7.271211e-10
ISIC_0032449,1,8.356541e-05,0.9999163,4.0598106e-12,2.0913117e-11,4.9827537e-10,8.048505e-10,1.0368435e-07
ISIC_0031665,1,3.0111567e-06,0.9999962,7.541868e-07,2.853484e-10,1.3716325e-08,3.4992972e-10,6.771391e-11
ISIC_0024616,1,1.9770212e-07,0.99993896,2.1437932e-08,3.089112e-08,5.892268e-05,7.5573195e-07,1.1242184e-06
ISIC_0027274,1,6.998631e-08,0.9999999,3.5262848e-10,3.4403047e-10,4.9515116e-08,1.3781463e-08,1.9574795e-11
ISIC_0031110,1,2.7533687e-07,0.99999225,1.2217072e-10,1.0963419e-09,7.44198e-06,5.2357574e-08,5.255738e-08
ISIC_0030103,1,4.8764872e-05,0.99995124,2.1345625e-11,1.14125584e-10,1.953672e-08,2.7162464e-08,9.976458e-09
ISIC_0029649,1,6.327827e-07,0.9999993,2.5336444e-10,3.7204073e-10,4.3015678e-08,1.5806989e-09,1.1482334e-08
ISIC_0032255,1,1.0694455e-06,0.9999951,4.154096e-10,2.4564342e-08,2.5218008e-06,1.2960243e-07,1.180679e-06
ISIC_0026127,1,4.8204278e-05,0.99235016,1.1446675e-06,1.1123511e-07,0.007561694,3.8447568e-05,2.678733e-07
ISIC_0026162,1,1.0117691e-07,0.99999845,1.4638378e-08,6.6576866e-10,4.9485873e-08,1.2581653e-06,3.5517587e-08
ISIC_0029497,1,6.9620117e-12,0.9999876,2.4477878e-11,1.939998e-10,1.2143945e-05,2.1106987e-07,7.21177e-08
ISIC_0024398,1,7.810139e-07,0.9999988,1.3072674e-08,6.417035e-11,8.172456e-08,3.9847684e-08,3.432369e-07
ISIC_0032038,1,7.54085e-10,1.0,3.0758536e-12,1.158749e-11,4.759242e-09,1.9618958e-09,5.1108513e-09
ISIC_0024895,1,7.4149243e-06,0.9999902,1.1702785e-11,2.6334379e-11,2.241242e-06,1.1952135e-07,2.2664166e-09
ISIC_0025190,1,2.7149346e-07,0.99999976,4.2006315e-13,1.7278571e-12,5.4544536e-10,1.3741368e-10,6.251997e-11
ISIC_0030222,1,1.1389092e-09,1.0,1.1082649e-13,1.4260741e-11,3.345195e-08,2.1428357e-09,9.947778e-09
ISIC_0028748,1,6.458541e-09,1.0,2.2783372e-12,3.3073446e-12,1.0908312e-09,3.748569e-09,2.0902047e-09
ISIC_0031235,1,6.898567e-08,0.9999995,9.9591724e-11,8.585367e-13,3.7991148e-07,1.2102023e-08,1.6325723e-09
ISIC_0028391,1,2.2268638e-07,0.99999964,7.4135436e-08,2.2866364e-10,7.741466e-10,3.854777e-08,1.4575069e-08
ISIC_0027182,1,5.440054e-05,0.9999429,2.4409406e-08,1.8493904e-09,2.8734237e-07,2.1649348e-06,2.0846609e-07
ISIC_0024399,1,7.811302e-08,0.99998605,9.303208e-06,1.1821881e-08,5.887874e-08,4.4805065e-06,2.3950135e-09
ISIC_0024603,1,0.000120393364,0.9998796,2.753666e-12,7.542077e-12,9.685471e-09,1.7894916e-08,3.3185668e-08
ISIC_0029868,1,4.87588e-06,0.99999416,4.2456293e-08,9.100886e-08,3.0672285e-07,9.718361e-08,3.3023852e-07
ISIC_0025429,1,3.3642957e-07,0.99999964,5.226202e-10,3.8705575e-12,6.5354705e-08,3.9405418e-08,8.194385e-10
ISIC_0031992,1,3.250899e-08,0.9999995,2.6314717e-09,3.823994e-10,2.0966044e-07,2.1523564e-07,2.595977e-09
ISIC_0029622,1,3.3070202e-07,0.99977547,4.0622e-05,2.8724273e-07,2.5647219e-06,2.2853143e-05,0.00015789254
ISIC_0030763,1,3.785646e-05,0.9997037,1.21106e-06,2.6458515e-08,5.122349e-07,1.636554e-08,0.00025673717
ISIC_0031022,1,7.041064e-08,0.999798,2.0699483e-08,7.373579e-09,3.0854982e-05,0.00017072313,4.024801e-07
ISIC_0032264,1,2.145879e-06,0.9982646,0.00028840321,4.614922e-05,0.00013546637,0.0012338277,2.9375664e-05
ISIC_0029941,1,3.0881918e-05,0.9999639,5.697249e-10,3.8824563e-08,6.071944e-07,3.0605642e-07,4.2923843e-06
ISIC_0025503,1,1.7316978e-08,0.99999976,3.3830914e-11,2.3430952e-11,5.8300454e-08,7.320386e-08,2.8465053e-09
ISIC_0029691,1,1.2226805e-08,0.9999999,4.2419745e-10,5.6163785e-11,4.5480284e-08,1.7238483e-08,4.551072e-09
ISIC_0028394,1,1.9557006e-06,0.999998,2.7093075e-10,5.5294207e-11,2.1685048e-08,3.4827934e-08,4.190919e-08
ISIC_0024508,1,2.7462927e-06,0.9999962,5.8785854e-12,1.7460841e-10,1.0699332e-06,1.5457245e-09,4.9380368e-11
ISIC_0024769,1,4.5674778e-10,0.9999995,1.5144827e-13,3.8301875e-12,4.712445e-07,6.394687e-09,4.9543362e-11
ISIC_0031862,1,1.1088334e-07,0.99901295,1.2594258e-08,6.569116e-09,0.00020199503,0.0007848794,2.4252188e-08
ISIC_0029058,1,4.9363624e-10,0.9999999,2.55334e-12,9.7985293e-11,1.3576546e-07,7.185695e-10,1.8440678e-09
ISIC_0031608,1,3.7461803e-07,0.9999995,8.2073154e-11,1.5035285e-09,6.114858e-08,2.6453069e-08,2.2902789e-08
ISIC_0026642,1,6.959676e-06,0.9999924,1.0008684e-11,2.9381228e-10,6.824383e-07,1.3235083e-09,2.6177052e-10
ISIC_0031590,1,1.03614326e-07,0.9999999,3.96014e-12,9.054569e-12,3.322196e-08,1.7359541e-08,1.060392e-09
ISIC_0026331,1,4.4408734e-09,0.9999995,1.0970606e-10,1.5053778e-11,3.1919738e-09,4.98561e-07,3.9078083e-09
ISIC_0027362,1,1.9875705e-08,0.99992824,4.4547987e-06,3.8492137e-11,9.571755e-11,6.6701235e-05,4.7653583e-07
ISIC_0030475,1,5.89506e-08,0.99999845,2.055851e-08,1.5339294e-10,6.718763e-07,8.478227e-07,6.358655e-09
ISIC_0024689,1,0.032284673,0.9673149,6.369004e-07,8.805607e-08,1.1834885e-07,2.483277e-07,0.0003992945
ISIC_0032483,1,1.8644574e-05,0.99998105,1.3541988e-10,1.0555648e-10,2.0027655e-07,5.190725e-08,5.7295324e-08
ISIC_0025186,1,6.3571e-09,1.0,3.5038437e-11,1.9224691e-11,1.97521e-09,1.1446285e-08,6.1028103e-09
ISIC_0032503,1,3.0520972e-08,0.99999976,3.8747575e-10,6.579845e-09,1.2501872e-07,4.634511e-08,3.3387437e-08
ISIC_0030228,1,9.4160315e-09,1.0,4.200699e-12,1.1509278e-14,3.856624e-12,2.4305682e-10,5.5137603e-11
ISIC_0028521,1,1.0233777e-09,1.0,8.107276e-15,3.5591197e-13,5.3266627e-09,4.2454232e-10,8.2299084e-11
ISIC_0025762,1,2.1180585e-06,0.9999975,7.092807e-11,4.2397563e-10,4.3415395e-07,5.663995e-09,9.1670915e-10
ISIC_0025114,1,6.271355e-08,0.9999999,1.2151652e-10,2.8113953e-09,5.292153e-08,3.8914765e-09,8.759103e-11
ISIC_0030386,1,0.00011635911,0.99987876,1.3432144e-08,9.31664e-09,6.028559e-07,4.0205477e-06,1.8501963e-07
ISIC_0032401,1,1.0556379e-07,0.99999917,5.879531e-13,9.728646e-12,7.739932e-07,7.206483e-10,1.4425247e-08
ISIC_0030713,1,1.1989865e-08,0.9999964,1.842257e-10,1.1114278e-09,3.3328888e-06,1.11527205e-08,2.143797e-07
ISIC_0028070,1,1.6725541e-07,0.9999987,1.5016787e-09,7.306306e-11,1.0938671e-06,2.1243287e-09,2.0179229e-08
ISIC_0031336,1,1.5160505e-07,0.9999707,2.8957808e-07,1.2287418e-08,2.7255388e-05,2.0848222e-07,1.3497137e-06
ISIC_0026917,1,1.0256623e-06,0.9999987,4.6271044e-08,1.4441778e-09,2.6623414e-07,2.580682e-08,1.4318416e-08
ISIC_0031419,1,1.0213881e-06,0.99999225,3.8270547e-09,2.2299051e-09,1.9324595e-09,4.657763e-09,6.6729967e-06
ISIC_0029586,1,2.5092821e-09,0.99998784,7.8026713e-10,1.3309017e-09,1.8793513e-07,4.503343e-06,7.428404e-06
ISIC_0028405,1,3.1995793e-07,0.9999722,8.309974e-09,2.442428e-08,2.7392e-05,2.934257e-09,3.1905373e-08
ISIC_0025189,1,2.0984642e-08,0.999995,4.2835348e-13,1.6042687e-12,5.006893e-06,9.302115e-09,6.078871e-09
ISIC_0024549,1,7.2400985e-06,0.99998736,2.1811805e-07,7.35074e-08,2.629616e-07,4.7694343e-06,6.787362e-08
ISIC_0030169,1,8.0014496e-07,0.9999888,2.54682e-07,2.4788966e-07,7.4043564e-06,2.3724567e-06,1.0354562e-07
ISIC_0028563,1,1.4549361e-06,0.99996114,1.3655617e-09,2.2367366e-09,3.557944e-05,1.7819959e-06,2.2957386e-10
ISIC_0027656,1,3.4532126e-09,0.99995637,4.2286202e-11,3.894477e-09,4.354219e-05,3.7105625e-09,1.0711714e-07
ISIC_0027459,1,1.1780412e-09,0.9999993,3.3855058e-10,2.0396673e-08,6.681166e-07,9.8024024e-09,3.0210159e-09
ISIC_0027913,1,3.3468306e-05,0.9999647,2.9249006e-11,5.725703e-08,1.6526834e-06,3.073781e-08,1.0651883e-07
ISIC_0028374,1,1.7851313e-05,0.99997437,1.6852273e-09,3.4644108e-09,7.5811954e-06,4.263951e-08,1.8801147e-07
ISIC_0024614,1,4.0518144e-06,0.99999595,3.0522454e-10,1.06168865e-10,3.2449584e-08,3.8089162e-08,9.300012e-09
ISIC_0028134,1,1.3371591e-05,0.9999863,1.5150123e-12,1.1072023e-12,2.5943316e-07,4.056511e-08,4.2044572e-08
ISIC_0026187,1,1.1926709e-05,0.9999826,5.1290994e-10,1.9250024e-09,5.3329113e-06,1.303414e-07,6.1512516e-08
ISIC_0031736,1,6.845898e-07,0.99999857,5.4139596e-11,2.2412136e-10,5.471205e-09,4.4378342e-07,2.1817e-07
ISIC_0025382,1,1.3472238e-06,0.99999726,4.7084164e-08,2.422391e-08,7.952692e-07,4.944824e-07,2.4611623e-08
ISIC_0030572,1,3.536091e-07,0.99999917,4.6809997e-11,1.1320956e-11,4.7206367e-08,4.3477945e-07,1.5204178e-10
ISIC_0027131,1,3.383014e-07,0.9999976,1.5527586e-10,1.3229273e-09,1.6117437e-07,2.7324333e-07,1.683971e-06
ISIC_0025077,1,4.1636376e-06,0.9999957,1.922252e-11,1.7019824e-10,3.4024366e-09,1.5165642e-07,1.0123004e-08
ISIC_0029158,1,3.3662661e-06,0.9999963,3.0061642e-10,1.1527499e-09,2.6218256e-08,4.315038e-09,2.7535373e-07
ISIC_0026428,1,6.4533566e-07,0.99999905,7.779138e-12,3.896735e-11,3.1123386e-07,1.132008e-09,1.1017383e-10
ISIC_0027521,1,2.3716034e-06,0.99999726,1.1405025e-11,1.0063019e-11,4.3735763e-08,3.4647616e-07,1.5460672e-10
ISIC_0024442,1,7.081642e-08,0.9999999,2.8290162e-10,1.1971424e-11,1.01142164e-10,1.7521548e-11,7.1168715e-09
ISIC_0027619,1,2.2975308e-05,0.99997604,2.5849464e-10,1.5327815e-09,7.214934e-08,9.549348e-07,1.4317545e-08
ISIC_0030438,1,1.1986202e-07,0.99971706,2.4313756e-08,0.00012143805,0.00016060412,7.241417e-07,9.757839e-09
ISIC_0031155,1,2.0466317e-05,0.999979,4.406653e-09,7.878031e-10,4.7053118e-07,2.0932077e-10,7.412677e-10
ISIC_0030667,1,5.0941895e-09,1.0,6.8624147e-12,5.732603e-12,4.6375845e-10,4.881864e-08,2.104466e-09
ISIC_0024742,1,1.2246602e-06,0.9999734,1.983592e-09,5.2027285e-06,1.9217659e-07,1.9827805e-05,1.5020562e-07
ISIC_0025185,1,1.1961807e-08,0.99999964,1.8445894e-11,1.9848444e-12,3.2578032e-07,2.6212668e-10,4.2065023e-12
ISIC_0028093,1,1.1334229e-06,0.9999982,3.7986547e-10,4.0439034e-09,4.86624e-07,1.1195693e-07,6.6379204e-09
ISIC_0029131,1,0.002776447,0.9972121,1.08990335e-07,1.0033902e-07,8.198005e-06,2.9494047e-06,1.0487026e-09
ISIC_0030392,1,2.3643582e-10,1.0,7.565553e-15,3.219342e-17,7.912135e-11,1.350501e-12,9.325027e-12
ISIC_0030631,1,8.206927e-07,0.9999988,1.2054632e-07,1.053306e-08,1.2531977e-07,1.3561029e-07,2.8219558e-08
ISIC_0027243,1,6.0146185e-06,0.9999932,9.2325736e-10,2.1626366e-07,5.0262e-07,1.2534728e-09,3.8991345e-08
ISIC_0026047,1,4.4268313e-07,0.999154,0.00042737948,1.9154575e-07,6.1384576e-08,0.00036103933,5.6913566e-05
ISIC_0025829,1,2.585029e-09,1.0,2.445037e-11,9.783395e-13,1.5590597e-10,3.1131446e-08,5.5726e-10
ISIC_0029325,1,1.4602531e-09,1.0,1.4699252e-12,4.7421312e-14,2.9171467e-08,2.370451e-09,9.004037e-09
ISIC_0029283,1,1.03163806e-07,0.9999491,3.992297e-09,2.1051266e-08,3.7828478e-08,2.376231e-07,5.0503433e-05
ISIC_0026405,1,1.03275354e-07,0.9999999,1.7712075e-10,1.1193613e-08,5.57137e-09,2.0529075e-08,2.7001741e-08
ISIC_0026078,1,1.9657671e-05,0.9964766,1.7928359e-07,6.0505585e-08,8.1333604e-07,0.0035026164,2.6894675e-10
ISIC_0025163,1,5.142003e-06,0.9998963,6.1311693e-09,3.6015455e-09,1.3574777e-07,9.832215e-05,2.1053125e-08
ISIC_0025280,1,8.311816e-07,0.99999726,1.434578e-07,4.037915e-07,1.3045021e-06,1.4375259e-08,1.4304345e-07
ISIC_0031280,1,0.0003658823,0.9994505,4.7342024e-07,1.3021926e-07,2.6337673e-05,0.00015593911,7.2546567e-07
ISIC_0030201,1,2.2030761e-08,0.999997,1.4338679e-07,1.554925e-07,1.3614348e-06,9.3900076e-07,4.3784976e-07
ISIC_0025537,1,7.060997e-07,0.99998665,4.7182884e-09,4.3349896e-10,1.2470416e-05,1.481722e-07,2.4096282e-08
ISIC_0028125,1,4.073457e-10,1.0,9.878945e-14,1.4475771e-13,5.4465157e-09,1.0585174e-08,8.029306e-10
ISIC_0025216,1,2.1618347e-09,1.0,5.953257e-13,1.9634362e-11,1.1928821e-08,4.9600453e-09,2.3840286e-11
ISIC_0027050,1,5.875522e-09,0.99999976,6.609728e-14,1.4528634e-12,1.4813332e-07,2.582898e-10,5.526887e-08
ISIC_0031843,1,7.669165e-09,0.9999999,3.1596875e-10,4.9253185e-11,8.9858545e-08,1.2032167e-09,1.7478423e-11
ISIC_0025270,1,2.7391077e-06,0.99999535,2.0480277e-09,1.4882813e-08,1.9521437e-06,1.1374303e-08,1.9857853e-09
ISIC_0029506,1,5.023346e-07,0.99945885,1.7001217e-10,1.4968421e-10,0.00053887244,1.2119162e-06,5.3715155e-07
ISIC_0028189,1,5.261187e-07,0.9999989,2.0706456e-11,2.3865998e-12,3.7297724e-07,1.2393197e-07,1.2629961e-08
ISIC_0026198,1,1.8927133e-09,0.9999392,1.2518384e-08,3.1808437e-08,1.2295103e-05,4.7963604e-05,5.7095883e-07
ISIC_0031616,1,1.6714985e-08,0.9999994,9.592574e-08,5.2074745e-10,4.940333e-07,3.6780914e-08,7.4342366e-10
ISIC_0025304,1,1.0314574e-09,1.0,2.475441e-10,2.9437908e-12,1.4772194e-11,4.572006e-09,2.221319e-08
ISIC_0030864,1,8.350433e-07,0.9999949,6.315024e-09,1.9717578e-07,2.0573991e-06,1.5551628e-08,2.0332668e-06
ISIC_0027594,1,6.3033716e-09,1.0,9.30346e-12,2.1386564e-11,8.801836e-09,2.5052752e-10,8.38273e-10
ISIC_0030381,1,2.6684447e-06,0.9999925,6.377763e-08,4.4412296e-10,2.3565578e-07,4.4807184e-06,6.496781e-09
ISIC_0026616,1,4.1527524e-06,0.9999949,5.016781e-10,4.8550657e-09,7.2173646e-07,2.2676186e-07,9.751805e-09
ISIC_0031124,1,8.6103604e-08,0.9999989,7.446665e-10,1.2468415e-09,9.1100776e-07,9.0029324e-08,1.7820775e-09
ISIC_0029234,1,3.4432723e-08,0.99999905,1.2648053e-10,1.8289095e-09,9.687691e-07,1.3550766e-09,8.797632e-09
ISIC_0026287,1,1.7279306e-06,0.9997875,2.2358472e-07,1.249895e-06,5.999551e-05,0.00014938586,6.153478e-08
ISIC_0027748,1,6.954536e-06,0.9997218,1.6988672e-06,1.29005455e-08,5.27778e-08,5.638912e-05,0.00021304181
ISIC_0024878,1,1.932661e-07,0.9999974,2.5375195e-09,1.467588e-08,3.0924596e-07,2.1518397e-06,2.9007658e-08
ISIC_0029076,1,1.7123867e-06,0.999998,8.0330665e-08,4.8267463e-08,2.0333147e-07,2.2559766e-08,3.9529444e-10
ISIC_0027484,1,2.619177e-06,0.9999974,2.8627223e-10,2.2892747e-11,6.361438e-09,5.117776e-08,1.6609345e-08
ISIC_0030216,1,0.00044155688,0.9995511,4.3947725e-09,6.7579e-08,2.2388602e-07,2.626323e-08,6.9907355e-06
ISIC_0028893,1,1.2717759e-07,0.9999993,5.803858e-12,1.5891329e-09,3.9514068e-09,4.4189634e-09,5.8900554e-07
ISIC_0030808,1,2.8186144e-11,1.0,4.6882703e-10,3.7383866e-13,2.1076129e-11,3.5899366e-09,5.5014773e-12
ISIC_0026944,1,7.233567e-08,0.9999995,3.3687224e-09,3.500085e-09,1.3652925e-07,1.3205437e-07,1.8068258e-07
ISIC_0025283,1,6.4606535e-11,1.0,8.6074735e-13,3.1905327e-09,5.4159455e-09,1.1951355e-10,2.4567415e-08
ISIC_0030078,1,4.2415445e-07,0.9993383,6.857309e-07,4.7784704e-07,0.0005096029,0.00011139189,3.911968e-05
ISIC_0027676,1,2.934645e-07,0.99999,6.9126216e-08,5.035136e-09,2.0786473e-08,8.055645e-07,8.745651e-06
ISIC_0030601,1,1.8487421e-08,1.0,6.407504e-11,1.3442755e-10,1.2353478e-09,1.3071818e-08,3.910877e-08
ISIC_0028434,1,2.0352572e-06,0.99999774,1.6027595e-08,1.5918038e-08,2.5297695e-07,1.08984555e-08,4.240366e-09
ISIC_0028703,1,2.2939998e-06,0.9999968,2.4304008e-08,1.3547273e-07,5.85036e-07,9.001363e-09,1.589925e-07
ISIC_0025435,1,1.9662917e-07,0.99999976,9.1432115e-09,5.339496e-10,3.4548336e-08,2.9992307e-08,4.1621115e-09
ISIC_0025468,1,3.4586984e-07,0.9999825,3.8144754e-09,2.5181623e-09,1.7152966e-05,3.5014295e-08,5.659094e-09
ISIC_0026354,1,3.6147594e-06,0.9999932,1.2638889e-10,4.922325e-12,7.390438e-09,3.0428732e-06,5.2092556e-08
ISIC_0030325,1,2.890764e-09,1.0,1.4134846e-11,1.0144249e-12,1.0354188e-10,4.52468e-10,8.588459e-11
ISIC_0026410,1,4.704462e-06,0.9999876,1.1341968e-10,1.2599591e-09,7.673632e-06,7.624411e-09,3.051715e-09
ISIC_0028040,1,2.3308088e-07,0.99999595,8.642554e-11,6.011661e-11,3.844183e-06,1.4554015e-08,4.3371312e-10
ISIC_0025479,1,3.2177188e-11,1.0,1.7278261e-14,9.907255e-13,1.8395108e-10,1.1710357e-11,4.7023368e-11
ISIC_0027980,1,1.4220458e-06,0.99999726,3.003105e-11,2.3918342e-10,7.829136e-09,1.1960907e-07,1.2476966e-06
ISIC_0029901,1,4.728565e-10,0.99999976,1.6133695e-11,4.232011e-13,2.2458133e-09,2.2205465e-07,1.4063398e-10
ISIC_0031425,1,6.899487e-07,0.99999595,4.045314e-09,6.7142466e-08,7.2750265e-07,3.2679832e-08,2.4738547e-06
ISIC_0030472,1,6.5720946e-05,0.999933,1.8130874e-12,2.7649962e-09,4.1133742e-07,7.894023e-07,1.2925587e-08
ISIC_0026482,1,9.92061e-08,0.9999999,7.773646e-11,3.0891641e-12,8.300858e-09,1.4566264e-08,4.9693814e-09
ISIC_0026379,1,1.6248783e-09,0.9999982,1.1391725e-12,3.036121e-11,1.6469171e-06,6.2540956e-08,2.5756095e-09
ISIC_0024912,1,1.0717523e-07,0.9999988,4.3803072e-10,3.548095e-09,9.498799e-07,1.31738735e-08,8.6890864e-08
ISIC_0025014,1,0.0010594423,0.9903004,1.6295587e-08,9.734768e-06,3.167302e-06,0.008627361,2.0264833e-08
ISIC_0031772,1,1.2330278e-07,0.9999999,1.4040764e-12,5.8096236e-11,3.786202e-08,1.5459328e-10,7.831796e-10
ISIC_0029842,1,1.2360834e-06,0.9999987,2.794089e-12,4.346306e-12,4.3408277e-09,2.1057358e-09,6.336432e-08
ISIC_0024691,1,2.9829496e-07,0.99999964,8.9214726e-11,4.829376e-13,6.562715e-08,3.477257e-08,3.070267e-08
ISIC_0027556,1,4.845106e-10,0.9999999,8.9221585e-14,2.988183e-11,1.9306763e-09,1.7715522e-10,6.4425734e-08
ISIC_0024417,1,1.1078184e-08,0.9999969,1.6194848e-11,3.8428902e-11,2.9324092e-06,6.0297396e-08,1.9050646e-09
ISIC_0024541,1,5.3860526e-07,0.9999994,1.701833e-10,2.7605357e-10,3.9827874e-08,1.5393274e-09,5.7602975e-08
ISIC_0025371,1,2.2364902e-07,0.9999893,1.7027858e-11,6.626508e-11,1.0551616e-05,4.236589e-08,7.538946e-09
ISIC_0031696,1,4.7068323e-05,0.99994445,4.6474614e-08,5.8261934e-10,4.0528843e-08,4.071338e-09,8.373645e-06
ISIC_0030696,1,2.026854e-09,0.9996203,0.00026178028,1.7804061e-07,6.1950086e-05,4.903035e-05,6.816021e-06
ISIC_0025026,1,0.00018680673,0.99981207,4.4609592e-08,6.3761103e-09,5.383072e-07,5.7140915e-07,2.9394498e-09
ISIC_0027965,1,1.0705228e-07,0.99999917,1.0931292e-10,2.6223242e-11,6.07786e-07,9.058139e-08,9.128041e-10
ISIC_0028722,1,1.7836651e-08,1.0,3.271041e-11,7.053562e-12,1.0244734e-09,2.9821343e-09,2.0466315e-09
ISIC_0031858,1,7.283074e-05,0.99508625,0.00017552584,2.4649402e-05,0.0031206873,0.001462924,5.718895e-05
ISIC_0025401,1,0.0001189657,0.9998809,3.353076e-11,9.274308e-12,1.03757436e-07,6.9899075e-10,7.581206e-11
ISIC_0026579,1,4.239851e-12,1.0,6.9898724e-14,2.9658184e-14,1.3404536e-09,2.6304794e-09,1.2064588e-10
ISIC_0029551,1,2.7066176e-07,0.99999094,3.2331818e-10,5.6154663e-09,3.988516e-08,7.768039e-06,9.586865e-07
ISIC_0032297,1,1.472882e-10,1.0,3.133694e-10,7.172393e-12,3.2247325e-09,1.3337164e-08,1.9418751e-08
ISIC_0026973,1,2.014644e-08,0.9999994,4.0414908e-11,1.0604319e-09,5.1579974e-07,1.9449171e-08,1.4899992e-09
ISIC_0031830,1,7.5067925e-07,0.9999541,3.9624393e-07,2.0325733e-06,7.4854065e-06,3.475649e-05,4.845109e-07
ISIC_0030887,1,9.938128e-08,0.9999999,1.0416444e-10,1.9928811e-10,5.3800946e-09,4.41229e-08,2.9291432e-09
ISIC_0026542,1,1.0893078e-07,0.9999994,1.995047e-11,4.509897e-12,5.2518897e-07,5.160147e-09,1.2576005e-11
ISIC_0029282,1,4.7513268e-07,0.9999939,9.901364e-08,9.016459e-09,5.522366e-06,1.0544768e-08,3.6920617e-10
ISIC_0025490,1,3.2713203e-07,0.99999845,8.890869e-11,2.8698433e-10,1.1604697e-06,2.089792e-08,4.436856e-09
ISIC_0029063,1,6.0156027e-09,1.0,3.2866412e-13,1.1762598e-12,2.1774084e-11,1.3028352e-09,8.10918e-11
ISIC_0026479,1,3.1640788e-09,0.9999995,3.1702456e-13,5.5194564e-09,5.155898e-07,2.1351168e-08,2.5369237e-10
ISIC_0030098,1,1.3702005e-06,0.99999857,6.809566e-10,1.0334338e-11,1.5961444e-11,4.4228532e-10,7.26829e-11
ISIC_0031265,1,4.3862027e-08,1.0,1.30170865e-11,5.6391758e-12,1.4557369e-09,2.0433708e-09,2.2431017e-11
ISIC_0026951,1,4.2898268e-05,0.9999567,3.6494432e-09,2.5453517e-09,6.705904e-09,3.7936715e-08,4.134474e-07
ISIC_0029244,1,9.2899795e-09,1.0,7.6966336e-11,4.4131077e-11,8.016406e-10,1.7562422e-09,3.56291e-09
ISIC_0026041,1,1.09876915e-07,0.99999976,1.4684257e-12,7.112592e-10,3.4687126e-08,3.360797e-09,4.666292e-08
ISIC_0030576,1,1.3983932e-10,0.9999999,4.4300566e-12,5.6296742e-12,3.7046224e-08,9.4325905e-08,1.1667806e-09
ISIC_0027979,1,3.68793e-10,0.9999995,3.0748378e-08,8.470727e-09,3.914127e-07,2.3106248e-08,3.8228802e-09
ISIC_0030234,1,1.3249783e-06,0.99999845,1.3964054e-10,2.1405598e-10,2.3398499e-07,3.847596e-08,4.1440136e-09
ISIC_0029285,1,1.118738e-06,0.9999989,2.3706133e-11,3.7128616e-11,3.42365e-09,5.566046e-08,2.7971492e-09
ISIC_0031312,1,5.8762648e-08,0.9999999,1.1743857e-12,1.2297301e-11,4.591119e-08,5.403079e-09,1.4134992e-09
ISIC_0032323,1,9.855849e-05,0.9998958,2.2983794e-10,4.487816e-08,2.5552692e-06,1.3770118e-07,2.9345856e-06
ISIC_0025739,1,4.12216e-09,1.0,1.9808729e-13,7.6960237e-13,5.1994486e-10,2.8953382e-09,1.3357377e-08
ISIC_0025574,1,1.3532291e-08,0.9999999,2.0811085e-11,1.386183e-10,1.1384704e-07,2.1570246e-08,3.403754e-10
ISIC_0026304,1,2.6402386e-06,0.99999464,1.7670074e-10,4.3455155e-09,2.3213988e-06,3.018321e-07,7.745704e-08
ISIC_0028883,1,9.053116e-05,0.9997873,1.8166518e-06,1.2286912e-06,0.00011820108,7.1212304e-07,3.468407e-07
ISIC_0026939,1,2.4272552e-07,0.99999726,8.479325e-09,1.17602966e-07,1.6732832e-06,7.515168e-07,3.465759e-09
ISIC_0027340,1,9.914773e-06,0.9999901,1.12070575e-10,8.417783e-10,1.869193e-08,4.5730157e-09,1.36521905e-08
ISIC_0026937,1,2.5592596e-08,1.0,1.1798569e-09,1.8365308e-10,9.878311e-09,8.3294225e-09,2.046012e-08
ISIC_0025921,1,8.618713e-07,0.99999726,8.5246e-09,1.6673699e-10,4.9385868e-08,1.8240232e-06,4.7607727e-09
ISIC_0030062,1,7.478721e-08,0.9999999,2.9480005e-11,4.276043e-14,2.5002136e-11,1.2654617e-08,1.7622674e-10
ISIC_0028433,1,3.1064307e-10,0.99998796,1.5196667e-11,7.606573e-10,5.222109e-07,1.1528228e-05,1.3637691e-08
ISIC_0031341,1,4.546639e-09,1.0,2.502081e-13,7.2281773e-12,1.37936675e-08,7.59578e-09,2.5506227e-13
ISIC_0029896,1,0.0004029688,0.99959666,1.1454835e-08,4.1052783e-09,3.42814e-07,5.9733156e-09,1.38319605e-08
ISIC_0030568,1,5.7807625e-05,0.99994147,2.838481e-07,1.6407864e-10,1.3542687e-07,2.6693252e-07,5.876852e-08
ISIC_0027726,1,1.0074614e-05,0.99998033,2.846108e-09,5.2589018e-09,9.627355e-06,1.8400299e-09,1.8467324e-08
ISIC_0026850,1,5.6976552e-09,0.99999654,7.948584e-09,2.8491536e-08,4.4832454e-08,3.3888402e-06,1.19623405e-08
ISIC_0029116,1,3.2359264e-07,0.9999995,3.027093e-11,1.0719048e-10,1.1924863e-07,2.0916355e-09,6.4551225e-10
ISIC_0025334,1,6.8874336e-08,0.9999999,4.545502e-13,6.3904975e-12,1.1982202e-08,5.177866e-09,1.200173e-09
ISIC_0025820,1,3.6788822e-07,0.99999833,1.4434158e-11,5.1469773e-10,2.0423019e-07,1.0344776e-06,1.4637985e-08
ISIC_0029646,1,2.4108317e-06,0.9999976,2.6598816e-13,1.4239886e-11,1.6297077e-08,4.061388e-08,2.0670698e-09
ISIC_0027817,1,9.4399866e-08,0.99999976,7.094139e-10,4.949618e-10,8.59414e-08,2.7800358e-09,2.33164e-09
ISIC_0025315,1,1.6459106e-08,0.9999535,7.1937275e-06,2.0498385e-08,3.8551636e-05,3.6099016e-07,3.2501273e-07
ISIC_0025187,1,5.6319013e-06,0.9999764,7.8740493e-07,2.3844683e-07,1.6256941e-05,7.587876e-07,3.0352833e-08
ISIC_0027115,1,1.3163859e-05,0.9999864,7.224017e-11,5.4195093e-09,4.0539996e-07,3.327821e-08,5.628966e-08
ISIC_0025864,1,1.7004373e-08,1.0,4.3873506e-11,2.2514698e-10,3.6242744e-09,2.771096e-08,3.4104364e-09
ISIC_0031886,1,4.2819798e-13,1.0,2.5390484e-15,6.084611e-16,7.244412e-11,1.2839259e-10,3.6512196e-11
ISIC_0025022,1,6.532554e-07,0.99999917,1.2686597e-13,8.867397e-12,1.7780803e-07,2.1043729e-08,1.872474e-09
ISIC_0028617,1,1.0091758e-06,0.9999989,1.1713813e-10,4.1322454e-10,6.566428e-08,2.7324223e-08,4.2209095e-08
ISIC_0025764,1,3.5888473e-10,0.99997556,2.5348586e-06,1.00101964e-07,1.5522455e-05,5.437216e-06,8.233052e-07
ISIC_0028019,1,1.6752209e-07,0.9999993,4.8385944e-09,7.986168e-10,1.6407523e-07,3.0769417e-07,4.9066967e-10
ISIC_0030029,1,0.00025538335,0.9997428,3.243871e-08,3.3401483e-07,7.095016e-08,8.997726e-08,1.215422e-06
ISIC_0026640,1,6.245796e-05,0.99993527,3.6187678e-10,3.686394e-09,1.325309e-06,4.937035e-09,9.312948e-07
ISIC_0030393,1,2.0638427e-05,0.9999789,9.182644e-12,6.090991e-10,5.9233695e-08,3.5976512e-07,1.4443263e-08
ISIC_0028620,1,1.0572269e-10,0.9999999,9.850967e-10,1.3156886e-12,3.7260146e-09,1.7472027e-07,1.1010912e-08
ISIC_0027985,1,2.2229337e-06,0.9999894,5.952249e-10,3.5559137e-07,2.4092396e-08,5.7753193e-09,8.056344e-06
ISIC_0026609,1,4.437488e-09,0.99999976,3.7799737e-12,8.565923e-09,2.287349e-07,1.812054e-08,6.433053e-09
ISIC_0030028,1,9.015769e-09,0.9999993,8.960061e-11,2.1136955e-10,7.339988e-07,1.3540881e-08,2.0163775e-08
ISIC_0025441,1,5.072061e-06,0.999992,3.1939123e-08,2.6779232e-09,2.558484e-07,1.7713899e-06,8.8760373e-07
ISIC_0026189,1,8.642627e-08,0.99999523,1.3982553e-11,3.962581e-10,4.668706e-06,4.5145256e-08,1.5812768e-10
ISIC_0027128,1,3.572759e-06,0.99999523,1.4819049e-08,1.3012494e-09,4.859658e-07,6.915542e-07,2.1681215e-09
ISIC_0027581,1,6.885957e-08,0.99999905,1.1369649e-10,1.217659e-09,5.089586e-07,1.0432253e-08,3.573241e-07
ISIC_0024638,1,9.251157e-06,0.9999907,1.7034606e-11,1.4887973e-11,2.470126e-10,3.0991676e-09,2.945678e-09
ISIC_0029292,1,1.2893778e-07,0.9999862,5.830828e-10,2.0294984e-10,1.2246403e-05,1.4550376e-06,1.20129755e-08
ISIC_0028676,1,1.0320034e-07,0.9999999,3.5899958e-10,1.1966447e-11,5.939669e-09,3.146016e-08,3.2345293e-11
ISIC_0029407,1,9.262237e-05,0.9998491,1.2401612e-09,8.897697e-08,5.6078534e-05,8.185198e-07,1.2891107e-06
ISIC_0026801,1,6.063617e-06,0.99999285,1.142249e-09,4.0797357e-09,3.7784253e-07,7.4573336e-07,6.4516614e-09
ISIC_0030259,1,1.03909784e-07,0.99999964,2.2554671e-09,2.0182288e-08,1.5183568e-08,2.0366853e-07,2.8013103e-09
ISIC_0026345,1,2.4876104e-10,0.9999927,5.1973938e-08,3.1433963e-08,7.1885847e-06,5.641201e-08,7.15705e-08
ISIC_0027369,1,0.0006439585,0.9971167,0.0015962868,3.2521011e-06,0.00032001163,5.9170514e-05,0.0002606109
ISIC_0027096,1,1.2901565e-06,0.9999963,1.2810988e-09,7.4558194e-08,1.8302492e-06,1.1404843e-07,3.4787766e-07
ISIC_0031500,1,4.868286e-06,0.9999373,1.1287576e-10,1.2311547e-08,5.2195443e-05,1.0219517e-06,4.5993775e-06
ISIC_0030949,1,1.7384796e-08,0.9999869,2.59354e-12,6.708206e-12,1.3108918e-05,1.2493665e-09,3.820346e-09
ISIC_0028296,1,1.17103255e-07,0.99999917,3.889218e-09,5.4946865e-09,7.42938e-08,5.6048873e-07,3.0076655e-09
ISIC_0030498,1,3.7344405e-10,0.99999905,3.5434966e-13,1.386739e-11,6.3427666e-07,3.3924655e-07,3.8001637e-11
ISIC_0028784,1,1.15552306e-08,0.99937564,4.207778e-11,2.983857e-08,0.0006232608,1.0880692e-06,5.2247803e-08
ISIC_0029817,1,2.3731336e-06,0.99999285,1.543955e-08,7.664007e-09,3.4487343e-07,3.8133676e-06,5.550314e-07
ISIC_0031826,1,8.5983004e-08,0.9999993,1.1473166e-11,3.196978e-11,2.4145144e-10,6.726275e-09,6.348584e-07
ISIC_0028838,1,6.1941205e-07,0.9999938,1.01846e-10,7.756496e-10,5.1405823e-06,3.1278842e-07,1.2562033e-07
ISIC_0031722,1,1.0473513e-08,1.0,3.2981644e-13,4.6917544e-12,2.198502e-09,4.2482306e-08,1.6678794e-11
ISIC_0029445,1,8.38822e-08,0.9975515,1.2717256e-08,2.2138113e-07,0.0002544314,0.0021909962,2.7439612e-06
ISIC_0025916,1,6.378536e-05,0.99962103,1.5875537e-05,0.00019560076,7.0295328e-06,1.0320696e-06,9.558309e-05
ISIC_0026375,1,5.30445e-07,0.99999917,2.2660468e-10,6.103644e-09,8.855112e-08,1.9796751e-08,2.615087e-07
ISIC_0029939,1,3.2375294e-07,0.999998,3.4108754e-07,1.878995e-08,1.2757323e-06,1.1215139e-07,2.1896518e-08
ISIC_0026005,1,6.9550006e-09,0.99999905,8.4889755e-11,1.0842159e-08,3.3199317e-08,5.091256e-11,8.8709373e-07
ISIC_0025403,1,6.003887e-10,0.9998745,1.3526744e-05,2.190612e-06,0.00010951926,1.7662889e-07,1.6137815e-07
ISIC_0029461,1,2.3288776e-07,0.99999964,1.0212155e-08,6.741867e-10,3.064849e-08,1.3722312e-08,2.679268e-08
ISIC_0032458,1,5.585595e-06,0.9999925,8.7086843e-10,2.05689e-08,9.4512006e-07,6.8474947e-07,2.642282e-07
ISIC_0031562,1,3.966427e-07,0.9999968,1.4717427e-10,1.8922772e-09,2.7697533e-06,2.0092893e-08,2.6504967e-08
ISIC_0025006,1,1.3029172e-09,0.9999981,1.4313103e-09,1.5208185e-11,1.8490562e-06,3.704326e-08,9.5842225e-08
ISIC_0029643,1,2.753635e-09,0.99999845,1.1475689e-12,3.6242534e-10,1.1470963e-06,3.6234016e-07,1.7983615e-08
ISIC_0030195,1,2.1166219e-10,1.0,3.572203e-14,1.5501374e-14,2.370166e-09,3.6025507e-09,4.5051427e-13
ISIC_0031952,1,2.9277902e-07,0.9155522,1.0310529e-08,1.0336739e-06,0.08444639,4.4928075e-08,5.7577104e-08
ISIC_0032381,1,2.477872e-06,0.9999974,9.235707e-11,5.8536394e-09,2.1087082e-08,9.585258e-08,2.4951585e-10
ISIC_0030860,1,3.6913684e-07,0.9985267,2.1065802e-11,1.9384892e-08,0.0014556852,1.7292452e-05,6.2861427e-09
ISIC_0030776,1,6.4461e-08,0.99999976,7.1417577e-12,3.4158617e-11,1.5881852e-09,7.7832335e-10,2.061861e-07
ISIC_0030997,1,1.1979879e-09,0.9999993,1.5610463e-10,6.0694667e-09,4.1415126e-07,2.0559577e-07,8.148817e-08
ISIC_0030024,1,3.824685e-08,0.9999999,7.3387e-12,3.3164331e-09,4.165283e-08,3.238467e-08,2.8605094e-09
ISIC_0024927,1,3.292746e-07,0.9999987,7.941422e-12,2.9612632e-11,9.88812e-07,5.2257987e-10,1.7937344e-11
ISIC_0028762,1,1.9096353e-06,0.999998,2.5746905e-09,3.322581e-09,7.818505e-08,7.0698967e-09,2.2395993e-08
ISIC_0026289,1,0.00011797837,0.9998735,3.3611294e-09,1.1115266e-09,2.9615355e-06,4.852144e-07,5.080406e-06
ISIC_0025042,1,2.2166523e-05,0.9999763,7.7658635e-10,5.5202726e-10,1.4449342e-06,1.5724751e-08,9.853112e-08
ISIC_0029185,1,1.9778627e-06,0.99999785,7.69643e-10,2.2789444e-09,1.1380132e-07,7.076628e-09,2.1914721e-09
ISIC_0031860,1,1.667048e-05,0.999979,1.301491e-06,2.8977774e-07,2.2616186e-06,6.675438e-09,4.83235e-07
ISIC_0029761,1,2.4153741e-09,1.0,1.1673116e-11,2.3395052e-11,1.2791014e-09,1.3661827e-09,6.432122e-09
ISIC_0030027,1,9.986075e-10,0.99999774,2.2480909e-07,4.3442793e-12,3.6865296e-07,1.6830978e-06,2.6115282e-08
ISIC_0032256,1,1.2773259e-10,1.0,5.6197566e-14,4.7925015e-12,7.6018203e-10,1.755578e-10,3.500728e-09
ISIC_0026342,1,7.8574016e-07,0.99999905,4.402532e-09,2.7558436e-09,3.566049e-08,1.2751467e-07,3.050355e-08
ISIC_0027252,1,1.893581e-07,0.99999976,6.511345e-12,2.0354007e-12,4.420249e-08,9.41818e-10,1.3145622e-08
ISIC_0030412,1,5.8523536e-10,0.9999975,5.3987332e-11,1.1179823e-08,2.207993e-06,1.1885351e-07,2.0271567e-07
ISIC_0024754,1,1.3899646e-08,0.9999995,2.3626162e-11,4.790052e-11,1.7813345e-07,2.3530171e-07,1.5967191e-10
ISIC_0030854,1,8.789617e-08,0.999995,5.626503e-08,3.6529627e-08,4.7304507e-06,8.490946e-08,7.00288e-09
ISIC_0025498,1,2.5742462e-08,0.99999845,6.584328e-10,3.8338293e-09,1.216287e-06,3.7793617e-07,1.727103e-09
ISIC_0028257,1,7.895508e-07,0.99999917,1.709459e-09,1.4726223e-10,1.1900359e-08,3.0069829e-09,1.9402336e-08
ISIC_0029954,1,3.8650942e-05,0.99996066,5.3693143e-09,7.300335e-10,5.060116e-07,9.418216e-08,2.4617483e-08
ISIC_0026669,1,6.0464226e-06,0.9999932,3.8233058e-10,2.4821922e-08,7.189382e-08,7.3242205e-08,5.7819216e-07
ISIC_0027207,1,2.26738e-05,0.99997723,6.4433124e-08,4.6525424e-09,1.6657486e-08,1.16294885e-08,3.0781138e-08
ISIC_0025643,1,3.05289e-08,1.0,7.967326e-13,2.8853488e-13,4.9695528e-09,3.9817927e-09,2.191667e-11
ISIC_0028366,1,1.4516591e-08,1.0,5.194153e-11,7.5200807e-10,2.3722149e-09,5.6277947e-09,9.328778e-09
ISIC_0025279,1,2.5085924e-06,0.9999813,6.808806e-08,3.137221e-08,1.0897796e-05,1.706059e-07,5.113806e-06
ISIC_0025021,1,1.4346529e-07,0.99999976,8.56252e-10,2.4104344e-10,6.0969015e-08,2.264508e-08,2.0306857e-08
ISIC_0030595,1,3.2806675e-08,0.99999785,2.6824615e-10,6.543728e-12,1.299168e-08,2.1762012e-06,2.1487367e-09
ISIC_0027882,1,5.7665638e-08,0.9999995,5.632334e-09,6.35627e-10,4.237948e-07,9.7317265e-09,5.0284055e-10
ISIC_0025440,1,6.411872e-09,0.9999939,4.571906e-10,6.671029e-10,2.9192831e-06,3.1400775e-06,5.4836483e-11
ISIC_0027516,1,4.7846473e-11,0.99999964,1.4624303e-08,6.381961e-11,3.257073e-07,1.7273928e-08,2.303637e-08
ISIC_0030389,1,6.044012e-08,0.9999999,7.1681927e-12,3.932681e-12,1.9948455e-08,2.6637426e-08,4.4857965e-10
ISIC_0031740,1,0.0003373651,0.99961287,6.1728764e-07,1.0438273e-08,4.882393e-05,7.527349e-08,2.6237674e-07
ISIC_0031375,1,1.8073761e-09,1.0,3.1837876e-11,1.2921356e-11,7.818453e-10,1.8032761e-08,9.156263e-10
ISIC_0026595,1,1.3766678e-08,0.99999833,3.4034789e-12,1.2704123e-12,1.6945339e-06,1.8108168e-09,4.9738967e-13
ISIC_0026758,1,4.3670198e-08,1.0,4.3190923e-11,1.7523857e-11,9.506236e-10,1.434465e-08,5.3273785e-11
ISIC_0031910,1,7.3708923e-09,1.0,1.2341495e-12,2.6552843e-10,2.7450655e-09,4.413376e-08,2.177635e-09
ISIC_0030437,1,2.8777295e-06,0.99999106,2.8403616e-10,8.578465e-10,6.0751013e-06,3.3620182e-09,6.2483605e-09
ISIC_0028475,1,8.025513e-09,1.0,5.8643795e-10,7.7151055e-12,1.310422e-08,1.21841115e-08,2.5384958e-08
ISIC_0032491,1,4.613648e-09,0.9999993,1.4880062e-08,1.2670512e-10,1.1245087e-09,7.046378e-08,5.3984087e-07
ISIC_0032383,1,2.2429454e-06,0.9999964,2.3152731e-07,6.7525104e-11,9.3434795e-07,1.196869e-07,9.142169e-09
ISIC_0031333,1,2.4452092e-06,0.99997246,4.1392077e-08,5.460767e-07,9.805811e-06,7.255646e-08,1.4576309e-05
ISIC_0027341,1,1.6411155e-08,0.9999999,2.0638114e-14,1.500138e-12,5.721865e-08,3.4130176e-10,3.797958e-10
ISIC_0032353,1,5.8235144e-10,0.9999995,1.0207164e-09,2.32052e-10,4.0836832e-07,4.747825e-09,2.947734e-08
ISIC_0027728,1,1.8862788e-06,0.999998,2.1681325e-08,5.178782e-10,1.15353586e-07,3.0478336e-08,1.9816098e-09
ISIC_0029579,1,1.9306738e-08,1.0,3.6409374e-13,3.0422363e-11,3.2404055e-09,2.127182e-09,9.92098e-10
ISIC_0026059,1,1.3782377e-06,0.99999833,1.9142224e-11,8.50615e-11,2.7354556e-08,2.55932e-07,4.6070747e-09
ISIC_0031072,1,3.0487477e-06,0.9996045,3.4842571e-06,1.6363246e-06,8.565077e-05,0.00029449348,7.2210423e-06
ISIC_0027975,1,1.4093547e-06,0.9998952,5.157369e-08,7.087603e-08,0.00010301074,3.6088597e-08,2.223934e-07
ISIC_0030886,1,7.121487e-06,0.9999658,9.906729e-07,2.9245274e-07,3.357318e-06,2.20994e-05,4.3510175e-07
ISIC_0031911,1,8.823783e-05,0.9998828,8.6793205e-11,9.2088154e-10,2.2003125e-07,8.9410385e-08,2.8548064e-05
ISIC_0026882,1,5.956865e-09,0.99999917,8.8539445e-12,6.912994e-10,3.209078e-07,4.320119e-07,1.2096475e-09
ISIC_0026134,1,2.962575e-09,1.0,7.428288e-10,4.2845817e-11,2.5452966e-09,5.1124335e-08,7.766126e-09
ISIC_0027241,1,3.1144611e-09,1.0,1.0729029e-11,8.6399846e-11,1.5809361e-08,1.3412317e-08,3.7401775e-09
ISIC_0024894,1,8.915977e-08,0.9999999,5.2108325e-11,2.2098319e-09,5.193744e-08,5.724146e-08,3.2531265e-08
ISIC_0031566,1,5.3832656e-07,0.9999758,3.7352912e-08,2.5091191e-08,2.1700862e-05,1.2216395e-06,7.121093e-07
ISIC_0027733,1,3.6510542e-07,0.9999994,1.0572102e-10,2.6238285e-09,5.1488604e-09,2.614058e-07,6.9633126e-09
ISIC_0030430,1,6.727084e-05,0.9999143,1.0615274e-09,1.3983903e-07,1.2201933e-07,1.08965486e-08,1.8202427e-05
ISIC_0028590,1,2.230136e-09,0.9991768,6.1599055e-13,6.982797e-11,1.1308974e-05,0.0008118235,2.017729e-09
ISIC_0032089,1,5.820413e-06,0.99999416,1.8617737e-09,2.836548e-10,1.9381265e-08,1.1541642e-09,1.4551934e-08
ISIC_0027716,1,9.908295e-05,0.9999006,1.3925169e-09,3.3509784e-09,6.8719066e-09,1.5481908e-09,2.8677752e-07
ISIC_0032495,1,7.936614e-09,1.0,2.1097074e-12,2.7832806e-11,2.855665e-08,2.1248939e-10,6.334065e-10
ISIC_0030190,1,3.858903e-07,0.9999856,5.3250652e-08,9.0689596e-08,9.785845e-06,4.003666e-06,3.0301745e-08
ISIC_0028300,1,6.769162e-08,0.9999993,3.9362993e-10,1.8361802e-09,2.4312078e-07,3.150336e-07,4.2941902e-08
ISIC_0027625,1,1.6660646e-10,1.0,2.2119825e-13,3.690979e-10,6.965402e-09,1.3040367e-08,1.3507781e-10
ISIC_0025760,1,7.7084843e-07,0.99999917,1.0112371e-11,4.5773784e-12,5.1634044e-09,5.227177e-10,1.9625466e-08
ISIC_0031139,1,6.744846e-09,0.999985,1.8268538e-10,2.1796125e-10,6.182284e-06,1.9531774e-06,6.8785753e-06
ISIC_0024576,1,5.426316e-07,0.9999703,2.0348703e-09,2.5245003e-08,1.6823487e-06,1.0532619e-06,2.6356951e-05
ISIC_0030431,1,2.1043363e-06,0.9999875,1.0970391e-06,1.3019278e-06,4.9386044e-06,7.976259e-07,2.2619959e-06
ISIC_0026757,1,4.9488172e-08,0.99999905,1.6930699e-08,1.0711456e-07,1.3947356e-07,6.269726e-07,6.272534e-08
ISIC_0030503,1,2.2848256e-07,0.9999993,1.1481912e-09,9.081896e-11,1.3002605e-08,5.8893646e-09,4.791692e-07
ISIC_0028919,1,6.1569017e-09,0.9999989,6.74031e-09,1.9767372e-10,5.397702e-07,5.049954e-07,9.651702e-08
ISIC_0024359,1,1.0366561e-09,0.99999976,5.796841e-14,5.206423e-14,2.3802572e-07,1.3305057e-10,1.0193147e-11
ISIC_0028295,1,4.4353e-05,0.9999509,4.7112856e-09,2.5913863e-07,2.670016e-06,2.3175389e-08,1.86966e-06
ISIC_0026982,1,1.8382691e-07,0.9999976,8.91137e-11,6.026556e-09,1.1203596e-06,1.0659098e-06,4.5192872e-10
ISIC_0028956,1,4.5634405e-08,0.99999917,3.2003367e-09,1.6453509e-09,7.257366e-07,2.352609e-08,8.580798e-09
ISIC_0026288,1,1.4078894e-08,0.9999975,6.168989e-07,3.1477101e-10,5.141706e-07,1.3320365e-06,1.8561433e-08
ISIC_0024728,1,6.298339e-08,0.9999999,8.13247e-12,8.328273e-10,4.1782048e-08,9.676867e-09,1.707568e-08
ISIC_0030619,1,9.709277e-07,0.9999988,5.853807e-08,1.4255627e-09,4.8860014e-09,9.8143204e-08,9.279308e-09
ISIC_0030453,1,1.03242055e-08,0.99999833,9.668222e-12,3.5241126e-11,1.6233274e-08,4.2207927e-07,1.1552212e-06
ISIC_0029677,1,2.327869e-08,1.0,8.744419e-10,2.1648333e-10,1.3233904e-08,1.0737316e-08,3.7520576e-10
ISIC_0027860,1,2.2340408e-05,0.9999776,1.7902277e-11,1.2079382e-09,2.685179e-08,2.3328218e-08,2.7256288e-08
ISIC_0028845,1,5.4296936e-07,0.9999994,4.6721407e-12,1.2440033e-13,3.4388006e-10,2.9032956e-08,6.1368233e-12
ISIC_0028654,1,3.5997672e-08,0.99995136,1.6894246e-08,9.7740135e-11,7.7363956e-07,4.756225e-05,2.3443097e-07
ISIC_0024502,1,9.070187e-07,0.9999975,1.7119278e-11,7.2911127e-10,1.5827122e-06,3.621351e-08,2.911364e-08
ISIC_0030996,1,3.6248032e-08,0.9999641,5.3261208e-11,1.6627842e-08,3.5877343e-05,2.6515627e-08,2.9878342e-09
ISIC_0027929,1,2.362628e-06,0.99999726,2.5993182e-11,2.1042984e-10,2.5438433e-07,3.966404e-08,8.259273e-08
ISIC_0025025,1,5.837862e-07,0.99999917,5.012355e-10,1.3251364e-09,1.3431276e-08,2.0080536e-07,1.2759966e-08
ISIC_0028327,1,1.1016901e-05,0.99996614,5.186689e-08,6.488588e-08,6.4985525e-06,1.6115655e-05,1.5913438e-08
ISIC_0029356,1,0.0007038654,0.99929595,1.4409763e-09,1.7839992e-10,3.8200977e-08,1.1534861e-07,4.9855025e-08
ISIC_0028946,1,4.1505784e-05,0.99995244,2.9591376e-08,5.9580526e-07,8.7894983e-07,1.8519788e-08,4.5408487e-06
ISIC_0024609,1,5.242007e-06,0.999728,1.048706e-05,2.5653278e-05,0.00022425402,8.5444816e-07,5.523041e-06
ISIC_0028292,1,4.738553e-09,0.999998,3.1412906e-12,4.5958717e-10,3.278099e-07,1.6558005e-06,3.6568804e-10
ISIC_0029098,1,5.9080494e-06,0.99443394,0.0049754614,1.3931526e-05,1.4947165e-06,0.0005631423,6.111161e-06
ISIC_0028005,1,5.282768e-06,0.9999883,4.580299e-08,3.2156493e-08,5.7223883e-08,5.316385e-07,5.7624206e-06
ISIC_0031448,1,1.3005207e-06,0.9999809,4.543882e-09,7.5931587e-07,1.635751e-05,5.455743e-07,1.4187654e-07
ISIC_0024655,1,1.4054386e-08,0.9999757,5.8118104e-11,1.3085014e-07,1.1343982e-05,1.27193625e-05,1.3539328e-07
ISIC_0030020,1,2.6425826e-09,0.9999995,2.4333224e-10,8.934964e-10,5.126128e-07,2.2393207e-08,2.2103893e-11
ISIC_0031152,1,1.07583176e-07,0.99999857,7.44131e-10,1.1148338e-09,1.204473e-06,4.9239482e-08,8.771042e-08
ISIC_0030257,1,1.988455e-09,0.9999999,9.839404e-09,5.0401672e-11,7.261753e-09,1.6571859e-08,8.177548e-08
ISIC_0030725,1,4.4048625e-07,0.9999989,3.282921e-10,6.496719e-10,7.20135e-08,3.329959e-07,1.7004153e-07
ISIC_0031805,1,6.750146e-09,1.0,6.174995e-13,2.0399912e-12,1.2768394e-09,2.867085e-10,3.4526898e-10
ISIC_0025347,1,2.289332e-08,0.9999999,7.331219e-11,1.5514721e-09,2.7500964e-09,7.553491e-09,7.286175e-08
ISIC_0032119,1,7.8555673e-10,0.99999213,2.7527616e-09,5.2252064e-10,5.7491097e-06,1.9305205e-06,2.2522822e-07
ISIC_0030301,1,4.9041038e-08,1.0,4.8690517e-11,1.6319028e-10,6.5149344e-09,4.069256e-10,9.955383e-10
ISIC_0024397,1,2.3568787e-06,0.9999927,5.9328364e-08,1.572957e-08,2.9634396e-06,1.9619818e-06,4.423659e-08
ISIC_0031327,1,5.981846e-08,0.99998546,3.5081675e-14,1.64955e-11,3.4075376e-06,1.1045877e-05,2.0113637e-08
ISIC_0029799,1,2.6186624e-05,0.99915504,2.0408626e-08,1.9266304e-08,0.0006951959,0.00012348003,1.6127101e-08
ISIC_0028437,1,2.2253926e-07,0.99999964,2.4655373e-12,1.673949e-12,1.750079e-07,7.792338e-10,2.0639074e-12
ISIC_0027779,1,2.2023367e-05,0.9999764,5.949521e-12,8.302226e-10,1.5544371e-06,1.6652805e-08,3.0469714e-08
ISIC_0029120,1,4.191566e-08,0.99999964,2.8597855e-11,2.944263e-11,1.6402382e-07,6.342955e-08,7.2636355e-09
ISIC_0026673,1,1.4862993e-05,0.9999659,3.094256e-11,1.16048325e-11,1.8284323e-05,9.527564e-07,1.36246765e-08
ISIC_0028068,1,2.5336007e-08,1.0,6.0315863e-12,2.4193256e-09,8.18143e-09,2.8653644e-09,2.2429575e-10
ISIC_0027628,1,3.688421e-05,0.99995744,7.795729e-09,1.0121372e-06,2.868332e-07,4.351216e-06,6.770593e-09
ISIC_0031361,1,9.082509e-11,1.0,4.4860218e-09,3.0972678e-14,6.4775574e-11,8.6018076e-10,5.623365e-12
ISIC_0026578,1,3.1725516e-08,0.99999917,4.726226e-10,3.663964e-10,1.6059494e-09,1.8630283e-07,5.539757e-07
ISIC_0026431,1,6.4083906e-08,0.9999995,7.241967e-10,1.14557246e-10,2.9546845e-07,7.199102e-08,6.539765e-10
ISIC_0031807,1,8.299545e-07,0.9999895,1.4767753e-08,1.0569126e-08,1.0939253e-07,3.9612928e-08,9.5897085e-06
ISIC_0030205,1,9.3096844e-07,0.9999968,5.852801e-12,1.5710405e-13,1.6499173e-06,6.283899e-07,2.0436328e-09
ISIC_0028315,1,1.1879027e-06,0.999997,9.2279434e-10,8.434914e-09,6.648686e-08,2.383184e-08,1.6929811e-06
ISIC_0029395,1,0.014996847,0.9846257,0.00014450494,1.0908112e-05,1.9241692e-05,2.893113e-05,0.00017389763
ISIC_0029520,1,6.2137473e-09,0.9999999,3.125587e-14,7.252284e-13,1.1233634e-11,9.689672e-08,9.2848455e-12
ISIC_0025761,1,7.165007e-07,0.99999917,4.0903544e-11,2.3751864e-10,1.0632156e-07,2.1491056e-08,1.3443366e-09
ISIC_0032262,1,1.9061132e-07,0.99999964,4.8243706e-08,2.8074226e-10,6.2360317e-09,8.131275e-08,7.1856827e-09
ISIC_0026707,1,5.262606e-09,0.99999976,1.3312209e-11,1.5295045e-11,2.3433904e-07,2.7169378e-08,2.24236e-08
ISIC_0029294,1,3.3841556e-07,0.9999975,1.09087e-09,1.5587066e-08,2.6160504e-07,1.0113663e-06,9.41047e-07
ISIC_0031689,1,1.1221559e-06,0.99999666,1.3464009e-10,7.78756e-10,1.669998e-06,4.858664e-07,4.5207276e-08
ISIC_0028152,1,6.2888397e-09,0.99999976,1.0449163e-09,4.8259376e-11,1.0933019e-08,2.732124e-07,3.8812535e-09
ISIC_0031136,1,1.0753256e-06,0.9999976,1.2475511e-09,7.705686e-09,2.7714847e-07,2.7579969e-08,9.774905e-07
ISIC_0025360,1,3.0348392e-08,0.9999999,5.5950127e-12,4.250685e-12,7.00054e-08,2.3339995e-08,1.567642e-09
ISIC_0025194,1,1.3398191e-07,0.9999995,2.1110368e-10,1.9632827e-10,1.8674599e-07,8.902193e-08,4.6317945e-09
ISIC_0024917,1,1.3575707e-05,0.9994337,8.220983e-07,7.707318e-06,0.00048039973,3.620841e-05,2.7551372e-05
ISIC_0032457,1,6.530386e-08,0.9999976,6.719638e-08,6.523345e-10,4.7491744e-09,1.7815614e-06,4.5898324e-07
ISIC_0029875,1,7.3864163e-07,0.99991703,5.2736626e-10,1.6079024e-08,1.6064819e-06,8.005998e-05,4.5683666e-07
ISIC_0029886,1,2.6087482e-10,0.9999999,7.369642e-12,1.8139195e-14,8.085603e-09,7.6858036e-08,6.2196737e-10
ISIC_0028724,1,0.0003950185,0.96702653,3.2823882e-05,1.1416457e-06,0.00020770848,8.7437154e-05,0.032249328
ISIC_0030891,1,1.274282e-09,0.99999964,2.7327874e-13,7.283366e-12,2.1835133e-07,1.4357433e-07,2.0756286e-08
ISIC_0026589,1,1.5177488e-12,0.999998,1.5487865e-14,1.9293288e-13,1.1939565e-06,7.838906e-07,1.6040433e-09
ISIC_0030164,1,5.0707122e-08,0.99999976,8.6907936e-10,1.4071616e-09,1.8814808e-07,9.068132e-09,4.1475793e-08
ISIC_0032069,1,4.2158854e-09,0.9999032,4.7423864e-14,1.8525771e-11,9.6605356e-05,1.5142679e-07,1.9708382e-09
ISIC_0029007,1,1.6844775e-12,0.9999962,1.0624377e-15,5.914177e-13,3.80258e-06,4.2442108e-09,2.0386641e-09
ISIC_0029657,1,2.1419023e-10,0.99976903,2.2493403e-10,5.3969083e-09,0.00023047718,7.933211e-08,3.68336e-07
ISIC_0028914,1,7.553959e-08,0.9997484,1.299943e-10,2.1817763e-07,0.00024255028,8.547758e-06,1.92827e-07
ISIC_0025177,1,1.9449966e-05,0.99996054,4.427569e-06,1.65422e-10,3.277543e-08,1.4483628e-05,1.0052507e-06
ISIC_0027530,1,0.00013565565,0.96893454,5.3583763e-06,2.0766576e-07,0.00023009087,0.016347488,0.014346682
ISIC_0028247,1,0.0010464889,0.9983563,2.4774288e-05,8.2898275e-08,0.0003368646,0.0002284626,6.927249e-06
ISIC_0028988,1,0.0005657584,0.9993223,3.5181158e-05,1.8254316e-09,7.4498035e-05,2.8571947e-07,2.0789737e-06
ISIC_0026519,1,0.00034755174,0.9996518,2.0250292e-08,6.174933e-08,9.006208e-09,4.0495834e-07,1.6405342e-07
ISIC_0030672,1,0.003663498,0.9963355,1.3619206e-07,3.1690384e-10,1.5963819e-07,4.0322325e-07,3.0055105e-07
ISIC_0028755,1,2.9716046e-05,0.76769453,4.0909703e-07,4.621902e-06,0.23222592,3.4374243e-05,1.0362658e-05
ISIC_0027062,1,0.007202282,0.96676,1.1427157e-07,1.1173706e-07,0.026021143,1.2042684e-05,4.3583404e-06
ISIC_0028423,1,4.4172592e-07,0.9999988,3.082053e-11,2.9758432e-11,1.6001586e-08,3.653311e-08,7.0066613e-07
ISIC_0025621,1,1.9639241e-05,0.9999765,1.2178504e-08,9.363676e-09,3.1023367e-06,5.6381513e-08,7.499604e-07
ISIC_0024594,1,0.00071333005,0.99703133,6.4076085e-06,4.7253656e-07,0.001963012,0.00022275998,6.26502e-05
ISIC_0029845,1,4.6199384e-05,0.99992824,6.080904e-08,5.6617316e-10,8.0078166e-08,2.2241604e-05,3.1864165e-06
ISIC_0027839,1,0.015277486,0.98471385,1.5694127e-09,7.837775e-09,1.1014616e-06,7.462781e-06,3.820067e-09
ISIC_0027640,1,0.7936947,0.16294838,0.0006106108,0.0002942003,0.028766008,0.012743145,0.0009430162
ISIC_0027406,1,0.023681853,0.9520924,3.4387014e-08,3.1478277e-07,0.024223346,2.0000598e-06,1.6586025e-08
ISIC_0030273,1,0.8749612,0.10888455,3.9260385e-07,7.450511e-05,0.016074637,4.6466325e-06,1.2335074e-07
ISIC_0032209,1,0.00018374079,0.25269005,1.257229e-11,2.1055712e-07,0.7471259,7.966203e-08,3.196714e-09
ISIC_0028194,1,0.00028441474,0.99834216,1.05872815e-07,1.3131728e-07,0.0013730361,1.4094549e-07,2.0229704e-08
ISIC_0028461,1,0.8093944,0.1770389,0.004401337,7.234104e-07,5.2591017e-06,0.0089921085,0.00016726396
ISIC_0031474,1,0.75133944,0.081328966,8.0614634e-05,0.02146069,1.1323996e-05,0.14555673,0.0002222755
ISIC_0025672,1,0.00084885105,0.9944178,0.0037344208,1.6976485e-07,5.976435e-05,0.0006726568,0.0002664699
ISIC_0030664,1,2.9298784e-08,0.9999871,2.3956874e-09,1.5420111e-10,8.0886814e-08,6.952123e-08,1.2621872e-05
ISIC_0027077,1,0.0010053061,0.93880475,6.5023355e-06,8.5314874e-05,0.055896424,0.002793272,0.0014085254
ISIC_0032096,1,0.12988645,0.80493844,3.960102e-05,3.6427406e-07,0.064761296,0.00036934006,4.526338e-06
ISIC_0029366,1,0.00013319515,0.99829763,6.6896206e-07,5.3736085e-06,0.001530012,1.2514812e-05,2.063497e-05
ISIC_0032378,1,0.10283672,0.69791555,0.00014332592,1.4827789e-06,0.19745384,0.0016481199,9.1984464e-07
ISIC_0027679,1,6.427938e-08,0.99991536,9.6884655e-08,1.2747555e-09,2.8629644e-05,3.540451e-05,2.0492162e-05
ISIC_0030426,1,0.0005522333,0.97014016,5.3719496e-08,4.8579426e-07,0.026507268,0.0023759822,0.0004238307
ISIC_0027734,1,2.4957104e-05,0.99701023,1.9285253e-06,3.9419707e-09,0.00278255,1.96372e-05,0.00016069757
ISIC_0030786,1,0.005160553,0.53344077,0.32831487,1.4163844e-06,0.010868327,0.12208907,0.00012502457
ISIC_0029104,1,0.00011253725,0.99977094,8.453311e-06,8.730873e-09,2.5007514e-06,3.3553243e-07,0.00010517182
ISIC_0030520,1,7.927525e-06,0.99991894,2.7527153e-07,2.3797617e-10,2.8944083e-05,1.3066678e-07,4.3808548e-05
ISIC_0032341,1,0.0011955535,0.9978613,2.7428035e-08,5.061056e-08,1.8706274e-06,6.1904797e-07,0.0009406166
ISIC_0029756,1,0.00045011938,0.998137,2.0407365e-08,4.5472058e-07,3.4919147e-05,2.808126e-07,0.0013771933
ISIC_0027537,1,0.00843109,0.99141264,8.841976e-08,7.365335e-08,0.00014769439,6.7787523e-06,1.6921477e-06
ISIC_0027002,1,0.00010007781,0.9994153,2.7394644e-06,3.1344498e-06,0.00015219016,2.6220361e-05,0.0003004504
ISIC_0026223,1,0.003914479,0.996064,1.830065e-08,1.1056357e-08,1.5092595e-05,3.7489147e-07,6.0104085e-06
ISIC_0031418,1,0.113849245,0.8759972,0.004760166,9.2932154e-08,0.0053864857,6.3903626e-06,4.0270103e-07
ISIC_0027911,1,0.00069927116,0.72292274,0.15456407,7.134106e-06,0.12178093,9.165913e-06,1.671302e-05
ISIC_0026874,1,0.0075885267,0.9912901,0.00021895082,3.7317687e-07,0.0004020046,7.908688e-07,0.000499269
ISIC_0031705,1,0.028149597,0.65476304,0.0011307556,1.0611925e-05,0.3144165,3.6458167e-07,0.0015290809
ISIC_0031435,1,0.03146992,0.48783723,7.0478316e-05,0.00010111683,0.48045108,1.2497525e-05,5.7609574e-05
ISIC_0029615,1,0.0001469087,0.9998528,8.402581e-09,1.3775903e-10,2.3631912e-07,8.345609e-09,1.6427451e-10
ISIC_0030432,1,5.1949035e-05,0.9999479,1.6573453e-09,1.051332e-11,9.771645e-08,4.1996874e-08,1.3739379e-09
ISIC_0031142,1,0.011992947,0.97819614,0.001273592,1.6332375e-06,0.0069561373,0.0013394527,0.00024007815
ISIC_0024618,1,0.00022613294,0.011256016,0.98525596,0.00032210664,0.0007463416,0.0019661991,0.00022727468
ISIC_0024906,1,1.0971364e-05,0.9999831,4.7831886e-08,3.784959e-09,5.6509193e-06,9.809674e-08,1.1728668e-07
ISIC_0025073,1,0.0021447185,0.9971438,0.00058790785,3.114186e-08,1.6512706e-05,2.9573044e-05,7.742513e-05
ISIC_0027031,1,3.8903247e-05,0.99699605,5.870591e-09,7.934156e-09,0.0029642452,4.4923254e-07,3.2098254e-07
ISIC_0024813,1,8.39781e-06,0.9999815,7.6129725e-09,4.9940234e-09,8.833397e-06,1.2353362e-06,3.6504106e-09
ISIC_0024986,1,0.0032104307,0.9963779,1.8904598e-09,1.0467112e-08,0.00036995747,1.2027502e-05,2.9737026e-05
ISIC_0031555,1,0.0016009388,0.99831796,2.1613425e-06,2.4919496e-08,7.778583e-06,3.469075e-07,7.078776e-05
ISIC_0027462,1,0.055785414,0.94415134,1.9460467e-07,2.2749843e-08,4.8343074e-05,1.4668183e-05,5.1262674e-08
ISIC_0025254,1,0.9826262,0.011399201,2.0677238e-07,8.7900304e-08,0.005971743,2.2748143e-06,3.413245e-07
ISIC_0031660,1,3.31751e-05,0.99996674,2.9168798e-10,4.234104e-11,4.992238e-08,3.440916e-08,6.5572114e-10
ISIC_0031293,1,0.0004017695,0.99956006,1.0978054e-09,1.0567529e-08,1.5727962e-07,7.9852875e-08,3.7824277e-05
ISIC_0026376,1,4.7605465e-07,0.9999994,8.693004e-12,2.6415828e-10,7.4043854e-08,2.0633797e-08,4.7650976e-09
ISIC_0031560,1,7.5461653e-06,0.9999912,5.4352074e-13,4.4317272e-11,1.120613e-06,1.0553577e-07,6.821531e-09
ISIC_0025809,1,0.011105985,0.98507893,2.691936e-07,1.20275185e-08,0.003812827,1.9087017e-06,1.212209e-07
ISIC_0025108,1,0.0017499515,0.99824274,4.8967325e-10,1.3507991e-09,7.174007e-06,1.7602526e-09,1.4153919e-07
ISIC_0029296,1,6.0012835e-06,0.9999938,2.7562981e-08,1.0443163e-09,1.9780188e-08,7.101072e-09,2.0728997e-07
ISIC_0027738,1,0.00015167163,0.9998198,9.831897e-08,6.517563e-07,2.6863472e-05,3.436233e-08,1.0261715e-06
ISIC_0031518,1,0.0001871994,0.9995097,3.5832522e-07,9.871035e-10,0.00030261057,4.958439e-08,1.627291e-07
ISIC_0029475,1,4.7571455e-05,0.99990547,2.0126727e-08,1.178302e-12,3.7423465e-07,4.514993e-05,1.4179044e-06
ISIC_0029894,1,0.0011156496,0.9977209,1.4141663e-07,1.4696487e-06,0.00043254578,5.0502756e-05,0.0006787905
ISIC_0024378,1,6.3054795e-05,0.9699261,7.598001e-05,1.6512857e-07,0.00074438297,1.0360781e-06,0.029189294
ISIC_0026501,1,8.475474e-05,0.9997023,2.1016376e-05,6.775595e-09,1.7644697e-07,1.5572557e-06,0.00019016625
ISIC_0026006,1,0.00031624138,0.9935967,0.006042337,2.3326383e-08,1.6764272e-05,1.12115595e-05,1.6661388e-05
ISIC_0024855,1,2.8682907e-06,0.9999969,1.4858434e-13,5.1100988e-11,6.6747425e-09,1.4374349e-08,2.1169394e-07
ISIC_0026497,1,0.20573631,0.7941742,1.6693103e-07,2.6734064e-08,3.4034092e-05,5.1210638e-05,4.0720406e-06
ISIC_0027209,1,9.880677e-06,0.99999,4.848719e-10,1.1025322e-12,1.6914802e-07,3.0579046e-09,1.2427069e-12
ISIC_0028966,1,3.6265405e-08,0.9999989,1.7908465e-11,1.1807587e-12,5.629748e-07,4.966037e-07,4.8539186e-09
ISIC_0032443,1,1.6781849e-05,0.9999579,1.5404678e-09,7.877299e-09,2.456916e-05,7.4670214e-07,4.9642634e-10
ISIC_0028851,1,1.4991849e-06,0.9999974,4.878674e-13,8.57217e-11,1.1149233e-06,3.913665e-08,1.8147404e-08
ISIC_0025370,1,4.3144482e-05,0.99995685,1.005805e-10,8.3275775e-11,4.1587768e-08,2.0236698e-08,3.0039264e-09
ISIC_0027768,1,2.1315361e-06,0.9999863,4.8858874e-06,1.4007676e-06,2.6216521e-06,2.1931875e-08,2.650555e-06
ISIC_0027410,1,8.349568e-06,0.99998903,1.4080495e-06,3.2202305e-08,9.209009e-07,1.4688325e-07,1.8080581e-07
ISIC_0025863,1,3.5414666e-06,0.9999957,7.7463835e-10,4.4281842e-10,7.332622e-07,3.589793e-08,2.4000864e-08
ISIC_0024387,1,0.00013925447,0.9997731,6.032139e-08,1.8818484e-06,8.530114e-05,1.261609e-07,2.7674452e-07
ISIC_0024869,1,0.15279236,0.847027,1.3283318e-07,2.9454625e-07,0.00017843416,5.877726e-08,1.7348135e-06
ISIC_0024723,1,0.071316846,0.9286571,3.1015038e-10,1.389058e-07,1.35223145e-05,9.152763e-06,3.21615e-06
ISIC_0029720,1,9.3549886e-07,0.9997483,1.3477987e-09,3.4978713e-09,0.0002427585,7.3179e-07,7.286746e-06
ISIC_0032150,1,1.67266e-06,0.9990007,5.765099e-09,6.939369e-09,0.00059457443,3.767597e-06,0.00039926235
ISIC_0028804,1,0.00014538926,0.9997453,1.7252191e-07,1.9021259e-07,0.00010549247,3.8528432e-07,3.0237463e-06
ISIC_0032191,1,0.06974691,0.33106512,0.3831381,0.01517673,0.052112654,0.00063349656,0.14812693
ISIC_0028015,1,0.062256403,0.9332051,2.1607479e-05,0.0010859289,0.0033874442,2.43437e-06,4.1072322e-05
ISIC_0026781,1,1.6374176e-07,0.9999989,1.8518643e-11,5.830894e-09,8.067195e-07,1.6916114e-07,3.405572e-08
ISIC_0027034,1,5.4036467e-05,0.99994564,7.196534e-11,3.3359897e-09,1.0895255e-07,3.6556816e-08,1.6251323e-07
ISIC_0031887,1,7.7951496e-05,0.9999192,6.0991874e-09,3.992384e-07,1.3272722e-06,6.758567e-07,4.391082e-07
ISIC_0026215,1,0.008722735,0.8089453,0.07837813,9.4333234e-07,0.102686524,0.0012491231,1.7219132e-05
ISIC_0032029,1,0.015206987,0.9831192,0.00012117842,1.436209e-08,0.0013792256,0.00016584148,7.6137344e-06
ISIC_0029976,1,2.5425354e-06,0.9999974,1.4474485e-10,4.0261522e-13,2.3980542e-08,3.377415e-08,5.8183613e-10
ISIC_0031001,1,0.030803053,0.96030235,8.220554e-05,2.439712e-06,0.0088009,8.140514e-06,9.4743405e-07
ISIC_0031674,1,0.06863165,0.9303812,1.9869678e-06,3.3039146e-06,0.0009807253,2.7087006e-08,1.1731846e-06
ISIC_0025834,1,0.00019960842,0.99934465,7.234741e-06,1.3616848e-10,2.6610493e-07,4.71963e-10,0.00044819305
ISIC_0026237,1,1.4453914e-05,0.9983565,2.8321718e-05,1.11004365e-05,1.1699602e-05,0.0015244182,5.3428386e-05
ISIC_0025547,1,0.00012620894,0.99771535,7.4112715e-05,2.3452872e-06,0.0011427272,0.0009000966,3.9112583e-05
ISIC_0028961,1,0.0027448912,0.99403846,1.1348555e-07,1.09158224e-10,0.0032154685,6.7264745e-07,4.0329698e-07
ISIC_0031080,1,0.002156303,0.99711335,8.456029e-06,1.378605e-08,0.00062448176,2.8611e-06,9.451054e-05
ISIC_0025905,1,0.013277592,0.9862699,5.355032e-06,6.9077686e-08,0.00042251687,1.2083275e-05,1.2387836e-05
ISIC_0030184,1,0.002767824,0.99722666,5.8043607e-08,3.840509e-09,8.885046e-08,5.1831607e-06,1.52834e-07
ISIC_0028098,1,0.0045683947,0.2738685,2.7205186e-07,2.1376354e-05,0.72117627,8.788385e-05,0.0002772083
ISIC_0025610,1,0.00010859317,0.99878484,0.0010061988,1.8822107e-08,4.2544298e-06,1.878144e-08,9.614668e-05
ISIC_0024615,1,0.017532323,0.982192,2.4905837e-06,7.664663e-06,9.3520604e-05,1.6526205e-07,0.00017192659
ISIC_0025402,1,0.049887516,0.9499989,3.0813337e-07,6.0890816e-06,6.1249906e-05,8.24837e-06,3.7662703e-05
ISIC_0033380,1,0.0022452846,0.9972536,6.794592e-10,4.1371283e-08,0.0004989512,2.1770907e-06,3.1807705e-08
ISIC_0030326,1,0.0008265492,0.9991013,5.934833e-08,5.4357418e-08,3.3560904e-05,3.6011024e-05,2.6412454e-06
ISIC_0025228,1,0.00016545107,0.999403,2.2432643e-05,0.00025249962,1.9142958e-06,0.00015442149,3.3005654e-07
ISIC_0033251,1,2.5584133e-05,0.99900347,1.6935957e-06,2.1628347e-08,0.0009629598,2.4009597e-07,6.0827765e-06
ISIC_0033402,1,2.0078128e-06,0.99999416,1.02512715e-07,3.5883293e-08,3.727687e-06,5.0281894e-09,1.4565672e-09
ISIC_0034204,1,7.011503e-05,0.9997348,4.2157386e-05,1.2588247e-08,0.00014699578,3.4580577e-08,5.9530053e-06
ISIC_0033555,1,1.0399063e-05,0.9999877,3.3229096e-08,3.896186e-07,7.2972017e-07,7.34173e-07,4.3688546e-09
ISIC_0033963,1,1.40010225e-05,0.9992011,1.503178e-07,2.5775814e-06,0.0007817232,1.9607268e-07,1.3382325e-07
ISIC_0033793,1,0.017114474,0.9808797,2.1515514e-06,5.491214e-06,0.0019929337,4.657631e-06,5.662966e-07
ISIC_0027643,1,0.00030194802,0.97895986,5.125585e-07,0.00020448699,0.020522881,2.2872773e-06,8.062703e-06
ISIC_0033227,1,0.00012484791,0.99983454,6.813614e-08,2.8524708e-08,3.9929408e-05,1.5438667e-08,5.699357e-07
ISIC_0033365,1,0.13906877,0.858988,3.5597757e-05,2.7753044e-06,0.0018989907,6.690321e-07,5.1213788e-06
ISIC_0025239,1,0.0014074688,0.89068353,1.917117e-05,0.0023527592,0.048325177,0.057183094,2.8782955e-05
ISIC_0032950,1,0.00014056488,0.99973124,4.6159624e-07,1.1106879e-06,0.00012411184,2.431311e-06,1.9152156e-07
ISIC_0034156,1,2.4798823e-05,0.9994079,1.5626166e-07,1.1417088e-06,0.00056080066,4.9067426e-06,2.5203641e-07
ISIC_0032664,1,0.0001868542,0.999801,6.268565e-08,7.480028e-08,1.1591937e-05,3.7265136e-07,2.3653681e-09
ISIC_0033461,1,0.0011387805,0.99871135,7.1437523e-07,1.2262498e-07,8.302014e-05,6.590453e-05,8.829849e-09
ISIC_0025990,1,0.0017241542,0.9980596,2.3215656e-09,1.0798889e-07,0.0002156014,1.8348379e-07,3.2695237e-07
ISIC_0025778,1,0.21333632,0.63653266,6.6776775e-09,4.435552e-08,0.15011495,8.939373e-06,7.0996016e-06
ISIC_0025871,1,1.3884667e-06,0.999998,9.99982e-10,4.459972e-10,1.0681169e-07,1.2855339e-09,4.7179418e-07
ISIC_0031988,1,4.8899715e-06,0.99999416,5.6902456e-09,1.869795e-09,6.180713e-08,1.8749414e-07,6.300853e-07
ISIC_0029662,1,0.003057422,0.95723444,1.7834966e-06,1.098366e-05,0.03962134,2.4313997e-05,4.9788032e-05
ISIC_0030582,1,1.3387483e-06,0.99999297,1.01742045e-10,5.5006125e-11,2.6100816e-08,1.29566e-06,4.310111e-06
ISIC_0025001,1,2.8274215e-05,0.9999504,1.761164e-08,8.6196117e-10,2.9628482e-06,1.27735475e-05,5.568107e-06
ISIC_0028800,1,1.2493492e-06,0.99476874,3.7427917e-08,6.3499584e-07,0.0048497454,0.0002510042,0.00012864525
ISIC_0029636,1,0.04942804,0.9496784,3.7563936e-08,6.456508e-09,0.0008927092,6.26049e-07,1.9754796e-07
ISIC_0027931,1,0.00085191545,0.9991467,2.7175564e-09,4.6536113e-09,1.2130384e-06,1.2596551e-07,5.8503553e-09
ISIC_0033059,1,6.8142535e-06,0.9999932,5.6723005e-11,1.4165363e-10,1.51654e-09,4.9056026e-09,1.2658298e-08
ISIC_0033113,1,4.256755e-07,0.9999995,1.7955125e-11,5.311794e-10,2.4641116e-09,5.254313e-08,7.909589e-09
ISIC_0033547,1,0.00018050078,0.99981624,3.1743195e-08,2.4501277e-08,6.524362e-07,1.870577e-07,2.3576e-06
ISIC_0033370,1,0.00043012277,0.9994492,1.974576e-07,1.5269048e-06,0.000115134666,1.5915925e-08,3.7527213e-06
ISIC_0033521,1,0.00024809767,0.9997303,2.7975076e-07,8.9203255e-08,2.1105583e-05,9.940316e-09,7.403014e-08
ISIC_0032623,1,3.0306885e-06,0.9999863,7.359711e-08,2.993966e-08,1.0603453e-05,2.2357691e-09,2.900125e-08
ISIC_0034281,1,0.00068877474,0.99913687,6.376911e-05,4.5981875e-07,1.545566e-05,9.3588314e-05,1.0201243e-06
ISIC_0034152,1,0.00041032356,0.99898523,0.0005445446,6.907375e-08,2.7950298e-06,8.165957e-06,4.8766527e-05
ISIC_0033739,1,0.0010360904,0.99663085,0.002276856,2.8251052e-06,3.922811e-05,1.3428903e-05,7.519627e-07
ISIC_0033837,1,0.00047099066,0.9995246,4.049141e-09,1.17818416e-07,3.8639773e-06,3.4727708e-07,2.9424758e-08
ISIC_0032612,1,0.00086031674,0.9991391,1.1075967e-08,4.8274693e-08,1.204868e-07,7.2956765e-09,4.2259225e-07
ISIC_0034039,1,0.0004190723,0.9995578,9.931134e-09,4.0132647e-07,3.825155e-07,1.9892875e-08,2.2397016e-05
ISIC_0032780,1,0.0018125466,0.9981774,2.228913e-07,3.8784245e-07,2.3235225e-06,7.105768e-06,2.5796547e-08
ISIC_0033849,1,0.29286227,0.7071267,3.0324017e-07,2.6762116e-06,4.41311e-06,3.2113899e-06,4.3659676e-07
ISIC_0032861,1,0.1474949,0.852503,4.190607e-08,2.3594241e-07,2.9156178e-07,1.3015739e-06,2.4009626e-07
ISIC_0032885,1,0.0016767624,0.9983216,3.4629313e-08,8.8431484e-10,8.483191e-08,1.2528815e-06,1.3725108e-07
ISIC_0033291,1,0.0025583217,0.9974407,9.046038e-11,2.989599e-08,3.3472404e-08,9.234728e-07,2.9035048e-08
ISIC_0034102,1,4.5382138e-05,0.9999522,3.7058858e-09,6.974671e-08,1.1474067e-06,7.608921e-08,1.050405e-06
ISIC_0033632,1,0.08350196,0.64122766,0.026438346,0.00030185247,0.15060152,0.09792786,8.0031833e-07
ISIC_0034025,1,0.00030053544,0.9990996,1.8323315e-06,3.6766787e-06,0.0005804735,1.3757474e-05,1.0285713e-08
ISIC_0033182,1,0.05091304,0.94597286,2.1886002e-05,3.834843e-07,0.0030724215,1.9538982e-05,3.138299e-08
ISIC_0032999,1,0.0028320916,0.9971602,1.7579632e-07,1.4572684e-08,3.981913e-06,1.7122172e-06,1.8631588e-06
ISIC_0032669,1,3.0418007e-05,0.9998785,5.993894e-08,1.6523413e-09,8.936325e-05,1.866474e-07,1.3388376e-06
ISIC_0033236,1,0.0018207992,0.99547654,4.87026e-07,2.5463663e-08,0.0026958974,6.3009957e-06,1.9101291e-08
ISIC_0033351,1,0.0002225752,0.9997658,2.0181427e-07,1.7625165e-07,4.8067072e-06,2.2312786e-07,6.284147e-06
ISIC_0033131,1,0.00073542364,0.998966,2.7631842e-07,1.5794677e-07,0.000121527475,3.2575983e-06,0.00017342588
ISIC_0033090,1,0.00041383933,0.999582,1.9247708e-09,1.1039313e-09,3.1810207e-06,4.257827e-07,5.701874e-07
ISIC_0034111,1,1.1227671e-07,0.9999932,2.0565253e-13,6.131479e-14,6.715733e-06,4.1997232e-09,3.7539075e-10
ISIC_0032676,1,2.3492792e-08,1.0,1.9286925e-13,3.7549353e-14,4.7608855e-09,1.6165123e-10,1.6511463e-09
ISIC_0034077,1,4.9918934e-05,0.9999449,6.239352e-10,1.0631608e-09,4.9340865e-06,4.7478125e-08,1.7290559e-07
ISIC_0033091,1,0.008767648,0.99115074,3.6011033e-07,3.221181e-07,6.2483006e-05,4.1929349e-07,1.8013256e-05
ISIC_0034138,1,1.0037149e-05,0.99989593,1.7088794e-08,2.832265e-09,8.916411e-08,4.782482e-07,9.339593e-05
ISIC_0032971,1,7.857349e-05,0.92384195,6.76681e-10,2.7782748e-10,0.07607884,2.478598e-09,6.549807e-07
ISIC_0032587,1,0.06897934,0.9297201,3.078733e-07,0.0012425649,3.637171e-05,2.1121396e-05,1.4727247e-07
ISIC_0033824,1,0.002363952,0.99735427,2.1942093e-08,3.0141275e-06,1.9510613e-05,0.00025847228,7.911766e-07
ISIC_0033830,1,1.4287687e-05,0.9999449,1.0255142e-08,1.6459777e-05,1.8047245e-05,4.606396e-06,1.6823158e-06
ISIC_0032905,1,0.8399577,0.1544138,2.6163212e-08,4.7736125e-07,1.3049342e-06,0.0055798497,4.6787478e-05
ISIC_0034001,1,0.9006131,0.09901809,5.2477783e-10,5.084672e-10,1.15627714e-07,0.0003686834,2.7832092e-08
ISIC_0032560,1,0.5472717,0.45270813,1.32355e-07,3.6317292e-06,9.726439e-06,6.3339567e-06,3.220848e-07
ISIC_0034179,1,0.00086742785,0.9989925,2.2620577e-09,3.0362557e-08,5.3394655e-05,5.7407584e-07,8.608905e-05
ISIC_0034206,1,1.969313e-05,0.9999739,1.2811214e-09,1.2494391e-08,3.5067162e-06,4.401937e-08,2.955329e-06
ISIC_0032980,1,0.0015889675,0.9983694,5.0906137e-11,2.4714831e-11,4.1258685e-05,2.8121555e-08,3.915782e-07
ISIC_0025009,1,3.9382988e-07,0.99945563,6.90196e-08,6.1210935e-06,0.0005230269,6.240642e-06,8.572614e-06
ISIC_0033833,1,0.00058445585,0.9994143,2.5481959e-09,4.2035673e-08,1.770341e-08,7.453709e-09,1.2705501e-06
ISIC_0032882,1,0.0045284624,0.995465,5.782092e-09,5.1300026e-09,3.4559494e-07,6.120672e-06,5.716113e-09
ISIC_0034078,1,0.00067860313,0.99931645,2.2311978e-08,6.042502e-10,1.1364127e-07,4.806733e-06,1.0025541e-08
ISIC_0032818,1,0.015682813,0.9842712,2.009727e-06,2.347331e-08,3.7242004e-05,6.234439e-06,4.453545e-07
ISIC_0032705,1,0.29311663,0.70685077,2.6887421e-09,8.663224e-09,2.557157e-05,1.6638934e-08,7.029627e-06
ISIC_0034198,1,0.027790137,0.97219276,2.136884e-08,1.5913262e-08,1.578004e-05,4.2256683e-09,1.3479714e-06
ISIC_0033658,1,0.20465598,0.7953124,1.1267115e-08,6.7562866e-08,2.9725283e-05,3.2976832e-09,1.7395489e-06
ISIC_0033046,1,0.837094,0.16290173,3.8493248e-08,6.56394e-08,1.6106611e-06,9.594747e-09,2.519266e-06
ISIC_0032689,1,0.06486815,0.93487406,4.1073633e-07,1.08835636e-07,0.00023073766,7.721505e-08,2.6381758e-05
ISIC_0033558,1,2.8369033e-07,0.99999964,1.3745357e-09,1.1133628e-12,3.581487e-10,4.61421e-10,2.7108916e-08
ISIC_0033590,1,9.930646e-06,0.99995136,1.1683814e-08,3.1453364e-11,4.732338e-08,2.3651582e-07,3.8403054e-05
ISIC_0033303,1,1.2427355e-08,0.99999964,5.2916542e-09,7.505501e-11,1.1679515e-09,7.394289e-10,3.8335412e-07
ISIC_0032969,1,1.162048e-05,0.9999809,1.950969e-10,1.1176285e-09,7.3481774e-06,6.550686e-08,1.3613757e-09
ISIC_0033894,1,4.5958313e-06,0.9999863,4.4524294e-11,1.0190187e-08,9.073084e-06,1.909928e-08,3.499058e-09
ISIC_0034084,1,0.00063423207,0.99899405,7.7628215e-07,9.053985e-09,0.00032705962,3.8290273e-06,4.001015e-05
ISIC_0033273,1,8.3990635e-06,0.99319214,0.0019231014,1.8234707e-07,0.0048041237,1.1184455e-05,6.0831422e-05
ISIC_0034176,1,5.3631975e-05,0.99992585,6.9507325e-07,8.04684e-08,5.0057115e-06,2.9520602e-06,1.1662515e-05
ISIC_0033104,1,0.52117157,0.47855777,1.571659e-07,2.5309255e-08,0.00022939018,4.091666e-05,1.448883e-07
ISIC_0032579,1,0.007428498,0.9925661,1.3783311e-07,1.9686992e-09,5.9529566e-07,4.5567767e-06,7.016153e-08
ISIC_0033189,1,0.002209111,0.99776053,1.0888249e-08,7.9670426e-10,3.940273e-06,2.6360653e-05,8.952706e-09
ISIC_0032693,1,0.0022390853,0.9975501,1.4377443e-07,2.9092965e-07,0.0001201533,6.551089e-05,2.4777783e-05
ISIC_0032734,1,5.8038484e-05,0.9999341,2.920789e-09,7.088402e-09,4.782567e-06,1.9490747e-07,2.8994677e-06
ISIC_0032659,1,1.6038211e-07,0.9999938,2.9161243e-10,5.4062443e-08,1.5410956e-06,1.2275334e-08,4.538811e-06
ISIC_0032794,1,0.00042298902,0.999577,5.686081e-13,3.9132803e-12,1.7027844e-08,5.499964e-10,2.223632e-10
ISIC_0032801,1,0.0028286832,0.99717134,2.752819e-13,1.4486361e-11,8.012739e-09,5.4782984e-10,1.8246529e-09
ISIC_0033384,1,0.0010482869,0.99891603,7.794034e-08,1.122029e-06,3.3689583e-05,5.929617e-07,2.2581064e-07
ISIC_0032830,1,0.0019541378,0.99803084,3.1533986e-07,8.488848e-07,1.33184385e-05,2.5263472e-07,3.0932972e-07
ISIC_0032530,1,2.2407792e-05,0.9935953,6.658739e-07,9.3760145e-06,0.0005346908,1.1585493e-06,0.0058363676
ISIC_0033249,1,1.0993621e-05,0.998089,1.2179421e-08,2.4098782e-07,6.456067e-05,4.733923e-08,0.0018351005
ISIC_0032769,1,0.0058646067,0.99326444,1.3929662e-06,2.542452e-09,0.00086908176,5.2475843e-07,3.1947035e-08
ISIC_0033922,1,3.4195742e-05,0.9999634,1.0150938e-09,5.8976088e-08,2.316618e-06,7.564234e-08,1.2614128e-08
ISIC_0033108,1,0.0010770978,0.9850676,1.3507199e-05,6.61507e-05,0.013775025,5.1828425e-07,2.2947656e-07
ISIC_0033914,1,1.2718835e-06,0.9999987,1.0287567e-12,7.8466184e-10,5.797228e-08,4.390321e-09,3.3032472e-09
ISIC_0033978,1,1.14709856e-07,0.9999999,3.3620745e-12,3.9811203e-11,4.823369e-08,4.3012836e-08,2.5483504e-10
ISIC_0033718,1,6.789508e-05,0.9999318,1.4094645e-13,4.429107e-11,3.155605e-07,1.7578357e-08,1.011282e-09
ISIC_0032994,1,0.05266095,0.94394636,3.252905e-07,1.9543349e-07,0.0033744122,1.1018025e-06,1.6581891e-05
ISIC_0033604,1,0.00023984889,0.99973315,4.5109348e-07,8.715607e-08,2.2460157e-05,3.990528e-06,2.1463672e-08
ISIC_0033634,1,0.04047135,0.9594215,2.6083185e-06,1.3480771e-06,9.158757e-05,9.536275e-06,2.0844907e-06
ISIC_0034226,1,0.010397815,0.9896018,3.4701975e-10,9.791923e-09,3.6782524e-07,7.2793074e-09,1.3883935e-08
ISIC_0033116,1,6.529485e-05,0.99993443,2.811001e-10,9.0421637e-10,1.8770156e-07,9.339011e-08,9.941714e-10
ISIC_0033080,1,1.5931171e-05,0.9993438,9.773709e-06,1.435333e-05,0.00056838105,1.3546559e-06,4.649672e-05
ISIC_0034129,1,0.00019550217,0.9811782,5.045829e-05,1.5282161e-05,0.018552227,2.067985e-06,6.1498276e-06
ISIC_0034285,1,0.00023978032,0.9997477,2.699998e-08,2.5369332e-10,9.4035175e-07,8.689077e-06,2.8631052e-06
ISIC_0033966,1,0.0002443253,0.9997415,6.029697e-07,1.308487e-09,3.2622609e-06,4.4985033e-08,1.0288893e-05
ISIC_0034244,1,0.009461941,0.99052984,9.944368e-07,1.2028974e-07,6.6852367e-06,2.597208e-07,1.696155e-07
ISIC_0032855,1,0.008230196,0.9915377,1.1981339e-05,1.0843342e-07,0.00021761621,9.1101566e-07,1.4847667e-06
ISIC_0032792,1,0.0047997106,0.9951389,1.9725415e-09,2.6636576e-08,6.1345454e-05,3.3836404e-08,6.0664554e-08
ISIC_0033787,1,0.000105084306,0.9998282,2.974003e-05,8.766178e-10,9.078041e-07,7.2864536e-06,2.8738617e-05
ISIC_0033599,1,0.0014425012,0.9984509,3.5686284e-05,1.46911034e-08,4.0528835e-06,3.8513144e-06,6.299751e-05
ISIC_0033221,1,2.7467302e-05,0.9996068,4.189471e-08,1.4948396e-08,7.250693e-07,6.0995734e-07,0.00036438042
ISIC_0033340,1,1.8130196e-07,0.99999607,6.38192e-09,2.7794517e-10,3.4743145e-08,1.34855e-08,3.6883748e-06
ISIC_0032886,1,9.953898e-06,0.998971,2.5444314e-07,8.729517e-08,0.00088793936,0.00012942102,1.3293056e-06
ISIC_0032581,1,5.143409e-07,0.9999987,9.468662e-09,1.328038e-09,6.8667504e-07,8.468043e-08,1.4227599e-08
ISIC_0033532,1,0.02752094,0.9724591,2.6976757e-06,6.000987e-07,1.3065632e-05,1.6971171e-07,3.5017654e-06
ISIC_0032713,1,0.00047833766,0.9992292,8.493337e-07,5.788562e-07,4.5398065e-06,1.138002e-07,0.00028634412
ISIC_0033148,1,1.6513003e-06,0.9999982,3.6357785e-11,8.707784e-11,4.1182254e-08,4.5863068e-08,1.0903957e-07
ISIC_0033109,1,3.900858e-06,0.99999344,3.8620253e-11,9.113424e-11,1.09850866e-07,1.8467337e-06,7.355957e-07
ISIC_0032986,1,2.4739858e-05,0.9999665,2.2699688e-11,8.979014e-11,1.7823547e-07,7.421483e-06,1.2413489e-06
ISIC_0033026,1,0.0003957155,0.99960095,2.2748767e-07,1.2341843e-08,2.6203668e-06,1.7899734e-07,2.2128742e-07
ISIC_0033774,1,0.004383163,0.9955983,8.6500595e-06,1.599734e-06,4.1954318e-06,1.6850904e-06,2.4103808e-06
ISIC_0033508,1,0.00054966885,0.9994404,2.8785042e-08,3.1793581e-07,9.442863e-06,2.6371044e-08,8.285828e-08
ISIC_0033875,1,0.00036714424,0.99959,5.493402e-07,3.725782e-08,4.1865795e-05,1.7561301e-07,3.1765637e-07
ISIC_0032539,1,0.007067241,0.99285513,8.704916e-08,1.9521828e-08,7.6081866e-05,2.5356667e-07,1.2640907e-06
ISIC_0032686,1,1.7178606e-06,0.9999927,2.1595264e-10,9.401655e-10,5.433504e-06,1.3536712e-08,6.5315746e-08
ISIC_0034249,1,2.93619e-08,0.99999905,2.2073666e-08,1.3585417e-09,9.06848e-07,1.2279607e-09,1.1169227e-08
ISIC_0032824,1,5.2276175e-07,0.99999607,6.6297834e-09,3.561133e-11,1.0631893e-06,9.2010504e-07,1.4289678e-06
ISIC_0032762,1,1.6333135e-05,0.9996056,3.6230745e-08,4.120399e-06,0.00037340028,4.6194466e-09,4.394907e-07
ISIC_0032594,1,8.379444e-05,0.9993624,1.8037632e-08,6.5947916e-06,0.0005142522,3.3846456e-07,3.2663665e-05
ISIC_0033147,1,1.9280544e-06,0.9998173,1.8193015e-10,1.7795496e-09,0.00018083057,2.0762677e-08,3.2056555e-09
ISIC_0033407,1,5.889737e-07,0.999992,1.6298127e-09,2.7721987e-09,6.6713983e-06,5.248021e-07,2.1576321e-07
ISIC_0033734,1,0.00047515676,0.99952435,1.2754582e-09,2.5077254e-10,2.5846745e-07,2.0016198e-07,4.8273506e-08
ISIC_0033923,1,0.0011789419,0.99880946,4.5666088e-08,7.653142e-09,4.502143e-06,6.864169e-06,1.7744766e-07
ISIC_0034217,1,0.0003045747,0.99956495,4.0274317e-06,4.6778563e-09,1.1544152e-05,6.434977e-06,0.00010848901
ISIC_0032952,1,0.0044048657,0.9955206,1.15251505e-05,1.6061882e-08,8.886551e-06,2.6178977e-05,2.7950633e-05
ISIC_0033851,1,7.0473084e-06,0.9999912,1.8761905e-10,2.8555254e-08,1.091761e-06,6.6152876e-07,8.099486e-09
ISIC_0033873,1,3.7405807e-05,0.99992263,8.680906e-06,4.944761e-11,1.7844297e-05,1.31996885e-05,2.067745e-07
ISIC_0032510,1,1.698687e-05,0.9999815,3.9752384e-13,4.677666e-12,4.5116892e-09,1.4467123e-06,8.375531e-09
ISIC_0033228,1,3.962034e-05,0.9983777,1.8446932e-09,1.93866e-06,0.0015613218,3.6261554e-06,1.593319e-05
ISIC_0029654,1,2.1935326e-05,0.9999752,9.0636814e-07,1.0109141e-07,9.993439e-07,7.065645e-07,1.4631263e-07
ISIC_0025210,1,2.8366221e-05,0.9999701,1.2098737e-06,2.3568664e-11,1.4342387e-08,3.1908723e-07,1.6760138e-09
ISIC_0026372,1,0.004528306,0.99546957,1.3870372e-06,1.3136373e-10,3.1060097e-09,7.6814905e-07,2.2270816e-08
ISIC_0026761,1,0.00029820128,0.9996803,1.0631719e-08,1.2759815e-08,1.9638741e-05,1.2782116e-06,5.455882e-07
ISIC_0032322,1,0.000932964,0.9987727,4.2327947e-10,2.3364905e-08,0.0002937225,5.32638e-07,1.0500143e-07
ISIC_0024424,1,0.1607988,0.6674189,0.0038159783,9.1765454e-05,0.0023212167,0.0036207254,0.16193266
ISIC_0024695,1,8.651402e-06,0.9999715,3.2817684e-09,5.1833045e-08,2.9494315e-06,1.300674e-07,1.682034e-05
ISIC_0027755,1,5.7786496e-05,0.9999268,1.5622675e-10,2.0495832e-09,1.5020536e-05,1.1079293e-07,2.8082056e-07
ISIC_0028429,1,0.0053041554,0.9946226,1.5284292e-07,2.280242e-08,1.50498e-05,7.081394e-06,5.090772e-05
ISIC_0032375,1,0.0018930314,0.9981014,2.5291182e-08,6.757191e-08,3.116704e-06,1.8855853e-06,4.4141493e-07
ISIC_0025045,1,3.916226e-05,0.99990904,2.2582589e-07,7.590398e-09,5.0186503e-05,1.2660915e-06,4.7503054e-08
ISIC_0030543,1,4.0779905e-06,0.9999831,4.060144e-06,1.147685e-08,3.9690235e-06,4.8204097e-06,2.2480698e-08
ISIC_0028734,1,0.0011692973,0.99838185,4.7644166e-06,6.6374446e-07,0.00035076775,9.6143685e-06,8.2910876e-05
ISIC_0026125,1,0.002771038,0.99420977,0.0017702807,4.014555e-06,0.0012184448,5.0095778e-06,2.145189e-05
ISIC_0024458,1,1.1787781e-05,0.9997069,4.543502e-06,4.3039822e-10,1.9328556e-07,0.00027649055,6.6851804e-08
ISIC_0030243,1,4.8751647e-10,0.99999726,9.046759e-12,8.8602e-11,2.7458948e-06,2.4823159e-08,2.3547683e-08
ISIC_0032058,1,6.352265e-10,0.9999987,5.2989557e-11,2.2033002e-10,1.2680854e-06,1.9854673e-08,1.8097966e-08
ISIC_0024653,1,3.0295849e-05,0.9987507,2.1509347e-08,4.4917252e-07,0.0011686108,4.2532192e-05,7.3651922e-06
ISIC_0026141,1,2.7774742e-05,0.99996567,3.5896197e-10,8.267605e-11,6.114448e-06,2.135522e-07,1.5941129e-07
ISIC_0027623,1,0.0002401804,0.99972874,2.6426406e-07,1.2093146e-07,2.3250408e-05,4.950821e-06,2.4312885e-06
ISIC_0025226,1,9.399453e-06,0.999972,7.6526985e-10,4.61751e-09,2.756572e-06,1.5671787e-05,2.772072e-07
ISIC_0026424,1,0.0006884553,0.9993094,8.22373e-09,5.0152792e-08,1.2847426e-06,6.344531e-07,2.354335e-07
ISIC_0031521,1,2.7716696e-06,0.999997,8.883542e-09,5.2912816e-11,7.5621776e-09,7.953794e-08,4.804083e-08
ISIC_0032021,1,1.0378249e-05,0.9999896,5.5168172e-11,2.7004787e-10,8.254891e-09,1.0342833e-09,2.3718238e-09
ISIC_0025469,1,0.0022113812,0.99302703,0.0046799188,5.4409134e-07,2.6956417e-07,7.99883e-05,7.351515e-07
ISIC_0025133,1,0.004232397,0.99531364,0.0004520064,6.714269e-10,6.5161487e-07,1.2820326e-06,6.925689e-09
ISIC_0030933,1,1.7643135e-05,0.9999589,8.3094235e-08,1.0468325e-05,9.828775e-06,2.3611678e-06,6.734059e-07
ISIC_0025043,1,0.000101817575,0.9998938,5.571916e-09,4.2681513e-06,8.570935e-08,2.2493358e-08,1.1790836e-09
ISIC_0024538,1,0.0020110873,0.99754626,1.2495331e-05,2.8171152e-07,0.000399236,1.5306914e-05,1.5337937e-05
ISIC_0029499,1,0.019611208,0.97842443,7.209617e-06,1.1177676e-06,0.0019303064,8.5183365e-06,1.7155407e-05
ISIC_0025208,1,0.0023403186,0.99643755,9.0591784e-05,9.263227e-05,0.0009443401,1.3063547e-05,8.151523e-05
ISIC_0031956,1,1.4048548e-10,1.0,2.1946515e-13,5.139956e-12,3.392635e-08,1.0904178e-08,4.8869925e-10
ISIC_0025381,1,1.0411796e-06,0.99999213,1.167451e-08,6.72105e-08,3.3115548e-06,6.119644e-08,3.237321e-06
ISIC_0030615,1,0.6857019,0.223181,3.1072368e-06,7.191074e-06,0.0910958,4.641954e-06,6.3901725e-06
ISIC_0031308,1,0.0043636314,0.99243414,2.1144209e-07,1.8379713e-05,0.003151826,1.1684493e-05,2.015623e-05
ISIC_0028981,1,0.11268086,0.884169,1.1989358e-06,6.853517e-05,0.0029263378,0.0001179863,3.612359e-05
ISIC_0027821,1,0.000109881286,0.9982799,2.5901011e-08,2.3108956e-07,0.00011563948,4.6628912e-07,0.0014937975
ISIC_0027715,1,0.000329015,0.98041415,4.6085415e-07,1.0552436e-06,0.0015909921,4.1693133e-06,0.017660065
ISIC_0028360,1,4.0209125e-06,0.9999951,5.986598e-07,2.4181018e-08,1.7317193e-08,2.3758123e-07,5.277491e-08
ISIC_0029861,1,3.194055e-06,0.99999654,1.6898726e-07,8.75065e-09,1.1076173e-08,1.11970834e-07,1.4096345e-08
ISIC_0024366,1,3.194055e-06,0.99999654,1.6898726e-07,8.75065e-09,1.1076173e-08,1.11970834e-07,1.4096345e-08
ISIC_0027208,1,0.008358315,0.99163353,3.7056877e-06,1.1489159e-06,2.614732e-06,3.702669e-07,2.6436206e-07
ISIC_0032368,1,2.7792117e-05,0.9999721,2.9035045e-08,1.1560864e-09,1.6539126e-08,5.643549e-08,1.7147159e-09
ISIC_0029504,1,0.00022325448,0.99977654,1.459565e-07,3.8976427e-08,4.4312987e-08,2.7547799e-08,9.411611e-09
ISIC_0024941,1,4.7557794e-05,0.9998634,1.8985409e-07,2.9881407e-05,4.9722166e-05,8.298969e-06,8.1263425e-07
ISIC_0026028,1,3.9843057e-06,0.9999685,7.6026325e-08,5.1406582e-06,2.1794056e-05,1.8551792e-07,2.6437382e-07
ISIC_0028057,1,3.3072592e-10,0.9999999,1.1475089e-07,1.3803338e-10,7.7763485e-10,7.8045664e-10,3.7053252e-10
ISIC_0031502,1,6.044705e-09,0.99998903,1.1011596e-05,4.595066e-11,3.1928277e-10,1.1491725e-08,3.6601064e-10
ISIC_0032227,1,7.7487515e-05,0.9995646,1.92351e-05,0.000104709216,0.00021839389,1.4559695e-05,9.637528e-07
ISIC_0025545,1,5.6070192e-05,0.99994075,3.383878e-08,5.435535e-09,6.593267e-08,8.760499e-07,2.1952808e-06
ISIC_0032003,1,6.2498054e-07,0.9999981,2.6507414e-09,2.6513938e-09,5.0782628e-08,2.2336685e-07,9.819571e-07
ISIC_0030466,1,0.0005272138,0.9994704,5.912078e-07,2.3229236e-09,1.4063331e-06,2.425812e-07,1.3936499e-07
ISIC_0024529,1,0.0058268034,0.99413055,2.5293608e-07,2.413226e-06,6.116132e-07,3.9401857e-05,7.457038e-08
ISIC_0027827,1,0.00097591034,0.9989567,2.055043e-05,2.9132185e-05,1.967121e-06,8.827391e-06,6.8988898e-06
ISIC_0025491,1,0.0015101293,0.9984841,1.8979426e-07,3.2275207e-07,1.5919279e-06,3.411968e-06,2.041186e-07
ISIC_0031631,1,0.0028083602,0.9962334,3.207887e-07,1.8382254e-06,0.00060170237,0.0003512947,3.1144095e-06
ISIC_0027150,1,0.0022370694,0.99761057,1.2207279e-07,9.184989e-08,0.0001316036,1.8066658e-05,2.4659537e-06
ISIC_0030179,1,0.0017953804,0.9981996,9.825299e-07,3.874734e-08,7.866485e-07,1.7197573e-06,1.6211603e-06
ISIC_0029215,1,0.019992873,0.98000324,1.0269059e-06,8.54627e-09,1.404465e-07,2.512605e-06,2.0611093e-07
ISIC_0028362,1,0.017207626,0.982757,1.3239852e-05,8.418853e-08,2.4652911e-06,1.638556e-05,3.1610437e-06
ISIC_0027514,1,1.50143e-05,0.9999826,1.9432123e-08,1.4676803e-07,2.0382759e-06,7.876024e-08,1.405098e-07
ISIC_0031621,1,0.06981476,0.9301656,2.7498706e-07,2.2192764e-07,1.7998202e-05,2.2584358e-07,9.90087e-07
ISIC_0031822,1,0.66221446,0.33595884,4.2178097e-05,0.00021472447,0.0015596458,2.3255477e-06,7.828816e-06
ISIC_0030654,1,0.19859762,0.7946716,5.8221747e-05,0.00011943661,0.0065457383,4.311202e-07,6.8747545e-06
ISIC_0024721,1,8.006732e-07,0.99927384,0.00029084922,6.975153e-08,9.4340743e-07,0.0004335242,1.8290905e-08
ISIC_0027020,1,0.00018413983,0.9998153,4.5145896e-09,3.5906478e-10,7.944416e-09,1.7636083e-08,5.3823084e-07
ISIC_0028390,1,3.8908103e-05,0.9999603,1.4119635e-10,1.8031443e-10,2.3513297e-11,1.9131669e-08,8.339902e-07
ISIC_0029199,1,2.1240676e-05,0.9999747,3.3091702e-10,4.7759484e-11,4.3302656e-08,2.632702e-07,3.793769e-06
ISIC_0029661,1,0.0065933177,0.9930617,4.604844e-07,2.7978393e-05,0.00026526532,2.7489283e-05,2.3855082e-05
ISIC_0031623,1,4.138992e-05,0.9999188,6.4095907e-06,6.677313e-06,2.114929e-06,8.5584446e-07,2.38021e-05
ISIC_0024328,1,7.0292495e-05,0.9998271,1.472772e-06,1.3707436e-05,5.0288316e-05,1.6778485e-07,3.700669e-05
ISIC_0028518,1,0.00041905712,0.9995702,1.0488984e-07,1.4432203e-09,1.0498602e-05,7.842397e-08,1.791598e-08
ISIC_0026764,1,5.435122e-06,0.99974877,2.0870986e-05,0.00016765104,5.335711e-05,7.521308e-07,3.1150971e-06
ISIC_0032305,1,0.00021948897,0.9996997,3.8087447e-07,2.7193314e-08,6.905572e-05,1.3295998e-07,1.1235171e-05
ISIC_0025039,1,0.0029255848,0.9966449,3.3411824e-09,3.628302e-08,0.00042797538,3.7737996e-07,1.1817865e-06
ISIC_0032427,1,0.0013902392,0.99860954,4.827893e-12,6.7401722e-12,1.987677e-08,1.7154338e-08,1.4300197e-07
ISIC_0024428,1,2.4425958e-10,1.0,9.119091e-13,3.787216e-14,2.6834446e-10,8.437522e-11,5.2080118e-11
ISIC_0027897,1,1.2370115e-10,0.99999976,4.2429877e-09,3.4243609e-15,1.2382277e-09,9.070505e-12,2.1769328e-07
ISIC_0029339,1,0.00021112667,0.99962187,6.259271e-08,1.8938947e-07,2.374421e-05,0.00014285435,8.74651e-08
ISIC_0031399,1,0.0009864785,0.99886644,1.747783e-08,2.5547413e-07,0.0001414939,4.6908854e-06,6.8250904e-07
ISIC_0029277,1,2.616592e-05,0.9999726,1.053326e-09,8.5162846e-08,7.506422e-09,1.1120966e-06,9.509598e-11
ISIC_0026209,1,0.007910289,0.990247,0.00088046835,0.00035871172,0.0006006406,1.0957416e-06,1.7776537e-06
ISIC_0025518,1,0.02235656,0.9776168,7.969914e-06,3.4856495e-07,1.3158304e-06,1.578734e-05,1.3227718e-06
ISIC_0026101,1,0.0001074015,0.9998919,2.0880552e-08,1.3778548e-09,6.7306416e-07,2.9123951e-08,7.27059e-08
ISIC_0027045,1,0.00021117083,0.99941826,2.799004e-05,2.7829807e-05,0.00031125892,1.4424886e-06,2.031666e-06
ISIC_0027236,1,0.00024059488,0.93310434,2.3973435e-08,9.4718126e-07,0.06655251,0.00010074398,7.0846755e-07
ISIC_0031798,1,7.1313545e-05,0.99992704,2.0142906e-08,2.8169445e-09,1.507902e-06,1.762821e-07,6.6965784e-09
ISIC_0028484,1,0.42534506,0.57449603,0.00010295152,4.50045e-07,1.3481093e-06,7.407247e-07,5.3362022e-05
ISIC_0027874,1,5.4576958e-05,0.999918,2.473966e-08,6.695333e-08,1.6998903e-05,1.0022926e-05,2.491531e-07
ISIC_0025657,1,0.00046353138,0.9991066,1.520902e-06,3.9086763e-06,0.0002457252,9.792617e-05,8.078011e-05
ISIC_0029459,1,0.0021814178,0.99652255,5.7245e-07,9.004533e-08,0.0012949753,1.1925223e-07,3.0541352e-07
ISIC_0029528,1,0.000796127,0.728951,0.25488138,8.4648615e-05,0.0019108297,0.013355773,2.0333131e-05
ISIC_0024937,1,0.00056016614,0.9994398,4.4151496e-10,6.55813e-11,1.7904283e-08,3.4898374e-08,3.997882e-09
ISIC_0032136,1,0.009799398,0.99019927,2.2072574e-07,3.556138e-08,5.8838526e-07,5.102998e-07,7.8386195e-09
ISIC_0025198,1,0.02698398,0.9722662,2.0304726e-07,5.465143e-09,0.00067698734,2.4199932e-07,7.232472e-05
ISIC_0027486,1,0.0015464317,0.99842477,2.0751047e-08,1.1149516e-08,2.8812961e-05,5.0317057e-09,2.2820712e-08
ISIC_0025410,1,0.00089228584,0.9882004,6.3128687e-07,1.7087533e-08,2.976949e-06,0.010903595,1.4035483e-07
ISIC_0030296,1,0.00035548976,0.9996288,2.7253748e-06,3.868158e-07,1.2585154e-05,4.3542805e-08,7.722321e-09
ISIC_0024343,1,0.00060241134,0.99927384,7.839944e-10,1.0671663e-07,0.00011690462,6.428828e-06,2.6966305e-07
ISIC_0031311,1,0.0014448066,0.9975376,9.491379e-08,3.6685313e-07,0.0010148673,1.105698e-06,1.1413418e-06
ISIC_0029169,1,3.416696e-06,0.9999964,5.0016646e-10,2.693641e-09,1.3993123e-07,1.61965e-08,2.1898698e-08
ISIC_0029197,1,0.0001528766,0.99984705,9.938477e-10,4.1807505e-10,1.639013e-08,2.747731e-09,1.0397199e-08
ISIC_0032300,1,9.256716e-09,0.9999988,6.2648864e-10,1.5680045e-10,1.1225769e-06,4.904766e-10,2.738699e-08
ISIC_0026034,1,0.00050668215,0.084974736,0.91357666,2.8721051e-06,2.734615e-05,0.0008931552,1.8482784e-05
ISIC_0028420,1,0.15674485,0.8388388,7.88496e-06,5.664421e-06,0.004395832,3.3339295e-06,3.609251e-06
ISIC_0032126,1,0.0035689955,0.98741573,8.404606e-06,0.00060000666,0.007826282,0.000571003,9.651196e-06
ISIC_0029978,1,0.34476617,0.57712805,0.00034358058,1.390989e-06,0.0776979,5.131859e-05,1.1595651e-05
ISIC_0025926,1,0.091486394,0.6405062,0.20086941,0.0075353817,0.058465406,0.0010662538,7.090399e-05
ISIC_0031117,1,3.7342056e-06,0.9999913,3.9997525e-09,5.301685e-08,3.5550372e-06,1.4521354e-06,5.081801e-09
ISIC_0027308,1,5.7688998e-05,0.9976839,1.0191713e-06,5.843585e-07,0.0022380222,1.4714986e-06,1.7298795e-05
ISIC_0032047,1,7.292653e-08,0.99999404,1.7196403e-09,2.5283043e-08,5.758383e-06,1.1607175e-07,3.065867e-08
ISIC_0032243,1,0.014696965,0.9847456,2.3475792e-05,5.4044917e-06,0.0005262901,2.198984e-06,2.5663557e-08
ISIC_0028675,1,6.6222783e-06,0.9865535,0.00017944409,1.9307349e-07,0.007802047,0.005350303,0.00010789056
ISIC_0031220,1,0.00018958915,0.99670464,2.680677e-06,0.002139356,0.00012140291,0.00084090896,1.3893342e-06
ISIC_0024808,1,1.633537e-05,0.9999665,6.1448326e-08,3.466603e-06,1.13347505e-05,8.3623087e-07,1.4821522e-06
ISIC_0031942,1,0.016204353,0.98373646,2.474409e-07,4.693412e-08,5.813706e-05,6.37043e-07,1.7095752e-07
ISIC_0026226,1,6.8034474e-06,0.99637187,0.0009266897,0.0007216103,0.0019458152,2.209448e-05,5.2405326e-06
ISIC_0028174,1,0.82281315,0.15231414,0.019239439,0.0006150634,0.0037767228,0.0012389551,2.5127847e-06
ISIC_0024566,1,0.004026398,0.98832977,0.0054979566,0.00031085074,0.0005617046,0.0012690144,4.3455575e-06
ISIC_0025112,1,1.6773856e-05,0.9336748,0.004986549,0.00089467305,0.060247462,0.00012890439,5.088438e-05
ISIC_0032444,1,0.00189509,0.9980835,6.8947156e-07,9.71934e-06,2.1031697e-06,8.890179e-06,1.5848879e-09
ISIC_0028305,1,0.015788034,0.98303586,9.3246484e-08,1.5838423e-05,0.0011590098,1.9991496e-07,9.3087215e-07
ISIC_0028186,1,0.002245792,0.9976568,1.9847222e-10,1.0116414e-07,9.4710434e-05,1.2311489e-06,1.3210489e-06
ISIC_0026099,1,0.0057152812,0.9941454,3.738348e-09,6.496913e-08,0.00013573421,2.0464552e-06,1.3708585e-06
ISIC_0024352,1,0.15985705,0.8334572,1.7572833e-06,6.7271394e-05,0.0065160897,1.0006441e-05,9.061425e-05
ISIC_0026293,1,0.06493223,0.87648183,1.3706996e-06,2.1081811e-07,0.05857392,2.3942844e-06,8.057647e-06
ISIC_0029286,1,0.023877835,0.97451437,0.001354463,3.3470458e-06,1.5450606e-06,0.00024766123,6.83599e-07
ISIC_0025784,1,0.0001982396,0.99977714,1.0688999e-05,4.0211262e-07,1.0344633e-05,3.2259072e-06,9.531862e-09
ISIC_0032112,1,0.5442767,0.44499105,7.497385e-05,0.00047339447,0.0017924538,0.00838831,3.104256e-06
ISIC_0027490,1,0.0022363062,0.9701708,4.0751685e-05,4.9146047e-06,0.024050592,0.00025450162,0.0032420917
ISIC_0029597,1,4.537633e-05,0.9999465,2.9938413e-08,7.0280336e-08,3.4517645e-06,1.5798975e-06,3.0148544e-06
ISIC_0026097,1,0.99810386,0.0016030811,1.4130184e-05,9.771074e-06,2.4977844e-06,0.00026664778,3.2425955e-08
ISIC_0028767,1,0.0008212176,0.9236188,0.00024015659,1.6923929e-06,5.6063433e-05,0.07526214,4.275945e-08
ISIC_0028589,1,0.00038274654,0.99960274,5.703328e-08,1.9477784e-09,1.1112431e-06,5.548432e-08,1.34064585e-05
ISIC_0029432,1,0.14395931,0.51986605,5.2583902e-05,9.551842e-06,0.00023450516,6.409358e-05,0.3358139
ISIC_0030535,1,0.0018683948,0.06732767,1.0017552e-06,1.4066771e-06,0.93079144,9.277705e-06,7.2366663e-07
ISIC_0031019,1,0.86532587,0.12441609,2.411451e-07,1.1246322e-05,0.009620376,0.00062457204,1.7161609e-06
ISIC_0028151,1,0.00034333704,0.9504668,2.3803614e-06,0.0001864725,0.048998658,1.0262617e-06,1.2545718e-06
ISIC_0025341,1,0.005465699,0.1272865,1.3963761e-05,4.6024572e-05,0.8669144,5.0674194e-06,0.00026836104
ISIC_0028993,1,0.3018049,0.020028345,1.3851092e-05,1.0131225e-06,0.6781343,2.8474515e-06,1.4732407e-05
ISIC_0029696,1,0.0076607475,0.75456953,0.00011042807,0.009476186,0.0028558893,0.22525017,7.7058576e-05
ISIC_0027466,1,0.32084456,0.67847437,9.863098e-08,1.1479936e-08,0.0006790258,1.1974383e-06,7.4737795e-07
ISIC_0031710,1,0.53735286,0.4609956,2.6551797e-07,1.986977e-05,0.0016019872,2.906408e-05,3.66862e-07
ISIC_0028923,1,0.0052088904,0.99471706,6.2762453e-09,1.6003746e-07,7.346427e-05,4.6032557e-07,4.1438156e-08
ISIC_0026414,1,0.0657409,0.2836819,1.2713726e-05,0.00015046298,0.6503691,4.0703635e-05,4.2060537e-06
ISIC_0029160,1,0.006090968,0.93815166,4.7175176e-06,9.622795e-05,0.055649202,6.4655583e-06,8.1651484e-07
ISIC_0026559,1,0.0046981703,0.7045637,0.0002803206,0.00046745525,0.2899732,9.493584e-06,7.5927014e-06
ISIC_0025396,1,0.015101885,0.9848446,1.0661776e-06,3.619093e-07,5.1989005e-05,5.7008887e-08,1.247811e-07
ISIC_0026103,1,0.00131691,0.9986401,6.4783665e-11,2.1628371e-07,4.2708554e-05,1.4426376e-08,5.3070078e-08
ISIC_0032281,1,0.0003584912,0.9390309,5.3465952e-05,2.4335844e-08,0.04315646,0.017400447,1.9351604e-07
ISIC_0030425,1,0.11834392,0.8757714,3.4058805e-05,0.00021465354,0.0055596964,7.246682e-05,3.8454205e-06
ISIC_0028559,1,0.0030680066,0.9969055,6.952405e-10,3.7764823e-07,2.4678999e-05,1.3246874e-06,1.574152e-07
ISIC_0028951,1,0.00020808469,0.99970007,5.1825174e-07,1.766552e-05,7.046705e-05,3.1618029e-06,7.082706e-08
ISIC_0028600,1,0.00033056646,0.9996681,2.3032236e-09,4.7794206e-08,8.3410356e-07,3.4968772e-07,1.3202974e-07
ISIC_0027469,1,0.00026994327,0.9997013,4.908754e-10,1.3744837e-07,2.5985568e-05,2.611317e-06,2.43604e-08
ISIC_0028130,1,0.007875889,0.99063665,9.90618e-08,4.278978e-07,0.0014841118,2.7726946e-06,6.500821e-08
ISIC_0024781,1,0.0002399027,0.99930644,6.645711e-06,2.0880242e-07,2.8582306e-06,6.257128e-08,0.00044373417
ISIC_0028648,1,0.12981214,0.8701123,1.3554302e-07,6.363937e-08,7.14127e-05,1.9233138e-07,3.7564707e-06
ISIC_0030253,1,0.20102762,0.79767174,9.924845e-07,1.2437597e-07,0.0012993553,1.3839355e-07,1.604377e-07
ISIC_0031278,1,0.004599375,0.99378866,3.0189567e-06,2.445559e-05,0.0015702022,8.8114075e-07,1.3459615e-05
ISIC_0026964,1,6.155783e-06,0.99958795,4.844868e-09,8.087598e-06,0.00039462236,3.0650283e-06,1.2672012e-07
ISIC_0030167,1,1.6436872e-05,0.9910511,1.803863e-06,0.00015645876,0.008696748,6.7962945e-05,9.585203e-06
ISIC_0032327,1,0.000548319,0.87096435,4.7796864e-09,0.00034921415,0.12808417,7.574299e-06,4.6387504e-05
ISIC_0032423,1,0.011629017,0.43729395,0.00025965972,0.00032479555,0.55043066,7.2304274e-06,5.4711567e-05
ISIC_0030422,1,8.494492e-05,0.9993974,7.136695e-08,1.49383895e-05,0.00049662724,1.337095e-06,4.774059e-06
ISIC_0027242,1,4.504467e-06,0.9704893,6.095055e-08,0.0025850509,0.026918383,2.5077256e-06,1.7819795e-07
ISIC_0030313,1,5.0185274e-09,0.4207928,1.4201928e-08,3.361261e-10,7.3466606e-07,8.346551e-07,0.57920563
ISIC_0025579,1,2.2962135e-05,0.9999765,4.5105573e-09,3.4997627e-10,4.9134667e-07,8.675492e-09,4.177709e-08
ISIC_0024514,1,0.030021042,0.96869755,1.8700402e-07,0.00030072205,0.00097215374,1.742977e-06,6.6516704e-06
ISIC_0031662,1,4.8750616e-07,0.83963007,4.8089625e-08,3.2096048e-07,0.16035229,2.7940116e-06,1.398196e-05
ISIC_0032109,1,3.8398764e-05,0.9982981,1.3064022e-07,1.0200794e-05,0.0016523501,6.8347845e-07,1.3269623e-07
ISIC_0031031,1,4.571466e-05,0.9626155,4.033773e-09,0.00793607,0.029385831,1.3560315e-06,1.547443e-05
ISIC_0031113,1,0.00025254866,0.9997466,7.27605e-09,8.178167e-10,4.5452207e-08,4.5136335e-09,7.4267365e-07
ISIC_0025967,1,0.0005302676,0.99921703,1.070336e-08,1.95719e-07,0.0002511023,1.2293016e-06,1.01595596e-07
ISIC_0031960,1,0.00036636528,0.99944776,5.1604424e-08,2.511256e-07,0.00018307357,2.537121e-06,4.0476042e-08
ISIC_0024578,1,0.0063593695,0.984144,1.5765549e-07,0.0005514001,0.0089223515,2.2700919e-05,1.4859242e-07
ISIC_0028310,1,7.1845085e-07,0.001690401,0.9981793,1.0240443e-06,4.462639e-07,0.00012651521,1.5156203e-06
ISIC_0028281,1,2.0511995e-06,0.99983895,7.831567e-06,1.03006596e-10,0.00014634622,1.3905746e-07,4.690181e-06
ISIC_0029174,1,1.1383931e-05,0.97422147,2.0207654e-08,5.7373913e-05,5.0538518e-05,2.7846738e-07,0.025658932
ISIC_0028870,1,3.7119295e-05,0.9912281,1.0334922e-05,0.0002466575,0.00047327578,5.2043233e-06,0.007999324
ISIC_0032144,1,0.021925146,0.9765049,1.2441284e-07,3.698136e-05,0.0015319543,7.4788505e-07,1.4255666e-07
ISIC_0030598,1,0.0065122563,0.9931744,4.0570053e-06,3.943048e-06,0.0002994768,5.7928332e-06,1.16721736e-07
ISIC_0028205,1,0.00030300574,0.9992994,3.5403895e-09,3.0435558e-08,0.00039542696,2.165364e-06,1.9584744e-08
ISIC_0030772,1,0.21737145,0.7825581,4.516152e-08,4.1379512e-06,5.0010683e-05,1.3126913e-05,3.1870152e-06
ISIC_0030580,1,0.18898618,0.8041347,6.41867e-05,0.00092785066,0.004755756,0.0010320849,9.917548e-05
ISIC_0028358,1,0.072532386,0.9273981,4.6270924e-07,5.195798e-08,6.806122e-05,8.1915437e-07,1.8246524e-07
ISIC_0027766,1,0.002414106,0.99757165,1.5601598e-08,3.8415102e-08,1.3624013e-05,4.0258547e-07,2.7798285e-07
ISIC_0030809,1,0.0961185,0.90036076,1.4439916e-06,7.1104424e-08,0.0034516638,6.493923e-05,2.5952538e-06
ISIC_0032311,1,0.21952762,0.7804656,9.577097e-10,5.9845524e-06,3.59921e-07,2.6373726e-07,1.643295e-07
ISIC_0030920,1,0.00014563755,0.9998522,4.1725372e-07,3.0375662e-07,1.4217933e-06,3.557381e-08,1.5509155e-08
ISIC_0030534,1,2.2509563e-07,0.999984,6.4053097e-06,3.5901618e-08,7.71655e-06,1.726552e-06,8.480408e-09
ISIC_0032284,1,2.3908364e-05,0.99991786,6.5518725e-06,1.6473465e-05,2.760107e-05,3.1553036e-06,4.4827775e-06
ISIC_0031121,1,0.012326143,0.9719072,7.708203e-05,0.0011714703,0.014477412,2.3766714e-07,4.0434363e-05
ISIC_0032034,1,0.022028288,0.9319576,5.941274e-05,0.0003986737,0.045481164,5.172211e-07,7.442844e-05
ISIC_0032140,1,1.1378968e-05,0.99993753,1.4511587e-08,2.9906003e-05,1.3453298e-05,7.471261e-06,1.9982943e-07
ISIC_0028736,1,6.898837e-05,0.9850795,5.4098923e-08,9.927282e-08,0.014851138,1.6360235e-07,1.2965928e-07
ISIC_0028472,1,0.001876833,0.9976597,1.0597999e-07,8.017447e-08,0.00045340034,9.482244e-06,3.5994265e-07
ISIC_0030922,1,0.0007777885,0.9991333,5.8272462e-09,1.9779232e-08,8.29251e-05,5.9699805e-06,4.4945832e-08
ISIC_0026671,1,4.855503e-08,0.9999299,5.275727e-12,1.1836295e-07,6.9847236e-05,1.381091e-09,3.0627245e-08
ISIC_0026488,1,0.0027430966,0.98164624,1.693229e-05,8.714981e-06,0.015570377,1.0825235e-06,1.3616212e-05
ISIC_0026554,1,0.00086773187,0.13516863,0.00018631418,8.004192e-05,0.86323893,0.00044837897,9.982333e-06
ISIC_0030603,1,0.6457738,0.09641301,0.00058681966,0.00011774671,0.25709534,1.3024447e-05,1.8875046e-07
ISIC_0031085,1,0.00088034314,0.9458067,6.9601965e-06,0.00015861318,0.052277938,0.00086783443,1.6483835e-06
ISIC_0027688,1,0.0011708661,0.9988175,1.15068744e-07,7.621695e-07,1.0473203e-05,1.3967946e-08,2.885056e-07
ISIC_0024704,1,3.2417105e-05,0.9999323,2.0163077e-08,9.938334e-07,1.1022518e-05,1.1180098e-08,2.333514e-05
ISIC_0030260,1,0.99589807,0.0019489218,1.0057062e-05,1.980438e-06,0.0021257587,2.0888706e-08,1.5156744e-05
ISIC_0031981,1,1.0573898e-07,0.99965465,2.2125024e-08,3.5330068e-08,0.0003427883,2.0006335e-06,4.083704e-07
ISIC_0027298,1,0.05193661,0.9478532,1.2216626e-05,3.8496232e-08,6.090249e-06,0.00019145242,5.1231234e-07
ISIC_0024561,1,0.019375889,0.9805757,6.931569e-08,6.2922254e-08,4.7065045e-05,1.4191864e-08,1.1813986e-06
ISIC_0030198,1,0.021441586,0.9774729,9.731049e-09,2.2704997e-08,0.0010699716,1.9149277e-07,1.5240967e-05
ISIC_0027535,1,0.0865288,0.6887414,0.0034302596,7.0137764e-07,0.22127892,1.1214622e-06,1.8743644e-05
ISIC_0027098,1,0.88910437,0.11042896,7.837642e-05,7.545697e-06,0.00012836122,0.00024827768,4.0713903e-06
ISIC_0025027,1,1.3466209e-07,0.10674188,0.89325064,3.6503384e-06,1.6800854e-08,2.0527434e-08,3.7575883e-06
ISIC_0032090,1,6.156678e-07,0.95764136,0.04235422,1.4700741e-07,7.785783e-07,2.0702288e-07,2.6368596e-06
ISIC_0031011,1,0.008615441,0.78169185,0.026285034,0.0001829541,0.18060988,6.0000466e-06,0.002608914
ISIC_0024466,1,0.0014328102,0.99206185,5.5109103e-06,0.0059608715,0.00053737994,1.435401e-06,6.008284e-08
ISIC_0025477,1,5.377305e-05,0.998539,1.2111057e-06,1.056974e-06,0.0013788037,2.22926e-06,2.3956818e-05
ISIC_0027203,1,0.42188978,0.56335425,1.4524855e-07,1.4963708e-06,0.014750784,3.3231606e-06,2.497636e-07
ISIC_0029771,1,3.0567087e-05,0.99993265,4.2411417e-09,3.2355633e-08,3.4229863e-05,1.9761586e-07,2.2853521e-06
ISIC_0027475,1,2.7144868e-05,0.99996436,7.0132784e-09,2.1371807e-06,2.7951396e-06,3.2994587e-06,2.4663055e-07
ISIC_0029344,1,0.22701636,0.7639374,1.1990824e-05,0.00036902144,0.008645259,1.2695809e-06,1.8693901e-05
ISIC_0029145,1,0.00023877443,0.9942216,0.005536944,1.2403939e-07,1.3470456e-06,1.1605892e-06,9.414714e-09
ISIC_0029441,1,0.000117151554,0.99972147,0.00016059884,1.2632456e-08,5.513698e-07,1.9225462e-07,1.9134836e-08
ISIC_0024480,1,0.20598951,0.58858913,4.4950477e-07,0.08120958,0.12253594,0.0016539142,2.1468952e-05
ISIC_0030279,1,1.9279296e-06,0.99977356,1.1794103e-08,3.585597e-05,0.00018839413,7.817034e-08,1.4908639e-07
ISIC_0024380,1,0.0028777665,0.9928215,3.043784e-06,1.3093018e-05,0.0042809057,3.0838864e-06,5.925541e-07
ISIC_0032344,1,0.00018232841,0.9946045,6.729907e-05,8.212567e-09,0.00014380938,1.16202266e-07,0.005001906
ISIC_0024416,1,0.0032409462,0.9938466,1.0241109e-05,2.701762e-07,0.002885811,1.608851e-05,6.868831e-08
ISIC_0026166,1,0.8835701,0.1163225,4.3604793e-08,1.3179523e-08,9.911967e-05,7.849372e-06,4.028212e-07
ISIC_0028131,1,0.82378656,0.17268921,3.4455017e-05,6.5374375e-06,0.0034208137,7.383131e-06,5.500354e-05
ISIC_0024377,1,0.041608986,0.92859685,1.2244986e-06,8.896396e-05,0.02969494,2.1661467e-06,6.7435867e-06
ISIC_0031045,1,2.4480067e-05,0.9997707,2.8843794e-09,1.8012992e-11,0.00020432816,4.6187694e-07,2.7784356e-08
ISIC_0030176,1,0.009373139,0.9887911,0.00053968444,2.8103957e-06,2.150333e-05,0.0012506805,2.1067517e-05
ISIC_0029252,1,0.00013032353,0.0022810353,6.412992e-08,5.9835696e-07,0.9974287,0.00015880812,3.9055283e-07
ISIC_0026017,1,8.4521525e-05,0.17134033,2.683122e-07,2.3315594e-07,0.8285205,5.335502e-05,8.135505e-07
ISIC_0032236,1,0.078104675,0.9217241,2.4932276e-06,6.081667e-06,8.3824096e-05,1.3799098e-05,6.5007116e-05
ISIC_0029560,1,1.4240895e-05,0.9999701,3.2163358e-10,1.8417921e-08,1.5599808e-05,3.4623497e-08,2.9890675e-08
ISIC_0027849,1,0.9818085,0.018190084,5.373356e-08,5.7183588e-08,1.0423533e-06,2.1846932e-07,1.2606547e-08
ISIC_0031809,1,0.00015364896,0.9990428,5.2642883e-07,7.4685e-06,0.00037629835,1.0579865e-06,0.00041808398
ISIC_0029963,1,3.4380148e-05,0.99996376,1.7378616e-09,2.1763187e-09,1.8029408e-06,1.312808e-09,7.995704e-09
ISIC_0026123,1,0.31826907,0.6810525,0.0003283587,5.8774444e-06,0.00032504395,1.8746025e-05,3.9858517e-07
ISIC_0024479,1,2.336203e-05,0.99985087,5.188717e-10,8.773527e-12,3.3501567e-07,0.00011576204,9.731659e-06
ISIC_0032328,1,2.0107533e-05,0.99996555,1.9615639e-08,8.52081e-11,2.0482297e-08,4.273517e-06,9.962318e-06
ISIC_0026358,1,5.762607e-07,0.9999831,6.381221e-11,1.3989485e-10,8.524053e-06,1.10384676e-07,7.713835e-06
ISIC_0025193,1,1.1393968e-06,0.999923,6.330385e-11,9.896286e-11,5.1581836e-05,4.4395074e-06,1.9888466e-05
ISIC_0029247,1,0.00045782796,0.9995421,3.4814266e-11,8.58135e-11,4.6631513e-08,6.345312e-09,5.034928e-08
ISIC_0024752,1,0.0002605147,0.999739,2.9481016e-12,1.2763084e-10,4.452688e-07,1.3005495e-08,2.6061644e-09
ISIC_0029650,1,3.8945025e-05,0.99995124,1.0127884e-08,1.5573848e-10,1.2284462e-06,7.5578337e-06,1.0038877e-06
ISIC_0029879,1,0.0002722013,0.99950933,1.4149406e-07,4.6137544e-07,0.00014903612,6.546083e-05,3.3394717e-06
ISIC_0026371,1,0.0037984436,0.9772982,0.005071757,0.00019909804,0.013387989,0.00013364312,0.00011080292
ISIC_0024857,1,5.157578e-05,0.99961203,5.8844966e-05,6.958382e-06,0.00014408269,0.000113451846,1.3185499e-05
ISIC_0029055,1,0.0077494564,0.9922361,2.502802e-06,3.4957577e-07,9.479596e-06,1.5716973e-06,6.1795157e-07
ISIC_0026834,1,0.00028778755,0.999711,5.4715804e-10,3.0925307e-10,1.113539e-07,4.6166683e-08,1.0632796e-06
ISIC_0026657,1,0.0021218057,0.99703205,0.000104515755,2.8178064e-07,2.7122667e-06,2.3772753e-05,0.0007149007
ISIC_0028067,1,0.00020073456,0.9997862,1.2672852e-08,6.817961e-09,2.8161571e-06,1.6722983e-06,8.578092e-06
ISIC_0031127,1,2.3541328e-05,0.9999509,3.7825228e-06,1.331938e-11,2.1229476e-05,1.6071147e-07,4.3847683e-07
ISIC_0027558,1,0.013886494,0.98599106,2.1726366e-06,1.2339947e-07,0.00012009062,4.7386045e-08,3.9336296e-08
ISIC_0029231,1,0.036132433,0.9633124,7.709937e-07,0.00012518285,0.00012720937,0.00025217526,4.9868384e-05
ISIC_0030144,1,0.0011889536,0.7905066,0.00052484736,0.002151603,0.000877664,0.011624217,0.19312607
ISIC_0028909,1,0.009123948,0.9908468,4.41031e-09,4.5877496e-06,4.6149958e-06,1.7203283e-05,2.810352e-06
ISIC_0031750,1,0.0001809906,0.99978644,6.73091e-10,1.4271029e-07,2.891655e-05,6.267264e-07,2.9453754e-06
ISIC_0030710,1,8.62548e-07,0.99999905,5.1498283e-10,1.2014013e-10,9.76622e-08,1.9190413e-08,3.3128092e-08
ISIC_0027714,1,0.005417965,0.9944794,6.771994e-05,2.7289169e-09,6.903212e-06,2.5199924e-05,2.7857632e-06
ISIC_0030585,1,0.015637364,0.98420215,2.1375781e-06,3.706314e-08,5.1341714e-05,0.00010579427,1.2018019e-06
ISIC_0030336,1,3.2783043e-07,0.9999949,2.8492911e-11,6.0225864e-09,4.23362e-06,5.4464414e-07,1.2304361e-09
ISIC_0027970,1,8.887051e-06,0.99995744,4.315142e-07,2.6821587e-10,2.5696338e-07,2.899244e-05,3.95487e-06
ISIC_0032388,1,0.15777883,0.8409969,0.00030633688,0.00021957373,0.00046109292,0.00020579278,3.145655e-05
ISIC_0031973,1,3.2483807e-05,0.9987852,6.415978e-10,7.3445183e-09,0.0011818197,4.6274806e-07,1.1159095e-08
ISIC_0025860,1,2.559147e-05,0.9999707,1.2570407e-09,2.6834657e-08,2.7613312e-06,2.7428553e-07,7.6996173e-07
ISIC_0025473,1,1.6132e-05,0.9999784,9.2419775e-08,1.370001e-07,2.1242556e-07,8.833138e-07,4.2326183e-06
ISIC_0025062,1,0.00422462,0.9957404,3.1214549e-09,2.539332e-09,2.6055526e-05,4.312355e-07,8.406876e-06
ISIC_0030479,1,0.107339144,0.89210796,3.4677225e-07,4.6278656e-06,0.00054495817,1.0161613e-06,1.8401988e-06
ISIC_0028834,1,4.443652e-06,0.9999939,9.76534e-10,8.748465e-11,1.5854349e-06,7.829661e-09,2.3024597e-08
ISIC_0033234,1,2.0311623e-05,0.99997723,1.2538258e-09,8.9722835e-10,1.0993163e-06,1.1912009e-06,1.462655e-07
ISIC_0033903,1,7.483283e-07,0.99999905,1.5110658e-09,2.9579842e-11,2.0155626e-07,9.955513e-09,1.3748888e-09
ISIC_0033105,1,3.04487e-05,0.99993825,6.5262556e-10,2.497318e-08,1.8696426e-05,1.0063251e-07,1.2457391e-05
ISIC_0032572,1,0.00017491913,0.9997445,8.959633e-09,1.2783083e-06,7.287042e-05,1.564142e-07,6.3411135e-06
ISIC_0029808,1,2.7385354e-06,0.9999943,2.087809e-10,3.016983e-08,2.0514388e-07,2.779932e-06,1.1518932e-08
ISIC_0034043,1,0.012341031,0.26283768,2.6789453e-06,4.2156175e-06,0.72435665,0.00045580132,1.8647057e-06
ISIC_0029401,1,5.7551532e-09,0.01686953,2.7950475e-06,1.3009792e-05,0.008405215,0.974679,3.042678e-05
ISIC_0032907,1,1.2823912e-07,0.9999994,5.3486366e-14,4.7021904e-11,4.4230032e-07,1.3612242e-09,1.9151283e-09
ISIC_0033760,1,4.2128086e-06,0.9999956,8.428151e-12,3.3284323e-10,2.2628655e-07,3.7622048e-09,2.7142539e-08
ISIC_0033364,1,0.00011671408,0.9977004,1.7766864e-09,3.5255405e-07,0.0021414324,5.769713e-06,3.5288776e-05
ISIC_0034238,1,0.00018077776,0.9998171,1.8833159e-11,1.4514288e-09,1.4849909e-06,1.4776926e-08,7.257304e-07
ISIC_0032543,1,9.757267e-06,0.9997056,8.208238e-11,2.527256e-09,0.0002794603,2.1929304e-07,4.9528553e-06
ISIC_0033176,1,2.2749355e-05,0.9999728,2.9699358e-08,7.1653e-10,2.092674e-06,3.8947943e-09,2.276597e-06
ISIC_0033584,1,0.0013361311,0.9980788,3.279202e-05,5.1851412e-08,0.00054392964,3.1137638e-06,5.264932e-06
ISIC_0033118,1,0.0016732271,0.9921143,0.000269946,7.755536e-06,0.0059306007,2.055661e-06,2.08834e-06
ISIC_0032523,1,0.0002151762,0.9997811,4.460062e-09,1.1573611e-09,5.659358e-07,1.9935e-08,3.1883335e-06
ISIC_0033159,1,1.8364541e-06,0.9999981,6.2799765e-11,1.8948457e-11,3.7681698e-08,1.5797808e-09,7.290387e-08
ISIC_0034027,1,0.20060587,0.7985683,3.0746996e-05,3.2678777e-06,0.00079184497,9.714287e-09,1.1886767e-08
ISIC_0032575,1,0.006329345,0.99334526,1.7364795e-07,2.3893738e-06,0.000252782,5.0684084e-05,1.9366196e-05
ISIC_0032793,1,5.482189e-05,0.9999136,4.3788486e-06,2.9217964e-07,2.3081458e-05,5.451543e-07,3.2849712e-06
ISIC_0033895,1,5.8980373e-07,0.999984,9.333001e-10,1.4273155e-07,1.48610525e-05,3.3386416e-07,3.1851204e-08
ISIC_0034309,1,1.4198005e-09,0.9999999,3.4685487e-11,1.7367936e-10,4.2101594e-10,1.6761057e-07,1.427287e-08
ISIC_0033622,1,8.769192e-07,0.99999416,8.218409e-11,9.944173e-09,7.114707e-07,3.3083733e-08,4.1997214e-06
ISIC_0027689,1,8.206865e-05,0.9999138,3.9595336e-09,9.956572e-11,5.581859e-08,2.848065e-06,1.2323253e-06
ISIC_0032655,4,0.015026046,0.5820319,2.5082678e-05,1.5134691e-07,0.40170372,0.0012125872,4.833e-07
ISIC_0033681,1,2.494228e-06,0.9874979,2.0840561e-07,5.289895e-07,0.012207404,0.00029125798,2.8541254e-07
ISIC_0032562,1,0.0040808963,0.99588096,3.0205543e-11,5.3000747e-07,3.716412e-05,2.7242257e-07,2.266091e-07
ISIC_0034228,1,2.0557969e-05,0.9999658,3.3354414e-08,1.6435388e-10,1.3481743e-05,7.0729364e-08,2.4084477e-08
ISIC_0033556,1,1.6797813e-07,0.99994564,1.210054e-08,3.9148978e-07,5.3172535e-05,5.518488e-08,6.7055106e-07
ISIC_0033623,1,0.00013904697,0.99983835,2.022916e-05,1.2591141e-11,3.0696535e-07,1.9947213e-06,6.811155e-09
ISIC_0034075,1,0.32261723,0.6761796,2.5815476e-07,1.0585632e-05,0.001153421,3.8669154e-05,2.8762878e-07
ISIC_0032606,1,0.24243985,0.7573656,3.4845325e-08,1.5678677e-06,0.00019261942,2.0799108e-07,1.8014364e-07
ISIC_0033066,1,2.0921461e-06,0.9999943,1.8742495e-11,7.4273243e-10,3.1979523e-06,5.2251533e-08,4.660007e-07
ISIC_0033481,1,0.0013155354,0.9986804,7.573891e-08,1.26418005e-08,2.1620551e-06,1.7867354e-06,3.176003e-08
ISIC_0033374,1,3.271488e-06,0.99999666,2.5982743e-08,2.9701563e-10,6.1044574e-08,8.58369e-09,2.1582357e-08
ISIC_0032578,1,6.008026e-08,0.9999962,1.879825e-06,6.400059e-09,2.4519945e-08,1.0608175e-08,1.8410431e-06
ISIC_0033628,1,1.917073e-05,0.99998033,1.0242979e-11,4.7714863e-11,4.3766755e-07,1.8706157e-08,3.0954668e-09
ISIC_0033353,1,4.1070347e-05,0.9999459,1.9962301e-06,7.1403655e-08,1.0132376e-05,5.827555e-07,2.6026422e-07
ISIC_0032852,1,3.4235904e-07,0.9999995,3.861968e-11,1.5177954e-11,1.2010737e-07,1.369451e-09,2.927909e-08
ISIC_0033332,1,1.1497329e-05,0.9995196,0.00019200484,8.90658e-08,1.8539271e-05,8.831991e-05,0.00016991263
ISIC_0033597,1,0.00016208587,0.9998029,3.3513e-05,3.4330107e-08,4.1128783e-07,8.5123753e-07,2.5847268e-07
ISIC_0033064,1,0.0003513537,0.99582076,2.0155082e-07,5.6886027e-08,0.0038176966,7.438842e-06,2.493566e-06
ISIC_0033620,4,0.01388799,0.50042725,0.015113393,7.776648e-06,0.47036555,0.00019713875,8.6568616e-07
ISIC_0027492,1,1.9625571e-05,0.9999716,4.5623965e-06,5.236702e-10,1.3829452e-07,3.8443495e-06,2.0876573e-07
ISIC_0027528,1,2.405897e-05,0.9999584,1.8615093e-06,3.7246928e-10,1.2113587e-05,3.6231754e-06,2.702025e-08
ISIC_0028014,1,3.5834887e-08,0.9992549,3.5427379e-09,3.9631912e-10,0.0007448737,8.356195e-08,2.4326727e-08
ISIC_0025499,1,6.8121983e-07,0.99924123,2.314458e-09,3.4988057e-09,0.0007580943,9.324218e-10,5.357478e-08
ISIC_0025653,1,6.636554e-05,0.99993336,1.1015347e-08,3.5544938e-09,7.027982e-08,5.7060415e-08,1.7074616e-07
ISIC_0027265,1,1.6917104e-06,0.9999386,1.9205107e-08,2.169583e-09,5.0058923e-05,1.0272643e-07,9.522657e-06
ISIC_0027418,1,0.0054876907,0.9944429,7.063449e-08,1.0714982e-08,5.948881e-05,9.673504e-06,9.3145644e-08
ISIC_0029030,1,0.0035048455,0.9964928,9.592603e-07,1.4805729e-08,6.4543474e-07,6.42604e-07,1.350891e-07
ISIC_0028585,1,3.6383368e-05,0.99935025,2.8130507e-06,3.3556834e-08,0.00060460146,5.9676167e-06,2.0050125e-08
ISIC_0032102,1,0.00012158751,0.9900856,8.453914e-09,9.383017e-11,0.009792612,2.4491567e-07,1.1204852e-08
ISIC_0031299,1,3.171334e-06,0.99961627,1.6209093e-07,1.1284136e-06,0.00037801324,4.4447086e-07,7.533289e-07
ISIC_0028438,1,0.00018667548,0.99906284,2.5266912e-05,1.6147435e-08,2.5662234e-07,4.8918257e-05,0.00067597936
ISIC_0029417,3,0.0046273065,2.8929218e-05,0.6040671,0.0020645887,0.3890926,0.00011946848,1.0784253e-07
ISIC_0029915,3,0.00097735,0.07159567,0.9033596,0.0151988,1.8420264e-05,0.008802765,4.7340935e-05
ISIC_0029360,3,0.00063218054,0.0013976668,0.95701206,0.025281213,0.012363337,0.0007557852,0.002557742
ISIC_0026152,3,0.091458805,0.005348142,0.69200134,0.008492724,0.0013199269,0.19943434,0.0019447438
ISIC_0027795,3,0.018979674,0.016643893,0.0011360995,0.9594227,0.003297124,3.8918606e-05,0.0004816513
ISIC_0024913,3,0.0002053348,3.0700596e-06,0.143377,0.78171605,0.014766312,0.05985399,7.830321e-05
ISIC_0031918,3,0.0157233,0.0297327,0.0006435753,0.9527654,0.0001950294,0.00093397114,5.9826634e-06
ISIC_0032455,3,1.1677215e-05,9.948149e-07,9.1185675e-06,0.98372126,0.016252713,1.0356317e-07,4.2316237e-06
ISIC_0030491,3,0.0003776716,2.8090456e-06,1.603861e-07,0.99960285,1.4819489e-05,1.7321153e-06,3.7813933e-08
ISIC_0025825,3,5.683418e-07,1.2544949e-08,2.6533823e-07,0.99999905,4.7599297e-08,4.7952497e-08,2.55119e-09
ISIC_0024450,3,0.017458968,2.6099677e-05,0.0003941272,0.9820904,2.7695265e-05,2.736158e-06,2.2430489e-09
ISIC_0031743,3,0.0015268682,0.00021801291,0.000137815,0.9980855,3.1465777e-05,2.8801134e-07,5.863055e-09
ISIC_0026522,3,1.310982e-06,1.4658308e-06,7.7125815e-06,0.99816006,0.0018292926,1.9015528e-07,1.1899352e-09
ISIC_0027753,3,0.9922208,0.0045973947,4.4959693e-06,0.0028990456,0.00020457801,7.128591e-05,2.3712892e-06
ISIC_0026492,3,0.9984101,0.00070534507,1.4081046e-06,0.0003956727,6.858219e-06,0.00047976954,6.9995406e-07
ISIC_0031335,3,1.0443184e-06,4.8902617e-08,4.65119e-07,0.9999963,1.6385592e-06,2.4927294e-07,2.1577011e-07
ISIC_0028314,3,1.4267154e-05,4.1051273e-05,2.8148481e-06,0.99991727,1.7397528e-05,7.189708e-06,3.6033314e-09
ISIC_0030821,3,0.0021725744,0.00027186563,3.03884e-07,0.9972711,0.0002826179,8.1212086e-08,1.4456269e-06
ISIC_0025182,3,7.954565e-06,9.3644685e-06,0.00016273766,0.00017840131,0.004101779,0.9955396,1.2655813e-07
ISIC_0031570,3,0.0006923716,2.6032527e-07,8.685267e-05,0.99891245,0.0001551247,0.00015155046,1.3600944e-06
ISIC_0032356,3,2.3076292e-07,9.2275454e-10,0.00010550242,0.9997365,0.00013879621,1.8973391e-05,4.3012825e-08
ISIC_0031381,3,0.003984228,0.0005870429,0.00012159224,0.99509853,0.00010240098,0.00010061948,5.561759e-06
ISIC_0028224,3,0.00026753193,0.06388504,0.021281794,0.4747461,0.0037171606,0.43610147,9.094462e-07
ISIC_0025029,3,0.0007315883,0.18030296,2.9104414e-05,0.33348742,0.48507294,0.0002978354,7.807978e-05
ISIC_0026388,3,0.0131882755,0.006522412,0.002174135,0.8570079,0.09576826,0.025144005,0.00019496471
ISIC_0029900,3,0.00016813361,9.351104e-05,0.0021711155,0.99697614,0.00045063425,9.408043e-06,0.00013109276
ISIC_0029549,3,0.7858413,0.016845224,0.18032433,0.015935171,0.0010534659,4.530001e-07,1.233817e-07
ISIC_0024470,3,0.0031407392,0.000117551375,0.11518334,0.85716015,0.021917224,0.0015345231,0.0009465402
ISIC_0028076,3,0.0011113834,0.006097297,0.00015629674,0.9299331,0.06242516,0.0002746708,2.1599599e-06
ISIC_0030142,3,2.9561286e-06,6.660814e-07,5.37482e-07,0.9983651,0.0016267216,4.018805e-06,1.9878577e-08
ISIC_0024925,3,0.0026393286,0.027123434,0.0009571936,0.21606764,0.75304085,0.0001670573,4.5064407e-06
ISIC_0025957,3,0.99442106,0.0012484199,0.00084225845,0.0033424776,0.00013544543,1.02676095e-05,1.0510793e-08
ISIC_0025605,3,0.6306238,0.13118553,0.1930331,0.022038206,0.023007562,0.00010761278,4.146543e-06
ISIC_0026457,3,0.0047668675,0.00084711186,0.0015477848,0.9688711,0.02141993,0.0025439737,3.2409116e-06
ISIC_0027562,3,0.43063208,0.2102885,0.007864033,0.2694279,0.08172611,3.2122636e-05,2.9194263e-05
ISIC_0024539,3,0.045854107,0.0037830786,0.0004736083,1.8278302e-05,0.94986755,1.9899386e-07,3.2458784e-06
ISIC_0029713,3,0.0011510879,5.109561e-06,0.03961432,0.9514711,0.0077579785,7.567814e-08,2.5190346e-07
ISIC_0027829,3,0.06601048,0.12222449,4.1817293e-05,0.69166416,0.117372274,0.0026093835,7.7443714e-05
ISIC_0027254,3,0.11228835,0.5465541,0.00082484505,0.019155033,0.3208427,0.00026712648,6.78821e-05
ISIC_0026194,3,0.0035456812,4.3438237e-07,2.5378497e-06,0.996451,1.8720668e-07,6.305865e-08,3.929675e-08
ISIC_0029830,3,0.01563521,0.36655107,0.6004311,0.015541949,0.001818077,2.0846403e-05,1.7537371e-06
ISIC_0027884,3,0.0019550105,0.0032462748,0.265832,0.7287879,0.0001500481,2.7645508e-06,2.6010423e-05
ISIC_0028517,3,0.0031427618,1.5401024e-07,0.02700884,0.011700978,7.129134e-07,0.95814604,4.612922e-07
ISIC_0027334,3,1.6232951e-07,2.6633213e-06,0.04488714,0.0019311858,0.9531252,5.367519e-05,1.4925963e-08
ISIC_0030877,3,0.004769187,0.14284286,0.00022476283,0.1925533,0.65923554,0.00022431453,0.00015000746
ISIC_0027950,3,0.09914205,0.11164117,6.234844e-06,0.7857128,0.003304838,0.00018899403,3.977477e-06
ISIC_0024948,3,0.4711257,0.30006513,0.0007375354,0.0467368,0.1776028,0.0008032133,0.0029287513
