image_id,label,prob_MEL,prob_NV,prob_BCC,prob_AKIEC,prob_BKL,prob_DF,prob_VASC
ISIC_0026769,4,0.9766103,0.0027690644,0.0044462807,0.015560095,0.0005220909,2.1192939e-06,8.997856e-05
ISIC_0025661,4,0.0014085709,0.0035332413,0.00044295524,0.1837589,0.81082404,4.7943086e-06,2.7519784e-05
ISIC_0025276,4,0.37021106,0.62600064,5.090499e-05,8.253395e-05,0.00055274245,0.00026167024,0.0028404268
ISIC_0031326,4,4.705336e-09,3.3039717e-07,4.81715e-09,1.714114e-07,0.9999995,6.825206e-09,3.283565e-08
ISIC_0024832,4,0.05243467,0.028449183,0.040859524,0.04294531,0.83122486,0.00024064352,0.0038457736
ISIC_0026958,4,0.0030723426,0.0008408558,0.004827968,0.005221147,0.9860093,8.272658e-06,2.0139856e-05
ISIC_0030768,4,0.0013490823,0.0069863503,6.1779836e-05,1.0824896e-06,0.9916003,1.6218965e-07,1.2768926e-06
ISIC_0029837,4,0.0019544607,0.28901526,0.0006943715,1.1940846e-06,0.7082333,6.6341774e-05,3.508514e-05
ISIC_0028774,4,5.9117095e-08,8.7738525e-05,5.6067215e-08,2.1342754e-05,0.9998853,7.6434185e-07,4.7309786e-06
ISIC_0030565,4,0.29310584,0.0009206757,2.5018862e-06,0.70207876,0.00372783,5.05398e-07,0.00016394256
ISIC_0026153,4,0.48824587,0.004701515,0.021539956,0.00012450399,0.48535103,2.9149931e-05,7.91685e-06
ISIC_0025876,4,8.135123e-06,1.6184756e-06,6.740852e-06,1.6358919e-07,0.9999833,1.40218015e-08,9.936884e-08
ISIC_0025063,4,0.530473,0.020518834,0.0015015688,0.053614907,0.27091274,0.122821964,0.00015704597
ISIC_0032949,4,0.22350784,0.76035035,4.4453983e-09,1.0930978e-05,0.016067952,1.166185e-07,6.275866e-05
ISIC_0033322,4,0.0053281155,0.10437566,7.3838606e-08,1.3053466e-06,0.8902269,8.36642e-08,6.779991e-05
ISIC_0033127,4,0.19071563,0.36635286,9.235518e-08,4.7841736e-06,0.44285196,3.7477258e-07,7.4304895e-05
ISIC_0032829,4,3.4398644e-07,2.8247603e-06,4.883413e-07,1.5184094e-08,0.9999963,1.8160873e-10,2.7513625e-08
ISIC_0033601,4,5.021589e-06,5.253715e-06,2.6201667e-07,4.398495e-09,0.9999895,6.233277e-10,2.2915714e-08
ISIC_0033284,4,0.003959825,0.02918052,7.4774202e-06,1.8916775e-06,0.96682054,2.996017e-06,2.678181e-05
ISIC_0033908,4,0.010764768,0.00497002,7.950885e-08,1.793086e-07,0.9842424,1.8042309e-05,4.587427e-06
ISIC_0033437,4,0.96041536,0.015646176,9.4781845e-09,0.00033278414,0.023601275,2.2388047e-06,2.131455e-06
ISIC_0033195,4,0.63207513,0.046860315,2.5546992e-10,0.0008731504,0.32017806,6.3046275e-07,1.2764255e-05
ISIC_0032553,4,0.2659985,0.58657205,1.8694368e-09,0.0003709332,0.14704038,1.5569201e-06,1.6534044e-05
ISIC_0033736,4,0.998953,0.00014290382,8.6761105e-08,9.0305904e-05,0.0007231576,8.927696e-05,1.1705168e-06
ISIC_0033378,4,0.78136,0.0021324665,0.00024293453,0.0029356517,0.20635839,0.006894556,7.6089476e-05
ISIC_0033379,4,0.00019391679,0.13791218,2.7714546e-05,0.00034787317,0.86139727,6.5127784e-07,0.000120504126
ISIC_0033438,4,1.6827825e-09,1.2046225e-06,2.4814118e-11,1.0311001e-09,0.9999988,5.602926e-10,4.313315e-08
ISIC_0032983,4,3.301527e-06,0.0001833776,2.1604173e-08,7.3719626e-08,0.9998129,2.3598245e-07,7.558265e-08
ISIC_0034024,4,3.134601e-05,0.00010426214,1.773788e-07,5.70044e-07,0.9998634,1.3897699e-08,2.0905512e-07
ISIC_0033952,4,0.82095784,0.01462324,1.44645865e-05,0.015130337,0.14907673,2.924797e-06,0.00019445685
ISIC_0034189,4,0.07540412,0.0024086647,1.3521397e-07,0.00024878042,0.9219207,3.8367775e-06,1.38060705e-05
ISIC_0033306,4,0.040811982,0.00026178305,7.2545756e-09,1.3493267e-05,0.9589075,4.2224005e-06,1.0636652e-06
ISIC_0033235,4,0.36794174,0.18711485,3.5419026e-07,0.017738929,0.4271393,4.3221633e-05,2.1614413e-05
ISIC_0026085,4,0.019093787,0.0019716606,2.5445644e-08,0.009494632,0.96940684,6.295966e-06,2.6783706e-05
ISIC_0032654,4,0.46015096,0.0006923383,0.023821047,0.00089831155,0.5144295,1.0297217e-07,7.706914e-06
ISIC_0032576,4,0.35244876,0.15529013,2.635908e-05,0.00012808204,0.49210224,3.5332167e-07,4.1456215e-06
ISIC_0032898,4,0.00019006526,0.045309372,1.1542012e-06,7.3190404e-06,0.95428294,2.4823912e-06,0.0002067206
ISIC_0033488,4,4.100406e-05,0.00010627259,1.4447523e-05,2.161645e-08,0.99981266,4.434386e-07,2.5107098e-05
ISIC_0033758,4,2.1597001e-05,0.7563904,1.1297025e-05,6.313618e-07,0.24347219,1.3777669e-06,0.00010255053
ISIC_0032215,4,0.00015560057,0.0010345122,9.740843e-10,3.229202e-06,0.9988065,5.6140026e-10,1.599752e-07
ISIC_0025157,4,2.088651e-05,0.03464902,6.152571e-05,0.004186049,0.96107364,7.5541055e-07,8.1619755e-06
ISIC_0027513,4,4.6988057e-06,0.0009098833,6.9613134e-06,0.00016200401,0.99890065,7.1789435e-07,1.5033396e-05
ISIC_0027218,4,0.0012774249,0.28825787,8.662687e-07,0.00080141064,0.7095997,3.2239948e-06,5.9547318e-05
ISIC_0030272,4,0.0009245219,0.04824839,1.1947241e-05,8.7381086e-05,0.9483265,0.000119321594,0.0022819557
ISIC_0027713,4,0.2904958,0.13831462,0.0020493348,0.3150465,0.25387692,7.382225e-07,0.00021610361
ISIC_0026060,4,2.4191962e-09,2.3168336e-09,1.8856061e-10,1.4854825e-07,0.9999999,3.8533698e-10,3.4149727e-09
ISIC_0027139,4,0.0005812472,0.9953186,0.00031286475,0.0014671376,0.0023038157,7.893628e-06,8.3492505e-06
ISIC_0027739,4,6.5894595e-10,2.7411254e-06,1.137372e-08,1.1608922e-10,0.99999356,1.0186803e-08,3.6915435e-06
ISIC_0024672,4,0.7473175,0.23933893,2.1860747e-06,3.6333084e-05,0.013298243,5.412026e-06,1.4820187e-06
ISIC_0029003,4,0.084587455,0.229331,0.05369739,0.1241688,0.50815684,3.130942e-06,5.539369e-05
ISIC_0024711,4,0.72785115,0.13907158,0.048152052,0.020259555,0.06465468,6.6645014e-09,1.0986078e-05
ISIC_0028120,4,0.21328597,0.12050128,5.368564e-07,5.8916276e-09,0.6624743,0.0027925193,0.0009454006
ISIC_0027781,4,0.64413834,0.35313916,5.501838e-06,6.610141e-05,0.002644997,4.6913724e-06,1.1910957e-06
ISIC_0024890,4,0.9937816,6.4969245e-05,3.2428936e-06,5.8607453e-05,0.0049213446,0.0011598965,1.02522135e-05
ISIC_0028336,4,9.522339e-07,3.4975114e-05,3.0647393e-06,3.3307926e-05,0.99992657,1.0922029e-06,7.18996e-08
ISIC_0024708,4,0.47575352,0.37327796,7.9536375e-07,4.8228783e-05,0.15091532,4.5403638e-07,3.6361469e-06
ISIC_0027796,4,7.60453e-05,0.51980394,1.5057476e-07,7.773907e-07,0.4801179,5.3005227e-08,1.1347811e-06
ISIC_0029340,4,0.05554591,0.93359554,0.00049538194,3.0083977e-05,0.010315001,2.2339611e-07,1.787919e-05
ISIC_0031542,4,0.0135302385,0.004752284,0.010075554,0.26593542,0.705216,3.4352764e-05,0.00045615676
ISIC_0026728,4,0.001698462,0.0015430811,0.9880415,0.0038542314,0.004604152,3.5203102e-05,0.00022328607
ISIC_0031812,4,0.06858094,0.05559982,2.1029617e-08,8.7474496e-07,0.87579274,2.9557832e-06,2.2679069e-05
ISIC_0030465,4,0.004046167,0.0034472195,6.504546e-07,3.9085958e-07,0.9925015,6.127495e-07,3.4702014e-06
ISIC_0025032,4,0.63997734,0.007957047,1.9778792e-05,7.500338e-05,0.35186338,4.295203e-05,6.4515174e-05
ISIC_0026301,4,0.91043925,0.08953234,1.2972216e-05,1.4744909e-05,7.004218e-07,1.8223894e-09,2.3599682e-08
ISIC_0030227,4,0.05905546,0.90189344,0.008455763,0.030370215,0.0002250436,5.601093e-09,5.287114e-08
ISIC_0027295,4,1.3294061e-08,1.0528355e-05,7.361434e-13,1.0670254e-05,0.9999788,8.635222e-11,1.5932734e-09
ISIC_0028846,4,7.909593e-08,0.0029996864,1.8837876e-05,0.00083246746,0.9961009,6.7342256e-08,4.7865233e-05
ISIC_0026159,4,3.2921623e-06,0.0005736683,2.3192872e-06,0.08312226,0.9162937,4.7001706e-08,4.810609e-06
ISIC_0029100,4,2.2958471e-05,1.5148906e-06,1.1843669e-08,6.746479e-09,0.9999753,2.0620798e-11,7.320821e-08
ISIC_0026923,4,0.00037615388,0.000103208695,0.0060589826,0.87535304,0.08941369,4.193162e-05,0.028652938
ISIC_0024445,4,0.00015421271,0.98616076,3.3749068e-06,1.1270103e-05,0.0092539685,0.0035605303,0.00085587986
ISIC_0025297,4,4.3424557e-06,3.131865e-07,4.518903e-06,0.00013351548,0.99985707,5.996587e-09,1.9589406e-07
ISIC_0024676,4,0.014894994,0.020095533,0.009643096,0.0024036607,0.9528165,1.2827518e-07,0.00014604481
ISIC_0026443,4,1.144481e-05,0.9616423,0.00038600428,2.3572418e-05,0.03793279,1.866017e-06,2.0327602e-06
ISIC_0027996,4,0.00031343504,0.011983976,0.0014760525,0.002138986,0.9840491,1.3583573e-05,2.4902898e-05
ISIC_0029051,4,1.3296477e-07,0.0006594663,1.1173016e-08,2.34547e-05,0.9993162,7.407775e-07,6.779221e-09
ISIC_0030208,4,0.000694458,0.012567469,0.00069620635,0.0367533,0.9492044,4.2383806e-05,4.1765645e-05
ISIC_0028254,4,0.00012317515,0.025777856,4.5463832e-08,3.3483086e-06,0.97408366,8.0625505e-06,3.839609e-06
ISIC_0031591,4,1.9506957e-07,1.539957e-06,4.6670166e-08,4.5269866e-05,0.9999529,7.933451e-10,3.8437875e-09
ISIC_0030007,4,0.005759214,0.0004656682,5.6943282e-08,0.003578058,0.9901209,3.1924614e-05,4.425316e-05
ISIC_0030812,4,0.007835656,0.0006633652,0.7960607,0.1953111,1.7515806e-05,3.3126067e-08,0.00011171381
ISIC_0029802,4,0.009964989,0.045038015,0.6059579,0.3048767,0.032194555,1.3339943e-06,0.0019664338
ISIC_0029789,4,0.722456,0.00023052494,7.7045155e-07,1.3238684e-05,0.27729625,6.569734e-09,3.30851e-06
ISIC_0030026,4,0.9994412,0.00029103,2.2693726e-08,1.29803e-06,0.00026577394,1.3267548e-07,4.3194632e-07
ISIC_0027754,4,0.0005655255,3.350781e-06,5.6924115e-08,4.542964e-06,0.9994265,3.480851e-11,3.7086594e-09
ISIC_0026286,4,5.047622e-07,0.022689492,1.1176522e-06,5.3009982e-05,0.97725576,5.9590715e-09,1.1125853e-07
ISIC_0024880,4,0.0029527813,0.042058118,4.566728e-05,1.4757466e-05,0.95492375,1.2540592e-06,3.5900302e-06
ISIC_0026679,4,0.39738962,0.16202551,2.0984098e-07,6.993479e-07,0.44049275,1.8726187e-05,7.2442344e-05
ISIC_0029420,4,0.0030503152,0.0007332279,3.2779168e-10,1.7821424e-06,0.9962147,7.496221e-09,3.712904e-08
ISIC_0026044,4,0.00026469817,0.99662685,7.428891e-06,2.3268383e-05,0.0030715147,2.2291285e-06,4.0030404e-06
ISIC_0030346,4,0.18977605,0.04650912,0.0032477563,0.026883697,0.7319958,0.00072423124,0.00086327654
ISIC_0026526,4,0.6785819,0.24505162,0.0012551496,0.004501528,0.063437484,0.00015995391,0.00701235
ISIC_0024547,4,0.981356,0.018636253,7.843206e-09,6.4973283e-06,1.1765987e-06,4.8470522e-08,2.0034516e-08
ISIC_0027760,4,0.00093190075,0.17910735,8.514356e-05,0.0025261668,0.81689274,0.00016674402,0.00028990707
ISIC_0026538,4,1.311297e-08,2.9118064e-05,8.6699725e-07,1.1731004e-05,0.99995613,4.0644434e-08,2.15327e-06
ISIC_0024893,4,0.00080403127,0.16680112,8.111886e-06,4.643381e-05,0.8319502,5.1869742e-06,0.00038496364
ISIC_0025716,4,0.010143864,8.886623e-06,0.00012591237,0.9841114,0.0056093005,1.3313455e-07,5.3228837e-07
ISIC_0028750,4,0.035254557,0.46003416,8.457478e-08,0.0057415282,0.49692765,0.0020112724,3.0772182e-05
ISIC_0030758,4,0.092913054,0.025343282,3.3127847e-06,1.5790805e-05,0.8804181,0.0011375152,0.00016891496
ISIC_0028550,4,0.82951796,0.12098753,5.070122e-05,0.0002998042,0.021346908,0.026114538,0.0016825715
ISIC_0024477,4,0.03730629,0.013831435,0.00041284732,2.3322478e-05,0.93102926,0.014386896,0.0030099743
ISIC_0026493,4,0.0061290385,0.10550146,4.510451e-06,1.3259527e-06,0.88450485,0.0010178233,0.0028409485
ISIC_0030876,4,0.0029481158,0.0002033017,1.939811e-06,0.9967225,0.00012377632,6.218343e-10,3.8676305e-07
ISIC_0024982,4,0.29854938,0.3391027,0.0041876948,0.19331908,0.1645345,5.992337e-06,0.00030072682
ISIC_0024696,4,0.857817,0.14120822,0.0004409572,7.262923e-07,0.00050686067,2.355777e-07,2.5934218e-05
ISIC_0031352,4,1.7239183e-06,1.3775119e-05,4.671409e-07,0.0011249017,0.9988586,4.5897403e-07,7.6595974e-08
ISIC_0026365,4,0.007009404,0.8765951,0.036528494,0.0052313213,0.0744014,2.031311e-05,0.00021410617
ISIC_0024495,4,0.3907313,0.58423746,1.6955377e-06,0.00023062687,0.02478,1.0375533e-06,1.7904562e-05
ISIC_0031138,4,0.0032149833,0.010040602,0.0040100478,0.020992422,0.96096295,0.0007675216,1.1412799e-05
ISIC_0028710,4,0.024581783,0.1619551,0.0035661338,0.084221415,0.72388905,0.0015369627,0.00024957515
ISIC_0027893,4,0.70346636,0.11837844,8.772266e-08,3.5202443e-06,0.17815156,3.4197067e-10,8.127792e-09
ISIC_0027064,4,0.0029055395,0.0071078204,6.040886e-06,0.41769564,0.06388331,0.5080569,0.00034481287
ISIC_0030231,4,0.005573681,0.051193863,0.00017633828,0.07560097,0.86441916,1.9224368e-05,0.0030167308
ISIC_0030988,4,0.20069078,0.006451236,0.22720173,0.1958919,0.36737517,4.274994e-05,0.0023464384
ISIC_0024336,4,0.06587198,0.0026050734,7.974272e-06,8.70903e-05,0.9314236,3.6957695e-06,4.4036912e-07
ISIC_0028995,4,0.00032216188,0.9993063,4.2992514e-08,7.3809716e-08,0.00036834276,1.2115372e-06,1.8554231e-06
ISIC_0026142,4,5.3041065e-05,0.9970253,2.4013405e-06,2.3898556e-06,0.0029148925,8.86956e-07,1.1996223e-06
ISIC_0031951,4,0.020409495,0.015954748,0.0009429811,0.0004940658,0.96219033,2.785524e-07,8.154543e-06
ISIC_0024851,4,0.9389791,0.061011124,1.6863574e-08,1.2939799e-07,9.703873e-06,1.8763928e-09,2.0275928e-08
ISIC_0024446,4,3.058826e-05,0.040487267,2.1354268e-07,0.0004083311,0.95907325,1.7857258e-07,1.305811e-07
ISIC_0026139,4,0.0022027085,0.008169466,5.5432145e-07,3.1727639e-06,0.9896231,9.039186e-07,4.1232475e-08
ISIC_0027967,4,0.00039073138,0.4689851,0.0008340024,0.5153026,0.01411041,0.00036800595,9.0864405e-06
ISIC_0024338,4,0.00012987395,0.9934297,1.010662e-06,2.326594e-05,0.0064152787,5.744728e-07,3.0103277e-07
ISIC_0030935,4,0.9631671,0.033018842,3.740581e-08,1.6429747e-05,0.0037976287,1.3324224e-09,2.8454883e-08
ISIC_0029213,4,0.17735721,0.016804202,6.6659402e-09,7.6805185e-07,0.8058378,1.7302662e-09,1.1811785e-07
ISIC_0032040,4,0.7843182,0.0031867565,6.2398327e-09,5.1608663e-07,0.21249129,7.646661e-09,3.2475987e-06
ISIC_0025292,4,5.7916974e-08,1.343915e-08,4.6491576e-05,0.0010574256,0.998896,7.68533e-09,4.243087e-08
ISIC_0024312,4,0.004973859,0.0009603213,0.98515004,4.3307923e-06,0.008895202,2.942138e-06,1.3321701e-05
ISIC_0030976,4,1.710407e-05,0.0011039891,0.7117093,5.0483358e-08,3.2809057e-05,0.0010718807,0.2860649
ISIC_0028376,4,2.5117483e-10,1.9497687e-08,1.7259493e-09,2.2670481e-07,0.99999976,2.7250337e-12,2.4270943e-09
ISIC_0026576,4,4.234307e-09,2.6758977e-09,2.6348337e-07,5.245315e-06,0.9999945,9.266405e-10,1.2081529e-08
ISIC_0026409,4,0.19521625,1.8148856e-05,0.035812013,0.5314747,0.23737748,2.815437e-06,9.851646e-05
ISIC_0025345,4,0.9504405,0.00023458299,0.0024668989,4.432677e-05,0.046750233,6.2023886e-05,1.3933605e-06
ISIC_0032303,4,0.8711251,0.006814384,0.0013798733,0.0069866013,0.11314358,0.0005325875,1.7883796e-05
ISIC_0032103,4,0.0435873,0.00026238503,0.23715416,0.7133723,0.0054196278,5.0217615e-05,0.00015403681
ISIC_0024825,4,0.009731873,1.8121127e-05,0.00028567718,0.0002517841,0.98967594,3.2778655e-05,3.8452736e-06
ISIC_0024881,4,0.00013102072,0.16291365,0.8114349,0.0007021724,0.00023524112,3.8835653e-05,0.024544094
ISIC_0027094,4,0.00022143823,2.8293562e-05,4.512354e-06,3.4166813e-05,0.99971133,1.9297927e-08,2.2258695e-07
ISIC_0028628,4,0.868914,0.119580895,9.790774e-05,0.0028896905,0.008509204,2.8776887e-07,7.914875e-06
ISIC_0026539,4,1.6821194e-05,0.0003837533,4.6832674e-06,1.2297333e-05,0.99079424,0.00015190199,0.008636373
ISIC_0029764,4,2.7400323e-05,0.0001550387,0.006101994,0.00018668128,0.9923253,1.8711286e-07,0.0012033691
ISIC_0027859,4,0.07835285,0.09064394,2.737574e-05,0.48679826,0.3408425,0.003042476,0.00029257152
ISIC_0029329,4,3.1964153e-06,0.00023931371,0.99750155,2.0650285e-08,0.0022548693,5.7146914e-09,1.1075344e-06
ISIC_0028343,4,0.41592053,0.10515756,1.2252547e-06,5.7381226e-06,0.478912,8.741369e-08,2.9079724e-06
ISIC_0027239,4,0.10787874,3.3062674e-06,0.0006315772,0.89073855,0.0006741034,3.7261514e-05,3.6412483e-05
ISIC_0030700,4,3.9319097e-05,0.0018405089,0.0014431889,0.9954163,5.8848807e-05,0.0011839588,1.7893115e-05
ISIC_0028622,4,0.9845061,1.2379494e-06,3.6352903e-09,3.11346e-06,0.01548804,2.7439578e-08,1.4678009e-06
ISIC_0031872,4,0.98076105,5.3761716e-05,0.01085676,2.7439596e-06,0.008303266,2.2062672e-05,4.418132e-07
ISIC_0026280,4,0.008149846,8.39131e-05,1.872751e-05,3.106538e-05,0.9912675,3.5988631e-07,0.00044865833
ISIC_0027811,4,2.1556158e-05,8.40806e-07,4.004274e-10,6.779453e-08,0.99997723,3.955917e-10,1.9893186e-07
ISIC_0029232,4,4.8294683e-06,8.379318e-06,7.742606e-08,1.4180112e-08,0.9999857,9.087148e-10,9.404231e-07
ISIC_0025470,4,7.126588e-05,4.5926394e-05,2.3720226e-08,3.9171758e-10,0.9998822,1.2235188e-08,5.164934e-07
ISIC_0029070,4,0.020183483,0.12030504,2.399676e-05,0.8260259,0.0319499,0.0012204838,0.00029118455
ISIC_0028822,4,0.0005081175,0.0022809696,0.000107890664,0.93532914,0.06127693,0.00047868866,1.82623e-05
ISIC_0028876,4,0.0002562895,0.00014450724,1.4181443e-06,3.3635315e-05,0.9995598,1.4269713e-07,4.2148463e-06
ISIC_0029527,4,0.00010683821,0.0009554528,7.3340325e-06,2.75265e-06,0.9989121,1.8549174e-06,1.37895395e-05
ISIC_0031987,4,0.1461104,0.5150707,4.725999e-05,0.0005556352,0.28147292,0.05604544,0.00069770875
ISIC_0028623,4,0.062423337,0.03815105,0.00019153756,0.000811851,0.89583874,5.832525e-05,0.0025251838
ISIC_0025515,4,0.14599176,0.04714499,8.3780615e-06,6.3304986e-05,0.8066435,1.3992703e-05,0.00013413864
ISIC_0029823,4,0.003862258,0.00081167213,3.1947712e-07,7.680309e-08,0.99531317,5.0581916e-09,1.2406371e-05
ISIC_0024782,4,0.74942195,0.07105169,6.149459e-06,2.8349137e-05,0.17675003,0.00010277219,0.0026391211
ISIC_0029872,4,5.8225778e-05,0.0024375482,0.022629214,6.9274083e-06,0.9748575,1.2513369e-06,9.318967e-06
ISIC_0029235,4,0.2191869,0.00020193569,1.7732839e-06,0.0025463277,0.7780379,1.1683061e-06,2.392984e-05
ISIC_0029320,4,0.7235756,0.11490593,1.2302766e-06,0.00020109904,0.13667801,0.024494786,0.00014337826
ISIC_0029427,4,0.00040582573,0.11817323,1.884165e-09,4.6206308e-10,0.8811528,0.00026722637,9.3444555e-07
ISIC_0028309,4,0.00039193247,0.17990662,3.176041e-07,1.7754779e-07,0.8197,3.4641837e-07,6.4446255e-07
ISIC_0027905,4,7.8037476e-05,0.9932614,2.879732e-06,3.866103e-08,0.0066479314,4.2766655e-06,5.4754446e-06
ISIC_0027831,4,0.9822558,0.00020732493,1.5973282e-09,1.1841843e-05,0.017524928,1.9396149e-08,5.902184e-08
ISIC_0026717,4,0.004313077,0.00070648664,9.03903e-09,4.2303416e-08,0.9949804,4.1221277e-08,4.0760835e-09
ISIC_0027463,4,7.817897e-05,0.0019124666,1.4309758e-05,2.182934e-06,0.99796957,1.7346104e-06,2.1470678e-05
ISIC_0025810,4,0.0001120516,5.3506992e-05,1.994004e-07,5.5197454e-08,0.99983394,3.5658754e-08,1.5942906e-07
ISIC_0032170,4,0.00051895605,0.48337948,1.5425177e-07,2.745205e-07,0.51163596,4.4224336e-05,0.004420977
ISIC_0031428,4,0.016155856,0.4252281,7.204544e-06,0.0065276017,0.5511853,0.0008213478,7.4686104e-05
ISIC_0032827,4,0.6858613,0.0093456,0.00062252564,3.1661722e-05,0.3012142,0.0023925032,0.00053229067
ISIC_0033022,4,0.00039237784,6.3964735e-06,9.357695e-06,9.144272e-06,0.99956685,1.3515569e-05,2.3264304e-06
ISIC_0032804,4,3.181895e-06,2.3612472e-05,1.8328357e-07,1.5040616e-06,0.99997103,7.3104607e-09,3.6320102e-07
ISIC_0033924,4,1.2377673e-06,2.0292057e-06,1.1099687e-08,1.924628e-06,0.9999944,7.590929e-09,4.0706598e-07
ISIC_0033531,4,6.8831745e-05,4.450967e-06,5.367243e-06,3.612821e-06,0.99991655,3.8406675e-08,1.1798637e-06
ISIC_0034167,4,0.4691602,0.16553757,1.045596e-06,3.9637234e-06,0.36528462,5.410085e-06,7.1206855e-06
ISIC_0033949,4,4.4492053e-06,0.0002400196,4.3358723e-06,6.5211545e-08,0.9997218,5.910822e-08,2.9212639e-05
ISIC_0033553,4,0.00018131691,0.00047256082,4.225414e-09,1.8631872e-09,0.9993457,9.057384e-08,4.056409e-07
ISIC_0033401,4,2.2977013e-06,0.00076969306,2.2208715e-09,5.079678e-10,0.99922705,9.723231e-08,9.717934e-07
ISIC_0033169,4,1.0036464e-05,0.0038298278,2.3264583e-06,0.0001529804,0.9960038,3.6867746e-07,6.92207e-07
ISIC_0033490,4,4.8395716e-08,1.7963346e-05,1.2951247e-06,8.896938e-06,0.9999602,1.3715571e-06,1.0318473e-05
ISIC_0031601,4,3.45215e-07,0.00023544618,6.0002876e-08,1.5750451e-10,0.999764,9.538825e-10,6.3387155e-08
ISIC_0029113,4,1.7366258e-06,0.040221885,6.044728e-07,3.4217589e-09,0.95712084,4.6592942e-07,0.0026543974
ISIC_0031897,4,3.890498e-06,3.687286e-05,4.6084103e-10,1.0041749e-08,0.99991107,4.6890545e-05,1.2333659e-06
ISIC_0028681,4,1.220207e-07,0.0012503215,6.2597566e-10,3.6636472e-09,0.9987494,3.519012e-08,6.6849324e-08
ISIC_0030959,4,0.0003726043,0.0064148186,2.1908777e-06,9.718091e-06,0.993153,1.38694395e-05,3.385684e-05
ISIC_0026046,4,8.48752e-09,1.4734836e-06,1.3919876e-07,1.11127365e-08,0.9999982,3.9382933e-10,2.2008456e-07
ISIC_0027875,4,1.1022375e-06,0.0002228695,2.3249767e-09,3.3566707e-08,0.9997758,2.3275913e-08,2.5203113e-07
ISIC_0026291,4,0.00026082163,0.008773029,1.4977266e-08,6.380423e-07,0.99089676,1.6936526e-06,6.710128e-05
ISIC_0026907,4,0.00012387098,0.04952716,0.0029132264,4.126669e-05,0.9462504,4.925239e-06,0.0011391588
ISIC_0030067,4,3.2451127e-05,0.015157504,6.7213584e-08,1.3420984e-09,0.9848007,9.088172e-06,2.9172205e-07
ISIC_0031436,4,2.797567e-05,0.9739257,5.070551e-08,1.6361516e-06,0.0029947525,0.023044212,5.7313373e-06
ISIC_0031558,4,0.006609684,0.5152779,4.9934537e-05,0.00024810375,0.47074103,0.006997795,7.555445e-05
ISIC_0031577,4,0.0001587182,0.99982506,3.723207e-11,4.810837e-09,1.5089673e-05,1.1638969e-06,7.3085005e-09
ISIC_0027710,4,3.807042e-05,0.99996006,8.612413e-14,1.5953258e-10,1.3530993e-06,4.3229463e-07,5.904711e-09
ISIC_0025131,4,2.2095408e-09,2.1907262e-07,2.0733545e-11,1.4031079e-11,0.99999976,9.4765404e-11,1.5275942e-08
ISIC_0032359,4,1.3205079e-07,0.008009722,1.6058438e-07,3.987857e-08,0.99197304,1.2566132e-06,1.567526e-05
ISIC_0026262,4,0.0006907006,0.9963677,6.173379e-07,9.973863e-06,0.002905706,3.917747e-06,2.1368021e-05
ISIC_0030583,4,2.394938e-05,0.0016447341,4.3086544e-08,4.7262947e-08,0.99831843,1.057821e-05,2.2552506e-06
ISIC_0030789,4,1.7407059e-06,1.1437847e-05,8.3054164e-10,1.963622e-09,0.99998677,3.6702733e-08,3.113691e-08
ISIC_0030321,5,3.9130487e-06,0.010083142,0.0838875,6.8442337e-06,1.1430408e-05,0.9058153,0.00019189261
ISIC_0029039,5,4.1360163e-05,0.56680673,0.0066407872,0.008851425,0.41064993,0.0037518626,0.0032579452
ISIC_0025504,5,0.0022168634,0.99209213,4.722597e-07,0.00010929135,0.0055585788,2.0642325e-05,2.0007026e-06
ISIC_0032138,5,5.0862276e-08,0.00016012757,1.2556767e-06,0.5208879,0.0004297534,0.47851926,1.6171145e-06
ISIC_0025954,5,9.8763434e-05,0.47209272,0.00016514403,0.37971133,0.13859434,0.00924304,9.4711046e-05
ISIC_0029783,5,0.0030326974,0.27804872,0.00049123354,0.71281385,0.0050919554,0.0003529426,0.00016854377
ISIC_0029578,5,0.0004663693,0.99316794,6.10746e-07,0.00616457,7.288233e-07,0.0001997634,6.57607e-08
ISIC_0030011,5,0.8978308,0.05411448,3.0929786e-07,0.00012532168,0.0007426959,0.035657723,0.011528716
ISIC_0030427,5,0.15488075,0.020984178,1.7169411e-06,0.0002916072,0.00019252666,0.8195996,0.0040496024
ISIC_0027626,5,0.11879465,0.028765695,0.0039319564,0.021189265,5.7463392e-05,0.5015365,0.32572442
ISIC_0024973,5,0.022709742,0.9722385,0.0001062223,7.765418e-05,0.0001264238,0.004671589,6.9863876e-05
ISIC_0029891,5,0.2379544,0.011500447,0.45565102,0.29375756,0.00041441503,1.6452204e-05,0.00070572837
ISIC_0026473,5,0.102259025,0.008795448,0.0001922585,0.8408466,3.866513e-05,0.047522858,0.00034511005
ISIC_0032114,5,0.059150625,0.85726,0.00023928375,0.022685956,0.05499861,0.00560338,6.21476e-05
ISIC_0026789,5,4.5434324e-05,9.99753e-05,1.3517893e-05,0.99633324,3.2218327e-06,0.003342898,0.00016175676
ISIC_0029962,5,3.8282756e-06,0.39159715,0.00016055028,0.01007274,0.012074973,0.58604974,4.0993866e-05
ISIC_0031457,5,0.009702579,0.96437055,7.141202e-08,0.00013597093,0.018908974,0.0068809027,9.2604455e-07
ISIC_0031372,5,2.7271394e-06,1.10013e-05,9.970954e-08,5.1777208e-11,1.4442196e-10,0.9999862,3.030847e-08
ISIC_0026313,5,5.3694194e-08,6.444594e-06,5.49645e-07,2.7052909e-11,4.695988e-10,0.99999297,3.1811692e-10
ISIC_0027598,5,0.00051498116,0.15908228,5.341829e-09,7.860144e-08,0.0011503376,0.83924747,4.8897873e-06
ISIC_0025314,5,3.5373053e-09,7.099956e-10,1.3492456e-13,2.4653447e-15,1.0088912e-10,0.9999993,7.5324397e-07
ISIC_0029297,5,3.345158e-11,1.1433448e-07,2.386004e-10,6.1714554e-15,8.524772e-12,0.9999999,1.4037786e-09
ISIC_0026531,0,0.99987864,1.02232325e-05,9.004215e-09,1.9754685e-08,0.000110025045,2.9547445e-07,7.905187e-07
ISIC_0032396,0,0.97052526,0.019668076,1.0827258e-06,0.0014048469,0.0024200745,0.0003091741,0.005671434
ISIC_0030443,0,0.97610927,0.023861516,2.9542963e-07,1.021087e-06,2.718886e-05,3.414054e-07,3.179973e-07
ISIC_0031499,0,0.99541473,0.004535218,7.740398e-10,4.9909497e-05,1.1895075e-07,1.0399248e-09,3.8114982e-09
ISIC_0029081,0,0.9973123,0.0026851946,1.9559606e-07,7.577461e-07,1.5255958e-06,1.8718799e-08,6.99112e-08
ISIC_0025744,0,0.12004402,0.87884194,2.1297597e-06,2.3165741e-05,0.001014914,7.3337674e-07,7.313687e-05
ISIC_0030119,0,0.91656625,0.000259291,4.320148e-07,0.026367009,1.890589e-06,0.0020230757,0.054782055
ISIC_0028215,0,0.9996679,0.0002723569,6.0381876e-06,1.1964923e-06,8.2249795e-07,6.9751627e-06,4.474148e-05
ISIC_0032400,0,0.99695444,0.0030387184,2.2467126e-09,3.393171e-08,5.2011384e-08,3.2903538e-09,6.7824635e-06
ISIC_0024545,0,0.99996364,9.502103e-06,1.9039678e-11,8.300679e-10,1.0653715e-08,4.4993635e-09,2.6805557e-05
ISIC_0026892,0,0.0065024314,0.9457221,0.04294203,1.3392707e-06,0.004654574,0.00011353719,6.3979765e-05
ISIC_0024987,0,0.0061568758,0.14749548,0.0011315612,2.7549855e-05,0.84493476,2.6846627e-07,0.00025353298
ISIC_0029913,0,0.9118336,0.08784054,1.5307728e-07,1.4153293e-06,8.67347e-05,0.00015516728,8.2434584e-05
ISIC_0026909,0,0.8194833,0.06390245,2.1919392e-07,3.6499148e-09,6.3607524e-09,0.116608925,5.0180047e-06
ISIC_0032308,0,0.99999547,4.488101e-06,1.3131419e-14,1.3661666e-12,3.9674576e-11,3.9745754e-12,1.1539519e-13
ISIC_0030798,0,0.99993193,6.6795634e-05,3.239428e-07,7.8950116e-08,6.9878087e-07,8.84024e-08,1.7082108e-08
ISIC_0026596,0,0.44177854,0.5578985,3.0187373e-05,8.289135e-05,0.00020126007,5.435987e-07,8.0780155e-06
ISIC_0028056,0,0.9899805,0.009809368,1.5877487e-06,0.00019404107,1.4205849e-05,5.9923636e-08,3.1881905e-07
ISIC_0032244,0,0.99915266,0.000842636,4.422766e-07,4.98111e-08,3.6336107e-06,2.4477228e-07,2.931609e-07
ISIC_0029651,0,0.99940836,0.0005908048,4.6089806e-08,2.6744171e-08,4.7892485e-07,2.9007262e-07,5.081251e-09
ISIC_0032044,0,0.99997544,2.0359914e-05,3.1884374e-11,2.6975727e-10,3.095179e-06,1.1239937e-06,6.9936528e-09
ISIC_0027253,0,0.9999987,1.2328824e-06,8.364038e-09,2.6179117e-10,8.575073e-08,9.565253e-12,7.7271345e-10
ISIC_0032046,0,0.9963477,0.00041909312,1.638407e-05,8.090196e-07,0.0032153584,3.234377e-07,3.4923525e-07
ISIC_0024624,0,0.999057,0.0008851808,4.9493774e-06,8.0196355e-07,4.4562756e-05,8.589252e-07,6.780253e-06
ISIC_0031941,0,0.99998415,9.0450985e-06,5.423117e-07,7.7889736e-11,6.151925e-06,1.7624187e-09,2.3227926e-09
ISIC_0024315,0,0.99498993,0.0050050607,1.20332935e-08,5.6622096e-10,2.3916652e-07,4.7522794e-06,3.0067728e-08
ISIC_0025219,0,0.9999995,4.192007e-07,3.5831466e-14,1.0360018e-16,1.0077514e-13,8.7954535e-13,2.671661e-14
ISIC_0026458,0,0.9999957,4.321557e-06,9.372039e-13,5.954966e-14,8.324884e-11,3.597006e-10,6.8347576e-12
ISIC_0027487,0,0.06532132,0.9234831,0.005263637,1.4918879e-05,1.398973e-06,0.000671935,0.005243638
ISIC_0030089,0,0.00013653234,0.21268906,0.25785092,1.1145145e-06,9.216847e-07,0.017830212,0.51149124
ISIC_0027616,0,0.008534327,0.97416854,0.0003103036,9.722707e-10,3.3923807e-05,0.0006959366,0.016256934
ISIC_0027261,0,0.019831039,0.001661852,5.968918e-05,0.97825533,1.5517204e-05,4.3768787e-06,0.00017219206
ISIC_0028505,0,0.4133521,0.29937446,0.0022803687,0.0042225085,0.27247822,0.00075411727,0.007538182
ISIC_0024675,0,0.026669307,0.9732902,2.8974252e-06,1.4624558e-08,3.5227713e-05,3.295307e-07,2.0546565e-06
ISIC_0025891,0,0.0002993381,0.9988349,4.8446245e-06,2.3485671e-07,0.0008589715,6.384859e-07,1.1289293e-06
ISIC_0027693,0,0.18332933,0.8166691,7.003857e-09,4.1232573e-09,8.2848324e-08,1.4523794e-06,1.2534352e-08
ISIC_0029017,0,0.89052016,0.109407164,3.2013413e-05,5.0572588e-08,3.9961316e-05,5.248109e-07,1.8341707e-07
ISIC_0025927,0,0.99998784,4.7317585e-09,1.3742174e-10,4.989299e-11,1.5834252e-11,1.2098473e-05,9.920538e-10
ISIC_0031189,0,0.99195355,0.0010875118,3.747842e-05,0.0012822791,0.0056223883,2.504246e-07,1.6490905e-05
ISIC_0032190,0,0.9944015,0.0049261833,3.4211002e-08,0.0005248327,0.00014651881,1.6644409e-09,8.9362356e-07
ISIC_0031890,0,0.6122149,0.06554699,1.5690144e-07,0.0020894085,0.3201377,8.402655e-06,2.3789048e-06
ISIC_0029242,0,0.99999774,5.608646e-08,5.0071444e-12,1.952365e-09,1.7931301e-08,1.2160999e-09,2.3077953e-06
ISIC_0027263,0,0.99979264,1.3506437e-06,8.634566e-08,4.2674063e-08,1.8694647e-05,2.0391533e-07,0.000187055
ISIC_0028878,0,0.5909916,0.40451685,0.00016705274,1.1178621e-05,0.004202763,4.2522566e-05,6.7954956e-05
ISIC_0033312,0,0.9998306,0.0001686507,2.341745e-09,6.263507e-07,1.0931781e-07,9.402647e-09,2.2327495e-09
ISIC_0027721,0,0.9675964,0.00020828983,0.00017741068,1.9157118e-05,0.03199628,1.0346408e-06,1.3648887e-06
ISIC_0026697,0,0.87350476,0.00014490075,6.1484224e-07,0.12454412,0.001805502,7.546014e-08,2.4845225e-08
ISIC_0030552,0,0.0039362474,0.9958009,3.0209597e-09,0.00024385643,1.8209019e-05,4.5616827e-07,2.9647788e-07
ISIC_0030824,0,0.9999349,5.237533e-05,2.007332e-06,1.1940262e-09,1.0609109e-05,3.24408e-08,5.56153e-08
ISIC_0028325,0,0.95875645,0.04116421,6.525075e-07,8.762747e-07,7.745763e-05,7.35438e-08,2.3900975e-07
ISIC_0024537,0,0.99999964,3.2511332e-07,2.0722365e-10,8.37983e-11,2.3191818e-08,4.0693577e-09,1.914789e-09
ISIC_0025489,0,0.024644144,0.9753298,4.5341272e-10,2.9643755e-07,2.4128076e-05,2.8663631e-08,1.6016692e-06
ISIC_0025265,0,0.74248517,0.2574753,3.5463793e-06,4.5464876e-07,3.1744265e-05,4.018886e-07,3.3988435e-06
ISIC_0027260,0,0.9999213,7.864266e-05,2.396162e-08,3.4253045e-09,3.742568e-08,4.912722e-09,7.1461543e-09
ISIC_0027604,0,0.99979514,0.00020473456,4.3513824e-09,9.484314e-10,1.2818762e-07,4.9535154e-10,4.763152e-09
ISIC_0029434,0,0.9942859,0.005707439,2.8167947e-06,3.102559e-07,3.28152e-06,8.755649e-09,2.2738544e-07
ISIC_0024756,0,0.44524994,0.55352044,0.0011792646,3.331678e-05,1.5421949e-05,6.415635e-07,9.701557e-07
ISIC_0032888,0,0.99551564,0.0022867047,1.2456523e-07,2.4467536e-06,0.00013771417,1.4653211e-06,0.0020558855
ISIC_0033968,0,0.9921374,0.0040569594,1.639846e-07,1.7840238e-08,0.00232052,6.1848527e-06,0.0014787886
ISIC_0033333,0,0.0017736781,0.9982247,7.515821e-08,9.827741e-10,7.2623965e-09,1.9263211e-07,1.381942e-06
ISIC_0033717,0,0.0031181246,0.9965294,0.00011207368,1.0268777e-06,3.6582416e-05,2.698352e-05,0.0001758017
ISIC_0034120,0,0.9823751,0.017606843,1.9261692e-07,6.2908295e-10,3.4047513e-08,3.769622e-08,1.7859182e-05
ISIC_0032604,0,0.010032249,0.000118323595,5.1341035e-06,4.7238056e-05,0.9897855,2.9270513e-08,1.1570279e-05
ISIC_0033428,0,0.13249259,0.0006584723,9.4768694e-08,9.770879e-05,0.8667301,6.804338e-09,2.098347e-05
ISIC_0033975,0,0.9867552,0.0002532451,0.0012054907,3.128253e-05,0.0020326774,0.00803462,0.0016875353
ISIC_0033278,0,0.9941572,0.00017249266,2.5226716e-05,1.8607861e-05,0.0010586376,0.0036540122,0.0009137378
ISIC_0033679,0,0.9080616,1.806374e-05,0.00022645049,1.7911956e-05,5.609331e-05,0.09143108,0.00018874186
ISIC_0033152,0,0.05527455,0.9390389,1.890454e-06,4.4831532e-07,0.0055438015,3.5910608e-07,0.00014006389
ISIC_0032017,0,0.9995888,8.6231084e-05,2.7101414e-05,7.648162e-06,0.000289743,8.361574e-11,3.7472742e-07
ISIC_0029363,0,0.60593283,0.025849743,0.35530382,0.00020157637,0.012102899,0.00038012932,0.00022905497
ISIC_0033068,0,0.953635,0.031802326,0.0006507317,0.008987636,0.00429554,0.000327088,0.00030174945
ISIC_0034218,0,0.62238693,0.22401191,0.0048934845,0.00019818706,0.14842883,4.383614e-05,3.6845708e-05
ISIC_0034263,0,0.96130234,0.033512853,0.002019808,0.00012698633,0.0029201314,7.1893504e-05,4.5942386e-05
ISIC_0034262,0,0.9988667,0.00087212806,7.138539e-08,1.8849456e-05,0.00023159405,1.9570532e-06,8.731986e-06
ISIC_0033103,0,0.9923781,0.0076165693,1.8092884e-10,3.1463353e-06,1.2059969e-06,9.97341e-07,4.2219586e-08
ISIC_0034106,0,0.9899711,0.0100187315,7.975753e-10,8.4509946e-07,8.290055e-06,9.635226e-07,1.06535275e-07
ISIC_0033725,0,0.36548704,0.6324039,0.0009429995,1.5763761e-06,0.0011642469,1.1812717e-08,2.3138668e-07
ISIC_0032537,0,0.005215384,0.9946562,3.0623014e-06,1.3174858e-05,0.00011182291,2.849332e-07,1.00113546e-07
ISIC_0033287,0,0.70062476,0.2993086,3.9720675e-07,3.7200522e-07,5.700429e-05,8.49745e-06,3.2520634e-07
ISIC_0029632,0,0.9999919,8.12055e-06,3.261691e-13,9.3618316e-14,7.9930423e-10,2.8583183e-11,6.001761e-11
ISIC_0029209,0,0.009959435,0.6430847,0.05244756,0.010309707,0.2838661,6.829728e-05,0.00026420006
ISIC_0032726,0,0.9948954,0.004092432,4.1353136e-11,1.321594e-08,0.0010112814,3.5313832e-08,7.903989e-07
ISIC_0033272,0,0.9633303,0.02763701,3.3241798e-09,3.3612258e-05,0.008994017,1.00570645e-07,4.9471573e-06
ISIC_0033317,0,0.0041921996,0.98055595,2.6819308e-07,2.0857158e-07,0.015250528,5.33693e-08,8.5886614e-07
ISIC_0034269,0,0.6205202,0.35504302,1.6108172e-07,3.5351248e-05,0.024397515,5.4244462e-09,3.7616046e-06
ISIC_0033956,0,0.50810564,0.47627982,1.7658226e-06,1.1339871e-06,0.015609852,1.4189236e-07,1.6056822e-06
ISIC_0033241,0,0.0981999,0.901794,3.7326825e-07,1.6607649e-07,7.003944e-08,4.428527e-06,9.744859e-07
ISIC_0032598,0,0.40997374,0.5900245,8.852944e-08,7.2238436e-07,1.0596895e-08,8.915064e-08,8.9887095e-07
ISIC_0034289,0,0.6156279,0.384369,4.0057793e-07,3.4205198e-07,5.111498e-07,3.0818117e-07,1.5546037e-06
ISIC_0033687,0,0.96923155,0.030740678,5.012353e-09,2.7297761e-05,2.462119e-07,2.1102282e-07,3.736586e-08
ISIC_0034085,0,0.99755955,0.0024366574,3.10067e-08,2.0748635e-06,1.6976503e-06,1.3574816e-08,2.7051797e-08
ISIC_0032603,0,0.008420387,0.99157715,8.830365e-08,8.956584e-08,1.4284769e-06,1.6050807e-07,6.551617e-07
ISIC_0033871,0,4.6123107e-05,0.9999534,1.8494557e-09,1.3544909e-08,4.42661e-07,8.744033e-09,1.8930589e-08
ISIC_0032955,0,0.009338041,0.990137,3.331963e-09,1.0300827e-07,0.00052478095,9.782579e-09,4.0575824e-08
ISIC_0032812,0,0.0008062696,0.99891794,2.332906e-05,0.00016026206,1.1941538e-05,6.979998e-05,1.0523437e-05
ISIC_0033619,0,0.04581225,0.95069957,5.077953e-06,0.003459541,2.8289546e-06,1.2789185e-05,7.933008e-06
ISIC_0034065,0,7.6391865e-05,0.99987304,4.2978618e-07,9.299168e-06,3.8852758e-07,3.9628023e-05,8.024533e-07
ISIC_0033209,0,0.48064518,0.46036267,3.53663e-05,0.0005892948,0.058363214,3.691748e-09,4.300148e-06
ISIC_0034074,0,0.92949325,0.07050421,4.796075e-10,1.5437066e-06,6.7939834e-07,5.9074257e-10,3.7799646e-07
ISIC_0032699,0,0.7820487,0.21792413,1.3154097e-09,2.3252553e-06,2.4808258e-05,2.6866105e-09,1.0312591e-08
ISIC_0028460,0,0.99983287,4.2226715e-05,0.0001239215,4.2198408e-07,5.1107673e-07,7.702885e-10,4.1719648e-08
ISIC_0033470,0,0.99712795,0.002794375,1.047722e-06,2.3209511e-06,6.743546e-05,1.4533174e-06,5.4660063e-06
ISIC_0034094,0,0.08854224,0.9111591,4.4050682e-07,5.29212e-07,0.00029281367,4.557494e-06,3.12708e-07
ISIC_0033560,0,0.99954623,0.0004534189,1.2878558e-09,3.801159e-08,1.654837e-07,2.3864892e-08,9.890553e-08
ISIC_0034061,0,0.9998392,0.00016076241,2.3594171e-12,1.5628675e-09,2.7606426e-09,5.659913e-09,2.9676293e-09
ISIC_0032716,0,0.99996626,3.3784974e-05,7.0429058e-12,1.4435017e-11,1.947308e-10,5.094455e-09,3.6458514e-10
ISIC_0034159,0,0.9940222,0.0059776995,8.718403e-09,5.917521e-10,3.223569e-08,2.6924576e-08,5.078181e-08
ISIC_0033872,0,0.99361223,0.0058136014,6.3898064e-08,0.0004906778,7.8898134e-05,3.554873e-06,1.0299103e-06
ISIC_0032617,0,0.9980355,0.0012035064,1.9730498e-06,9.6936164e-05,0.00065528613,7.3180394e-07,6.0550215e-06
ISIC_0034048,0,0.91756606,0.07989339,6.9150957e-07,2.8873497e-08,0.0025341948,7.2928964e-07,5.0357767e-06
ISIC_0033905,0,0.94264084,0.057330754,9.226913e-08,1.2212966e-05,1.5834306e-05,9.616401e-08,1.6269323e-07
ISIC_0033981,0,0.9989882,0.0009851868,9.1884583e-10,2.6810685e-09,2.6450085e-05,2.1279025e-08,1.2677401e-07
ISIC_0033269,0,0.99999905,8.6812497e-07,2.1375175e-10,3.406859e-08,2.5660647e-09,2.509832e-09,4.959586e-09
ISIC_0032081,0,0.99975985,2.6176325e-05,1.4048825e-09,5.035281e-06,0.00020866132,6.353541e-08,2.083542e-07
ISIC_0033901,0,0.99924797,0.0007169011,8.266412e-08,2.8690797e-06,1.9528077e-05,3.0313085e-08,1.2491938e-05
ISIC_0032917,0,0.9997861,0.00021304493,3.4943428e-09,4.0123876e-08,4.3020887e-07,2.590406e-07,1.6703956e-07
ISIC_0032925,0,0.9967333,0.0032034044,1.2338402e-06,2.6249427e-06,3.6301728e-05,4.084655e-07,2.2681841e-05
ISIC_0031709,0,0.41791898,0.57051516,0.0005700773,0.010507246,0.00048790063,8.34002e-08,6.479738e-07
ISIC_0032684,0,0.9999945,5.364447e-06,1.2726243e-08,2.3579942e-11,6.9310964e-08,2.6061495e-09,8.528821e-09
ISIC_0034052,0,0.99590486,0.004043,2.0124553e-07,9.163528e-09,1.8115527e-07,2.546239e-07,5.1444375e-05
ISIC_0033171,0,0.9736082,0.026369262,8.204897e-07,8.5425356e-08,6.3546518e-06,9.944338e-07,1.4316442e-05
ISIC_0033426,0,0.9999918,4.6585847e-06,8.098735e-07,5.910566e-07,1.2933498e-08,7.411723e-07,1.4633523e-06
ISIC_0033546,0,0.15177616,0.84813946,2.7246354e-09,5.2529714e-10,1.0853128e-07,6.879205e-05,1.5467183e-05
ISIC_0033081,0,0.9905703,0.009350841,5.01496e-07,2.5179543e-06,6.540573e-05,7.2384596e-06,3.1659933e-06
ISIC_0033141,0,0.1633145,0.83615476,1.0810155e-06,1.1315474e-09,2.0474452e-06,0.0005271216,4.9012834e-07
ISIC_0033261,0,0.005319112,0.9946365,9.612135e-07,1.771541e-09,1.3797475e-05,2.941553e-05,1.8692478e-07
ISIC_0032766,0,0.04603112,0.9520862,2.9989818e-07,0.00026011973,0.0014985254,0.00012219397,1.4712457e-06
ISIC_0030031,0,0.3497735,0.6474817,4.4972532e-07,9.374172e-05,0.0026451785,3.6623091e-09,5.5129017e-06
ISIC_0028655,0,0.9995695,0.0001707675,1.988955e-07,1.9264275e-05,0.00024014212,1.2612431e-08,1.1989736e-07
ISIC_0032462,0,0.6593752,0.3406206,3.2188038e-07,1.9703596e-06,1.6608082e-06,5.501113e-10,3.2341148e-07
ISIC_0031479,0,0.99996185,3.8138187e-05,2.2787794e-13,3.3892297e-10,1.9029124e-10,5.31283e-10,5.2209487e-12
ISIC_0034205,0,0.1918353,0.8061005,4.2294356e-08,0.00012393921,0.001874371,1.059311e-06,6.480782e-05
ISIC_0033612,0,0.43141985,0.56757873,4.4295106e-05,0.00038662687,0.0005605851,4.033425e-06,5.891421e-06
ISIC_0034049,0,0.9990633,0.00083715696,8.0297795e-09,1.7149654e-09,9.9313926e-05,1.1993863e-07,1.2399597e-07
ISIC_0033300,0,0.56723607,0.43274826,3.3138303e-09,2.3568546e-06,1.1496359e-05,1.0346694e-06,8.053012e-07
ISIC_0033616,0,0.0009674511,0.9990189,3.1143983e-09,1.2727033e-07,1.3385155e-05,2.0359002e-08,1.4417918e-07
ISIC_0029606,0,0.57504416,0.424955,4.3051727e-09,1.0018363e-08,4.90348e-07,6.499597e-08,2.5695277e-07
ISIC_0033099,0,0.014558456,0.9854409,1.32122e-09,4.380557e-08,6.089314e-07,2.8724612e-08,8.4386365e-09
ISIC_0032723,0,0.9992729,0.0007270377,1.7421374e-10,2.901914e-10,8.7031566e-08,4.7091686e-09,2.0432378e-08
ISIC_0032751,0,0.99595034,0.004034168,5.876406e-08,2.1140711e-09,1.5350097e-05,7.6288224e-08,5.0262865e-09
ISIC_0032597,0,0.95955527,0.040397476,5.3586615e-07,2.7084754e-09,4.650428e-05,6.866011e-08,1.484774e-08
ISIC_0033670,0,0.056694496,0.9433029,1.7620742e-10,6.698794e-10,8.913151e-07,1.7032125e-06,3.5874294e-08
ISIC_0029740,0,0.04613076,0.9538679,7.40206e-11,2.3789415e-10,1.2956094e-06,9.3569295e-09,3.7427452e-09
ISIC_0033593,0,0.93013495,0.06978494,3.3030353e-11,1.0203993e-10,8.013325e-05,3.1024971e-09,3.7188734e-09
ISIC_0033559,0,0.99999774,2.2927159e-06,1.2503812e-13,1.4672091e-10,2.4156925e-08,1.4027098e-10,6.7708686e-12
ISIC_0032922,0,0.9998273,0.00010091403,4.4591683e-10,6.7898276e-07,7.054011e-05,4.4730174e-07,7.712935e-08
ISIC_0033487,0,0.21338065,0.33813527,0.33481228,0.00022791405,0.0016804824,3.7177288e-05,0.1117263
ISIC_0033995,0,0.96956384,0.00044750073,0.024653887,0.0009489762,0.00021783958,2.603187e-05,0.004142002
ISIC_0027234,0,0.99030685,0.007980792,1.5082542e-06,1.8746482e-06,0.0017085554,8.464926e-08,2.2092156e-07
ISIC_0033807,0,0.99360025,1.2910379e-05,3.0596866e-06,2.0222262e-05,1.2857177e-05,0.0063391346,1.1455232e-05
ISIC_0033533,0,0.99999917,1.1699665e-07,1.3127543e-09,3.196946e-08,7.18924e-10,5.7076716e-07,1.3719762e-07
ISIC_0032987,0,0.35064942,0.61477506,2.0640315e-05,0.016646584,0.017889693,1.4975777e-05,3.6305933e-06
ISIC_0032870,0,0.9985524,0.0013449119,4.5000483e-08,6.0310494e-09,0.00010261157,3.3500362e-09,1.1798005e-07
ISIC_0031208,0,0.9867552,0.012959227,3.2619857e-05,7.601353e-07,1.5461707e-06,0.00025040575,3.247961e-07
ISIC_0026545,0,0.08798656,0.8891107,0.0018953216,0.00019488885,0.013604287,0.0071686376,3.961428e-05
ISIC_0027282,0,0.0026501182,0.81361574,2.5451305e-05,7.6282544e-05,0.18339372,7.64175e-06,0.00023107702
ISIC_0029092,0,0.97628945,0.02334039,2.8967142e-07,6.259869e-09,5.347194e-06,1.2457734e-07,0.00036432818
ISIC_0024640,0,0.99921143,6.354797e-05,6.552412e-09,4.1609135e-07,0.00072211196,2.43749e-08,2.448982e-06
ISIC_0024962,0,0.93749374,0.05515853,1.2551549e-06,3.5579035e-07,0.00047110795,0.00037134593,0.006503727
ISIC_0024823,0,0.990498,0.00042780797,3.719934e-08,4.1666666e-09,9.5652285e-06,3.9176034e-06,0.009060631
ISIC_0027669,0,0.8463781,0.15311763,1.0264434e-06,1.7526457e-06,0.00047667735,4.174876e-06,2.063634e-05
ISIC_0031795,0,0.2882131,0.7117071,4.69717e-07,1.0481708e-06,5.378434e-05,6.540692e-06,1.7935408e-05
ISIC_0028198,0,0.3049375,0.6946281,4.566783e-05,0.00021480858,1.0621845e-06,5.6189743e-05,0.00011663746
ISIC_0027144,0,0.66575485,0.3174843,0.00026729397,0.014289104,5.992459e-05,0.0020402856,0.00010422538
ISIC_0025524,0,0.97222644,0.024360461,6.998139e-10,1.3241891e-09,5.868539e-06,9.988947e-10,0.0034071722
ISIC_0025963,0,0.9704155,0.020648908,2.690596e-09,1.48623185e-08,0.00012971234,2.810335e-09,0.008806038
ISIC_0025121,0,0.9847894,0.010008074,1.1592303e-08,7.426109e-09,6.38263e-06,1.1489828e-09,0.0051961956
ISIC_0025316,0,0.74444634,0.25553057,7.40255e-09,2.208943e-05,6.87777e-07,6.619452e-08,2.4149918e-07
ISIC_0027552,0,0.009102936,0.9671358,0.011177737,0.000110697954,0.0024969783,2.230016e-06,0.009973726
ISIC_0030192,0,0.9999187,7.029284e-05,6.134084e-11,3.842266e-08,1.10010715e-05,2.5541386e-10,2.3645564e-08
ISIC_0028003,0,0.5722469,0.42774543,1.2669839e-09,9.988878e-08,3.0812412e-08,2.4587853e-06,5.135125e-06
ISIC_0031999,0,0.6377288,0.16380121,0.19811763,7.129976e-06,2.0307672e-05,1.1336064e-05,0.0003136557
ISIC_0032245,0,0.21819502,0.7810594,8.353881e-05,0.000350459,0.0002981725,3.4804867e-07,1.3078378e-05
ISIC_0028481,0,0.99748,0.0021030062,1.6635876e-07,0.00028815397,0.00012832273,4.4824073e-08,3.6079155e-07
ISIC_0029172,0,0.97908,0.020735456,6.5642203e-06,0.00012442103,5.193169e-05,2.7608644e-08,1.5878929e-06
ISIC_0027302,0,0.011944884,0.9317273,1.726668e-08,4.951613e-09,5.0169355e-08,0.05632756,1.9468972e-07
ISIC_0031543,0,0.9988869,5.1851373e-05,0.00030720496,0.0005115705,0.00020624057,2.8534047e-05,7.801675e-06
ISIC_0030360,0,0.32447895,0.6723366,3.4436252e-06,0.0002615839,0.0029160173,8.855214e-08,3.3214567e-06
ISIC_0029454,0,0.9999571,4.2666903e-05,2.6375104e-09,5.8486304e-08,1.4823488e-08,3.3762742e-08,6.279333e-08
ISIC_0027155,0,0.08945591,0.9105114,2.596114e-06,3.7058292e-06,2.6255731e-05,5.869585e-08,5.5492993e-08
ISIC_0028418,0,0.9992669,0.0007233765,2.7860851e-09,2.0966104e-06,7.5759476e-06,6.9602657e-10,4.178518e-09
ISIC_0025800,0,0.29859686,0.7008302,2.1671122e-08,0.0005647493,1.5598899e-06,1.4065122e-06,5.116761e-06
ISIC_0027702,0,0.93747073,0.056386217,5.25222e-08,7.385069e-05,0.0060600317,8.338367e-06,7.3432886e-07
ISIC_0026796,0,0.47721455,0.025988502,3.5747198e-07,4.600273e-05,0.49669522,1.4370288e-05,4.1057992e-05
ISIC_0028777,0,0.98995334,0.006066914,0.0011263822,0.0012133227,0.0015072861,1.6263643e-06,0.00013119428
ISIC_0027964,0,0.87948775,0.0020010557,0.11628746,7.293055e-06,0.0005467815,1.7475977e-06,0.001667937
ISIC_0030784,0,0.96176934,0.0022128604,4.040152e-07,0.03568894,0.000326469,1.5797649e-06,5.4777223e-07
ISIC_0025755,0,0.35905868,0.6409385,1.1118205e-09,1.177501e-06,1.5437787e-06,4.5787743e-08,2.9787548e-08
ISIC_0030616,0,0.00023227697,0.00018293875,0.29909864,0.0018851683,0.6957333,0.0028282462,3.942174e-05
ISIC_0025391,0,0.95137733,0.04844827,7.804608e-06,1.7510714e-09,0.00016417017,4.5374854e-08,2.254627e-06
ISIC_0032372,0,0.9840906,1.3728828e-05,0.0015183339,5.55026e-06,0.0136227105,3.6732308e-06,0.00074527576
ISIC_0028929,0,0.898277,0.101593174,1.0514923e-05,0.00011516836,3.5411476e-06,7.8259816e-08,5.4913124e-07
ISIC_0026746,0,0.06342158,0.9336448,0.0021347536,0.00076457224,2.7727065e-05,1.5661886e-06,4.920297e-06
ISIC_0026774,0,0.0007497584,0.9992461,7.4318045e-08,2.2133033e-06,1.8083034e-06,6.4358723e-09,4.2478785e-08
ISIC_0030047,0,0.003280292,0.990734,3.3806098e-06,1.2540015e-06,0.00597689,2.684775e-06,1.4118239e-06
ISIC_0026847,0,0.9890103,0.0056933803,0.0052860915,6.99875e-06,1.6416412e-06,2.79172e-07,1.2959492e-06
ISIC_0025814,0,0.80506426,0.013492611,3.1266345e-06,3.1377735e-06,0.17997923,0.0014068724,5.077432e-05
ISIC_0026853,0,0.37708956,0.058307037,2.788092e-07,4.4558812e-05,0.5639428,8.85672e-05,0.0005272663
ISIC_0028103,0,0.08531628,0.0004458826,7.415266e-06,0.003922865,0.9102986,7.047691e-07,8.307508e-06
ISIC_0024679,0,0.97167337,0.026081262,1.6721951e-05,1.8078052e-05,0.002175644,1.1973862e-06,3.3708217e-05
ISIC_0031401,0,0.9542187,0.04564617,1.3003914e-05,1.2948277e-05,0.000104357285,7.191442e-08,4.904596e-06
ISIC_0029574,0,0.4052838,0.59433323,3.1901205e-08,0.00037019709,1.26965115e-05,1.6025217e-08,2.2498366e-08
ISIC_0025543,0,0.1038435,0.000105333325,1.236974e-06,0.68825597,0.20779139,7.2775634e-08,2.5259574e-06
ISIC_0028033,0,0.027149059,0.9728485,4.240941e-09,2.1193033e-07,1.792671e-06,3.7485046e-07,1.5828608e-08
ISIC_0032204,0,0.9409091,0.05901699,3.4795943e-05,1.1224204e-06,3.1705504e-06,3.3104538e-05,1.7454657e-06
ISIC_0032095,0,0.9830057,0.016765833,1.8882096e-05,1.3242534e-07,8.2495244e-05,0.00012261092,4.268039e-06
ISIC_0028220,0,0.21217822,0.04460177,0.05635829,0.003389139,0.68277776,1.6489247e-07,0.0006947002
ISIC_0029094,0,0.31177017,0.61177355,0.00059855916,0.06259107,0.013140631,7.6266224e-05,4.9765487e-05
ISIC_0025128,0,0.008006309,0.9658282,0.011896601,0.0001078773,0.013841962,4.6119876e-05,0.0002728727
ISIC_0028508,0,0.99999976,2.4913072e-07,6.4848193e-09,2.2283647e-10,2.2285718e-11,1.5326694e-12,1.703031e-11
ISIC_0031368,0,0.4965354,0.00014030348,6.198986e-08,6.303958e-05,0.50326115,9.83606e-09,1.8774822e-08
ISIC_0031900,0,0.65203404,0.33831885,0.00035019437,5.1810068e-05,0.008827095,0.0002982638,0.00011971873
ISIC_0029570,0,0.0007530008,0.0032336274,2.1646686e-06,2.2340205e-07,0.99600273,9.84587e-08,8.223983e-06
ISIC_0025550,0,0.08211578,0.9136906,0.0031505672,6.7348117e-07,0.0010134019,7.827269e-07,2.8223758e-05
ISIC_0025414,0,0.8519376,0.049317736,0.09868221,4.451401e-05,1.2190989e-05,1.0481318e-06,4.707352e-06
ISIC_0026475,0,1.2872996e-05,0.9999763,8.7115595e-08,5.4781236e-08,7.872476e-06,2.183376e-06,7.42289e-07
ISIC_0030122,0,0.0107971085,0.9117771,8.374288e-05,0.07729411,4.166576e-05,4.0726542e-07,5.83705e-06
ISIC_0028968,0,0.1012208,0.8414089,0.03209055,0.02411492,0.0009063708,0.0002534987,4.9047285e-06
ISIC_0024739,0,0.72375834,0.0021238637,0.002279249,0.09056467,0.18117048,1.1711775e-05,9.166926e-05
ISIC_0025500,0,0.72516215,0.020698056,3.127175e-05,0.0001438222,0.25393006,1.1711617e-05,2.3019496e-05
ISIC_0030277,0,0.97952753,0.009227003,2.826752e-06,1.2544587e-05,0.011223689,2.4637504e-06,3.924459e-06
ISIC_0025941,0,0.18752289,0.6569791,8.812289e-06,0.15548684,2.1333694e-06,2.1665745e-08,2.0025094e-07
ISIC_0026092,6,1.0035699e-06,4.524385e-05,6.818944e-07,3.428267e-07,4.152088e-06,2.1315196e-07,0.9999484
ISIC_0024904,6,9.945669e-07,0.007903089,0.0013656706,3.9631395e-06,2.014359e-05,7.7931385e-05,0.9906282
ISIC_0031217,6,1.5126012e-10,0.036126833,1.33286185e-05,1.6114503e-12,4.6739773e-10,4.4256994e-05,0.9638155
ISIC_0025599,6,3.0970193e-09,0.99384224,1.1688971e-05,1.3832356e-12,2.3746622e-09,8.707635e-07,0.006145219
ISIC_0025578,6,5.957153e-07,0.0005379903,2.050351e-07,5.267954e-07,3.1761667e-07,1.8925375e-07,0.99946016
ISIC_0029448,6,0.17894982,0.038513727,1.8306588e-05,1.2301707e-05,0.00016114568,1.304376e-05,0.7823317
ISIC_0031759,6,3.347898e-08,3.8510743e-06,9.611109e-07,7.7127105e-09,7.6772984e-08,1.8487498e-09,0.9999951
ISIC_0026456,6,9.178357e-07,2.0579593e-05,0.001078381,1.4994341e-06,2.2804647e-06,5.0159275e-07,0.99889576
ISIC_0033031,6,0.8199122,0.00061520806,0.0013637153,0.0026848156,3.5472498e-05,0.00020666167,0.17518187
ISIC_0032775,6,0.40937907,0.009982931,0.017610613,0.057458594,0.00015728116,0.0024794848,0.502932
ISIC_0033458,6,0.5386105,0.00024373709,0.002834511,3.9193375e-05,1.7219982e-05,0.010604802,0.44765005
ISIC_0033135,6,0.45504376,0.2758268,7.1386453e-06,0.004151489,0.00012561487,1.3911335e-05,0.26483127
ISIC_0032538,6,2.2252982e-06,7.423365e-06,0.00091995887,7.530335e-06,2.5906235e-07,1.815858e-06,0.9990608
ISIC_0033591,6,2.7540906e-07,5.1229476e-05,7.073271e-08,9.3093334e-08,3.5653308e-08,9.8695e-08,0.99994814
ISIC_0031648,6,3.1528124e-08,0.00028999904,2.4697515e-09,2.2218978e-11,0.00019702817,3.2818397e-07,0.99951255
ISIC_0033565,6,1.0703605e-09,2.5178867e-06,6.31137e-08,8.6045776e-13,5.060255e-08,1.6187906e-07,0.99999726
ISIC_0033123,6,5.2915636e-09,3.2232456e-06,8.2043914e-07,4.9404403e-10,1.6355513e-10,4.049096e-09,0.99999595
ISIC_0024747,6,0.00010371575,0.000681176,0.00085197785,0.00055842265,1.2015275e-06,3.894832e-06,0.9977996
ISIC_0031346,6,5.0363024e-06,0.23140086,0.00045956968,1.9942559e-06,1.5472908e-05,0.000113578804,0.76800346
ISIC_0031719,6,0.72913617,0.20453736,2.5340316e-06,0.00046932267,0.06042759,0.00428777,0.001139209
ISIC_0030070,6,0.16490774,0.8183473,8.3384947e-07,1.5266889e-05,5.5897726e-05,1.1167807e-06,0.016671972
ISIC_0031093,6,0.07378712,1.6779957e-05,0.0023648734,3.515375e-06,8.542986e-06,3.4298063e-07,0.9238189
ISIC_0029608,6,7.123859e-10,4.7828927e-08,5.282239e-07,1.1868766e-11,1.3248625e-11,2.9312169e-08,0.9999994
ISIC_0029439,6,2.4718424e-06,7.909009e-07,3.3549984e-08,3.0200013e-08,7.7702795e-09,1.3069132e-08,0.99999666
ISIC_0028406,6,7.8963055e-08,3.0592055e-05,1.2303615e-08,1.4028936e-09,8.139195e-08,1.1990131e-06,0.99996805
ISIC_0026393,6,2.859356e-09,2.7555823e-06,1.3957148e-09,3.1651134e-10,1.5794779e-09,1.3031024e-07,0.99999714
ISIC_0031215,6,1.7734075e-11,2.0536556e-08,1.4167013e-12,4.9370523e-13,5.863111e-08,8.2669466e-10,1.0
ISIC_0031065,6,2.5490044e-08,6.572249e-08,1.4433237e-12,1.0715249e-10,2.4137574e-09,3.1611164e-10,0.9999999
ISIC_0031955,6,3.5586003e-05,0.7913856,4.329548e-06,1.8314078e-06,0.0006468547,0.0012533593,0.20667249
ISIC_0024867,6,7.424634e-09,8.844246e-06,3.7522707e-10,2.7676021e-09,4.2291e-08,1.1673964e-06,0.99999
ISIC_0025425,6,2.8076443e-08,0.004528512,1.8190318e-07,6.2154277e-09,9.305225e-09,1.090904e-06,0.99547017
ISIC_0024706,6,6.0631784e-08,6.899754e-08,1.872869e-08,6.870484e-11,6.273546e-11,2.5092678e-10,0.99999976
ISIC_0026467,6,6.157422e-07,0.0031030562,1.764056e-08,3.369061e-08,6.029309e-09,8.7316494e-08,0.99689627
ISIC_0026068,6,9.857726e-10,3.1408348e-05,6.1987797e-09,8.653339e-10,9.674506e-11,3.9173216e-09,0.9999685
ISIC_0032384,2,1.6977555e-06,8.2320355e-07,0.9982333,0.0017190784,3.816853e-05,2.5565105e-06,4.2690035e-06
ISIC_0027146,2,0.0257557,0.85232556,0.08316157,0.03842609,7.843114e-07,0.00027728744,5.304068e-05
ISIC_0029193,2,0.0004594092,0.00034545612,0.9977296,2.1831831e-06,2.1987718e-05,3.6624215e-08,0.001441433
ISIC_0027526,2,3.625288e-08,3.0951302e-08,0.9999988,1.330306e-07,3.5086934e-08,4.668517e-10,9.978419e-07
ISIC_0026760,2,1.6893495e-08,8.538048e-06,0.999987,7.863791e-07,1.8383268e-07,2.5863418e-09,3.4898942e-06
ISIC_0025718,2,1.858955e-07,5.5301007e-06,0.99995244,1.393068e-06,7.24345e-06,9.237508e-08,3.3110588e-05
ISIC_0025932,2,7.0970157e-07,8.03626e-09,0.999841,0.00015135249,7.3136555e-08,1.802699e-06,5.006265e-06
ISIC_0028747,2,4.244503e-09,5.9557688e-09,0.9976017,0.0023978646,3.3604795e-08,5.890518e-08,3.659671e-07
ISIC_0030261,2,5.3250307e-05,0.0010276778,0.9988243,9.228768e-06,5.6529522e-08,2.9189905e-06,8.256084e-05
ISIC_0025824,2,1.7013043e-07,4.680013e-09,0.99999714,8.968875e-07,1.6687608e-09,1.3691274e-06,4.4901995e-07
ISIC_0031400,2,7.523295e-09,1.5499726e-12,0.9999995,8.39156e-09,2.3199966e-11,4.2638814e-07,1.0028549e-08
ISIC_0031943,2,0.45023996,0.06853855,0.40856865,0.046131678,1.1006168e-06,0.00078024407,0.025739789
ISIC_0027865,2,0.32956237,0.052969974,0.60898614,0.006996605,6.4066455e-07,3.1299107e-05,0.0014529461
ISIC_0029647,2,3.2590056e-06,0.0019052946,0.002158962,5.5853954e-05,0.9920487,0.0037469151,8.098857e-05
ISIC_0027858,2,0.0007377304,0.016967952,0.0003977342,0.00062473567,0.018475318,0.962762,3.4486788e-05
ISIC_0027433,2,0.96709657,0.0012777799,0.028021786,2.2915513e-06,0.0010028654,0.0022976142,0.00030109557
ISIC_0029515,2,0.99999714,1.0625221e-07,1.891274e-06,1.16587984e-07,2.778979e-07,3.5705463e-09,4.508384e-07
ISIC_0029034,2,0.001287078,9.7479524e-11,0.9987129,6.540954e-09,5.7019005e-13,5.4931264e-09,1.4999308e-09
ISIC_0030800,2,0.02872818,4.1330085e-07,0.97124565,2.629105e-07,2.6110345e-07,2.094339e-05,4.2516263e-06
ISIC_0025383,2,1.5300467e-06,6.930168e-06,0.9999912,1.6916008e-08,3.5970487e-08,1.02987855e-07,2.5393174e-07
ISIC_0025513,2,0.013909039,0.7468219,0.11135535,0.00015467056,0.12519325,0.00062691607,0.0019389595
ISIC_0031272,2,0.011765178,0.000103556384,0.9658014,0.021840964,0.00016524369,5.6083925e-05,0.00026770588
ISIC_0027058,2,1.3114453e-05,0.0009583779,0.99837613,8.879367e-09,3.2225819e-06,1.1603054e-06,0.0006479977
ISIC_0030114,2,0.00014124629,0.00029843178,0.999102,3.0593614e-07,0.00038637553,5.8195896e-05,1.3508561e-05
ISIC_0032959,2,0.026243573,0.9525983,0.00030981965,4.4218842e-07,5.21813e-05,1.6920451e-06,0.020794
ISIC_0034047,2,0.0050057373,0.5139387,0.41764617,0.00085120706,0.06080531,0.00037130914,0.0013815314
ISIC_0033483,2,0.12242199,2.5732748e-05,0.8773345,5.7513294e-05,0.00014234893,1.6187381e-05,1.7307589e-06
ISIC_0032536,2,0.000961905,0.0020228154,0.9957759,0.0011883328,3.4839864e-05,5.793841e-07,1.565408e-05
ISIC_0034015,2,0.00012656381,0.0008384298,0.9102967,5.5127046e-05,0.08855124,0.00012696335,5.011021e-06
ISIC_0034223,2,0.00584395,0.019581111,0.7611082,0.0006110927,0.21263884,0.000113739894,0.00010307775
ISIC_0033372,2,2.0730777e-06,1.7191196e-05,0.999979,4.6743436e-09,1.6641499e-06,3.1670628e-09,1.0598251e-07
ISIC_0034066,2,3.3554647e-07,3.4138537e-08,0.99999964,3.389115e-12,1.2448232e-08,4.3771434e-11,1.0718973e-09
ISIC_0032741,2,0.0043497304,0.00022086022,0.9927685,2.2175973e-06,0.0026574235,1.3800485e-07,1.1572231e-06
ISIC_0033301,2,0.0031270077,2.3807312e-05,0.996807,7.454148e-07,4.7012704e-06,3.661058e-05,6.4567615e-08
ISIC_0025617,2,0.3896007,0.275969,0.33432466,3.7038575e-07,9.828112e-05,5.4410507e-06,1.5732007e-06
ISIC_0026350,2,0.00016127758,0.008978936,0.9649042,0.017017607,0.008650195,0.00025985937,2.798583e-05
ISIC_0031569,2,0.0025531517,0.070268475,0.07116991,0.012349897,0.8421232,0.0012163317,0.00031901491
ISIC_0026528,2,1.6729415e-05,0.00030787318,0.0851999,0.00037233336,0.000327631,0.896163,0.017612508
ISIC_0028677,2,1.0047079e-06,0.7965196,0.14013498,0.06123588,0.00049164775,0.001598407,1.8500383e-05
ISIC_0028059,2,1.6959648e-05,4.750186e-05,0.99993396,1.1582587e-08,3.145568e-12,1.3209149e-08,1.5359898e-06
ISIC_0025576,2,3.4736392e-09,1.235771e-06,0.9999987,2.6686266e-08,3.4798695e-11,5.5101456e-08,1.9626567e-09
ISIC_0029331,2,1.5324745e-09,0.0193516,0.00086198986,0.5529274,2.0810945e-05,0.42680857,2.9615436e-05
ISIC_0027601,2,7.7196133e-10,3.4218178e-07,0.9999995,2.1655716e-10,5.5619365e-10,1.2394516e-07,3.0195434e-08
ISIC_0027631,2,5.951047e-07,1.811606e-06,0.9999976,2.6676309e-12,1.8440284e-09,1.6018424e-08,1.136676e-08
ISIC_0031413,2,8.262066e-07,3.1174259e-06,0.99999535,2.4008639e-08,4.198575e-07,1.1984451e-07,2.7153007e-07
ISIC_0030644,2,9.132928e-06,2.2580696e-06,0.9999677,2.9221173e-06,1.660625e-05,2.768409e-07,1.1026173e-06
ISIC_0026716,2,1.6756736e-09,1.2928122e-07,0.99999976,4.1501576e-09,6.800483e-08,4.4989487e-10,2.3648988e-10
ISIC_0025971,2,2.174915e-08,4.6269317e-05,0.9999474,5.338532e-07,5.550721e-06,1.1375575e-09,7.783264e-08
ISIC_0030737,2,0.002309115,0.9828364,0.0054157577,0.0031707122,0.0048107756,0.0010559324,0.00040142707
ISIC_0031712,2,2.293162e-08,0.00032568484,0.99966884,9.4255476e-08,5.335801e-06,1.503706e-08,1.0395463e-08
ISIC_0032439,2,8.184592e-09,4.9230905e-05,0.99935097,0.00048348017,7.357803e-05,3.1136364e-07,4.2415457e-05
ISIC_0026496,2,2.761379e-08,1.1600583e-06,0.99998915,1.01299205e-10,2.9745987e-08,1.2911423e-09,9.617511e-06
ISIC_0028583,2,3.1880763e-06,1.2072259e-05,0.9999721,6.6118315e-07,1.1300459e-05,7.0812696e-08,6.180674e-07
ISIC_0030511,2,1.7832643e-11,2.8412522e-11,1.0,1.3114083e-10,3.04118e-11,2.645018e-10,4.5947526e-09
ISIC_0026968,2,1.3267773e-05,0.01113275,0.98872924,6.120317e-05,8.78965e-06,1.2850917e-08,5.4794877e-05
ISIC_0025975,2,4.121205e-05,0.0019365909,0.99686927,1.785884e-05,0.0011155572,4.6775855e-07,1.9026453e-05
ISIC_0031236,2,0.0013123817,0.23312725,0.75514686,0.0013175365,0.008707284,2.239724e-05,0.00036633573
ISIC_0027846,2,0.5541357,0.0004220205,0.44542232,6.8122304e-08,3.1018697e-08,1.1813612e-08,1.9908324e-05
ISIC_0026798,2,1.6564327e-07,0.9821836,5.1775154e-05,0.0053868946,0.012366651,1.8206856e-06,9.0806325e-06
ISIC_0026978,2,0.02856297,0.01043982,0.73985934,0.20141172,0.01422647,1.181266e-06,0.005498571
ISIC_0024452,2,5.0403532e-11,9.100506e-05,0.9999089,8.225789e-10,5.495503e-08,1.4928977e-08,1.9447896e-08
ISIC_0029539,2,2.7459784e-11,1.9340781e-07,0.99999976,2.0913974e-12,2.4349515e-11,1.2575489e-10,7.046055e-09
ISIC_0031258,2,3.503057e-06,5.366132e-05,0.9999093,1.6422945e-08,2.1117728e-06,4.947193e-08,3.134703e-05
ISIC_0024472,2,3.799407e-10,7.72648e-10,0.99999976,2.8656355e-10,1.2073247e-09,1.0884341e-10,2.3598358e-07
ISIC_0031175,2,0.00018562825,1.1578769e-06,0.999813,1.7484435e-10,6.6459256e-09,2.178075e-09,1.1510908e-07
ISIC_0030755,2,2.5245052e-08,1.3641354e-08,0.99999905,1.5797673e-07,2.6186805e-07,1.3568127e-08,5.21068e-07
ISIC_0028815,2,2.1692273e-08,1.19784745e-05,0.9999343,6.734128e-06,1.4778788e-06,1.51502e-07,4.5267687e-05
ISIC_0031976,2,1.7298933e-05,2.628213e-05,0.9999361,1.929876e-05,5.653734e-07,6.790303e-08,3.3635172e-07
ISIC_0032225,2,0.9998895,5.2427265e-05,1.712197e-05,4.0896724e-05,3.2769414e-08,1.1067617e-08,2.7449781e-08
ISIC_0029856,2,7.7769135e-07,6.1831544e-09,0.9999566,1.1198143e-05,3.130585e-05,2.9306047e-08,1.6317101e-07
ISIC_0025711,2,3.1001339e-06,0.00016255418,0.99819785,8.682815e-06,9.027963e-05,4.8386312e-08,0.0015374684
ISIC_0024897,2,3.6358873e-08,2.2356852e-08,0.9999999,6.537255e-08,1.4538229e-08,1.4311374e-10,2.8654679e-09
ISIC_0025601,2,0.002429202,0.032663673,0.9141295,0.047467932,0.003107105,2.3512084e-06,0.0002001662
ISIC_0032461,2,0.00047986972,0.0162611,0.9793245,0.001757059,0.0021295967,4.162343e-07,4.736309e-05
ISIC_0031009,2,0.23668821,0.011507509,0.5797084,0.0054163877,0.1665835,4.257528e-05,5.3352192e-05
ISIC_0031095,2,2.5677223e-09,4.8129077e-06,0.9999467,5.7087412e-08,4.2339718e-05,2.4751756e-07,5.808382e-06
ISIC_0027337,2,1.2841858e-06,0.99707854,9.487912e-05,3.128095e-05,0.0012327214,5.4433756e-05,0.0015068973
ISIC_0029263,2,6.483454e-05,5.832073e-07,0.93276215,0.067135595,3.140045e-06,1.3969344e-07,3.354304e-05
ISIC_0026687,2,0.0025384566,0.00036942493,0.01188756,0.9844726,0.000672028,1.2690018e-05,4.7295547e-05
ISIC_0027819,2,0.0017861989,0.1967127,0.0006930454,8.660923e-09,1.4010639e-05,2.577698e-07,0.80079377
ISIC_0031552,2,1.4536091e-07,0.0017441233,0.99813074,4.1732914e-08,3.8567738e-05,3.405724e-05,5.2344632e-05
ISIC_0029337,2,1.7801465e-08,6.7764594e-09,0.997936,0.0020585952,4.8433353e-06,4.2965937e-07,1.0612971e-07
ISIC_0028197,2,1.3277114e-05,0.00053301523,0.9994418,8.287318e-06,1.1619949e-06,1.9145637e-06,6.360652e-07
ISIC_0029831,2,0.00011426561,0.0065526045,0.9932029,0.000116047435,3.4760733e-06,2.8571085e-07,1.0396905e-05
ISIC_0030954,2,2.1976682e-06,0.04389142,0.95433015,3.6985733e-07,2.9266246e-05,0.00048151278,0.0012651135
ISIC_0031062,2,9.011594e-06,0.17869508,0.82036054,6.4321655e-05,5.449815e-07,7.2954e-05,0.00079752115
ISIC_0029053,2,4.242697e-08,1.1417637e-06,0.99988675,6.825163e-06,2.7883694e-05,1.127628e-06,7.6248354e-05
ISIC_0025509,2,1.482839e-06,0.04123376,0.9549537,1.2721734e-08,2.1437943e-08,1.3851789e-07,0.003811047
ISIC_0024443,2,2.2088918e-06,0.00021275024,0.7802864,1.7891174e-06,0.00015862237,1.4324525e-05,0.21932404
ISIC_0029680,2,0.0012069682,5.249627e-06,0.9982886,0.00049510115,1.0615552e-06,3.018946e-06,4.1562753e-08
ISIC_0028964,2,3.811343e-06,0.001431616,0.0023433901,0.009298788,0.98691386,3.7582665e-06,4.7988806e-06
ISIC_0028568,2,0.00029724935,8.5873966e-05,0.80230665,0.19707079,0.0002364774,1.4076272e-06,1.5395274e-06
ISIC_0030249,2,2.5425663e-06,1.0902468e-05,0.5492355,0.43803033,0.005886163,0.0068175728,1.6954265e-05
ISIC_0031697,2,1.0928934e-07,3.9244125e-07,0.9999975,1.9011774e-06,1.3043064e-07,1.6987213e-08,1.7837456e-08
ISIC_0028687,2,3.7195025e-09,1.1006196e-06,0.99992526,1.3270089e-05,5.7007113e-05,3.2011521e-06,1.9475172e-07
ISIC_0027120,2,2.0635234e-06,5.634708e-05,0.9960246,0.0032404808,0.00065875245,1.4209498e-05,3.5796897e-06
ISIC_0027788,2,7.622197e-09,1.2961034e-06,0.99999845,1.2387932e-07,7.8191945e-08,4.1436503e-09,1.05734745e-08
ISIC_0031263,2,4.25072e-07,4.8987164e-05,0.005654845,0.99403054,4.110069e-05,2.0039207e-07,0.00022392362
ISIC_0030767,2,9.71031e-06,0.00035223764,0.9974948,0.0019088532,0.00010190784,0.0001065894,2.5965726e-05
ISIC_0032061,2,0.0002592614,8.6999235e-06,0.9988901,0.0008307829,4.4405165e-06,4.5303045e-06,2.143359e-06
ISIC_0032212,1,2.034734e-07,0.9999987,3.1383499e-10,3.3984948e-10,1.0532989e-06,1.0823146e-08,1.0023964e-09
ISIC_0029828,1,0.3956985,0.6042503,4.255001e-09,3.8462863e-06,4.3403965e-05,3.5199266e-06,4.5759464e-07
ISIC_0025251,1,9.2154664e-07,0.99990606,5.4255914e-12,9.955513e-10,9.289215e-05,1.15004475e-07,3.0417812e-08
ISIC_0025384,1,0.00033202028,0.99966764,5.833358e-12,1.2061814e-11,1.2262393e-08,3.235849e-07,1.2196474e-08
ISIC_0031282,1,2.7879278e-05,0.99966836,2.8480746e-10,7.2876843e-10,2.545499e-07,0.00030324396,2.017265e-07
ISIC_0024535,1,5.8477867e-06,0.99999404,1.4719619e-12,8.238551e-13,2.403338e-09,6.14622e-08,4.7581605e-09
ISIC_0025320,1,8.964979e-06,0.9999819,1.0921845e-07,7.231619e-08,4.5613447e-07,8.239558e-06,2.0629808e-07
ISIC_0031184,1,6.2735914e-08,0.99999976,1.038554e-09,1.9355882e-08,3.7110772e-09,8.8204594e-08,4.496517e-08
ISIC_0028298,1,5.7873788e-08,0.99999964,1.0070297e-08,4.7476276e-12,2.6168172e-07,2.6320256e-08,5.8901186e-09
ISIC_0031463,1,5.593953e-07,0.9999987,8.690917e-10,8.0506685e-11,4.3863415e-07,3.4334292e-07,1.4017997e-09
ISIC_0024376,1,4.6230476e-12,0.9998617,2.0191508e-09,8.5950744e-14,1.109686e-08,0.00013832227,1.1888237e-09
ISIC_0031895,1,3.3491244e-05,0.9995332,9.400956e-10,2.115429e-09,4.778413e-07,0.00042791123,4.9821706e-06
ISIC_0026641,1,0.08574955,0.91425025,4.6465496e-12,2.2068236e-10,1.974552e-08,1.1166018e-07,3.3303873e-08
ISIC_0028185,1,9.727147e-06,0.9979063,2.5275536e-08,4.946221e-07,0.0005900207,0.0014889576,4.5497095e-06
ISIC_0028924,1,8.848186e-06,0.997957,8.95032e-09,4.28032e-09,0.001998874,1.32548475e-05,2.2064705e-05
ISIC_0031371,1,0.00152178,0.9983601,1.3327342e-11,7.4142155e-09,3.087435e-05,8.725957e-05,1.7227622e-08
ISIC_0024584,1,1.8412667e-06,0.9999975,1.3037528e-11,5.819169e-11,4.2469313e-08,5.302368e-07,1.1064048e-07
ISIC_0027810,1,0.0002374292,0.9997626,1.9636742e-11,3.76852e-11,5.7014087e-09,3.5802574e-09,1.6109047e-08
ISIC_0026339,1,1.7689358e-09,0.99999964,5.588834e-09,3.96899e-10,6.709534e-08,2.6172842e-07,1.9151479e-08
ISIC_0029997,1,8.71186e-06,0.9999839,6.114903e-08,1.9546555e-09,4.6459942e-07,1.2502455e-06,5.6666872e-06
ISIC_0026039,1,9.069741e-06,0.9999908,4.33992e-11,1.06906144e-10,4.838723e-08,3.6597324e-08,2.0883375e-08
ISIC_0027268,1,6.731147e-08,0.99991786,2.2161727e-08,4.3508623e-09,7.6011565e-05,5.9738654e-06,3.681076e-08
ISIC_0028779,1,1.3636923e-05,0.9998909,5.617829e-09,1.449282e-08,9.366645e-05,9.811142e-07,7.801957e-07
ISIC_0026038,1,1.6720283e-05,0.99997234,7.930394e-11,3.0169582e-11,1.0376049e-05,4.9026005e-07,7.230778e-08
ISIC_0024861,1,0.025889862,0.9738433,5.0582987e-08,9.796369e-09,6.610572e-10,0.00026667136,1.9005749e-07
ISIC_0030617,1,0.0050535365,0.9949226,2.6829667e-12,2.1039197e-10,2.3607738e-05,2.9554874e-07,1.5494265e-09
ISIC_0028339,1,0.01300197,0.9869884,9.2348634e-10,5.274017e-09,1.1359243e-06,8.39537e-06,1.7506736e-07
ISIC_0031331,1,0.0006048583,0.99934584,1.1136672e-11,2.9114637e-09,4.9196296e-05,2.2992555e-09,5.14177e-08
ISIC_0031997,1,0.007508424,0.99245375,3.1393427e-08,2.3493594e-05,6.9262724e-06,1.1980754e-06,6.1682495e-06
ISIC_0027703,1,0.00043079982,0.99945456,6.102764e-07,7.759759e-09,0.00011257462,1.5535318e-07,1.3848486e-06
ISIC_0028932,1,0.0034844896,0.9963695,1.0174088e-09,8.49882e-07,0.00014458221,5.982222e-07,8.1391e-08
ISIC_0027732,1,9.851728e-08,0.9999999,1.3918214e-09,1.6223076e-09,3.9702822e-08,5.7988164e-08,4.952416e-09
ISIC_0025142,1,6.700415e-06,0.9999908,1.5783633e-12,3.0914912e-10,1.7549829e-06,7.040256e-07,5.3324793e-09
ISIC_0026806,1,3.7787564e-07,0.9999956,3.4593637e-07,9.3733166e-07,2.0360703e-06,2.7431378e-07,4.5273867e-07
ISIC_0027160,1,9.623141e-07,0.9999883,2.6106442e-10,2.6007407e-07,9.571547e-07,9.461627e-06,8.5059476e-08
ISIC_0032211,1,1.6551228e-08,0.9998815,1.8820702e-10,4.6948485e-09,0.00011709681,5.9153e-07,7.6511856e-07
ISIC_0028482,1,4.2950167e-05,0.9999404,4.2648526e-13,2.3999008e-10,1.6350841e-05,2.3490105e-07,7.479113e-09
ISIC_0028690,1,0.00021965473,0.9994838,6.563218e-07,8.113916e-08,0.00029423705,7.6924425e-07,7.8340844e-07
ISIC_0025353,1,9.51757e-05,0.99989295,2.893273e-09,1.084964e-07,1.1568154e-05,7.2651225e-08,1.7401707e-08
ISIC_0032100,1,2.406829e-07,0.99998915,3.1134383e-11,2.9062047e-10,4.6232227e-08,9.982011e-06,5.2410843e-07
ISIC_0028282,1,5.1037798e-05,0.9999466,6.9946253e-07,3.8913154e-08,1.3422003e-06,1.134085e-07,2.0770304e-07
ISIC_0028136,1,0.00011867195,0.99987864,1.6645501e-07,1.1027882e-08,4.901342e-07,2.0138264e-06,2.4636787e-08
ISIC_0026283,1,2.2631877e-05,0.9992455,7.488913e-09,1.1653129e-06,0.0007165834,6.689995e-06,7.4137915e-06
ISIC_0029943,1,8.3403137e-07,0.9999629,4.7751407e-09,5.6781533e-07,3.0308534e-05,5.0456306e-06,3.636691e-07
ISIC_0029561,1,3.9484695e-07,0.9999995,4.632382e-11,1.7615222e-12,5.7792594e-08,3.4922412e-10,8.9554375e-10
ISIC_0028848,1,5.4090822e-08,0.9999999,5.3752153e-08,6.1891506e-11,5.404998e-08,1.2704872e-08,3.4816032e-09
ISIC_0024369,1,4.0460104e-06,0.999995,1.9913982e-09,2.8440375e-10,3.1973257e-10,1.0101338e-06,9.090926e-10
ISIC_0024544,1,3.5971574e-05,0.99899036,1.7190477e-10,9.388381e-10,2.9860583e-05,0.00094317907,6.776384e-07
ISIC_0030903,1,5.8172504e-06,0.9999932,4.9112353e-14,6.1593113e-12,1.2621949e-07,8.1616656e-07,3.0596278e-10
ISIC_0028668,1,2.504209e-07,0.99999523,2.454051e-08,4.0230716e-10,1.0978403e-07,3.4662532e-06,9.4521374e-07
ISIC_0030885,1,7.649733e-06,0.9999924,3.2291423e-11,8.4017336e-13,1.0353047e-09,1.3385195e-09,8.113101e-09
ISIC_0027389,1,1.4012259e-05,0.99994767,2.769934e-10,1.1339407e-08,4.2021584e-06,3.4065364e-05,1.02268665e-08
ISIC_0028827,1,2.5261483e-05,0.9999747,4.437107e-16,1.0668824e-11,4.617725e-09,5.4018505e-09,1.3600358e-09
ISIC_0025366,4,4.678489e-07,0.9999995,2.6051037e-09,2.587815e-09,1.1699585e-08,7.910163e-09,4.629121e-08
ISIC_0031229,1,0.0038409317,0.9961228,2.0548692e-10,2.3461983e-09,2.0151601e-05,1.608777e-05,6.295304e-08
ISIC_0031777,1,8.950169e-06,0.99998593,5.54499e-09,6.712773e-11,4.9742553e-06,1.1131061e-07,2.330644e-08
ISIC_0026383,1,2.5961052e-05,0.9999076,4.3834242e-11,7.782115e-10,9.297166e-06,5.6970024e-05,1.10180736e-07
ISIC_0032442,1,0.001359318,0.99863976,4.014227e-09,1.4021675e-11,5.941941e-07,1.0236879e-07,1.7590713e-07
ISIC_0028462,1,2.4906265e-08,0.9999999,7.629243e-14,2.8500648e-12,3.942377e-08,5.8545055e-08,3.8867934e-10
ISIC_0025052,1,5.701909e-07,0.99997985,2.1809288e-09,1.00498825e-10,3.36381e-08,1.9449602e-05,1.59786e-07
ISIC_0031606,1,1.3735712e-05,0.9999862,2.0297005e-13,1.4295363e-09,1.1418869e-08,2.3058433e-08,3.6015685e-08
ISIC_0031422,1,0.0012870965,0.9876774,7.630566e-08,7.832264e-10,3.8827086e-05,0.010993478,3.093539e-06
ISIC_0028025,1,1.3584066e-07,0.99999964,4.702979e-12,4.7939923e-11,1.07215804e-07,7.01749e-08,1.6387683e-09
ISIC_0031776,1,0.0020494468,0.056308646,1.7129003e-07,1.3241393e-05,0.9364842,0.0051437938,4.9716283e-07
ISIC_0029385,1,0.019103145,0.98085666,5.1762115e-08,1.1078195e-05,8.144233e-06,9.978989e-06,1.0883034e-05
ISIC_0026986,1,7.5285348e-06,0.9999924,5.2105053e-11,1.2578964e-11,1.5055646e-08,6.603877e-08,5.445027e-10
ISIC_0024464,1,3.783574e-05,0.9999621,3.1327807e-10,4.4411963e-10,2.169333e-08,2.6126656e-08,2.5308386e-08
ISIC_0026836,1,8.955752e-05,0.9897293,1.7992363e-07,9.397877e-06,0.009842365,0.0003286016,6.275431e-07
ISIC_0024788,1,1.4495834e-05,0.9999838,1.5031048e-11,3.8421466e-13,6.3880314e-08,7.4243263e-07,9.090196e-07
ISIC_0028260,1,1.8102897e-05,0.99996734,3.0753884e-09,7.448412e-08,6.4395194e-06,7.2331004e-06,7.044288e-07
ISIC_0030774,1,6.4373553e-06,0.99997354,6.208525e-13,5.66548e-07,2.863035e-07,1.9047824e-05,7.981706e-08
ISIC_0026075,1,2.8475702e-07,0.9999714,1.6880067e-11,4.2839174e-12,2.7207916e-08,2.8198223e-05,2.5455163e-08
ISIC_0024512,1,1.6734531e-06,0.99988234,3.607908e-10,3.722281e-07,1.4921813e-05,1.9078345e-06,9.880269e-05
ISIC_0027276,1,1.2846601e-06,0.99998796,2.33349e-07,8.859068e-06,6.033962e-09,1.6521898e-07,1.5819518e-06
ISIC_0031947,1,7.691692e-09,0.9999994,6.593482e-14,5.5635726e-13,1.138928e-09,6.135891e-07,2.1080881e-09
ISIC_0027220,1,1.2197991e-07,0.9999993,1.9710894e-11,1.9703782e-08,4.299665e-08,5.546138e-07,1.0506153e-09
ISIC_0029410,1,4.0544846e-06,0.9999957,3.305547e-11,1.2885072e-11,1.12568294e-07,1.38899e-07,2.7021e-08
ISIC_0029604,1,0.0018632819,0.99813557,2.7428063e-10,2.3806757e-09,1.0355494e-06,5.202575e-08,1.1199976e-07
ISIC_0031771,1,0.00022481874,0.9997569,8.119642e-13,1.3406626e-08,1.602466e-05,6.349985e-08,2.2082615e-06
ISIC_0030269,1,2.4138733e-05,0.9999752,1.4376524e-09,6.302975e-09,6.439586e-07,2.0074301e-08,2.2711482e-08
ISIC_0026256,1,3.3133772e-05,0.9999659,1.7963455e-08,3.0816122e-10,8.8136227e-07,1.1110872e-08,2.3704391e-08
ISIC_0028108,1,0.0500309,0.9499209,5.121177e-08,2.2968194e-08,4.7822265e-05,6.908274e-08,1.955371e-07
ISIC_0026366,1,1.9267918e-05,0.99929345,6.5534717e-10,6.745895e-08,0.0006728863,1.4215281e-05,6.413962e-08
ISIC_0027085,1,1.3939498e-05,0.99991906,9.1595387e-10,6.764886e-09,6.673486e-05,1.5516798e-07,9.222746e-08
ISIC_0028933,1,1.80412e-05,0.99998,1.1829273e-12,5.4771694e-09,1.7990867e-06,1.3398721e-07,2.7837068e-08
ISIC_0030658,1,3.255185e-06,0.99999344,9.886449e-12,8.097379e-11,5.5087213e-07,3.0069975e-07,2.4458247e-06
ISIC_0030566,1,3.171395e-09,0.9999937,2.5524778e-11,8.175973e-07,5.306776e-06,7.99119e-08,6.695968e-08
ISIC_0028613,1,1.0882354e-05,0.9999882,3.7913026e-08,5.0715765e-10,5.1406244e-07,2.8794955e-07,8.00019e-08
ISIC_0027591,1,2.1141728e-08,0.99999714,4.4349203e-13,1.1059111e-10,1.0892663e-06,1.8397584e-06,1.0860693e-10
ISIC_0029703,1,0.00016871457,0.9322327,9.506938e-08,3.9423157e-06,0.0644624,1.8870816e-05,0.003113281
ISIC_0031213,1,3.4800755e-07,0.9999987,3.9269235e-10,2.4465895e-13,5.451154e-07,1.842299e-07,1.749016e-07
ISIC_0031038,1,5.922366e-06,0.99999344,1.4427482e-11,1.07951426e-10,3.0778952e-07,4.7428745e-08,3.7326876e-07
ISIC_0032337,1,0.012175423,0.9876974,1.9303944e-11,5.8232854e-09,0.000117768206,5.0049096e-07,8.881463e-06
ISIC_0026659,1,2.467336e-07,0.99999976,3.1895458e-13,3.6876105e-12,9.166663e-09,3.373206e-08,1.0212282e-10
ISIC_0030049,1,3.181902e-06,0.99998,7.383971e-09,7.465542e-09,2.5173543e-07,1.6407239e-05,1.2688062e-07
ISIC_0030547,1,8.983083e-09,0.9999951,3.9173637e-10,2.6244176e-13,9.4283905e-08,4.754408e-06,4.404942e-09
ISIC_0031909,1,1.9627578e-08,1.0,4.4467786e-15,6.918279e-13,1.283441e-10,1.4100992e-08,1.0450499e-09
ISIC_0026822,1,0.00042474168,0.9995215,6.5923462e-09,1.9983572e-06,4.949944e-05,6.529141e-07,1.6715206e-06
ISIC_0028819,1,3.377924e-05,0.9999578,6.874469e-11,1.1148511e-07,8.058871e-06,1.974336e-07,5.374743e-08
ISIC_0029274,1,7.747982e-09,0.9999993,5.2187667e-11,1.2294704e-09,6.8958065e-07,8.440888e-09,1.8495924e-10
ISIC_0029132,1,4.8351995e-07,0.9999982,9.082177e-08,5.0921912e-08,4.7108932e-07,7.5247056e-07,2.8592884e-09
ISIC_0026949,1,0.00020834262,0.99979156,8.9655965e-12,2.1799151e-09,1.4303339e-07,8.065637e-09,3.8078213e-10
ISIC_0028428,1,2.7958098e-05,0.99997187,1.7674381e-11,1.1021009e-11,6.716005e-12,1.659555e-07,1.6807291e-09
ISIC_0024309,1,0.0001796789,0.9998197,5.3369642e-11,3.4379894e-08,3.4683325e-08,3.792278e-07,2.9824182e-07
ISIC_0030871,1,1.1647893e-07,0.99999976,2.777964e-12,8.641951e-13,9.26786e-08,4.9225526e-09,6.439486e-09
ISIC_0029699,1,1.8978546e-05,0.99997866,1.6283337e-09,2.538875e-10,2.1696255e-06,9.54618e-08,1.1657598e-08
ISIC_0025116,1,1.4359167e-05,0.99944705,1.2912945e-07,0.00045635056,1.2184583e-05,6.7161345e-05,2.793747e-06
ISIC_0031279,1,1.3661636e-06,0.99999774,1.509388e-12,9.527915e-12,7.339823e-07,1.08725715e-07,1.4287459e-09
ISIC_0030804,1,7.3412457e-07,0.9999857,4.5739268e-10,2.833973e-09,1.1935e-06,1.2373182e-05,1.1114224e-09
ISIC_0027472,1,9.238609e-06,0.99999046,3.8709097e-10,1.387867e-08,5.2024446e-10,2.4583576e-07,2.445254e-09
ISIC_0027333,1,0.00069049693,0.9986725,3.5983067e-11,8.040924e-08,0.00051266514,0.00012404994,1.7091673e-07
ISIC_0030569,1,0.00027081298,0.999522,8.2373806e-09,4.4191074e-11,0.00020631956,8.8425963e-07,1.4153383e-08
ISIC_0031661,1,9.117881e-11,0.99999976,2.1627216e-12,9.691938e-13,1.671217e-10,9.428165e-08,1.3250514e-07
ISIC_0027482,1,0.009033842,0.9909513,3.5245108e-07,9.560184e-06,2.768269e-06,6.378718e-07,1.6195102e-06
ISIC_0027646,1,6.604382e-06,0.9999925,1.1461271e-12,4.0130974e-10,9.572645e-07,5.1859153e-08,2.920341e-09
ISIC_0026051,1,1.714837e-06,0.9999982,2.9781864e-11,1.3478162e-10,6.779634e-08,1.7636113e-08,1.6055681e-09
ISIC_0028184,1,3.7474348e-07,0.99999964,6.844173e-13,5.4302895e-13,4.232752e-10,2.7198244e-09,1.396471e-10
ISIC_0026320,1,1.44210535e-05,0.99998534,1.2204888e-12,9.099919e-12,1.300612e-08,1.9205885e-07,4.2971e-10
ISIC_0029848,1,7.753299e-05,0.9999223,8.616575e-10,1.0533077e-08,1.6617027e-07,5.342745e-08,1.8313182e-08
ISIC_0024803,1,4.3619877e-07,0.9999995,5.7314055e-13,2.1423462e-11,2.0420462e-08,1.3866757e-08,1.454796e-08
ISIC_0026087,1,6.791496e-05,0.9990121,0.00011286602,1.2137555e-08,0.00079234573,1.4211402e-05,6.1802433e-07
ISIC_0025607,1,0.00011145309,0.9998884,7.812352e-13,4.3575694e-09,9.2593545e-08,1.9215648e-08,2.980704e-09
ISIC_0027938,1,1.0989868e-05,0.9999889,2.1938404e-13,2.4661235e-11,1.896725e-09,1.1332723e-07,1.8662874e-08
ISIC_0030206,1,7.056864e-06,0.9999862,5.7470513e-12,6.945005e-10,6.54821e-06,1.175141e-07,8.382159e-08
ISIC_0031256,1,0.002700568,0.9972493,2.8398566e-09,1.3773973e-08,1.9344729e-05,2.7649965e-05,3.1177192e-06
ISIC_0028062,1,2.4736031e-05,0.9999453,2.5636444e-11,1.622774e-06,2.7369588e-05,6.6085306e-08,8.572263e-07
ISIC_0027935,1,4.8554266e-06,0.9999951,2.1816673e-11,1.4616532e-09,4.0352596e-10,1.2753273e-08,1.4359272e-09
ISIC_0027156,1,5.54121e-08,0.99997485,2.2568318e-05,1.6917312e-08,2.3816751e-06,1.3817684e-07,2.8070655e-09
ISIC_0032367,1,1.5549118e-05,0.9999845,4.981219e-11,3.3592237e-11,1.120606e-09,5.290343e-09,7.3975054e-10
ISIC_0028160,1,8.903958e-06,0.9999908,3.404374e-09,2.4424754e-10,2.015723e-07,3.371105e-08,4.00706e-08
ISIC_0030332,1,5.33713e-08,0.9999999,1.2729794e-14,1.1352242e-09,2.728977e-08,1.8404002e-08,3.4242869e-09
ISIC_0027440,1,0.0005215576,0.9994586,3.9634698e-10,3.6937804e-11,2.4413484e-06,1.856626e-08,1.7376284e-05
ISIC_0025747,1,7.3002357e-06,0.99554044,5.9084693e-09,3.5718146e-09,0.0044498085,1.3723227e-06,9.952128e-07
ISIC_0027869,1,7.9804305e-09,0.9999629,5.5510245e-08,2.240481e-09,3.6549834e-05,5.1405823e-07,1.529363e-08
ISIC_0026910,1,7.1389777e-06,0.9999927,8.9792024e-10,6.634874e-12,1.397508e-07,1.7488353e-09,4.500805e-10
ISIC_0031800,1,1.4017627e-05,0.99998546,5.983286e-11,7.9657244e-12,4.8668085e-07,6.596171e-10,2.3545763e-10
ISIC_0030743,1,0.0001274708,0.9961798,1.6408043e-07,1.5453334e-07,0.003685909,6.262681e-06,2.8637243e-07
ISIC_0025028,1,3.0385382e-07,0.9999424,1.0371428e-12,4.8821017e-13,5.0182074e-08,5.471295e-05,2.5063737e-06
ISIC_0030202,1,2.6713808e-06,0.9998572,1.0813902e-11,3.030758e-11,5.185731e-07,0.00011897264,2.0644497e-05
ISIC_0032166,1,0.00015802564,0.9998368,2.0562197e-07,4.431363e-08,4.559339e-09,3.8491734e-09,4.8857723e-06
ISIC_0032266,1,4.3499753e-08,0.9999994,5.4819944e-11,9.262413e-12,1.549838e-10,2.372019e-07,2.8931342e-07
ISIC_0029471,1,2.0443267e-06,0.99998844,5.576295e-08,1.8303276e-13,8.677347e-06,1.9154216e-07,5.6148747e-07
ISIC_0024501,1,4.1322846e-06,0.9999931,1.8375683e-11,2.3974546e-11,2.3902742e-06,1.1055329e-07,3.1212727e-07
ISIC_0026243,1,2.0767306e-05,0.99995387,1.3942894e-09,1.0226135e-07,1.9356576e-05,4.5271313e-06,1.298951e-06
ISIC_0031637,1,7.57635e-05,0.99916506,8.3571206e-11,2.4227154e-07,0.0007575317,1.2811522e-06,7.228607e-08
ISIC_0031190,1,4.3577884e-06,0.99999535,7.697667e-08,3.378347e-09,1.656871e-09,3.152483e-08,1.8659621e-07
ISIC_0026710,1,8.62615e-06,0.9999838,1.0363024e-11,3.292447e-10,1.7834424e-06,1.4177868e-06,4.3358873e-06
ISIC_0024322,1,8.488237e-07,0.9999987,1.01044195e-08,3.886683e-11,2.169459e-07,1.1098322e-07,9.378867e-08
ISIC_0031523,1,8.6107306e-05,0.9999088,1.3006953e-09,9.331753e-09,5.003121e-06,8.000379e-08,5.7440293e-09
ISIC_0028712,1,1.05818266e-07,0.9999999,1.9031197e-13,1.0209707e-11,3.4486153e-10,2.63173e-08,2.9464564e-10
ISIC_0026112,1,2.0316218e-05,0.999967,5.4828286e-12,3.2674008e-09,6.631702e-07,1.2067534e-05,1.1636823e-08
ISIC_0030878,1,1.769698e-05,0.9999802,2.0320351e-06,1.6607848e-09,9.085977e-09,2.7694707e-09,1.9226496e-09
ISIC_0025390,1,1.6178918e-09,0.9999999,1.3494305e-11,7.238697e-10,3.8914262e-08,9.5029094e-08,2.7584752e-09
ISIC_0029346,1,0.003878239,0.99526465,6.202366e-08,0.00066811254,0.00014166202,4.6729707e-05,5.577717e-07
ISIC_0025981,1,1.3758923e-09,1.0,6.861885e-10,4.7517084e-11,3.290102e-10,4.4994092e-08,5.7599787e-09
ISIC_0031865,1,2.3550705e-05,0.9999715,3.3901628e-09,3.5084022e-07,3.8348617e-06,8.406223e-09,6.8455034e-07
ISIC_0025213,1,4.5988774e-05,0.999954,2.0412072e-10,1.1598575e-09,8.9724855e-10,1.0427227e-08,3.5350676e-09
ISIC_0030099,1,4.7555548e-07,0.9999993,6.4086386e-10,4.191298e-09,7.807692e-09,1.9995824e-07,4.175565e-08
ISIC_0027108,1,3.0031524e-06,0.999997,6.2175733e-12,5.8269106e-10,3.4648922e-09,1.3482581e-08,2.2569212e-08
ISIC_0030596,1,5.4390216e-06,0.9999901,6.593026e-08,7.152974e-09,3.5907215e-06,2.0646785e-07,5.3468057e-07
ISIC_0031231,1,1.052786e-06,0.9999846,5.2201887e-09,3.9005887e-08,7.995517e-06,2.40642e-06,3.986134e-06
ISIC_0030668,1,2.1429865e-05,0.9999778,4.5489927e-09,1.8971635e-09,3.2247934e-07,6.92621e-08,2.6908336e-07
ISIC_0028554,1,0.0018520205,0.99814355,1.240197e-08,2.123936e-07,3.744312e-07,3.4071404e-06,3.89077e-07
ISIC_0031714,1,1.0761031e-08,0.9999976,6.4178114e-11,5.179622e-09,1.43066075e-08,3.2743216e-08,2.3901825e-06
ISIC_0024510,1,0.00026866715,0.99970907,6.745165e-11,4.777527e-09,4.6533742e-08,2.2218308e-05,1.688017e-08
ISIC_0029367,1,1.1056559e-05,0.9999889,2.463572e-10,1.457257e-09,4.795777e-08,5.5345595e-08,4.987927e-10
ISIC_0026449,1,0.0005423027,0.99941313,1.01064215e-08,1.2756844e-06,2.4458664e-05,7.541292e-08,1.8728819e-05
ISIC_0029150,1,4.8169366e-09,0.99999917,6.5275e-10,3.92973e-09,8.0633356e-07,1.1781362e-08,1.2042152e-08
ISIC_0031978,1,3.7501268e-06,0.9999963,3.9709506e-15,4.1708082e-12,1.6675867e-11,1.5815393e-12,9.407443e-11
ISIC_0031898,1,1.890614e-08,1.0,1.7645018e-13,1.0611741e-11,1.6621233e-09,8.6018415e-10,3.5418733e-08
ISIC_0024744,1,8.664865e-08,0.9999995,3.49066e-08,9.930833e-11,2.2285024e-08,2.6207329e-07,1.11002585e-07
ISIC_0026773,1,1.588735e-08,1.0,5.8322005e-13,6.714e-13,8.988465e-11,2.3293834e-08,2.2114119e-10
ISIC_0025551,1,3.7586656e-08,1.0,5.35258e-10,3.6876222e-10,3.5378611e-09,1.1599249e-08,1.7663245e-08
ISIC_0024663,1,2.489919e-06,0.999997,2.6375728e-11,1.9520554e-08,4.52165e-07,4.0905137e-09,5.700302e-08
ISIC_0027971,1,2.889368e-08,0.99999535,6.035773e-11,4.9415375e-11,3.1391327e-08,1.1022614e-07,4.418915e-06
ISIC_0030518,1,1.2350069e-05,0.999987,1.7137413e-07,9.889286e-09,2.7990666e-07,4.315492e-09,1.3398981e-07
ISIC_0027579,1,1.1069362e-05,0.9999883,6.2024205e-11,2.790798e-10,7.880156e-08,4.567442e-07,2.7823816e-08
ISIC_0025082,1,4.4474814e-07,0.9999995,2.882285e-12,6.916089e-12,1.5329957e-09,7.882623e-11,1.8741637e-10
ISIC_0031581,1,3.5796404e-07,0.9999993,9.499487e-10,5.6843783e-11,1.1112451e-08,3.752637e-07,8.000245e-09
ISIC_0030262,1,0.07827209,0.9217277,7.296274e-10,4.303973e-08,1.3309895e-07,3.1105248e-08,3.0854533e-08
ISIC_0030972,1,0.00029142367,0.9996847,2.0634674e-07,8.396531e-07,4.6700256e-06,1.0174168e-05,8.043864e-06
ISIC_0026448,1,4.304428e-05,0.9999567,3.069096e-10,1.7066572e-08,1.513152e-07,2.511761e-09,1.7312434e-08
ISIC_0030413,1,2.9136993e-06,0.9999943,4.332366e-08,3.9306347e-08,2.9620736e-08,2.7565943e-06,2.4153893e-08
ISIC_0026510,1,9.568918e-06,0.9999888,6.811387e-09,9.747653e-09,1.5526356e-06,5.0660525e-09,2.5325479e-08
ISIC_0029312,1,1.2161398e-07,0.99991417,2.5114513e-10,1.9598723e-09,8.5547574e-05,5.96631e-08,1.425758e-08
ISIC_0030545,1,1.592931e-05,0.999984,3.5287415e-12,5.7021e-11,6.12239e-10,4.0808983e-09,2.3817215e-08
ISIC_0026570,1,2.6851302e-07,0.9999989,1.19726415e-08,1.1368509e-08,4.9864536e-07,2.4541362e-07,6.016885e-08
ISIC_0030657,1,8.3785326e-11,0.99998593,4.752261e-10,5.651471e-11,1.2212307e-07,1.3769994e-05,1.1904361e-07
ISIC_0026832,1,1.663694e-08,1.0,2.0108193e-10,6.431607e-09,1.6890452e-09,5.5532e-08,3.3391327e-08
ISIC_0026884,1,4.83963e-06,0.99991226,3.8260257e-09,8.1155944e-05,1.0417077e-07,2.5796413e-07,1.3665067e-06
ISIC_0029772,1,3.839127e-08,0.9999999,1.9552376e-10,9.581136e-11,4.104525e-08,4.595473e-08,4.7624034e-08
ISIC_0028561,1,8.954888e-06,0.9999876,1.1218954e-08,1.6088412e-08,3.4642835e-06,8.783982e-09,2.5711513e-08
ISIC_0024619,1,9.4589126e-08,0.9999999,1.964558e-09,1.5393802e-10,4.9573115e-09,4.0305675e-08,3.9347706e-10
ISIC_0027723,1,1.8136952e-06,0.9999982,8.584588e-09,1.2016203e-10,6.3599e-10,1.702534e-08,1.0807608e-08
ISIC_0025164,1,4.775761e-07,0.9999993,4.190379e-09,5.137659e-12,2.8518282e-10,2.0533379e-07,1.2428157e-08
ISIC_0031532,1,3.2214888e-07,0.99999964,1.7958858e-15,1.3130761e-12,3.9341316e-10,1.3679272e-08,1.196458e-10
ISIC_0031434,1,3.607125e-07,0.99999857,1.6607972e-08,3.6962472e-08,1.025762e-06,1.9002677e-08,3.4716933e-08
ISIC_0024807,1,6.241653e-08,0.9999999,1.0178729e-12,3.4137644e-11,1.3333901e-09,1.7963192e-10,1.9236178e-10
ISIC_0028083,1,0.00013205249,0.99967194,4.7900844e-06,1.2529548e-06,0.00018822325,2.493355e-08,1.7212003e-06
ISIC_0024395,1,7.5033086e-06,0.99999106,2.280209e-11,1.1175814e-07,7.775291e-07,4.6273095e-07,1.1698399e-07
ISIC_0026170,1,6.378316e-05,0.99992704,1.8445877e-09,6.407119e-08,4.965545e-08,3.949062e-06,5.0929566e-06
ISIC_0031055,1,3.9609477e-06,0.9999118,1.3695727e-07,2.7433095e-10,4.713252e-08,8.275199e-05,1.3437995e-06
ISIC_0031273,1,7.451036e-06,0.9999924,3.6031587e-11,2.3610686e-10,1.59298e-08,3.2449282e-08,1.3691343e-07
ISIC_0029748,1,1.0975508e-05,0.9999889,8.382893e-10,8.628744e-10,1.3850082e-09,7.669114e-08,6.370998e-10
ISIC_0031490,1,3.222914e-05,0.9994961,1.20846835e-05,0.00032893984,0.0001174642,6.6020298e-06,6.568036e-06
ISIC_0027477,1,1.7020908e-06,0.9999981,1.9954108e-10,3.3939425e-08,7.893245e-08,4.8984113e-08,8.8167944e-08
ISIC_0028771,1,9.427694e-07,0.9999856,2.4602265e-09,6.5870096e-09,1.254764e-06,1.7469652e-06,1.0387097e-05
ISIC_0029087,1,0.0012759829,0.99872404,7.1170465e-12,2.0419861e-09,5.5956847e-11,4.203952e-11,1.8080086e-10
ISIC_0025162,1,0.016853029,0.977961,1.885112e-08,5.152995e-07,0.005183962,1.2472038e-06,2.5474068e-07
ISIC_0026407,1,2.624577e-08,1.0,2.2642548e-11,2.7828043e-10,1.0609045e-08,2.0637776e-09,3.950987e-09
ISIC_0031165,1,9.415414e-09,0.9999974,9.711212e-10,4.111039e-09,2.4502235e-06,2.1630303e-08,1.8528014e-07
ISIC_0027994,1,2.9815883e-05,0.9999685,1.4576012e-11,4.962508e-10,1.5263322e-06,1.1614181e-08,1.3865224e-07
ISIC_0029844,1,8.770806e-05,0.9999052,4.3003097e-12,1.38709515e-08,7.02069e-06,6.8404877e-09,4.8534615e-10
ISIC_0027941,1,4.3723057e-06,0.9999956,9.1465874e-10,4.227601e-11,1.904499e-09,1.03891375e-10,1.0197117e-10
ISIC_0027936,1,1.0451887e-05,0.9999895,3.6189296e-10,5.4532356e-09,6.405332e-08,1.5157196e-08,2.463764e-08
ISIC_0027230,1,5.3990925e-06,0.9994417,2.0577559e-06,9.576347e-05,0.00038898055,4.9586954e-05,1.6505726e-05
ISIC_0031144,1,1.16297535e-07,0.99999094,1.5250095e-09,8.563849e-10,8.853309e-06,1.731752e-08,1.16191224e-07
ISIC_0028535,1,1.978006e-06,0.99999774,1.8649791e-07,1.6617243e-08,4.5382098e-08,1.8197428e-08,1.8875614e-08
ISIC_0024574,1,1.1664002e-09,1.0,4.9564748e-11,3.6827635e-11,1.0052281e-08,7.638446e-10,1.9035134e-08
ISIC_0025965,1,1.5198523e-08,0.99998474,1.3135427e-06,1.2099157e-06,3.7020962e-07,5.9969902e-06,6.3788025e-06
ISIC_0026322,1,0.00055716967,0.99935716,8.753094e-10,1.4253792e-05,7.121787e-05,1.2649674e-07,1.6059513e-08
ISIC_0029226,1,2.2723236e-05,0.99995506,4.225604e-09,2.1151518e-05,1.3941003e-08,1.0523734e-06,7.28475e-08
ISIC_0025614,1,2.9932244e-06,0.9999969,1.0292775e-11,1.3512635e-10,3.5771422e-10,5.8634615e-08,4.8512184e-08
ISIC_0025404,1,0.5526353,0.44736403,1.7839943e-10,1.3566215e-07,8.563479e-09,1.5108896e-09,5.728211e-07
ISIC_0025854,1,2.0844066e-08,0.9999989,1.722517e-10,2.673175e-09,2.8463046e-07,2.2112759e-07,5.1826584e-07
ISIC_0025296,1,6.045937e-06,0.9999939,4.672102e-10,7.80279e-11,1.9334186e-08,3.1167794e-08,5.3354974e-09
ISIC_0030037,1,0.0011077095,0.9988852,4.9804266e-10,3.0473802e-07,4.410041e-06,1.5114665e-08,2.3621983e-06
ISIC_0025549,1,5.03467e-06,0.999995,2.4002447e-12,9.535825e-10,2.5668472e-09,3.4964043e-10,2.4052849e-09
ISIC_0032239,1,0.0006643339,0.9993212,6.468891e-07,1.3294947e-05,1.1551643e-07,4.687533e-08,3.0494346e-07
ISIC_0028143,1,1.1312695e-07,0.99999964,1.6854765e-08,7.0945506e-12,2.1186783e-07,3.1020708e-08,6.1151475e-09
ISIC_0031969,1,6.1688644e-07,0.9999993,5.6722696e-11,2.0607523e-08,9.460882e-10,6.7238637e-09,3.897604e-08
ISIC_0028383,1,1.3416667e-07,0.9999995,2.231782e-08,2.3849236e-07,2.3407663e-08,2.6934197e-08,2.110607e-09
ISIC_0024362,1,6.613362e-09,0.9999995,5.5710416e-08,5.5330473e-11,6.636416e-11,4.154461e-07,2.2699062e-10
ISIC_0031535,1,8.3089166e-05,0.9999163,1.9618279e-10,2.4433132e-07,8.3855234e-08,4.847421e-09,2.2766842e-07
ISIC_0028902,1,1.1486476e-07,0.9999999,6.2300765e-09,1.0261752e-08,4.901971e-08,4.3935264e-09,1.1818455e-09
ISIC_0026244,1,3.3037308e-05,0.9999665,2.669714e-10,3.741033e-07,3.455712e-09,3.21233e-08,3.936993e-08
ISIC_0027153,1,3.425839e-05,0.99996567,3.0409874e-12,4.0327115e-09,5.044821e-08,7.1350716e-09,2.4507836e-08
ISIC_0030513,1,2.3796153e-08,0.9999995,9.40106e-09,2.6235936e-09,3.7921122e-08,6.628672e-08,3.016215e-07
ISIC_0030684,1,1.1951056e-06,0.9998833,2.502291e-07,2.1002197e-08,0.00011506214,8.199083e-08,4.3833914e-08
ISIC_0026701,1,1.0340478e-05,0.9999877,1.8671334e-07,1.4342996e-08,1.5050323e-06,2.9750527e-07,1.5169144e-08
ISIC_0032413,1,3.1766338e-06,0.9999776,4.7625875e-12,6.1685795e-10,1.1256961e-10,1.9215264e-05,1.585663e-08
ISIC_0027589,1,3.8093035e-08,0.99999845,9.9136535e-08,2.3650595e-07,1.1052728e-06,5.0578266e-09,2.578674e-08
ISIC_0032180,1,1.3232814e-06,0.9999987,5.098041e-13,3.1599807e-09,7.1815385e-09,1.5115524e-09,1.6114319e-09
ISIC_0024660,1,1.7272487e-07,0.99999976,7.175682e-10,1.9596813e-09,3.8883762e-08,7.680025e-09,2.6633206e-08
ISIC_0027857,1,0.0007888723,0.9992106,8.3679375e-10,5.1197156e-07,3.8398813e-08,1.806705e-08,7.0762383e-09
ISIC_0029906,1,4.4082626e-06,0.9999956,1.37848795e-11,5.376574e-09,3.9718442e-10,6.97805e-11,5.900898e-10
ISIC_0024820,1,9.214294e-07,0.99999905,4.1236063e-11,1.7332744e-10,3.6210233e-09,3.1393117e-08,1.918195e-09
ISIC_0025649,1,1.1912322e-06,0.9999987,2.813637e-11,3.9194425e-09,8.4249396e-10,1.7519174e-07,2.9744498e-09
ISIC_0031296,1,1.5852013e-10,0.9998324,6.395805e-08,7.0755485e-10,7.402302e-06,0.00015950967,5.872209e-07
ISIC_0025137,1,0.0020926516,0.99790704,1.996971e-09,5.33217e-08,4.465293e-08,1.7840717e-08,2.4307184e-07
ISIC_0027148,1,2.5928687e-08,0.9999949,7.149219e-08,1.4646014e-07,4.0703535e-06,4.8835506e-07,3.2872958e-07
ISIC_0027534,1,4.981667e-06,0.9999938,3.6207916e-12,1.08322934e-10,8.167035e-09,7.3312515e-07,5.170399e-07
ISIC_0027259,1,0.00029319365,0.9996908,3.194697e-09,1.7157316e-09,2.0177875e-07,1.3930647e-06,1.4380252e-05
ISIC_0029377,1,1.330031e-05,0.9999865,2.2848626e-10,1.0668824e-08,1.6115199e-07,2.3204922e-08,2.214963e-09
ISIC_0031089,1,0.00018814312,0.9998118,1.1454092e-11,4.793814e-11,2.0003945e-08,2.0817512e-09,6.466893e-08
ISIC_0026505,1,2.0587482e-05,0.9999794,1.0034598e-09,1.52078e-09,1.7092948e-09,2.9342442e-09,3.4876264e-09
ISIC_0031230,1,0.000108997185,0.9998902,4.0118277e-11,3.1418674e-09,7.3816267e-07,3.902071e-09,3.456129e-08
ISIC_0031373,1,5.623397e-07,0.9999994,1.5513916e-09,5.1879046e-10,3.934343e-09,1.9036674e-09,1.4474059e-08
ISIC_0025430,1,4.057758e-06,0.99999595,1.2372793e-12,9.262978e-09,1.6080968e-08,1.3170889e-09,7.988644e-09
ISIC_0026977,1,5.883229e-06,0.99999404,3.4927453e-08,3.77176e-10,5.0262494e-10,1.3882876e-08,3.0699567e-08
ISIC_0027570,1,0.0029067248,0.9970931,1.6502527e-11,6.313139e-09,7.9839607e-10,8.3312085e-10,1.4720297e-07
ISIC_0030837,1,1.4107997e-08,0.9999894,7.5376175e-07,1.2372943e-09,8.249267e-06,1.6008245e-06,2.755261e-08
ISIC_0030947,1,2.958879e-05,0.9999703,5.215827e-12,9.223748e-08,3.739952e-09,7.253302e-09,5.1715615e-10
ISIC_0030220,1,3.3410708e-09,0.9999989,7.2065504e-10,9.0127255e-12,7.143268e-11,1.0900903e-06,4.794908e-09
ISIC_0026653,1,6.314114e-06,0.9999932,1.272655e-07,1.2553157e-08,7.547268e-08,1.904422e-07,9.62154e-08
ISIC_0029364,1,7.997414e-05,0.9996884,2.349712e-08,5.8715553e-08,0.00023009906,1.9136037e-07,1.27997e-06
ISIC_0025241,1,1.6061645e-06,0.9999732,1.5410754e-06,1.2833297e-06,2.232491e-05,5.1000054e-08,1.6057493e-08
ISIC_0026699,1,1.959967e-08,0.9999999,1.0340416e-09,4.700144e-13,6.685539e-10,1.1493187e-08,8.374907e-08
ISIC_0025561,1,3.8686136e-05,0.9999591,2.8493827e-07,1.9163895e-08,1.7582744e-06,1.5049369e-07,2.7031094e-08
ISIC_0025817,1,0.000344709,0.9995289,4.428554e-06,3.879413e-08,0.00010093703,5.503506e-07,2.0443298e-05
ISIC_0025361,1,1.0120084e-06,0.9999989,5.386607e-10,8.895864e-10,1.5375257e-08,4.241554e-08,2.4010682e-09
ISIC_0024671,1,1.4431461e-06,0.99999774,4.8168287e-09,1.8336024e-08,1.368912e-07,7.6814636e-08,5.8785145e-07
ISIC_0032054,1,9.416938e-08,0.9999546,8.256333e-09,3.0587644e-09,4.594737e-07,4.485096e-05,3.4343042e-08
ISIC_0031763,1,3.323875e-07,0.99999833,4.009962e-13,1.3790512e-12,3.6334444e-10,1.3526594e-06,3.388806e-09
ISIC_0030342,1,3.4057774e-07,0.9999995,8.354238e-13,7.866023e-12,1.7906018e-07,2.0411863e-11,7.370182e-10
ISIC_0024427,1,4.290613e-06,0.9999956,4.8333304e-12,1.573368e-10,1.4934209e-07,7.139669e-09,3.5091958e-09
ISIC_0027247,1,1.8920348e-06,0.99997103,4.5647024e-09,2.905497e-07,2.4408919e-05,2.1849874e-06,2.654305e-07
ISIC_0026946,1,1.8246824e-06,0.9999981,3.8952877e-12,2.763461e-10,2.2380728e-10,4.5545376e-09,6.4980966e-08
ISIC_0031801,1,0.00022010149,0.9997799,3.2998848e-10,6.485158e-10,6.3967955e-09,7.0685706e-09,4.9994866e-09
ISIC_0031471,1,2.5021316e-06,0.9999975,5.947984e-14,2.8058027e-12,4.925798e-10,3.0321717e-11,3.4927357e-09
ISIC_0031030,1,1.8643863e-05,0.9999809,4.925352e-09,7.013117e-08,1.948731e-07,2.3443329e-08,1.2283297e-07
ISIC_0027191,1,3.7307913e-07,0.9999573,4.4158813e-12,4.868498e-12,2.8452851e-11,4.151747e-05,8.246339e-07
ISIC_0029595,1,2.3909521e-07,0.99999964,1.956251e-11,1.7881852e-11,4.6021426e-10,2.5674384e-08,7.7984566e-08
ISIC_0026536,1,4.411505e-05,0.9997662,1.9827958e-06,2.7235535e-06,7.924005e-05,9.878075e-05,6.9624293e-06
ISIC_0029419,1,3.0800288e-06,0.99997246,3.1711133e-07,2.6150495e-09,3.6045617e-07,2.331232e-05,3.9836357e-07
ISIC_0025754,1,1.8512915e-06,0.999998,1.5484598e-09,1.4617242e-09,1.598568e-08,6.96862e-08,1.3404029e-08
ISIC_0028595,1,8.480176e-07,0.9999964,1.6735327e-11,1.4215243e-09,2.652716e-06,1.1600363e-07,5.3072133e-09
ISIC_0026413,1,3.3563676e-08,0.999964,4.8269455e-10,4.908693e-07,1.0496979e-07,3.5058274e-05,2.9949948e-07
ISIC_0028157,1,1.8774292e-05,0.99998116,1.6010072e-11,1.5283177e-08,1.3749489e-08,3.0028824e-09,3.5381185e-09
ISIC_0026377,1,9.274455e-07,0.9999944,4.6820894e-09,4.121531e-09,4.507987e-06,1.0204065e-07,9.929618e-09
ISIC_0029074,1,1.1609408e-08,1.0,1.0506461e-09,4.4240956e-12,9.452605e-11,4.108558e-12,4.518169e-10
ISIC_0029084,1,1.6728472e-05,0.9999337,1.120748e-05,1.9373035e-08,1.5300477e-08,3.813535e-06,3.453115e-05
ISIC_0028322,1,0.00019093289,0.999806,4.027627e-08,1.8571697e-07,1.0814231e-06,1.1705893e-06,5.3640986e-07
ISIC_0025200,1,5.4930165e-08,1.0,1.7891607e-12,1.5976712e-09,6.489172e-10,6.733076e-11,9.087122e-10
ISIC_0027439,1,5.505848e-07,0.99999714,1.5656111e-10,5.380773e-07,8.1659175e-07,8.512519e-07,4.6527443e-08
ISIC_0024874,1,6.4262715e-09,0.9999788,8.3922e-06,1.1262549e-08,3.5593448e-08,8.471102e-09,1.2748742e-05
ISIC_0031427,1,2.3937632e-08,0.99974567,1.2357428e-09,1.6514326e-08,1.3368419e-06,0.00025272332,1.6810222e-07
ISIC_0029684,1,0.00017687574,0.9998037,1.2116148e-05,2.2500387e-06,3.3542906e-06,1.5114389e-06,1.4108844e-07
ISIC_0028896,1,1.1101197e-06,0.9999988,2.6344316e-10,5.535464e-10,3.4655347e-08,2.5599534e-09,2.2174367e-10
ISIC_0029057,1,2.5491954e-07,0.999998,3.4843237e-07,1.4627523e-07,9.1967513e-07,3.8548683e-07,1.2811847e-08
ISIC_0024414,1,0.0023725964,0.9976272,1.0553327e-09,4.117818e-09,5.9789924e-09,4.365084e-08,1.597426e-07
ISIC_0025560,1,8.992557e-07,0.99999726,1.477899e-09,5.982321e-10,4.6097028e-07,3.626097e-07,1.026336e-06
ISIC_0028248,1,0.0012300888,0.9987698,1.35700765e-11,6.519243e-09,1.5268158e-08,1.2943756e-09,7.580104e-08
ISIC_0028997,1,0.0006438061,0.99816304,1.4313556e-05,7.992564e-05,3.9880866e-05,1.6805587e-05,0.0010422573
ISIC_0028991,1,5.0635604e-06,0.99999404,5.636785e-09,7.1613895e-11,1.8571488e-07,1.4865545e-08,6.9692214e-07
ISIC_0026999,1,0.0026209226,0.99736255,1.7672304e-10,8.4512225e-10,1.7554089e-06,1.4616465e-05,1.658445e-07
ISIC_0029762,1,3.0086707e-07,0.9999995,6.66559e-12,1.8735928e-09,1.5992423e-07,4.5523554e-09,8.8567265e-10
ISIC_0027434,1,0.00010907348,0.9998909,1.4293242e-12,1.7410112e-11,9.704605e-10,6.6310685e-10,6.119897e-09
ISIC_0031467,1,1.7163612e-07,0.999879,1.4068474e-08,2.1560234e-08,0.0001199285,4.3875565e-07,3.987121e-07
ISIC_0030884,1,3.6682823e-06,0.9999963,2.982825e-11,1.4541947e-12,5.1172144e-08,2.7050964e-09,2.2590718e-09
ISIC_0029483,1,6.0382354e-05,0.99993944,8.1458305e-11,4.617342e-09,2.1649242e-07,6.482103e-09,2.613577e-09
ISIC_0024779,1,0.00036109908,0.9996377,1.10909566e-10,1.3068354e-08,2.0356318e-07,6.84179e-07,1.9082694e-07
ISIC_0025629,1,5.44578e-07,0.9999994,2.1586831e-11,1.1077091e-12,8.7193114e-11,7.5738116e-10,4.0386087e-11
ISIC_0029723,1,7.090639e-05,0.99891686,1.9468467e-09,1.5875862e-08,2.0123823e-08,9.60876e-07,0.0010113236
ISIC_0027376,1,0.00019026993,0.998889,2.414956e-07,1.98602e-06,4.184933e-05,0.00079561997,8.093477e-05
ISIC_0024500,1,1.3367591e-07,0.9999999,1.3544917e-12,7.664644e-13,2.9130542e-08,4.3436799e-10,6.696198e-09
ISIC_0029090,1,1.4744381e-06,0.9999982,5.151639e-11,4.973479e-09,9.875397e-08,1.5324034e-07,8.388738e-08
ISIC_0025071,1,1.3454256e-06,0.9999987,4.444524e-12,3.259372e-11,8.186383e-09,1.7647443e-10,2.1602273e-10
ISIC_0029866,1,3.9230046e-05,0.99992657,2.307456e-09,2.739896e-08,6.041395e-07,4.798903e-07,3.315697e-05
ISIC_0026638,1,1.1028471e-09,0.9999994,2.0799934e-10,3.7602928e-11,2.082948e-09,5.518377e-07,8.427537e-09
ISIC_0028249,1,5.345318e-05,0.9983637,4.97363e-07,8.119629e-08,4.1405943e-07,1.4682446e-07,0.0015817398
ISIC_0027173,1,1.364975e-06,0.9999981,1.6211988e-11,1.3816305e-09,4.6214944e-07,8.910844e-08,1.1127619e-09
ISIC_0024648,1,2.766691e-06,0.9999969,1.7004141e-10,2.5966997e-08,2.2898885e-08,3.6116316e-07,4.805363e-09
ISIC_0028839,1,4.859503e-07,0.99999666,1.8550922e-10,1.2562086e-08,2.4985336e-06,3.080141e-08,3.809865e-07
ISIC_0025258,1,1.0270996e-08,1.0,5.405934e-13,5.605535e-12,4.8028492e-09,2.0786523e-08,4.1444528e-10
ISIC_0030510,1,2.3174342e-08,0.99999535,2.9975816e-08,5.976804e-09,2.6358288e-07,2.161506e-06,2.158299e-06
ISIC_0028954,1,1.36736e-06,0.9999987,3.9080846e-11,5.259815e-11,5.254694e-10,8.99527e-09,4.5406512e-10
ISIC_0028492,1,5.423902e-07,0.9999974,7.725786e-09,7.0332185e-08,1.570673e-07,1.3752118e-09,1.8440799e-06
ISIC_0028409,1,7.0452955e-07,0.9999988,1.0020511e-08,7.379239e-09,3.4638347e-07,7.4408892e-09,7.512194e-08
ISIC_0030799,1,2.8029412e-05,0.99996924,1.5090451e-09,1.7680634e-08,1.07955984e-07,6.378065e-08,2.4802448e-06
ISIC_0028363,1,1.3131225e-05,0.99998677,5.293744e-10,3.8818695e-09,7.511258e-08,5.6038524e-10,2.7643814e-08
ISIC_0024659,1,0.00013661868,0.9998603,1.0125007e-09,3.1385756e-07,1.8894469e-06,6.5712435e-08,7.124346e-07
ISIC_0024735,1,6.3905428e-09,0.99999964,9.14689e-13,1.6810131e-09,1.6302575e-09,3.7467518e-07,1.9135953e-09
ISIC_0032237,1,2.19748e-08,1.0,3.6419514e-13,2.6149183e-12,2.0123936e-09,1.8248388e-08,7.0592123e-09
ISIC_0028516,1,0.00058063905,0.99941933,1.5754701e-09,9.2555616e-11,3.968946e-08,3.3046348e-09,7.3189943e-09
ISIC_0025733,1,2.3946273e-08,0.99999976,2.047158e-09,8.355237e-11,1.6335258e-07,1.2513805e-10,4.3632922e-10
ISIC_0028407,1,5.736311e-08,0.9999999,4.7543185e-11,3.2663977e-10,1.4116565e-09,3.9037573e-09,3.677341e-09
ISIC_0025174,1,3.5157801e-09,0.99999523,1.9579258e-11,2.7907746e-10,9.985345e-10,1.9116499e-07,4.550103e-06
ISIC_0025348,1,6.700539e-10,1.0,2.0402853e-10,5.8732365e-13,3.9911507e-10,1.8092249e-09,8.588337e-09
ISIC_0024956,1,0.00012172047,0.99987614,4.269128e-09,3.7250345e-09,1.2242957e-06,8.1729854e-07,8.878357e-08
ISIC_0028483,1,1.2243929e-06,0.9999211,1.6574707e-10,7.189389e-05,5.7900875e-06,7.5131545e-09,2.4356401e-09
ISIC_0031739,1,8.127116e-08,0.9999801,2.0383759e-08,1.651342e-07,1.9538842e-05,1.6482582e-07,2.205229e-08
ISIC_0027028,1,1.0223595e-07,0.99999917,1.8462747e-11,1.2258758e-09,6.5566272e-09,7.243643e-08,6.5266636e-07
ISIC_0031227,1,2.0169136e-08,1.0,1.5764966e-13,1.655514e-09,5.5356213e-09,4.4911305e-10,3.4808562e-11
ISIC_0030398,1,0.00014011943,0.9998598,7.06688e-14,4.921809e-12,7.51741e-09,2.0895359e-10,3.854907e-08
ISIC_0028074,1,1.2020811e-08,0.99999917,2.4980343e-10,7.9482976e-10,5.853873e-09,8.4791554e-07,4.0062528e-08
ISIC_0027380,1,0.0030287276,0.9969674,7.775995e-12,2.675363e-06,1.1103247e-06,1.5639438e-09,1.1809761e-07
ISIC_0032171,1,2.3472567e-05,0.9999125,8.447609e-10,1.7140817e-08,6.397837e-06,3.5603382e-06,5.40405e-05
ISIC_0027372,1,0.5135246,0.4863961,5.3533826e-09,1.47213e-07,2.6518223e-06,3.2226064e-06,7.33245e-05
ISIC_0026058,1,1.7026092e-07,0.9999999,1.7607546e-11,4.5933892e-11,4.4614865e-10,1.6221042e-08,7.041188e-10
ISIC_0028942,1,3.0944102e-06,0.99999595,1.2354917e-12,3.2474026e-09,9.5072187e-07,1.1437938e-09,1.4997061e-08
ISIC_0026228,1,0.00014258735,0.9998567,2.9481032e-10,2.610775e-09,7.949111e-09,4.1924795e-07,1.9980182e-07
ISIC_0029047,1,2.0703355e-05,0.9999664,4.0156745e-09,2.3391793e-07,2.0746442e-09,6.2881924e-07,1.2089506e-05
ISIC_0030494,1,1.8415794e-06,0.9999975,1.8718573e-12,3.4658278e-08,3.741852e-07,2.8389513e-07,9.48552e-08
ISIC_0030527,1,8.619822e-07,0.99999905,1.9369478e-10,4.6304717e-11,5.888085e-08,9.809676e-09,3.4498708e-09
ISIC_0029205,1,4.5117322e-05,0.9999546,3.4059633e-10,2.3238451e-09,3.3121886e-08,3.4706387e-09,2.603447e-07
ISIC_0026338,1,8.9974606e-07,0.9999988,5.1906426e-14,8.874032e-11,2.0705843e-07,1.0256672e-08,2.7696027e-08
ISIC_0032298,1,3.2380856e-07,0.99999905,1.2544947e-12,1.4661069e-09,1.0381557e-08,5.864159e-07,3.764208e-08
ISIC_0026387,1,3.0541221e-07,0.99999964,3.3485127e-12,3.5927056e-11,3.0548486e-10,4.8928346e-08,7.967263e-09
ISIC_0028895,1,2.4236424e-06,0.99997485,8.299264e-11,1.3511003e-09,1.4149536e-08,2.2713157e-05,4.0218024e-09
ISIC_0029175,1,2.077202e-05,0.9999558,1.3416196e-09,2.1225045e-05,1.2949954e-06,9.692614e-07,1.3940181e-09
ISIC_0027879,1,6.553784e-07,0.99999833,1.4717555e-11,1.0115687e-10,7.0546676e-08,9.879943e-07,4.378731e-08
ISIC_0024536,1,2.2910996e-07,0.99999964,3.288716e-09,2.4681948e-09,1.13218476e-07,5.2379184e-10,4.735568e-10
ISIC_0029478,1,3.26757e-05,0.99996614,5.853824e-13,5.8713585e-09,1.0948031e-06,2.3563203e-09,9.334731e-08
ISIC_0028398,1,1.8513814e-06,0.99999213,2.1247944e-08,1.0451136e-09,5.9213535e-06,2.5716915e-09,5.8367213e-08
ISIC_0031551,1,6.905571e-07,0.9999914,2.4812173e-12,3.3158008e-11,4.617042e-10,7.281661e-06,5.8756183e-07
ISIC_0030924,1,2.1051601e-05,0.9955721,1.23894015e-05,0.0036329876,0.00062158634,7.444844e-05,6.554018e-05
ISIC_0024645,1,0.021148013,0.9788511,1.4089727e-08,2.3691683e-08,3.585025e-08,1.0573213e-07,7.8110565e-07
ISIC_0032064,1,6.755371e-07,0.9999993,2.1413273e-12,3.9169896e-11,4.151849e-09,1.2883085e-10,1.7632399e-08
ISIC_0028691,1,1.139884e-06,0.9999987,6.37278e-08,6.631331e-09,5.5010307e-08,5.836982e-08,3.0239036e-08
ISIC_0027508,1,7.432369e-07,0.9999993,1.1802734e-11,3.8940596e-12,1.7805527e-09,9.317581e-10,7.0714035e-09
ISIC_0027603,1,2.3432965e-06,0.9999907,5.375448e-06,3.7491987e-09,1.1637756e-06,7.821282e-08,2.8212673e-07
ISIC_0028824,1,7.4953384e-08,0.9999974,2.672865e-07,3.0711883e-10,1.0624103e-06,1.1700632e-06,2.8268528e-09
ISIC_0028541,1,1.1682237e-09,1.0,1.38526525e-11,1.5344196e-11,3.052143e-09,5.328797e-09,1.321334e-09
ISIC_0029433,1,4.2387665e-06,0.9999957,4.9032733e-10,1.0895269e-09,1.9779547e-08,3.7660063e-11,6.5030874e-09
ISIC_0028470,1,1.3703043e-05,0.9999862,1.117262e-08,9.553983e-10,6.758714e-08,3.8968007e-09,2.9489249e-09
ISIC_0029922,1,8.438827e-06,0.9999852,6.562879e-09,7.3407065e-08,1.9102619e-07,5.786286e-06,2.017939e-07
ISIC_0030252,1,3.6528695e-07,0.99999964,9.430509e-14,3.0599348e-13,5.3053574e-13,3.0342813e-13,4.204014e-09
ISIC_0025204,1,4.5251936e-06,0.9999951,7.486884e-10,6.808361e-10,1.0969528e-07,1.5882796e-07,1.5637151e-07
ISIC_0028000,1,0.09936953,0.9006046,9.871265e-09,5.647159e-07,2.2537908e-05,1.5314926e-07,2.6859275e-06
ISIC_0028506,1,0.44684386,0.5528963,8.8954613e-07,4.9136443e-06,1.0951204e-07,4.985706e-07,0.00025335848
ISIC_0028256,1,1.0433603e-07,0.9999944,6.80934e-11,2.4280007e-07,4.2310917e-06,9.460444e-07,4.330549e-08
ISIC_0024844,1,2.1297328e-06,0.99999046,4.4624634e-11,1.654473e-08,7.2717893e-07,6.3946877e-06,1.9019392e-07
ISIC_0031493,1,2.0368483e-05,0.9999795,3.5565374e-12,2.4409367e-08,3.5107547e-08,1.08018874e-07,2.3788006e-08
ISIC_0032473,1,1.0679137e-06,0.9999989,5.507595e-11,5.645048e-11,2.1527521e-08,2.3233376e-08,6.08891e-09
ISIC_0025624,1,3.1093105e-08,0.9999999,3.0370428e-10,7.4735045e-11,9.1724395e-08,5.022637e-10,1.5232643e-09
ISIC_0025882,1,1.9187965e-07,0.99999976,2.0767416e-08,5.718356e-10,1.360465e-08,2.3422395e-09,5.063707e-11
ISIC_0031979,1,7.709771e-05,0.9999229,3.4542016e-10,3.9029854e-10,4.0576348e-10,7.094274e-09,9.17465e-09
ISIC_0029738,1,2.7516305e-06,0.99999726,2.4026421e-11,1.7026582e-09,9.9717e-10,1.0982086e-08,1.7045882e-09
ISIC_0031627,1,1.2810578e-08,1.0,5.1345056e-13,7.381978e-13,8.633059e-09,3.153711e-09,3.213852e-09
ISIC_0030304,1,0.002682917,0.99547946,9.290752e-09,4.3831525e-09,2.5850666e-09,0.0018368416,6.907851e-07
ISIC_0030982,1,2.6439277e-06,0.9999939,2.1149786e-10,2.3101139e-08,4.905934e-07,3.7918252e-07,2.6027587e-06
ISIC_0027059,1,2.0142396e-07,0.9999994,1.9815964e-10,3.723997e-08,1.5970214e-07,2.2366858e-07,5.2923923e-08
ISIC_0027483,1,1.0662162e-06,0.9999989,1.034407e-10,2.6597053e-11,1.1541609e-09,3.5982806e-10,2.8334322e-09
ISIC_0032160,1,1.8433391e-05,0.9999709,2.3264354e-07,3.8191505e-08,9.7777065e-06,5.1861495e-08,6.514559e-07
ISIC_0032178,1,1.7302e-07,0.99999034,1.7907294e-10,7.900896e-06,5.0682953e-08,1.55581e-06,3.754894e-09
ISIC_0025845,1,3.4215972e-09,1.0,2.530513e-13,8.8986435e-13,3.573426e-12,7.631689e-10,2.6041747e-10
ISIC_0031444,1,0.00012629078,0.99987364,1.5381571e-12,5.424945e-10,2.3399696e-10,1.3112185e-09,5.868741e-10
ISIC_0032452,1,1.942986e-07,0.99999917,7.639653e-09,5.419041e-09,5.432712e-07,3.6499808e-09,3.014737e-08
ISIC_0029754,1,8.167827e-07,0.99999917,5.7239397e-10,3.2201675e-10,1.2933126e-08,2.3896115e-08,2.0381101e-09
ISIC_0028176,1,2.9647737e-08,0.9999994,2.1862943e-09,2.661965e-11,7.766137e-09,5.143634e-07,4.1696207e-08
ISIC_0028416,1,9.4381664e-07,0.9999981,1.7276031e-09,9.031765e-09,6.0196084e-09,9.264403e-07,8.696902e-09
ISIC_0024499,1,3.012578e-06,0.9999969,1.5070926e-10,1.3031541e-09,2.979511e-08,2.5111445e-08,1.2277082e-08
ISIC_0028181,1,0.0004948186,0.99950445,5.1166826e-10,2.261272e-08,2.9758962e-07,3.8375782e-07,2.4262267e-08
ISIC_0026196,1,1.3240588e-09,1.0,1.761383e-11,9.601507e-13,9.476732e-09,4.053262e-09,9.0319485e-10
ISIC_0030084,1,1.0700301e-06,0.9999989,1.780225e-10,8.333354e-09,2.9772662e-09,7.548238e-10,3.2915248e-09
ISIC_0029428,1,5.285293e-07,0.9999994,2.9469704e-11,1.5947527e-10,2.0535447e-08,3.1586712e-08,2.8561247e-09
ISIC_0031324,1,5.3521364e-07,0.9999995,3.3359797e-12,5.1043818e-12,1.07735286e-10,1.6515312e-11,1.8250763e-10
ISIC_0026356,1,4.8873017e-07,0.99999785,4.883814e-10,1.04583195e-08,1.5041637e-06,7.371706e-09,1.0035579e-07
ISIC_0027555,1,0.00032381597,0.9996761,1.9837962e-09,1.8059638e-09,1.2834452e-08,2.4230266e-08,1.2893344e-07
ISIC_0025423,1,8.952123e-05,0.99986136,2.2296668e-07,7.703421e-08,1.0175151e-05,4.3356894e-07,3.8081587e-05
ISIC_0027746,1,1.2851187e-07,0.9999974,3.9563217e-10,6.5166073e-09,3.25109e-08,7.3659896e-07,1.7156976e-06
ISIC_0031179,1,2.5493959e-05,0.9999745,2.936304e-11,1.2438501e-11,4.1166315e-10,3.7582504e-10,5.9434284e-09
ISIC_0029648,1,5.4592246e-09,1.0,1.3098522e-12,3.176035e-12,4.783969e-09,2.4001425e-08,3.527052e-10
ISIC_0032127,1,1.5606173e-06,0.99994457,1.238727e-08,4.7811594e-05,2.4971746e-06,3.5468456e-06,5.279608e-09
ISIC_0024622,1,6.0380403e-06,0.999984,3.846249e-08,4.59932e-08,9.848764e-06,3.884253e-08,4.5280228e-08
ISIC_0029935,1,5.3352722e-09,0.9999994,4.3399533e-09,7.642919e-09,6.601656e-08,2.7916766e-07,2.5622364e-07
ISIC_0031994,1,4.9477142e-09,0.9999999,4.9161635e-09,2.4653321e-11,1.2922494e-10,6.902452e-08,5.669259e-10
ISIC_0026509,1,3.475085e-07,0.9999951,1.2686407e-12,5.276565e-08,4.1563067e-06,2.2544906e-08,3.3413673e-07
ISIC_0032286,1,0.0014272342,0.9985727,5.1040647e-12,2.1417424e-08,1.7239763e-09,2.6116892e-08,5.873978e-09
ISIC_0024591,1,0.00037801958,0.999622,1.220721e-11,6.9850365e-09,7.5487905e-10,3.183395e-09,1.512766e-08
ISIC_0029228,1,6.32646e-07,0.9999387,9.0745456e-10,6.927346e-10,4.939291e-10,2.2910658e-08,6.0673985e-05
ISIC_0028274,1,9.694726e-07,0.9999982,9.963349e-09,4.2124236e-07,3.1185036e-07,4.9341256e-09,2.0860904e-09
ISIC_0031549,1,2.5997791e-05,0.9999733,8.039612e-08,8.287384e-08,2.0971711e-07,4.8153353e-08,3.3678987e-07
ISIC_0025111,1,4.575365e-07,0.99992657,1.506499e-05,1.0953108e-05,4.1280535e-05,5.184931e-06,5.0511926e-07
ISIC_0024766,1,1.2266138e-06,0.99999857,1.2955937e-11,1.4052743e-09,1.659423e-08,1.727675e-07,3.4971407e-08
ISIC_0027015,1,4.806192e-07,0.9999995,1.6917018e-12,5.861311e-11,2.2886182e-09,1.1534068e-09,3.2388794e-08
ISIC_0026463,1,0.00019344394,0.99980646,2.2485772e-12,1.0436279e-07,1.2256613e-08,1.3489245e-08,1.7651844e-08
ISIC_0031684,1,2.1918027e-05,0.9999778,5.643828e-12,5.4983185e-10,2.6750493e-07,3.3039363e-08,1.0545517e-09
ISIC_0029709,1,4.609851e-09,1.0,4.9589808e-11,1.1744356e-11,1.4067298e-09,5.416201e-10,6.663547e-12
ISIC_0030419,1,1.4476284e-07,0.9999999,2.817156e-12,1.3961259e-09,1.6777973e-09,1.9933422e-09,1.8833148e-08
ISIC_0030745,1,0.00064686965,0.9993512,1.554049e-08,6.664141e-08,2.609154e-07,2.8504394e-08,1.4982277e-06
ISIC_0031780,1,7.285219e-06,0.99999166,1.6466801e-08,3.4904726e-08,9.896003e-07,1.07131894e-08,3.3592e-09
ISIC_0025110,1,1.04811825e-05,0.9999895,9.661156e-11,1.4153184e-10,1.8357481e-10,1.845977e-09,5.5313176e-10
ISIC_0027694,1,1.9039064e-05,0.9999809,4.1211257e-11,7.7372175e-10,2.6483715e-09,5.319441e-10,1.9977033e-10
ISIC_0029616,1,1.0064204e-05,0.99998987,3.172311e-11,1.5044406e-09,4.671268e-08,9.846378e-10,5.987443e-08
ISIC_0030454,1,1.975003e-09,1.0,3.007365e-12,6.1790243e-13,1.255818e-11,1.3403948e-09,4.3379178e-10
ISIC_0026899,1,3.207363e-07,0.9999796,4.3226658e-10,3.0767036e-10,2.3175835e-08,2.0038038e-05,1.6922396e-08
ISIC_0027692,1,1.2498529e-06,0.9999987,2.787693e-10,1.5179426e-10,5.637262e-09,2.5490634e-09,7.624724e-10
ISIC_0025496,1,1.16617876e-07,0.9999999,4.991879e-12,2.9261638e-11,3.1045737e-09,4.821547e-12,5.670107e-12
ISIC_0026284,1,6.768553e-06,0.9999931,3.5981496e-10,6.8434936e-08,1.0902439e-08,1.5487897e-08,4.7002646e-09
ISIC_0028725,1,1.0039868e-07,0.9999999,1.3055333e-10,3.9152423e-12,2.2052014e-08,6.7425376e-10,8.76897e-10
ISIC_0028469,1,8.119985e-10,0.99999976,7.4937647e-13,2.3383515e-09,2.0690133e-07,1.0838817e-08,5.044878e-08
ISIC_0030750,1,3.6451129e-06,0.9999963,8.2971674e-10,3.5771368e-08,2.9741154e-08,6.8360334e-10,4.4993279e-10
ISIC_0031516,1,4.8177952e-08,0.9999995,1.1844064e-09,2.0022724e-10,4.1153586e-07,2.5880286e-08,6.877609e-09
ISIC_0030788,1,3.2570946e-07,0.99999964,4.3894765e-14,3.444333e-11,8.9413485e-12,1.5522177e-09,1.6677491e-10
ISIC_0028708,1,9.384585e-05,0.99990463,1.4669656e-11,4.6471456e-07,8.3710637e-07,2.4043453e-07,2.4603228e-09
ISIC_0029262,1,1.734239e-08,0.9999994,4.225628e-10,3.75536e-08,2.0852308e-08,4.9758693e-08,5.0606457e-07
ISIC_0027511,1,2.4683159e-06,0.9999975,4.188352e-12,3.0840264e-10,5.1395954e-10,3.2530516e-11,8.283716e-11
ISIC_0027890,1,4.0325668e-07,0.9999994,7.520761e-11,8.544803e-09,9.3231556e-08,1.4197919e-07,7.526121e-09
ISIC_0024354,1,1.3862561e-07,0.9999988,1.2252075e-08,3.7533936e-09,1.0364707e-06,5.6750404e-10,7.1503763e-09
ISIC_0028811,1,9.278097e-07,0.9999989,5.4360966e-10,3.1235659e-09,9.793789e-08,7.422661e-09,7.3502466e-09
ISIC_0027001,1,5.608621e-07,0.9999994,5.3069427e-10,1.5457757e-10,1.1915255e-09,1.37002365e-08,5.8423404e-09
ISIC_0032295,1,0.0031793385,0.99678016,1.4748048e-07,7.1619997e-06,6.674241e-06,1.4907704e-06,2.5033598e-05
ISIC_0029969,1,1.3243291e-06,0.99999857,6.610231e-12,9.429294e-10,1.0907844e-08,2.530101e-08,7.200441e-08
ISIC_0024810,1,5.124005e-07,0.9999982,1.5559511e-08,3.3470716e-08,5.7510363e-08,1.2235827e-06,9.841715e-09
ISIC_0025552,1,7.960853e-07,0.99998057,1.1406729e-07,3.3798067e-08,9.187996e-06,7.521255e-06,1.8421595e-06
ISIC_0024627,1,8.7934284e-05,0.9925263,2.6653066e-09,3.7972556e-10,1.7524414e-08,1.0159392e-06,0.007384697
ISIC_0027586,1,1.5219271e-07,0.9999999,3.1879162e-13,1.2583402e-11,4.0784437e-12,1.8265867e-08,1.2511969e-10
ISIC_0031683,1,5.7647345e-09,0.9999994,2.1644965e-11,6.012488e-10,8.354396e-09,4.5811075e-09,5.695841e-07
ISIC_0028002,1,6.0448557e-09,0.99973553,0.00025361698,1.8458356e-09,3.038585e-07,1.0443842e-05,3.8837085e-09
ISIC_0024530,1,1.892474e-09,0.99999976,1.0756447e-10,5.8007096e-11,1.7379857e-07,4.6199204e-09,1.2261975e-08
ISIC_0027906,1,4.409966e-06,0.99998903,4.9484086e-08,2.5721838e-09,6.490358e-06,2.152849e-09,8.889166e-09
ISIC_0025857,1,6.596044e-08,0.9999995,6.3195e-09,1.8224414e-08,1.4275567e-07,1.8525323e-08,2.754266e-07
ISIC_0030648,1,2.8659804e-07,0.9999994,4.365503e-11,2.0590149e-07,3.020551e-08,3.6472837e-08,3.777787e-09
ISIC_0030489,1,5.5867975e-05,0.9999441,2.8825596e-12,8.150519e-10,5.33719e-11,2.0009054e-10,5.7421035e-10
ISIC_0030879,1,7.533935e-07,0.99994993,1.6160935e-05,1.301898e-07,2.7905062e-05,1.191057e-06,3.961034e-06
ISIC_0030345,1,2.7884788e-09,0.9999995,4.430953e-11,2.5891185e-09,2.6583655e-07,1.3867398e-07,5.3868725e-08
ISIC_0024316,1,1.4917768e-10,1.0,7.713487e-12,1.8540256e-11,1.3907063e-10,2.0352578e-08,1.0867307e-11
ISIC_0029629,1,2.1427023e-07,0.9999769,2.5532348e-10,1.7633079e-08,2.2555172e-05,2.3917323e-07,7.313924e-08
ISIC_0024722,1,3.6552073e-08,0.99999905,7.6071975e-09,3.244829e-10,3.048135e-07,6.279798e-07,6.297985e-08
ISIC_0031397,1,5.599134e-07,0.9999994,3.6482383e-11,1.5490439e-09,2.6984468e-09,8.129559e-10,1.517445e-11
ISIC_0025848,1,7.893688e-06,0.99999213,3.79738e-13,1.0014969e-10,2.6511606e-09,2.7293348e-09,2.4792522e-11
ISIC_0031342,1,8.496918e-06,0.99991786,1.2924466e-10,1.1671674e-06,6.895726e-05,3.3586398e-06,1.3491308e-07
ISIC_0026898,1,0.00039256946,0.99960643,3.1822134e-07,9.021634e-09,4.870465e-09,5.8042707e-07,9.9348625e-08
ISIC_0031859,1,0.0005765717,0.99940825,2.1143337e-07,5.058235e-06,8.9660425e-06,5.4641333e-07,4.715182e-07
ISIC_0027078,1,0.00011454158,0.99988544,1.1494544e-12,4.5672114e-13,3.9411647e-09,1.4749164e-11,1.7507935e-09
ISIC_0031066,1,2.1764853e-07,0.99999833,1.4410151e-10,5.4187885e-09,1.0847696e-06,3.6173108e-07,3.3982378e-08
ISIC_0027841,1,2.2687855e-06,0.9999976,3.9578124e-12,1.3748646e-11,7.672157e-10,6.101635e-08,1.614806e-08
ISIC_0025176,1,1.5531429e-08,0.9999999,8.623292e-14,1.1918421e-09,1.3005547e-07,2.0567288e-08,2.0037591e-10
ISIC_0027396,1,5.1540824e-06,0.9999949,4.8530585e-12,9.8572275e-11,1.05862805e-10,1.2321616e-10,3.3902938e-09
ISIC_0024817,1,3.520967e-06,0.99999547,1.743887e-07,3.660418e-09,1.9936377e-07,4.5246796e-07,1.1679121e-07
ISIC_0030627,1,7.772766e-06,0.99999094,1.00055055e-10,1.0029906e-10,1.2342297e-09,1.4940913e-08,1.2907157e-06
ISIC_0027039,1,2.0583204e-05,0.9999794,3.5309857e-13,4.4829077e-10,3.6308193e-10,1.4517377e-11,8.5872875e-10
ISIC_0031109,1,4.7660614e-10,1.0,8.7201635e-15,1.21869285e-11,3.809536e-11,1.8322841e-09,7.283091e-12
ISIC_0030638,1,3.7599716e-06,0.99999547,1.5631736e-10,5.487306e-08,7.1290816e-07,1.5606668e-08,5.927412e-08
ISIC_0025686,1,4.3759985e-05,0.99992466,1.4065115e-05,1.2797648e-06,1.5795264e-05,2.0308828e-07,1.2096103e-07
ISIC_0026598,1,3.7422927e-07,0.99999416,6.704154e-07,3.9272352e-10,1.1415939e-07,4.672318e-06,3.8104425e-08
ISIC_0026563,1,0.013802823,0.9860638,7.481631e-08,9.884523e-05,3.331399e-05,8.3689365e-08,1.0976138e-06
ISIC_0029151,1,9.747279e-05,0.9999025,2.397425e-11,2.7655818e-09,5.7333756e-09,5.395568e-10,7.982384e-09
ISIC_0031020,1,3.906776e-08,0.9999999,1.7687532e-10,6.3377986e-10,6.5050245e-09,1.06485e-07,4.3845185e-09
ISIC_0031641,1,1.2685855e-06,0.9999981,8.546549e-10,1.9823196e-10,5.1848247e-07,2.1537197e-08,8.2402245e-08
ISIC_0031205,1,1.6145812e-05,0.9999826,2.0913367e-09,1.2107545e-06,3.987258e-08,1.5431584e-09,2.7492213e-08
ISIC_0028138,1,2.3737794e-05,0.9999734,7.1954204e-10,1.1105246e-06,1.5054371e-06,1.8446539e-07,1.0745758e-08
ISIC_0027977,1,0.0038257693,0.9961731,2.0807822e-11,1.1395447e-06,9.622582e-10,2.8480535e-08,4.9521307e-09
ISIC_0029165,1,3.3150175e-07,0.9999964,3.040072e-08,1.032855e-06,8.9605745e-09,2.1200328e-06,3.1242745e-08
ISIC_0026193,1,1.0288052e-05,0.9999896,5.615676e-08,8.129267e-09,1.2592324e-11,3.003419e-08,2.5625692e-08
ISIC_0025233,1,4.9369145e-08,1.0,1.6933003e-16,6.5595646e-15,2.766128e-11,1.8934955e-10,8.556114e-12
ISIC_0027095,1,7.343096e-06,0.9999901,9.53231e-13,1.2234758e-08,3.3843033e-08,1.02407164e-07,2.3922237e-06
ISIC_0030030,1,0.00039854675,0.9995915,9.684238e-06,1.3549378e-09,2.3086217e-07,1.7944062e-08,5.3038733e-08
ISIC_0025933,1,1.9045108e-07,0.99999976,1.7514263e-11,6.438558e-11,8.495085e-08,2.7339824e-09,1.2127599e-09
ISIC_0032012,1,9.955147e-07,0.99999857,2.2775522e-08,3.4158677e-07,6.122754e-08,4.182966e-09,1.1376033e-08
ISIC_0027741,1,1.8697488e-05,0.99997497,1.3565956e-09,1.0794878e-07,1.9779355e-07,5.6641243e-06,3.3985526e-07
ISIC_0026306,1,6.760967e-09,0.9999995,1.5023947e-11,2.2579452e-10,4.610205e-07,8.17905e-10,5.1538427e-09
ISIC_0024557,1,1.129096e-06,0.99999857,8.621486e-11,9.725194e-11,2.2117306e-09,2.0156196e-07,1.0017666e-07
ISIC_0031717,1,1.7247263e-08,0.9999999,4.334915e-10,1.4403346e-08,1.1153488e-07,6.0841177e-10,1.1294922e-09
ISIC_0031487,1,4.157551e-06,0.9999958,1.6774722e-11,1.0178827e-11,4.499319e-09,2.50626e-09,2.8092065e-10
ISIC_0025342,1,7.4834236e-07,0.9978599,2.6862779e-08,2.8555032e-06,0.00035174913,0.001765274,1.9432815e-05
ISIC_0031568,1,1.0234777e-05,0.99998975,5.533468e-11,1.4268997e-08,1.2463218e-08,9.8001784e-09,4.2188225e-10
ISIC_0031879,1,0.00013230258,0.99986446,1.265927e-09,6.0048694e-10,2.7155654e-08,3.212076e-06,5.9320158e-09
ISIC_0027845,1,5.8240166e-05,0.9999392,1.0238177e-08,9.807753e-07,1.5601729e-06,4.955444e-08,1.3514009e-08
ISIC_0032177,1,2.8240477e-08,0.99999976,6.9254796e-11,3.8522907e-13,4.1992118e-10,2.688271e-07,1.5371451e-09
ISIC_0027075,1,9.795745e-06,0.999984,1.8124703e-09,2.8168648e-08,6.087725e-06,2.0806262e-08,1.2381884e-07
ISIC_0032435,1,2.3510363e-05,0.9999765,5.607962e-11,9.0983425e-09,5.8778027e-10,7.470668e-10,1.4588881e-09
ISIC_0030320,1,6.57535e-05,0.9999342,1.0644934e-15,2.0162958e-12,6.0757107e-12,2.8750552e-10,2.405821e-10
ISIC_0024325,1,5.2064007e-07,0.9999995,7.085928e-14,3.7620887e-10,1.0905879e-08,1.294489e-10,2.5315053e-10
ISIC_0031283,1,9.88487e-07,0.9999989,1.0309339e-11,1.7599573e-11,5.2532673e-08,2.1979899e-11,2.2415651e-10
ISIC_0029987,1,4.186769e-07,0.9999995,8.9797675e-12,5.282947e-10,7.390228e-10,3.8008683e-11,3.8452357e-09
ISIC_0024651,1,0.04168558,0.95823276,3.4170284e-09,4.950001e-06,1.2679491e-06,1.0678918e-05,6.482663e-05
ISIC_0030500,1,3.0771737e-06,0.9999969,8.787244e-10,6.656026e-10,2.4776543e-09,1.1389251e-09,1.893711e-09
ISIC_0031936,1,2.3547655e-05,0.9999764,3.0095676e-11,1.4713963e-09,3.7080845e-08,4.1060626e-09,1.12878125e-08
ISIC_0025344,1,1.3376955e-08,0.99999976,1.3318246e-12,2.8356186e-09,4.1771923e-08,1.6544404e-07,8.8283194e-08
ISIC_0031047,1,0.00045827747,0.99954164,1.0112294e-11,8.498086e-10,1.2896835e-07,4.6581152e-09,7.139205e-09
ISIC_0030040,1,0.000387584,0.9996124,1.6725574e-12,1.4957404e-12,7.3375105e-11,3.8197057e-11,1.6359324e-09
ISIC_0025660,1,9.430789e-07,0.99999905,1.4044316e-12,9.7242714e-11,6.3680214e-11,4.7691306e-10,2.1015196e-09
ISIC_0031885,1,4.1421316e-07,0.9999981,2.7465814e-11,9.868569e-10,4.7213047e-09,6.5704285e-07,7.178076e-07
ISIC_0027685,1,0.0014851153,0.9984976,1.2689599e-06,2.8845772e-09,9.46974e-06,7.3286266e-08,6.4599026e-06
ISIC_0029280,1,0.00041557327,0.9995633,6.1759464e-10,9.688667e-06,1.1256867e-05,2.2385863e-07,1.735504e-08
ISIC_0028564,1,1.6143772e-06,0.9998301,2.3788687e-05,1.2489916e-06,0.00013422157,7.557895e-07,8.335982e-06
ISIC_0029942,1,3.690494e-05,0.99996245,9.076107e-11,8.787716e-09,5.2442065e-08,4.7602636e-08,5.359773e-07
ISIC_0027787,1,4.3451436e-08,1.0,8.6040975e-12,2.52716e-10,6.4461686e-10,4.2820347e-10,4.031404e-09
ISIC_0025841,1,0.0010107389,0.9989849,1.18036e-09,3.3000386e-08,1.8068438e-07,3.4275272e-06,7.5426595e-07
ISIC_0027891,1,0.0006520605,0.9993462,4.5377164e-09,1.5293047e-10,1.0095775e-06,7.194639e-10,6.722306e-07
ISIC_0030685,1,2.812883e-08,1.0,8.541581e-13,1.4125035e-11,7.3275463e-10,2.1805444e-09,1.3620067e-09
ISIC_0027329,1,7.233498e-06,0.9999727,8.470412e-11,1.2626685e-09,1.1104322e-07,1.1315789e-05,8.634491e-06
ISIC_0028199,1,8.393544e-07,0.99999833,8.308784e-12,1.8969895e-12,4.859295e-10,7.86672e-08,6.881807e-07
ISIC_0030343,1,0.00043105602,0.9995689,1.063505e-13,5.88106e-13,1.5067945e-11,1.5609267e-08,2.4888315e-08
ISIC_0025091,1,6.701689e-09,0.9999918,2.67388e-09,7.391086e-10,5.8835936e-09,8.068573e-06,7.016873e-08
ISIC_0029977,1,5.3117816e-05,0.99994683,4.3974928e-13,3.6221984e-11,2.3029783e-09,2.5923965e-09,5.617918e-09
ISIC_0031328,1,8.408299e-07,0.99990165,5.858392e-10,1.1322451e-06,1.0217979e-05,8.586781e-05,4.2027042e-07
ISIC_0031737,1,3.1986166e-10,0.9999999,7.2381525e-08,2.4346616e-09,6.5233015e-09,2.3522919e-08,5.469107e-08
ISIC_0027180,1,1.2889945e-05,0.9999864,4.6543004e-12,9.117132e-11,5.2845036e-07,2.6956506e-08,1.5672146e-07
ISIC_0028162,1,3.4234872e-06,0.99999654,4.10846e-11,2.8487364e-11,1.8247862e-09,3.0376945e-09,1.5761673e-08
ISIC_0030749,1,0.00045228362,0.99954647,5.718082e-08,1.8710857e-07,6.763129e-08,6.796711e-07,1.0273649e-07
ISIC_0032037,1,3.8076678e-06,0.9999962,4.615493e-08,7.036468e-09,1.1363406e-08,1.5730015e-08,8.46022e-09
ISIC_0025688,1,2.218332e-07,0.99999666,1.3422197e-09,1.4549445e-08,3.0677031e-06,1.2750464e-09,1.2481695e-08
ISIC_0028802,1,3.400634e-06,0.9999858,2.1420359e-10,3.2216192e-09,1.775271e-07,8.854385e-08,1.0537823e-05
ISIC_0026294,1,2.1814009e-07,0.99999976,3.6722239e-09,8.2844026e-10,5.3905943e-08,3.90224e-08,4.464791e-09
ISIC_0024992,1,1.4165859e-06,0.99999845,7.65462e-11,4.1680862e-10,3.845921e-09,1.4138755e-08,7.813008e-08
ISIC_0024628,1,2.5304043e-06,0.9999974,2.0399968e-09,5.244407e-09,4.5076177e-08,1.0082897e-09,1.0822492e-08
ISIC_0031768,1,1.5404654e-06,0.99999213,8.5805335e-11,1.0431325e-08,5.754924e-06,4.4269925e-07,1.3028337e-07
ISIC_0030097,1,3.4844734e-07,0.99999607,2.3494793e-09,1.2140799e-08,5.203667e-09,2.943544e-08,3.5342277e-06
ISIC_0025880,1,4.7165944e-05,0.99995255,3.1197636e-10,2.2316122e-09,1.8590784e-08,2.5957243e-07,7.36154e-08
ISIC_0026181,1,2.287143e-05,0.9999763,1.0883904e-09,2.5966795e-09,4.695213e-07,3.2853825e-07,5.9836395e-08
ISIC_0032332,1,9.614804e-07,0.9999989,5.4521604e-10,1.6422435e-09,9.581234e-08,8.813737e-09,7.3235e-10
ISIC_0030558,1,3.5342822e-05,0.99996233,2.1829412e-10,1.4390633e-09,5.2036756e-07,1.5548875e-07,1.711015e-06
ISIC_0026808,1,0.019913325,0.98008645,2.880687e-09,6.808482e-08,7.512207e-08,7.432901e-09,2.0120028e-09
ISIC_0025788,1,0.0011003205,0.9988996,1.8217042e-12,3.701725e-08,3.281781e-08,6.5757786e-09,4.3251536e-09
ISIC_0032299,1,3.331944e-05,0.9991854,2.1677546e-07,4.58337e-06,0.0006691772,4.275146e-06,0.00010306246
ISIC_0031605,1,2.3134136e-07,0.99999976,1.2778904e-11,1.9950847e-12,3.3576338e-08,4.092479e-11,3.2169922e-12
ISIC_0032130,1,7.461128e-11,1.0,1.5630785e-11,1.511718e-10,1.0256855e-09,1.694211e-09,7.262446e-09
ISIC_0026521,1,3.7692848e-06,0.99999547,1.3109467e-11,2.169279e-10,7.876042e-10,6.923938e-07,7.6699425e-11
ISIC_0025556,1,4.6925175e-06,0.9999813,8.594572e-08,2.4394063e-07,1.2212007e-05,1.3242745e-06,1.6019347e-07
ISIC_0030715,1,1.4275201e-05,0.99997854,2.7561469e-11,3.6967754e-10,7.234768e-06,1.3959557e-08,4.6399204e-09
ISIC_0025995,1,8.4741124e-08,0.9999999,6.4821576e-10,2.971241e-11,2.6190559e-08,1.1648772e-09,1.3547657e-08
ISIC_0030720,1,1.3631914e-07,0.99999106,1.7247572e-08,3.3677322e-06,2.9972516e-06,2.4235244e-06,1.02181325e-07
ISIC_0029753,1,2.4959704e-06,0.99999535,3.9478802e-09,4.334914e-09,1.8572338e-06,2.8461153e-07,6.9373584e-08
ISIC_0028922,1,6.173169e-05,0.9999378,1.272304e-09,5.719532e-09,1.2242644e-07,1.825689e-07,1.16661475e-07
ISIC_0027286,1,0.036321156,0.96367866,2.3945054e-10,1.1201682e-08,1.1068144e-07,3.988185e-08,2.171277e-08
ISIC_0026543,1,3.1255194e-08,1.0,2.4492366e-12,6.4343364e-11,5.656403e-11,4.5653743e-09,1.5652572e-10
ISIC_0031054,1,1.9079893e-07,0.99998975,2.2120898e-06,2.5189038e-07,1.5383587e-07,1.3401121e-06,6.183611e-06
ISIC_0027079,1,5.9227823e-08,0.9999999,1.1477632e-12,1.4536946e-09,8.838947e-09,2.7330336e-09,4.1753645e-10
ISIC_0029946,1,2.2298753e-05,0.9999777,3.964908e-10,1.5746751e-11,1.544252e-09,3.1558065e-09,2.5256266e-08
ISIC_0025475,1,1.2882235e-05,0.99998033,1.597083e-08,8.954985e-08,5.5907285e-06,2.819452e-07,8.552313e-07
ISIC_0026396,1,2.0209625e-06,0.999998,2.7772706e-12,1.1385819e-11,2.7001161e-09,1.3190104e-08,1.121415e-08
ISIC_0031393,1,3.7405783e-07,0.9999994,1.4732324e-10,4.886838e-11,1.121462e-07,1.09295385e-07,4.5318163e-08
ISIC_0029672,1,1.0831404e-07,0.9999999,1.3198182e-12,2.1112831e-10,1.575192e-09,1.009414e-09,5.493768e-09
ISIC_0025872,1,3.1481694e-08,0.9999994,5.644305e-12,3.6878413e-12,3.068658e-07,1.6817808e-07,9.547926e-08
ISIC_0030111,1,3.0149781e-06,0.999997,9.323897e-12,1.4040777e-12,1.5252069e-10,1.8834199e-09,6.1311667e-09
ISIC_0024467,1,1.937857e-08,1.0,5.212157e-14,2.9532616e-12,1.415639e-09,5.6756675e-09,8.06675e-09
ISIC_0026447,1,3.8753346e-06,0.99999034,2.2445308e-11,5.4876496e-06,1.9857168e-07,1.12877935e-07,1.3600837e-08
ISIC_0025151,1,1.18883946e-07,0.9999999,4.0648027e-10,7.4274514e-10,1.1969199e-09,3.975736e-09,4.2421466e-09
ISIC_0030735,1,7.4204795e-06,0.9999925,4.751109e-12,7.58144e-12,2.7820217e-08,2.113643e-08,1.09095325e-07
ISIC_0028097,1,7.942892e-06,0.9999919,2.2357866e-12,6.189694e-10,1.07723935e-07,1.3664565e-08,5.227949e-09
ISIC_0030266,1,0.00015687323,0.99977237,2.0751171e-08,8.221515e-06,2.2790024e-05,3.970055e-05,5.968207e-08
ISIC_0028974,1,1.3084168e-07,0.99999976,6.91678e-11,1.8826996e-09,1.0942965e-09,1.0511379e-07,8.4130974e-10
ISIC_0026568,1,1.8617146e-06,0.9999981,2.4698592e-08,1.885876e-10,3.8599706e-09,8.7776275e-09,6.807333e-09
ISIC_0032480,1,0.9205032,0.07924355,2.4670668e-11,3.889744e-06,4.1869184e-06,0.00024520967,1.1679919e-08
ISIC_0030724,1,1.6209377e-06,0.9998592,4.8844813e-09,5.2377373e-12,2.9727348e-10,5.673008e-05,8.2463404e-05
ISIC_0027267,1,6.6144305e-05,0.99993384,1.0800894e-08,5.1193614e-09,1.2315779e-08,2.630949e-08,2.5433145e-08
ISIC_0029064,1,3.504748e-07,0.9999975,3.504283e-11,1.6692772e-09,1.9729864e-06,3.4161065e-08,2.2138111e-07
ISIC_0029295,1,2.2962206e-07,0.99994254,5.273646e-10,1.2641937e-10,2.3244597e-09,5.3391224e-05,3.840786e-06
ISIC_0025294,1,4.7941295e-08,1.0,3.908075e-11,2.2269675e-10,3.4283718e-09,1.735001e-08,7.031621e-10
ISIC_0026971,1,8.330883e-06,0.99999166,3.6425793e-10,2.3439164e-11,3.613759e-09,4.364847e-10,9.046662e-11
ISIC_0032394,1,1.9562847e-05,0.99998045,1.9530248e-12,4.3436535e-10,2.5034017e-10,1.393186e-09,9.484964e-11
ISIC_0024852,1,1.6685977e-08,0.9999999,2.405441e-11,4.0316213e-08,7.9201484e-08,2.8080207e-08,5.067449e-10
ISIC_0024703,1,1.2890679e-05,0.99997747,1.5246915e-10,1.2820342e-07,7.782556e-06,3.694039e-07,1.4224164e-06
ISIC_0030044,1,9.3590955e-08,0.9999999,7.882111e-12,1.2190327e-10,7.6270895e-10,5.0034754e-10,1.4660549e-09
ISIC_0028191,1,4.9938507e-08,0.9999999,2.3311722e-10,8.4347573e-10,3.4448714e-08,3.9858293e-08,8.7664835e-09
ISIC_0030298,1,3.0350773e-08,1.0,5.7744434e-13,4.6017335e-13,3.808637e-10,1.1534809e-11,7.1427673e-12
ISIC_0029198,1,1.8277843e-06,0.9999982,5.0596e-13,1.2129419e-11,5.353142e-10,1.791379e-10,3.637519e-11
ISIC_0031946,1,5.5609858e-06,0.9999944,2.5008101e-11,7.2275417e-09,2.8963993e-09,7.0768974e-10,1.20775185e-08
ISIC_0026271,1,4.2448204e-07,0.9999995,7.45781e-11,5.7783307e-09,2.9733975e-09,3.4405068e-10,1.5394487e-08
ISIC_0030048,1,2.3223804e-06,0.99999774,1.1069827e-12,3.162026e-10,5.4932925e-10,2.746404e-10,2.8066879e-11
ISIC_0029936,1,3.3129152e-06,0.99999666,4.631631e-09,1.1346961e-10,5.841656e-09,3.1064296e-09,7.804694e-09
ISIC_0027877,1,6.6418324e-05,0.99992824,4.1884095e-06,2.0768992e-07,1.4818559e-09,8.247515e-07,2.2007198e-08
ISIC_0031626,1,1.83285e-06,0.9999982,8.687366e-10,1.0281576e-09,1.5491985e-09,7.1488993e-09,3.596983e-09
ISIC_0027445,1,1.2049638e-06,0.9999988,1.1079792e-15,2.851749e-11,1.2537104e-11,2.7087481e-09,3.3502815e-11
ISIC_0027377,1,3.2736907e-09,0.9999999,7.815437e-11,1.3625093e-11,4.8837823e-08,2.1324517e-08,8.020294e-09
ISIC_0029229,1,5.9813083e-06,0.9999938,3.9782093e-12,1.3195697e-10,1.1527085e-07,1.5389563e-07,8.403457e-10
ISIC_0025212,1,3.0097638e-06,0.9999969,1.210667e-13,1.4175781e-08,3.9796564e-08,3.3023408e-09,1.0444648e-09
ISIC_0027404,1,3.1975867e-07,0.999992,3.2883223e-12,4.7171215e-11,2.0950323e-10,7.378229e-06,3.3113062e-07
ISIC_0031760,1,1.3632571e-05,0.9999771,1.5350293e-10,5.208302e-10,2.546614e-08,9.165096e-06,6.6558976e-09
ISIC_0024605,1,4.6575144e-05,0.9940439,3.9134638e-09,2.929758e-09,4.948925e-08,0.0059081186,1.3909067e-06
ISIC_0028664,1,2.1687752e-05,0.99997807,6.197203e-14,2.5071847e-10,4.241989e-09,1.9736002e-07,2.0562993e-08
ISIC_0028532,1,1.9238663e-05,0.99994147,1.9901412e-07,4.0730964e-07,3.7023598e-05,1.6534285e-06,3.2279175e-08
ISIC_0026719,1,1.3619405e-06,0.99999845,6.628253e-10,2.4202878e-08,1.3266771e-07,5.5738095e-08,6.6636126e-08
ISIC_0030590,1,1.0693347e-05,0.9999893,1.6563022e-12,4.3271227e-09,5.895686e-10,2.6531344e-10,8.395052e-11
ISIC_0026353,1,2.9324855e-07,0.99999964,4.2180898e-11,9.665092e-10,6.700033e-08,8.271739e-10,2.2957371e-08
ISIC_0029635,1,0.00012616372,0.9998512,4.834957e-08,1.7835791e-05,7.667984e-08,2.539271e-06,2.0944901e-06
ISIC_0030548,1,1.1202375e-07,0.99999976,9.417191e-10,7.255601e-10,8.3016516e-08,3.846645e-09,2.053837e-10
ISIC_0031835,1,1.09895545e-05,0.9999889,1.09324876e-11,3.5791765e-09,7.642698e-08,6.617519e-09,3.3251897e-08
ISIC_0026363,1,2.8780123e-08,0.9999999,1.1569115e-11,1.1639399e-09,1.11061444e-08,2.0045323e-09,1.9935069e-08
ISIC_0029832,1,0.0002256435,0.9995011,1.3624276e-05,1.1535457e-05,8.504696e-05,0.00016275927,2.9631084e-07
ISIC_0031868,1,1.6868384e-07,0.99999905,1.09155085e-08,4.7739046e-08,5.892402e-07,6.406065e-08,2.7705228e-08
ISIC_0026013,1,1.1385299e-07,0.99999976,6.012326e-11,1.13920366e-10,8.3712076e-10,7.794796e-09,9.4755244e-08
ISIC_0030934,1,6.406233e-09,0.99999905,1.6293581e-09,1.4896756e-08,1.674829e-07,6.230352e-07,1.8787398e-07
ISIC_0026799,1,4.5194018e-05,0.9999536,1.1476643e-06,2.493917e-10,4.8787058e-08,4.9059296e-10,6.5430994e-09
ISIC_0028267,1,1.5513857e-05,0.999984,2.8907675e-07,1.796069e-09,2.7160093e-08,1.7736467e-07,6.2929404e-09
ISIC_0027176,1,0.0024347391,0.99756217,3.2562065e-07,9.980187e-09,6.659495e-07,2.0395476e-06,1.3565335e-07
ISIC_0026116,1,6.2016504e-08,0.9999981,4.7283494e-10,1.518764e-10,1.4450789e-06,3.6876628e-07,4.0938136e-08
ISIC_0024812,1,3.086127e-05,0.9999691,1.116319e-11,6.7325186e-12,2.840784e-08,1.0985547e-08,8.968947e-09
ISIC_0027750,1,9.903588e-09,0.99999976,1.574941e-11,6.8403186e-11,4.039554e-09,1.8185484e-09,1.6690358e-07
ISIC_0030832,1,1.5932561e-05,0.999984,1.6882227e-09,4.7169923e-08,4.575125e-09,8.072115e-09,8.187168e-09
ISIC_0030587,1,8.5630825e-07,0.99999905,1.9589979e-11,3.6414113e-10,4.8100454e-11,1.689205e-07,8.900079e-09
ISIC_0028844,1,1.7686687e-05,0.999982,6.5597794e-09,4.695052e-09,8.684712e-09,2.871947e-07,8.6474214e-09
ISIC_0025523,1,6.620321e-07,0.9999993,8.231028e-12,5.657851e-09,3.4937496e-08,8.220294e-09,1.6627437e-09
ISIC_0025138,1,7.200132e-09,1.0,2.2437134e-11,6.18469e-11,1.8713464e-10,1.7271189e-09,5.5564997e-10
ISIC_0024610,1,7.4704595e-08,0.9999989,7.4087287e-09,1.7693748e-11,2.5273042e-08,1.4719039e-07,8.1413606e-07
ISIC_0025354,1,1.998973e-06,0.99998486,6.659853e-11,2.1271822e-09,5.1743427e-09,1.879973e-07,1.2875661e-05
ISIC_0027464,1,0.00010736235,0.99986684,1.07095296e-07,9.41002e-09,2.6083667e-06,2.289614e-05,2.1118976e-07
ISIC_0025478,1,5.482078e-08,0.9999999,3.4171112e-12,7.0854274e-11,3.3794336e-08,1.502684e-08,2.880915e-10
ISIC_0029065,1,1.17862974e-07,0.9999999,1.8600707e-12,2.4909805e-10,2.1467269e-08,7.457308e-09,4.253392e-09
ISIC_0027926,1,9.6873294e-11,1.0,6.4179456e-12,1.7982279e-11,8.217556e-09,1.0821855e-09,2.3114422e-11
ISIC_0030224,1,3.6506375e-05,0.9999634,1.3401355e-10,1.3732766e-11,9.382168e-08,4.487714e-13,1.5549136e-10
ISIC_0025220,1,2.6046214e-07,0.9999993,4.6793572e-11,6.4659463e-12,3.8725156e-07,3.7285717e-09,1.250331e-07
ISIC_0028049,1,9.947946e-05,0.99989855,1.0084742e-10,7.174508e-09,4.5822796e-07,6.8332247e-07,8.379303e-07
ISIC_0030136,1,0.00031327808,0.9996865,4.698035e-09,1.9944723e-07,3.734543e-09,2.3442808e-09,4.7724033e-08
ISIC_0031006,1,6.907415e-05,0.9998779,2.7470297e-09,5.06913e-07,1.86518e-06,4.996317e-05,6.827222e-07
ISIC_0029727,1,4.80599e-07,0.9999994,3.486823e-10,4.483179e-09,4.6520274e-08,2.5482107e-08,4.6318846e-08
ISIC_0029416,1,0.12578328,0.8742088,2.4586193e-09,1.2587404e-06,1.0918775e-06,3.3620747e-08,5.5600285e-06
ISIC_0027842,1,2.342644e-07,0.99999976,3.2084745e-12,8.918997e-13,1.2011609e-11,2.1354094e-09,1.978874e-10
ISIC_0029159,1,2.8046778e-05,0.99996877,4.2373627e-10,6.362254e-08,3.0663684e-06,2.4797688e-09,1.2062268e-08
ISIC_0030889,1,1.2935258e-08,1.0,1.8612716e-11,6.462107e-11,6.19721e-10,2.4121307e-11,2.2367436e-08
ISIC_0027866,1,0.000107910935,0.9998919,5.1494853e-09,1.990723e-08,9.818682e-08,1.3769696e-07,7.325779e-09
ISIC_0029777,1,3.241123e-08,0.99999964,3.2900664e-12,1.8350316e-10,9.4513855e-09,4.005974e-07,6.4169368e-09
ISIC_0029164,1,1.709117e-06,0.99999774,1.17151345e-07,5.459928e-10,4.572408e-08,4.16047e-08,4.4099727e-07
ISIC_0031084,1,5.819148e-07,0.9999994,2.5147898e-11,1.0208261e-11,2.6735538e-09,7.121657e-10,5.213636e-10
ISIC_0028953,1,1.5435715e-08,1.0,9.761563e-10,1.4741739e-11,1.6760991e-09,5.294715e-09,7.425894e-10
ISIC_0027011,1,0.0010368774,0.99896085,4.2081578e-11,2.8204479e-11,4.317117e-10,8.5222166e-07,1.4245402e-06
ISIC_0027314,1,2.3300858e-05,0.9999757,2.5164604e-07,1.02000355e-08,7.925318e-07,3.45135e-09,2.1464486e-09
ISIC_0024486,1,1.7849297e-06,0.99999726,9.174388e-09,2.5589878e-07,2.6136249e-08,7.3624835e-07,2.8439366e-09
ISIC_0028001,1,9.940059e-07,0.9999989,5.3726693e-11,1.801776e-11,1.846351e-08,5.361078e-09,1.8453617e-08
ISIC_0025741,1,4.3027683e-07,0.9999993,3.7408535e-12,7.96636e-10,3.24369e-07,1.3656424e-09,4.5080858e-10
ISIC_0029813,1,1.6465486e-07,0.99998474,6.5174945e-09,6.267876e-08,1.30950575e-05,1.7603044e-06,1.2740843e-07
ISIC_0025426,1,6.290535e-06,0.99999225,6.0932226e-10,6.53507e-07,2.3076494e-07,5.0996084e-07,1.4376126e-07
ISIC_0032261,1,7.075277e-05,0.99992883,4.75344e-10,9.170996e-09,6.481317e-09,1.7241105e-08,3.5052193e-07
ISIC_0028435,1,1.2403181e-08,0.9999999,6.6921346e-10,1.1660903e-10,5.866094e-09,1.2952286e-07,6.205729e-09
ISIC_0028526,1,2.5044637e-06,0.9999974,1.776641e-13,5.2088798e-12,2.3118532e-09,7.63992e-08,6.933096e-09
ISIC_0032142,1,4.72102e-06,0.9999888,4.7782595e-10,5.51213e-08,6.4572832e-06,3.886754e-08,3.7489222e-08
ISIC_0028099,1,6.7571827e-06,0.9999932,1.890728e-11,8.998735e-10,3.5374506e-10,1.7679294e-09,5.780587e-09
ISIC_0025399,1,2.8687232e-08,1.0,2.5376654e-10,7.591583e-12,1.2341795e-09,5.0941216e-09,2.5058213e-09
ISIC_0025229,1,5.159779e-10,0.9999993,5.9163466e-07,1.0387119e-09,8.808753e-08,2.5245577e-09,9.651737e-09
ISIC_0026756,1,0.00034556913,0.9996444,2.400154e-08,3.4447723e-07,9.314e-06,2.5599422e-07,1.4444224e-07
ISIC_0029077,1,3.092336e-05,0.9999678,4.5131378e-11,3.520473e-10,1.2568878e-06,1.2479645e-08,3.825182e-08
ISIC_0030739,1,5.67393e-08,0.99999857,5.3778047e-07,5.391421e-08,8.129681e-07,3.4510144e-09,4.994073e-08
ISIC_0030611,1,3.7997395e-06,0.9999956,9.746023e-10,7.0723316e-10,3.7060076e-07,1.11946605e-07,1.02436246e-07
ISIC_0027778,1,2.9593377e-07,0.9999995,2.6837502e-10,1.3334022e-09,2.6296869e-08,8.943003e-08,3.688412e-08
ISIC_0032477,1,2.9021776e-06,0.9998764,1.5446942e-08,2.678616e-06,5.1935564e-05,6.158215e-05,4.478515e-06
ISIC_0027088,1,0.002131306,0.99786866,9.213964e-13,3.016877e-11,2.2599451e-08,5.4473165e-10,1.0964501e-08
ISIC_0032350,1,3.3792375e-07,0.9999956,1.5809721e-07,7.65795e-09,3.3328158e-06,3.020639e-07,2.1314656e-07
ISIC_0028700,1,5.2747864e-06,0.9999831,2.6040808e-10,1.14585155e-05,1.7023304e-07,2.277317e-08,3.1205387e-09
ISIC_0026807,1,8.245187e-08,0.99998593,3.6453773e-08,1.3115543e-11,3.4191614e-09,1.2415027e-05,1.5602026e-06
ISIC_0029481,1,9.049516e-06,0.99934155,1.3688274e-08,4.4409518e-08,2.9655614e-05,0.00057316164,4.6632365e-05
ISIC_0029447,1,9.1492245e-07,0.99999905,8.633008e-11,2.68109e-09,2.0726711e-09,3.280174e-10,1.682636e-08
ISIC_0028031,1,0.00016861652,0.9997061,8.332483e-10,5.4282546e-06,0.0001196327,3.238497e-08,9.913365e-08
ISIC_0027986,1,3.1828444e-05,0.9999447,4.1164287e-07,6.343094e-07,2.234504e-05,1.4278045e-08,1.2805185e-07
ISIC_0029069,1,2.833139e-05,0.9999716,1.8201298e-11,9.561798e-09,5.713426e-08,6.2645276e-09,1.4065479e-09
ISIC_0032282,1,3.0644533e-06,0.9999963,3.934018e-08,6.718517e-11,5.1042815e-07,2.7444912e-08,9.3541544e-08
ISIC_0029750,1,2.7045664e-06,0.99999726,1.2082696e-11,1.9371402e-10,6.3037513e-09,2.0834473e-10,2.3469695e-09
ISIC_0024991,1,1.2874323e-06,0.9999987,5.1197276e-11,3.5353907e-11,6.3654273e-09,3.3985859e-10,3.6453296e-10
ISIC_0030908,1,9.165147e-08,0.9999999,1.3244394e-10,7.466982e-10,3.2609105e-08,1.1231049e-10,4.4207593e-10
ISIC_0024797,1,0.00061454216,0.99938536,3.9176063e-13,3.3562073e-10,3.5133616e-09,3.8367094e-08,8.7410875e-08
ISIC_0029804,1,5.814748e-07,0.9999993,1.7286114e-08,6.435038e-09,1.3619383e-07,6.7601915e-09,2.5291749e-09
ISIC_0031731,1,1.1656894e-07,0.99999976,1.6011407e-11,1.2219308e-10,1.9277849e-08,3.616128e-08,1.0250176e-07
ISIC_0024531,1,0.00013180789,0.9998654,2.210153e-10,1.5442887e-06,1.3848702e-07,8.0106315e-07,2.5622182e-07
ISIC_0024368,1,1.6767009e-06,0.99999785,2.4191367e-12,3.9914414e-09,3.1744977e-07,6.8575204e-08,1.1637139e-08
ISIC_0025356,1,7.081133e-05,0.99992645,9.067324e-10,1.5466717e-10,6.5140887e-07,2.2924246e-07,1.8580109e-06
ISIC_0031744,1,5.280506e-05,0.99992657,1.4662894e-08,2.0116377e-05,3.3115094e-07,1.7413937e-07,6.113048e-08
ISIC_0030728,1,2.2266194e-07,0.9999995,2.99764e-08,1.1043945e-09,1.4296671e-07,1.8922941e-08,2.6158649e-08
ISIC_0028444,1,0.0026248253,0.99737465,9.848441e-11,1.14100146e-07,5.5554614e-09,3.9204218e-07,4.84449e-08
ISIC_0025139,1,3.428385e-09,1.0,9.808351e-14,1.2183576e-12,5.0782893e-09,3.0635805e-09,8.945212e-11
ISIC_0027947,1,1.1856131e-06,0.99999785,1.2607619e-07,1.1257153e-09,6.4333295e-07,1.4332695e-08,1.5510965e-07
ISIC_0031195,1,6.507223e-07,0.99999917,5.165704e-11,5.457945e-11,2.0347398e-08,8.480461e-08,1.9111496e-10
ISIC_0027690,1,6.7710326e-10,1.0,6.4646246e-14,4.9415103e-16,3.8070244e-10,9.825245e-13,1.576317e-12
ISIC_0030985,1,1.9904483e-05,0.9999794,1.1190624e-09,6.622687e-08,2.0633422e-08,4.2714876e-07,1.262388e-07
ISIC_0029333,1,5.734974e-05,0.99994266,1.4272081e-08,1.7923312e-11,4.5602515e-11,1.645261e-09,5.490468e-09
ISIC_0031658,1,3.7806544e-06,0.99999464,4.5813393e-09,1.02007345e-08,7.468845e-08,5.7912366e-08,1.5095176e-06
ISIC_0030388,1,8.054441e-07,0.9999893,1.2180716e-10,1.1956803e-08,7.021042e-07,9.115025e-06,1.4425085e-07
ISIC_0029955,1,1.4114947e-06,0.9999982,3.3087524e-08,3.186893e-11,3.3273668e-07,3.0818263e-08,3.92215e-08
ISIC_0030726,1,1.7765134e-07,0.99999976,7.442657e-09,6.719049e-12,1.6518053e-08,1.0655015e-08,1.3071677e-10
ISIC_0032301,1,2.5059313e-07,0.99999905,5.8350746e-10,4.9010066e-07,1.8061944e-07,4.1781696e-08,2.932826e-08
ISIC_0026619,1,7.753693e-07,0.9999989,8.039526e-12,8.8012465e-11,4.5922222e-10,7.969815e-08,1.3410289e-07
ISIC_0025349,1,3.8003319e-07,0.9999994,7.643197e-09,1.1784146e-09,4.781479e-08,7.540552e-08,1.676294e-08
ISIC_0025230,1,2.8813515e-06,0.9999739,1.0487003e-06,8.778244e-07,1.5415022e-05,6.0036773e-06,1.1159172e-08
ISIC_0032068,1,4.1467406e-06,0.9999958,2.7412773e-12,1.7772316e-09,2.0274529e-09,2.918367e-10,1.9247746e-09
ISIC_0028456,1,2.0735956e-06,0.99995995,3.152113e-08,1.9751677e-10,3.7294478e-06,3.0216812e-05,4.0342716e-06
ISIC_0026813,1,0.00030029804,0.9996995,7.2619395e-09,7.8507517e-10,4.3319726e-08,1.05933076e-07,9.280446e-08
ISIC_0024988,1,0.0015855589,0.9982925,8.99443e-08,1.3231734e-08,7.115519e-08,2.5678693e-07,0.00012148899
ISIC_0029350,1,1.1379728e-07,0.9999995,1.9006045e-10,1.34225475e-08,1.1554325e-07,1.722864e-07,1.0210153e-07
ISIC_0026061,1,5.520311e-06,0.9999945,2.05664e-11,7.374743e-10,1.0794485e-08,3.6646337e-09,6.7230466e-10
ISIC_0030738,1,4.5767547e-06,0.99999523,2.5824984e-09,5.3133984e-08,1.0032165e-07,1.3097154e-07,2.5580418e-08
ISIC_0030146,1,7.743983e-06,0.9999908,2.7646578e-07,1.0882641e-07,6.2553767e-07,2.3651184e-07,2.1694048e-07
ISIC_0026426,1,1.2109503e-07,0.9999999,2.2506996e-11,2.5625146e-10,5.649211e-11,2.4729407e-09,2.081449e-08
ISIC_0026582,1,0.0007246786,0.99927527,2.409021e-12,5.9852954e-09,1.811881e-08,1.7793322e-08,1.4981529e-09
ISIC_0031906,1,0.00017825952,0.99975854,2.1761033e-10,2.6499663e-08,1.8167467e-06,6.014111e-05,1.1831755e-06
ISIC_0027674,1,0.0014932726,0.99847883,4.818076e-10,5.10517e-07,2.6115024e-05,2.3442195e-09,1.2841926e-06
ISIC_0025697,1,5.6258003e-08,0.9999999,1.6686865e-12,5.9407625e-11,4.5340318e-08,3.6833074e-09,1.1911517e-08
ISIC_0030905,1,0.0047074077,0.99523807,4.1066386e-10,6.033211e-07,5.1787556e-05,1.0200789e-06,1.1089315e-06
ISIC_0025092,1,7.699956e-06,0.99999225,2.5012409e-13,1.1352967e-11,4.3540713e-11,1.174324e-10,7.061874e-10
ISIC_0028439,1,9.504121e-07,0.99999905,6.743651e-14,1.9073701e-13,1.1870574e-11,1.15351504e-11,3.560347e-08
ISIC_0024717,1,1.7224394e-08,0.9999987,1.6409021e-10,2.361926e-10,6.384408e-09,1.0415777e-06,1.7424964e-07
ISIC_0028004,1,8.830604e-07,0.99999857,4.875764e-11,5.6493005e-11,4.0499492e-07,1.4415055e-07,3.8493044e-09
ISIC_0026031,1,0.00012495917,0.9998747,2.812525e-12,2.2011036e-10,1.441435e-08,1.8592273e-07,1.8024004e-08
ISIC_0028732,1,0.00027223243,0.9997019,1.2546755e-07,1.6146097e-07,2.5287473e-08,4.4136954e-07,2.503422e-05
ISIC_0024491,1,7.9891413e-07,0.9999962,6.5692224e-10,8.662009e-08,8.151694e-07,1.1411114e-06,9.3874485e-07
ISIC_0027186,1,8.2730054e-07,0.9996125,2.2221964e-07,8.2604386e-09,0.00037970542,6.6614866e-06,3.7282764e-08
ISIC_0029717,1,2.2858029e-07,0.99999976,7.064399e-12,3.16375e-11,2.0116055e-10,4.9978067e-11,2.4644294e-11
ISIC_0032205,1,4.333925e-07,0.99996066,7.631999e-14,4.6284837e-11,5.3983755e-09,3.886792e-05,4.645806e-09
ISIC_0030838,1,9.654953e-06,0.9999827,1.6780348e-12,7.2690387e-10,7.3491437e-06,2.1535355e-07,1.457866e-08
ISIC_0029214,1,9.073043e-06,0.9998197,4.7691056e-09,2.2788043e-12,6.3753537e-06,3.3567205e-05,0.0001312104
ISIC_0027112,1,9.8307246e-05,0.9988061,1.1933281e-07,2.9465576e-07,9.3487586e-05,0.0009860701,1.560098e-05
ISIC_0028791,1,0.000287612,0.99971014,6.227693e-08,4.2240127e-09,8.531602e-09,1.7186991e-06,5.3444114e-07
ISIC_0027501,1,2.4588222e-05,0.99982846,6.138748e-08,2.7308262e-08,0.0001343334,1.25439165e-05,6.1422504e-08
ISIC_0029190,1,0.0002220738,0.9996716,7.4714075e-07,1.3320918e-07,2.8409008e-06,4.0136947e-05,6.253141e-05
ISIC_0027855,1,0.00041736197,0.99931204,6.879363e-08,6.10224e-06,0.00026172222,1.4552698e-07,2.6709354e-06
ISIC_0030980,1,0.00016113078,0.9366759,6.111788e-05,1.5614069e-06,0.0003748885,0.055414524,0.0073108855
ISIC_0024597,1,1.2846685e-05,0.99743,0.00013810882,5.183778e-06,6.317766e-05,0.001776671,0.0005740048
ISIC_0027644,1,0.00012405573,0.9997807,3.762065e-08,4.390539e-06,8.729927e-05,1.9563722e-06,1.5951905e-06
ISIC_0027305,1,0.0013892776,0.9985885,1.1427263e-06,9.391032e-10,2.2935935e-06,1.8719384e-05,2.526138e-08
ISIC_0027718,1,0.013877815,0.98611647,1.4484414e-06,1.4921092e-07,1.8453816e-06,1.712606e-06,5.0984676e-07
ISIC_0028918,1,0.020075586,0.97992253,2.0849666e-09,8.746722e-08,1.0329019e-06,5.529707e-07,1.4905262e-07
ISIC_0030697,1,0.015792524,0.9829049,1.2007714e-05,7.6602805e-07,9.585695e-05,0.0011442341,4.9707458e-05
ISIC_0026012,1,0.00015193642,0.999818,6.45678e-07,2.5037338e-07,1.6691927e-05,6.465737e-06,6.040459e-06
ISIC_0029752,1,5.1273387e-06,0.9999577,3.3431593e-08,9.13741e-08,1.2565048e-06,3.463904e-05,1.1325548e-06
ISIC_0029653,1,2.3495575e-06,0.99992955,1.5347282e-06,6.81546e-07,2.9169234e-05,1.5495838e-06,3.5093795e-05
ISIC_0029374,1,6.4980327e-06,0.999605,8.174939e-07,7.6156533e-07,0.00033842458,5.354299e-06,4.3231634e-05
ISIC_0031404,1,0.017688908,0.48009416,0.50203586,2.0122418e-06,0.00013833946,3.7579193e-05,3.1519514e-06
ISIC_0026569,1,2.1431006e-05,4.8272865e-05,0.999928,9.9842605e-09,7.891025e-07,4.858368e-07,1.0504868e-06
ISIC_0031145,1,0.0010997836,0.9978929,4.772424e-07,1.3204615e-07,0.0009775317,1.699953e-06,2.7502258e-05
ISIC_0028430,1,2.2490988e-07,0.99997294,5.028443e-07,5.2089786e-09,2.3794422e-05,1.9797571e-06,5.133545e-07
ISIC_0027235,1,0.8043583,0.19563773,9.625983e-10,3.738815e-09,7.7567904e-08,3.6928527e-06,1.3358404e-07
ISIC_0027152,1,0.32300422,0.6769887,2.507928e-10,5.844045e-10,1.2346682e-07,2.5785707e-07,6.7089404e-06
ISIC_0029719,1,0.30257,0.69742674,2.3939106e-07,2.4651918e-06,1.8383724e-07,1.3191213e-07,1.6858982e-07
ISIC_0027684,1,0.11461691,0.8853653,1.560579e-05,1.6087894e-07,1.4470905e-06,6.171188e-08,3.839476e-07
ISIC_0028453,1,5.377506e-08,0.9849967,3.7420173e-07,1.8871845e-07,1.3157199e-06,0.00045329117,0.014548126
ISIC_0028154,1,9.122428e-06,0.05171536,0.004862097,1.0717632e-06,2.2264228e-05,0.0012649648,0.94212514
ISIC_0027987,1,8.4278395e-07,0.9999962,9.259187e-08,1.7717257e-07,2.6793637e-06,3.2593004e-08,2.3768948e-08
ISIC_0032257,1,0.0005375887,0.9991067,1.9781178e-06,2.5639563e-05,0.00032402712,1.4819848e-07,3.9410656e-06
ISIC_0024314,1,4.7458543e-05,0.7344624,1.2489068e-05,4.11451e-05,0.2639215,0.0005321732,0.000982786
ISIC_0026722,1,0.0019100755,0.96118265,0.0365883,1.7768578e-07,0.0002676746,3.107338e-05,2.007705e-05
ISIC_0025943,1,6.582698e-05,0.99985325,4.5150753e-07,2.0753607e-06,3.166212e-05,2.600862e-06,4.4118682e-05
ISIC_0025568,1,0.00048115375,0.9994814,1.5877141e-08,1.953403e-11,6.171988e-07,8.847188e-07,3.5995843e-05
ISIC_0026887,1,0.0066961143,0.9926917,1.3575402e-07,1.1949652e-06,0.00059982634,1.9927296e-07,1.0815392e-05
ISIC_0030874,1,0.00024404623,0.9997507,3.2225593e-08,8.157967e-07,3.5801381e-06,8.0638046e-08,7.0439444e-07
ISIC_0031629,1,0.0044377893,0.9955537,2.7983631e-08,1.6126299e-08,7.893407e-06,1.3780517e-07,4.317002e-07
ISIC_0029389,1,0.52608305,0.35249233,7.943551e-06,0.0012743169,5.0655835e-06,0.02661977,0.09351747
ISIC_0024789,1,0.0003743405,0.99565965,0.0001361348,1.9081928e-05,0.0038018967,5.0914136e-06,3.7911086e-06
ISIC_0031515,1,0.19623153,0.6674099,0.05549355,0.00023947179,0.03657195,0.0006722804,0.04338129
ISIC_0029854,1,0.27635387,0.71855575,5.1891486e-05,8.706165e-07,0.00025789623,2.6751266e-07,0.004779433
ISIC_0025428,1,8.612686e-05,0.99975926,8.2005215e-08,7.188918e-05,6.8724505e-05,1.3959486e-05,2.0942672e-08
ISIC_0031618,1,2.5340098e-05,0.9969336,8.360861e-06,0.0010170293,0.0013007853,0.0007143289,5.271683e-07
ISIC_0028385,1,0.00053382735,0.9993426,1.5018168e-06,9.640011e-09,5.896599e-05,3.810959e-05,2.4916511e-05
ISIC_0027403,1,0.0057355775,0.99170727,2.0892774e-08,4.953979e-08,0.0020207022,0.0001473238,0.00038912238
ISIC_0031059,1,0.022786638,0.97680795,1.0656917e-08,2.2157957e-07,0.00017431044,1.9125815e-07,0.00023065509
ISIC_0030355,1,0.0023355389,0.997661,1.1743636e-09,2.0365763e-07,1.0611499e-06,2.5457554e-08,2.185314e-06
ISIC_0028367,1,0.4935646,0.5063791,1.1548051e-07,3.811989e-09,1.5015003e-05,5.1796894e-07,4.058964e-05
ISIC_0030741,1,0.0006744014,0.9993057,2.6550786e-08,1.5084774e-10,1.4222508e-05,3.4252682e-06,2.1463788e-06
ISIC_0031646,1,0.2438623,0.7529773,0.00085865764,1.830027e-06,0.0022839536,1.445439e-05,1.5067552e-06
ISIC_0031385,1,0.007712189,0.992276,3.3890456e-07,1.458482e-07,1.1274899e-05,9.244935e-09,1.2212588e-07
ISIC_0030829,1,3.222817e-05,0.99996734,3.0080074e-08,4.803801e-09,1.1988824e-07,2.100992e-09,2.483737e-07
ISIC_0025367,1,0.00023740304,0.9997392,4.6173426e-07,6.3045413e-09,1.8890003e-06,2.0197845e-06,1.8941044e-05
ISIC_0025588,1,0.0001398729,0.9998363,1.8309024e-08,2.5396153e-08,4.4004835e-08,2.3728588e-05,2.7896263e-08
ISIC_0027772,1,0.013404221,0.9865949,7.8404895e-07,5.8256124e-09,1.0369798e-08,7.1562184e-08,7.382575e-09
ISIC_0030688,1,0.0007590631,0.9992404,1.5033359e-09,3.2516898e-09,4.191692e-08,4.7106911e-07,8.43606e-09
ISIC_0029825,1,0.13025197,0.86964554,1.091709e-06,1.4725854e-08,0.00010107844,2.498819e-07,1.3716344e-07
ISIC_0027812,1,8.1484e-05,0.9999056,9.673673e-08,1.429021e-08,1.258172e-06,5.908688e-07,1.0976165e-05
ISIC_0026561,1,3.4272691e-06,0.99995625,3.0271733e-05,1.5639354e-10,4.216224e-08,8.1970165e-06,1.8211152e-06
ISIC_0025129,1,0.016977604,0.8738677,0.0012236454,2.8502014e-05,0.107830524,4.8852595e-05,2.3134658e-05
ISIC_0027049,1,0.004145371,0.9957789,4.1935303e-07,7.91289e-08,3.9131497e-05,1.8581053e-05,1.7430979e-05
ISIC_0027408,1,0.7690194,0.22684246,0.000611861,6.8505615e-06,0.003498359,6.440707e-06,1.4507522e-05
ISIC_0030460,1,0.058198635,0.91542584,0.00032940338,0.00011054491,3.7322447e-05,0.025627473,0.00027082177
ISIC_0027907,1,0.18236716,0.8176317,8.021838e-10,6.957786e-08,3.120981e-08,7.7119046e-07,2.134368e-07
ISIC_0025870,1,0.10022835,0.8997453,1.3884053e-08,1.1183246e-05,7.344497e-06,1.7777091e-06,5.988553e-06
ISIC_0031720,1,0.21923725,0.7800121,1.7224307e-05,8.9733715e-07,0.00038464452,4.8110696e-06,0.00034302892
ISIC_0026382,1,0.21616742,0.77309793,0.00023242478,1.0229596e-05,0.006619123,4.441721e-05,0.003828459
ISIC_0031094,1,0.71595347,0.28325072,3.3452565e-07,3.6834217e-06,0.00077270524,1.7089436e-05,1.9750978e-06
ISIC_0032345,1,0.039799556,0.019182324,0.0017556209,0.00053209916,0.9360884,0.0004309309,0.002211212
ISIC_0025458,1,0.8820891,0.11544571,1.8198838e-07,2.5225245e-05,0.0013763733,6.31848e-07,0.0010628508
ISIC_0024664,1,0.17499544,0.8201574,5.0943836e-06,5.4661275e-08,0.004452451,2.2335664e-06,0.0003872507
ISIC_0025008,1,0.70447266,0.29347974,1.3370062e-07,0.0005866768,0.0014415762,1.3257037e-05,5.9512445e-06
ISIC_0025735,1,0.00050174136,0.005707882,0.0013091352,0.96958274,0.022730447,1.8287354e-05,0.00014965063
ISIC_0032309,1,0.6769208,0.32260224,0.0004131555,1.6051374e-05,1.7673694e-05,2.4341387e-05,5.7637494e-06
ISIC_0028759,1,0.72897375,0.2710232,2.1074781e-07,1.325064e-07,2.2673953e-06,2.639193e-07,1.1670455e-07
ISIC_0028368,1,1.8205285e-05,0.99997973,1.3533987e-07,5.6938223e-09,5.396216e-08,1.7827022e-06,4.6004676e-08
ISIC_0028843,1,0.033611417,0.96638453,2.1816784e-06,6.1907603e-09,7.028665e-07,6.197297e-08,1.0857282e-06
ISIC_0028045,1,0.0011115331,0.9961279,6.2872125e-08,4.1012143e-08,0.002752231,8.00271e-06,3.7160962e-07
ISIC_0025631,1,0.029434934,0.9705649,7.9232105e-09,1.2435704e-08,7.810336e-08,7.610933e-09,3.462307e-08
ISIC_0031337,1,0.00978704,0.99001116,1.5778238e-07,2.426766e-08,9.1799484e-05,3.4644282e-07,0.00010945284
ISIC_0031440,1,0.037270498,0.96270674,1.5457414e-05,1.6866235e-07,7.150142e-07,8.412554e-07,5.6036783e-06
ISIC_0028823,1,5.865465e-09,0.9421347,1.3939497e-06,2.840789e-12,4.632254e-09,1.5206296e-05,0.05784874
ISIC_0031501,1,6.3999266e-07,0.98876184,0.010656124,3.4459584e-09,0.000116299016,2.6092634e-05,0.00043901106
ISIC_0025555,1,0.003221531,0.9967777,3.7507186e-10,2.8797746e-08,7.8201333e-07,3.1805566e-08,3.3967766e-09
ISIC_0032242,1,0.53960997,0.4419437,4.7851984e-07,3.502138e-07,0.01842146,1.5767248e-05,8.26893e-06
ISIC_0024317,1,0.0031688474,0.99682885,1.4837037e-09,4.5514287e-08,2.2172017e-06,1.0124709e-07,4.06292e-09
ISIC_0033356,1,0.00014094048,0.99948347,3.2711264e-07,5.8610663e-08,0.00037310124,1.2700274e-06,8.7553576e-07
ISIC_0033998,1,1.4490661e-05,0.9999559,8.5781355e-09,2.7130229e-08,2.8410923e-05,1.1035627e-06,1.0575994e-07
ISIC_0026494,1,0.031078909,0.939544,0.0056937737,0.00032964538,0.0036849556,0.016084306,0.0035843325
ISIC_0028287,1,0.00014192858,0.999858,3.6254952e-09,5.1113513e-10,6.793763e-08,4.4024798e-10,1.2051987e-08
ISIC_0033686,1,0.12912855,0.8708636,5.498774e-10,1.3061346e-08,4.0436103e-06,2.169223e-07,3.5880205e-06
ISIC_0033363,1,0.01103293,0.98847485,1.5085389e-05,1.373161e-06,0.00047026895,1.9256959e-06,3.5984592e-06
ISIC_0033058,1,0.021004643,0.9789427,1.3896638e-05,1.6072073e-07,3.3921908e-05,3.1592156e-06,1.5799806e-06
ISIC_0032924,1,0.0019758586,0.68020004,3.83755e-06,2.9815897e-08,0.3178195,4.402331e-07,3.738598e-07
ISIC_0034225,1,3.116161e-05,0.9999677,1.948643e-08,2.536865e-08,5.7617933e-07,3.4050194e-07,2.3481674e-07
ISIC_0032916,1,0.00030722754,0.9996922,2.126875e-10,5.1528484e-09,5.6177196e-09,3.9805976e-09,5.6553375e-07
ISIC_0033756,1,4.6778503e-05,0.9999459,1.2594255e-06,1.9844546e-11,2.954339e-06,9.946144e-08,2.965981e-06
ISIC_0033032,1,0.0007339941,0.99926597,5.7030103e-10,4.8335277e-08,4.6541334e-08,1.6609858e-09,3.2327017e-09
ISIC_0034227,1,1.2088681e-05,0.99998784,1.0161909e-11,3.8598924e-10,7.5782104e-08,1.3946154e-10,4.6504034e-08
ISIC_0033563,1,0.0010354656,0.99896455,1.5078128e-10,6.611043e-09,1.0703452e-08,2.0145627e-09,2.1540231e-08
ISIC_0034079,1,0.6161489,0.38383192,2.7946767e-09,6.884254e-06,1.2165269e-05,1.0350428e-07,5.8044808e-08
ISIC_0033327,1,0.10388125,0.89611846,1.0682554e-10,2.6378146e-08,2.3527858e-07,3.0011622e-09,2.3739121e-08
ISIC_0032871,1,0.20525715,0.7947391,4.7104507e-09,1.2938523e-08,2.6503833e-06,2.1403912e-08,1.0984156e-06
ISIC_0030851,1,0.000108553795,0.9358325,1.8216522e-05,8.908315e-07,0.063925564,9.382326e-05,2.049495e-05
ISIC_0033767,1,0.88833886,0.111163735,9.029753e-09,3.6801077e-07,0.00049396325,2.559676e-06,4.1942903e-07
ISIC_0033755,1,0.45981148,0.5399481,5.704162e-09,3.23183e-05,0.00019706349,8.829452e-06,2.2399975e-06
ISIC_0033625,1,0.28403392,0.71588784,1.0586614e-08,5.447153e-05,1.5617372e-05,7.3992273e-06,6.814067e-07
ISIC_0032362,1,0.000339079,0.9995233,2.7905669e-08,1.7439225e-08,0.00013380863,1.4004347e-07,3.7173e-06
ISIC_0033959,1,0.095126286,0.45956495,0.43862492,8.860469e-06,0.006261749,0.00022691944,0.0001863584
ISIC_0032914,1,0.00012172787,0.9985599,6.318698e-06,6.271926e-07,0.0012966364,1.1731601e-06,1.3630996e-05
ISIC_0033309,1,0.00037870838,0.27783182,0.4427235,0.00023832732,0.278601,2.6323065e-05,0.00020023767
ISIC_0026584,1,0.00097069447,0.9900007,0.0026964622,0.0039900285,0.0022748332,4.740906e-05,1.9732866e-05
ISIC_0034110,1,0.13088644,0.8625951,0.00023649768,2.325157e-05,0.0001836598,0.00045087739,0.005624091
ISIC_0025160,1,0.019126402,0.653716,2.310962e-05,0.00015354234,9.32137e-05,0.00071049953,0.3261773
ISIC_0033389,1,0.022986453,0.9758464,1.3328681e-05,8.0162785e-08,0.0001475665,1.2273682e-06,0.0010047992
ISIC_0034234,1,0.29691628,0.7030827,6.9211453e-10,1.121148e-09,1.2141036e-09,4.2908255e-07,6.0197686e-07
ISIC_0033308,1,0.0015581871,0.99844164,6.0751963e-09,6.363352e-09,2.56264e-09,7.089851e-08,3.1055016e-08
ISIC_0034274,1,0.9080786,0.09192091,3.1588074e-10,3.9383483e-08,1.3295451e-07,5.965388e-08,2.2032599e-07
ISIC_0030546,1,0.00021575298,0.9994692,9.874222e-08,6.8205974e-09,0.00029102984,2.4580723e-07,2.3696968e-05
ISIC_0026177,1,0.048606053,0.92356867,1.9191537e-10,1.1606969e-06,0.027823873,3.5130072e-09,1.5385748e-07
ISIC_0025713,1,3.862429e-05,0.99995756,2.0054774e-08,2.5545521e-08,7.7414103e-07,3.0318995e-06,7.036777e-08
ISIC_0033253,1,0.0130521655,0.9869168,2.3992559e-08,1.6084634e-08,3.08797e-05,4.7179253e-08,1.0318487e-07
ISIC_0033974,1,0.00032953444,0.99966073,7.328139e-09,1.2167989e-09,9.312225e-06,3.1641786e-08,4.3348942e-07
ISIC_0033941,1,0.027647756,0.9723518,2.1964711e-08,1.5529185e-08,8.559677e-08,2.2483563e-07,8.421765e-08
ISIC_0029405,1,4.2078333e-05,0.0016021904,0.97330666,0.007258398,1.5854675e-05,6.66097e-05,0.017708208
ISIC_0030429,1,5.3594136e-05,0.09524036,0.90330005,2.2081474e-07,4.854708e-05,1.0543146e-06,0.0013561348
ISIC_0028159,1,0.00036826794,0.103078,0.89339983,1.6305292e-07,2.581414e-05,4.0729793e-07,0.003127577
ISIC_0032009,1,1.1385556e-05,0.999987,2.536132e-10,1.203417e-09,1.3081188e-06,2.2857782e-07,3.000062e-08
ISIC_0033652,1,0.03984061,0.9601587,1.214029e-09,1.2891936e-08,6.867083e-07,3.159837e-08,2.7783582e-08
ISIC_0033944,1,0.09812368,0.90186054,2.0714537e-09,8.373186e-09,1.5805314e-05,4.2610154e-08,1.3914545e-08
ISIC_0032717,1,0.0018131047,0.99818254,2.7034415e-09,2.4496947e-09,3.803594e-06,7.8913665e-08,4.2868444e-07
ISIC_0032651,1,0.0063635847,0.99363625,4.2224796e-10,1.9973763e-09,5.7770237e-08,7.414337e-08,5.011873e-09
ISIC_0033699,1,0.0012870457,0.9987111,2.3008091e-08,3.652991e-09,1.2929371e-06,4.7182604e-07,1.735639e-08
ISIC_0033915,1,0.06929926,0.9307008,1.1557497e-10,3.4752357e-08,9.628387e-10,5.310986e-10,1.2335347e-09
ISIC_0034020,1,5.342817e-06,0.9999844,1.5942272e-06,3.7085577e-09,5.2344676e-06,2.4262636e-07,3.2376633e-06
ISIC_0033727,1,0.00030191283,0.9996445,1.9803247e-08,1.0050567e-08,1.1248402e-05,3.980507e-05,2.5097213e-06
ISIC_0032742,1,0.24408929,0.75487125,1.2532854e-05,0.0001787795,0.000527508,9.033289e-05,0.00023020613
ISIC_0032961,1,0.07577255,0.92422706,8.3151064e-10,2.6725326e-07,2.2758107e-07,1.5972862e-08,1.7148018e-08
ISIC_0034112,1,0.5870536,0.41293427,8.035112e-07,4.3600534e-07,1.5148541e-07,9.122236e-07,9.816705e-06
ISIC_0033296,1,1.2743381e-05,0.99998355,1.0942599e-09,4.4729527e-09,3.5429946e-06,8.129982e-08,1.288995e-08
ISIC_0033838,1,0.0013582703,0.9986265,2.452085e-08,2.9741355e-07,1.4567993e-05,1.2574273e-07,3.011473e-07
ISIC_0033409,1,0.006676236,0.9932434,1.7281407e-07,1.0399797e-05,6.623756e-05,9.696455e-07,2.5316353e-06
ISIC_0033984,1,0.007639807,0.9923268,1.1736878e-09,2.0797609e-08,1.8206125e-05,9.185598e-08,1.5031066e-05
ISIC_0032640,1,0.00258551,0.9974131,2.4705612e-08,3.517502e-08,1.1804077e-06,8.305328e-08,1.0538623e-07
ISIC_0033648,1,0.00020510248,0.99924856,0.00018334176,3.140722e-06,1.0480351e-05,2.618142e-06,0.00034676527
ISIC_0032825,1,2.147188e-06,0.9999944,5.159071e-08,4.0603503e-09,2.2001005e-07,2.3886352e-07,2.9340272e-06
ISIC_0032803,1,0.00020862978,0.9996325,6.001516e-05,1.8342407e-08,1.17655745e-05,4.209402e-05,4.4975437e-05
ISIC_0033475,1,0.2565091,0.74345,3.147552e-08,2.0339621e-07,4.0351806e-05,1.002083e-07,2.9839512e-07
ISIC_0033210,1,0.00026912696,0.9994023,4.5944307e-10,1.0076325e-08,0.00032857383,2.5355416e-08,5.532674e-08
ISIC_0033219,1,0.0005386582,0.77941924,2.894522e-09,1.152515e-05,0.22002807,2.2305053e-06,2.4013946e-07
ISIC_0032864,1,9.6148106e-05,0.99986327,2.8679234e-10,2.76056e-10,4.0536284e-05,3.464219e-08,2.8579716e-08
ISIC_0033763,1,0.03127613,0.9673304,7.3044696e-08,7.3542964e-07,0.0013038432,6.9393386e-06,8.196498e-05
ISIC_0033650,1,0.00014979916,0.9998467,3.951747e-12,3.8338357e-11,3.501258e-06,4.78494e-10,2.6511493e-09
ISIC_0033992,1,0.00726317,0.7769664,7.654043e-05,7.2306902e-06,0.21567874,1.0422124e-06,6.8914187e-06
ISIC_0033715,1,0.016137902,0.9633019,1.13683045e-05,9.913702e-06,0.020455545,2.907567e-07,8.3050356e-05
ISIC_0033920,1,0.00291651,0.9557417,5.9216172e-06,7.676527e-06,0.041303635,1.6431289e-06,2.3022347e-05
ISIC_0033510,1,0.00037292027,0.9995796,4.635284e-05,5.188619e-07,2.1137568e-07,5.665358e-08,4.0331886e-07
ISIC_0033222,1,0.99975497,0.00024485905,4.208713e-09,1.2534204e-07,2.2081013e-10,3.0501218e-12,1.7233355e-10
ISIC_0032546,1,0.0024882772,0.9972263,0.00012039173,5.0294824e-07,0.00016428645,5.6363994e-08,2.1828323e-07
ISIC_0026810,1,0.00027821198,0.99972147,2.1831838e-08,2.0082427e-07,1.5372398e-08,1.2332719e-08,8.183395e-09
ISIC_0033832,1,0.35797912,0.64201677,8.804095e-09,4.5646786e-07,1.7468391e-06,4.5585423e-08,1.7443853e-06
ISIC_0032893,1,0.07522643,0.9216475,2.0884029e-06,1.0951787e-06,0.0031192773,2.8711062e-07,3.2805688e-06
ISIC_0032683,1,0.025629345,0.9743698,1.0734222e-09,1.7944907e-07,4.5936682e-07,3.2587655e-09,1.324927e-07
ISIC_0033411,1,0.00011028745,0.99909794,0.00012702896,3.6997704e-08,0.00066270045,1.0768466e-06,9.793129e-07
ISIC_0034096,1,0.0015071254,0.9984151,3.3098615e-05,3.4265932e-07,3.1214993e-05,1.6797827e-07,1.3001652e-05
ISIC_0033382,1,4.361663e-05,0.9999517,1.5846817e-06,1.0138751e-08,2.8938641e-06,1.0380577e-07,9.477762e-08
ISIC_0033729,1,0.00040411277,0.99949706,1.2807554e-08,4.121435e-05,5.432813e-05,2.896703e-06,3.9166102e-07
ISIC_0034307,1,0.0153243095,0.98431593,1.7860452e-07,2.5385123e-06,9.838672e-05,0.00025807344,6.230035e-07
ISIC_0034137,1,0.0032126599,0.9967835,1.43026e-12,4.2028683e-09,3.8756416e-06,9.718943e-10,8.623676e-09
ISIC_0034190,1,3.665992e-05,0.030801993,0.0011981372,3.9713436e-07,3.3479847e-07,6.2812355e-06,0.96795624
ISIC_0033605,1,0.0003392686,0.99966013,5.93389e-10,5.3003237e-08,2.4850456e-08,1.3620381e-08,5.855473e-07
ISIC_0033961,1,7.6145466e-06,0.99999225,1.1167415e-10,1.3229933e-09,6.9550765e-08,2.0566686e-09,1.1394533e-07
ISIC_0033702,1,6.0988084e-05,0.9999342,1.7604955e-10,2.5977902e-08,4.754653e-06,1.3304909e-08,2.3740744e-08
ISIC_0033318,1,0.003353147,0.9966049,2.0487159e-10,2.5071133e-06,3.914943e-05,1.6353856e-07,1.232748e-07
ISIC_0032615,1,0.0098756375,0.99012417,1.0938605e-11,7.566221e-08,1.0517549e-07,6.88838e-10,3.2952945e-09
ISIC_0033862,1,0.010774022,0.9892236,3.5652425e-10,3.3187456e-07,1.5829573e-06,3.7147956e-07,8.739782e-08
ISIC_0034215,1,0.005258529,0.9944824,4.389977e-09,1.2601896e-08,0.00025175678,5.407997e-06,1.915893e-06
ISIC_0033743,1,0.0047529517,0.99479795,1.6200529e-08,1.17314734e-07,0.00043742525,4.760393e-08,1.1576755e-05
ISIC_0033145,1,0.0006367021,0.99931216,1.7382448e-06,4.943783e-09,4.389798e-05,4.977529e-07,5.0652543e-06
ISIC_0033799,1,0.0070076967,0.99299145,1.6273582e-07,3.1478127e-09,4.535986e-07,9.894714e-08,9.079865e-08
ISIC_0032524,1,0.91245496,0.08717702,2.4504718e-09,5.671867e-06,0.00029917128,5.627146e-05,6.9983594e-06
ISIC_0033376,1,0.0014450353,0.9427471,1.4281435e-08,4.175512e-06,0.055788573,6.561492e-07,1.4431939e-05
ISIC_0033796,1,0.0006507398,0.99868983,2.776877e-12,1.7559513e-07,0.0006592239,6.419579e-09,5.058172e-08
ISIC_0033121,1,0.0018122394,0.9981863,2.4904344e-11,6.8873725e-08,2.1992895e-07,9.1028926e-07,1.1776878e-07
ISIC_0034158,1,7.440561e-05,0.99992406,1.0344934e-10,2.8472197e-08,5.3722964e-08,1.0085422e-06,5.06514e-07
ISIC_0033213,1,0.9433673,0.05444136,6.842731e-07,9.513244e-06,0.0018086629,0.00025034306,0.00012212596
ISIC_0033897,1,0.00019067792,0.9998087,8.221644e-09,1.0739113e-08,3.9258316e-07,1.6122539e-07,7.621743e-08
ISIC_0033694,1,2.1840748e-05,0.99994385,8.229616e-08,3.0647367e-08,3.295333e-05,6.093048e-07,6.82594e-07
ISIC_0034013,1,0.024767704,0.974813,1.8086389e-07,1.1370898e-08,2.1329204e-06,0.0004128584,4.094416e-06
ISIC_0034088,1,0.2129519,0.7855309,3.6798487e-05,0.0011677489,1.3914694e-05,1.1171386e-06,0.0002975754
ISIC_0034268,1,0.012836512,0.9871594,3.0627539e-06,1.3889295e-08,9.5272196e-07,5.0333664e-08,9.177677e-08
ISIC_0032908,1,0.00011095786,0.9998659,1.603604e-05,4.3784414e-07,6.530012e-06,4.3525876e-09,5.1625126e-08
ISIC_0034203,1,9.632839e-07,0.0002017041,0.9986926,0.0009106376,1.7242934e-07,1.8118931e-07,0.00019368598
ISIC_0033311,1,7.775875e-05,0.026214693,0.9002058,0.059413284,0.013610225,3.3874065e-05,0.00044441418
ISIC_0032700,1,0.006392916,0.17490537,0.40307027,0.21018244,0.00028712576,1.8410014e-06,0.20516002
ISIC_0032608,1,0.89816105,0.10152802,1.2517299e-07,1.4390459e-07,0.00029408335,1.410475e-05,2.4778947e-06
ISIC_0032746,1,0.9051209,0.09396669,8.337377e-05,7.4886407e-06,4.128797e-05,0.00010247309,0.00067777553
ISIC_0033266,1,0.97941625,0.020074042,1.7022777e-06,0.00018392797,0.00018346655,0.00012884157,1.1890643e-05
ISIC_0033404,1,0.06813097,0.54356176,4.4884422e-07,0.0013836317,0.38688147,1.6207223e-05,2.5496935e-05
ISIC_0033478,1,0.074474774,0.92385095,7.2705305e-08,4.1105855e-06,0.0016597477,6.4229002e-06,4.0294535e-06
ISIC_0032786,1,0.04149896,0.9577062,0.00014772455,2.0507614e-05,3.6408983e-05,2.2579425e-05,0.0005675108
ISIC_0033788,1,0.029588982,0.97031677,6.4254556e-07,2.4040003e-07,1.4530896e-06,7.961996e-08,9.174717e-05
ISIC_0033220,1,0.0008650931,0.99913484,2.961682e-10,3.6443943e-08,7.230939e-08,9.292424e-10,3.6544994e-09
ISIC_0032817,1,0.019533983,0.9804653,6.579516e-10,3.0768035e-08,5.579584e-07,1.3528236e-08,1.403626e-07
ISIC_0032820,1,0.06587299,0.93412626,7.0066437e-09,2.2923247e-07,8.6834994e-08,2.8585742e-07,1.4302613e-07
ISIC_0032853,1,0.00017010418,0.99982893,3.6413081e-09,1.6518506e-08,1.1968528e-08,4.3495015e-07,4.5484808e-07
ISIC_0034148,1,0.00015441935,0.9166048,4.034013e-05,3.0879391e-07,0.08303578,0.00010768771,5.657743e-05
ISIC_0034241,1,0.00011096652,0.99966455,1.6017846e-05,6.7708635e-07,0.00019650377,1.0570706e-05,6.4191505e-07
ISIC_0028863,1,1.28190095e-05,0.999987,7.199907e-11,3.9138037e-08,6.69023e-08,2.4407025e-09,1.0228347e-07
ISIC_0030126,1,0.0005778679,0.99942136,1.2689744e-09,2.6150506e-08,6.4189663e-07,1.3954886e-07,3.9356348e-08
ISIC_0032995,1,5.6891793e-05,0.99994016,2.4124317e-08,6.716318e-08,2.7740057e-06,8.922892e-09,1.2293765e-09
ISIC_0032754,1,0.0050814534,0.9214979,1.7821668e-06,3.7966318e-05,0.07310066,0.00026325084,1.7018121e-05
ISIC_0032714,1,0.00043495945,0.9955083,5.0603727e-08,6.7034835e-06,0.0040496946,2.4134644e-07,1.3475282e-07
ISIC_0032574,1,0.001482461,0.99215806,0.0063353786,8.813791e-06,3.1460706e-07,1.4830832e-05,1.01415736e-07
ISIC_0033398,1,0.001999258,0.0136172855,0.9843077,5.31795e-08,2.2258751e-05,4.243503e-05,1.1018536e-05
ISIC_0033244,1,0.04612407,0.5075101,0.44593814,1.3889321e-06,0.0003011591,0.00011591953,9.241721e-06
ISIC_0033339,1,4.3519326e-06,0.6056786,3.306763e-09,7.835357e-09,1.3143352e-07,1.391894e-06,0.39431548
ISIC_0033010,1,0.0015614079,0.99843854,5.191129e-11,2.0465991e-09,3.8385107e-08,1.2359558e-08,1.0169928e-09
ISIC_0034293,1,5.7360365e-05,0.9999248,1.2183625e-10,3.5239864e-08,1.68379e-05,7.3553537e-07,3.2099896e-07
ISIC_0033350,1,0.00019670786,0.99980325,7.1836065e-11,1.2616264e-09,9.597482e-08,5.0118154e-09,4.0139163e-09
ISIC_0033943,1,0.0021306633,0.9962514,1.0437253e-05,0.0007675356,2.1934005e-05,0.00071038504,0.000107578766
ISIC_0033434,1,5.3502725e-05,0.99249446,0.0070768655,0.0002570113,0.00010772901,1.654572e-07,1.0301011e-05
ISIC_0033433,1,0.0002947642,0.9994019,8.543079e-11,0.00030259008,2.5841314e-07,5.862958e-08,4.6039673e-07
ISIC_0032934,1,0.0004906512,0.9994923,1.5515826e-11,1.7036058e-05,2.1368686e-08,7.6721465e-09,2.6618259e-09
ISIC_0033742,1,0.012820902,0.9871783,1.819169e-11,1.241896e-11,3.286156e-08,1.3895121e-07,6.7026747e-07
ISIC_0034127,1,0.23798227,0.7618374,1.333749e-09,2.5396778e-08,3.160914e-07,6.712146e-07,0.0001793747
ISIC_0033111,1,0.024727063,0.9752701,2.0528454e-09,6.15806e-10,8.3137076e-07,9.769669e-07,1.143764e-06
ISIC_0033077,1,0.9111603,0.088838555,4.7416492e-08,4.266483e-09,1.0545086e-06,5.270089e-10,1.00837234e-07
ISIC_0033951,1,0.0024614863,0.9975374,1.6268025e-08,1.3100478e-08,1.0268798e-06,2.206692e-08,9.419832e-08
ISIC_0033149,1,0.00044885816,0.9995509,5.1635713e-09,4.16287e-09,1.0999007e-07,1.8076546e-08,8.3613806e-08
ISIC_0033343,1,0.0033567192,0.88824433,0.0007616767,0.0046415143,0.0041673672,0.055019327,0.04380901
ISIC_0033502,1,0.0010576817,0.98736495,9.494322e-06,0.00694186,0.0018900089,0.0014214028,0.0013146334
ISIC_0033764,1,0.8268918,0.17288655,3.383682e-08,1.8693163e-05,0.00019946657,2.8164163e-06,5.4328575e-07
ISIC_0033934,1,0.2672555,0.732738,1.409763e-07,4.0888835e-06,1.6297372e-06,5.1530463e-07,6.9753725e-08
ISIC_0032565,1,0.004951109,0.9949663,3.3639037e-07,1.0942943e-05,7.0880626e-05,6.9730255e-08,2.7922897e-07
ISIC_0033443,1,0.008322134,0.99158067,2.7818738e-08,3.7116422e-07,1.6334552e-05,4.7187274e-05,3.3268978e-05
ISIC_0032593,1,3.5131332e-05,0.99996483,1.3156537e-14,1.3577351e-11,7.103261e-10,2.2758044e-11,4.999751e-10
ISIC_0033935,1,0.0019909546,0.9980088,2.8626556e-12,9.047638e-10,2.2861043e-07,3.135609e-09,1.5839815e-08
ISIC_0033703,1,0.0022903332,0.99770916,7.2795087e-10,3.3686376e-09,5.2239005e-07,2.266728e-08,3.0364629e-09
ISIC_0034245,1,0.00018309228,0.99981695,3.223163e-10,8.8967395e-10,1.5669377e-08,3.3948733e-09,3.253645e-10
ISIC_0032708,1,0.00087971176,0.9991059,3.6593997e-10,2.8622509e-09,7.827035e-06,6.531361e-06,7.356833e-09
ISIC_0033574,1,0.0030349332,0.9969529,1.0631377e-10,5.806107e-09,1.9829554e-06,9.877338e-06,2.7689157e-07
ISIC_0033954,1,0.0010218795,0.9975859,3.1959888e-09,1.5330781e-05,0.0013754433,2.4649978e-07,1.2584054e-06
ISIC_0033771,1,0.057380907,0.942549,2.2808823e-08,7.440545e-06,5.233627e-05,1.2836672e-06,9.08491e-06
ISIC_0034035,1,0.24726827,0.75266284,7.3062176e-07,2.60388e-07,9.897495e-06,3.8486396e-06,5.410272e-05
ISIC_0033880,1,6.423136e-05,0.9998503,1.608691e-08,1.9097985e-07,7.39606e-05,1.04938e-06,1.0229398e-05
ISIC_0033994,1,0.0011668209,0.99881613,1.6388219e-09,1.1514685e-09,3.0759004e-08,1.5908262e-07,1.6972543e-05
ISIC_0032755,1,4.9358664e-07,0.9999989,3.6716305e-10,6.09817e-10,4.482985e-07,1.04106306e-07,3.018125e-08
ISIC_0033724,1,0.0011929034,0.9984896,3.2393088e-09,7.347136e-09,0.00031179166,2.8838912e-07,5.4762904e-06
ISIC_0033786,1,0.5071822,0.49266103,1.4583813e-06,4.066591e-07,7.78674e-05,1.2691365e-06,7.582576e-05
ISIC_0034009,1,0.99696106,0.0030052748,6.308659e-08,1.4244631e-07,3.3409968e-05,2.4637947e-09,4.646898e-08
ISIC_0034305,1,0.9957776,0.0041115214,2.055894e-06,2.7066113e-07,0.00010842824,1.0605799e-08,4.3143036e-08
ISIC_0034097,1,0.7041121,0.29258767,4.4309727e-05,4.047152e-05,0.0031984085,4.1893377e-06,1.2824398e-05
ISIC_0033021,1,2.5833456e-06,0.9999974,7.608189e-12,4.097609e-11,9.008092e-11,1.4504077e-11,2.187194e-10
ISIC_0033835,1,1.4200567e-06,0.99999857,3.5832491e-12,1.2353967e-11,4.3690775e-09,3.9770034e-10,1.1259952e-09
ISIC_0034247,1,0.01384636,0.9203622,1.3935892e-07,2.2301126e-08,0.06578912,1.6357529e-06,6.0851073e-07
ISIC_0033455,1,0.03278603,0.96699566,3.0842957e-09,4.24761e-07,0.00021634434,3.110973e-08,1.5063841e-06
ISIC_0034056,1,0.046932235,0.9475289,1.061813e-09,3.516253e-09,0.0055386825,8.625015e-08,6.256791e-08
ISIC_0034069,1,0.04383742,0.9558309,1.1296903e-08,1.0442509e-08,0.000330021,1.0219152e-07,1.4949305e-06
ISIC_0032673,1,0.0015374355,0.9983925,3.6726822e-10,4.619474e-10,6.8692236e-05,7.481165e-09,1.3789186e-06
ISIC_0033684,1,0.9347883,0.06475513,2.3118438e-09,4.164181e-09,0.00045588994,4.1358696e-08,7.0106404e-07
ISIC_0033723,1,0.00063115085,0.9993569,3.4357754e-08,8.6606957e-07,1.0280776e-05,7.7207585e-07,2.2380057e-08
ISIC_0033396,1,0.0061096754,0.9876238,8.420414e-07,2.5615127e-06,0.006258509,1.4849236e-06,3.0966535e-06
ISIC_0032881,1,0.1135727,0.8863738,1.1039585e-07,2.8561226e-07,3.5120472e-06,4.9345796e-05,2.3380565e-07
ISIC_0034209,1,0.01854708,0.9781106,5.093686e-07,3.268556e-06,0.0032877533,4.891427e-05,1.8143289e-06
ISIC_0034297,1,0.24817324,0.751759,2.4057337e-08,1.2797908e-05,4.586124e-05,9.057524e-06,6.148871e-08
ISIC_0034171,1,1.2503627e-07,0.9999999,1.4730925e-10,2.7669894e-10,1.1266762e-08,6.179905e-10,2.0714568e-08
ISIC_0033996,1,0.00013517751,0.9924029,1.8645388e-06,7.015522e-08,0.007399961,1.0665347e-05,4.9290113e-05
ISIC_0034124,1,0.15024437,0.8496036,2.7504018e-07,3.5319837e-05,0.000106453735,4.598163e-06,5.358042e-06
ISIC_0033861,1,0.87839097,0.12149113,7.623822e-09,0.000110405555,6.8062195e-06,3.0773813e-07,4.4913085e-07
ISIC_0032519,1,0.027281307,0.96180123,0.01042323,5.8692294e-06,1.4938306e-06,6.792112e-05,0.00041899976
ISIC_0034090,1,6.264297e-05,0.015529707,0.98026407,2.82121e-06,0.00024504671,1.8991397e-05,0.0038767292
ISIC_0032896,1,0.00019344073,0.9997631,1.4450016e-07,2.6800296e-06,3.524847e-05,4.7136184e-09,5.457529e-06
ISIC_0034166,1,2.5184144e-07,0.9999995,1.9632052e-09,8.909858e-11,7.213534e-08,9.169086e-10,1.5764766e-07
ISIC_0033143,1,4.635666e-06,0.99999523,4.3348117e-14,2.6545613e-11,9.243086e-08,4.2482724e-09,6.4146692e-09
ISIC_0032744,1,2.1760057e-05,0.9999771,6.01543e-13,1.03610525e-08,7.726243e-07,3.249028e-08,3.9660728e-07
ISIC_0033585,1,0.016413767,0.98319095,1.1030759e-05,2.5539862e-07,0.00032008867,6.287154e-05,1.080984e-06
ISIC_0033319,1,0.023684375,0.97631365,3.5859648e-07,3.68574e-09,8.4315803e-07,4.1292037e-07,2.6358916e-07
ISIC_0029306,1,0.7156198,0.28431287,1.2335308e-08,5.9889855e-05,5.6629865e-06,1.1768716e-06,5.8474836e-07
ISIC_0028210,1,0.00083828444,0.9991503,1.039935e-08,5.5153246e-06,5.7889524e-06,1.06154125e-07,1.2445704e-08
ISIC_0030626,1,4.4398428e-05,0.9999542,2.922826e-07,1.722165e-07,9.65644e-07,4.5637003e-10,2.6821909e-10
ISIC_0031163,1,0.00022606736,0.9997737,1.346841e-09,5.3322267e-09,2.3263625e-07,3.0197698e-09,3.1759131e-10
ISIC_0031053,1,0.06535281,0.9346456,6.7702546e-09,8.8654747e-07,5.06144e-07,3.0025138e-08,1.5194459e-07
ISIC_0030362,1,0.0055257776,0.99400276,0.00022076312,7.1871527e-06,0.00012154954,6.738946e-05,5.4496933e-05
ISIC_0031460,1,0.000121674195,0.99985063,7.8344334e-07,3.6007458e-07,1.0445742e-05,1.0753271e-05,5.316497e-06
ISIC_0025887,1,0.63574034,0.33256167,8.865988e-07,3.1006105e-06,0.03167691,1.17634e-05,5.346931e-06
ISIC_0028540,1,0.0002764933,0.99968266,2.529414e-07,3.7664224e-05,1.2026866e-06,9.349407e-07,7.8955094e-07
ISIC_0030771,1,0.0009345447,0.99906534,9.352651e-08,1.0389653e-10,7.482866e-09,2.160095e-08,3.517794e-09
ISIC_0026049,1,0.00026082923,0.99850625,5.4665247e-08,5.7028746e-09,0.0012159598,2.1263304e-06,1.4689041e-05
ISIC_0026370,1,0.0026737028,0.99732447,9.1672355e-08,1.4098664e-08,2.5868573e-08,1.2278282e-07,1.5343719e-06
ISIC_0027505,1,0.0037296414,0.9962684,6.802819e-08,1.2722847e-07,1.4184981e-06,1.9083808e-08,3.0649332e-07
ISIC_0030284,1,1.7367656e-05,0.99998224,5.7048777e-10,8.303858e-10,4.7007966e-09,3.232379e-07,2.4464667e-08
ISIC_0028425,1,1.7896793e-06,0.99999774,2.9536054e-11,3.0543706e-10,2.2248472e-07,4.521463e-09,3.0743385e-07
ISIC_0029222,1,0.7198837,0.28011495,3.00366e-08,6.028169e-07,3.3486634e-07,3.2351787e-07,6.1767494e-08
ISIC_0028625,1,0.63300276,0.3455282,9.576599e-06,0.00022414578,0.020923078,4.371564e-06,0.00030795898
ISIC_0026328,1,0.000686458,0.99923885,7.349887e-09,3.5175347e-06,7.1027265e-05,3.2065945e-09,7.058957e-08
ISIC_0029334,1,0.0005338633,0.99946195,9.525541e-11,1.8407624e-07,3.9922425e-06,1.3610058e-10,1.008277e-08
ISIC_0027933,1,0.0001860095,0.99963415,2.6399387e-06,8.142428e-07,9.945348e-06,0.0001197331,4.6613248e-05
ISIC_0028513,1,0.008690686,0.9901889,4.946208e-05,1.1172595e-05,3.3878827e-05,0.0007561988,0.00026975173
ISIC_0027670,1,0.057402078,0.942596,3.0082113e-08,1.0271273e-09,1.3513527e-06,4.613743e-07,6.1714594e-08
ISIC_0027097,1,0.56801,0.43198735,7.6771744e-07,2.6502093e-07,9.940054e-07,3.714615e-08,5.588588e-07
ISIC_0029431,1,3.710282e-05,0.9999199,2.451075e-07,6.142917e-08,4.6133172e-07,4.2245734e-05,2.4464029e-08
ISIC_0024674,1,0.0009766319,0.9990126,1.9082056e-07,1.012996e-05,1.4355827e-07,8.383747e-08,2.0261376e-07
ISIC_0028868,1,0.00068851083,0.99903405,8.5013526e-05,2.07384e-06,0.00018330834,4.9956698e-06,2.1479962e-06
ISIC_0026419,1,1.9792213e-07,0.9993586,9.756372e-12,8.946923e-16,2.3207894e-10,4.7857572e-08,0.0006412607
ISIC_0027052,1,1.4441702e-05,0.7908455,3.3768738e-11,8.1029584e-14,1.972789e-07,3.9792684e-07,0.20913953
ISIC_0029664,1,0.0020393513,0.99792624,5.8460153e-10,3.1330913e-08,1.2941641e-06,1.6531273e-09,3.315129e-05
ISIC_0024936,1,0.011528897,0.9884709,1.0157301e-09,1.1002732e-08,1.33772735e-08,1.4468695e-08,1.3761137e-07
ISIC_0026272,1,1.575851e-05,0.9999305,5.2000574e-05,4.0084602e-09,1.3438355e-07,1.5994439e-06,1.0940737e-07
ISIC_0024658,1,7.429018e-05,0.99990404,9.564924e-06,5.88491e-08,1.2073583e-06,8.927945e-06,2.004829e-06
ISIC_0027258,1,0.35461068,0.6272304,3.908469e-09,0.0016480425,0.01650427,6.466062e-06,2.3116515e-07
ISIC_0028957,1,3.6469915e-05,0.9999579,2.460221e-06,2.1694438e-08,7.994811e-07,2.0901955e-06,1.4991593e-07
ISIC_0027412,1,0.00019021322,0.9998024,2.4834587e-10,1.4510733e-08,6.935761e-06,8.1290746e-10,5.173567e-07
ISIC_0029257,1,0.02174724,0.97821903,3.834501e-06,2.624733e-05,9.0492114e-07,1.4315393e-07,2.6471448e-06
ISIC_0030225,1,0.003371562,0.99633586,0.00022355237,3.6055185e-06,4.424771e-06,1.824195e-06,5.9296184e-05
ISIC_0029313,1,2.3187049e-08,0.9998778,1.9829861e-07,4.6523618e-10,8.0206505e-08,3.8455673e-07,0.000121455836
ISIC_0030508,1,2.63515e-08,0.9998909,1.5654621e-07,3.106396e-10,1.065061e-07,5.7186696e-07,0.00010818638
ISIC_0027902,1,0.00093842944,0.9904294,3.85002e-05,0.008568917,1.0030023e-05,1.2338728e-05,2.3682314e-06
ISIC_0027226,1,0.00046069056,0.9214419,3.4597528e-05,0.07805464,1.0008825e-06,5.7581215e-06,1.4086951e-06
ISIC_0028263,1,6.761955e-06,0.9999925,7.7895965e-09,2.6003198e-07,1.9063695e-08,1.716672e-07,3.2856047e-07
ISIC_0028610,1,4.4029846e-05,0.9999491,2.750759e-09,3.071932e-07,1.059903e-06,4.792411e-07,4.9909786e-06
ISIC_0031360,1,3.7289276e-06,0.99999595,3.324772e-10,2.650531e-07,2.230344e-08,4.671243e-08,1.1351451e-07
ISIC_0031657,1,0.005398916,0.99459934,7.062166e-07,8.1148715e-07,2.4303427e-08,6.047551e-08,1.9178092e-08
ISIC_0030077,1,0.0109083075,0.98908967,1.8645094e-06,1.767459e-07,2.2848015e-08,3.3738726e-08,4.3106663e-08
ISIC_0029865,1,0.003135011,0.9968629,1.0352622e-06,7.5341205e-07,1.6578466e-07,1.18854636e-07,4.4431967e-08
ISIC_0025662,1,0.0017757437,0.9982241,2.1979247e-08,2.3447793e-09,5.7930144e-08,6.5210517e-09,5.151657e-08
ISIC_0027510,1,0.010226886,0.989773,8.366992e-09,1.3401692e-08,1.06351145e-07,4.200316e-09,7.958575e-08
ISIC_0024355,1,0.12089273,0.8791063,2.986983e-09,6.333739e-07,1.0197348e-07,4.129721e-09,2.1897922e-07
ISIC_0024394,1,0.11193751,0.88806146,2.5497318e-08,2.85895e-07,5.573582e-07,3.226337e-08,1.161278e-07
ISIC_0029516,1,0.03583078,0.96416634,1.620733e-06,8.6639636e-07,1.1625123e-07,5.3476867e-08,2.1657121e-07
ISIC_0030066,1,4.007822e-08,0.99966407,2.2002425e-05,2.7346062e-10,0.00027094138,2.0601697e-06,4.094752e-05
ISIC_0030588,1,1.954988e-05,0.9999707,5.846746e-08,8.895707e-06,3.5759247e-09,2.8947689e-08,7.2561767e-07
ISIC_0025511,1,1.4002361e-05,0.9999802,3.5457545e-06,3.9025642e-07,3.9374527e-08,1.5750766e-06,2.9867797e-07
ISIC_0029640,1,0.0075780605,0.94760865,0.040669885,1.552469e-07,0.0006949687,0.0034459808,2.399262e-06
ISIC_0029724,1,0.0043842294,0.883085,0.011297796,4.5061014e-08,0.00090102834,0.100327216,4.750726e-06
ISIC_0027707,1,0.017975897,0.9147855,0.04014775,2.879513e-07,0.005899313,0.021187952,3.2619341e-06
ISIC_0031541,1,2.6452435e-07,0.99985576,2.4515734e-06,1.1737715e-07,0.00013693178,2.9013843e-06,1.6517943e-06
ISIC_0027596,1,8.865518e-08,0.9998042,7.598683e-07,9.041198e-07,0.00017656403,1.4218599e-05,3.2474907e-06
ISIC_0028960,1,1.687533e-07,0.9999758,1.9679357e-08,1.4212864e-07,1.1780453e-05,5.574241e-06,6.531296e-06
ISIC_0025240,1,0.00023992531,0.99972945,2.0784864e-08,2.873006e-08,3.06397e-05,1.203149e-08,2.1896056e-09
ISIC_0026933,1,8.785878e-06,0.99999,1.3723383e-08,1.925347e-09,1.2490435e-06,1.0379007e-08,3.8969766e-10
ISIC_0027122,1,0.014768845,0.98520446,2.6210108e-07,2.1355197e-07,1.6730297e-05,1.0574215e-08,9.491352e-06
ISIC_0031340,1,0.000109792854,0.999889,1.6377606e-07,1.7836271e-08,2.594636e-07,2.883846e-09,7.013379e-07
ISIC_0024793,1,0.001197161,0.9987752,1.651311e-06,1.12704754e-07,2.297626e-06,8.180146e-08,2.3397288e-05
ISIC_0024938,1,0.9914397,0.008552574,7.735331e-06,1.9350006e-08,1.6689306e-08,1.1704331e-09,5.4590545e-09
ISIC_0030065,1,0.77713543,0.2196815,0.0031151758,1.711203e-07,6.4391825e-05,9.0117726e-07,2.4707297e-06
ISIC_0025231,1,0.95694983,0.043037478,8.027906e-06,1.8865906e-06,2.5596726e-06,4.4923954e-08,1.4352405e-07
ISIC_0030945,1,0.0006425365,0.998926,9.690979e-06,0.00011077145,0.0003016095,3.659685e-07,9.0342e-06
ISIC_0026611,1,0.11175111,0.8819862,3.2555636e-06,2.7497845e-07,0.0062485603,9.98269e-08,1.0468127e-05
ISIC_0029269,1,0.0013273592,0.99867225,1.6982695e-07,7.122883e-08,9.080538e-08,3.0328617e-09,3.9363545e-08
ISIC_0028115,1,5.189956e-05,0.99993336,1.1441172e-09,1.4395358e-08,1.4632145e-05,1.2884345e-07,1.4532523e-08
ISIC_0028030,1,2.7655396e-05,0.99996626,5.1517084e-08,1.1615429e-06,1.4110365e-06,3.3119397e-06,5.1874018e-08
ISIC_0031725,1,0.09662485,0.9033691,1.01632885e-07,1.2192579e-06,1.6976958e-07,2.3578546e-06,2.2368217e-06
ISIC_0030397,1,6.3807984e-06,0.9999199,8.8228217e-07,2.901649e-07,7.223283e-05,1.3484293e-08,3.5799843e-07
ISIC_0027390,1,0.2302615,0.76935947,3.8567877e-12,2.3640284e-08,5.29953e-06,0.0003574523,1.633317e-05
ISIC_0028758,1,0.0019474162,0.06370772,1.2236801e-05,0.9267852,0.0072557754,1.8835355e-05,0.00027280906
ISIC_0027147,1,2.7485748e-05,0.99985266,7.974451e-06,9.324505e-05,3.733467e-06,1.4927532e-05,5.0077368e-08
ISIC_0031510,1,0.03069682,0.9687584,6.8860704e-06,0.0005223274,1.479607e-05,9.964743e-08,6.1436066e-07
ISIC_0028757,1,0.0032866562,0.99662304,1.0390165e-06,8.8115965e-05,1.1256791e-07,9.4570333e-07,5.4175757e-08
ISIC_0027323,1,0.0021660924,0.9978313,4.236024e-09,1.2185338e-06,1.3133816e-06,2.228362e-08,5.4965042e-08
ISIC_0032274,1,5.4202683e-05,0.99989164,2.7050316e-06,6.030382e-06,4.4389515e-05,6.8009444e-07,2.5266996e-07
ISIC_0031070,1,0.5496781,0.4464728,4.759506e-06,0.0017272758,0.0021088321,8.586025e-07,7.3569395e-06
ISIC_0025633,1,0.0079269875,0.99198395,2.7980455e-05,2.364492e-07,8.078561e-06,6.912076e-06,4.5895405e-05
ISIC_0032163,1,7.959425e-05,0.9999155,4.3690898e-07,1.6541093e-06,2.0876982e-06,6.752699e-07,4.276389e-08
ISIC_0025562,1,4.4246342e-05,0.9959578,1.0093986e-07,0.0036759563,2.964853e-05,1.5796157e-06,0.00029069406
ISIC_0032474,1,6.18921e-06,0.9999937,2.1522983e-11,6.0492424e-09,6.296486e-08,4.535383e-10,6.8469017e-09
ISIC_0029438,1,0.00017304636,0.5973905,0.39719045,0.004957871,7.872058e-07,0.00022974404,5.765828e-05
ISIC_0027495,1,0.0017466317,0.99642926,2.6497086e-05,3.916493e-05,0.0017098133,3.8942955e-05,9.640178e-06
ISIC_0029583,1,1.8309767e-05,0.999905,7.484557e-07,5.3408214e-05,3.273872e-06,1.9241044e-05,9.785476e-08
ISIC_0030399,1,0.0029149381,0.997081,3.3863132e-09,4.1286035e-07,1.0689263e-06,2.5675172e-06,1.6316411e-08
ISIC_0031353,1,8.183047e-05,0.99987996,6.013966e-08,2.6593647e-10,3.8145685e-05,3.0588732e-10,1.8486065e-10
ISIC_0031932,1,0.0020641047,0.9946831,0.0013549126,1.6421656e-05,0.0018597406,1.6745327e-06,2.0165451e-05
ISIC_0026987,1,4.667528e-05,0.99995315,1.536e-10,3.1118528e-08,7.7862445e-09,2.108394e-08,1.07233106e-07
ISIC_0027671,1,4.6766436e-06,0.9999945,3.8257534e-07,1.14902484e-07,2.440877e-07,7.465124e-09,1.5642766e-09
ISIC_0026546,1,0.00030442275,0.9996953,8.0242e-09,1.6106734e-08,4.67136e-09,2.8424574e-07,3.1812795e-09
ISIC_0025506,1,0.0001344894,0.96261925,8.814656e-05,0.00030210317,0.0366119,0.0002430597,1.0014745e-06
ISIC_0025013,1,5.421989e-06,0.99999416,4.459264e-11,1.740448e-10,7.126118e-10,4.098159e-07,3.1638505e-09
ISIC_0027724,1,2.3407678e-05,0.99996996,3.1014466e-08,2.65658e-08,4.075911e-08,6.5820127e-06,2.6112811e-08
ISIC_0030796,1,0.13918929,0.86063397,2.6748063e-07,9.540833e-05,7.7035926e-05,4.39048e-07,3.651415e-06
ISIC_0025118,1,0.002846065,0.9971539,7.9106555e-10,2.6553484e-10,7.876419e-10,2.3890653e-08,3.8983853e-08
ISIC_0026512,1,0.2946199,0.7053675,1.9991363e-08,4.3232336e-07,1.2643858e-06,2.5796176e-06,8.2728775e-06
ISIC_0029183,1,0.00032628834,0.9971896,7.3458745e-07,1.95455e-06,0.0024787742,2.5397817e-06,2.8545034e-07
ISIC_0029298,1,0.0018862976,0.9979305,1.2654273e-05,3.8332822e-05,0.00013060987,4.8133256e-07,1.1514558e-06
ISIC_0024790,1,0.019931635,0.9797633,6.8189354e-07,0.00029392826,8.888308e-06,4.009024e-09,1.4600474e-06
ISIC_0028551,1,0.006383188,0.9850144,0.00039984682,0.007982128,0.00010487533,5.59022e-05,5.9661576e-05
ISIC_0024963,1,0.002213567,0.9692375,1.0351594e-05,0.028475156,6.162934e-05,5.886941e-07,1.2213565e-06
ISIC_0025305,1,0.002562889,0.9974367,7.446177e-11,4.742965e-07,1.0931195e-08,2.4342189e-08,4.359605e-09
ISIC_0029577,1,0.0013282964,0.9822535,0.013856817,5.1492952e-06,0.0024182566,5.909093e-06,0.00013212397
ISIC_0024560,1,0.09078863,0.90915614,4.654284e-05,1.6569273e-06,2.8670817e-07,5.1716975e-06,1.5748091e-06
ISIC_0029046,1,0.03693383,0.96306497,6.705912e-08,1.0342809e-07,8.7974934e-07,1.6763508e-09,1.5498318e-07
ISIC_0030328,1,0.00016213012,0.9998374,2.740689e-10,3.3541428e-07,2.2640831e-09,9.0813934e-08,3.501394e-09
ISIC_0031363,1,0.0026397298,0.9973573,5.655173e-10,2.572596e-07,2.7762724e-07,2.3519005e-06,3.4364437e-08
ISIC_0029369,1,0.0044578533,0.9955419,1.6894849e-09,1.1712818e-08,9.80708e-08,1.7261635e-07,2.7589158e-08
ISIC_0028507,1,2.2506507e-05,0.9999149,1.2978398e-07,9.54737e-07,5.447949e-05,7.0095653e-06,1.9432882e-08
ISIC_0029773,1,1.606791e-06,0.9999484,5.850819e-07,2.8157226e-06,4.450606e-05,1.8819002e-06,1.13514304e-07
ISIC_0026452,1,0.0003514681,0.999416,1.0502129e-05,2.7332737e-06,0.00020236001,1.6310598e-05,6.6974854e-07
ISIC_0027007,1,0.0012476551,0.99526596,2.7884596e-05,0.0001356231,0.0033214863,9.4820604e-07,4.0715068e-07
ISIC_0026655,1,0.0035024046,0.9718697,0.01890829,1.180981e-05,0.005623511,6.9024994e-05,1.5250373e-05
ISIC_0028983,1,5.2587184e-05,0.9636108,0.03627983,1.2115161e-05,4.235868e-05,2.6103294e-07,2.156442e-06
ISIC_0031612,1,0.0024400365,0.99755585,8.554839e-09,2.9569608e-07,3.821029e-06,3.0273185e-08,4.1313005e-08
ISIC_0030115,1,1.63384e-05,0.9882735,5.278281e-07,0.0029603634,0.008675571,5.348224e-06,6.84258e-05
ISIC_0028364,1,0.5054072,0.4945562,6.4677306e-06,2.5960637e-07,2.917628e-05,3.146595e-09,6.9064697e-07
ISIC_0026885,1,0.73089015,0.26599464,7.948189e-08,1.3070443e-08,0.00311515,2.6889582e-09,2.3720753e-08
ISIC_0025902,1,0.003951422,0.991088,8.7018327e-07,0.0049566804,1.8577812e-06,7.337117e-07,4.7089034e-07
ISIC_0030704,1,0.00047182912,0.9942629,2.3031083e-08,0.0049629225,7.240421e-05,0.00022891839,1.050833e-06
ISIC_0027568,1,0.0012669826,0.37174118,0.007797091,0.6191687,2.562212e-05,2.1919477e-07,2.4953886e-07
ISIC_0029679,1,2.2427324e-05,0.9997913,1.03869855e-08,0.0001529366,1.9160781e-07,3.3093667e-05,1.4823292e-08
ISIC_0026053,1,0.0005046647,0.9994904,4.9731425e-06,2.5927175e-08,8.345702e-09,6.2255223e-10,8.521905e-09
ISIC_0025443,1,0.0001213262,0.9963238,9.34827e-06,0.003545423,4.66157e-08,3.278373e-08,7.383406e-08
ISIC_0028599,1,0.98429215,0.013399183,1.545644e-05,4.5684134e-10,0.0022725977,1.0748364e-08,2.0735657e-05
ISIC_0028378,1,0.0007820347,0.99921227,7.8496475e-07,2.6621424e-06,2.0052978e-06,5.5187652e-08,2.7107149e-07
ISIC_0026852,1,0.10040996,0.89957434,4.5522208e-07,1.24379485e-05,2.7772012e-06,4.9107e-08,4.162938e-08
ISIC_0026491,1,0.99937975,0.0005745737,2.735515e-09,1.943047e-06,4.3622458e-05,3.4487406e-09,6.380521e-08
ISIC_0028808,1,0.6888287,0.31104428,1.1172513e-07,2.4192246e-05,1.4296161e-05,5.9240455e-07,8.779362e-05
ISIC_0026513,1,0.99959034,0.0003996832,5.315227e-09,8.8599575e-07,1.327849e-07,9.168788e-08,8.9055375e-06
ISIC_0027540,1,0.99595946,0.0040262872,5.551619e-10,8.920483e-06,3.828505e-06,1.2270164e-06,3.3714224e-07
ISIC_0031700,1,0.032352295,0.96750635,1.5770136e-06,3.0043202e-05,0.000108196225,2.4925946e-08,1.5965238e-06
ISIC_0027073,1,0.00047280264,0.9987531,0.00022412698,0.00019031845,0.0003596267,4.4219775e-08,8.811413e-08
ISIC_0024959,1,2.5869938e-05,0.99996996,8.0862983e-10,1.6910326e-08,1.4391695e-10,4.1436842e-06,2.9275544e-08
ISIC_0028202,1,0.039688595,0.96030927,3.0945957e-10,1.8522397e-06,1.1354813e-08,2.7967678e-07,9.174176e-09
ISIC_0028857,1,0.7052995,0.29469052,2.7192607e-08,2.7705792e-07,1.6755005e-06,6.417202e-07,7.3298033e-06
ISIC_0025476,1,0.00045488187,0.012015503,0.9875072,1.7219218e-05,4.1263584e-06,7.33876e-07,3.560705e-07
ISIC_0026437,1,0.07196341,0.9211696,2.168418e-05,0.0055015986,0.0012561779,3.8052112e-06,8.3696454e-05
ISIC_0025424,1,0.10547315,0.89452505,6.7800743e-10,5.5191816e-07,7.587181e-07,9.238892e-08,4.4113295e-07
ISIC_0027503,1,0.0016918234,0.9983077,3.7233489e-10,3.549355e-07,8.0628155e-08,4.1150052e-08,4.483261e-08
ISIC_0027181,1,0.03078805,0.40354007,2.4276665e-06,2.3006353e-06,0.5646565,0.0007987038,0.00021198751
ISIC_0025983,1,0.00055702863,0.996579,5.733583e-07,0.0028503817,6.6625034e-06,6.2745607e-06,8.9532364e-08
ISIC_0026818,1,0.003640386,0.99635303,7.08229e-10,5.660329e-06,8.9744697e-07,3.8706215e-08,1.0544438e-08
ISIC_0032251,1,1.8148855e-06,3.2317213e-05,0.9998865,1.83793e-07,1.2740553e-05,6.596485e-05,4.4505936e-07
ISIC_0032253,1,8.610924e-05,0.45943153,0.12272252,0.097322054,0.32034343,3.1534015e-05,6.283278e-05
ISIC_0024476,1,0.0048360745,0.99468344,0.0001609864,3.283945e-07,0.0003116226,3.803323e-07,7.1241307e-06
ISIC_0026551,1,5.8233712e-05,0.999941,2.0299934e-08,6.566001e-07,7.4404873e-09,3.415894e-08,2.0082576e-08
ISIC_0024596,1,0.00037658893,0.99960107,2.482997e-06,1.4312526e-05,3.960143e-06,1.0675192e-06,5.2460547e-07
ISIC_0030966,1,0.0010264316,0.998934,2.981546e-06,2.977538e-05,6.403131e-06,6.376507e-08,2.805591e-07
ISIC_0026029,1,0.0344988,0.9654656,1.9460866e-05,1.3322654e-07,5.982443e-07,1.5401038e-05,4.1403645e-08
ISIC_0028032,1,0.0005616268,0.9990797,1.7225627e-06,0.00024241346,0.00011061714,2.9361456e-07,3.728838e-06
ISIC_0026359,1,1.8063298e-05,0.9999691,1.0733674e-05,6.6971484e-07,1.301761e-06,1.0966246e-08,1.21503865e-08
ISIC_0031076,1,0.00030805118,0.99910164,5.778111e-07,0.00015125325,0.0004370035,5.3599257e-07,9.0629004e-07
ISIC_0025684,1,0.00023623639,0.9997634,1.7063822e-07,6.2642864e-09,1.2119682e-07,1.7608102e-09,1.9563353e-09
ISIC_0029054,1,0.046301685,0.9536764,2.0546854e-07,7.762851e-06,1.289825e-05,1.0775806e-06,2.1591593e-08
ISIC_0028150,1,0.000110963694,0.9998708,1.0152217e-07,1.3019646e-08,1.0968165e-05,6.3235425e-06,8.960082e-07
ISIC_0025214,1,0.20710047,0.6755953,0.00052168604,0.034901068,0.08138928,4.2740954e-05,0.00044945537
ISIC_0030069,1,0.008485344,0.9915142,7.8119985e-14,4.928337e-07,3.2432128e-09,1.2639723e-10,2.4640472e-09
ISIC_0026133,1,0.45244244,0.54755515,2.4411343e-11,1.0211954e-06,8.060382e-07,4.925409e-07,1.0506921e-07
ISIC_0028905,1,0.041257694,0.95744723,0.00014924446,5.929535e-07,0.0009879562,0.00013971126,1.7539443e-05
ISIC_0028355,1,1.04921135e-07,0.99218583,3.322059e-05,9.740836e-08,0.004014972,0.0036546,0.00011116055
ISIC_0025171,1,0.0001914669,0.9870942,0.01085226,2.5703468e-05,0.00061072694,0.00065592775,0.0005697533
ISIC_0030742,1,0.4187638,0.56986666,2.6069452e-05,5.9155114e-05,5.959605e-05,0.011224396,3.2449555e-07
ISIC_0028441,1,0.7824395,0.077992916,0.00029238182,0.052023355,0.012979408,0.074272215,3.410133e-07
ISIC_0031374,1,0.014461905,0.82740176,6.0509876e-05,0.00056429836,0.045503084,0.11200627,2.148656e-06
ISIC_0030008,1,0.0007878213,0.35217693,0.0020633074,8.2640746e-08,0.6448642,9.9014906e-05,8.629347e-06
ISIC_0027197,1,0.0012090242,0.67875534,0.31983343,2.6149712e-05,0.00014616705,2.8012866e-05,1.876924e-06
ISIC_0027627,1,0.00022276418,0.9821494,0.00040464508,1.9316412e-06,0.017018972,0.000117445015,8.487401e-05
ISIC_0031081,1,0.5046207,0.4948557,1.6838156e-09,1.7000253e-05,0.0005056836,3.858106e-07,5.239993e-07
ISIC_0029983,1,0.04188335,0.9528625,3.5034013e-06,0.0049733296,0.0002738718,1.2498732e-06,2.2137099e-06
ISIC_0031583,1,0.0033408788,0.99642676,1.1093654e-05,4.4887475e-08,0.00021752338,2.5858503e-06,1.1197079e-06
ISIC_0032459,1,0.00018061034,0.9922289,2.9685568e-10,3.6046528e-09,4.4801523e-06,1.3955034e-08,0.0075859516
ISIC_0025730,1,0.0013989601,0.99749976,0.00033427525,2.6145296e-06,0.00073769205,4.2492982e-07,2.6182339e-05
ISIC_0031476,1,3.5711142e-05,0.9999224,3.1285323e-05,5.709164e-06,4.8540223e-06,1.005639e-08,4.9724882e-08
ISIC_0031894,1,7.388708e-05,0.99992585,3.0286287e-09,1.9913803e-07,1.1298012e-08,3.343754e-08,1.0561157e-08
ISIC_0025759,1,0.17898774,0.8210109,3.0467802e-11,4.9555964e-09,9.4164807e-07,7.629692e-09,4.5814204e-07
ISIC_0031366,1,0.12129079,0.8787038,5.1234855e-10,4.025057e-08,5.244375e-06,4.7376133e-08,1.8663577e-07
ISIC_0025640,1,0.15002386,0.84997463,8.132235e-08,5.46931e-07,5.696617e-07,2.072972e-09,3.6415017e-07
ISIC_0031802,1,5.7981448e-05,0.9990552,6.5403884e-07,1.9888097e-05,0.0008364065,2.8765515e-05,1.0945686e-06
ISIC_0026825,1,0.95692,0.042564794,2.4496917e-06,0.00018370154,1.3388152e-05,0.00031002786,5.635738e-06
ISIC_0030625,1,7.1932727e-06,0.9999924,2.5537296e-12,1.4577709e-09,3.7313935e-08,3.3133827e-07,5.561186e-10
ISIC_0024684,1,4.0993273e-05,0.9770397,3.430757e-06,1.5389038e-05,0.022827152,6.367384e-05,9.655596e-06
ISIC_0028230,1,0.046150822,0.9515999,8.343984e-07,4.4745222e-05,0.002199189,1.042147e-06,3.518323e-06
ISIC_0032233,1,1.0491556e-05,0.9999888,3.4961808e-11,9.341418e-10,5.954747e-09,7.567035e-07,3.2114016e-09
ISIC_0028116,1,3.0150883e-05,0.99996054,5.1654087e-10,3.97834e-06,4.8760326e-06,4.2893274e-07,1.3863201e-08
ISIC_0026111,1,0.018520389,0.96406066,0.01710918,0.0002645879,3.9946794e-05,3.7590615e-07,4.9091063e-06
ISIC_0026231,1,0.001883209,0.9981142,9.486681e-10,1.017272e-08,1.3689938e-06,7.3961843e-07,4.975072e-07
ISIC_0027005,1,0.007984622,0.9832129,1.9821554e-08,9.685567e-05,0.008704936,3.008302e-07,4.252991e-07
ISIC_0031871,1,0.2830808,0.71691775,4.831389e-08,8.02368e-08,1.2466569e-06,5.704006e-08,3.038702e-09
ISIC_0029075,1,0.0054382016,0.9945592,5.891657e-09,1.17949504e-07,2.2965362e-06,5.965465e-08,2.0296744e-08
ISIC_0028887,1,0.10682832,0.8931277,4.128205e-06,1.8972798e-05,1.999811e-05,8.134617e-07,1.0647809e-07
ISIC_0031107,1,1.0617649e-05,0.9977628,4.119561e-05,5.137247e-05,0.0021272383,1.2965944e-06,5.4535276e-06
ISIC_0026022,1,1.3095292e-06,0.9999813,6.83336e-07,2.8637206e-07,1.5793266e-05,4.7372748e-08,6.5395375e-07
ISIC_0027639,1,0.7839938,0.21578096,6.6192e-09,1.5718583e-06,0.00022204395,2.6283223e-07,1.3516863e-06
ISIC_0031314,1,0.00014205133,0.99985456,7.3624545e-10,7.755425e-08,2.9665532e-06,8.482239e-09,2.2826613e-07
ISIC_0029182,1,0.00055296184,0.9959657,0.00069979805,3.7609182e-06,0.0023042636,0.00044587645,2.7573087e-05
ISIC_0030635,1,0.008784091,0.9557683,7.118442e-08,4.4862963e-06,0.035316594,9.6998965e-06,0.0001168681
ISIC_0030817,1,0.00070692616,0.9992465,2.3292858e-07,1.6084954e-06,4.180338e-05,1.5867191e-06,1.3383843e-06
ISIC_0029470,1,0.17618325,0.8235118,2.4875408e-05,1.1550466e-05,0.00015791524,5.0371378e-05,6.0254395e-05
ISIC_0024447,1,0.000522389,0.99947506,1.1299338e-08,7.9364804e-07,1.7711225e-06,2.1415811e-08,1.1755372e-08
ISIC_0032279,1,0.003485404,0.99251866,0.00038330082,6.1909714e-06,0.0036054272,4.4338628e-07,5.703616e-07
ISIC_0028243,1,0.0015568086,0.9984297,2.5877291e-08,9.938852e-06,3.1388336e-06,2.6977466e-07,8.585854e-08
ISIC_0025436,1,0.00051995245,0.9994337,1.7783147e-08,3.5666297e-05,1.087283e-06,9.471705e-06,1.6819985e-07
ISIC_0029079,1,0.24802722,0.7519303,1.743616e-06,9.291268e-06,2.890791e-05,1.9654922e-06,5.647396e-07
ISIC_0025571,1,0.5793908,0.41401708,0.0023812372,1.912637e-05,0.0041837012,1.7652186e-06,6.2707654e-06
ISIC_0025776,1,2.8649492e-05,0.99965286,0.00015094825,0.00016667387,6.2871675e-07,4.8252162e-09,1.8045809e-07
ISIC_0025908,1,8.1636295e-05,0.9993394,0.00044112958,0.0001353258,1.9846866e-06,1.1649197e-07,3.6860916e-07
ISIC_0028945,1,0.005826689,0.9928807,0.0012747794,1.062845e-08,1.3852605e-05,4.9829108e-08,3.9609467e-06
ISIC_0030401,1,0.0022313003,0.99727947,0.0001157395,2.1174385e-08,0.0003724592,2.7495835e-07,8.471333e-07
ISIC_0031131,1,0.867198,0.111301154,2.7724947e-05,0.0012056931,0.020250903,5.79636e-06,1.0769364e-05
ISIC_0031473,1,0.0008355479,0.012633145,1.4054842e-05,0.9733719,0.012759541,7.632323e-06,0.00037814968
ISIC_0029671,1,2.856426e-05,0.9999702,1.7192558e-08,1.0638952e-06,3.3772974e-08,7.0277506e-10,1.5731113e-07
ISIC_0028787,1,0.05807102,0.27176076,7.374721e-05,1.5008268e-05,0.6700758,2.6511939e-06,1.0477694e-06
ISIC_0026008,1,0.20312604,0.6338567,0.0066691353,2.8733391e-05,0.15626125,2.6295724e-05,3.189308e-05
ISIC_0026753,1,0.004115758,0.8480474,2.407172e-05,1.9885789e-05,0.14772615,6.608096e-05,5.957563e-07
ISIC_0031134,1,0.0006350746,0.86606914,3.972232e-06,2.221739e-05,0.13326102,8.616791e-06,4.6209134e-08
ISIC_0025488,1,6.9980546e-05,0.9912683,3.2808704e-05,2.7463316e-06,0.008541658,8.3767016e-05,7.847337e-07
ISIC_0027999,1,0.0007682973,0.9662555,3.364934e-05,1.5639109e-06,0.032862335,7.523051e-05,3.4172574e-06
ISIC_0031238,1,0.029503088,0.50345725,2.231266e-06,0.00021033545,0.46675226,9.204811e-08,7.47201e-05
ISIC_0026374,1,0.0012055888,0.10086284,6.2613657e-07,0.00013207186,0.8977843,8.920016e-08,1.44815585e-05
ISIC_0024827,1,0.054480717,0.94389,0.00056646764,5.5616212e-05,0.0010063819,3.0860048e-09,8.970374e-07
ISIC_0031304,1,0.020194331,0.97195405,1.30162625e-05,0.00018168347,0.007610813,2.4140134e-06,4.3705695e-05
ISIC_0028809,1,0.0023339244,0.98595595,0.00025925864,1.3081999e-06,0.011448278,4.952631e-07,7.627018e-07
ISIC_0028865,1,0.00028765606,0.9997098,6.537525e-07,9.794955e-08,1.5433666e-06,2.1658147e-07,7.896657e-09
ISIC_0028464,1,4.7435456e-06,0.9981901,0.0017900547,1.7629091e-08,1.48234185e-05,9.550704e-08,1.2625362e-07
ISIC_0025237,1,0.0024316355,0.017509872,0.9800259,6.6356773e-07,5.836089e-07,5.0108288e-06,2.6284679e-05
ISIC_0029390,1,0.024998598,0.3635476,0.6111371,2.22339e-05,0.00027442662,1.6374349e-06,1.8516344e-05
ISIC_0027873,1,0.00051434163,0.99948466,6.530522e-08,3.3240852e-07,1.373999e-08,6.0155053e-10,5.4261955e-07
ISIC_0027262,1,0.0009159839,0.34030822,9.7883905e-09,2.8545138e-08,2.9788364e-06,2.3000164e-06,0.6587705
ISIC_0024916,1,0.002956945,0.37976256,2.083217e-08,1.180801e-08,4.587847e-06,3.2620876e-06,0.6172726
ISIC_0030978,1,0.44051507,0.11397466,0.00065086177,0.011872185,0.43141475,7.909272e-07,0.001571648
ISIC_0028649,1,2.4806607e-06,0.9999968,2.7666628e-11,7.2842107e-07,1.46605394e-08,3.2613948e-10,6.3705684e-08
ISIC_0027984,1,0.00023470822,0.9997423,2.071178e-06,9.1352814e-07,1.9462159e-05,4.169537e-07,9.0209205e-08
ISIC_0030810,1,0.0022987255,0.18454388,0.00016994298,0.060626186,0.7522858,4.214696e-05,3.3305932e-05
ISIC_0026711,1,0.011642052,0.9874227,3.6713325e-05,6.170114e-08,0.0008251295,1.7169903e-08,7.332333e-05
ISIC_0028118,1,0.99833566,0.0016636181,3.897268e-09,6.367873e-07,1.0853961e-07,8.707722e-12,6.974164e-11
ISIC_0027959,1,0.0011366734,0.998858,5.800801e-10,1.0759312e-08,5.3869203e-06,6.59832e-09,1.8328791e-08
ISIC_0031599,1,0.54843175,0.41921133,2.0967203e-05,1.4324846e-06,6.244201e-07,4.8322094e-05,0.032285493
ISIC_0028226,1,0.0012176029,0.9837038,6.737506e-07,1.16764845e-07,9.258643e-06,2.7725778e-06,0.015065688
ISIC_0032157,1,9.3682565e-06,0.9999863,2.9278635e-09,4.011831e-07,2.7836143e-07,1.9304385e-07,3.4275713e-06
ISIC_0030263,1,6.1881587e-06,0.99999344,5.132791e-08,3.9483075e-10,2.6062165e-07,6.208365e-09,4.913378e-08
ISIC_0028891,1,2.1452903e-05,0.97271067,1.0491101e-06,4.519891e-06,0.009447446,3.1658565e-05,0.017783191
ISIC_0032018,1,2.9393377e-06,0.9996828,4.113319e-10,6.576157e-08,0.00011441825,6.329952e-07,0.00019920975
ISIC_0025540,1,0.00023102634,0.9995951,4.271202e-09,1.6743673e-08,0.0001729644,1.636171e-07,8.227919e-07
ISIC_0032333,1,0.5474568,0.45253685,5.71663e-09,6.5894466e-07,1.0939849e-06,2.2058823e-06,2.3696514e-06
ISIC_0028596,1,3.4025154e-06,0.99999547,1.00277134e-10,2.3127528e-07,8.9936816e-07,2.7100763e-10,4.352294e-10
ISIC_0024519,1,0.0004382285,0.99944586,6.5843847e-07,2.470857e-05,8.85709e-05,6.960308e-09,2.061178e-06
ISIC_0026676,1,1.0949218e-05,0.99993765,1.7357568e-08,3.9168724e-05,1.2176168e-05,2.7049325e-09,1.541369e-08
ISIC_0027211,1,0.0008287864,0.9991702,1.0958529e-08,2.0760826e-09,6.66114e-07,7.058539e-08,2.535619e-07
ISIC_0030900,1,0.00011662773,0.9998462,3.174536e-06,2.3837177e-10,3.0905805e-05,4.1337964e-07,2.688719e-06
ISIC_0029328,1,0.001127478,0.9903453,0.00041618018,3.0444646e-06,0.008070746,3.1354724e-05,5.8738965e-06
ISIC_0030384,1,0.00023233013,0.99878997,8.529348e-08,2.9722773e-07,0.0009772808,1.6005573e-07,6.196888e-08
ISIC_0029498,1,0.00013764674,0.99982506,5.7469887e-09,3.3037704e-05,8.8539707e-07,9.060091e-07,2.5022896e-06
ISIC_0026333,1,1.9565343e-06,0.9999474,1.3430734e-08,4.0120042e-07,4.699325e-05,1.1360316e-08,3.1948546e-06
ISIC_0028272,1,3.1193716e-09,1.0,1.7224286e-08,8.480106e-13,5.2254437e-11,2.3305658e-08,3.4031196e-09
ISIC_0026603,1,1.6221162e-05,0.99997807,2.9261715e-08,5.5966576e-10,5.6066324e-06,6.214335e-09,3.7402685e-08
ISIC_0028042,1,0.0016907346,0.9983077,2.5076846e-10,2.7676958e-07,4.1575206e-08,3.04338e-07,8.59354e-07
ISIC_0030229,1,0.0022020666,0.9975974,2.4979004e-06,1.7882377e-06,2.4897918e-05,0.00015031957,2.1058146e-05
ISIC_0030485,1,0.7247836,0.27512178,2.6447573e-09,2.8803182e-09,6.98547e-08,3.2569811e-09,9.4546536e-05
ISIC_0031803,1,0.13232687,0.86749434,5.1920253e-08,3.7547778e-08,3.2804612e-06,1.2771925e-07,0.00017528664
ISIC_0025278,1,5.297004e-07,0.99999917,1.5137756e-08,2.1592025e-10,3.5433303e-08,2.6530407e-07,3.7013287e-08
ISIC_0032312,1,3.529475e-06,0.9999951,2.8053734e-08,3.1076637e-09,6.096098e-07,5.979523e-07,6.7700505e-08
ISIC_0028562,1,9.087459e-05,0.8975329,0.003199431,1.0043385e-07,0.09889583,0.00011115494,0.00016972267
ISIC_0025553,1,0.00040150917,0.13942575,0.8009473,0.00010581814,0.043984454,1.6110283e-05,0.015118988
ISIC_0030589,1,0.006759027,0.86705023,0.03449696,0.010912289,0.08070007,2.6226093e-05,5.511642e-05
ISIC_0030091,1,0.018431779,0.9644037,1.144424e-05,1.358064e-05,0.017074952,6.453917e-07,6.3865e-05
ISIC_0026889,1,0.000564025,0.9993899,2.6378668e-08,6.7421695e-09,4.28642e-06,4.1647574e-05,1.218994e-07
ISIC_0030963,1,8.977279e-06,0.9999863,1.5912621e-10,1.2245811e-10,4.6122486e-06,7.673513e-08,2.1631093e-08
ISIC_0029786,1,0.08539138,0.914374,1.0965518e-08,8.691468e-08,8.403719e-06,0.00020302259,2.3037515e-05
ISIC_0027642,1,0.579714,0.41975346,3.0620265e-07,6.3752086e-06,2.1279443e-06,0.0002930059,0.00023065651
ISIC_0030059,1,0.002668316,0.88833505,0.00165173,3.4920015e-07,0.10693147,0.0003952122,1.7942592e-05
ISIC_0028658,1,0.00025057248,0.9997378,1.7934831e-10,1.7331391e-06,9.498408e-06,9.111682e-08,2.4323649e-07
ISIC_0030300,1,0.001445311,0.99855417,1.2796132e-08,1.1588998e-08,4.3302816e-07,8.274514e-09,3.949101e-08
ISIC_0030086,1,0.00016916142,0.99981683,1.5413267e-08,4.3976266e-07,1.0100882e-05,1.2884146e-07,3.2874989e-06
ISIC_0031395,1,0.94687897,0.048021108,4.0827217e-05,0.0044769747,0.00053753215,4.155773e-05,3.0303213e-06
ISIC_0032706,1,0.5271859,0.4727927,2.1733241e-08,1.5321636e-08,2.0900346e-05,2.55987e-07,1.6303429e-07
ISIC_0033445,1,0.038748067,0.9612301,4.3408415e-09,1.1711198e-08,8.274243e-06,1.1412101e-08,1.3602399e-05
ISIC_0033682,1,7.991878e-05,0.9999018,4.2503534e-10,3.4173403e-10,1.8322653e-05,3.0721894e-10,8.873704e-09
ISIC_0032979,1,0.014735142,0.9852625,1.9347947e-08,3.1510655e-08,2.1734613e-06,2.6385222e-10,1.5547899e-07
ISIC_0033890,1,0.0028286455,0.99715424,7.1531076e-10,9.086952e-09,1.7088378e-05,3.9336595e-10,1.4929421e-08
ISIC_0033335,1,0.0034056795,0.99651873,3.9429462e-08,4.165626e-06,5.389999e-05,5.558871e-06,1.1963933e-05
ISIC_0032616,1,9.7879e-06,0.99998677,2.5181288e-10,7.519027e-12,3.376732e-06,7.576749e-10,1.8072912e-08
ISIC_0033225,1,0.10345791,0.89650327,5.8211524e-09,6.4258896e-09,3.8578164e-05,1.2266447e-07,7.585733e-08
ISIC_0033615,1,0.09071062,0.90927714,3.0498468e-09,1.7117328e-07,1.1917602e-05,8.954877e-08,2.0643157e-08
ISIC_0034163,1,0.00034728413,0.99952805,3.551591e-08,3.0482192e-05,3.9875427e-05,3.060576e-05,2.3694025e-05
ISIC_0034277,1,0.00013751721,0.994528,5.8541236e-06,0.0015035302,0.0036738766,0.00014502167,6.21414e-06
ISIC_0034147,1,0.01725068,0.98185825,3.2895965e-05,0.0003362011,0.00033617546,5.6901456e-05,0.00012892073
ISIC_0033247,1,0.004167755,0.9955989,6.569235e-08,2.680795e-06,0.00021838694,1.9266843e-06,1.02735385e-05
ISIC_0033918,1,4.0557014e-05,0.99993205,2.3461777e-08,1.6646742e-05,1.0423624e-05,9.515899e-09,1.9468636e-07
ISIC_0032889,1,0.0074860603,0.9899149,2.276935e-06,0.00190578,9.473086e-05,1.5640007e-05,0.0005804933
ISIC_0033997,1,0.8592613,0.1407184,1.1428572e-07,1.1588193e-07,6.5197523e-06,1.29191485e-05,6.029058e-07
ISIC_0032712,1,0.0013550199,0.99863607,5.940091e-10,4.0373146e-10,3.393222e-07,8.469516e-06,1.4846101e-07
ISIC_0033164,1,0.001643322,0.99835443,3.3560628e-08,9.900131e-08,1.282004e-06,4.671612e-07,4.1742211e-07
ISIC_0033395,1,7.0476235e-05,0.9998684,7.1212247e-07,7.946656e-09,5.9812915e-05,4.08734e-07,2.5644383e-07
ISIC_0033355,1,0.008944748,0.9908471,5.9211903e-05,2.3161888e-06,0.00014097396,5.033707e-06,5.0620497e-07
ISIC_0033095,1,0.0030771159,0.99662304,1.2692855e-05,8.01932e-06,0.0002757575,3.2808189e-06,1.5979653e-07
ISIC_0033040,1,5.3361003e-07,0.99999917,2.3327103e-13,4.1094797e-12,3.2217883e-07,1.9937449e-08,2.4906806e-09
ISIC_0032631,1,0.00016457915,0.99971694,9.198351e-05,9.658961e-08,2.5955882e-05,3.5652764e-07,2.1437998e-08
ISIC_0032528,1,1.4131759e-07,0.99999976,1.05494044e-10,1.13059284e-10,1.5476019e-07,9.340793e-09,1.6619358e-09
ISIC_0033879,1,0.0026115053,0.9973878,8.320843e-09,9.810072e-09,5.347421e-07,8.8813316e-08,7.651263e-09
ISIC_0033495,1,9.543332e-06,0.9999902,3.2338108e-09,1.2033421e-10,5.5852034e-08,3.882633e-08,1.7890216e-07
ISIC_0033161,1,0.0031354425,0.9962759,0.00019710521,3.3655713e-08,0.0001179117,5.511121e-07,0.00027309766
ISIC_0032796,1,1.2922483e-05,0.99993825,3.34552e-05,6.3873355e-09,1.4969684e-05,7.2728934e-09,4.017887e-07
ISIC_0032828,1,7.102381e-05,0.9999242,1.6177324e-09,6.1523275e-07,1.813786e-06,2.134157e-07,2.1482172e-06
ISIC_0033690,1,1.1704595e-06,0.9997609,2.3472565e-07,6.121941e-08,0.00023700415,9.632708e-08,4.7174353e-07
ISIC_0033898,1,0.0022867934,0.99770844,1.398654e-08,3.2293624e-07,4.3727186e-06,9.687362e-09,3.2433395e-08
ISIC_0032647,1,8.801481e-06,0.9999658,8.5874916e-08,5.049459e-09,3.5769292e-06,1.9594823e-05,2.1824787e-06
ISIC_0024715,1,2.9164914e-07,0.99999607,1.0790612e-08,2.2749666e-07,9.665404e-07,6.0106186e-07,1.7786234e-06
ISIC_0034072,1,3.635363e-05,0.0007419102,0.000192088,9.204063e-05,0.9984993,7.363665e-05,0.00036476448
ISIC_0032849,1,0.0007769818,0.99921227,6.432445e-11,9.24191e-06,1.3267995e-06,2.0382835e-08,5.274064e-08
ISIC_0033043,1,0.0006787663,0.99904877,1.5026156e-08,1.1585624e-09,1.326509e-06,0.0001920226,7.9149075e-05
ISIC_0033467,1,0.0013450215,0.99865437,9.2448936e-08,1.5917864e-08,4.6933147e-07,1.3035245e-08,2.9943386e-08
ISIC_0033039,1,0.0010372131,0.9989318,1.6068322e-09,6.860173e-08,1.1129046e-05,1.8477356e-05,1.2162986e-06
ISIC_0033892,1,0.0018530077,0.9960006,0.001700114,1.2340585e-05,0.0001104283,2.2062797e-05,0.0003013918
ISIC_0032571,1,0.00010083316,0.99987054,8.652831e-08,1.722889e-08,1.5545047e-05,1.09474295e-05,2.0703337e-06
ISIC_0033101,1,0.003963221,0.9960061,4.6565915e-06,1.1077292e-05,9.730435e-06,3.244197e-06,2.0421576e-06
ISIC_0034081,1,2.3674286e-06,0.9999976,1.1723325e-09,1.8140028e-09,5.3405262e-09,5.8530603e-09,4.354099e-09
ISIC_0034312,1,0.00096654,0.99873465,0.00018576984,7.545803e-06,6.573753e-05,3.8088474e-05,1.7618149e-06
ISIC_0033841,1,0.00050637184,0.99947983,6.050647e-08,2.8382044e-07,8.302046e-06,2.345792e-08,5.1686998e-06
ISIC_0034266,1,0.0008311141,0.9991621,2.0494948e-11,1.209671e-08,7.871309e-10,1.7970349e-09,6.815834e-06
ISIC_0034130,1,7.4431475e-05,0.9999206,2.2762592e-11,2.3814306e-11,4.9644336e-06,1.0418013e-08,7.194217e-10
ISIC_0033809,1,0.0020730116,0.9967618,4.203749e-08,3.606661e-08,4.7605704e-06,0.0011258189,3.4460667e-05
ISIC_0032814,1,1.1030573e-05,0.99998856,3.6968706e-13,3.774546e-10,4.014481e-07,1.798553e-08,1.9071176e-09
ISIC_0033330,1,1.825661e-05,0.9999807,3.5961963e-07,1.2793458e-08,2.8781946e-07,1.7949029e-08,3.707006e-07
ISIC_0033515,1,0.0031168028,0.99628323,8.15359e-08,5.129022e-09,0.00059966405,7.256036e-08,1.7278315e-07
ISIC_0034040,4,0.025447324,0.6030782,1.6040975e-07,6.885253e-07,0.37147287,7.385847e-07,3.887125e-08
ISIC_0029355,1,4.6100846e-05,0.9998369,7.599618e-08,5.1188267e-09,9.017078e-06,9.790649e-05,1.0013831e-05
ISIC_0031209,1,4.7735797e-05,0.9999448,2.0862679e-07,2.1877182e-09,1.0722444e-07,7.0635747e-06,1.6515025e-07
ISIC_0024437,1,1.485897e-06,0.9878368,1.1961278e-07,4.8872173e-09,0.0121613,1.7823409e-07,1.2996777e-07
ISIC_0031105,1,1.2526119e-08,0.9999962,7.838825e-09,5.975703e-13,2.5507494e-09,1.5710188e-07,3.6448207e-06
ISIC_0027345,1,0.00016779528,0.99744296,1.3155739e-06,1.1047468e-08,6.4712935e-05,2.8523328e-07,0.0023229213
ISIC_0031148,1,6.9891116e-06,0.99984324,1.5187774e-07,5.5778255e-08,0.0001389725,7.419748e-06,3.2031187e-06
ISIC_0028008,1,2.927542e-06,0.999997,4.4396855e-09,5.7888982e-08,2.3035551e-09,2.6474861e-08,3.166747e-08
ISIC_0026440,1,0.0008414512,0.9869653,0.0058399485,1.2823429e-06,0.006333515,6.868421e-06,1.1645978e-05
ISIC_0029038,1,0.98156446,0.018434951,8.300835e-08,9.614428e-10,5.232224e-07,1.9100645e-08,3.3855134e-08
ISIC_0031222,1,2.1088572e-05,0.99997866,6.055628e-09,3.1670038e-11,2.3311641e-07,5.5715703e-09,2.5322809e-08
ISIC_0032273,1,0.0004499227,0.9995498,3.2556853e-11,2.2026232e-09,7.83675e-08,6.1805125e-08,8.876449e-10
ISIC_0027924,1,0.0033128213,0.99668115,1.0987266e-09,3.480052e-08,5.521674e-06,5.2360855e-07,3.4194144e-08
ISIC_0031547,1,6.789837e-05,0.9999317,3.3066382e-07,9.2383995e-10,2.9853805e-08,2.3690202e-08,3.081438e-09
ISIC_0032221,1,3.199759e-05,0.9998186,0.00012755986,1.5220886e-08,2.0127905e-05,1.5712753e-06,1.5556917e-07
ISIC_0031649,1,0.0017072898,0.9788609,2.3434657e-07,0.01931094,2.9735196e-05,9.032053e-05,5.6944936e-07
ISIC_0032173,3,3.8307869e-07,5.4462926e-05,0.030557288,0.96894205,0.00043639392,6.333077e-07,8.8487195e-06
ISIC_0033456,3,2.20959e-07,7.431711e-08,8.65162e-07,0.9999733,2.433078e-06,2.0728512e-05,2.2861886e-06
ISIC_0030408,3,1.1140482e-06,1.4965394e-07,1.8100176e-08,0.99985576,2.6645428e-06,0.00014019318,1.2396883e-07
ISIC_0030297,3,0.0010504066,0.00588415,3.9936958e-07,0.9689678,0.024093369,3.7557556e-06,1.04882794e-07
ISIC_0026411,3,9.386427e-05,0.0010938655,0.001981049,0.9966354,0.00018514384,4.4030176e-06,6.371677e-06
ISIC_0029634,3,0.01207643,0.0013926568,1.420778e-07,0.98559976,7.1454335e-05,0.00085925905,3.098273e-07
ISIC_0030803,3,0.023360834,0.002077405,0.01568986,0.9587434,0.00010570706,3.9287033e-06,1.887064e-05
ISIC_0025831,3,0.97250813,0.017446682,0.0017655215,0.0012200577,0.0069697727,1.817585e-07,8.979624e-05
ISIC_0027719,3,1.7493694e-06,0.8293968,0.0014614823,0.16440748,9.466003e-05,0.0045810933,5.664215e-05
ISIC_0025069,3,0.00016610764,2.4425639e-05,0.0004669377,0.99934083,2.8667873e-07,1.3429362e-06,7.6342346e-08
ISIC_0028816,3,0.002443697,0.011344852,0.9272049,0.058986053,1.1480617e-05,7.676991e-06,1.437586e-06
ISIC_0028232,3,0.6548504,0.0034332,0.010715258,0.32999822,0.0009827539,1.7854521e-06,1.833099e-05
ISIC_0030191,3,0.8511713,0.14600544,4.068482e-06,0.0027425748,6.987815e-05,6.5029913e-06,2.415643e-07
ISIC_0025331,3,5.4755924e-09,1.2716784e-07,2.5635786e-06,0.99999714,1.3321343e-07,2.3117278e-10,5.890641e-10
ISIC_0027577,3,3.5494074e-07,0.00018689291,0.0014307606,0.9612702,0.03689978,0.00019644779,1.5587062e-05
ISIC_0032349,3,0.0005339213,8.2347615e-05,0.0020657796,0.97608256,0.021215368,1.022147e-05,9.677612e-06
ISIC_0027708,3,4.098103e-05,2.5228146e-06,0.001263236,0.99849856,0.00018935435,2.5350602e-09,5.389894e-06
ISIC_0029541,3,0.12363108,0.026056938,1.6767517e-05,0.845723,0.0045542344,4.031737e-06,1.3972839e-05
ISIC_0030827,3,0.0006114483,0.032187488,0.0011066009,0.7641272,0.20180768,6.700729e-05,9.251213e-05
ISIC_0026729,3,1.3452232e-07,7.9075676e-07,1.6739577e-07,0.9999918,1.4799177e-07,6.666779e-06,3.0637216e-07
ISIC_0028372,3,2.0716092e-07,0.00935157,2.5018852e-07,0.98750985,0.0031366765,1.1123462e-06,3.3070523e-07
ISIC_0027506,3,3.0730862e-07,1.952108e-05,1.5594591e-06,0.99941695,0.00025198283,0.00030865107,9.362543e-07
ISIC_0026625,3,0.0010285601,5.3757383e-05,0.0012009586,0.97331196,0.024404163,3.5362685e-08,5.4334026e-07
ISIC_0028854,3,8.542249e-05,1.7230552e-05,2.7305092e-07,0.9998872,9.5344085e-06,2.9737527e-07,3.549406e-08
ISIC_0027650,3,0.0007457112,0.0038488067,2.9473093e-05,0.98923105,0.006139894,1.2249247e-08,5.0552035e-06
ISIC_0030341,3,9.674807e-07,3.722323e-05,0.2173606,0.782575,1.4219397e-05,1.17132895e-05,1.9584832e-07
ISIC_0025808,3,1.8598175e-06,2.2177534e-05,2.8653754e-05,0.9997596,0.00018687159,1.504686e-08,7.7882504e-07
ISIC_0024771,3,0.0018354522,4.445091e-05,0.395146,0.6029542,4.9453644e-07,1.2291362e-06,1.8147666e-05
ISIC_0029371,3,3.1883956e-06,5.0763516e-05,0.9999368,6.121361e-06,2.72164e-06,3.7767094e-08,2.94546e-07
ISIC_0031659,3,3.7022392e-07,0.010168511,0.03496438,0.9538068,0.0010572147,1.7179879e-07,2.576612e-06
ISIC_0024946,3,0.0021977606,6.3540174e-05,0.9502239,0.0451168,0.0023579013,3.7230146e-07,3.969411e-05
ISIC_0028872,3,2.9293312e-06,0.0051565673,0.0002611989,0.9945727,6.5580402e-06,2.4654057e-08,3.4478877e-08
ISIC_0031292,3,5.0669485e-08,4.059435e-08,1.3982658e-06,0.9996617,0.00033670213,3.384634e-10,1.4549755e-07
ISIC_0026083,3,0.00020585503,0.9583005,0.00050871685,0.037936144,0.0030061232,4.0942967e-05,1.7757087e-06
ISIC_0025637,3,7.2850676e-06,0.00013177378,4.609282e-07,0.99981827,4.145785e-05,7.727933e-07,5.8708736e-08
ISIC_0033494,3,8.981204e-09,1.4813541e-07,1.1821056e-07,0.9994734,7.311999e-06,0.00051899435,3.5969006e-08
ISIC_0032371,3,4.346346e-09,1.11540235e-08,1.1820337e-05,0.99998736,7.4927436e-07,1.1549426e-09,4.835735e-08
ISIC_0033413,3,2.1550965e-08,2.0886729e-07,4.0075984e-06,0.9846976,1.435554e-05,0.01528374,1.539333e-07
ISIC_0029840,3,2.757135e-12,7.943269e-11,3.2351035e-11,1.0,1.5598338e-09,3.4466757e-10,5.206842e-10
ISIC_0032154,3,0.008713311,0.9828897,0.00081160036,0.00040291323,0.0068462305,1.30877215e-05,0.00032305685
ISIC_0026549,3,0.26286763,0.5732767,0.15700947,0.005886743,0.00077420915,5.967971e-05,0.00012555328
ISIC_0029573,3,3.5186108e-07,5.646725e-06,4.7672195e-08,0.9999082,8.521899e-05,2.5426203e-07,1.6755189e-07
ISIC_0025350,3,1.679905e-09,7.248972e-08,0.0018201693,0.9981536,2.5987336e-05,5.532709e-09,2.6054348e-08
ISIC_0029598,3,0.0016353878,3.9019204e-05,0.15303889,0.8422588,0.0029135984,6.445811e-05,4.9785245e-05
ISIC_0029002,3,0.030671239,8.1393024e-05,0.17297314,0.7958722,6.03106e-05,8.025841e-05,0.0002614529
ISIC_0030730,3,0.00020897083,0.00019459266,0.0020481243,0.7033593,0.2941447,1.1767132e-07,4.4242897e-05
ISIC_0025247,3,0.00071414385,1.7247317e-05,0.0017392341,0.9954295,0.0020919868,3.9639534e-07,7.452944e-06
ISIC_0029043,3,6.6504496e-10,2.3883229e-09,4.0350443e-08,1.0,6.7177286e-09,2.9672588e-08,8.1482036e-11
ISIC_0026132,3,0.00022190806,0.04413595,0.9480393,0.005597578,0.001890301,9.2132706e-07,0.000113989496
ISIC_0028335,3,0.00039828083,0.0017120162,1.8254816e-05,0.45711884,0.5407414,1.6355532e-06,9.498242e-06
ISIC_0027580,3,1.30397675e-05,0.0012999969,0.99722135,0.00013460348,0.001282929,4.279312e-05,5.2632595e-06
ISIC_0024468,3,6.35959e-05,1.5425717e-06,0.015854763,0.98407817,5.9050618e-09,9.014613e-08,1.8422417e-06
ISIC_0031823,3,1.4387695e-05,3.145609e-06,0.0024774931,0.9974324,1.052726e-06,2.3857854e-07,7.133352e-05
ISIC_0028063,3,0.00089856255,0.00053833734,2.8397962e-10,0.99853814,1.3175077e-07,2.330016e-05,1.5945258e-06
ISIC_0027802,3,9.126482e-09,4.6880552e-07,1.081577e-11,0.9999994,3.7560582e-10,1.2811788e-07,5.2699716e-11
ISIC_0031927,3,3.367917e-06,2.2736078e-05,1.663844e-06,0.9997495,0.00022269195,2.4525775e-08,3.0154045e-08
ISIC_0027550,3,0.055180777,0.48215374,0.11790018,0.31962755,0.020795824,2.1478278e-05,0.0043205293
ISIC_0030344,3,0.9876994,0.0010964347,0.010715783,0.00026596105,0.00022013143,8.0471324e-07,1.4553061e-06
ISIC_0026171,3,2.4186246e-08,1.7213222e-07,1.3401247e-07,7.63215e-05,0.99992335,8.495323e-09,8.449832e-09
ISIC_0032135,3,1.4713912e-09,2.1312271e-08,5.8480953e-09,0.9999901,9.847472e-06,2.6429268e-08,2.6539665e-10
ISIC_0032206,3,0.0025421535,0.0024103713,0.009793606,0.98444957,0.00043539505,0.00028205581,8.692385e-05
ISIC_0030036,3,3.13768e-05,0.00018577563,5.3695658e-06,0.9997751,1.2179711e-06,8.6704455e-07,2.5970363e-07
ISIC_0024654,3,8.661567e-05,0.00011907724,0.00079962716,0.004243737,0.99437946,4.9096932e-05,0.00032231753
ISIC_0031108,3,4.7111538e-08,4.425355e-05,8.2761624e-05,0.9998652,1.1274773e-07,7.6112415e-06,4.9899032e-08
ISIC_0030655,3,0.02809999,0.05590401,3.4224344e-05,0.1969313,0.71899194,8.826995e-06,2.9736411e-05
ISIC_0029141,3,5.680308e-07,7.180161e-06,0.0018055555,0.7646644,0.23350924,7.5838198e-06,5.4504308e-06
ISIC_0033705,3,0.00010564818,2.0699264e-05,1.9352289e-09,0.9998735,5.9083373e-08,1.5955173e-09,4.844577e-10
ISIC_0031430,3,0.0011916243,0.026284691,2.7238506e-05,0.00044548916,0.05092791,0.8142875,0.106835574
