image_id,label,prob_MEL,prob_NV,prob_BCC,prob_AKIEC,prob_BKL,prob_DF,prob_VASC
ISIC_0029396,4,0.0013069287,0.014944989,0.2621374,4.612731e-05,0.7211347,7.0683524e-07,0.00042912597
ISIC_0025984,4,8.480808e-05,0.23731194,0.75825626,0.00016724414,0.0041619386,9.545874e-07,1.6816384e-05
ISIC_0025767,4,0.008239262,0.163308,0.0048653875,0.0076078074,0.78169817,0.00019534618,0.034085993
ISIC_0032417,4,5.2801374e-07,8.485646e-06,1.3830848e-07,2.4992858e-06,0.9995023,0.00031897106,0.00016716162
ISIC_0025915,4,0.023868011,0.97113806,0.0013301317,0.00017193593,0.0021127244,1.7963209e-06,0.0013772667
ISIC_0031029,4,0.05254372,0.8270516,0.0040125097,0.00028389812,0.11603148,5.346054e-06,7.145557e-05
ISIC_0029836,4,1.122023e-05,0.01004568,0.0008121551,0.0017937727,0.9872443,9.63302e-07,9.195794e-05
ISIC_0032129,4,1.6999448e-07,0.00013706437,3.5115474e-05,2.4492479e-06,0.9996965,1.1208994e-06,0.00012763699
ISIC_0032128,4,7.168135e-07,0.0054450813,9.839835e-05,0.00010026457,0.9943348,1.1240103e-06,1.9669858e-05
ISIC_0025937,4,2.7754375e-05,0.009762378,0.6095866,5.1120645e-07,0.380568,4.1930935e-08,5.4792537e-05
ISIC_0027828,4,0.17210805,0.21544677,6.0100596e-09,0.00039166395,0.6026798,2.838663e-06,0.009370887
ISIC_0029291,4,0.88527673,0.1138324,1.4664648e-05,5.185425e-06,0.0008380172,2.6479167e-05,6.5424006e-06
ISIC_0027815,4,9.02674e-05,0.2678071,1.6274114e-05,6.038318e-06,0.7320682,2.315758e-08,1.2203055e-05
ISIC_0024324,4,0.00026928054,0.88935924,8.4261984e-08,2.130241e-08,0.11036417,1.03865805e-08,7.219404e-06
ISIC_0029559,4,0.0013562889,0.977047,0.005652234,3.262902e-07,0.015899243,4.1904427e-06,4.070491e-05
ISIC_0029413,4,0.79398555,0.006271647,3.4374472e-07,1.8813234e-05,0.19972353,1.25976145e-08,8.989438e-08
ISIC_0029576,4,0.8455738,0.071290225,0.0026429298,0.00043499513,0.07988364,3.8841543e-07,0.0001740505
ISIC_0029289,4,4.097786e-05,0.9992138,3.3137742e-06,1.2717359e-05,6.911299e-05,6.3070297e-07,0.00065938797
ISIC_0029912,4,0.8229628,0.16757303,6.633243e-09,9.502521e-08,0.004419932,1.0270908e-06,0.005043023
ISIC_0031624,4,6.3706866e-06,0.0010944405,1.048235e-09,1.8306662e-06,0.9988953,4.5887777e-08,1.9082156e-06
ISIC_0025510,4,4.243652e-08,0.00069567055,4.5590798e-07,3.7608536e-10,0.99930334,1.0399758e-07,4.071604e-07
ISIC_0032306,4,1.4374557e-07,2.035638e-07,8.029922e-08,7.5407094e-08,0.9999994,5.2702912e-08,6.217141e-11
ISIC_0027957,4,0.08446845,0.91533464,0.0001774546,9.462235e-06,9.183235e-06,5.0245046e-07,2.6882054e-07
ISIC_0031212,4,0.0049904906,0.99466646,0.00033654197,1.1442207e-06,3.3088672e-06,1.7720499e-06,2.1830068e-07
ISIC_0032534,4,8.294554e-07,0.00017982296,0.99981433,4.6670684e-10,5.023803e-06,1.0722445e-09,1.7458264e-10
ISIC_0033785,4,0.004846603,0.03594458,0.92413956,7.6923317e-07,0.03349892,0.0015673848,2.2196455e-06
ISIC_0033184,4,1.9801886e-05,0.00033466364,0.9996449,4.1286613e-11,7.085298e-07,3.5797689e-12,4.239496e-11
ISIC_0033041,4,1.4934734e-05,0.99690944,5.615125e-08,8.817016e-06,0.0030647228,2.0618827e-06,4.9299803e-08
ISIC_0033900,4,8.556447e-05,0.9996635,6.536143e-07,2.674836e-05,0.00015652995,6.702506e-05,6.548981e-08
ISIC_0033361,4,0.0012055169,0.9928746,7.242767e-11,0.00020331857,0.0057162913,1.6207039e-07,9.450634e-08
ISIC_0032732,4,3.5152883e-05,0.9997732,4.68148e-10,5.8147002e-08,0.00019149373,3.2435783e-09,1.03613374e-07
ISIC_0032778,4,0.00012915937,0.9989967,1.8969638e-07,1.6227025e-06,0.00086569675,1.7458236e-06,4.864355e-06
ISIC_0033466,4,0.00028125467,0.9994999,4.1160183e-07,1.4261396e-06,0.00020475769,5.415693e-06,6.9146126e-06
ISIC_0033482,4,0.049603216,0.0018069142,6.3816915e-05,2.7511874e-06,0.94851094,4.8407e-07,1.17887985e-05
ISIC_0033201,4,2.5123838e-05,0.0014541434,1.792787e-05,4.000468e-05,0.9984623,2.0484269e-07,2.8405708e-07
ISIC_0032842,4,0.98292667,0.016873661,2.033686e-06,2.3690633e-05,0.00017342482,1.920836e-07,3.601911e-07
ISIC_0032618,4,0.86388254,0.1228193,4.3559958e-05,0.0010483097,0.012158705,1.3336293e-05,3.433077e-05
ISIC_0032513,4,0.66248804,0.3353411,0.00023518258,0.00016308995,0.0017710146,4.823077e-07,1.0723369e-06
ISIC_0032877,4,0.019314138,0.00059452857,4.4710228e-07,8.9832923e-07,0.98009,2.607033e-10,7.3130074e-08
ISIC_0034175,4,3.7357295e-05,0.0020761855,1.2644923e-06,0.00068855326,0.99719656,8.037525e-09,8.1782055e-08
ISIC_0033523,4,0.0030916517,0.0016188369,8.0672584e-07,6.3277503e-06,0.9952781,4.1541437e-10,4.1551903e-06
ISIC_0033280,4,0.0037910787,0.4363608,0.04839936,0.00022505826,0.005575603,0.00015156876,0.5054965
ISIC_0033212,4,4.220174e-07,0.14945231,0.0022225631,0.00032441752,0.75871265,3.371509e-05,0.08925385
ISIC_0033770,4,2.8324978e-06,0.19132726,9.52405e-07,3.5990567e-07,0.8085965,5.333353e-06,6.683851e-05
ISIC_0032688,4,5.937859e-05,2.0503205e-05,8.724396e-06,0.26834905,0.73125577,0.0003066231,3.106691e-08
ISIC_0033252,4,0.0007264051,0.0002818448,6.599923e-05,0.0004417006,0.93884206,0.05724216,0.002399924
ISIC_0032570,4,0.0001037085,0.00016507444,0.00042533135,0.0006614429,0.9388371,0.059795246,1.1997782e-05
ISIC_0033606,4,0.14033493,0.32581633,0.019393435,4.202684e-05,0.51440686,3.6119782e-06,2.7432948e-06
ISIC_0034103,4,0.9154771,0.07477448,0.006616134,2.7288092e-06,0.0031047177,1.8089273e-05,6.7248043e-06
ISIC_0032883,4,0.9994942,0.00014925633,3.5031908e-09,4.1774206e-09,0.00035644908,3.1691685e-10,3.7322316e-08
ISIC_0034070,4,0.00028745795,0.97535706,0.0018072969,0.0023765261,0.020171596,1.0993729e-08,9.0761525e-08
ISIC_0033709,4,0.00010051412,0.39113057,4.2152915e-06,6.8112276e-06,0.6087578,6.168905e-09,6.48519e-08
ISIC_0033587,4,0.21333441,0.0066325036,2.6287975e-10,6.0149477e-09,0.78003305,4.1685727e-08,3.0970568e-09
ISIC_0032675,4,0.29327404,0.33518204,7.62081e-09,3.5856706e-06,0.37153763,7.0235853e-07,1.9297215e-06
ISIC_0033581,4,0.0004812002,0.0005261124,4.470554e-06,0.00011806148,0.99884546,2.0395215e-05,4.3695104e-06
ISIC_0033913,4,0.0004089026,0.0005142614,4.6598998e-07,0.0006156215,0.99840754,2.1427883e-05,3.1804713e-05
ISIC_0028792,4,7.4103205e-08,2.5621647e-08,1.7407972e-07,6.337501e-08,0.99999964,7.041637e-12,7.673095e-10
ISIC_0033397,4,0.0023136847,0.34631705,9.785168e-06,5.5311666e-10,0.65116584,0.00019098986,2.6439352e-06
ISIC_0033414,4,7.981292e-05,0.995826,2.4740604e-08,4.3163485e-08,0.004094191,4.3013745e-08,1.4230034e-08
ISIC_0034113,4,2.7418093e-05,0.0015623962,5.527325e-09,3.4584065e-11,0.99840987,2.1967003e-07,5.9454614e-08
ISIC_0034259,4,3.094308e-06,0.00025088148,1.384612e-07,2.5257039e-09,0.9996904,5.626935e-06,4.997286e-05
ISIC_0033446,4,1.4389747e-06,0.01856039,1.7577324e-05,3.0468367e-05,0.98133963,1.1179098e-06,4.9468723e-05
ISIC_0033200,4,4.189655e-08,4.7042818e-07,2.5218705e-07,3.1397638e-11,0.9999938,1.9132458e-06,3.559633e-06
ISIC_0033629,4,3.423175e-05,0.1810303,2.714215e-06,3.270955e-05,0.8188998,7.365424e-08,1.3849449e-07
ISIC_0034037,4,1.6724944e-05,0.0059540756,5.612799e-09,3.5247418e-09,0.99402916,5.818229e-08,3.1590655e-08
ISIC_0032876,4,0.00021238577,0.16168225,4.9519253e-06,7.113499e-06,0.8380901,1.793561e-06,1.3378176e-06
ISIC_0030124,4,0.00011669897,0.9862868,6.0762636e-06,9.057717e-06,0.0040255026,5.201e-07,0.009555354
ISIC_0030705,4,3.962705e-08,1.1790879e-06,1.5955237e-11,1.6585239e-09,0.9999988,1.3497496e-09,4.261839e-10
ISIC_0031345,4,0.00026711755,0.0006088679,1.5831699e-06,0.007170148,0.98819846,0.0037471757,6.6513358e-06
ISIC_0028701,4,0.00016359407,0.21174636,1.9789723e-05,0.010628503,0.7774318,2.5851937e-06,7.4019554e-06
ISIC_0025777,4,0.0013694278,0.82955426,6.491379e-07,0.0011367371,0.1674538,1.573135e-06,0.00048348468
ISIC_0027042,4,0.004839172,5.496168e-06,6.0357803e-09,2.1076005e-06,0.99515307,4.95664e-08,2.2581397e-09
ISIC_0030721,4,1.6688087e-05,0.0013296952,0.01685668,3.2970237e-07,0.981784,2.3722443e-07,1.2278696e-05
ISIC_0032168,4,0.0058529098,0.33026287,1.2618308e-07,9.804593e-07,0.66359997,0.00028187738,1.2550603e-06
ISIC_0025337,4,0.00030587026,0.005653091,9.130227e-07,0.00033740568,0.9936824,2.036823e-05,1.2371694e-08
ISIC_0027649,4,0.014943838,0.4464828,1.0495282e-06,0.0116753075,0.5268123,2.2264892e-05,6.240527e-05
ISIC_0030095,4,0.042289827,0.9233325,1.46682105e-05,6.6127446e-05,0.034276098,2.0444284e-05,3.0096436e-07
ISIC_0031394,4,0.11126426,0.13675757,2.302109e-06,0.00044208695,0.75153244,3.145657e-07,9.917815e-07
ISIC_0024412,4,2.9482994e-06,0.03273555,0.003382237,0.55042815,0.4040055,0.0009289051,0.008516739
ISIC_0024883,4,0.003249263,0.9842802,0.011980488,0.00019166211,0.00029790966,7.535334e-08,3.923909e-07
ISIC_0027367,4,0.7828337,0.21459822,1.0939123e-06,0.00038033308,0.0021491707,3.0807405e-05,6.681409e-06
ISIC_0032156,4,1.3349307e-05,1.9440195e-05,8.525466e-09,1.33405695e-08,0.9999672,1.7849136e-08,2.4287578e-08
ISIC_0025703,4,0.011737248,0.017933374,3.3406013e-05,3.669013e-07,0.96981704,0.0003969641,8.161819e-05
ISIC_0032481,4,0.0015483447,0.003712758,0.00015447997,0.021013625,0.29654637,0.6769804,4.4046195e-05
ISIC_0029519,4,0.00078944006,0.033842918,0.00015501908,9.29887e-05,0.9651129,6.5445165e-06,2.3382627e-07
ISIC_0028511,4,0.0073959674,0.5704482,0.027778914,0.00023008397,0.39379317,5.3529166e-06,0.00034826613
ISIC_0026714,4,4.9750986e-05,0.9793137,1.3402521e-05,0.0020736381,0.018545467,5.0991567e-08,4.118203e-06
ISIC_0028473,4,2.8839617e-05,0.99980134,1.9016177e-05,4.985649e-07,0.0001426665,1.0156808e-09,7.706191e-06
ISIC_0025529,4,0.00048656308,0.0038096416,0.00087242783,0.26066363,0.73332584,3.3760014e-06,0.00083856395
ISIC_0025075,4,0.008932976,0.2983169,8.089191e-06,0.00026857672,0.6896198,0.0027737103,7.997783e-05
ISIC_0027969,4,7.8920675e-05,0.8008121,1.5256918e-08,3.0619724e-06,0.19895975,7.8371166e-08,0.00014597933
ISIC_0031770,4,4.152971e-06,0.763296,0.0072577596,0.00872534,0.2206667,1.7137133e-06,4.83158e-05
ISIC_0029557,4,7.179115e-06,0.34940603,2.2878562e-07,0.0007017565,0.6497483,1.2371161e-06,0.00013527574
ISIC_0032123,4,0.00017096118,0.6619842,2.3762675e-06,0.0006548048,0.33641228,2.8080201e-05,0.00074726954
ISIC_0031819,4,0.0001898923,3.8416132e-05,0.0010922921,0.004244959,0.20529689,8.120865e-06,0.7891295
ISIC_0027706,4,0.021422952,0.33455238,8.8354716e-07,1.0719574e-05,0.64400923,3.4409495e-06,3.452077e-07
ISIC_0027801,4,4.4160433e-07,6.653696e-05,1.3247991e-05,4.0101957e-05,0.99987125,8.22021e-06,1.15108435e-07
ISIC_0029991,4,3.8609318e-07,7.2167e-05,0.004843578,0.988393,0.0063446676,0.00034605607,8.454289e-08
ISIC_0028100,4,9.648559e-06,0.013794515,0.29398063,0.0021404112,0.6818948,0.008154843,2.5145719e-05
ISIC_0031449,4,1.0304849e-05,0.0023345486,9.114921e-06,0.9893443,0.008294053,9.902923e-08,7.59608e-06
ISIC_0026842,4,6.62039e-06,0.015950091,3.8765338e-05,0.822943,0.16087013,3.8594635e-08,0.00019147083
ISIC_0025746,4,1.22368765e-05,0.42368567,7.856137e-06,0.00091031945,0.57538134,1.4302455e-07,2.4882238e-06
ISIC_0029791,4,0.00055707863,0.001550316,4.030516e-07,7.3483767e-07,0.99788886,7.7577914e-07,1.801834e-06
ISIC_0024758,4,2.3416413e-05,0.016845958,0.06953984,0.00024250739,0.9132555,2.6797436e-06,9.013133e-05
ISIC_0024760,4,8.574786e-07,0.012016555,0.0006661192,0.9256193,0.061086982,1.779238e-06,0.000608359
ISIC_0027006,4,1.5702623e-08,6.8658424e-06,8.1574486e-10,2.991704e-07,0.99999285,1.7401901e-10,1.2201593e-10
ISIC_0029596,4,3.1509384e-08,2.890984e-06,1.4149364e-07,1.5667903e-06,0.99999547,4.0883597e-10,2.1771757e-10
ISIC_0025351,4,0.009796744,0.036156435,0.0010074987,0.56261253,0.3903428,7.8600155e-05,5.333984e-06
ISIC_0031702,4,1.2342892e-05,0.005147752,0.84519964,0.012005413,0.13742684,2.3415387e-07,0.00020778537
ISIC_0029031,4,1.2122216e-07,6.244346e-06,0.12838571,0.00012152805,0.87148637,2.1908648e-09,1.597672e-10
ISIC_0025086,4,3.3942302e-05,0.0016598898,7.080348e-08,1.8898268e-06,0.9983041,2.621386e-08,5.439748e-09
ISIC_0026895,4,0.007658999,0.92646766,0.05694439,0.001642557,0.0072760102,2.5591348e-06,7.8965195e-06
ISIC_0027991,4,0.6774742,3.8075188e-05,1.5275305e-05,2.4632295e-06,0.32244718,7.618735e-08,2.269648e-05
ISIC_0031289,4,1.37977e-06,6.3611087e-06,3.72763e-07,1.2237754e-06,0.99998987,5.170702e-08,6.944863e-07
ISIC_0030172,4,2.4404587e-06,0.00057321397,7.525136e-09,4.3807668e-05,0.99938035,1.6530909e-07,3.9044302e-08
ISIC_0025064,4,0.008216996,0.32773662,0.65757096,0.0033495028,0.0030956322,2.0180947e-05,1.0071854e-05
ISIC_0027355,4,1.8107803e-05,5.4863383e-05,7.6234976e-08,0.0017643411,0.99816185,4.5886406e-10,7.9433136e-07
ISIC_0026787,4,0.08008515,0.6943685,0.0054838695,0.16675149,0.04725366,0.0058284737,0.00022887679
ISIC_0028043,4,2.745576e-09,1.5228297e-06,0.0044346023,8.497145e-06,0.99555534,2.8985112e-10,1.2164611e-07
ISIC_0028640,4,0.0014671296,0.05305892,0.00015680394,0.03014273,0.9151529,1.6733666e-05,4.778728e-06
ISIC_0027437,4,0.0008168295,0.017327186,0.0012102711,2.5852305e-05,0.980569,5.712934e-09,5.090376e-05
ISIC_0028201,4,3.2851614e-05,8.910636e-06,8.313736e-09,6.39728e-07,0.99995756,1.4298326e-10,4.1491903e-09
ISIC_0029260,4,0.3338775,0.0011563777,0.02891509,0.009803421,0.62624127,5.7966014e-09,6.3834027e-06
ISIC_0024997,4,0.00017139978,0.0075211427,1.2269325e-06,2.520774e-06,0.99230206,9.725765e-07,6.715614e-07
ISIC_0029126,4,1.0379166e-07,1.0500557e-06,0.9966363,0.003344854,1.7605973e-05,7.6110766e-08,6.8634125e-09
ISIC_0028702,4,2.9565351e-06,9.409362e-06,0.0652213,8.04449e-05,0.9346852,5.496863e-07,1.7977075e-07
ISIC_0026843,4,0.9907381,0.007876176,4.9619193e-05,0.0011995038,0.00012623977,1.1267301e-06,9.177498e-06
ISIC_0029841,4,0.005072342,0.99448687,0.0001680066,8.674738e-05,0.00018592451,1.334084e-08,6.7962645e-08
ISIC_0030965,4,0.980034,0.0078694485,5.829634e-09,0.011773206,0.00032315208,2.3563132e-07,2.5337934e-09
ISIC_0025699,4,0.11652152,0.8760079,1.2551416e-06,0.00010874399,0.007187382,9.0731896e-07,0.00017230997
ISIC_0029617,4,0.018718215,0.9811396,2.3037886e-08,7.975291e-07,4.6426347e-05,9.1509566e-05,3.4432876e-06
ISIC_0026947,4,0.00012777917,0.9994253,5.9048997e-08,1.7034088e-05,0.00042991072,2.4913827e-10,8.263146e-09
ISIC_0024839,4,5.926967e-05,0.93778294,7.421062e-05,0.0011231393,0.060959674,2.278903e-09,7.5995473e-07
ISIC_0030458,4,0.88309366,0.09331652,1.1189886e-08,7.412641e-06,0.023580423,4.420287e-08,1.97115e-06
ISIC_0026335,4,5.019755e-08,1.1421179e-05,3.8485285e-07,0.99992466,6.0100985e-05,3.562745e-08,3.3344616e-06
ISIC_0027916,4,0.008104592,0.9164082,0.0002977209,0.008634568,0.06654949,4.3973975e-07,4.973364e-06
ISIC_0031903,4,0.0009918072,3.3268196e-05,0.0002780718,0.0005715577,0.99812347,1.7841782e-06,5.4367334e-08
ISIC_0031459,4,0.0032376398,0.99226004,4.6104233e-06,0.0005396674,0.003943722,6.195476e-06,8.172985e-06
ISIC_0024420,4,5.3713953e-05,0.048839428,0.0012753814,0.595557,0.35423738,1.1616141e-06,3.5943795e-05
ISIC_0030801,4,0.009558196,0.98803306,1.245854e-05,7.2149116e-05,0.0023239201,7.617811e-11,2.0013142e-07
ISIC_0029101,4,1.458574e-05,0.00020267579,2.8140772e-05,0.21752734,0.7819201,0.00027975766,2.7461747e-05
ISIC_0027681,4,0.017868143,0.018962191,2.2685994e-07,9.711382e-07,0.9631684,1.4001109e-08,3.39019e-08
ISIC_0025040,4,0.001172408,0.9988066,1.7934788e-05,2.560722e-06,2.0600353e-07,1.193859e-07,1.0447819e-07
ISIC_0026704,4,4.21863e-09,1.3021488e-06,2.3987347e-08,4.550313e-05,0.99995315,1.6102563e-08,1.1906821e-09
ISIC_0026523,4,1.2230151e-07,5.679297e-05,8.121411e-07,0.020767767,0.97917444,3.4314553e-08,1.5162565e-08
ISIC_0026553,4,0.008681353,0.17979658,0.00027284218,6.529464e-06,0.81117606,1.0127208e-05,5.6492205e-05
ISIC_0032365,4,1.2590506e-06,0.9953056,1.2393102e-09,4.1963287e-07,0.0046890853,5.035618e-09,3.5341673e-06
ISIC_0025199,4,0.009380454,0.98275155,1.5376584e-09,0.00020815624,0.0076448857,2.2389972e-06,1.268471e-05
ISIC_0029849,4,0.0035921964,0.98009837,1.4932953e-05,2.696228e-06,0.016291715,1.3293312e-09,9.205243e-08
ISIC_0027504,4,8.190366e-06,0.009425958,8.119315e-06,5.8194094e-10,0.9905578,6.8747236e-10,1.9410744e-09
ISIC_0029406,4,3.717044e-05,1.5111009e-07,5.0954105e-07,6.6953994e-08,0.9999621,2.3081104e-09,6.296896e-09
ISIC_0031980,4,9.4778875e-07,5.7883014e-08,1.6380983e-07,2.4210167e-09,0.9999988,2.2173266e-10,1.9350814e-11
ISIC_0028414,4,0.00024283577,0.0028642097,2.7505143e-06,0.00015698616,0.99673116,1.3443113e-06,7.500437e-07
ISIC_0028451,4,2.6508496e-05,1.9038422e-05,1.9812163e-05,0.90035033,0.09958402,5.1126655e-08,2.7769985e-07
ISIC_0026744,4,0.00045933394,0.5195721,0.021627773,7.5667325e-05,0.4582445,1.9286768e-05,1.3786831e-06
ISIC_0028236,4,2.8218397e-05,0.8984893,0.0001724161,0.034376983,0.010813191,0.056080647,3.936027e-05
ISIC_0031496,4,0.0043223547,0.30832303,0.019616388,0.4324651,0.21883151,0.016414804,2.6759133e-05
ISIC_0027388,4,6.2176844e-07,5.6860856e-05,9.091526e-08,7.139489e-05,0.9998559,1.50533415e-05,1.7646364e-07
ISIC_0028931,4,0.0013517329,0.15609133,3.5729368e-08,0.01048888,0.8319978,5.322211e-05,1.6879025e-05
ISIC_0030605,4,0.000408615,0.13358839,2.767143e-06,2.8941226e-06,0.8659893,8.004101e-06,4.990576e-08
ISIC_0029029,4,7.044176e-06,0.0019455125,0.00029656454,0.16221961,0.8351987,0.00028175482,5.0767336e-05
ISIC_0025799,4,0.0059214677,0.93057525,1.5765902e-06,2.9214664e-06,0.06349159,8.703897e-08,7.1576032e-06
ISIC_0029627,4,0.00015311553,0.8789475,6.6760854e-06,9.107079e-06,0.12084959,5.63544e-10,3.4050132e-05
ISIC_0027435,4,0.0044806115,0.0005340004,9.0377005e-05,0.0020556033,0.9927592,3.868913e-08,8.01265e-05
ISIC_0028180,4,0.11262734,0.0706843,0.003651066,0.0010317635,0.81200016,1.6675529e-08,5.3682293e-06
ISIC_0024877,4,6.7133706e-06,2.6653583e-05,4.399032e-09,8.3962753e-10,0.9999666,4.837041e-10,5.121581e-09
ISIC_0030835,4,5.8780897e-06,0.001663715,1.5818717e-06,1.6602658e-05,0.9983071,1.3619685e-07,4.927471e-06
ISIC_0026016,4,3.5398607e-05,0.008314978,4.1088274e-06,2.0719042e-06,0.9916432,2.3962873e-08,3.118317e-07
ISIC_0029505,4,1.5098454e-06,4.5793112e-07,5.282752e-07,1.3021441e-08,0.99999726,2.221356e-11,2.437757e-07
ISIC_0025378,4,1.8747066e-07,8.12069e-08,1.1855824e-08,1.3716529e-08,0.99999964,1.7755646e-09,7.982581e-09
ISIC_0030394,4,9.042212e-07,7.798949e-05,2.361993e-08,8.738949e-09,0.9999211,5.6319427e-10,7.347404e-09
ISIC_0031277,4,0.0075487643,0.16882811,0.009271689,2.4838403e-07,0.8143221,1.3372651e-06,2.7813658e-05
ISIC_0027270,4,2.5209842e-05,0.012305335,2.9040724e-08,5.7827016e-08,0.98766917,1.7852294e-09,1.4995796e-07
ISIC_0031853,4,1.5212701e-05,5.5982337e-06,6.9878655e-07,9.199784e-08,0.9999782,1.0820391e-07,6.938042e-09
ISIC_0031329,4,7.982569e-06,8.793849e-08,1.7430802e-06,1.7411007e-07,0.99999,2.9894636e-08,5.2839308e-08
ISIC_0025753,4,0.0020988337,0.06846834,0.00011624878,0.32729644,0.6017757,2.9654057e-05,0.00021476207
ISIC_0031600,4,0.11918097,0.45956972,5.3282958e-05,0.15916193,0.26203302,7.3932607e-09,1.0698467e-06
ISIC_0028094,4,0.00097418367,5.074205e-05,1.9091917e-06,6.176314e-06,0.99896693,1.37036e-07,4.335539e-09
ISIC_0029455,4,0.00013482462,7.486839e-06,0.00010958761,0.0021038754,0.9976373,6.8176646e-06,7.0737016e-08
ISIC_0030123,4,0.00010200011,0.0007428101,7.147241e-07,1.4020743e-05,0.9991381,1.072398e-06,1.2995894e-06
ISIC_0031945,4,5.2623292e-08,1.2198342e-08,4.511782e-09,6.3082756e-10,1.0,5.6716116e-12,1.2098007e-09
ISIC_0029464,4,7.04618e-05,0.54034525,0.00994087,0.00049050315,0.44914794,7.856197e-07,4.2255347e-06
ISIC_0026530,4,8.414765e-08,3.220556e-06,6.3783184e-10,1.0175979e-08,0.99999666,3.7423127e-09,9.251825e-09
ISIC_0024915,4,1.1106596e-05,0.005354525,0.13107297,0.002393703,0.8611228,1.1905742e-05,3.300685e-05
ISIC_0024409,4,1.4115363e-06,1.6791377e-05,1.5013586e-07,5.2363146e-07,0.9999809,9.102241e-08,5.174177e-08
ISIC_0029555,4,0.00030210798,0.0068776184,1.8499244e-05,2.6113316e-08,0.99279225,6.2876495e-08,9.40854e-06
ISIC_0033460,4,0.4952097,0.0011312298,5.484399e-07,3.2352094e-05,0.5036182,5.150271e-06,2.8633146e-06
ISIC_0034315,4,2.5660695e-05,0.00062759797,2.1696103e-09,4.33733e-08,0.9993467,1.4547007e-08,4.0552077e-08
ISIC_0032967,4,9.0459173e-07,0.00014848135,7.212481e-09,3.407728e-07,0.99985015,5.464931e-08,1.6593413e-08
ISIC_0033305,4,8.7961096e-05,0.00012839548,3.6060396e-06,7.921663e-06,0.9997706,1.13977016e-07,1.3504258e-06
ISIC_0032315,4,0.0038519704,0.99503773,2.7099331e-06,9.029449e-10,0.0010758917,2.7309898e-06,2.9003235e-05
ISIC_0028411,4,0.00019415379,0.0072692754,2.1345514e-08,1.2987288e-09,0.99251306,5.130091e-07,2.3009557e-05
ISIC_0034197,4,0.0035588702,0.0059279464,3.6064032e-06,0.20562555,0.76485634,0.020018188,9.498617e-06
ISIC_0034057,4,6.749006e-05,7.1424815e-06,5.3277873e-08,0.003237295,0.9966875,4.9918106e-07,9.930709e-08
ISIC_0034165,4,0.9950653,0.004811059,1.6588465e-09,6.5814243e-06,0.00011355593,3.2533973e-07,3.3455422e-06
ISIC_0033185,4,0.9841361,0.015860893,2.6674039e-08,1.0986475e-08,1.9456738e-06,9.1772245e-07,9.520946e-08
ISIC_0033783,4,0.0013697105,0.00067014474,5.0203394e-06,8.742736e-06,0.99794406,7.2969845e-11,2.2415784e-06
ISIC_0033693,4,0.0017941217,0.08198542,0.10479906,3.6502826e-07,0.8114069,1.2660488e-05,1.4049098e-06
ISIC_0032740,4,3.136171e-07,1.4687831e-08,6.9958924e-07,1.9587727e-08,0.9999989,1.7318605e-09,2.911779e-12
ISIC_0034252,4,0.95873123,0.041268367,3.2118383e-08,1.7325601e-09,1.08059865e-07,2.2696732e-11,1.8004835e-07
ISIC_0033829,4,0.0028764727,0.9967932,1.0566803e-07,0.00014655711,0.00018355454,5.3370436e-10,8.761274e-08
ISIC_0027747,4,4.099217e-06,0.002984862,2.1664578e-11,7.5005424e-08,0.99701095,4.0197048e-10,2.1316856e-08
ISIC_0026205,4,1.2537699e-06,0.00088320987,4.4811173e-07,2.7870706e-07,0.99911433,6.132655e-08,4.4076825e-07
ISIC_0024337,4,9.456457e-11,2.8343766e-07,5.0357293e-13,3.7737785e-11,0.99999547,4.142585e-06,7.139099e-08
ISIC_0026566,4,1.2951165e-10,0.0018138253,9.754782e-11,1.3859164e-09,0.9981856,1.6493422e-09,5.9366386e-07
ISIC_0032124,4,5.0290627e-08,1.3157554e-05,7.060778e-11,2.4818412e-06,0.99998426,1.624373e-08,1.08746434e-07
ISIC_0029251,4,0.0013181729,0.97846025,2.9856089e-09,1.1775155e-09,0.008780779,6.667458e-08,0.01144063
ISIC_0026867,4,3.3904257e-06,0.0027624874,1.8700756e-08,8.60708e-07,0.9972332,8.059327e-09,8.206708e-09
ISIC_0032460,4,5.074542e-08,3.4152597e-06,3.477494e-05,7.158804e-08,0.99996126,4.9971857e-07,4.9346776e-09
ISIC_0027025,4,2.6712003e-06,0.00071509473,1.9115037e-06,7.350419e-05,0.9992053,5.615878e-07,1.0441992e-06
ISIC_0027041,4,5.585965e-05,0.8531913,3.9126104e-07,5.0993837e-08,0.14675216,9.433349e-08,8.276091e-08
ISIC_0030088,4,0.00047831828,0.1835632,5.2309737e-05,0.006688256,0.8089778,0.00020065112,3.9369163e-05
ISIC_0028525,4,0.802495,0.14500237,3.1763328e-08,0.0004614027,0.052040793,6.733473e-08,2.1705509e-07
ISIC_0031088,4,5.769052e-09,0.006239919,1.8038468e-09,1.6743026e-07,0.9937581,1.0296504e-07,1.7585548e-06
ISIC_0025330,4,3.3502438e-08,1.2695286e-06,1.4551308e-09,1.5277897e-07,0.9999975,2.0186509e-07,8.2513833e-07
ISIC_0026135,4,6.9320727e-06,0.0029574349,4.562458e-07,2.9270523e-05,0.9969823,3.6008419e-06,2.0062444e-05
ISIC_0029233,4,8.0133635e-05,0.006036763,4.6353573e-08,2.6982536e-07,0.99384993,2.9548687e-06,2.99119e-05
ISIC_0026967,4,2.1767542e-07,0.0005195844,1.310446e-07,1.7814851e-06,0.99947625,1.8744126e-06,1.0856501e-07
ISIC_0029227,4,2.9922283e-05,0.98312205,2.0045196e-07,5.290912e-10,0.016443843,0.00040100527,2.8631428e-06
ISIC_0025879,4,3.1648148e-10,1.2187714e-08,3.5446641e-12,1.8348782e-10,1.0,7.0876824e-12,3.9364883e-11
ISIC_0029676,4,3.1447923e-06,2.8688644e-05,7.2534504e-12,2.676924e-06,0.99996555,1.8452428e-09,3.95772e-10
ISIC_0029741,4,8.0038075e-07,3.752674e-08,1.3499901e-12,2.5784113e-11,0.99999917,4.2131787e-09,3.9277043e-10
ISIC_0028880,5,0.0012679462,0.048731383,0.0021600395,5.297601e-06,0.8521893,0.08131263,0.014333375
ISIC_0031309,5,8.4792795e-05,0.0033591434,1.4516813e-05,2.371003e-06,0.0115091875,0.9829002,0.0021298265
ISIC_0032410,5,0.01028993,0.0025606076,0.008994071,0.000119822726,0.66344345,0.28017396,0.03441826
ISIC_0030757,5,0.0003644328,0.000637208,0.00039312098,0.784081,0.010187145,0.20328902,0.0010481122
ISIC_0031358,5,0.002664962,2.2763605e-05,0.0033307688,0.009084677,0.017257126,0.9675515,8.80979e-05
ISIC_0031735,5,0.002581836,0.0002013767,0.03259558,0.001914156,0.92504525,0.037642907,1.8930807e-05
ISIC_0025154,5,0.0009403223,0.0525591,0.91833264,0.027168019,0.00065626233,0.00031366295,3.0042138e-05
ISIC_0029824,5,0.00086284516,0.0010479651,0.00023426497,0.0043000793,0.099717386,0.8938372,2.6581935e-07
ISIC_0025622,5,0.00093500566,0.0017266866,0.09139558,0.0030886955,0.8987944,0.004059444,1.7095796e-07
ISIC_0031443,5,5.2595944e-05,0.0042355238,0.21199855,0.0009069133,0.0089773685,0.7738237,5.4256434e-06
ISIC_0025223,5,3.4625896e-07,4.3408473e-08,6.968603e-07,0.0025465055,4.459198e-06,0.9974481,2.6758424e-09
ISIC_0030015,5,3.6121564e-05,5.6168563e-09,1.5073282e-05,2.1339035e-07,8.057216e-09,0.9999485,2.3579071e-08
ISIC_0031123,5,0.00040621156,0.005142822,0.0009147483,1.3827548e-05,5.4525644e-05,0.9934562,1.17216405e-05
ISIC_0024845,5,9.553962e-05,0.008859841,7.658867e-08,4.049163e-06,1.2530431e-07,0.9910306,9.903611e-06
ISIC_0032613,5,0.89342743,0.10600317,4.4873154e-08,2.4062211e-07,1.1754171e-05,0.0005573222,6.9929726e-08
ISIC_0033256,5,0.9880603,0.0029690298,1.2755446e-07,1.1450974e-07,3.9876704e-06,0.008961809,4.6637083e-06
ISIC_0034135,5,0.011564934,5.65322e-06,2.0447258e-07,4.1398063e-05,1.4044427e-06,0.9883535,3.2944405e-05
ISIC_0033626,5,0.0039447737,2.7288881e-06,9.614501e-10,0.00012813738,1.0241401e-05,0.9959138,2.9744416e-07
ISIC_0033780,5,2.0354262e-06,1.525103e-07,2.8693584e-11,9.151683e-05,4.4645212e-08,0.9999063,3.5226697e-09
ISIC_0024553,5,6.692542e-08,0.0031556243,0.0015986024,6.191406e-05,0.011035701,0.97287154,0.011276636
ISIC_0025594,5,5.8170746e-10,1.0682013e-08,3.2767775e-11,4.1421267e-06,3.2963985e-07,0.99999547,3.721401e-10
ISIC_0026471,5,0.010195319,0.003268939,7.428829e-07,0.00015629778,2.5442334e-05,0.9863447,8.662809e-06
ISIC_0027141,5,0.07387941,0.071036704,2.1519281e-05,2.9718138e-05,0.011797208,0.8432206,1.4851724e-05
ISIC_0025771,5,2.433215e-06,5.4508428e-06,2.7031585e-10,3.3305938e-08,4.722917e-07,0.99999154,4.9298624e-08
ISIC_0026120,0,1.0,2.3483058e-09,7.043288e-13,2.361164e-13,3.6060305e-16,1.2778034e-10,3.3296018e-14
ISIC_0028412,0,0.99999964,3.5165874e-07,6.851638e-11,1.5434069e-11,1.7386773e-12,1.8635284e-09,8.0765993e-13
ISIC_0030486,0,0.9996432,0.00014584919,8.838602e-07,6.521734e-05,0.0001448321,1.4656334e-08,5.578348e-08
ISIC_0029028,0,0.024571067,0.96679014,1.8914355e-08,1.6439512e-07,0.00863855,9.229763e-10,5.6515137e-08
ISIC_0027125,0,0.31788528,0.6803574,7.160368e-08,2.7297442e-06,0.001754325,6.905683e-08,1.2685733e-07
ISIC_0028069,0,0.010447466,0.98954636,5.7739925e-07,1.9027655e-06,3.9046063e-07,5.7383704e-07,2.7065862e-06
ISIC_0028579,0,0.36005682,0.63993067,3.4819323e-08,2.9268774e-09,1.2281512e-05,1.4053796e-08,1.7711504e-07
ISIC_0030281,0,0.009293893,0.9649607,0.014850616,0.0072701154,8.658372e-06,0.00071993435,0.002896006
ISIC_0024481,0,0.64222157,0.35680982,5.956237e-07,4.8042402e-05,8.945226e-07,0.0007887072,0.00013033523
ISIC_0031118,0,0.75040984,0.030398944,9.070468e-06,2.1224523e-06,0.21917936,4.2948443e-07,2.4807534e-07
ISIC_0030080,0,0.11182636,0.0128239645,5.8808593e-05,3.6437254e-06,0.8752852,2.0322418e-06,8.7280476e-08
ISIC_0027043,0,0.006554304,0.9934161,1.3935899e-09,4.7859355e-10,2.959253e-05,2.1668232e-10,1.0554545e-08
ISIC_0027174,0,0.81931,0.17722523,0.00022357168,0.00027680627,1.1080896e-06,0.0029617418,1.5210334e-06
ISIC_0026754,0,0.8644711,0.00010990805,5.4523993e-05,0.0003522468,0.13501148,6.747509e-07,6.9718e-08
ISIC_0027063,0,0.9994822,0.0005178181,4.149679e-09,1.0249849e-08,7.919004e-09,1.6451521e-10,2.3543356e-09
ISIC_0032331,0,0.9968714,0.0030359977,3.1081516e-05,5.0646668e-05,9.66356e-06,3.3275114e-08,1.2104907e-06
ISIC_0033186,0,0.49327615,0.5067231,3.7124597e-08,2.4751692e-08,5.0181916e-07,1.2632262e-08,2.061749e-07
ISIC_0030171,0,0.012767536,0.25175267,1.6214166e-07,6.299305e-08,0.7354791,5.209265e-08,3.7791793e-07
ISIC_0028291,0,0.51171815,0.39943266,7.1728056e-07,9.417322e-09,0.088798665,4.9312363e-05,5.170331e-07
ISIC_0024898,0,0.04435987,0.9556103,7.1907285e-12,1.0890573e-07,2.9724813e-05,1.2659626e-09,2.3878668e-08
ISIC_0029538,0,0.9931798,0.006819856,4.1263898e-10,1.1676257e-07,2.2586238e-07,2.6226392e-09,2.8793194e-08
ISIC_0026113,0,0.979419,0.020580165,2.9055815e-07,1.9253334e-09,4.5591312e-07,4.421513e-09,8.265064e-08
ISIC_0032265,0,0.79519475,0.20477542,6.193759e-06,1.0501754e-08,2.3423181e-05,1.2139334e-07,3.5081747e-08
ISIC_0032019,0,0.942459,0.057529498,8.668037e-06,6.7623336e-07,5.659892e-07,6.2227525e-09,1.6087515e-06
ISIC_0024792,0,0.10093287,0.89892393,4.032615e-09,8.522421e-09,0.00014306561,1.0978022e-08,1.7850324e-07
ISIC_0030898,0,0.98279816,0.007558752,7.405242e-06,6.216767e-06,0.009618727,1.2522156e-07,1.06275575e-05
ISIC_0027102,0,0.9975522,0.0024399275,7.984203e-08,1.3550213e-07,1.1392243e-07,3.2380292e-06,4.2962993e-06
ISIC_0028326,0,0.97054076,0.029450629,6.358014e-07,6.8987e-08,4.203098e-06,3.301525e-07,3.4436719e-06
ISIC_0027060,0,0.1255561,0.8744409,1.2520118e-07,2.0068862e-08,2.4281627e-07,3.2538454e-09,2.6106402e-06
ISIC_0030818,0,0.1467454,0.8532545,1.7078348e-08,1.03188405e-07,3.5689265e-10,2.1118518e-09,3.36231e-09
ISIC_0026360,0,0.9973385,0.0026615139,7.7139655e-09,1.1136042e-09,1.5590635e-08,9.91738e-10,3.3599484e-10
ISIC_0025996,0,0.99973804,0.00024539258,2.559376e-07,1.1275736e-09,1.0233659e-06,1.52139655e-05,5.888836e-09
ISIC_0031745,0,0.9483675,0.051621474,1.5702492e-06,5.4566254e-07,8.575433e-06,1.359588e-08,3.7065954e-07
ISIC_0031586,0,0.7982839,0.20171596,1.2694558e-10,3.3758887e-08,1.5269985e-07,8.988368e-12,2.5127221e-08
ISIC_0031517,0,0.69807136,0.00011654272,9.548194e-07,4.919022e-05,0.30129775,0.00045897177,5.2421597e-06
ISIC_0028022,0,0.0010442331,3.3242897e-05,9.7340735e-06,0.24162464,0.75718695,0.00010100423,1.6028034e-07
ISIC_0026247,0,5.5349916e-05,0.9998442,9.3358336e-05,1.1710455e-07,6.205578e-06,4.4396757e-09,7.810034e-07
ISIC_0028467,0,0.013361712,0.9866187,5.803129e-09,6.139611e-07,1.8708923e-05,8.0125304e-08,1.601604e-07
ISIC_0029884,0,0.9970157,0.0029831731,3.8356123e-09,8.8091423e-07,2.0610359e-07,2.4389404e-11,1.2468612e-10
ISIC_0028900,0,0.88505846,0.11470511,5.3953465e-07,3.859291e-05,0.00019717468,3.075598e-09,1.23993e-07
ISIC_0028087,0,0.009891171,0.990042,1.6606349e-06,9.254062e-07,6.3469175e-05,2.615049e-07,4.8531416e-07
ISIC_0026664,0,0.9103278,0.087905735,3.793131e-09,1.6149374e-06,0.0017648316,2.0005253e-09,3.1157395e-08
ISIC_0028415,0,0.048019864,0.33172363,0.00038076396,0.5968029,0.0022912703,0.020767912,1.3692301e-05
ISIC_0028041,0,0.44985056,0.13998117,0.0017907278,5.1289946e-05,0.00434638,0.40395704,2.288309e-05
ISIC_0025324,0,2.3252709e-05,0.99166673,1.4932553e-11,2.855019e-09,0.008310012,1.6522314e-10,1.1492304e-08
ISIC_0026996,0,0.019896481,0.9800497,3.1267361e-06,4.3729005e-06,1.930618e-05,4.3899007e-07,2.663506e-05
ISIC_0030681,0,0.99999845,1.2987747e-06,8.4469126e-11,2.4599869e-12,1.9002238e-08,2.2460867e-07,2.2837046e-10
ISIC_0027327,0,0.99999726,2.7595775e-06,1.2152386e-10,3.3058815e-14,4.4807735e-10,5.4033705e-10,8.8492484e-09
ISIC_0025589,0,0.99944884,0.00019364235,0.0001240239,9.717407e-06,6.393327e-08,0.00022352317,7.891212e-08
ISIC_0029562,0,0.0034445047,0.42718944,0.5659489,3.740865e-05,0.0024085098,0.00096427486,6.884346e-06
ISIC_0029453,0,0.005325039,0.9946226,2.7537715e-05,6.8847825e-08,1.6348702e-05,8.383644e-06,1.945338e-08
ISIC_0034071,0,0.19098638,0.80901307,3.8404098e-09,3.7431978e-09,5.0846364e-07,2.2234854e-09,3.4007485e-08
ISIC_0033573,0,0.98488903,0.014431703,5.1314743e-08,3.532004e-08,0.0006787889,2.9189975e-10,3.9816604e-07
ISIC_0030575,0,0.8846569,0.11523481,8.028548e-07,9.267485e-08,0.00010737065,1.4216079e-08,2.2860714e-08
ISIC_0033834,0,0.31026083,0.67983884,1.5524042e-06,0.009580235,3.1604133e-05,2.7007951e-08,0.00028694925
ISIC_0033678,0,0.035531282,0.9643466,3.2423037e-07,6.209401e-05,2.9369818e-05,1.8057438e-08,3.0407138e-05
ISIC_0034046,0,0.9995946,0.00040537975,4.3817592e-11,1.2828051e-11,6.118626e-11,3.3397516e-09,3.2107938e-11
ISIC_0032550,0,0.998109,0.0018910303,5.4263664e-12,2.7107713e-12,1.739608e-09,1.929615e-09,5.3496674e-10
ISIC_0033700,0,0.99705744,0.0029425665,5.5634986e-10,5.4073985e-09,1.1871707e-09,1.3536666e-10,5.7021145e-11
ISIC_0028746,0,0.33195135,0.6589645,7.427241e-06,5.5094224e-10,0.000116390096,0.008960297,5.3674984e-09
ISIC_0033416,0,0.0004209388,0.999579,1.5952571e-09,3.6412987e-10,1.5962563e-08,6.582316e-11,3.0623313e-09
ISIC_0032662,0,0.06231642,0.9376806,2.7840558e-08,6.8586495e-08,2.3308935e-06,5.174828e-09,5.20173e-07
ISIC_0033452,0,0.0015166554,0.9984818,4.1898023e-09,3.4715009e-09,1.3314046e-06,1.4969377e-09,2.1567747e-07
ISIC_0033074,0,0.0049692383,0.99503076,1.0726998e-09,4.9405846e-10,8.265535e-09,1.0478503e-10,1.6763588e-09
ISIC_0034087,0,0.00016321271,0.9998368,3.3043004e-09,1.2744634e-09,5.284076e-09,8.741458e-10,2.0340905e-09
ISIC_0032722,0,0.0011797332,0.99882,1.7125888e-07,5.9540075e-09,4.7666664e-08,3.1309702e-10,1.3279308e-09
ISIC_0033947,0,0.005489278,0.0068470337,8.390572e-09,5.667684e-05,0.98760706,1.594804e-08,9.411505e-09
ISIC_0033881,0,0.37075847,0.5728545,1.4365523e-06,0.006563038,0.049812794,8.565837e-06,1.1664429e-06
ISIC_0033804,0,0.0011386656,0.9988601,2.0540463e-09,1.3581811e-08,3.705791e-07,9.072221e-08,7.8446436e-07
ISIC_0033801,0,2.2512273e-05,0.99997747,5.2742297e-11,7.414267e-09,4.9228627e-10,2.045324e-10,5.978427e-10
ISIC_0033216,0,0.007508917,0.9924891,5.680327e-09,7.3152684e-08,1.2584347e-07,6.174289e-10,1.7223196e-06
ISIC_0027100,0,0.0027593963,0.0005275446,1.3377277e-06,6.486623e-06,0.9967037,2.7896234e-09,1.5185324e-06
ISIC_0033902,0,0.99993336,2.2999088e-06,2.7915088e-05,4.187131e-09,4.1575763e-08,3.61144e-05,2.8546157e-07
ISIC_0032774,0,0.9999639,1.4614824e-05,6.246588e-07,5.1370314e-10,7.725238e-08,2.0314295e-05,4.39816e-07
ISIC_0033286,0,0.9904778,0.0002924792,4.56978e-09,0.0065246094,0.002704837,1.3742616e-07,6.463407e-08
ISIC_0032586,0,0.9994479,6.9194903e-06,1.6864876e-09,5.3643024e-08,0.0005451047,7.869242e-09,3.991286e-09
ISIC_0033595,0,0.95910966,0.02532553,3.2891555e-06,4.787503e-07,0.015560122,1.3186114e-07,6.8626684e-07
ISIC_0034059,0,0.27674258,0.72272766,1.6023166e-07,7.014812e-08,0.0005291218,3.790631e-07,7.319839e-08
ISIC_0033063,0,0.99446845,0.0051564006,1.1756172e-06,2.7143543e-07,0.00037237533,1.3512185e-06,4.1009534e-09
ISIC_0033578,0,0.9396346,0.060348928,2.3104856e-06,9.522673e-06,4.2202278e-06,9.717234e-10,3.91918e-07
ISIC_0034100,0,0.9785275,0.021361042,4.871075e-10,2.7112371e-06,0.000108662076,2.0979095e-11,4.0430148e-08
ISIC_0033477,0,0.9191641,0.08061832,9.125529e-11,4.978839e-08,0.00021754422,5.5989977e-09,8.158981e-09
ISIC_0034092,0,0.9999919,8.155621e-06,2.1139743e-10,1.4313778e-09,1.7653948e-11,8.73582e-12,1.7550406e-11
ISIC_0033863,0,0.9489614,0.050890803,1.3605078e-05,4.1142465e-07,0.00013232253,1.0661143e-07,1.3220293e-06
ISIC_0034180,0,0.88796264,0.11199723,3.0178505e-06,7.451964e-09,3.6939684e-05,8.152603e-08,2.7385957e-10
ISIC_0033267,0,0.97475433,0.025245422,1.0740457e-07,1.8777135e-07,3.1867136e-09,5.8824083e-09,1.5670099e-11
ISIC_0034005,0,0.0023723703,0.13301581,0.66603625,1.6093937e-06,0.1980988,0.000465176,1.0030768e-05
ISIC_0033651,0,0.84488034,0.15511928,4.146644e-09,2.7248302e-07,1.186316e-07,1.973546e-08,2.2847721e-09
ISIC_0033304,0,0.9999014,9.855189e-05,2.775332e-10,2.9380939e-08,3.131254e-09,3.400132e-08,2.780592e-11
ISIC_0033324,0,0.9999821,1.1888932e-05,4.162866e-06,6.1050935e-11,1.308493e-06,8.150126e-11,4.3195263e-07
ISIC_0034316,0,0.9999876,7.2676885e-06,4.2552206e-06,1.1355004e-09,1.2798403e-08,1.4359108e-09,9.298729e-07
ISIC_0033710,0,0.99478394,0.000164972,0.0049720155,1.6927079e-05,5.9054277e-05,1.8206752e-07,2.938093e-06
ISIC_0034022,0,0.013773484,0.9861995,5.8975314e-07,1.993264e-08,2.6407535e-05,4.7497575e-09,6.3430804e-08
ISIC_0033017,0,2.2287484e-05,0.9999758,4.5503437e-10,4.6029547e-10,1.940523e-06,1.5928774e-12,1.764422e-09
ISIC_0033874,0,0.62499595,0.3669611,0.0079064695,2.8459082e-05,9.2882416e-05,9.4887395e-07,1.4163478e-05
ISIC_0025531,0,3.3610936e-06,0.00016244882,1.3176223e-06,0.99969745,0.00013476897,1.1659895e-09,6.4697895e-07
ISIC_0032836,0,0.00011115062,0.99988306,4.3541165e-12,5.652488e-10,5.8271585e-06,5.010731e-10,6.500627e-10
ISIC_0033444,0,0.00061693654,0.99936146,1.7966686e-07,3.0163264e-07,1.964186e-05,1.413936e-06,1.5774033e-08
ISIC_0034183,0,9.373889e-05,0.99988484,2.8758608e-11,2.4181843e-09,2.1427199e-05,1.2661707e-08,1.9105237e-09
ISIC_0032869,0,0.9982027,0.0015113223,1.5171743e-06,0.0002659354,1.7152935e-05,3.8118102e-07,9.22895e-07
ISIC_0033524,0,0.99704367,0.00091423607,1.2498436e-05,7.493111e-06,0.0020143166,5.8128726e-06,1.9450454e-06
ISIC_0034101,0,0.9999914,6.882487e-09,7.943751e-06,4.6387942e-09,5.6181096e-07,1.0584108e-09,3.130313e-08
ISIC_0030333,0,0.9910849,0.008772673,3.3091942e-06,6.724689e-09,5.708498e-05,4.3142303e-09,8.1974875e-05
ISIC_0032695,0,0.99998116,2.1288388e-07,1.8245184e-05,1.6856381e-08,3.9268159e-07,4.5489884e-10,3.6028148e-08
ISIC_0034036,0,0.99969983,0.0002998832,1.3830835e-07,2.7526972e-09,1.2392289e-07,3.3240368e-09,4.1377003e-08
ISIC_0032982,0,6.9721523e-06,0.9999752,2.3387193e-08,1.0550801e-09,1.7687511e-05,5.412995e-08,5.771595e-08
ISIC_0033196,0,1.5379866e-06,0.9999944,2.6756384e-06,1.3687098e-06,9.203847e-08,2.2104761e-10,3.874421e-09
ISIC_0032653,0,0.08603003,0.8840007,0.029566238,6.422185e-06,8.826641e-06,0.0003733486,1.4463126e-05
ISIC_0032730,0,0.99140656,0.00859101,1.280148e-10,5.0621814e-08,1.9776146e-06,6.259854e-10,3.2752777e-07
ISIC_0032709,0,0.8080822,0.19182383,5.3765996e-07,1.2699435e-05,5.4408338e-05,2.500723e-07,2.6015437e-05
ISIC_0033206,0,0.13074955,0.868953,4.7088193e-07,1.3325132e-06,0.00028705914,7.9038394e-08,8.425067e-06
ISIC_0033812,0,0.0004278175,0.9995396,1.0639873e-09,1.8066045e-07,3.234204e-05,1.8293509e-11,1.8506624e-09
ISIC_0033653,0,0.04120535,0.9556296,2.3686002e-08,4.4841443e-08,0.0031633365,5.817223e-07,1.1614419e-06
ISIC_0032698,0,0.036582455,0.0117834965,7.4678916e-05,0.90350825,0.047765907,0.00018595516,9.923295e-05
ISIC_0030883,0,0.7805428,0.21142071,4.4124495e-06,0.0028182208,0.005213508,4.054582e-08,3.5573754e-07
ISIC_0032630,0,0.9645058,0.03546576,2.8357888e-06,1.2092213e-06,2.1239655e-05,1.1998705e-08,3.158592e-06
ISIC_0033399,0,0.8856459,0.11385614,1.8380037e-05,0.00016147838,0.00028259537,8.131593e-07,3.465739e-05
ISIC_0032656,0,9.456154e-05,0.010688442,0.0016834228,0.0008995412,1.1843657e-05,2.0966962e-05,0.9866013
ISIC_0032592,0,0.0003543777,0.01977184,0.0036711602,0.000629154,9.647409e-05,2.1853783e-05,0.97545516
ISIC_0028520,0,0.8401178,0.1598713,9.49379e-10,7.031767e-11,1.0385309e-05,1.0864524e-07,4.1196498e-07
ISIC_0034000,0,0.5220053,0.47795942,8.864331e-08,3.3081582e-09,3.2433687e-05,5.557461e-08,2.7401168e-06
ISIC_0031741,0,0.0015715252,0.99842846,2.6572888e-09,1.0812351e-09,2.3857385e-09,1.9936384e-11,3.8128668e-08
ISIC_0034216,0,0.99999845,1.4973818e-06,8.088384e-09,1.966845e-10,4.552457e-08,1.6543238e-10,3.9863743e-10
ISIC_0030150,0,0.05866244,0.5451815,0.0027105235,0.0001025854,0.3933371,6.87025e-10,5.8814603e-06
ISIC_0033122,0,0.00044921145,0.9995504,2.0353974e-09,6.1003695e-09,3.347678e-07,4.0438336e-10,1.8634989e-08
ISIC_0033713,0,0.016239157,0.98376065,1.2571788e-08,2.8951286e-09,1.6813667e-07,2.5141954e-12,1.0550828e-08
ISIC_0033885,0,0.99854386,0.0013167191,1.872957e-06,7.95392e-07,0.00013682985,1.2463941e-08,8.074388e-08
ISIC_0031186,0,0.05753137,0.0001438663,5.4266082e-05,0.25050434,0.69176495,1.5511799e-07,9.487886e-07
ISIC_0024929,0,0.9542578,0.045741905,6.734385e-08,2.0958198e-07,4.1328377e-08,2.879073e-08,3.320404e-08
ISIC_0026268,0,0.020084443,0.22987366,1.7255566e-05,0.05314166,0.6965556,8.268816e-06,0.0003191414
ISIC_0024806,0,0.98578805,0.014207449,1.034116e-08,9.1208653e-07,3.3816584e-06,1.2698774e-07,2.4628273e-09
ISIC_0032424,0,0.96721286,0.030114785,2.9111672e-07,3.8316165e-07,0.000101451995,3.1043252e-09,0.0025701881
ISIC_0028584,0,0.05935487,0.94042015,5.908927e-07,4.991254e-06,0.00015557723,5.2580926e-08,6.370389e-05
ISIC_0025520,0,0.48947775,0.51036304,3.196005e-06,1.5134345e-05,0.00011234493,2.48466e-05,3.710338e-06
ISIC_0032466,0,0.039491907,0.9605076,8.9213316e-08,2.814525e-07,1.4489424e-07,1.4991927e-07,3.303333e-08
ISIC_0028465,0,0.4955584,0.5044397,9.992286e-11,7.6195676e-08,1.5157707e-06,1.9757022e-07,1.2536715e-07
ISIC_0026770,0,0.058043733,0.9419437,2.3542053e-09,9.184476e-08,1.1657342e-05,6.205304e-07,4.625738e-08
ISIC_0029914,0,0.9814248,0.018574292,6.716348e-07,1.03373644e-07,5.872528e-09,7.440869e-08,4.8764267e-08
ISIC_0027622,0,0.6364061,0.3635936,2.5876915e-07,1.8146877e-09,1.1335548e-10,2.179439e-11,1.7587676e-10
ISIC_0031408,0,0.00060912775,0.9993874,3.4402294e-07,2.5608173e-07,2.6362584e-06,8.1691105e-08,1.1562052e-07
ISIC_0025313,0,0.115641624,0.88435346,7.1994225e-07,2.1251851e-06,2.007891e-06,8.281672e-09,1.0220188e-07
ISIC_0024701,0,0.0027428442,0.99638724,0.0004370799,3.5088295e-05,0.00039214556,3.9818246e-06,1.628888e-06
ISIC_0030390,0,5.741171e-06,0.9992906,2.9074243e-07,2.2256127e-06,0.000700526,1.0246394e-09,5.080672e-07
ISIC_0027561,0,0.0075377654,0.17687613,8.235369e-05,9.669009e-06,0.81549335,1.4043068e-09,7.06771e-07
ISIC_0030754,0,0.00036024067,0.9996394,1.7974353e-11,1.2046536e-10,3.004027e-07,1.8308977e-08,5.7379816e-09
ISIC_0026954,0,0.0007468865,0.99915254,3.369195e-06,5.242801e-05,3.9856495e-05,2.320745e-06,2.6167147e-06
ISIC_0028760,0,3.374678e-05,0.99995947,4.0868588e-07,3.5390778e-07,4.130353e-08,5.5481126e-09,6.0297675e-06
ISIC_0027620,0,0.06381139,0.9361878,6.947737e-10,2.1336598e-08,5.211678e-07,1.235377e-07,1.3862193e-07
ISIC_0027407,0,0.98962164,0.004728015,2.4527037e-07,0.002188542,0.0034203178,4.108532e-05,9.9777175e-08
ISIC_0031077,0,1.0128006e-06,0.9999802,1.2190652e-09,1.4767531e-08,1.8795074e-05,6.129743e-09,1.3428614e-08
ISIC_0029056,0,0.16037223,0.8385141,0.00020500235,9.488894e-05,0.0005699782,4.0002786e-07,0.00024342378
ISIC_0032036,0,0.89035785,0.053092986,3.6479102e-07,2.385935e-07,0.05654848,4.7854343e-09,1.319432e-08
ISIC_0024644,0,0.0065703564,0.0062028305,0.02072393,0.0004931952,0.9659664,1.9102872e-06,4.139687e-05
ISIC_0028228,0,0.97537416,0.01913323,9.389173e-09,1.8385755e-10,0.005492574,3.7126274e-11,1.2589476e-07
ISIC_0029937,0,0.0001244069,0.99986064,2.0946166e-07,3.3850995e-07,7.1133263e-06,6.8561812e-06,3.361484e-07
ISIC_0025651,0,0.11667508,0.010638739,0.0008980019,0.03790705,0.8298467,0.003143306,0.00089114404
ISIC_0027900,0,0.0007699401,0.9992299,2.9267442e-08,7.970965e-08,2.025248e-08,2.0482995e-09,1.9802844e-09
ISIC_0030501,0,0.15535843,0.84177136,0.00073452294,0.00063605286,0.0014963724,1.9026008e-06,1.2876343e-06
ISIC_0028017,0,0.00057768595,0.99137515,1.0681459e-08,6.4201444e-08,0.008046811,1.1552865e-07,1.6071276e-07
ISIC_0029146,0,0.2791653,0.0024452095,6.241301e-06,0.71774256,0.0006402635,7.823531e-08,3.7032e-07
ISIC_0032420,0,0.119652525,0.0008945354,1.3602537e-06,0.00028836285,0.8791628,2.5977366e-07,1.8886557e-07
ISIC_0025268,0,0.9103216,0.027114118,0.061104108,7.634457e-05,0.0013757667,1.8200463e-08,8.068244e-06
ISIC_0029744,0,0.8403748,0.14695577,1.3737121e-05,6.4114315e-06,0.0096429875,0.0028038044,0.0002024823
ISIC_0031494,0,0.0013890165,0.99856853,2.9586197e-05,1.3732018e-06,1.0460442e-05,8.9041623e-07,5.5871546e-08
ISIC_0028306,0,0.030406812,0.9695384,5.1844007e-05,5.1562374e-08,1.7217161e-06,1.2460663e-06,9.848738e-09
ISIC_0026811,0,0.45150054,0.4055203,4.168175e-06,2.0674925e-05,0.14295313,9.2912006e-07,2.7467303e-07
ISIC_0026604,0,0.055219747,0.0035244501,2.1500267e-05,0.0009926877,0.94004655,1.0462954e-05,0.00018461136
ISIC_0031146,0,0.00087630894,0.99911934,6.4818444e-08,5.944766e-07,3.5961652e-06,9.4129675e-08,2.4240988e-08
ISIC_0027517,0,0.00093892886,0.015331196,0.00228966,1.0720823e-05,0.9804072,8.846919e-06,0.0010134303
ISIC_0026229,0,0.18455963,0.7686139,5.033775e-05,0.00344821,0.0010858239,0.039044544,0.003197516
ISIC_0029995,0,0.9691014,0.008402192,0.002784153,2.7107712e-05,0.0019541413,0.017725378,5.5611627e-06
ISIC_0031908,0,0.9736432,0.026355391,4.540482e-11,4.6024606e-10,1.3760862e-06,1.8777169e-11,1.1109e-09
ISIC_0026897,0,0.98846966,0.011528114,2.630702e-10,1.1114912e-08,2.291605e-06,1.5791018e-09,1.3865239e-09
ISIC_0026586,0,0.096247695,0.90137184,8.315419e-07,5.0626954e-06,0.0023741927,4.4466972e-07,2.0046684e-08
ISIC_0027101,0,0.0049662134,0.9583918,0.0059616393,0.0028828976,0.0069555994,0.020700812,0.00014107343
ISIC_0025732,0,0.965856,0.029133061,1.0732436e-09,3.1604323e-08,0.005007727,4.878904e-08,3.1507e-06
ISIC_0025195,0,0.051338237,0.3171916,3.2395697e-06,1.20936475e-05,0.631448,6.6222356e-06,2.0078444e-07
ISIC_0026652,0,0.16033897,0.01201938,2.3889077e-05,0.099385686,0.00079215266,0.7273335,0.000106433865
ISIC_0028709,0,2.6585574e-05,0.5127545,0.48694998,2.9739876e-08,0.0002688794,3.90023e-11,3.1333663e-08
ISIC_0024647,0,0.0834958,0.00046958282,6.178362e-05,0.07843498,0.83753717,5.654226e-07,7.048065e-08
ISIC_0030183,0,9.548391e-05,0.9995461,1.5238023e-05,2.5153003e-07,0.00034024924,2.6089228e-06,4.229188e-09
ISIC_0032269,0,0.02035776,0.009211991,0.00034413522,0.06887997,0.9011934,1.2368555e-05,3.971936e-07
ISIC_0028218,0,0.73570466,0.2640519,1.1799611e-06,0.00014698642,8.1891994e-05,1.3102256e-05,2.5338102e-07
ISIC_0031410,0,0.9393477,0.056408424,3.4837863e-05,5.0487273e-07,1.9522487e-05,0.0011006979,0.003088423
ISIC_0025573,0,0.4720566,0.52790344,1.7347514e-07,2.5168482e-08,3.9813516e-05,4.8482045e-09,5.990651e-09
ISIC_0029705,0,0.0048850053,0.9770701,0.0031655242,0.012611278,0.0022595255,6.486471e-06,2.0537032e-06
ISIC_0027590,0,0.56364,0.0507846,0.00035131496,1.8304925e-05,0.38504803,1.6569788e-06,0.0001561119
ISIC_0029271,0,0.115629084,0.047543146,0.016832769,2.6254633e-05,0.8199463,1.7083728e-05,5.4325715e-06
ISIC_0026802,0,0.00599308,0.9936289,3.328973e-05,0.00019855044,0.00014207716,2.2979288e-08,4.0638083e-06
ISIC_0032232,0,0.011683258,0.98317105,0.00022097814,0.002730546,0.0019189224,7.3247406e-08,0.00027512875
ISIC_0031005,0,0.9031835,0.081848264,0.00021013408,0.00022741788,0.014530334,6.469782e-10,3.485228e-07
ISIC_0030507,0,0.46212742,0.09914445,7.708692e-06,0.00012512042,0.43859375,7.1988335e-09,1.5591742e-06
ISIC_0028897,0,0.7502834,0.19171576,2.6234442e-05,6.510243e-05,0.057907473,1.976933e-06,5.841621e-08
ISIC_0028930,0,0.37648267,0.15884362,0.46334994,0.0010106508,2.9597999e-05,9.41566e-08,0.00028348863
ISIC_0031389,0,0.7611311,0.23824544,0.00018304543,1.7080587e-05,0.0004071099,7.9249135e-10,1.6233782e-05
ISIC_0028285,0,0.8881572,0.08152116,3.0561857e-09,0.005396808,0.024919758,4.18144e-09,5.056637e-06
ISIC_0026647,0,0.44593728,0.19996189,3.972312e-05,8.9600235e-06,0.35404885,5.4202427e-08,3.2833952e-06
ISIC_0027359,0,0.2983318,0.6953755,3.0898514e-06,5.129645e-09,0.006288026,1.5556155e-06,3.7190123e-08
ISIC_0030929,0,0.73384494,0.26577848,4.426788e-09,6.8163686e-08,0.000376494,3.672348e-11,1.4101964e-08
ISIC_0025188,0,0.99301034,0.0058325287,9.544172e-08,0.00010873028,0.0010478671,4.826439e-08,3.8350024e-07
ISIC_0031844,0,0.0021626453,0.99780995,6.650333e-07,6.275786e-09,2.5460351e-05,9.041486e-07,3.0586327e-07
ISIC_0027797,0,0.0008132226,0.9991035,8.502362e-08,1.7145212e-05,6.4518346e-05,1.0373774e-06,4.718399e-07
ISIC_0029486,6,0.2854915,0.64085,0.014589413,3.0188403e-07,0.0029951292,0.055657346,0.00041631146
ISIC_0031901,6,0.01422899,0.742973,0.00011959392,4.4801254e-05,0.0022068287,0.24042499,1.7642601e-06
ISIC_0030770,6,0.008031863,0.9532017,0.00077772123,3.8086867e-07,0.0043475213,0.014285514,0.01935534
ISIC_0032240,6,8.906118e-08,4.0961153e-05,0.0044017783,1.5255095e-08,0.00019154754,0.08933882,0.9060267
ISIC_0026163,6,8.30503e-09,0.0001573378,6.588823e-08,1.4058915e-09,4.1285066e-12,7.6432e-11,0.9998425
ISIC_0025807,6,3.498942e-07,0.010926612,1.1293032e-06,2.847293e-09,7.791021e-09,4.05331e-08,0.98907185
ISIC_0027903,6,0.9999062,2.9843752e-05,4.676074e-08,8.31827e-06,2.5429361e-10,5.3154065e-05,2.4274939e-06
ISIC_0027159,6,0.0027162228,0.005635188,0.0051668184,1.3541124e-07,0.0020110297,0.09686099,0.8876097
ISIC_0028188,6,1.3394265e-08,3.064106e-05,1.1415012e-09,3.884377e-10,1.2880359e-07,2.451427e-09,0.99996924
ISIC_0025677,6,3.625518e-08,1.1917414e-05,6.8738626e-11,2.3099343e-10,2.1123574e-06,8.253789e-09,0.99998593
ISIC_0025596,6,1.1513413e-07,2.756985e-05,2.8840352e-10,9.700822e-10,1.4405559e-08,3.1025114e-09,0.99997234
ISIC_0027790,6,2.385145e-07,0.00018479156,1.4128979e-06,7.86071e-08,1.3228174e-06,6.788515e-08,0.99981207
ISIC_0029099,6,1.5576876e-06,0.004998534,0.9268952,7.942229e-07,0.006274097,2.8205258e-07,0.061829492
ISIC_0025249,6,1.8162995e-06,0.70896184,3.3155766e-06,2.696258e-09,0.095202014,0.053106952,0.14272413
ISIC_0027937,6,5.7833372e-08,4.1659196e-06,6.309396e-08,2.3507509e-07,4.926187e-08,8.055972e-11,0.99999535
ISIC_0025680,6,4.034735e-09,3.7328923e-06,1.303348e-12,1.4829457e-10,3.1529337e-10,3.6307285e-10,0.9999963
ISIC_0028155,2,0.5703755,0.0028647638,0.108882494,0.020505592,0.29579213,0.0012098171,0.0003697152
ISIC_0024457,2,0.0011931919,0.8480378,0.14942832,1.446744e-05,0.0013020872,6.187148e-08,2.4062405e-05
ISIC_0027135,2,9.27758e-13,4.079519e-07,0.99999964,3.3280867e-12,3.2166456e-10,3.7718618e-13,9.70726e-12
ISIC_0028495,2,6.6674174e-06,5.434449e-06,0.99998736,5.6440597e-10,1.5906244e-07,7.522773e-09,3.5200438e-07
ISIC_0030574,2,0.0033338382,0.000721263,0.99561596,5.2489736e-07,7.186022e-05,4.9744267e-07,0.0002559792
ISIC_0024590,2,2.64062e-09,1.4635297e-06,0.99999094,7.5649264e-06,5.5839937e-08,7.18416e-11,1.0606859e-09
ISIC_0028085,2,3.5682064e-07,6.759994e-05,0.9999099,2.0165e-09,1.529586e-05,6.4829906e-06,3.2636302e-07
ISIC_0025691,2,3.3072476e-05,0.7493694,0.2502613,1.7784761e-05,0.0001455876,7.1918184e-05,0.00010097243
ISIC_0030335,2,1.3528135e-07,0.00010203772,0.9998764,1.8694644e-09,2.0637352e-05,4.7557094e-07,3.278804e-07
ISIC_0025793,2,1.7784936e-07,3.3199951e-06,0.99999607,4.1468856e-11,4.6039986e-07,6.105328e-08,2.726307e-09
ISIC_0030766,2,0.01659035,0.6551339,0.2862521,5.784064e-06,4.525767e-06,0.042009886,3.4872237e-06
ISIC_0027117,2,0.013326329,0.8769535,0.051510952,0.0021893415,0.04900586,0.006570903,0.00044319325
ISIC_0031762,2,1.1205487e-09,3.7331704e-06,0.999962,3.189341e-05,2.373622e-06,1.1444114e-10,4.8963003e-08
ISIC_0028106,2,6.186112e-13,2.8815457e-11,1.0,1.5884401e-13,7.4433e-12,1.3535652e-15,7.4373645e-13
ISIC_0032415,2,0.0027571109,0.010800245,0.98424757,0.00017778485,0.0018285154,0.00013348617,5.522686e-05
ISIC_0030177,2,0.0067513078,0.0037109996,0.969483,1.1130323e-06,2.8924203e-08,1.3994261e-10,0.02005348
ISIC_0028095,2,7.1121997e-07,2.2360544e-05,0.999964,2.9962945e-07,1.2623615e-05,3.2916594e-10,9.984462e-10
ISIC_0032414,2,0.0022051514,0.3817651,0.60534745,0.0059852772,0.004347927,0.00013883616,0.00021026263
ISIC_0031640,2,0.007066642,0.03056763,0.950026,0.0023972017,0.009109196,0.00025187602,0.0005814444
ISIC_0026230,2,0.0025143921,0.03599961,0.96148175,2.1449051e-09,4.2456027e-06,1.0564261e-08,3.0587422e-08
ISIC_0026395,2,0.17424911,0.82489604,0.00084811426,2.5147085e-07,6.3111847e-06,5.0016837e-08,6.2458895e-08
ISIC_0024504,2,0.0029599417,0.00016772361,0.9442673,0.0155761605,1.625012e-05,3.0731695e-08,0.03701255
ISIC_0025600,2,7.491308e-09,1.9335811e-08,0.99999785,9.7817185e-08,2.035376e-06,5.858305e-11,3.040152e-08
ISIC_0027478,2,6.151418e-08,7.188184e-06,0.9999924,6.058292e-11,3.279722e-07,7.2310044e-08,1.7176338e-10
ISIC_0024572,2,0.011702159,0.06320523,0.8926806,2.1043636e-05,3.6368983e-05,3.278013e-08,0.032354545
ISIC_0026324,2,2.8707055e-08,1.5281305e-09,0.9999945,4.4466683e-06,8.195746e-07,6.8346985e-08,7.753108e-08
ISIC_0025700,2,8.3341274e-07,1.1557369e-06,0.61045355,0.00049208064,0.38891017,0.00014119175,1.038762e-06
ISIC_0028980,2,5.574767e-10,1.0252339e-08,0.99999774,4.6402334e-08,2.281496e-06,8.01877e-11,1.1787177e-10
ISIC_0029020,2,1.117404e-05,2.2536862e-05,0.9917025,0.0073616635,8.078916e-05,0.00015510387,0.0006662907
ISIC_0033271,2,0.72466946,0.006923297,0.24170926,0.00049256516,1.3206225e-05,4.205782e-06,0.026188016
ISIC_0033575,2,0.110359006,0.00040391498,0.8871778,3.420288e-06,6.4191836e-06,3.7582396e-08,0.0020493509
ISIC_0032894,2,0.25597677,0.0117900465,0.6943634,0.007019469,4.0893625e-05,7.892181e-06,0.030801496
ISIC_0027544,2,2.055155e-09,3.507848e-08,0.9999999,8.090432e-09,1.3593984e-07,9.715487e-12,7.8530216e-10
ISIC_0033666,2,7.1719725e-05,0.060657248,0.93385607,1.2473976e-06,0.0052687465,0.00013190799,1.2975839e-05
ISIC_0033218,2,4.2930818e-08,0.000100026846,0.33319065,0.3130044,0.3027881,0.0012747525,0.04964196
ISIC_0033054,2,1.8469786e-06,0.00021931723,0.14622188,0.2257237,0.6248348,0.0003596519,0.00263883
ISIC_0034161,2,1.3247724e-08,8.453124e-06,0.99996805,2.3505456e-05,3.044371e-09,2.5348537e-08,1.9871038e-08
ISIC_0033747,2,5.0500464e-08,1.7512173e-05,0.99998236,9.400026e-08,2.3378426e-09,1.4050835e-08,1.9913095e-08
ISIC_0024666,2,0.0005555567,0.00016508241,0.9990941,3.9883023e-05,0.00014461414,2.326041e-07,4.6723767e-07
ISIC_0028890,2,0.0039042819,0.0066341273,0.49031118,1.3258988e-06,0.49909726,1.6757216e-05,3.5115136e-05
ISIC_0025752,2,0.4134723,0.026918631,0.55955046,5.5910605e-05,2.0701875e-06,1.0952502e-07,5.565557e-07
ISIC_0032611,2,0.00072980573,0.0007218025,0.99809057,0.00026225133,0.00019483268,6.983807e-07,1.5024721e-08
ISIC_0033499,2,2.4503617e-08,3.5462115e-08,0.9999995,2.751298e-08,3.3338603e-07,6.590978e-11,2.4049105e-09
ISIC_0027814,2,6.087934e-07,0.06418184,0.9056103,0.02713923,0.0029189037,7.837593e-06,0.00014124288
ISIC_0031026,2,4.922879e-08,6.501713e-05,0.99993205,1.1572578e-09,2.881973e-06,3.145612e-11,4.0321915e-09
ISIC_0032146,2,0.06455312,0.0014791188,0.93396664,2.3346033e-08,8.9681816e-07,2.3705435e-09,1.8872841e-07
ISIC_0024848,2,9.553692e-11,1.7034407e-11,1.0,5.4243887e-10,3.2841208e-10,8.717121e-11,3.1604852e-09
ISIC_0028316,2,4.5325494e-09,8.394095e-06,0.99669766,0.003292154,1.3854227e-06,3.7884595e-07,3.9826262e-09
ISIC_0025144,2,1.4778954e-08,4.8532733e-10,1.0,1.4040152e-08,1.2914938e-09,5.105227e-10,1.5882758e-10
ISIC_0025301,2,8.2993466e-11,8.0446044e-10,1.0,3.453526e-10,4.398046e-09,7.0025036e-12,6.744438e-11
ISIC_0028486,2,1.46678e-08,0.003205171,0.9967949,7.0373116e-09,1.5668325e-08,2.5610352e-09,1.099755e-10
ISIC_0027371,2,3.1269366e-07,0.16013475,0.8394919,1.9834863e-06,0.0003709827,2.3501046e-09,1.483325e-07
ISIC_0028765,2,3.147045e-14,1.42833e-12,1.0,7.1807694e-12,2.470825e-12,3.656742e-17,6.141704e-14
ISIC_0025046,2,0.19142891,0.15392151,0.61596596,0.004749831,0.018646073,1.6325387e-06,0.015285985
ISIC_0024665,2,0.79307,0.15134938,0.020826021,1.2228042e-05,1.1475362e-06,9.396945e-05,0.03464728
ISIC_0025433,2,5.5727605e-09,0.001591197,0.99840826,1.2079216e-08,6.3528984e-07,6.187266e-09,7.4368374e-09
ISIC_0030528,2,4.802712e-10,1.2106129e-05,0.0006170726,0.9993351,3.5642617e-05,8.653613e-11,1.1920905e-09
ISIC_0031266,2,5.1854704e-06,0.003928372,0.23216996,0.0026493508,0.7612288,9.928354e-06,8.409965e-06
ISIC_0026056,2,1.9701285e-05,2.8064144e-06,0.9998319,0.00013398405,7.8585765e-07,2.4269792e-07,1.0535467e-05
ISIC_0026156,2,9.418889e-06,0.00096844364,0.9834403,0.012153077,0.0034242324,1.8738513e-06,2.5799486e-06
ISIC_0027966,2,8.0828894e-10,0.025182934,0.97474897,2.6300754e-06,6.3668354e-05,6.2953785e-07,1.1238909e-06
ISIC_0024448,2,1.066186e-09,3.10564e-05,0.99994636,2.2580678e-05,1.8377893e-09,1.7104215e-10,2.3178114e-08
ISIC_0032022,2,5.754113e-13,3.391774e-08,0.99999976,1.4538277e-07,1.0838898e-12,1.3547041e-11,1.0083935e-10
ISIC_0028989,2,9.438413e-05,0.002041091,0.99732685,2.8713206e-05,0.00050674134,1.5932723e-06,5.7494657e-07
ISIC_0032290,2,5.494295e-07,0.37651184,0.49079368,0.09537449,0.0049636494,0.0009185012,0.031437237
ISIC_0028973,2,5.984964e-08,2.6015948e-07,0.99999535,3.6334235e-08,3.960478e-06,2.721821e-07,3.484831e-08
ISIC_0029082,2,1.0497792e-08,1.1636561e-05,0.9999695,8.386405e-07,1.0250482e-05,7.4993122e-06,2.4898398e-07
ISIC_0030690,2,1.7371854e-13,5.977299e-09,1.0,1.117926e-11,5.0212553e-11,3.6268294e-11,2.2585386e-12
ISIC_0027473,2,2.224792e-07,1.8659739e-05,0.9999701,1.0945439e-05,4.3263717e-09,1.6483694e-12,6.956806e-08
ISIC_0025362,2,5.074714e-10,1.6633368e-07,0.9999963,3.5800244e-06,1.4129774e-08,6.6135582e-12,2.4435198e-09
ISIC_0027093,2,1.1384146e-08,2.4262765e-05,0.9999753,3.7492453e-07,3.9987597e-08,1.9602717e-10,6.766828e-09
ISIC_0030964,2,1.4093346e-08,4.4915322e-07,0.99521756,0.0008683335,0.003912009,1.5207967e-06,1.1417206e-07
ISIC_0027229,2,1.0233954e-05,0.0030046033,0.9969537,1.0822618e-07,3.1085503e-05,1.9811742e-08,9.6741694e-08
ISIC_0027004,2,5.339333e-05,0.0035386535,0.9963903,1.5585702e-07,1.71499e-05,2.1181246e-10,3.982595e-07
ISIC_0026433,2,3.5189269e-06,3.0789506e-05,0.99986696,4.2443548e-07,9.818303e-05,1.6594805e-11,8.9915176e-08
ISIC_0027722,2,2.4090344e-08,3.1637007e-06,0.9999596,1.1010948e-05,1.5906697e-07,9.996714e-09,2.5963021e-05
ISIC_0028303,2,6.966614e-12,1.2599628e-09,1.0,3.5616785e-10,1.9056692e-10,4.882247e-15,1.2879998e-10
ISIC_0025630,2,9.281317e-10,0.0001362859,2.930494e-07,2.672906e-07,4.030788e-06,2.210528e-09,0.9998591
ISIC_0030514,2,5.7225247e-08,1.3450284e-06,0.30009326,0.699594,0.00030867665,1.6499492e-06,1.0085082e-06
ISIC_0024345,2,6.044722e-07,6.5945955e-05,0.97464037,0.024171252,0.0011003515,1.9714587e-07,2.1292964e-05
ISIC_0031651,2,1.2310025e-07,0.002822022,0.16796553,0.82743686,0.001663161,5.386755e-07,0.00011179087
ISIC_0028928,2,3.328158e-07,0.8895884,0.109069094,0.00028445415,0.0010570341,1.3206984e-07,5.7879606e-07
ISIC_0031378,2,3.6328594e-05,0.41441208,0.5755959,3.0081439e-05,0.009680579,0.00016874923,7.62505e-05
ISIC_0028350,2,5.4412585e-08,2.6928299e-06,0.99998176,8.488413e-06,6.969332e-06,5.4559814e-09,4.1597428e-09
ISIC_0029342,2,2.537664e-06,0.0048749596,0.62015027,0.37073106,8.663306e-05,0.004137559,1.6961063e-05
ISIC_0028577,2,1.8112278e-08,4.011083e-06,0.6934714,0.29982272,0.0066905674,2.5332013e-06,8.797264e-06
ISIC_0030339,2,9.027457e-07,0.00025519895,0.9632251,0.035998087,0.0003515889,0.00013496476,3.4086086e-05
ISIC_0029545,2,2.9555968e-06,0.005794413,0.99321353,0.00089168857,9.709517e-05,1.2777197e-07,2.3657236e-07
ISIC_0032222,2,0.00012326233,0.13565843,0.015102792,0.004148862,0.84495,1.640718e-05,2.3246871e-07
ISIC_0025019,2,1.7488432e-05,0.0003640718,0.00084289024,0.9022804,0.0964926,2.461345e-06,1.1918557e-07
ISIC_0026090,2,6.209851e-05,0.019397775,0.10924124,0.29676288,0.5673818,0.006955835,0.00019842786
ISIC_0025285,2,0.0007673766,0.0020595037,0.9585976,0.012741855,0.025785126,2.6840917e-05,2.1729162e-05
ISIC_0027920,2,8.6134445e-05,0.3763212,0.6163136,0.0064094164,0.00086961844,2.4039606e-10,9.5896695e-08
ISIC_0024411,2,1.9908864e-06,0.004984589,0.95206296,0.042863168,8.1744176e-05,5.4694924e-06,3.9098985e-08
ISIC_0025564,2,0.00087161735,0.009978762,0.9884918,0.0002065387,7.940564e-05,0.0003625389,9.341967e-06
ISIC_0031588,1,6.259626e-10,1.0,2.9476645e-14,3.1010348e-13,2.3801066e-08,3.185296e-10,9.316645e-10
ISIC_0031503,1,2.2195412e-07,0.9999685,1.9924262e-11,1.5485786e-10,3.0637824e-05,5.550598e-07,2.9937816e-08
ISIC_0029624,1,0.00018945256,0.9998056,2.529738e-08,5.06187e-07,4.391766e-06,6.6610673e-09,7.039708e-08
ISIC_0026555,1,0.04515574,0.9548064,5.085977e-10,4.7235535e-08,3.7706224e-05,1.6545887e-07,4.944174e-08
ISIC_0029594,1,2.5439786e-07,0.99999976,2.260168e-11,2.0967807e-09,6.3686283e-09,1.2554034e-11,1.0115165e-09
ISIC_0031575,1,9.420072e-09,0.9999999,3.142783e-12,1.758749e-13,1.5888689e-07,2.849992e-10,4.7447702e-11
ISIC_0032060,1,5.6024735e-05,0.99727184,1.3195577e-09,1.1222919e-06,0.0026405046,1.0195154e-06,2.9519835e-05
ISIC_0029303,1,0.00017602115,0.99296254,9.14737e-09,9.358182e-10,0.006861409,1.4517928e-08,4.0995122e-08
ISIC_0026824,1,0.00043001055,0.9995672,2.9103375e-09,2.1658929e-08,2.7389403e-06,2.2132869e-09,3.3175805e-08
ISIC_0031403,1,9.970205e-06,0.9999893,2.3241762e-07,6.5277966e-10,1.07866754e-07,3.8674278e-07,2.924317e-09
ISIC_0026011,1,0.0006509306,0.999338,3.5567436e-07,1.0016587e-07,1.04695e-05,1.0743088e-08,1.8956386e-07
ISIC_0025338,1,2.012136e-07,0.9999988,2.0215672e-12,2.8792186e-07,6.8263766e-08,7.138412e-07,3.202369e-09
ISIC_0031974,1,6.6234905e-05,0.9999323,3.0099263e-09,1.2477801e-07,1.1671308e-06,1.4344398e-07,4.8636064e-08
ISIC_0031455,1,3.0126262e-06,0.9999443,5.9025297e-07,3.4282758e-07,4.5805675e-05,4.579473e-06,1.4143939e-06
ISIC_0028446,1,2.2346241e-07,0.9999994,3.2318005e-12,1.0767441e-11,2.4081464e-07,1.070646e-10,1.816823e-07
ISIC_0025723,1,1.7696668e-07,0.99999976,3.4016553e-11,1.7682623e-08,6.304509e-10,7.2749046e-10,7.934614e-09
ISIC_0024872,1,0.00033739916,0.99966025,1.4862399e-06,3.631421e-13,8.9479744e-07,2.7104157e-12,2.165354e-09
ISIC_0028879,1,9.594568e-08,0.99996305,1.5480386e-10,3.114251e-09,3.6818095e-05,2.4275135e-10,3.830733e-09
ISIC_0029540,1,0.0021857633,0.9942715,0.0010056131,4.716012e-09,0.002511664,7.040596e-07,2.4775372e-05
ISIC_0032048,1,4.5904867e-06,0.9999374,7.681835e-08,5.989104e-08,4.243828e-05,7.4960185e-06,7.867734e-06
ISIC_0031100,1,4.740031e-06,0.99999166,1.2669274e-11,5.6374534e-11,3.3448514e-06,8.205292e-08,1.1516095e-07
ISIC_0025079,1,8.096059e-07,0.9986828,1.0074696e-05,0.0002898285,0.0009010691,1.215586e-08,0.0001154614
ISIC_0024979,1,2.4619933e-06,0.9999906,1.2040152e-10,1.2385708e-09,6.889124e-06,1.1951482e-08,4.1640128e-08
ISIC_0025415,1,9.236217e-08,0.9999995,6.030168e-16,9.143196e-12,4.0715582e-07,1.4185465e-13,3.7601444e-10
ISIC_0031207,1,1.049993e-09,1.0,6.683126e-11,1.8313424e-11,4.810832e-10,5.459904e-12,3.2685668e-10
ISIC_0031926,1,0.0014475215,0.99822754,1.8393624e-05,9.492362e-05,1.32402965e-05,0.0001932112,5.118824e-06
ISIC_0025407,1,1.3363792e-09,1.0,2.4346196e-13,2.6311944e-11,3.520946e-08,1.0465674e-10,1.833686e-09
ISIC_0031297,1,0.0006194256,0.9993754,1.3525142e-10,3.8846366e-08,2.6142425e-06,2.6527175e-06,8.441513e-09
ISIC_0028289,1,3.015261e-09,0.9999999,3.861562e-12,6.5347456e-13,2.2585804e-09,7.424499e-08,1.1649882e-09
ISIC_0031164,1,0.00029979416,0.9994898,1.125839e-09,6.6156264e-10,0.00016852329,2.1472326e-06,3.974687e-05
ISIC_0029685,1,1.6404862e-06,0.9998976,1.0295642e-07,1.4313732e-10,0.00010050544,8.812866e-08,3.073598e-08
ISIC_0029373,1,8.002922e-07,0.99999917,1.4218419e-14,3.0008093e-11,2.396088e-08,5.475961e-08,1.6288213e-08
ISIC_0030421,1,6.01848e-08,0.9997911,2.6329863e-13,3.811191e-10,0.00020808936,2.560084e-10,7.693119e-07
ISIC_0027634,1,4.3813446e-07,0.9999937,1.5615617e-10,6.605813e-08,4.581263e-06,4.648151e-08,1.1258314e-06
ISIC_0024357,1,4.172761e-07,0.9994149,1.2762286e-09,8.108757e-09,0.0005842723,3.810922e-07,7.106457e-09
ISIC_0031332,1,2.718436e-05,0.9990564,5.6804844e-10,2.7716355e-08,0.00091611047,5.9373484e-09,2.5062374e-07
ISIC_0031966,1,1.9611123e-07,0.99999917,7.3403714e-09,2.2619802e-09,3.034257e-07,9.063617e-08,1.5662812e-07
ISIC_0027585,1,2.2557485e-08,0.98946047,7.4701765e-09,0.008312095,0.0008488373,5.8049356e-08,0.001378585
ISIC_0025487,1,2.8707691e-05,0.9999713,4.0988407e-10,2.3541993e-12,2.848318e-10,2.9504281e-09,5.870153e-10
ISIC_0025416,1,1.7059898e-06,0.99999833,8.045048e-11,1.1687304e-12,1.8170236e-09,4.858223e-09,6.967908e-11
ISIC_0027339,1,5.4882003e-06,0.9999943,1.499329e-08,1.8257552e-11,2.6334965e-07,1.8651017e-08,4.015746e-10
ISIC_0026557,1,5.1018025e-05,0.9998987,3.9651734e-08,2.2333217e-10,5.012758e-05,3.4411084e-08,8.106994e-08
ISIC_0032490,1,1.2462775e-08,0.99999416,2.2787943e-11,7.0428174e-09,5.7906104e-06,5.078109e-11,7.525881e-09
ISIC_0025325,1,8.456566e-08,0.9992054,3.197549e-11,5.9913985e-09,0.0007944058,1.8747564e-09,1.7075209e-07
ISIC_0027717,1,0.0015702994,0.9982535,1.9682914e-06,1.0885716e-06,0.00017274957,6.6762823e-10,3.2790408e-07
ISIC_0025636,1,2.3589191e-08,0.9999999,1.1527835e-11,2.3733088e-10,1.1940035e-07,6.808429e-11,6.580969e-11
ISIC_0026214,1,3.460146e-08,0.9999875,1.4167956e-14,1.701089e-10,1.2456555e-05,1.0529098e-09,6.020827e-10
ISIC_0024407,1,0.00032063093,0.9996201,1.9960573e-06,5.6763633e-07,2.3181824e-06,5.262079e-05,1.70355e-06
ISIC_0028395,1,3.1027555e-06,0.9999608,8.7168833e-10,8.135718e-09,3.5409023e-05,8.9705665e-09,7.446186e-07
ISIC_0026621,1,6.280956e-08,0.9838938,1.7626569e-07,3.3242945e-06,0.012762048,3.4419693e-06,0.003337158
ISIC_0029239,1,9.0913925e-09,1.0,3.5097598e-13,2.1016518e-11,4.721845e-09,7.793901e-10,1.2514914e-09
ISIC_0030541,1,1.7795608e-09,0.9999857,4.199142e-15,5.533058e-10,7.3608862e-06,1.9283837e-11,6.971334e-06
ISIC_0027836,1,5.3893753e-08,0.9999987,2.4331799e-11,2.7818746e-08,1.1923823e-06,1.390865e-08,3.4144687e-08
ISIC_0027195,1,0.00020396222,0.9993326,3.9548773e-13,1.6299407e-09,0.00046048165,1.6096247e-09,2.9481066e-06
ISIC_0029112,1,1.7058103e-07,0.99999285,6.640595e-09,8.458829e-11,6.9064536e-06,3.534263e-08,1.1031877e-08
ISIC_0029290,1,6.3748433e-07,0.99995744,3.063507e-10,5.922353e-07,3.1168038e-05,1.0030896e-05,1.07922794e-07
ISIC_0025224,1,3.5691264e-05,0.999383,4.769405e-09,3.3860246e-08,0.0005809015,1.00620575e-07,3.261562e-07
ISIC_0028034,1,4.2654297e-05,0.9996588,3.6418098e-11,1.1169885e-07,0.00029826912,1.5319747e-08,9.305166e-08
ISIC_0029336,1,8.984663e-06,0.99998915,1.3402761e-08,4.4618582e-07,1.1293965e-06,7.0786826e-10,2.3515547e-07
ISIC_0026914,1,1.2210577e-08,0.9999993,6.1579013e-13,4.7519585e-11,7.0140453e-07,3.856321e-11,4.4297504e-08
ISIC_0031453,1,5.9544707e-09,0.9999995,1.483074e-11,4.2706173e-12,2.4311817e-08,5.291059e-07,2.9553482e-10
ISIC_0030214,1,1.3437038e-05,0.99998605,8.854669e-13,5.2507855e-12,4.6469745e-07,1.0063257e-10,1.5379634e-08
ISIC_0025722,1,1.1106922e-05,0.99998164,3.908661e-10,1.8148018e-08,6.909499e-06,6.386796e-09,3.3487646e-07
ISIC_0031099,1,6.952994e-08,0.9999999,1.3782644e-12,4.200071e-13,6.835253e-09,1.178078e-09,1.03728665e-10
ISIC_0026435,1,4.5453707e-08,0.9999989,2.4076144e-11,1.6533797e-08,1.0662499e-06,2.870324e-08,6.4747034e-09
ISIC_0026476,1,5.2464555e-05,0.9999453,4.298803e-11,3.4728045e-09,1.866343e-06,6.656856e-08,2.2176934e-07
ISIC_0029892,1,2.9265918e-06,0.9998041,6.125361e-11,4.3911166e-07,0.00019254917,1.0760519e-10,2.0736122e-08
ISIC_0027416,1,0.00042265828,0.99902594,8.077097e-09,0.00041483762,0.00013652434,4.3003492e-08,4.25372e-08
ISIC_0024746,1,2.1591842e-07,0.9996172,1.483471e-08,1.3722422e-09,0.000381347,9.3455455e-08,1.0796477e-06
ISIC_0029008,1,2.1760862e-09,1.0,9.725705e-12,1.4661088e-12,4.6527022e-09,2.8186873e-09,4.711076e-13
ISIC_0031157,1,9.228029e-08,0.9999995,4.5927767e-10,3.0577876e-09,3.737708e-07,2.0713602e-09,4.3835473e-09
ISIC_0025966,1,5.4964613e-07,0.9999541,9.586561e-12,1.9068489e-08,4.1105086e-05,3.61125e-07,3.9124434e-06
ISIC_0031730,1,6.6667e-06,0.9988533,1.2246323e-09,2.41908e-06,0.0011367688,4.8388426e-07,3.1580237e-07
ISIC_0028270,1,8.080026e-06,0.9999778,1.4660023e-10,5.9048046e-09,1.4109324e-05,7.689057e-10,1.0673611e-09
ISIC_0031330,1,1.0586177e-09,1.0,2.8762276e-13,5.653135e-11,5.6038683e-08,3.7483545e-09,2.0239146e-09
ISIC_0031151,1,5.124699e-05,0.9946898,2.0529944e-09,8.206104e-08,0.005258562,4.1220712e-08,2.5040703e-07
ISIC_0024593,1,9.930593e-05,0.9999007,1.5091797e-10,1.0490495e-10,4.593499e-09,4.5401244e-08,2.7705408e-08
ISIC_0026520,1,1.1283875e-07,0.9999999,7.831944e-14,6.264603e-11,1.4748765e-08,1.2856203e-08,9.4535695e-09
ISIC_0028111,1,1.6041797e-06,0.99957603,3.2459e-07,1.8665818e-07,0.00041931565,2.9421658e-09,2.4316382e-06
ISIC_0030880,1,5.2493426e-05,0.9999461,2.2135703e-11,1.0571121e-09,1.3553314e-06,4.2632035e-12,3.940507e-10
ISIC_0025041,1,3.0220845e-06,0.99995375,1.3068739e-09,1.142893e-09,4.295394e-05,1.2535489e-07,1.4253503e-07
ISIC_0026700,1,3.9532856e-06,0.99999547,9.209577e-09,4.796131e-07,6.986516e-08,1.6934521e-11,1.9690258e-08
ISIC_0031319,1,1.1684238e-05,0.9999871,5.7469336e-09,7.0354376e-09,1.2212666e-06,1.7831114e-08,1.937624e-09
ISIC_0027572,1,4.5039505e-05,0.99995446,4.2700896e-09,1.2565714e-10,4.718254e-07,6.196653e-11,2.9077063e-10
ISIC_0027886,1,9.936888e-10,1.0,3.3005164e-14,2.227048e-10,3.9247464e-08,3.896839e-13,4.2023916e-11
ISIC_0027932,1,1.04854344e-07,0.9996532,5.3517772e-09,2.7298573e-05,0.00031934946,2.3994051e-09,2.1685749e-09
ISIC_0029918,1,0.0934117,0.90549684,3.8004367e-07,0.00037005905,5.3386134e-06,0.0007093918,6.349066e-06
ISIC_0027843,1,7.5245785e-05,0.9999069,1.2317608e-08,1.5678077e-05,1.3333366e-06,7.6969894e-07,2.7673789e-08
ISIC_0026185,1,4.2521237e-06,0.9999957,1.2867346e-10,6.0371916e-11,5.401129e-09,2.9273925e-10,7.305302e-09
ISIC_0030041,1,2.4611134e-06,0.9997894,5.9604368e-08,1.806166e-08,0.00020806618,5.3852474e-08,8.05661e-09
ISIC_0031690,1,1.908574e-06,0.9999981,2.6277652e-10,2.3754465e-10,4.034071e-10,4.2871484e-11,7.9866e-10
ISIC_0026594,1,1.2661923e-05,0.99922836,1.8019911e-08,0.0005210444,0.00023734305,1.0197708e-07,4.6284654e-07
ISIC_0027939,1,2.6819316e-06,0.99999666,1.3015045e-09,2.9800202e-09,6.8891757e-07,2.8173623e-08,3.739922e-09
ISIC_0024637,1,3.5320083e-06,0.9999964,9.162349e-13,6.9608314e-10,5.917979e-10,1.4307776e-10,3.0924303e-09
ISIC_0030906,1,7.948137e-06,0.99998355,2.8586971e-06,1.9122957e-08,5.658542e-06,4.297064e-08,1.7780913e-09
ISIC_0031291,1,4.1398707e-07,0.9999995,6.315815e-12,2.3773058e-12,5.6588343e-09,1.7629148e-11,6.77152e-10
ISIC_0024868,1,3.8419913e-08,0.9999999,1.7311984e-09,3.3713185e-10,2.8149973e-08,1.225972e-10,3.5521885e-09
ISIC_0029751,1,9.258472e-09,0.9999386,5.1426024e-08,1.9144707e-06,5.448234e-05,2.3164377e-07,4.672878e-06
ISIC_0026175,1,3.328053e-10,0.9999999,6.296073e-14,8.076609e-11,5.4550636e-08,8.46503e-09,1.0892952e-08
ISIC_0030293,1,2.4049097e-08,0.9996517,7.975052e-10,1.9309679e-10,1.8305573e-06,0.0003289349,1.7589975e-05
ISIC_0032426,1,2.9284621e-09,1.0,2.3013966e-13,1.3322244e-11,1.1076148e-08,2.7768098e-12,4.8619736e-10
ISIC_0028597,1,3.4750567e-05,0.99989533,6.9304545e-10,2.5955595e-08,6.985827e-05,2.732301e-08,7.82862e-09
ISIC_0031571,1,7.296003e-05,0.9998672,1.269158e-09,1.9499028e-06,3.795042e-05,1.9924071e-05,5.7739115e-08
ISIC_0024348,1,1.3866721e-05,0.999984,9.637894e-11,3.4676272e-11,2.1436078e-06,3.6848965e-11,4.0193832e-10
ISIC_0028356,1,0.00024069486,0.99968266,3.8334605e-12,1.3792886e-09,7.62301e-05,6.094736e-08,3.2481535e-07
ISIC_0031781,1,2.476929e-05,0.99996805,1.0164466e-10,9.2946685e-08,4.817649e-06,1.1951259e-08,2.2105783e-06
ISIC_0025878,1,0.0027532696,0.99723345,3.4703812e-06,2.438952e-07,9.449574e-06,2.316095e-08,1.2136188e-07
ISIC_0027375,1,2.4417602e-07,0.99999964,4.462125e-13,2.539691e-12,9.5812766e-08,1.2104262e-12,3.265064e-10
ISIC_0027145,1,9.575059e-10,1.0,2.710303e-12,1.6808852e-13,8.613863e-09,3.1550337e-13,1.8882274e-09
ISIC_0028365,1,9.2334915e-08,0.9996816,6.1270947e-07,3.0964036e-06,0.00031416214,2.6764585e-07,1.6530514e-07
ISIC_0027251,1,1.1179112e-09,0.99994576,1.0833352e-12,3.4785919e-10,5.42563e-05,9.861021e-09,3.1763747e-10
ISIC_0030003,1,2.905073e-07,0.99999964,2.3681916e-12,4.1879017e-10,3.8717612e-08,1.1862563e-08,1.7774902e-08
ISIC_0025298,1,3.411659e-06,0.9999964,5.0268123e-12,1.2844197e-08,1.3674685e-07,1.7554598e-08,1.5062822e-09
ISIC_0028705,1,8.595108e-06,0.9458972,1.1289325e-10,2.8065733e-07,0.054087214,2.5105115e-07,6.544384e-06
ISIC_0028775,1,1.866453e-06,0.9998306,2.3157384e-06,3.545283e-07,0.00010261025,6.186664e-05,3.3402375e-07
ISIC_0025080,1,4.779013e-08,0.99991846,6.6832257e-07,4.14831e-08,7.8155324e-05,1.6171796e-06,9.610923e-07
ISIC_0030761,1,1.3509659e-05,0.999982,5.3875255e-09,4.38275e-06,3.484379e-08,1.3933077e-09,3.451084e-08
ISIC_0030862,1,2.9405523e-05,0.99997044,3.4700048e-13,6.3153082e-15,1.4864763e-07,1.8043057e-09,3.7512937e-11
ISIC_0027318,1,8.194431e-06,0.9999918,1.09239374e-10,6.5650596e-10,1.08393925e-08,6.2834266e-10,2.267337e-09
ISIC_0032162,1,1.4003588e-05,0.9999839,1.6157119e-11,5.4271814e-09,2.1096516e-06,7.270267e-10,7.1075603e-09
ISIC_0031288,1,2.1858147e-08,0.9999397,9.384634e-11,1.1277773e-09,6.0197166e-05,5.295338e-08,9.071709e-08
ISIC_0025947,1,0.002873417,0.9971265,8.674769e-10,8.274749e-09,8.1568345e-08,3.6200156e-08,3.238728e-08
ISIC_0030000,1,2.3122025e-08,0.99998975,1.916261e-09,1.706206e-08,9.367226e-06,1.1195951e-09,8.3331116e-07
ISIC_0026817,1,3.4038612e-07,0.9999994,3.4679267e-14,2.9466218e-11,1.982989e-07,1.1475986e-08,7.164165e-10
ISIC_0027373,1,5.6677236e-06,0.99999404,6.7705824e-13,8.8663804e-10,9.3039205e-08,4.152643e-09,1.5840091e-07
ISIC_0031021,1,1.2198493e-05,0.9998592,7.499665e-08,2.7577505e-09,0.00012645914,1.9258366e-06,1.0786158e-07
ISIC_0032073,1,1.0213687e-08,0.9999989,1.086838e-10,3.4572376e-11,1.0450603e-06,7.77249e-09,3.342154e-09
ISIC_0026733,1,0.00031475117,0.9979832,3.275707e-08,6.2765503e-06,0.001694344,8.187543e-07,5.297009e-07
ISIC_0027157,1,3.3280437e-06,0.999772,2.013071e-09,4.3120054e-09,0.00022461984,3.412211e-08,3.236093e-08
ISIC_0024649,1,3.2766418e-06,0.9999887,6.9891753e-06,1.819316e-07,5.1064427e-07,2.7998186e-07,6.838414e-08
ISIC_0031437,1,6.296732e-06,0.9999926,7.967488e-11,5.2289173e-10,3.0053462e-07,7.648031e-07,2.6487271e-08
ISIC_0025482,1,5.737495e-07,0.9999988,9.794636e-10,7.456123e-08,1.8356245e-07,2.6305668e-07,1.8369473e-08
ISIC_0028048,1,6.720318e-07,0.9902035,0.0015347523,4.620461e-06,0.008222309,4.1875458e-07,3.36655e-05
ISIC_0027597,1,2.2802844e-06,0.99860245,1.0369417e-07,3.269927e-05,0.0013615869,7.713819e-07,8.6202746e-08
ISIC_0032419,1,0.00066930015,0.9991449,3.8576207e-08,2.0542217e-08,0.00014297136,6.6229906e-09,4.2749423e-05
ISIC_0025057,1,6.0027464e-06,0.9999933,6.284968e-11,1.5349604e-10,6.9172575e-07,8.337862e-11,6.552773e-10
ISIC_0025664,1,1.6829483e-06,0.9999976,2.6619104e-10,2.6463626e-11,6.643902e-07,5.3704143e-09,2.1593434e-10
ISIC_0030351,1,0.00017387344,0.9998186,6.809373e-12,2.384179e-10,7.549995e-06,5.0956945e-09,2.259416e-09
ISIC_0029266,1,3.5456377e-08,0.99323636,7.7285804e-08,4.0728237e-06,0.0067520356,2.2630971e-07,7.26849e-06
ISIC_0026540,1,9.192147e-07,0.99999785,1.0643752e-10,2.4219035e-11,3.961422e-07,7.868115e-07,4.0961947e-08
ISIC_0025678,1,1.8946788e-06,0.9999981,4.50479e-13,4.364741e-14,1.5450612e-09,1.6537173e-10,2.0977921e-10
ISIC_0024815,1,6.5612435e-06,0.99999,9.662385e-13,9.395628e-09,3.1903746e-06,1.6896922e-09,2.6681644e-07
ISIC_0026269,1,1.9277087e-07,0.99999976,1.0162908e-10,5.753691e-11,1.615737e-08,3.530946e-08,1.95108e-10
ISIC_0025146,1,0.000456992,0.9989009,4.008459e-09,4.1845415e-06,0.00063765096,1.6154081e-07,1.0839413e-07
ISIC_0026361,1,6.699037e-08,0.99999976,8.580442e-13,5.7620616e-14,9.059266e-12,1.3556219e-07,1.13758176e-10
ISIC_0028821,1,0.00023379814,0.9980003,0.0001624289,0.0002519813,0.0013355362,6.0737025e-06,9.895101e-06
ISIC_0026651,1,9.635301e-06,0.970102,3.4793382e-09,9.564998e-06,0.029878693,3.310379e-08,7.111038e-08
ISIC_0031963,1,9.844938e-06,0.99996364,1.7444361e-10,1.6738724e-05,1.4942784e-06,1.555115e-07,8.1800135e-06
ISIC_0032002,1,7.51789e-08,0.9999995,1.0988338e-11,9.817177e-11,3.708328e-07,3.2782147e-08,3.0566447e-09
ISIC_0027566,1,0.0008639084,0.99913436,1.5773349e-10,6.1644335e-11,1.645962e-06,2.4848282e-08,7.502022e-08
ISIC_0030374,1,2.3109857e-05,0.99997675,1.08839355e-08,1.2612559e-09,5.5490155e-08,1.6009933e-08,1.7761888e-08
ISIC_0030306,1,5.696002e-07,0.99984944,5.272366e-12,2.0470038e-08,0.00014417272,5.4411876e-06,2.6459608e-07
ISIC_0027881,1,1.5034645e-06,0.99999356,2.017058e-12,2.0306081e-11,4.9034884e-06,1.5512869e-10,9.4528864e-11
ISIC_0031734,1,1.699182e-07,0.99999905,3.8699182e-13,4.2576616e-11,8.1210135e-07,3.2105525e-09,3.7286968e-10
ISIC_0027910,1,8.44693e-07,0.99999654,5.9002254e-11,3.4218747e-08,4.0152136e-07,2.1967164e-06,2.7121503e-08
ISIC_0030814,1,3.1037093e-08,0.99993634,2.8656505e-10,3.5997683e-08,6.350256e-05,1.5526228e-07,4.8703097e-08
ISIC_0031504,1,0.00034356318,0.87555707,0.123675264,6.737316e-10,0.00032029016,2.7496131e-05,7.6372235e-05
ISIC_0025318,1,4.164187e-05,0.99994504,5.1841937e-07,2.0900142e-09,6.2788567e-06,6.0290363e-06,3.974226e-07
ISIC_0031882,1,1.1665415e-05,0.9999808,2.7380596e-08,7.420804e-08,7.367227e-06,8.493979e-09,1.5977845e-08
ISIC_0026812,1,1.782634e-10,0.9999988,7.456421e-12,8.237107e-11,1.7292545e-07,2.9586576e-13,1.0547717e-06
ISIC_0027605,1,1.269508e-09,1.0,2.4062832e-13,1.9552528e-10,9.0013197e-10,6.183962e-10,2.6143885e-09
ISIC_0027307,1,8.3674145e-08,0.9999975,7.575913e-08,7.738815e-08,2.1091935e-06,1.5480818e-08,7.031838e-08
ISIC_0032005,1,6.495267e-06,0.99999356,2.9376147e-11,1.9164217e-09,1.6255054e-10,1.106898e-08,1.4994321e-10
ISIC_0026731,1,7.370001e-06,0.999992,1.1659393e-09,4.0813788e-07,2.1023128e-07,2.473926e-09,2.072112e-08
ISIC_0024555,1,1.4845966e-07,0.9999908,2.0689245e-10,6.3192133e-06,7.379244e-07,1.0088751e-10,1.9892425e-06
ISIC_0030239,1,3.189572e-06,0.9999968,6.0038644e-14,1.4736107e-10,2.28136e-09,9.651984e-10,3.4967793e-09
ISIC_0024776,1,2.0016807e-05,0.99998,2.6063724e-11,2.9883346e-11,3.6388101e-09,1.200966e-10,2.2147594e-08
ISIC_0027019,1,8.664898e-07,0.99999917,2.5294876e-13,9.657836e-12,2.1613544e-09,2.6602548e-10,3.8608543e-11
ISIC_0032241,1,2.7690598e-08,0.9999306,2.1279655e-11,4.0626343e-08,6.9313515e-05,4.372534e-08,5.3339255e-10
ISIC_0029388,1,2.6829514e-06,0.99999726,4.2868874e-13,1.4314101e-09,9.601798e-08,1.5724293e-09,1.0016578e-08
ISIC_0025093,1,3.663654e-07,0.9999989,3.3113103e-09,4.7248605e-08,3.78924e-08,5.626151e-07,1.0329831e-07
ISIC_0028105,1,3.5239356e-07,0.9999994,8.515001e-12,7.573703e-12,5.0737576e-08,6.97366e-11,1.683233e-07
ISIC_0031636,1,3.5699702e-07,0.9999893,6.3008335e-11,1.0047419e-08,1.2247192e-06,3.9461358e-11,9.170655e-06
ISIC_0032088,1,6.580866e-08,0.9999999,3.1818979e-12,1.8757272e-10,2.5370142e-08,1.0854468e-10,1.3688953e-09
ISIC_0025877,1,1.6953562e-08,1.0,5.5396974e-13,1.90664e-10,8.075971e-09,1.3028426e-09,1.7963855e-09
ISIC_0027610,1,1.6013724e-05,0.99984205,1.8240506e-07,1.188245e-05,0.00011492263,1.4759319e-05,1.5949149e-07
ISIC_0031172,1,5.9381728e-06,0.9999809,6.1027546e-12,1.2968089e-08,1.27443445e-05,1.6342593e-08,3.665923e-07
ISIC_0028403,1,0.0027851982,0.994574,1.206975e-07,4.553786e-07,0.0026327248,3.6773835e-07,7.157333e-06
ISIC_0031820,1,1.4255461e-07,0.99999964,4.2632832e-13,1.518109e-10,1.648534e-07,1.4098487e-08,4.408335e-08
ISIC_0026929,1,8.24676e-06,0.9999907,2.6939193e-12,6.144246e-07,4.4235088e-07,1.0002699e-10,2.8116887e-11
ISIC_0030711,1,1.2722487e-06,0.9999987,4.858203e-14,6.803128e-10,7.4459924e-11,6.500106e-09,8.300511e-10
ISIC_0032487,1,2.4068342e-07,0.9999989,4.1393782e-13,9.941014e-09,7.2951616e-07,7.451027e-10,1.1391643e-07
ISIC_0027400,1,2.427976e-08,1.0,6.773758e-14,2.8629973e-10,4.219761e-09,1.1190919e-09,2.1227754e-10
ISIC_0024404,1,1.7229149e-06,0.9999943,9.894773e-09,2.9875027e-09,7.5599644e-07,1.3679016e-08,3.266439e-06
ISIC_0029189,1,8.882018e-05,0.9999112,1.8271468e-11,2.5601088e-10,1.072845e-10,3.8752418e-10,1.581972e-08
ISIC_0027309,1,3.308308e-08,0.9999993,8.058386e-11,2.7345873e-08,6.0010615e-07,5.453882e-09,2.9893318e-08
ISIC_0028786,1,5.996426e-06,0.9999927,1.1472265e-10,7.1029547e-07,5.489634e-07,2.514325e-09,5.2803557e-09
ISIC_0026814,1,7.205971e-09,1.0,1.6949323e-12,2.944399e-11,7.482684e-09,2.1350534e-11,1.1053628e-08
ISIC_0024392,1,5.7979647e-05,0.99994206,1.1827427e-12,5.5948124e-10,2.1227456e-10,1.0400387e-08,3.2080175e-10
ISIC_0028906,1,8.775823e-06,0.9999912,5.000052e-11,2.9782635e-10,8.5577406e-11,2.108471e-11,1.8116364e-09
ISIC_0024474,1,1.2682719e-08,0.999998,7.91755e-12,1.3862875e-06,3.7859508e-07,2.0297477e-09,1.5524743e-07
ISIC_0029181,1,4.0676692e-08,1.0,4.599384e-12,2.4771728e-11,5.0966875e-09,7.035993e-14,8.802104e-09
ISIC_0030556,1,8.7917715e-06,0.99999106,2.8248123e-10,2.4375673e-09,1.030578e-07,1.384901e-08,2.8533786e-09
ISIC_0029167,1,0.00057220436,0.99942756,7.910211e-12,3.4483725e-09,2.717102e-07,7.173733e-11,1.1549308e-08
ISIC_0027813,1,1.585681e-07,0.9999999,3.9174347e-10,1.0270558e-09,5.150582e-09,1.6533654e-12,1.9798645e-09
ISIC_0030815,1,1.3375012e-06,0.99999845,2.9389728e-12,3.7041914e-09,2.183039e-08,1.6723253e-09,2.2189242e-07
ISIC_0029117,1,1.1431578e-06,0.9999988,6.773258e-14,1.1527719e-10,3.868071e-10,3.1220256e-11,3.900491e-10
ISIC_0028021,1,4.613843e-07,0.9999547,1.5979083e-07,1.2470713e-06,1.7869025e-06,2.8583654e-05,1.31151855e-05
ISIC_0030921,1,8.222235e-07,0.9935207,2.7980293e-11,7.799388e-06,0.0064706365,3.2968248e-09,3.5598205e-08
ISIC_0026220,1,1.6444941e-06,0.99999833,9.144096e-11,2.9375535e-09,8.9029415e-09,1.4713436e-10,1.1887237e-08
ISIC_0027553,1,2.808708e-05,0.99996555,2.2022788e-09,7.9907943e-07,5.494468e-06,2.4227609e-09,1.0194273e-08
ISIC_0029287,1,7.074231e-07,0.99999845,2.140749e-09,5.3832044e-10,8.228068e-07,3.882398e-08,5.7751873e-08
ISIC_0027022,1,6.793084e-08,0.9999927,6.6708353e-12,8.260271e-09,1.9376673e-06,7.2937484e-10,5.3179324e-06
ISIC_0026628,1,1.0079934e-05,0.99997807,2.7775664e-11,1.9952273e-09,1.3936851e-07,1.1673963e-05,2.0040491e-09
ISIC_0027951,1,1.33058355e-08,1.0,2.1345016e-13,2.299107e-09,1.2541366e-09,1.1676773e-10,2.4044954e-08
ISIC_0025017,1,1.8328972e-05,0.9999815,3.2134135e-12,3.3041927e-09,2.4584043e-10,1.7761897e-07,2.8757428e-08
ISIC_0027080,1,3.8740612e-07,0.9999902,7.166528e-11,2.4054125e-06,6.7250503e-06,2.1179653e-07,2.4450914e-08
ISIC_0025894,1,0.0227574,0.9772018,7.9612175e-09,1.0496313e-07,3.590566e-05,2.7187964e-06,2.073322e-06
ISIC_0026688,1,2.0012872e-05,0.99997985,9.657612e-12,8.760563e-08,2.4508513e-08,5.196357e-11,1.14718e-08
ISIC_0025242,1,4.855846e-05,0.99995136,5.424925e-09,6.753411e-09,1.514873e-08,2.8796228e-09,8.161772e-08
ISIC_0032352,1,0.010623078,0.98937654,1.6414388e-09,6.2763843e-09,1.0951862e-07,8.6110006e-08,1.3891642e-07
ISIC_0026572,1,4.206143e-08,1.0,9.916231e-10,6.7997344e-11,1.2262831e-10,4.1751338e-14,9.8875574e-11
ISIC_0026317,1,2.3135051e-08,0.9999999,1.4705511e-11,3.1292322e-10,5.3495835e-08,2.5434946e-10,4.5024193e-09
ISIC_0024778,1,2.4446274e-07,0.99999917,5.4045386e-09,8.386266e-08,4.359892e-08,3.6437487e-07,1.6279145e-08
ISIC_0028979,1,8.0222645e-10,1.0,2.800719e-16,1.5280046e-13,3.0454857e-12,1.2541627e-13,3.0993704e-11
ISIC_0030752,1,2.142305e-08,0.99999976,4.9528825e-11,3.1923888e-09,2.9288092e-08,3.6037026e-10,2.3331482e-07
ISIC_0031508,1,5.438206e-10,0.99999964,3.3775302e-13,2.0713367e-09,4.0016573e-08,2.0905616e-10,3.1511036e-07
ISIC_0027901,1,5.3551785e-11,0.99999964,9.786858e-10,5.65426e-09,1.8612354e-07,1.8208215e-09,1.2909626e-07
ISIC_0026436,1,1.4435273e-07,0.99997914,1.7833021e-07,3.9223724e-07,2.2245397e-06,1.7789404e-05,1.6123272e-07
ISIC_0029128,1,7.663411e-11,0.9999999,1.4695348e-13,2.8323442e-12,1.038674e-07,1.1310702e-09,7.1695774e-11
ISIC_0031540,1,2.725633e-08,0.9999982,4.7872876e-11,8.553484e-13,9.647908e-07,2.9888139e-09,8.0676665e-07
ISIC_0027653,1,1.272187e-06,0.9999969,4.055997e-08,1.590052e-06,2.547856e-07,8.874006e-09,3.8841105e-08
ISIC_0027457,1,3.526152e-06,0.999944,4.479087e-08,4.309548e-07,5.1729974e-05,1.8817545e-07,2.9386841e-08
ISIC_0025126,1,2.3173426e-08,0.99999774,8.355981e-12,8.002929e-10,5.872519e-07,1.8940665e-09,1.6310172e-06
ISIC_0026064,1,3.824081e-10,0.9999994,5.1376494e-12,1.0608345e-09,5.852608e-07,5.8396725e-11,9.1246666e-10
ISIC_0029695,1,7.5958195e-10,1.0,4.1661306e-13,1.7059623e-09,7.0039965e-09,1.900011e-10,2.2233641e-10
ISIC_0030291,1,2.7372184e-06,0.99955624,0.0003713587,3.8681726e-05,2.3069495e-05,4.850024e-08,7.7975355e-06
ISIC_0026503,1,8.0236924e-07,0.99999905,5.2671382e-14,2.5621911e-09,1.5360817e-07,1.0162692e-09,2.324946e-09
ISIC_0028459,1,3.254089e-07,0.9999939,4.2306694e-10,8.6622003e-07,4.450492e-06,1.1151976e-07,3.5205872e-07
ISIC_0024977,1,2.8449108e-08,0.99999976,7.0625936e-12,1.3244853e-09,1.6128327e-07,1.3249734e-12,3.0545768e-09
ISIC_0031785,1,1.1868786e-07,0.9999999,2.5108789e-12,5.914972e-11,2.6866015e-08,1.057054e-09,1.55284e-09
ISIC_0027056,1,2.6909047e-08,1.0,3.3622722e-13,1.3893595e-10,6.2875666e-10,3.201693e-10,3.736092e-09
ISIC_0027636,1,0.0002036933,0.99979264,2.4518123e-09,2.038577e-06,3.0416695e-07,1.3159319e-06,2.2925889e-08
ISIC_0030402,1,1.534746e-08,0.9999994,1.8729361e-08,7.688117e-08,1.1861232e-07,3.4656577e-07,2.3078938e-08
ISIC_0030265,1,5.271475e-07,0.9999975,1.2795554e-06,5.9060387e-08,8.1293194e-08,4.2221842e-08,6.152121e-07
ISIC_0030505,1,7.6040084e-07,0.9999993,1.206932e-10,3.761609e-09,9.291994e-09,7.1488586e-11,4.2074597e-10
ISIC_0025119,1,1.8744441e-06,0.99785304,5.2165285e-07,2.7786964e-05,0.0021149565,1.2121208e-06,6.5076154e-07
ISIC_0028246,1,4.510276e-09,1.0,1.0809413e-13,3.2539287e-11,4.55285e-10,7.296188e-12,4.4614083e-11
ISIC_0024570,1,3.8697095e-07,0.9999974,2.8368614e-09,1.04590775e-07,1.8555041e-06,6.928247e-08,1.7553587e-07
ISIC_0028552,1,3.3891204e-06,0.9999466,1.301566e-09,2.8854167e-08,4.9916827e-05,2.4317566e-09,4.7328296e-08
ISIC_0024965,1,5.193898e-05,0.99908423,1.0808784e-06,3.445685e-06,0.00078486354,2.3325755e-07,7.424095e-05
ISIC_0027799,1,0.0012685085,0.9987313,4.1083578e-12,4.404213e-08,8.002896e-09,1.15223855e-07,7.598877e-08
ISIC_0032052,1,2.0269626e-09,1.0,3.9016325e-11,3.282483e-12,6.8272272e-09,2.2961431e-10,2.1648024e-08
ISIC_0025968,1,7.21168e-08,0.9999999,1.1199698e-12,2.215227e-11,1.0473921e-10,2.729115e-10,5.3650664e-11
ISIC_0026727,1,1.3511248e-06,0.9996414,5.487872e-09,2.7098872e-06,0.00035435596,1.7222291e-07,5.0781658e-08
ISIC_0029387,1,3.2627755e-05,0.9999598,1.4454554e-09,6.63459e-09,4.3852656e-06,9.742231e-11,3.1988334e-06
ISIC_0030468,1,1.3515191e-07,0.9999995,3.2428166e-12,3.381615e-10,7.235776e-08,2.1347753e-11,2.5631434e-07
ISIC_0031240,1,4.6668806e-08,0.9999981,1.8534813e-11,1.0382467e-10,1.343098e-06,8.0751156e-11,5.357138e-07
ISIC_0024308,1,1.2827738e-06,0.9999987,5.8322494e-09,3.7865146e-08,4.716249e-09,7.65652e-11,5.5431926e-08
ISIC_0032272,1,1.1856541e-05,0.9999881,7.441622e-12,2.8706676e-10,1.15385454e-07,8.932387e-11,1.8636694e-10
ISIC_0026200,1,3.6093347e-06,0.9999677,1.5627561e-08,2.1180528e-09,2.4873836e-05,6.41038e-10,3.7516972e-06
ISIC_0025714,1,5.2021674e-06,0.9999248,3.9043355e-09,1.2217873e-07,6.969597e-05,6.474252e-08,1.7383252e-08
ISIC_0026859,1,8.904162e-08,0.9999156,2.1020748e-12,6.723096e-09,8.428633e-05,3.6196285e-10,7.710424e-08
ISIC_0027214,1,6.008404e-08,0.9999999,1.9857869e-09,2.1394375e-09,6.820046e-08,3.472592e-08,2.0306784e-08
ISIC_0030450,1,5.2706164e-06,0.9999933,1.7693558e-10,9.60694e-07,9.738016e-09,3.8685166e-09,4.951713e-07
ISIC_0028612,1,2.6856264e-06,0.99999726,7.841487e-11,2.1458511e-10,1.50451e-08,3.8660698e-08,2.9698877e-09
ISIC_0031383,1,2.3494196e-05,0.99994564,2.4747672e-07,1.4958464e-07,1.7501121e-06,1.7994358e-05,1.0760931e-05
ISIC_0029721,1,2.0622288e-08,0.99999833,2.60366e-09,4.689248e-09,1.2907412e-06,1.06685025e-08,3.8056123e-07
ISIC_0027927,1,6.280615e-10,1.0,1.0093086e-12,1.001224e-10,4.714139e-10,7.3889797e-09,6.5225275e-10
ISIC_0030562,1,0.00020369288,0.99979633,4.097809e-11,8.9135416e-10,3.2724824e-08,4.770483e-10,1.6571858e-09
ISIC_0027119,1,3.78071e-06,0.99996066,8.656937e-10,2.0641219e-05,1.0870915e-05,1.9329063e-06,2.101308e-06
ISIC_0027542,1,5.3478737e-09,0.9999858,1.4556283e-08,7.129084e-08,1.3906848e-05,1.7096816e-08,8.8608054e-08
ISIC_0030643,1,0.003615067,0.99606764,4.843774e-08,1.4208798e-05,0.00028303167,1.9996058e-05,1.6099209e-08
ISIC_0031162,1,2.2207937e-08,1.0,1.2510289e-08,2.4086608e-10,2.2468023e-10,3.617744e-11,2.3343427e-08
ISIC_0028772,1,1.9667834e-07,0.99999714,5.6123213e-09,2.0832742e-08,1.4394108e-06,4.5458893e-07,7.8479206e-07
ISIC_0026708,1,3.016953e-07,0.99999714,2.3340604e-06,9.949481e-08,8.3228585e-08,3.0908578e-09,3.7089958e-08
ISIC_0031275,1,1.4323106e-07,0.9998307,4.7740933e-08,6.7552925e-08,0.00016657115,2.1357828e-06,2.3247166e-07
ISIC_0026965,1,6.683945e-07,0.9999993,8.5629325e-12,4.435878e-09,2.2545332e-09,5.408612e-13,1.3524922e-09
ISIC_0026734,1,2.91447e-09,1.0,2.4849206e-14,2.3759314e-10,1.0845002e-08,4.7537187e-12,1.5855857e-09
ISIC_0026983,1,4.681219e-06,0.9999949,1.6178027e-10,9.62715e-09,4.4978523e-07,1.1492378e-09,8.558173e-09
ISIC_0028514,1,1.9467096e-07,0.99999976,2.1411456e-11,3.8022363e-09,2.1633737e-08,3.130103e-10,7.3983045e-08
ISIC_0030166,1,4.2703987e-09,0.9999924,4.4887072e-10,3.9634052e-08,6.971294e-06,3.3831263e-10,6.633908e-07
ISIC_0024306,1,4.08357e-09,0.9999994,1.3058821e-09,1.9652552e-08,4.1967746e-07,9.113788e-08,2.8902052e-09
ISIC_0031775,1,1.6776416e-05,0.9999832,3.047669e-10,2.2706368e-09,2.3418801e-08,2.8257361e-08,1.5628848e-08
ISIC_0025626,1,1.1066071e-05,0.99998856,6.5624755e-09,4.6354948e-11,3.292835e-07,4.7116023e-11,6.8724453e-09
ISIC_0029009,1,3.5560255e-08,0.9999994,1.6735738e-10,2.5532122e-08,3.7502653e-07,2.15569e-09,2.402375e-07
ISIC_0029267,1,3.3666282e-08,0.9999857,2.036617e-10,6.8004556e-07,1.285837e-05,7.253919e-07,1.6168334e-08
ISIC_0026062,1,7.957976e-09,0.998992,2.6801456e-07,1.3562708e-05,0.0009937477,2.3602214e-08,3.7859823e-07
ISIC_0029864,1,1.2585337e-09,1.0,1.0518284e-14,1.820756e-13,1.5290207e-11,3.919849e-14,5.2967877e-12
ISIC_0028071,1,1.0535423e-08,1.0,1.864303e-10,5.706383e-10,2.834566e-08,3.148084e-10,4.243968e-09
ISIC_0030554,1,1.1113603e-08,1.0,2.684179e-12,1.6557633e-09,2.5399002e-08,1.2604874e-08,2.3589948e-09
ISIC_0025135,1,3.350626e-07,0.9999994,7.217985e-10,1.5067984e-07,1.0364946e-07,5.435743e-08,3.936439e-08
ISIC_0028674,1,2.7373295e-07,0.99999964,3.6379805e-12,2.9299177e-10,1.16030115e-07,5.086983e-13,3.5059833e-10
ISIC_0030073,1,2.3251567e-09,1.0,9.1267396e-11,8.266304e-09,6.4244836e-09,8.373458e-11,7.630325e-09
ISIC_0027474,1,7.9366384e-07,0.99999833,1.0226881e-11,4.2853392e-07,8.598424e-08,3.0131494e-07,8.948806e-09
ISIC_0024920,1,4.13004e-07,0.9999995,1.936157e-15,5.5908212e-11,5.0914384e-09,2.1137996e-11,8.218948e-09
ISIC_0024469,1,1.39785e-08,0.9999995,4.4934982e-08,8.740172e-08,2.9472523e-07,5.194119e-08,1.6699376e-08
ISIC_0028911,1,8.1653745e-08,0.99999976,2.0995368e-10,5.3304394e-10,1.7025496e-08,1.811102e-10,1.4726592e-07
ISIC_0027740,1,3.726319e-08,0.99999344,7.0590255e-07,2.471879e-08,2.4955784e-07,1.1461524e-08,5.508257e-06
ISIC_0032499,1,1.35918015e-08,0.99999905,1.5929258e-09,1.9085156e-10,2.1555003e-07,6.182038e-07,8.532868e-08
ISIC_0030764,1,8.845785e-08,0.99999833,1.0236821e-06,5.3878163e-10,8.686025e-10,5.287929e-07,4.8488474e-08
ISIC_0030718,1,2.8246936e-09,1.0,3.0668554e-12,1.6878277e-13,3.8376795e-11,7.7329795e-11,3.215647e-10
ISIC_0030068,1,1.8981632e-08,0.9999988,5.202101e-10,1.1414081e-06,1.8601044e-08,8.459701e-11,1.7797132e-09
ISIC_0026972,1,2.6744416e-07,0.99999666,1.0269026e-11,3.907999e-07,2.6672956e-06,5.261282e-10,1.2438298e-08
ISIC_0028927,1,1.1055483e-05,0.9999888,1.292931e-09,4.9502486e-08,1.3208633e-07,1.8206976e-09,3.5375228e-10
ISIC_0030857,1,3.951873e-08,0.9999968,1.198761e-11,3.7430645e-08,3.1845539e-06,4.691934e-09,3.3808156e-08
ISIC_0025658,1,7.347644e-10,1.0,3.995505e-15,1.8004312e-11,1.5022787e-10,1.3502913e-10,2.05241e-12
ISIC_0028277,1,6.7739705e-07,0.99999833,4.1680298e-10,1.4571596e-09,9.783212e-07,4.4951168e-10,3.47332e-09
ISIC_0031864,1,1.5669624e-06,0.9999976,1.41770355e-08,1.25377e-09,6.663989e-08,5.0979654e-10,6.8927443e-07
ISIC_0029106,1,1.3120015e-07,0.99999964,6.270049e-12,8.677624e-10,1.5593999e-08,1.3197482e-07,7.8139564e-08
ISIC_0031423,1,2.077866e-09,1.0,3.8047977e-13,9.326694e-13,1.2136263e-08,2.2947166e-13,5.7230523e-09
ISIC_0029050,1,6.5557636e-08,0.65911436,3.15697e-08,0.0030080471,0.33787358,1.0379962e-09,3.804203e-06
ISIC_0031816,1,3.457784e-08,0.9999989,1.4977422e-10,1.3726569e-08,9.726563e-07,6.928893e-08,2.662469e-09
ISIC_0029722,1,6.804469e-07,0.9999987,1.6892879e-07,1.1844183e-10,3.7415427e-07,1.8152035e-08,7.3241765e-08
ISIC_0029788,1,9.816547e-05,0.9999018,2.3445355e-09,1.0817113e-10,5.5401475e-09,2.191531e-11,6.7079524e-09
ISIC_0030480,1,9.403495e-07,0.9999989,1.9725602e-10,9.886975e-12,1.1011641e-07,4.0048784e-11,2.1262277e-08
ISIC_0027032,1,4.6697594e-05,0.99994946,6.2198136e-09,3.2285247e-10,3.8441435e-06,5.0961503e-08,2.5281133e-09
ISIC_0030867,1,5.3401445e-06,0.99995136,3.8324822e-11,5.036769e-08,4.3316042e-05,2.2139969e-10,6.552835e-10
ISIC_0031954,1,1.3409822e-06,0.99999785,1.1838526e-10,1.1781857e-09,2.5054337e-07,1.6676548e-09,5.999171e-07
ISIC_0029016,1,1.34495135e-08,1.0,1.4721558e-12,1.2797926e-12,3.6987077e-11,3.5932143e-11,5.9380584e-10
ISIC_0024826,1,2.9077585e-08,1.0,1.16823365e-11,9.009766e-11,1.8441138e-09,8.143244e-12,6.696154e-11
ISIC_0030221,1,0.0001973529,0.9994723,2.7040323e-07,2.9996072e-10,0.0003272396,1.5584809e-06,1.2928297e-06
ISIC_0028250,1,8.715382e-09,0.99999213,8.5864177e-13,1.2318223e-10,1.6997998e-06,1.4796776e-08,6.137997e-06
ISIC_0029378,1,0.00016632542,0.9998136,1.6027736e-11,1.5070738e-08,1.707907e-05,2.272941e-10,2.9641974e-06
ISIC_0026904,1,1.3040894e-07,0.9999981,3.7821687e-11,1.4142555e-06,3.048045e-07,7.1968802e-12,4.8760924e-09
ISIC_0031870,1,1.5490706e-10,1.0,2.3558133e-11,3.937727e-11,4.296157e-09,2.2782557e-11,6.74196e-10
ISIC_0025281,1,0.00014291765,0.99932873,2.6228252e-08,0.00051469635,8.716544e-06,1.7491189e-08,5.0236963e-06
ISIC_0028501,1,4.6415533e-07,0.9999994,2.8874378e-10,7.393032e-10,6.3343826e-08,6.377776e-10,1.1325835e-08
ISIC_0029956,1,7.878381e-09,1.0,7.346476e-15,1.898247e-10,9.313447e-10,4.459894e-11,2.2039105e-08
ISIC_0029408,1,3.7388543e-07,0.9999981,1.4406664e-09,1.0776231e-09,5.5835164e-10,1.1468432e-10,1.5510888e-06
ISIC_0026564,1,3.9522385e-09,1.0,2.408934e-16,8.6019267e-13,4.0277016e-08,4.3291957e-11,4.1952846e-09
ISIC_0030769,1,2.5126734e-10,1.0,2.3619412e-11,8.304207e-11,9.553455e-11,1.5189227e-11,7.074139e-11
ISIC_0024780,1,3.0145024e-08,0.9999995,2.4348407e-10,2.7260014e-11,3.2064847e-07,7.895891e-08,2.669313e-10
ISIC_0029816,1,1.9538848e-07,0.99998903,4.14906e-09,5.329488e-10,1.0638792e-05,2.8892838e-08,1.717778e-07
ISIC_0032094,1,2.172607e-05,0.9998092,1.4358691e-08,2.7430035e-05,0.0001402618,2.8768818e-08,1.4550965e-06
ISIC_0025332,1,6.9237075e-08,0.9999999,9.9271626e-11,4.1776185e-10,8.040041e-08,3.0607836e-08,6.008618e-09
ISIC_0028976,1,1.0182923e-06,0.9999989,1.5580807e-13,1.4366318e-12,9.479393e-10,3.1803873e-10,1.385659e-09
ISIC_0027785,1,1.8259301e-07,0.9999994,5.517265e-13,1.0369969e-07,7.67925e-08,8.75375e-12,1.7756304e-07
ISIC_0030495,1,2.3151924e-07,0.99999976,6.308557e-12,4.7679244e-10,1.8724046e-08,8.2169854e-10,6.425683e-09
ISIC_0028850,1,1.0531869e-05,0.9999882,4.320955e-10,1.7698135e-07,1.0106501e-06,8.664601e-08,3.5559722e-08
ISIC_0027476,1,1.4671367e-05,0.99998486,6.114979e-08,1.0552895e-09,1.4226812e-07,4.0043698e-08,2.6609897e-07
ISIC_0032196,1,1.7045316e-07,0.9999993,4.0063486e-10,2.9913053e-08,9.864634e-09,4.8027084e-07,6.5634254e-08
ISIC_0032213,1,1.4480204e-07,0.9999999,1.8704531e-11,1.978631e-08,1.18873e-08,4.4943094e-10,1.6582822e-09
ISIC_0031891,1,7.192146e-07,0.9999993,3.2787763e-12,1.7905286e-08,1.7422522e-08,1.0198122e-11,5.132848e-09
ISIC_0028729,1,8.007774e-09,0.99999976,4.5188468e-11,9.372136e-08,1.3493649e-07,4.622583e-12,7.292566e-09
ISIC_0027696,1,4.8502426e-07,0.9999994,8.688755e-13,3.946972e-12,9.769745e-08,4.3741958e-11,2.7079464e-11
ISIC_0032106,1,1.7628481e-07,0.99999976,1.21002765e-11,8.045958e-09,1.39472105e-08,2.5542606e-08,4.2760298e-09
ISIC_0032502,1,5.280085e-05,0.999579,2.3962576e-10,4.2325956e-09,0.00031247764,1.159712e-06,5.45118e-05
ISIC_0028313,1,4.4677336e-08,1.0,5.8627604e-13,2.2448748e-10,3.2442056e-11,1.8281969e-12,4.906625e-10
ISIC_0028324,1,1.3166648e-09,1.0,1.0168087e-10,1.0411594e-11,5.972342e-09,1.5627834e-11,1.04285316e-10
ISIC_0027366,1,6.365452e-06,0.9999933,1.7632672e-07,4.9257448e-08,1.4497424e-07,7.379987e-09,5.289007e-09
ISIC_0024755,1,9.203142e-08,0.9999999,5.843006e-11,7.618217e-11,2.8745986e-09,1.7414084e-09,1.2519424e-09
ISIC_0025591,1,1.2769317e-08,0.9999993,2.318071e-08,7.140642e-07,3.262848e-09,8.435171e-10,8.0766543e-10
ISIC_0029621,1,3.910024e-06,0.99999356,1.6089183e-08,1.4785456e-06,5.743174e-07,3.5759534e-08,5.326547e-07
ISIC_0030087,1,1.3077246e-07,0.9999999,3.4748224e-13,4.7006665e-12,2.8293265e-08,2.835362e-11,9.750695e-10
ISIC_0027833,1,7.55353e-07,0.99994767,3.301196e-09,9.3691676e-07,4.6286317e-05,1.7147878e-10,4.3303676e-06
ISIC_0031492,1,5.1818738e-08,0.9999968,6.242405e-09,2.6214145e-06,5.677631e-07,7.276683e-11,2.004906e-08
ISIC_0027035,1,4.2278437e-08,1.0,1.1058405e-10,9.8707025e-09,3.5527448e-09,1.2286771e-08,6.982122e-09
ISIC_0026484,1,1.3392489e-05,0.9999676,6.696451e-10,5.0140947e-08,1.8433155e-05,3.9583545e-10,6.439672e-07
ISIC_0026748,1,1.1094909e-06,0.99988425,5.9185825e-09,2.1286008e-08,0.0001135333,5.054344e-10,1.1246191e-06
ISIC_0027518,1,0.015627883,0.9843721,3.7442675e-08,5.130549e-09,5.8671973e-10,4.656104e-11,3.5149101e-09
ISIC_0031747,1,5.5827567e-08,0.9999716,3.082691e-08,4.280038e-09,2.827576e-05,1.0735737e-09,4.0412612e-08
ISIC_0027686,1,2.2819613e-06,0.9965454,0.0018484124,7.350419e-05,7.078803e-06,1.7386861e-05,0.0015059443
ISIC_0030999,1,5.209782e-06,0.9995307,2.109894e-10,7.0929694e-08,0.00045925227,4.4133963e-06,3.7525493e-07
ISIC_0027592,1,2.3877725e-08,0.9999999,9.606233e-09,2.468905e-10,1.3169084e-07,6.286585e-13,3.1439615e-10
ISIC_0031928,1,3.2975476e-07,0.99999964,6.86326e-09,1.7526474e-09,6.0795756e-08,2.1500404e-09,3.2491183e-09
ISIC_0030286,1,1.094541e-06,0.99998415,3.3332083e-07,6.441452e-08,1.2729809e-05,1.1725846e-06,3.9186943e-07
ISIC_0031634,1,9.082138e-06,0.99999,2.2564405e-12,8.9151956e-07,1.3975429e-07,3.5558223e-08,1.8908066e-09
ISIC_0028796,1,8.983907e-07,0.9999857,4.01096e-09,7.088352e-08,8.678456e-06,9.283239e-09,4.6154755e-06
ISIC_0028340,1,8.231945e-08,0.9999999,9.731882e-12,2.2004597e-10,1.1585428e-08,1.3399218e-09,4.2846157e-10
ISIC_0025949,1,5.246109e-06,0.9999943,1.5552603e-11,1.4810722e-07,3.1211604e-07,4.2749457e-09,4.6291497e-08
ISIC_0029757,1,6.278154e-07,0.99999464,1.0502853e-10,2.4018768e-06,2.0147284e-06,2.4826562e-07,7.91055e-08
ISIC_0026025,1,3.155185e-09,1.0,1.8117637e-12,2.9828037e-10,3.840834e-08,1.3038904e-11,1.5543497e-11
ISIC_0030327,1,1.4527735e-06,0.99999857,2.4237828e-10,2.7803015e-10,1.7574434e-08,1.5268672e-08,5.125572e-10
ISIC_0025369,1,5.758939e-05,0.9999337,7.5392e-10,1.0101518e-06,2.9996106e-06,3.0620033e-06,1.6188121e-06
ISIC_0030256,1,2.745432e-06,0.999966,1.4475551e-10,9.2563874e-07,2.57795e-05,1.3249769e-08,4.463349e-06
ISIC_0029767,1,3.0271904e-05,0.9999696,4.1205856e-14,5.5291294e-10,1.4257249e-09,4.0937183e-09,1.3565652e-07
ISIC_0029414,1,9.421849e-06,0.9999801,9.2782365e-08,9.152e-07,9.321083e-06,4.911502e-09,9.627802e-08
ISIC_0026155,1,5.9096834e-07,0.9999615,6.927233e-08,3.7049415e-07,3.7251826e-05,2.1480616e-08,2.731988e-07
ISIC_0024686,1,1.0581884e-10,0.99999917,6.852303e-07,7.298966e-12,1.3399234e-07,2.4269575e-10,6.5868264e-08
ISIC_0031135,1,3.181019e-06,0.99998486,1.1927156e-07,7.56105e-08,1.1385118e-05,4.492142e-10,3.492622e-07
ISIC_0025935,1,1.9108839e-07,0.9999931,4.7769904e-12,8.214479e-08,6.6074545e-06,4.3724633e-09,6.1838166e-09
ISIC_0029299,1,8.491521e-09,0.99999654,2.1662169e-07,2.4563816e-08,1.9736076e-06,1.5872627e-07,1.1413391e-06
ISIC_0029605,1,1.3882122e-07,0.999985,5.3333e-10,3.1543854e-09,2.5017148e-09,2.284061e-07,1.462757e-05
ISIC_0031767,1,1.2030566e-06,0.9999902,2.7206168e-10,1.338469e-06,7.2174657e-06,9.171222e-10,5.9331388e-08
ISIC_0031587,1,4.1978797e-08,0.9999999,4.9694955e-09,5.641332e-10,6.065666e-08,9.652848e-09,2.1246892e-08
ISIC_0029782,1,1.1636097e-06,0.9999987,5.2419065e-08,1.956568e-09,1.0447627e-07,6.200143e-11,7.1708484e-09
ISIC_0025067,1,2.274402e-06,0.9999944,1.3132533e-10,3.3877377e-06,1.8841703e-08,2.0666267e-08,1.6773466e-09
ISIC_0028661,1,1.1850154e-08,1.0,5.7688763e-12,1.5362536e-10,2.916212e-08,3.4438305e-10,1.5291264e-10
ISIC_0027272,1,1.7832862e-07,0.99999785,4.202842e-10,1.1907921e-09,1.9216616e-06,4.6023914e-09,9.5207966e-08
ISIC_0024532,1,1.4291926e-07,0.9999994,2.090008e-09,2.9965835e-07,2.3891882e-08,1.1778528e-07,7.772509e-09
ISIC_0027602,1,2.060897e-07,0.9999994,9.518031e-12,1.5112568e-09,2.2188162e-07,5.1275588e-11,1.634451e-07
ISIC_0026864,1,4.5510663e-07,0.9999957,7.2748678e-12,7.815889e-09,3.2471125e-06,3.3957605e-08,5.56054e-07
ISIC_0029398,1,2.2380346e-08,0.99999917,9.753794e-10,5.2480135e-07,3.3630363e-07,2.2964171e-10,2.0812053e-08
ISIC_0030869,1,4.367144e-09,0.99999845,5.148681e-12,2.984693e-07,1.2273975e-06,5.9099063e-09,1.9010749e-09
ISIC_0025852,1,2.6902282e-05,0.99997306,5.3135656e-11,3.1071784e-10,2.2170168e-09,1.07152474e-10,2.046151e-09
ISIC_0029768,1,1.5160417e-07,0.99999344,6.369904e-06,8.1581804e-11,7.318074e-09,3.2719527e-09,7.531116e-09
ISIC_0029261,1,0.00022907472,0.9997652,2.5586537e-08,1.1419471e-06,5.7524187e-07,1.4243158e-10,3.8798084e-06
ISIC_0031878,1,2.0989118e-08,0.9999604,1.0199072e-10,3.3010932e-07,3.9226772e-05,2.897218e-09,1.3237671e-08
ISIC_0030987,1,2.0161309e-08,0.99999714,3.1499414e-11,1.926576e-06,8.4344015e-07,5.575721e-10,3.5043872e-08
ISIC_0029338,1,5.70866e-09,0.9999999,7.4088735e-10,3.0275892e-08,1.1871525e-07,2.0555051e-08,1.0140336e-09
ISIC_0027296,1,2.4238707e-06,0.99999666,7.576781e-10,3.4242548e-10,1.3201766e-08,1.1913268e-09,9.3917595e-07
ISIC_0026548,1,3.7834848e-08,0.9999993,1.7856786e-12,1.4662422e-08,5.626465e-07,3.9952095e-09,1.4591554e-07
ISIC_0031687,1,1.4193192e-08,0.9999999,3.0245053e-13,1.1667606e-09,7.791307e-08,1.6541327e-11,6.1157174e-10
ISIC_0027134,1,9.794071e-09,0.9999958,2.261981e-09,5.436078e-07,1.1393807e-06,2.2134072e-06,1.262103e-07
ISIC_0027647,1,2.537202e-06,0.9999974,5.151021e-09,3.96095e-10,2.4646434e-08,2.3160401e-10,2.2903426e-09
ISIC_0031810,1,1.5356632e-08,0.999998,2.9074423e-08,3.6865426e-08,1.3719091e-07,1.6168193e-06,2.0141175e-07
ISIC_0025480,1,7.866102e-08,0.9999999,1.08508295e-13,1.2244706e-08,2.279823e-09,3.34224e-09,4.401604e-09
ISIC_0031846,1,0.00037132634,0.9996282,6.87835e-12,1.4929647e-07,2.2046773e-07,2.1106334e-08,8.97409e-08
ISIC_0030199,1,1.2242154e-09,0.9999999,3.5220125e-16,1.4138357e-10,6.4298426e-08,1.7119231e-10,4.9525148e-11
ISIC_0030147,1,1.4484109e-08,0.99999917,4.5072748e-11,1.6533636e-09,6.578737e-07,1.11291065e-07,8.059649e-10
ISIC_0029882,1,2.5369878e-10,1.0,9.237709e-14,2.9408125e-11,2.4228088e-08,3.8537614e-13,6.339972e-11
ISIC_0029611,1,0.001159839,0.9988398,1.6090261e-10,2.196321e-08,3.877691e-07,6.121888e-09,6.8780497e-09
ISIC_0027289,1,2.5433268e-08,0.99999964,1.1740506e-10,1.1099903e-10,3.566788e-07,7.609034e-12,3.5763899e-09
ISIC_0028742,1,1.1073403e-05,0.99997187,1.4131121e-09,2.1076565e-07,1.3743247e-05,1.0276733e-06,2.0253087e-06
ISIC_0025333,1,4.529918e-07,0.9999957,5.8767866e-09,2.3964919e-11,3.642053e-06,9.581933e-08,1.1156974e-07
ISIC_0028161,1,0.01736402,0.9824243,4.059011e-10,2.8862786e-07,0.0002059832,4.929033e-06,5.311069e-07
ISIC_0024953,1,7.858784e-08,0.9999999,4.712502e-10,9.277946e-11,7.369275e-09,4.253118e-12,3.1157546e-10
ISIC_0029446,1,6.3983094e-07,0.99999833,1.5604122e-12,3.3221005e-07,5.8439065e-07,5.8779474e-12,9.576624e-08
ISIC_0029593,1,3.3307908e-05,0.9999633,1.9348738e-06,1.9380529e-07,2.9109552e-07,3.7570246e-07,5.91584e-07
ISIC_0030467,1,1.13250145e-07,0.9999999,1.0438287e-09,1.2418146e-11,1.4654336e-10,4.730658e-10,4.308636e-10
ISIC_0025211,1,1.8639386e-09,0.99999666,5.605645e-12,1.3588133e-09,3.3151623e-06,1.148029e-08,3.061568e-08
ISIC_0029948,1,2.7894513e-09,0.99972266,5.5265076e-07,0.00022583044,4.8461086e-05,9.07623e-08,2.2974887e-06
ISIC_0025721,1,3.0227017e-08,0.99999976,9.930632e-14,5.8362476e-10,7.265219e-08,9.691853e-08,5.7820584e-09
ISIC_0029042,1,3.7342402e-06,0.9999957,8.566533e-11,1.76691e-08,4.80348e-07,6.5023555e-09,2.4656877e-08
ISIC_0024528,1,3.262334e-05,0.99994457,2.5760735e-07,1.4432846e-09,3.0480953e-06,1.938612e-05,5.169392e-08
ISIC_0024699,1,4.6503615e-07,0.9999994,8.4352915e-12,7.124072e-11,8.0146364e-08,1.1733658e-09,1.2020263e-08
ISIC_0029240,1,2.202224e-07,0.99999976,1.4395185e-12,4.762375e-12,2.1751469e-10,7.259802e-12,7.15203e-10
ISIC_0027934,1,1.0486466e-08,1.0,2.6468852e-10,6.6609394e-09,1.5371139e-08,2.8844656e-11,4.6570343e-09
ISIC_0028634,1,1.6404778e-05,0.99998343,6.484569e-15,1.2173171e-09,1.7402111e-07,1.246575e-09,1.827212e-08
ISIC_0027824,1,1.128516e-06,0.9999988,1.6839728e-10,2.9807317e-09,1.30239215e-08,5.915009e-08,2.0615445e-09
ISIC_0027611,1,1.4388097e-06,0.9997465,2.5335638e-07,8.365076e-06,0.00021427369,2.7630102e-05,1.5696525e-06
ISIC_0032010,1,3.6694752e-07,0.9999968,1.9668727e-09,5.4663553e-07,1.8964606e-06,4.2432338e-09,3.96707e-07
ISIC_0027391,1,3.159178e-06,0.9999968,2.0599669e-10,3.0207878e-10,1.54156e-08,7.198135e-12,9.061742e-09
ISIC_0031264,1,1.3162181e-06,0.9999987,2.0949426e-10,8.127507e-10,4.884035e-09,5.205594e-10,2.522834e-08
ISIC_0026639,1,4.8250018e-05,0.9999515,9.100632e-09,2.1373314e-09,1.8250974e-09,2.526205e-07,4.5585164e-08
ISIC_0031680,1,7.791615e-08,0.9999993,3.9204748e-10,1.867551e-10,5.169998e-07,7.6051286e-08,2.854164e-09
ISIC_0025207,1,5.6117183e-06,0.99999213,2.3850138e-08,5.869557e-07,1.5357613e-06,4.9346724e-08,7.122985e-08
ISIC_0025395,1,1.4600308e-06,0.99999785,6.1973418e-09,3.4830774e-09,5.1595197e-07,1.365169e-07,8.366348e-08
ISIC_0025445,1,1.6998e-06,0.9999951,5.106113e-08,1.4063174e-06,7.294835e-07,4.6257662e-07,4.4318512e-07
ISIC_0024509,1,2.3833234e-06,0.99997914,2.3069271e-08,6.1241234e-10,1.836168e-05,4.491086e-11,4.5568864e-08
ISIC_0032041,1,5.5600635e-06,0.99999344,9.629304e-09,3.579826e-10,4.623011e-07,8.850745e-10,5.451942e-07
ISIC_0031491,1,7.727747e-09,0.9998658,1.9569872e-09,3.3558713e-08,0.00013382897,4.8134056e-11,3.9951527e-07
ISIC_0032451,1,5.6752683e-09,0.9999926,2.88276e-08,7.480085e-10,7.3403276e-06,5.6533736e-11,2.9304141e-08
ISIC_0030779,1,7.3881874e-06,0.9999751,5.4619187e-10,1.0414002e-06,1.6411024e-05,1.4878019e-09,8.503435e-08
ISIC_0030113,1,3.1466854e-05,0.9999584,8.298325e-10,6.932026e-07,9.125173e-06,2.5140997e-07,5.1037614e-09
ISIC_0027705,1,1.0818878e-09,0.9999043,9.562605e-07,9.294231e-05,1.5669298e-06,1.3896777e-09,2.5276304e-07
ISIC_0028259,1,3.0359186e-06,0.9999491,8.9366396e-11,9.40272e-09,8.8011615e-07,2.2631874e-09,4.6942932e-05
ISIC_0025962,1,1.5658996e-08,0.99999726,2.056378e-08,4.2209973e-07,2.0662762e-06,1.0303367e-07,1.3039684e-08
ISIC_0030931,1,3.4644856e-07,0.99999964,9.309101e-12,4.1461616e-09,5.3304015e-09,4.902168e-11,2.1918178e-10
ISIC_0028203,1,1.3665421e-11,0.9999989,9.302967e-09,1.3708928e-09,1.0294737e-06,7.044692e-09,1.12118075e-08
ISIC_0025853,1,4.575946e-08,0.9998272,1.5008515e-05,1.4032586e-08,0.00015755401,7.143127e-08,8.63834e-08
ISIC_0024903,1,6.250672e-05,0.99953127,2.0092329e-10,5.7255386e-07,0.0004056087,9.863583e-11,2.7096375e-08
ISIC_0024724,1,5.334471e-09,0.9999999,5.5581893e-12,3.05699e-09,1.23832065e-08,7.991133e-08,3.174188e-08
ISIC_0030577,1,7.0393417e-06,0.99999297,1.2015102e-11,1.7179516e-11,8.2331715e-09,5.6065064e-10,8.1066175e-11
ISIC_0028886,1,3.0825293e-05,0.9999691,3.4951572e-08,1.4795715e-10,9.954012e-10,3.2747526e-12,4.3517248e-09
ISIC_0025420,1,1.8316862e-06,0.9999982,3.587094e-14,3.90234e-11,6.036004e-09,3.120369e-11,1.9552204e-09
ISIC_0025495,1,1.1735833e-05,0.9999156,4.0688334e-07,6.823118e-05,3.428941e-06,5.4275097e-07,1.460646e-08
ISIC_0024993,1,2.6466515e-07,0.99999976,2.5356968e-09,3.6500178e-09,7.260312e-09,4.9910076e-10,1.1652175e-08
ISIC_0031129,1,0.00023341922,0.9842461,0.00083879236,0.0002509504,0.001176922,0.0007411662,0.012512724
ISIC_0030043,1,7.266522e-08,0.99999976,4.9981307e-11,7.565732e-09,3.7995772e-08,2.847412e-09,1.5461428e-07
ISIC_0029451,1,1.9384983e-05,0.99990404,3.2684603e-13,4.7367887e-09,7.4807394e-05,7.680736e-10,1.7272341e-06
ISIC_0030671,1,1.8959234e-09,0.99999917,3.5387704e-12,8.372672e-10,7.693414e-07,2.1836142e-09,2.5366834e-08
ISIC_0028013,1,3.4518364e-06,0.99983764,2.764987e-08,2.7487313e-06,1.3828945e-05,0.00014235787,1.1050254e-08
ISIC_0030881,1,0.00020281064,0.99975675,8.304227e-06,2.36809e-05,5.0089043e-06,2.9797075e-06,3.702004e-07
ISIC_0029375,1,3.372181e-10,1.0,2.127938e-08,6.24349e-11,2.5840642e-08,5.3452237e-10,6.6237424e-09
ISIC_0028781,1,2.6138541e-06,0.99999726,7.0669354e-10,8.879365e-08,1.0704589e-08,4.2570356e-08,2.8867944e-09
ISIC_0027618,1,6.528732e-08,0.9999999,6.8081656e-12,1.3985219e-09,9.750644e-09,1.549941e-08,1.6074032e-09
ISIC_0025821,1,0.00041934307,0.99956757,1.727528e-09,4.23286e-06,1.2757805e-06,8.021584e-07,6.7105766e-06
ISIC_0029237,1,7.911874e-08,0.9999999,2.283268e-14,1.4308932e-08,5.1200736e-08,4.613632e-13,2.2574573e-08
ISIC_0025886,1,3.2889855e-10,1.0,3.7470298e-14,4.4837287e-13,6.73005e-10,3.3880552e-09,2.6069937e-09
ISIC_0026160,1,6.2362496e-08,0.99999976,9.086522e-12,7.107199e-09,1.8679377e-07,7.851601e-09,1.4331519e-08
ISIC_0028072,1,2.2123245e-09,1.0,6.6244434e-11,3.7436455e-13,6.646443e-10,4.9720787e-11,5.0604998e-12
ISIC_0027743,1,1.4261206e-05,0.9999857,6.0447963e-10,1.4853743e-08,3.47724e-09,7.321815e-09,1.0813653e-09
ISIC_0024558,1,2.4031996e-10,0.9999999,1.4345392e-11,1.8650863e-09,7.223295e-09,5.043673e-09,6.40221e-08
ISIC_0030482,1,1.1088885e-08,0.99999917,8.8329156e-11,7.917084e-10,7.295073e-07,9.750986e-10,9.258985e-08
ISIC_0024670,1,9.1408776e-11,0.99999535,6.09959e-10,1.0127545e-07,4.4443404e-06,1.1422779e-09,2.7592165e-08
ISIC_0031902,1,7.400676e-07,0.9994912,1.3538919e-10,1.33531035e-08,0.00050766073,2.4580804e-10,3.873602e-07
ISIC_0026721,1,7.75757e-06,0.9999919,1.2114766e-09,6.858199e-08,1.10065244e-07,3.452765e-11,1.3237072e-07
ISIC_0030071,1,1.1982615e-07,0.9999889,4.5476987e-09,3.7076622e-09,1.2657122e-06,9.621132e-06,2.9356396e-08
ISIC_0029321,1,1.3090678e-05,0.9996865,2.2768358e-09,1.23635875e-08,0.00030003279,8.582304e-09,3.6565348e-07
ISIC_0031300,1,2.9047336e-09,0.99997807,3.160856e-09,1.05203576e-07,2.1852891e-05,3.7266631e-10,1.9375475e-09
ISIC_0029769,1,7.1410295e-07,0.9999993,2.8124383e-10,1.3630713e-09,1.6983487e-08,4.0067442e-11,7.8271317e-10
ISIC_0025895,1,1.01560246e-07,0.9999999,1.0328662e-10,8.813522e-10,8.329151e-09,1.3282702e-09,4.732598e-10
ISIC_0030994,1,0.011047325,0.98894984,7.0562822e-09,1.1498579e-06,2.8146436e-09,1.638938e-06,7.8438696e-09
ISIC_0031028,1,2.1913317e-08,1.0,7.848964e-10,1.467137e-10,1.7289415e-09,2.900617e-09,1.775169e-09
ISIC_0030149,1,2.505286e-09,1.0,3.2513244e-14,3.0250956e-12,4.6305337e-09,1.6406226e-10,7.519683e-09
ISIC_0031252,1,2.5783959e-06,0.9999964,3.0774434e-09,1.1185059e-08,4.8696154e-07,7.130098e-08,3.444444e-07
ISIC_0025570,1,9.8465435e-08,0.9999999,3.6395522e-11,2.111268e-09,1.26478845e-08,1.8544473e-10,8.071947e-10
ISIC_0029934,1,0.0012817101,0.998694,3.6409105e-08,2.093354e-05,8.021646e-07,2.4657837e-07,2.3035714e-06
ISIC_0028606,1,3.3150794e-08,0.9999993,4.794084e-14,2.1884572e-11,7.399119e-08,3.41491e-14,5.918875e-07
ISIC_0026309,1,6.7926026e-06,0.9999932,1.6929776e-10,2.8627063e-09,3.6998649e-09,2.2821188e-08,1.820283e-08
ISIC_0031847,1,7.8261326e-07,0.9999988,5.1087634e-11,5.119297e-08,8.670225e-09,1.1003457e-10,3.7140055e-07
ISIC_0031003,1,5.7604837e-05,0.9999416,2.1748378e-10,1.1124316e-09,7.6814024e-07,6.8903794e-09,7.259644e-08
ISIC_0027399,1,0.00013267585,0.99986565,8.0421785e-09,5.646342e-07,9.525701e-07,4.344626e-08,1.5737541e-07
ISIC_0025291,1,1.4276109e-09,0.99999845,9.4096876e-11,1.2690753e-09,4.7431493e-07,4.4363205e-10,1.1300978e-06
ISIC_0026919,1,0.00016861087,0.9998234,4.781729e-07,4.7450623e-08,6.7542574e-06,7.621259e-08,6.7781224e-07
ISIC_0027761,1,0.0012985364,0.9987012,2.8832674e-09,7.255231e-08,2.4344013e-08,5.373843e-10,3.7781703e-08
ISIC_0029361,1,2.2755712e-06,0.99952996,2.5665937e-05,6.983481e-05,0.000120085155,0.0002517572,3.9514094e-07
ISIC_0027450,1,1.2957748e-05,0.99998665,2.0292157e-11,3.4106677e-07,1.21271695e-08,7.001606e-09,1.8307017e-09
ISIC_0024339,1,1.0482981e-06,0.99999857,8.925008e-10,1.2933241e-08,3.3582046e-07,1.4408567e-09,1.4787644e-08
ISIC_0030152,1,1.4926833e-07,0.9999995,1.3389146e-09,5.670165e-10,3.688625e-07,8.3827906e-10,8.4952684e-10
ISIC_0028867,1,0.0001303137,0.9998696,3.2711858e-09,7.74284e-09,1.8095523e-08,3.070241e-09,1.4301639e-08
ISIC_0031607,1,3.433836e-09,1.0,1.2855522e-11,3.2555614e-11,5.460214e-09,1.8527116e-10,3.1228484e-09
ISIC_0024801,1,1.3019589e-08,1.0,1.1505853e-14,1.1632797e-11,9.768813e-09,3.9020303e-13,3.414763e-10
ISIC_0031180,1,6.1712117e-06,0.99918455,0.00026001415,0.00012017756,0.00030132302,0.00012562783,2.0943353e-06
ISIC_0024384,1,9.242807e-09,1.0,4.8476737e-11,5.771746e-09,4.787253e-10,4.0775383e-10,1.2289172e-10
ISIC_0026483,1,9.959708e-10,0.9999993,1.3129053e-08,8.785246e-08,2.3767015e-07,3.8234882e-07,1.8318365e-08
ISIC_0027481,1,3.1951622e-08,0.99979,4.2454512e-06,3.3309976e-07,1.3249845e-05,2.0856386e-07,0.00019191545
ISIC_0027489,1,2.430831e-07,0.9999988,1.9615491e-09,8.749852e-09,7.4797714e-07,2.8111462e-09,2.5515325e-07
ISIC_0026332,1,1.1080625e-05,0.9999888,3.562904e-09,5.6354006e-09,1.1739389e-07,3.0575376e-10,1.6150128e-09
ISIC_0024326,1,1.9196579e-08,0.9999999,6.9680255e-11,6.025397e-09,4.1531766e-08,2.9508558e-09,2.197613e-09
ISIC_0024600,1,1.1234583e-09,0.9999994,5.837306e-09,9.764323e-08,6.165039e-08,3.586988e-07,2.2948786e-08
ISIC_0028321,1,1.3323996e-07,0.99999976,9.34192e-08,1.0585398e-11,3.891986e-10,9.874673e-09,5.5524624e-10
ISIC_0026386,1,8.994135e-06,0.99999106,5.1530977e-14,9.2697015e-09,4.896781e-11,7.4984317e-13,8.975707e-11
ISIC_0027386,1,1.4728919e-08,1.0,4.601859e-12,1.2798896e-09,2.1047478e-08,2.9988664e-11,1.6847844e-10
ISIC_0031096,1,9.23368e-09,1.0,1.1284896e-15,1.4066828e-11,1.5759534e-08,1.5069987e-11,4.0103365e-09
ISIC_0027441,1,2.1127329e-09,0.9999362,4.2855814e-12,4.546514e-09,6.350206e-05,9.661209e-08,1.1022467e-07
ISIC_0028549,1,1.4299815e-06,0.99999845,3.3709265e-11,2.1183865e-11,3.0264534e-08,9.2370556e-11,3.5887826e-08
ISIC_0031251,1,3.5847166e-05,0.9999639,4.852508e-09,2.2535364e-10,1.6269422e-07,4.9395943e-10,1.0916963e-07
ISIC_0028273,1,5.095572e-07,0.9999994,3.136225e-08,3.0582952e-09,1.1826618e-08,3.163917e-08,1.8719246e-09
ISIC_0032438,1,4.7108452e-07,0.9999995,7.883509e-15,4.365237e-11,2.3192424e-09,9.73173e-12,9.518993e-09
ISIC_0031628,1,0.0039873472,0.9957229,2.0488078e-11,0.00023186866,5.7147932e-05,3.6473534e-08,7.8960835e-07
ISIC_0027792,1,3.3704948e-06,0.99998426,6.126404e-08,1.2033163e-05,2.4786752e-07,2.3297689e-08,1.3023035e-08
ISIC_0032000,1,1.3084152e-06,0.999998,4.2660808e-10,1.5093647e-09,1.359676e-07,5.625266e-07,3.1774148e-09
ISIC_0027443,1,2.1762699e-07,0.99999845,5.039937e-12,1.2987029e-08,4.6153735e-07,6.066904e-09,8.656962e-07
ISIC_0026534,1,9.793254e-06,0.9999901,3.160439e-11,1.0728519e-10,1.3000105e-08,5.9608996e-10,4.0974527e-08
ISIC_0026938,1,1.536676e-06,0.99999726,1.7799326e-11,9.531961e-09,1.0757586e-07,1.0255151e-06,2.3635563e-08
ISIC_0031307,1,2.7063415e-06,0.99999726,1.5955213e-11,4.390308e-12,6.889163e-08,5.4659324e-12,1.4964707e-08
ISIC_0032431,1,1.4723461e-06,0.9999888,5.75015e-11,7.148743e-07,2.183753e-06,2.8959314e-06,4.002931e-06
ISIC_0026146,1,9.244248e-06,0.9999902,2.3932026e-08,2.7990446e-10,2.5164066e-08,5.0200725e-07,5.989021e-08
ISIC_0027666,1,3.962163e-08,0.9999974,3.9771103e-11,3.446261e-09,1.0682338e-06,9.247254e-07,5.5061435e-07
ISIC_0030415,1,2.2409017e-08,0.9999995,2.6588292e-11,2.1293194e-10,3.40175e-08,1.12563285e-10,4.178919e-07
ISIC_0025037,1,2.8310055e-06,0.99999714,6.7381543e-12,1.3128047e-12,1.9260402e-09,1.7697609e-10,5.3262212e-09
ISIC_0031439,1,0.0014632859,0.9985322,1.9770724e-08,4.7563552e-07,3.1430407e-06,1.5390365e-10,9.0801177e-07
ISIC_0031255,1,4.4451545e-07,0.9999664,7.099984e-09,3.106791e-06,2.8095059e-05,1.9243205e-06,1.0158587e-08
ISIC_0025646,1,0.00059278955,0.99929893,2.6197415e-07,1.210356e-08,0.000106254556,1.2925006e-08,1.787346e-06
ISIC_0030634,1,9.446203e-06,0.99999034,1.2746942e-11,1.2178209e-08,2.6539539e-07,1.0394275e-10,6.0180433e-10
ISIC_0030185,1,8.37489e-10,0.9999989,4.5616614e-13,2.4917668e-10,1.0353674e-06,7.537663e-10,2.945657e-09
ISIC_0029787,1,0.00023431887,0.99836665,1.6131261e-06,5.47174e-05,5.607233e-05,0.0012799845,6.5901677e-06
ISIC_0027809,1,4.4791767e-07,0.9996861,1.6724345e-09,5.3141146e-05,0.00025873317,3.9654875e-08,1.5421707e-06
ISIC_0028312,1,1.6081984e-06,0.9999932,1.0211558e-09,3.2858642e-07,4.6700234e-06,1.8924592e-08,2.0317738e-07
ISIC_0029607,1,3.1733847e-09,0.99999905,6.3128613e-12,1.9308295e-09,9.509878e-07,6.6348906e-12,5.5397775e-09
ISIC_0029863,1,3.301013e-07,0.99999917,9.469808e-12,5.5599514e-10,4.1293256e-07,1.2879062e-07,1.0731043e-08
ISIC_0032493,1,1.5806325e-05,0.9996082,3.6864325e-09,4.2580564e-07,0.00037424205,3.118276e-08,1.227348e-06
ISIC_0026197,1,4.39294e-09,0.9999999,1.34227e-09,9.609801e-10,1.0356256e-07,3.2491186e-13,5.169856e-08
ISIC_0024391,1,6.09724e-08,0.9997806,0.00021395327,1.3882628e-06,8.043492e-08,1.3223279e-08,3.849128e-06
ISIC_0032208,1,2.172955e-09,1.0,1.294364e-13,2.7532464e-12,1.924676e-09,4.6581138e-11,2.9577743e-10
ISIC_0024750,1,3.7425193e-12,1.0,9.582968e-14,7.133074e-12,2.3669888e-10,1.5665817e-12,1.4838168e-10
ISIC_0031480,1,6.463418e-08,0.99999917,1.7755866e-10,4.3897852e-10,7.2900514e-07,1.3132878e-09,2.6345746e-09
ISIC_0025565,1,1.6696456e-06,0.99977225,1.8752342e-08,2.808304e-07,0.00011211385,9.554933e-09,0.00011376985
ISIC_0025012,1,0.0005902342,0.9989579,7.1233444e-08,3.7712615e-09,0.00045162972,8.460206e-10,1.8216659e-07
ISIC_0029620,1,1.0375821e-05,0.9999894,7.303232e-10,3.993349e-09,1.0510449e-07,1.3993532e-07,3.9348347e-10
ISIC_0024483,1,3.730188e-06,0.9999963,5.4799387e-11,3.110619e-10,1.3704133e-09,1.1001153e-08,3.3246548e-09
ISIC_0027992,1,4.2197476e-06,0.9984915,1.0673249e-05,9.406254e-06,0.0014800883,7.671313e-08,3.926143e-06
ISIC_0025725,1,1.7685021e-08,0.9999999,6.745998e-10,3.7382247e-08,3.7883613e-08,2.4641456e-09,1.3948808e-08
ISIC_0025889,1,5.9151137e-09,0.9999999,6.223853e-13,7.6206624e-10,1.18873e-08,1.4824786e-10,1.2782075e-07
ISIC_0031098,1,2.8230315e-07,0.99999976,4.4206114e-12,4.6704723e-10,5.7399188e-09,2.5579228e-11,1.9115964e-09
ISIC_0030708,1,5.3614123e-08,0.9999999,1.9833063e-14,8.549588e-12,1.526971e-08,7.974296e-11,1.5489087e-09
ISIC_0032390,1,1.0400839e-06,0.99999785,2.0539225e-07,1.1272112e-08,8.473154e-07,7.345694e-10,6.927762e-08
ISIC_0028799,1,3.285927e-05,0.99996066,3.3379683e-09,5.412805e-07,1.9226227e-09,5.8827295e-06,4.534252e-08
ISIC_0028601,1,3.7614186e-06,0.9999958,4.137086e-12,1.04165565e-11,4.324045e-07,2.0467898e-10,3.3399452e-09
ISIC_0031246,1,0.00025187578,0.99974805,1.4904133e-11,1.7996042e-10,3.5163612e-08,2.9018505e-09,7.443172e-08
ISIC_0031899,1,6.441787e-08,0.9999999,6.733483e-12,5.1064313e-11,1.7110368e-08,6.438074e-09,2.9010152e-09
ISIC_0031530,1,4.3984986e-05,0.9999559,8.8020554e-12,1.280895e-10,6.808906e-08,3.2219667e-08,7.477789e-09
ISIC_0026881,1,3.1305156e-06,0.99998164,2.9741563e-12,1.761528e-08,1.4828823e-05,3.2715525e-07,2.0323073e-08
ISIC_0025459,1,2.284127e-05,0.99997663,1.0713218e-07,8.497865e-09,4.380154e-07,2.0666727e-08,9.111021e-09
ISIC_0029256,1,1.7421845e-08,0.99999285,4.374877e-11,1.593303e-08,7.1921445e-06,2.5715422e-12,2.035875e-09
ISIC_0030331,1,2.7319876e-08,1.0,5.7589544e-10,4.6708144e-09,7.8954054e-10,1.3625172e-11,3.6149337e-09
ISIC_0024527,1,0.00046896978,0.99952674,4.7087955e-08,7.3356624e-08,2.244506e-06,1.7597852e-06,9.358309e-08
ISIC_0025464,1,6.518927e-05,0.99993443,7.373442e-10,8.731955e-08,7.8110176e-08,9.48031e-08,5.856543e-09
ISIC_0029011,1,6.5981434e-09,0.99999976,2.9645056e-10,6.5454353e-09,2.8815452e-07,6.28881e-11,5.055931e-10
ISIC_0027499,1,1.2377112e-06,0.9999987,1.9637883e-12,4.2290896e-11,2.0587711e-08,7.7546664e-11,1.10581794e-10
ISIC_0027448,1,1.14232055e-08,0.99999964,2.7751568e-12,1.9968789e-07,6.182893e-08,3.78231e-12,6.8658133e-09
ISIC_0031101,1,8.075794e-07,0.99999905,1.4858085e-11,6.354221e-09,6.715048e-08,1.7922426e-09,2.7453938e-08
ISIC_0025532,1,7.404623e-05,0.99992406,2.8310077e-11,4.013516e-08,1.8709028e-06,8.889801e-11,4.8282036e-08
ISIC_0025159,1,2.0837863e-06,0.99979275,1.5005329e-10,2.1951597e-07,0.00020471164,8.442333e-09,2.0394434e-07
ISIC_0026925,1,6.0076246e-08,0.9999999,6.509861e-14,5.773637e-10,1.8028175e-09,5.284592e-10,5.2510535e-10
ISIC_0024521,1,0.00012977207,0.9972115,9.292691e-09,4.0115572e-07,0.0026574316,6.323741e-07,3.8340875e-07
ISIC_0031849,1,1.0563883e-06,0.9999988,3.7567665e-13,9.620337e-10,8.62109e-08,1.6161946e-08,2.251365e-09
ISIC_0028553,1,1.4724167e-08,0.99999964,9.379215e-12,6.545778e-11,3.2258203e-07,7.509786e-10,7.736115e-08
ISIC_0026073,1,7.589217e-06,0.9999924,2.495202e-11,7.140932e-11,1.5145538e-08,1.1580629e-09,3.0416142e-08
ISIC_0032406,1,5.4027107e-05,0.999946,2.5452003e-11,7.040491e-09,1.7641137e-09,1.457155e-10,3.0002448e-10
ISIC_0026793,1,1.4779188e-05,0.9999838,3.0270006e-10,9.169821e-09,1.0839037e-06,2.9235872e-07,9.060298e-08
ISIC_0025797,1,1.6971005e-06,0.99999833,3.5391912e-13,2.5880031e-10,1.2866154e-10,6.0722455e-11,3.9277984e-10
ISIC_0028320,1,1.06755614e-07,0.9999993,1.8156111e-10,2.011638e-07,1.0568549e-07,2.330625e-09,3.060719e-07
ISIC_0025590,1,1.2246223e-06,0.9999988,1.2863913e-12,2.3068282e-11,4.2695927e-10,3.2913644e-11,2.775572e-09
ISIC_0028949,1,7.170338e-09,1.0,3.082833e-11,7.196796e-09,4.6631854e-09,1.03438985e-11,2.34663e-10
ISIC_0031755,1,3.743963e-08,0.9999964,1.5912031e-09,5.8958665e-09,3.5157293e-06,2.5189901e-09,1.9594367e-08
ISIC_0026703,1,2.3666184e-05,0.9999763,2.5242742e-12,2.6625288e-10,3.932504e-09,2.302283e-12,2.434364e-08
ISIC_0030052,1,7.049787e-08,0.9580861,1.0061061e-06,0.041364815,0.00044622237,0.000100487116,1.3170265e-06
ISIC_0032293,1,1.2383869e-05,0.999987,7.853526e-12,5.527971e-10,6.1147676e-07,3.774416e-11,1.896205e-08
ISIC_0026931,1,1.0368901e-08,1.0,1.846115e-14,2.1546624e-10,8.9522145e-10,1.3415976e-08,5.019034e-11
ISIC_0026019,1,7.5327125e-07,0.9999993,5.3122666e-11,1.0316631e-09,3.7244705e-09,1.4894881e-12,1.5696368e-09
ISIC_0027818,1,6.3973125e-08,0.99990976,7.199307e-08,7.393453e-05,1.2870349e-05,7.280424e-07,2.6611185e-06
ISIC_0026617,1,5.5063417e-08,0.99999475,6.874579e-11,4.2494213e-09,5.2322316e-06,1.0005206e-09,1.1076343e-08
ISIC_0031533,1,7.824615e-06,0.99999034,4.184774e-13,6.5374515e-09,1.8494281e-06,8.635482e-12,4.727927e-09
ISIC_0026903,1,6.473105e-11,0.9999989,1.6623704e-11,5.211111e-09,2.3914225e-07,1.597377e-09,7.979637e-07
ISIC_0026587,1,2.6954379e-09,0.9999995,6.2140533e-09,1.1930068e-08,4.2693397e-08,3.7947586e-07,2.2731712e-08
ISIC_0028018,1,1.9696806e-06,0.999998,7.320959e-12,8.3895e-09,2.781187e-09,2.1891799e-08,5.474998e-10
ISIC_0025645,1,1.5830165e-10,1.0,1.7750807e-13,1.2661829e-13,4.4357518e-10,5.9995373e-13,6.1505634e-11
ISIC_0030004,1,1.4464169e-05,0.9999733,1.1112815e-09,2.0590633e-07,1.0043701e-05,1.6805209e-06,2.6897155e-07
ISIC_0027551,1,8.246117e-09,1.0,2.3327388e-13,6.2485084e-10,4.4572133e-08,7.044333e-10,1.0739952e-09
ISIC_0030633,1,8.330356e-09,0.9999995,8.251957e-11,9.424557e-10,3.2984968e-07,1.6466608e-07,2.500759e-09
ISIC_0025690,1,2.829365e-07,0.99999964,2.6707463e-09,6.0269247e-09,2.4647795e-09,5.115594e-11,6.862413e-08
ISIC_0030018,1,1.3434664e-05,0.9678717,3.6749996e-05,0.001028965,0.0061388304,3.6045633e-06,0.024906768
ISIC_0029005,1,7.2354034e-08,0.99997866,1.6224673e-10,3.2788263e-09,2.0786745e-05,8.486032e-08,3.038553e-07
ISIC_0025050,1,4.9623045e-10,1.0,2.4527533e-11,6.345746e-10,4.707926e-08,3.343881e-08,2.4291051e-09
ISIC_0026636,1,6.7277004e-05,0.9999325,8.971498e-08,1.30609425e-08,5.4380546e-08,4.520254e-09,1.7304291e-08
ISIC_0024373,1,2.9303484e-08,0.999995,3.1049112e-07,1.2721407e-10,4.186848e-06,1.4468125e-07,3.5042075e-07
ISIC_0031232,1,3.846668e-08,0.9999995,5.486825e-12,7.4216038e-09,4.3766886e-07,6.480434e-11,1.7176107e-09
ISIC_0030872,1,2.2455063e-06,0.99998164,2.5963233e-08,2.8470363e-06,8.1781645e-06,3.5566036e-06,1.4602092e-06
ISIC_0029314,1,2.7454544e-06,0.99999607,1.8868338e-09,8.203758e-07,3.0562353e-07,1.6107432e-08,2.3412763e-08
ISIC_0027465,1,1.7604388e-07,0.99999964,7.8758604e-11,1.3566783e-07,9.552828e-08,1.1428698e-08,4.0391455e-09
ISIC_0030938,1,9.343674e-09,0.99999344,1.826048e-09,1.1984662e-08,6.576758e-06,1.3026633e-08,1.6166383e-09
ISIC_0030559,1,0.00019806376,0.99971455,6.4827965e-09,7.045958e-08,8.72013e-05,7.493258e-09,4.0143668e-08
ISIC_0024678,1,3.1967968e-06,0.99998295,1.5445383e-11,7.489342e-12,1.2868173e-05,4.916572e-11,9.620373e-07
ISIC_0030530,1,1.8810358e-07,0.99999976,2.8951605e-13,4.937009e-11,2.0209947e-08,2.50252e-09,1.4840953e-08
ISIC_0029965,1,6.6635707e-06,0.99998915,4.5691055e-09,9.598762e-10,2.4380106e-06,1.3949945e-07,1.6508791e-06
ISIC_0030364,1,5.4942995e-10,0.99999607,3.4239372e-11,1.2721796e-12,3.97129e-06,2.2111484e-08,1.23547315e-08
ISIC_0024606,1,9.425708e-06,0.9993493,3.5691045e-07,7.8029125e-06,0.00055903697,5.9561065e-05,1.45494405e-05
ISIC_0031912,1,4.515228e-09,0.9999969,8.6475466e-10,9.034601e-08,2.827883e-06,3.8951793e-08,1.2196972e-07
ISIC_0028028,1,1.787346e-07,0.99999917,1.8511602e-09,1.00630004e-07,2.7885056e-08,4.3747423e-07,1.1110219e-09
ISIC_0029468,1,2.5628102e-08,0.99999976,9.456988e-14,1.6311043e-08,2.1016233e-07,1.2302913e-10,1.9079138e-09
ISIC_0030641,1,1.5035287e-05,0.9999795,8.099098e-09,4.3206214e-06,2.7885054e-07,1.24402435e-08,9.1094404e-07
ISIC_0031248,1,2.4950261e-06,0.9999975,6.2717366e-11,4.1785953e-11,8.986669e-09,3.14385e-11,1.7121418e-09
ISIC_0030317,1,9.372052e-11,0.999998,5.656674e-14,2.1710561e-10,1.997528e-06,2.9790792e-10,5.303167e-08
ISIC_0030515,1,2.2601547e-08,1.0,6.169385e-15,1.6172895e-10,1.2929695e-10,3.463553e-10,1.14559265e-10
ISIC_0028006,1,4.5163793e-09,1.0,1.3495438e-11,4.633767e-09,4.8976915e-08,5.6174718e-11,1.9154838e-09
ISIC_0024565,1,1.7134627e-05,0.99998283,1.4943955e-08,6.5880684e-10,1.0583276e-08,8.876878e-09,3.6285854e-08
ISIC_0028311,1,2.003164e-07,0.9999865,9.998426e-14,1.242942e-08,2.3652131e-08,1.3229834e-05,2.4043427e-09
ISIC_0027336,1,1.2290919e-08,1.0,7.0168892e-12,5.1605115e-10,8.59745e-09,1.5199493e-10,1.2942951e-09
ISIC_0028776,1,0.00025623222,0.99974245,2.0823425e-08,4.1059909e-07,4.5812283e-07,4.9424983e-07,2.724619e-08
ISIC_0029971,1,3.3340733e-08,1.0,4.269074e-15,5.991275e-11,4.711946e-10,1.2650706e-12,3.0094913e-10
ISIC_0032097,1,7.608885e-09,0.9999995,8.804169e-12,4.774469e-09,2.912085e-09,4.26233e-10,4.1814585e-07
ISIC_0025727,1,1.262812e-08,1.0,7.7602323e-13,1.5364506e-09,2.4076849e-08,8.385221e-11,1.1728832e-09
ISIC_0026373,1,2.9946575e-06,0.9999968,3.28942e-10,6.55302e-10,2.8839436e-08,1.2769894e-08,1.366757e-07
ISIC_0027280,1,0.00013535311,0.9998634,3.9020414e-09,8.527447e-08,4.2305228e-07,1.0125792e-09,6.9935163e-07
ISIC_0030531,1,1.0550227e-06,0.9999975,9.502156e-09,8.2066816e-07,5.5193084e-07,3.3118753e-12,2.986836e-08
ISIC_0026485,1,0.0004353674,0.9983163,0.00014804347,4.2807287e-08,0.0008996588,0.00019997508,7.512315e-07
ISIC_0026195,1,3.21341e-06,0.9999964,8.644169e-12,8.35595e-09,2.0389702e-07,1.2285655e-07,4.852083e-09
ISIC_0030424,1,3.684479e-05,0.99996305,3.4617447e-08,4.448494e-09,6.212156e-09,7.403509e-08,6.4513825e-09
ISIC_0025284,1,0.0015138534,0.99586236,3.635922e-07,7.4347656e-07,0.0026176607,1.1512446e-06,3.879327e-06
ISIC_0029250,1,9.3541496e-07,0.99999905,2.9327057e-10,4.9928174e-12,4.209166e-11,1.1814122e-12,5.3672008e-11
ISIC_0032357,1,2.0424093e-08,1.0,2.8034734e-11,5.911119e-10,2.4279343e-08,2.1701148e-08,1.3951445e-08
ISIC_0030025,1,1.0101471e-07,0.9999753,1.1486171e-09,2.7449362e-08,2.4040066e-05,1.1384576e-07,3.6588577e-07
ISIC_0026050,1,1.9875914e-08,0.9999999,1.5764237e-10,1.4569611e-10,9.021054e-09,8.9075547e-10,6.388451e-08
ISIC_0029529,1,3.6672745e-07,0.99999857,1.7213504e-10,8.090703e-08,9.73091e-07,5.750303e-08,7.637537e-09
ISIC_0030848,1,2.922176e-08,0.9999964,4.8225993e-11,2.8077485e-08,3.5209168e-06,5.64966e-13,3.619642e-08
ISIC_0027803,1,2.6626667e-06,0.9999974,3.6531323e-11,6.2304535e-09,1.0775674e-08,3.4405094e-08,2.9834105e-10
ISIC_0028852,1,8.793836e-07,0.9999976,1.8695132e-12,2.9234212e-07,1.1284512e-06,2.479235e-09,1.3646144e-07
ISIC_0028064,1,2.2375405e-08,0.99999964,1.6453798e-13,2.1092732e-11,1.02687095e-10,9.637622e-11,3.5292837e-07
ISIC_0032104,1,1.39798e-05,0.99998605,2.5090802e-10,2.9250229e-08,3.679105e-10,4.0015814e-11,9.141168e-09
ISIC_0024401,1,1.0587269e-09,1.0,1.1530931e-16,7.621154e-11,6.3235506e-10,1.0862583e-11,3.357812e-09
ISIC_0029424,1,2.1477943e-07,0.99999964,3.151546e-12,9.4377395e-11,1.2575812e-08,1.3585452e-09,7.075052e-08
ISIC_0027196,1,5.6501317e-06,0.9999944,1.2080177e-10,8.733303e-10,6.911884e-09,1.4069984e-09,1.3676089e-09
ISIC_0032101,1,1.4805513e-06,0.9999901,2.9335846e-11,2.9516233e-11,4.6149503e-06,3.5814467e-06,2.6586014e-07
ISIC_0029253,1,3.0911966e-08,0.99998415,1.1719964e-10,1.8152096e-10,5.9324203e-09,1.7074782e-09,1.5772901e-05
ISIC_0029797,1,1.8166973e-07,0.99999976,1.1076784e-11,3.9116874e-09,7.2933354e-08,1.7869421e-10,1.9652072e-08
ISIC_0025486,1,7.637406e-09,0.9999969,4.0507592e-10,2.9139233e-08,2.5520935e-06,3.9110532e-07,1.9295221e-07
ISIC_0025070,1,8.928447e-09,1.0,6.970422e-14,1.1665309e-10,7.131949e-11,3.0721557e-11,6.1464796e-12
ISIC_0030850,1,2.5948397e-09,1.0,2.7534145e-12,3.697426e-10,3.5657926e-09,1.6034629e-12,2.406507e-10
ISIC_0026547,1,3.0643425e-11,0.9999999,2.182098e-11,9.998442e-11,1.4712036e-07,6.4733665e-12,1.1873608e-09
ISIC_0025673,1,5.975068e-08,0.99996567,3.0782648e-09,2.2676163e-08,3.4069126e-05,3.5406695e-09,2.1704057e-07
ISIC_0026095,1,5.899939e-07,0.9999993,1.5233614e-10,3.688109e-08,5.849501e-08,1.1176854e-09,2.9625516e-08
ISIC_0030628,1,1.5836362e-07,0.9999999,3.1060692e-11,2.0601973e-10,1.3760628e-09,3.0776025e-08,1.2233191e-09
ISIC_0026990,1,3.4367997e-07,0.9999995,1.3953246e-12,6.4414707e-10,6.8032286e-09,8.5990244e-08,1.6662935e-09
ISIC_0026250,1,4.8197177e-05,0.9999516,3.2636369e-10,1.4347587e-07,8.9179956e-08,3.9054772e-08,3.1902154e-08
ISIC_0029700,1,9.4684395e-07,0.99999905,2.0007298e-13,1.3459733e-09,7.426779e-10,3.5973136e-10,1.7305465e-09
ISIC_0030405,1,1.0377378e-07,0.9982033,1.1427374e-12,0.00040450154,0.0013920878,5.229708e-09,5.1640434e-08
ISIC_0026767,1,1.3679266e-07,0.99999774,1.5894731e-09,1.3929556e-08,2.147259e-06,7.1023293e-10,1.339505e-09
ISIC_0027104,1,8.960353e-12,1.0,9.334409e-15,1.7692611e-12,3.157891e-11,4.4598574e-12,1.1360886e-09
ISIC_0030651,1,8.079825e-09,0.999985,1.4378627e-07,2.3804978e-06,1.192809e-05,1.496239e-07,3.965964e-07
ISIC_0024350,1,1.0695968e-08,0.9999964,1.6915183e-13,6.345263e-10,4.507863e-08,1.8846116e-09,3.5526016e-06
ISIC_0024526,1,2.9452879e-06,0.999997,3.6185976e-10,6.1327426e-10,1.5424044e-08,9.831586e-10,2.656282e-08
ISIC_0031751,1,1.7907537e-07,0.9999995,9.565755e-08,1.0489327e-07,7.346975e-08,1.6303754e-09,2.502157e-09
ISIC_0032346,1,4.6323284e-12,1.0,9.844139e-12,2.7067307e-10,6.230161e-09,3.5895665e-13,2.9243428e-09
ISIC_0025393,1,0.0001167924,0.9906657,6.208784e-06,2.58503e-05,0.002179164,3.6288254e-06,0.0070026037
ISIC_0031790,1,1.2040736e-06,0.9999988,7.583694e-10,4.1245616e-09,1.4401078e-08,1.0523195e-09,3.4700771e-09
ISIC_0028629,1,2.428475e-06,0.99999464,9.2812244e-11,3.1992604e-09,2.9108896e-06,7.4490236e-09,4.4200053e-09
ISIC_0028078,1,3.823005e-05,0.9999615,7.504865e-09,1.3003014e-07,5.454521e-08,3.336273e-08,3.4133066e-08
ISIC_0032289,1,8.871344e-09,1.0,1.4598389e-12,3.6025785e-09,1.6600364e-08,1.6545638e-09,7.131548e-09
ISIC_0028959,1,1.0380393e-07,0.999997,3.402962e-08,3.3692167e-08,2.4670721e-06,3.143705e-07,5.1345424e-08
ISIC_0028743,1,5.5694227e-06,0.9999769,2.2018597e-08,2.8276484e-06,2.6911173e-06,7.7825024e-07,1.1173844e-05
ISIC_0027773,1,0.0018315932,0.99816704,1.7711431e-11,2.5353935e-09,8.1785697e-07,1.6242806e-09,5.321582e-07
ISIC_0032001,1,8.416253e-08,0.9999999,4.0624656e-12,2.9015448e-10,4.6488668e-10,1.6741244e-09,4.2978147e-08
ISIC_0026763,1,2.7210373e-08,0.9999987,5.3281923e-12,5.588029e-09,7.276101e-07,2.4982156e-09,5.2511155e-07
ISIC_0025787,1,1.8753534e-08,0.9999999,5.4320055e-11,8.483877e-09,9.0320086e-08,2.318027e-09,1.9433127e-08
ISIC_0029096,1,2.0005423e-08,1.0,2.3377567e-11,4.9495217e-11,3.0155736e-08,2.4311652e-11,3.4918186e-09
ISIC_0024478,1,5.328353e-07,0.9999883,6.2175204e-06,1.7324512e-06,2.642267e-06,7.4448008e-09,5.257615e-07
ISIC_0030969,1,0.010104368,0.989894,9.816494e-12,2.8858145e-07,5.2196185e-07,6.497611e-07,2.467436e-07
ISIC_0030699,1,0.0037336496,0.9962488,6.1720944e-09,2.0046583e-08,1.7546154e-05,1.5017354e-11,2.0506732e-10
ISIC_0026797,1,1.1353986e-07,0.9999999,6.7944535e-12,5.0259336e-10,2.937904e-10,1.4631376e-14,2.9665582e-11
ISIC_0026962,1,1.3147503e-09,0.99999833,3.6984544e-11,2.5319284e-09,1.6692302e-06,1.0191491e-09,1.34578055e-08
ISIC_0028783,1,2.0515373e-08,0.9999999,1.8844438e-11,2.478658e-10,7.2648184e-08,8.4225393e-10,4.396106e-10
ISIC_0031610,1,2.0105401e-07,0.99999976,8.001345e-13,3.432591e-09,5.347298e-08,4.4273235e-10,3.7343327e-08
ISIC_0025706,1,4.532061e-08,0.9999924,7.592243e-06,9.92337e-09,3.990064e-09,5.922099e-10,1.9664655e-10
ISIC_0031267,1,1.0386042e-08,1.0,4.0723457e-14,1.1447147e-10,1.4609866e-08,3.1840763e-13,7.4342026e-09
ISIC_0028547,1,7.2228604e-06,0.999984,9.2643876e-07,5.1379633e-08,6.088817e-06,1.2803547e-06,4.4910828e-07
ISIC_0025483,1,3.6694286e-10,0.9999999,1.7222189e-11,2.169146e-12,1.0038757e-07,2.1305509e-10,8.002045e-10
ISIC_0030045,1,0.0026400506,0.9973558,1.116144e-08,3.2922076e-06,5.7500546e-07,6.1105894e-09,2.7633644e-07
ISIC_0030496,1,6.114709e-07,0.9998573,0.00011410215,5.984808e-07,4.521926e-06,5.0266317e-06,1.7848935e-05
ISIC_0026800,1,3.2211958e-10,0.9999999,2.0923062e-13,5.5847137e-12,1.5572847e-07,1.442547e-13,4.638183e-11
ISIC_0026833,1,4.3011285e-05,0.9999566,2.104207e-08,2.5547287e-09,3.2376118e-07,1.0557399e-11,1.1178834e-08
ISIC_0030670,1,8.4503034e-07,0.99999535,6.9677873e-13,2.369093e-09,3.7804227e-06,1.5529492e-08,1.1090472e-08
ISIC_0031161,1,9.205501e-06,0.9999881,4.847901e-08,2.9845995e-07,2.3249772e-06,6.7562195e-10,1.2360283e-09
ISIC_0029507,1,9.996413e-09,1.0,7.4174347e-16,4.9776563e-12,3.8635928e-10,1.3923459e-11,2.8903128e-12
ISIC_0030347,1,2.5298245e-08,1.0,2.7114225e-10,5.9163413e-10,3.0757427e-08,1.3574461e-11,9.516722e-10
ISIC_0030571,1,4.108935e-08,1.0,2.8132355e-13,1.6360517e-09,3.4921115e-09,8.075895e-09,2.0508742e-10
ISIC_0032418,1,4.7515463e-05,0.9999188,4.1245856e-09,1.1512885e-07,1.6251617e-07,3.339956e-05,2.5848996e-08
ISIC_0025901,1,6.981507e-05,0.99992895,1.6532633e-07,5.072358e-07,7.442871e-08,4.6740962e-07,4.6606157e-08
ISIC_0028149,1,0.0013244352,0.99867517,4.5454012e-08,1.9445818e-07,6.992854e-08,4.4134656e-09,2.6218899e-08
ISIC_0032506,1,6.1128085e-06,0.99997985,7.019463e-07,2.5603897e-06,4.4490166e-06,6.2988856e-06,1.027587e-07
ISIC_0029996,1,1.8119152e-09,1.0,9.9646155e-14,1.1734243e-10,5.065165e-08,2.7488575e-10,3.5089084e-10
ISIC_0029916,1,2.5470186e-08,0.9999987,4.6510698e-10,1.4043569e-07,9.3115847e-07,1.5851853e-08,2.8424412e-07
ISIC_0024569,1,1.1488728e-10,0.9999504,8.015741e-12,1.6182756e-08,4.9646744e-05,3.985955e-10,4.2081208e-10
ISIC_0028348,1,3.4225148e-10,0.99999964,8.7419316e-10,4.1880935e-10,2.6765727e-07,1.0539143e-07,7.5259465e-10
ISIC_0032354,1,0.00023208279,0.9996848,8.0053294e-05,2.283597e-11,8.561608e-09,1.0083019e-06,2.097533e-06
ISIC_0026121,1,1.942927e-08,0.9999999,1.16093066e-10,1.2871244e-08,2.6301944e-08,5.034437e-09,6.420725e-08
ISIC_0028073,1,5.8455464e-07,0.99999857,2.2372009e-12,5.582135e-10,8.0952225e-07,2.4786595e-10,4.664282e-09
ISIC_0028614,1,1.1598762e-05,0.86719626,0.07817404,0.00813463,0.00087983283,6.9061866e-07,0.04560297
ISIC_0025418,1,7.422261e-08,0.9999999,2.3282988e-16,1.2977519e-11,1.3789286e-10,2.1005576e-11,8.175052e-12
ISIC_0025002,1,1.0179737e-09,0.9999964,5.7599637e-11,7.021206e-11,3.4856862e-06,1.0427544e-09,7.197542e-08
ISIC_0031869,1,5.6949002e-08,0.9999988,1.0225887e-08,3.302196e-07,7.2091933e-07,1.7811335e-08,4.669909e-09
ISIC_0027158,1,8.728836e-06,0.99999106,3.0053415e-13,7.912355e-10,1.7591061e-07,2.1228062e-09,4.8352454e-08
ISIC_0027199,1,1.5956114e-07,0.99999166,2.074587e-08,1.1079627e-06,2.9171003e-06,1.4565846e-07,4.0271498e-06
ISIC_0031589,1,9.8922335e-08,0.99995637,5.9735134e-10,4.6295896e-09,4.3421187e-05,5.6775555e-08,6.06006e-08
ISIC_0024873,1,3.5409474e-08,0.9993629,0.00010699462,5.5022274e-06,0.0005234414,7.798025e-08,1.098625e-06
ISIC_0025455,1,1.9992866e-07,0.99999917,1.1422164e-10,1.9719991e-11,2.441994e-07,4.0921498e-07,3.76412e-09
ISIC_0026176,1,1.1345013e-08,0.9999956,1.3154044e-12,1.8150523e-08,4.377012e-06,1.1523955e-12,1.7424834e-10
ISIC_0031497,1,1.1449205e-09,1.0,8.652492e-13,7.316318e-10,1.8608588e-08,4.0321884e-09,1.3409932e-09
ISIC_0025191,1,4.1724473e-07,0.9999994,1.3096728e-10,2.5814913e-08,1.2229803e-07,9.963954e-12,1.5478714e-09
ISIC_0028716,1,2.1067317e-08,0.9999999,3.1654857e-13,2.5531002e-09,5.1075105e-08,1.4588971e-09,1.1445715e-08
ISIC_0028328,1,2.212576e-06,0.99999774,1.2374001e-11,1.4587904e-10,2.810576e-08,2.1297164e-11,9.754678e-09
ISIC_0027547,1,5.4678826e-09,0.9999995,2.9065234e-10,5.4288222e-08,4.5309633e-07,1.7565352e-10,2.8038396e-08
ISIC_0031688,1,1.4999847e-08,0.9998497,1.2835454e-12,1.4226829e-09,0.00015023812,3.5741077e-09,1.5631201e-08
ISIC_0029739,1,2.2638089e-08,1.0,1.7328956e-14,1.7894876e-13,1.1908576e-10,4.028938e-12,4.5761017e-11
ISIC_0027946,1,1.3488096e-08,0.99999976,3.8085797e-13,9.641034e-09,1.9993097e-08,7.547067e-09,1.463394e-07
ISIC_0027493,1,9.4951866e-07,0.9999989,3.105902e-10,4.2422258e-08,2.0483997e-08,3.791508e-09,4.685776e-08
ISIC_0031147,1,3.4425432e-10,0.9999999,8.181026e-12,2.0157796e-11,8.6065754e-08,6.142333e-11,3.072708e-10
ISIC_0026285,1,0.00027907977,0.9997067,1.2493054e-08,1.4520448e-06,1.1228963e-05,9.98785e-07,5.4749523e-07
ISIC_0029224,1,1.5719786e-08,1.0,1.9220529e-13,2.3784228e-12,3.4727676e-10,7.127233e-10,5.027478e-10
ISIC_0028178,1,1.1422512e-05,0.99998796,3.1549572e-11,6.415699e-09,5.4286636e-07,1.1509964e-08,8.245093e-08
ISIC_0029785,1,1.3424932e-06,0.9999987,3.1917882e-13,1.4947853e-10,5.4477388e-11,8.085285e-09,8.404071e-11
ISIC_0026772,1,2.3761584e-09,0.99999976,4.451006e-10,4.3331725e-09,2.2077293e-07,1.6359525e-08,5.235667e-08
ISIC_0027633,1,6.248231e-07,0.99998367,4.508372e-12,1.0709453e-05,4.633964e-06,1.9880721e-07,6.82695e-08
ISIC_0025522,1,7.631213e-09,0.99999046,6.6557355e-08,2.8514728e-09,3.277013e-06,6.0864054e-06,1.2191778e-07
ISIC_0027222,1,3.7003748e-08,0.999997,1.046353e-06,8.8982155e-08,1.3527016e-06,3.2672997e-07,2.7764367e-08
ISIC_0026274,1,7.119684e-07,0.9999993,2.1837516e-13,2.8283738e-09,1.1893302e-08,9.005877e-11,7.7506235e-10
ISIC_0025828,1,2.8979517e-09,1.0,7.099811e-14,4.3644234e-11,4.2210594e-08,1.2513296e-08,2.7806275e-11
ISIC_0031472,1,7.633542e-09,1.0,9.947782e-12,1.3344047e-10,5.3403757e-09,5.8225117e-12,2.3557496e-08
ISIC_0027169,1,1.839764e-07,0.99999976,2.8634374e-11,7.6630584e-11,9.8519344e-08,5.5978222e-11,4.5328333e-10
ISIC_0029511,1,1.5683123e-09,1.0,1.3988735e-10,3.1754823e-09,2.5914037e-08,1.8512791e-08,2.284559e-09
ISIC_0025888,1,1.0926763e-06,0.9999976,1.7445238e-08,6.452753e-08,1.0491248e-07,3.3406107e-07,6.8094334e-07
ISIC_0025682,1,1.535671e-05,0.99996245,4.1898254e-09,2.1154863e-05,1.9130334e-07,1.7937485e-07,6.3990194e-07
ISIC_0027899,1,2.833947e-05,0.9999716,2.0456944e-10,2.1676621e-08,2.480364e-08,2.3719937e-09,1.8008902e-09
ISIC_0025893,1,2.1638234e-06,0.9999939,9.812933e-10,1.9317229e-06,1.4766538e-06,4.6400498e-07,4.832051e-08
ISIC_0026935,1,1.8173745e-07,0.9999995,4.2858876e-11,2.9664025e-12,3.336462e-07,7.7701334e-10,3.8902206e-09
ISIC_0028950,1,1.1694167e-08,0.9999999,5.975055e-12,6.954605e-10,1.3620367e-07,1.1301553e-10,2.909865e-09
ISIC_0027515,1,7.962028e-09,0.99998903,5.1177485e-06,2.1541029e-08,6.58201e-07,4.6030943e-10,5.1310753e-06
ISIC_0028910,1,1.4815218e-07,0.9999975,1.4591414e-09,7.395514e-10,1.0872444e-07,1.9201146e-08,2.194683e-06
ISIC_0031416,1,1.3139375e-07,0.99999976,3.2294109e-12,1.43625285e-11,1.447932e-07,2.7987819e-11,1.4653706e-08
ISIC_0029821,1,1.060019e-07,0.9999999,3.4857956e-13,3.175122e-11,9.513528e-10,1.6905744e-11,6.3705213e-10
ISIC_0029686,1,9.372025e-05,0.9999063,6.48449e-11,4.2637744e-08,1.6350118e-10,5.5569116e-10,1.6723746e-10
ISIC_0027782,1,5.403218e-06,0.99999464,3.9016394e-12,4.8115707e-09,4.0965316e-09,1.5197812e-11,1.8733112e-10
ISIC_0026334,1,1.3709102e-06,0.99999857,2.7356695e-16,2.9347205e-09,6.456721e-09,2.5258945e-13,5.16802e-10
ISIC_0028253,1,1.5722694e-08,0.99996185,5.8716164e-08,1.8808471e-06,3.1920914e-05,2.2552758e-06,2.0140592e-06
ISIC_0030278,1,3.762258e-08,0.998216,1.2726528e-08,2.7267552e-06,0.0017761256,8.6962245e-08,4.951983e-06
ISIC_0031446,1,6.8694783e-09,0.99999547,1.33181395e-08,6.147097e-08,4.067286e-06,2.9160432e-08,3.1019e-07
ISIC_0025604,1,7.8168694e-11,1.0,2.4407225e-11,1.6449642e-08,6.5438144e-09,8.231062e-09,2.6184793e-10
ISIC_0025669,1,3.8701028e-10,0.9999994,6.26423e-07,9.437089e-11,5.2387588e-09,2.5486007e-11,4.0469386e-10
ISIC_0029774,1,2.3269898e-08,0.9999999,4.8862113e-13,4.785025e-10,7.603147e-08,4.3222727e-11,1.1082988e-09
ISIC_0027368,1,3.202873e-05,0.9999672,2.3644928e-10,7.550415e-07,4.063448e-09,5.0285336e-09,7.011275e-10
ISIC_0028904,1,8.717244e-05,0.9998965,7.450129e-08,4.4271417e-08,1.3237363e-05,2.920444e-06,6.169472e-09
ISIC_0031695,1,1.7244634e-08,1.0,4.4128702e-12,5.0038484e-10,1.9210315e-08,1.9758621e-09,3.5046677e-10
ISIC_0032217,1,8.610603e-07,0.9999981,1.0663392e-12,8.042431e-09,4.134499e-07,3.212542e-08,6.1489806e-07
ISIC_0032155,1,1.777178e-07,0.9999989,2.362877e-10,1.9700082e-09,2.6279994e-07,5.980441e-07,2.2476337e-08
ISIC_0025774,1,1.0912525e-07,0.9999999,1.3308541e-13,1.6633497e-10,1.1551646e-08,4.6080046e-09,2.862507e-09
ISIC_0026020,1,2.7667006e-06,0.999413,1.3173308e-09,9.7216095e-08,9.186482e-05,0.00049118995,1.059443e-06
ISIC_0030646,1,5.5463234e-09,0.9998486,9.0936095e-12,2.8483924e-10,3.3817823e-06,0.00014794005,9.237994e-08
ISIC_0027757,1,0.16930696,0.83026195,8.024168e-05,2.1520343e-06,1.6643795e-05,0.00023816149,9.388086e-05
ISIC_0026819,1,0.13599771,0.8419731,1.3183969e-05,2.542486e-07,0.02177276,0.00018999506,5.2841347e-05
ISIC_0026730,1,0.0016211282,0.99835443,7.5191065e-06,9.572865e-07,1.0237518e-05,3.802221e-06,1.929877e-06
ISIC_0026890,1,0.00017082055,0.9998267,1.1043138e-06,2.3318503e-09,1.0883725e-06,1.3226488e-08,2.5417899e-07
ISIC_0032363,1,6.7327446e-06,0.99990916,1.6798804e-05,4.4824733e-10,5.647391e-05,8.469151e-06,2.3475766e-06
ISIC_0025638,1,0.002920946,0.9855261,0.01126117,1.2301763e-07,2.893302e-05,0.00013411258,0.00012856121
ISIC_0028576,1,0.004439225,0.9955591,1.1622941e-07,2.0978874e-07,5.9323906e-07,8.3513555e-08,5.9365277e-07
ISIC_0029790,1,0.00022289678,0.99977714,3.2747106e-12,8.7328544e-10,9.255017e-09,2.7232e-09,2.11052e-09
ISIC_0032023,1,7.1945306e-06,0.9999927,5.0498404e-11,1.466985e-08,5.552969e-08,1.783215e-10,2.21502e-08
ISIC_0031247,1,6.2341955e-05,0.9998233,9.545953e-06,6.6286348e-06,2.668278e-06,2.9064532e-07,9.526423e-05
ISIC_0026251,1,2.151906e-06,0.9890177,0.01092003,8.100927e-06,4.9508948e-05,1.7619948e-08,2.392908e-06
ISIC_0029072,1,0.00010732727,0.9983121,0.0015776735,1.0513955e-07,2.4288624e-06,5.186743e-10,3.7669483e-07
ISIC_0027848,1,0.00096154667,0.99890447,1.6601696e-05,2.777723e-08,5.019459e-07,1.909104e-07,0.00011662125
ISIC_0028971,1,0.0012263479,0.9970523,1.0431598e-05,5.9191807e-09,0.0016905598,5.349169e-08,2.0351377e-05
ISIC_0028633,1,1.03114835e-05,0.97284096,0.00017111837,5.7337124e-06,0.026649132,1.6027368e-06,0.00032120853
ISIC_0024934,1,1.7218521e-06,0.99995697,8.468869e-08,2.595733e-07,4.0981904e-05,1.1883208e-08,1.6205929e-09
ISIC_0025442,1,0.00016071658,0.9997342,7.938501e-09,8.676898e-09,0.000104986175,1.0557795e-10,8.448878e-09
ISIC_0031733,1,5.391311e-05,0.99988997,6.6469187e-07,1.5355024e-09,8.4834625e-07,1.0635537e-07,5.4515396e-05
ISIC_0027240,1,0.03548969,0.90499836,0.05264646,8.987617e-05,0.0040255073,1.0054615e-05,0.002740074
ISIC_0029430,1,0.008550082,0.26564515,0.017762426,5.3923555e-05,0.70760226,0.0003208846,6.525193e-05
ISIC_0027312,1,0.00012114505,0.9998764,1.5404634e-08,2.813092e-09,2.42747e-06,1.2479877e-09,6.0450525e-08
ISIC_0027427,1,2.253857e-06,0.996375,0.0033916426,3.0774853e-08,6.849161e-05,1.241448e-05,0.000150096
ISIC_0026389,1,4.1476977e-07,0.73368454,0.26612923,1.3927332e-06,0.000141584,2.3819176e-07,4.2599168e-05
ISIC_0025847,1,0.9138776,0.029412303,0.054828968,0.0004918712,0.0008519182,0.0005323943,4.938095e-06
ISIC_0025958,1,0.0007088158,0.9991574,3.6807016e-06,1.6608553e-06,0.00012835958,3.2480994e-08,9.86835e-09
ISIC_0024824,1,0.012774766,0.9872131,1.9844646e-09,3.1004896e-09,1.1987335e-05,6.397484e-08,5.6476985e-08
ISIC_0030666,1,0.058760196,0.941232,7.7173564e-07,4.9126065e-08,6.583236e-06,3.193088e-07,1.00586185e-07
ISIC_0030064,1,0.0017114229,0.023934077,0.9593761,5.1034647e-05,5.4061115e-07,2.0408008e-07,0.014926714
ISIC_0031817,1,0.006163291,0.99248755,2.0246217e-10,4.2631e-06,0.0013418517,2.9684331e-06,5.702564e-08
ISIC_0032421,1,0.027353354,0.962351,3.2491985e-06,0.0002696212,0.009879422,0.000139792,3.5283979e-06
ISIC_0026541,1,0.043292545,0.95670646,4.9750252e-08,5.980469e-08,5.4738848e-08,4.1285176e-08,7.9631985e-07
ISIC_0031281,1,0.0008293022,0.9990409,1.8957854e-07,1.3754568e-05,4.958234e-05,3.507311e-05,3.1300457e-05
ISIC_0028527,1,2.3686037e-07,0.99995947,5.4826938e-08,6.572321e-08,3.88784e-05,4.5394233e-07,7.701014e-07
ISIC_0027244,1,0.017910939,0.6740967,1.673323e-07,4.799796e-08,0.30789432,6.9122115e-07,9.710749e-05
ISIC_0031380,1,0.48095062,0.0734737,2.3019056e-06,3.3251937e-09,0.42337966,4.7653807e-06,0.022188976
ISIC_0029254,1,0.0006999631,0.0029823207,2.101647e-05,2.779818e-05,0.99626714,1.3956922e-06,3.2795015e-07
ISIC_0029223,1,8.689497e-06,0.00026682005,1.6703216e-05,2.4169904e-05,0.99967694,5.250099e-06,1.4409354e-06
ISIC_0030930,1,0.0633154,0.9337721,1.2058299e-05,1.0414788e-05,0.0024501497,0.00042537545,1.44962005e-05
ISIC_0028488,1,2.813372e-05,0.93016183,0.0012162422,3.9019496e-06,0.06856298,6.2457602e-06,2.0656615e-05
ISIC_0029725,1,0.6183331,0.378845,0.002519835,0.00016299795,0.00010034191,2.133023e-05,1.7404594e-05
ISIC_0024924,1,0.81571734,0.18423392,3.354245e-07,2.2267561e-06,4.4411718e-06,4.1650565e-05,2.7459789e-08
ISIC_0029488,1,0.001959466,0.997412,0.00010531385,0.00043713528,5.2628933e-05,3.1951042e-06,3.0299507e-05
ISIC_0027099,1,0.23564184,0.76431155,7.9135395e-07,2.87333e-07,4.5230478e-05,1.5831748e-08,3.347453e-07
ISIC_0026911,1,2.5351683e-06,0.99846053,7.265703e-06,4.089812e-08,0.0015244657,2.7520892e-07,4.938428e-06
ISIC_0030464,1,5.3631254e-07,0.9999994,1.9291146e-09,8.759132e-11,6.9969325e-08,2.3305064e-12,3.2809602e-08
ISIC_0029402,1,0.0010069379,0.99898523,6.6460975e-06,1.1777119e-08,4.5485362e-07,6.9989255e-07,2.5182292e-09
ISIC_0027571,1,0.0024386125,0.99754995,6.7625297e-07,8.5459526e-08,8.424821e-06,2.1077265e-06,8.426163e-08
ISIC_0025823,1,8.508686e-07,0.9999988,1.26425944e-11,2.3357998e-07,1.1065899e-07,3.3994012e-11,1.307182e-09
ISIC_0027458,1,0.46658224,0.5333931,2.0830639e-07,6.949253e-06,1.2267022e-05,5.66182e-07,4.6514515e-06
ISIC_0025094,1,0.005070849,0.2048701,0.08616243,3.149162e-05,0.5548711,0.056826167,0.09216787
ISIC_0026421,1,2.5631502e-07,0.85830355,0.00015428584,3.4974579e-09,0.14153711,4.419054e-08,4.8157085e-06
ISIC_0031713,1,0.023759078,0.97624016,2.6703564e-10,2.141302e-09,7.2125044e-07,3.9238284e-09,4.3144684e-08
ISIC_0032027,1,0.0018813993,0.9980451,3.665137e-05,7.48149e-08,3.2920034e-05,4.9324467e-07,3.3280444e-06
ISIC_0027421,1,2.1485332e-05,0.20103134,0.00048008817,0.0003900693,0.7980761,1.7413004e-08,9.3892857e-07
ISIC_0028222,1,0.00029249277,0.12268551,0.024283519,0.0006202572,0.8520879,8.3332213e-07,2.9357834e-05
ISIC_0026055,1,0.00052899803,0.998128,0.00014828781,2.6391342e-07,0.00045255,0.00074067374,1.2697197e-06
ISIC_0027645,1,7.920029e-06,0.9744521,0.025351057,2.1666975e-07,0.00014109671,4.048557e-05,7.1024006e-06
ISIC_0030979,1,0.17214066,0.8277587,1.3974276e-05,2.7689737e-05,6.259185e-06,2.4132449e-05,2.85085e-05
ISIC_0028145,1,0.009967211,0.9900328,7.893957e-11,2.770114e-08,2.362941e-08,4.5615978e-09,4.995853e-08
ISIC_0029982,1,0.00075215026,0.99871826,0.0003474947,5.508228e-07,5.6086305e-05,0.00012461247,8.085359e-07
ISIC_0031622,1,9.157279e-06,0.999943,4.689124e-05,3.3656515e-11,9.2780033e-07,5.809817e-10,2.6143443e-09
ISIC_0025789,1,0.16297336,0.8369483,2.9023102e-05,1.6495777e-08,3.7579863e-05,1.1681728e-06,1.0577095e-05
ISIC_0028509,1,4.3278305e-07,0.999982,1.36371755e-05,1.0039952e-08,1.3160143e-06,9.170137e-09,2.6640253e-06
ISIC_0028235,1,0.16114172,0.24368416,2.8662313e-05,0.00027790616,0.59467345,8.272091e-06,0.00018582436
ISIC_0029354,1,0.045223158,0.9542454,2.755225e-05,3.624361e-08,0.0004980576,4.0917962e-07,5.420514e-06
ISIC_0031748,1,0.007831572,0.992167,2.9371847e-08,7.178895e-08,1.2836666e-06,2.8944853e-11,9.060562e-09
ISIC_0030303,1,0.00066649774,0.9960538,1.0226494e-06,5.1225186e-07,0.0032773055,2.1397214e-07,6.667346e-07
ISIC_0026544,1,0.0017899971,0.6512378,0.34358183,0.0016297316,0.0013147173,8.61281e-06,0.00043730476
ISIC_0032470,1,2.2190039e-05,0.9387459,0.054593123,4.2053653e-06,0.006433148,5.030937e-06,0.00019630838
ISIC_0029179,1,4.0842275e-05,0.9999591,5.035775e-10,4.9590144e-11,1.8267202e-09,4.7753818e-11,6.6353667e-10
ISIC_0025158,1,0.048726715,0.9512564,3.1877546e-06,1.0630191e-06,1.2860153e-06,1.502905e-06,9.876395e-06
ISIC_0025336,1,1.36865765e-05,0.99998546,1.01320365e-08,1.1272182e-09,3.2137044e-07,5.121839e-07,1.4505862e-08
ISIC_0029422,1,0.01442578,0.98535556,1.9717438e-06,0.00014887167,5.4807635e-05,1.2498486e-05,6.158868e-07
ISIC_0031158,1,0.0012195773,0.9941003,0.00041300966,3.4744918e-08,2.7686337e-07,0.004264347,2.481455e-06
ISIC_0029728,1,0.00017649146,0.010397067,0.98931307,0.00010554397,4.911162e-07,8.6665557e-07,6.522115e-06
ISIC_0032181,1,0.0006817541,0.99931514,4.3494244e-10,1.5153696e-06,1.9293361e-07,1.790041e-08,1.4226433e-06
ISIC_0033859,1,0.010434893,0.9789307,1.1249844e-06,0.00012351213,0.0011225085,6.327012e-09,0.0093872985
ISIC_0031546,1,0.0020043675,0.9979631,9.380042e-08,2.5220315e-10,2.222774e-05,1.2068885e-07,1.0164545e-05
ISIC_0033423,1,0.0154617615,0.9844989,3.2667354e-05,9.3923614e-07,2.593966e-07,4.895969e-07,5.044868e-06
ISIC_0033846,1,4.7237725e-05,0.9999522,4.0969145e-08,3.2254228e-08,4.482711e-09,8.159195e-08,3.5031792e-07
ISIC_0033315,1,0.1152703,0.88472944,4.9161727e-08,3.7687638e-08,2.0868731e-09,1.5321477e-09,1.9695358e-07
ISIC_0032633,1,1.0910053e-05,0.9999887,8.972865e-10,1.38008005e-08,4.0076344e-07,2.4169377e-12,4.4979697e-11
ISIC_0034298,1,0.0014535141,0.9984975,1.4765745e-06,1.9711151e-06,4.5518125e-05,1.5677497e-08,2.4615524e-08
ISIC_0033347,1,0.00039590555,0.99938834,1.4122323e-07,1.3809694e-06,0.00020799146,3.0129736e-06,3.2159521e-06
ISIC_0032668,1,0.00040376247,0.9981369,7.773574e-08,8.9183004e-07,0.0005060222,0.00091983506,3.2485237e-05
ISIC_0032891,1,0.02018988,0.9795588,2.1835347e-05,2.4271676e-06,0.00017570185,2.2525941e-05,2.8742315e-05
ISIC_0033712,1,0.0014664985,0.9869846,0.00031722602,7.260995e-06,0.003833184,0.007390234,9.763298e-07
ISIC_0032771,1,2.7990823e-06,0.999992,1.6727925e-06,7.0011494e-09,3.277362e-06,2.0717023e-07,1.05243725e-08
ISIC_0033297,1,4.607027e-06,0.9968862,1.4438877e-05,3.0824035e-07,0.0030867725,7.374136e-06,2.025152e-07
ISIC_0030845,1,6.7217334e-05,0.99993026,4.0850068e-10,2.3327823e-08,2.5196996e-06,2.6983515e-10,3.6900336e-09
ISIC_0033852,1,0.0024076344,0.9974112,4.384649e-05,2.686899e-06,0.00012873503,2.9488347e-06,2.9601053e-06
ISIC_0033775,1,0.0046211416,0.99536383,6.2596528e-06,2.7070506e-09,2.2668519e-06,1.2620395e-06,5.1641964e-06
ISIC_0033561,1,0.00021416518,0.99978346,1.0033077e-06,4.0876767e-08,2.721099e-07,9.670513e-07,1.5106696e-07
ISIC_0033823,1,0.00039546928,0.99960274,1.0887696e-07,3.4881788e-07,4.3858822e-08,1.8992844e-07,1.0755634e-06
ISIC_0032954,1,0.0036602782,0.9963341,2.7916292e-06,1.1167789e-06,5.408307e-07,2.3783039e-07,9.915301e-07
ISIC_0033371,1,5.301386e-05,0.99994683,7.173267e-09,9.574043e-09,2.169453e-08,3.9887715e-09,1.4996517e-07
ISIC_0033348,1,0.003176835,0.99682045,2.359929e-08,9.396756e-08,2.2003442e-06,3.389842e-07,2.8729142e-08
ISIC_0033048,1,0.0049483743,0.9950428,5.9406084e-08,3.6191182e-07,7.724678e-06,2.8390235e-07,4.4930223e-07
ISIC_0033870,1,8.68293e-06,0.9999908,4.7805624e-08,3.570003e-07,1.1448609e-07,3.433564e-08,5.8997367e-09
ISIC_0026618,1,3.495033e-05,0.9999502,5.8509163e-06,3.570726e-07,5.1856123e-06,3.4657003e-06,4.0000174e-08
ISIC_0026670,1,1.6818319e-06,0.9988512,8.381529e-08,6.146824e-08,1.6876643e-06,0.0011452103,2.3171063e-08
ISIC_0034290,1,5.846197e-08,0.9999988,3.8761095e-12,6.661204e-11,4.4330469e-07,1.0556889e-09,7.172306e-07
ISIC_0033165,1,9.0618905e-06,0.99997926,3.0456615e-08,6.0635336e-10,1.023551e-05,6.6565464e-09,1.3842601e-06
ISIC_0033430,1,0.0025150913,0.99657565,8.999661e-07,4.021797e-07,0.000647433,0.00024432794,1.6190284e-05
ISIC_0032590,1,0.00016642564,0.99982846,2.4283156e-07,3.5993168e-07,2.6954976e-06,7.3276567e-07,1.0842067e-06
ISIC_0033549,1,1.5021263e-05,0.9999542,2.5610532e-07,2.1108017e-05,7.713473e-06,2.657505e-07,1.4422412e-06
ISIC_0033921,1,0.00027118673,0.9997272,1.0817139e-07,2.2544015e-07,8.838046e-07,4.988092e-08,4.3709716e-07
ISIC_0031904,1,0.00018265574,0.9997968,4.1639084e-10,1.3615335e-06,1.921648e-05,8.6626235e-09,1.2106126e-08
ISIC_0033919,1,3.4197663e-07,0.99999964,1.7764308e-10,3.036758e-10,5.361846e-10,1.5968952e-11,9.350872e-11
ISIC_0033640,1,1.7958897e-06,0.9999981,9.887076e-09,1.4917953e-08,5.7502124e-08,5.956722e-09,3.6888481e-09
ISIC_0033927,1,6.1630944e-06,0.9999938,6.809985e-11,1.4440213e-10,3.1734146e-10,1.94053e-12,1.5703551e-10
ISIC_0031694,1,3.7178992e-07,0.99991465,3.5565276e-10,6.833581e-11,8.474575e-05,1.6561424e-10,2.2345179e-07
ISIC_0025978,1,0.00076422555,0.9991541,4.775729e-06,5.100683e-07,6.926979e-05,7.491818e-08,7.0180795e-06
ISIC_0026883,1,9.937988e-07,0.11919386,1.7252951e-06,5.0476232e-05,0.8798302,0.00088367803,3.917926e-05
ISIC_0031412,1,0.0028122428,0.7373482,0.0009954167,0.23819955,0.0138081685,0.00661497,0.0002213373
ISIC_0029656,1,0.025787933,0.97330207,6.602638e-05,2.592016e-06,2.0528925e-05,0.0008163312,4.5466445e-06
ISIC_0025421,1,0.26820773,0.097591914,0.0001440855,0.51680434,0.00046181068,0.115752995,0.0010371692
ISIC_0028780,1,4.2908232e-05,0.9999448,6.87125e-10,6.655514e-10,1.2140368e-05,1.6828562e-08,8.275333e-08
ISIC_0029902,1,8.273283e-06,0.9999888,2.9067653e-09,5.4364806e-09,2.6536168e-06,4.241533e-09,2.1861753e-07
ISIC_0027072,1,5.8699686e-07,0.99994683,3.749457e-05,5.825129e-10,1.46558605e-05,1.0983066e-07,3.382616e-07
ISIC_0030378,1,1.9067538e-07,0.99818015,0.0018166979,6.239416e-08,2.334421e-06,3.7568256e-07,1.5240462e-07
ISIC_0024344,1,0.8988791,0.09930284,3.9012284e-06,0.00024190913,0.0014949954,7.43523e-05,2.8903762e-06
ISIC_0025836,1,0.9738885,0.025383746,6.79143e-05,1.4949703e-06,4.094877e-08,0.00065828155,8.8046136e-08
ISIC_0026084,1,0.025228016,0.9688759,0.0012705203,0.00458307,2.632501e-05,9.886033e-09,1.615711e-05
ISIC_0025262,1,0.097371146,0.90198594,0.00034120103,0.0001037817,0.0001969626,1.4747995e-07,8.7327794e-07
ISIC_0031202,1,0.00085052586,0.99914837,5.9284265e-08,6.6134385e-07,2.7968738e-07,1.0074119e-10,5.6864984e-08
ISIC_0030892,1,0.0006150276,0.99932635,5.7616195e-05,3.0356878e-07,3.91655e-07,2.1249323e-07,7.388134e-08
ISIC_0032784,1,7.1006857e-06,0.9999913,4.4453725e-12,1.3919381e-11,3.5208128e-09,1.4020213e-10,1.5458727e-06
ISIC_0033459,1,0.0007844533,0.9992151,5.989214e-10,1.0181475e-08,1.0284691e-07,9.925113e-10,2.7982054e-07
ISIC_0032710,1,0.00023526966,0.99976355,1.09913044e-10,7.1457826e-11,2.735047e-09,8.162359e-11,1.1696703e-06
ISIC_0033172,1,0.0002216062,0.9997781,4.183192e-09,1.8001315e-07,7.999526e-09,8.001266e-09,9.7212425e-09
ISIC_0033326,1,0.007016753,0.9929547,3.751227e-07,3.960818e-06,2.1817103e-05,2.0815949e-06,3.7589444e-07
ISIC_0032743,1,2.2342108e-05,0.99997747,1.9205548e-09,4.8762733e-08,1.5956877e-07,5.3352056e-09,2.9328273e-10
ISIC_0033292,1,5.1796243e-05,0.998216,0.0009123453,2.337287e-08,0.0008179151,2.1813424e-09,1.9534855e-06
ISIC_0033610,1,1.52692e-06,0.99988806,6.0267932e-05,3.0470437e-09,5.009866e-05,1.2889286e-08,5.4321315e-08
ISIC_0033100,1,1.696201e-05,0.999263,1.7991526e-05,3.4713306e-08,0.00070166966,2.5105512e-08,4.0807456e-07
ISIC_0032821,1,0.004683394,0.99531627,6.540396e-11,5.977166e-10,4.784552e-08,5.436268e-09,2.6296775e-07
ISIC_0032783,1,7.4180576e-07,0.9999993,2.4651543e-13,3.8048276e-11,1.3010346e-08,4.639136e-11,2.2081408e-09
ISIC_0034139,1,4.0547104e-05,0.9999585,9.947563e-11,3.6020745e-11,1.6398813e-07,2.8097555e-10,7.1811814e-07
ISIC_0034133,1,7.784815e-05,0.9999219,1.8488482e-08,1.462906e-07,1.194701e-07,2.911602e-10,1.8917168e-09
ISIC_0034042,1,0.00018894223,0.999811,2.9927434e-09,6.0100276e-09,5.8148864e-08,1.1246101e-09,2.7387667e-10
ISIC_0032595,1,0.0062786364,0.9937023,3.1481582e-06,4.3344073e-07,1.5345624e-05,9.995478e-08,5.3026994e-08
ISIC_0034308,1,0.0005077233,0.99949205,1.01221765e-07,3.736211e-09,2.4819517e-08,2.7948744e-08,8.0702414e-08
ISIC_0032957,1,0.00027292428,0.9997253,7.254157e-08,1.7270001e-09,1.621925e-06,3.3866573e-10,8.290751e-08
ISIC_0033334,1,0.0010261192,0.9988953,7.619644e-05,6.348168e-08,1.0230465e-06,8.2696647e-07,3.7020894e-07
ISIC_0034273,1,3.523519e-05,0.9998926,3.3805008e-09,4.3332284e-09,7.053745e-05,7.1862917e-07,9.0751274e-07
ISIC_0032805,1,5.0640556e-05,0.9999492,2.9735627e-11,2.4561084e-10,1.0775428e-07,2.0442192e-08,2.5519582e-09
ISIC_0032753,1,0.0023364313,0.99764913,2.9060812e-10,8.796885e-09,1.4254965e-05,1.1105452e-07,8.712791e-09
ISIC_0034320,1,7.289992e-05,0.99992704,7.4024613e-13,2.7131144e-09,7.714999e-08,5.7744715e-10,4.7954143e-09
ISIC_0032549,1,1.0380315e-05,0.99998856,8.639194e-11,5.5698965e-08,9.4246656e-07,7.4299504e-09,9.320423e-08
ISIC_0032902,1,6.3252526e-05,0.9999366,9.637694e-11,6.053949e-10,1.3517473e-07,6.1465183e-10,1.4079962e-09
ISIC_0032948,1,2.7354713e-06,0.99999726,9.002523e-12,8.524196e-12,1.8843185e-09,1.4019875e-09,1.3260757e-11
ISIC_0034264,1,0.020800961,0.97880447,7.162339e-06,2.7155415e-05,0.0003389232,1.9581725e-05,1.7031883e-06
ISIC_0032785,1,0.0052748434,0.99446267,3.4106318e-08,9.0826404e-08,0.00023092485,4.5911133e-06,2.680491e-05
ISIC_0032563,1,1.0140856e-05,0.99010944,5.386157e-10,9.4329636e-08,0.009784259,1.1577543e-05,8.4541265e-05
ISIC_0033071,1,3.862141e-08,0.9998939,8.293746e-12,1.865497e-09,0.00010205527,7.953535e-08,3.90893e-06
ISIC_0033990,1,2.0963755e-07,0.99996483,1.027889e-07,2.261646e-07,3.457269e-05,2.6614401e-08,2.0382203e-08
ISIC_0032937,1,6.656664e-10,0.9999937,1.8289694e-09,1.1366792e-06,5.1656693e-06,9.800221e-12,6.6069945e-09
ISIC_0033385,1,0.77608526,0.22362576,1.3352455e-06,1.5380847e-07,0.00028732672,9.050072e-09,1.4627704e-08
ISIC_0033471,1,0.8173948,0.18257372,1.2181235e-06,3.1173863e-07,2.6594735e-05,6.372114e-07,2.6326225e-06
ISIC_0032831,1,0.98338807,0.016611751,2.8051068e-11,1.4181055e-08,9.1686346e-08,1.02480004e-10,3.645042e-08
ISIC_0032599,1,0.020719066,0.97927743,2.3225796e-06,6.4398216e-09,7.4844046e-08,2.8294522e-08,1.1088171e-06
ISIC_0033472,1,0.00090757717,0.9990846,1.5981059e-06,1.1987199e-09,6.237064e-06,2.442056e-09,2.6900983e-08
ISIC_0032667,1,0.0070871133,0.99290985,1.1700239e-06,9.521688e-10,1.5888941e-06,2.8645337e-07,7.568185e-08
ISIC_0032520,1,5.1060793e-05,0.9999403,1.3095205e-06,2.3206208e-07,7.0617575e-06,5.4384466e-09,6.455018e-08
ISIC_0032832,1,2.7049323e-06,0.999997,9.924291e-08,1.1771183e-08,5.3522527e-08,8.219841e-08,1.9910274e-08
ISIC_0033917,1,0.00017227928,0.998412,0.00018732903,5.3848515e-07,0.0012263841,1.27472495e-08,1.4220193e-06
ISIC_0033988,1,0.017518735,0.9800653,6.9488664e-09,2.5622287e-08,0.0024147455,8.4115146e-07,4.0168047e-07
ISIC_0032859,1,0.0032686016,0.7450347,2.981676e-08,1.418653e-06,0.2516584,7.6021715e-06,2.9228304e-05
ISIC_0032795,1,0.00051695603,0.9275047,5.730121e-10,3.073464e-08,0.07197542,1.4290545e-07,2.7447084e-06
ISIC_0033825,1,0.019545611,0.9802915,2.0238927e-07,2.618003e-07,0.00016247177,5.1488747e-08,3.8747167e-08
ISIC_0033857,1,0.48752668,0.5113438,1.32041505e-05,9.242542e-06,0.001105717,3.8892816e-07,9.912515e-07
ISIC_0032731,1,0.0076191705,0.9919075,1.526942e-06,1.2775269e-08,0.00047167347,1.0219255e-07,9.251166e-09
ISIC_0033069,1,6.864098e-05,0.9998983,2.9633181e-06,1.3968364e-09,3.0067487e-05,2.2870788e-08,2.8384424e-09
ISIC_0032735,1,0.00033568701,0.9995664,7.685305e-05,1.3668738e-07,5.8050347e-07,7.957894e-08,2.0272048e-05
ISIC_0033840,1,2.6312522e-05,0.9999684,1.4690403e-07,7.98396e-09,2.5623954e-06,6.721002e-09,2.5269044e-06
ISIC_0034257,1,0.00028034442,0.9997191,1.8659412e-07,2.2468089e-07,9.645009e-08,5.174043e-09,1.1756493e-08
ISIC_0032802,1,0.00054796843,0.9994516,1.8346837e-10,1.0150491e-08,3.999451e-07,4.0915687e-08,4.6004653e-09
ISIC_0032551,1,0.004732028,0.99524754,1.4595475e-12,2.0452755e-05,2.2352738e-08,9.768928e-10,8.693986e-10
ISIC_0033544,1,3.1702662e-06,0.99999666,2.1314523e-12,1.6807566e-07,7.728409e-08,6.738913e-11,1.1902258e-08
ISIC_0033641,1,6.2520518e-09,0.99999416,9.406862e-12,7.965275e-09,5.8317314e-06,1.5423199e-09,3.6230453e-08
ISIC_0033527,1,5.7230545e-07,0.9999927,3.4772656e-12,1.0278917e-08,4.5204297e-06,2.0923364e-06,3.1492295e-08
ISIC_0032895,1,1.2943496e-08,0.99999774,3.5315122e-11,2.1071149e-10,2.2498593e-06,1.7048915e-09,4.6078363e-09
ISIC_0034286,1,0.011749825,0.8820555,0.106169,8.5333465e-07,1.7560638e-05,4.0412988e-07,6.838663e-06
ISIC_0033373,1,0.45723704,0.38684028,0.07247012,3.9334614e-07,0.08090726,0.0025379139,6.9987286e-06
ISIC_0034300,1,7.726489e-06,0.99994063,1.0792165e-10,8.735891e-08,4.9349623e-05,5.3035274e-07,1.7076085e-06
ISIC_0033155,1,1.3472195e-06,0.9999187,8.9306806e-10,1.3544039e-06,7.482776e-05,2.7602239e-06,1.0881686e-06
ISIC_0032609,1,0.0002788273,0.9995466,1.546989e-07,3.6775102e-06,0.00013127655,1.0424994e-05,2.9012994e-05
ISIC_0032761,1,3.3131016e-06,0.99999666,1.1364153e-11,5.7158434e-13,2.2356557e-09,1.743232e-11,1.0574131e-10
ISIC_0033160,1,2.9707031e-05,0.9999702,2.0320029e-10,4.1133073e-11,4.7016844e-08,3.0827277e-08,9.385163e-09
ISIC_0033930,1,7.393199e-05,0.999926,1.0400849e-09,1.4630235e-11,8.47832e-08,9.516544e-10,1.3055627e-08
ISIC_0033904,1,0.00022094994,0.9991473,9.934686e-06,9.283874e-11,1.4860142e-06,2.2418764e-08,0.00062035833
ISIC_0033342,1,0.026283076,0.9509804,0.0224801,1.08491065e-08,3.5675964e-06,0.00016705623,8.569976e-05
ISIC_0033265,1,0.15380175,0.8449221,0.00014472313,5.5466525e-09,0.0004460633,1.5197532e-08,0.00068530877
ISIC_0032704,1,0.009679052,0.9624708,1.5974244e-06,2.889525e-05,0.027766436,5.2514395e-07,5.2564654e-05
ISIC_0033289,1,0.14391659,0.8560806,1.6595392e-10,2.7393947e-08,2.795215e-06,8.85492e-09,8.122168e-09
ISIC_0028684,1,9.19991e-08,0.9969067,2.1595739e-10,7.4190206e-07,0.0030922275,1.0653035e-09,2.6148234e-07
ISIC_0025372,1,5.024959e-08,0.9999938,2.521071e-08,3.4532694e-09,8.618478e-09,1.14300146e-10,6.0929715e-06
ISIC_0033506,1,1.2470471e-05,0.99979466,1.2296784e-09,2.4586944e-07,0.00018519339,7.1583627e-06,3.5297717e-07
ISIC_0033600,1,1.7090404e-05,0.9999801,9.877559e-11,2.0031914e-07,1.4351331e-06,8.665472e-08,9.834913e-07
ISIC_0033714,1,3.683141e-05,0.99996316,4.1781724e-11,1.8460245e-08,4.443152e-09,2.2546118e-08,4.9461292e-08
ISIC_0033163,1,8.584776e-07,0.99999917,2.4943731e-14,1.5893308e-08,3.2509e-10,6.6869524e-13,9.561851e-11
ISIC_0033887,1,2.5506059e-05,0.999974,1.0473251e-10,2.229062e-08,3.855566e-07,6.451478e-09,1.11292294e-07
ISIC_0033188,1,0.0063245525,0.9936434,6.939613e-07,1.6748002e-06,2.8199713e-05,1.0481631e-06,3.6219194e-07
ISIC_0033067,1,2.8324997e-05,0.9998566,5.154165e-10,1.0411791e-07,0.00011436418,1.1738839e-08,6.0107783e-07
ISIC_0032787,1,2.4912099e-05,0.99974996,3.905183e-11,4.2874408e-08,0.00022507805,1.4795745e-10,1.43861305e-08
ISIC_0032707,1,0.00030107595,0.9996954,6.693017e-07,5.3651398e-08,2.5989116e-06,2.3117016e-07,5.4003337e-08
ISIC_0034311,1,0.0009970253,0.9989912,5.7406305e-07,5.644499e-07,1.01464975e-05,3.67894e-07,4.868055e-08
ISIC_0033150,1,8.333934e-05,0.99987864,2.1920918e-10,3.7825018e-08,3.7952555e-05,1.1731391e-09,5.738559e-08
ISIC_0033698,1,6.361076e-07,0.99999845,3.161342e-13,1.7878234e-09,9.271512e-07,1.0063382e-10,6.684461e-09
ISIC_0034240,1,9.3951094e-08,0.9999989,8.4028826e-12,1.2756283e-07,8.092431e-07,1.160401e-09,3.5181763e-08
ISIC_0033194,1,0.0003488345,0.9995735,7.7446915e-05,4.1753917e-10,3.3367142e-09,4.2304443e-08,1.7293996e-07
ISIC_0034258,1,0.014362242,0.9837944,0.0018336102,5.046089e-09,6.8994945e-07,7.14883e-07,8.410806e-06
ISIC_0034023,1,0.029875841,0.9659688,0.00025772088,4.639898e-09,0.0037796183,1.5220794e-06,0.00011650061
ISIC_0033243,1,0.028138097,0.96775645,5.0941057e-06,4.3512003e-09,0.004032767,4.473701e-07,6.711e-05
ISIC_0032648,1,0.0028692626,0.98798066,1.3437167e-07,1.3764749e-10,0.00914404,1.8692418e-07,5.6085014e-06
ISIC_0032620,1,3.2564e-05,0.9808059,2.2314458e-05,5.5696088e-08,0.01913637,2.3327813e-07,2.637411e-06
ISIC_0030420,1,3.2414066e-06,0.8332891,5.265564e-08,2.50673e-13,0.16670756,1.157922e-09,3.584015e-08
ISIC_0033671,1,0.00016636678,0.9997694,5.003422e-09,1.0512257e-05,4.2803396e-05,1.0908939e-05,1.40836045e-08
ISIC_0033711,1,0.017766926,0.98125494,1.2005151e-07,1.4730091e-05,0.0009495332,1.3186224e-05,5.3953494e-07
ISIC_0032858,1,4.7998383e-06,0.9999951,1.0322252e-10,4.9154742e-09,5.1698215e-08,3.8518286e-11,2.9439454e-08
ISIC_0033965,1,6.674609e-07,0.9999987,9.84393e-10,7.1000954e-08,9.163908e-09,9.2330993e-10,5.333615e-07
ISIC_0033093,1,1.2293164e-05,0.9999875,3.3252706e-10,4.5274597e-08,1.5231366e-07,4.7554416e-10,1.078606e-07
ISIC_0033501,1,0.2978999,0.70163214,5.8520774e-05,2.5327328e-05,0.00029727622,4.3844912e-07,8.6372864e-05
ISIC_0032677,1,7.242639e-05,0.9999275,5.472275e-10,9.63986e-09,2.9592558e-08,4.060679e-11,6.7836753e-10
ISIC_0034237,1,0.0044706455,0.99552923,1.7313952e-10,7.987077e-08,4.9034657e-08,1.7664878e-09,1.4113518e-09
ISIC_0034032,1,0.00038670283,0.9996099,6.450291e-11,1.2929594e-08,3.4113777e-06,4.3942994e-10,2.9901046e-09
ISIC_0033075,1,0.4586322,0.5413577,2.9692886e-08,1.5456922e-07,7.6614e-06,1.4977256e-06,8.1030504e-07
ISIC_0034010,1,0.00014952611,0.99902785,5.0192243e-06,3.9186747e-07,1.6279116e-06,0.00081471616,8.875347e-07
ISIC_0032819,1,0.00076603796,0.98656267,2.5334255e-06,0.00040477634,0.011768553,0.00049477787,6.300844e-07
ISIC_0033451,1,0.05932401,0.9406476,2.0091684e-07,7.205473e-08,2.4357936e-05,1.28745e-08,3.6774873e-06
ISIC_0033552,1,0.6271498,0.37263435,1.1055048e-05,3.1052572e-08,0.00016624005,3.2517253e-08,3.8405728e-05
ISIC_0034310,1,0.298508,0.7014821,5.7108537e-06,2.5757876e-10,3.86233e-06,3.589019e-11,3.3413963e-07
ISIC_0032582,1,0.8734878,0.11226415,6.013635e-08,3.9220706e-07,0.014091187,3.5418056e-05,0.00012103224
ISIC_0033052,1,0.00010035219,0.0348195,3.5622566e-07,4.7739845e-10,0.96507496,1.1679978e-06,3.659908e-06
ISIC_0032990,1,0.0012264418,0.4528303,0.000108341184,1.3184667e-05,0.54572064,9.214319e-05,8.982514e-06
ISIC_0033688,1,6.331758e-05,0.9999366,1.4069284e-08,4.9408776e-08,6.444648e-08,7.436596e-09,1.3815278e-08
ISIC_0033557,1,4.809571e-05,0.99995077,3.3502662e-08,1.1680939e-07,6.4959147e-07,1.0931697e-07,1.7936848e-07
ISIC_0032621,1,0.00015591652,0.99903333,0.0008105933,3.661719e-09,1.1323179e-07,8.732555e-09,2.207878e-08
ISIC_0033328,1,0.00074701,0.99917245,7.691916e-05,3.6587866e-09,3.6593121e-06,5.85991e-09,1.5143629e-08
ISIC_0033768,1,3.9502044e-07,0.9999324,1.4109906e-07,7.780008e-10,6.702659e-05,2.8725044e-08,2.8754151e-08
ISIC_0025257,1,1.0637909e-05,0.9999604,5.8996388e-08,1.0323238e-09,2.891772e-05,5.594299e-09,1.054719e-08
ISIC_0033006,1,0.0006715501,0.99897254,1.2523822e-07,2.3439545e-05,1.6592601e-07,1.6835512e-06,0.00033054946
ISIC_0032518,1,4.0893796e-05,0.999959,8.120757e-13,9.621376e-08,6.16099e-09,2.2477022e-12,1.3337068e-09
ISIC_0033548,1,0.0008793959,0.9991197,5.1323448e-09,3.9529002e-07,3.4945825e-07,5.2887554e-08,1.5611131e-07
ISIC_0032920,1,0.011549274,0.9881831,2.4057957e-05,1.1838945e-05,0.00019787073,3.3789376e-05,1.7208158e-07
ISIC_0033673,1,0.0018267805,0.9981515,6.818515e-07,6.071897e-07,1.799973e-05,2.3977607e-06,3.683661e-08
ISIC_0032758,1,2.298676e-06,0.9999008,6.3288546e-08,4.8341317e-06,8.9710054e-05,1.6584178e-06,5.3257844e-07
ISIC_0033939,1,0.00016017814,0.9997898,1.2882986e-05,8.107348e-08,2.9138495e-05,7.4815785e-06,4.482509e-07
ISIC_0033288,1,0.00017850088,0.9998204,1.6890608e-09,4.9104686e-11,7.907543e-08,8.966734e-07,6.709189e-08
ISIC_0033087,1,1.337162e-07,0.9999999,2.9979836e-12,8.161755e-14,8.320604e-10,3.5527035e-09,1.4577645e-10
ISIC_0033669,1,8.3140065e-07,0.9998956,0.000103560415,4.6178543e-12,2.3732536e-08,3.5801602e-09,1.3115472e-09
ISIC_0033789,1,0.0240784,0.9758521,5.0549297e-05,3.1491344e-11,1.784994e-05,1.0210857e-06,2.1832763e-08
ISIC_0033419,1,2.8318082e-05,0.9999682,3.4748077e-06,4.352669e-12,1.4932872e-09,1.4407533e-08,3.2129452e-10
ISIC_0032338,1,0.0001156669,0.999884,4.4779704e-09,2.077328e-09,6.9215325e-08,1.427219e-07,7.085469e-08
ISIC_0034067,1,0.0033797077,0.9966203,1.0902655e-09,1.169126e-10,1.1810622e-08,8.272773e-09,1.39731515e-08
ISIC_0031290,1,4.6802623e-07,0.99999607,3.8479703e-07,6.6398314e-09,2.2325598e-06,2.5459068e-10,8.136331e-07
ISIC_0033224,1,1.9756136e-07,0.99999917,4.395753e-07,2.2188154e-11,1.6553942e-07,2.134664e-08,1.782247e-10
ISIC_0033360,1,4.838349e-06,0.99999356,9.892135e-07,1.9407732e-07,7.757849e-08,2.3218423e-07,1.4747659e-08
ISIC_0033960,1,2.5911066e-05,0.9999734,1.6514238e-07,4.120999e-08,4.766592e-07,2.089894e-09,1.03117275e-08
ISIC_0033259,1,0.0005329676,0.99945647,1.00785965e-05,6.116039e-08,3.287002e-07,3.603822e-09,6.176753e-08
ISIC_0033403,1,0.0021157726,0.99783367,3.880063e-05,7.60111e-06,4.087062e-06,2.8130438e-08,7.163096e-08
ISIC_0032494,1,0.09645429,0.90350914,1.5295058e-06,3.388957e-07,1.4490651e-05,1.4311535e-05,5.8999794e-06
ISIC_0032760,1,0.00013158076,0.9998565,1.1372616e-06,1.091285e-06,1.9449435e-06,7.0011324e-06,7.488949e-07
ISIC_0034128,1,0.0036972673,0.9962836,1.1983029e-07,3.055598e-08,1.1615531e-06,1.7764221e-05,1.1942804e-07
ISIC_0033541,1,4.474842e-06,0.9999943,1.8018183e-08,6.3718926e-07,4.45292e-07,3.9459414e-09,1.3628488e-07
ISIC_0032670,1,0.00013364964,0.9998276,2.8204337e-05,4.8144507e-08,6.123255e-06,2.9094265e-08,4.403388e-06
ISIC_0033441,1,1.4886285e-05,0.9999801,6.6068486e-07,1.2448548e-06,2.8494521e-06,4.4566825e-08,2.9426423e-07
ISIC_0032962,1,4.7820002e-08,0.99999976,2.3704434e-11,8.9917424e-10,1.391524e-07,1.9869222e-10,2.4805222e-09
ISIC_0033781,1,0.0017457143,0.9966641,0.00037705773,1.974337e-05,0.0011905368,9.562829e-07,1.8967783e-06
ISIC_0033909,1,1.0337841e-06,0.9999963,9.434257e-10,1.07382894e-10,5.358569e-09,2.5992056e-06,6.890822e-09
ISIC_0033293,1,1.9078698e-06,0.9999981,8.268567e-11,9.6564996e-12,4.8986606e-09,1.17666845e-08,1.5139753e-09
ISIC_0034231,1,0.0025539529,0.995689,2.541912e-07,1.3407026e-07,0.0017536395,2.9107105e-06,9.0047436e-08
ISIC_0034033,1,0.00010122856,0.99115866,9.9631015e-09,1.6439769e-07,0.008739874,8.3030635e-08,3.4845815e-08
ISIC_0032752,1,0.0018131251,0.98942834,1.4277478e-07,1.0112115e-06,0.008755661,7.323155e-07,1.0026075e-06
ISIC_0033794,1,0.35049045,0.6492551,1.1846486e-07,4.941976e-07,0.0002532701,5.7924467e-07,3.496209e-08
ISIC_0033462,1,1.4014917e-05,0.99602735,2.1805147e-06,9.4907796e-07,0.0038948616,5.2781087e-07,6.0164184e-05
ISIC_0033191,1,4.1638414e-05,0.9999479,9.185263e-09,1.232437e-07,3.0464403e-06,3.6025437e-08,7.3289757e-06
ISIC_0034200,1,1.0435522e-07,0.99999905,1.5333431e-09,9.168784e-10,8.8565673e-07,4.5907624e-09,1.4473336e-08
ISIC_0033277,1,6.951943e-08,0.9999994,1.7915758e-10,2.6472145e-08,4.951616e-07,5.2394484e-09,3.9304804e-09
ISIC_0033448,1,0.003006202,0.9957514,9.780346e-06,1.1286014e-05,3.1533848e-05,0.0011892781,4.981456e-07
ISIC_0034304,1,0.018857691,0.979764,3.224239e-05,0.0008162609,3.9987593e-05,0.00044761627,4.2223113e-05
ISIC_0030447,1,0.0013381192,0.99840885,1.5639826e-07,8.710065e-06,0.00024407876,1.448382e-08,1.5929416e-07
ISIC_0033463,1,0.78996944,0.21001653,1.9884255e-06,8.690639e-09,1.1511729e-05,5.6386092e-08,4.6583304e-07
ISIC_0033757,1,0.018730644,0.90229714,4.4292864e-10,8.302006e-08,0.07897016,2.9985705e-07,1.6116753e-06
ISIC_0034063,1,8.898535e-06,0.9989549,1.3508865e-07,4.1107754e-08,0.0010245093,6.414786e-08,1.1377493e-05
ISIC_0032798,1,1.1559851e-05,0.9999883,2.8568505e-09,2.7137619e-09,3.2540758e-08,4.7572075e-09,8.723071e-08
ISIC_0032848,1,5.8369943e-07,0.9999783,1.323053e-09,1.0021887e-09,2.0742815e-05,2.0354067e-09,3.3804585e-07
ISIC_0034164,1,0.00011642342,0.999882,7.986507e-11,3.792055e-09,4.350856e-09,1.326313e-06,2.2759981e-07
ISIC_0033033,1,0.0013635036,0.9986119,1.9402156e-08,6.311282e-06,1.63892e-05,7.717074e-08,1.7480879e-06
ISIC_0033390,1,7.0980795e-06,0.9999913,1.9684249e-11,1.5310892e-06,1.2566255e-09,4.937278e-11,1.6428168e-09
ISIC_0033836,1,7.914802e-06,0.9999913,4.831034e-08,6.742254e-08,3.0897937e-07,2.556309e-07,9.63524e-08
ISIC_0029393,1,0.002581207,0.99735546,1.4457201e-08,9.066744e-09,6.326078e-05,1.841694e-09,2.2440622e-08
ISIC_0029775,1,0.0014940572,0.99657273,1.744203e-07,1.2874708e-06,0.0018080714,1.9303755e-08,0.0001236354
ISIC_0031411,1,0.0042221025,0.9865736,2.2605964e-10,3.0948547e-07,0.009199446,4.46293e-06,9.2254986e-08
ISIC_0031970,1,2.7185071e-05,0.99846715,2.7349648e-07,7.6221944e-08,0.0014951961,2.4002375e-06,7.660811e-06
ISIC_0028060,1,0.009663999,0.54049325,1.4791395e-06,8.780096e-08,0.4494396,0.00039498231,6.6562266e-06
ISIC_0027582,1,0.0007786516,0.99920374,2.1321648e-06,2.6168498e-09,1.5463213e-05,1.2864523e-09,1.2192535e-08
ISIC_0025695,1,5.013139e-06,0.9999924,1.844484e-08,1.6928719e-11,2.5525298e-06,3.1810656e-09,1.955239e-09
ISIC_0026427,1,5.357295e-06,0.99999356,1.16716166e-07,2.7459195e-11,9.805133e-07,1.0510702e-09,1.8375431e-09
ISIC_0025267,1,0.00060939684,0.9993709,2.4132897e-08,8.010202e-06,1.1623274e-05,7.382927e-08,1.6574138e-08
ISIC_0029581,1,0.0070415135,0.9924446,1.7516957e-08,3.2210246e-05,0.00048041597,1.1941255e-06,6.930469e-08
ISIC_0025993,1,2.43801e-06,0.9999975,6.812985e-11,3.823764e-08,1.968962e-08,1.20145595e-11,7.380376e-11
ISIC_0029809,1,2.150683e-06,0.99999666,7.574987e-07,2.7408502e-09,3.68967e-07,1.2080719e-09,3.0223294e-08
ISIC_0025618,1,0.006175599,0.96150696,4.9521204e-06,0.0002594529,0.03131453,2.6276898e-06,0.0007357692
ISIC_0028538,1,0.0070685465,0.992931,3.2709968e-10,1.3039878e-09,2.8371838e-07,1.6335564e-07,9.896918e-09
ISIC_0025726,1,0.9897278,0.010272213,9.391719e-09,2.5631802e-08,2.9254128e-08,1.6091505e-09,9.400717e-09
ISIC_0024319,1,0.005593637,0.9941043,1.896485e-07,3.361106e-06,0.00029756833,3.55436e-07,6.383824e-07
ISIC_0026402,1,0.00026812084,0.99972993,1.3327053e-06,1.0321868e-08,1.34238e-07,1.2483804e-10,4.189834e-07
ISIC_0031923,1,5.929134e-06,0.99999404,6.418052e-09,2.0468097e-10,1.6841655e-08,3.301947e-09,7.911616e-12
ISIC_0028573,1,0.013601863,0.9863833,9.628966e-06,1.7513338e-06,3.3634763e-06,3.4806864e-09,1.3898436e-07
ISIC_0027909,1,0.003154336,0.99684465,7.631465e-08,2.445315e-09,9.279763e-07,1.9075213e-09,8.342465e-08
ISIC_0024682,1,4.6044064e-05,0.9984987,0.001186213,1.2771696e-08,0.00026651932,2.7585327e-07,2.2809825e-06
ISIC_0030504,1,0.026230676,0.9737466,1.0202678e-07,2.1342667e-07,9.303811e-08,2.220328e-05,5.8968322e-08
ISIC_0027348,1,3.17482e-05,0.9902243,8.233521e-07,1.3204638e-05,0.0095275,0.0001916733,1.0658611e-05
ISIC_0024361,1,4.6006953e-05,0.9999534,4.2795557e-07,3.0643652e-10,1.2476687e-07,5.7382845e-09,4.7900004e-09
ISIC_0026886,1,0.0006819001,0.999318,1.0407247e-08,4.2521457e-09,3.036347e-08,3.4318243e-11,3.4163712e-08
ISIC_0027942,1,2.1370931e-06,0.99999774,2.0719739e-08,3.63267e-08,5.3024774e-08,2.6263963e-10,2.816843e-09
ISIC_0030773,1,0.0006504848,0.9993492,8.1488174e-08,3.4310602e-08,2.4614926e-07,1.4106617e-10,2.1604697e-08
ISIC_0028692,1,0.057122435,0.94287586,1.7084885e-06,2.8210974e-09,5.608827e-09,1.1939125e-09,1.0375129e-09
ISIC_0032260,1,0.2577486,0.7422512,2.6376089e-08,2.7221715e-08,1.0820509e-07,5.8813736e-09,1.2204459e-08
ISIC_0029027,1,1.5085594e-05,0.99998486,9.708037e-13,7.009029e-11,2.0275284e-08,7.5178297e-10,2.3530777e-08
ISIC_0024975,1,0.000977235,0.9982218,1.824742e-05,4.180961e-05,9.574533e-07,0.00073551276,4.429068e-06
ISIC_0025782,1,0.0050841146,0.99416286,5.0653553e-06,8.403689e-06,3.4641644e-07,0.000729437,9.704382e-06
ISIC_0025665,1,0.0013704187,0.99862957,1.7794879e-09,1.3378641e-08,4.376718e-08,1.4134287e-10,1.0686091e-09
ISIC_0030597,1,0.003915041,0.99608445,7.909097e-09,4.202345e-07,5.705498e-08,4.2201784e-10,2.5471767e-09
ISIC_0026692,1,0.0029567254,0.9970426,1.7073376e-08,3.8449053e-07,2.4398437e-07,3.2383984e-09,8.0992324e-10
ISIC_0029566,1,6.019426e-06,0.9998976,8.340273e-08,9.3653856e-05,1.5706077e-07,1.7338708e-06,6.4972363e-07
ISIC_0029188,1,9.092062e-07,0.99999356,5.533625e-08,2.4599611e-08,4.764973e-06,4.7844384e-10,7.2904834e-07
ISIC_0027800,1,1.2755182e-06,0.99999225,1.9808182e-07,2.3827467e-07,2.927919e-06,6.068417e-09,3.0903614e-06
ISIC_0025078,1,8.947912e-07,0.99995744,1.1652387e-09,4.1429194e-05,1.6145872e-08,9.0459004e-08,1.2257926e-08
ISIC_0025516,1,3.893133e-05,0.9999343,7.3645907e-09,2.4901394e-05,1.5027778e-06,3.9148836e-07,1.260698e-08
ISIC_0029835,1,1.741887e-07,0.9999771,9.541203e-10,2.2638578e-05,9.59274e-09,2.9745063e-08,4.060513e-09
ISIC_0028101,1,5.6052457e-05,0.9995615,2.6108918e-08,0.00038173268,1.0171129e-07,4.5720677e-07,2.1692957e-08
ISIC_0031905,1,5.321193e-05,0.99982125,3.820273e-06,1.7990788e-08,0.00012032561,1.3540679e-06,6.789199e-08
ISIC_0030367,1,3.3534045e-05,0.99982893,4.9142596e-07,1.542168e-09,0.00013627906,6.4206847e-07,1.1009057e-07
ISIC_0028944,1,0.28151286,0.71243674,4.373912e-06,1.7547088e-06,0.00603802,2.200921e-06,4.048503e-06
ISIC_0027423,1,1.331803e-06,0.98915076,0.00041816224,0.0006804135,8.779936e-05,1.6135364e-06,0.009659874
ISIC_0030057,1,1.4327934e-06,0.9920555,6.340876e-05,0.0012149325,0.0030433203,5.6812823e-06,0.0036157456
ISIC_0028737,1,1.871145e-07,0.9975878,3.400027e-05,4.7270478e-05,3.2482945e-05,3.649335e-07,0.002297939
ISIC_0032165,1,0.0002570445,0.99972993,8.949926e-06,3.374484e-06,2.168361e-07,5.0685344e-07,5.5040328e-08
ISIC_0024718,1,2.539371e-05,0.9999722,1.8715301e-06,4.444553e-07,2.3644123e-08,2.2207096e-09,1.29030875e-08
ISIC_0024834,1,2.0572606e-05,0.9999738,5.040563e-06,4.1582385e-07,6.4121124e-08,1.5910942e-07,4.4619874e-08
ISIC_0024587,1,3.6087968e-06,0.999995,1.4093749e-11,8.724334e-10,1.3617139e-06,4.4209254e-09,4.893294e-09
ISIC_0029666,1,0.00010171299,0.99989796,2.5026078e-10,6.5292216e-09,3.21418e-07,3.321018e-10,3.8257886e-09
ISIC_0027698,1,1.2385485e-05,0.9999858,4.170294e-09,3.741558e-09,1.776886e-06,9.892878e-09,4.035524e-09
ISIC_0025412,1,7.1137043e-07,0.99999917,6.492596e-10,9.299865e-09,1.1191199e-07,3.053069e-11,5.8968685e-10
ISIC_0025785,1,5.0250957e-05,0.99994886,3.6649435e-08,4.408916e-09,8.102713e-07,4.2970252e-10,4.908923e-09
ISIC_0028494,1,4.246724e-06,0.99999535,4.024619e-08,5.3696574e-08,3.1930261e-07,3.5267264e-10,1.4896268e-09
ISIC_0030610,1,8.361776e-05,0.99990463,1.1902508e-07,4.6635968e-08,8.837448e-09,1.1284243e-05,2.4685937e-07
ISIC_0024694,1,0.00052425655,0.99945587,7.635871e-08,1.5224728e-06,1.3476261e-08,1.8087461e-05,1.4788131e-07
ISIC_0024518,1,2.473692e-05,0.9998915,6.967717e-05,1.4117837e-05,1.2077405e-08,1.1718013e-09,2.7050038e-09
ISIC_0025047,1,0.007704137,0.992295,2.2103651e-10,1.0337341e-08,2.4014084e-09,4.562458e-08,8.4241555e-07
ISIC_0027364,1,0.0016663022,0.9976494,8.1524435e-05,0.00045381222,2.9869112e-05,6.842685e-05,5.067503e-05
ISIC_0025386,1,0.09864539,0.90135354,1.1443908e-10,6.207031e-08,9.274342e-07,8.823404e-11,1.7341893e-08
ISIC_0024870,1,0.20204842,0.79792905,7.706685e-12,9.514178e-09,2.252878e-05,1.1286556e-09,1.0922173e-08
ISIC_0030127,1,0.027723128,0.97223455,3.7522106e-05,5.2628184e-07,1.7866003e-06,1.4437566e-06,9.922812e-07
ISIC_0025969,1,4.8646444e-07,0.8775238,1.6429068e-09,1.00399e-09,0.122475564,7.67307e-10,1.2841264e-07
ISIC_0026888,1,0.0805988,0.9163363,0.00055125786,4.80759e-08,2.2364506e-05,2.5114014e-08,0.002491234
ISIC_0026030,1,0.5177607,0.48223662,5.0056888e-09,2.5423922e-06,4.984826e-08,8.539247e-09,2.594829e-08
ISIC_0027129,1,0.0027617665,0.9939028,0.003241913,2.7786766e-09,9.162183e-05,6.7321007e-09,1.9148385e-06
ISIC_0031405,1,0.0007732764,0.70244277,3.333032e-07,5.527545e-07,3.6729467e-05,0.2966712,7.510539e-05
ISIC_0032184,1,0.0011611576,0.91064334,1.8111226e-05,0.0039991518,0.08073589,7.6708435e-05,0.0033656051
ISIC_0025149,1,0.0030801229,0.96718216,7.327982e-07,9.104322e-06,6.9222637e-07,0.029726598,5.5421486e-07
ISIC_0025938,1,9.718601e-07,0.99998415,1.6512349e-11,1.3777211e-10,1.2184786e-05,2.7672338e-06,2.2392e-09
ISIC_0028216,1,0.0014142379,0.8288389,0.018173562,0.12743926,0.023553621,3.3957002e-07,0.0005801132
ISIC_0030621,1,0.001307526,0.9986527,5.001765e-08,7.485309e-06,3.162757e-05,1.455689e-07,4.124635e-07
ISIC_0028825,1,8.3815385e-06,0.99997115,3.8753856e-10,3.935448e-07,2.0071646e-05,4.2928818e-08,2.220539e-08
ISIC_0031603,1,0.017073566,0.9703148,0.0010795385,0.0056649256,0.005834528,2.446655e-07,3.245111e-05
ISIC_0029867,1,0.00067602657,0.9975189,1.1928004e-06,0.001798556,5.077329e-06,4.5180557e-09,2.2665537e-07
ISIC_0029589,1,0.0012385565,0.9945094,5.6215044e-06,0.00021896895,0.004027461,4.266016e-08,5.6677742e-09
ISIC_0026454,1,6.3393654e-06,0.99933076,1.4208878e-08,4.055925e-06,0.0006582019,2.2695547e-08,6.242669e-07
ISIC_0026759,1,0.018478429,0.9814279,2.4756526e-08,8.948496e-05,1.1373995e-06,1.6769454e-06,1.3370527e-06
ISIC_0030967,1,0.00013689614,0.9998178,2.9421854e-10,1.0024895e-07,4.4923152e-05,1.8158167e-08,3.4397257e-07
ISIC_0030675,1,0.0024961396,0.99652195,3.2979923e-08,1.7839817e-07,0.0009795139,1.1602824e-07,1.9885088e-06
ISIC_0030532,1,0.11107714,0.8804003,3.4994526e-05,0.0012999751,0.0019708693,0.005216614,1.6480047e-07
ISIC_0028304,1,0.09955177,0.8992822,4.6002524e-10,3.074521e-07,1.3589086e-07,0.0011654863,3.1122443e-08
ISIC_0026782,1,0.0002637719,0.999736,3.599797e-11,8.091908e-09,7.3092345e-08,8.176462e-09,7.507084e-08
ISIC_0029994,1,0.0015666595,0.9847911,3.419423e-06,0.00044267715,0.013195391,7.4399816e-07,5.127716e-08
ISIC_0029926,1,0.0011737756,0.9962823,0.0024019997,0.00010420445,3.0595338e-06,2.87697e-05,5.9974673e-06
ISIC_0031934,1,0.005238893,0.9947173,7.674321e-06,6.423972e-06,1.9147918e-05,1.0597947e-05,5.0898414e-08
ISIC_0029693,1,0.0006415643,0.99935836,6.22116e-11,4.1033603e-09,3.520345e-08,5.4114175e-09,1.6729612e-09
ISIC_0026599,1,0.26582202,0.1077768,0.62635595,1.8981866e-05,4.543048e-06,3.719573e-06,1.8020202e-05
ISIC_0027201,1,8.213773e-05,0.99983215,2.878079e-08,9.803318e-07,9.895345e-06,2.6184284e-07,7.455973e-05
ISIC_0031302,1,0.0006109987,0.9993857,1.31574875e-08,5.135416e-07,2.7118513e-06,1.7018126e-08,1.1093318e-07
ISIC_0029457,1,0.0015517619,0.99843854,1.2395573e-06,2.0213383e-07,7.617376e-06,1.6323198e-09,6.0013605e-07
ISIC_0027237,1,0.00058997056,0.37009934,0.0011982968,0.21454269,0.41231447,0.0012100205,4.5203455e-05
ISIC_0028679,1,0.9739352,0.026064752,2.3076958e-10,1.3881477e-09,1.424878e-08,2.3844837e-08,5.569564e-10
ISIC_0026739,1,5.22134e-09,0.99999714,7.3113834e-11,2.613328e-06,1.798223e-07,2.9639766e-11,2.8724914e-09
ISIC_0025946,1,0.104122505,0.35243747,0.020862876,0.19081037,0.26721868,0.060952656,0.003595477
ISIC_0024899,1,6.4866576e-08,0.99999857,3.4017095e-11,8.74615e-08,1.2656532e-06,1.7500475e-12,4.5469273e-09
ISIC_0030121,1,0.38169652,0.61818624,8.460927e-06,6.967231e-05,1.3060462e-05,2.5541725e-05,5.8098254e-07
ISIC_0029736,1,0.00011067882,0.99988663,2.5756428e-08,2.2552074e-06,2.9418972e-08,3.1904966e-07,9.5968495e-09
ISIC_0030816,1,0.0026553299,0.9973308,1.0790705e-05,1.611291e-06,1.1661845e-06,1.7777957e-07,1.5595727e-07
ISIC_0026404,1,0.0017697304,0.47513875,0.00025957706,0.49103987,0.0316601,2.9648274e-06,0.00012904903
ISIC_0028217,1,2.8734019e-06,0.99998915,1.546016e-07,2.3891468e-07,7.521556e-06,2.8429266e-09,1.1495909e-09
ISIC_0027114,1,0.5702392,0.42975333,4.4925038e-08,3.0501733e-06,1.2789161e-08,4.292296e-06,8.9359276e-08
ISIC_0032489,1,2.6134244e-06,0.9998528,3.6190457e-08,0.0001440616,4.875486e-07,1.4940513e-10,6.1583503e-09
ISIC_0026222,1,7.093976e-05,0.9992173,1.2020877e-08,2.0919316e-07,0.0006091191,7.671927e-08,0.000102293045
ISIC_0030117,1,0.0007247006,0.9992637,1.888206e-08,7.2843983e-07,1.0720109e-05,1.948471e-08,7.898287e-08
ISIC_0026654,1,2.770024e-05,0.9913492,1.6670035e-06,0.006883473,0.001737616,2.4995168e-07,4.321396e-08
ISIC_0026921,1,0.0022630391,0.9976907,4.917037e-08,7.454822e-06,3.775811e-05,9.386004e-07,7.590264e-08
ISIC_0028357,1,3.829833e-06,0.99828315,2.570197e-09,1.1456345e-06,5.1492725e-07,0.0017112365,9.883133e-10
ISIC_0029452,1,0.6832541,0.31667873,4.9982587e-09,1.1266787e-05,5.5874276e-05,1.5914386e-09,2.6959585e-08
ISIC_0026712,1,0.017514922,0.9805633,1.8445068e-07,1.7615908e-05,0.000760968,0.0011412947,1.7129072e-06
ISIC_0029645,1,0.121619426,0.8783773,9.67419e-09,2.4995745e-07,2.3840635e-06,4.845334e-07,8.157715e-08
ISIC_0030416,1,0.0009515908,0.12993172,0.020223364,0.79542595,0.05321774,0.00014847337,0.000101166646
ISIC_0028744,1,0.0019600356,0.9980288,1.765501e-08,2.9660962e-08,8.359902e-07,1.0257337e-05,4.5627438e-08
ISIC_0028529,1,8.9791014e-05,0.99905807,4.5915435e-06,9.528805e-05,0.00075157714,6.748028e-07,1.0014082e-08
ISIC_0026588,1,4.6547716e-06,0.999665,4.6272172e-07,2.2855307e-05,0.0003069878,2.9922052e-08,1.09970255e-08
ISIC_0028631,1,1.8637991e-05,0.9999654,6.2983827e-09,1.5554426e-05,3.9033438e-07,6.7950725e-09,6.471749e-08
ISIC_0026601,1,0.010951266,0.9889409,2.5138283e-05,4.595071e-10,8.2463695e-05,2.2931006e-07,8.218756e-09
ISIC_0024439,1,8.6476044e-05,0.9998733,3.603165e-06,7.385294e-06,2.3181452e-05,6.10168e-06,3.106694e-08
ISIC_0025492,1,7.1704244e-06,0.99096596,1.4627219e-05,0.0009426298,0.00032044886,0.0077468883,2.3787295e-06
ISIC_0030006,1,5.192432e-05,0.99430877,3.9083665e-09,2.1785691e-08,0.0056392965,2.1807022e-08,7.5663095e-08
ISIC_0027917,1,6.534718e-07,0.9999764,4.1299084e-09,6.642069e-09,1.4966828e-07,8.389566e-11,2.2824976e-05
ISIC_0029881,1,0.2448647,0.755072,2.9417588e-10,2.1935498e-06,6.0831582e-05,3.050705e-07,1.7568505e-08
ISIC_0031115,1,0.49362046,0.5038779,4.3557746e-10,2.8114619e-07,0.0024981257,3.3064543e-06,8.480298e-09
ISIC_0031919,1,1.8543913e-05,0.08691238,9.262984e-09,8.9536667e-07,0.9130551,1.025212e-05,2.7783353e-06
ISIC_0030209,1,0.0013479254,0.9986351,8.906514e-07,8.265433e-06,7.5907865e-06,1.622888e-07,1.6146195e-07
ISIC_0028689,1,6.2426784e-07,0.97209406,1.3226957e-10,0.027902937,2.0162665e-06,3.1506042e-07,1.017299e-08
ISIC_0029975,1,0.00023939008,0.9997507,8.9468166e-08,7.611984e-07,4.6228038e-06,2.1802554e-08,4.543969e-06
ISIC_0031042,1,0.0005185491,0.99923277,7.709844e-09,3.2007918e-07,0.00024196738,7.778176e-08,6.2816766e-06
ISIC_0029127,1,0.0006873236,0.9993117,8.968353e-07,4.0721098e-08,1.1312958e-07,1.9008139e-08,8.471329e-09
ISIC_0031708,1,4.407703e-05,0.9999559,6.505657e-09,1.3513506e-09,4.804983e-09,2.9258777e-08,6.879483e-10
ISIC_0024356,1,0.00019644076,0.9997949,7.244661e-07,4.4665194e-06,3.4372092e-06,5.6221285e-11,1.380045e-07
ISIC_0028307,1,0.0026961039,0.9972741,5.0377526e-08,2.8285564e-05,4.9965973e-07,6.3874206e-10,9.5731e-07
ISIC_0026560,1,2.6976932e-06,0.9999932,2.2923861e-10,1.2603395e-08,3.2460764e-06,3.9292494e-09,8.452131e-07
ISIC_0025051,1,8.904222e-06,0.9999212,1.7839726e-09,1.222828e-06,4.736392e-05,3.6582147e-08,2.1269985e-05
ISIC_0026610,1,0.008235361,0.9915371,2.5701408e-07,3.1559728e-06,0.00022412841,5.7278776e-10,8.781061e-09
ISIC_0032145,1,0.0064186403,0.9935575,1.9077828e-07,9.987305e-06,1.7978529e-06,1.15876865e-05,3.5253447e-07
ISIC_0030973,1,3.5478762e-09,0.99997723,5.5207987e-12,8.711916e-08,1.9126077e-05,1.2058154e-09,3.5582198e-06
ISIC_0030444,1,1.163359e-08,0.9999504,3.2130888e-11,3.588905e-06,3.5633624e-05,1.1998847e-09,1.0383365e-05
ISIC_0028476,1,0.0031579402,0.9928976,1.029843e-06,3.830978e-05,0.0039031038,1.5063316e-08,1.9800339e-06
ISIC_0031832,1,0.0004523101,0.9890627,5.689079e-06,0.010436721,4.2228185e-05,7.082307e-08,1.1133344e-07
ISIC_0027051,1,0.042575516,0.9574218,8.2596e-09,1.55779e-07,2.550396e-06,1.0694992e-09,2.861266e-09
ISIC_0030340,1,0.0068355575,0.993149,1.3671904e-06,1.1102365e-05,2.7480778e-06,2.7550525e-08,1.777267e-07
ISIC_0028580,1,0.0002495143,0.9995857,6.58696e-10,8.312987e-06,0.000155984,1.4716177e-10,5.041647e-07
ISIC_0025798,1,0.0014327869,0.99853337,6.533837e-11,1.8343893e-07,3.359273e-05,3.1993121e-12,1.9069928e-08
ISIC_0026922,1,6.832958e-05,0.9974765,5.46247e-08,0.00035791352,0.0020907165,1.5408574e-08,6.44216e-06
ISIC_0026786,1,7.3291176e-06,0.31339023,0.016018271,0.22736752,0.4430321,2.8210019e-05,0.00015633556
ISIC_0028578,1,2.4087645e-05,0.4060439,0.006006371,0.08633356,0.50144976,9.026198e-05,5.2095245e-05
ISIC_0024809,1,0.00024354758,0.74165773,0.021384668,0.07630889,0.16007368,0.00031462728,1.6805727e-05
ISIC_0027461,1,0.00029156148,0.9997073,2.8586774e-07,6.5239436e-09,6.7451475e-07,1.7506185e-09,2.0045309e-07
ISIC_0025310,1,0.0020696425,0.997874,5.533111e-09,1.0116262e-07,4.574603e-05,2.4915021e-08,1.0499014e-05
ISIC_0026752,1,0.00016920251,0.99976605,2.0307477e-06,9.011521e-08,6.210838e-05,2.6311966e-07,2.2075608e-07
ISIC_0026076,1,0.008100004,0.9918556,1.1067611e-07,3.7113953e-06,1.3200074e-06,3.9002047e-05,2.9922705e-07
ISIC_0030732,1,1.5600866e-05,0.99291444,2.2772329e-05,2.9186463e-06,0.0070432723,9.9919745e-08,8.47305e-07
ISIC_0030802,1,0.16962089,0.82193583,6.298296e-06,0.00020370576,0.008229523,3.2645162e-06,4.9742977e-07
ISIC_0025169,1,3.971613e-05,0.9988426,1.8772443e-10,2.3540613e-05,0.0010941088,9.797865e-09,9.464897e-09
ISIC_0028179,1,0.5554375,0.011039282,0.007748353,0.04897844,0.36873055,2.4336903e-05,0.008041548
ISIC_0032405,1,0.10130452,0.89868397,9.029057e-06,4.0399213e-09,2.5054164e-06,8.3543744e-10,8.587609e-09
ISIC_0031933,1,0.0015940904,0.9984049,7.373189e-08,2.0432822e-08,7.719276e-07,2.0342945e-09,2.0629986e-07
ISIC_0025542,1,1.0397675e-06,0.98475444,0.015215918,2.5399725e-06,1.0383274e-05,1.2659668e-05,3.001534e-06
ISIC_0028183,1,5.003073e-06,0.9999747,4.770084e-08,2.057292e-09,1.8732875e-05,1.4802208e-06,4.137181e-08
ISIC_0026108,1,0.0001985593,0.99976724,3.1976426e-05,6.9764843e-07,6.315116e-07,1.3413666e-07,7.122528e-07
ISIC_0031754,1,7.926858e-05,0.99992,5.710423e-10,4.3935086e-10,6.6067537e-07,5.181715e-11,1.4853497e-09
ISIC_0029803,1,3.9206046e-05,0.99995935,1.3244982e-08,5.265295e-09,1.4068936e-06,5.026116e-09,4.9917794e-09
ISIC_0027091,1,0.26092368,0.73806477,2.2732083e-08,0.0010002383,1.1310722e-05,2.84417e-08,5.289099e-08
ISIC_0028091,1,2.5708734e-06,0.99999,2.0553728e-10,4.3061024e-07,6.9493594e-06,1.5452072e-10,6.856119e-08
ISIC_0028023,1,0.12294005,0.7809474,0.00032653994,0.09569672,1.2038233e-05,3.064166e-05,4.6617995e-05
ISIC_0031644,1,0.0060539427,0.9926307,4.790435e-09,1.3756012e-07,0.0013038759,1.0349796e-08,1.1385728e-05
ISIC_0027036,1,2.8638824e-05,0.9406228,2.1977053e-08,1.8758689e-07,0.059261285,6.689586e-08,8.682728e-05
ISIC_0028139,1,0.003482036,0.9936786,0.00013496239,1.1045948e-05,0.002691095,3.1898864e-07,1.8823733e-06
ISIC_0029479,1,0.00034158913,0.008150321,3.185757e-07,0.9675028,0.024003882,9.490564e-07,1.3979238e-07
ISIC_0032278,1,2.0057501e-05,0.1466449,0.045089822,0.14458953,0.66365063,2.700754e-07,4.711068e-06
ISIC_0027255,1,1.1457995e-05,0.9998642,2.9193401e-07,4.039217e-06,0.00011961376,2.4038425e-07,6.07473e-08
ISIC_0028588,1,1.8385565e-06,0.9856301,0.011233814,0.0007559722,0.002319124,1.07263574e-07,5.901101e-05
ISIC_0027109,1,4.720571e-06,0.95928556,0.00023025057,0.0020134118,0.0014386923,0.036987428,3.9818253e-05
ISIC_0029095,1,1.6977869e-07,0.99963176,0.0003677546,7.954039e-09,2.03041e-07,7.749542e-08,2.4785184e-08
ISIC_0030620,1,0.08950851,0.9008502,3.4370705e-06,0.0008925763,0.00010409144,0.008637767,3.35788e-06
ISIC_0028987,1,0.0044152057,0.9830188,1.3539528e-09,0.00039496977,0.000920014,0.011246439,4.5084125e-06
ISIC_0024882,1,0.00015755725,0.99964666,0.00018910675,3.7352336e-06,2.8283891e-06,2.6446108e-08,1.3434567e-07
ISIC_0025667,1,0.00025338755,0.9997441,6.9778366e-08,1.7350807e-07,1.992106e-06,2.5873493e-07,2.569947e-08
ISIC_0028982,1,0.0026381272,0.9970983,8.0007645e-08,6.141222e-05,0.00018621035,1.5785517e-05,5.6016397e-08
ISIC_0027137,1,5.6781955e-05,0.99992836,1.2183354e-08,1.3971697e-06,1.2901742e-05,4.3222028e-07,3.8576573e-08
ISIC_0026956,1,5.504873e-06,0.099425554,0.9005489,6.1614855e-08,2.0029443e-05,2.8303206e-09,3.0818992e-08
ISIC_0031982,1,0.00082748313,0.9878957,0.011275163,1.1746489e-07,1.489946e-06,6.2391887e-09,8.209209e-09
ISIC_0029833,1,0.00033233815,0.99941075,7.330787e-05,7.866848e-07,2.4046229e-05,1.5274644e-07,0.00015866349
ISIC_0031806,1,0.00045704318,0.013259518,0.9862803,5.341742e-09,3.0770846e-06,2.1301375e-10,6.097382e-08
ISIC_0031991,1,0.00059423,0.9966539,0.00060739834,0.0013218252,0.00033134496,0.00049126707,2.7033941e-08
ISIC_0027840,1,0.00018732224,0.99909675,2.1865971e-07,0.00065749924,2.6755844e-05,3.1471238e-05,6.469174e-08
ISIC_0024933,1,0.023173135,0.97678125,9.24122e-06,1.9993671e-05,2.3085872e-06,1.2415678e-05,1.5835456e-06
ISIC_0028128,1,2.6677108e-07,0.012869733,0.10891028,0.0016554806,0.87641054,3.2283012e-06,0.00015038675
ISIC_0029221,1,0.005542442,0.97345,3.830433e-07,0.00037838545,0.020624047,5.939801e-07,4.1558837e-06
ISIC_0028261,1,0.9614091,0.037928563,2.1786686e-08,3.7589637e-06,0.0006584829,3.1962555e-09,4.12632e-08
ISIC_0026179,1,0.5363583,0.46328297,5.9853795e-07,0.0003508051,7.853083e-07,7.843925e-10,6.620876e-06
ISIC_0032340,1,8.282408e-05,0.99991,1.8896309e-06,8.863484e-07,1.188901e-06,5.5829346e-08,3.2050773e-06
ISIC_0024620,1,4.4787972e-05,0.9996861,1.2456625e-05,1.5154855e-06,0.00025501818,4.5222986e-08,5.3636878e-08
ISIC_0026217,1,0.016974201,0.98300904,8.823269e-06,6.6411054e-08,7.769439e-06,3.5938643e-09,4.0460346e-09
ISIC_0026048,1,0.008729755,0.9805917,7.6398845e-07,0.010470617,0.00017540871,3.1415326e-05,3.8259344e-07
ISIC_0031930,1,0.0002511001,0.99885976,6.472168e-08,0.00046830726,0.00041775787,2.519788e-06,5.2957284e-07
ISIC_0027997,1,2.68314e-07,0.8295333,0.15412007,9.140053e-09,0.016343547,2.5847014e-06,2.4149102e-07
ISIC_0027578,1,0.093930416,0.3973833,3.0419667e-07,0.0005026462,0.508174,2.9016062e-06,6.402242e-06
ISIC_0028571,1,0.00011397119,0.999106,0.00048393267,4.0419378e-05,0.00025507883,1.4693826e-07,4.890665e-07
ISIC_0031573,1,0.029339006,0.9667,0.0011839462,4.506079e-09,0.00276056,1.5988646e-05,4.3392686e-07
ISIC_0029476,1,8.8862186e-07,0.9992619,0.0006989567,1.0991551e-05,2.2801229e-05,4.352778e-06,2.422457e-08
ISIC_0029812,1,0.40895027,0.590668,2.3988714e-06,9.669028e-06,0.00035686916,1.0806783e-05,2.065347e-06
ISIC_0026347,1,0.011312519,0.98842746,3.2370068e-07,0.00014827245,0.000107930086,1.7995937e-08,3.5704243e-06
ISIC_0028468,1,4.558986e-06,0.9996978,1.8121243e-09,4.6117955e-07,0.0002659304,4.5119477e-06,2.6690312e-05
ISIC_0028504,1,0.0007378537,0.99894327,6.1904234e-07,9.313806e-08,0.00016831246,0.00014628876,3.6101412e-06
ISIC_0029862,1,0.03880647,0.9540513,1.2572398e-05,9.718796e-05,0.006858411,0.00015544255,1.8541823e-05
ISIC_0028947,1,0.00025415685,0.9884857,9.580031e-10,2.0413934e-08,0.011241986,6.7754995e-06,1.1417174e-05
ISIC_0031965,1,6.487184e-07,0.9975835,1.6713508e-07,1.5370972e-07,0.0024127434,7.9720405e-07,1.9604083e-06
ISIC_0025148,1,3.162308e-05,0.99986887,2.2202285e-07,3.8619146e-06,9.435355e-05,3.2782913e-07,7.7018075e-07
ISIC_0024716,1,0.0013153722,0.99868125,5.622775e-07,1.3340673e-07,2.2330782e-06,4.2816586e-07,1.1582295e-08
ISIC_0027512,1,1.2817986e-06,0.9999391,1.4208528e-08,1.428799e-08,5.960781e-05,1.7132438e-09,1.5816331e-08
ISIC_0024995,1,8.5746785e-07,0.9971403,3.2641967e-10,3.8849566e-06,0.0028521218,2.6385915e-06,2.5387004e-07
ISIC_0028009,1,0.033810396,0.96618617,1.0410034e-06,7.9985205e-07,2.2894126e-07,5.729001e-07,7.5085563e-07
ISIC_0028884,1,0.22839618,0.77039915,0.0005377501,1.210203e-07,3.2189702e-05,2.2777775e-05,0.00061184645
ISIC_0028785,1,0.00019069618,0.9997987,1.1448598e-06,1.5789906e-08,6.143462e-06,1.0118385e-06,2.3233292e-06
ISIC_0025141,1,0.06262462,0.9371623,6.9960464e-08,5.204753e-09,1.2219757e-05,6.3526054e-06,0.00019446918
ISIC_0026660,1,0.007079346,0.9928907,1.7598635e-05,1.5699694e-06,7.1928764e-07,6.453377e-06,3.6204378e-06
ISIC_0027549,1,7.883498e-07,0.9993191,1.9221535e-07,5.5893037e-07,0.00067902537,1.8306507e-07,9.1761486e-08
ISIC_0025581,1,2.6278204e-07,0.99997175,1.0606687e-07,2.7154424e-08,2.7290269e-05,1.9225342e-07,3.1656114e-07
ISIC_0026451,1,0.0003790934,0.9979765,4.9501764e-06,0.0015406851,9.412119e-05,1.8659131e-06,2.8316406e-06
ISIC_0032385,1,0.0017295564,0.99804175,3.5131685e-05,0.00011206697,6.2879524e-05,4.20301e-08,1.8635357e-05
ISIC_0025065,1,5.269597e-07,0.9999987,1.9860353e-08,7.9227747e-10,4.6396028e-07,1.6003943e-07,1.8243675e-07
ISIC_0027319,1,2.8512666e-06,0.9999968,1.184446e-09,2.565475e-10,3.3003917e-07,1.7087606e-09,2.4289456e-08
ISIC_0031829,1,0.14964376,0.8114883,5.584104e-09,5.7278758e-06,0.038808405,5.1297877e-05,2.563786e-06
ISIC_0027729,1,0.0148125,0.8914948,5.0377015e-08,2.6132858e-08,0.09369008,1.2075624e-07,2.382928e-06
ISIC_0028586,1,0.10056499,0.8991869,7.2818395e-08,1.8318768e-07,0.00024769423,6.605236e-08,7.4016484e-08
ISIC_0030182,1,0.2559303,0.7340646,3.7139796e-06,7.2128336e-05,0.009929259,4.2369983e-08,1.621987e-08
ISIC_0027133,1,0.0018826905,0.99811697,2.4244013e-09,1.572364e-09,1.287787e-08,1.5246678e-09,4.0553914e-07
ISIC_0028756,1,9.446958e-06,0.9999902,2.4107962e-11,2.0685858e-12,1.591034e-07,1.0517737e-07,3.8682613e-09
ISIC_0030977,1,0.002371781,0.9975393,7.176168e-06,9.3647583e-07,1.1691117e-05,6.8469235e-05,6.0764535e-07
ISIC_0024762,1,0.00079430436,0.94118947,0.00033165413,5.3911174e-07,0.05761917,6.21979e-05,2.6966281e-06
ISIC_0029794,1,2.01374e-07,0.9531664,0.04642645,1.0555626e-05,0.0003927395,3.3154524e-06,3.485681e-07
ISIC_0024821,1,0.0004525799,0.996298,0.0011466279,1.3338449e-06,0.0020976935,1.9435297e-06,1.9178376e-06
ISIC_0027266,1,2.054597e-05,0.9999789,1.0841857e-08,2.710458e-08,3.022675e-07,2.1545011e-07,5.2387614e-09
ISIC_0025271,1,0.00078836177,0.9978276,1.6248792e-05,9.271921e-05,0.0011589776,0.00011482504,1.3335698e-06
ISIC_0027867,1,1.982883e-07,0.9999994,1.5892786e-09,7.120703e-11,3.359383e-07,5.833013e-08,2.3257363e-09
ISIC_0025168,1,4.580007e-05,0.9999516,4.8310143e-09,1.7882796e-08,2.267658e-06,2.700068e-07,7.143989e-08
ISIC_0024617,1,7.603956e-07,0.99999905,7.876783e-12,8.7361923e-10,1.3638513e-07,8.812637e-11,1.8784324e-10
ISIC_0029920,1,5.0289796e-06,0.99996674,3.4603845e-06,2.6864663e-08,4.419408e-06,8.145381e-08,2.0254713e-05
ISIC_0031188,1,1.2058018e-06,0.9999988,9.32853e-10,1.2315151e-11,3.083069e-08,1.03965e-11,1.750618e-09
ISIC_0028720,1,0.17964484,0.82014805,7.692353e-05,3.2226861e-09,0.00012721114,1.2222954e-06,1.7074581e-06
ISIC_0026318,1,0.0026134686,0.99718326,7.890474e-09,1.7632297e-10,0.00020309795,1.3196451e-08,1.5303957e-07
ISIC_0030567,1,5.4462356e-07,0.7725721,0.0049134297,5.6668733e-07,0.22224797,1.8783411e-06,0.00026349354
ISIC_0025729,1,3.205233e-07,0.99766064,0.001824508,1.0114421e-08,0.00048296238,2.0929816e-09,3.156799e-05
ISIC_0025865,1,2.6330347e-06,0.9984491,0.000535719,8.455055e-07,0.0004034943,0.00059440057,1.3756216e-05
ISIC_0024935,1,0.031349245,0.94290936,0.025573682,3.1482608e-07,7.63645e-05,2.361242e-05,6.744017e-05
ISIC_0029091,1,0.00017147661,0.9997317,9.306375e-05,2.224581e-08,2.0423104e-07,3.4652141e-06,7.238503e-08
ISIC_0032026,1,6.21044e-06,0.9999924,5.3970437e-09,6.5585213e-09,1.4292365e-06,5.224695e-08,4.0325748e-08
ISIC_0031985,1,1.9079721e-07,0.99999976,8.787241e-09,6.613534e-11,3.4677052e-09,2.0845177e-10,3.1269543e-09
ISIC_0030890,1,0.0018185717,0.99780935,8.40834e-06,3.0976582e-07,0.00033527854,1.2078737e-05,1.5921309e-05
ISIC_0025670,1,2.4314875e-08,0.9999995,8.356391e-09,1.4793126e-09,4.1361454e-07,5.4450502e-12,2.1667128e-09
ISIC_0025898,1,7.2399075e-07,0.9999682,1.9608544e-08,3.121799e-07,3.0165867e-05,1.9771053e-07,2.8066026e-07
ISIC_0024734,1,1.4473926e-06,0.9994305,1.9981705e-09,1.4399074e-06,0.0005649974,1.2325027e-06,4.6772584e-07
ISIC_0027012,1,0.00050657056,0.99946445,3.4082558e-07,4.5246775e-08,3.4861532e-07,7.159763e-07,2.7594133e-05
ISIC_0029592,1,6.320321e-05,0.794664,0.0015807421,2.4372258e-09,0.19339797,0.010286434,7.641068e-06
ISIC_0026037,1,1.0193219e-06,0.99458486,4.068519e-05,5.944081e-09,0.005345344,1.0249254e-05,1.7858692e-05
ISIC_0030299,1,0.000352553,0.9996474,1.3871256e-09,2.5427848e-08,1.9906919e-08,1.2753969e-08,4.402363e-08
ISIC_0028866,1,1.6827618e-06,0.99999833,5.3371283e-13,4.3292236e-10,6.419322e-11,2.054216e-12,2.0482047e-10
ISIC_0032020,1,0.02275624,0.97723114,1.8646164e-08,3.3444252e-09,7.254899e-06,4.238767e-07,4.82609e-06
ISIC_0024745,1,1.5722766e-05,0.9999839,4.6792076e-10,2.6546505e-09,2.2158488e-07,9.931811e-08,1.0429867e-08
ISIC_0029970,1,1.5443136e-05,0.99982965,1.7163819e-06,1.3360466e-06,0.00013355093,9.896467e-09,1.8268516e-05
ISIC_0025101,1,2.4430252e-05,0.9993123,1.0386099e-06,0.00017795376,0.00043003002,1.0023821e-07,5.4105752e-05
ISIC_0030358,1,0.94135684,0.02018969,0.00032026522,0.020765662,0.017115463,0.00021470456,3.7365815e-05
ISIC_0028632,1,0.0035615982,0.38187495,0.002397924,0.34504083,0.26633546,0.00077780767,1.1385374e-05
ISIC_0029537,1,0.0009154512,0.9988355,1.829202e-08,4.2836848e-05,9.862388e-05,2.770801e-06,0.00010475265
ISIC_0032589,1,0.00018601383,0.9942192,1.0105846e-08,0.0030485778,0.0025234125,2.2785622e-05,6.99462e-08
ISIC_0032939,1,0.00039679947,0.9996032,1.3995686e-08,4.275402e-09,4.6708067e-08,3.3242036e-09,1.8162633e-10
ISIC_0033381,1,0.0005029513,0.99946874,9.688586e-07,2.3168292e-07,2.615301e-05,3.9101714e-08,9.2692346e-07
ISIC_0033474,1,0.047171883,0.948638,4.4337614e-07,1.9958872e-05,0.00416743,6.100874e-08,2.1466897e-06
ISIC_0033484,1,0.00021820504,0.99570173,3.5798541e-06,5.388708e-07,7.7353136e-05,0.0039979317,6.1982615e-07
ISIC_0033540,1,0.044718836,0.28283197,0.00036610072,6.464564e-06,0.0005437047,0.67153084,2.0496134e-06
ISIC_0034279,1,0.00012104497,0.9983846,8.505234e-06,2.9401926e-07,6.340069e-05,0.0014214657,7.8651664e-07
ISIC_0034053,1,9.302609e-05,0.9999068,1.5671515e-10,2.9236368e-08,1.3153462e-07,3.0045652e-10,1.2377923e-08
ISIC_0033572,1,2.7754097e-05,0.9622055,4.1805404e-07,1.5426657e-06,0.03776417,6.017418e-07,3.9892342e-08
ISIC_0033596,1,8.337653e-07,0.9835998,7.674801e-06,1.3585004e-08,0.016391765,1.1681152e-09,8.7599865e-09
ISIC_0033132,1,0.4644774,0.5347382,1.6256731e-08,1.6267752e-05,0.0007675393,2.595348e-07,3.8554654e-07
ISIC_0033821,1,0.19687065,0.12060998,8.7673385e-07,3.387639e-05,0.68247235,1.1740899e-05,5.128272e-07
ISIC_0033082,1,0.00059786596,0.9993979,1.7130167e-06,1.2804305e-08,4.1161905e-09,2.5330294e-06,2.2255374e-10
ISIC_0034098,1,0.0036765884,0.9963043,1.4642516e-06,1.8902076e-06,5.501482e-06,1.0247242e-05,6.4796626e-09
ISIC_0032580,1,1.3681844e-05,0.99997056,2.0180083e-08,2.5600204e-07,1.541413e-05,1.460975e-07,3.4429362e-09
ISIC_0033692,1,2.712067e-06,0.99999726,1.3974703e-09,5.9962377e-09,2.596458e-08,1.3368862e-08,7.793018e-10
ISIC_0033766,1,0.048684157,0.95125026,2.7006115e-09,1.5208103e-07,6.534911e-05,2.5321842e-09,1.0656936e-07
ISIC_0033008,1,0.23535189,0.2908601,8.820138e-06,0.0012569426,0.4724983,1.5993062e-05,8.048123e-06
ISIC_0033543,1,1.6819506e-05,0.99998295,5.7669713e-09,1.1657487e-09,2.5320298e-07,8.531301e-11,1.110996e-08
ISIC_0034185,1,2.9320909e-06,0.999997,2.2488021e-10,2.2787314e-11,1.5381623e-08,1.315101e-11,1.773596e-10
ISIC_0033842,1,2.5742156e-07,0.9999975,2.8935754e-09,3.470397e-09,1.797093e-06,1.1838432e-10,5.012851e-07
ISIC_0032923,1,1.584274e-08,0.99990237,1.18300434e-07,2.6738909e-09,9.200118e-05,7.070368e-09,5.4842217e-06
ISIC_0032678,1,2.1215224e-05,0.9999678,8.559638e-09,4.097414e-09,1.0385515e-05,6.454491e-07,1.521918e-08
ISIC_0033896,1,7.968468e-07,0.99999917,7.000715e-10,7.2506756e-09,7.966428e-08,4.4128587e-08,1.6538525e-09
ISIC_0034193,1,1.7416372e-07,0.9999995,2.5751414e-09,1.9072303e-08,1.3928857e-07,1.1029305e-07,6.2889974e-08
ISIC_0032900,1,3.943338e-09,1.0,6.1559177e-14,6.2990266e-11,9.187074e-09,2.8127285e-11,1.0003828e-09
ISIC_0033173,1,1.1373766e-06,0.9999975,5.0807884e-08,5.508487e-07,7.5821555e-07,2.893356e-08,4.557063e-09
ISIC_0033290,1,1.4918874e-05,0.99987805,3.4786236e-09,3.3976125e-06,9.99102e-05,3.437792e-07,3.3396875e-06
ISIC_0034177,1,3.8137282e-06,0.9999844,1.0894715e-08,9.532164e-09,2.450533e-06,9.30652e-06,1.2394357e-08
ISIC_0032635,1,2.0494586e-05,0.9999783,3.754709e-11,1.2077933e-10,1.1790783e-06,2.3955991e-08,5.8765753e-08
ISIC_0034248,1,6.772405e-07,0.999691,1.3075034e-08,4.6296176e-08,0.0003081706,5.029034e-09,1.061494e-07
ISIC_0033797,1,3.2178762e-06,0.9999968,4.0642942e-10,7.8104395e-10,1.8738996e-08,3.49792e-09,2.6207307e-09
ISIC_0033072,1,0.06505367,0.933735,9.759161e-08,6.244999e-10,0.0011957062,8.271422e-09,1.5522508e-05
ISIC_0032956,1,0.000233241,0.99976665,3.3286394e-11,7.066567e-08,3.1916139e-09,5.0872506e-10,6.2397865e-10
ISIC_0033877,1,1.0459014e-06,0.99999845,1.9259427e-10,1.5445911e-08,4.7019128e-07,1.230906e-08,2.4130234e-08
ISIC_0033882,1,4.589639e-06,0.9999912,1.5876887e-07,2.4536575e-06,1.5281452e-06,3.3516062e-10,7.088104e-09
ISIC_0033751,1,0.11761708,0.88226277,5.767184e-07,4.5651558e-07,0.000101113714,5.7891816e-07,1.7432763e-05
ISIC_0033733,1,4.7516887e-06,0.99999523,3.3987132e-12,7.637827e-10,6.9137675e-11,4.1166874e-09,1.06386296e-10
ISIC_0034154,1,0.0052354047,0.9947107,1.4449459e-07,5.7127954e-07,4.5916386e-05,5.02954e-08,7.2070197e-06
ISIC_0033782,1,5.3054714e-06,0.9999871,7.519741e-06,2.375245e-09,3.5686064e-08,5.3379882e-08,1.20233254e-08
ISIC_0032945,1,6.7511173e-06,0.99998975,8.308662e-07,1.2493922e-08,2.53855e-06,2.8375706e-09,1.5555679e-07
ISIC_0033028,1,0.008438729,0.99136263,2.6333465e-08,1.3103337e-05,0.00017060278,7.5217363e-06,7.312557e-06
ISIC_0033187,1,0.019233955,0.9806567,1.2122247e-08,7.170693e-06,3.2112844e-06,3.6338225e-08,9.903652e-05
ISIC_0034195,1,0.00047658937,0.99952316,3.080708e-09,9.538091e-10,7.909294e-08,7.334908e-08,5.836076e-08
ISIC_0025816,1,4.644392e-05,0.99993265,2.0663407e-05,2.6497997e-09,2.135421e-07,4.309302e-09,1.4838005e-08
ISIC_0024955,1,0.0008403436,0.9991503,2.0962945e-09,4.804183e-08,9.2642185e-06,2.5269553e-09,1.4860845e-07
ISIC_0030038,1,7.921555e-07,0.9999958,2.7763764e-07,9.92508e-07,1.1814425e-06,4.182932e-08,1.0083088e-06
ISIC_0031791,1,0.00021596621,0.99951386,7.567903e-08,3.5296424e-07,0.00026615497,3.0365615e-07,3.2512542e-06
ISIC_0028338,1,0.000111915186,0.99952567,1.0136089e-09,6.0203003e-09,0.00035094662,2.8351772e-09,1.1466914e-05
ISIC_0028618,1,9.963355e-05,0.99764675,7.8460125e-06,0.0019030734,0.00032527227,1.13919e-05,5.9272165e-06
ISIC_0031488,1,0.001029493,0.9986314,2.3508785e-05,1.4011254e-05,0.00023807153,6.202701e-05,1.362821e-06
ISIC_0028399,1,0.00081881735,0.9991371,3.353538e-06,7.557908e-09,3.2049877e-05,8.642279e-06,1.4898998e-08
ISIC_0026326,1,6.7317774e-10,0.00012988118,0.99972457,1.0340583e-06,2.6347938e-05,7.2812717e-10,0.000118119635
ISIC_0031929,3,0.00025711439,0.0035786098,0.00028912557,0.9933349,0.002529068,1.0024062e-07,1.1037506e-05
ISIC_0031198,3,3.6777003e-08,1.5059622e-10,3.5078926e-09,0.9999999,3.00065e-08,4.920542e-10,6.3145106e-10
ISIC_0031191,3,0.019210374,0.0066180504,3.4340147e-07,0.0012887459,0.815285,0.12679188,0.030805558
ISIC_0027084,3,1.106067e-09,2.6373135e-08,6.969242e-06,0.9999926,2.6012006e-07,3.5712745e-08,7.2529344e-10
ISIC_0028231,3,0.4523046,0.0684393,2.5720232e-05,0.47785577,0.001371214,9.899974e-07,2.4491808e-06
ISIC_0031874,3,1.6662553e-10,4.962425e-11,9.776599e-14,1.0,2.2611387e-11,1.6291946e-13,3.2165635e-12
ISIC_0032437,3,5.715706e-05,0.0012068504,0.04264931,0.9552182,4.520646e-05,0.00082283054,4.895326e-07
ISIC_0025130,3,3.326159e-08,4.0232255e-08,1.0557786e-09,1.0,2.547583e-10,1.3121903e-08,5.5438674e-11
ISIC_0029067,3,0.008427262,0.061486613,0.007857874,0.5162014,0.40069294,0.005324528,9.402087e-06
ISIC_0026927,3,9.283762e-05,3.8973126e-06,0.003714975,0.0096351905,0.9865508,2.3998632e-06,1.1028882e-08
ISIC_0030794,3,1.39878075e-05,1.2595859e-06,8.269103e-05,0.998776,0.0009904922,0.00013227531,3.2389826e-06
ISIC_0031738,3,0.94954175,0.00429503,0.009560139,0.010597955,0.025814896,5.7931082e-08,0.00019013169
ISIC_0029930,3,2.9304152e-07,1.3734004e-07,1.7189548e-08,0.99999917,3.678545e-07,7.239189e-10,2.280643e-09
ISIC_0027678,3,2.6492044e-06,4.6695775e-05,9.893371e-05,0.99820125,0.00060480746,0.0010432659,2.3385971e-06
ISIC_0029582,3,0.00054413715,0.0197141,0.003043141,0.07587657,0.8986004,0.002189281,3.2304106e-05
ISIC_0031852,3,0.17987503,0.7907342,0.0004954119,0.028706944,0.00017771065,3.5889107e-07,1.0362722e-05
ISIC_0026992,3,0.011761395,0.06340581,0.00035990964,0.9238134,0.0004916335,3.052404e-05,0.00013738443
ISIC_0029563,3,0.7746591,0.00023337128,0.13886379,0.06148798,0.0001529768,0.024519073,8.3679166e-05
ISIC_0029715,3,0.004303551,0.9825032,0.00018432915,0.012882334,0.00012245022,9.4403205e-08,4.0612695e-06
ISIC_0027303,3,0.64698493,0.004791948,0.00030274264,0.22997448,0.11699775,6.5015197e-06,0.000941612
ISIC_0029315,3,1.3037936e-05,0.00014709674,5.415868e-05,0.999671,0.0001063575,6.2450717e-06,2.0571565e-06
ISIC_0029811,3,0.0010074824,0.00020122466,1.4841812e-05,0.9958912,0.0015887741,0.0012855658,1.0772829e-05
ISIC_0030375,3,1.3674606e-06,0.0008853529,0.001547759,0.99696106,0.00060380285,6.890422e-08,5.844204e-07
ISIC_0030707,3,0.0034272084,0.6024293,0.22723305,0.12047919,0.0018196742,9.546356e-05,0.044516098
ISIC_0031211,3,7.08606e-10,1.4886892e-05,8.346709e-11,0.99998176,3.273399e-06,4.4826987e-09,1.20559385e-08
ISIC_0028659,3,2.2316188e-08,6.5980246e-05,0.0003308865,0.99410534,0.005494727,1.1185598e-06,1.894317e-06
ISIC_0024418,3,0.0104584275,0.98800695,4.925425e-07,0.0015201721,1.1812951e-05,1.4788836e-07,2.0305456e-06
ISIC_0027343,3,0.12293831,0.87703884,1.6497993e-06,3.4314996e-06,1.5877356e-05,3.855334e-07,1.4229418e-06
ISIC_0026203,3,0.00030205626,0.99375135,2.9488595e-07,0.005938602,5.4395073e-06,2.1420608e-06,7.7787554e-08
ISIC_0029610,3,6.7208886e-05,0.00125992,3.2670578e-05,0.2567014,0.74193525,3.335648e-06,2.1416959e-07
ISIC_0030143,3,0.0004245489,0.005771919,0.00022203877,0.8498392,0.12840106,0.015336881,4.3347763e-06
ISIC_0026100,3,3.1120525e-08,0.0003121739,0.095985286,0.89503115,0.008614139,1.6676431e-05,4.052035e-05
ISIC_0029567,3,8.9613917e-07,9.759651e-05,0.92050976,0.036133744,0.043166883,5.6257282e-05,3.493957e-05
ISIC_0029851,3,0.02744897,8.4404644e-05,2.5118326e-05,0.9723851,5.3238724e-05,1.3059046e-07,3.0059475e-06
ISIC_0029279,3,1.2988478e-06,2.7613456e-09,2.7366525e-07,0.99999845,8.284087e-11,2.0993877e-12,6.2238825e-12
ISIC_0030280,3,0.0003548647,0.0031036697,0.003413861,0.88027805,0.10973583,0.0016126184,0.0015010391
ISIC_0031578,3,3.1437305e-06,1.601937e-05,7.37118e-05,0.8841124,0.11551913,0.00026649877,9.033516e-06
ISIC_0032397,3,2.0512409e-05,0.0011682827,2.9720729e-08,0.97638774,0.022423115,2.447678e-07,7.4990744e-08
ISIC_0030245,3,2.313061e-07,1.9510826e-06,0.99676275,0.0032279163,3.4719503e-06,3.6592012e-06,2.535504e-09
ISIC_0029268,3,0.00025898224,0.07506313,1.4454335e-05,0.0011871067,0.92347556,5.691657e-07,2.0502749e-07
ISIC_0026525,3,0.0001399867,7.659191e-05,4.431056e-06,0.99977416,4.714842e-06,1.3496864e-08,2.9320045e-08
ISIC_0026206,3,0.0007528943,0.082195245,2.479773e-05,0.9157447,0.0012670896,5.540564e-07,1.4685334e-05
ISIC_0026178,3,0.00057902077,0.0013418114,0.00285913,0.9916015,0.0035204154,3.925708e-05,5.8812384e-05
ISIC_0032014,3,2.8110492e-06,0.0013951098,0.0050403476,0.66972166,0.32383522,1.478791e-06,3.3386812e-06
ISIC_0027184,3,3.8194226e-05,1.251066e-05,0.004191362,0.99547887,0.0002599757,1.7248993e-07,1.8893345e-05
ISIC_0029462,3,1.079746e-05,1.4648919e-05,0.07397567,0.92527366,0.0007012554,3.2433138e-07,2.3550583e-05
ISIC_0027447,3,1.1733675e-06,8.9588326e-07,4.602556e-05,0.9999478,2.7337217e-06,1.3815683e-06,1.4054872e-09
ISIC_0027536,3,2.2474471e-07,8.815527e-08,3.7975472e-06,0.99999166,2.5854675e-08,4.210981e-06,6.8629274e-10
ISIC_0026626,3,0.032918766,3.0515177e-05,0.0019592505,0.9650192,7.207587e-05,6.1532894e-08,1.1489776e-07
ISIC_0031228,3,1.5824689e-06,0.00010369913,3.764034e-09,0.99988663,7.982689e-06,7.5843126e-08,1.485842e-08
ISIC_0024763,3,8.63041e-08,2.0305548e-07,8.36247e-12,0.99999964,1.1129277e-08,2.372853e-12,9.410399e-11
ISIC_0032404,3,2.8905404e-06,2.854279e-07,4.9734213e-06,0.9999889,2.2426439e-06,1.2515669e-07,5.778848e-07
ISIC_0029133,3,0.0007218135,1.012777e-05,3.3406775e-07,0.94616127,0.05310253,3.914118e-06,6.2576e-08
ISIC_0027294,3,3.4613024e-08,0.00040921097,0.9991204,0.0004548738,9.101533e-06,4.8997695e-09,6.256292e-06
ISIC_0025780,3,1.1523439e-07,1.8361918e-05,4.2919956e-09,0.9999807,8.4181664e-07,1.1194967e-10,2.4828592e-10
ISIC_0028941,3,1.4492076e-07,8.195908e-06,7.635202e-06,0.99993825,4.5685865e-05,2.2581062e-08,4.3848114e-08
ISIC_0029827,3,1.6711553e-08,0.00014537484,1.996094e-06,0.98979086,0.009976028,6.190769e-05,2.3810682e-05
ISIC_0027452,3,0.0007792676,0.09721832,0.00017451469,0.86963314,0.031466875,0.0007262142,1.7231479e-06
ISIC_0028370,3,6.0303233e-07,1.3654408e-06,4.611963e-06,0.9999893,3.8756007e-06,1.3662451e-07,3.5316962e-08
ISIC_0024511,3,0.00011327478,0.0003922974,0.3093363,0.687551,0.0015516373,0.000979996,7.545446e-05
ISIC_0027588,3,2.2163855e-05,0.023278337,0.5243396,0.00358132,0.0051126285,0.0012967181,0.44236916
ISIC_0031922,3,4.8768474e-08,6.9962293e-06,6.3975995e-07,0.9961051,8.731009e-05,0.00379968,2.1789e-07
ISIC_0029309,3,0.22690238,0.0026636962,1.8364013e-08,0.6918077,0.078607984,1.4387018e-05,3.923201e-06
ISIC_0028393,3,0.1656637,0.0003518277,2.4187016e-06,0.22020549,0.6137633,1.0260631e-05,3.0561898e-06
ISIC_0033084,3,8.976852e-12,4.283114e-08,1.6428679e-12,0.9996749,0.00032515675,1.4138515e-09,4.026025e-11
ISIC_0033550,3,5.8266065e-05,0.01344611,0.00025810828,0.031002201,0.88013464,0.07509769,3.0433564e-06
ISIC_0033536,3,2.575283e-08,0.00018337512,2.0777816e-06,0.9894159,0.010200336,0.00019825556,4.266308e-08
