image_id,label,prob_MEL,prob_NV,prob_BCC,prob_AKIEC,prob_BKL,prob_DF,prob_VASC
ISIC_0032343,4,9.149881e-06,0.001974274,8.2897895e-07,1.5120069e-05,0.9979905,7.692447e-06,2.408059e-06
ISIC_0030698,4,0.00028253958,0.8701832,2.8495197e-06,8.337099e-09,0.12895611,8.498101e-06,0.00056677434
ISIC_0025567,4,4.8982404e-08,0.00298582,3.9744295e-06,8.865127e-10,0.99621683,5.212469e-06,0.0007881982
ISIC_0029161,4,0.00020513851,0.8141976,0.0012588562,0.0007053015,0.14010926,0.04093001,0.0025937983
ISIC_0026273,4,1.8035662e-07,0.00026088586,1.4371532e-06,4.51603e-06,0.99911743,2.3670676e-05,0.00059180503
ISIC_0025076,4,0.037677336,0.9108933,0.00022349866,0.0001465515,0.05077828,5.6422778e-05,0.00022445283
ISIC_0029687,4,0.0006740578,0.91025287,0.00037711192,5.0691943e-07,0.088679574,1.0545043e-05,5.390202e-06
ISIC_0025642,4,0.18804486,0.79730994,9.060983e-06,3.8903792e-07,0.00064117543,0.00014971761,0.013844821
ISIC_0031691,4,8.293828e-06,0.0011198308,0.00017729298,1.0165755e-05,0.99866843,1.277943e-05,3.2012408e-06
ISIC_0025419,4,2.6642338e-05,0.18820715,0.00047990182,5.005343e-09,0.81112367,8.70187e-05,7.5491196e-05
ISIC_0030105,4,0.0014667659,0.8085375,0.023137113,0.0026289828,0.1240563,0.0014936242,0.038679726
ISIC_0029301,4,0.0017528064,0.99737453,1.9352979e-06,1.239699e-10,0.00063781,0.00019510629,3.7781476e-05
ISIC_0026637,4,0.020803092,0.968932,0.00019139695,3.4727115e-08,0.009661812,0.00026563005,0.00014610663
ISIC_0030377,4,0.43021697,0.22613016,0.00022109794,1.3375744e-05,0.34328917,2.110321e-05,0.00010815559
ISIC_0031468,4,1.2406243e-05,0.00024421467,3.7253722e-07,5.1558015e-07,0.99974257,2.163567e-09,1.0324297e-09
ISIC_0030926,4,0.003184125,0.0009970734,3.32529e-06,0.001027876,0.9947731,3.5380427e-07,1.4089813e-05
ISIC_0029288,4,2.924126e-08,1.7159692e-07,3.203791e-08,7.0029564e-08,0.99999976,3.4616868e-08,2.6066054e-09
ISIC_0031008,4,1.7790763e-08,5.148019e-07,1.002709e-08,3.887819e-07,0.99999905,7.814712e-08,8.638321e-09
ISIC_0024698,1,0.05572426,0.94423985,1.0838566e-05,3.2331266e-07,2.2225024e-05,1.9472363e-06,5.648576e-07
ISIC_0025099,4,9.043458e-06,0.020731254,2.6312728e-07,7.146469e-12,0.9792594,1.8678439e-09,6.742309e-08
ISIC_0031485,4,0.0026845718,0.968959,2.2405219e-07,4.2807067e-11,0.02828505,3.5820446e-07,7.089534e-05
ISIC_0032283,4,0.00015817948,0.00026361676,1.11944885e-07,2.566993e-07,0.99957794,1.4769271e-09,6.936588e-09
ISIC_0030005,4,0.89812416,0.0062522604,0.00032336538,0.000294563,0.09489551,9.516526e-05,1.4954152e-05
ISIC_0030189,4,1.5804256e-06,4.185429e-06,1.15963715e-07,4.5936375e-07,0.9999937,5.50538e-08,2.5472282e-09
ISIC_0026532,4,8.139309e-06,3.340579e-06,2.3904274e-06,1.490942e-08,0.99998283,2.6750488e-06,5.9349367e-07
ISIC_0029674,4,4.447132e-05,0.3434081,6.166411e-05,0.00028094518,0.64889115,0.0013063197,0.006007343
ISIC_0028607,4,4.5914207e-06,0.00047099558,4.5841163e-05,7.8662697e-07,0.99947065,6.979382e-06,1.586006e-07
ISIC_0024623,4,1.8286325e-06,4.006916e-06,3.4390835e-06,0.00012929938,0.99986124,2.3519627e-07,4.88976e-08
ISIC_0029613,4,1.135705e-06,2.7752878e-07,1.8705638e-06,2.4789122e-06,0.99999166,2.458662e-06,2.6847662e-08
ISIC_0025906,4,3.1892287e-06,0.0036799563,2.601682e-06,3.8829764e-10,0.99555594,0.00045851507,0.00029974693
ISIC_0027151,4,0.00037911147,0.98668706,4.0828934e-05,2.371989e-10,0.0013961412,8.901706e-05,0.011407803
ISIC_0028646,4,0.0003635837,0.6469514,4.000702e-05,0.0015221019,0.34939307,0.0003192071,0.001410625
ISIC_0026794,4,0.60369444,0.0025053252,0.22541274,4.40076e-06,0.16804975,0.00029397666,3.925491e-05
ISIC_0034318,4,8.710483e-05,0.009950474,5.944323e-05,5.6473027e-08,0.989772,1.8268614e-07,0.00013070324
ISIC_0032972,4,0.0013514361,0.0676576,7.249551e-06,5.7768502e-11,0.9309759,3.1328202e-07,7.498139e-06
ISIC_0032929,4,0.18866125,5.8865477e-05,2.6297712e-07,0.00019978973,0.8110711,4.5787388e-08,8.600461e-06
ISIC_0032963,4,0.58220166,0.0005619857,0.014492961,0.0001675541,0.40214863,4.0297955e-06,0.00042316038
ISIC_0033583,4,4.9057257e-06,7.815797e-06,1.9973218e-08,2.1873553e-10,0.99998724,3.5901717e-09,1.6151622e-08
ISIC_0033465,4,3.0355493e-05,0.00021968466,3.1782395e-08,1.8928484e-10,0.9997497,2.72119e-08,1.1770141e-07
ISIC_0032514,4,0.1121,0.74488485,8.9501455e-06,3.7315413e-06,0.14297752,1.3622615e-08,2.4934745e-05
ISIC_0033400,4,7.033837e-08,0.0017519647,4.0405354e-07,1.0260867e-08,0.9982462,3.4906197e-08,1.2229413e-06
ISIC_0033677,4,2.1677058e-06,0.0032123073,1.0919027e-05,1.4324587e-06,0.99674124,2.7305627e-05,4.6642213e-06
ISIC_0033262,4,0.002326168,0.46559003,0.0029233014,2.9184876e-05,0.52909875,1.0313515e-05,2.2207914e-05
ISIC_0033410,4,8.800783e-05,0.0021329233,0.24360433,0.00088203914,0.7532759,4.0409464e-06,1.2793621e-05
ISIC_0032725,4,1.9234449e-06,5.2994128e-08,0.00025668505,3.0070858e-06,0.99973816,9.2008525e-09,1.531165e-07
ISIC_0033264,4,4.9490454e-06,0.00063874957,1.10779546e-07,4.467667e-08,0.999356,7.8170703e-10,1.4384939e-07
ISIC_0032665,4,0.0007399393,0.10629555,0.0001712736,0.00074721564,0.89200455,3.313486e-07,4.1060604e-05
ISIC_0033130,4,0.0014056044,0.3376829,7.456677e-05,0.0006560189,0.65907574,3.8244884e-06,0.0011014518
ISIC_0033321,4,0.6516102,5.204833e-05,1.1630793e-08,1.76948e-08,0.34833702,1.8521133e-07,5.55039e-07
ISIC_0032757,4,0.08681084,0.59351045,2.4512058e-06,6.52482e-08,0.31966382,3.2024827e-06,9.181127e-06
ISIC_0032508,4,0.0019000196,0.0008951507,1.0128639e-07,1.21861896e-11,0.99720436,2.8644981e-08,3.9530056e-07
ISIC_0034201,4,1.9671726e-05,6.203129e-05,4.8350484e-09,2.5336495e-12,0.99991834,3.6928902e-09,1.5094786e-08
ISIC_0033776,4,1.7398975e-10,6.686098e-07,1.0994777e-06,4.757438e-12,0.9999982,2.2016788e-09,2.184366e-09
ISIC_0033056,4,1.9736686e-10,1.75974e-08,7.4492796e-08,9.499715e-09,0.9999999,1.0011824e-09,1.7926167e-09
ISIC_0033744,4,0.32672518,0.3524596,4.6492645e-05,0.0006219128,0.32013026,7.1565196e-08,1.6464981e-05
ISIC_0033659,4,0.052061625,0.9469713,1.855577e-07,4.571059e-07,0.0009661335,1.5475782e-09,2.6296965e-07
ISIC_0034303,4,0.0014644245,0.9970849,0.000120521225,0.00093760085,0.00034866924,1.3597395e-05,3.0340743e-05
ISIC_0034031,4,0.0015197141,0.99130803,3.354685e-05,1.851028e-05,0.0067537017,0.00012140559,0.00024514802
ISIC_0033124,4,0.016738337,0.94878256,0.00024340006,3.0367974e-05,0.034137383,1.8200049e-06,6.619382e-05
ISIC_0033507,4,0.0001827982,0.00041129361,2.825909e-06,7.4356308e-09,0.99940264,6.1774315e-09,5.6486704e-07
ISIC_0033791,4,0.0020129809,7.19775e-05,1.2893677e-06,8.517723e-09,0.9979126,1.2428123e-09,1.2192411e-06
ISIC_0034003,4,2.6672906e-05,0.0008895124,1.8149201e-06,3.6148128e-07,0.9990791,3.6090603e-07,2.1095968e-06
ISIC_0033079,4,2.8245106e-05,4.196705e-05,2.1983593e-07,1.1079574e-09,0.9999207,4.0967095e-07,8.383289e-06
ISIC_0029014,4,1.3448841e-05,0.47493336,2.295076e-05,0.0039617275,0.52100396,1.8510056e-08,6.450471e-05
ISIC_0031376,4,2.1992364e-06,8.211609e-05,1.6342341e-06,6.8598456e-05,0.9998385,5.3751423e-06,1.5914808e-06
ISIC_0031620,4,5.148101e-06,0.0010418961,8.042956e-06,6.628382e-05,0.9988668,4.337352e-06,7.5129064e-06
ISIC_0025136,4,0.005687982,0.70598197,0.00016516182,0.00058682746,0.28699008,5.2660644e-06,0.0005826568
ISIC_0027652,4,0.0188251,0.030264081,1.2032176e-07,2.1659509e-05,0.95088685,2.788455e-07,1.8486304e-06
ISIC_0028020,4,2.04726e-06,0.00024081337,3.2640502e-05,2.0477061e-07,0.99487984,0.0013656741,0.003478857
ISIC_0025867,4,9.807274e-05,2.3132798e-05,2.384643e-05,0.00017535154,0.99964917,1.3426787e-05,1.7030787e-05
ISIC_0026623,4,0.09696033,0.022842541,0.33997023,0.5399404,6.7579684e-05,3.8812414e-05,0.00018013947
ISIC_0029394,4,0.000437978,0.9803504,1.3013063e-07,7.7257685e-09,0.019211177,1.4228414e-08,3.2596773e-07
ISIC_0026893,4,3.38203e-08,2.4062165e-06,1.9791588e-07,0.0012218191,0.9987754,9.189472e-08,1.4773052e-08
ISIC_0026844,4,4.150754e-05,0.0012326489,0.00278399,0.00429412,0.99158645,6.499184e-06,5.4891727e-05
ISIC_0025885,4,0.9642556,0.032648034,9.496085e-05,0.0023587996,0.00061964284,8.986001e-06,1.3867777e-05
ISIC_0025656,4,9.087901e-07,1.0288905e-07,5.604508e-07,3.5977025e-06,0.9999888,1.8210704e-06,4.165181e-06
ISIC_0027374,4,2.2257087e-09,5.7070537e-07,4.8406237e-05,6.367832e-09,0.999951,2.685658e-10,2.3443523e-08
ISIC_0025507,4,0.040836178,0.048857942,0.00016217164,0.00023896137,0.90989316,1.7207834e-06,9.894005e-06
ISIC_0031556,4,0.0071123396,0.83545464,7.60846e-07,1.1146305e-06,0.15738486,1.955331e-06,4.425208e-05
ISIC_0027068,4,9.307727e-06,0.9822772,7.3382516e-06,0.010369365,0.0072698114,5.2426894e-05,1.4475328e-05
ISIC_0031130,4,0.00033672887,0.0019227555,0.000114149065,7.592923e-05,0.9975344,6.19088e-08,1.5993139e-05
ISIC_0028308,4,1.1668054e-05,0.93916863,0.0004231114,0.0018878425,0.058297202,2.2973167e-05,0.00018860887
ISIC_0028354,4,0.0037332212,0.0008965162,1.7148446e-06,2.8039067e-05,0.99533963,2.9367344e-09,9.480628e-07
ISIC_0027037,4,3.5888166e-05,0.0013571373,6.612043e-06,1.3339603e-06,0.9985655,3.148274e-05,2.0390887e-06
ISIC_0032486,4,0.08576555,0.8134625,7.4403897e-06,3.7799906e-05,0.100720674,4.3804098e-07,5.539071e-06
ISIC_0026607,4,0.00015187007,0.9959875,0.0037951758,5.5048584e-08,5.9251768e-05,6.147715e-07,5.658361e-06
ISIC_0029062,4,0.00013245702,0.94710004,2.7482412e-05,0.008867685,0.043843552,4.181755e-06,2.4711808e-05
ISIC_0025485,4,3.3268192e-05,2.9011471e-05,9.633996e-06,5.302596e-05,0.9998241,5.0731032e-05,2.8750995e-07
ISIC_0025874,4,0.84299326,0.11749083,3.8721642e-05,3.8162075e-06,0.03938996,2.5782406e-06,8.089038e-05
ISIC_0030706,4,0.06992322,0.9280927,3.8607327e-06,0.0011077543,0.00086557714,1.8705275e-07,6.7154097e-06
ISIC_0027026,4,0.0022882135,0.11666541,0.00019021095,0.64151686,0.01981196,0.1827166,0.036810685
ISIC_0024773,4,0.001199168,0.016769554,2.1213871e-05,0.005672521,0.9763091,1.0163161e-05,1.839865e-05
ISIC_0028952,4,5.012689e-06,0.0015920969,0.00011818631,4.4495448e-07,0.9982838,3.3700863e-07,8.5991175e-08
ISIC_0030203,4,0.004104219,0.086813964,0.0003955101,1.1590858e-05,0.90854365,1.832503e-06,0.00012923985
ISIC_0030459,4,4.0474215e-06,3.6260856e-06,9.879007e-08,1.8852374e-07,0.99999166,3.2081329e-07,5.4823783e-08
ISIC_0029776,4,6.093663e-08,1.2939657e-06,9.5045e-10,2.2890645e-10,0.99999857,2.5382066e-08,3.4003655e-08
ISIC_0030522,4,0.00033518288,0.63815767,1.1504711e-05,6.143053e-08,0.36148492,9.657797e-07,9.738953e-06
ISIC_0025985,4,4.8180327e-06,0.018468516,0.01048564,1.3769691e-05,0.97035336,2.1362945e-05,0.0006525463
ISIC_0025830,4,0.001526485,0.033281174,3.3369963e-07,0.00312584,0.96201754,4.5433644e-05,3.2034845e-06
ISIC_0026661,4,0.0004165407,0.13362738,0.0004423924,3.4481063e-06,0.8654617,2.1926897e-05,2.665348e-05
ISIC_0026477,4,0.0012819662,0.99870825,1.397907e-07,1.4818261e-07,8.320976e-06,2.5286602e-07,9.923527e-07
ISIC_0031851,4,0.0011879993,0.00016800426,0.00014693769,0.005407877,0.99299276,8.205184e-06,8.8276654e-05
ISIC_0030436,4,0.14985974,0.0048452048,0.013348887,0.08209735,0.7496518,1.1363467e-06,0.000195957
ISIC_0024741,4,1.2355691e-05,1.0494982e-05,2.3442585e-08,4.754659e-05,0.99991477,1.4647328e-05,1.3765639e-07
ISIC_0032230,4,4.2600153e-05,7.205087e-05,2.3973374e-07,1.7215958e-05,0.9998677,1.0793699e-07,9.9938944e-08
ISIC_0029525,4,0.0068021533,0.033793192,2.2468917e-06,0.006270735,0.95312583,8.312615e-08,5.7177454e-06
ISIC_0029474,4,0.03233401,0.00015828617,1.15763484e-07,3.029337e-05,0.967477,7.662121e-09,3.7446932e-07
ISIC_0027219,4,6.461074e-08,1.1996331e-06,1.3419387e-08,1.10506944e-10,0.9999987,2.509502e-08,2.5178384e-09
ISIC_0026265,4,0.0031777518,0.075318165,0.00017306804,0.00089637906,0.9203926,1.9665545e-06,3.998119e-05
ISIC_0024426,4,0.0004335848,0.0003170098,1.2228119e-05,0.00068813225,0.9984037,2.1736388e-07,0.00014507872
ISIC_0025376,4,0.008442194,0.9550186,0.010279889,0.017724605,0.008186787,0.0002955,5.234487e-05
ISIC_0030806,4,0.00044646315,0.00022065663,5.7265122e-05,0.00010777919,0.99916744,1.18239534e-07,3.6343036e-07
ISIC_0028388,4,0.008129393,0.13884386,0.007845884,0.11437315,0.73003227,4.4405217e-05,0.00073100056
ISIC_0030636,4,2.4671763e-07,6.075244e-05,6.113671e-06,3.5384897e-08,0.99991965,1.0695004e-06,1.2103926e-05
ISIC_0029897,4,0.0039422587,0.00018992391,4.199369e-06,8.094573e-06,0.99583143,1.7422175e-05,6.775612e-06
ISIC_0029580,4,3.139772e-05,4.103722e-05,0.007999399,0.0061626085,0.9857631,8.709321e-07,1.5906911e-06
ISIC_0027527,4,9.17648e-05,0.00039278093,2.5300596e-07,7.172144e-05,0.9993698,3.208603e-05,4.1715983e-05
ISIC_0025693,4,0.00022303882,0.00017727328,1.2214016e-06,7.962686e-06,0.9995875,7.488622e-08,2.9986948e-06
ISIC_0032116,4,0.33972743,0.059017647,1.9578915e-06,0.00012254558,0.60107416,6.672795e-06,4.9562634e-05
ISIC_0026849,4,0.0005274239,0.000888426,0.0083487155,0.04995807,0.93739486,0.001936369,0.0009461011
ISIC_0029139,4,1.6290579e-06,8.4114625e-05,3.7726907e-06,0.00022639568,0.99968374,1.2012924e-07,2.1540951e-07
ISIC_0024471,4,0.0026114578,0.9115714,0.00057760073,1.4214412e-06,0.047999505,0.03389164,0.0033469785
ISIC_0029878,4,0.0015470405,0.9843328,2.1302756e-05,6.233238e-09,0.0131279975,4.0278566e-05,0.0009306322
ISIC_0026245,4,0.009223529,0.99040365,3.6228543e-05,6.798206e-05,0.00025962398,2.945587e-07,8.743695e-06
ISIC_0026378,4,0.00033499143,0.00028944982,4.3685924e-07,8.7487547e-07,0.99937373,2.659659e-08,4.99637e-07
ISIC_0030188,4,0.9177641,0.08168241,2.0007399e-06,2.5405777e-06,0.000499536,4.4936936e-05,4.419793e-06
ISIC_0028223,4,1.1897234e-06,0.0014522704,7.971484e-05,0.00023101916,0.99823415,1.0931852e-06,4.5777554e-07
ISIC_0026614,4,0.047506284,0.009852265,1.2189899e-05,5.3168853e-05,0.94255877,1.2734315e-05,4.5500788e-06
ISIC_0028237,4,2.661678e-06,4.705367e-06,1.2996196e-07,4.4778014e-07,0.99999213,1.2974964e-08,2.1204379e-08
ISIC_0029585,4,2.058578e-06,0.0020229765,4.0247e-08,1.2500084e-08,0.9979748,3.2731503e-08,4.586788e-08
ISIC_0026290,4,0.00094273535,0.05146837,2.7215316e-05,0.0013721101,0.9461775,9.992228e-06,2.1581495e-06
ISIC_0031050,4,0.0011099142,0.00013983503,1.2747905e-08,2.3874267e-07,0.998749,6.888275e-07,3.823719e-07
ISIC_0024761,4,6.1946984e-08,9.487484e-07,1.0258833e-05,4.3205485e-08,0.99998844,1.7038923e-07,3.02938e-08
ISIC_0025519,4,0.0043841316,0.00017075326,9.9973334e-08,5.379403e-07,0.9954443,3.5997093e-08,9.342886e-08
ISIC_0030319,4,0.010747998,0.0004096396,3.0453443e-06,4.587728e-06,0.98882675,2.5630775e-06,5.3326535e-06
ISIC_0024371,4,0.00063030707,0.24539034,3.4004572e-06,8.6279624e-07,0.7539689,1.909513e-06,4.250535e-06
ISIC_0031808,4,2.379457e-05,5.861815e-06,1.8438106e-08,9.1745466e-07,0.99996865,3.0247577e-07,4.0843906e-07
ISIC_0027470,4,7.0301094e-06,0.9999547,1.3489804e-06,1.482756e-05,1.8536786e-05,1.1132863e-06,2.5593367e-06
ISIC_0024910,4,3.3019744e-06,4.374097e-06,3.97849e-09,3.9197987e-09,0.99999225,1.1104591e-09,1.2639926e-08
ISIC_0026675,4,1.8576588e-06,0.0005360678,1.1109506e-06,0.0003751689,0.99907553,6.57526e-06,3.6721751e-06
ISIC_0026070,4,0.8338485,0.06744302,0.00059738266,0.024107508,0.07388543,3.6474165e-05,8.175846e-05
ISIC_0032235,4,0.03202884,0.85910666,9.247058e-05,0.002507153,0.10621225,2.5498914e-05,2.7024122e-05
ISIC_0025374,4,0.00014108227,0.0005996192,4.9321088e-08,2.4815717e-08,0.99925905,7.856452e-08,4.9713886e-08
ISIC_0027335,4,0.5544642,0.11050958,0.00037173255,0.023296142,0.3105945,1.7865297e-05,0.00074595975
ISIC_0028656,4,0.008679032,0.9704338,5.321253e-08,5.113889e-07,0.02079887,9.13365e-06,7.863707e-05
ISIC_0031716,4,5.6774894e-05,3.7324717e-05,2.1843649e-05,4.8648635e-05,0.99973625,6.3997477e-06,9.28544e-05
ISIC_0028650,4,0.0025922963,0.2185557,0.0009793614,0.009455893,0.7683974,5.2860373e-06,1.4168663e-05
ISIC_0027973,4,1.1585861e-05,0.00023505847,3.1408167e-08,1.0955435e-08,0.9997534,4.295065e-09,9.270451e-09
ISIC_0027018,4,1.3701676e-06,5.1602533e-06,0.0014250595,0.99829096,0.00010695318,0.000155794,1.4705761e-05
ISIC_0025389,4,0.0001328417,7.5228154e-06,0.07668696,0.0008653887,0.90475607,0.017291145,0.0002600386
ISIC_0029384,4,0.00012475433,0.0017144087,1.6370745e-07,0.00010211158,0.9979538,7.7847035e-05,2.6886315e-05
ISIC_0027982,4,6.620757e-05,0.09984797,1.3028231e-05,4.275193e-06,0.89997995,9.018808e-06,7.9540965e-05
ISIC_0030318,4,5.0917116e-08,0.00026560706,1.5150055e-09,6.612752e-10,0.9997342,4.9687916e-09,7.109761e-08
ISIC_0026737,4,6.627022e-08,0.0006095954,1.2681602e-06,1.3024061e-07,0.99937516,1.8252995e-06,1.1985862e-05
ISIC_0028749,4,0.00010632862,0.00022198186,1.0960205e-07,4.698056e-08,0.99967134,8.067779e-08,1.4637045e-07
ISIC_0031334,4,0.0014512984,2.9389588e-07,1.2189791e-08,2.0952445e-08,0.9985483,3.672959e-11,1.1154743e-09
ISIC_0029302,4,3.2810412e-06,0.00053224474,3.1252802e-07,6.151805e-08,0.9994624,9.391381e-07,6.7394893e-07
ISIC_0029206,4,0.7121653,0.004883189,2.9705703e-05,2.939509e-05,0.28286457,1.9342529e-06,2.5895075e-05
ISIC_0030310,4,0.0058468124,0.020258293,2.7038425e-06,2.1004296e-06,0.97382075,1.9848799e-06,6.724892e-05
ISIC_0028229,4,0.19972157,0.0004971321,6.326344e-05,0.61277986,0.18687803,1.1638229e-05,4.8448524e-05
ISIC_0030372,4,0.002644101,0.010740762,0.27773944,0.65425974,0.054575875,1.901676e-05,2.1143409e-05
ISIC_0028404,4,7.278998e-06,0.0056784535,0.99198556,0.0014376306,0.00087692024,3.191537e-06,1.10537985e-05
ISIC_0027017,4,0.00031324805,1.9505674e-07,7.1160734e-06,0.000523732,0.9990951,5.478563e-05,5.8111996e-06
ISIC_0028707,4,0.044113107,0.003991661,0.04348467,0.61632735,0.29200736,1.8517929e-05,5.732357e-05
ISIC_0027509,4,5.5928413e-06,1.4896985e-07,3.2211246e-06,7.288859e-09,0.99999106,1.0249269e-10,2.4034592e-09
ISIC_0030240,4,0.00046084737,3.0363079e-05,2.125791e-06,0.009307819,0.99019355,5.357329e-07,4.6974205e-06
ISIC_0031261,4,1.5225538e-05,4.887308e-06,6.3466828e-06,0.00091041747,0.9990607,8.515853e-07,1.4687297e-06
ISIC_0026015,4,0.0019321425,0.0012324788,4.3367902e-07,1.752779e-06,0.99682045,1.1844903e-05,8.4946026e-07
ISIC_0028124,4,0.00028263935,1.4528012e-05,9.547122e-06,5.4243515e-05,0.9996387,1.9433453e-07,1.619989e-07
ISIC_0024709,4,0.00011847277,3.850237e-05,1.0767115e-05,1.9399204e-05,1.7797416e-05,0.9997563,3.8804683e-05
ISIC_0030241,4,4.1568765e-07,6.497576e-06,1.9551757e-07,3.281069e-06,0.9999895,1.5343028e-07,4.8060176e-08
ISIC_0024786,4,0.0025666512,0.008639719,7.878348e-07,0.00013910588,0.9886254,2.3836004e-05,4.5012785e-06
ISIC_0029927,4,3.02497e-05,3.4233002e-05,5.291213e-06,2.4849027e-05,0.9999043,2.3590368e-07,8.101472e-07
ISIC_0026567,4,8.8453526e-05,7.7738136e-05,3.912568e-08,9.521978e-05,0.99973804,2.8436132e-08,5.2029554e-07
ISIC_0029102,4,0.02341236,0.00072897435,7.0275532e-06,2.065477e-05,0.97581553,1.50162e-08,1.5459163e-05
ISIC_0027154,4,0.001661857,0.00016482365,0.00015217274,9.143443e-06,0.9979876,3.1333877e-07,2.4017463e-05
ISIC_0030383,4,0.00034169262,0.0003678371,7.023803e-07,3.4990671e-06,0.9992849,7.739922e-07,6.152523e-07
ISIC_0025465,4,0.0018509821,0.012275716,9.427565e-06,2.4291525e-08,0.9858606,4.821054e-07,2.7929207e-06
ISIC_0024489,4,0.0013092645,1.271621e-05,0.00019301874,0.0001100031,0.99837214,1.4873385e-06,1.3280857e-06
ISIC_0026276,4,0.00024917925,1.1155071e-05,1.3034311e-05,0.00016398948,0.999559,3.0226581e-06,6.509646e-07
ISIC_0026277,4,0.00027925437,7.755038e-06,1.1523949e-07,3.753363e-05,0.9996741,6.723588e-09,1.3088847e-06
ISIC_0031888,4,0.0072872564,8.4740044e-05,0.0019579213,0.01587039,0.97284657,0.001883157,7.0013724e-05
ISIC_0024705,4,3.400201e-08,8.355728e-08,1.7347913e-09,8.9071805e-10,0.9999999,3.4793146e-08,3.042233e-09
ISIC_0026803,4,1.5528734e-08,1.0217715e-07,1.6292692e-09,8.45454e-13,0.9999999,3.72899e-11,5.822306e-10
ISIC_0026248,4,9.625883e-06,9.9047475e-06,6.0253176e-05,9.364977e-05,0.9998264,1.4714465e-07,9.790101e-08
ISIC_0027194,4,1.18968046e-07,3.4935888e-07,3.771108e-06,2.7838462e-06,0.9999927,2.5795902e-07,3.5597e-08
ISIC_0031677,4,0.09469126,6.280144e-08,2.6423942e-08,1.9167333e-10,0.90530866,1.2707609e-09,1.7943492e-08
ISIC_0032159,4,0.00015346253,3.6815925e-06,1.3942481e-06,1.1255079e-06,0.99983966,2.6428017e-08,5.2091247e-07
ISIC_0024382,4,0.28781497,0.0012006492,4.186866e-06,7.644545e-05,0.7108932,1.10469024e-07,1.05096005e-05
ISIC_0025466,4,3.893376e-07,0.032037713,4.3936217e-07,5.3350877e-06,0.96795535,3.9526628e-07,3.4512877e-07
ISIC_0029931,4,3.3007524e-05,2.3930885e-05,3.2212535e-09,3.5875891e-09,0.9999429,9.385461e-09,8.0919506e-08
ISIC_0026311,4,3.2131713e-09,8.789476e-08,7.5863245e-09,2.4811769e-08,0.9999999,6.151141e-10,5.1019608e-08
ISIC_0029270,4,1.8142018e-06,1.9473893e-07,3.0027913e-08,8.486316e-10,0.999998,7.5465034e-10,1.4592069e-08
ISIC_0027820,4,2.1748116e-07,0.0015737346,3.209936e-05,0.00015251282,0.9982387,3.8977817e-07,2.3122939e-06
ISIC_0025851,4,1.4985682e-06,0.0006419942,4.413697e-07,1.6160639e-08,0.9993554,3.278843e-07,3.2931453e-07
ISIC_0028347,4,0.0019064501,0.8414349,0.00015851588,0.0042589623,0.15206718,0.00014690147,2.709343e-05
ISIC_0033722,4,0.000896605,0.5208913,1.3091445e-06,2.9628345e-06,0.4782047,2.8269014e-07,2.8118995e-06
ISIC_0033199,4,0.111328416,0.00031678798,3.3936346e-06,3.7899262e-08,0.888351,2.5754504e-08,3.4780393e-07
ISIC_0032719,4,0.008986535,2.8939958e-05,1.8146017e-07,4.3772502e-08,0.9909843,7.4343838e-09,4.1453482e-08
ISIC_0033260,4,1.9019835e-07,0.0008044985,1.6720911e-07,1.9114493e-06,0.99914813,4.5996825e-07,4.4570774e-05
ISIC_0032643,4,6.825429e-08,3.0455116e-05,8.825312e-09,2.0974775e-07,0.99996865,3.2460383e-09,5.7196104e-07
ISIC_0033732,4,7.610741e-09,8.434104e-06,1.5386384e-08,1.4626526e-05,0.9999746,2.172417e-07,2.1249214e-06
ISIC_0033854,4,1.4939154e-08,0.99961394,7.8925495e-07,1.7807111e-10,0.00038253624,1.7066948e-07,2.6650773e-06
ISIC_0034142,4,1.542242e-10,5.434033e-08,6.1522916e-09,4.2310403e-06,0.9999957,6.3436527e-09,4.369115e-09
ISIC_0033784,4,0.021932095,0.0041273194,1.8886758e-05,0.00023562957,0.9736746,7.2493617e-07,1.0755862e-05
ISIC_0033307,4,0.08189253,0.20719947,1.7878137e-05,4.6887e-05,0.71069616,1.190868e-05,0.00013512994
ISIC_0033855,4,6.591567e-08,0.00010271719,2.4799698e-08,1.3930407e-08,0.99989665,6.135008e-09,4.7139199e-07
ISIC_0034186,4,0.00018083518,4.2037518e-05,1.1360499e-07,1.2838992e-10,0.999777,2.9852019e-09,4.8638434e-08
ISIC_0032113,4,0.000110619265,0.090782955,4.7748432e-05,0.0021002742,0.90608025,0.0007963775,8.172305e-05
ISIC_0027142,4,8.832524e-09,3.4752662e-05,7.5005415e-09,2.0502896e-11,0.9999652,3.9861527e-09,5.689712e-09
ISIC_0032249,4,8.481137e-06,0.31403193,2.5895417e-05,2.01916e-05,0.20725693,0.47862872,2.778154e-05
ISIC_0024383,4,6.2593575e-09,8.334143e-06,9.2226884e-08,6.251459e-09,0.99999094,1.3312017e-07,4.529335e-07
ISIC_0029793,4,5.2188135e-08,0.00037856246,7.1120915e-08,1.5829991e-07,0.99942315,9.323192e-05,0.00010485657
ISIC_0029107,4,0.00041425118,0.33382696,6.4620936e-06,3.3492754e-06,0.6657125,5.7640847e-07,3.600796e-05
ISIC_0031511,4,5.0465403e-08,4.5685356e-06,1.4600823e-09,3.3431147e-11,0.99999547,1.5918936e-09,1.516281e-08
ISIC_0026422,4,3.4655206e-06,0.009289605,1.4178922e-05,7.301636e-06,0.9904986,1.1876729e-05,0.0001749724
ISIC_0030316,4,4.2153415e-06,0.024709156,1.0927696e-07,1.7214132e-06,0.97526246,2.7599484e-07,2.2118895e-05
ISIC_0028497,4,0.00034117952,0.013534562,0.0012808804,0.00030044335,0.9837307,6.79642e-06,0.0008054832
ISIC_0026846,4,2.9686639e-08,1.2047825e-05,8.0577877e-07,1.2758831e-09,0.999987,7.776193e-09,1.381755e-07
ISIC_0028826,4,0.00012078218,0.005359401,0.0006814045,2.7332376e-08,0.9936646,7.850157e-05,9.519939e-05
ISIC_0031226,4,4.1050623e-07,0.15194951,4.3936872e-08,1.2154322e-09,0.8480496,1.1715952e-07,4.016226e-07
ISIC_0027954,4,0.00060056837,0.0422756,1.1478734e-05,2.0676966e-10,0.9570719,4.0510938e-07,4.0008403e-05
ISIC_0024850,4,0.20942044,0.20556012,4.575894e-06,7.30644e-09,0.5849821,5.6534395e-06,2.7126574e-05
ISIC_0025758,4,1.8600335e-09,0.00063368224,2.1495278e-08,7.783221e-12,0.9993662,6.27584e-11,1.17945326e-07
ISIC_0025392,4,7.0012893e-06,0.1631207,1.2292339e-08,4.06977e-11,0.8368207,2.5026745e-10,5.152602e-05
ISIC_0029731,4,0.0070715905,0.18681166,5.257511e-05,5.9173452e-08,0.80598533,7.420259e-08,7.8811245e-05
ISIC_0025804,4,7.4274585e-06,0.9991085,5.327765e-05,4.7549697e-06,0.00081775873,5.9750955e-06,2.289264e-06
ISIC_0031024,4,8.073323e-06,0.03996189,8.475205e-09,9.74766e-10,0.9600298,7.827501e-08,1.0227989e-07
ISIC_0030056,4,1.491813e-11,1.4320729e-08,1.984352e-13,7.366931e-16,1.0,2.0249182e-13,2.4854587e-12
ISIC_0029195,4,3.252053e-08,1.3624612e-05,1.827468e-08,4.2616615e-11,0.9999863,1.93093e-09,1.0637739e-07
ISIC_0030207,4,3.23788e-12,1.729005e-08,2.6697486e-09,4.429138e-15,1.0,4.1529627e-12,2.327748e-09
ISIC_0031223,4,6.8824044e-12,1.6605146e-08,2.9636682e-11,6.1696503e-13,1.0,2.7949575e-11,2.1505896e-10
ISIC_0031125,4,0.03341011,0.012508985,2.7739508e-05,3.6952355e-05,0.94875133,0.00020798124,0.0050569437
ISIC_0025431,4,8.774405e-06,0.0005291933,5.0240364e-05,2.2851776e-08,0.995138,3.411817e-07,0.004273407
ISIC_0027332,4,1.4544166e-06,0.06540483,1.7228524e-06,6.2551024e-08,0.9345849,4.81326e-06,2.223994e-06
ISIC_0026556,4,5.9350032e-08,2.7761613e-05,1.4472705e-08,8.1389567e-07,0.9999707,8.003632e-09,6.7081726e-07
ISIC_0031362,4,1.4200545e-10,1.8337349e-09,2.2030572e-12,1.6338056e-14,1.0,4.1678314e-13,1.14476706e-10
ISIC_0026941,4,3.5435818e-08,0.0058749984,9.021347e-07,4.303911e-07,0.9941234,6.0416685e-09,3.249593e-07
ISIC_0025654,4,1.2635956e-11,8.555711e-11,8.20872e-13,4.8862718e-15,1.0,4.0094906e-15,7.0032114e-12
ISIC_0029880,4,1.0103838e-07,1.0995889e-07,1.1993947e-09,1.3984484e-11,0.99999976,9.109567e-12,1.47740735e-08
ISIC_0026042,4,0.0013561412,0.054107364,0.27285522,0.0006539045,0.6707998,2.5334382e-06,0.00022512216
ISIC_0027326,4,7.5014077e-06,0.0017186983,1.83834e-09,1.2541424e-11,0.9982734,2.6897922e-07,1.2246242e-07
ISIC_0032642,5,0.3433937,0.18400651,5.034573e-05,0.0004726306,3.819235e-05,0.47202885,9.786677e-06
ISIC_0033790,5,0.89232534,0.041188363,0.0053753215,0.00016284776,0.0003116937,0.060297918,0.00033855304
ISIC_0033675,5,0.085194156,0.8878608,0.00012211823,7.364934e-05,0.025365876,0.0012986878,8.469707e-05
ISIC_0032247,5,0.0032223635,0.97612053,0.0006494756,0.00590223,0.012870557,0.00042942606,0.00080543954
ISIC_0031429,5,0.0038838761,0.87818485,0.017325053,0.07940527,0.015909266,0.00021565026,0.005075961
ISIC_0025302,5,0.001247569,0.9985097,5.2958076e-05,2.4815554e-05,1.2189268e-05,0.00014564296,7.073174e-06
ISIC_0024318,5,6.470422e-08,1.769951e-08,1.0229033e-07,1.3805708e-15,5.2102195e-15,0.9999987,1.1815167e-06
ISIC_0024396,5,5.0640782e-08,8.075337e-06,1.4235747e-08,5.326258e-14,1.0111902e-12,0.9999914,3.8362418e-07
ISIC_0033808,5,3.9672548e-07,0.82620937,6.026734e-07,1.4519949e-06,7.635501e-06,0.17376731,1.3251648e-05
ISIC_0033847,5,2.3027109e-08,0.99800307,3.018527e-07,0.00031571402,3.0087098e-05,0.0016392233,1.1619017e-05
ISIC_0033860,5,9.0485514e-07,0.99628395,6.396991e-07,1.8732653e-07,0.0017572177,0.0019549709,2.0972886e-06
ISIC_0024994,5,1.5471032e-05,0.31952175,2.0625714e-05,5.370403e-08,0.032002173,0.6479659,0.00047400274
ISIC_0030830,5,0.0020625098,0.99723995,1.4556883e-07,7.6549994e-10,1.0197462e-06,0.00012271771,0.00057365524
ISIC_0025911,5,5.3602754e-08,4.262511e-05,5.660264e-07,4.947615e-10,0.001655672,0.9982957,5.436946e-06
ISIC_0026254,5,0.0056844745,0.17652775,0.0012457747,6.505864e-09,0.38479865,0.2863767,0.14536667
ISIC_0028651,5,3.0612284e-06,0.12154212,1.5879148e-07,1.7406523e-10,2.2166022e-08,0.87817574,0.00027890273
ISIC_0029973,5,1.4606668e-06,0.010193715,3.3302229e-06,2.3892585e-10,1.6218768e-05,0.9893127,0.00047250334
ISIC_0029130,5,4.570104e-08,2.345906e-06,2.179839e-10,2.874721e-14,1.924629e-05,0.9999726,5.7642915e-06
ISIC_0027216,5,1.7297764e-07,0.92062056,5.2452697e-06,1.4632882e-07,8.584473e-07,0.07937043,2.5641727e-06
ISIC_0031023,0,0.9999695,3.051602e-05,1.1202115e-08,1.3214915e-11,3.519281e-08,1.3091279e-12,3.2041838e-11
ISIC_0028086,0,0.9998012,0.00019568397,6.599904e-09,1.2497505e-11,3.1571417e-06,2.2657885e-10,1.2479867e-09
ISIC_0026993,0,0.99985325,0.00014539706,1.3437149e-09,1.0691399e-08,1.2797954e-06,2.6041082e-08,4.7143427e-08
ISIC_0025451,0,6.238414e-05,0.9989249,4.1367693e-06,0.0007489626,8.3225874e-05,1.677982e-05,0.0001595215
ISIC_0032248,0,0.8089377,0.01192355,0.16632874,0.012762827,1.7165777e-06,2.1243743e-05,2.410296e-05
ISIC_0028445,0,0.62348074,0.37348637,7.3966235e-06,4.7415333e-06,0.0030063349,1.0889091e-05,3.481494e-06
ISIC_0027076,0,0.017598726,0.9810377,0.00060282357,2.6066226e-07,0.0007387661,1.2881981e-05,8.849798e-06
ISIC_0029512,0,0.078441344,0.09963742,0.00023746403,0.73640573,0.007230247,0.076136984,0.0019109027
ISIC_0027872,0,0.670811,0.0582769,0.0002146947,0.0002186423,0.26957247,0.00079802127,0.00010840095
ISIC_0025303,0,0.119020455,0.88069606,1.7810722e-05,1.5061616e-05,0.00023810197,7.8067205e-06,4.7903777e-06
ISIC_0030129,0,0.14487733,0.85509145,9.784308e-07,4.1706166e-06,1.0799285e-05,6.063306e-06,9.187847e-06
ISIC_0031953,0,0.007000274,0.9926224,8.547216e-07,7.847193e-10,0.00037342266,2.9843568e-07,2.7229576e-06
ISIC_0031406,0,0.00093407196,0.9847296,1.5442723e-05,2.7436572e-06,0.014313935,3.133056e-06,1.0509445e-06
ISIC_0027277,0,0.74436224,0.2505503,0.00023006754,2.3075136e-06,0.00264312,0.00020548499,0.002006499
ISIC_0028642,0,0.9906414,0.007665252,0.001255024,1.8108186e-06,5.6398927e-05,8.449151e-06,0.00037158618
ISIC_0032079,0,0.014845853,0.96560884,0.01935484,7.222033e-05,0.00011471645,1.5161609e-07,3.4656666e-06
ISIC_0026150,0,0.7976787,0.20223974,6.376985e-06,4.60821e-08,7.207787e-05,9.0887653e-07,2.0668456e-06
ISIC_0031642,0,0.8091564,0.19084287,1.0941349e-08,3.3896255e-10,4.9304913e-07,1.2364308e-08,1.36514e-07
ISIC_0032313,0,0.13581675,0.46222484,0.0051601557,0.0010503731,0.39433384,4.6527242e-05,0.0013674394
ISIC_0027769,0,0.3463104,0.6011717,0.024218356,0.00010667282,0.027750164,0.00017012877,0.00027263406
ISIC_0025081,0,0.101048894,0.23433053,0.0023043884,4.4217423e-08,5.415669e-06,0.51000625,0.15230443
ISIC_0030134,0,0.0043292847,0.9936486,0.00019517951,4.7396355e-08,0.00034520673,1.9468296e-06,0.0014797818
ISIC_0025603,0,0.10121573,0.8976205,2.0004784e-06,5.5741953e-09,0.0011557037,1.3813512e-08,6.1435767e-06
ISIC_0027651,0,0.04339646,0.95642495,6.170933e-05,9.037337e-09,9.959429e-06,1.1835344e-08,0.00010699311
ISIC_0030014,0,0.9978123,0.002153608,1.8326384e-05,9.155232e-13,1.5858863e-05,1.2776215e-08,1.47557095e-08
ISIC_0032220,0,0.0027780992,0.9965507,6.2087725e-05,1.1193753e-08,0.00038791416,5.633161e-06,0.0002156266
ISIC_0027352,0,0.035198968,0.96102035,6.3208586e-07,4.44082e-09,0.0037550596,2.3944485e-05,1.0536246e-06
ISIC_0029558,0,0.06621277,0.88462085,2.2518857e-06,1.301259e-05,0.04914213,2.3941932e-06,6.5836894e-06
ISIC_0024400,0,1.6296573e-05,3.1948035e-05,3.3758138e-07,3.3323516e-08,0.9999509,2.2410288e-07,2.1432946e-07
ISIC_0027387,0,4.3615542e-05,0.99596196,3.1586978e-06,2.6528235e-09,0.003990283,6.7748935e-09,9.748305e-07
ISIC_0024911,0,0.5296044,0.46646917,3.7210364e-05,1.4893191e-06,0.0038502095,2.5646506e-05,1.1936803e-05
ISIC_0032182,0,0.078660704,0.0009056081,0.91201925,3.3617864e-05,0.0012165766,0.0069986577,0.00016558533
ISIC_0029660,0,0.4589318,0.54014045,5.6670315e-06,4.650725e-06,0.00090589054,2.3539658e-06,9.12675e-06
ISIC_0024496,0,0.011559932,0.98839766,7.87755e-08,4.4381765e-10,2.7135582e-05,7.272139e-06,7.917499e-06
ISIC_0029726,0,0.9998192,2.3232514e-09,1.0307856e-08,1.2106852e-09,0.00018084506,1.2695474e-09,4.9513205e-10
ISIC_0031310,0,0.9987004,0.0012937473,1.6367059e-06,3.7888205e-07,3.1090333e-06,5.9797367e-07,1.7803559e-07
ISIC_0032408,0,0.98783094,0.0026752378,0.009455646,4.2486413e-08,1.0813469e-06,3.5502846e-05,1.5085434e-06
ISIC_0028969,0,5.6467395e-09,1.8579755e-08,1.6071098e-08,4.356383e-10,1.0,2.015572e-11,1.7838035e-09
ISIC_0032441,0,0.00018863993,0.053576026,5.672128e-05,2.5541282e-05,0.946149,1.1823861e-06,2.9369237e-06
ISIC_0025394,0,0.00017066437,0.9994843,6.7040564e-06,2.1141127e-06,0.00033559915,1.8175645e-07,3.4488187e-07
ISIC_0027776,0,0.42196217,0.10668461,0.0171248,0.32777813,0.12534383,6.89478e-05,0.0010374775
ISIC_0025835,0,0.0033050603,0.99666935,1.0491615e-06,1.5070121e-08,2.311495e-05,4.6694996e-07,9.905667e-07
ISIC_0030828,0,0.0038867134,0.9949137,0.00040505367,9.625319e-07,0.00068949576,1.571828e-07,0.000103998216
ISIC_0033931,0,0.16686979,0.056141328,0.00022910618,0.0001356343,0.77637345,6.6029286e-05,0.0001847177
ISIC_0034141,0,0.010866437,0.987866,4.218843e-05,1.2823934e-06,0.0011806283,7.4389777e-06,3.6033096e-05
ISIC_0033643,0,0.0041020117,0.95589894,2.3259454e-06,3.7304775e-07,0.039992522,3.6894713e-07,3.506333e-06
ISIC_0032629,0,9.886059e-05,0.9917828,2.3237992e-06,6.4098575e-09,0.008107397,6.127281e-07,8.0755135e-06
ISIC_0029909,0,0.003175851,0.000424325,4.7111687e-08,1.1794806e-06,0.9963959,4.1614814e-07,2.291956e-06
ISIC_0033432,0,0.00010445427,0.99777204,2.485153e-07,1.25986865e-08,0.00212217,4.5394547e-08,1.0675342e-06
ISIC_0032833,0,0.0024309172,0.9975182,7.844497e-09,2.8998104e-09,5.0939685e-05,5.160644e-09,2.049304e-09
ISIC_0034236,0,0.0011005237,0.99884975,1.1358534e-06,2.0966755e-09,4.5721034e-05,1.397586e-06,1.4202487e-06
ISIC_0034118,0,0.6157351,0.3842442,2.9234442e-08,1.10383944e-07,1.965181e-05,6.9853206e-07,2.177565e-07
ISIC_0033476,0,0.22930762,0.77068657,2.261328e-07,1.5499495e-08,4.9606806e-06,4.4276913e-08,5.899418e-07
ISIC_0033047,0,0.9826835,0.017316496,1.4649075e-10,5.3070815e-11,2.9934228e-08,1.03234574e-10,3.6789505e-10
ISIC_0025987,0,0.49714768,0.5027283,3.950302e-06,2.6915032e-07,0.00011945642,2.0834007e-08,3.8048222e-07
ISIC_0033946,0,0.8905173,0.10744982,3.2156447e-07,4.5957886e-06,0.0019889416,3.837375e-05,6.0894035e-07
ISIC_0033369,0,0.8763156,0.122153424,1.6714958e-08,3.9557474e-07,0.0015304035,9.277267e-08,1.0566617e-07
ISIC_0032447,0,0.56681615,0.43281117,0.00015654846,0.00011395434,9.272917e-05,8.3429467e-07,8.650874e-06
ISIC_0033655,0,0.9873533,0.012640918,3.4006832e-06,7.943057e-08,2.152698e-06,2.0343962e-09,1.5802878e-07
ISIC_0033831,0,0.9961278,0.0038721338,5.597764e-09,5.772582e-09,6.850827e-08,5.2255356e-10,1.8309283e-09
ISIC_0032733,0,0.050939515,0.0009890961,0.027673597,1.1213128e-05,0.9151867,0.0051807854,1.9045434e-05
ISIC_0033183,0,0.008907731,3.7051155e-05,1.719052e-05,3.259718e-09,0.99101394,2.2731992e-05,1.3126734e-06
ISIC_0032564,0,0.9502818,0.0032352544,9.2708826e-05,1.7207361e-06,0.046174932,6.4548105e-05,0.00014899587
ISIC_0034222,0,0.0073311403,0.9923768,0.00029135798,1.0907553e-07,2.1246944e-07,3.206431e-07,1.8926197e-08
ISIC_0032569,0,0.0013219567,0.9986432,3.1052034e-05,3.282015e-08,2.5249205e-06,1.1981316e-06,1.627668e-08
ISIC_0034064,0,0.25770244,0.74220854,1.8682578e-05,5.9630733e-05,6.51365e-07,1.0001179e-05,3.9080035e-08
ISIC_0033485,0,0.049486373,0.9504714,8.947949e-08,3.704506e-05,5.7768256e-07,3.2536182e-06,1.1530562e-06
ISIC_0033175,0,0.0068177637,0.9928235,1.6727425e-05,1.0293704e-06,0.00033867286,1.692792e-06,6.141759e-07
ISIC_0033886,0,0.0022152867,0.9976756,1.1397756e-06,4.724191e-07,0.000104551604,2.0681423e-06,9.4626165e-07
ISIC_0032892,0,0.99997556,2.4353367e-05,5.9214456e-10,4.2141743e-08,2.1134861e-08,1.5943384e-09,2.3569446e-09
ISIC_0033174,0,0.04884515,0.8948517,1.6168819e-07,9.9287085e-09,0.056301877,1.4297578e-09,1.1502938e-06
ISIC_0033239,0,0.0025093872,0.16971675,0.00053696695,6.455373e-06,0.82720476,1.4688969e-06,2.4364923e-05
ISIC_0033985,0,7.0705195e-05,0.035870537,2.1660611e-07,2.0662126e-08,0.96405786,1.45193875e-08,5.9100506e-07
ISIC_0032940,0,0.99976784,1.3904062e-06,4.059179e-07,2.7506015e-09,0.0002302247,6.980741e-09,1.2952565e-07
ISIC_0032511,0,0.9925296,0.0026492656,3.70637e-06,1.6287311e-05,0.0047984724,2.4528563e-06,2.70422e-07
ISIC_0033848,0,0.9983059,0.0016940564,6.4439687e-10,3.8629998e-12,2.5045255e-10,2.7944491e-09,4.9596466e-10
ISIC_0032622,0,0.83368945,0.16630988,4.7096236e-08,1.6694722e-09,6.431073e-07,1.9192432e-09,1.5027473e-08
ISIC_0034246,0,0.75794667,0.24203631,4.233869e-08,1.4964195e-08,1.6281594e-05,6.544138e-08,6.7605527e-07
ISIC_0032915,0,0.056656692,3.8648727e-06,0.00770756,0.88725245,0.005937436,0.04236979,7.222617e-05
ISIC_0033883,0,0.99788326,0.002083882,1.2381504e-09,9.25694e-09,3.2888747e-05,7.1873036e-09,1.2615963e-08
ISIC_0034145,0,0.98161745,0.016782334,3.0126432e-09,2.0343933e-09,0.0015948889,3.8546505e-06,1.502375e-06
ISIC_0032981,0,0.07712051,0.9227671,1.05908654e-07,8.36279e-07,6.890711e-05,3.869108e-05,3.7319849e-06
ISIC_0024482,0,0.9948237,0.00010048938,1.3799688e-07,3.9467814e-05,0.0050352453,3.2160136e-07,7.032082e-07
ISIC_0032806,0,0.0017143257,0.99822146,3.2057812e-09,2.7640146e-09,6.313343e-05,9.010535e-07,8.351821e-08
ISIC_0033624,0,0.09382435,0.015006262,4.776754e-06,1.6647049e-06,0.8911502,4.355306e-08,1.2679447e-05
ISIC_0033238,0,0.9448565,0.042520836,9.334059e-07,4.6938806e-07,0.012620789,3.9893223e-08,3.980618e-07
ISIC_0034089,0,0.9486235,0.037674073,9.760932e-07,1.1947984e-05,0.013687613,4.833696e-08,1.8843418e-06
ISIC_0032797,0,0.97013444,0.029637245,9.884396e-05,1.43050065e-05,0.00011399406,4.1739142e-08,1.0408935e-06
ISIC_0032596,0,0.9554483,0.04447966,7.234227e-07,4.1640445e-07,6.9706104e-05,9.1371135e-08,1.1223723e-06
ISIC_0032856,0,0.7256249,0.27417397,5.034279e-06,5.3381133e-05,0.00014003922,1.05782165e-08,2.6602286e-06
ISIC_0033193,0,0.9305687,0.06942098,2.1033365e-07,1.9044606e-07,9.630907e-06,3.897756e-10,2.7377482e-07
ISIC_0033125,0,0.9723901,0.02758248,1.3882585e-08,1.6368357e-08,2.7199805e-05,4.3796873e-09,9.377929e-08
ISIC_0032810,0,0.20054415,0.7994296,2.4300264e-06,9.597078e-07,2.2046415e-05,1.2516371e-07,8.2026344e-07
ISIC_0033469,0,0.9526766,0.0008642448,0.00010992053,0.00011445372,0.04622131,2.3666264e-06,1.1027357e-05
ISIC_0033663,0,0.95960844,0.04035185,6.9433255e-09,7.0428235e-10,6.5777e-08,3.9657225e-05,2.5629117e-08
ISIC_0034284,0,0.99969375,0.00030000234,8.4644025e-10,1.5106635e-11,5.2625607e-13,6.2356203e-06,1.3196281e-08
ISIC_0032517,0,0.9691134,0.03073382,2.21504e-09,1.3016349e-07,2.716594e-07,0.00015238965,9.961109e-09
ISIC_0033754,0,0.9987293,0.0012704819,4.2822584e-10,7.401802e-14,6.128083e-08,1.2150568e-07,1.5488665e-08
ISIC_0032938,0,0.9574809,0.04231376,1.5520674e-05,7.6802826e-07,0.00018675062,1.8166934e-06,4.4219217e-07
ISIC_0032610,0,0.004968667,0.99483913,7.821459e-07,1.0291491e-08,4.637463e-06,0.00018200673,4.7178564e-06
ISIC_0032958,0,0.99985695,7.535981e-05,2.036456e-06,5.4115156e-07,6.440803e-05,2.3697908e-09,7.1465746e-07
ISIC_0033538,0,0.9489512,0.04417726,0.0004572915,0.0001688051,0.0062051676,4.6728275e-07,3.9813178e-05
ISIC_0027402,0,0.027423562,0.9695435,0.0002611805,2.8203378e-05,0.002319104,0.00014429026,0.00028012987
ISIC_0030391,0,0.00022767985,0.9997609,1.1990026e-06,4.146824e-09,9.790665e-06,2.0857728e-07,1.5739283e-07
ISIC_0032845,0,0.020410549,0.97958815,6.950264e-10,4.2588624e-08,6.1099685e-09,1.8306906e-08,1.2634964e-06
ISIC_0032968,0,0.8116663,0.002111916,0.008900249,0.13452177,0.042304564,4.0402733e-06,0.00049111596
ISIC_0029265,0,0.24231516,0.0009989783,0.56826776,0.009574473,0.17869993,1.2367171e-06,0.00014242771
ISIC_0034239,0,0.84737045,0.15262598,2.0720556e-09,2.963245e-10,3.4479901e-06,1.2154731e-10,5.3805888e-08
ISIC_0034287,0,0.99361897,0.0063738716,1.5998912e-08,2.6480354e-10,7.183062e-06,5.7927063e-10,1.5644524e-08
ISIC_0033166,0,0.40927833,0.5892245,3.6362562e-05,1.6942238e-05,0.001354992,5.9393078e-05,2.9400611e-05
ISIC_0033320,0,0.00960866,0.9623755,3.4766887e-05,3.9017443e-08,0.027938712,8.659425e-07,4.1377676e-05
ISIC_0032526,0,0.020200705,0.9788487,2.3236393e-05,7.2904496e-09,0.000720176,3.912262e-08,0.00020724439
ISIC_0032624,0,0.05720681,0.9426167,0.00016891041,8.59378e-08,1.3317094e-06,1.0196431e-08,6.1265173e-06
ISIC_0033977,0,0.99521756,0.0033603152,0.0014193235,1.0372039e-08,1.03276714e-10,1.6206851e-10,2.8436104e-06
ISIC_0034002,0,0.0044178073,0.9952865,0.0002805184,4.2579047e-09,1.01071535e-07,2.3564939e-09,1.5047227e-05
ISIC_0033387,0,0.0001040083,0.84065676,1.5134042e-06,4.1044227e-06,0.15918803,3.734743e-08,4.558035e-05
ISIC_0025592,0,0.0013448558,0.97669923,9.5064064e-07,4.5729445e-07,0.021939078,8.0012405e-06,7.3470155e-06
ISIC_0032552,0,0.0017279219,0.7600537,7.0517626e-06,8.112312e-06,0.23762973,2.8945122e-08,0.00057341415
ISIC_0033279,0,0.01436698,0.9856123,2.0312214e-07,1.0941535e-11,2.0073658e-05,2.1967432e-07,2.6431906e-07
ISIC_0032887,0,0.0014245489,0.9981894,1.3427986e-05,1.3538524e-10,0.00036789227,1.5961267e-07,4.623373e-06
ISIC_0033611,0,0.057976693,0.9418299,6.5247536e-07,5.83933e-08,0.00019242043,6.649038e-08,1.01632956e-07
ISIC_0033586,0,0.011809963,0.9881875,1.0166934e-06,7.049138e-08,1.3528048e-06,3.093758e-08,3.5340047e-08
ISIC_0033226,0,0.01860518,0.9813812,1.7393727e-08,1.7894626e-08,1.3593581e-05,7.5355425e-12,2.6997218e-09
ISIC_0033198,0,0.000432391,0.8978027,2.2278925e-06,0.0011302995,0.09971139,0.0009178859,3.1433756e-06
ISIC_0032790,0,0.13223977,0.8573392,2.893413e-07,7.9360956e-07,0.0019008669,0.008504207,1.490463e-05
ISIC_0033245,0,0.3525294,0.60150415,4.0716336e-07,1.8280107e-06,0.044991434,0.0009489928,2.3846334e-05
ISIC_0032509,0,0.00035531525,0.9996393,5.8534687e-07,5.838466e-09,5.801335e-07,2.6898659e-09,4.2671995e-06
ISIC_0034068,0,3.951954e-05,0.9999498,1.0439338e-05,2.3850393e-09,7.4581756e-08,4.8694392e-11,1.7030501e-07
ISIC_0034107,0,0.0004467283,0.99955195,1.2725738e-07,1.1878298e-09,2.7099662e-07,6.6532897e-07,1.3423995e-07
ISIC_0033368,0,0.44275376,0.5572459,1.8934472e-07,1.6158797e-12,4.3130077e-09,1.2566306e-08,9.372144e-08
ISIC_0032687,0,0.99241954,0.007575107,5.818791e-07,3.175657e-08,7.53566e-08,4.5807287e-06,1.35153595e-08
ISIC_0033055,0,0.10348582,0.89651084,9.3916114e-08,1.2415838e-10,2.0082025e-06,1.1545475e-06,4.9222482e-08
ISIC_0032672,0,0.8062782,0.19178805,4.0874802e-05,3.2085358e-05,0.0018160101,3.0600062e-05,1.420505e-05
ISIC_0034076,0,0.9692572,0.029964883,5.1862244e-05,0.00017326167,0.00053266,2.7675703e-06,1.7312235e-05
ISIC_0033607,0,0.0008138776,0.9991738,1.4634946e-06,3.707811e-07,9.538406e-06,1.3236514e-07,8.246836e-07
ISIC_0033568,0,0.00014823188,0.9998394,3.6998466e-07,5.1354543e-09,1.1759024e-05,2.1037707e-09,2.4168943e-07
ISIC_0034062,0,0.07206968,0.9110753,7.010358e-06,0.0014290661,0.0151672065,2.883378e-07,0.00025144703
ISIC_0034170,0,0.3100985,0.64769834,1.4198981e-05,0.01720804,0.022600586,5.551335e-06,0.0023748158
ISIC_0033061,0,0.8319774,0.04137012,3.478053e-06,3.8955427e-08,0.00077917404,2.2616157e-06,0.12586756
ISIC_0033967,0,0.7208873,0.031008938,3.5029425e-05,1.7130576e-05,0.15901439,0.00090458937,0.08813257
ISIC_0033051,0,0.025343059,0.73050666,8.425943e-06,1.7073431e-07,0.19659397,0.0023595383,0.045188203
ISIC_0033050,0,0.00089990476,0.91482323,3.0490537e-07,1.3329995e-06,0.08426095,1.6574107e-06,1.26388395e-05
ISIC_0033526,0,0.0014502462,0.6431564,2.1116234e-06,5.534502e-05,0.35529476,3.4547666e-05,6.5192808e-06
ISIC_0027149,0,0.9496486,0.020629076,1.666696e-06,1.7293294e-05,0.02968749,1.381814e-05,2.013132e-06
ISIC_0033668,0,0.96608,0.009743463,2.3760701e-06,0.023846729,0.00023977636,1.8920283e-06,8.574344e-05
ISIC_0032690,0,0.0010962128,0.11363248,2.3797766e-07,5.448148e-05,0.88521624,5.7307677e-08,4.354044e-07
ISIC_0032918,0,0.5657412,0.4203532,1.7746482e-06,0.00020180664,0.013472128,9.033402e-06,0.0002208359
ISIC_0033498,0,0.021265883,0.9604345,6.394628e-05,0.0041175005,0.0049344627,3.9504566e-06,0.009179636
ISIC_0031784,0,0.0015088411,0.9597741,0.00853841,0.00014792918,0.013438622,4.9146212e-08,0.016592085
ISIC_0034173,0,0.8241133,0.17460102,0.00036431677,6.5829563e-06,0.000740844,3.2311e-06,0.00017070876
ISIC_0033454,0,0.9477689,0.05196072,7.394018e-07,5.6514494e-08,0.00026616806,8.0422325e-08,3.3208048e-06
ISIC_0028225,0,0.00018082611,0.9970799,8.073874e-05,9.020855e-05,0.0025570693,2.0974322e-09,1.1267431e-05
ISIC_0034317,0,0.45594192,0.54404116,8.979953e-08,4.745439e-06,3.069318e-07,1.9035226e-06,9.921757e-06
ISIC_0033662,0,0.49660435,0.5033934,2.586679e-09,5.593867e-08,4.082665e-09,2.1881583e-09,2.1469953e-06
ISIC_0033037,0,0.036978092,0.95814455,9.72988e-05,5.3140643e-06,0.004748887,4.111234e-06,2.1701126e-05
ISIC_0033773,0,0.16390534,0.8326543,0.00048968545,4.7497713e-05,0.0028541032,2.554101e-06,4.6473553e-05
ISIC_0032152,0,0.011673174,0.9868973,5.044886e-05,3.813586e-05,0.001331878,1.02859794e-07,8.9971145e-06
ISIC_0033730,0,0.99989486,0.00010063426,1.9406538e-07,2.9604254e-07,3.952884e-06,4.173272e-09,6.828476e-09
ISIC_0032975,0,0.9999764,2.1088523e-05,2.0965196e-09,2.9868907e-09,2.5018783e-06,4.3184983e-10,1.1996275e-09
ISIC_0026081,0,0.56814444,0.429707,9.3832193e-07,4.988149e-09,0.002124082,6.737085e-06,1.681494e-05
ISIC_0033925,0,3.1342013e-05,0.00077303307,1.8164708e-05,1.8856479e-08,0.995769,3.9253996e-07,0.0034080101
ISIC_0033431,0,0.0002195482,0.06513705,7.834842e-05,1.1458905e-09,0.005140749,0.033343017,0.8960813
ISIC_0033089,0,0.7673546,0.21936814,2.4277113e-06,6.5662325e-06,0.013263814,8.42723e-08,4.3691384e-06
ISIC_0033562,0,0.5321095,0.42783305,2.5168256e-06,0.0011077251,0.03894062,6.560884e-08,6.459463e-06
ISIC_0033023,0,0.9999949,5.0840954e-06,7.0197715e-12,1.5382188e-14,5.056825e-09,8.445939e-13,9.0949956e-11
ISIC_0033258,0,0.9999186,8.1337304e-05,8.320277e-10,1.02918174e-10,7.3312066e-08,3.0920166e-10,3.983679e-09
ISIC_0028148,0,0.9074897,0.092498906,1.7474529e-06,9.924831e-11,6.460759e-06,1.6114553e-08,3.128996e-06
ISIC_0027069,0,0.9472859,0.012265684,0.00011349231,0.037648585,0.0026851897,2.991436e-08,1.1298441e-06
ISIC_0026089,0,0.004793279,0.9951735,6.9653315e-06,1.18328165e-08,2.3159732e-06,6.186132e-08,2.3771154e-05
ISIC_0024930,0,0.0009463738,0.9985877,6.222502e-05,2.3905961e-06,0.00038275373,2.4878306e-08,1.8546627e-05
ISIC_0024449,0,0.9963462,0.0036532586,5.302202e-09,4.0535802e-08,6.723023e-08,1.7350477e-07,2.334971e-07
ISIC_0025512,0,0.0025853217,0.9951475,0.0005359823,6.03609e-06,2.2127053e-05,0.001468054,0.00023498609
ISIC_0024999,0,0.001484874,0.99822205,0.00025914362,1.1407359e-06,6.8371645e-07,1.7770479e-05,1.4344056e-05
ISIC_0026438,0,0.0043622674,0.99563235,3.3666806e-06,8.392595e-08,3.2205612e-08,4.347059e-08,1.7977286e-06
ISIC_0028126,0,0.030814331,0.9691732,1.1656454e-05,4.4119748e-08,4.225164e-08,1.4308068e-07,6.964221e-07
ISIC_0025085,0,0.04167241,0.8667672,0.02126785,0.00012105822,0.0684272,1.8290668e-06,0.0017422995
ISIC_0031034,0,0.5070575,0.3306381,0.032207116,0.0003262546,0.12760793,6.226236e-06,0.0021568618
ISIC_0025097,0,0.018604618,0.686869,0.018303204,0.0015850685,0.22425064,0.038720433,0.011667027
ISIC_0031666,0,0.08291089,0.75040454,0.004053862,0.00019412421,0.14028232,0.0005534925,0.021600794
ISIC_0029819,0,0.003238017,0.99641836,1.8569937e-06,1.5878211e-06,0.00011917163,2.2933425e-05,0.00019814802
ISIC_0030756,0,0.6720384,0.31380573,6.1201746e-07,7.65809e-08,0.014137058,1.7589772e-06,1.6435979e-05
ISIC_0030970,0,0.89142615,0.09674711,0.0010130329,0.00014242461,0.010402678,0.00020758125,6.0995204e-05
ISIC_0029316,0,0.8426858,0.15730979,2.4245344e-08,1.4159422e-13,8.906019e-09,8.716748e-10,4.421665e-06
ISIC_0026989,0,0.0014295117,0.99856746,2.103655e-07,3.0784346e-07,6.1094886e-07,9.26183e-07,9.015696e-07
ISIC_0029859,0,0.0051263566,0.99486405,1.1520741e-06,8.2502e-08,5.895545e-06,1.0194674e-07,2.286565e-06
ISIC_0028548,0,0.22659045,0.74391866,0.001666084,0.0056289225,0.021946881,0.00010298307,0.00014603439
ISIC_0030512,0,0.00097426475,0.99901855,1.0836685e-06,8.358888e-08,4.6774735e-06,7.5497e-07,6.016512e-07
ISIC_0029591,0,0.61582524,0.38192618,2.473549e-05,0.0017387243,0.00044452457,5.555526e-07,4.0121184e-05
ISIC_0027065,0,0.49130848,0.50133204,9.933676e-05,7.901123e-05,0.0071682874,3.1643938e-06,9.621361e-06
ISIC_0028537,0,0.0065441118,0.9867754,0.00012874567,0.0021736643,3.1680855e-05,0.0022508968,0.002095527
ISIC_0029698,0,0.043049965,0.021788914,0.091076076,0.84278667,0.0009230324,6.87904e-06,0.00036839218
ISIC_0025748,0,0.9864113,0.013586535,7.4451896e-07,1.214113e-06,9.980676e-08,1.3282874e-09,2.1750033e-08
ISIC_0028051,0,0.0040082233,0.988494,9.840814e-05,0.00010117973,0.0072748912,2.3152893e-06,2.086831e-05
ISIC_0026094,0,0.000569903,0.99942917,3.8672567e-07,2.9580843e-07,1.5158481e-07,1.0180185e-07,6.4410216e-08
ISIC_0024525,0,0.009868024,0.9650322,0.0020310548,0.0023618813,0.0205115,5.4512202e-05,0.0001407492
ISIC_0025248,0,0.19266462,0.8044361,8.7504537e-10,5.999786e-09,0.002898589,3.5706705e-07,2.7509583e-07
ISIC_0032425,0,0.011698739,0.98654526,5.5238424e-06,2.950403e-07,0.0017497775,1.6714818e-10,4.1411948e-07
ISIC_0027442,0,0.09409583,0.017615585,0.019070663,0.86918503,3.294845e-06,2.3670547e-05,5.8594856e-06
ISIC_0024940,0,0.99502856,1.8511823e-06,0.00014082878,1.7290645e-08,0.004750541,7.797088e-05,1.6383332e-07
ISIC_0024351,0,0.0048832023,0.9931558,8.518498e-06,1.6066604e-08,0.0019522371,1.4745618e-09,2.3595634e-07
ISIC_0030110,0,0.0776578,0.9212642,2.118385e-06,1.9263534e-06,0.0010370807,1.6544946e-05,2.020956e-05
ISIC_0028847,0,0.0005815592,0.9993455,2.2130283e-05,2.878869e-07,4.996143e-07,4.8552833e-05,1.5075711e-06
ISIC_0024961,0,0.007041815,0.9793848,4.0258124e-05,1.4495931e-06,4.089639e-05,0.013484738,6.1225787e-06
ISIC_0029318,0,0.9816834,0.011103981,0.00011631879,0.0067059174,0.00036470182,3.1440386e-06,2.2576842e-05
ISIC_0032070,0,0.8297387,0.013360095,0.0005009173,0.117187254,0.038946077,9.914791e-05,0.00016796912
ISIC_0025413,0,0.99613947,0.003324357,2.9557123e-07,3.3866943e-06,0.0005324647,9.694125e-09,2.386084e-08
ISIC_0028685,0,0.8682275,0.12139368,0.0035179697,0.0023325642,0.0043892357,4.0196994e-08,0.00013903917
ISIC_0031670,0,0.9124787,0.008181253,2.4900128e-06,2.8539986e-05,0.07929483,1.1244574e-05,2.9342598e-06
ISIC_0031339,0,0.9809496,0.0022083693,0.0001827421,0.016646491,6.502452e-06,1.6232598e-06,4.5456463e-06
ISIC_0032476,0,0.997976,9.834674e-05,1.6417837e-06,0.0018499612,7.1742215e-05,3.1845278e-07,2.022454e-06
ISIC_0030423,0,0.99613094,0.003568078,3.0349548e-07,1.11265805e-07,0.0003004362,2.0356783e-09,1.5453031e-07
ISIC_0029353,0,0.84404707,0.02770193,0.008462865,0.11946703,5.9619004e-05,0.00010510447,0.0001563773
ISIC_0030653,0,3.2066542e-05,0.9904792,0.0054535973,3.855846e-05,0.0008910737,4.276876e-08,0.0031054688
ISIC_0029885,0,0.064392805,0.38205346,0.46187255,0.002116279,2.842407e-06,0.08610788,0.0034541772
ISIC_0031550,0,0.053892184,0.9346272,1.322265e-05,2.0116506e-06,0.01096273,0.00044126814,6.136698e-05
ISIC_0027089,0,0.7937947,0.20620504,1.01627016e-07,2.0481203e-08,1.4471686e-07,8.797605e-09,5.407852e-09
ISIC_0026239,0,0.9987716,0.0012283617,1.7068755e-09,3.488843e-11,7.668947e-11,2.5537631e-11,6.281613e-11
ISIC_0024805,0,0.94011515,0.021178963,0.03860711,3.806524e-05,2.526078e-05,2.9361903e-05,6.076786e-06
ISIC_0030032,0,0.0791541,0.9009209,0.007950744,0.008907421,0.0027551367,2.8258844e-05,0.00028347556
ISIC_0026131,0,0.11207417,0.8875072,2.431199e-07,5.6557447e-08,0.00041815778,3.1563038e-10,1.05510374e-07
ISIC_0025663,0,0.08545753,0.9076764,1.1499939e-05,0.0006582865,0.0061901305,6.763725e-09,6.1695027e-06
ISIC_0031561,0,0.671159,0.32860163,4.883688e-07,0.00023584545,2.5555798e-06,3.3570302e-08,4.1337347e-07
ISIC_0025766,0,0.08751622,0.9123322,0.00011128411,4.002327e-06,1.6146922e-05,3.7902556e-08,2.0200274e-05
ISIC_0027560,0,0.4382097,0.56127656,2.1789063e-05,0.00042813085,4.6600955e-05,1.6111918e-06,1.5548585e-05
ISIC_0032149,0,0.79693705,0.20284535,1.5319972e-06,1.3448074e-06,0.00021394831,3.102175e-08,7.760187e-07
ISIC_0024733,0,0.6288762,0.2065059,0.0355507,0.0016817821,0.12734188,4.214035e-06,3.9367274e-05
ISIC_0031931,0,0.65050447,0.0036883699,8.592584e-06,0.12987715,0.21540186,0.00039560036,0.00012397305
ISIC_0031821,0,0.0002896153,0.9991653,1.0356321e-05,1.7875348e-06,5.8825844e-05,2.1390939e-07,0.00047392043
ISIC_0028026,0,0.9929717,0.0065191756,7.4186235e-09,5.177107e-09,0.0005089251,5.3527925e-11,1.9269817e-07
ISIC_0027904,0,0.6321014,0.26427785,4.4411117e-05,0.004468821,0.098998114,1.6671338e-06,0.00010772985
ISIC_0026735,0,0.9819343,0.0012600501,1.5704549e-05,0.0001404292,0.016639074,7.3998763e-06,3.0132585e-06
ISIC_0028352,0,0.5308338,0.26209283,0.009609289,0.0038611793,0.1928268,0.00046998885,0.00030618566
ISIC_0031498,0,0.053451218,0.9465487,3.239773e-08,7.138881e-11,2.0838181e-08,3.7441716e-08,5.3007643e-08
ISIC_0030925,0,0.20592582,0.7886351,2.5343441e-05,0.0022713565,0.0029544143,1.9445104e-06,0.00018600519
ISIC_0024864,0,0.02835536,0.9716242,3.6363765e-09,6.102153e-10,2.0276675e-05,1.4876035e-08,1.2973581e-07
ISIC_0031377,0,0.013168178,0.9868211,8.956946e-08,6.391798e-08,7.300533e-06,2.7297742e-06,4.7922396e-07
ISIC_0027126,0,0.19695817,0.33709627,0.00039131587,0.00076331827,0.46460122,1.6118782e-05,0.00017365074
ISIC_0030604,0,0.24472453,0.74758196,1.593144e-07,1.9808305e-05,0.0076692896,6.122478e-08,4.1896146e-06
ISIC_0024958,0,0.0057402174,0.9931544,1.2596572e-06,2.9931985e-05,0.0010707006,2.2256918e-06,1.1822477e-06
ISIC_0030951,0,0.72870153,0.008359777,1.8966025e-06,3.252766e-07,0.26293617,7.451988e-08,1.6173385e-07
ISIC_0027067,0,0.19843306,0.6405238,0.00074253744,0.008238563,0.15188009,0.00014935149,3.266524e-05
ISIC_0026258,0,0.0046351585,0.8680969,2.9603243e-05,7.268415e-06,0.12713778,4.961827e-06,8.837398e-05
ISIC_0025235,0,0.01229916,0.9810637,1.3121529e-07,2.0105702e-09,0.006616407,1.3644086e-07,2.0499221e-05
ISIC_0028915,0,0.59383047,0.10514549,0.2987547,2.3615039e-05,0.0021819724,1.9183115e-05,4.4566237e-05
ISIC_0029652,0,0.5344561,0.17738654,0.11975284,0.16679989,7.576842e-05,0.000113194634,0.0014157584
ISIC_0031295,0,0.65242285,0.12252765,0.22376008,0.00015822116,0.0011176235,4.9253225e-07,1.3108897e-05
ISIC_0025616,0,0.0034955307,0.09471914,1.0801506e-06,9.563287e-06,0.9017677,2.5925445e-07,6.733716e-06
ISIC_0025611,0,0.34995228,0.649897,1.19138795e-05,4.84677e-05,7.6582124e-05,4.141479e-06,9.602614e-06
ISIC_0028714,6,0.00011720322,0.000749376,2.5094978e-05,6.158831e-07,7.086668e-07,7.9072805e-07,0.9991061
ISIC_0030956,6,6.5938877e-09,7.920388e-07,9.889666e-10,3.166635e-14,1.4895456e-11,1.2728433e-09,0.99999917
ISIC_0029889,6,8.8347497e-07,5.940584e-08,2.1149557e-07,4.452218e-09,2.1671648e-10,1.0268564e-10,0.9999988
ISIC_0027385,6,5.1554096e-05,0.0066231852,0.000138223,1.1419692e-08,1.2805865e-06,6.9224952e-06,0.99317896
ISIC_0030882,6,1.0942608e-07,2.9807712e-05,1.0564288e-07,2.0505925e-11,9.325139e-12,1.8175173e-08,0.99996996
ISIC_0032745,6,0.00037022485,0.00065943156,1.6751974e-05,1.5479087e-07,0.994457,0.000119661556,0.004376786
ISIC_0032557,6,0.004412993,0.0022277746,0.0003908995,3.0632118e-06,0.9882613,0.0020920155,0.0026119587
ISIC_0033092,6,0.0006117287,0.008717495,0.00065889483,1.7475246e-07,0.12970054,0.0067413384,0.85356987
ISIC_0032614,6,3.5940886e-09,1.919657e-09,4.5058543e-10,1.1461264e-13,2.0588155e-13,1.7742643e-10,1.0
ISIC_0033349,6,2.289436e-09,7.764556e-09,1.2804342e-09,6.249771e-14,9.713704e-13,9.115714e-10,1.0
ISIC_0032919,6,1.40432865e-08,3.2799205e-10,4.8113895e-11,2.6632586e-13,2.084339e-14,6.1919403e-10,1.0
ISIC_0032866,6,4.7265518e-11,2.8604165e-07,1.17886785e-11,5.1955582e-15,1.0273755e-12,1.1647314e-11,0.99999976
ISIC_0033230,6,0.0027884329,0.00010070858,0.96500164,0.0001787609,4.0728673e-06,0.005982941,0.025943419
ISIC_0033762,6,0.7482196,0.0026397891,0.11172334,0.00045202835,3.1928246e-06,0.00065889367,0.1363031
ISIC_0034214,6,0.034291398,0.020634547,0.4367681,1.0921502e-06,2.1056385e-06,3.3496457e-05,0.50826925
ISIC_0031090,6,0.10787991,0.848695,0.0012340726,1.9407251e-09,0.00015086585,1.7390877e-05,0.042022847
ISIC_0031950,6,0.22915934,0.5379791,6.538902e-05,2.517969e-08,5.1972254e-08,6.247264e-05,0.23273368
ISIC_0026876,6,6.765749e-06,9.4628915e-05,9.680776e-07,1.3488958e-09,5.7601873e-08,3.20625e-06,0.9998944
ISIC_0030606,6,1.0519854e-05,1.0925209e-05,1.8042375e-06,1.1713878e-10,5.0276703e-11,9.341747e-07,0.9999759
ISIC_0032715,6,1.6824804e-09,2.359535e-06,2.3867418e-05,1.5317844e-09,2.902853e-10,5.3092597e-09,0.9999738
ISIC_0033991,6,9.342752e-10,9.124919e-06,4.7784586e-05,6.534545e-10,3.1911727e-09,1.8798942e-09,0.999943
ISIC_0025197,6,5.0240837e-05,0.0039392025,8.405194e-06,5.0675335e-06,8.767971e-06,8.425009e-06,0.9959799
ISIC_0029877,6,2.616204e-06,0.012225573,2.5664993e-05,5.025706e-10,0.00018003577,1.494196e-05,0.98755115
ISIC_0027856,6,1.8567547e-06,0.00095898885,0.0056524766,3.017599e-07,0.21018691,3.8942244e-06,0.7831956
ISIC_0026490,6,4.90623e-09,1.9993131e-05,1.9014687e-08,1.3220399e-11,4.8534567e-09,7.89602e-09,0.99998
ISIC_0024370,6,9.334878e-06,0.027551737,0.0003945917,1.0190468e-07,0.014197306,0.00047927033,0.9573677
ISIC_0025250,6,4.590289e-06,4.2785403e-05,4.541189e-07,2.7289207e-10,5.0634253e-07,1.28715305e-08,0.9999516
ISIC_0026713,6,0.000293762,0.36981815,0.19823928,3.7569232e-11,1.654555e-07,1.7997808e-06,0.43164682
ISIC_0028885,6,3.7723944e-09,2.855902e-07,1.3044143e-08,2.676724e-12,4.9148405e-09,2.7768197e-08,0.99999964
ISIC_0027665,6,7.908331e-08,0.0017091905,3.4474688e-08,4.989736e-13,1.0839451e-10,2.58128e-09,0.9982907
ISIC_0027269,6,5.216756e-07,0.00081495073,1.2783522e-08,1.9317825e-10,0.00075399777,1.6668268e-09,0.99843055
ISIC_0034093,2,9.444976e-05,0.018245662,0.9815276,0.00012341735,1.5372667e-06,1.2039707e-06,6.2080485e-06
ISIC_0030446,2,0.0065099,0.00012922539,0.9921416,0.0010141552,4.5943946e-07,2.2729879e-05,0.00018186026
ISIC_0031527,2,0.00025779594,3.6358193e-05,0.9995888,1.3490123e-05,3.3546666e-08,1.8379735e-05,8.5037136e-05
ISIC_0030893,2,5.407014e-07,6.869218e-07,0.9999937,3.9529522e-07,1.9756705e-07,2.1740419e-07,4.3437944e-06
ISIC_0028994,2,4.7715028e-05,6.3147974e-07,0.003224511,0.98072535,0.015781378,0.00021076863,9.647873e-06
ISIC_0032696,2,1.1254364e-09,7.616657e-09,1.0,8.442532e-10,1.8166004e-09,1.0314303e-08,4.9582034e-08
ISIC_0029466,2,1.6863929e-05,1.0637149e-06,0.9999819,3.6309618e-09,3.5131995e-09,1.3577078e-07,1.08476456e-07
ISIC_0027057,2,2.2568302e-06,2.0579325e-08,0.9999976,1.0187382e-09,1.4214495e-10,6.7216114e-08,2.2265172e-09
ISIC_0030271,2,0.001977174,4.5035176e-06,0.8843318,0.021463716,0.09193982,0.00024063308,4.240287e-05
ISIC_0026643,2,0.0648072,0.0054019745,0.023208404,0.0029894467,0.67678094,0.06955934,0.15725273
ISIC_0031140,2,2.673774e-09,1.3914769e-06,0.99997306,2.2314408e-09,2.530636e-05,2.703749e-09,2.2251211e-07
ISIC_0028457,2,1.5648695e-05,0.00013242233,0.99977165,2.0275806e-05,2.0851258e-08,4.826409e-06,5.5125132e-05
ISIC_0027545,2,0.04337523,0.14203227,0.7947178,4.501865e-05,0.019706123,3.224055e-05,9.1344875e-05
ISIC_0027609,2,0.0010421203,0.06730053,0.89185417,0.0064158435,0.033063337,0.0001805561,0.00014347794
ISIC_0027365,2,1.9574874e-07,4.567086e-07,0.99999905,2.0993922e-09,2.6095634e-07,5.18588e-12,1.4019045e-09
ISIC_0026343,2,0.0005597103,0.25156888,0.06967597,0.00013336132,0.67796236,1.1525209e-05,8.822248e-05
ISIC_0029341,2,2.753022e-05,0.001887345,0.99296653,8.873027e-05,0.00029085547,0.00023948356,0.0044995164
ISIC_0031442,2,0.0025761717,0.0065527284,0.71916425,3.5211028e-06,0.24614097,0.020985002,0.00457733
ISIC_0026766,2,0.0007858854,0.009120139,0.97258717,3.7955647e-07,0.017128859,0.0003659546,1.1713712e-05
ISIC_0027851,2,0.0020812117,0.22870068,0.75127655,1.5716726e-06,0.00075408997,0.017172463,1.3475028e-05
ISIC_0028858,2,0.028690487,0.05742844,0.9118957,1.3021704e-06,0.0004371046,0.0015284214,1.8543977e-05
ISIC_0030010,2,2.4758124e-06,7.2698705e-05,0.99990964,3.1238616e-11,1.0552359e-10,1.5951976e-07,1.5058057e-05
ISIC_0026831,2,7.304282e-12,1.3785037e-06,0.99988806,8.063709e-09,1.0016043e-07,1.9113064e-07,0.000110311856
ISIC_0032482,2,0.002256451,0.0014136174,0.40597707,2.7421763e-06,0.00023023998,0.00025984275,0.58986
ISIC_0033354,2,3.2619858e-09,3.5789277e-10,1.0,5.090341e-10,2.1037453e-11,9.088478e-13,1.1507375e-09
ISIC_0032857,2,4.835612e-07,6.417394e-06,0.9999931,2.027019e-12,1.1417173e-10,5.7894786e-13,1.6900165e-09
ISIC_0032906,2,6.8366865e-07,1.3823809e-06,0.99999785,3.9111723e-09,1.1055187e-08,2.9151961e-10,5.5005327e-08
ISIC_0033579,2,0.009115927,0.01143604,0.9794459,6.4041914e-09,4.1999715e-07,2.2372573e-08,1.7533744e-06
ISIC_0034095,2,0.027797261,0.0011839111,0.97101724,4.4614225e-07,2.8805836e-08,1.5874653e-09,1.018828e-06
ISIC_0034143,2,0.00030054775,2.5799818e-07,0.9996991,6.8163266e-09,2.2448114e-10,1.7120763e-11,1.338838e-07
ISIC_0032652,2,0.00042128348,0.013462493,0.9861152,5.414503e-09,3.88686e-08,2.507224e-07,6.683392e-07
ISIC_0033551,2,0.000115231356,0.0043879463,0.9954941,9.772459e-08,2.5243746e-06,1.1331466e-08,1.7452236e-07
ISIC_0033571,2,0.025821216,0.15169185,0.82244086,1.9900002e-08,6.885627e-06,2.6259034e-08,3.9101513e-05
ISIC_0034299,2,0.00024191233,0.26960024,0.73015726,1.1210764e-07,2.0378444e-08,3.2259192e-07,1.1788971e-07
ISIC_0032808,2,0.050489824,0.035034772,0.9144729,1.6247519e-07,4.878383e-07,1.5720544e-06,2.50241e-07
ISIC_0033203,2,0.0002143268,0.98854756,0.011235112,1.1250099e-08,4.6499693e-09,3.007556e-07,2.669819e-06
ISIC_0033366,2,0.0062933713,0.88614345,0.10547136,1.0313363e-07,0.0020853325,3.3265874e-06,3.091617e-06
ISIC_0032816,2,0.000111807414,0.99928814,0.0005641556,1.3761945e-07,7.841974e-09,6.280788e-07,3.521429e-05
ISIC_0032727,2,4.398021e-07,0.00018717733,0.64155823,0.3570372,0.0009225214,1.4640341e-06,0.00029298186
ISIC_0033979,2,7.5149164e-06,0.0024660823,0.07460175,0.0008525004,0.921597,1.7950904e-05,0.0004572057
ISIC_0028871,2,2.8560802e-08,1.1521441e-08,0.99999285,1.3065642e-08,3.6316288e-07,6.447427e-06,4.1098875e-07
ISIC_0031836,2,0.0005434148,0.0034894957,0.98919934,0.00026314496,0.0064370017,3.445694e-06,6.423051e-05
ISIC_0031225,2,0.0042467657,0.99481344,2.6508476e-06,1.3824344e-06,0.0009344404,1.4458221e-08,1.3053635e-06
ISIC_0030233,2,0.00016875518,0.08787803,0.9084597,0.00022442943,0.00086148037,0.0017496111,0.00065801694
ISIC_0029546,2,1.161296e-05,0.00040571447,0.999493,8.9285364e-05,1.6061674e-07,2.132165e-07,3.4154123e-08
ISIC_0029392,2,1.2626696e-05,1.2782232e-06,0.99733245,0.0026014203,4.9154103e-05,9.386245e-08,2.9250953e-06
ISIC_0031698,2,4.1069765e-09,0.00012196397,0.9998766,5.974693e-07,6.289571e-07,4.670512e-10,2.3800776e-07
ISIC_0026988,2,2.3740628e-07,2.1263658e-07,0.99883765,0.0011618575,1.0293142e-08,3.4253536e-09,5.8278925e-08
ISIC_0024632,2,1.0709106e-06,0.023141105,0.9747351,5.32727e-05,0.002054597,5.5754975e-07,1.4287826e-05
ISIC_0026668,2,0.0046759513,0.014512958,0.97474897,1.440674e-05,0.005885368,2.0749612e-08,0.00016234981
ISIC_0031384,2,0.00028646586,0.05215889,0.94618803,0.00127712,2.720132e-05,9.337105e-08,6.2122024e-05
ISIC_0025299,2,7.760063e-11,7.603477e-09,1.0,4.2287832e-10,2.493575e-11,1.6231193e-12,1.2627577e-10
ISIC_0028739,2,2.0946209e-05,0.0014856113,0.99849343,7.5868405e-09,1.2412721e-10,2.481144e-10,9.291567e-09
ISIC_0024332,2,1.2343446e-06,3.301575e-07,0.9999852,8.196812e-07,1.2294449e-05,3.4393175e-09,1.4085549e-07
ISIC_0024454,2,1.1661362e-07,2.0379461e-07,0.98759544,0.012385332,1.0491879e-05,1.8462333e-07,8.28727e-06
ISIC_0027704,2,1.4468326e-05,0.00032487413,0.99467766,0.0046056127,0.00036332337,1.4286561e-06,1.2701456e-05
ISIC_0024403,2,2.379546e-05,0.002900029,0.99455065,0.0018261132,0.0006318801,3.6574558e-05,3.1003714e-05
ISIC_0026855,2,7.802466e-08,0.0041260333,0.9958436,8.2027974e-08,1.3592381e-06,4.85128e-09,2.890355e-05
ISIC_0024634,2,0.0007810512,0.3388257,0.66019493,0.00017885507,4.750824e-06,1.9650871e-07,1.4450343e-05
ISIC_0030813,2,3.096233e-11,2.850824e-10,1.0,2.2236821e-10,8.8424043e-13,3.697417e-11,2.5881768e-09
ISIC_0028113,2,9.505504e-06,1.9176245e-05,0.9990707,0.00089701463,8.847434e-07,4.8857725e-08,2.7454548e-06
ISIC_0026845,2,0.90728694,0.00024088363,0.07591783,0.002722633,0.012535823,0.00015677541,0.0011391208
ISIC_0025826,2,2.8182461e-05,0.015694767,0.97886115,0.004898683,0.00050362514,2.2492726e-07,1.3397516e-05
ISIC_0030181,2,3.0173506e-08,3.0260594e-08,0.9976774,6.6906473e-06,0.0023140183,6.5189596e-09,1.7633132e-06
ISIC_0028329,2,4.7919497e-07,1.3913454e-06,0.9869723,0.012874269,0.00013602666,1.3253939e-05,2.3368839e-06
ISIC_0032246,2,9.4947936e-08,0.0023669829,0.9959722,0.00028052222,0.0008726161,0.0004768486,3.070285e-05
ISIC_0026865,2,1.9369561e-07,0.005175359,0.99482155,1.9054902e-07,4.4652052e-07,1.4345101e-06,8.4573725e-07
ISIC_0031057,2,5.954179e-07,0.0005289743,0.990761,0.007836813,0.000103118175,0.00075557467,1.3975346e-05
ISIC_0029524,2,1.4201507e-08,2.3680333e-05,0.9999293,4.112353e-06,3.67115e-05,2.7880133e-06,3.3789765e-06
ISIC_0028050,2,2.6851824e-08,0.0014600583,0.9984847,5.4686665e-05,1.4106782e-07,5.3356025e-08,5.0709036e-07
ISIC_0026118,2,8.5012536e-10,1.0957202e-07,0.9999962,3.5377823e-06,1.0856764e-07,2.546446e-10,4.9412478e-08
ISIC_0029820,2,0.14042631,0.009827848,0.8496319,5.9785278e-05,3.5642235e-05,7.254351e-07,1.7865606e-05
ISIC_0029644,2,1.5530627e-07,3.194489e-05,0.99993825,2.648443e-07,2.892348e-05,8.6266866e-08,3.5445117e-07
ISIC_0032314,2,2.3093381e-07,0.00029497352,0.99966335,5.341792e-07,3.7416616e-05,1.0535311e-08,3.506791e-06
ISIC_0024461,2,2.1593745e-09,5.610111e-07,0.9999409,5.836331e-05,3.9878882e-09,1.3117774e-08,1.8592952e-07
ISIC_0030526,2,2.065697e-08,1.5717513e-06,0.9411673,0.058807362,7.108053e-06,6.81359e-07,1.5904492e-05
ISIC_0025530,2,2.0555754e-06,0.0001660044,0.99718755,0.0022999872,1.736571e-05,0.00014249275,0.00018456239
ISIC_0027629,2,7.2920784e-06,0.00063311105,0.91096735,3.2703635e-06,0.08837544,3.7804623e-06,9.753693e-06
ISIC_0028283,2,0.00016071083,0.6735049,0.326279,2.5000004e-06,4.7979047e-05,7.035722e-07,4.159079e-06
ISIC_0027175,2,3.635805e-06,0.0014792487,0.9984925,2.238668e-05,3.381e-07,5.0098485e-09,1.8632618e-06
ISIC_0031407,2,0.02573593,0.0053081303,0.9236353,0.045289345,6.8698716e-07,7.066944e-08,3.06286e-05
ISIC_0028652,2,0.0024439294,0.00014939852,0.9962649,0.001140851,4.9166027e-10,1.9357431e-09,9.72688e-07
ISIC_0027038,2,1.5948212e-08,9.6519095e-08,0.9999956,2.1506378e-06,4.023507e-08,6.2238036e-07,1.5218067e-06
ISIC_0032030,2,3.4026593e-06,0.01232293,0.6566938,0.32751268,0.0023304352,0.0006106683,0.00052614545
ISIC_0027525,2,4.85346e-05,3.2140288e-05,0.15647829,0.7642122,0.07519674,0.0015102617,0.0025218027
ISIC_0024550,2,7.7363944e-07,8.418164e-06,0.997062,0.0028022653,1.1946386e-06,0.00011756767,7.780682e-06
ISIC_0029919,2,0.0005427633,0.18855987,0.55027395,0.0006204205,0.027677678,0.23205341,0.00027189
ISIC_0030094,2,4.452085e-08,1.3746815e-07,0.9999893,3.267394e-08,1.0568837e-05,3.45301e-09,5.8216583e-09
ISIC_0030352,2,3.788974e-09,5.07248e-09,0.9999999,1.0744101e-07,4.539464e-09,4.4959897e-10,6.2879404e-09
ISIC_0028814,2,5.984642e-06,1.2233634e-05,0.99990153,6.2341656e-05,1.4906978e-05,1.7022414e-06,1.3367646e-06
ISIC_0026829,2,2.0731643e-06,0.6677355,0.33192372,1.3160722e-07,0.00033491786,5.0781483e-07,3.1066545e-06
ISIC_0032132,2,0.042620517,0.7721575,0.0011490096,2.103064e-05,0.18403853,8.158057e-07,1.2596939e-05
ISIC_0026154,2,3.9811574e-05,2.2414888e-05,0.9999356,1.3412849e-06,7.068183e-07,4.8322207e-08,4.9169564e-08
ISIC_0029917,2,2.6927646e-05,0.00031451797,0.99965763,8.802843e-07,4.1027346e-09,4.57671e-10,3.6154216e-08
ISIC_0031614,2,0.0007474556,0.0009759187,0.99819213,1.08201175e-05,5.1645375e-06,5.482849e-07,6.79817e-05
ISIC_0024829,2,2.3614263e-08,1.2292858e-07,0.99999976,2.1013808e-09,9.904335e-11,4.8240036e-08,6.154867e-08
ISIC_0031041,2,1.52991e-05,2.1160773e-05,0.9998355,2.9290194e-07,0.00012760654,2.8580557e-08,1.7742832e-07
ISIC_0032316,2,5.3430845e-06,0.82569325,0.17415646,1.4099106e-05,1.1516171e-05,6.129807e-05,5.805821e-05
ISIC_0028671,2,1.5715364e-07,2.1417018e-06,0.99998987,7.2200475e-11,5.3804615e-07,8.466716e-10,7.2979105e-06
ISIC_0025775,1,3.0232408e-07,0.99999535,1.185025e-09,6.930064e-10,4.2971847e-06,5.107127e-08,8.7157054e-10
ISIC_0028239,1,3.6785003e-08,0.9999999,2.52578e-11,7.274683e-14,4.3772182e-08,1.0722046e-12,4.0676726e-10
ISIC_0031325,1,2.6748337e-06,0.99997497,8.3020325e-08,6.9395725e-08,1.3393461e-06,9.239536e-07,1.983402e-05
ISIC_0032115,1,2.5740352e-05,0.99997413,2.966411e-09,9.680277e-12,4.5056908e-08,4.830638e-08,5.2415878e-08
ISIC_0032446,1,2.2819717e-09,0.99999976,9.483438e-09,1.0758658e-11,1.9849308e-07,1.39136055e-11,8.391627e-09
ISIC_0024415,1,4.7212146e-05,0.99945647,1.5792766e-10,5.7309872e-11,0.00049611053,6.1751514e-08,1.1879487e-07
ISIC_0026583,1,3.4766265e-06,0.9999249,1.5716464e-06,1.1373161e-07,6.525737e-05,1.9855368e-06,2.659824e-06
ISIC_0031536,1,1.5299469e-06,0.99938154,5.4561532e-08,4.76855e-10,0.0006159207,6.8754824e-09,9.295088e-07
ISIC_0026054,1,0.0891052,0.7806354,2.705485e-06,1.3162558e-07,0.03511168,1.4943486e-08,0.09514494
ISIC_0029347,1,0.0031102616,0.9968863,2.2521185e-06,4.4810896e-08,8.800284e-07,6.4170007e-09,2.9588196e-07
ISIC_0024364,1,1.1799252e-06,0.9727476,1.1931611e-06,3.738723e-11,0.027170086,4.0942814e-05,3.8970524e-05
ISIC_0026518,1,0.07122568,0.9286161,5.056382e-05,2.587206e-09,1.06656735e-05,3.3589e-05,6.3449734e-05
ISIC_0027479,1,2.119997e-05,0.99929273,2.9211856e-07,1.7105444e-08,0.0006784531,6.6514535e-06,6.1255935e-07
ISIC_0027944,1,5.8693818e-06,0.9999913,8.3107597e-07,1.4971796e-10,1.9085903e-06,6.679567e-10,1.2413305e-07
ISIC_0030517,1,8.7231865e-07,0.9999877,1.1256153e-10,9.422369e-12,1.1365321e-05,3.0578085e-10,2.4463902e-09
ISIC_0029569,1,1.3999092e-07,0.994899,1.8867153e-08,1.8063656e-09,0.0051008533,6.5560135e-10,5.6251834e-09
ISIC_0031486,1,6.3342777e-06,0.99999154,2.0083132e-06,4.692938e-13,3.5475682e-09,8.4712095e-09,1.3462957e-07
ISIC_0029526,1,7.589918e-06,0.9996947,0.00023244503,2.4063867e-05,1.5902551e-06,1.2183919e-05,2.7473674e-05
ISIC_0030072,1,0.00013879499,0.99985933,5.0769675e-08,3.6068943e-11,7.215506e-07,6.9672788e-09,1.0416084e-06
ISIC_0030820,1,0.0021720363,0.9978264,2.0226014e-07,4.5473426e-13,1.3643834e-06,1.5229186e-10,1.462091e-08
ISIC_0028090,1,9.72489e-07,0.99962866,3.8014434e-08,3.4950933e-12,0.00037027587,2.1262543e-09,2.0491687e-08
ISIC_0030013,1,1.0655585e-05,0.999863,2.4089204e-07,2.024449e-08,0.00012587185,8.3571106e-10,2.2737899e-07
ISIC_0025585,1,1.3125506e-07,0.9999374,9.895168e-10,3.3304293e-10,5.489709e-08,1.8127523e-09,6.244643e-05
ISIC_0030523,1,4.471088e-06,0.99999523,2.4532015e-10,2.736282e-12,7.0900555e-08,3.567796e-09,2.6308837e-07
ISIC_0025143,1,7.818325e-05,0.9999218,1.3562918e-11,1.3017247e-13,2.1958627e-08,1.4338035e-11,2.4190844e-10
ISIC_0027324,1,8.374915e-08,0.99973005,2.595252e-06,2.4407223e-09,0.00024118148,7.898554e-06,1.8164135e-05
ISIC_0028164,1,2.651324e-05,0.9979614,1.5004828e-07,6.633213e-09,0.0020099315,2.2079703e-07,1.7354267e-06
ISIC_0027000,1,9.288962e-09,0.99997616,9.491407e-10,3.7263044e-12,2.3840517e-05,2.4077318e-09,1.9775304e-09
ISIC_0029998,1,1.4895262e-06,0.9999187,2.3389339e-07,7.5535955e-10,5.6665776e-06,6.304063e-05,1.0868292e-05
ISIC_0030338,1,1.3517887e-06,0.99999726,1.0161972e-06,9.0521884e-10,2.2161627e-08,8.8289205e-08,2.3169535e-07
ISIC_0030428,1,2.027212e-06,0.99999654,1.2217779e-06,3.8525173e-11,8.009719e-09,1.6121139e-09,1.6176428e-07
ISIC_0025692,1,4.890563e-07,0.999673,4.0283126e-06,6.3140354e-10,0.00031879952,1.6498143e-06,1.9619831e-06
ISIC_0026755,1,2.20184e-07,0.9999913,1.6661438e-08,3.097216e-11,7.727122e-06,2.6445736e-08,7.5695226e-07
ISIC_0028359,1,8.009539e-06,0.9999888,3.6357795e-07,7.1609185e-10,1.8565432e-06,6.401126e-08,8.2779195e-07
ISIC_0026948,1,1.3686312e-05,0.9999862,1.072137e-08,1.4975216e-12,3.3436883e-08,6.541287e-10,9.67019e-08
ISIC_0026246,1,3.5681407e-07,0.9475001,8.088178e-06,5.4589063e-06,0.05247149,5.466257e-06,9.051578e-06
ISIC_0028302,1,1.6151969e-06,0.99904686,3.0632214e-07,2.08552e-07,0.00094758585,2.6037742e-07,3.1282784e-06
ISIC_0026172,1,0.00033293388,0.999624,5.035017e-07,1.678997e-10,1.2737634e-05,2.9721085e-05,7.5617244e-08
ISIC_0029273,1,0.013963356,0.9855401,3.435825e-05,4.2974666e-08,0.00020271978,9.767819e-05,0.0001618137
ISIC_0027752,1,0.00040284227,0.99953914,6.19214e-08,8.7033e-08,5.4727712e-05,1.3064473e-08,3.1611642e-06
ISIC_0024327,1,6.8084832e-06,0.99995184,5.876492e-10,4.046688e-12,4.1384024e-05,3.9175514e-11,1.7768322e-08
ISIC_0025432,1,2.5334118e-06,0.99779165,4.558802e-06,1.794701e-08,0.0022011704,1.511436e-09,4.6167777e-08
ISIC_0026234,1,0.009383761,0.98084074,7.817937e-07,4.937631e-06,0.009767321,8.8151944e-07,1.5744755e-06
ISIC_0025934,1,6.5332097e-07,0.9999918,2.744287e-07,8.856816e-09,6.8239538e-06,2.769688e-07,2.451957e-07
ISIC_0027411,1,0.032842766,0.96715707,7.54812e-12,4.3001512e-11,1.3932941e-10,4.871225e-10,1.3222034e-07
ISIC_0030888,1,3.761234e-07,0.9999788,2.415681e-10,4.5959302e-11,2.0572867e-05,2.2682201e-07,2.845828e-08
ISIC_0029523,1,6.6244766e-08,0.99999976,2.430227e-08,9.78006e-15,6.803895e-08,3.7772944e-11,5.219743e-08
ISIC_0025749,1,4.831923e-07,0.9903002,1.8437328e-09,3.4780239e-09,0.009698927,1.4567765e-07,3.1196703e-07
ISIC_0029258,1,1.3999269e-06,0.99998283,1.4309801e-09,4.2104124e-12,1.51764725e-05,2.6328792e-07,3.8464077e-07
ISIC_0031388,1,0.0007807702,0.99835855,6.640056e-07,2.670218e-11,0.00084994914,1.2086814e-07,9.880243e-06
ISIC_0024980,1,3.4570562e-06,0.99974746,1.3140408e-07,5.31874e-09,0.00024807543,1.1081401e-08,8.6585874e-07
ISIC_0031653,1,1.5054546e-09,0.99998856,1.3036555e-09,9.907089e-12,1.1450626e-05,2.449245e-09,2.4876916e-09
ISIC_0027422,1,7.767623e-09,1.0,8.657095e-10,2.8717627e-11,1.0600241e-09,4.0555612e-08,2.2231743e-09
ISIC_0031773,1,1.570714e-05,0.99767905,8.044997e-05,1.8502642e-09,8.098832e-06,2.852026e-09,0.0022166923
ISIC_0028054,1,8.938409e-09,0.9999745,3.084788e-08,1.19652985e-11,1.5834677e-05,8.334641e-06,1.2489896e-06
ISIC_0030550,1,3.9128527e-06,0.99999475,6.37037e-09,9.00745e-11,1.0579134e-06,4.847665e-08,2.824547e-07
ISIC_0031704,1,3.0876146e-07,0.99999905,1.9561472e-09,3.6570947e-13,6.296186e-07,1.0650526e-10,2.9330835e-08
ISIC_0024580,1,1.6838274e-05,0.99995184,3.1007767e-07,6.265136e-08,3.0404226e-05,4.7593082e-07,3.5172054e-08
ISIC_0025930,1,1.3918668e-05,0.9928086,0.0011629544,8.088211e-09,0.0059630605,1.5556292e-06,4.9987335e-05
ISIC_0028594,1,0.00018536802,0.9873913,2.5362863e-06,1.3997754e-08,0.012417953,2.3413165e-06,4.7215647e-07
ISIC_0031185,1,6.7177726e-09,0.9999455,4.3923304e-10,1.5818389e-12,5.4426164e-05,1.6349333e-09,7.290029e-09
ISIC_0029463,1,4.0837597e-07,0.99999917,4.0939256e-07,3.172327e-12,2.4327798e-09,1.1484895e-08,1.4366671e-09
ISIC_0030968,1,8.331459e-06,0.9423668,1.3715185e-06,3.7999836e-08,0.057601903,1.2915416e-05,8.656393e-06
ISIC_0031907,1,1.0019438e-05,0.9999865,6.936804e-09,5.042997e-10,2.6591943e-06,1.4246141e-11,8.064964e-07
ISIC_0028962,1,1.8684236e-06,0.9999808,1.027479e-09,1.4606229e-10,1.1058056e-06,1.6168093e-05,4.1645833e-08
ISIC_0029015,1,4.0610948e-07,0.99995935,2.7805174e-09,1.953114e-12,3.766294e-05,2.0278779e-09,2.5235267e-06
ISIC_0030170,1,1.2051142e-07,0.99999344,4.0109455e-07,3.9764061e-10,5.8558367e-06,3.2860765e-08,1.6216569e-07
ISIC_0026232,1,2.7629882e-05,0.99996924,3.586425e-09,7.322846e-11,2.9505306e-06,1.4428303e-09,1.1370282e-07
ISIC_0030322,1,0.012606514,0.9871459,5.679743e-08,2.3805086e-10,0.00022704495,7.609561e-08,2.0351159e-05
ISIC_0026562,1,0.0013036969,0.99611676,7.6349885e-08,3.027833e-08,0.0025717814,6.400717e-06,1.223578e-06
ISIC_0027576,1,3.2097834e-08,0.9999839,1.0632865e-07,1.7711977e-12,7.4823214e-07,1.4160518e-08,1.5172567e-05
ISIC_0032011,1,5.094267e-07,0.999997,8.160211e-09,7.9205364e-11,2.4515737e-06,9.195159e-10,1.1488573e-08
ISIC_0029184,1,0.0016472706,0.9983235,1.5691016e-07,4.4354312e-07,2.6440806e-05,3.8221206e-08,2.145165e-06
ISIC_0030470,1,6.6855605e-06,0.9822918,7.2503624e-08,6.231646e-08,0.01770079,4.4202028e-07,3.787637e-08
ISIC_0025558,1,1.6479869e-07,0.99997675,9.520859e-10,1.38826685e-11,2.3047985e-05,2.4512689e-08,1.8615397e-08
ISIC_0028007,1,1.8227465e-07,0.99999475,1.0250489e-08,6.995295e-09,4.372377e-06,7.1861585e-08,5.408134e-07
ISIC_0024692,1,9.797717e-07,0.9999988,6.652535e-10,3.7074366e-13,1.6227888e-07,3.6290222e-09,3.8404707e-08
ISIC_0029729,1,0.08329032,0.57416415,0.342526,1.876524e-06,4.3146574e-06,6.2878644e-07,1.2790066e-05
ISIC_0028768,1,3.2081155e-06,0.9993185,3.6392305e-07,4.0098494e-10,0.00065005745,1.16022775e-05,1.6293476e-05
ISIC_0025794,1,1.4977765e-08,0.99271554,6.28882e-11,4.076512e-13,0.007284511,5.160756e-10,7.821066e-09
ISIC_0028888,1,0.010143032,0.9527635,0.00024564017,2.1407511e-06,0.03679808,3.8412057e-07,4.722782e-05
ISIC_0028137,1,2.8272646e-06,0.9999889,3.136751e-10,1.2996654e-10,8.182748e-06,4.744959e-09,3.1834297e-08
ISIC_0029784,1,4.9286257e-07,0.99984133,7.784295e-08,7.4270246e-10,0.00015027913,6.8052123e-06,9.995227e-07
ISIC_0029633,1,7.7025525e-06,0.18309341,7.259227e-06,9.17695e-08,0.81586754,0.0009872214,3.684051e-05
ISIC_0031174,1,3.6014927e-07,0.99994075,9.475696e-10,1.3671828e-10,5.890655e-05,1.2916045e-09,7.803736e-09
ISIC_0027212,1,1.3889237e-05,0.9980597,6.0161024e-06,1.2218857e-07,0.0012932003,0.00061086024,1.6253518e-05
ISIC_0028694,1,3.1611116e-06,0.999268,1.147495e-07,8.169802e-08,0.0007283208,9.2600004e-08,1.4306991e-07
ISIC_0025635,1,5.074408e-06,0.9999939,1.7689805e-08,5.5163756e-12,7.379917e-10,1.3329022e-08,9.571837e-07
ISIC_0030536,1,3.941998e-06,0.99993706,1.2767524e-08,8.691124e-07,5.8170433e-05,5.9604273e-09,2.2566095e-08
ISIC_0030902,1,3.944126e-06,0.99423826,1.3720093e-06,1.4344683e-07,2.2042583e-07,3.001297e-06,0.005753142
ISIC_0024493,1,1.947814e-06,0.99437016,1.3984082e-06,4.3185526e-09,0.00044456904,0.0051787863,3.1258862e-06
ISIC_0026891,1,0.11222022,0.8877719,8.1589286e-07,1.5701524e-08,5.3125727e-06,1.743309e-06,1.01936195e-07
ISIC_0024863,1,1.1884653e-06,0.829886,3.3190387e-05,0.023714991,0.14620347,4.77547e-05,0.00011331356
ISIC_0030797,1,1.2594973e-06,0.9999951,2.1295912e-09,8.307204e-12,3.629873e-06,1.2278142e-11,1.436684e-08
ISIC_0027164,1,4.5267137e-05,0.9999546,8.8138297e-10,8.6160266e-11,8.1251414e-08,1.9938003e-08,2.1904215e-08
ISIC_0024879,1,0.21241327,0.1920944,0.0230503,9.2939545e-06,0.5361059,0.035940804,0.0003859955
ISIC_0025120,1,0.0017251715,0.9982128,2.709503e-08,7.156022e-09,5.9127426e-05,2.6854834e-06,1.01451874e-07
ISIC_0024884,1,6.654936e-05,0.9987128,4.6986256e-06,2.9425755e-09,0.0011967164,2.862297e-06,1.6380978e-05
ISIC_0027290,1,0.0017931435,0.9981775,1.0053871e-05,9.613606e-07,1.6328491e-05,1.8601498e-06,1.570405e-07
ISIC_0028967,1,0.0006907509,0.99858165,5.6746154e-09,1.4121363e-08,0.00072256784,8.260695e-08,4.9092405e-06
ISIC_0025444,1,0.00020124085,0.99965405,8.436128e-08,2.4906785e-07,0.0001435437,6.49957e-07,2.1300937e-07
ISIC_0025274,1,1.3430471e-06,0.99997914,9.7705716e-08,4.895679e-10,1.7468183e-05,1.2701865e-09,1.9045942e-06
ISIC_0030120,1,2.4936446e-05,0.9459931,0.009412182,0.0025202662,0.04176316,0.00017750128,0.00010887856
ISIC_0026057,1,7.5970944e-05,0.98830277,0.00035508745,6.2346594e-06,0.011248387,1.0727172e-07,1.1433049e-05
ISIC_0031477,1,0.00012876454,0.9998704,6.3745973e-09,1.5509518e-09,9.159925e-08,2.373967e-09,6.4377383e-07
ISIC_0030483,1,2.2987384e-08,0.9999995,1.3967122e-08,3.0477307e-10,4.376722e-07,1.0132614e-10,5.1094523e-10
ISIC_0024421,1,4.554936e-07,0.9999502,1.5685775e-06,6.353962e-08,4.7684367e-05,1.0705086e-08,4.5593282e-08
ISIC_0031995,1,8.7826535e-05,0.99990094,5.8791475e-08,3.3067193e-09,1.1038478e-05,1.0562788e-08,7.466265e-08
ISIC_0030836,1,1.730475e-05,0.59025913,1.9263553e-07,1.1571097e-07,0.40972197,7.822231e-08,1.1419783e-06
ISIC_0030204,1,1.4574463e-06,0.9967816,4.0146486e-07,2.1305704e-07,0.0032161453,4.432787e-08,1.7385263e-07
ISIC_0028699,1,3.3028098e-07,0.9999987,1.7532754e-08,2.0678608e-09,8.7621856e-07,2.9526372e-09,1.03895815e-07
ISIC_0032193,1,9.794078e-06,0.9999902,4.0359788e-10,2.0476912e-11,1.6154226e-08,6.3383205e-09,5.467529e-09
ISIC_0030282,1,0.00095881283,0.99904114,5.192606e-08,4.1541124e-12,9.283321e-09,7.257897e-11,3.1256255e-09
ISIC_0024985,1,2.3202035e-06,0.99963796,1.2280057e-07,3.54497e-06,0.00034661024,1.0701019e-06,8.349718e-06
ISIC_0025514,1,0.0038079286,0.99553937,7.762911e-06,3.3489385e-07,0.0006368338,2.3543084e-06,5.367021e-06
ISIC_0024598,1,0.0001714677,0.9977616,3.4049795e-06,4.962301e-08,0.0020234291,3.3737404e-05,6.319906e-06
ISIC_0031102,1,1.8222789e-05,0.99899477,2.1187242e-07,8.224953e-09,0.0009851053,9.804864e-07,7.8490393e-07
ISIC_0025536,1,1.752539e-08,0.9999963,2.1928903e-09,1.059577e-10,2.9998323e-06,2.4043754e-09,6.1874704e-07
ISIC_0025979,1,5.4548065e-05,0.9999435,4.9112197e-07,4.2624243e-10,1.3667089e-07,2.2442192e-08,1.3765701e-06
ISIC_0025375,1,1.9371115e-05,0.99997234,6.061376e-06,6.895107e-11,1.3481052e-06,6.032996e-08,7.6824153e-07
ISIC_0026079,1,0.00026591666,0.9997329,1.0778785e-08,1.3951551e-08,1.0252381e-06,4.7751286e-08,1.343178e-07
ISIC_0030957,1,0.00018106416,0.99981886,5.717709e-08,8.258176e-12,4.0981066e-10,2.4270824e-08,5.5748387e-08
ISIC_0027106,1,3.0604912e-08,0.99999964,4.571254e-09,3.0775574e-10,2.1224317e-07,1.3327363e-09,7.4822e-08
ISIC_0029023,1,6.0686292e-05,0.9997181,5.964601e-06,8.579156e-09,0.0002074004,4.5740684e-08,7.849957e-06
ISIC_0031438,1,0.005150894,0.99481577,5.461966e-08,5.124435e-10,3.2139098e-05,1.3725202e-07,1.0430759e-06
ISIC_0028077,1,7.3598255e-07,0.9999976,2.8529807e-11,1.4323329e-14,1.6213305e-06,2.597463e-09,5.010703e-10
ISIC_0029972,1,4.7448435e-08,0.99999845,1.05885904e-08,7.4691295e-12,8.966392e-08,1.344884e-06,8.976848e-08
ISIC_0030519,1,0.00024084067,0.99963593,2.3884966e-05,1.9344518e-05,5.703733e-05,7.804797e-07,2.2131355e-05
ISIC_0028861,1,7.269457e-05,0.998833,8.251223e-06,5.2122834e-07,0.0010730082,1.212546e-05,3.8103303e-07
ISIC_0028319,1,8.654258e-08,0.99731725,2.3177141e-07,6.023844e-08,0.0026809068,1.7641884e-08,1.4168071e-06
ISIC_0031469,1,0.00036737457,0.9996306,6.8744885e-07,1.4952686e-08,1.1603841e-07,6.787332e-09,1.2053579e-06
ISIC_0025328,1,3.4425996e-06,0.7599478,2.3579144e-06,6.5150616e-08,0.23972228,7.3768e-07,0.00032333107
ISIC_0024901,1,1.6386356e-07,0.99999964,1.6955996e-10,5.0000607e-13,1.3541047e-07,2.0081915e-08,1.10107884e-07
ISIC_0025544,1,1.1302176e-09,0.99997437,1.4862847e-11,5.3014803e-13,2.4307301e-05,1.4856918e-08,1.3458447e-06
ISIC_0028836,1,4.976321e-07,0.9996062,8.765594e-06,5.300947e-08,0.00038067746,2.9517173e-07,3.601962e-06
ISIC_0032201,1,5.4584766e-06,0.9999939,1.2189377e-09,4.7710846e-12,5.2209845e-07,7.823187e-08,1.1566327e-08
ISIC_0032066,1,2.579719e-06,0.999902,9.5049515e-08,1.5428551e-12,5.6805373e-05,2.7459804e-05,1.1070855e-05
ISIC_0029628,1,9.166651e-07,0.99999845,1.0198343e-08,2.9568292e-09,1.7377116e-07,3.8034297e-08,4.6763876e-07
ISIC_0025952,1,2.4647484e-06,0.999995,2.1339733e-06,9.4035876e-08,1.9448316e-07,6.8784345e-08,1.6290974e-08
ISIC_0027485,1,4.350119e-06,0.99295914,1.1368131e-06,6.999276e-09,0.007034573,4.2198621e-07,3.3432067e-07
ISIC_0024944,1,6.324517e-06,0.9999924,1.792776e-07,9.908253e-10,8.1401504e-07,2.0544813e-07,3.0676574e-08
ISIC_0027227,1,1.3386708e-05,0.99998605,8.57056e-09,1.4656825e-09,1.7969368e-08,1.0707436e-07,4.4864558e-07
ISIC_0024534,1,1.1980424e-06,0.99999726,7.128033e-09,2.6981964e-11,6.1636655e-07,7.424575e-07,1.760569e-07
ISIC_0031313,1,1.8947982e-05,0.99853206,2.7174692e-06,6.568187e-08,0.0014238941,1.2246064e-05,9.997817e-06
ISIC_0030943,1,5.7192967e-08,0.99999917,2.6199571e-09,1.059189e-12,5.905297e-07,1.3106652e-09,1.5900774e-07
ISIC_0028985,1,5.7425506e-08,0.9999999,1.8844994e-09,6.467797e-13,1.8949459e-08,1.8504943e-09,5.1021946e-08
ISIC_0025024,1,1.9758069e-09,0.9999989,9.552342e-09,2.8261833e-09,3.4268535e-08,8.024234e-07,1.7147164e-07
ISIC_0030736,1,0.00033654703,0.9995596,6.78041e-08,3.0550031e-09,9.9026205e-05,4.5115627e-07,4.2716065e-06
ISIC_0026792,1,7.589896e-09,0.9999956,5.086708e-10,8.6707426e-13,4.408641e-06,2.4551214e-10,1.1334868e-08
ISIC_0028833,1,2.385294e-06,0.9975727,5.031779e-08,2.6658845e-10,0.002424764,3.3143523e-09,2.6479983e-08
ISIC_0030875,1,5.7010197e-08,0.99978346,1.952493e-10,3.96946e-12,0.0002164472,9.1881766e-11,1.1169008e-09
ISIC_0024964,1,0.0021330828,0.9978637,1.0681853e-06,4.8771894e-12,1.6482022e-07,1.6494013e-06,2.824146e-07
ISIC_0031647,1,2.8481882e-08,0.99999905,5.0377775e-08,3.4274675e-12,8.334055e-07,1.2607253e-10,2.16799e-08
ISIC_0029883,1,0.00039619402,0.919178,0.000117138574,2.2865086e-06,0.07826182,0.0018945088,0.00014994317
ISIC_0028349,1,2.6248736e-07,0.9993888,1.2330097e-08,5.918446e-10,0.00061034574,2.5891472e-07,3.1058505e-07
ISIC_0032133,1,1.1293686e-06,0.99999666,5.9442035e-10,2.9826214e-11,2.1379021e-06,2.1315157e-10,1.378389e-08
ISIC_0024492,1,1.3648331e-05,0.9999833,9.041592e-09,7.936788e-08,2.2102813e-06,2.6770854e-07,4.4448058e-07
ISIC_0028939,1,2.5896403e-08,0.9999964,3.5746663e-07,3.798775e-08,1.2662516e-06,1.2124956e-07,1.8220172e-06
ISIC_0030734,1,9.0889614e-08,0.9983506,2.3652413e-09,1.683877e-10,0.0016492826,3.8895013e-08,5.5365586e-08
ISIC_0032484,1,1.0929774e-06,0.99999857,9.968833e-08,1.0147682e-08,1.8534362e-07,4.340049e-09,3.330527e-09
ISIC_0026980,1,1.6980592e-05,0.9999627,1.6176598e-08,4.5223197e-10,2.0314037e-05,1.0078854e-09,3.5549252e-08
ISIC_0027868,1,1.9551098e-06,0.98512495,0.010159533,0.00012453429,0.0009687431,0.0010209349,0.0025993895
ISIC_0031364,1,9.895432e-05,0.99851686,1.1756793e-07,3.1544767e-11,0.0013823209,5.031469e-09,1.7296032e-06
ISIC_0027758,1,9.3632096e-08,0.9997775,3.4539056e-09,1.3283294e-09,0.00022199102,2.9650697e-09,3.9219108e-07
ISIC_0027575,1,2.0785336e-07,0.9761771,2.449377e-07,2.4687668e-07,0.021186087,7.2116535e-07,0.0026354406
ISIC_0031398,1,9.294724e-06,0.9999788,3.4646128e-08,1.040626e-09,6.0906086e-06,5.494216e-06,3.2261468e-07
ISIC_0029984,1,1.2594501e-05,0.9999858,1.1643726e-08,1.3384711e-11,1.522477e-06,2.3384228e-08,1.1622426e-08
ISIC_0032039,1,0.00014237197,0.9998566,5.575958e-10,4.7203824e-10,6.0264654e-07,8.89493e-08,2.4192994e-07
ISIC_0030911,1,0.414079,0.577076,0.0044177556,7.895997e-06,0.0039081434,0.0004837732,2.7421995e-05
ISIC_0027621,1,0.00033630064,0.67836845,4.302766e-05,1.3270397e-10,0.3211339,2.9664095e-06,0.00011528302
ISIC_0028375,1,2.9410081e-05,0.999969,1.16695436e-08,2.5296326e-10,1.4575514e-06,7.585703e-08,3.555029e-08
ISIC_0025150,1,4.5052534e-06,0.99999344,2.46733e-07,5.896363e-10,1.6491962e-06,2.5445666e-09,2.0814865e-07
ISIC_0031173,1,0.0018840926,0.99797994,1.905817e-05,2.4197368e-08,6.0280636e-05,2.688217e-07,5.6398985e-05
ISIC_0026415,1,1.8252099e-07,0.99999964,1.2089375e-09,1.7932556e-13,1.3840027e-07,1.0062996e-09,2.7351984e-08
ISIC_0025738,1,8.388546e-05,0.99977845,4.1057323e-05,1.6548384e-08,1.3551797e-05,7.727412e-05,5.819541e-06
ISIC_0026470,1,1.6680857e-05,0.99998236,7.3394254e-08,1.490151e-08,5.290909e-08,3.1739128e-07,4.3908608e-07
ISIC_0025090,1,0.06802291,0.93191916,1.4726015e-07,1.1435414e-08,1.2650352e-05,2.0810876e-06,4.30211e-05
ISIC_0029708,1,3.3408045e-07,0.99998605,1.8231052e-08,8.309435e-10,1.259717e-05,1.7017047e-08,1.0510158e-06
ISIC_0027111,1,2.0366683e-06,0.99999464,1.3515608e-08,2.7459109e-08,5.7155444e-07,3.0460743e-08,2.7062931e-06
ISIC_0030092,1,5.6878143e-05,0.99985373,5.3755883e-08,1.0805376e-10,2.583178e-05,6.186895e-05,1.6086137e-06
ISIC_0031544,1,2.0918056e-07,0.99998736,8.5478845e-08,1.151303e-08,1.22968095e-05,6.976253e-10,1.7697351e-08
ISIC_0026740,1,2.945525e-07,0.9999988,5.6566535e-08,6.9642637e-13,3.2618823e-07,9.595607e-08,3.58235e-07
ISIC_0032336,1,4.730833e-05,0.9999199,4.0354433e-07,9.594635e-07,5.1974735e-07,3.5919265e-07,3.051186e-05
ISIC_0030477,1,1.5642263e-07,0.9999995,4.5027036e-08,9.1165436e-10,7.00214e-08,8.740563e-10,2.1144733e-07
ISIC_0026302,1,1.4819375e-08,1.0,1.0457553e-10,3.705338e-11,1.0859161e-08,4.6414894e-09,3.105713e-08
ISIC_0028817,1,6.948895e-08,0.99902916,1.15530575e-07,1.8217593e-09,0.00096782454,5.1219257e-07,2.396233e-06
ISIC_0027215,1,2.9874414e-08,1.0,7.7972725e-11,9.814762e-12,3.144269e-09,3.8180976e-11,8.094662e-09
ISIC_0032467,1,2.1195598e-08,0.9999994,6.111803e-08,1.7201522e-12,5.2939293e-07,1.1672803e-10,6.6990307e-09
ISIC_0028058,1,8.614758e-07,0.99998176,1.1894763e-06,6.1364695e-08,3.5328899e-06,8.38992e-06,4.216613e-06
ISIC_0031774,1,1.2034237e-05,0.99997437,1.320195e-06,1.6808833e-06,6.472042e-06,3.7226716e-06,3.9845023e-07
ISIC_0032091,1,4.1671427e-07,0.9999995,2.6470504e-10,1.9362738e-09,1.6904529e-09,1.1293059e-10,1.910201e-08
ISIC_0028177,1,1.2874443e-07,0.99995613,3.9079638e-05,4.2865175e-08,9.792329e-07,1.9738627e-06,1.6607238e-06
ISIC_0030974,1,3.2486373e-06,0.9999845,1.8370353e-06,1.1998827e-08,8.954441e-06,1.00617015e-07,1.3687002e-06
ISIC_0027765,1,5.063796e-06,0.9999919,1.7529702e-07,6.8106054e-08,1.0716626e-06,2.3736713e-07,1.427145e-06
ISIC_0027871,1,3.6221568e-08,0.9999949,5.7885075e-09,8.70408e-12,1.5410977e-07,1.7017679e-07,4.7718136e-06
ISIC_0030337,1,6.7809224e-06,0.96803635,0.018783618,0.0068134577,0.0054523963,0.00020719123,0.00070024404
ISIC_0026718,1,6.149642e-05,0.99986434,2.0159707e-08,6.465244e-09,2.549679e-09,4.9502065e-05,2.4646837e-05
ISIC_0025474,1,2.3369031e-09,1.0,2.153924e-09,4.936412e-13,2.519046e-10,5.468682e-11,1.1649839e-09
ISIC_0030481,1,6.8160844e-08,0.9999815,7.1214936e-09,5.0589284e-09,1.6390048e-05,1.7364222e-08,1.9936263e-06
ISIC_0025756,1,2.396722e-05,0.99997234,2.4923068e-08,3.3840092e-07,6.80958e-07,4.4296202e-09,2.5719144e-06
ISIC_0024641,1,1.8536476e-06,0.9999976,1.7769034e-08,2.5139713e-10,2.5437e-08,7.527816e-09,4.6378725e-07
ISIC_0026854,1,6.3588985e-08,0.99995804,1.0236828e-08,4.2357015e-06,3.743275e-05,1.8236757e-09,1.244728e-07
ISIC_0026529,1,9.553583e-06,0.9999881,2.6939935e-07,8.470061e-10,1.6002821e-06,2.9319663e-08,5.181599e-07
ISIC_0026364,1,2.1684657e-05,0.99995446,6.250447e-08,3.538464e-08,7.4636255e-06,2.8477368e-07,1.604546e-05
ISIC_0030407,1,0.00021745818,0.9997789,2.5290686e-07,1.5329675e-09,4.2145575e-07,2.6432433e-06,2.730593e-07
ISIC_0025822,1,0.0016242126,0.99837554,5.343878e-09,2.891615e-10,2.4831346e-07,8.230247e-11,1.26472255e-08
ISIC_0029689,1,6.4407826e-11,1.0,2.0896056e-10,2.6689503e-12,9.0705464e-11,5.925616e-09,8.827055e-09
ISIC_0028798,1,7.0153515e-06,0.9999876,2.2533172e-08,1.4649058e-08,3.841538e-06,1.3992326e-06,1.3302301e-07
ISIC_0030748,1,1.1340171e-06,0.9999988,5.01797e-13,1.948733e-12,1.9581392e-10,1.0600001e-10,3.3852587e-10
ISIC_0028912,1,2.2223535e-06,0.99739516,1.7114466e-08,3.8766992e-10,0.002602575,5.467126e-10,7.6792915e-08
ISIC_0032411,1,1.3205215e-07,0.9999999,3.210001e-11,3.8442357e-11,4.066796e-10,6.791743e-13,3.59436e-10
ISIC_0029999,1,5.1008794e-07,0.9957377,1.0203136e-06,3.247125e-07,0.0039809244,9.717442e-07,0.0002785779
ISIC_0030971,1,2.270521e-06,0.9208709,4.1481903e-06,0.00011799366,0.07894249,1.3030815e-05,4.9120415e-05
ISIC_0029330,1,3.2690414e-10,0.9999831,1.0192547e-06,7.545985e-11,1.47102755e-05,4.157896e-11,1.2210858e-06
ISIC_0026173,1,2.0159142e-07,0.99999976,3.4685832e-10,1.9940956e-12,2.6013456e-09,1.6469556e-10,6.53482e-09
ISIC_0026227,1,7.695301e-08,0.9999988,6.709698e-07,8.5004814e-10,2.218986e-09,1.5272345e-08,4.801195e-07
ISIC_0026696,1,6.1391816e-08,0.9998342,1.0500087e-06,2.7438202e-07,0.00016254683,5.0702863e-07,1.3837413e-06
ISIC_0026715,1,9.757313e-08,0.99997735,9.360004e-09,2.681156e-08,2.0546839e-05,2.7666553e-08,2.0517339e-06
ISIC_0026533,1,1.1141011e-06,0.99999774,4.83345e-07,6.282226e-11,1.2011608e-07,3.4616286e-07,2.1792445e-07
ISIC_0032507,1,0.00014958123,0.9998499,4.5733017e-08,2.8185587e-10,4.8260382e-09,1.873789e-08,4.6103332e-07
ISIC_0026355,1,3.73517e-08,0.9999988,6.656521e-10,5.1942484e-10,1.1991472e-06,9.452382e-10,1.2959098e-08
ISIC_0031097,1,1.9897132e-05,0.99965763,1.9927636e-06,1.2689846e-08,0.0003133847,5.2105083e-08,7.0909823e-06
ISIC_0026145,1,1.2013069e-06,0.9999987,7.7701824e-11,9.1842665e-11,1.3633461e-09,2.1025e-10,5.1273677e-08
ISIC_0032454,1,0.00053730834,0.9994617,2.4814216e-08,3.1109998e-08,8.1042856e-08,7.5291297e-07,1.600652e-07
ISIC_0025493,1,1.3492617e-07,0.9999871,1.1792804e-05,7.949298e-09,4.1628546e-08,8.625409e-09,9.1682e-07
ISIC_0028745,1,1.0627963e-08,0.99997354,5.074718e-07,8.123405e-08,2.5799322e-05,6.129351e-09,1.4085162e-08
ISIC_0025481,1,1.2152484e-08,0.99994147,1.9432955e-08,2.194201e-09,5.8451467e-05,5.88311e-08,2.273993e-08
ISIC_0026591,1,2.233836e-05,0.9994407,0.0004139833,5.242626e-06,0.00010169295,3.3418945e-07,1.5666537e-05
ISIC_0026308,1,2.002511e-09,1.0,2.986802e-09,7.719521e-12,5.915859e-09,4.1008374e-09,8.378659e-09
ISIC_0032143,1,7.5493284e-05,0.99988806,7.2787698e-06,5.7526297e-08,2.8986751e-05,3.4266364e-08,1.2385973e-07
ISIC_0029536,1,2.807029e-08,0.999969,2.90246e-08,7.0132042e-09,3.0652012e-05,9.592529e-10,2.6394872e-07
ISIC_0026233,1,0.00080216525,0.99918467,9.599007e-07,2.6063804e-08,6.1729395e-07,2.132115e-09,1.1625222e-05
ISIC_0028027,1,1.4570466e-07,0.9997795,0.00014513322,7.986915e-09,6.533687e-05,2.3316866e-09,9.85388e-06
ISIC_0028397,1,9.5847085e-08,0.9999993,1.9235086e-08,1.2813707e-10,4.926895e-07,2.5336638e-10,1.1240982e-07
ISIC_0028088,1,1.5020733e-07,0.9999962,1.2066987e-09,1.7033651e-12,3.1595257e-06,8.511926e-11,5.138587e-07
ISIC_0025944,1,5.626056e-07,0.99999905,9.229345e-08,1.17636425e-08,8.450718e-08,1.26782576e-08,1.7379877e-07
ISIC_0026093,1,2.6486441e-08,0.9999976,4.229487e-08,6.500846e-08,2.200604e-06,3.529443e-08,1.5802089e-08
ISIC_0026478,1,0.00017788574,0.9997032,2.127259e-05,3.923638e-06,8.642721e-05,2.3973774e-07,6.942293e-06
ISIC_0024656,1,1.5254137e-06,0.999689,1.005169e-07,2.9408822e-09,0.0003094254,4.0391132e-10,2.606801e-08
ISIC_0029688,1,1.7128903e-08,0.99997437,1.6900374e-06,3.1938346e-10,2.3750248e-05,2.0692989e-08,2.1475394e-07
ISIC_0031320,1,5.8768073e-06,0.9999424,1.8422024e-05,2.8709513e-07,3.210157e-05,3.956827e-07,5.477544e-07
ISIC_0032080,1,3.8827293e-06,0.99999595,3.9249922e-08,5.9684625e-11,7.960615e-08,1.22806e-09,1.0858293e-07
ISIC_0028908,1,7.196512e-09,0.9999968,6.078001e-09,1.653508e-07,3.0086353e-06,8.959885e-11,2.3152417e-08
ISIC_0025437,1,3.5670033e-05,0.9998578,2.1857848e-07,9.952992e-08,0.00010346332,6.255672e-07,2.1677297e-06
ISIC_0027206,1,2.0061358e-05,0.99997914,4.4144958e-08,7.8517095e-09,1.4549128e-07,5.148592e-08,5.9306313e-07
ISIC_0032361,1,7.973562e-08,0.99999976,9.7073224e-11,3.3065851e-13,1.3832624e-07,1.802838e-09,1.5364042e-08
ISIC_0030775,1,0.00019621702,0.9997472,2.00566e-06,1.1712038e-06,6.9008934e-06,2.6852891e-05,1.966191e-05
ISIC_0031675,1,3.1894274e-07,0.99999964,3.2609206e-09,1.02883736e-10,3.7266695e-08,3.4383488e-10,2.9280882e-08
ISIC_0030866,1,0.00016982203,0.99982256,2.2955966e-09,3.557423e-09,6.3902494e-06,1.33342635e-08,1.2962016e-06
ISIC_0031998,1,1.6724037e-09,0.9999995,1.00180335e-08,3.2919523e-10,4.8908953e-07,1.875653e-12,3.238637e-09
ISIC_0025919,1,1.5869052e-08,0.99999964,3.804746e-09,4.753592e-11,3.951845e-09,3.0112662e-07,5.3081415e-09
ISIC_0026240,1,7.324692e-05,0.9999254,1.6241558e-09,3.3328884e-09,1.4135897e-07,2.0509892e-08,1.1885462e-06
ISIC_0029980,1,6.6780294e-06,0.9997744,2.8035721e-08,1.26458035e-08,0.00021845222,1.6237564e-08,4.852288e-07
ISIC_0029711,1,1.8960482e-07,0.9999809,3.6718012e-07,3.098753e-09,1.8155582e-05,1.6077178e-07,2.1868797e-07
ISIC_0025449,1,4.539667e-06,0.9999325,8.428771e-06,6.8487553e-09,5.439318e-05,6.317952e-10,7.937232e-08
ISIC_0026649,1,6.116386e-06,0.9998915,1.2476319e-07,3.7366505e-08,8.5238335e-06,5.725276e-05,3.6486246e-05
ISIC_0026235,1,4.5852802e-10,0.9999987,8.7978924e-10,2.1999305e-08,1.3229356e-06,4.238621e-10,1.11288205e-08
ISIC_0027638,1,9.429431e-08,0.99805117,1.0001548e-06,6.483342e-08,0.0019388832,6.1645613e-07,8.196964e-06
ISIC_0025720,1,3.0072734e-08,0.9999999,3.5665454e-10,6.5498135e-11,1.0896823e-07,3.7849704e-10,3.9096236e-08
ISIC_0025438,1,1.0546305e-09,0.99996865,2.7100306e-09,3.6550296e-10,3.1301213e-05,2.8055922e-09,1.00836886e-08
ISIC_0026474,1,0.00017133738,0.9998227,1.2903612e-07,5.097229e-10,2.0320658e-06,1.541174e-08,3.8077005e-06
ISIC_0028182,1,2.1343099e-06,0.9999877,9.1451517e-07,3.6930498e-08,9.126511e-06,5.185097e-09,1.2735026e-07
ISIC_0025580,1,3.9634833e-06,0.9999958,4.2246178e-08,2.1680763e-10,4.7042175e-08,6.301984e-10,8.0926405e-08
ISIC_0026945,1,0.00058006926,0.99937457,7.576297e-07,2.0914189e-05,1.2941977e-05,4.809305e-08,1.0725471e-05
ISIC_0032183,1,5.383392e-06,0.9999931,3.2922422e-08,8.238073e-09,7.379989e-08,1.207063e-06,2.6118457e-07
ISIC_0029322,1,7.708177e-06,0.99998343,4.691008e-07,5.7941523e-09,7.935229e-06,2.6964126e-09,4.329496e-07
ISIC_0029449,1,3.575551e-07,0.9999958,2.5634161e-08,6.6485706e-10,2.5226109e-06,1.08188075e-07,1.1393308e-06
ISIC_0026906,1,3.5964822e-06,0.9999957,1.2946977e-08,2.0142856e-09,1.4182127e-07,5.071298e-09,5.171928e-07
ISIC_0026252,1,1.35104266e-08,0.9999926,5.93407e-06,5.0928355e-07,1.9869603e-07,5.2552163e-09,7.883576e-07
ISIC_0025997,1,2.0236967e-05,0.999979,4.3503533e-07,8.6925694e-10,4.19036e-08,2.4339724e-07,2.3244038e-08
ISIC_0028422,1,6.883632e-08,0.9999989,2.8344105e-09,3.8142073e-07,3.8460144e-07,2.0661199e-08,2.8162125e-07
ISIC_0028695,1,1.6709073e-07,0.99997604,2.335943e-05,2.744427e-07,1.2317619e-07,2.2348168e-09,9.980898e-08
ISIC_0030614,1,1.0700345e-09,0.99999976,1.7322848e-09,3.189415e-11,1.8651181e-07,7.64652e-10,6.423241e-10
ISIC_0031116,1,8.9256037e-07,0.9999989,9.445846e-09,1.5941773e-10,1.3772669e-07,1.188582e-11,8.86596e-08
ISIC_0030357,1,9.1106267e-07,0.99999905,3.8474307e-11,3.8409254e-12,5.0950522e-08,1.952589e-11,3.103697e-08
ISIC_0026678,1,4.768056e-06,0.9999033,8.778823e-05,1.8116211e-07,6.6425406e-07,6.4517724e-09,3.2426597e-06
ISIC_0026527,1,1.3080383e-08,0.9999989,1.951128e-09,6.7606684e-12,1.0208049e-06,2.1621294e-09,5.2907144e-08
ISIC_0032004,1,6.775534e-07,0.99994206,3.8778373e-05,1.1558809e-05,2.355135e-06,3.5655235e-06,9.260633e-07
ISIC_0027225,1,2.2968967e-05,0.9910381,1.1232656e-05,1.3500126e-06,0.00857008,7.191176e-08,0.00035622713
ISIC_0030154,1,1.03383364e-07,0.9999999,2.25355e-09,2.4530421e-12,1.453642e-09,3.3417477e-10,2.7242393e-08
ISIC_0028284,1,4.1238084e-09,0.9999994,4.7754178e-08,1.8655515e-09,3.735719e-07,1.5300132e-09,1.3208533e-07
ISIC_0027304,1,3.013459e-06,0.99999654,4.6822066e-09,1.9442737e-08,8.1736225e-08,1.022862e-07,2.0173576e-07
ISIC_0029168,1,0.00087371893,0.99912626,8.904964e-11,2.00916e-12,7.8662283e-13,5.958182e-10,7.48793e-10
ISIC_0025685,1,1.1903791e-06,0.99482864,2.7938493e-06,7.074497e-08,0.0051664505,5.2190916e-07,3.599942e-07
ISIC_0026537,1,1.662259e-06,0.9845771,1.2098308e-05,2.199473e-07,0.015407599,7.0426736e-08,1.1542078e-06
ISIC_0031343,1,1.0130871e-05,0.99859184,1.5966484e-07,1.17850455e-07,0.0013963981,4.9834725e-08,1.3473887e-06
ISIC_0027962,1,5.491113e-06,0.9999937,3.8628922e-09,5.8326988e-09,7.738029e-07,1.059252e-08,4.1074284e-08
ISIC_0029307,1,1.0272362e-09,1.0,3.597521e-11,7.113808e-12,2.7116581e-08,1.8558335e-11,1.1827504e-08
ISIC_0027325,1,4.254086e-11,0.9999981,1.36115315e-08,2.2755167e-10,1.9284491e-06,6.104437e-10,3.3719703e-09
ISIC_0025147,1,4.7087266e-05,0.99981564,4.4101892e-08,3.3724483e-09,0.00012738867,4.3449866e-09,9.809332e-06
ISIC_0029423,1,0.00055861275,0.96362543,0.00039588576,6.807424e-08,0.035027757,4.343358e-05,0.00034876142
ISIC_0024456,1,4.3486325e-06,0.9984358,2.6650749e-05,4.347204e-07,0.0015266417,1.179938e-06,4.8900442e-06
ISIC_0025890,1,3.708467e-09,0.9999981,5.035246e-08,3.2799484e-08,1.8334406e-06,7.504559e-11,3.9471986e-09
ISIC_0024488,1,3.4502211e-06,0.99945647,1.4304329e-05,9.8398605e-06,0.00051341514,4.711054e-07,1.979571e-06
ISIC_0031120,1,1.6734383e-09,1.0,4.066434e-09,4.8352674e-13,1.8076875e-08,7.1876446e-13,3.3815456e-10
ISIC_0026683,1,4.747003e-09,1.0,8.788893e-11,4.4011357e-12,8.522363e-09,7.1932985e-12,1.3795009e-08
ISIC_0030613,1,4.9934183e-08,0.99999714,3.1378556e-07,1.4549778e-09,2.2935849e-06,5.1324772e-08,1.5761407e-07
ISIC_0026896,1,2.2923662e-06,0.9999882,1.2563473e-07,4.266491e-08,1.7230032e-06,7.3845076e-06,3.1369393e-07
ISIC_0027378,1,4.440483e-07,0.9999993,2.4826974e-10,7.1462233e-12,2.4427596e-08,6.8700685e-09,3.032273e-07
ISIC_0029517,1,2.0908507e-07,0.99998665,9.0005564e-08,7.158332e-11,1.30639855e-05,3.3792215e-08,4.6967843e-09
ISIC_0025290,1,5.8456308e-06,0.9999887,1.0957302e-08,2.827289e-11,6.57441e-07,4.506655e-06,3.3177497e-07
ISIC_0031635,1,1.0654144e-07,0.99998426,9.8223985e-08,4.611718e-07,1.2070765e-06,3.5231665e-07,1.3432877e-05
ISIC_0030042,1,6.3107575e-05,0.9999368,7.6632667e-10,2.7812514e-12,1.2309369e-10,3.4590167e-10,1.9063433e-08
ISIC_0026747,1,6.191385e-09,0.9994179,1.3601914e-07,8.8798245e-08,0.0005815243,3.6665558e-08,3.378941e-07
ISIC_0029006,1,1.7018095e-06,0.9999969,9.785455e-09,1.0729708e-08,8.5269966e-07,8.5507054e-08,3.9331965e-07
ISIC_0029806,1,5.7932226e-10,0.99999905,1.8956293e-10,2.0444221e-12,9.88653e-07,2.606939e-11,3.7263383e-09
ISIC_0030863,1,8.934473e-09,0.99998605,1.3742608e-08,6.713091e-08,5.521054e-06,7.819083e-06,4.1986604e-07
ISIC_0027682,1,5.0808535e-07,0.99999833,2.8666385e-09,4.9876457e-12,5.3083517e-11,1.0270833e-06,3.1863145e-08
ISIC_0029171,1,5.076651e-07,0.9934541,0.00017386295,1.5479323e-05,0.006325422,1.7472705e-05,1.3096202e-05
ISIC_0029485,1,1.1123672e-06,0.99999845,8.507778e-10,2.7001934e-10,1.296397e-07,3.5144527e-08,3.1085514e-07
ISIC_0032479,1,1.2747191e-05,0.9999459,2.73778e-07,6.625648e-08,4.021583e-05,6.019496e-07,2.1797864e-07
ISIC_0031525,1,3.6387519e-06,0.99992144,6.895382e-05,1.5157272e-07,2.8760692e-06,2.3370642e-06,5.61731e-07
ISIC_0028667,1,2.3608852e-06,0.99999654,6.399219e-09,1.9364971e-07,1.2089039e-07,1.8185669e-09,7.630983e-07
ISIC_0026191,1,2.0899432e-07,0.9944354,1.6798693e-07,5.2397183e-08,0.0055381954,2.407624e-05,1.936065e-06
ISIC_0025704,1,2.1847532e-06,0.9999832,2.7007445e-06,1.768169e-06,8.540356e-07,6.5444596e-07,8.654549e-06
ISIC_0031764,1,7.153943e-08,0.99999166,2.4323024e-09,6.3232655e-11,8.313953e-06,1.4650184e-11,6.774545e-09
ISIC_0026065,1,2.0504986e-08,0.9999206,7.764588e-06,3.514658e-10,7.125218e-05,1.0128352e-07,2.5661427e-07
ISIC_0026007,1,6.994806e-06,0.999992,3.1291108e-07,9.278793e-11,2.3075641e-08,9.3907575e-09,6.0868996e-07
ISIC_0026259,1,3.9799378e-08,0.9999989,1.3221645e-09,1.988857e-11,7.965039e-07,2.5623912e-09,2.1103845e-07
ISIC_0031128,1,3.4524196e-06,0.9999902,3.8679536e-06,7.174512e-08,2.193489e-06,1.1719863e-09,1.015066e-07
ISIC_0029968,1,1.4841648e-06,0.9999864,1.5741033e-07,2.6311335e-11,1.1499397e-05,1.0361703e-08,3.9003746e-07
ISIC_0030529,1,8.8281675e-09,0.99959785,1.8864972e-06,2.0867387e-06,0.00037255598,3.3288002e-06,2.224365e-05
ISIC_0030984,1,1.1906895e-07,0.9999994,3.7645684e-08,8.125668e-10,3.5149938e-07,4.8359565e-09,7.225403e-08
ISIC_0026695,1,3.731764e-07,0.99999964,1.5713454e-12,2.341872e-10,5.004734e-10,1.7789797e-11,6.179385e-10
ISIC_0029903,1,5.993308e-06,0.9999876,1.8775647e-07,1.9726187e-08,5.0183576e-06,7.252446e-07,4.4983088e-07
ISIC_0024455,1,1.2265613e-07,0.99999833,7.1242795e-08,5.6233074e-10,5.6285288e-08,7.372356e-09,1.4547973e-06
ISIC_0025259,1,1.1829275e-06,0.9999988,4.5127638e-10,1.3147672e-11,1.5460322e-09,2.0790401e-10,3.5894548e-08
ISIC_0026975,1,3.6584007e-07,0.99687696,0.0030923728,1.9044759e-08,2.8367049e-05,3.8448312e-07,1.5546416e-06
ISIC_0031391,1,4.4449416e-06,0.99998283,7.2827957e-09,1.0201406e-09,1.1557836e-05,1.1314048e-07,9.980342e-07
ISIC_0027228,1,2.69439e-08,0.9999802,3.4889087e-08,1.2521081e-10,1.8993695e-05,3.2803595e-08,7.5097597e-07
ISIC_0027885,1,1.429766e-09,1.0,2.984259e-11,1.2028537e-10,1.9848716e-08,8.2147814e-13,8.441973e-09
ISIC_0026469,1,4.3972907e-08,0.9999765,6.414513e-09,5.1466654e-11,2.3397699e-05,1.0983633e-09,7.288479e-08
ISIC_0029758,1,3.969255e-07,0.99999046,2.5987094e-06,9.974325e-08,6.2288926e-08,6.000568e-07,5.741544e-06
ISIC_0029103,1,1.0121952e-05,0.99992454,1.0309194e-05,9.01917e-09,3.2613912e-05,1.0698439e-05,1.16236715e-05
ISIC_0026143,1,4.714227e-11,1.0,1.8415593e-08,1.5074041e-11,1.9910056e-09,1.689054e-10,1.0135122e-08
ISIC_0027660,1,1.34069e-07,0.9999969,1.0724934e-09,7.812556e-10,1.0630185e-07,8.33358e-08,2.7627968e-06
ISIC_0024589,1,1.7051016e-07,0.99999976,8.988215e-09,1.8227433e-09,6.523446e-10,2.2958548e-09,2.6023232e-09
ISIC_0027013,1,1.314989e-05,0.9999851,6.725276e-07,1.2187921e-09,3.8416252e-07,6.3529694e-07,8.805605e-08
ISIC_0029383,1,0.00056990155,0.99939275,8.390018e-06,2.673209e-05,3.6595047e-08,2.6515838e-07,1.9628892e-06
ISIC_0032121,1,9.263815e-09,0.9999968,1.3607737e-06,3.7080536e-08,1.7921559e-06,8.130628e-09,1.14973226e-07
ISIC_0024388,1,2.2180338e-08,0.999941,2.6383208e-07,6.763196e-07,5.7929952e-05,2.13083e-08,1.2999473e-07
ISIC_0026499,1,0.0002526703,0.9997009,6.3561566e-07,6.6233613e-10,4.5464243e-05,5.6382716e-09,3.6949652e-07
ISIC_0024866,1,0.012947827,0.98704755,1.9608348e-07,7.761241e-08,1.5453768e-08,3.7246657e-06,5.609312e-07
ISIC_0029858,1,1.8848992e-05,0.999979,1.9406162e-08,7.345479e-08,2.5794836e-07,1.1675562e-06,5.3510206e-07
ISIC_0029925,1,6.1805777e-06,0.99998844,4.4786283e-08,6.209929e-10,3.7137628e-08,4.072777e-06,1.2176897e-06
ISIC_0032137,1,7.2047783e-07,0.99998415,9.212073e-07,2.770252e-06,1.0918257e-05,2.0885893e-09,5.922359e-07
ISIC_0028875,1,7.835493e-08,0.99994063,9.00625e-09,4.5731037e-09,5.911555e-05,7.439502e-10,2.1591187e-07
ISIC_0025998,1,8.382748e-08,0.99999535,1.3148994e-09,4.9751484e-11,4.5001393e-06,6.092242e-10,9.945891e-09
ISIC_0027943,1,1.8563552e-09,0.99999964,1.2137982e-10,3.4800023e-09,2.5618607e-07,2.484528e-09,1.280291e-07
ISIC_0028778,1,2.3309626e-06,0.99989176,2.0159607e-08,1.4341838e-08,9.522052e-05,9.8962175e-08,1.0496602e-05
ISIC_0029399,1,2.6143389e-06,0.9997955,1.2834762e-06,3.8523456e-07,7.3837364e-05,0.00011760689,8.8497045e-06
ISIC_0029663,1,1.1379687e-07,0.99999976,4.3872874e-09,2.7845117e-11,5.930774e-08,1.7572274e-12,3.6363563e-09
ISIC_0032377,1,1.1474845e-07,0.9999968,1.1999586e-09,3.8274252e-11,5.330711e-09,3.0418657e-06,3.754297e-08
ISIC_0030163,1,3.8133763e-10,1.0,2.3971386e-10,4.200885e-11,2.05984e-10,4.5412018e-14,8.849774e-10
ISIC_0025408,1,6.061029e-09,0.99999094,2.9711708e-10,7.099135e-11,8.9869145e-06,4.8603627e-10,1.902353e-08
ISIC_0027081,1,2.0536e-05,0.99997807,3.478867e-08,9.547967e-10,2.1623026e-07,1.3213183e-08,1.1524711e-06
ISIC_0031884,1,5.192893e-07,0.99998903,1.1789739e-06,7.2130246e-10,8.895574e-06,4.1436983e-09,3.1859554e-07
ISIC_0026860,1,1.5061046e-08,0.9999999,4.2902012e-10,2.2370855e-11,1.4458111e-09,7.1923e-11,1.4197181e-07
ISIC_0026507,1,4.7965987e-08,0.99999034,4.3647765e-09,5.50608e-10,9.629215e-06,1.7600674e-10,4.2122736e-09
ISIC_0026486,1,5.3753007e-07,0.99999344,2.0591178e-06,1.7800303e-08,1.2738811e-06,2.601487e-06,1.0233604e-07
ISIC_0027092,1,4.1536114e-06,0.999846,3.7938882e-08,2.956816e-07,0.00013080331,1.2107606e-05,6.618508e-06
ISIC_0032053,1,0.000104793085,0.99989414,8.743615e-09,5.2652476e-11,2.1593578e-07,6.132975e-07,2.6248313e-07
ISIC_0030379,1,1.9585521e-07,0.9999993,2.8230758e-09,1.1289493e-08,1.9422858e-07,1.7019179e-09,3.007006e-07
ISIC_0032216,1,5.3011167e-06,0.99999475,2.3222878e-11,1.7913667e-13,8.0152784e-10,6.7896996e-13,1.5537268e-09
ISIC_0030213,1,3.9941938e-07,0.9999653,2.6064745e-10,6.7927135e-09,3.3802313e-05,2.944592e-09,5.3258634e-07
ISIC_0031729,1,5.844837e-05,0.9999162,2.835017e-07,8.642236e-09,6.0159796e-06,1.2933539e-05,6.091615e-06
ISIC_0025923,1,4.0009154e-06,0.9997732,2.0616446e-06,6.160463e-05,3.471868e-06,2.109176e-05,0.00013456395
ISIC_0028140,1,2.3663055e-05,0.9999757,3.103433e-09,3.6377703e-11,6.106088e-08,5.8120327e-07,1.711743e-08
ISIC_0027193,1,4.7102294e-10,1.0,1.43998095e-11,4.5527e-11,2.3169664e-09,6.239612e-10,6.5613115e-09
ISIC_0026257,1,8.643149e-08,0.99980205,1.6457156e-07,1.0491071e-08,0.00019766913,3.0265632e-08,6.6765644e-08
ISIC_0031370,1,1.2112062e-06,0.99988353,5.8083916e-08,1.1299904e-08,0.00011520063,8.310648e-09,3.8920717e-08
ISIC_0031914,1,1.62703e-07,0.9998337,1.3965905e-07,2.4844996e-07,0.0001649293,4.222481e-09,8.559234e-07
ISIC_0028855,1,1.8937046e-08,0.9999969,7.1859785e-09,3.7028154e-09,1.434444e-08,5.3670032e-08,3.031828e-06
ISIC_0029710,1,0.002679193,0.9973205,3.6229302e-08,6.507154e-08,6.029264e-09,1.4143883e-08,2.3995793e-07
ISIC_0030330,1,2.852797e-07,0.98855877,3.8425795e-05,1.804075e-05,3.174713e-05,0.011317907,3.4862318e-05
ISIC_0029852,1,1.2250307e-07,0.9999999,4.7334536e-11,4.632929e-12,3.3775955e-09,5.567224e-10,8.668301e-09
ISIC_0026750,1,2.5455395e-07,0.99999726,2.0173735e-08,7.829345e-09,2.3936236e-06,2.5977132e-10,6.474079e-08
ISIC_0032403,1,2.8438427e-08,0.9999981,4.0600575e-08,3.380701e-10,1.7883731e-06,5.806182e-10,3.726777e-08
ISIC_0029949,1,1.667875e-08,0.99999976,1.1325084e-08,5.982727e-09,2.384508e-07,4.2158962e-10,2.6473113e-08
ISIC_0025920,1,6.291133e-08,0.9998946,6.6144414e-05,5.562194e-09,1.9118595e-08,1.2789181e-05,2.6333852e-05
ISIC_0028055,1,7.7746944e-07,0.99999917,1.4641209e-08,2.2960219e-11,1.13982574e-08,3.5419886e-10,2.1252093e-09
ISIC_0026535,1,3.3136465e-07,0.9999995,1.553012e-08,3.6906655e-11,1.2705347e-07,1.13250256e-10,1.4688905e-08
ISIC_0026602,1,4.2291485e-06,0.9999957,8.547821e-09,1.6451451e-12,1.172067e-08,1.20207915e-08,6.258767e-09
ISIC_0029732,1,2.6416587e-09,0.9999989,1.2822224e-08,8.614072e-08,6.951784e-07,1.647175e-09,2.316699e-07
ISIC_0032416,1,5.6525677e-09,0.99999404,1.5540334e-06,6.084938e-11,2.8834185e-08,9.843552e-09,4.337094e-06
ISIC_0029587,1,0.00024584393,0.9997352,1.6476713e-08,9.9427915e-09,1.8871982e-05,8.374762e-09,1.2985797e-07
ISIC_0026685,1,9.9172226e-08,0.99999213,7.489736e-09,1.1005151e-09,7.552393e-06,4.8435492e-08,2.0154046e-07
ISIC_0026724,1,2.0713875e-05,0.9999641,3.7628507e-07,5.451771e-11,1.1921258e-05,2.7301903e-07,2.574816e-06
ISIC_0032386,1,0.0001183992,0.99987984,1.8343236e-08,3.6617334e-09,1.6295036e-06,3.5743861e-09,6.074536e-08
ISIC_0026392,1,9.982445e-09,0.9999999,1.59377e-08,1.716128e-09,1.1471877e-08,2.9408783e-08,1.1985041e-07
ISIC_0032275,1,3.0949465e-08,0.99936754,8.4648455e-08,2.2861548e-06,0.00063002243,1.6321007e-09,2.5543745e-08
ISIC_0029365,1,9.805008e-08,0.9999918,9.938167e-07,4.8006297e-09,1.3258365e-06,5.6711056e-06,5.4064596e-08
ISIC_0028278,1,6.897428e-09,0.9998616,1.7102447e-07,1.549838e-09,0.0001381369,4.8082427e-09,7.590837e-08
ISIC_0027687,1,6.596745e-08,0.9999951,1.8325511e-09,5.39954e-09,3.5733276e-06,8.3442336e-07,3.7943187e-07
ISIC_0025728,1,1.5725456e-07,0.9999995,2.564927e-08,1.4535266e-07,9.787931e-08,6.8338263e-10,4.0882796e-08
ISIC_0026066,1,0.00046444495,0.99952126,2.184197e-07,1.19112514e-07,2.0721454e-07,2.5552976e-07,1.3507555e-05
ISIC_0030178,1,1.2883793e-05,0.99998677,2.0305123e-08,1.1737893e-10,3.2319328e-08,1.2928508e-07,1.287232e-07
ISIC_0028382,1,0.0013256435,0.9986683,2.1476387e-07,4.479597e-08,3.7299587e-06,3.8974738e-07,1.7209372e-06
ISIC_0026082,1,0.0005122111,0.99946326,3.1338396e-07,1.4505092e-06,6.62846e-06,3.9392827e-07,1.5812626e-05
ISIC_0032032,1,2.4878947e-08,0.99999917,9.8646765e-08,2.406412e-11,6.7118003e-07,1.35998155e-08,3.2094217e-08
ISIC_0029380,1,2.7280954e-05,0.99992216,1.699035e-07,3.9592645e-09,7.792336e-08,4.9495247e-05,8.6823786e-07
ISIC_0025462,1,6.155529e-05,0.99989796,1.48026165e-05,4.576438e-07,8.53583e-06,7.9886763e-07,1.585908e-05
ISIC_0028432,1,1.865105e-08,0.9999827,8.696848e-06,2.6896879e-12,6.571421e-06,3.1273066e-09,2.0491088e-06
ISIC_0024320,1,2.7524553e-08,0.9999739,1.205108e-05,7.505623e-07,1.3046017e-05,1.56372e-08,2.459372e-07
ISIC_0025586,1,1.3184644e-05,0.9999858,2.0525183e-08,4.618399e-10,6.488616e-08,1.1896342e-08,8.80449e-07
ISIC_0026418,1,5.509032e-07,0.9999802,3.2546107e-10,4.169924e-11,1.9207071e-05,1.902247e-10,3.1528018e-08
ISIC_0026102,1,2.1545596e-08,0.9999988,2.3547258e-07,2.9203426e-09,9.3829794e-07,2.7427816e-08,2.5509326e-08
ISIC_0031262,1,2.5349613e-07,0.9999994,8.3397617e-10,4.645847e-08,1.2902584e-07,5.0739995e-08,2.6505126e-07
ISIC_0027993,1,0.0002784659,0.9996543,8.88317e-06,2.3305843e-10,5.743713e-05,1.5991713e-08,9.128703e-07
ISIC_0024613,1,3.1704633e-06,0.999992,1.5635224e-07,1.4560238e-11,4.394219e-06,3.2973127e-10,3.037009e-07
ISIC_0026667,1,0.0003306542,0.9996636,9.945517e-08,1.6541987e-10,2.0990694e-06,3.4947927e-06,1.2655774e-07
ISIC_0025770,1,1.5203598e-06,0.9999981,1.4451044e-07,9.144552e-10,1.8655465e-08,6.167418e-08,8.643509e-08
ISIC_0032224,1,2.580117e-08,0.99999905,1.3006726e-07,4.515419e-09,7.794589e-07,1.8793067e-10,1.9092823e-08
ISIC_0027804,1,1.648916e-05,0.99997103,1.1360411e-08,5.588948e-10,1.2138719e-05,1.06483355e-07,2.625203e-07
ISIC_0028996,1,8.0889674e-07,0.99999905,4.8715325e-09,5.9424916e-11,3.2273892e-08,6.1826033e-09,8.3816275e-08
ISIC_0031840,1,4.588189e-09,0.99999917,5.215249e-09,2.0801277e-10,2.2039876e-07,2.2022245e-11,5.6398306e-07
ISIC_0028740,1,1.15383125e-08,0.9999988,2.9974476e-09,4.6040727e-09,1.1446119e-06,2.509423e-10,5.032175e-09
ISIC_0029681,1,1.1297655e-05,0.99925596,1.4249026e-06,2.992333e-06,0.00072764314,2.8980608e-07,4.1719545e-07
ISIC_0028206,1,7.3097107e-07,0.99999905,1.9965978e-09,2.4181365e-10,1.321793e-07,2.076337e-11,6.989834e-08
ISIC_0024785,1,0.00057243695,0.9994267,3.303848e-08,4.043302e-10,6.5321774e-07,9.475966e-08,2.0432836e-08
ISIC_0025566,1,1.9255883e-07,0.99999976,1.01076585e-10,1.1059077e-10,9.7006e-08,9.527317e-12,4.5783666e-09
ISIC_0024347,1,6.388791e-05,0.9978308,1.1254285e-06,3.9608128e-10,0.0020857565,6.929157e-08,1.8283237e-05
ISIC_0029692,1,2.610792e-06,0.99999714,1.4884763e-09,5.802022e-11,1.2726757e-07,1.9392249e-10,8.281261e-08
ISIC_0028717,1,5.784807e-09,0.99960536,2.02082e-10,2.10099e-08,0.00039458048,1.8495385e-09,3.272151e-08
ISIC_0024413,1,1.4768469e-06,0.9999236,3.892857e-07,1.8370482e-11,5.3663825e-05,1.354384e-07,2.0749098e-05
ISIC_0031058,1,7.7614226e-07,0.9997861,7.3389543e-07,1.287945e-07,0.00020649574,2.4410608e-06,3.4229886e-06
ISIC_0029114,1,9.2894203e-10,0.9999975,2.8936817e-08,5.5104244e-11,2.4826743e-06,4.775633e-13,4.161276e-09
ISIC_0031538,1,4.812423e-05,0.98631394,6.75935e-08,3.7935519e-07,0.01362265,2.5866235e-08,1.4860497e-05
ISIC_0026204,1,3.1300594e-08,1.0,1.3810061e-09,1.959051e-12,1.8001953e-10,1.5314118e-10,1.8362271e-09
ISIC_0028753,1,2.9919192e-11,1.0,1.6071512e-10,2.3236976e-13,2.3043059e-08,1.2688526e-12,6.5149095e-09
ISIC_0032351,1,2.6451928e-06,0.9998609,1.3578226e-06,3.9774517e-07,0.00013091046,3.0089137e-07,3.4407587e-06
ISIC_0029144,1,1.6251002e-08,0.9999988,1.8384591e-07,3.3131592e-10,5.668834e-09,7.308461e-09,9.866823e-07
ISIC_0030939,1,4.7545704e-08,0.99999404,7.6343596e-08,3.5325198e-09,5.880043e-06,2.3751796e-09,7.665332e-09
ISIC_0030212,1,0.00035562358,0.9995988,4.0054644e-07,1.2208056e-07,1.0139505e-06,1.5150958e-08,4.407129e-05
ISIC_0026662,1,1.1173192e-07,0.9999987,2.530714e-08,8.565325e-09,7.520577e-07,1.2678235e-07,3.5067984e-07
ISIC_0029136,1,3.9287014e-09,0.9999912,1.08149194e-07,4.302138e-09,8.569065e-06,4.7128057e-09,9.3660866e-08
ISIC_0024905,1,3.269551e-08,0.5438879,2.4998137e-08,4.4819128e-08,2.653239e-07,0.45610216,9.516483e-06
ISIC_0030686,1,0.00021929295,0.9989793,0.0006087865,0.000108412314,2.6419631e-08,1.5716245e-07,8.406803e-05
ISIC_0026627,1,1.878853e-08,0.99995494,6.004568e-09,2.47405e-10,3.883833e-06,2.0829898e-06,3.90743e-05
ISIC_0030506,1,4.435475e-06,0.999928,1.311999e-05,7.0914393e-06,2.5124078e-05,9.024946e-06,1.3263445e-05
ISIC_0032122,1,1.8187636e-07,0.99999976,4.948145e-10,2.3834654e-10,1.5113149e-09,5.7223635e-09,8.510244e-09
ISIC_0029186,1,2.933705e-07,0.99999964,8.087626e-08,5.1727152e-08,2.2365805e-08,3.9672233e-08,1.4776044e-08
ISIC_0029304,1,1.2632432e-06,0.99994946,1.0172263e-07,1.9210693e-05,2.7198308e-05,2.4670394e-06,2.7438514e-07
ISIC_0028269,1,9.038466e-07,0.9999511,4.5121265e-10,1.2067457e-09,4.756433e-05,4.8053106e-08,4.5374853e-07
ISIC_0031075,1,1.4985027e-06,0.9999981,9.040911e-10,1.6311053e-11,4.08832e-08,2.7448941e-08,3.2009225e-07
ISIC_0029960,1,7.252181e-07,0.99965835,3.0613162e-07,0.00014881887,0.00018243094,7.992497e-06,1.3972773e-06
ISIC_0030716,1,8.120708e-06,0.99999034,7.228316e-08,1.33681e-09,5.854576e-07,6.3862853e-07,3.184693e-07
ISIC_0027330,1,2.7435988e-07,0.99999857,2.0312877e-08,5.269229e-09,1.013913e-06,1.8670246e-08,8.9929756e-08
ISIC_0026985,1,3.5717207e-09,0.99997306,3.939753e-08,2.980105e-08,2.6041856e-05,3.3620924e-07,5.344079e-07
ISIC_0031214,1,3.817758e-08,0.99999905,1.6716919e-07,3.1786808e-08,7.053678e-08,2.981183e-08,6.547304e-07
ISIC_0031073,1,2.936177e-09,0.9999931,3.810909e-09,6.0828204e-11,4.8376006e-07,1.2885924e-07,6.3088764e-06
ISIC_0024633,1,3.2923907e-07,0.99999857,1.516228e-08,1.0855214e-11,2.0205492e-08,1.9002161e-07,8.548416e-07
ISIC_0029853,1,1.502753e-08,0.9999999,8.343899e-11,5.256657e-13,3.416838e-08,6.125424e-12,2.0026876e-08
ISIC_0024889,1,1.9645138e-07,0.9999993,6.172769e-08,1.3669748e-08,2.883086e-07,3.5523964e-09,1.2199969e-07
ISIC_0028672,1,2.5324074e-08,1.0,4.154837e-10,2.8045667e-13,3.4539498e-09,2.8185476e-09,1.4420163e-09
ISIC_0025502,1,9.44166e-06,0.9999795,1.40278e-07,1.0362837e-08,1.4201056e-06,8.740882e-06,7.689676e-07
ISIC_0026997,1,9.123082e-09,0.9999968,1.1594346e-08,4.9211126e-12,2.794361e-06,3.278095e-07,3.1252295e-08
ISIC_0026164,1,7.050473e-06,0.99999285,8.729297e-09,2.790385e-10,5.7997156e-08,5.0538067e-09,7.669232e-08
ISIC_0028244,1,2.060892e-06,0.9999975,2.331916e-08,3.9510869e-07,2.6739068e-08,1.8721504e-08,1.9261707e-08
ISIC_0025666,1,2.4622698e-06,0.99999607,3.272612e-08,7.492213e-08,3.496685e-08,2.5849398e-09,1.2891206e-06
ISIC_0024438,1,8.292174e-08,0.999998,1.4832473e-07,1.6717522e-07,1.6662122e-08,1.0989239e-08,1.6453359e-06
ISIC_0031274,1,0.0021116443,0.9978884,1.1790851e-08,1.0668144e-09,3.3057238e-11,1.059688e-09,6.2137095e-09
ISIC_0025796,1,4.890589e-06,0.9999831,3.2449492e-07,1.0109726e-06,5.7095367e-06,1.4183071e-07,4.9251685e-06
ISIC_0026434,1,1.8590566e-08,0.9999999,1.8571711e-08,7.205331e-11,5.818726e-08,1.6070345e-10,4.137151e-08
ISIC_0028624,1,2.4380654e-07,0.99999976,4.3922502e-10,3.6377906e-10,4.31208e-10,4.985737e-10,8.52265e-10
ISIC_0029421,1,4.31496e-06,0.999995,1.7854125e-08,1.7029562e-09,5.2317665e-07,3.862107e-10,1.15418835e-07
ISIC_0028892,1,3.324276e-07,0.9999424,1.475745e-07,6.781441e-08,5.6842782e-05,3.375476e-09,1.4135045e-07
ISIC_0030046,1,1.2300032e-07,0.99999857,8.491879e-09,1.1706689e-09,6.1580687e-07,3.1566055e-10,7.02317e-07
ISIC_0026680,1,2.629496e-08,0.9999956,2.2849458e-09,3.8083875e-10,4.1010053e-06,6.77017e-08,1.9696186e-07
ISIC_0027524,1,6.5842294e-05,0.99993134,2.3875715e-09,1.0424455e-10,2.81162e-06,1.6894028e-09,4.8847426e-08
ISIC_0029690,1,6.669051e-06,0.99999106,1.2128247e-07,1.1201796e-09,2.026704e-06,1.5494506e-09,8.923555e-08
ISIC_0029981,1,2.755517e-08,0.999882,7.1992716e-08,7.1401723e-07,0.00011701604,4.3390633e-09,2.2850283e-07
ISIC_0026183,1,1.2485884e-06,0.9917216,0.0070413915,0.00031724948,0.000901213,1.0330851e-05,7.12496e-06
ISIC_0026459,1,3.9243296e-05,0.9992907,0.00038597043,1.4756752e-05,1.0734559e-05,0.00024046056,1.8059913e-05
ISIC_0025282,1,3.6688476e-07,0.9999429,4.1877403e-08,2.0096024e-08,5.5230146e-05,5.2828074e-07,9.37479e-07
ISIC_0029275,1,6.634961e-06,0.99993694,3.837231e-08,7.751641e-08,3.5723258e-06,5.3764356e-06,4.7292717e-05
ISIC_0028697,1,4.0381074e-05,0.9999418,5.8173118e-08,6.2158523e-09,1.708193e-05,5.7872844e-09,6.369298e-07
ISIC_0025202,1,3.9174605e-08,0.99999964,2.2670335e-10,5.8561675e-12,2.467556e-08,1.4629477e-10,3.2735025e-07
ISIC_0026063,1,2.785686e-07,0.9999292,7.7253535e-06,7.60728e-06,5.272971e-05,2.4542672e-07,2.2561874e-06
ISIC_0024966,1,2.5225513e-06,0.9999951,1.2023995e-08,6.203279e-11,2.1946946e-06,6.733975e-09,1.9721249e-07
ISIC_0030254,1,1.9661881e-07,0.99999666,1.9399955e-08,2.0040443e-09,3.0597587e-06,2.8650938e-08,6.266194e-08
ISIC_0029957,1,7.6829474e-07,0.99999774,7.777493e-09,2.3801377e-08,1.1488429e-06,7.540804e-10,3.2381246e-07
ISIC_0030551,1,0.00062251085,0.7279379,1.0461829e-08,1.1646153e-08,0.27143857,1.6137695e-07,8.71259e-07
ISIC_0027864,1,8.716076e-05,0.9999113,4.823896e-09,2.1389013e-09,4.6236676e-07,2.6340166e-07,8.726671e-07
ISIC_0029552,1,1.0098689e-05,0.9996283,2.1175774e-06,1.4872463e-09,1.9480776e-05,0.0003348222,5.1019915e-06
ISIC_0027292,1,1.1558195e-05,0.9999758,4.4430007e-07,3.9660335e-07,8.479422e-06,3.1534933e-07,2.9641217e-06
ISIC_0025010,1,2.3801567e-06,0.9999963,2.1427676e-08,2.2100726e-09,1.0560705e-06,7.5510926e-08,6.778109e-08
ISIC_0031788,1,2.8932736e-06,0.99997556,4.3288674e-07,9.6232604e-08,1.1957329e-05,2.0352306e-07,8.7872e-06
ISIC_0028268,1,3.083474e-06,0.99999654,8.359952e-09,1.19141e-10,1.1291178e-09,2.4334463e-07,1.10561686e-07
ISIC_0028171,1,7.151776e-06,0.9999908,8.509048e-09,1.3344624e-08,3.2815035e-07,1.4481946e-06,2.0268843e-07
ISIC_0029535,1,5.717261e-08,0.9999999,4.2817017e-09,4.938359e-10,4.62387e-09,7.450974e-11,8.849445e-08
ISIC_0024485,1,2.6235957e-06,0.99831796,4.99416e-06,4.653673e-05,0.0016103492,2.5452343e-06,1.508989e-05
ISIC_0031983,1,1.9020197e-08,0.9999894,1.9032933e-08,1.3697971e-06,8.957372e-06,7.341661e-08,2.1831204e-07
ISIC_0027830,1,4.7427136e-08,0.9999958,3.113713e-08,2.8268904e-10,1.3544219e-06,2.6180854e-07,2.4543217e-06
ISIC_0027430,1,2.8840133e-10,0.99999905,3.5904367e-07,4.023405e-12,2.9893098e-07,6.5002653e-10,2.5260337e-07
ISIC_0029154,1,1.6829356e-08,0.99997866,6.817794e-08,4.9400683e-08,2.0227062e-05,9.4448795e-09,9.981911e-07
ISIC_0030217,1,2.0857787e-07,0.9999993,3.2087583e-10,3.6641201e-09,5.0808825e-07,3.9699755e-09,1.4824425e-08
ISIC_0028119,1,3.6663154e-05,0.999962,7.761611e-09,3.389867e-08,1.9575266e-09,1.0558402e-07,1.217618e-06
ISIC_0024390,1,3.602216e-07,0.99958664,8.755375e-09,1.4664502e-09,0.00041294395,2.4748954e-09,9.711134e-09
ISIC_0030992,1,1.6213066e-06,0.9999982,4.2108073e-08,1.9715216e-09,7.5767716e-08,2.0268525e-11,1.1966104e-08
ISIC_0030983,1,2.2081746e-10,0.99999595,4.838503e-10,6.9821497e-12,3.994585e-06,1.3594298e-12,1.1467736e-09
ISIC_0026035,1,1.2601728e-07,0.99999976,1.1727801e-09,1.5447463e-12,5.5246844e-08,8.746828e-12,2.9661138e-09
ISIC_0029173,1,2.1901256e-09,0.9999975,5.3853286e-09,5.334577e-10,4.501662e-07,3.68066e-08,1.9997515e-06
ISIC_0029964,1,3.575986e-05,0.9961157,2.8026776e-05,0.00030182154,0.0035133979,1.1498841e-07,5.165254e-06
ISIC_0029444,1,6.016826e-10,0.9999883,1.6464384e-07,4.7366473e-12,9.4068656e-07,7.0052815e-06,3.5185049e-06
ISIC_0025572,1,1.1826085e-06,0.99998283,3.9105507e-07,7.8966e-07,1.3649691e-05,1.0768696e-06,7.432944e-08
ISIC_0025757,1,0.0037704578,0.99622524,1.3580359e-07,1.1113003e-10,4.85406e-07,1.9342149e-06,1.7639214e-06
ISIC_0029818,1,6.226432e-08,0.9997098,7.1145223e-07,5.717181e-09,3.3272414e-07,9.0093255e-07,0.0002881687
ISIC_0027835,1,9.9668e-06,0.99999,2.7390026e-09,7.8439436e-11,3.5756614e-08,3.7382875e-08,1.6008192e-08
ISIC_0028330,1,1.747752e-05,0.9999814,1.19453105e-08,3.1944513e-08,1.0946278e-06,1.1249477e-09,3.552477e-08
ISIC_0032488,1,9.0745935e-08,0.9999963,2.1183904e-07,1.6683401e-08,3.2580608e-06,2.0520503e-08,1.8377024e-07
ISIC_0025538,1,6.7039423e-06,0.99993443,1.7911616e-07,2.2137044e-06,4.715492e-05,9.211927e-06,1.2148719e-07
ISIC_0024353,1,3.1900407e-07,0.99995923,4.835721e-07,7.258485e-08,6.8800546e-07,3.9038077e-05,1.5677982e-07
ISIC_0030727,1,1.5119339e-07,0.98940593,8.702487e-07,2.6166924e-06,0.010378253,1.5794953e-08,0.0002122292
ISIC_0030719,1,0.000101239784,0.9990013,3.8750423e-07,1.5478093e-07,0.00089592644,2.2663544e-08,9.681837e-07
ISIC_0026472,1,1.0916288e-05,0.9997638,9.300549e-07,9.719009e-09,2.0791513e-09,0.00022377665,5.295494e-07
ISIC_0029442,1,4.72905e-06,0.9999268,5.406524e-05,1.7599866e-07,6.7131673e-06,2.1589095e-07,7.374477e-06
ISIC_0026004,1,2.2492603e-09,1.0,1.886539e-09,1.10034527e-13,1.2186807e-08,2.0968608e-13,9.618238e-10
ISIC_0025694,1,5.048192e-07,0.9996594,8.263912e-06,3.2713838e-09,0.00033057272,1.04491235e-07,1.1390149e-06
ISIC_0025232,1,2.1812594e-09,0.99999976,1.0258287e-08,4.4370793e-10,1.4132351e-07,5.6690277e-11,1.0849702e-07
ISIC_0026307,1,2.7034142e-07,0.99999976,2.1860064e-10,2.6189284e-10,1.2922087e-08,1.3499523e-12,4.1216927e-10
ISIC_0030917,1,1.147135e-07,0.99999917,7.4214845e-10,3.482451e-09,2.7438622e-07,1.9278876e-07,2.3885167e-07
ISIC_0029477,1,6.542911e-06,0.9777313,2.5754932e-07,9.763512e-07,0.022257699,2.4973e-06,8.1718434e-07
ISIC_0030637,1,3.8809985e-06,0.99580425,2.3806757e-07,1.0961129e-06,0.004190148,2.0553939e-08,4.413328e-07
ISIC_0028471,1,3.5027762e-07,0.99999833,4.5804476e-09,2.1084308e-10,1.3869306e-08,9.429112e-10,1.3354082e-06
ISIC_0028251,1,5.027137e-07,0.9999994,6.159658e-11,1.8355447e-11,6.6627294e-08,4.0032346e-09,3.7741806e-08
ISIC_0028940,1,8.397892e-08,0.99999785,6.70074e-07,6.1428716e-11,1.2317861e-06,2.9739214e-08,2.1815299e-07
ISIC_0026879,1,3.2003436e-07,0.99999356,2.5721995e-06,2.678673e-07,3.1562079e-06,1.1017859e-08,1.8243946e-07
ISIC_0029437,1,7.879092e-07,0.99998534,1.2213465e-07,7.2716644e-10,1.3536968e-05,5.56618e-09,2.0340882e-07
ISIC_0031765,1,1.9602087e-06,0.9999802,1.0631198e-06,4.9734776e-08,3.745954e-07,3.1024767e-09,1.6331622e-05
ISIC_0031818,1,1.2388957e-05,0.99970347,1.1609563e-06,6.726354e-08,9.995831e-07,3.0268985e-09,0.00028188826
ISIC_0028458,1,1.005128e-07,0.99999905,1.0538884e-09,4.229854e-09,5.752612e-07,7.8257635e-08,1.0060773e-07
ISIC_0025715,1,0.0015408469,0.99843127,1.0774293e-06,1.9010469e-07,5.627906e-07,3.1454788e-06,2.2901802e-05
ISIC_0031415,1,3.129578e-10,0.99999976,2.224787e-08,3.7145526e-10,9.9397006e-08,1.2630376e-07,8.644393e-09
ISIC_0029910,1,1.3783798e-08,0.9999747,5.8020535e-09,6.3559605e-12,2.5285295e-05,1.6358755e-10,5.0043827e-09
ISIC_0030563,1,5.6445433e-06,0.9999938,3.459691e-07,3.274587e-10,1.0006752e-07,2.459089e-08,6.516574e-08
ISIC_0024914,1,3.6805066e-08,0.99999964,2.831053e-08,2.2557984e-09,9.04535e-08,1.8451798e-08,1.4477605e-07
ISIC_0025595,1,2.117791e-08,1.0,8.289707e-12,4.291155e-12,8.1453644e-10,1.1775928e-09,3.2791483e-08
ISIC_0027424,1,4.981024e-08,0.99999714,8.182612e-08,9.5230966e-08,1.6861605e-06,6.423181e-08,8.1072704e-07
ISIC_0029134,1,1.0943454e-07,0.9999976,7.1909465e-09,4.015731e-09,1.2066241e-06,2.3966542e-09,1.0455036e-06
ISIC_0027532,1,6.308991e-07,0.9999831,1.7188707e-07,1.269624e-10,1.5905918e-05,5.012625e-11,2.4231872e-07
ISIC_0027070,1,3.5170945e-07,0.99999607,2.3994396e-06,2.9251165e-10,2.159441e-08,5.2564515e-11,1.1027001e-06
ISIC_0026732,1,6.1154043e-07,0.9999881,7.4174293e-09,3.9298813e-09,1.1294122e-05,2.4526317e-10,5.688391e-08
ISIC_0030290,1,5.7395596e-06,0.9999213,8.81655e-09,1.9234678e-09,3.5898636e-05,1.0944634e-05,2.609988e-05
ISIC_0026495,1,1.8430658e-08,0.9999156,7.892579e-08,2.0196272e-11,1.3302092e-07,8.3066516e-05,1.1197635e-06
ISIC_0032472,1,6.211565e-07,0.99999857,7.677229e-10,1.4349067e-11,4.531099e-10,8.1657265e-07,1.7713422e-08
ISIC_0030680,1,0.0019907488,0.9980083,2.7491748e-07,1.9121538e-09,6.5139864e-07,1.9226032e-08,2.8003068e-08
ISIC_0027446,1,2.3213167e-06,0.999803,4.11601e-07,9.813558e-08,2.917564e-05,0.00016291343,2.0474417e-06
ISIC_0025098,1,3.486853e-07,0.999038,3.415005e-07,3.516752e-07,0.00096060225,3.4575476e-07,9.502936e-08
ISIC_0027233,1,1.0834443e-07,0.99998665,1.8066844e-08,1.568316e-08,1.317959e-05,1.3039446e-08,8.64041e-08
ISIC_0030678,1,1.9419515e-08,0.9999896,6.407242e-07,4.3559353e-08,9.572194e-06,1.2300377e-09,1.7589076e-07
ISIC_0030055,1,2.9941248e-07,0.9999939,1.5246127e-07,2.051305e-09,4.5034735e-06,7.595353e-10,1.0980468e-06
ISIC_0026851,1,2.6415415e-07,0.9999994,2.6747792e-08,1.1096953e-11,2.7056428e-08,1.5508835e-08,2.2227641e-07
ISIC_0031182,1,4.687052e-06,0.99973434,2.4092262e-07,7.291315e-08,0.00025932444,1.2176195e-06,1.02630835e-07
ISIC_0026894,1,1.5542899e-07,0.9999938,1.2353084e-07,1.1969862e-08,1.3974557e-06,4.8776155e-07,4.0322734e-06
ISIC_0026238,1,2.1463316e-08,0.998638,3.5457192e-06,2.7064326e-07,0.0013543868,1.1059427e-06,2.8016173e-06
ISIC_0024727,1,7.927135e-06,0.9997409,7.892905e-07,4.725459e-07,0.00023564178,2.8285385e-09,1.4212155e-05
ISIC_0024751,1,3.0468746e-07,0.9999975,1.513573e-09,4.384249e-09,2.1400274e-06,8.7761236e-11,1.0366029e-08
ISIC_0025765,1,7.815477e-08,0.99999976,5.0599996e-11,2.2183895e-11,1.0366176e-07,3.1959632e-10,1.6045328e-09
ISIC_0028663,1,3.280595e-05,0.9999571,9.702018e-08,4.1726903e-08,2.2794494e-07,3.239922e-08,9.73247e-06
ISIC_0027381,1,1.3723824e-09,0.9999939,3.350705e-08,5.1779386e-11,6.088894e-06,5.8223096e-12,1.132877e-09
ISIC_0030948,1,5.844162e-08,0.9998814,2.474842e-05,2.5625133e-07,8.9879235e-05,3.557222e-07,3.3705533e-06
ISIC_0025405,1,0.00010745663,0.9998615,7.714773e-08,5.757473e-11,3.0380494e-05,2.0500057e-08,6.2507934e-07
ISIC_0030691,1,1.0600133e-05,0.9999888,1.8722333e-09,1.4232505e-08,5.557219e-07,2.6772975e-08,5.293467e-08
ISIC_0029796,1,5.900377e-07,0.9999963,3.788991e-08,4.5525986e-10,2.9512914e-06,1.4016707e-09,5.8747986e-08
ISIC_0028522,1,1.4776387e-05,0.9998896,3.8720504e-05,1.094008e-07,3.0178774e-07,5.7042115e-07,5.58227e-05
ISIC_0025705,1,9.300492e-06,0.9999907,2.7339714e-10,1.9564155e-08,1.9362418e-09,1.2386996e-11,8.696987e-09
ISIC_0026130,1,5.9151045e-08,0.99999976,1.1028945e-08,5.171825e-09,3.9150777e-08,5.3894683e-10,9.135842e-08
ISIC_0024487,1,2.796755e-06,0.99999285,1.8612725e-07,1.2925731e-10,3.7828836e-06,5.8814603e-08,3.477225e-07
ISIC_0027583,1,2.4141604e-08,0.99999845,2.8587763e-09,2.1399733e-09,4.097338e-08,1.8080802e-09,1.5270199e-06
ISIC_0028112,1,6.505997e-06,0.99999344,3.5621939e-09,1.5059745e-11,6.864877e-10,5.6352008e-09,1.3018411e-08
ISIC_0028641,1,4.161645e-05,0.99991333,3.6579456e-06,1.3244162e-09,1.948791e-05,7.686938e-07,2.1162177e-05
ISIC_0024840,1,1.6130105e-07,0.9999994,1.6307048e-09,1.4263134e-10,8.5793154e-08,6.0996883e-09,2.8913553e-07
ISIC_0031414,1,1.681084e-08,0.9999995,1.4162063e-08,1.0788179e-08,4.3687112e-07,1.542484e-09,1.8025426e-08
ISIC_0030650,1,0.0001438663,0.99983037,7.10974e-08,1.2806628e-07,2.3370843e-05,3.173963e-09,2.12089e-06
ISIC_0029890,1,0.00019176536,0.99980396,2.9378734e-07,8.48706e-11,3.526092e-06,3.732404e-07,9.085974e-08
ISIC_0031356,1,0.00092211715,0.99904233,5.224654e-07,1.3722439e-08,3.4658828e-05,1.5875434e-08,3.513479e-07
ISIC_0031137,1,9.733159e-05,0.9999025,1.2168961e-07,1.3594812e-09,3.5703465e-08,1.6707358e-10,3.8189185e-08
ISIC_0025602,1,2.596172e-07,0.99998677,1.7785517e-07,4.1311216e-07,6.6692604e-07,9.524469e-06,2.1787935e-06
ISIC_0026880,1,2.8964262e-09,0.9999999,8.004438e-11,9.213065e-12,5.131238e-08,2.3289788e-12,1.16982735e-08
ISIC_0032440,1,3.683608e-08,0.9999989,3.10286e-09,1.0469722e-09,1.002863e-06,1.08828585e-10,2.1429939e-08
ISIC_0024341,1,1.18121434e-07,0.9999416,1.0235371e-08,1.0035612e-06,5.6440473e-05,7.3884177e-10,8.360897e-07
ISIC_0025217,1,4.2238294e-06,0.99999416,8.5043915e-08,6.962111e-08,3.28904e-07,8.548003e-07,2.0908385e-07
ISIC_0028402,1,3.6368743e-07,0.99999905,6.452932e-09,3.4014272e-10,1.0284218e-08,4.1940123e-07,9.88006e-08
ISIC_0029376,1,3.5476846e-09,0.9998336,2.4918931e-09,6.541056e-12,0.0001663397,1.3343963e-10,4.1792134e-09
ISIC_0026161,1,5.4560523e-08,0.9999999,5.35647e-10,2.4498134e-10,9.115096e-08,9.020727e-09,2.7936077e-08
ISIC_0028626,1,6.8830204e-08,0.99999964,3.1977984e-10,7.985538e-12,2.8968272e-10,1.6931669e-09,2.4718224e-07
ISIC_0028575,1,3.2270385e-05,0.9999652,1.0207732e-08,1.2350103e-09,8.685618e-07,1.587117e-06,9.24704e-08
ISIC_0028089,1,0.005757705,0.9942239,4.6171007e-07,1.3157972e-07,8.6643746e-07,6.440226e-06,1.05001e-05
ISIC_0027862,1,1.4482899e-06,0.9946418,0.0001711015,6.7326362e-09,0.005001902,0.00015195749,3.1747815e-05
ISIC_0026924,1,1.4886842e-10,1.0,2.0687461e-10,1.4538244e-10,5.1244804e-08,2.0120586e-10,5.514492e-09
ISIC_0031083,1,0.029562356,0.9523606,0.00016220681,0.014392741,6.089517e-05,2.9241433e-05,0.003431926
ISIC_0029673,1,3.4625966e-08,0.9999994,1.2491159e-08,4.1027182e-10,2.480768e-07,4.7507978e-08,2.6568517e-07
ISIC_0026264,1,5.2682126e-06,0.9999424,1.7022963e-06,2.3870143e-06,4.5423258e-05,2.682221e-06,9.800636e-08
ISIC_0028841,1,1.376657e-07,0.9999881,8.951178e-08,1.5043345e-09,6.558972e-06,4.8019197e-06,3.8106973e-07
ISIC_0025385,1,2.3343306e-05,0.9999703,4.086858e-08,1.8913107e-07,2.7959854e-06,5.508773e-07,2.691808e-06
ISIC_0027322,1,2.0321813e-06,0.99999106,3.6138451e-06,1.1094497e-06,2.0037742e-06,3.104412e-08,2.5272928e-07
ISIC_0028379,1,4.915022e-07,0.9999907,8.5878526e-08,3.134701e-09,2.0033378e-06,4.766531e-06,1.9748368e-06
ISIC_0028948,1,4.752501e-05,0.999951,3.2836733e-09,5.7793265e-10,8.1675e-08,1.0508406e-10,1.3479544e-06
ISIC_0030161,1,0.076326996,0.9236725,7.164428e-09,8.210142e-09,2.1035566e-10,2.2909648e-08,5.42574e-07
ISIC_0030218,1,1.8420052e-09,0.9999622,5.531436e-06,1.499702e-05,1.6990805e-05,6.64269e-11,2.023539e-07
ISIC_0030702,1,4.927579e-06,0.9999945,1.09804735e-10,3.6400827e-10,1.3537433e-08,4.1789847e-09,4.8360897e-07
ISIC_0028669,1,0.00012619629,0.99987376,1.3937462e-10,1.5238646e-10,1.3884828e-09,5.90864e-09,7.7844575e-08
ISIC_0031010,1,2.160348e-05,0.9999777,8.855868e-08,3.9050576e-08,8.181435e-09,3.3564262e-08,6.0892046e-07
ISIC_0028835,1,3.0540472e-09,0.9999924,4.7626045e-08,4.35866e-10,7.4313357e-06,1.4682519e-09,9.713544e-08
ISIC_0026010,1,8.516954e-06,0.9999815,6.5939037e-07,7.672787e-08,5.4131015e-06,3.8038877e-08,3.7437503e-06
ISIC_0030632,1,2.760542e-07,0.9999993,5.6499506e-11,1.0463215e-13,2.1717808e-09,8.1702695e-10,4.653289e-07
ISIC_0028047,1,3.952259e-06,0.9998816,2.1324965e-08,1.0402224e-07,1.8512942e-07,0.000113194925,8.8289306e-07
ISIC_0025288,1,4.254759e-09,0.9999989,5.6525038e-11,1.3014446e-10,1.0769928e-06,1.1102235e-12,4.258843e-09
ISIC_0031732,1,1.2697163e-09,0.9999999,3.0162606e-10,1.1185102e-11,1.0414924e-08,1.69634e-11,1.1792279e-07
ISIC_0024759,1,2.572197e-07,0.999997,2.0848084e-08,3.3976127e-11,1.7049157e-06,3.7575396e-10,1.0372412e-06
ISIC_0025329,1,4.728233e-07,0.99885595,0.0011103649,1.8228111e-05,2.0273885e-06,5.3166533e-09,1.2933349e-05
ISIC_0027624,1,2.4770294e-05,0.9999752,1.5140894e-11,2.1207374e-12,2.2282676e-10,1.2762817e-09,3.776874e-09
ISIC_0029737,1,4.6706237e-08,0.99991107,1.0197918e-08,1.5415527e-10,8.864264e-05,1.0289744e-09,2.2729213e-07
ISIC_0029110,1,1.5752574e-05,0.9999839,1.2769505e-07,4.885283e-10,1.4162003e-08,6.570464e-08,1.1568456e-07
ISIC_0025215,1,1.0330134e-07,0.99999964,6.9507317e-10,8.830713e-11,2.543857e-07,5.5820126e-10,3.6501915e-09
ISIC_0026310,1,2.6218888e-08,0.9999937,1.9551317e-07,1.0368134e-10,5.749475e-06,1.2050587e-08,2.8783253e-07
ISIC_0024389,1,8.661577e-08,0.9999958,9.1682224e-08,8.204934e-08,2.261384e-07,3.5913963e-06,5.3161283e-08
ISIC_0029658,1,5.083138e-07,0.9999652,5.9554304e-07,2.3535647e-07,3.0801166e-05,2.0966093e-08,2.6487553e-06
ISIC_0027995,1,8.503312e-08,0.9999988,1.6642764e-08,1.2720898e-10,1.1219262e-06,6.3800775e-12,5.992452e-09
ISIC_0025609,1,2.6189724e-07,0.9999827,3.1033247e-07,2.9648147e-08,1.4794289e-05,1.8748636e-08,1.8840299e-06
ISIC_0029988,1,5.624672e-09,1.0,3.655873e-12,6.5375635e-13,3.7732377e-09,1.6352688e-09,6.7168027e-10
ISIC_0030676,1,4.8593037e-08,0.9999666,1.1095543e-05,4.195076e-11,2.1773134e-05,3.8618134e-10,4.400807e-07
ISIC_0026723,1,2.7414867e-06,0.99998796,5.8468807e-08,2.9518339e-09,4.921451e-06,5.849313e-08,4.2690504e-06
ISIC_0031916,1,8.456958e-09,0.9998871,6.8650277e-09,1.994076e-07,0.000112348505,3.1624017e-09,2.8686966e-07
ISIC_0028754,1,2.6217649e-05,0.9999659,1.8900051e-08,7.090629e-09,4.8473316e-06,9.91015e-09,3.0464544e-06
ISIC_0030090,1,0.00010435542,0.9993893,0.00017109154,5.988888e-06,0.00027034947,4.1978096e-06,5.4719305e-05
ISIC_0030805,1,6.162884e-08,0.999997,5.1216625e-11,2.4553687e-10,4.146791e-07,9.600088e-09,2.4852764e-06
ISIC_0030780,1,2.109812e-07,0.99999845,3.0769862e-09,4.9306903e-10,6.0777533e-10,1.1818512e-06,9.294579e-08
ISIC_0028169,1,1.0509333e-05,0.9999881,3.599225e-09,4.939638e-10,9.4175726e-07,2.2665414e-09,4.6447508e-07
ISIC_0031183,1,6.42187e-07,0.9999993,5.0448194e-11,1.14282014e-10,2.2187079e-09,7.418201e-10,8.28218e-08
ISIC_0031242,1,1.990499e-05,0.999979,1.5266269e-09,4.3471615e-10,6.9823656e-08,6.0589514e-07,3.9571566e-07
ISIC_0027520,1,2.5931593e-07,0.9999995,3.1497795e-08,2.1427109e-10,6.154827e-09,7.388868e-08,1.2861864e-08
ISIC_0031338,1,2.0999427e-05,0.9999635,8.8886e-09,5.270351e-07,7.084491e-08,1.3729705e-05,1.154364e-06
ISIC_0032360,1,1.3498205e-05,0.9999864,2.536863e-09,8.583144e-09,4.4351672e-10,3.888295e-08,5.6638378e-08
ISIC_0028726,1,1.2560503e-06,0.99999547,2.21215e-09,1.4911954e-10,2.9813914e-06,3.7836903e-10,2.4934593e-07
ISIC_0029403,1,8.9583983e-07,0.99986315,6.345221e-05,3.780105e-05,3.276323e-05,6.9636326e-07,1.2209684e-06
ISIC_0028630,1,1.9236439e-05,0.99998033,5.925474e-10,3.1216002e-10,3.898125e-08,8.564416e-09,3.959155e-07
ISIC_0031944,1,5.5844186e-08,0.99996793,9.819158e-06,4.2485013e-07,4.3738237e-06,1.6421835e-05,9.282084e-07
ISIC_0031433,1,2.3127868e-06,0.9999963,1.7336625e-07,6.781826e-10,3.6404595e-07,3.8176452e-08,8.298937e-07
ISIC_0025737,1,7.350599e-07,0.99999917,6.423097e-08,1.2458012e-08,2.6257652e-09,2.4757234e-09,6.3365397e-09
ISIC_0032324,1,0.00021955775,0.99978036,7.504053e-08,1.3476092e-11,6.7890347e-09,4.9481216e-08,2.6303596e-08
ISIC_0028172,1,7.981021e-09,0.999995,2.3750111e-08,2.2146933e-10,4.6363816e-06,2.011498e-08,3.8641136e-07
ISIC_0024419,1,7.0562223e-06,0.99992955,5.3207696e-05,8.836603e-06,1.9589311e-07,1.232529e-08,1.1329064e-06
ISIC_0026969,1,1.5159402e-07,0.9999999,1.8070097e-10,7.81802e-10,4.6705733e-09,4.0626946e-10,5.1667874e-09
ISIC_0025569,1,2.0614943e-06,0.99995387,1.791111e-05,7.800401e-09,6.4024043e-06,5.4664987e-08,1.9701922e-05
ISIC_0029907,1,9.1063055e-05,0.9998622,5.728262e-08,6.532833e-10,2.682965e-08,4.5788463e-05,8.579844e-07
ISIC_0032465,1,1.09255875e-08,0.9999683,1.5485099e-05,2.6168347e-09,3.615064e-07,5.1702025e-09,1.5798032e-05
ISIC_0026943,1,2.5856545e-07,0.9998337,2.2864406e-06,1.8242754e-07,2.4171182e-05,1.7677951e-06,0.00013748539
ISIC_0028605,1,8.040505e-11,1.0,8.0089785e-10,3.2302847e-13,2.0000883e-08,3.198487e-11,3.464561e-08
ISIC_0032077,1,1.575139e-07,0.99999845,7.604749e-07,7.894886e-09,4.4006492e-07,1.6914758e-10,2.1650973e-07
ISIC_0027363,1,9.833689e-07,0.99999857,1.6272308e-08,2.3789278e-08,3.635073e-07,2.3998506e-08,9.956633e-08
ISIC_0029259,1,3.5220268e-08,0.99999976,1.529616e-10,2.1166426e-09,1.624138e-08,2.2451452e-09,1.8505472e-07
ISIC_0026199,1,5.002157e-07,0.99996746,6.6510233e-07,3.2317207e-09,2.6337398e-07,3.0703603e-05,3.3061983e-07
ISIC_0029601,1,2.127673e-05,0.99993885,3.395702e-05,5.978228e-07,1.890401e-06,7.9527396e-08,3.258076e-06
ISIC_0025380,1,7.180792e-07,0.9999987,1.7288798e-09,9.6587485e-09,2.765596e-08,7.023747e-09,5.852475e-07
ISIC_0030753,1,2.4285873e-07,0.9999994,3.2344325e-09,1.2724523e-10,2.8861703e-07,1.9543568e-10,3.909187e-09
ISIC_0027565,1,7.0420367e-09,0.99999774,7.071881e-08,6.9137826e-08,2.0845137e-06,4.3923607e-09,3.887195e-09
ISIC_0028053,1,3.4238962e-08,0.99999964,4.544762e-10,5.4842774e-14,3.084502e-11,4.1481587e-07,1.47711425e-08
ISIC_0026315,1,3.250984e-05,0.9999671,1.0163346e-07,7.818737e-09,1.7835474e-09,2.049964e-08,2.8252796e-07
ISIC_0028955,1,3.0637293e-07,0.99987495,3.1904276e-06,1.1530251e-06,0.00011592978,1.0327334e-06,3.3029794e-06
ISIC_0030600,1,3.0938773e-07,0.9999989,2.688392e-09,1.7158655e-08,6.5887725e-08,1.8054991e-10,6.622415e-07
ISIC_0029763,1,0.00013396268,0.99566865,0.0013098893,0.00034936992,0.0024889612,3.1664844e-05,1.7553657e-05
ISIC_0031841,1,6.993619e-08,0.99985766,2.583794e-05,2.5428022e-05,8.998963e-05,1.4282611e-07,8.7564473e-07
ISIC_0025263,1,9.4866886e-07,0.9999523,2.8267366e-05,4.665659e-07,1.1519729e-05,5.187656e-06,1.1918416e-06
ISIC_0027844,1,1.6072809e-08,0.9999995,3.9260453e-09,2.3280199e-11,4.5017353e-07,2.2033231e-10,5.4215726e-10
ISIC_0028129,1,3.2624254e-07,0.9999851,1.08606606e-07,2.2657536e-08,7.139625e-06,1.2960446e-09,7.294877e-06
ISIC_0031507,1,1.460463e-07,0.99999666,3.120324e-06,2.8826659e-09,4.355393e-08,1.4659076e-09,5.2372485e-08
ISIC_0030157,1,9.688975e-06,0.9999641,3.1319016e-07,1.0975316e-06,2.4618263e-05,4.5312024e-10,2.3018393e-07
ISIC_0030497,1,2.735224e-08,0.9999994,6.806849e-09,4.003956e-11,5.03968e-07,1.2672956e-10,1.4132218e-08
ISIC_0026878,1,7.2577035e-07,0.9999732,1.2125288e-07,1.068181e-09,2.5909898e-05,2.0502882e-09,1.2054708e-08
ISIC_0031673,1,1.1160802e-08,0.99999976,7.45512e-08,6.8588505e-13,1.0944697e-09,1.6866498e-07,9.154036e-08
ISIC_0032118,1,2.1468868e-07,0.9999995,4.540276e-09,7.776647e-09,2.7983035e-07,1.35564e-10,3.5766756e-09
ISIC_0027952,1,1.5254898e-08,0.99997544,2.519735e-09,2.0679368e-11,2.351747e-05,3.0147964e-09,9.914537e-07
ISIC_0025625,1,3.5206747e-07,0.99999595,2.810358e-07,3.2581033e-06,6.228665e-08,1.5954439e-10,1.05002584e-07
ISIC_0030075,1,1.0802231e-06,0.99999845,3.746342e-08,2.6712255e-10,2.783797e-07,1.8912278e-08,1.0739947e-07
ISIC_0026684,1,3.8992454e-07,0.99999917,7.0729937e-09,2.1587372e-10,6.162663e-08,3.4372377e-07,3.9671306e-08
ISIC_0028061,1,1.591971e-06,0.9999442,1.4290674e-05,9.355287e-07,3.0769606e-05,2.9144135e-07,7.935561e-06
ISIC_0028342,1,6.613983e-09,0.9995919,0.00038476422,1.8372211e-10,8.10734e-07,3.33277e-06,1.9237386e-05
ISIC_0029415,1,9.588493e-05,0.99990416,1.1248366e-10,3.800843e-09,1.1581132e-09,6.61475e-09,5.608076e-09
ISIC_0032392,1,1.1626378e-05,0.99997044,1.4133344e-08,4.116609e-09,1.7370567e-05,1.8787505e-07,2.7149224e-07
ISIC_0029509,1,7.194849e-06,0.9997919,7.370839e-06,5.775269e-07,0.00018684326,3.8906148e-07,5.714824e-06
ISIC_0026736,1,2.861377e-06,0.9999783,5.478349e-10,2.0044116e-10,1.7860937e-05,7.312006e-07,3.0309346e-07
ISIC_0024650,1,1.7972198e-08,0.9995962,1.0103074e-07,2.101368e-11,0.00040371754,3.861246e-09,3.161869e-08
ISIC_0026180,1,4.7169756e-06,0.9991654,4.5825505e-05,3.8141912e-05,0.00070516346,4.493451e-08,4.072432e-05
ISIC_0026003,1,6.138665e-08,0.99996746,2.0328396e-07,1.282124e-07,3.2148633e-05,1.4033511e-08,1.4281176e-08
ISIC_0026932,1,5.5693694e-10,0.9999864,1.2058865e-05,2.7011627e-08,1.2370819e-07,2.7895076e-08,1.3630507e-06
ISIC_0027630,1,3.9525954e-08,0.9999716,8.418712e-08,2.1980788e-09,2.8146242e-05,1.0132225e-08,1.3857783e-07
ISIC_0025308,1,1.605423e-09,0.9999994,1.11688955e-07,1.782589e-12,5.031612e-09,1.7557779e-10,4.946032e-07
ISIC_0031921,1,5.6411776e-05,0.9998822,8.467788e-07,2.1312767e-09,5.8151214e-05,2.7795102e-07,2.151358e-06
ISIC_0031365,1,2.610756e-07,0.99997616,3.291284e-07,1.3736833e-07,2.2912143e-05,5.2585687e-09,2.2404637e-07
ISIC_0029155,1,1.090417e-07,0.99998343,2.5412975e-08,7.5820516e-08,1.6268967e-05,1.3447315e-08,4.1809262e-08
ISIC_0029105,1,3.1174935e-05,0.99949014,0.00034536349,5.7525653e-05,7.1495146e-05,7.735272e-08,4.089488e-06
ISIC_0032296,1,3.0985916e-07,0.99998415,1.5076522e-05,8.7726626e-10,3.8520568e-08,1.2401158e-09,4.225078e-07
ISIC_0029236,1,3.2413107e-05,0.99976045,5.6807295e-07,2.651076e-06,0.00020147736,1.9047015e-09,2.5254105e-06
ISIC_0031426,1,7.083746e-05,0.99992156,3.1447798e-06,1.7560867e-10,1.287961e-07,3.1078873e-06,1.1699054e-06
ISIC_0030831,1,5.0875435e-08,0.99999857,2.0770115e-09,1.3226495e-11,2.2038906e-08,1.0716759e-06,3.0823963e-07
ISIC_0030865,1,1.1524577e-06,0.9999988,3.4218348e-09,1.4177788e-11,5.5074476e-11,4.824893e-11,1.1302414e-08
ISIC_0031254,1,4.1234525e-08,0.9999907,2.960425e-08,4.9735107e-08,9.231073e-06,3.9374393e-09,2.03314e-08
ISIC_0030109,1,5.1742752e-08,0.9999999,8.724939e-11,1.0996365e-12,1.7974768e-11,5.0177346e-10,1.747765e-08
ISIC_0028012,1,5.040972e-06,0.9999949,5.979512e-10,5.865527e-13,1.4814325e-08,1.0450512e-08,3.0847975e-08
ISIC_0030108,1,4.8765574e-09,1.0,3.7170283e-13,1.9181636e-13,1.1134613e-11,6.362319e-12,9.707662e-10
ISIC_0027921,1,7.6807817e-07,0.99999905,1.0629385e-09,5.804297e-13,3.356677e-08,8.233446e-08,6.8015545e-08
ISIC_0028566,1,3.677227e-10,1.0,1.03719125e-11,4.0045883e-13,1.045027e-11,1.9964928e-13,3.2136644e-11
ISIC_0030618,1,4.543784e-09,0.9999975,1.1909302e-09,4.781768e-09,2.4038316e-06,2.9982155e-09,9.016719e-08
ISIC_0024484,1,0.00025593166,0.99974376,2.2797433e-07,1.3906125e-10,1.03471486e-07,2.2116341e-10,1.5682252e-08
ISIC_0025134,1,1.4596612e-06,0.99917275,2.4529183e-05,5.366517e-07,0.00077810866,1.3178993e-08,2.2565684e-05
ISIC_0031892,1,9.477024e-08,0.99999976,1.3060607e-07,3.5678308e-10,2.025792e-08,3.1225036e-12,4.6846985e-08
ISIC_0028417,1,0.00023133971,0.99900085,2.1954449e-05,2.9757969e-06,0.0007281632,5.8256964e-09,1.4705681e-05
ISIC_0026632,1,1.5776948e-07,0.99998987,2.1622786e-09,4.857728e-09,9.95763e-06,6.2813893e-10,2.13383e-08
ISIC_0026934,1,4.1001687e-05,0.999956,2.02359e-09,1.1012277e-08,1.4708375e-07,2.545565e-06,3.127098e-07
ISIC_0026346,1,0.003851599,0.9961467,9.091823e-09,5.7686966e-09,6.394237e-09,1.6718452e-06,9.32154e-08
ISIC_0032475,1,0.00014136094,0.99985576,6.37338e-07,3.3310657e-10,2.2133845e-06,1.4897122e-08,1.29582824e-08
ISIC_0032294,1,0.00016159072,0.999838,6.6091076e-08,7.2214845e-11,2.0884656e-07,2.4021945e-08,6.487992e-08
ISIC_0027898,1,5.4830703e-06,0.9999089,5.9496315e-08,3.827321e-12,7.476614e-08,1.2733902e-07,8.538932e-05
ISIC_0026726,1,5.2290248e-09,0.9999726,6.3333987e-09,1.8484603e-14,5.1303126e-09,3.1676542e-08,2.7427795e-05
ISIC_0028293,1,4.9507844e-06,0.9994802,2.5023678e-07,1.8151543e-07,0.0004571687,5.5462213e-05,1.7826223e-06
ISIC_0029093,1,2.3557351e-07,0.99999905,6.1668337e-09,4.9075755e-10,4.068571e-07,1.9734988e-07,1.8891992e-08
ISIC_0032428,1,0.0021111288,0.99786216,4.177926e-08,3.9163015e-09,2.640158e-05,1.6516722e-07,1.8467588e-07
ISIC_0032342,1,1.5383863e-05,0.9998265,5.8302504e-07,3.0976096e-07,0.00015647561,7.1572686e-07,1.6231597e-08
ISIC_0027198,1,0.0009282138,0.99906665,9.1221835e-08,1.6859447e-08,2.4728106e-09,4.8263414e-06,1.7070721e-07
ISIC_0025779,1,0.00018244747,0.99981755,4.798054e-09,1.1804911e-11,1.4755773e-09,4.3956778e-08,8.9415025e-10
ISIC_0024842,1,5.3493704e-06,0.9998217,2.3714098e-07,1.8674635e-08,0.00017218343,4.94679e-07,4.6589427e-08
ISIC_0028803,1,0.018683022,0.98129404,7.728897e-06,1.0499583e-06,1.017336e-06,1.262114e-05,5.300594e-07
ISIC_0027249,1,1.4504579e-08,1.0,8.2607565e-09,3.5020662e-15,6.443464e-10,3.736229e-08,9.03154e-09
ISIC_0031563,1,7.110603e-09,0.9999999,2.5696826e-08,1.2916904e-13,8.095468e-08,5.2766005e-08,1.6295374e-08
ISIC_0024642,1,0.010019806,0.9898323,2.5754102e-07,1.9779355e-07,5.8967024e-05,2.9949879e-05,5.8467696e-05
ISIC_0025959,1,0.0002913967,0.9997074,2.5349072e-09,3.575411e-10,4.66203e-07,3.151521e-08,7.1846665e-07
ISIC_0032985,0,0.8241886,0.17581138,5.047846e-10,6.019574e-12,6.624486e-09,1.8377907e-11,1.2732446e-09
ISIC_0024798,1,3.4296966e-06,0.9999604,5.372533e-06,1.2258604e-10,3.8941963e-07,2.5818044e-06,2.7809636e-05
ISIC_0025152,1,1.1001937e-07,0.9979063,2.7159372e-06,3.7900915e-11,7.132469e-05,6.5350073e-06,0.0020130365
ISIC_0029045,1,0.005659785,0.99430144,2.3894268e-07,7.794169e-09,3.832295e-05,2.339529e-07,1.8585846e-08
ISIC_0031160,1,0.7893614,0.21061717,1.4589558e-06,9.635828e-07,1.8451541e-05,5.940655e-08,4.0279542e-07
ISIC_0026666,1,0.00028056238,0.9978806,3.801542e-07,2.326861e-05,0.0018111402,3.6985452e-06,3.282486e-07
ISIC_0026552,1,0.005674844,0.994241,3.6331227e-07,8.853905e-07,7.680839e-05,2.750601e-06,3.4213015e-06
ISIC_0029985,1,0.009897231,0.9653286,0.00013814721,9.5195975e-07,0.024417596,5.771566e-09,0.00021750818
ISIC_0024891,1,0.00014183135,0.99829763,6.387879e-05,9.4959614e-07,0.0013326409,2.2956e-09,0.00016305146
ISIC_0027662,1,5.9719785e-09,0.99946433,4.537758e-06,2.9058e-13,5.238581e-06,0.00012902367,0.00039682398
ISIC_0031143,1,0.0007239406,0.9916611,3.2274997e-07,1.8365797e-09,0.0075911316,2.2612541e-05,9.2114146e-07
ISIC_0031863,1,1.4161783e-06,0.9999281,2.5325345e-08,5.700591e-09,6.884166e-05,1.3889855e-06,2.164842e-07
ISIC_0028401,1,5.3173742e-05,0.9999416,2.1561668e-08,4.4473248e-11,4.880104e-06,6.4987797e-09,2.9299756e-07
ISIC_0030371,1,0.0037230223,0.9962669,1.6617973e-07,1.0056871e-07,7.846467e-06,1.4503727e-06,5.838336e-07
ISIC_0027497,1,0.0012640847,0.9960886,1.941134e-06,8.0765375e-07,0.0026172793,1.0287663e-05,1.6902259e-05
ISIC_0028255,1,0.0003787214,0.9995653,1.079118e-06,4.7245438e-05,1.919016e-06,1.6845645e-08,5.8241512e-06
ISIC_0028371,1,0.0054470245,0.9945041,1.0377481e-06,3.58864e-09,4.1477222e-05,5.795529e-06,5.4171966e-07
ISIC_0030063,1,0.0017122155,0.9982809,3.7895086e-07,3.0386055e-11,2.6575603e-07,6.0005814e-06,3.3503778e-07
ISIC_0029986,1,0.8870655,0.11278314,2.684107e-07,1.6548518e-05,0.00013405444,9.957575e-09,5.0407226e-07
ISIC_0027010,1,0.008126563,0.9918355,2.0835114e-05,1.100994e-05,2.2088022e-06,3.5193302e-06,3.9467568e-07
ISIC_0027861,1,0.8309897,0.15405732,0.006792652,0.00040694856,0.0055299494,0.002133752,8.9686175e-05
ISIC_0029409,1,0.018057844,0.95635474,0.00011981654,1.4875345e-06,0.025424007,2.427537e-05,1.7909902e-05
ISIC_0032364,1,0.67184186,0.328045,4.4407784e-06,3.499067e-07,7.481511e-05,4.2106942e-07,3.3097433e-05
ISIC_0031959,1,0.0005180685,0.39196858,2.9320543e-05,2.2780416e-07,0.6073441,1.255494e-05,0.00012715122
ISIC_0032078,1,7.310648e-06,0.9994012,5.5474825e-08,2.4279379e-09,0.0004974672,3.0905454e-07,9.3598974e-05
ISIC_0028528,1,0.8230665,0.17693233,2.0911917e-09,1.784178e-11,1.213557e-06,7.541303e-10,4.587664e-09
ISIC_0029945,1,0.8360082,0.14091215,4.628246e-06,1.031354e-06,0.023065563,7.652588e-06,7.312007e-07
ISIC_0026148,1,0.081109054,0.916331,0.0016417804,1.2599359e-06,0.00021048023,0.00031485377,0.00039157216
ISIC_0028810,1,0.98587936,0.014046201,2.6325451e-05,2.804262e-09,2.2514796e-05,2.3534221e-05,1.9402073e-06
ISIC_0031615,1,9.530254e-07,0.99946064,4.788965e-07,1.7915314e-08,0.00053600705,5.914468e-07,1.290564e-06
ISIC_0031592,1,3.5233475e-07,0.99988127,1.2793863e-09,2.040943e-13,0.00011799257,4.0155896e-07,5.0902177e-08
ISIC_0026303,1,0.002586046,0.99704057,0.00030479336,1.4771059e-09,4.0251973e-05,8.575454e-06,1.9717478e-05
ISIC_0030125,1,0.004199019,0.9956293,7.990947e-05,1.3871212e-09,5.1188607e-07,1.7347256e-05,7.396616e-05
ISIC_0025812,1,3.3803778e-07,0.9999963,2.6639466e-06,1.6331151e-09,1.3167215e-07,1.6140334e-09,6.1596813e-07
ISIC_0029357,1,1.6333635e-06,0.9999418,1.4745105e-05,2.6337588e-10,2.3929262e-05,2.3671294e-06,1.5457055e-05
ISIC_0029846,1,2.1422519e-08,0.99999976,3.2182554e-09,2.4724719e-14,1.4209037e-08,5.921906e-10,2.2592263e-07
ISIC_0029194,1,7.970626e-07,0.99999917,1.0891594e-08,2.187901e-12,6.7123146e-10,8.960236e-10,5.5126653e-10
ISIC_0024340,1,1.14255845e-05,0.99317354,1.3439922e-07,2.3173687e-08,0.00675063,6.9189684e-07,6.3574305e-05
ISIC_0027361,1,2.0632062e-06,0.91736466,5.694258e-07,3.5445518e-07,0.08173482,1.40066995e-05,0.0008836173
ISIC_0030406,1,3.5025068e-06,0.9998895,2.1671885e-06,8.248308e-08,3.0074565e-05,2.3958115e-08,7.4614014e-05
ISIC_0026633,1,2.3586076e-06,0.99806815,7.537901e-07,4.2391903e-08,0.0018895468,1.5117641e-07,3.9083116e-05
ISIC_0027086,1,0.48632544,0.47698253,0.00033071006,4.5964378e-05,0.009221972,2.4510291e-05,0.027068868
ISIC_0025689,1,6.941227e-05,0.4413919,3.3822307e-06,6.5689676e-08,0.5585098,3.6538927e-07,2.4961433e-05
ISIC_0027709,1,1.9232666e-05,0.99951065,2.2340794e-07,7.9274615e-10,0.00046239758,1.0931701e-07,7.4074533e-06
ISIC_0025909,1,0.066476114,0.93352336,1.2193117e-07,1.9468271e-09,4.1185183e-07,1.5810524e-08,4.8869286e-08
ISIC_0028831,1,0.07771668,0.91922224,5.0251185e-07,6.9381487e-09,0.003059609,9.382173e-10,9.697501e-07
ISIC_0029435,1,0.958741,0.04125541,1.7098924e-09,6.932756e-11,3.4260236e-06,1.5145745e-09,1.6146937e-07
ISIC_0025850,1,0.4399906,0.55976397,7.018063e-06,6.736849e-05,3.1185143e-06,8.970852e-05,7.827173e-05
ISIC_0029187,1,0.10144247,0.8985115,8.34655e-07,3.0535082e-07,3.4333123e-05,5.4303882e-06,4.9767737e-06
ISIC_0030473,1,0.9957235,0.0042765047,3.2148824e-09,3.6959458e-10,1.608411e-11,2.8622277e-10,3.304221e-10
ISIC_0025907,1,0.010242699,0.9897512,5.100042e-07,3.787841e-12,5.4944417e-06,1.4273361e-08,2.078129e-08
ISIC_0027113,1,0.0011033918,0.99889225,1.2436256e-07,1.5054852e-10,3.913171e-06,1.9201263e-08,3.8766817e-07
ISIC_0024831,1,5.833703e-07,0.9999893,8.1033653e-07,2.575171e-15,1.6724288e-08,2.5267868e-09,9.295185e-06
ISIC_0026869,1,5.4182416e-05,0.98414373,0.00038710554,2.5439509e-05,0.015104997,8.5816555e-06,0.0002759278
ISIC_0026186,1,4.6223554e-06,0.99985874,2.1031956e-07,2.9323283e-10,0.00013550192,5.423057e-07,3.4529515e-07
ISIC_0025156,1,4.9213477e-06,0.99939895,2.5265638e-06,5.732751e-09,0.00054036395,1.705521e-07,5.3154417e-05
ISIC_0028751,1,2.1072683e-05,0.9999651,4.8525628e-08,1.2649816e-05,4.82623e-07,1.8395597e-09,7.34695e-07
ISIC_0027024,1,0.005736692,0.9942416,1.5306146e-07,1.4850747e-06,1.4684375e-05,3.1769136e-09,5.4132347e-06
ISIC_0033745,1,0.00071705796,0.9894476,0.0003688795,1.5707736e-05,0.004995328,0.00013710052,0.004318381
ISIC_0033112,1,0.0001700559,0.9985171,0.00011227195,3.6375432e-09,0.0009777491,0.00012617106,9.6660144e-05
ISIC_0025598,1,0.00081951066,0.81571424,1.6396255e-06,7.99899e-06,0.18332255,9.507687e-05,3.9020957e-05
ISIC_0028977,4,0.00028702297,0.08783267,1.9485356e-06,1.0157309e-05,0.9118636,3.4399684e-06,1.1681467e-06
ISIC_0026403,1,0.042458765,0.9091372,5.4273907e-05,0.03341295,0.013160944,0.001486701,0.00028919082
ISIC_0029491,1,0.12092978,0.86824167,7.503595e-06,0.0017263086,0.008839606,4.9045877e-05,0.00020604666
ISIC_0025049,1,9.060616e-05,0.9999049,1.0728859e-09,4.0768726e-09,3.978054e-06,1.7290747e-08,5.870176e-07
ISIC_0026423,1,0.00039403705,0.99710876,6.4097037e-07,1.3174775e-05,0.0024680595,1.9980348e-06,1.3343036e-05
ISIC_0026432,1,0.005893102,0.9933119,3.3474432e-06,1.110066e-07,5.2092837e-06,1.5460267e-06,0.0007847887
ISIC_0030462,1,0.015190947,0.9848081,4.340206e-08,4.3026493e-10,8.7937474e-07,4.391507e-09,1.0594201e-08
ISIC_0033971,1,0.008471651,0.99115443,1.0218077e-06,4.598418e-08,7.778724e-07,0.00037208348,2.7828483e-08
ISIC_0032527,1,0.59525937,0.40382728,3.725673e-07,2.2797542e-06,6.3240686e-06,0.00090440677,6.8225106e-08
ISIC_0032964,1,0.06556489,0.9344328,9.1363695e-08,5.567062e-08,6.7603686e-08,2.021688e-06,1.4496237e-07
ISIC_0025619,1,7.541178e-07,0.9585537,0.00013503521,6.716919e-06,0.040157363,8.505338e-07,0.0011456263
ISIC_0031613,1,0.00012633293,0.99964845,7.743005e-07,2.7453611e-06,0.00014378445,7.157701e-05,6.2425074e-06
ISIC_0029953,1,4.3847185e-06,0.9988972,1.6917924e-07,1.9307983e-07,0.0010969971,7.353112e-08,8.7083396e-07
ISIC_0027087,1,3.4695462e-05,0.99995434,4.2619405e-07,7.708048e-06,1.6113557e-07,2.4859592e-10,2.6825958e-06
ISIC_0034267,1,8.286804e-07,0.99783,2.6180442e-05,2.5933753e-09,0.0020037973,1.0365547e-07,0.00013913673
ISIC_0033137,1,2.8770059e-05,0.99772376,4.7385947e-06,4.830016e-09,5.629281e-06,7.7879804e-07,0.0022363109
ISIC_0032953,1,0.026895674,0.96931994,5.7875286e-06,1.5117303e-05,9.669959e-05,1.4478616e-05,0.0036523708
ISIC_0033331,1,0.02596533,0.87164134,0.00020826577,0.0004131031,0.10166611,2.3746883e-05,8.203553e-05
ISIC_0034192,1,7.716795e-05,0.99992263,3.6901109e-09,7.4364497e-09,1.4422652e-07,6.429217e-10,8.517138e-09
ISIC_0033689,1,0.0053775036,0.99456376,2.453291e-06,5.6691874e-07,5.2908246e-05,4.983763e-09,2.8070042e-06
ISIC_0034136,1,0.2261426,0.75415456,0.00019697484,0.0008317663,0.013643978,0.004951503,7.856607e-05
ISIC_0033386,1,0.0027251577,0.9971998,5.664867e-05,1.4592359e-06,1.6292968e-05,2.7433035e-07,4.3917535e-07
ISIC_0033003,1,0.0019482914,0.9078886,4.6223684e-07,3.587479e-06,0.09010768,4.8723567e-05,2.7666451e-06
ISIC_0033511,1,0.0013865713,0.99861324,1.4833512e-10,7.720617e-12,1.8823444e-07,1.4762139e-09,6.261064e-10
ISIC_0027250,1,0.006728215,0.99312913,2.1298323e-05,1.3287043e-07,0.00011349895,9.394518e-07,6.773659e-06
ISIC_0025309,1,5.34703e-06,0.9993518,2.11787e-06,7.448811e-08,0.0006391177,4.6192077e-09,1.4591029e-06
ISIC_0031466,1,0.00040450334,0.98567677,3.282388e-06,0.013601684,2.9406249e-06,9.314136e-08,0.00031077972
ISIC_0031048,1,0.00021560842,0.9997831,8.331635e-09,1.58034e-08,3.736901e-08,1.2039166e-07,1.1303545e-06
ISIC_0027432,1,8.543155e-08,0.99999094,2.9328183e-07,5.908689e-13,8.661708e-06,2.0633744e-08,6.5615055e-08
ISIC_0024907,1,0.00011068932,0.99988604,2.8543306e-07,9.602107e-11,2.867248e-06,4.7881894e-09,1.18141465e-07
ISIC_0028214,1,5.7467147e-05,0.9966832,0.0018922138,4.19605e-07,0.00048987305,7.724668e-07,0.00087592215
ISIC_0025453,1,0.00016742409,0.9969683,0.0013573638,1.85952e-06,0.00054644933,4.6541632e-07,0.00095810636
ISIC_0025786,1,0.0012280681,0.99876475,2.2550198e-06,1.6569417e-09,2.288302e-06,2.391807e-06,3.201362e-07
ISIC_0025525,1,8.4099294e-05,0.9999143,6.148717e-09,1.08019094e-10,1.0380973e-08,1.6057772e-06,6.566361e-08
ISIC_0027847,1,0.0062204143,0.9937763,4.6320185e-08,6.183491e-09,1.4767566e-06,1.5139915e-06,1.6601537e-07
ISIC_0030709,1,0.9751486,0.024832588,2.4210265e-06,6.5099707e-06,9.895144e-07,7.0500882e-06,1.7139527e-06
ISIC_0026384,1,6.755234e-05,0.9999198,2.9404646e-07,4.411446e-09,1.8951539e-06,9.572693e-08,1.0344096e-05
ISIC_0028436,1,0.0005473766,0.99944943,3.363474e-07,2.5023274e-08,1.5777861e-06,8.985428e-07,2.9327705e-07
ISIC_0030085,1,0.000119839286,0.9982009,3.8430176e-06,3.69085e-07,0.0016714168,5.483116e-07,3.0397582e-06
ISIC_0029348,1,2.1936765e-05,0.9996213,7.792696e-08,2.076802e-09,0.00035638086,6.964003e-08,1.6916373e-07
ISIC_0030899,1,0.00043361023,0.99913424,1.4513655e-06,2.7505575e-07,0.0004223086,5.737755e-06,2.4079486e-06
ISIC_0031757,1,8.8440065e-05,0.99899215,3.4633508e-06,1.4444575e-07,0.0008956389,4.5039155e-06,1.5648233e-05
ISIC_0032641,1,0.3555679,0.6444314,1.45835e-07,5.143337e-08,9.7627776e-08,3.075071e-07,3.822357e-08
ISIC_0033345,1,0.00095067784,0.9990483,3.4617156e-10,1.3257735e-10,9.922202e-07,8.283097e-12,4.265266e-10
ISIC_0032711,1,0.00047413295,0.99907863,4.2135056e-07,7.3748716e-08,0.00022514346,3.2834352e-05,0.00018861433
ISIC_0033207,1,0.01759342,0.9823918,1.6395312e-06,3.739904e-10,1.20304485e-05,1.7042426e-08,1.1619909e-06
ISIC_0032558,1,0.0061065676,0.99379903,1.9100566e-05,1.1137657e-09,7.394392e-05,2.2785484e-07,1.0586916e-06
ISIC_0032679,1,9.156488e-05,0.97756577,6.9153924e-05,0.0072960127,0.014161251,0.00013877853,0.0006774558
ISIC_0032529,1,0.024681948,0.92249787,8.9483665e-06,3.3888655e-06,0.05264841,8.850127e-05,7.0928414e-05
ISIC_0033119,1,0.0018272419,0.9927263,2.5709323e-07,4.1151182e-07,0.0054421504,8.5729374e-07,2.781871e-06
ISIC_0032666,1,0.2844626,0.7052519,1.3092847e-05,0.009860346,7.382504e-06,0.00037598598,2.8681505e-05
ISIC_0033157,1,1.9356198e-06,0.9976203,1.1741852e-06,1.9853776e-07,0.0023694518,6.187672e-06,7.517315e-07
ISIC_0032811,1,0.0001626019,0.99982387,1.0338626e-07,2.131252e-07,1.1786538e-05,1.2022165e-06,2.6300717e-07
ISIC_0033827,1,1.2861926e-06,0.9999976,2.7495062e-10,9.661363e-11,2.5199233e-07,8.5584986e-07,6.1518577e-09
ISIC_0033497,1,3.4857167e-06,0.99994695,2.7994633e-06,4.167637e-08,1.8638755e-06,3.0124116e-05,1.4763218e-05
ISIC_0033242,1,0.3248696,0.5081138,0.14023626,0.02549869,0.00023356198,0.00019129341,0.00085683056
ISIC_0032619,1,0.92795855,0.06987485,0.0018669186,2.7395077e-07,2.4087309e-05,3.4645157e-07,0.00027489336
ISIC_0032585,1,3.2227458e-06,0.9999964,5.4382228e-09,5.2247e-10,1.9263975e-07,2.1517852e-09,1.142629e-07
ISIC_0032899,1,0.0017642368,0.9982337,6.106006e-08,3.370457e-07,1.0412497e-06,2.0877967e-07,3.753045e-07
ISIC_0034157,1,0.0015434498,0.9972977,2.0700106e-06,3.6204922e-06,0.0011346159,7.2150283e-06,1.1347218e-05
ISIC_0033798,1,1.9302433e-05,0.99964297,2.247884e-06,4.3617592e-07,4.8885577e-06,0.00032583514,4.294425e-06
ISIC_0033014,1,0.00012442925,0.99986684,2.9257805e-07,1.3750893e-10,8.010319e-06,3.8111656e-07,4.375198e-09
ISIC_0032516,1,0.00026398114,0.99973553,2.0833025e-07,2.0298066e-10,2.5907134e-08,2.2010188e-07,5.7422893e-09
ISIC_0032815,1,3.3038163e-05,0.99996376,7.830177e-08,4.2633527e-08,3.0975878e-06,8.512839e-10,6.9429196e-09
ISIC_0033094,1,1.27320445e-05,0.999969,3.0624587e-08,1.0850522e-08,1.2722699e-05,4.0857776e-06,1.4240738e-06
ISIC_0033162,1,0.17588513,0.82395416,1.2279419e-06,1.9007865e-07,0.00015932799,2.2839551e-10,2.8591183e-08
ISIC_0034105,1,3.2963846e-06,0.9999964,9.4249004e-11,1.0828442e-13,1.5153992e-10,1.7966617e-07,1.3949658e-09
ISIC_0033138,1,1.3942838e-05,0.99998415,3.9709317e-08,3.5051204e-10,2.749623e-07,1.1343532e-06,4.244075e-07
ISIC_0032728,1,0.0033825845,0.9966162,8.594353e-08,5.4920853e-11,1.0002412e-09,1.1725638e-06,3.6543437e-09
ISIC_0034319,1,0.02817263,0.9718269,2.2474696e-08,1.0790626e-10,3.245711e-07,7.071751e-08,8.474499e-09
ISIC_0033748,1,0.00087871565,0.9991211,1.1436372e-09,2.4094143e-10,1.3487977e-07,3.7461536e-09,8.015004e-09
ISIC_0034044,1,0.01641551,0.9824769,1.3179882e-06,2.3701944e-06,0.0010679896,3.3367978e-05,2.5456059e-06
ISIC_0032521,1,3.8199752e-05,0.998468,7.6814877e-07,8.3693216e-08,0.0014917527,5.616296e-07,5.9670106e-07
ISIC_0032674,1,2.1227297e-06,0.9999478,5.2174835e-07,1.823106e-07,4.9185433e-05,3.894362e-09,1.2093373e-07
ISIC_0033958,1,5.5969185e-06,0.99998736,1.1833888e-06,5.696739e-07,4.1970025e-06,3.103256e-09,1.1189333e-06
ISIC_0033906,1,3.326463e-05,0.999944,1.5024797e-08,7.136135e-11,2.1957057e-05,5.7017258e-09,7.925407e-07
ISIC_0033298,1,7.685995e-05,0.9793762,1.4901223e-06,3.3365397e-06,0.02053778,6.408074e-07,3.6669678e-06
ISIC_0034210,1,3.265807e-06,0.9986106,5.4034743e-08,2.4731947e-10,0.0013852974,2.931335e-07,4.5767356e-07
ISIC_0032542,1,5.171063e-06,0.9999949,5.0108806e-10,9.552854e-12,3.2284344e-12,4.647507e-09,3.49268e-09
ISIC_0034224,1,0.16943233,0.8305559,1.3242242e-06,6.20736e-07,5.520027e-06,9.899213e-07,3.3156332e-06
ISIC_0034288,1,0.010133872,0.98977715,1.7512598e-06,6.741767e-05,4.340848e-07,1.1324579e-05,8.119721e-06
ISIC_0033420,1,0.0056499727,0.99431795,5.3164035e-06,7.49657e-07,2.6049564e-05,8.707761e-10,7.04975e-08
ISIC_0032661,1,0.0010446443,0.99890554,7.495796e-07,8.236232e-06,3.1965657e-05,4.791382e-06,4.091253e-06
ISIC_0033096,1,8.195666e-06,0.9982357,5.3050386e-05,1.5432117e-06,0.0017008525,3.4715807e-08,6.812577e-07
ISIC_0033972,1,3.0492482e-05,0.99317956,0.003315883,0.00019571985,0.0032737344,9.1322755e-07,3.6645397e-06
ISIC_0033367,1,0.0003614996,0.5072303,0.003287852,0.0006405491,0.4880108,0.0004663693,2.657957e-06
ISIC_0032822,1,0.0029938964,0.9968136,1.9678933e-07,7.466773e-08,0.00019198733,2.9720551e-08,2.1550058e-07
ISIC_0033283,1,0.0005136017,0.9992544,3.5962242e-07,2.4382484e-06,0.00022824216,9.252389e-08,8.3671836e-07
ISIC_0033359,1,0.0021768417,0.997823,1.397124e-08,1.2017202e-07,3.5691716e-08,1.8397884e-11,3.376035e-08
ISIC_0033018,1,0.0020001393,0.9975285,1.0014177e-07,7.319014e-08,0.0004607787,8.8036177e-07,9.568024e-06
ISIC_0032541,1,0.0011024802,0.9988875,3.425369e-08,1.3046751e-07,7.532439e-06,1.7285349e-06,6.134442e-07
ISIC_0032515,1,0.001129235,0.9983448,3.2267937e-07,1.896347e-08,0.0003172948,9.614803e-09,0.00020831433
ISIC_0032942,1,2.9679978e-07,0.99999964,3.5847128e-10,3.3319918e-09,3.03613e-08,3.3409848e-12,6.935505e-09
ISIC_0025587,1,0.0030205662,0.9960234,7.857462e-05,4.7514863e-09,0.00022944274,0.00054547365,0.000102500264
ISIC_0032628,1,1.2672506e-06,0.9999887,1.3410579e-08,7.6024484e-09,9.95551e-06,4.1285908e-08,3.3207204e-08
ISIC_0032512,1,3.7014024e-07,0.99995565,1.8035213e-06,8.2569176e-07,4.081721e-05,2.7785573e-08,5.0426183e-07
ISIC_0034149,1,9.0308987e-07,0.99999857,2.0188734e-08,6.629373e-08,4.075882e-07,3.6210177e-11,3.8889798e-08
ISIC_0033800,1,2.4908235e-07,0.99999547,1.152965e-06,4.2309003e-07,2.3782038e-06,8.68543e-08,1.663202e-07
ISIC_0032646,1,0.00818025,0.97483295,4.6042263e-07,2.6384383e-05,0.0032236867,0.0137231015,1.3117126e-05
ISIC_0033627,1,2.7527245e-05,0.99912626,4.0872184e-08,2.8241171e-08,1.016468e-06,0.000844986,2.1902075e-07
ISIC_0033803,1,9.347881e-05,0.40814823,0.0022635125,5.383085e-10,3.413891e-06,6.49525e-05,0.5894264
ISIC_0032860,1,2.3668479e-06,0.008111807,0.02766903,1.1134177e-08,7.137947e-07,5.5801418e-05,0.96416026
ISIC_0034292,1,0.0011518961,0.99856013,6.0519733e-06,7.359097e-06,0.00023967463,3.0734882e-06,3.1834094e-05
ISIC_0034207,1,0.0046972246,0.9951003,1.6079228e-05,3.9043025e-06,8.324314e-05,3.3822032e-06,9.5852854e-05
ISIC_0033408,1,0.00015449735,0.99744725,5.1087677e-06,4.0976215e-06,0.002225096,2.2855265e-05,0.00014119966
ISIC_0033621,1,0.0059797834,0.9183384,0.07553033,2.3426192e-05,0.00010083809,2.327575e-06,2.494885e-05
ISIC_0034116,1,0.00016307668,0.99981266,1.3710118e-08,1.08640276e-11,2.418956e-05,2.0201185e-09,1.368562e-07
ISIC_0034073,1,0.58254933,0.41745043,7.700493e-08,8.7524335e-11,1.5127443e-07,6.5774306e-09,3.709243e-08
ISIC_0032702,1,0.0005900669,0.99933976,1.3446065e-05,6.347572e-06,4.3993536e-05,6.2054523e-06,2.6357995e-07
ISIC_0033667,1,0.034302346,0.96399486,2.691835e-06,4.4229973e-06,0.0016253805,6.0465263e-05,9.919339e-06
ISIC_0033107,1,0.067251615,0.93166643,0.00082001614,0.00016088065,9.033801e-05,6.574107e-06,4.1621474e-06
ISIC_0034060,1,0.059270892,0.9407291,2.5528177e-09,2.5780147e-11,2.3537394e-10,5.0688076e-08,1.7223167e-08
ISIC_0033002,1,0.75336224,0.24660192,2.438077e-09,4.5705548e-10,2.6918973e-10,3.5802776e-05,1.6696543e-08
ISIC_0033683,1,0.2131077,0.7868922,6.335546e-08,3.506973e-11,1.4983856e-08,7.390368e-11,4.03476e-08
ISIC_0032584,1,1.6671333e-05,0.99822265,1.394973e-07,2.899438e-07,1.3509222e-06,6.051656e-07,0.0017583544
ISIC_0033731,1,1.1049542e-06,0.9998018,6.133365e-08,4.1596374e-07,1.3070556e-05,3.189864e-07,0.00018330126
ISIC_0032644,1,6.6303537e-06,0.99949515,2.807898e-07,7.698342e-07,4.7877376e-05,4.4384037e-06,0.00044491724
ISIC_0033933,1,0.0020206918,0.9979792,5.8085936e-09,9.876501e-11,3.0108918e-08,1.4436763e-10,1.0100606e-08
ISIC_0033447,1,0.02701624,0.97298175,3.396946e-08,1.8776517e-07,2.8212852e-08,1.6299675e-06,8.2174e-08
ISIC_0033639,1,0.00022848857,0.9997714,9.196456e-09,7.346749e-10,1.4474155e-08,5.26007e-09,2.1849552e-08
ISIC_0032478,1,0.0015538895,0.26032162,9.889955e-05,7.012982e-05,0.7379096,1.2222957e-05,3.3701806e-05
ISIC_0032765,1,3.0538293e-05,0.26623377,3.0607434e-06,1.4170952e-07,0.7336985,2.222492e-05,1.179785e-05
ISIC_0032650,1,1.2650653e-06,0.99994504,3.0278323e-05,2.2969053e-07,2.229222e-05,4.588536e-09,8.667594e-07
ISIC_0034182,1,0.74870455,0.25129482,3.239382e-09,6.4040266e-11,4.4042656e-07,2.0438051e-09,1.6867689e-07
ISIC_0034213,1,0.003780438,0.9944781,0.00108204,1.124458e-05,7.764978e-07,0.00062442047,2.2906852e-05
ISIC_0032561,1,0.0002506493,0.99784553,1.15708435e-05,0.0012648057,5.8938383e-07,0.0005689813,5.7856043e-05
ISIC_0033839,1,0.040684365,0.95923907,9.268946e-06,1.8566828e-07,1.459354e-08,5.0454233e-05,1.6665212e-05
ISIC_0026279,1,0.01801246,0.9819308,7.064939e-08,1.8377893e-09,5.3327665e-05,2.0416446e-09,3.3571473e-06
ISIC_0031814,1,0.025053645,0.9739078,2.395768e-06,2.9196199e-09,5.7098063e-05,2.6151173e-07,0.0009788055
ISIC_0032601,1,0.03563946,0.25739345,0.70696545,7.816501e-09,2.413566e-07,1.0722966e-08,1.4459744e-06
ISIC_0032878,1,1.2983629e-05,0.9999869,6.7705244e-08,2.1047142e-10,1.3568808e-09,1.3811295e-10,5.019292e-08
ISIC_0032649,1,0.005081476,0.994892,7.9599495e-08,1.5805957e-08,1.2215376e-06,2.4161927e-05,1.0175781e-06
ISIC_0034109,1,1.512991e-05,0.99998474,2.538175e-09,1.4699639e-09,1.1470046e-07,2.5962112e-09,4.2939806e-08
ISIC_0033439,1,0.34991238,0.6499565,8.996448e-06,2.824654e-05,1.3373756e-05,7.9697544e-05,7.589164e-07
ISIC_0033214,1,4.3261234e-06,0.9999933,2.0284313e-08,5.143116e-13,6.188207e-07,7.285447e-08,1.5880458e-06
ISIC_0033255,1,0.00018294099,0.9998066,1.933827e-06,1.6808567e-11,5.2587234e-06,3.1146594e-06,2.574588e-07
ISIC_0033229,1,0.002111925,0.9978097,4.0068367e-06,1.6490043e-09,6.591723e-05,3.9777865e-06,4.5367005e-06
ISIC_0033181,1,1.1909799e-09,0.9997608,9.6103606e-05,8.5525385e-11,0.0001317334,2.1575325e-07,1.1156513e-05
ISIC_0033661,1,5.6341207e-08,0.99834347,8.3181e-05,1.4271456e-11,0.0015690493,1.4711848e-07,4.092805e-06
ISIC_0034004,1,7.3234327e-07,0.7556568,1.2700104e-05,5.169272e-10,0.24235004,0.00018086992,0.0017987901
ISIC_0033136,1,6.0421153e-05,0.528491,6.1702005e-05,8.964074e-10,0.041087586,8.8951465e-06,0.43029043
ISIC_0033215,1,0.002576094,0.8735313,1.704448e-05,7.18443e-05,0.057666756,0.00016792916,0.065969065
ISIC_0032737,1,0.038236286,0.9515796,5.378765e-06,2.7094067e-08,0.009919153,0.00016072512,9.8905024e-05
ISIC_0031482,1,7.211886e-08,0.9999312,1.2719826e-09,2.1225038e-10,9.24603e-06,4.787355e-09,5.9430808e-05
ISIC_0032944,1,2.9657352e-08,0.99924254,5.3592095e-07,9.1136226e-10,0.00070656557,6.939215e-11,5.0322942e-05
ISIC_0033516,1,0.00011763926,0.9755587,9.451147e-05,2.6626817e-06,0.023248002,4.9127243e-07,0.0009780113
ISIC_0033142,1,9.986713e-07,0.99999535,6.799905e-07,1.9268501e-08,2.9884507e-06,4.3522165e-11,1.0532481e-08
ISIC_0032703,1,4.3184373e-06,0.9999908,2.514704e-07,4.300469e-10,4.6377104e-06,8.584315e-12,1.3626498e-08
ISIC_0033168,1,2.4457602e-05,0.999936,5.3794356e-08,4.941259e-09,3.9527167e-05,1.0080125e-09,6.7585133e-09
ISIC_0034187,1,6.380755e-07,0.9996,1.927836e-06,2.017181e-07,0.0003949119,5.8672106e-07,1.6922749e-06
ISIC_0027837,1,4.175126e-08,0.9993622,2.0624132e-06,5.7930873e-07,0.0006331116,1.0783855e-06,9.573786e-07
ISIC_0033512,1,0.00023030354,0.99859196,0.0011400976,2.9471204e-05,6.9502573e-07,6.232354e-08,7.254307e-06
ISIC_0032788,1,0.0008714643,0.9953993,0.003727877,9.758047e-07,5.511015e-09,4.65103e-08,4.46799e-07
ISIC_0033737,1,4.8184367e-05,0.99864525,1.6283802e-07,1.3892901e-06,0.0012997384,1.3060689e-07,5.1326856e-06
ISIC_0033932,1,0.0020208384,0.9979778,1.9488116e-09,1.3960328e-08,8.959218e-07,1.2420025e-09,4.336069e-07
ISIC_0033062,1,2.5671134e-06,0.9999969,2.8534768e-09,1.0374404e-09,1.06648255e-08,4.6995387e-07,3.936668e-09
ISIC_0034261,1,2.329466e-05,0.999948,1.3835523e-07,5.6742357e-09,2.3426326e-05,4.9868104e-06,9.0456076e-08
ISIC_0032772,1,2.2332644e-05,0.99875724,5.587576e-06,4.5073545e-08,0.0010708864,5.0708103e-08,0.00014392598
ISIC_0034041,1,0.0010843978,0.998909,4.611071e-07,5.584653e-10,5.219746e-06,9.103701e-10,8.9681936e-07
ISIC_0033598,1,0.3646894,0.63278335,4.1706144e-06,0.00039112623,0.0001398055,3.6083627e-05,0.0019560845
ISIC_0034021,1,0.0112530235,0.98869306,1.303204e-06,3.319377e-09,4.288238e-05,3.343799e-08,9.722825e-06
ISIC_0034220,1,0.0006064309,0.9992575,2.5558174e-07,1.5279868e-08,0.00013584652,2.1969964e-08,6.0814487e-09
ISIC_0032973,1,3.9669358e-06,0.99999285,2.460108e-07,3.3484667e-07,2.6201994e-06,1.8575043e-09,4.894591e-09
ISIC_0033425,1,0.0040502762,0.9959442,1.5840823e-06,1.3835056e-06,2.480431e-06,2.2167395e-09,4.4679147e-08
ISIC_0032605,1,6.115213e-05,0.9992524,5.2828336e-06,3.804776e-07,0.0006802066,3.2091055e-08,5.525984e-07
ISIC_0032779,1,1.13026765e-07,0.99995375,6.992074e-07,1.1454912e-07,4.5266966e-05,2.1623954e-08,6.3310495e-08
ISIC_0033950,1,0.000104059785,0.90194976,1.0605325e-05,1.4216485e-07,0.097925276,7.823762e-08,1.0065684e-05
ISIC_0033167,1,0.00079815905,0.9991891,6.6305135e-09,6.573746e-09,1.0020454e-05,3.261587e-08,2.7359076e-06
ISIC_0033937,1,0.0012297088,0.99875605,8.4281595e-09,7.142109e-11,7.811559e-06,4.588398e-09,6.4019787e-06
ISIC_0033435,1,0.0004548272,0.9995427,3.21408e-09,5.398381e-10,3.8377286e-07,1.1962962e-07,2.0201542e-06
ISIC_0034016,1,0.0059395265,0.9940369,2.181829e-07,8.9269205e-09,1.0998268e-05,5.199521e-06,7.114118e-06
ISIC_0033845,1,0.019360883,0.980638,1.0308682e-08,7.849581e-10,7.2744274e-07,2.717493e-07,1.0379379e-07
ISIC_0032884,1,8.279151e-06,0.9997651,9.514133e-08,2.1813653e-07,0.00022489908,3.2861283e-08,1.3410637e-06
ISIC_0033707,1,4.6809164e-06,0.9997501,3.6038346e-06,6.152083e-09,0.00023772779,5.838913e-09,3.9636393e-06
ISIC_0033912,1,1.7286186e-05,0.99995613,7.376592e-08,5.0232725e-09,1.6962749e-06,8.8434895e-08,2.4671159e-05
ISIC_0032380,1,2.6094685e-06,0.9999974,7.170548e-10,2.602976e-10,5.675244e-08,2.9572154e-09,1.4982103e-08
ISIC_0025447,1,4.167381e-05,0.99995553,1.8344625e-08,2.703908e-09,1.9178365e-06,6.641709e-07,1.5209426e-07
ISIC_0028591,1,0.031770814,0.9668751,0.0003200267,1.6420414e-07,0.0009572168,2.0456474e-07,7.653572e-05
ISIC_0024524,1,0.0075296536,0.9923052,1.7499648e-05,8.798373e-07,6.1612394e-05,1.0739459e-06,8.415964e-05
ISIC_0032663,1,0.0037059784,0.98119134,0.000315795,7.957477e-07,0.01455177,1.5517253e-07,0.0002341723
ISIC_0034191,1,0.00068655424,0.95692736,8.842583e-06,0.00036634525,0.040083904,0.0012850512,0.00064199575
ISIC_0033719,1,9.244464e-05,0.9999045,8.86678e-08,1.3034317e-07,3.1334264e-07,2.0637922e-06,4.734574e-07
ISIC_0033442,1,0.13438348,0.8656148,1.6516857e-09,1.5591237e-09,1.0196709e-08,1.5409352e-06,1.4048027e-07
ISIC_0032943,1,0.70964366,0.2903204,3.5870446e-08,1.0331797e-07,1.6660268e-05,3.3489666e-06,1.580835e-05
ISIC_0034181,1,0.0013839903,0.99804235,2.414845e-07,2.713863e-06,0.0005656621,2.9401701e-06,2.0075495e-06
ISIC_0033197,1,2.3221226e-06,0.9999964,2.2576486e-07,2.6450213e-08,3.6940666e-09,1.0140771e-08,1.0219576e-06
ISIC_0033036,1,0.0005305699,0.99946934,1.2083909e-09,4.798751e-10,4.754052e-08,3.5978342e-11,2.0035118e-08
ISIC_0033015,1,3.211033e-06,0.9982937,1.2964841e-06,7.25399e-05,0.0015937594,5.3066464e-07,3.4918965e-05
ISIC_0033928,1,1.0576038e-06,0.99838626,1.8443689e-06,0.000828058,0.00077634654,3.2496388e-07,6.133443e-06
ISIC_0025970,1,0.023772834,0.97618616,1.4842519e-06,1.644297e-09,3.7949678e-05,1.311918e-06,3.140003e-07
ISIC_0027397,1,0.0049150325,0.48753658,0.086802825,0.107144825,0.09698266,0.19496584,0.021652188
ISIC_0034108,1,8.1705575e-06,0.99328023,7.2813414e-08,4.752445e-10,0.0066942205,5.4426687e-07,1.6739077e-05
ISIC_0033740,1,6.058376e-05,0.9998877,8.2324905e-06,3.939332e-09,3.8419177e-05,1.5380454e-10,5.04797e-06
ISIC_0033045,1,1.2268783e-06,0.9999958,3.3457856e-09,6.479996e-09,2.8816564e-06,8.909935e-09,1.1092275e-08
ISIC_0033697,1,0.00087459653,0.9990688,6.603402e-07,5.500375e-05,2.938971e-07,1.5273842e-07,4.886334e-07
ISIC_0033656,1,3.144046e-07,0.9997793,7.351384e-08,8.261821e-06,0.00019600599,1.5902282e-05,2.981638e-07
ISIC_0032496,1,4.6423165e-07,0.99983954,0.00012067959,9.672924e-08,1.4829206e-05,1.9421952e-06,2.2394937e-05
ISIC_0027246,1,0.0029435928,0.99705625,1.2474419e-07,5.9385435e-12,1.0578233e-09,2.4708915e-09,2.7780889e-08
ISIC_0031848,1,3.9603903e-05,0.99994993,1.0333956e-05,4.388127e-11,2.0935882e-08,5.4370236e-10,1.5533683e-07
ISIC_0024608,1,0.45156628,0.54843223,2.8001935e-07,4.030117e-09,1.9476398e-10,6.581377e-08,1.1126631e-06
ISIC_0029814,1,0.0016569552,0.9983199,6.497201e-07,8.0461655e-07,1.9594415e-06,2.0921002e-06,1.751435e-05
ISIC_0031481,1,0.00036999167,0.99960047,6.6627433e-07,8.244803e-07,3.877524e-06,2.0379257e-05,3.7624923e-06
ISIC_0029704,1,0.019364702,0.9806238,7.5656167e-06,1.2276531e-07,2.5910705e-08,2.7294424e-09,3.7736868e-06
ISIC_0025620,1,0.0017034103,0.9946196,0.0002022112,9.003402e-11,0.000105587904,0.003368315,9.1355275e-07
ISIC_0024668,1,0.019723153,0.96021,0.017039472,2.1410066e-05,0.0017826483,0.00074224436,0.00048111836
ISIC_0031206,1,0.00021686433,0.99978226,6.4466006e-09,9.57785e-10,1.8485968e-08,4.948209e-07,4.004446e-07
ISIC_0030361,1,0.0012277451,0.9987649,5.304095e-07,5.2642895e-07,6.5804656e-08,3.399996e-07,5.9238514e-06
ISIC_0028487,1,4.8332295e-06,0.99998975,2.0174912e-06,1.8595387e-07,1.11152346e-07,2.8174733e-07,2.8090424e-06
ISIC_0030841,1,0.4397725,0.5601484,2.3191069e-05,7.48946e-07,1.1957593e-08,3.5202381e-06,5.1613624e-05
ISIC_0031645,1,0.00013170778,0.9998666,1.3027242e-08,1.2769882e-09,1.1859441e-09,1.0110363e-06,6.714879e-07
ISIC_0031726,1,0.0011091998,0.9988876,3.7444934e-08,2.4929185e-09,1.0478178e-08,2.0922796e-06,1.0472174e-06
ISIC_0028581,1,0.00019432143,0.9997118,1.2805984e-06,9.887405e-07,3.3008142e-05,2.2961616e-05,3.5549034e-05
ISIC_0027003,1,0.015590369,0.9844096,1.8602042e-09,2.5611713e-09,1.6016858e-09,3.1374515e-08,1.6157827e-08
ISIC_0030264,1,0.006612283,0.99325013,4.4947146e-06,1.5817447e-08,4.5699867e-08,0.00010078269,3.2321997e-05
ISIC_0028894,1,0.0019174641,0.99803954,1.1959751e-06,1.5330475e-08,7.373159e-07,4.0905037e-05,1.0981202e-07
ISIC_0030116,1,0.0008201537,0.9991732,8.4446043e-07,5.490232e-09,4.5711546e-09,1.9653336e-07,5.519166e-06
ISIC_0026270,1,0.00046454606,0.9995271,2.4760645e-06,1.2523832e-07,1.4546116e-07,1.2375513e-06,4.430679e-06
ISIC_0025096,1,9.0324334e-05,0.9999043,2.8537502e-06,2.1944846e-08,1.2486667e-07,2.6219206e-07,2.163586e-06
ISIC_0030840,1,0.0010030579,0.9942253,0.00018850713,1.1794917e-05,0.003960405,2.3524646e-05,0.0005873965
ISIC_0027925,1,4.3037144e-06,0.9999956,5.0185317e-08,1.8216618e-09,9.232142e-09,2.0419368e-08,8.006492e-08
ISIC_0031917,1,5.205187e-06,0.99999475,1.5824474e-09,6.438255e-11,1.2330909e-09,6.8924644e-10,7.006632e-09
ISIC_0031079,1,3.4912202e-06,0.9999845,5.406916e-06,5.7524517e-07,2.793895e-08,1.542026e-08,6.014842e-06
ISIC_0028524,1,9.524355e-06,0.99995375,6.020918e-06,3.9981246e-06,3.788454e-08,1.7692359e-09,2.6567131e-05
ISIC_0024846,1,0.0078036212,0.99162394,0.00021565522,0.00025833206,1.2125881e-05,7.648591e-07,8.56096e-05
ISIC_0024503,1,8.9202666e-05,0.9998671,1.1196404e-05,1.3349987e-06,1.0899991e-05,2.696279e-09,2.0325138e-05
ISIC_0029667,1,1.3325143e-05,0.9999274,3.4189404e-06,2.867968e-06,3.651909e-05,6.0112546e-09,1.6502569e-05
ISIC_0027574,1,7.278052e-05,0.99827886,0.0016307103,6.8599204e-10,3.7485233e-06,1.0366789e-07,1.3766599e-05
ISIC_0030058,1,1.8403844e-05,0.99943584,0.00052896474,1.1450097e-10,7.79705e-06,3.402214e-08,8.976352e-06
ISIC_0030990,1,4.3539796e-08,0.9999926,1.8703604e-08,1.4377146e-07,2.6439848e-06,2.252528e-09,4.6181276e-06
ISIC_0032492,1,6.998678e-05,0.99992883,6.508422e-09,1.155893e-09,1.0369905e-06,6.6468733e-09,1.05535634e-07
ISIC_0027853,1,0.001901386,0.9980914,1.4198113e-07,1.6783367e-09,7.658106e-07,2.1933164e-07,6.0061006e-06
ISIC_0028545,1,0.00027960452,0.99971896,9.548491e-08,1.1524329e-08,1.1552191e-06,1.1199757e-08,2.1021577e-07
ISIC_0031447,1,6.6281436e-06,0.99398994,0.0059581576,7.777644e-07,2.7361973e-05,1.4181425e-06,1.5616903e-05
ISIC_0024837,1,7.890503e-07,0.98904663,0.010906949,8.1680383e-07,3.4607463e-05,1.7554564e-06,8.460017e-06
ISIC_0031667,1,0.000152009,0.9579119,0.041816074,4.429683e-05,6.0382594e-05,5.665265e-06,9.6290305e-06
ISIC_0026027,1,2.9777753e-05,0.9976701,0.0022707689,2.0852303e-06,1.3977077e-05,1.447174e-06,1.17493e-05
ISIC_0031839,1,0.0015105477,0.99848014,2.3734e-06,2.6040934e-06,8.703774e-07,8.3516073e-07,2.6109815e-06
ISIC_0026455,1,0.0020197476,0.9979716,1.6954208e-06,5.037035e-07,4.306131e-06,1.8239775e-06,4.2741058e-07
ISIC_0028265,1,0.00036601967,0.9996321,3.0846513e-07,1.4695523e-07,1.0236353e-06,8.7110195e-08,2.5599252e-07
ISIC_0025020,1,6.616645e-05,0.9999311,2.0764298e-07,1.7493192e-06,5.406815e-07,9.91928e-09,1.7923158e-07
ISIC_0026106,1,2.0562393e-05,0.9999378,3.8154713e-08,3.811902e-05,2.7218944e-06,1.3269191e-09,8.1152984e-07
ISIC_0024349,1,0.0008446824,0.9991536,6.9891715e-09,4.8985305e-09,4.6019866e-10,2.02901e-08,1.6746433e-06
ISIC_0026126,1,0.0019123005,0.99808747,2.34449e-09,3.7886638e-10,8.157559e-10,8.843912e-09,1.8041762e-07
ISIC_0028271,1,0.00028761625,0.99970967,1.9166926e-09,3.8485867e-10,5.5971516e-10,1.4105935e-08,2.6579307e-06
ISIC_0026305,1,0.016704455,0.9828808,0.0003492348,1.8461442e-05,3.2627563e-07,1.6446595e-06,4.5058776e-05
ISIC_0028454,1,0.0021520443,0.9976052,4.962373e-05,6.2510476e-06,1.187281e-06,5.809843e-06,0.00017972878
ISIC_0027658,1,0.0001276409,0.9998586,6.447785e-06,3.8535111e-07,8.0905804e-10,2.2838181e-07,6.7066826e-06
ISIC_0028678,1,0.00030861582,0.9995964,5.677534e-05,1.4423777e-05,2.1099625e-08,4.6572227e-06,1.914103e-05
ISIC_0029382,1,0.0016982094,0.9976792,0.00033657413,0.0002732852,6.35635e-06,7.585719e-08,6.2576187e-06
ISIC_0030093,1,0.0006671324,0.9981352,0.0010144789,2.695674e-06,0.00017751496,9.702682e-08,2.7373887e-06
ISIC_0028645,1,0.000564632,0.9992167,0.00021193578,1.2358284e-06,4.711287e-06,6.5494725e-09,8.3206527e-07
ISIC_0031984,1,2.254972e-05,0.99994576,1.5432437e-06,1.2804759e-07,1.3242397e-05,2.7974104e-06,1.4001038e-05
ISIC_0026487,1,3.6295685e-05,0.9999423,3.204588e-06,3.254486e-07,4.865061e-06,1.1171492e-06,1.1942149e-05
ISIC_0026052,1,0.004838131,0.99333704,1.2643387e-06,8.0239224e-05,0.0016272061,4.002371e-05,7.605871e-05
ISIC_0029493,1,0.0008954405,0.6507353,0.3256519,3.064866e-05,0.0069794497,0.013779824,0.0019274132
ISIC_0031559,1,8.2018605e-06,0.99994624,3.5232006e-07,2.9633155e-08,5.5999686e-07,2.3595432e-05,2.103111e-05
ISIC_0028510,1,0.0061868588,0.99056983,2.4660476e-05,3.5321011e-06,0.0031937705,5.357891e-08,2.1363163e-05
ISIC_0031756,1,0.026883474,0.9727631,3.7953444e-06,1.512954e-08,1.6869268e-05,4.979579e-06,0.00032782948
ISIC_0028723,1,0.08513166,0.91429675,0.00019766293,3.730508e-07,1.4443322e-05,3.3173783e-05,0.00032602303
ISIC_0027751,1,1.2304307e-05,0.9999875,1.3562052e-07,4.388084e-14,6.9075974e-11,1.0268918e-10,1.1971963e-07
ISIC_0031092,1,0.00018646446,0.999813,1.544144e-10,4.9109076e-12,2.9220578e-08,1.6031908e-08,5.575766e-07
ISIC_0028167,1,0.0017903663,0.991542,6.505693e-05,0.001785912,0.0041601053,2.3654547e-05,0.00063295907
ISIC_0032436,1,0.00022582062,0.93303055,1.565895e-05,8.0249016e-08,0.06441666,3.3634995e-05,0.0022775722
ISIC_0025181,1,2.9247452e-05,0.99985707,4.8607646e-08,3.564326e-08,9.10793e-06,1.1356707e-07,0.00010442617
ISIC_0024996,1,1.9136637e-06,0.99989855,2.6262978e-05,1.5204094e-07,7.161999e-05,4.165232e-09,1.4992698e-06
ISIC_0028092,1,0.0005306754,0.9994469,3.131234e-07,2.2003404e-08,5.301344e-09,2.1992926e-05,8.2982176e-08
ISIC_0027978,1,0.0036264125,0.9963666,1.8919618e-06,3.1570304e-09,2.8894087e-07,4.5777247e-06,9.725734e-08
ISIC_0027224,1,0.034126654,0.95253664,1.4754292e-05,0.011424783,1.0168192e-05,0.0012888495,0.0005982802
ISIC_0029641,1,0.0003361399,0.99924207,0.00022774968,2.6291816e-06,0.000113680886,2.4197836e-06,7.540862e-05
ISIC_0026784,1,0.004109519,0.9939704,4.100966e-06,1.2167541e-05,6.8252284e-06,0.0018294181,6.758265e-05
ISIC_0031564,1,0.0016210448,0.99650913,1.0433678e-06,4.4342323e-07,0.0018590584,8.897412e-06,3.820951e-07
ISIC_0025742,1,5.7392066e-07,0.99968207,1.8973928e-07,0.00014525435,0.00017108161,3.204666e-07,5.124447e-07
ISIC_0032141,1,3.7153595e-06,0.9970227,7.0934446e-05,0.0028928062,2.0736004e-06,2.9350659e-08,7.768927e-06
ISIC_0031015,1,2.5356314e-06,0.99902296,1.7540664e-05,9.050825e-06,1.4280266e-06,0.0009438415,2.6279386e-06
ISIC_0032015,1,5.344222e-06,0.99996686,2.1482913e-07,8.691014e-08,2.6470216e-05,1.192842e-07,8.2296526e-07
ISIC_0031285,1,0.00029099884,0.99941707,1.7367196e-05,6.837034e-08,0.00023659637,3.2085438e-05,5.869134e-06
ISIC_0028135,1,3.2602722e-05,0.9999056,4.60587e-07,4.6022237e-08,4.816753e-07,5.5195756e-05,5.7304997e-06
ISIC_0026400,1,0.000104317856,0.999894,6.7536104e-07,1.1963608e-07,2.8307664e-07,1.9397807e-07,3.3945653e-07
ISIC_0028212,1,1.0721919e-05,0.99998164,2.1788769e-07,2.9744747e-06,1.3706674e-06,1.4124516e-06,1.6557909e-06
ISIC_0029162,1,0.00048330348,0.9869076,1.7914916e-06,3.8687524e-09,0.012602099,8.9462105e-07,4.2155684e-06
ISIC_0024841,1,0.009376453,0.9906155,3.5858945e-06,3.956023e-06,2.4416659e-07,1.3512454e-07,2.525682e-07
ISIC_0029121,1,0.00045953627,0.99953234,5.4108574e-07,2.9809513e-08,4.366285e-06,1.0774495e-06,2.1060944e-06
ISIC_0030525,1,7.9676573e-07,0.98150635,0.018465461,2.5854506e-08,6.1296737e-07,2.1942813e-06,2.456955e-05
ISIC_0025245,1,0.04346121,0.95603734,7.2038664e-09,1.0683937e-11,1.02515677e-10,0.0005012801,2.4810123e-07
ISIC_0029001,1,6.733623e-05,0.93337095,0.030190226,0.0001463603,0.030931896,4.655525e-05,0.005246733
ISIC_0031126,1,2.6080994e-05,0.99942267,0.00052186946,3.6662883e-07,2.6089054e-05,1.8529978e-07,2.7018577e-06
ISIC_0026340,1,0.0008354657,0.9960057,3.647835e-05,2.0934513e-05,1.1874893e-05,0.0021836127,0.0009060224
ISIC_0027988,1,0.003990841,0.01768389,0.0004591982,4.3341834e-06,0.002115846,0.97574174,4.150441e-06
ISIC_0030733,1,4.999383e-06,0.9999721,5.885156e-07,1.1532861e-07,2.0619516e-05,1.4035011e-06,9.413062e-08
ISIC_0025597,1,0.00036550235,0.99958974,8.4428926e-08,3.8863998e-10,3.580692e-06,2.5297563e-06,3.8624592e-05
ISIC_0025225,1,1.4938905e-05,0.99994195,6.931462e-07,4.10836e-08,3.9508224e-05,1.8661855e-06,1.0474513e-06
ISIC_0027569,1,1.5629159e-06,0.99999833,3.4940065e-08,5.247251e-10,5.3152597e-08,2.446815e-11,3.8459644e-09
ISIC_0026698,1,2.914806e-05,0.9967899,7.5547797e-07,2.0565898e-05,0.0031291125,2.787623e-05,2.5585487e-06
ISIC_0029138,1,9.302155e-06,0.9944306,0.0046181213,1.0617464e-06,2.7318322e-07,4.6625605e-06,0.000935999
ISIC_0029349,1,0.0002413719,0.999744,7.81162e-07,5.3084023e-06,4.7665986e-07,2.252268e-06,5.7450634e-06
ISIC_0027963,1,4.736003e-06,0.99984527,6.477869e-06,9.20996e-05,8.451377e-06,3.369013e-05,9.122218e-06
ISIC_0024425,1,1.7002382e-08,0.99883837,2.6139041e-06,0.0004632006,0.0002751657,0.00040646418,1.4182516e-05
ISIC_0028557,1,1.4675094e-06,0.999734,2.4197632e-06,1.566674e-05,0.00023501042,2.6780455e-08,1.1524728e-05
ISIC_0027471,1,0.0022791561,0.99732,5.629341e-07,8.031915e-07,0.00030541164,2.8723258e-08,9.407891e-05
ISIC_0026706,1,2.920861e-06,0.99999356,8.934958e-07,9.714056e-08,6.785217e-08,2.2824834e-06,1.7851212e-07
ISIC_0028297,1,0.009430731,0.9905194,4.3762234e-06,2.9590641e-05,6.8161166e-06,2.8435662e-07,8.796895e-06
ISIC_0027401,1,0.25705352,0.7428832,8.9556863e-07,1.6513655e-05,4.4713674e-05,9.6987e-07,1.8872245e-07
ISIC_0028637,1,0.890062,0.1099376,6.7555683e-10,1.4293611e-08,1.6442645e-07,8.780432e-08,7.64404e-08
ISIC_0026672,1,0.0043405606,0.994739,4.391451e-06,0.0008546256,2.2666106e-06,5.771339e-05,1.4216631e-06
ISIC_0030180,1,2.2397217e-05,0.9984464,1.4990511e-06,8.526869e-06,0.001480418,1.3719468e-07,4.0660914e-05
ISIC_0026043,1,1.4267269e-07,0.99943143,9.156759e-08,2.0797195e-05,0.0005464638,5.1200163e-07,5.714815e-07
ISIC_0025074,1,6.892164e-05,0.99943477,1.790405e-05,0.00041006372,2.1423479e-05,2.4212977e-05,2.2735143e-05
ISIC_0029898,1,0.000640716,0.9992828,3.855321e-06,4.61475e-05,4.0616695e-07,2.0244546e-05,5.9299646e-06
ISIC_0026974,1,0.0028202897,0.997177,1.3889716e-07,2.969959e-08,4.51308e-07,1.4393416e-06,7.1182757e-07
ISIC_0025846,1,0.00014057253,0.9995522,8.729467e-06,9.685422e-07,0.00029389147,2.9226905e-07,3.3763529e-06
ISIC_0027928,1,0.0007839301,0.9962463,0.00043246307,0.001408922,0.0010752833,1.4087774e-06,5.1767493e-05
ISIC_0031596,1,0.06781446,0.92751336,2.9122386e-05,6.2093216e-07,0.004489,0.00014237876,1.1014266e-05
ISIC_0025289,1,0.0022920042,0.9664619,3.1340922e-05,0.0060863625,0.0001261887,8.049221e-06,0.024994137
ISIC_0030219,1,0.0101687005,0.9836715,3.8460264e-05,0.005958485,4.3501027e-06,3.3151184e-05,0.0001253127
ISIC_0030981,1,0.00035604322,0.9996308,1.0344204e-07,5.6851773e-06,4.3931263e-06,4.0446662e-07,2.5961328e-06
ISIC_0025899,1,5.5881985e-05,0.999944,2.015216e-08,1.1690454e-09,3.7957438e-08,5.814825e-09,3.0247186e-08
ISIC_0027382,1,0.00023247644,0.8856615,0.0055450657,0.10841824,0.00010827719,1.4823205e-05,1.9744784e-05
ISIC_0027949,1,0.1011198,0.8930948,4.087558e-06,0.00016695679,0.0054502278,0.0001035443,6.0569957e-05
ISIC_0026795,1,0.00021902015,0.9997806,6.360802e-08,3.6874006e-08,1.8061425e-07,2.015302e-08,1.1243712e-07
ISIC_0030645,1,0.75474375,0.217846,2.2095549e-06,1.9136023e-06,0.026256938,2.4230767e-06,0.0011466963
ISIC_0026998,1,0.0011777249,0.9980064,0.00015095955,5.410587e-08,2.586086e-07,4.5298916e-07,0.00066422456
ISIC_0032218,1,1.8975045e-06,0.65391594,0.31315804,7.0474454e-07,0.032496806,0.0002227853,0.00020381808
ISIC_0031838,1,2.0440915e-05,0.99997306,3.087986e-08,1.0731729e-07,3.50133e-06,3.1635844e-07,2.439211e-06
ISIC_0029733,1,0.00025102284,0.977436,0.008103558,0.00054082007,0.013644011,8.919312e-06,1.5707132e-05
ISIC_0026329,1,5.3807335e-06,0.999895,7.484526e-05,4.319171e-09,2.171536e-05,3.5009094e-08,3.0858407e-06
ISIC_0028478,1,0.0017577193,0.98379576,0.0005265693,2.7832133e-05,0.013878374,1.1622265e-06,1.2588057e-05
ISIC_0027889,1,0.31280315,0.47531047,0.20337231,1.8856052e-05,0.0013258498,4.5380416e-06,0.0071648383
ISIC_0031014,1,0.013087543,0.9639341,0.021792522,0.00049183425,0.00059272756,5.822951e-05,4.3039632e-05
ISIC_0024969,1,0.26108477,0.7252155,0.003578779,0.00923992,0.0004112849,0.0004152515,5.4564185e-05
ISIC_0032936,0,0.0010966209,0.9988967,7.644251e-10,2.338883e-10,6.684345e-06,8.838793e-11,3.2629641e-09
ISIC_0025463,1,2.7638056e-05,0.9999552,1.6214573e-05,1.8487183e-09,2.7950298e-07,5.9611263e-09,7.435316e-07
ISIC_0033232,0,0.34133282,0.65866077,1.15920455e-08,5.488095e-09,5.081221e-06,1.1965943e-09,1.3067576e-06
ISIC_0031742,1,0.011445471,0.8937747,0.0009136584,0.0004478494,0.09246885,0.0008874072,6.2077925e-05
ISIC_0032195,1,0.00016982232,0.9998233,2.8591767e-06,3.938603e-06,8.125562e-08,6.358669e-09,2.1643702e-08
ISIC_0031813,1,0.3580925,0.62486154,5.3721855e-05,0.014732145,5.721018e-05,0.001844443,0.00035848946
ISIC_0030354,1,0.23031232,0.7677019,5.090742e-05,0.00070106506,1.24194885e-05,0.0011442307,7.7145654e-05
ISIC_0025000,1,0.00020278436,0.999796,1.9909725e-08,2.3075518e-08,8.8601837e-07,3.600051e-07,2.982949e-08
ISIC_0027066,1,0.04131268,0.95336986,2.0732565e-05,6.097476e-07,0.005290075,9.677046e-07,5.0249664e-06
ISIC_0025106,1,0.007142707,0.99123794,1.96163e-05,0.001091517,0.00046521518,2.3998047e-05,1.8999992e-05
ISIC_0026805,1,0.0011221016,0.97977865,3.3607905e-06,1.2739139e-06,0.019027362,7.914834e-10,6.719953e-05
ISIC_0024680,1,0.00050726207,0.983155,0.00016393035,1.0482176e-05,0.015609134,4.0442302e-08,0.0005542514
ISIC_0029465,1,0.0030445862,0.99678266,2.9271737e-06,7.421937e-06,0.00012213453,1.3242399e-08,4.03532e-05
ISIC_0031594,1,0.0005480036,3.861011e-05,0.00022063871,0.010462867,0.98840475,0.0003239192,1.200489e-06
ISIC_0029855,1,0.011694025,0.9124008,0.073859334,0.0019769333,3.3276294e-05,2.294975e-07,3.5438818e-05
ISIC_0029530,1,0.0060244934,0.9889944,7.4107325e-06,0.00017986629,0.0047860006,1.0291683e-06,6.7299084e-06
ISIC_0027360,1,0.009050825,0.5133021,0.003125059,0.4706252,0.0038067834,7.132987e-07,8.9317226e-05
ISIC_0029554,1,0.00622798,0.987849,0.005684415,0.00020660409,2.8404798e-05,3.7718173e-08,3.7031525e-06
ISIC_0026096,1,0.0016278134,0.99837,1.9786506e-10,5.4477667e-10,2.0705413e-06,6.796885e-09,1.1502443e-07
ISIC_0026445,1,0.023924638,0.9727576,2.746113e-05,0.0029699798,9.345537e-05,0.0001895445,3.7301215e-05
ISIC_0026023,1,0.0016194949,0.98196906,0.000111723995,1.5050604e-06,0.015876062,2.9012651e-06,0.00041924536
ISIC_0026330,1,0.008273032,0.9916521,2.8757272e-06,9.011411e-08,1.3971796e-05,2.027471e-05,3.76008e-05
ISIC_0031567,1,0.24735974,0.74995315,0.0017913731,4.8845777e-05,0.0003003789,0.00053281145,1.3716555e-05
ISIC_0026577,1,0.01718012,0.017947193,7.2739053e-06,0.0009069957,0.9639417,1.3672641e-05,3.066998e-06
ISIC_0031249,1,0.0019528635,0.88771224,1.1076941e-05,0.00029893272,0.10994851,7.1762595e-05,4.6251325e-06
ISIC_0030451,1,0.0022113598,0.99588156,4.7664826e-06,1.1154859e-05,0.0018906053,3.03439e-08,5.334144e-07
ISIC_0031301,1,0.909772,0.08024023,0.007076228,0.0026195985,8.574477e-05,0.00014378635,6.238624e-05
ISIC_0031111,1,0.44777647,0.5433298,1.08264385e-05,0.0020252478,0.005835479,0.00097266654,4.957648e-05
ISIC_0028602,1,0.00033435784,0.9858893,0.00010079434,3.0606762e-07,0.0098768575,0.0032114657,0.0005868485
ISIC_0030674,1,0.0011566477,0.9886131,0.00022093246,0.00034636958,0.009646869,2.5587508e-06,1.3434952e-05
ISIC_0031192,1,0.0004916245,0.9527938,0.016910648,0.0025617452,0.02620058,0.00043163126,0.00061002845
ISIC_0027498,1,7.361124e-05,0.9998497,1.4465348e-05,2.3408353e-08,9.726071e-06,1.0261268e-06,5.1462794e-05
ISIC_0031462,1,0.006034743,0.006938713,2.2350729e-05,0.005385516,0.9816181,2.4637565e-08,5.5800484e-07
ISIC_0026071,1,0.00021704049,0.0025338128,5.271409e-05,1.4405568e-05,0.99716693,4.908679e-07,1.4618419e-05
ISIC_0030923,1,0.042983476,0.9359489,0.0208404,3.6977233e-06,0.00022160975,1.0749127e-07,1.8362932e-06
ISIC_0025989,1,3.8343336e-05,0.9999602,4.6246788e-07,9.002987e-10,6.3418736e-07,1.9522044e-07,8.2825345e-08
ISIC_0028873,1,0.0030602375,0.11792149,2.383623e-07,6.799674e-05,0.8789352,3.1614786e-07,1.4539855e-05
ISIC_0028882,1,0.002874119,0.9948147,3.64785e-05,1.0551273e-05,1.9099136e-06,0.0019832868,0.00027891487
ISIC_0030061,1,0.011459396,0.9883631,1.3714223e-06,0.00017553545,3.0303937e-07,2.70123e-07,8.140963e-08
ISIC_0030960,1,0.00036971914,0.9995889,2.4334804e-05,1.4368636e-06,1.0639932e-05,4.5855774e-07,4.444627e-06
ISIC_0030311,1,0.9151201,0.07879566,0.005992885,6.0711707e-05,1.1189281e-05,4.4617364e-06,1.49195885e-05
ISIC_0025505,1,0.00023107008,0.9935766,3.0433968e-05,0.0061604935,5.0120644e-07,2.9071745e-07,6.9317844e-07
ISIC_0024784,1,0.00023199485,0.9898363,0.00025986353,2.8624354e-06,0.009201754,0.00033607407,0.00013127901
ISIC_0024922,1,0.000116022384,0.99939764,1.7118298e-05,7.27553e-05,0.0002524971,9.649475e-05,4.7398073e-05
ISIC_0027127,1,0.0013375202,0.99864584,3.5780786e-06,1.0862958e-05,7.483352e-08,7.659704e-08,2.0508728e-06
ISIC_0028849,1,0.002662701,0.9972582,3.4235956e-07,1.3426147e-05,2.8273354e-05,4.8353122e-08,3.7024707e-05
ISIC_0025517,1,0.002119933,0.99127966,0.0055547496,0.00050184154,0.0005032312,7.3794135e-06,3.3181295e-05
ISIC_0030553,1,0.0074076764,0.98753256,0.004415032,2.5238252e-05,0.0005242228,2.8320946e-07,9.509595e-05
ISIC_0027379,1,0.00012222494,0.9988134,3.283578e-07,6.5302956e-08,0.001059436,1.2286666e-06,3.287327e-06
ISIC_0027468,1,0.00031880054,0.9717936,0.00053697306,1.7380853e-06,0.027326731,7.221401e-06,1.5009182e-05
ISIC_0028016,1,2.2629174e-05,0.053618398,0.943818,4.4967317e-05,0.00011044792,0.0008059836,0.0015795782
ISIC_0030639,1,0.001014769,0.76609087,0.01283946,2.2322021e-07,0.21986519,2.3141762e-05,0.00016646122
ISIC_0025165,1,0.0016453492,0.9977041,0.00017704899,0.00038423782,1.3566204e-05,3.483229e-06,7.2204435e-05
ISIC_0028698,1,0.00061860133,0.999032,0.00020207943,9.950478e-05,5.8181245e-06,3.019411e-06,3.8910934e-05
ISIC_0030694,1,0.00010305091,0.99949837,0.00034246076,3.9723923e-06,2.9449217e-05,5.5780106e-07,2.2156797e-05
ISIC_0027798,1,3.180079e-06,0.999979,1.7130404e-06,1.52282e-09,1.5939595e-05,3.2054097e-09,1.6626721e-07
ISIC_0028141,1,0.010139672,0.989796,4.7704954e-05,1.4579884e-07,1.8996097e-06,1.03567054e-07,1.4465195e-05
ISIC_0032310,1,0.00030750775,0.999676,1.6887678e-06,3.8783714e-06,5.2213236e-06,2.4712288e-06,3.130114e-06
ISIC_0026323,1,0.000150921,0.9993123,0.000534793,7.495909e-07,6.082234e-09,2.0223337e-07,1.0184554e-06
ISIC_0030663,1,0.07275924,0.9265941,0.0001329172,2.1439293e-05,0.000200743,0.00025125034,4.0333383e-05
ISIC_0028673,1,2.7662312e-05,0.9999665,8.620183e-07,2.0195173e-06,5.3765507e-07,2.9246272e-07,2.1243025e-06
ISIC_0030151,1,0.0014532274,0.42708147,0.00012518125,0.004256583,0.5669947,6.316211e-05,2.569463e-05
ISIC_0031866,1,7.4898117e-06,0.98894626,1.1744926e-07,2.750673e-07,0.0110326195,1.1024019e-05,2.1689245e-06
ISIC_0028344,1,0.036047757,0.8894194,1.0431787e-06,0.00049828377,0.07331065,7.0529353e-07,0.0007220371
ISIC_0031039,1,0.0005522221,0.99531966,2.1993912e-05,2.662075e-07,2.0454023e-05,0.0039098496,0.00017567303
ISIC_0026665,1,1.2830844e-06,0.9999498,1.6186814e-05,7.871076e-09,4.748497e-06,1.6581078e-05,1.1387045e-05
ISIC_0028608,1,0.0014187205,0.98758,0.00041577595,1.053847e-06,0.008452831,0.002117835,1.3817797e-05
ISIC_0030839,1,0.0022397272,0.79991764,4.410645e-08,8.983556e-07,0.197318,0.00052313664,6.624368e-07
ISIC_0026809,1,0.0013617509,0.9112155,3.7426318e-05,0.0010523478,0.08632099,1.4755602e-06,1.0483499e-05
ISIC_0026157,1,0.00015315054,0.9998425,1.1057981e-08,6.917005e-09,1.6664779e-06,1.373714e-06,1.2107454e-06
ISIC_0030140,1,0.0018544038,0.9973443,9.773572e-07,0.00048561246,3.315322e-07,0.0002895237,2.4944855e-05
ISIC_0027614,1,0.00011639206,0.9998148,4.418753e-06,1.995538e-06,3.175767e-05,1.0077644e-05,2.0501653e-05
ISIC_0025243,1,9.2667506e-07,0.9918771,6.474073e-07,9.966653e-07,0.008117946,1.8375161e-07,2.1763901e-06
ISIC_0030159,1,4.532712e-06,0.9999938,4.8449544e-07,4.985605e-09,9.177594e-09,1.0416014e-06,6.61112e-08
ISIC_0030434,1,7.298131e-05,0.9998412,9.079228e-08,3.191513e-08,8.462557e-05,1.3647355e-07,9.113655e-07
ISIC_0026580,1,0.012368879,0.98744875,8.811922e-05,1.4413314e-05,1.8746648e-06,5.1093204e-05,2.6929543e-05
ISIC_0030919,1,0.00061961747,0.9992828,2.0010339e-06,3.3390572e-07,8.737124e-06,8.6542175e-05,6.4480425e-08
ISIC_0028498,1,0.30211738,0.6187239,0.0012919421,0.0018393196,0.074675694,0.0011070851,0.00024461205
ISIC_0025346,1,0.029587995,0.94379663,0.001194438,0.005406913,0.019687925,0.00012571138,0.00020046173
ISIC_0026260,1,0.0010070943,0.99898785,2.3144891e-07,3.7207035e-09,4.8164525e-06,6.5332273e-09,4.268982e-09
ISIC_0030940,1,0.005305762,0.48538616,8.871013e-05,9.538887e-07,0.50921106,3.733411e-06,3.5802655e-06
ISIC_0030937,1,0.003421341,0.9965353,1.5444173e-05,8.202338e-06,1.4837607e-05,4.796369e-06,1.2631652e-07
ISIC_0025400,1,0.0018228125,0.97760504,4.3771262e-05,3.7403817e-07,0.02052739,2.668067e-07,3.6273843e-07
ISIC_0029792,1,1.0102844e-06,0.9999907,7.187823e-06,8.199706e-10,2.758795e-07,1.929019e-07,6.2033354e-07
ISIC_0026218,1,0.5879769,0.40852198,3.5747384e-05,1.807365e-05,2.246848e-06,0.0034400222,5.065803e-06
ISIC_0028766,1,0.30505097,0.69460535,9.384328e-06,2.131111e-05,6.0665e-06,0.00030370057,3.1965585e-06
ISIC_0028384,1,0.00020914021,0.832608,0.0008372748,1.0736276e-05,0.16529766,0.0002306168,0.00080667314
ISIC_0030155,1,1.8063821e-06,0.9999795,1.4190205e-07,1.7158409e-09,1.6035123e-05,2.5434257e-08,2.477724e-06
ISIC_0027523,1,8.370091e-06,0.9997956,2.8742144e-07,1.4113681e-09,0.00019412971,8.1647704e-07,8.318616e-07
ISIC_0028531,1,0.0070821363,0.992657,2.6845198e-06,6.648367e-07,0.00024908906,7.330014e-06,9.802083e-07
ISIC_0026182,1,2.7196094e-07,0.99999976,2.4641544e-09,1.9225393e-10,5.2585523e-09,2.0237471e-10,5.9989644e-09
ISIC_0025061,1,0.0008702865,0.9991153,8.602481e-06,4.627829e-10,2.6153185e-07,1.0997233e-07,5.41788e-06
ISIC_0028477,1,0.5036003,0.48926705,0.0001905542,0.0026166819,1.7382999e-06,0.003977409,0.0003461892
ISIC_0024577,1,0.02217325,0.97779614,2.0296848e-05,1.5171056e-08,6.008036e-07,7.710386e-06,1.9831427e-06
ISIC_0025647,1,0.0004579651,0.9995345,3.5448057e-08,6.3466155e-10,5.894394e-06,1.5206089e-06,1.1314984e-07
ISIC_0025323,1,0.00068825955,0.9990947,1.5800842e-07,5.4553617e-10,0.00020656659,4.4371586e-06,5.87336e-06
ISIC_0024818,1,0.92413247,0.07475257,1.6223614e-05,4.5863694e-06,0.0010619807,2.62449e-05,5.9060676e-06
ISIC_0031595,1,0.0005787479,0.9994037,1.6944163e-08,1.23318795e-08,1.6453692e-05,1.1589834e-08,1.0743099e-06
ISIC_0031071,1,9.611847e-07,0.99861944,1.74991e-05,1.0653777e-07,0.0013016101,1.0134315e-06,5.9333208e-05
ISIC_0031475,1,7.454933e-05,0.47859046,6.8470194e-06,2.2136655e-08,0.5212902,8.11614e-06,2.9792685e-05
ISIC_0031602,1,0.9339685,0.06115172,5.3957014e-05,1.9107742e-06,0.0048173093,3.6741656e-07,6.1484216e-06
ISIC_0024683,1,0.5009319,0.46084088,0.009496562,0.003930287,0.024563024,0.00023288798,4.4284025e-06
ISIC_0026816,1,1.4262293e-06,0.98618835,1.5788455e-06,6.25732e-08,0.013804158,5.826073e-07,3.808185e-06
ISIC_0028635,1,6.6396924e-06,0.9978255,8.093627e-08,4.239874e-08,0.002166966,1.4769556e-07,7.2363855e-07
ISIC_0026480,1,0.0065662065,0.9934316,7.250704e-10,3.1739333e-12,6.8690464e-10,8.656871e-08,2.0134617e-06
ISIC_0029668,1,0.0045683645,0.99515224,5.1445414e-07,2.8217666e-08,1.78258e-05,0.0002469969,1.4100118e-05
ISIC_0027140,1,1.7724744e-05,0.9999819,1.5288809e-07,2.069941e-09,2.6532706e-07,2.0208883e-09,3.2577187e-08
ISIC_0031322,1,8.007258e-06,0.9999919,1.6624593e-08,1.0246413e-12,1.8752984e-09,4.982487e-09,6.768131e-08
ISIC_0025956,1,0.0007899719,0.9989172,4.7279367e-09,2.5171057e-10,0.0002900818,7.682694e-09,2.7113451e-06
ISIC_0027607,1,0.13780564,0.86218673,4.323375e-08,4.644729e-09,5.4232496e-06,3.6537087e-09,2.135732e-06
ISIC_0024540,1,1.1444388e-06,0.99998486,7.281213e-09,5.5438715e-10,1.3852167e-05,7.1855766e-09,1.5416278e-07
ISIC_0027948,1,0.0011034204,0.99887437,7.110021e-07,1.4488213e-06,1.7300717e-05,1.7512265e-07,2.6255263e-06
ISIC_0025253,1,0.0014375276,0.9982494,3.2357664e-07,8.4412264e-08,0.00030346715,4.330052e-06,4.8604384e-06
ISIC_0027961,1,0.00021089404,0.999519,2.9821201e-06,9.0150405e-07,0.00017814289,1.0268333e-05,7.785278e-05
ISIC_0026190,1,0.037677888,0.95541644,0.0017047032,3.6329886e-06,0.004237098,0.00016586702,0.00079443207
ISIC_0025881,1,7.777819e-07,0.99996614,1.075476e-05,8.2155385e-09,1.1985398e-06,9.111126e-07,2.0186262e-05
ISIC_0031668,1,1.0361045e-06,0.99925464,2.6390936e-07,1.6521484e-09,0.0007417839,7.9074255e-08,2.1385092e-06
ISIC_0027431,1,1.625649e-07,0.99996793,5.127435e-08,1.894702e-11,3.0773153e-05,7.885179e-09,1.1273205e-06
ISIC_0033140,1,0.008331031,0.9915059,1.8203671e-06,2.1977185e-07,0.00016056397,1.5034228e-08,4.0890367e-07
ISIC_0033765,1,1.9949131e-05,0.99997973,3.0454055e-09,6.7652245e-11,3.0484597e-07,5.0088294e-09,5.991e-09
ISIC_0025897,1,9.17357e-05,0.9998908,2.5541137e-08,5.4952416e-06,8.999574e-06,1.3471407e-06,1.6747732e-06
ISIC_0032721,1,2.8940924e-06,0.999859,3.144409e-08,2.2387413e-08,0.0001379054,1.0894103e-07,1.79995e-08
ISIC_0033537,1,0.0028420235,0.996132,3.499494e-07,6.20304e-07,0.0010245047,5.165267e-07,6.2182224e-08
ISIC_0032837,1,2.3711982e-06,0.9940362,4.954369e-06,2.573569e-05,0.0059253923,4.5386346e-06,8.572191e-07
ISIC_0032682,1,5.7176218e-05,0.9860021,1.070517e-05,0.0029262332,0.010748761,0.0002538645,1.0993501e-06
ISIC_0033223,1,2.7879598e-06,0.99999404,2.9610224e-08,1.4565421e-09,3.1912793e-06,3.4545003e-10,6.976236e-09
ISIC_0032764,1,0.006929233,0.9928982,6.0889266e-07,2.7619889e-09,0.00017194921,8.728911e-10,6.0604175e-09
ISIC_0033436,1,0.0055954065,0.99436945,1.3919195e-08,8.640181e-10,3.4106128e-05,4.7571828e-07,5.6180687e-07
ISIC_0033777,1,6.631595e-05,0.99992967,5.513526e-09,2.935197e-08,2.0913867e-06,2.158644e-07,1.6978128e-06
ISIC_0033078,1,0.00093199435,0.9989504,1.6100429e-06,5.32038e-06,9.9794e-05,1.4339861e-06,9.448617e-06
ISIC_0034055,1,1.1684376e-05,0.9999865,4.4440864e-09,8.989981e-09,5.1497574e-07,1.943015e-09,1.2431401e-06
ISIC_0032868,1,9.654825e-10,0.9999763,3.273476e-09,1.4204e-10,2.3746397e-05,5.282767e-09,1.7488373e-08
ISIC_0033211,1,0.01549052,0.98429096,0.00018158226,2.7923046e-09,3.602641e-05,1.2099717e-07,7.561689e-07
ISIC_0033617,1,0.018987712,0.98090404,6.1675946e-06,4.6005464e-08,9.743822e-05,3.9570336e-06,6.8399606e-07
ISIC_0033889,1,8.654224e-05,0.9999051,2.0490681e-07,9.521666e-10,7.691821e-06,2.664335e-07,1.913378e-07
ISIC_0033098,1,0.00034353146,0.9996106,6.0741563e-06,3.7967646e-05,1.1608519e-06,3.556786e-08,6.144711e-07
ISIC_0032607,1,0.00011285328,0.99988675,2.2066673e-07,5.6920957e-10,1.0723867e-07,9.27614e-10,1.7488242e-08
ISIC_0033542,1,4.910883e-06,0.99999475,6.452778e-10,9.296325e-10,2.2980404e-07,2.2162757e-08,8.683154e-08
ISIC_0032748,1,2.5645813e-06,0.9999962,5.1497375e-09,9.859845e-09,7.770979e-07,1.3861282e-09,4.5298594e-07
ISIC_0033577,1,7.864671e-06,0.9999515,2.98717e-07,5.3094883e-08,3.2523274e-06,3.534207e-05,1.8139237e-06
ISIC_0034250,1,3.5112294e-05,0.9999473,2.907999e-08,5.889019e-07,1.6461117e-05,4.7707107e-07,3.6652594e-08
ISIC_0033208,1,0.00018466417,0.99981004,5.8500876e-07,1.2800615e-07,4.515494e-06,5.7105854e-08,1.525436e-07
ISIC_0029152,1,7.693387e-06,0.9999913,6.723881e-07,6.3031514e-08,9.4542315e-08,2.067961e-08,1.1781747e-07
ISIC_0032800,1,1.1401373e-05,0.9999838,2.1195622e-07,1.5593499e-06,1.0578751e-07,3.7124462e-10,2.92666e-06
ISIC_0033341,1,2.0540372e-05,0.999882,1.299994e-06,6.710152e-08,9.442148e-05,2.698489e-10,1.6124683e-06
ISIC_0034302,1,3.8809722e-07,0.99999964,2.6383357e-10,2.0411192e-12,6.5207377e-09,5.5779017e-11,1.0548081e-09
ISIC_0033826,1,1.3387778e-07,0.9999982,6.126712e-08,5.6646554e-10,1.201782e-06,1.1730221e-09,3.4384442e-07
ISIC_0033421,1,5.369892e-05,0.999946,3.9818303e-08,1.1349142e-09,1.5108547e-07,4.127431e-08,6.4841515e-08
ISIC_0033383,1,0.0086810095,0.99129796,1.2788007e-05,7.177434e-09,3.4609757e-06,8.7327595e-07,4.033245e-06
ISIC_0033858,1,0.0017093959,0.99829024,3.471861e-09,4.0736248e-11,2.7624394e-09,7.526065e-09,3.9078725e-07
ISIC_0033025,1,1.2317307e-05,0.9999877,4.221899e-09,1.8089317e-11,1.3529133e-08,1.4976619e-11,1.8131581e-09
ISIC_0033053,1,3.8853113e-06,0.99999607,2.1924977e-08,1.2545992e-11,3.468056e-09,2.687802e-11,2.9212721e-08
ISIC_0032738,1,2.0137772e-05,0.99997675,2.1272838e-08,1.5702371e-08,3.2814071e-07,3.487102e-07,2.373657e-06
ISIC_0034080,1,0.03784298,0.9618949,0.00024233009,1.2161513e-07,1.16695865e-05,2.3670869e-07,7.769967e-06
ISIC_0032789,1,0.00013425577,0.99986446,1.5868427e-07,1.1820777e-09,1.0654651e-06,8.397471e-09,1.6468599e-08
ISIC_0034045,1,9.1490394e-05,0.9999025,5.3102763e-06,6.182584e-09,2.7608675e-07,1.4054027e-08,3.8151964e-07
ISIC_0033190,1,3.8702172e-08,0.99998796,1.0986635e-08,3.4002338e-07,1.1476878e-05,3.3016876e-09,1.8014556e-07
ISIC_0033535,1,2.346216e-05,0.9999726,2.6765738e-07,3.515746e-10,6.928601e-07,3.018378e-09,2.975577e-06
ISIC_0033735,1,0.22406673,0.7759319,6.078129e-08,6.050092e-08,4.6847114e-07,4.4970656e-07,3.2928577e-07
ISIC_0033982,1,0.00012787648,0.9998716,2.2802784e-09,1.5380962e-11,8.9388074e-08,3.3605718e-07,1.240208e-09
ISIC_0024725,1,0.0006520808,0.9992835,3.0844075e-07,9.249689e-09,4.10467e-05,5.685028e-06,1.7434004e-05
ISIC_0031259,1,0.042698648,0.9539414,6.1314545e-06,1.8247894e-06,0.001971878,0.00018561933,0.0011944937
ISIC_0027138,1,2.1927863e-05,0.9996369,1.8216608e-06,7.977757e-08,1.1631442e-06,1.2727471e-06,0.0003367334
ISIC_0024757,1,0.0018492789,0.99787915,5.035992e-07,2.5741222e-06,1.1471449e-06,2.1781292e-05,0.00024558487
ISIC_0026391,1,0.0011484927,0.9988494,1.0898703e-07,1.5620934e-07,1.1569904e-06,1.5212166e-08,7.099003e-07
ISIC_0025122,1,6.061663e-05,0.9999323,4.221818e-09,3.0726361e-09,7.0216433e-06,1.0191173e-08,1.1041213e-07
ISIC_0031216,1,0.12861899,0.8434166,2.3207916e-05,3.8600317e-07,0.027932756,1.292522e-07,8.004226e-06
ISIC_0031769,1,0.0042241197,0.9952318,1.1813682e-05,3.256457e-07,0.0005314996,1.4804117e-07,3.0608624e-07
ISIC_0032379,1,0.00010381744,0.9998653,8.689091e-07,9.2212126e-08,2.4411134e-05,4.714184e-06,7.4265057e-07
ISIC_0029368,1,0.00026381246,0.9997086,1.4430817e-07,5.1258315e-08,9.866778e-06,1.6523805e-05,9.976008e-07
ISIC_0031359,1,0.00096021075,0.69722915,0.005675984,4.342399e-06,0.29600802,8.358829e-05,3.8664013e-05
ISIC_0031454,1,9.13256e-05,0.9955793,0.0035332434,4.6671244e-07,0.00063393253,3.388299e-07,0.0001613179
ISIC_0030909,1,8.792572e-05,0.99990237,1.3485574e-08,5.514343e-09,8.815943e-06,9.087076e-08,7.4841665e-07
ISIC_0031323,1,6.094874e-05,0.9999316,3.451787e-07,1.6894373e-07,1.3931706e-06,4.9982127e-06,5.908633e-07
ISIC_0029143,1,8.617441e-07,0.99972755,2.920743e-05,7.511787e-07,0.00023014365,1.6040242e-07,1.13440665e-05
ISIC_0025652,1,4.004333e-05,0.9999504,3.828734e-09,1.0550298e-09,7.5544403e-06,4.6393325e-08,1.957658e-06
ISIC_0024830,1,5.2311825e-06,0.9999163,8.0255195e-06,3.1354891e-06,3.3928776e-05,4.3737668e-07,3.2865428e-05
ISIC_0028380,1,0.0003705122,0.99958295,5.454914e-07,6.5549635e-08,4.2995624e-05,7.400878e-08,2.714488e-06
ISIC_0030693,1,0.8875797,0.013143736,1.0860269e-06,8.454293e-05,0.09918338,3.5129399e-06,4.1237313e-06
ISIC_0029659,3,6.6785395e-07,6.6954067e-07,3.5457822e-07,0.99991894,6.339454e-05,1.5752106e-05,2.224553e-07
ISIC_0026575,3,0.0030899257,9.221202e-06,2.0033242e-05,0.9930193,0.0038507225,5.856422e-07,1.0157447e-05
ISIC_0030586,3,0.03336151,0.0034692828,0.008394493,0.00055976625,0.9541584,4.601068e-05,1.0537599e-05
ISIC_0025178,3,8.2643775e-05,0.007343582,0.0033174315,0.5063132,2.0985164e-05,0.4828568,6.537548e-05
ISIC_0028730,3,0.00084507884,0.30726162,0.0046613286,0.584566,0.0587137,0.04331315,0.0006391104
ISIC_0029041,3,0.00021624735,1.106159e-05,5.8593545e-05,0.0016369275,0.9980691,1.821793e-06,6.2861304e-06
ISIC_0031040,3,0.0006202848,2.0033838e-06,3.8221213e-05,0.9965815,0.0027002823,5.5475408e-05,2.1954133e-06
ISIC_0030242,3,4.045594e-07,1.2454991e-07,2.3407314e-07,0.99997544,2.3660952e-05,5.388654e-08,1.8623e-07
ISIC_0031119,3,2.243462e-06,6.275373e-05,0.0007438599,0.99911994,2.3194469e-05,5.2099613e-06,4.278689e-05
ISIC_0026362,3,0.00067601405,0.87924844,1.1582367e-05,5.798013e-07,0.11952675,0.00053411693,2.377911e-06
ISIC_0028158,3,8.275053e-06,0.99865,5.249082e-05,0.000741469,0.0005425272,4.5059403e-07,4.7803346e-06
ISIC_0030602,3,0.001062949,0.010221599,3.5938203e-05,0.9735778,0.015073143,1.466294e-05,1.39311205e-05
ISIC_0030076,3,0.0031588231,0.0003460928,0.000358191,0.98967606,0.00029975598,0.005741406,0.00041972808
ISIC_0025539,3,0.0012268975,0.00019567987,5.090353e-06,0.9871048,0.0114133395,5.114155e-05,3.036842e-06
ISIC_0031043,3,0.026310029,0.8763442,0.049580455,0.0066953367,0.03694796,0.00043365572,0.0036882735
ISIC_0026327,3,2.661102e-05,0.0057399827,0.11443074,0.87952787,8.343864e-05,9.946017e-05,9.197992e-05
ISIC_0027958,3,2.8013818e-07,5.0154504e-06,1.1645684e-06,0.9999374,5.605044e-05,1.12463e-09,5.098131e-08
ISIC_0027896,3,2.9357312e-09,2.2710475e-08,1.5841048e-08,0.9999919,8.0547425e-06,3.595189e-10,2.6812002e-08
ISIC_0031940,3,0.010089208,5.458602e-05,1.6703607e-06,0.98614293,0.0036822294,2.0698904e-05,8.680494e-06
ISIC_0031044,3,1.6845079e-06,3.3030876e-05,1.2824555e-05,0.9994678,9.5491545e-05,0.00031424058,7.4915086e-05
ISIC_0025712,3,0.00014151992,8.9531204e-05,9.588685e-05,0.95800203,0.040940817,2.4625626e-06,0.000727623
ISIC_0025358,3,1.3063148e-08,0.00046858427,0.0007210184,0.9987136,8.049792e-05,1.5797661e-05,4.2152132e-07
ISIC_0031609,3,0.005927302,0.9881075,0.00025265364,0.001255394,0.0041563343,6.793524e-06,0.00029393737
ISIC_0024707,3,0.00021616666,0.004677175,3.1729665e-05,0.74129784,0.2537591,4.117058e-06,1.3819599e-05
ISIC_0029860,3,5.2118754e-05,2.9844102e-06,5.9095214e-06,0.9995561,0.00022749149,0.00014950734,5.874218e-06
ISIC_0024517,3,0.0038924122,0.013255675,0.2965972,0.685782,1.3396242e-07,2.4318751e-07,0.00047221268
ISIC_0026466,3,0.00014787335,0.6137367,0.00014265259,0.38433003,0.0016263641,1.5190111e-06,1.4901544e-05
ISIC_0029932,3,6.7538067e-06,0.00020031938,1.9089643e-05,0.9992324,0.0004998309,2.7426813e-05,1.4183728e-05
ISIC_0024575,3,0.00011083769,0.0012794117,4.279315e-05,0.9908847,0.007237903,7.094038e-05,0.00037341763
ISIC_0025089,3,0.00046673024,0.0016583968,1.5562659e-09,4.508518e-06,0.99786854,1.4315264e-06,3.1227134e-07
ISIC_0027178,3,1.1269116e-06,0.00010109204,1.3552092e-06,0.007380157,0.9920589,0.0004454927,1.1780276e-05
ISIC_0028190,3,1.6896876e-05,2.5047835e-05,7.866294e-06,0.9998765,1.8166251e-06,4.3563425e-05,2.8207463e-05
ISIC_0030953,3,0.074377514,0.110783264,0.0018002203,0.81191486,0.001105877,1.91432e-06,1.6384894e-05
ISIC_0025196,3,0.77549356,0.11141368,0.027563237,0.06024929,0.024805866,0.00027292166,0.00020142512
ISIC_0028644,3,0.1826025,0.8014597,0.0048842984,0.0078758625,0.0006497562,5.1822422e-05,0.0024760638
ISIC_0032277,3,0.56139076,0.16258608,2.8496273e-05,0.0002793522,0.2755687,2.101001e-05,0.00012571983
ISIC_0025953,3,0.0006859141,1.5022173e-06,7.5734114e-08,0.9992993,1.2098597e-05,1.3132431e-08,1.0161332e-06
ISIC_0027047,3,0.00010699285,0.072102316,0.2039522,0.7147368,0.0024518566,0.006174124,0.00047572085
ISIC_0029210,3,0.00014828466,0.00033585427,0.00013421492,0.999121,7.29821e-05,0.0001558272,3.183275e-05
ISIC_0024522,3,3.5801645e-06,0.84282374,0.09417868,0.003923021,0.046186,0.012837526,4.7412133e-05
ISIC_0030387,3,1.01690475e-05,0.005505557,0.8540937,0.0007325043,0.13934568,0.00013940853,0.00017304758
ISIC_0028558,3,5.3731757e-08,1.5108657e-07,3.4039442e-09,0.9999962,8.592433e-09,2.956693e-07,3.2837988e-06
ISIC_0027529,3,0.005679333,0.13311778,0.00032499668,0.6882389,0.17074455,0.00053811754,0.0013562525
ISIC_0024463,3,0.006563592,0.0005521696,0.08132813,0.14531218,0.7656431,0.00020549982,0.00039521512
ISIC_0028795,3,0.0005315242,0.5791886,0.0002487499,0.3953514,0.021971561,0.00026544498,0.0024427075
ISIC_0026149,3,2.6177142e-06,7.930811e-08,3.9963022e-10,0.99999666,5.167966e-08,4.2142295e-07,1.9425326e-07
ISIC_0025992,3,2.175606e-06,5.762712e-06,3.2156295e-09,0.9999865,3.228796e-06,6.4776316e-07,1.594886e-06
ISIC_0029781,3,1.0159641e-06,9.577308e-07,2.5397442e-08,0.99997294,7.602191e-07,7.905059e-07,2.3442106e-05
ISIC_0026709,3,2.9891182e-06,9.181175e-05,2.8695265e-06,7.082629e-05,0.9998221,8.922396e-06,6.022884e-07
ISIC_0026319,3,4.7657802e-05,0.025561798,0.122166745,0.851276,0.00049522397,2.2924083e-05,0.0004297149
ISIC_0025319,3,5.2971604e-06,4.6785276e-06,0.11457711,0.8828004,0.0024073238,8.119958e-05,0.00012401181
ISIC_0030549,3,0.00055357395,0.2101752,0.4406373,0.34792435,5.8384754e-05,0.0005485925,0.000102619226
ISIC_0025790,3,0.06630889,0.54057604,0.03727664,0.2183835,0.13641427,1.3349095e-05,0.0010272657
ISIC_0024923,3,2.5885947e-06,5.281381e-05,0.008829828,0.9910999,1.2611973e-05,6.7341894e-08,2.1028395e-06
ISIC_0025803,3,3.172362e-05,6.5189175e-05,0.00020160942,0.90569687,0.09368033,0.0002703179,5.3986445e-05
ISIC_0025471,3,0.0014715514,2.1807547e-05,0.00017513912,0.99766904,0.0004770844,0.00017632917,9.0056055e-06
ISIC_0027930,3,0.45153767,0.5483583,1.7373051e-05,2.8925015e-05,5.727901e-05,1.0348912e-07,3.0630457e-07
ISIC_0024329,3,0.0011936246,0.0025038542,0.15373476,0.8364301,0.005796528,3.2093863e-06,0.00033805383
ISIC_0029460,3,0.002896357,0.002119076,2.992946e-05,0.00021653698,0.9947255,8.101414e-06,4.4518765e-06
ISIC_0026848,3,0.00031016683,0.0015070658,0.001321788,0.9606844,0.03591448,4.6795194e-05,0.00021534001
ISIC_0027668,3,0.0028301224,0.86808217,2.2283628e-05,0.02687339,0.10180457,0.00026842285,0.0001190254
ISIC_0030463,3,0.00013099951,0.009103151,5.6604193e-07,0.9893371,0.00076249265,0.0006463918,1.9256422e-05
ISIC_0026468,3,0.00019867772,0.6049409,0.39233363,0.0013384542,0.0004285541,0.000512584,0.0002472129
ISIC_0026984,3,0.571356,0.42429924,1.975141e-05,0.000191774,0.0041244733,1.4342136e-06,7.2735143e-06
ISIC_0026857,3,0.011207453,0.9750762,0.0008947217,0.012274773,1.0896812e-06,0.00053033815,1.5365848e-05
ISIC_0030825,3,4.2984513e-05,0.0063612782,0.0074328226,0.98421454,0.001306812,4.4058706e-05,0.00059744314
ISIC_0033866,3,0.00026502225,1.891717e-05,0.00019195318,5.581366e-06,0.99951565,3.714771e-07,2.4901285e-06
ISIC_0028820,3,2.6873426e-05,2.0831837e-06,0.00014195095,0.999577,0.00014888709,8.744553e-05,1.5818303e-05
ISIC_0025368,3,0.0042296243,0.011093172,0.0039650872,0.822319,0.15698093,0.000760331,0.00065193034
ISIC_0026765,3,4.613965e-06,9.198236e-08,0.0103057185,0.9896745,1.405067e-05,4.7991847e-07,4.441188e-07
ISIC_0030133,3,1.1133205e-05,2.5294776e-06,2.886445e-07,0.9974675,0.002511287,1.4951654e-06,5.726643e-06
ISIC_0033811,3,0.578898,0.084987506,8.745721e-06,0.0005997411,0.33535692,1.1190387e-05,0.00013783215
ISIC_0026650,3,0.014118485,0.0011073928,0.00040557559,0.9689068,0.015449795,5.294957e-07,1.1499398e-05
ISIC_0033358,3,0.030743463,0.0069315964,3.8696562e-08,0.94747585,0.014707107,3.6272255e-07,0.00014163303
ISIC_0033151,3,0.21312955,0.057387687,1.7072456e-07,0.17651664,0.55261725,4.9034497e-05,0.00029960956
ISIC_0028619,3,2.4519384e-06,0.000101345904,3.9723354e-06,2.085126e-05,0.99985874,1.23502505e-05,1.664963e-07
ISIC_0032854,3,1.2989907e-06,1.0540123e-06,3.2951004e-08,0.4355492,0.564444,1.310621e-07,4.3056907e-06
ISIC_0032258,0,0.001196765,0.98503506,0.0011901818,7.074009e-07,0.0012578632,2.8373875e-05,0.011290983
