image_id,label,prob_MEL,prob_NV,prob_BCC,prob_AKIEC,prob_BKL,prob_DF,prob_VASC
ISIC_0029396,4,1.2877088e-06,0.00020564406,0.70849097,5.7278653e-06,0.2912784,3.7210164e-08,1.7997841e-05
ISIC_0025984,4,6.9442553e-06,0.11998834,0.75757295,5.476518e-05,0.12236942,3.1308795e-07,7.3007627e-06
ISIC_0025767,4,0.0031969077,0.001743693,0.00014113181,7.695189e-05,0.9942069,2.1641366e-05,0.000612802
ISIC_0032417,4,2.3612523e-08,9.226749e-07,1.4118399e-06,1.8752664e-05,0.99982506,0.00015147887,2.3646758e-06
ISIC_0025915,4,0.06804812,0.5087635,0.007428277,0.0006478786,0.41471946,3.6897583e-07,0.00039242668
ISIC_0031029,4,0.0022489303,5.5001383e-05,9.879004e-06,8.034144e-05,0.997592,1.7713411e-08,1.390239e-05
ISIC_0029836,4,0.008299771,0.07663578,0.020351447,0.042894024,0.8497701,0.0002996851,0.0017491702
ISIC_0032129,4,2.5235834e-06,0.00018949932,0.00026904582,3.122181e-07,0.9158147,6.4597143e-06,0.083717465
ISIC_0032128,4,4.565399e-06,0.005832025,3.2605556e-05,0.0020056271,0.9921234,9.255229e-09,1.6940522e-06
ISIC_0025937,4,0.0006642276,0.24789633,0.17483835,1.3749017e-05,0.5765304,1.5303836e-08,5.690289e-05
ISIC_0027828,4,0.011478859,0.08187744,8.839435e-09,0.0016464068,0.90494037,2.482392e-07,5.6639168e-05
ISIC_0029291,4,0.33117333,0.6681249,0.00014163532,0.00033997503,9.095166e-05,9.383932e-05,3.535012e-05
ISIC_0027815,4,0.00011474407,0.0011393947,4.4599834e-05,2.0783964e-06,0.99869424,2.4918825e-07,4.690936e-06
ISIC_0024324,4,1.612571e-05,0.0060438644,1.3211276e-06,9.770212e-08,0.9939355,4.8804685e-07,2.6261262e-06
ISIC_0029559,4,0.000590028,0.9669138,0.0035168882,1.4313504e-06,0.02770201,0.00035709186,0.00091870246
ISIC_0029413,4,0.9895517,0.010358773,2.0935974e-07,2.4609803e-06,8.679177e-05,2.3609573e-10,6.022853e-08
ISIC_0029576,4,0.8712275,0.0022306282,0.00068640336,3.641874e-05,0.12581003,1.2932416e-08,8.989821e-06
ISIC_0029289,4,0.00016117784,0.9996753,8.719691e-06,1.6861331e-05,4.6374702e-05,3.822557e-06,8.779633e-05
ISIC_0029912,4,0.03094879,0.96897775,1.7900835e-10,1.3307598e-09,4.4404598e-05,7.105145e-07,2.838159e-05
ISIC_0031624,4,2.5517074e-05,0.005581777,4.0357797e-09,7.6532315e-06,0.99434316,2.1737842e-08,4.191456e-05
ISIC_0025510,4,2.1193407e-06,0.003111515,4.2531977e-07,1.5452127e-11,0.99687105,3.2617956e-07,1.4560189e-05
ISIC_0032306,4,4.9407042e-08,2.3996898e-07,3.3472028e-07,2.1007155e-07,0.9999949,4.263087e-06,1.3362679e-09
ISIC_0027957,4,0.2578315,0.7403973,0.0010026466,4.3268756e-06,0.0007559776,4.9232034e-07,7.724628e-06
ISIC_0031212,4,0.0055334433,0.9938167,0.0006090632,1.4536641e-06,3.72228e-05,4.0511722e-07,1.7621204e-06
ISIC_0032534,4,0.018089605,0.009140003,0.9698435,7.6880115e-06,0.0027406062,0.00015414403,2.4388126e-05
ISIC_0033785,4,0.0020427585,0.023141496,0.6700868,1.9056426e-05,0.3046744,3.234079e-05,3.152037e-06
ISIC_0033184,4,0.00056020316,0.0008457691,0.9949462,2.1118117e-08,0.0036474157,2.583763e-07,2.93905e-07
ISIC_0033041,4,0.26062286,0.56668115,0.0003706033,3.1546733e-06,0.1723145,7.2599532e-06,5.7738185e-07
ISIC_0033900,4,0.0076207146,0.6802754,7.83299e-07,4.151197e-05,0.31198448,6.77069e-05,9.369074e-06
ISIC_0033361,4,0.003877133,0.058589146,7.534985e-09,5.8562164e-05,0.9374724,3.7733338e-07,2.3470413e-06
ISIC_0032732,4,0.00036039005,0.9984326,1.7803599e-08,2.8715033e-07,0.0012064363,5.0127213e-09,3.8300607e-07
ISIC_0032778,4,2.2593624e-05,0.9999168,3.4138102e-07,3.460647e-08,5.6135672e-05,5.154159e-07,3.680251e-06
ISIC_0033466,4,0.0029564463,0.99691856,5.115274e-07,7.759374e-07,0.00010541725,1.0657537e-06,1.7122946e-05
ISIC_0033482,4,4.7196645e-06,1.5930342e-05,3.749079e-08,2.7696961e-08,0.99997914,1.0629619e-09,2.2943246e-08
ISIC_0033201,4,3.893252e-06,8.573536e-06,5.577722e-09,1.8626437e-07,0.99998736,5.5440194e-11,8.343961e-09
ISIC_0032842,4,0.04612814,0.009826161,5.9743794e-05,0.008318552,0.9355164,0.00011392776,3.709576e-05
ISIC_0032618,4,0.56839794,0.43030277,0.00027472523,2.1709797e-05,0.001001715,2.265262e-07,8.196396e-07
ISIC_0032513,4,0.21802849,0.7799889,3.5268673e-05,0.00074422685,0.00084427104,0.00031004232,4.8839367e-05
ISIC_0032877,4,0.020669306,0.0011894583,4.154459e-07,1.3571014e-06,0.9781392,3.27282e-09,2.2321612e-07
ISIC_0034175,4,0.3721136,0.0016874537,1.510784e-06,0.0021759472,0.6240204,7.2523775e-08,1.0081291e-06
ISIC_0033523,4,0.24277064,0.00012307763,6.35716e-07,1.1367783e-06,0.7571039,5.92503e-10,5.0239134e-07
ISIC_0033280,4,0.002314927,0.014548158,6.894543e-05,1.742988e-06,0.9817877,2.5271999e-07,0.0012782633
ISIC_0033212,4,3.294138e-05,0.0005907654,6.955352e-07,0.00019120536,0.99914193,4.678185e-06,3.764992e-05
ISIC_0033770,4,0.005519122,0.0016317279,2.6193822e-05,1.8858884e-06,0.9921146,0.000175488,0.00053094263
ISIC_0032688,4,6.748778e-07,5.729009e-08,6.9429154e-07,0.009852438,0.99013674,9.300643e-06,1.26569635e-08
ISIC_0033252,4,0.36609694,0.08397748,0.0011251312,0.007529439,0.47442064,0.05774789,0.0091024665
ISIC_0032570,4,6.184503e-06,2.5121192e-06,3.7539605e-06,0.00014679106,0.9994504,0.0003901038,3.0563157e-07
ISIC_0033606,4,0.97369045,8.963847e-05,2.3548795e-05,1.2215007e-07,0.026195329,2.8355225e-07,6.2849085e-07
ISIC_0034103,4,0.9854371,0.011702042,0.00047685442,1.6919093e-07,0.002299721,1.2833915e-06,8.274725e-05
ISIC_0032883,4,0.99415094,1.1186693e-05,1.8753282e-10,1.3039928e-08,0.0058374684,5.0727586e-08,3.4088654e-07
ISIC_0034070,4,3.5762914e-05,0.00061543327,2.394448e-07,4.3993683e-08,0.9993486,3.8628825e-09,1.8462627e-08
ISIC_0033709,4,0.0074916575,0.0003483612,8.061895e-06,1.0802898e-06,0.9921508,2.2117286e-08,1.2622978e-08
ISIC_0033587,4,0.45023403,0.20586635,1.7836372e-07,1.1140772e-06,0.34389418,4.1043145e-06,2.2644203e-08
ISIC_0032675,4,0.00025012376,0.00033723153,2.9345442e-09,3.4951256e-07,0.9994123,1.9474381e-08,5.4368634e-08
ISIC_0033581,4,0.00048175358,0.0011202308,1.1182752e-05,4.243638e-05,0.99831283,1.39332815e-05,1.76699e-05
ISIC_0033913,4,3.4722147e-05,0.000727466,2.7473382e-08,1.4188091e-05,0.99921954,4.0419327e-06,4.309583e-08
ISIC_0028792,4,8.801513e-10,3.9838874e-10,4.9615822e-11,7.1870314e-12,1.0,1.4986148e-11,1.8505598e-11
ISIC_0033397,4,0.0010676619,0.044474736,2.3962658e-08,1.3579072e-09,0.954457,4.3993637e-07,4.8053213e-08
ISIC_0033414,4,0.02957469,0.9027146,2.4476291e-08,7.6662365e-09,0.06771056,6.5991266e-08,2.7782551e-08
ISIC_0034113,4,8.9541136e-05,0.00023180616,2.5761664e-09,1.5806152e-11,0.9996785,1.8781482e-07,7.7111906e-10
ISIC_0034259,4,1.18302115e-08,1.2124619e-09,7.511322e-10,8.865241e-12,1.0,1.9104387e-08,5.2754036e-08
ISIC_0033446,4,0.00046930436,0.00042039694,0.00029796027,1.9102227e-07,0.99881136,1.6936585e-07,6.232246e-07
ISIC_0033200,4,2.5441183e-08,1.0521608e-08,9.767728e-10,1.5886811e-11,1.0,8.635644e-09,3.975322e-08
ISIC_0033629,4,0.0005103071,0.99350363,9.518304e-09,3.832009e-08,0.0059854425,1.7096974e-10,6.757688e-07
ISIC_0034037,4,0.00029843432,0.8224589,0.0007645818,1.02625094e-07,0.17647453,2.9984355e-06,3.9207333e-07
ISIC_0032876,4,2.8569391e-05,0.035093483,2.851162e-06,1.0365937e-06,0.9648739,1.4292783e-07,5.826716e-09
ISIC_0030124,4,0.0008389638,0.9888026,7.307157e-05,1.028394e-06,0.009733232,9.5025165e-08,0.0005509452
ISIC_0030705,4,1.3927002e-08,7.4248095e-07,9.082008e-13,1.7151051e-10,0.9999993,4.9812453e-11,2.7266665e-11
ISIC_0031345,4,0.00035198417,2.4047972e-06,1.6552258e-07,1.8751107e-05,0.99011236,0.0095138475,5.513437e-07
ISIC_0028701,4,1.1607208e-06,0.0044365847,1.6019229e-06,4.2455254e-06,0.9955545,1.01304714e-07,1.7405017e-06
ISIC_0025777,4,1.947951e-05,0.22137995,7.388165e-05,6.1939885e-05,0.7784578,1.06145464e-07,6.7615233e-06
ISIC_0027042,4,0.0049991454,1.3479516e-05,9.24528e-08,6.032953e-07,0.99498665,1.0292115e-08,2.2583767e-10
ISIC_0030721,4,1.4514455e-08,8.2793086e-08,5.6656425e-08,1.3318552e-12,0.99999976,1.583127e-11,2.0011218e-08
ISIC_0032168,4,0.07961942,0.08496148,1.2739555e-05,6.3125654e-08,0.83539724,6.641563e-06,2.417221e-06
ISIC_0025337,4,0.00048399044,4.9202095e-05,1.4932229e-07,4.9863347e-06,0.99945885,2.884584e-06,1.070501e-08
ISIC_0027649,4,0.2274109,0.001006379,1.7884092e-07,8.665631e-05,0.7714904,1.989158e-06,3.4875336e-06
ISIC_0030095,4,0.95278716,0.001037784,1.450149e-07,1.1108381e-06,0.046168406,5.115013e-06,1.998966e-07
ISIC_0031394,4,0.007886604,0.00026648515,1.3829637e-05,1.19160944e-07,0.9918075,2.5349125e-05,6.670657e-08
ISIC_0024412,4,1.8431225e-05,0.00095191563,0.00023798528,0.00046261802,0.9982849,2.6005233e-05,1.8142948e-05
ISIC_0024883,4,0.042368338,0.8355911,0.06555784,0.00011458551,0.05620371,0.0001317168,3.280182e-05
ISIC_0027367,4,0.94156426,4.7857702e-05,4.943491e-09,1.0232772e-08,0.058387697,1.3680751e-07,1.6965399e-09
ISIC_0032156,4,1.6916654e-05,1.0433607e-06,3.1600987e-08,4.46943e-10,0.999982,4.613909e-10,1.2630277e-08
ISIC_0025703,4,0.017095106,5.594892e-05,2.0283355e-08,2.9698467e-07,0.9828468,1.0883198e-06,8.1241785e-07
ISIC_0032481,4,1.4514492e-05,4.4371038e-05,9.35525e-08,9.254603e-08,0.9992362,0.0007046342,4.833771e-08
ISIC_0029519,4,0.0014280943,0.0011074968,0.0002294325,2.5082915e-07,0.9972345,7.991638e-08,1.0990504e-07
ISIC_0028511,4,0.0016286636,0.41006085,0.007514565,6.4865816e-08,0.5805202,0.00026466468,1.0984419e-05
ISIC_0026714,4,1.0533913e-06,0.0028267656,3.25849e-07,1.3626556e-06,0.9971704,5.7353528e-08,4.2330672e-08
ISIC_0028473,4,0.016190764,0.98225456,0.00022670791,1.1636133e-05,0.0012677559,8.917811e-08,4.8555194e-05
ISIC_0025529,4,9.606039e-06,1.9391302e-05,1.9042099e-07,1.0730433e-07,0.99997056,4.6289603e-08,1.1185325e-08
ISIC_0025075,4,4.154831e-05,0.0050314036,1.5092432e-06,2.0315285e-06,0.9949116,7.944912e-07,1.1168869e-05
ISIC_0027969,4,0.000377577,0.1129934,3.5536082e-06,0.003174639,0.8828582,9.772362e-06,0.0005828153
ISIC_0031770,4,3.7177122e-06,0.94390976,0.0004520742,0.0010722134,0.05450537,6.8937316e-06,5.0050217e-05
ISIC_0029557,4,6.2071717e-09,0.00013330295,1.7343146e-09,1.1452161e-05,0.9998547,7.2243127e-09,4.252917e-07
ISIC_0032123,4,0.00021200323,0.31205848,0.00020478998,0.0050405003,0.6787025,0.003444708,0.00033702294
ISIC_0031819,4,7.041202e-05,2.486588e-06,4.6023515e-06,2.7284588e-07,0.9987325,7.137308e-08,0.0011896684
ISIC_0027706,4,0.2588935,0.3388516,5.7112447e-05,0.00012055715,0.40201148,3.2360833e-05,3.3408305e-05
ISIC_0027801,4,4.5926853e-09,1.962603e-06,2.3003682e-07,2.1193432e-06,0.9999944,1.2501799e-06,7.0563058e-09
ISIC_0029991,4,4.006383e-05,4.6926616e-06,0.012546513,0.948438,0.034175362,0.004705084,9.026647e-05
ISIC_0028100,4,1.8791322e-07,0.0006306518,3.8394555e-05,1.3229456e-05,0.9993155,3.4399164e-07,1.6741448e-06
ISIC_0031449,4,8.597269e-06,0.021357905,8.554381e-08,0.15709305,0.82153755,1.9644665e-06,9.2173815e-07
ISIC_0026842,4,4.8180714e-06,0.049442023,0.00014100048,0.93021685,0.020180216,7.0513374e-07,1.4437373e-05
ISIC_0025746,4,8.664901e-06,0.0168595,9.2545465e-09,9.8543405e-06,0.9831218,7.793239e-10,8.2933525e-08
ISIC_0029791,4,5.619841e-05,5.593931e-06,2.0773808e-07,8.870522e-09,0.9999379,6.223162e-08,3.4953548e-08
ISIC_0024758,4,1.21235025e-05,0.00019027955,0.037090845,1.3097717e-06,0.96266544,1.0103362e-07,3.993664e-05
ISIC_0024760,4,2.7833784e-07,0.00015176072,8.918477e-06,0.96075624,0.039068192,1.9935692e-08,1.4596585e-05
ISIC_0027006,4,0.0001683519,0.00037890486,4.244642e-08,3.9928675e-08,0.99945265,2.1763652e-08,1.4656587e-08
ISIC_0029596,4,4.7130536e-05,0.005709143,5.643751e-07,5.2779686e-08,0.99424285,1.4163093e-08,1.376849e-07
ISIC_0025351,4,0.0008212106,8.5570355e-06,7.5180964e-05,6.6256775e-06,0.9990884,6.068651e-08,2.5563923e-10
ISIC_0031702,4,0.0003676798,0.0029952587,0.04177265,0.023728557,0.9308566,7.3422234e-07,0.00027858862
ISIC_0029031,4,5.6678995e-10,1.2804965e-08,2.3955188e-05,4.0333097e-07,0.9999757,1.0892314e-12,2.1144336e-12
ISIC_0025086,4,6.175074e-06,0.000158563,3.9659201e-07,6.5716144e-08,0.99983466,3.712744e-09,4.0889468e-08
ISIC_0026895,4,5.0238512e-05,0.004534278,0.00056331715,3.3413776e-06,0.9948431,1.7426698e-08,5.597719e-06
ISIC_0027991,4,0.00063099404,2.6819085e-05,0.0001971844,6.2817744e-05,0.999081,8.888251e-08,1.1601982e-06
ISIC_0031289,4,1.0921755e-05,1.9237455e-06,5.4103637e-08,5.504576e-08,0.9999869,4.016829e-09,8.605462e-08
ISIC_0030172,4,1.0072328e-08,3.9220093e-05,3.331597e-08,0.00082722405,0.9991335,1.7067082e-10,3.2562946e-09
ISIC_0025064,4,0.027080579,0.95441073,0.006423692,3.499908e-05,0.012045062,9.272757e-07,3.9533534e-06
ISIC_0027355,4,0.0005489586,3.9377133e-05,2.1231928e-08,2.8227852e-05,0.99938333,1.6027456e-09,6.605321e-08
ISIC_0026787,4,0.24004596,0.00014918136,0.0010489386,6.4267842e-06,0.75866807,8.129847e-05,1.316052e-07
ISIC_0028043,4,5.03261e-10,1.6022554e-08,1.4287967e-07,2.2693726e-08,0.9999999,7.189187e-11,9.415213e-11
ISIC_0028640,4,0.0004008174,0.0028118554,7.1856746e-05,1.5732523e-06,0.99670404,5.963155e-06,3.911195e-06
ISIC_0027437,4,5.9654976e-05,0.00041989295,1.5729267e-05,4.4417592e-07,0.99950373,1.8284089e-08,5.321456e-07
ISIC_0028201,4,3.8432456e-05,1.8949248e-07,4.5409674e-08,7.4217826e-07,0.99996054,4.118382e-09,1.4594362e-08
ISIC_0029260,4,0.3927971,0.0018802083,1.0474193e-06,0.000112101865,0.6052093,2.169371e-09,2.865523e-07
ISIC_0024997,4,4.8204777e-07,9.36388e-06,1.371205e-09,9.857529e-09,0.9999901,8.686239e-09,4.676803e-09
ISIC_0029126,4,7.4028827e-07,2.0667251e-08,0.01420827,0.80130494,0.18448608,1.9653013e-08,3.063255e-08
ISIC_0028702,4,3.176553e-05,1.5227494e-07,0.0018807348,8.8261817e-07,0.9980862,1.958228e-08,2.3720844e-07
ISIC_0026843,4,0.99912566,0.0008327234,3.2912303e-05,3.4494708e-06,3.7054738e-06,6.834416e-08,1.5071303e-06
ISIC_0029841,4,0.00010815828,0.009458922,0.009813924,1.8265997e-06,0.9806024,1.1660025e-07,1.4804795e-05
ISIC_0030965,4,0.11364021,1.0036338e-05,1.2599268e-07,6.3109513e-07,0.88634896,8.083978e-09,1.4899193e-09
ISIC_0025699,4,0.10239766,0.8722168,3.4826666e-08,3.5602102e-06,0.025372405,4.3846786e-08,9.502046e-06
ISIC_0029617,4,0.058481112,0.94108886,4.455689e-07,2.3442078e-06,0.0004219743,2.78854e-06,2.412599e-06
ISIC_0026947,4,0.0054853326,0.9359483,5.628181e-06,5.069591e-07,0.05855976,8.107503e-08,3.2691747e-07
ISIC_0024839,4,0.000515254,0.36587927,0.00016522442,7.541335e-06,0.6334301,1.1089637e-08,2.5290606e-06
ISIC_0030458,4,0.4325891,0.42955312,2.6736307e-06,5.7575385e-06,0.13783558,1.240054e-05,1.3817564e-06
ISIC_0026335,4,1.6147835e-06,1.2848218e-05,1.291038e-05,0.99390346,0.005549202,1.2474277e-09,0.000520017
ISIC_0027916,4,0.00376856,0.01683235,0.03544021,1.7423125e-05,0.9439337,6.526566e-08,7.606099e-06
ISIC_0031903,4,6.341095e-06,2.1169873e-10,1.9048863e-06,3.5465058e-07,0.9999914,9.978915e-09,3.2816676e-11
ISIC_0031459,4,0.27347887,0.053239163,5.898552e-06,3.8838105e-05,0.6731648,3.0723281e-06,6.94665e-05
ISIC_0024420,4,0.00040932887,0.0097987335,6.4725773e-06,7.90257e-06,0.98977673,3.4977294e-08,8.368899e-07
ISIC_0030801,4,0.00022870957,0.037823774,2.8939667e-07,0.0002477052,0.9616659,2.0487154e-09,3.365241e-05
ISIC_0029101,4,1.5418799e-07,1.14501845e-05,7.329924e-07,3.8154017e-06,0.99998343,3.2607093e-07,1.0302262e-07
ISIC_0027681,4,0.0002925218,0.00016212976,1.9642053e-08,6.79865e-08,0.9995453,4.1826724e-09,1.6709045e-09
ISIC_0025040,4,0.013303337,0.98646486,1.545855e-05,8.217619e-06,0.00018689236,2.0240564e-05,1.0026541e-06
ISIC_0026704,4,1.3442864e-08,2.8092193e-08,9.9317485e-06,2.0931827e-06,0.99998796,1.6754806e-10,4.1121764e-09
ISIC_0026523,4,6.460506e-07,1.1447071e-06,5.5824945e-08,1.03804e-06,0.99999714,6.244967e-09,3.0385557e-08
ISIC_0026553,4,4.436936e-05,1.090736e-05,0.00012939841,3.1695957e-09,0.9998153,2.5767144e-10,5.413275e-08
ISIC_0032365,4,1.0445984e-05,0.8088959,3.5683736e-09,2.675187e-07,0.19109134,8.294818e-09,2.0045275e-06
ISIC_0025199,4,0.010739936,0.8763139,5.6029443e-09,9.064789e-06,0.112918675,1.1398872e-06,1.7252203e-05
ISIC_0029849,4,3.868688e-07,0.0030896496,3.5730293e-06,1.0706628e-07,0.9969056,2.6351404e-07,5.095294e-07
ISIC_0027504,4,0.00021053573,5.3018175e-05,8.780127e-05,1.8780266e-08,0.9996486,3.244009e-09,7.878001e-09
ISIC_0029406,4,0.00015025736,1.8883177e-06,1.1252859e-09,6.3866315e-07,0.99984705,7.5168735e-08,2.0816113e-08
ISIC_0031980,4,1.326282e-10,1.5173118e-08,1.9156315e-07,5.8847883e-12,0.99999976,6.3181696e-11,1.8018059e-10
ISIC_0028414,4,1.5378624e-05,5.4355173e-06,7.48572e-06,8.814809e-06,0.99996257,6.577546e-08,3.0610448e-07
ISIC_0028451,4,0.0025846488,1.716514e-06,8.9397e-06,0.0014865671,0.9959181,6.3407586e-09,3.8289006e-08
ISIC_0026744,4,6.1340485e-05,0.007036995,0.00037757904,2.3645864e-05,0.99250036,1.255323e-07,9.612744e-09
ISIC_0028236,4,2.23512e-05,0.7267256,5.238732e-05,0.06508846,0.19980419,0.008269878,3.7219983e-05
ISIC_0031496,4,8.1819366e-05,0.016347677,0.00023520969,0.0002499085,0.9830739,2.3834498e-06,9.177366e-06
ISIC_0027388,4,1.6793934e-05,9.020117e-05,9.501595e-06,7.676914e-05,0.9998062,1.9560014e-07,3.256061e-07
ISIC_0028931,4,0.0013341287,0.00073732337,2.8607935e-06,6.184844e-06,0.9978188,9.63661e-05,4.239365e-06
ISIC_0030605,4,0.00022480512,0.00018914933,1.1782488e-08,2.9546507e-07,0.9995857,7.3099438e-09,3.0854843e-11
ISIC_0029029,4,3.307561e-06,5.9863836e-05,0.00015832722,0.00012946186,0.99963224,4.829977e-06,1.195328e-05
ISIC_0025799,4,0.004908897,0.06394672,6.7623773e-06,4.5736333e-06,0.93111867,5.7283547e-08,1.4372175e-05
ISIC_0029627,4,0.00056877825,0.36249658,2.0106647e-05,3.790788e-05,0.6368053,4.8320835e-08,7.125884e-05
ISIC_0027435,4,0.0027311682,0.02317509,5.125425e-05,2.3028282e-05,0.97401243,3.641939e-08,7.0000056e-06
ISIC_0028180,4,0.030529821,0.71745706,0.0006583887,0.00016440962,0.2510943,6.216579e-07,9.545264e-05
ISIC_0024877,4,2.487849e-07,4.5006828e-07,1.3286285e-10,4.4544563e-12,0.9999993,9.538468e-10,9.2083247e-10
ISIC_0030835,4,2.8637699e-06,0.0053567877,7.988107e-08,1.3433308e-06,0.9946384,1.6469778e-08,5.1907654e-07
ISIC_0026016,4,0.009373773,0.0028827428,3.7647172e-07,3.0868482e-06,0.9877346,5.3336637e-09,5.427486e-06
ISIC_0029505,4,2.1083706e-07,8.131893e-07,2.3724755e-08,5.5168914e-10,0.9999988,3.5185682e-10,6.227377e-08
ISIC_0025378,4,2.7192175e-06,7.664317e-09,1.7455889e-07,9.4575645e-09,0.99999714,1.2704171e-10,3.8294154e-10
ISIC_0030394,4,0.0029710599,0.0020214124,0.00012968897,1.3472522e-06,0.99487597,8.570826e-08,5.1340476e-07
ISIC_0031277,4,3.4467525e-06,1.6986064e-06,2.8456571e-07,3.110154e-08,0.9999945,1.8248985e-08,6.682701e-09
ISIC_0027270,4,7.761288e-05,0.00025151632,2.4415752e-07,1.9629802e-07,0.9996704,3.6750567e-09,8.3461266e-08
ISIC_0031853,4,1.3758969e-06,3.0799015e-06,6.9724506e-06,1.3706046e-08,0.99998844,2.2044066e-08,1.18235555e-08
ISIC_0031329,4,1.7327877e-05,1.2149869e-06,2.6924065e-06,1.5277825e-06,0.999977,8.145294e-08,1.6875188e-07
ISIC_0025753,4,0.00043540297,0.005304524,5.1809525e-06,0.0031992996,0.9910483,3.3657207e-06,4.0711398e-06
ISIC_0031600,4,0.00073041266,0.0035075778,1.5761048e-08,1.2482635e-06,0.99576,9.334865e-10,6.626779e-07
ISIC_0028094,4,0.093338765,0.066648245,8.939343e-06,3.97328e-06,0.8399768,1.8826862e-05,4.388493e-06
ISIC_0029455,4,0.00023660246,2.7748533e-06,0.009000544,1.7249355e-05,0.99073863,3.822795e-06,3.1554754e-07
ISIC_0030123,4,0.052637223,0.48382947,0.00048814924,0.002046506,0.45996946,0.0009347404,9.4553194e-05
ISIC_0031945,4,0.0033484516,2.8942736e-06,6.6622056e-06,1.8940179e-07,0.9966408,1.1419829e-08,9.734496e-07
ISIC_0029464,4,2.5650903e-05,0.010836013,1.0017487e-05,8.047542e-06,0.9891178,3.5240203e-07,2.1679255e-06
ISIC_0026530,4,1.6137591e-07,9.821452e-05,8.096305e-09,7.145084e-10,0.99990165,1.406094e-11,7.950332e-09
ISIC_0024915,4,1.1223788e-05,0.0012377675,0.00031404564,8.0378006e-05,0.9981079,0.00021838072,3.0310615e-05
ISIC_0024409,4,2.7431645e-07,1.3203912e-07,0.00014449887,2.4934934e-05,0.99982977,3.0346777e-07,3.9401204e-08
ISIC_0029555,4,0.012049047,0.043857545,0.00027018343,2.792237e-06,0.9437972,2.043603e-07,2.2961558e-05
ISIC_0033460,4,0.009271913,2.47483e-05,1.1050252e-08,5.3434334e-08,0.99070287,5.2685715e-07,1.2313982e-08
ISIC_0034315,4,0.0012837735,0.001017264,7.112138e-08,1.0291295e-05,0.99768496,3.5634002e-08,3.6604322e-06
ISIC_0032967,4,0.0042527043,0.0031475641,2.3166566e-08,3.4596617e-06,0.99259573,4.052266e-07,2.3710709e-07
ISIC_0033305,4,5.390406e-06,3.3596828e-07,1.04775745e-05,3.3418946e-08,0.9999838,1.3697011e-09,7.3361504e-11
ISIC_0032315,4,0.0005426486,0.78137565,3.2769117e-07,3.979018e-09,0.21806177,3.0321192e-07,1.9293002e-05
ISIC_0028411,4,2.6926446e-05,0.0006033237,1.6931073e-08,2.732934e-10,0.9993672,1.8270613e-06,6.5462564e-07
ISIC_0034197,4,1.990672e-07,6.9770056e-07,2.1101756e-09,1.0331145e-05,0.99998784,6.10874e-07,2.3050505e-07
ISIC_0034057,4,1.0351369e-05,3.3620688e-06,5.414419e-08,2.860282e-06,0.9999827,5.63043e-07,4.6477993e-08
ISIC_0034165,4,0.614532,0.04800644,7.631398e-07,2.5293733e-05,0.33738053,2.3978386e-05,3.0930765e-05
ISIC_0033185,4,0.9989291,0.0004399423,1.9980531e-08,2.7556071e-08,0.0006261367,3.6945837e-06,1.0186175e-06
ISIC_0033783,4,0.0016762209,3.6063942e-05,5.593515e-06,7.6375e-06,0.9982743,4.579265e-08,9.708995e-08
ISIC_0033693,4,0.59827673,0.10987446,0.041736133,9.015316e-05,0.24994817,1.3829939e-06,7.2987095e-05
ISIC_0032740,4,0.00080211816,4.805175e-06,0.00028933975,0.00038002696,0.99852115,1.2451884e-06,1.2965704e-06
ISIC_0034252,4,0.9976578,0.00016050854,7.778354e-06,7.4478004e-07,0.0021729018,1.8762405e-07,1.6035774e-07
ISIC_0033829,4,0.86056125,0.068089016,4.769894e-06,0.00031204187,0.07103267,6.3913205e-08,1.4509607e-07
ISIC_0027747,4,5.1449227e-08,0.00051618513,2.0918108e-11,1.1754908e-07,0.9994837,1.0286669e-11,4.4111874e-09
ISIC_0026205,4,0.0001831211,0.0005868728,2.1704162e-05,1.2446641e-07,0.9992078,6.175558e-08,3.90575e-07
ISIC_0024337,4,2.467026e-08,4.453491e-07,1.8908183e-10,6.192888e-10,0.9996934,0.0003048379,1.3052216e-06
ISIC_0026566,4,2.7292674e-10,1.3683788e-06,4.0729364e-11,5.8643654e-12,0.99999857,3.3501626e-09,1.68318e-09
ISIC_0032124,4,2.395172e-07,1.5351709e-06,2.536953e-10,9.914479e-06,0.9999882,2.3677265e-08,1.0081083e-07
ISIC_0029251,4,0.00050716306,0.009848805,9.6037475e-08,4.4607793e-07,0.989606,4.166247e-07,3.7122893e-05
ISIC_0026867,4,0.0014170023,0.0007480848,1.1965359e-08,2.0771206e-06,0.9978327,4.8893238e-08,5.0046594e-08
ISIC_0032460,4,1.656765e-06,0.00014213576,0.0027052914,5.286474e-05,0.9970951,2.0863105e-07,2.7681713e-06
ISIC_0027025,4,7.568199e-10,1.4436654e-08,2.03063e-10,3.8278596e-08,1.0,4.1840125e-11,5.250616e-09
ISIC_0027041,4,0.0070240805,0.93514377,3.0136955e-06,4.4130064e-07,0.057782974,4.424001e-05,1.462139e-06
ISIC_0030088,4,5.921081e-05,0.016564967,6.7689743e-06,6.3396715e-07,0.9833245,4.3422504e-05,5.1385774e-07
ISIC_0028525,4,0.85068387,0.012159584,1.3066362e-07,2.07832e-07,0.13715601,2.6668639e-08,2.2239226e-07
ISIC_0031088,4,6.1483303e-09,0.00017311273,2.6655311e-09,1.6068137e-07,0.9998266,1.0838155e-09,1.5857238e-07
ISIC_0025330,4,6.963766e-08,5.4205768e-05,3.0123143e-10,7.51416e-08,0.99994195,3.1702133e-10,3.674848e-06
ISIC_0026135,4,1.1105766e-05,6.173828e-05,1.046644e-08,1.7935527e-10,0.99992716,3.4862623e-08,2.4086622e-08
ISIC_0029233,4,6.669256e-05,0.008385453,3.858713e-09,2.1692628e-08,0.9915447,3.031877e-07,2.7928818e-06
ISIC_0026967,4,1.0621178e-05,4.756508e-06,3.7695354e-08,1.6028242e-06,0.99918777,0.00079519226,5.424591e-08
ISIC_0029227,4,9.090328e-06,0.03568321,1.3708049e-07,1.007891e-09,0.96297044,0.0013355062,1.5316641e-06
ISIC_0025879,4,7.046456e-10,2.9266698e-09,2.4929445e-13,1.6975215e-11,1.0,3.3590238e-12,8.780063e-11
ISIC_0029676,4,7.779846e-05,3.604868e-06,3.0252337e-10,1.2836855e-08,0.9999186,1.2164218e-08,1.2264582e-08
ISIC_0029741,4,1.227277e-11,2.982252e-10,1.9909701e-14,8.412954e-14,1.0,1.1095474e-08,2.756089e-12
ISIC_0028880,5,0.0009369237,0.111741126,0.00032855195,1.2516189e-06,0.11690147,0.0026491745,0.7674415
ISIC_0031309,5,1.7357475e-05,0.098157495,8.086831e-06,0.0010833654,0.6855633,0.18867858,0.026491849
ISIC_0032410,5,0.0021304416,0.005536909,0.012335109,0.00046804236,0.97538686,0.0039199186,0.00022276015
ISIC_0030757,5,7.463768e-06,4.776879e-08,1.0652618e-05,1.07346814e-07,0.6583992,0.34158212,4.237793e-07
ISIC_0031358,5,0.0010947862,3.5752207e-06,6.346314e-05,1.7348442e-06,0.9614588,0.0373772,3.5029865e-07
ISIC_0031735,5,0.0011363818,4.8848146e-05,0.00095472345,4.48957e-05,0.9838928,0.013915383,6.9767675e-06
ISIC_0025154,5,0.0014824483,0.0016607702,0.6216463,0.0015300593,0.045330826,0.32834625,3.3686704e-06
ISIC_0029824,5,0.0015536,0.00024920536,0.0011045061,1.5624213e-06,0.6392017,0.35784054,4.887584e-05
ISIC_0025622,5,0.008643832,0.0017091617,0.0292387,1.7742892e-05,0.87757045,0.0828164,3.6987456e-06
ISIC_0031443,5,1.3175162e-07,1.3207506e-07,5.6320378e-06,5.7801486e-08,0.00015736134,0.9998367,6.3477876e-09
ISIC_0025223,5,1.7165721e-06,3.0296292e-07,7.5051254e-08,5.1966333e-07,0.00027054525,0.99972683,1.0460711e-08
ISIC_0030015,5,8.106244e-05,2.3729597e-05,0.0005136273,9.356368e-06,0.003662908,0.9957092,6.896078e-08
ISIC_0031123,5,0.0026029192,0.13605398,0.0030368154,1.7973274e-05,0.0063729975,0.8518235,9.1794784e-05
ISIC_0024845,5,7.6872766e-08,0.00031181716,2.1728364e-09,7.3256414e-09,7.348512e-08,0.9996861,1.8312297e-06
ISIC_0032613,5,0.81569475,0.022492882,6.538757e-07,1.2697932e-05,0.0007688868,0.1610268,3.3462745e-06
ISIC_0033256,5,0.9926899,3.31191e-05,1.3725409e-09,2.8177365e-06,1.6336473e-05,0.0072578723,1.4477032e-08
ISIC_0034135,5,0.0053293756,4.3226228e-06,1.2838673e-10,3.3236798e-08,2.7761146e-06,0.99466246,1.1833475e-06
ISIC_0033626,5,0.08057618,4.0797562e-07,1.2500321e-09,4.2445536e-09,1.7580179e-07,0.9194216,1.5875016e-06
ISIC_0033780,5,0.00047428528,1.2793701e-07,1.15325735e-10,1.5255998e-07,1.194745e-08,0.9995254,5.5609886e-09
ISIC_0024553,5,1.5366539e-10,9.766556e-08,1.5302458e-06,4.818474e-06,8.972686e-06,0.999982,2.644701e-06
ISIC_0025594,5,2.5939212e-06,2.1245893e-05,1.291622e-07,7.869461e-07,2.0499861e-05,0.9999515,3.2884402e-06
ISIC_0026471,5,2.1525695e-05,4.588092e-06,6.7748585e-10,1.3850888e-07,1.3573768e-05,0.9999602,1.0522236e-07
ISIC_0027141,5,0.015986232,0.00026774092,7.366148e-07,1.2074412e-05,0.00012281135,0.9836104,1.2301666e-07
ISIC_0025771,5,5.324286e-06,2.7962376e-06,5.1424864e-09,9.099776e-09,1.0430911e-05,0.9999814,4.753667e-08
ISIC_0026120,0,0.999977,1.7546115e-05,1.6369857e-08,1.5891765e-09,5.202856e-08,5.4903403e-06,7.147861e-09
ISIC_0028412,0,0.9999995,3.110248e-07,7.397254e-09,1.7448922e-09,7.863305e-09,1.4580331e-07,5.858385e-10
ISIC_0030486,0,0.98509514,0.0005482636,9.491955e-06,1.4649518e-05,0.014331935,3.014719e-07,2.202211e-07
ISIC_0029028,0,0.00018553378,0.99054736,1.2844954e-10,7.153171e-10,0.009267082,5.4177557e-10,1.7362938e-08
ISIC_0027125,0,0.029976018,0.9110293,1.3489289e-06,3.9684616e-07,0.05898821,3.2904066e-07,4.4067074e-06
ISIC_0028069,0,0.47542524,0.5242849,2.2211464e-06,2.8576185e-05,0.00025732451,6.029482e-07,1.1595605e-06
ISIC_0028579,0,0.14974347,0.67165166,1.8002417e-07,4.3343604e-08,0.17852738,3.420578e-07,7.6961325e-05
ISIC_0030281,0,0.037594374,0.9606576,0.000108052474,0.00010141506,3.2470758e-05,0.0006073263,0.0008987374
ISIC_0024481,0,0.038740374,0.6498821,9.235421e-06,0.0059995195,0.027290374,0.27339354,0.0046849772
ISIC_0031118,0,0.004707802,6.278065e-05,4.4064777e-06,9.627671e-08,0.9952057,1.8925393e-05,2.2552828e-07
ISIC_0030080,0,0.62277645,0.00025195602,1.2281452e-05,1.2982534e-06,0.37695715,8.012004e-07,7.2871785e-08
ISIC_0027043,0,0.7639048,0.23607568,1.2764818e-08,7.9981115e-09,1.9501178e-05,1.8912725e-09,1.428349e-08
ISIC_0027174,0,0.99638855,0.0034860538,1.4116221e-05,2.7163243e-05,1.6081851e-06,8.2040606e-05,3.2856553e-07
ISIC_0026754,0,0.14240006,0.00023008187,0.0022189117,4.0241095e-05,0.8551022,2.4514356e-06,6.087055e-06
ISIC_0027063,0,0.9989611,0.0010143474,1.17933325e-08,1.3485315e-09,2.4298331e-05,2.6219192e-07,5.420886e-09
ISIC_0032331,0,0.5267419,0.38723034,0.00021811886,0.0008492549,0.08490681,3.9939252e-07,5.313695e-05
ISIC_0033186,0,0.41711268,0.58287185,4.6837604e-07,1.3447125e-07,1.347041e-05,7.355741e-07,6.282465e-07
ISIC_0030171,0,0.0003616469,0.022859778,1.3427065e-07,4.2251377e-10,0.976777,1.071155e-06,3.6507626e-07
ISIC_0028291,0,0.91241145,0.08729383,1.1856948e-08,4.2476386e-10,0.00028696188,7.7992345e-06,3.0611655e-09
ISIC_0024898,0,0.9222073,0.07657322,7.929598e-09,1.4378582e-05,0.0012044064,4.5772583e-07,8.679829e-08
ISIC_0029538,0,0.55098933,0.44900542,1.9675825e-09,2.6674633e-07,4.233331e-06,6.562e-07,1.311369e-07
ISIC_0026113,0,0.92548317,0.07451101,4.717557e-06,1.0346948e-07,4.6633278e-07,9.773468e-08,4.99807e-07
ISIC_0032265,0,0.36685953,0.63254964,3.1686653e-08,4.6713882e-07,0.00058562093,1.04766926e-07,4.589035e-06
ISIC_0032019,0,0.97379094,0.026177978,2.1194819e-05,4.5232514e-07,8.790292e-06,1.418364e-07,4.793717e-07
ISIC_0024792,0,0.27307117,0.24331492,4.7249326e-08,1.8833123e-07,0.4836122,1.0962173e-06,3.7420827e-07
ISIC_0030898,0,0.99980325,9.925487e-05,2.115013e-06,4.54457e-07,9.4523595e-05,2.8300425e-07,1.0425541e-07
ISIC_0027102,0,0.9999566,4.3267097e-05,8.685497e-10,5.6561283e-10,2.3577069e-11,4.2445123e-09,7.7778e-08
ISIC_0028326,0,0.99928766,0.000711952,1.5375792e-07,3.6460832e-09,6.6710165e-08,7.914821e-09,7.57708e-08
ISIC_0027060,0,0.7837761,0.21596095,6.3176767e-06,1.7143044e-06,0.00025239843,6.191132e-07,1.9534164e-06
ISIC_0030818,0,0.9992865,0.0007135528,3.1982754e-09,2.8978508e-09,1.8733857e-09,9.62271e-10,4.4975404e-10
ISIC_0026360,0,0.999706,0.0002940466,4.3592205e-08,6.3481165e-10,5.935229e-09,1.424554e-11,2.02919e-09
ISIC_0025996,0,0.9990526,0.00093771826,1.7312953e-08,1.0773792e-08,6.1863466e-06,3.4442912e-06,1.0918893e-08
ISIC_0031745,0,0.051528513,0.9477255,1.5577342e-07,1.01855484e-07,0.0007450542,1.1417148e-08,6.5921483e-07
ISIC_0031586,0,0.54795545,0.45197767,9.454934e-09,1.5956662e-07,6.6496694e-05,9.118581e-09,1.9548106e-07
ISIC_0031517,0,0.8113521,2.0370617e-06,1.2882916e-07,2.5691682e-08,0.18170704,0.006938575,3.525562e-08
ISIC_0028022,0,0.61414737,2.343755e-05,1.5912382e-06,0.008994459,0.16078511,0.21604756,4.907212e-07
ISIC_0026247,0,0.0054149805,0.99427164,0.000280289,1.3986357e-07,2.9978377e-05,1.868496e-07,2.7845595e-06
ISIC_0028467,0,0.01716173,0.98261976,3.65399e-07,2.175615e-06,0.00021445668,1.1312433e-07,1.325744e-06
ISIC_0029884,0,0.99995065,1.6244743e-05,1.1247157e-09,1.0096869e-07,3.305626e-05,2.2547953e-11,2.2753784e-10
ISIC_0028900,0,0.99994946,3.7355152e-05,2.1724471e-09,5.4015183e-09,1.3265513e-05,1.7803637e-11,1.2481932e-09
ISIC_0028087,0,0.09067003,0.9038982,2.3344928e-06,7.5071366e-06,0.0053566704,1.953023e-06,6.3288484e-05
ISIC_0026664,0,0.41070464,0.57979286,1.2859492e-07,0.00067046063,0.008745548,6.293297e-05,2.3397704e-05
ISIC_0028415,0,0.9044102,0.027330833,4.747652e-05,0.0038895821,0.0029046112,0.06141608,1.2926185e-06
ISIC_0028041,0,0.1278166,0.84008086,2.8330048e-06,6.1375573e-07,0.032077644,2.1479593e-05,7.296663e-08
ISIC_0025324,0,0.10600463,0.8810646,1.0508012e-09,3.9501785e-08,0.012926761,3.445568e-06,5.9305904e-07
ISIC_0026996,0,0.82431483,0.1755692,8.662426e-06,1.4921728e-06,6.8113327e-06,3.6514318e-06,9.543332e-05
ISIC_0030681,0,0.9999958,1.1421583e-06,7.44699e-08,1.7813684e-13,2.498739e-06,3.6478355e-07,1.0228076e-09
ISIC_0027327,0,0.9999982,1.6819433e-06,8.54444e-08,4.5246182e-11,2.6199247e-09,1.6863037e-08,1.0111678e-09
ISIC_0025589,0,0.99667513,0.00047365366,0.0028487465,1.7026075e-07,1.7906033e-06,4.565918e-07,9.220357e-09
ISIC_0029562,0,0.09734754,0.27337554,0.06425656,0.00072491105,0.5601804,0.0037233285,0.00039170368
ISIC_0029453,0,0.026295895,0.95430446,0.009148924,6.1815e-08,0.010176494,7.392938e-05,2.1050128e-07
ISIC_0034071,0,0.15929563,0.8406944,2.4542445e-08,4.633819e-09,9.607611e-06,4.7735775e-09,2.6710674e-07
ISIC_0033573,0,0.80209553,0.19730823,3.5538298e-05,1.3392604e-05,0.00048856076,1.996621e-07,5.8501177e-05
ISIC_0030575,0,0.12896305,0.7614039,3.219622e-06,1.7152405e-07,0.10962899,1.6458419e-08,5.5921544e-07
ISIC_0033834,0,0.99680114,0.0008478981,3.7689279e-07,4.0973036e-06,0.002346402,4.691649e-08,5.2131792e-08
ISIC_0033678,0,0.9908544,0.0011361213,1.3232782e-06,1.891414e-05,0.007988852,2.447039e-07,7.034901e-08
ISIC_0034046,0,0.9970187,0.0029808157,2.4201142e-08,2.2605711e-08,6.381724e-08,4.0689872e-07,1.091411e-09
ISIC_0032550,0,0.9999815,1.8201117e-05,2.1841005e-09,1.2361969e-09,2.4116355e-07,5.4660244e-08,1.1067469e-09
ISIC_0033700,0,0.9998123,0.00018775447,2.72084e-09,3.8958609e-10,9.819375e-09,5.015169e-09,2.8937927e-11
ISIC_0028746,0,0.9919869,0.0032319303,0.00021166359,2.2358504e-09,0.0045650024,4.6067767e-06,6.896921e-09
ISIC_0033416,0,0.65046626,0.34953356,2.7851493e-10,5.131399e-09,1.7851283e-07,5.8652065e-09,1.3346977e-08
ISIC_0032662,0,0.009341402,0.99063605,8.182767e-08,4.301936e-08,2.1040663e-05,8.21069e-08,1.2862029e-06
ISIC_0033452,0,0.0023267113,0.99765646,7.651156e-11,1.1561013e-08,1.6526837e-05,8.035835e-09,2.4486536e-07
ISIC_0033074,0,0.05577484,0.9442249,7.856785e-08,6.620807e-09,1.8644877e-07,1.8558589e-09,2.6514995e-08
ISIC_0034087,0,0.0071911584,0.9927396,2.3326774e-07,4.3973425e-05,8.7370445e-06,1.3992109e-05,2.3157975e-06
ISIC_0032722,0,0.263257,0.73674273,1.4843481e-07,2.0334887e-09,7.127708e-08,3.0235145e-10,5.651024e-08
ISIC_0033947,0,0.013713369,0.01154254,3.5607288e-06,4.384588e-05,0.9746932,5.486335e-07,2.9076737e-06
ISIC_0033881,0,0.0010724721,0.00024976695,4.2003595e-07,9.479253e-05,0.9985807,1.4898654e-06,4.6829538e-07
ISIC_0033804,0,0.7579408,0.24182656,3.095279e-06,4.2030624e-07,0.00019665957,8.343755e-06,2.4048757e-05
ISIC_0033801,0,0.0004738306,0.99952614,3.4511012e-09,3.0620175e-09,1.2235211e-09,1.0944633e-08,6.940292e-09
ISIC_0033216,0,0.49946418,0.50053424,5.965615e-07,5.0280306e-08,1.2086109e-07,2.756738e-07,5.073552e-07
ISIC_0027100,0,0.64363104,0.00011651028,5.144789e-06,2.4196393e-06,0.3562443,4.4334186e-10,6.0673494e-07
ISIC_0033902,0,0.9998869,3.665159e-05,1.2296517e-06,6.351828e-08,8.934725e-06,2.238566e-05,4.3828662e-05
ISIC_0032774,0,0.9999951,3.0502167e-07,4.507442e-07,2.327247e-10,4.0136023e-08,3.938556e-06,1.273489e-07
ISIC_0033286,0,0.9945229,0.00052096817,1.8036118e-06,9.2876435e-05,0.0048607485,4.1143372e-07,3.802071e-07
ISIC_0032586,0,0.99826694,2.5693896e-06,6.115691e-10,8.35795e-09,0.0017304688,3.5037246e-09,6.5823486e-10
ISIC_0033595,0,0.9523121,0.03211417,9.875784e-06,1.698883e-06,0.0155599965,8.458107e-07,1.2448178e-06
ISIC_0034059,0,0.9982862,4.1142677e-05,2.990259e-10,1.3545726e-10,0.0016725729,3.639023e-11,1.5368067e-10
ISIC_0033063,0,0.9906591,0.0017840946,3.8655745e-09,1.5065519e-08,0.0075543425,2.4986e-06,5.321491e-09
ISIC_0033578,0,0.8243367,0.15112248,1.0614502e-06,9.78433e-05,0.02443922,2.1422104e-09,2.6266484e-06
ISIC_0034100,0,0.034562193,0.9489556,2.839762e-07,1.2041435e-06,0.01648069,1.1685092e-08,4.3260233e-08
ISIC_0033477,0,0.99999774,1.7593857e-06,7.9621656e-11,1.0763137e-10,4.6244728e-07,2.9623564e-11,7.118003e-11
ISIC_0034092,0,0.9999994,3.7849273e-07,7.451351e-08,5.214263e-10,7.8194404e-08,1.561701e-11,1.0654838e-10
ISIC_0033863,0,0.99791044,0.0018776647,1.4563963e-05,1.9389645e-07,0.00019700598,6.9878423e-09,6.532174e-08
ISIC_0034180,0,0.99919885,0.0005101982,4.0695927e-06,1.1634979e-09,0.0002867814,3.2918933e-08,1.0676328e-09
ISIC_0033267,0,0.995628,0.0043666214,3.925226e-07,2.0972044e-07,4.66051e-06,1.931234e-07,8.5727e-10
ISIC_0034005,0,0.013084366,0.26808268,0.01404349,1.6733482e-05,0.7045395,0.00019486844,3.837374e-05
ISIC_0033651,0,0.9999988,1.1338528e-06,8.1398727e-10,1.6007683e-09,1.0907191e-10,2.4202043e-09,1.8693096e-11
ISIC_0033304,0,0.9999907,8.392563e-06,1.3392375e-07,2.0975894e-09,6.592455e-07,2.4692994e-08,8.078137e-11
ISIC_0033324,0,0.9999373,7.188361e-07,6.1258215e-05,1.227974e-09,6.505058e-07,1.6428596e-09,1.16594016e-07
ISIC_0034316,0,0.987394,1.7199174e-05,0.012581273,1.4709375e-06,3.0528715e-06,1.25960735e-08,2.9554615e-06
ISIC_0033710,0,0.9999486,1.7002796e-05,2.6158206e-05,8.7184326e-08,1.1601044e-06,4.279256e-08,6.802568e-06
ISIC_0034022,0,0.062220223,0.936359,1.7173488e-05,2.7364795e-06,0.0013988358,9.922777e-07,1.0097809e-06
ISIC_0033017,0,0.0039308066,0.9869112,2.5550106e-10,3.1771705e-08,0.009157753,8.507436e-11,1.8663727e-07
ISIC_0033874,0,0.55158335,0.44475877,0.0018128331,4.2560096e-05,0.0017903986,7.960096e-07,1.1264426e-05
ISIC_0025531,0,1.200092e-06,0.000107034924,1.8512222e-06,0.004908066,0.99497026,1.8471547e-07,1.1470371e-05
ISIC_0032836,0,0.00017243564,0.9998273,1.799716e-10,9.854453e-10,3.1493136e-07,5.296288e-08,9.1198255e-10
ISIC_0033444,0,0.015704837,0.9842829,1.4402359e-07,3.6825057e-07,6.0706757e-06,5.6796534e-06,4.6018965e-08
ISIC_0034183,0,0.0047105053,0.995274,9.850649e-11,3.26636e-08,1.4666324e-05,8.2862397e-07,1.1307948e-09
ISIC_0032869,0,0.99308264,0.00028038243,1.3455363e-07,0.00022616782,0.0064032134,7.3964607e-06,6.452223e-08
ISIC_0033524,0,0.20515367,0.006551945,3.1684158e-07,1.1193416e-05,0.78828233,2.0262821e-07,3.2626508e-07
ISIC_0034101,0,0.99999905,5.42141e-08,9.864323e-07,1.2396607e-10,3.166041e-08,2.3595436e-11,3.1079366e-09
ISIC_0030333,0,0.98556167,0.00011178147,1.515595e-05,2.4036973e-08,0.014308956,5.100475e-07,1.8348136e-06
ISIC_0032695,0,0.99999726,1.9654374e-07,2.1160229e-06,1.0527842e-08,3.4561413e-07,3.7658796e-09,1.8613116e-08
ISIC_0034036,0,0.99999917,7.2567707e-07,2.4622362e-09,5.9517003e-08,5.2041993e-09,3.3299136e-12,1.0138453e-09
ISIC_0032982,0,0.053730424,0.94625264,9.385418e-06,3.0292048e-07,5.5907512e-06,1.1302726e-06,5.4408974e-07
ISIC_0033196,0,0.0009767092,0.99865675,0.0003625895,3.551776e-06,3.4119185e-07,1.5992065e-08,5.7192608e-08
ISIC_0032653,0,0.8643334,0.134715,0.0009108156,1.5340805e-05,3.1821419e-06,2.081022e-05,1.4600341e-06
ISIC_0032730,0,0.9986576,0.0013419144,1.7540788e-07,3.2441463e-08,9.51259e-08,2.3396682e-08,1.3356549e-07
ISIC_0032709,0,0.99860233,0.0013951301,2.241885e-06,3.7677218e-08,1.6452276e-07,1.759481e-08,1.6166327e-07
ISIC_0033206,0,0.97659916,0.022053374,3.7463117e-06,5.467705e-06,0.0013312593,1.788058e-07,6.806303e-06
ISIC_0033812,0,0.011517969,0.4290593,2.28344e-07,3.2371634e-05,0.5593899,2.2793844e-07,2.3793108e-08
ISIC_0033653,0,0.03505525,0.77591264,3.6462237e-07,6.682905e-07,0.18902965,5.7911274e-07,8.949182e-07
ISIC_0032698,0,0.18274707,0.00504366,2.1067492e-06,0.760436,0.051739376,5.1623206e-06,2.6635043e-05
ISIC_0030883,0,0.47788537,0.0025123756,4.335174e-06,3.3940105e-05,0.5195638,7.657654e-08,1.3278262e-07
ISIC_0032630,0,0.9862579,0.0136523675,4.5178017e-06,1.4199693e-05,6.159308e-05,3.2760912e-09,9.301505e-06
ISIC_0033399,0,0.9342979,0.06533342,1.01237865e-05,1.3952317e-05,0.00032239946,8.0638335e-07,2.1327498e-05
ISIC_0032656,0,0.0117462,0.009723149,0.00087173335,0.0001492131,3.3933156e-07,1.7953653e-06,0.97750765
ISIC_0032592,0,0.003318922,0.00087037025,0.0007529535,7.1359623e-06,3.2233467e-07,1.579871e-06,0.9950487
ISIC_0028520,0,0.88654786,0.11343797,8.65567e-08,2.3740672e-09,1.3897265e-05,1.2708593e-07,1.3182482e-07
ISIC_0034000,0,0.6673329,0.33243456,4.4595978e-07,2.0728658e-07,0.00023015289,1.7717313e-07,1.6531127e-06
ISIC_0031741,0,0.8606105,0.13938792,3.6233064e-07,3.458199e-08,4.897833e-07,8.7158945e-08,5.7613954e-07
ISIC_0034216,0,0.99999523,4.5992974e-06,4.1875357e-08,1.06513705e-08,9.283599e-08,4.892978e-09,2.9741902e-09
ISIC_0030150,0,0.6454581,0.00070424983,0.00071454654,2.0872402e-07,0.35312256,8.252856e-09,2.539332e-07
ISIC_0033122,0,0.0032547547,0.9967445,9.921523e-09,1.1553287e-08,6.954032e-07,6.224865e-10,2.9276672e-08
ISIC_0033713,0,0.054746803,0.9452497,1.6777964e-08,1.17859464e-07,3.237012e-06,3.3706848e-10,1.2683364e-07
ISIC_0033885,0,0.9468719,0.040151488,2.8541901e-05,1.9697376e-05,0.012925035,2.5822185e-06,6.850659e-07
ISIC_0031186,0,0.0013676358,0.00011192622,2.7973455e-08,0.029371863,0.96914077,6.2911595e-06,1.449978e-06
ISIC_0024929,0,0.9882245,0.011702068,3.8848182e-07,5.7670854e-06,6.6671375e-05,1.6580408e-07,3.8359352e-07
ISIC_0026268,0,0.00047460792,0.004845631,4.8798086e-07,1.8078293e-07,0.9946602,1.4842902e-05,4.0445716e-06
ISIC_0024806,0,0.86262155,0.1372224,1.3731851e-08,4.8714367e-07,0.00015551208,9.446764e-08,2.2083169e-08
ISIC_0032424,0,0.7785303,0.20151608,0.00021002944,5.5201057e-05,0.008681159,2.5973253e-05,0.010981231
ISIC_0028584,0,0.9885867,0.01095479,0.00032659734,3.1187665e-07,7.635163e-05,1.7881197e-08,5.5290027e-05
ISIC_0025520,0,0.94471127,0.014881009,1.477285e-07,5.4901693e-06,0.040396575,4.8877864e-06,5.8772287e-07
ISIC_0032466,0,0.7107696,0.28900394,0.00013587563,6.1447236e-07,5.2305177e-06,8.21823e-05,2.5521426e-06
ISIC_0028465,0,0.24350874,0.75415313,2.200844e-08,1.399478e-06,0.0023294403,6.8514164e-06,4.4753176e-07
ISIC_0026770,0,0.6346293,0.36506796,1.7812073e-07,3.3800663e-07,0.0002808347,1.9315232e-05,2.091525e-06
ISIC_0029914,0,0.9041475,0.09585006,2.2727976e-07,2.1109737e-07,1.6824284e-06,2.1663783e-07,1.03202574e-07
ISIC_0027622,0,0.98366594,0.016332254,1.755813e-06,4.581943e-10,1.0541123e-08,1.7542802e-11,3.594106e-09
ISIC_0031408,0,0.000617083,0.9990037,6.14424e-06,1.2033108e-05,0.00036005292,5.230075e-07,5.052767e-07
ISIC_0025313,0,0.020812215,0.97918737,3.797378e-07,4.9935853e-08,1.3135802e-08,9.098956e-09,1.4660924e-08
ISIC_0024701,0,0.17352353,0.8036899,5.9586113e-05,1.0863551e-05,0.022668254,6.2847753e-06,4.1639247e-05
ISIC_0030390,0,0.003709386,0.9769726,0.0011160644,3.6162088e-05,0.017993758,4.425264e-06,0.0001676995
ISIC_0027561,0,1.8509095e-06,0.00010201759,4.4632492e-07,3.978058e-10,0.9998956,3.7187996e-11,1.5044947e-08
ISIC_0030754,0,0.9717907,0.019660352,1.8808562e-10,1.6181191e-09,0.008545659,3.180804e-06,7.3836524e-08
ISIC_0026954,0,0.0150327915,0.9849546,1.1534489e-09,1.4271006e-06,1.1114636e-05,1.049721e-08,8.5825434e-08
ISIC_0028760,0,0.00016561431,0.9998282,2.1427475e-07,1.1965063e-06,1.7051343e-07,1.5185917e-08,4.526139e-06
ISIC_0027620,0,0.4786739,0.5213219,2.5985177e-08,6.9595967e-07,9.623589e-07,2.380569e-06,1.7427305e-07
ISIC_0027407,0,0.9752392,0.0017772048,1.8134517e-05,0.00013234242,0.022830963,1.6342543e-06,4.9975637e-07
ISIC_0031077,0,1.2420278e-06,0.9975923,1.398013e-09,2.2973433e-07,0.0024060598,1.4076711e-07,1.8239161e-09
ISIC_0029056,0,0.0050120144,0.985529,0.00048537104,4.9744525e-05,0.008829011,6.5344148e-06,8.8287576e-05
ISIC_0032036,0,0.008730956,0.0070813177,8.3019695e-06,5.356774e-07,0.98417884,3.811888e-08,6.108984e-08
ISIC_0024644,0,0.0002570526,1.0645687e-05,0.0013647672,1.7578665e-06,0.9983656,1.4431896e-09,2.1337382e-07
ISIC_0028228,0,0.22456019,0.0044417377,9.388229e-08,8.209224e-10,0.7709976,1.9141641e-08,3.7804628e-07
ISIC_0029937,0,0.040509757,0.9592738,2.0529772e-08,7.8946084e-07,4.130316e-05,0.00017340179,8.9735596e-07
ISIC_0025651,0,0.6113113,0.000116318006,0.37366614,3.0570197e-06,0.014832947,5.389609e-05,1.63141e-05
ISIC_0027900,0,0.00044540621,0.9994844,1.6998176e-07,2.6579759e-08,6.919747e-05,8.491521e-07,1.0321237e-09
ISIC_0030501,0,0.15507963,0.8423717,0.00014220996,6.2754436e-05,0.0022545021,5.415598e-07,8.86784e-05
ISIC_0028017,0,0.053854734,0.9376149,1.0800239e-08,5.5053156e-06,0.008519415,5.4364305e-06,3.4497145e-08
ISIC_0029146,0,0.86026233,0.00086794747,8.145902e-07,0.0012408593,0.1376278,1.2694755e-08,1.9052042e-07
ISIC_0032420,0,0.9892027,0.00023986615,5.4426255e-07,1.9073943e-06,0.010555027,1.6597113e-08,1.0056007e-08
ISIC_0025268,0,0.9650239,0.00052788726,0.0010611335,5.0574815e-08,0.03338384,1.11543e-07,3.069124e-06
ISIC_0029744,0,0.99997854,1.0796151e-05,1.232131e-08,1.0063954e-09,1.4369104e-07,1.0219173e-05,3.6710955e-07
ISIC_0031494,0,0.7934919,0.087833755,0.00066272425,7.1550603e-06,0.11800279,1.5605144e-06,8.746946e-08
ISIC_0028306,0,4.0203046e-05,0.99265045,0.0019320565,5.1303335e-08,0.0053628255,1.4075633e-05,3.6893866e-07
ISIC_0026811,0,2.8038974e-05,0.00019391078,4.2954564e-08,6.8789006e-07,0.99977726,5.5564332e-08,7.38824e-08
ISIC_0026604,0,0.0780963,0.0022947125,1.0507364e-08,2.7368008e-06,0.91944885,1.6636977e-07,0.00015725287
ISIC_0031146,0,0.015654223,0.98289675,1.3324913e-07,1.7758199e-06,0.0014466555,3.4577855e-07,1.6478458e-07
ISIC_0027517,0,0.0016025086,0.0032559314,0.003219039,3.6692363e-08,0.9919018,1.1165727e-07,2.0465439e-05
ISIC_0026229,0,0.9080353,0.09009745,3.881685e-06,0.00029376717,0.0007016026,0.00082343,4.451518e-05
ISIC_0029995,0,0.20636909,0.0001329734,0.00013825543,4.7700737e-06,0.014011145,0.7793426,1.3108348e-06
ISIC_0031908,0,0.9204378,0.079556316,1.302345e-08,4.2509573e-08,5.784644e-06,7.9412343e-10,2.1007311e-08
ISIC_0026897,0,0.9948808,0.0051161353,2.686121e-08,1.3874539e-07,3.0149563e-06,2.900983e-09,4.5131407e-10
ISIC_0026586,0,0.40704194,0.107438736,8.9559e-06,6.662966e-06,0.48550153,1.8631576e-06,3.6232254e-07
ISIC_0027101,0,0.5045403,0.090149395,8.683538e-05,0.023654476,0.019478075,0.36200324,8.766697e-05
ISIC_0025732,0,0.98008645,0.012843211,3.304449e-10,4.6231494e-09,0.0070701847,1.4464203e-07,9.373602e-09
ISIC_0025195,0,0.020481048,0.015649574,4.2864085e-07,7.284469e-07,0.96382326,4.490614e-05,5.6387903e-09
ISIC_0026652,0,0.0192067,0.0025452964,3.5300298e-05,0.87317866,0.014289658,0.09069409,5.030753e-05
ISIC_0028709,0,0.016357966,0.20259188,0.78096855,4.1567777e-08,8.0362566e-05,7.6339796e-10,1.2290986e-06
ISIC_0024647,0,8.159167e-05,7.855148e-06,1.1554648e-05,0.00069988985,0.999199,1.8716914e-07,2.2746331e-08
ISIC_0030183,0,0.12580861,0.8620928,7.775015e-05,4.093368e-07,0.01202022,1.30177e-07,8.240534e-08
ISIC_0032269,0,0.098039895,0.003377318,0.0005361879,0.011533151,0.8865125,4.912633e-07,3.8698252e-07
ISIC_0028218,0,0.54963076,0.034454472,1.5247548e-07,1.1077478e-05,0.41590336,1.8672235e-08,1.8020535e-07
ISIC_0031410,0,0.9991066,0.00032682554,9.686844e-06,1.5535251e-06,6.0658775e-05,0.00046362975,3.109208e-05
ISIC_0025573,0,0.98393494,0.01606114,7.296145e-08,8.1798866e-08,3.7760615e-06,5.6670983e-09,1.4358661e-08
ISIC_0029705,0,0.020158358,0.7652927,0.00022642694,9.204326e-05,0.2141391,5.425619e-05,3.7089136e-05
ISIC_0027590,0,0.00062101235,0.0011819805,0.00040206383,2.5791413e-08,0.99779415,1.517985e-07,5.995497e-07
ISIC_0029271,0,0.0003012068,0.0007107702,5.525665e-05,3.9433993e-07,0.9989222,9.981625e-06,2.2820034e-07
ISIC_0026802,0,0.7046689,0.29315764,0.002148645,1.2657967e-05,4.224691e-06,2.4613843e-08,7.958543e-06
ISIC_0032232,0,0.00017683752,0.9983606,0.00015518603,8.448148e-05,0.0011829977,1.03384316e-07,3.9734045e-05
ISIC_0031005,0,2.5216134e-05,5.5759265e-06,1.6140724e-07,5.4626286e-09,0.999969,7.5789236e-11,6.463032e-10
ISIC_0030507,0,0.011326803,0.0026372238,0.0070668645,1.3695154e-08,0.9789691,2.1829505e-09,1.3950438e-08
ISIC_0028897,0,0.97919595,0.012602072,2.009359e-08,4.0432355e-06,0.008192848,5.0178087e-06,1.2112602e-07
ISIC_0028930,0,0.81011015,0.101088785,0.08407063,1.2490174e-06,0.0047256416,1.1314972e-07,3.4262446e-06
ISIC_0031389,0,0.99311733,0.00609741,0.0007782674,1.6854861e-09,6.609567e-06,6.613144e-11,4.2912643e-07
ISIC_0028285,0,6.950101e-05,0.0013337609,1.0477922e-09,5.2679675e-06,0.99859124,4.4797768e-10,2.2614361e-07
ISIC_0026647,0,3.0024698e-06,3.8755406e-06,8.005143e-08,2.8503555e-08,0.99999297,2.4086775e-09,6.294452e-08
ISIC_0027359,0,0.050795637,0.30176106,5.265117e-06,2.9115502e-06,0.6474153,1.8781224e-05,1.1004283e-06
ISIC_0030929,0,0.001161686,2.5179468e-05,9.809599e-09,1.0668648e-12,0.99881315,1.845842e-10,3.4174579e-09
ISIC_0025188,0,0.10294123,0.12672244,1.2134043e-07,0.00023545949,0.77007604,4.935153e-06,1.9667532e-05
ISIC_0031844,0,0.7499334,0.23661609,0.00049963524,4.3506576e-09,0.012940823,8.919418e-06,1.0624835e-06
ISIC_0027797,0,2.6886524e-05,0.9998497,3.1692952e-08,1.4231375e-07,0.0001232519,3.2512112e-08,5.918765e-08
ISIC_0029486,6,0.047822356,0.0536544,0.00012660494,0.0023733617,0.53245085,0.36309016,0.00048227797
ISIC_0031901,6,0.9882031,0.0036762324,5.280359e-06,0.00020027292,9.774886e-05,0.0077994945,1.7821723e-05
ISIC_0030770,6,0.15645479,0.5485432,0.0006393688,2.6218117e-06,6.886233e-05,3.604089e-05,0.2942551
ISIC_0032240,6,0.0001686976,0.00047537536,0.000592636,7.824797e-09,0.00022086976,0.0021123341,0.9964301
ISIC_0026163,6,1.9190254e-10,4.7208118e-07,6.60822e-12,1.2886154e-11,8.153871e-12,9.84568e-11,0.9999995
ISIC_0025807,6,5.0859832e-08,0.027851276,3.470756e-07,2.9886906e-09,1.0952588e-08,1.08757945e-08,0.97214824
ISIC_0027903,6,0.9997248,2.0594827e-05,2.062074e-06,9.399259e-05,1.6727594e-07,0.00015834885,1.302006e-07
ISIC_0027159,6,6.879826e-05,0.0030816137,0.00032996153,8.940977e-09,0.0001593321,5.1441253e-05,0.99630886
ISIC_0028188,6,0.005515451,0.10416008,9.7604585e-05,4.616108e-08,0.0011146645,0.0010366197,0.88807553
ISIC_0025677,6,0.00017913351,0.0029177587,1.5836753e-10,8.1368e-09,0.00035778322,8.2003515e-07,0.9965444
ISIC_0025596,6,1.4507151e-08,4.9135785e-08,1.2099216e-11,2.738341e-12,8.3244224e-08,1.2787903e-11,0.9999999
ISIC_0027790,6,5.2467985e-05,0.007893604,3.357102e-05,2.7925482e-08,0.00028691508,1.8552362e-05,0.9917148
ISIC_0029099,6,0.0003051386,0.08407994,0.03010151,0.00032266087,0.5675821,9.931911e-05,0.3175093
ISIC_0025249,6,5.8022642e-06,0.00065455865,1.211512e-07,2.9494428e-08,0.9432168,0.04393051,0.012192137
ISIC_0027937,6,1.7152481e-06,6.1977306e-07,8.810831e-08,2.5112295e-05,5.6874234e-07,4.8685644e-10,0.99997187
ISIC_0025680,6,8.443963e-07,0.0012536346,4.2392006e-12,1.4325524e-08,6.363173e-07,9.335158e-09,0.99874485
ISIC_0028155,2,0.29942417,0.00016026679,0.059457872,0.44818816,0.17765635,0.0005062059,0.014606959
ISIC_0024457,2,0.00034914585,1.7339735e-05,0.9995683,7.452341e-09,6.518074e-05,1.8670898e-08,4.1419073e-09
ISIC_0027135,2,1.880067e-11,3.9030007e-07,0.99999964,3.7967095e-11,2.1021784e-09,1.2311896e-11,2.8337013e-11
ISIC_0028495,2,0.0025956556,7.092663e-05,0.9902147,9.6707525e-05,0.00474446,2.9263779e-06,0.0022745111
ISIC_0030574,2,0.010699869,0.0031412619,0.951002,0.00013294072,0.034923937,6.287426e-06,9.360856e-05
ISIC_0024590,2,2.2339701e-10,3.901653e-08,1.0,1.9529606e-10,2.493531e-08,1.650707e-11,1.4910342e-10
ISIC_0028085,2,2.2598693e-08,0.006537693,0.9917407,4.6004357e-06,0.0017125619,8.329169e-08,4.422529e-06
ISIC_0025691,2,0.0008182692,0.14106862,0.85686237,5.819585e-05,0.00026731318,0.00069058064,0.0002345823
ISIC_0030335,2,7.2411513e-06,4.275037e-05,0.99994683,1.0835767e-11,2.9513342e-06,1.3452185e-08,9.4668394e-08
ISIC_0025793,2,5.0506093e-05,0.00014217348,0.9995697,4.1298256e-10,0.00023479485,2.021708e-06,8.7754154e-07
ISIC_0030766,2,0.002012366,0.11947893,0.8772913,4.928113e-07,0.0011800213,1.0290017e-05,2.6582033e-05
ISIC_0027117,2,9.693729e-05,0.0022381889,0.007158807,3.0605148e-07,0.94136024,0.048918862,0.00022663953
ISIC_0031762,2,2.286226e-10,1.3747342e-06,0.9999956,3.0845797e-06,2.0680922e-08,1.7005723e-12,2.2701508e-08
ISIC_0028106,2,1.0146515e-08,6.8710265e-10,1.0,1.8993578e-11,3.355664e-11,1.4976445e-13,4.7602106e-10
ISIC_0032415,2,0.63684607,0.0017380574,0.33557191,0.0021000805,0.019734384,1.2435411e-06,0.004008156
ISIC_0030177,2,0.6340494,0.012179791,0.23071364,3.0690167e-05,5.070095e-06,2.587088e-09,0.12302146
ISIC_0028095,2,0.015169746,0.013908931,0.9687412,9.5148325e-06,0.0021386703,1.0761367e-05,2.1096013e-05
ISIC_0032414,2,0.0007846409,0.8883955,0.034356322,0.0059660175,0.07043795,4.8878785e-05,1.05549825e-05
ISIC_0031640,2,0.0058178357,0.02666283,0.6462459,0.033645548,0.26440498,0.0011411242,0.022081735
ISIC_0026230,2,0.011486216,0.09784974,0.8903893,1.8154793e-06,0.0002723879,1.7219818e-08,5.2399264e-07
ISIC_0026395,2,0.91652745,0.07962411,0.0038279085,2.3922032e-06,1.6255954e-05,3.5722314e-07,1.4972138e-06
ISIC_0024504,2,6.158833e-13,2.5766103e-10,1.0,4.2397967e-11,3.7636835e-10,7.520201e-16,5.937758e-12
ISIC_0025600,2,3.3232283e-07,1.1568844e-07,0.9996045,3.4689592e-06,0.0003889643,1.1439859e-08,2.5665415e-06
ISIC_0027478,2,1.1777367e-08,2.8765913e-07,0.9999995,1.2962963e-08,1.6520434e-07,3.9066514e-10,1.6710899e-09
ISIC_0024572,2,0.025848731,0.026595991,0.06612763,2.5242127e-05,0.0007278949,4.8697484e-07,0.88067394
ISIC_0026324,2,5.764146e-05,2.661311e-06,0.9679873,0.0005321798,0.03141706,7.096759e-07,2.393761e-06
ISIC_0025700,2,8.857794e-06,1.408678e-06,0.4622258,0.00019689035,0.53755504,1.1270761e-05,8.0233445e-07
ISIC_0028980,2,1.9351707e-09,2.4855147e-09,1.0,2.8936558e-08,4.191863e-08,7.21211e-11,5.1056165e-10
ISIC_0029020,2,1.1139696e-08,1.4059486e-08,0.99924016,0.00034168514,0.000417272,1.7257235e-10,8.2739473e-07
ISIC_0033271,2,0.043292627,2.430885e-06,0.9566709,4.2200146e-08,2.5079813e-05,4.9402324e-06,4.0055857e-06
ISIC_0033575,2,9.073698e-07,6.727115e-07,0.9999982,2.829983e-10,2.1594961e-07,1.903963e-09,1.2533338e-08
ISIC_0032894,2,0.08707096,0.00022486963,0.886061,0.0006121793,0.01184224,6.3379135e-05,0.01412532
ISIC_0027544,2,4.6363832e-07,6.7915917e-06,0.9999807,5.744415e-07,1.1126663e-05,1.4469096e-08,3.8476543e-07
ISIC_0033666,2,1.2783219e-06,2.415125e-06,0.9999486,2.7310896e-06,4.486057e-05,8.303936e-08,5.023161e-08
ISIC_0033218,2,0.00027079912,0.0030873613,0.99184704,6.896739e-05,0.0038722304,1.8094323e-05,0.0008354117
ISIC_0033054,2,1.2292334e-05,2.3248711e-05,0.079955645,2.1095339e-05,0.91866124,0.0012914091,3.5160258e-05
ISIC_0034161,2,4.1932243e-08,1.237078e-07,0.99999857,1.360963e-06,6.343804e-09,2.6193048e-10,4.1576e-09
ISIC_0033747,2,3.1729098e-07,9.305215e-05,0.99990654,7.398971e-11,3.12179e-08,5.227556e-08,1.3617905e-10
ISIC_0024666,2,4.815737e-07,1.5485152e-06,0.9999951,3.6280763e-08,2.7371955e-06,4.5683116e-10,7.510705e-08
ISIC_0028890,2,2.1252534e-05,0.00013205635,0.9949162,1.2591e-05,0.0049174316,3.3984435e-08,4.2032804e-07
ISIC_0025752,2,0.002768149,0.0007973683,0.99416625,0.00014599547,0.0021167048,1.5345282e-07,5.3660274e-06
ISIC_0032611,2,0.04901994,1.9185463e-06,0.9508579,3.152558e-07,0.00011975436,1.3672561e-09,1.0487867e-07
ISIC_0033499,2,5.39724e-07,2.9530043e-09,0.99999154,3.9034173e-10,7.907727e-06,2.8739398e-12,7.204089e-11
ISIC_0027814,2,4.0378898e-05,0.8731247,0.0040220176,0.122668594,0.000101295234,3.4518544e-05,8.477926e-06
ISIC_0031026,2,0.0006155785,0.0015719369,0.9962548,3.6236685e-07,0.0015573585,3.329552e-09,4.4673907e-08
ISIC_0032146,2,0.11736775,0.05073385,0.8306757,4.7570556e-06,0.0011991757,6.4566296e-07,1.8134222e-05
ISIC_0024848,2,3.8796466e-10,1.802497e-14,1.0,2.8547347e-11,7.47998e-11,1.5272681e-12,1.4562993e-11
ISIC_0028316,2,2.6411937e-12,2.304489e-09,0.9999999,9.477531e-08,1.5443517e-08,2.7014321e-11,2.581822e-12
ISIC_0025144,2,4.024934e-05,5.9763514e-09,0.99977845,2.6501555e-08,0.00018136861,4.661032e-09,3.2666354e-09
ISIC_0025301,2,6.966662e-07,1.8255868e-08,0.99999774,8.596861e-08,1.4266772e-06,4.361497e-09,2.8165703e-08
ISIC_0028486,2,2.8153526e-09,0.0014287804,0.99857116,2.514154e-08,8.218878e-09,5.4668354e-09,9.364862e-10
ISIC_0027371,2,0.0012473585,0.7047832,0.1251883,1.8758466e-05,0.16875114,7.7665445e-06,3.552919e-06
ISIC_0028765,2,4.068478e-11,5.4105737e-10,1.0,5.921882e-11,1.4423911e-08,2.628022e-13,7.1792767e-12
ISIC_0025046,2,0.004937754,0.1077232,0.8810561,7.3082624e-06,0.0007605531,5.4232476e-07,0.005514607
ISIC_0024665,2,0.010759327,0.14115766,0.7814248,9.084915e-06,0.0008521199,5.86463e-05,0.06573832
ISIC_0025433,2,0.00047047628,0.018294021,0.6593134,8.6773274e-05,0.3218343,4.7295248e-07,5.7306613e-07
ISIC_0030528,2,3.9542502e-07,0.00020345266,0.44213328,0.55656606,0.0010749643,5.9224385e-07,2.1334692e-05
ISIC_0031266,2,0.00848724,0.62457836,0.046905022,0.000347241,0.31962815,5.0916587e-05,3.0322387e-06
ISIC_0026056,2,7.411785e-05,9.163652e-07,0.99745136,5.9776998e-05,0.0022055209,3.6980723e-06,0.00020453708
ISIC_0026156,2,9.387099e-05,0.0034837897,0.04319822,0.01420414,0.9389572,5.63598e-07,6.2225015e-05
ISIC_0027966,2,1.2755248e-06,0.23542053,0.7643292,5.831903e-05,0.00017939338,3.8190988e-06,7.37364e-06
ISIC_0024448,2,2.3550688e-09,3.7849742e-07,0.9999994,1.6251857e-07,4.8347673e-09,5.4779675e-12,1.0576867e-09
ISIC_0032022,2,7.287646e-08,2.904974e-05,0.9999691,9.924161e-07,7.4178485e-07,1.3936485e-09,3.740875e-09
ISIC_0028989,2,2.0514456e-06,0.0051077553,0.96905565,3.877179e-06,0.025829483,9.215478e-07,2.533384e-07
ISIC_0032290,2,3.570801e-06,0.025743175,0.7268741,0.09199829,0.03059721,2.6462567e-05,0.12475716
ISIC_0028973,2,5.541945e-06,1.4750226e-06,0.95931506,4.8306783e-06,0.04067141,1.4063319e-06,3.2145562e-07
ISIC_0029082,2,2.617422e-07,9.302743e-06,0.92506665,1.7613277e-07,0.07491925,3.7825896e-06,5.56296e-07
ISIC_0030690,2,2.30037e-07,0.0002927612,0.9996824,7.070781e-07,2.187174e-05,1.7617502e-06,3.3757348e-07
ISIC_0027473,2,3.6760602e-07,1.1120594e-05,0.99997103,5.4692523e-06,1.1866022e-05,2.1385985e-11,9.5281536e-08
ISIC_0025362,2,1.5578447e-08,2.1668109e-06,0.9999784,3.4090914e-07,1.905613e-05,3.223548e-10,1.1962329e-08
ISIC_0027093,2,4.29139e-07,0.00011195728,0.9998872,1.7005189e-07,1.1926276e-07,4.043952e-11,4.2616442e-08
ISIC_0030964,2,2.1176621e-08,7.3392386e-07,0.9518655,0.00045547125,0.04766741,8.224453e-06,2.5897466e-06
ISIC_0027229,2,3.7193633e-05,0.19086795,0.8028962,3.1120912e-06,0.0061687655,1.2756519e-05,1.4088679e-05
ISIC_0027004,2,0.010173509,0.13732758,0.8510205,3.694574e-06,0.0014655987,2.9790206e-09,9.166546e-06
ISIC_0026433,2,1.7813732e-05,0.0010606511,0.99820995,9.874368e-07,0.0007092311,1.1868048e-10,1.2676026e-06
ISIC_0027722,2,6.03666e-06,0.00014460321,0.9977314,1.8009577e-07,0.0019277561,4.0323076e-08,0.00018997495
ISIC_0028303,2,1.8589214e-08,0.00011068922,0.999889,6.338885e-10,1.04193795e-07,1.6487688e-10,6.895556e-08
ISIC_0025630,2,3.2560802e-06,0.23201987,0.0067621805,0.0019408811,0.6721065,2.2736524e-06,0.087164916
ISIC_0030514,2,0.0003293906,0.006897508,0.45048204,0.053569566,0.46923232,0.017743653,0.0017455282
ISIC_0024345,2,6.058422e-07,9.108795e-05,0.800833,0.0091465935,0.18988934,4.5201405e-06,3.4880526e-05
ISIC_0031651,2,5.370848e-07,0.0014313454,0.098929316,0.8987114,0.00075550436,0.00016837617,3.4876373e-06
ISIC_0028928,2,4.209989e-06,0.08979547,0.050924476,0.0023054336,0.8568577,1.13376e-05,0.00010135602
ISIC_0031378,2,0.00014362899,0.17459336,0.47428635,0.011383556,0.3383566,0.001020227,0.00021619699
ISIC_0028350,2,6.3144046e-07,1.2610785e-06,0.9968442,5.5306405e-08,0.0031525583,1.353957e-06,4.875402e-09
ISIC_0029342,2,1.2152135e-07,0.005752703,0.981212,3.2437558e-06,0.012518801,0.00051160814,1.5676237e-06
ISIC_0028577,2,2.7996416e-08,1.3411253e-07,0.9999831,1.17452565e-07,1.6673855e-05,2.7943745e-09,1.4977737e-09
ISIC_0030339,2,1.0739437e-05,0.0009785832,0.9967347,0.0010940428,0.0011366605,4.0590166e-05,4.6232444e-06
ISIC_0029545,2,0.00018933762,0.00070982997,0.13415839,0.1040611,0.7608635,5.4723314e-06,1.240748e-05
ISIC_0032222,2,0.00019122456,0.0062506534,2.8300818e-05,0.000109122746,0.9934196,9.218847e-07,1.3814702e-07
ISIC_0025019,2,0.00034830923,0.0019820917,0.0029632894,0.30352,0.69103694,0.00014618762,3.2665919e-06
ISIC_0026090,2,0.00019573107,0.0018558649,0.4632513,0.5270499,0.007610802,1.9414096e-05,1.7025915e-05
ISIC_0025285,2,0.013480067,0.0069740443,0.275584,0.415742,0.2873767,0.0007977131,4.5462493e-05
ISIC_0027920,2,0.0006935875,0.037208736,0.047314364,0.0002840016,0.9143808,8.52609e-06,0.000109966204
ISIC_0024411,2,0.001194771,0.30942237,0.6855516,0.0008617505,0.0017069593,0.0012587272,3.8806033e-06
ISIC_0025564,2,2.4281742e-06,1.2115009e-05,0.99998426,2.8002364e-07,9.5304836e-07,2.5495433e-08,2.1945262e-08
ISIC_0031588,1,6.519335e-05,0.99990094,1.0099057e-12,1.7484704e-10,3.3713957e-05,6.740498e-09,8.7588354e-08
ISIC_0031503,1,3.411205e-05,0.5737378,1.5138413e-09,2.3153978e-06,0.42621407,3.013746e-06,8.680958e-06
ISIC_0029624,1,8.556755e-05,0.99990547,1.2902644e-08,1.7770712e-07,8.532069e-06,2.644076e-07,1.0088501e-07
ISIC_0026555,1,0.0058084857,0.8766601,1.918829e-09,8.21316e-07,0.11752895,4.7667402e-07,1.1018138e-06
ISIC_0029594,1,3.602498e-06,0.9999962,4.6167535e-11,2.545538e-10,2.642259e-07,1.9954972e-11,1.1913324e-10
ISIC_0031575,1,2.2076778e-05,0.9999763,1.9680238e-11,3.26272e-11,1.6386044e-06,5.699931e-09,2.2543878e-08
ISIC_0032060,1,0.03360506,0.95657307,1.0443397e-09,1.7896042e-07,0.009793947,1.875339e-05,9.043423e-06
ISIC_0029303,1,4.469757e-06,0.03163623,1.9212089e-10,4.66401e-10,0.96835905,1.461698e-07,3.2072869e-09
ISIC_0026824,1,0.00091142114,0.9990606,7.580699e-10,1.2589594e-07,1.727217e-05,2.1846374e-09,1.06776815e-05
ISIC_0031403,1,7.953457e-06,0.99998987,6.5091946e-08,4.6560614e-10,1.6224609e-06,4.8147194e-07,1.3728899e-09
ISIC_0026011,1,0.096677646,0.90135527,5.774854e-05,6.4398887e-07,0.0018620476,3.030562e-07,4.635166e-05
ISIC_0025338,1,3.231912e-06,0.999966,1.0231829e-09,6.99721e-07,2.9791794e-05,4.772372e-08,2.1824052e-07
ISIC_0031974,1,1.3575355e-05,0.9999789,1.4036876e-09,3.6273513e-09,7.4855852e-06,1.3814966e-08,4.6663903e-08
ISIC_0031455,1,0.037242018,0.9445398,0.00037845524,2.7397486e-05,0.017522763,7.1699214e-05,0.00021784358
ISIC_0028446,1,4.5282522e-06,0.99998784,5.5209054e-10,6.6143094e-12,6.7430037e-06,5.8952536e-09,8.858073e-07
ISIC_0025723,1,0.0032469532,0.99669194,9.724008e-07,3.1630575e-06,5.5060347e-05,1.3004742e-08,1.8314529e-06
ISIC_0024872,1,0.010343364,0.98951447,0.0001311749,6.075815e-12,1.0844927e-05,9.0678916e-11,1.3151251e-07
ISIC_0028879,1,0.00010128634,0.9986594,6.412632e-08,6.466925e-07,0.0012378001,2.8943814e-09,8.2029175e-07
ISIC_0029540,1,0.0008581128,0.9557539,0.03669398,3.3009226e-10,0.0065843165,4.2700293e-08,0.00010972798
ISIC_0032048,1,4.9982414e-06,0.99141896,8.4238417e-07,8.9872e-07,0.008349993,8.583911e-05,0.00013850989
ISIC_0031100,1,0.016731007,0.9545677,8.4647366e-11,5.441034e-10,0.02834367,0.0003375398,2.0106589e-05
ISIC_0025079,1,0.014326577,0.9733097,6.05038e-06,6.7862056e-06,0.011887043,1.236174e-05,0.00045142183
ISIC_0024979,1,4.395383e-05,0.9994802,7.611038e-10,3.3581557e-08,0.00047331426,2.4792562e-06,3.748295e-08
ISIC_0025415,1,0.0100708995,0.9899233,1.6669246e-12,7.9795975e-10,5.7668485e-06,4.2375787e-09,6.4181283e-09
ISIC_0031207,1,0.00010235285,0.99989676,2.4226174e-09,2.2474502e-07,5.051654e-07,6.245046e-08,6.5984835e-09
ISIC_0031926,1,4.5975976e-06,0.9976895,1.4904515e-05,1.101147e-05,0.0022789778,5.9272185e-07,4.1530228e-07
ISIC_0025407,1,1.2830353e-06,0.9999956,1.5851539e-11,2.7596408e-10,2.9538885e-06,1.1358204e-07,6.025455e-08
ISIC_0031297,1,5.5425484e-05,0.9994844,3.9089483e-09,1.3526425e-08,0.00045884645,9.82154e-07,3.7899946e-07
ISIC_0028289,1,1.8694806e-06,0.999997,1.4353412e-09,3.6195553e-11,8.287546e-07,2.3961547e-07,4.1517946e-08
ISIC_0031164,1,0.01217841,0.987788,3.308204e-11,1.560008e-07,2.5508301e-05,4.4858805e-07,7.4932423e-06
ISIC_0029685,1,1.3726484e-05,0.9993229,2.7904802e-05,7.4605495e-09,0.0006071569,2.8174025e-05,8.3457884e-08
ISIC_0029373,1,1.3729475e-05,0.99930894,7.938079e-12,1.0874945e-08,0.0006413084,3.5615754e-05,4.0388161e-07
ISIC_0030421,1,4.3141026e-06,0.99917465,4.077086e-11,2.2663151e-08,0.00082057744,5.5347043e-09,4.6277182e-07
ISIC_0027634,1,1.8007799e-05,0.9999722,4.0090534e-10,3.4406852e-08,8.545326e-08,1.814899e-08,9.67561e-06
ISIC_0024357,1,0.0043805162,0.7813703,4.5446814e-08,1.6800577e-06,0.21422197,2.2987144e-05,2.4951535e-06
ISIC_0031332,1,0.0270532,0.94921297,7.5163456e-08,4.9692284e-10,0.0237332,3.3582943e-08,5.0964593e-07
ISIC_0031966,1,9.845027e-07,0.9999894,1.1746484e-09,3.801145e-09,6.4942114e-08,9.38653e-06,1.07379044e-07
ISIC_0027585,1,3.6798453e-06,0.93994915,6.165079e-08,0.00024495856,0.05951338,1.7400197e-07,0.00028861576
ISIC_0025487,1,0.009239585,0.99074405,6.4943e-08,2.6656608e-09,9.263782e-06,6.035784e-06,1.0472047e-06
ISIC_0025416,1,0.00016042836,0.999838,2.2674747e-11,1.01421475e-11,5.9411894e-07,9.197569e-07,1.0456522e-09
ISIC_0027339,1,0.00016241678,0.99586946,3.5919518e-06,3.9397086e-08,0.0037669768,0.00019720529,3.4356637e-07
ISIC_0026557,1,0.13876057,0.84295434,4.611323e-09,1.5032952e-09,0.018278344,5.722497e-06,1.0175797e-06
ISIC_0032490,1,2.3148052e-06,0.99559695,1.1656406e-09,1.4224028e-07,0.0043958593,2.1654444e-06,2.6396956e-06
ISIC_0025325,1,1.8905346e-05,0.78113973,6.755146e-13,3.712244e-11,0.21883622,5.727966e-10,5.156112e-06
ISIC_0027717,1,0.017462831,0.9025181,3.847797e-06,2.4342828e-06,0.080011606,1.1030448e-09,1.1533521e-06
ISIC_0025636,1,2.5920246e-05,0.9999567,2.6893656e-09,2.8447627e-07,1.6955004e-05,1.6397064e-07,2.445308e-08
ISIC_0026214,1,0.00024939197,0.9987203,1.0837348e-11,7.985056e-10,0.0010303635,2.4630538e-09,1.9685677e-08
ISIC_0024407,1,0.00092938886,0.9990639,4.4180755e-08,5.5528606e-08,5.333619e-06,2.6952054e-07,1.0555084e-06
ISIC_0028395,1,0.00017161782,0.46141756,1.9830723e-06,2.295516e-05,0.5375962,0.00012638325,0.00066328293
ISIC_0026621,1,3.2639018e-06,0.1649924,2.95095e-07,3.0651157e-07,0.8135187,0.0043218387,0.017163169
ISIC_0029239,1,7.0509583e-07,0.9999982,4.7545554e-11,5.953536e-11,9.845762e-07,6.566461e-08,6.388437e-09
ISIC_0030541,1,3.4201219e-06,0.9894627,1.3107127e-11,8.498006e-08,0.010523608,4.7641744e-09,1.0161988e-05
ISIC_0027836,1,8.432398e-06,0.9999069,2.3009828e-11,2.9145282e-08,8.348776e-05,2.529853e-09,1.1914898e-06
ISIC_0027195,1,0.00018325023,0.99519944,8.614089e-14,8.283004e-09,0.004615915,1.3268836e-08,1.3734784e-06
ISIC_0029112,1,3.497425e-09,0.9999831,3.2925933e-11,2.545903e-10,1.6756905e-05,6.673177e-08,3.595394e-08
ISIC_0029290,1,0.0035110912,0.9958984,5.109452e-08,2.6012344e-08,0.00057191786,1.8060624e-05,5.014654e-07
ISIC_0025224,1,0.003578797,0.083509184,6.219326e-11,1.8148109e-08,0.9129066,1.3216838e-06,4.081861e-06
ISIC_0028034,1,0.040427882,0.94467115,4.1953732e-10,1.6344943e-08,0.014900805,1.0923978e-07,8.830466e-08
ISIC_0029336,1,0.00024678552,0.28966597,1.3200214e-05,0.00080228905,0.70923716,4.4506476e-07,3.410992e-05
ISIC_0026914,1,2.6198046e-05,0.99990356,1.1268094e-10,2.2840361e-07,6.890881e-05,2.1089521e-07,8.495261e-07
ISIC_0031453,1,1.3233317e-06,0.99991274,2.9129862e-10,5.593827e-10,5.436763e-05,3.14119e-05,5.817298e-08
ISIC_0030214,1,9.43479e-05,0.99990547,2.0278489e-10,1.6632506e-09,1.9144137e-07,3.9380272e-09,2.4453554e-08
ISIC_0025722,1,0.101709634,0.7963768,2.238204e-06,3.2769356e-06,0.10186404,2.0799627e-05,2.3171817e-05
ISIC_0031099,1,0.0001165275,0.999881,8.733758e-11,1.1376767e-10,1.1904117e-06,1.2043728e-06,5.259684e-09
ISIC_0026435,1,1.628206e-06,0.9999826,1.1822646e-09,1.0792783e-06,1.3085305e-05,1.2712713e-06,2.8490012e-07
ISIC_0026476,1,0.013305038,0.9866832,7.363571e-10,5.8690997e-08,1.088527e-05,3.33937e-08,8.8227506e-07
ISIC_0029892,1,9.052042e-06,0.9968911,1.6579557e-12,1.563713e-10,0.0030999298,1.4772364e-09,1.2026129e-08
ISIC_0027416,1,0.061032552,0.9297078,5.8496596e-10,4.4584897e-07,0.009258095,8.551329e-07,1.9450802e-07
ISIC_0024746,1,1.1143222e-06,0.99266255,5.5629803e-09,5.5412395e-09,0.0073355767,2.7057405e-07,4.9601437e-07
ISIC_0029008,1,1.4127348e-05,0.9999813,1.1195413e-08,5.0529e-09,4.342274e-06,2.8675248e-07,1.2620876e-08
ISIC_0031157,1,0.0022386753,0.99393445,3.0282306e-09,2.3922412e-08,0.0038257984,1.8333301e-07,8.771013e-07
ISIC_0025966,1,0.00013140205,0.8871298,9.425941e-08,5.895308e-06,0.11121897,0.00046149892,0.0010522861
ISIC_0031730,1,5.150681e-05,0.99862945,3.4712788e-09,0.00019795635,0.0010975216,1.92976e-05,4.2774964e-06
ISIC_0028270,1,4.0583396e-05,0.9998671,1.9333327e-11,1.4356783e-08,9.122039e-05,9.54603e-07,9.874781e-08
ISIC_0031330,1,3.529783e-08,0.99999857,7.250892e-13,1.0933167e-09,9.906308e-07,2.990352e-07,4.779888e-08
ISIC_0031151,1,0.0010837106,0.08211883,6.507294e-07,0.002307977,0.9144791,6.528661e-08,9.740052e-06
ISIC_0024593,1,0.0022405968,0.9977586,1.9958877e-11,9.242037e-10,9.2549355e-09,6.6636915e-07,1.41854155e-08
ISIC_0026520,1,0.00097083225,0.99898297,1.2412974e-11,9.928244e-09,1.9561998e-05,2.5720188e-05,8.586569e-07
ISIC_0028111,1,1.6784793e-06,0.9987099,3.9761917e-06,3.5826275e-08,0.0012843962,1.979972e-08,4.0813173e-08
ISIC_0030880,1,0.00075720414,0.9991698,3.0289375e-09,4.5103326e-09,7.2961455e-05,3.7168146e-08,2.6317066e-09
ISIC_0025041,1,0.00016747357,0.98989666,4.8892517e-09,3.34565e-07,0.009897352,3.5910227e-05,2.31338e-06
ISIC_0026700,1,0.004680443,0.9953081,5.60307e-08,1.3462001e-07,1.0852413e-05,8.040089e-09,4.6675086e-07
ISIC_0031319,1,0.0146821905,0.98384815,8.483212e-08,1.9318015e-06,0.0014672155,3.682006e-07,1.5395402e-07
ISIC_0027572,1,0.0011766361,0.9350803,1.6291551e-09,1.9963971e-07,0.063742705,8.9498625e-10,1.471804e-07
ISIC_0027886,1,6.9601344e-07,0.99998724,2.9896203e-12,1.7339922e-09,1.2004052e-05,4.515996e-12,1.0996459e-08
ISIC_0027932,1,1.1309325e-05,0.99122685,1.3180275e-08,2.949098e-07,0.00876158,3.3543621e-09,4.810844e-09
ISIC_0029918,1,0.3405312,0.65454423,1.7458887e-06,5.004923e-05,0.004780388,8.711119e-05,5.348363e-06
ISIC_0027843,1,7.1252354e-05,0.9997553,5.752568e-08,6.5155706e-07,0.00017277333,5.938197e-08,3.954319e-08
ISIC_0026185,1,6.115949e-06,0.9999937,9.348485e-10,1.9041892e-10,8.8756416e-08,1.4860841e-07,3.9489e-08
ISIC_0030041,1,9.264942e-06,0.9994436,7.3693036e-06,7.318777e-10,0.0005395847,1.0989426e-09,1.8323654e-07
ISIC_0031690,1,1.7520875e-05,0.99998224,6.8220425e-09,7.9313833e-10,1.711822e-07,4.953852e-08,1.7871782e-08
ISIC_0026594,1,3.5805093e-05,0.99958974,5.6880314e-09,0.00024592143,8.273386e-05,4.5617875e-05,1.5221069e-07
ISIC_0027939,1,0.0006136362,0.999148,4.599287e-09,1.973532e-08,0.00023711131,1.8664197e-07,9.423913e-07
ISIC_0024637,1,0.083067775,0.91693217,7.437185e-11,2.9128797e-09,1.8859852e-08,3.1058983e-10,3.3114451e-09
ISIC_0030906,1,0.088094234,0.91163844,6.252147e-06,6.378567e-08,0.0002569513,3.010684e-06,9.3110486e-07
ISIC_0031291,1,2.0001718e-05,0.9997619,9.151403e-12,4.6353105e-11,0.0002180484,1.6827046e-09,1.3765758e-08
ISIC_0024868,1,5.8468504e-07,0.999987,2.2624641e-07,1.0656546e-08,1.2045814e-05,7.295468e-08,6.8379293e-09
ISIC_0029751,1,2.9476917e-07,0.9997814,5.4236304e-09,3.6323155e-07,0.00021725518,1.6043984e-07,5.010172e-07
ISIC_0026175,1,8.655855e-07,0.9999925,1.8216134e-10,3.710875e-08,7.3449934e-07,2.4079688e-07,5.622461e-06
ISIC_0030293,1,1.6568985e-06,0.97985053,1.1830166e-08,2.8643041e-09,0.014800953,0.0053385687,8.290673e-06
ISIC_0032426,1,7.725615e-09,0.9999999,6.3318417e-10,9.208857e-10,9.0371266e-08,4.9570065e-10,4.439283e-09
ISIC_0028597,1,9.001799e-05,0.038220283,3.1692566e-09,2.548507e-06,0.9616742,9.600298e-06,3.397758e-06
ISIC_0031571,1,3.80756e-05,0.49105087,3.9684764e-08,2.194623e-06,0.430499,0.07840156,8.364227e-06
ISIC_0024348,1,1.6607513e-05,0.91899145,4.013795e-09,3.2789524e-09,0.08099014,1.6833407e-06,1.5791767e-07
ISIC_0028356,1,7.58405e-05,0.9992405,3.291975e-11,3.4997643e-09,0.0006833526,2.94232e-07,3.9870894e-08
ISIC_0031781,1,6.596308e-05,0.9998969,1.8805131e-10,2.6175715e-07,3.6732334e-05,3.7312278e-09,1.4122895e-07
ISIC_0025878,1,0.22942059,0.080457814,4.1785693e-06,9.611864e-07,0.6900393,2.7349535e-07,7.690841e-05
ISIC_0027375,1,0.00019085644,0.99980897,1.5127235e-11,1.0073394e-11,2.374634e-07,1.1029594e-12,2.2370914e-09
ISIC_0027145,1,4.3676587e-06,0.99995446,3.5448464e-09,1.5717316e-10,3.9836363e-05,5.3410085e-09,1.3526852e-06
ISIC_0028365,1,8.969833e-05,0.8465267,1.2855347e-06,1.2094075e-05,0.15331095,1.7682503e-05,4.1624662e-05
ISIC_0027251,1,1.7218053e-07,0.9950133,5.866223e-11,4.4178267e-10,0.0049864496,3.7093086e-09,1.3790379e-08
ISIC_0030003,1,3.5850786e-05,0.99991596,1.11920646e-10,1.30895055e-08,4.7857946e-05,2.1891016e-07,7.865907e-08
ISIC_0025298,1,0.0011295867,0.9988544,2.3873836e-10,1.5245849e-08,1.4425984e-05,1.5447882e-06,3.243017e-08
ISIC_0028705,1,6.896579e-05,0.9923159,2.5225066e-10,6.4984405e-08,0.0076114377,3.7831236e-09,3.556796e-06
ISIC_0028775,1,9.459824e-06,0.86123854,3.4202267e-07,1.0359747e-06,0.13865493,7.6302225e-05,1.9449302e-05
ISIC_0025080,1,0.0011012853,0.9313725,9.819154e-05,2.0855655e-06,0.06040269,0.0031548424,0.0038682944
ISIC_0030761,1,0.0031060735,0.9966203,9.355351e-08,0.0002699117,3.064088e-06,4.144827e-07,2.2665238e-07
ISIC_0030862,1,0.0012305228,0.99464154,3.5924372e-09,1.1477127e-09,0.0041248198,3.0971094e-06,2.717649e-08
ISIC_0027318,1,1.8040222e-05,0.99998116,4.351933e-10,3.423258e-08,7.6522326e-07,3.7651438e-09,5.7698905e-08
ISIC_0032162,1,0.3611297,0.6388471,1.7552634e-07,3.0972878e-08,2.129737e-05,1.6964113e-06,1.8468063e-08
ISIC_0031288,1,0.00012621099,0.76639,9.835447e-08,7.898502e-07,0.2295924,0.0038687636,2.1698048e-05
ISIC_0025947,1,0.003409226,0.9893622,1.2304545e-06,1.4532233e-05,0.0072052516,3.6753017e-06,3.983074e-06
ISIC_0030000,1,0.00024474852,0.9995869,1.10976245e-07,1.04270235e-07,0.00016551436,1.2652437e-07,2.5477893e-06
ISIC_0026817,1,0.0008952455,0.9991002,6.5347026e-11,6.2590324e-09,4.339106e-06,4.3279207e-09,2.0400006e-07
ISIC_0027373,1,0.00015136108,0.9984485,9.830803e-11,5.0318572e-08,0.0013798636,3.280787e-06,1.6879858e-05
ISIC_0031021,1,7.386045e-05,0.97839695,1.7478847e-05,1.738115e-06,0.016698537,0.004809378,2.0373093e-06
ISIC_0032073,1,3.1958625e-05,0.9999628,1.8395074e-08,8.4611923e-10,3.5694964e-06,1.4107208e-06,2.689059e-07
ISIC_0026733,1,0.12444996,0.6714047,0.00020758217,2.1111196e-05,0.20275842,0.0011325039,2.5623309e-05
ISIC_0027157,1,6.6198496e-05,0.99993074,4.7146628e-08,2.979845e-10,2.9236958e-06,8.214985e-08,3.2217242e-09
ISIC_0024649,1,0.0003874346,0.9995882,2.6042085e-07,1.3063196e-08,2.3717563e-05,1.4021616e-07,2.3969687e-07
ISIC_0031437,1,0.0019693216,0.9978861,3.228781e-08,1.16310574e-07,6.793566e-05,7.5662116e-05,8.0151955e-07
ISIC_0025482,1,2.7725823e-06,0.9999906,1.00026785e-10,5.3867936e-08,3.285378e-06,3.284488e-06,7.71525e-09
ISIC_0028048,1,2.3711187e-05,0.979761,3.8266622e-05,3.3193694e-06,0.020145727,6.568745e-07,2.7292659e-05
ISIC_0027597,1,2.7259553e-05,0.9990282,8.094204e-05,1.2018378e-07,0.00086255954,5.9960405e-07,3.259652e-07
ISIC_0032419,1,0.00016056349,0.9975235,5.3465342e-08,1.2705177e-06,0.0022936868,1.1457599e-06,1.9731337e-05
ISIC_0025057,1,4.3699598e-05,0.99995625,5.379947e-11,1.0255932e-10,4.8131323e-08,1.7413067e-08,1.4937336e-09
ISIC_0025664,1,9.856048e-06,0.9992225,4.9832893e-09,9.0438296e-10,0.0007675949,8.48469e-09,1.3302009e-08
ISIC_0030351,1,0.062399514,0.9358182,9.511592e-12,4.408667e-10,0.0017787174,5.9587544e-09,3.5683383e-06
ISIC_0029266,1,2.7618437e-06,0.98082834,9.609495e-07,2.827726e-05,0.015767833,0.0033528877,1.8870247e-05
ISIC_0026540,1,2.2330669e-05,0.9999622,7.1119284e-11,1.3108035e-10,8.531934e-08,1.5430445e-05,6.3130323e-10
ISIC_0025678,1,2.37831e-06,0.99999726,4.113648e-10,1.0932329e-11,3.3848778e-07,2.5245128e-10,2.9290128e-09
ISIC_0024815,1,0.00010132121,0.99988294,9.540743e-10,7.568984e-07,1.4700458e-05,1.9352638e-07,1.3232663e-07
ISIC_0026269,1,0.00014931566,0.9996866,8.2341114e-07,2.2900394e-07,1.2554252e-06,0.00016165964,7.629553e-08
ISIC_0025146,1,0.060097184,0.9394574,6.610087e-08,1.140014e-05,0.00043090977,7.517464e-07,2.1726423e-06
ISIC_0026361,1,7.1512026e-05,0.9999083,1.1364164e-08,4.095131e-09,7.832353e-07,1.9223593e-05,1.450063e-07
ISIC_0028821,1,0.0017231419,0.99798405,1.1013577e-05,7.054052e-05,0.00020978985,9.1839036e-07,4.884875e-07
ISIC_0026651,1,0.00494445,0.7243708,2.1832877e-06,0.00017561807,0.2705039,2.2544968e-06,7.784277e-07
ISIC_0031963,1,7.535739e-05,0.9996972,4.2921433e-10,6.6788226e-07,2.8673542e-06,1.6947684e-08,0.00022382021
ISIC_0032002,1,1.2426126e-05,0.9992872,3.8873253e-08,2.272268e-07,0.0006995018,4.1031078e-07,2.3108987e-07
ISIC_0027566,1,0.0032293475,0.99646413,2.4038245e-09,4.818603e-09,0.0003058806,6.892463e-09,5.5191737e-07
ISIC_0030374,1,0.0030257604,0.9935488,2.1743501e-06,1.35153605e-05,0.0033762923,3.1043244e-05,2.4094227e-06
ISIC_0030306,1,0.001785995,0.9955924,9.1365854e-10,3.7370705e-06,0.0015306626,0.0010388512,4.8439182e-05
ISIC_0027881,1,0.00045592754,0.99952245,2.4090172e-10,1.1853234e-09,2.1680931e-05,3.812948e-08,1.1298559e-08
ISIC_0031734,1,0.00016023952,0.99945956,2.7033903e-10,8.1567847e-10,0.00037939762,5.548831e-07,1.5468308e-07
ISIC_0027910,1,0.005474153,0.9821568,1.1866293e-08,1.941271e-05,0.0073088408,0.0050377334,3.0659967e-06
ISIC_0030814,1,0.00012771331,0.97069633,3.2951678e-07,2.8606985e-06,0.029140892,2.8493083e-05,3.3875165e-06
ISIC_0031504,1,0.0028454454,0.12729517,0.78228194,1.5727017e-05,0.08705946,0.00012245789,0.00037986934
ISIC_0025318,1,5.722702e-05,0.99968314,4.4030935e-07,4.891892e-08,0.00025490287,1.4466214e-06,2.8428904e-06
ISIC_0031882,1,1.5472413e-05,0.9983529,6.503946e-08,4.313721e-06,0.0016256386,2.0789603e-08,1.6288469e-06
ISIC_0026812,1,2.6109262e-07,0.99999666,7.303832e-09,4.9071677e-11,2.645408e-06,3.4477542e-11,4.068282e-07
ISIC_0027605,1,2.44612e-05,0.999962,9.623258e-08,1.0719613e-05,2.1713386e-06,1.0845423e-07,4.3168117e-07
ISIC_0027307,1,7.788762e-07,0.99973565,6.548467e-08,1.1012099e-06,0.00026234135,1.4137825e-07,9.541798e-09
ISIC_0032005,1,0.0030574691,0.9969349,4.8461242e-08,6.771577e-06,4.8683123e-08,6.657453e-07,2.202148e-08
ISIC_0026731,1,3.124257e-06,0.99999654,8.2796053e-10,1.3781609e-07,1.8125849e-07,1.0929314e-08,3.8717346e-08
ISIC_0024555,1,3.7256018e-06,0.99998105,2.2404777e-10,1.0840243e-05,3.7014631e-06,2.726887e-11,6.839422e-07
ISIC_0030239,1,0.002213868,0.99758554,9.019572e-12,2.0057243e-09,0.00020011306,4.423032e-07,2.737337e-08
ISIC_0024776,1,7.329634e-05,0.99992657,1.0790284e-10,7.477686e-12,1.6900316e-07,6.6520255e-11,6.0324985e-09
ISIC_0027019,1,3.5747496e-05,0.99996424,2.617584e-12,5.6164032e-11,3.450279e-08,6.817133e-09,4.0300834e-09
ISIC_0032241,1,6.6064054e-08,0.9983872,3.4302886e-08,8.4665203e-07,0.0016117984,5.0286214e-08,1.1542959e-07
ISIC_0029388,1,0.00025256342,0.99972695,5.788543e-10,4.3555055e-08,1.9963212e-05,4.318702e-08,5.237372e-07
ISIC_0025093,1,3.2559535e-06,0.999788,1.18486405e-07,8.121499e-07,7.418644e-06,0.00019744535,2.862912e-06
ISIC_0028105,1,6.002565e-07,0.9999989,3.243608e-11,6.8138234e-12,1.912212e-08,3.6044234e-09,4.7645955e-07
ISIC_0031636,1,0.0004686117,0.9661058,1.8631927e-06,0.0013413312,0.031734098,1.2075221e-05,0.00033610442
ISIC_0032088,1,1.2609487e-07,0.99999917,1.0829805e-11,2.4259835e-08,7.5483956e-07,4.827714e-10,3.913566e-09
ISIC_0025877,1,2.994134e-05,0.99996936,4.7130866e-10,8.8727006e-08,5.300828e-07,4.4837993e-08,7.465096e-08
ISIC_0027610,1,0.0135694705,0.97992545,3.075261e-05,1.027457e-05,0.0063498565,0.00011409995,4.4920956e-08
ISIC_0031172,1,1.2909921e-06,0.9995347,1.1808283e-11,9.716249e-08,0.00046368115,1.6031168e-09,2.1559403e-07
ISIC_0028403,1,0.01778371,0.9663255,8.935582e-07,2.8903205e-06,0.015799362,8.1646846e-05,5.958666e-06
ISIC_0031820,1,6.4340804e-07,0.99999726,4.6950237e-13,2.2716564e-09,1.974895e-06,5.155768e-09,1.6338332e-07
ISIC_0026929,1,0.00031845193,0.94141674,5.534041e-08,0.0004970267,0.057766963,4.717025e-07,2.9040524e-07
ISIC_0030711,1,1.8168918e-06,0.999887,5.32416e-13,1.30614e-07,0.000110997564,1.6159369e-08,4.269242e-08
ISIC_0032487,1,0.011122093,0.9887931,5.3927484e-11,3.214063e-08,8.455223e-05,2.1512581e-07,6.004579e-08
ISIC_0027400,1,7.077856e-05,0.99992895,1.7369204e-12,2.491228e-09,1.0790285e-07,1.5733465e-07,3.7725073e-10
ISIC_0024404,1,4.0750752e-08,0.9999994,1.11906395e-08,9.693978e-11,4.607181e-07,7.6990005e-09,7.855797e-08
ISIC_0029189,1,0.0043319874,0.9956671,5.3339944e-10,1.5873587e-07,6.397199e-08,1.22479e-07,5.4244686e-07
ISIC_0027309,1,8.7236407e-07,0.99999595,6.5720216e-12,5.0513286e-08,1.6402173e-06,3.268767e-09,1.5397972e-06
ISIC_0028786,1,0.00020450387,0.99979013,1.5221877e-08,2.7264292e-07,3.928888e-06,1.1371254e-06,2.1543645e-08
ISIC_0026814,1,4.9015036e-08,0.9999999,1.1761767e-12,1.7698542e-09,2.7339839e-08,1.954656e-10,1.5478255e-08
ISIC_0024392,1,0.002013971,0.99798405,9.049106e-10,3.0998288e-09,8.4566796e-07,1.0900748e-06,1.6334461e-08
ISIC_0028906,1,1.7209139e-05,0.9999827,8.295325e-11,1.3019754e-09,5.3625374e-08,3.3455996e-10,7.7782325e-10
ISIC_0024474,1,6.41615e-07,0.99997413,2.2951248e-10,8.416169e-07,2.387455e-05,3.6906988e-07,1.9984302e-07
ISIC_0029181,1,1.0743529e-05,0.99995804,7.216792e-10,1.4213675e-08,1.0952062e-05,5.241408e-10,2.0205205e-05
ISIC_0030556,1,0.004700183,0.9952732,5.475962e-07,1.4319777e-07,2.5769654e-05,4.9485256e-09,1.9782468e-07
ISIC_0029167,1,0.0012988602,0.9986987,1.0809587e-09,1.2836806e-08,2.002017e-06,3.5153767e-09,4.0346416e-07
ISIC_0027813,1,0.0005149809,0.9994848,3.0409836e-10,1.0951363e-08,3.741141e-08,9.248601e-10,1.5044769e-07
ISIC_0030815,1,0.00020106729,0.99979454,2.9147854e-11,8.066339e-09,4.1683534e-06,1.9287976e-08,1.8408254e-07
ISIC_0029117,1,1.6405605e-07,0.99999964,2.1715576e-13,1.0460991e-08,1.420235e-07,1.0225779e-08,3.2372356e-09
ISIC_0028021,1,4.5212305e-06,0.99996865,8.472259e-09,1.2011568e-09,2.2507984e-06,2.4533952e-05,4.210546e-08
ISIC_0030921,1,0.0008752065,0.9977477,3.2825498e-09,3.1704449e-06,0.0013737655,4.3699136e-10,6.209685e-08
ISIC_0026220,1,1.557644e-07,0.99999976,1.007583e-12,2.2020968e-10,4.348832e-08,1.6167671e-11,1.2817884e-08
ISIC_0027553,1,0.0001770033,0.9438962,0.00011624323,7.6287694e-07,0.05580452,1.5889087e-07,5.227532e-06
ISIC_0029287,1,7.0852125e-06,0.9998945,5.5858198e-08,5.055498e-09,9.777682e-05,6.849414e-08,4.016041e-07
ISIC_0027022,1,1.0919185e-06,0.9999685,1.7858572e-10,2.4175104e-09,3.0232377e-05,1.1784741e-10,9.064482e-08
ISIC_0026628,1,0.08840062,0.91150284,5.0720985e-08,1.04135054e-07,5.623338e-05,3.9764138e-05,3.7739338e-07
ISIC_0027951,1,4.8556285e-06,0.99999475,2.0798875e-11,3.820555e-07,4.925705e-08,3.1831553e-09,3.262555e-08
ISIC_0025017,1,0.00046772833,0.9995296,6.484657e-11,2.7077006e-08,5.7507428e-08,2.4685187e-06,1.06348885e-07
ISIC_0027080,1,6.568385e-05,0.9997814,2.7558849e-09,3.4016446e-06,0.00014667619,7.9827277e-07,1.9321396e-06
ISIC_0025894,1,0.84175086,0.15811326,2.6425224e-07,1.4208603e-06,2.095691e-05,0.0001129235,3.6509192e-07
ISIC_0026688,1,0.00016981525,0.99970156,2.4462768e-10,2.1617204e-06,0.00012632638,1.3308849e-07,4.4141377e-08
ISIC_0025242,1,1.1430579e-05,0.9999815,7.762832e-08,9.621103e-07,9.0034683e-07,5.0258086e-06,1.354509e-07
ISIC_0032352,1,0.010510877,0.9894874,9.043252e-08,1.8698682e-08,4.629988e-07,5.257653e-07,6.886278e-07
ISIC_0026572,1,1.17154485e-07,0.99999976,1.223707e-08,6.812563e-10,6.929123e-08,1.0098718e-10,1.0443409e-08
ISIC_0026317,1,5.770603e-08,0.99999964,1.5235254e-09,6.5479195e-09,2.9024423e-07,1.8217003e-09,2.305914e-08
ISIC_0024778,1,1.5938117e-06,0.9999908,1.8800381e-07,1.3564093e-10,2.1164674e-06,5.2491387e-06,7.359109e-09
ISIC_0028979,1,0.00028321779,0.9997129,2.5776287e-11,7.9326207e-10,3.8110281e-06,2.363015e-08,9.88545e-08
ISIC_0030752,1,2.3741117e-07,0.999979,1.0644043e-09,4.9056663e-08,1.9310708e-05,2.0714697e-07,1.2274393e-06
ISIC_0031508,1,8.118334e-05,0.9998921,3.7315724e-09,2.2853477e-07,2.3176803e-05,7.243369e-07,2.577264e-06
ISIC_0027901,1,2.6403084e-08,0.9999869,9.874904e-09,9.973745e-10,1.1551171e-05,1.0421432e-07,1.3483049e-06
ISIC_0026436,1,3.710749e-05,0.6717902,0.00010076439,0.0026103538,0.32498312,0.0003137139,0.00016484929
ISIC_0029128,1,2.2169483e-07,0.9999831,6.283066e-12,2.373142e-10,1.6424307e-05,1.9794591e-07,5.4276452e-08
ISIC_0031540,1,7.7606694e-07,0.9999188,1.7138203e-09,6.7576555e-11,7.72807e-05,1.2425298e-06,1.9355573e-06
ISIC_0027653,1,2.7565127e-06,0.9999933,3.2144312e-09,3.5421574e-06,1.8533117e-07,6.88461e-10,1.6855134e-07
ISIC_0027457,1,5.247433e-05,0.9999294,1.2147687e-07,6.87456e-08,1.7255928e-05,4.9555354e-07,9.378003e-08
ISIC_0025126,1,3.054759e-06,0.9999912,5.3132065e-11,1.0117785e-08,4.5691695e-06,7.402845e-07,4.8689304e-07
ISIC_0026064,1,2.5841016e-06,0.9977329,9.095417e-09,1.8911929e-06,0.002259569,1.1869139e-07,2.9500789e-06
ISIC_0029695,1,7.8676385e-06,0.9999807,1.9372643e-09,8.305265e-06,2.6377077e-06,2.1310811e-08,4.7050636e-07
ISIC_0030291,1,4.7540893e-06,0.99736243,3.176412e-05,3.968732e-05,0.0024921817,1.1921578e-07,6.901612e-05
ISIC_0026503,1,6.805019e-09,0.9999995,1.5693384e-12,2.1190092e-09,3.9050593e-07,9.469099e-10,2.6027012e-08
ISIC_0028459,1,6.440657e-06,0.9976043,5.046813e-06,2.223366e-06,0.0023395636,2.922553e-07,4.216752e-05
ISIC_0024977,1,6.934566e-06,0.9999323,2.7993979e-08,1.8260376e-07,6.0458962e-05,1.0428413e-08,5.74899e-08
ISIC_0031785,1,8.69799e-05,0.9999112,2.2962556e-09,1.4656162e-07,1.4128937e-06,6.501598e-08,1.357771e-07
ISIC_0027056,1,1.0095598e-05,0.99998975,2.7507172e-10,1.021051e-09,1.6273685e-08,1.3054249e-07,5.4319592e-08
ISIC_0027636,1,0.0014844327,0.9915211,3.3848446e-06,5.97968e-05,0.004124909,0.0028040593,2.2482373e-06
ISIC_0030402,1,5.5604482e-06,0.99961734,6.3948784e-07,3.211201e-07,2.1792207e-06,0.00037384595,3.5832297e-08
ISIC_0030265,1,2.1854028e-07,0.99999964,1.2231472e-11,7.615812e-09,7.560874e-08,6.5498773e-10,8.8338385e-09
ISIC_0030505,1,0.00013395917,0.99986076,5.70104e-07,1.2993196e-06,3.1088512e-06,2.5872814e-07,6.502073e-09
ISIC_0025119,1,0.00075166975,0.28863636,6.9326643e-07,2.254125e-06,0.7106002,1.2354474e-06,7.697599e-06
ISIC_0028246,1,1.7694427e-07,0.99994373,1.5117035e-12,7.028818e-08,5.593748e-05,3.7893952e-10,4.3114547e-09
ISIC_0024570,1,2.3957386e-05,0.9994867,2.1880064e-08,5.026144e-06,0.0004822651,3.8938774e-07,1.7196757e-06
ISIC_0028552,1,8.3825405e-05,0.9904732,8.21943e-08,9.341251e-06,0.009340562,8.070726e-05,1.2239094e-05
ISIC_0024965,1,8.91127e-05,0.9953023,0.00014232757,1.0548826e-05,0.0035424856,1.4265102e-07,0.0009130764
ISIC_0027799,1,0.005488304,0.99451077,3.0180654e-12,1.4777916e-08,2.4739964e-07,4.0222542e-07,2.564231e-07
ISIC_0032052,1,3.1388079e-06,0.99998426,2.4229877e-08,3.4928294e-09,4.34295e-06,1.16326596e-07,8.078699e-06
ISIC_0025968,1,1.4361623e-05,0.9999851,6.818156e-10,5.422966e-09,1.0498502e-07,3.09679e-07,2.020337e-08
ISIC_0026727,1,0.00017305078,0.9126549,2.8469538e-05,7.523487e-06,0.08713091,7.4520145e-08,5.0825356e-06
ISIC_0029387,1,4.207867e-05,0.9998733,1.6271416e-08,7.8477046e-07,8.2360515e-05,1.9446608e-08,1.4632444e-06
ISIC_0030468,1,9.3549886e-08,0.99999774,5.9790006e-11,4.9227467e-10,1.9421507e-06,2.8851757e-10,1.7305824e-07
ISIC_0031240,1,2.8005055e-05,0.9998838,3.6054504e-10,4.6310817e-09,8.797349e-05,2.1689829e-10,2.8049288e-07
ISIC_0024308,1,0.0011595646,0.99884015,2.4405504e-09,2.5263587e-09,2.8311234e-07,1.9041489e-10,1.9389386e-08
ISIC_0032272,1,7.9892025e-06,0.9999833,2.5040855e-11,3.9259945e-10,8.752034e-06,1.210163e-10,3.6097336e-09
ISIC_0026200,1,0.000488641,0.66004956,5.8967184e-06,6.276239e-06,0.33409002,0.0005257751,0.0048338333
ISIC_0025714,1,0.00016872992,0.9972646,1.2341295e-06,7.0368435e-05,0.0023932615,0.00010155808,2.6619662e-07
ISIC_0026859,1,1.7279201e-07,0.9999697,4.0526893e-10,8.13801e-09,3.00502e-05,1.0260517e-09,9.7704556e-09
ISIC_0027214,1,2.3708438e-07,0.9999988,2.6020813e-10,1.7572888e-09,6.39943e-07,2.4136975e-07,4.1719172e-08
ISIC_0030450,1,0.001262943,0.99872583,4.699749e-08,5.569695e-06,5.8232185e-08,7.981515e-08,5.3339304e-06
ISIC_0028612,1,0.00021611406,0.9997832,9.1873553e-10,6.455422e-11,2.7042839e-08,5.5688986e-07,6.705216e-08
ISIC_0031383,1,0.00031426584,0.99964917,4.717101e-09,2.2488369e-08,3.57469e-05,5.694573e-07,1.8853e-07
ISIC_0029721,1,3.6282308e-06,0.99920064,4.066781e-09,7.863192e-07,0.00079282554,4.1370092e-07,1.7602682e-06
ISIC_0027927,1,2.5953061e-06,0.999997,1.608771e-11,1.6029636e-11,3.0469315e-07,1.3856008e-07,4.441227e-09
ISIC_0030562,1,0.00023267255,0.999767,4.8173066e-09,4.004908e-09,2.7851732e-07,6.9902084e-09,1.3561822e-08
ISIC_0027119,1,1.4479316e-05,0.9998155,2.5708644e-09,6.320754e-05,0.00010284882,1.621482e-06,2.2761649e-06
ISIC_0027542,1,1.0470114e-06,0.99988997,1.6932607e-07,7.8998056e-07,0.000101655256,4.6982946e-06,1.6670767e-06
ISIC_0030643,1,0.013291309,0.98362964,2.5917136e-06,5.325027e-06,0.0030488484,1.797584e-05,4.3518216e-06
ISIC_0031162,1,5.9152677e-07,0.99999917,9.36659e-08,5.1026356e-09,4.025264e-08,2.0929525e-08,7.9892835e-08
ISIC_0028772,1,1.2495885e-07,0.9996991,6.893602e-08,4.663577e-06,0.00029375782,2.1631564e-08,2.3596722e-06
ISIC_0026708,1,2.6856995e-07,0.9999993,1.4663703e-07,2.9449785e-09,3.179162e-07,1.4945246e-09,7.176175e-09
ISIC_0031275,1,2.1634335e-06,0.99898165,4.20624e-07,1.7327146e-07,0.0009901648,2.0327328e-05,5.1450806e-06
ISIC_0026965,1,2.4985944e-05,0.9999689,1.00567e-09,7.921051e-08,5.93501e-06,4.1223653e-11,2.91601e-08
ISIC_0026734,1,2.4419577e-09,0.9999995,3.8759038e-13,5.920959e-09,4.9310137e-07,3.1940064e-10,4.082233e-08
ISIC_0026983,1,0.0004968958,0.9995022,2.6064503e-10,7.2931234e-09,9.206931e-07,1.5067723e-10,2.0129192e-09
ISIC_0028514,1,2.0506568e-05,0.99997437,2.6777942e-09,1.0893604e-09,5.1345e-06,3.6993628e-10,1.6606714e-08
ISIC_0030166,1,4.582938e-06,0.99956113,2.5784116e-08,0.00013241186,0.00023865227,4.495617e-06,5.86883e-05
ISIC_0024306,1,2.040194e-05,0.9999355,1.98769e-09,3.501799e-08,4.2168263e-05,1.8589033e-06,2.6355278e-09
ISIC_0031775,1,1.2756942e-05,0.9999857,3.1152128e-09,6.1538734e-09,4.5534955e-07,1.0562244e-06,2.5710042e-08
ISIC_0025626,1,3.165863e-05,0.9999682,1.5835572e-07,1.355385e-11,2.4182304e-08,1.4011862e-11,1.8817998e-09
ISIC_0029009,1,1.5235656e-06,0.9999969,4.8635656e-09,2.996849e-08,1.5919774e-06,4.35168e-09,1.1752785e-08
ISIC_0029267,1,1.0783576e-07,0.9986156,3.410704e-11,1.8931306e-07,0.0013834317,1.0902347e-07,4.2863454e-07
ISIC_0026062,1,1.748687e-06,0.8915329,4.0455798e-06,0.00061060395,0.107828535,1.1232009e-05,1.0967813e-05
ISIC_0029864,1,7.717908e-07,0.9999993,6.519929e-12,2.7175338e-11,2.7192254e-10,6.774854e-13,5.9697036e-10
ISIC_0028071,1,1.4640283e-07,0.9999745,1.8148806e-10,2.3350333e-10,2.4987226e-05,3.7132884e-07,6.044193e-08
ISIC_0030554,1,1.166902e-07,0.99999225,2.1360123e-13,1.1304463e-10,6.9029006e-06,7.3106787e-07,1.3710778e-08
ISIC_0025135,1,5.21338e-05,0.99981517,1.2408078e-07,1.7471564e-05,0.0001129338,1.2611166e-06,8.937053e-07
ISIC_0028674,1,6.340234e-08,0.99998057,3.0582151e-12,2.4889197e-09,1.9340743e-05,4.7155674e-10,2.8927609e-08
ISIC_0030073,1,3.8608263e-08,0.999998,5.4545243e-11,1.5467447e-09,1.9670563e-06,6.279383e-09,1.875189e-08
ISIC_0027474,1,0.0004913996,0.999432,1.1897007e-09,1.8413028e-05,5.2784024e-05,7.713082e-07,4.566502e-06
ISIC_0024920,1,5.2950927e-06,0.9999945,4.135535e-12,1.926163e-10,3.3722092e-09,8.010241e-08,1.5000502e-08
ISIC_0024469,1,0.00017535813,0.98560727,8.223139e-06,7.2908195e-05,0.006238206,0.007892878,5.1307766e-06
ISIC_0028911,1,3.7465375e-07,0.9999995,2.3268701e-11,5.699843e-10,1.2033702e-07,2.7034014e-10,1.4538807e-08
ISIC_0027740,1,1.9528492e-05,0.9999738,1.382196e-06,9.984255e-10,4.554299e-06,2.3142702e-08,8.0019095e-07
ISIC_0032499,1,1.9323613e-07,0.9998374,2.1669742e-08,1.0462786e-08,0.00014432822,1.4288439e-05,3.6939462e-06
ISIC_0030764,1,5.3667947e-05,0.99931777,6.979825e-08,5.5014592e-08,0.00043822703,0.00018715758,3.1305503e-06
ISIC_0030718,1,1.6789852e-05,0.9999455,6.709078e-09,1.8425597e-07,5.1901993e-06,3.178358e-05,4.3142222e-07
ISIC_0030068,1,3.3620045e-06,0.9999387,1.1510061e-07,9.887871e-08,5.715513e-05,2.174615e-07,3.056057e-07
ISIC_0026972,1,1.1827393e-07,0.9999939,4.0995609e-13,1.1342354e-08,5.9845615e-06,5.068601e-09,6.5837487e-09
ISIC_0028927,1,0.00030473183,0.99959725,3.2252313e-08,1.03450006e-07,9.7558506e-05,2.5261747e-07,3.1373443e-08
ISIC_0030857,1,4.9205315e-05,0.9811148,2.7897662e-10,7.196361e-06,0.01882843,2.1610246e-07,9.857933e-08
ISIC_0025658,1,4.6376994e-07,0.9999994,5.5364167e-14,1.6344103e-09,1.4264842e-07,2.7396032e-09,1.4881468e-10
ISIC_0028277,1,0.00016340299,0.9998023,2.0942164e-09,1.4543838e-07,2.421622e-05,9.897295e-06,6.682044e-08
ISIC_0031864,1,0.00020188943,0.9997074,4.9913428e-08,2.0602413e-06,8.828497e-05,3.288798e-08,3.2588332e-07
ISIC_0029106,1,4.827281e-05,0.9997429,1.8421282e-09,3.1382204e-08,4.805807e-05,0.00015559414,5.0554813e-06
ISIC_0031423,1,1.17536265e-05,0.99998677,1.2541344e-09,5.8312316e-10,4.89825e-07,5.870519e-08,9.931086e-07
ISIC_0029050,1,9.225722e-05,0.99656206,4.5877528e-08,0.0017390389,0.0016059186,6.7656714e-07,7.2486316e-08
ISIC_0031816,1,1.1431557e-07,0.99999845,3.156063e-10,2.6183067e-09,8.6886864e-08,1.284164e-06,7.3996307e-09
ISIC_0029722,1,6.146903e-08,0.9998437,3.8168458e-11,9.051968e-11,0.00015481243,1.37145735e-08,1.3577877e-06
ISIC_0029788,1,0.0040088454,0.99599105,6.218638e-11,3.6535217e-09,3.7878557e-08,1.5827603e-09,3.1260974e-08
ISIC_0030480,1,4.5302663e-06,0.9999825,1.3511416e-09,9.868628e-09,1.1169742e-05,8.656683e-09,1.7629262e-06
ISIC_0027032,1,0.0023733517,0.9974376,2.1383265e-10,1.1393232e-10,0.00018905631,6.7640764e-09,7.526769e-09
ISIC_0030867,1,0.00026650747,0.99473345,1.11615615e-08,4.695504e-05,0.0049529183,1.10960194e-07,6.780467e-08
ISIC_0031954,1,5.739221e-07,0.99999917,3.304933e-12,1.7556603e-10,2.1056387e-07,1.8504346e-11,9.592627e-08
ISIC_0029016,1,4.0243382e-08,1.0,1.9857699e-11,2.2466383e-11,1.25370185e-08,4.759866e-10,2.2541133e-09
ISIC_0024826,1,1.5429423e-05,0.9999845,2.4247995e-09,3.825142e-09,3.598747e-08,2.9924846e-10,1.1039336e-09
ISIC_0030221,1,0.00018559492,0.9989779,2.7860988e-08,1.0876548e-08,0.0008362895,4.104743e-08,2.0629328e-07
ISIC_0028250,1,7.4178774e-06,0.99998784,6.156483e-12,3.730286e-09,4.553716e-06,1.5561421e-09,1.9444265e-07
ISIC_0029378,1,3.751167e-05,0.9999517,9.85417e-11,2.1815207e-09,1.0607355e-05,1.863386e-09,2.0181619e-07
ISIC_0026904,1,1.3376224e-05,0.9999579,3.3940292e-10,6.3683597e-06,2.212928e-05,1.1336186e-09,2.3924557e-07
ISIC_0031870,1,7.067892e-09,0.99999857,3.4534637e-09,3.9007455e-07,1.0105247e-06,1.5610556e-08,1.29748985e-08
ISIC_0025281,1,2.6982649e-05,0.9999709,6.7086727e-09,1.15428e-06,8.193881e-07,6.9986883e-10,4.2830585e-08
ISIC_0028501,1,0.0006776682,0.99932206,3.3862182e-08,1.1112474e-07,1.0457392e-08,1.6629786e-08,8.203676e-08
ISIC_0029956,1,9.1475866e-10,1.0,4.795779e-14,5.2556508e-11,2.142187e-08,7.517925e-11,1.620991e-08
ISIC_0029408,1,6.151667e-05,0.9999293,8.271619e-09,1.2987741e-08,1.0155586e-06,6.503143e-08,8.073133e-06
ISIC_0026564,1,4.5846935e-09,0.9999999,1.910327e-14,9.993869e-14,9.510942e-08,1.7481498e-10,4.5671507e-09
ISIC_0030769,1,7.130079e-09,1.0,3.1061304e-10,4.519962e-10,5.072065e-09,2.9110367e-09,1.173971e-09
ISIC_0024780,1,1.9901933e-08,0.99999964,2.23664e-12,5.6408756e-11,2.9960813e-07,3.2636444e-10,3.2016614e-10
ISIC_0029816,1,2.6207179e-05,0.9994722,1.8976035e-06,8.086444e-08,0.0004878972,6.5443824e-06,5.173923e-06
ISIC_0032094,1,0.00037630333,0.99942243,1.4098574e-08,5.9829125e-07,0.00019783486,5.616608e-10,2.8935874e-06
ISIC_0025332,1,9.118132e-05,0.99990785,1.4355526e-09,4.1760893e-09,5.11753e-07,3.659019e-07,1.0063522e-07
ISIC_0028976,1,0.0007694071,0.9992298,5.02038e-09,5.849015e-08,3.4170978e-07,2.1899457e-07,2.6511537e-07
ISIC_0027785,1,6.575663e-07,0.99999523,2.0351946e-11,8.3131816e-08,3.8525295e-06,4.1102656e-11,1.9491064e-07
ISIC_0030495,1,1.0504114e-06,0.99998975,1.4867997e-09,7.194611e-08,7.61036e-06,3.4268737e-08,1.516102e-06
ISIC_0028850,1,5.045081e-07,0.99981636,3.852914e-09,3.773497e-08,0.00018259,4.5019797e-07,1.1680972e-07
ISIC_0027476,1,5.6450894e-08,0.9999819,1.8857385e-09,3.271865e-07,1.6850392e-05,3.113695e-07,5.141312e-07
ISIC_0032196,1,6.8091495e-06,0.99831164,7.8429383e-07,2.2621973e-06,0.0016660136,7.2007274e-06,5.2406394e-06
ISIC_0032213,1,0.0017418192,0.9982572,1.0121551e-08,5.4926056e-07,2.203794e-07,6.728917e-09,8.487661e-08
ISIC_0031891,1,5.9380134e-05,0.9999403,5.740866e-10,2.2390045e-08,2.0521402e-07,3.3677484e-11,7.9790055e-08
ISIC_0028729,1,3.3104356e-05,0.9999397,4.0883855e-08,3.467702e-07,1.853884e-05,2.479828e-10,8.330656e-06
ISIC_0027696,1,1.5403031e-05,0.9999844,3.933569e-10,1.9605147e-13,2.032438e-07,7.918337e-11,6.0726274e-10
ISIC_0032106,1,1.7090872e-07,0.999998,3.129829e-10,6.9860647e-07,1.0122651e-06,1.3231309e-07,2.0259963e-09
ISIC_0032502,1,0.000110643996,0.99574995,1.3846677e-08,3.5309483e-07,0.003396775,1.6045769e-06,0.0007405567
ISIC_0028313,1,2.3555964e-05,0.9999764,6.3092936e-10,1.3435197e-08,3.9114094e-09,1.2550144e-08,4.644966e-09
ISIC_0028324,1,1.4996584e-07,0.9999999,2.12439e-11,3.0056935e-10,6.1130616e-09,1.7746872e-10,4.5117554e-09
ISIC_0027366,1,0.0021312886,0.9978629,2.2107576e-08,1.46296175e-08,5.7174675e-06,1.1153342e-08,5.4164783e-08
ISIC_0024755,1,0.0013552913,0.99863905,1.7894535e-09,2.9578248e-10,5.4579627e-06,1.3938565e-07,7.8122e-08
ISIC_0025591,1,1.126697e-05,0.9998796,4.7874487e-08,4.0534935e-05,5.624719e-05,1.2061693e-05,2.4063084e-07
ISIC_0029621,1,0.00047537926,0.9994823,4.977664e-07,2.2392965e-06,3.7029688e-05,3.0063833e-07,2.1314436e-06
ISIC_0030087,1,0.00042252237,0.999373,1.4987775e-08,4.0203747e-07,0.00020141964,2.0621308e-06,6.284011e-07
ISIC_0027833,1,1.8890281e-06,0.9977871,3.720629e-09,3.1946175e-08,0.0022085146,2.3998084e-10,2.502749e-06
ISIC_0031492,1,3.100802e-06,0.9999223,1.0480977e-07,1.0907492e-06,7.263518e-05,3.794458e-09,7.817351e-07
ISIC_0027035,1,8.027814e-07,0.99995947,1.5168716e-08,3.6221067e-05,2.669535e-06,4.819907e-07,3.4074145e-07
ISIC_0026484,1,3.4753597e-05,0.9997012,2.7744474e-07,3.367888e-07,0.00026322316,1.1639657e-08,1.804713e-07
ISIC_0026748,1,0.00018407799,0.97531873,4.1646146e-07,9.122491e-06,0.024482323,9.834143e-07,4.446926e-06
ISIC_0027518,1,0.18530169,0.81469786,4.556201e-07,4.9712168e-09,9.733406e-10,5.71423e-10,3.341009e-08
ISIC_0031747,1,4.138077e-05,0.99926883,4.5753713e-06,1.3684614e-08,0.0006827837,2.21416e-08,2.4287287e-06
ISIC_0027686,1,0.0009867402,0.885649,0.0921746,0.0024261111,0.013418002,0.0017762991,0.0035692586
ISIC_0030999,1,3.7301692e-05,0.99992967,6.0215534e-08,1.971196e-08,1.6567306e-05,1.630537e-05,3.4309057e-08
ISIC_0027592,1,1.19130855e-05,0.99998415,1.0998318e-07,1.2385516e-08,3.443993e-06,1.4398331e-09,4.2282224e-07
ISIC_0031928,1,0.00030275027,0.9996946,1.0055111e-09,1.0079059e-08,2.6396526e-06,4.786094e-09,5.6849533e-08
ISIC_0030286,1,0.0007193833,0.9987935,1.3417322e-06,3.4541956e-06,0.00041019023,1.9441983e-05,5.2678613e-05
ISIC_0031634,1,4.2127405e-05,0.9999503,1.6660241e-09,3.5781563e-06,3.991878e-06,1.394559e-08,8.904399e-09
ISIC_0028796,1,1.432405e-06,0.9999896,4.16643e-09,2.802001e-07,7.3127344e-06,1.2122649e-08,1.3465237e-06
ISIC_0028340,1,2.3442331e-05,0.9999292,9.335962e-10,1.6398824e-08,4.7313555e-05,2.3995833e-08,1.721062e-08
ISIC_0025949,1,3.1735065e-06,0.9999807,2.2528727e-11,1.5231196e-06,1.4542659e-05,1.2832186e-09,2.5566683e-08
ISIC_0029757,1,0.00027645516,0.999723,3.2551812e-11,1.1965156e-07,1.9662801e-07,2.7347014e-07,1.2982437e-08
ISIC_0026025,1,3.3042136e-06,0.99998724,4.2329138e-08,2.017334e-08,9.364354e-06,2.5778286e-08,4.039427e-09
ISIC_0030327,1,2.555565e-05,0.9999738,3.2772082e-10,1.750041e-08,6.397415e-07,5.0993375e-08,4.541348e-08
ISIC_0025369,1,0.0017279639,0.99781066,2.020382e-08,5.8684636e-06,2.0011325e-05,0.0004353424,2.0550864e-07
ISIC_0030256,1,0.0001106167,0.9997085,7.1053215e-08,2.072483e-06,0.00016666915,1.19640345e-05,1.547154e-07
ISIC_0029767,1,3.5056295e-05,0.9999647,1.6047794e-13,1.5775429e-08,8.3192255e-08,2.602222e-09,1.6863622e-07
ISIC_0029414,1,0.00014229279,0.99984777,2.6312683e-09,8.748269e-08,9.738415e-06,2.9411813e-09,2.116209e-08
ISIC_0026155,1,1.2645894e-06,0.99999607,3.2871992e-09,2.53275e-08,2.5751488e-06,1.7902018e-08,8.079826e-08
ISIC_0024686,1,1.708421e-08,0.99999774,1.1929989e-06,3.5032543e-11,8.100984e-07,3.5505892e-09,2.5675035e-07
ISIC_0031135,1,8.631024e-05,0.9998815,2.3029463e-09,3.3424945e-09,3.2171665e-05,1.16391924e-10,2.8645726e-08
ISIC_0025935,1,1.663595e-05,0.9999579,2.6149938e-11,2.0791397e-08,2.5452262e-05,3.2282954e-09,2.3097224e-08
ISIC_0029299,1,1.2118189e-05,0.87552553,4.610693e-06,4.6244763e-06,0.12406862,5.8264362e-05,0.00032626293
ISIC_0029605,1,8.3832795e-08,0.99999964,5.0054684e-14,8.983149e-11,9.687595e-09,1.2561351e-09,2.228761e-07
ISIC_0031767,1,2.680813e-06,0.99999714,6.4831134e-11,6.13408e-09,1.4822662e-07,1.2141558e-11,2.4919822e-09
ISIC_0031587,1,2.3197066e-07,0.9999964,1.8803792e-08,5.1070104e-10,3.0956512e-06,1.931736e-07,1.6807329e-08
ISIC_0029782,1,7.765514e-07,0.9999945,5.6158214e-08,1.3909036e-07,4.566236e-06,1.46807935e-08,1.5632423e-08
ISIC_0025067,1,0.001315015,0.99864966,8.0922735e-10,2.7011728e-07,3.4892262e-05,7.7290764e-08,9.435157e-08
ISIC_0028661,1,6.0937964e-07,0.99999905,1.8125751e-11,1.4979452e-10,3.247769e-07,3.2521608e-09,3.0957414e-10
ISIC_0027272,1,0.00038652497,0.9987509,4.9938373e-09,1.8634552e-07,0.00084909936,2.1819685e-07,1.2983866e-05
ISIC_0024532,1,6.744062e-07,0.98772615,4.889427e-10,1.2097516e-07,0.01226358,9.411587e-06,1.766544e-08
ISIC_0027602,1,4.653658e-06,0.999995,8.8620605e-10,7.758966e-09,2.753114e-07,2.0180722e-09,6.167952e-08
ISIC_0026864,1,1.3882095e-05,0.9999467,7.415432e-11,8.884857e-09,3.1656622e-05,7.346205e-07,6.9727116e-06
ISIC_0029398,1,2.4138417e-06,0.9999559,7.8207785e-10,7.906921e-09,4.1679312e-05,1.2999077e-10,4.569601e-08
ISIC_0030869,1,1.0579685e-06,0.9999695,2.8416117e-10,1.9432693e-07,2.8939196e-05,2.1137426e-07,4.1688995e-08
ISIC_0025852,1,0.0040589496,0.9959401,1.2272988e-10,1.0627949e-07,7.334935e-07,4.4317465e-09,6.9720265e-08
ISIC_0029768,1,1.2023633e-06,0.9999696,8.29991e-09,2.8793294e-09,2.9156525e-05,1.0027515e-09,1.7868114e-08
ISIC_0029261,1,2.1387108e-05,0.99992037,1.6650096e-06,4.2788292e-06,4.677624e-05,3.7804025e-08,5.5263326e-06
ISIC_0031878,1,4.4292797e-06,0.9997929,1.5276315e-07,4.162253e-06,0.00019485441,1.0429167e-06,2.515757e-06
ISIC_0030987,1,0.0039127944,0.9960603,1.3205113e-09,2.513511e-05,1.4620235e-06,1.1237332e-07,6.839762e-08
ISIC_0029338,1,3.4449079e-06,0.9999474,8.8315794e-08,1.7349066e-08,4.8964703e-05,1.0252469e-08,3.4437647e-08
ISIC_0027296,1,0.021884324,0.9781098,1.5002873e-07,2.6152223e-11,7.979022e-08,1.1684985e-07,5.558856e-06
ISIC_0026548,1,1.6805917e-06,0.9999896,9.110526e-10,4.1722608e-08,8.662259e-06,2.8704887e-08,5.5318726e-08
ISIC_0031687,1,0.0009468869,0.99900573,3.9383163e-11,2.9183678e-08,4.7073805e-05,2.3697545e-07,8.2784176e-08
ISIC_0027134,1,4.3190145e-08,0.999887,5.32536e-09,9.1601163e-07,0.00010794088,3.6366976e-06,3.201165e-07
ISIC_0027647,1,3.6057892e-05,0.99995434,2.0444714e-08,1.4528663e-07,9.3455155e-06,3.0230485e-08,7.03564e-08
ISIC_0031810,1,1.690318e-06,0.99957687,1.7313444e-07,2.336661e-07,0.00038070136,3.752186e-05,2.8425366e-06
ISIC_0025480,1,0.0025644854,0.99741346,1.293663e-10,1.2815757e-05,8.061919e-06,4.7665793e-07,6.7871883e-07
ISIC_0031846,1,0.27290457,0.72682273,2.6009992e-09,1.5197996e-05,1.1884782e-05,0.00024230266,3.2420023e-06
ISIC_0030199,1,2.5998148e-05,0.99997365,4.0054663e-14,2.946424e-10,3.2783316e-07,5.2186355e-10,1.0241065e-09
ISIC_0030147,1,1.0120608e-05,0.99057066,6.057618e-08,1.0522217e-06,0.009408069,9.444615e-06,6.35961e-07
ISIC_0029882,1,9.181813e-09,0.9999994,1.7402362e-12,5.375989e-09,5.774953e-07,6.3386956e-12,8.092465e-09
ISIC_0029611,1,0.0029576211,0.9969867,1.2578678e-10,1.9100781e-07,5.5365963e-05,6.2940614e-08,4.016821e-08
ISIC_0027289,1,1.3355509e-06,0.99999833,1.0335229e-10,9.0442125e-09,2.8244034e-07,2.5517086e-09,1.3343096e-08
ISIC_0028742,1,7.960326e-05,0.9997111,1.418799e-11,1.4673073e-05,0.00019257037,2.0405796e-06,4.0281204e-08
ISIC_0025333,1,2.1106907e-06,0.99995565,2.694631e-07,3.7542073e-08,4.0221246e-05,9.661028e-08,1.6417459e-06
ISIC_0028161,1,0.003929777,0.98786354,7.0068934e-10,8.0841744e-08,0.008201431,3.6321742e-07,4.7613153e-06
ISIC_0024953,1,3.7132666e-06,0.9998938,1.2233323e-08,1.9664874e-08,0.000102409955,2.8699973e-10,2.101937e-08
ISIC_0029446,1,0.0005675021,0.9976405,1.1001084e-07,2.8310922e-06,0.0017847406,1.17662516e-07,4.2533215e-06
ISIC_0029593,1,0.003383789,0.9966017,5.482402e-06,9.560743e-09,7.417795e-06,2.1203377e-07,1.3595414e-06
ISIC_0030467,1,1.0192238e-05,0.9999895,1.0015909e-08,4.9080175e-09,1.8582785e-08,2.147672e-07,9.887481e-09
ISIC_0025211,1,4.121177e-09,1.0,3.8388745e-10,8.099805e-09,1.5855171e-08,1.3324986e-08,6.8099046e-09
ISIC_0029948,1,1.7875815e-06,0.99975854,6.1485193e-06,5.5950773e-06,0.00022148059,2.9585074e-06,3.4613436e-06
ISIC_0025721,1,1.6405169e-08,0.9999974,1.1828325e-09,6.6046404e-08,2.1855617e-06,1.7216163e-08,2.9972517e-07
ISIC_0029042,1,0.0007429179,0.99912196,3.790011e-09,1.509401e-07,0.0001338902,5.7394715e-07,5.679317e-07
ISIC_0024528,1,3.4185552e-05,0.9999554,2.5651612e-08,3.900882e-09,9.943423e-06,2.7091397e-07,1.4703781e-07
ISIC_0024699,1,5.7672423e-07,0.9999994,1.5581029e-12,3.8646256e-12,4.4162363e-08,6.707597e-09,1.2938574e-09
ISIC_0029240,1,2.4602546e-06,0.9999974,2.5007461e-11,1.1248428e-10,1.10643846e-07,1.6364243e-10,3.2243552e-09
ISIC_0027934,1,2.1018399e-05,0.99997866,1.534843e-08,1.2550196e-08,2.498044e-07,1.3697528e-11,6.6571264e-09
ISIC_0028634,1,0.42092034,0.5790603,5.492372e-10,9.651247e-07,1.8058154e-05,2.6436246e-07,2.6960366e-08
ISIC_0027824,1,5.677339e-06,0.9999925,7.3251294e-10,2.8509305e-08,1.6710362e-06,6.473443e-08,2.002497e-08
ISIC_0027611,1,1.0614567e-07,0.9996177,2.043484e-07,3.3415065e-06,0.0003762678,2.2015604e-06,1.9411911e-07
ISIC_0032010,1,6.543968e-08,0.9999982,5.6010387e-11,3.7336363e-08,1.6627064e-06,9.845464e-10,4.2645652e-08
ISIC_0027391,1,1.736841e-05,0.99998164,3.1035994e-09,1.312814e-07,2.9945164e-07,2.3246973e-07,2.9210534e-07
ISIC_0031264,1,6.8772597e-06,0.9999931,1.5276e-10,4.3526158e-10,1.6359882e-08,2.4078942e-11,6.192932e-08
ISIC_0026639,1,8.6615866e-05,0.99990857,2.2514765e-08,5.231683e-09,6.230117e-08,4.615789e-06,4.9995418e-08
ISIC_0031680,1,3.79943e-06,0.99999523,1.437725e-09,2.9423108e-09,5.5602345e-07,3.342094e-07,5.840849e-08
ISIC_0025207,1,2.590434e-06,0.9999957,1.4465333e-09,3.7505305e-07,8.6209525e-07,9.556941e-09,4.6291893e-07
ISIC_0025395,1,3.146553e-05,0.999838,7.3137215e-07,6.9983656e-08,0.0001251028,3.2126009e-06,1.346276e-06
ISIC_0025445,1,3.3646393e-05,0.9999492,2.0274763e-07,4.631809e-07,6.3826838e-06,7.5408993e-06,2.590978e-06
ISIC_0024509,1,1.04369185e-07,0.9997991,4.0446232e-10,2.966398e-11,0.00020084591,5.3293646e-12,4.547917e-10
ISIC_0032041,1,0.00052399584,0.99945444,2.6033462e-07,5.830443e-09,1.9487903e-05,2.5231415e-07,1.6085862e-06
ISIC_0031491,1,1.2155023e-07,0.9995547,8.851112e-07,8.5371363e-07,0.000441207,2.013944e-06,1.7811415e-07
ISIC_0032451,1,4.669014e-07,0.88510877,2.0111791e-05,3.5240028e-06,0.114841715,1.0144274e-07,2.5314619e-05
ISIC_0030779,1,0.00020972223,0.99922395,8.3591045e-09,1.2111722e-05,0.00053680444,3.3314495e-07,1.6986018e-05
ISIC_0030113,1,1.204157e-05,0.99814475,1.9416166e-09,3.9108147e-07,0.001842745,1.3834868e-07,2.1634747e-08
ISIC_0027705,1,5.5532506e-05,0.9998084,2.5437901e-05,4.3283995e-05,6.6558976e-05,6.6769217e-09,8.14293e-07
ISIC_0028259,1,1.6116888e-05,0.9999826,5.0401284e-11,1.2206712e-09,3.5781338e-07,7.892569e-11,9.282778e-07
ISIC_0025962,1,1.4190195e-05,0.9998567,2.8592504e-08,6.3690695e-06,0.00012028962,2.064363e-06,4.3641984e-07
ISIC_0030931,1,0.0028054963,0.99714124,3.4539893e-09,3.2735807e-06,4.992869e-05,7.478076e-09,1.9802773e-08
ISIC_0028203,1,1.9277655e-09,0.99999416,4.594246e-08,2.2014683e-09,5.546404e-06,1.5720917e-07,7.92695e-08
ISIC_0025853,1,1.6765482e-07,0.99998736,5.5966865e-07,3.5155447e-09,1.1881729e-05,3.5634629e-09,3.698688e-08
ISIC_0024903,1,0.00023891876,0.9996557,2.1032627e-10,3.681164e-08,0.000104920386,1.1489423e-09,4.6626963e-07
ISIC_0024724,1,3.10453e-06,0.999946,1.909309e-11,4.479e-09,5.0533105e-05,2.731861e-08,3.1050018e-07
ISIC_0030577,1,1.6830558e-05,0.99998176,1.267547e-09,6.7560346e-10,1.4149892e-06,2.3006102e-08,1.2164013e-08
ISIC_0028886,1,0.0021778112,0.9978181,1.7825965e-06,6.3339906e-10,2.2508423e-06,2.1461808e-09,1.5284131e-08
ISIC_0025420,1,3.265569e-07,0.9999944,2.1575537e-10,1.0666359e-09,5.205329e-06,9.924955e-10,3.0881225e-08
ISIC_0025495,1,0.00080470263,0.99829906,6.8322265e-06,0.00080448546,7.231078e-05,1.2477004e-05,1.263938e-07
ISIC_0024993,1,8.682288e-05,0.9999126,1.8505034e-08,3.537817e-08,2.7228447e-07,1.3713687e-08,3.023567e-07
ISIC_0031129,1,0.00017090062,0.9990102,0.00072804367,8.6500904e-07,1.540596e-06,5.4594348e-06,8.297437e-05
ISIC_0030043,1,2.013436e-07,0.99999714,5.0882773e-14,2.6114155e-09,2.6130813e-06,2.8323304e-09,7.759164e-08
ISIC_0029451,1,0.003249972,0.9967303,1.4378153e-11,5.232088e-10,1.9655385e-05,1.0453575e-08,7.879917e-08
ISIC_0030671,1,3.3167541e-06,0.99901986,9.360523e-12,2.4544915e-09,0.0009759999,6.5694e-07,1.11385205e-07
ISIC_0028013,1,0.004278327,0.86800915,2.9797477e-06,0.0019305544,0.008152316,0.117616534,1.0130257e-05
ISIC_0030881,1,0.0051772464,0.9947246,2.8641094e-07,7.076899e-05,2.6879969e-05,6.398791e-08,7.852414e-08
ISIC_0029375,1,5.519591e-06,0.9991283,4.3656186e-08,6.3989e-08,0.0008653911,3.1707074e-08,6.32626e-07
ISIC_0028781,1,0.0020415583,0.99792624,3.7891164e-07,2.8381717e-05,3.3078286e-06,5.6394196e-08,1.8023051e-08
ISIC_0027618,1,0.00020176546,0.999777,2.2046054e-11,8.532091e-09,7.710878e-06,1.351149e-05,3.215019e-08
ISIC_0025821,1,0.01159611,0.9883944,8.696687e-08,3.1777397e-06,2.1729593e-06,3.3889764e-06,6.196921e-07
ISIC_0029237,1,4.2712657e-07,0.9999989,3.113044e-13,1.3226237e-09,5.8530964e-07,1.7732069e-10,8.189262e-08
ISIC_0025886,1,3.2297714e-07,0.9999926,8.995413e-11,4.3949255e-10,6.326955e-06,2.164032e-07,4.8957617e-07
ISIC_0026160,1,1.0378787e-07,0.9925479,1.9036832e-10,8.387578e-07,0.007451151,4.979578e-08,1.9152887e-08
ISIC_0028072,1,9.034038e-07,0.99996364,2.0968198e-10,1.5242052e-10,3.549683e-05,4.8016027e-09,3.5324261e-09
ISIC_0027743,1,4.396039e-05,0.9999554,4.7521154e-10,2.7736788e-09,1.4036709e-07,4.298154e-07,7.2752244e-09
ISIC_0024558,1,1.7923806e-08,0.99999166,2.7345493e-09,4.0553005e-09,2.8801455e-07,7.97235e-06,4.3911637e-08
ISIC_0030482,1,1.0320773e-05,0.99918574,1.3951343e-07,2.1111043e-06,0.0008009277,3.1766046e-08,6.840431e-07
ISIC_0024670,1,7.5924544e-07,0.9998319,7.4868154e-07,2.0569834e-08,0.00016047327,5.424554e-06,5.3731566e-07
ISIC_0031902,1,3.231173e-07,0.9999771,5.975256e-10,2.2559037e-08,2.2374681e-05,3.3802192e-09,1.5677648e-07
ISIC_0026721,1,0.041832175,0.9581633,1.389112e-06,1.2308844e-06,1.4812707e-06,9.645037e-09,2.9715616e-07
ISIC_0030071,1,1.544061e-06,0.99995446,1.7360342e-08,3.677788e-07,4.0749877e-05,2.7093788e-06,9.0688495e-08
ISIC_0029321,1,0.0011417554,0.2877403,4.9501647e-08,7.651984e-06,0.7111084,2.4491462e-07,1.5575953e-06
ISIC_0031300,1,4.027546e-07,0.9999895,6.5742827e-13,2.6963263e-09,1.002854e-05,1.7379302e-12,1.4324936e-10
ISIC_0029769,1,1.7124223e-05,0.99998283,7.9671253e-10,5.1308294e-11,3.900072e-10,2.3713528e-11,1.2903678e-10
ISIC_0025895,1,0.00041268033,0.9995865,1.6681775e-09,2.1090594e-09,6.940261e-07,5.033952e-08,5.3737516e-08
ISIC_0030994,1,0.0063463068,0.99364775,9.2208845e-09,3.0995202e-06,4.1389728e-07,2.3895543e-06,4.064474e-08
ISIC_0031028,1,3.89208e-08,1.0,8.013054e-11,1.1325296e-09,1.3921063e-08,1.38995455e-08,1.9470294e-09
ISIC_0030149,1,5.2338773e-08,0.9999956,3.9932684e-12,5.7206804e-09,4.2005486e-06,2.9624331e-08,1.322878e-07
ISIC_0031252,1,6.4099577e-06,0.99999225,3.9818384e-09,8.654853e-09,1.2858877e-06,1.988202e-08,2.1778602e-08
ISIC_0025570,1,4.218765e-08,0.9999999,3.8950847e-13,5.5664384e-10,5.8297125e-08,1.0807652e-11,2.222978e-10
ISIC_0029934,1,0.00063437247,0.9993562,1.7299232e-08,5.5964006e-06,2.3076789e-06,9.53695e-07,5.9270053e-07
ISIC_0028606,1,2.0958055e-08,0.99998426,5.2663547e-11,3.540082e-08,1.5367023e-05,6.46753e-11,3.6010243e-07
ISIC_0026309,1,0.00064125773,0.9993511,7.5643186e-08,7.650556e-07,6.108703e-06,5.95702e-07,2.133772e-07
ISIC_0031847,1,2.4994267e-07,0.9999988,5.2969426e-12,1.0257964e-08,7.868873e-07,1.7841537e-11,1.5285379e-07
ISIC_0031003,1,0.00022083164,0.9997787,5.2354426e-10,2.2201434e-10,3.104731e-07,1.1162299e-07,6.6096826e-09
ISIC_0027399,1,7.6620694e-05,0.97945,4.4803747e-09,4.8286292e-05,0.020424834,1.1983732e-07,1.5043099e-07
ISIC_0025291,1,2.3071618e-08,0.999995,2.1891646e-12,1.881975e-10,4.8970132e-06,7.354116e-09,9.9230405e-08
ISIC_0026919,1,1.5437743e-05,0.999984,3.8913774e-09,7.334365e-10,5.705474e-07,1.5822502e-08,1.8890003e-09
ISIC_0027761,1,0.00030406556,0.9996953,6.8700365e-09,2.9785442e-08,5.753789e-07,6.1591743e-10,6.6699975e-08
ISIC_0029361,1,0.0021663536,0.9769189,0.0015606213,5.1431243e-06,0.0039876346,0.01534241,1.8961422e-05
ISIC_0027450,1,2.6299778e-05,0.9999703,3.567197e-09,3.4734515e-07,1.3312726e-06,1.7144769e-06,6.625305e-08
ISIC_0024339,1,9.737025e-07,0.99996686,2.972359e-09,5.1719735e-06,2.681853e-05,5.726502e-08,2.0616812e-07
ISIC_0030152,1,0.00028877013,0.9910234,6.4149436e-11,2.1741187e-08,0.008687684,1.8671642e-08,8.294144e-08
ISIC_0028867,1,0.0005910108,0.99940073,8.895336e-08,3.507935e-07,7.620806e-06,1.6919577e-07,3.3201104e-08
ISIC_0031607,1,5.7634434e-08,0.9999999,4.6106394e-10,2.2455682e-10,5.5520026e-08,1.0804802e-08,3.901794e-08
ISIC_0024801,1,5.538788e-08,0.99999917,3.5337065e-15,4.2492876e-12,7.8739805e-07,6.0777257e-13,8.404672e-10
ISIC_0031180,1,2.909208e-06,0.99918824,5.34589e-06,1.0217663e-05,0.00078369724,7.4449376e-06,2.011624e-06
ISIC_0024384,1,1.4564145e-06,0.9999964,7.5779355e-10,6.476719e-07,9.114061e-07,6.113438e-07,1.7288372e-08
ISIC_0026483,1,6.383608e-05,0.99818593,5.702702e-06,5.260761e-07,0.0016028804,0.00014089409,3.1490922e-07
ISIC_0027481,1,2.0410478e-05,0.99916613,4.4057426e-05,1.8324465e-06,0.00059210847,0.00015932905,1.6187152e-05
ISIC_0027489,1,0.0002356363,0.99149996,3.7378648e-08,2.7647488e-07,0.008263674,1.1901446e-08,4.5065352e-07
ISIC_0026332,1,0.00012167571,0.9998783,8.892802e-11,9.856201e-09,1.0389513e-08,3.4139536e-08,1.2255991e-09
ISIC_0024326,1,1.4994076e-06,0.9999981,1.3630637e-10,1.3808521e-07,2.8017524e-07,2.0476868e-08,1.5752232e-08
ISIC_0024600,1,2.150768e-05,0.94302267,0.0010683527,0.00011107729,0.00021705544,0.055360727,0.00019873651
ISIC_0028321,1,1.9038843e-06,0.99999547,3.4733915e-08,1.505272e-10,1.4893138e-06,1.0617216e-06,7.218085e-09
ISIC_0026386,1,0.00042188738,0.99957746,2.2191152e-11,2.9605525e-07,4.003267e-07,2.7007906e-11,1.0992288e-08
ISIC_0027386,1,2.0048848e-05,0.99997723,6.406048e-08,5.0371103e-08,2.6869432e-06,2.1480709e-08,2.2523388e-09
ISIC_0031096,1,1.5808051e-06,0.9999534,3.2143591e-12,2.7186832e-08,4.4742523e-05,9.86247e-09,2.6062213e-07
ISIC_0027441,1,4.1117236e-08,0.999824,1.1806982e-09,8.803259e-09,0.00017582667,1.7057435e-07,4.452979e-08
ISIC_0028549,1,1.6747462e-06,0.999992,1.347879e-11,4.971954e-11,6.3108255e-06,1.6394272e-10,1.898679e-08
ISIC_0031251,1,5.0026327e-05,0.9999453,8.44623e-09,3.3109177e-07,3.8781327e-06,1.2164358e-08,4.8831504e-07
ISIC_0028273,1,2.1570015e-05,0.99997807,2.0416115e-09,5.3736628e-08,2.4612126e-07,6.968708e-08,1.8987976e-08
ISIC_0032438,1,2.5752097e-06,0.9999968,9.62629e-12,2.1283926e-09,6.325548e-07,2.5255208e-08,6.4601615e-08
ISIC_0031628,1,0.0065797875,0.6491711,2.6316485e-08,0.29712236,0.04708033,1.2061643e-05,3.4269386e-05
ISIC_0027792,1,1.1975381e-05,0.9996598,3.77187e-08,0.00026113453,6.626499e-05,2.3550301e-07,6.012834e-07
ISIC_0032000,1,0.00010711981,0.9995327,5.0548493e-07,1.03633106e-07,0.00035470977,2.7372632e-06,2.1432127e-06
ISIC_0027443,1,2.002627e-08,0.99992955,4.3615278e-11,3.4708034e-09,7.0151225e-05,1.1193643e-07,1.08707724e-07
ISIC_0026534,1,0.00072749244,0.9992692,1.3173967e-10,3.2581125e-11,3.2421767e-06,1.4543652e-09,2.4102336e-08
ISIC_0026938,1,0.009270955,0.9907114,2.7448985e-10,3.785874e-07,8.133905e-06,8.82221e-06,2.7892983e-07
ISIC_0031307,1,5.1896954e-05,0.999948,2.0637714e-10,1.4972048e-08,6.538861e-08,5.678696e-09,2.346469e-09
ISIC_0032431,1,5.795134e-06,0.9993248,3.9405232e-10,3.3050597e-07,0.0006538455,1.1619658e-05,3.6049955e-06
ISIC_0026146,1,3.0989395e-06,0.99996233,3.933604e-09,2.3317284e-11,3.3902066e-05,3.5493752e-08,6.560113e-07
ISIC_0027666,1,1.1975895e-06,0.9997452,3.4446807e-10,6.495387e-08,0.00024515408,5.549361e-06,2.7574536e-06
ISIC_0030415,1,0.00025271616,0.9997459,1.5875862e-08,1.06761746e-07,7.6565425e-07,4.1498e-09,4.6976334e-07
ISIC_0025037,1,2.4301129e-05,0.99993503,1.3621762e-08,4.1529287e-09,4.0300547e-05,7.0861375e-09,3.8529933e-07
ISIC_0031439,1,0.04697964,0.95297855,5.4890528e-09,2.6088223e-06,3.82655e-05,8.484327e-09,9.479965e-07
ISIC_0031255,1,0.00043499222,0.7187116,1.0996002e-07,0.00012078802,0.2807074,1.7685328e-05,7.4219474e-06
ISIC_0025646,1,4.4688118e-06,0.99999046,4.1079966e-07,1.064382e-09,4.6140935e-06,2.1173376e-09,1.8968618e-09
ISIC_0030634,1,0.0023462917,0.98880136,7.724847e-06,0.0001646184,0.008558435,4.6939957e-05,7.462362e-05
ISIC_0030185,1,6.375458e-07,0.9999528,7.615832e-09,5.472583e-07,4.4566485e-05,1.3478771e-06,3.2939873e-08
ISIC_0029787,1,1.3271052e-05,0.9999682,1.4195648e-07,2.23641e-06,1.5446838e-05,4.3826995e-07,2.3136978e-07
ISIC_0027809,1,1.6093771e-06,0.99450016,7.328704e-09,0.000236286,0.0052617406,1.2110446e-08,2.131459e-07
ISIC_0028312,1,0.002490265,0.9974764,8.41318e-07,1.0390208e-08,2.9932336e-05,2.2274433e-07,2.3767577e-06
ISIC_0029607,1,7.3082487e-07,0.999984,6.0364593e-09,3.3830435e-08,1.5068671e-05,1.0938479e-08,1.580735e-07
ISIC_0029863,1,3.7782964e-05,0.99996066,4.6417536e-11,3.2041283e-09,1.5290162e-07,1.2920067e-06,1.4583699e-07
ISIC_0032493,1,1.8263698e-05,0.9991875,2.3585173e-07,6.726003e-07,0.0007829727,3.2904534e-06,6.8847344e-06
ISIC_0026197,1,1.366191e-07,0.9999535,8.0372723e-07,2.7333618e-08,4.419773e-05,1.9649718e-10,1.3240334e-06
ISIC_0024391,1,1.6230646e-05,0.28703833,0.71283525,6.9620846e-06,0.0001025027,5.394136e-07,2.6971796e-07
ISIC_0032208,1,8.962021e-09,0.999992,3.132399e-12,3.74873e-10,7.98241e-06,2.3300026e-10,1.7206735e-09
ISIC_0024750,1,1.9643228e-06,0.99983466,2.6800768e-09,3.3883967e-07,0.00013516,1.3839089e-05,1.39701815e-05
ISIC_0031480,1,1.9469896e-06,0.999959,2.9557468e-10,3.2658236e-09,3.9079412e-05,1.2165958e-09,2.6443573e-08
ISIC_0025565,1,6.4347927e-07,0.9999745,5.2744413e-09,6.673887e-07,2.3998491e-05,3.340218e-09,1.6936961e-07
ISIC_0025012,1,0.0013635922,0.99630094,2.3728683e-06,2.0084718e-08,0.002332026,1.4681344e-09,1.0040278e-06
ISIC_0029620,1,6.73211e-06,0.99979097,2.4014767e-08,2.1833866e-07,0.0002019633,8.3445386e-08,4.885573e-09
ISIC_0024483,1,1.3978169e-07,0.99999726,6.26706e-11,6.9457884e-09,9.565399e-07,1.6632393e-06,8.271739e-09
ISIC_0027992,1,6.366317e-05,0.20311157,6.398875e-07,6.6492044e-05,0.7966683,2.6308032e-07,8.912081e-05
ISIC_0025725,1,1.7155333e-05,0.9959364,2.6866735e-07,1.6505395e-05,0.003924372,0.00010400153,1.3369706e-06
ISIC_0025889,1,2.5936536e-06,0.99522203,3.5105117e-08,6.682769e-07,0.0047675143,6.8840595e-06,2.463685e-07
ISIC_0031098,1,8.0302533e-07,0.99999917,1.7593134e-11,2.5294e-10,3.6502332e-08,6.495095e-11,4.654198e-09
ISIC_0030708,1,1.1123781e-05,0.999984,1.4711458e-10,1.4376583e-07,4.592658e-06,3.9712493e-08,1.4194354e-07
ISIC_0032390,1,0.0019156346,0.9980757,8.655204e-09,3.011821e-08,8.537534e-06,1.695622e-08,4.9436437e-08
ISIC_0028799,1,0.0015665331,0.996944,1.866183e-06,0.000116480434,0.0004846176,0.0008723449,1.4217936e-05
ISIC_0028601,1,0.00036926643,0.99961203,2.6337567e-08,1.1455447e-08,9.190296e-06,3.2811034e-08,9.490785e-06
ISIC_0031246,1,9.1090005e-06,0.9999889,8.1167954e-11,8.5011753e-10,2.0096413e-06,6.1437135e-09,1.3004331e-08
ISIC_0031899,1,8.167778e-07,0.9998091,1.8795474e-11,1.9582307e-10,1.5076391e-06,0.0001885065,6.08518e-08
ISIC_0031530,1,0.0012373112,0.99868757,5.2569386e-11,7.158009e-08,7.482306e-05,1.1967728e-07,4.290603e-08
ISIC_0026881,1,1.1006057e-09,0.99995625,1.953718e-13,1.4478185e-08,4.3797983e-05,1.7662992e-10,1.0534013e-09
ISIC_0025459,1,3.7707187e-07,0.99999964,4.314554e-11,6.463328e-10,1.5876319e-08,3.412218e-09,3.7560732e-10
ISIC_0029256,1,0.000341848,0.99677235,3.7609016e-07,2.7618862e-06,0.0028808156,3.7679203e-07,1.4480022e-06
ISIC_0030331,1,1.1873891e-06,0.99999833,4.8225957e-09,3.0877858e-09,4.165787e-07,8.2561075e-10,1.2510888e-08
ISIC_0024527,1,5.8291644e-05,0.9986721,1.0392511e-06,2.3936605e-07,0.001267437,3.285469e-07,5.152163e-07
ISIC_0025464,1,0.000349535,0.99964225,3.0056505e-10,2.865849e-06,1.9408528e-06,3.3359338e-06,3.9085236e-08
ISIC_0029011,1,5.562903e-06,0.9996419,1.4402467e-09,8.083059e-10,0.00035254366,2.2973826e-11,2.007178e-08
ISIC_0027499,1,2.3888799e-05,0.9999746,3.8415018e-10,5.9489724e-10,1.4902162e-06,3.9231722e-08,5.0592334e-08
ISIC_0027448,1,0.12670995,0.87327963,6.310343e-08,9.359692e-06,7.580197e-07,2.146638e-08,2.3452567e-07
ISIC_0031101,1,2.884398e-08,0.99999225,3.9053116e-10,1.09207505e-07,6.603776e-06,1.1881146e-10,9.969507e-07
ISIC_0025532,1,0.0002189034,0.9997663,4.2571393e-12,3.30288e-07,1.3236195e-05,5.399465e-10,1.1876049e-06
ISIC_0025159,1,3.551116e-05,0.9999515,6.267258e-09,2.5499708e-06,8.8661645e-06,1.5260019e-06,8.418687e-08
ISIC_0026925,1,1.182101e-05,0.9999881,1.3310783e-11,3.8195367e-08,9.852889e-08,1.3033191e-09,1.3284571e-09
ISIC_0024521,1,0.0029563832,0.96940327,3.540129e-07,1.3404094e-06,0.027627304,9.422477e-06,1.8255299e-06
ISIC_0031849,1,0.00033870374,0.99834764,9.996687e-11,1.0805771e-06,0.0013102685,2.1643656e-07,2.1181527e-06
ISIC_0028553,1,1.2985566e-07,0.99999976,5.5535025e-13,6.405522e-11,4.6911094e-08,2.2493156e-09,2.416209e-08
ISIC_0026073,1,0.00023307545,0.9997662,8.864534e-09,5.125388e-10,3.2570145e-07,3.7815553e-07,9.062958e-08
ISIC_0032406,1,0.16416979,0.8358159,1.328054e-07,5.048347e-09,1.3724409e-05,1.07428846e-07,2.8128903e-07
ISIC_0026793,1,0.0037928717,0.99617624,1.5231981e-10,5.0024642e-08,1.2910577e-05,1.7818515e-05,1.56166e-07
ISIC_0025797,1,3.427005e-05,0.99996555,3.384589e-11,7.718064e-08,3.8998074e-08,3.8215052e-08,1.1699991e-08
ISIC_0028320,1,7.95649e-07,0.9999988,1.5423813e-11,7.1932565e-10,2.415201e-07,5.05991e-10,9.7364406e-08
ISIC_0025590,1,9.850209e-05,0.9999014,2.1425731e-11,2.228903e-09,2.658438e-10,1.2786192e-09,4.651944e-08
ISIC_0028949,1,0.0026537674,0.99710613,8.08446e-08,1.0672164e-06,0.0002389384,1.7977447e-09,1.5609466e-08
ISIC_0031755,1,7.204093e-05,0.600091,9.1566534e-08,1.5846603e-05,0.39980724,1.3036121e-06,1.2471517e-05
ISIC_0026703,1,3.2278888e-06,0.9999964,3.0377242e-12,2.0601783e-10,2.7686443e-07,4.1018435e-11,2.6929387e-08
ISIC_0030052,1,0.0005077428,0.9798117,7.816691e-06,0.00034647973,0.01930183,2.334187e-05,1.0993427e-06
ISIC_0032293,1,7.286518e-05,0.9999138,7.2065314e-09,2.1408901e-09,1.32992545e-05,1.2949052e-08,6.825367e-08
ISIC_0026931,1,8.247749e-09,0.99999964,3.5149553e-14,3.3375874e-10,2.9671037e-07,1.1821298e-08,4.447269e-11
ISIC_0026019,1,1.7406e-06,0.9999956,3.2420977e-09,1.5791464e-10,2.5976476e-06,8.485956e-10,1.9365551e-08
ISIC_0027818,1,4.514444e-06,0.9995376,7.5351565e-08,0.0002883348,4.209982e-05,0.00012205536,5.4241414e-06
ISIC_0026617,1,3.6020883e-05,0.999841,8.758427e-08,2.5927172e-06,0.000119314536,2.8616878e-08,9.670662e-07
ISIC_0031533,1,0.006830499,0.99309194,1.2473272e-09,2.3671535e-07,7.7304976e-05,7.226222e-10,5.2495412e-09
ISIC_0026903,1,2.2343096e-07,0.99992156,1.07595985e-08,1.552754e-07,7.5586584e-05,2.0885803e-07,2.2339077e-06
ISIC_0026587,1,4.8486927e-06,0.99999213,5.8508043e-10,9.669547e-08,2.2812528e-06,4.87472e-07,8.1853806e-08
ISIC_0028018,1,2.6714386e-06,0.999997,1.7660874e-11,1.7417822e-09,3.0136195e-07,5.148792e-08,2.7126885e-09
ISIC_0025645,1,6.516306e-11,1.0,2.2912692e-14,1.1542315e-11,1.5378442e-08,7.82151e-14,3.9441408e-10
ISIC_0030004,1,0.00436641,0.97024304,4.1432494e-07,0.00011673479,0.025091741,0.00018060007,1.1718676e-06
ISIC_0027551,1,2.4573554e-05,0.9997439,3.6268427e-10,2.5329566e-08,0.00023133897,1.029243e-07,1.1611555e-07
ISIC_0030633,1,1.2291118e-06,0.81117415,2.6854374e-09,3.5116378e-07,0.18882057,2.4356964e-06,1.2442255e-06
ISIC_0025690,1,0.0011881918,0.99879944,2.2288998e-06,4.055866e-07,4.5326683e-06,6.985348e-09,5.293033e-06
ISIC_0030018,1,0.0036695958,0.031711064,0.00012032984,0.0119783245,0.9106565,5.8750044e-05,0.04180538
ISIC_0029005,1,1.7094168e-05,0.9999304,5.44179e-11,1.5110344e-07,5.1446426e-05,6.746633e-07,2.56916e-07
ISIC_0025050,1,6.7572427e-07,0.9999578,1.7736659e-09,6.8827806e-09,4.110959e-05,1.8451566e-07,1.8711845e-07
ISIC_0026636,1,0.0012277046,0.998771,1.2206611e-08,8.842803e-08,6.18299e-07,7.507394e-08,3.3494123e-07
ISIC_0024373,1,2.5297868e-06,0.9734465,2.6658216e-05,7.1359145e-06,0.026502956,4.266254e-06,9.995401e-06
ISIC_0031232,1,6.432235e-07,0.9998659,3.5228817e-10,4.3640032e-08,0.0001334483,4.739663e-09,6.0349983e-09
ISIC_0030872,1,0.0003136009,0.9934924,4.315583e-08,3.0067017e-07,0.0060659857,0.00012497937,2.6340756e-06
ISIC_0029314,1,7.2420476e-06,0.99991226,1.0490873e-07,9.578206e-07,7.318856e-05,6.2138524e-06,1.1099982e-08
ISIC_0027465,1,7.498539e-05,0.97717357,1.4711672e-08,5.3135598e-05,0.022694552,1.1242854e-06,2.5570212e-06
ISIC_0030938,1,6.6916965e-07,0.9996136,1.6843211e-12,1.7277964e-08,0.00038581557,1.1861694e-08,1.9888853e-09
ISIC_0030559,1,0.005368627,0.99461514,2.6829781e-11,7.697437e-07,1.3641913e-05,1.1943417e-08,1.8695241e-06
ISIC_0024678,1,0.000100340294,0.9897629,4.954444e-11,4.801376e-09,0.010128064,2.5551035e-09,8.673354e-06
ISIC_0030530,1,0.00036882664,0.99931836,3.858259e-09,4.7602747e-08,0.00030401562,1.8778306e-06,6.868446e-06
ISIC_0029965,1,6.4139213e-06,0.9999925,1.377454e-10,2.5567068e-09,4.1754276e-07,2.4542982e-07,4.2198423e-07
ISIC_0030364,1,6.043057e-06,0.9992861,3.809793e-08,1.3108959e-08,0.00063869666,4.8766142e-05,2.0375102e-05
ISIC_0024606,1,1.0891606e-05,0.99778014,1.4000591e-09,5.6457043e-09,0.0021409397,6.4020845e-05,4.040924e-06
ISIC_0031912,1,1.7387365e-05,0.96210855,1.3562237e-06,0.00019069324,0.037243925,0.00041598672,2.2056774e-05
ISIC_0028028,1,2.8480626e-06,0.9999769,8.49184e-09,7.3603724e-06,1.2243042e-05,4.1375785e-07,3.1238784e-07
ISIC_0029468,1,2.4097625e-07,0.9999989,4.131325e-13,3.817486e-09,7.98307e-07,2.790838e-10,2.928364e-09
ISIC_0030641,1,3.9030554e-05,0.9998056,4.22139e-08,0.00012552706,5.1530724e-06,1.7210077e-07,2.4539968e-05
ISIC_0031248,1,6.667328e-05,0.9999306,7.7087825e-10,1.3926804e-06,1.2077475e-06,6.0236666e-10,5.4146227e-08
ISIC_0030317,1,3.2975656e-08,0.99998176,1.9328721e-11,1.779342e-07,1.7614368e-05,2.210092e-08,5.261528e-07
ISIC_0030515,1,7.030555e-06,0.9999924,8.816146e-10,1.316828e-07,4.696695e-07,1.4388903e-08,3.1848661e-09
ISIC_0028006,1,3.5963334e-05,0.9999615,7.144987e-08,2.9271123e-07,2.2317272e-06,2.5690792e-08,7.305499e-09
ISIC_0024565,1,0.0014469849,0.99833965,3.940566e-07,1.1532425e-08,3.4884793e-05,0.00017244629,5.6678687e-06
ISIC_0028311,1,1.4852996e-05,0.99998355,7.15859e-13,3.2844397e-08,1.2962188e-06,2.3814037e-07,5.7454915e-08
ISIC_0027336,1,4.1583422e-07,0.9999987,1.8001173e-10,2.3984345e-10,8.4380673e-07,5.5671702e-08,8.73078e-09
ISIC_0028776,1,0.00011465614,0.9997646,7.173417e-07,6.76183e-05,1.6163873e-05,3.500692e-05,1.2021866e-06
ISIC_0029971,1,2.0745512e-05,0.9999672,1.4689137e-11,4.2531212e-10,1.2074951e-05,9.0360254e-11,2.3258833e-09
ISIC_0032097,1,2.160892e-07,0.9999845,1.0683968e-09,1.204498e-07,5.741397e-07,1.9816058e-07,1.4361065e-05
ISIC_0025727,1,1.028309e-08,1.0,1.0173345e-10,6.3205157e-09,1.6481422e-08,4.0518378e-10,4.3115653e-09
ISIC_0026373,1,4.0259758e-05,0.9999553,1.1148286e-08,1.1499274e-08,3.696609e-06,1.4377433e-07,5.9463986e-07
ISIC_0027280,1,1.49209e-06,0.99999714,1.3874707e-09,8.082775e-09,5.016791e-07,1.5472205e-10,9.131999e-07
ISIC_0030531,1,0.00025266735,0.99974555,4.5233564e-10,5.766988e-07,1.1742338e-06,6.0141153e-10,2.3213007e-08
ISIC_0026485,1,0.00068199873,0.13749261,0.0072760996,2.0239404e-05,0.8544854,1.50519845e-05,2.856359e-05
ISIC_0026195,1,0.0006174698,0.9988732,2.9915343e-12,3.038859e-08,0.000503642,5.737038e-06,3.3768693e-08
ISIC_0030424,1,0.0007061644,0.99922335,9.006767e-08,9.801904e-08,2.9863559e-05,4.0179835e-05,2.1191201e-07
ISIC_0025284,1,0.0003025587,0.018424802,1.2150319e-05,3.6793256e-06,0.9812533,4.718213e-07,2.9338787e-06
ISIC_0029250,1,0.0015240463,0.9984699,4.4282916e-07,2.5872906e-08,5.5613054e-06,1.6323151e-09,1.3154258e-08
ISIC_0032357,1,1.7533478e-07,0.99999464,2.5917146e-09,5.0503508e-11,4.7500143e-06,1.7781924e-09,3.943321e-07
ISIC_0030025,1,1.03686055e-07,0.99176335,1.2973692e-09,1.0568269e-05,0.0080285035,0.00019022422,7.2762077e-06
ISIC_0026050,1,2.6462172e-07,0.99999964,1.2180609e-10,1.3011851e-10,1.0116004e-07,8.02318e-10,7.84709e-10
ISIC_0029529,1,6.0374292e-05,0.99979264,3.8890934e-07,3.0473327e-06,2.8659046e-05,0.00011432415,5.387805e-07
ISIC_0030848,1,2.890715e-07,0.99807465,1.566503e-08,1.3050172e-06,0.001916358,7.001427e-09,7.3788383e-06
ISIC_0027803,1,0.0005091548,0.9988115,3.8556236e-10,4.1374648e-07,0.0006783178,6.5626637e-07,2.6125628e-08
ISIC_0028852,1,3.381556e-08,0.9999982,3.5253944e-12,2.0905887e-08,1.6495909e-06,2.0500972e-09,6.906708e-08
ISIC_0028064,1,2.5018623e-09,1.0,5.084421e-14,1.29077825e-11,9.421488e-10,1.8247925e-09,1.301306e-08
ISIC_0032104,1,0.00014485196,0.9998547,1.3286543e-10,7.157549e-08,4.9535296e-09,1.5980996e-10,2.9588557e-07
ISIC_0024401,1,1.5420886e-07,0.99999964,1.1889075e-14,2.979836e-09,2.5879302e-08,2.042843e-10,1.1796023e-07
ISIC_0029424,1,3.5778274e-05,0.9999628,5.618637e-10,2.1078634e-08,3.0895143e-07,9.597453e-07,1.11912826e-07
ISIC_0027196,1,0.0026974822,0.9972855,6.3748993e-09,9.579177e-06,1.1185748e-06,5.937203e-06,3.2866882e-07
ISIC_0032101,1,1.50529195e-05,0.9998479,6.7466194e-10,1.0366441e-07,1.1446172e-06,0.00013539156,3.4879398e-07
ISIC_0029253,1,5.5255296e-06,0.99947006,1.7955806e-09,2.7067065e-07,9.887483e-07,9.595084e-09,0.0005232053
ISIC_0029797,1,3.4426746e-05,0.9995608,4.5825468e-10,1.9215399e-08,0.00040381067,4.568229e-09,1.0041084e-06
ISIC_0025486,1,3.1158828e-07,0.9999852,6.376372e-10,1.0017752e-09,1.44469295e-05,5.0927955e-08,1.1700913e-08
ISIC_0025070,1,8.965263e-05,0.99990714,1.6518512e-11,8.1669155e-10,3.2285611e-06,2.8597952e-10,3.6013852e-09
ISIC_0030850,1,0.00030043398,0.9996896,8.3716365e-08,3.5648455e-07,8.283429e-06,6.152532e-07,7.194322e-07
ISIC_0026547,1,5.1723507e-08,0.99999976,1.40544885e-11,7.6478623e-10,1.8254417e-07,2.4521166e-11,6.7838024e-10
ISIC_0025673,1,1.7496942e-06,0.99999297,1.8546132e-08,8.3607316e-10,5.108635e-06,8.572124e-09,1.08670875e-07
ISIC_0026095,1,0.00019166317,0.9997936,9.965415e-09,5.609622e-07,1.3885066e-05,7.0557675e-08,2.0062186e-07
ISIC_0030628,1,2.579805e-06,0.99999535,6.7449415e-09,5.76348e-09,1.7351304e-06,1.9447063e-07,4.6379572e-08
ISIC_0026990,1,0.005461379,0.9661559,2.0175675e-07,1.1272142e-06,7.439866e-05,0.028306888,1.382762e-07
ISIC_0026250,1,6.028669e-05,0.99992454,4.339171e-10,2.120412e-08,1.4590755e-05,3.1968494e-07,2.048467e-07
ISIC_0029700,1,4.196689e-06,0.9999957,1.9558964e-11,3.7879895e-09,2.5387403e-09,5.2877215e-08,4.177741e-08
ISIC_0030405,1,1.2950746e-05,0.995379,2.006175e-10,4.37486e-05,0.0045482307,3.0294953e-07,1.5732263e-05
ISIC_0026767,1,8.609138e-07,0.99997663,9.870692e-10,6.9841573e-09,2.254706e-05,3.2227706e-12,1.3834513e-10
ISIC_0027104,1,2.2741431e-05,0.99996006,4.9275967e-10,1.5367046e-07,6.87461e-07,8.6993845e-07,1.5495903e-05
ISIC_0030651,1,5.255396e-08,0.99833965,4.5925017e-08,3.3183464e-05,0.0016210084,1.6619144e-06,4.3040272e-06
ISIC_0024350,1,1.3492478e-06,0.9999964,1.7542779e-12,5.4289786e-09,5.733253e-07,5.279204e-10,1.658627e-06
ISIC_0024526,1,2.5510442e-05,0.99997425,2.6870388e-09,3.4505356e-09,2.665554e-07,2.0941663e-08,1.8875674e-08
ISIC_0031751,1,9.552703e-05,0.9996141,3.7749978e-06,8.888266e-07,0.00028427894,1.4347501e-06,5.537838e-08
ISIC_0032346,1,1.5633601e-09,0.99999976,8.0401154e-12,2.3667908e-09,2.482811e-07,2.507171e-11,8.845693e-09
ISIC_0025393,1,2.7903823e-05,0.9966524,1.3583234e-08,2.083419e-06,0.002235764,3.618888e-08,0.0010817625
ISIC_0031790,1,2.9836368e-05,0.9999696,6.496433e-09,7.2474053e-09,3.6959375e-07,3.1439995e-09,2.2497714e-07
ISIC_0028629,1,0.0005558008,0.99944025,2.9139444e-09,9.21536e-08,3.8289513e-06,3.55848e-08,3.7109487e-08
ISIC_0028078,1,0.000114772825,0.9998834,6.777017e-09,6.798511e-08,3.8753066e-07,5.5727827e-07,6.565234e-07
ISIC_0032289,1,6.3289605e-08,0.9999995,3.4975808e-10,1.44248675e-08,3.7189312e-07,2.2950353e-09,4.007462e-08
ISIC_0028959,1,2.113953e-07,0.9962471,2.5751472e-08,1.6733402e-07,0.0037490486,2.990949e-06,5.0267056e-07
ISIC_0028743,1,3.173043e-06,0.9999957,1.7947124e-10,9.667037e-08,8.169879e-07,1.843695e-08,1.4661175e-07
ISIC_0027773,1,0.009298003,0.99069744,2.4840047e-11,1.5066152e-09,4.4867278e-07,5.2190273e-08,4.0862624e-06
ISIC_0032001,1,5.2541253e-07,0.9999995,4.745814e-13,1.7713579e-11,1.0537944e-09,2.1833015e-10,3.3561907e-09
ISIC_0026763,1,2.9154305e-07,0.99999547,5.9862795e-11,3.1467103e-08,3.7409113e-06,1.7543778e-07,3.290011e-07
ISIC_0025787,1,7.2089634e-08,0.99987495,8.2378343e-10,1.5514953e-08,0.00012218507,3.567954e-08,2.7280485e-06
ISIC_0029096,1,5.0656066e-09,1.0,4.190138e-11,1.100442e-09,1.1407794e-08,2.1677597e-09,3.267752e-09
ISIC_0024478,1,0.0012640188,0.9987281,1.3283697e-07,9.25629e-07,6.682063e-06,3.247063e-08,1.481087e-07
ISIC_0030969,1,0.0020936353,0.9890449,7.043563e-10,3.8682046e-07,0.008225951,0.00063339894,1.8185801e-06
ISIC_0030699,1,8.911756e-05,0.9937376,2.1391516e-07,1.5974432e-06,0.006171339,4.3543597e-10,1.4743215e-07
ISIC_0026797,1,0.00027191546,0.999728,1.5654883e-10,2.0489463e-08,7.881397e-08,2.9490153e-11,7.886712e-10
ISIC_0026962,1,2.1987233e-07,0.9984225,2.0202295e-08,4.630963e-08,0.0015729388,3.0691076e-06,1.1827658e-06
ISIC_0028783,1,1.7571333e-09,1.0,4.2842366e-12,6.028188e-10,4.5624e-08,8.7606495e-13,1.0834008e-11
ISIC_0031610,1,3.964826e-06,0.9999951,1.7236746e-09,8.364438e-09,9.613428e-07,1.9693058e-09,1.2086352e-08
ISIC_0025706,1,3.0147288e-07,0.99997497,1.624661e-05,1.826388e-08,6.688485e-06,5.1334208e-08,1.8204687e-06
ISIC_0031267,1,1.7077765e-06,0.999997,8.125841e-12,5.8366023e-09,1.177289e-06,4.855018e-10,4.7751787e-08
ISIC_0028547,1,6.153581e-05,0.9998197,1.9548818e-06,1.0083985e-06,0.00010974985,2.0719446e-08,6.101475e-06
ISIC_0025483,1,1.7916214e-10,1.0,8.32813e-14,2.529139e-12,3.583173e-08,1.7402314e-11,4.8064297e-10
ISIC_0030045,1,0.3194479,0.6803699,8.8197716e-08,2.398233e-05,0.00015703424,1.4006315e-08,1.0651411e-06
ISIC_0030496,1,1.48932495e-05,0.9953394,0.0046453057,5.049794e-09,8.9816375e-08,4.7897768e-08,3.400455e-07
ISIC_0026800,1,4.5891646e-09,0.9999999,6.82998e-15,5.3660895e-11,1.3564691e-07,4.547351e-12,1.1013547e-10
ISIC_0026833,1,0.00031375082,0.9996855,1.4894295e-07,6.096149e-08,4.4541568e-07,1.3188987e-10,5.5605778e-08
ISIC_0030670,1,0.00014467006,0.9998227,2.6105829e-08,1.5910541e-07,3.0092979e-05,2.0672337e-06,4.674562e-07
ISIC_0031161,1,0.05233871,0.9142264,3.855028e-06,0.00016074364,0.033270095,1.3773513e-08,1.9222308e-07
ISIC_0029507,1,1.490109e-07,0.9999995,1.264257e-16,1.40277035e-11,3.6148148e-07,9.4239234e-11,4.965817e-09
ISIC_0030347,1,1.13305505e-05,0.9999831,3.2064392e-08,4.8409305e-07,5.1133907e-06,5.1627107e-09,2.5807745e-08
ISIC_0030571,1,4.8065505e-07,0.9994153,2.5766578e-09,9.791028e-07,0.0005815774,1.6669512e-06,3.371916e-08
ISIC_0032418,1,0.00012675178,0.99966824,1.1479402e-09,3.2327957e-08,0.00014489346,5.983791e-05,2.5027097e-07
ISIC_0025901,1,4.4012377e-05,0.9999546,1.1052578e-08,3.1589465e-07,2.2391723e-07,6.73739e-07,6.758346e-08
ISIC_0028149,1,1.4585323e-05,0.9999746,2.5059117e-08,3.541848e-06,2.120771e-06,4.9202727e-06,1.5031097e-07
ISIC_0032506,1,2.499813e-07,0.99999595,1.2421433e-08,2.2740704e-07,3.202508e-06,3.2038932e-07,3.3478816e-08
ISIC_0029996,1,1.3839666e-07,0.9999975,2.4394656e-10,1.5852701e-09,1.62358e-06,6.61391e-07,2.8567147e-08
ISIC_0029916,1,7.3367985e-08,0.9999467,7.305492e-08,6.5805193e-07,5.21424e-05,4.0112935e-09,2.3861446e-07
ISIC_0024569,1,1.4330789e-06,0.9880454,7.1163987e-07,3.7873333e-06,0.011947439,5.734373e-07,6.4201726e-07
ISIC_0028348,1,4.905797e-06,0.9999684,4.7890154e-08,1.1949361e-06,2.2135591e-05,1.0230328e-06,2.2516308e-06
ISIC_0032354,1,1.6143203e-07,0.9998659,0.0001338009,3.8575577e-11,1.2917974e-07,1.6153133e-09,3.0140303e-08
ISIC_0026121,1,1.6462066e-06,0.9998375,3.845711e-10,1.431587e-07,0.00016039248,2.4938476e-09,2.603567e-07
ISIC_0028073,1,3.776906e-06,0.9999926,2.5539263e-11,4.8529944e-11,3.5760768e-06,1.9038724e-09,3.3535837e-08
ISIC_0028614,1,4.3585706e-07,0.9975681,5.3291825e-07,1.2906705e-08,0.0015216385,5.610747e-09,0.0009092697
ISIC_0025418,1,0.0007271112,0.9992724,3.424276e-13,8.194675e-10,4.9126294e-07,4.0755137e-09,6.759502e-10
ISIC_0025002,1,2.7150404e-07,0.93633944,7.975443e-07,2.3181924e-07,0.06365568,2.2798822e-06,1.3784945e-06
ISIC_0031869,1,1.4904219e-05,0.9999844,4.1054118e-10,3.5822218e-08,5.772422e-07,1.6848635e-07,2.660056e-08
ISIC_0027158,1,0.00032718957,0.9996512,3.8828198e-08,8.57926e-07,1.8650817e-05,1.3796698e-06,7.0315656e-07
ISIC_0027199,1,1.076466e-05,0.99937207,2.218014e-09,2.5480958e-05,0.0005323765,2.4047142e-06,5.6925343e-05
ISIC_0031589,1,5.4135667e-06,0.85485417,2.8818147e-07,2.6730703e-07,0.1451178,1.857489e-05,3.4590635e-06
ISIC_0024873,1,2.3447033e-06,0.9999862,3.2242222e-06,2.7574001e-06,4.844772e-06,4.6404028e-07,1.449103e-07
ISIC_0025455,1,2.6128423e-06,0.99974555,5.2621185e-10,1.7466216e-07,0.00010087614,0.00014990647,8.776231e-07
ISIC_0026176,1,4.8414256e-07,0.9996363,7.514212e-12,4.444666e-09,0.00036317538,1.1061861e-08,1.1514148e-08
ISIC_0031497,1,1.019e-06,0.9999678,1.38155505e-08,9.727308e-07,2.3875858e-05,6.2146482e-06,6.814223e-08
ISIC_0025191,1,7.9317414e-07,0.99998486,1.9646759e-08,1.4445057e-08,1.4118805e-05,1.9058861e-08,1.8198088e-07
ISIC_0028716,1,4.671435e-07,0.9999937,1.6757769e-11,8.190153e-09,5.2680252e-06,5.4909106e-07,2.3220762e-08
ISIC_0028328,1,1.0639448e-05,0.99998105,1.2754606e-11,6.393102e-10,8.194953e-06,3.3464365e-10,6.68018e-08
ISIC_0027547,1,4.2271473e-08,0.9998276,2.3244036e-07,9.826045e-07,0.00016977076,5.0323237e-08,1.2924385e-06
ISIC_0031688,1,4.1118387e-06,0.9998404,7.31046e-11,4.938572e-09,0.00015463633,1.3536685e-07,7.840355e-07
ISIC_0029739,1,1.8057953e-07,0.9999994,1.2583365e-12,1.272426e-09,4.0569452e-07,2.0650441e-09,7.757431e-09
ISIC_0027946,1,1.7565061e-07,0.9999957,5.3450907e-13,2.1209594e-08,2.8076263e-06,2.699626e-09,1.3359818e-06
ISIC_0027493,1,3.2523271e-06,0.9999963,1.1565776e-09,2.2861427e-08,2.8866538e-07,1.772505e-07,4.780203e-09
ISIC_0031147,1,1.8397214e-08,0.99999917,2.051566e-09,4.388245e-10,8.0141865e-07,9.778321e-11,2.7244076e-09
ISIC_0026285,1,0.0015713148,0.9984276,1.1070846e-08,3.6086337e-07,4.6374674e-07,2.0001005e-07,5.9671756e-08
ISIC_0029224,1,3.274673e-06,0.99999416,5.159032e-11,1.8186363e-08,2.5168129e-06,3.0727573e-08,3.8288086e-08
ISIC_0028178,1,0.0075695217,0.9924291,8.417868e-08,1.7241945e-09,7.5764797e-07,6.331973e-07,9.844616e-09
ISIC_0029785,1,0.19726157,0.8026744,1.2712643e-07,2.9610105e-06,3.5115654e-06,5.6519155e-05,9.180055e-07
ISIC_0026772,1,2.851594e-07,0.9992436,6.9005934e-10,3.6240553e-07,0.00075430056,3.8309025e-07,1.0697808e-06
ISIC_0027633,1,0.00026935025,0.999645,6.879089e-10,4.5496658e-05,1.7160577e-05,2.2655071e-05,3.6556264e-07
ISIC_0025522,1,2.2787822e-06,0.99915123,2.1111208e-07,1.5857419e-06,0.0007850663,3.795939e-05,2.164105e-05
ISIC_0027222,1,2.986116e-07,0.999838,0.00014064345,8.650858e-06,1.6333622e-06,1.0288571e-05,4.1476702e-07
ISIC_0026274,1,2.5830417e-07,0.9999994,4.8633796e-14,2.4254276e-09,3.1639664e-07,5.0836335e-10,1.557399e-08
ISIC_0025828,1,5.947269e-06,0.99999154,4.3509717e-11,5.01492e-09,1.3925475e-06,1.1143917e-06,9.0836245e-08
ISIC_0031472,1,9.715194e-06,0.99997056,2.0694724e-12,1.5392888e-09,5.523838e-08,1.3236807e-10,1.9617504e-05
ISIC_0027169,1,1.6110332e-06,0.99999774,4.4761717e-10,3.6850796e-08,6.776919e-07,2.2932274e-10,1.3768946e-09
ISIC_0029511,1,4.365564e-08,0.99994695,6.544175e-10,1.4981853e-07,5.2728738e-05,1.09725356e-07,1.2690395e-08
ISIC_0025888,1,4.283082e-06,0.9999869,1.7376352e-07,3.4972854e-07,4.989916e-06,9.242837e-07,2.3148677e-06
ISIC_0025682,1,0.00022876474,0.9995689,3.2785053e-07,0.00019725774,6.501285e-07,2.7722868e-07,3.9234174e-06
ISIC_0027899,1,0.00058421784,0.99941564,4.0965242e-10,8.0639735e-09,3.977738e-08,4.7050584e-08,6.953253e-08
ISIC_0025893,1,0.20429164,0.120288745,6.161955e-05,0.1555899,0.51873535,3.5695804e-05,0.0009970542
ISIC_0026935,1,3.813377e-07,0.99954957,3.871752e-09,2.665813e-10,0.00044981425,2.8264886e-08,2.4812556e-07
ISIC_0028950,1,3.4471418e-07,0.99999917,2.984826e-11,1.974316e-09,4.7242506e-07,4.7112434e-09,6.51881e-08
ISIC_0027515,1,1.2178568e-06,0.9999969,2.1154743e-07,2.0937274e-07,1.3339802e-07,1.785054e-09,1.2770906e-06
ISIC_0028910,1,1.954742e-06,0.99999404,1.7698111e-08,1.5159493e-08,2.2403551e-06,9.411725e-08,1.6701879e-06
ISIC_0031416,1,1.9616833e-05,0.9999802,1.11263956e-10,2.1469293e-09,1.08258e-07,1.0401513e-09,7.385846e-09
ISIC_0029821,1,2.383149e-05,0.99997604,4.567625e-13,1.1845878e-10,7.931071e-08,2.4388502e-10,1.3410506e-09
ISIC_0029686,1,0.0073985043,0.9925454,1.1361895e-07,1.6053677e-05,3.681135e-05,1.8713992e-07,2.8274876e-06
ISIC_0027782,1,0.08075742,0.9192005,7.9945366e-08,4.176136e-06,3.706132e-05,1.5936833e-07,6.611483e-07
ISIC_0026334,1,5.786685e-06,0.99999416,1.4465935e-14,1.4171889e-10,1.1015244e-07,1.487321e-11,1.4411334e-09
ISIC_0028253,1,1.734518e-08,0.99879336,6.898643e-10,1.3704061e-08,0.0012051717,1.189381e-06,2.7818533e-07
ISIC_0030278,1,6.7451467e-10,0.9929066,4.0886928e-08,3.834427e-08,0.007090206,4.7409678e-08,3.2003277e-06
ISIC_0031446,1,4.94774e-06,0.9313959,3.9654103e-07,1.2122109e-05,0.068562925,1.877887e-05,4.9143705e-06
ISIC_0025604,1,5.1214797e-06,0.9999654,1.1972034e-08,6.804625e-07,2.603098e-05,2.6812902e-06,9.7139676e-08
ISIC_0025669,1,1.9970538e-07,0.9999709,2.6990648e-07,2.741846e-09,2.8625227e-05,1.7624433e-08,2.3685878e-09
ISIC_0029774,1,0.0032267075,0.9967673,6.1277844e-10,3.26031e-08,5.5833934e-06,2.5410372e-07,1.8070192e-07
ISIC_0027368,1,8.0406404e-05,0.99957424,4.195164e-08,2.6541919e-08,0.00034529157,2.0791012e-10,8.502438e-09
ISIC_0028904,1,0.0002400657,0.9959472,1.07248944e-07,3.067472e-06,0.0037931062,6.9371695e-06,9.605347e-06
ISIC_0031695,1,1.4716541e-06,0.9999832,1.3111649e-12,2.135042e-11,1.5313344e-05,1.7727132e-09,1.0739362e-09
ISIC_0032217,1,4.5308498e-06,0.9999949,2.106076e-14,4.4743662e-10,3.1312334e-07,1.6969447e-09,2.3477855e-07
ISIC_0032155,1,2.2572645e-05,0.99850637,2.499088e-09,7.892151e-08,0.00060579885,0.0008650368,1.1350693e-07
ISIC_0025774,1,8.046762e-06,0.9999751,9.60932e-11,2.6766637e-08,1.6440741e-05,3.1037067e-07,2.130557e-08
ISIC_0026020,1,3.2889045e-06,0.998384,5.2070837e-09,3.5707696e-08,0.00074649847,0.0008647126,1.5338019e-06
ISIC_0030646,1,5.479582e-08,0.99984574,1.9615623e-10,2.2121666e-11,2.4873036e-05,0.00012927248,2.8443752e-08
ISIC_0027757,1,0.47988203,0.5198108,3.0864792e-06,9.957776e-08,1.619876e-05,0.00025501804,3.2725042e-05
ISIC_0026819,1,0.9883309,0.009747096,3.7222808e-08,8.0175544e-10,0.0017958326,0.00012010498,6.1071933e-06
ISIC_0026730,1,0.0031884974,0.9964516,2.243786e-05,7.985661e-06,0.0003252112,2.2655338e-06,2.041846e-06
ISIC_0026890,1,0.0057673957,0.9864052,6.276116e-07,1.01451946e-07,0.007824131,8.8261794e-07,1.5762963e-06
ISIC_0032363,1,0.002136201,0.9977344,2.1193464e-06,1.9007773e-08,0.000118602125,4.7028206e-07,8.138988e-06
ISIC_0025638,1,0.003754417,0.96704036,0.022697644,9.984045e-07,0.0022882803,0.0008188222,0.0033994173
ISIC_0028576,1,0.11846345,0.881513,2.5138525e-07,2.0577505e-07,8.3249815e-06,8.9398206e-08,1.4689149e-05
ISIC_0029790,1,0.0048212903,0.9951786,4.386665e-11,1.8516743e-09,7.747948e-08,1.2870037e-09,3.0591782e-09
ISIC_0032023,1,0.00024734618,0.9989536,4.83253e-09,1.5574598e-06,0.00079678465,2.1573576e-09,7.5695755e-07
ISIC_0031247,1,0.0004529741,0.9993388,6.864402e-06,2.0503056e-05,0.00016711594,4.1419185e-06,9.578735e-06
ISIC_0026251,1,1.7572678e-05,0.9557587,0.044090357,1.0852174e-06,0.00012362516,1.1815291e-07,8.559005e-06
ISIC_0029072,1,0.00037436956,0.99950254,0.0001203164,1.9653132e-08,2.5692184e-06,2.5832705e-07,1.3365918e-08
ISIC_0027848,1,0.3601273,0.6397584,5.817488e-05,1.018317e-06,1.4414804e-05,1.8389693e-06,3.896606e-05
ISIC_0028971,1,0.021134697,0.9787088,1.8912253e-07,1.3118612e-09,0.00014733437,3.856602e-07,8.62994e-06
ISIC_0028633,1,1.5972473e-06,0.9850507,3.734123e-05,3.6526276e-07,0.001499589,2.0749805e-08,0.013410373
ISIC_0024934,1,0.00041022315,0.9847216,4.57233e-08,8.3901e-07,0.0148639465,3.285076e-06,3.3882372e-08
ISIC_0025442,1,2.8630484e-05,0.9999695,3.7412315e-10,3.2487122e-08,1.8850186e-06,7.1634004e-11,5.4019664e-09
ISIC_0031733,1,5.3514137e-05,0.99972624,1.181317e-05,4.02619e-07,6.735055e-05,5.407533e-05,8.664369e-05
ISIC_0027240,1,0.56468827,0.32190254,0.10263667,1.9632218e-05,0.009295705,2.2507547e-05,0.0014347214
ISIC_0029430,1,0.0083887465,0.9872658,0.0009021224,1.0678792e-05,0.0034237113,6.5856293e-06,2.2593713e-06
ISIC_0027312,1,2.7510796e-07,0.9999635,3.6204444e-06,4.3504367e-10,3.2531436e-05,2.8185951e-09,5.5176157e-09
ISIC_0027427,1,0.0008134353,0.53329253,0.45454538,2.9331422e-06,0.010210748,0.0007742392,0.00036072987
ISIC_0026389,1,1.9701157e-07,0.123072095,0.8762649,7.9675315e-09,0.0006592199,9.03194e-10,3.4770464e-06
ISIC_0025847,1,0.95145506,0.02857778,4.7046046e-06,1.2767163e-07,0.01995982,2.3489092e-06,1.482741e-07
ISIC_0025958,1,0.99226415,0.0034908662,1.5400808e-06,0.00058785133,0.0036535363,1.9687977e-06,9.3914174e-08
ISIC_0024824,1,0.7342683,0.2645583,9.646657e-07,1.1453344e-07,0.0011669267,5.3780213e-06,5.259986e-08
ISIC_0030666,1,0.3048217,0.6949765,3.652349e-05,1.5408037e-06,0.00016194429,9.813429e-07,7.286687e-07
ISIC_0030064,1,0.5263394,0.14528574,0.0012663518,0.0035345329,7.732224e-05,0.009193903,0.31430277
ISIC_0031817,1,0.04402537,0.6276903,2.19799e-08,4.9787297e-05,0.32784793,0.00038584616,7.2788686e-07
ISIC_0032421,1,0.79689,0.201196,1.4251489e-06,5.663844e-06,0.0018166716,8.281138e-05,7.398262e-06
ISIC_0026541,1,0.04859851,0.9513607,3.673498e-06,2.0979403e-06,2.8866647e-05,2.7931633e-06,3.328752e-06
ISIC_0031281,1,0.002919217,0.97810775,8.433861e-08,0.0005561237,0.018405313,8.689797e-06,2.7279584e-06
ISIC_0028527,1,0.0012762499,0.98791003,1.4506358e-06,3.560166e-06,0.010789344,1.2650264e-05,6.7478686e-06
ISIC_0027244,1,0.0073581086,0.65398145,1.0903287e-05,2.6816824e-07,0.338545,8.453866e-06,9.588302e-05
ISIC_0031380,1,0.69120544,0.06069422,2.915739e-08,4.6447274e-10,0.24440606,3.5598765e-07,0.0036938894
ISIC_0029254,1,0.002240457,0.019385802,2.0210857e-05,3.6695128e-05,0.97831297,1.5322174e-06,2.2607826e-06
ISIC_0029223,1,1.9528361e-05,0.00031020388,1.9611152e-05,6.412077e-06,0.999642,1.6794372e-06,5.059464e-07
ISIC_0030930,1,0.023229063,0.94363177,6.845574e-06,2.0305739e-05,0.032967072,0.0001389298,5.964271e-06
ISIC_0028488,1,0.016034363,0.8207077,0.00027051044,2.9206742e-05,0.16295348,1.5766152e-07,4.5711045e-06
ISIC_0029725,1,0.9143901,0.085588224,7.025191e-06,2.4028761e-06,8.925819e-06,2.8452332e-06,5.237521e-07
ISIC_0024924,1,0.9938744,0.0061177183,3.828229e-08,2.5016702e-08,9.180235e-07,6.970078e-06,1.1580642e-09
ISIC_0029488,1,0.017139383,0.9784226,0.0012806754,0.002060448,3.803187e-05,0.00076821767,0.00029074424
ISIC_0027099,1,0.92892367,0.07105524,1.7798315e-06,2.087773e-06,2.6557325e-06,4.5624444e-07,1.4194107e-05
ISIC_0026911,1,4.0756775e-05,0.9991198,4.330964e-06,5.193107e-07,0.000831295,1.4942633e-07,3.178968e-06
ISIC_0030464,1,0.0014800115,0.99848926,3.1102765e-10,2.7472253e-09,2.4528115e-05,1.2810659e-08,6.131514e-06
ISIC_0029402,1,0.4951464,0.5046654,9.639218e-05,6.1511837e-06,9.966225e-06,7.56236e-05,1.2467837e-07
ISIC_0027571,1,0.023711553,0.97626853,1.944575e-06,8.190507e-11,1.656575e-05,1.431827e-06,1.485896e-09
ISIC_0025823,1,0.00058321055,0.9993519,1.8077413e-10,2.4405977e-05,4.0421153e-05,1.859699e-08,9.427697e-09
ISIC_0027458,1,0.07566342,0.9243316,2.1511475e-09,1.0240436e-06,3.6839724e-06,8.023385e-08,1.9963493e-07
ISIC_0025094,1,0.97363687,0.004685602,3.0466495e-06,3.6741108e-07,0.021440689,7.334716e-06,0.00022601255
ISIC_0026421,1,6.885302e-05,0.05133226,6.0846196e-07,4.0175923e-08,0.9485566,9.354705e-06,3.2271255e-05
ISIC_0031713,1,0.005632505,0.95999545,5.884582e-10,1.1408034e-08,0.034369085,1.8645097e-06,1.1673468e-06
ISIC_0032027,1,0.04355577,0.95600384,6.4601463e-06,1.2128969e-05,0.00040993583,2.8541406e-06,9.069869e-06
ISIC_0027421,1,7.202487e-05,0.014736844,0.005988971,0.0022752236,0.97691774,3.3500808e-07,8.922136e-06
ISIC_0028222,1,0.004200531,0.44831556,0.0376468,0.00038034507,0.5093432,8.94261e-05,2.4119952e-05
ISIC_0026055,1,0.048271112,0.9423018,0.0002341327,3.2986984e-05,0.008871002,0.00028431258,4.6334276e-06
ISIC_0027645,1,0.002016323,0.873232,0.124621645,1.981608e-06,5.4829623e-05,7.16434e-05,1.5686007e-06
ISIC_0030979,1,0.037470285,0.96194726,3.916331e-05,0.00025200218,5.878168e-05,2.1945574e-05,0.00021060448
ISIC_0028145,1,0.003107375,0.9968924,1.0666775e-08,2.0824388e-08,1.8528563e-07,6.172678e-09,8.134131e-09
ISIC_0029982,1,0.27445644,0.6900324,0.0166528,1.0271273e-05,0.01738094,0.0014150547,5.2056723e-05
ISIC_0031622,1,0.017183788,0.9823689,0.00026624062,6.982931e-09,0.00017887919,8.061232e-07,1.367845e-06
ISIC_0025789,1,0.45020315,0.5491749,4.3775955e-08,4.2897022e-07,0.0006007653,9.292765e-09,2.066575e-05
ISIC_0028509,1,5.9991296e-05,0.9581574,0.041510183,1.4581262e-07,0.00027151557,1.2807513e-07,6.339728e-07
ISIC_0028235,1,0.4032996,0.57876015,1.8532353e-06,2.0345647e-05,0.017873993,5.4028155e-06,3.8692226e-05
ISIC_0029354,1,0.44195428,0.54701024,1.7896518e-05,1.2564668e-06,0.011013099,1.3675991e-06,1.8481852e-06
ISIC_0031748,1,0.48616123,0.513423,6.380423e-08,1.0271935e-07,0.00041552514,6.0264895e-08,2.3163873e-08
ISIC_0030303,1,5.6661643e-06,0.17073841,1.8675328e-07,6.246202e-07,0.8292484,1.8884899e-08,6.779513e-06
ISIC_0026544,1,0.00017318144,0.35894066,0.5659898,0.00023069464,0.074472785,7.64984e-05,0.00011640588
ISIC_0032470,1,7.859504e-06,0.114337355,0.002294887,2.4062543e-05,0.8831596,1.1089599e-05,0.00016513097
ISIC_0029179,1,0.78373975,0.21625978,2.3281495e-09,1.6837788e-08,9.6359386e-08,3.8941528e-07,1.2880293e-08
ISIC_0025158,1,0.9563182,0.043674674,4.4566448e-07,2.9431426e-06,4.10491e-07,2.779796e-06,5.028323e-07
ISIC_0025336,1,0.94271773,0.0572801,7.674128e-07,2.966022e-07,6.4474347e-07,3.5743258e-07,6.438485e-08
ISIC_0029422,1,0.0056130034,0.97291654,1.7951976e-05,1.2020463e-05,0.00027666532,0.02116122,2.5360239e-06
ISIC_0031158,1,0.050984696,0.9485292,0.00023784037,6.764608e-06,2.4959757e-06,0.00023268581,6.3633415e-06
ISIC_0029728,1,0.049706016,0.025652897,0.9239271,3.359877e-07,0.0006015873,7.6129936e-07,0.000111237365
ISIC_0032181,1,0.084482744,0.91550523,3.6106462e-07,5.0281906e-06,1.8791656e-07,4.5424161e-07,5.981954e-06
ISIC_0033859,1,0.73027855,0.04249769,1.9988315e-06,7.857315e-06,0.22320208,8.947004e-07,0.0040109414
ISIC_0031546,1,0.0004062581,0.9992459,2.2916073e-07,1.5632374e-08,0.0003252454,4.8951114e-07,2.192491e-05
ISIC_0033423,1,0.0034606114,0.99653304,2.3640146e-06,3.4184495e-08,1.1623193e-06,3.6436347e-07,2.4399892e-06
ISIC_0033846,1,0.011916869,0.9880695,5.998435e-08,1.0534264e-06,7.5315274e-06,4.7408264e-07,4.4852445e-06
ISIC_0033315,1,0.334329,0.6656628,1.1126807e-08,2.0908614e-08,8.036331e-06,1.9546412e-08,6.294946e-08
ISIC_0032633,1,0.014445248,0.98491734,5.568456e-07,2.9021894e-07,0.0006365041,2.797217e-09,5.7566222e-08
ISIC_0034298,1,0.007465575,0.97416556,3.227256e-06,1.7727535e-06,0.018358285,3.280215e-07,5.277505e-06
ISIC_0033347,1,0.0017300888,0.9974668,8.744863e-05,5.9960657e-06,0.00067226577,2.738535e-05,1.0045285e-05
ISIC_0032668,1,0.00017225671,0.9954482,3.0021022e-06,3.0737494e-06,0.0043244152,2.9516676e-05,1.9518859e-05
ISIC_0032891,1,0.097021796,0.8969354,0.00027738063,6.479232e-05,0.0055759554,0.00011365747,1.0971379e-05
ISIC_0033712,1,0.04698704,0.14277993,0.00019743307,2.7021758e-07,0.8083003,0.0017336598,1.3827153e-06
ISIC_0032771,1,0.005611806,0.9931572,1.1147245e-06,1.44813335e-08,0.0012265461,1.0311305e-06,2.2712159e-06
ISIC_0033297,1,0.007351353,0.9718331,0.0001798181,7.04569e-08,0.020365922,0.00026937318,2.5615049e-07
ISIC_0030845,1,0.011783347,0.98819053,2.153426e-08,7.926607e-07,1.9881449e-05,3.1111388e-06,2.3161597e-06
ISIC_0033852,1,0.0010652881,0.9940029,3.1996795e-05,1.9087627e-06,0.004896805,6.382065e-07,5.112039e-07
ISIC_0033775,1,0.0011869626,0.99880576,1.6708566e-07,1.3678424e-09,6.405692e-06,2.4509274e-07,4.228116e-07
ISIC_0033561,1,0.008273522,0.9916248,6.328827e-07,7.55555e-08,9.404491e-05,6.446335e-06,4.3412518e-07
ISIC_0033823,1,7.245171e-05,0.99992704,4.5332063e-09,2.6474472e-08,9.9869986e-08,1.4421079e-07,2.629746e-07
ISIC_0032954,1,0.028780757,0.97119313,8.668441e-06,2.253842e-06,1.1677005e-05,1.9313504e-06,1.602221e-06
ISIC_0033371,1,9.642832e-06,0.9999901,1.01546425e-08,1.7519932e-08,7.974823e-08,3.3081765e-08,1.2122892e-07
ISIC_0033348,1,0.0061095697,0.9938862,4.3887735e-10,6.9905277e-09,4.2765732e-06,3.4069323e-08,8.96662e-09
ISIC_0033048,1,0.0062458697,0.9931901,5.810927e-07,3.76382e-06,0.0005555991,2.706504e-06,1.3396594e-06
ISIC_0033870,1,6.992249e-06,0.9999926,1.7816712e-10,9.185591e-08,1.7849152e-07,1.6377618e-07,4.125897e-09
ISIC_0026618,1,0.02823229,0.9665309,2.0029274e-06,8.9186307e-07,2.1569633e-05,0.005212283,1.5270826e-08
ISIC_0026670,1,6.879344e-05,0.9997862,7.3110236e-08,9.177497e-08,2.3344828e-06,0.00014253147,6.457168e-10
ISIC_0034290,1,9.115346e-05,0.9996853,1.3709204e-07,7.323078e-09,4.4966233e-05,1.6766372e-06,0.00017676188
ISIC_0033165,1,2.354532e-05,0.9985984,8.295927e-06,8.731823e-08,0.00089802657,8.5947636e-07,0.00047082515
ISIC_0033430,1,0.0034478102,0.9935941,2.2191684e-06,1.4716794e-06,0.000925671,0.0019944625,3.4307413e-05
ISIC_0032590,1,0.0011247718,0.9984528,2.3670365e-05,4.5737786e-05,0.0003068323,4.2368203e-05,3.817828e-06
ISIC_0033549,1,9.202364e-06,0.9999677,5.0696724e-07,1.0863067e-06,2.0820025e-05,1.0435713e-07,6.181089e-07
ISIC_0033921,1,9.286394e-05,0.9998827,1.3128086e-06,1.3315305e-06,1.6808743e-05,2.5414087e-07,4.745127e-06
ISIC_0031904,1,0.01906874,0.9785726,1.6840087e-07,2.3147913e-06,0.002356069,1.4260955e-07,1.608115e-08
ISIC_0033919,1,3.2489486e-05,0.99996734,3.4654985e-08,2.4151307e-08,1.0214226e-07,1.2912355e-08,2.2425656e-08
ISIC_0033640,1,0.00022844123,0.99974257,3.7601697e-07,1.0062646e-05,1.6138227e-05,1.4925753e-06,9.065946e-07
ISIC_0033927,1,0.00663993,0.9933601,2.1270052e-08,1.42803644e-08,8.477264e-09,6.8652684e-09,3.488671e-09
ISIC_0031694,1,0.00016191258,0.9997985,2.196789e-09,7.1022717e-09,3.9253235e-05,2.3131075e-10,3.4189281e-07
ISIC_0025978,1,0.0025408566,0.99708706,5.3243326e-05,3.4169643e-05,0.00023082741,1.1500837e-05,4.2325944e-05
ISIC_0026883,1,1.402952e-06,0.20801064,8.526917e-10,1.541394e-06,0.7919608,1.05671315e-05,1.5005894e-05
ISIC_0031412,1,0.0006079646,0.5935918,0.0013175023,0.20220333,0.0039861826,0.19822732,6.5894565e-05
ISIC_0029656,1,0.011951941,0.9868593,0.00064866256,7.916062e-06,8.405324e-05,0.0004391461,8.983539e-06
ISIC_0025421,1,0.7691452,0.1295112,0.007794479,0.08536236,0.0071444963,0.0008992432,0.00014305612
ISIC_0028780,1,6.751561e-05,0.99975926,3.082865e-08,3.8981334e-08,0.00017300635,7.760145e-08,5.6605643e-08
ISIC_0029902,1,0.0003941894,0.99956983,3.073235e-08,4.1213696e-07,3.314574e-05,4.1325237e-07,2.1195021e-06
ISIC_0027072,1,3.053892e-05,0.99889296,2.6818575e-06,3.317047e-10,0.0010565419,1.6978302e-05,2.1489743e-07
ISIC_0030378,1,0.008423038,0.8924544,0.06763952,9.671543e-06,0.029607266,0.001810129,5.5977187e-05
ISIC_0024344,1,0.9952632,0.0047355453,2.2939902e-08,2.2487313e-07,4.5339928e-07,5.713958e-07,2.0050372e-08
ISIC_0025836,1,0.97386,0.026008202,1.4538705e-07,2.0848287e-07,0.00012997801,1.1693006e-06,1.5784535e-07
ISIC_0026084,1,0.34398755,0.20447667,0.0002748256,0.00013772368,0.45104036,5.267541e-07,8.2393206e-05
ISIC_0025262,1,0.87338394,0.11240399,0.005624014,1.228456e-05,0.008540084,2.8867194e-05,6.908504e-06
ISIC_0031202,1,0.00026862798,0.99964356,9.848395e-10,3.5852658e-08,8.776827e-05,1.8453411e-10,1.2052551e-08
ISIC_0030892,1,0.00075412943,0.99579084,0.00299024,5.6410813e-06,0.00045367802,3.1117615e-06,2.3370228e-06
ISIC_0032784,1,0.0001243819,0.9998734,1.9415247e-09,4.3914522e-10,4.0684677e-07,2.4009132e-09,1.7504698e-06
ISIC_0033459,1,0.005901331,0.9940976,6.526787e-10,1.5746193e-09,2.6114992e-07,7.974036e-09,8.4080955e-07
ISIC_0032710,1,4.6246165e-05,0.9999534,6.72377e-10,2.3411484e-09,1.2702543e-07,3.982116e-09,2.7500053e-07
ISIC_0033172,1,0.0059819147,0.9940157,9.1011664e-08,3.844631e-08,1.8125922e-06,4.560767e-07,2.7758418e-08
ISIC_0033326,1,0.00015213146,0.99903643,9.870022e-08,9.4931886e-07,0.0008092272,4.8734245e-07,7.184906e-07
ISIC_0032743,1,0.00045842028,0.9993393,1.5895041e-07,2.7421325e-07,0.00019890539,3.0142596e-06,4.567968e-08
ISIC_0033292,1,0.0060758186,0.9735677,0.006227191,3.0364478e-07,0.014111682,3.598305e-08,1.724043e-05
ISIC_0033610,1,1.0612064e-05,0.9894048,0.0002689165,2.5993345e-09,0.010313846,2.2346045e-08,1.8880319e-06
ISIC_0033100,1,0.0011894658,0.1866961,0.00047795198,5.8843945e-08,0.8116304,5.29598e-07,5.4116404e-06
ISIC_0032821,1,0.0005623733,0.9994344,2.82724e-09,2.860437e-08,2.220925e-06,1.2778966e-07,8.468203e-07
ISIC_0032783,1,0.00038853503,0.99950933,3.29423e-11,3.848517e-08,0.00010179775,2.186918e-07,4.4713882e-08
ISIC_0034139,1,0.00042653037,0.9995696,4.7586404e-11,2.2105542e-09,3.864553e-06,3.727903e-08,2.0112292e-08
ISIC_0034133,1,0.2653597,0.73463655,3.9736096e-07,3.26851e-08,3.2427033e-06,1.11642464e-07,4.689933e-08
ISIC_0034042,1,0.124018334,0.8757514,1.9063977e-09,1.9614223e-08,0.00023017524,1.0334436e-07,1.2946566e-08
ISIC_0032595,1,0.01180107,0.9874156,2.3625478e-06,1.7472995e-06,0.0007725861,5.3407434e-06,1.28062e-06
ISIC_0034308,1,0.0025648554,0.9974132,1.5730016e-06,1.4399701e-07,1.9988767e-05,1.2166625e-08,2.2796819e-07
ISIC_0032957,1,0.004209459,0.99562186,2.4113447e-07,2.5334776e-08,0.00016827551,5.104904e-09,1.3822739e-07
ISIC_0033334,1,0.0021644863,0.9971404,0.0001136936,3.135625e-05,0.00043784137,0.00011135399,8.4526573e-07
ISIC_0034273,1,0.00061101635,0.99829155,5.3623466e-09,3.2011865e-08,0.0010952356,1.6131463e-06,5.77548e-07
ISIC_0032805,1,9.618955e-05,0.9445169,2.001251e-08,2.1426284e-07,0.05538025,5.695323e-06,7.1094814e-07
ISIC_0032753,1,0.0029023662,0.06835838,4.186122e-08,1.1992399e-06,0.92871374,2.2467779e-05,1.7651187e-06
ISIC_0034320,1,0.84149486,0.15848583,5.150502e-09,1.6707932e-06,1.7268781e-05,1.3251436e-07,3.403005e-07
ISIC_0032549,1,0.023011956,0.9768984,4.8541466e-07,1.0420973e-05,5.129588e-05,2.3627247e-06,2.514099e-05
ISIC_0032902,1,2.2667597e-05,0.9999497,1.2534081e-10,1.3634575e-07,2.7539687e-05,1.2862474e-08,2.0496001e-08
ISIC_0032948,1,1.1934407e-07,0.9999994,1.4631308e-11,2.195341e-09,4.177201e-07,5.990178e-10,4.360171e-10
ISIC_0034264,1,0.0022792974,0.99749506,6.6418653e-07,1.1405811e-05,0.00018749911,2.1876143e-05,4.1760504e-06
ISIC_0032785,1,5.1661482e-05,0.9984572,1.0573955e-06,2.0828107e-07,0.0013330128,2.5309491e-06,0.00015428154
ISIC_0032563,1,0.00029325977,0.04291464,8.077119e-09,7.633102e-08,0.9293058,0.00041871035,0.027067496
ISIC_0033071,1,0.00014069404,0.99688655,2.311042e-07,5.575042e-08,0.002181708,1.8311459e-05,0.0007725144
ISIC_0033990,1,0.036418054,0.9604566,2.0153018e-06,7.030996e-08,0.0031186112,2.6260536e-06,1.8920763e-06
ISIC_0032937,1,6.810471e-05,0.9998037,1.0338655e-07,2.8505553e-08,0.00011773759,2.3536437e-08,1.0411874e-05
ISIC_0033385,1,0.8430382,0.15689647,4.661943e-06,2.6204207e-06,5.7138364e-05,6.408757e-07,1.9813342e-07
ISIC_0033471,1,0.9949045,0.0048375004,3.9958084e-07,7.3439725e-05,0.00018194978,3.007325e-07,1.9882143e-06
ISIC_0032831,1,0.9999504,4.963685e-05,4.294574e-10,2.573997e-10,9.361195e-10,5.2477973e-11,5.776342e-08
ISIC_0032599,1,0.8972592,0.102707855,2.6428444e-05,2.4749838e-08,9.16951e-07,5.523474e-07,5.0239046e-06
ISIC_0033472,1,0.992413,0.0075829243,1.144704e-06,2.3999263e-09,2.445629e-06,3.4566062e-07,1.5230353e-07
ISIC_0032667,1,0.7764108,0.22356728,1.3733659e-06,5.690448e-09,1.0521595e-05,8.306733e-08,9.944304e-06
ISIC_0032520,1,0.067477435,0.93173987,9.114151e-06,4.2545165e-07,0.00076524913,6.3579832e-06,1.5373442e-06
ISIC_0032832,1,1.2948603e-05,0.9999863,1.4193833e-07,3.1738145e-10,5.0470254e-07,9.9435105e-08,3.2633225e-09
ISIC_0033917,1,0.000947512,0.017446794,2.0788175e-05,1.1586649e-05,0.98156196,2.6522116e-06,8.719977e-06
ISIC_0033988,1,0.026900452,0.97264284,7.706192e-09,1.4830909e-09,0.00045654218,1.2211085e-07,4.083264e-08
ISIC_0032859,1,0.001281979,0.9978557,9.175705e-08,5.542846e-08,0.0008601664,1.19028e-06,8.786398e-07
ISIC_0032795,1,0.10258463,0.8509826,3.5596106e-08,7.386237e-08,0.04641369,1.7140268e-05,1.8049502e-06
ISIC_0033825,1,0.0914275,0.89521915,1.4335028e-08,2.867605e-07,0.013352216,3.0727026e-07,4.8411255e-07
ISIC_0033857,1,0.94188344,0.052933116,4.3421085e-05,1.6059124e-07,0.005138883,2.360788e-07,6.722386e-07
ISIC_0032731,1,0.06625754,0.9312012,4.0971635e-08,3.5887848e-09,0.0025412056,4.3716188e-08,2.644621e-08
ISIC_0033069,1,0.00019599512,0.9997429,5.3303853e-07,1.3638044e-08,6.042509e-05,4.945346e-10,1.4393254e-07
ISIC_0032735,1,0.0014346307,0.99853146,7.153331e-07,1.725778e-06,3.6187091e-06,1.1336751e-07,2.7815246e-05
ISIC_0033840,1,0.0046882695,0.99527574,6.189273e-07,1.412605e-06,3.1483636e-05,1.1148364e-08,2.4719532e-06
ISIC_0034257,1,4.4506094e-05,0.99240017,0.0075132437,8.417543e-08,4.1775485e-05,1.02379914e-07,9.7945716e-08
ISIC_0032802,1,0.001878778,0.9977235,1.5310166e-08,2.5046631e-07,0.00038417766,1.3234116e-05,3.9729727e-08
ISIC_0032551,1,0.00039921934,0.99816185,7.793631e-12,7.686229e-06,0.0014311936,3.8762047e-09,1.5734518e-09
ISIC_0033544,1,0.03603623,0.9630625,9.1677166e-10,1.7448762e-07,0.00088958145,1.1336523e-05,2.7177284e-08
ISIC_0033641,1,1.580077e-06,0.9999857,2.1863351e-09,9.999631e-08,1.2480148e-05,1.10414035e-07,2.7422958e-08
ISIC_0033527,1,1.1704354e-06,0.9996699,1.3406637e-08,3.3112894e-08,0.00032826682,2.2191092e-07,4.2054825e-07
ISIC_0032895,1,1.0046883e-06,0.9999893,3.1537088e-08,3.6706954e-08,9.630058e-06,4.2469534e-08,6.34197e-08
ISIC_0034286,1,0.29796576,0.59592074,0.095303856,3.2562395e-05,0.008544898,6.845765e-05,0.0021637978
ISIC_0033373,1,0.022610752,0.08241988,0.37302804,3.1322244e-05,0.5189591,0.0008692372,0.0020816121
ISIC_0034300,1,0.00025011826,0.9993407,6.9224704e-08,3.884669e-06,0.00040157142,4.6092136e-08,3.530958e-06
ISIC_0033155,1,0.0013741779,0.9931607,2.2531288e-09,4.8217942e-05,0.005404334,7.4263617e-06,5.1479183e-06
ISIC_0032609,1,0.0017549789,0.9873848,8.095769e-06,7.1833696e-05,0.0014415268,0.009313683,2.5077241e-05
ISIC_0032761,1,0.0010796644,0.9989203,2.1982915e-12,3.8133132e-11,7.1035664e-08,3.342874e-10,1.1597796e-09
ISIC_0033160,1,2.1860937e-05,0.99997807,1.9878228e-10,2.3840413e-10,2.1556657e-08,6.923751e-09,4.6308585e-08
ISIC_0033930,1,0.14883278,0.8511671,5.937135e-11,5.899241e-11,5.0772034e-08,9.054331e-10,6.011529e-08
ISIC_0033904,1,1.783192e-05,0.99997747,1.6627909e-06,2.2619784e-09,2.6062665e-07,2.7407663e-09,2.7722285e-06
ISIC_0033342,1,0.015228225,0.17788114,0.80654013,1.8803727e-06,1.6545742e-05,0.00027421644,5.7823887e-05
ISIC_0033265,1,0.010083557,0.98904955,0.000830738,1.8289276e-07,1.8997581e-06,2.1273136e-08,3.400568e-05
ISIC_0032704,1,0.12832268,0.47746187,9.0094254e-05,4.1420022e-05,0.3940776,1.0172319e-06,5.325463e-06
ISIC_0033289,1,0.061604172,0.93293023,4.5754135e-08,4.9526587e-08,0.0054640505,1.3778939e-06,1.6855354e-07
ISIC_0028684,1,4.6421606e-05,0.99981934,4.3115347e-09,1.0777111e-07,0.00013348459,7.400694e-08,4.8124986e-07
ISIC_0025372,1,9.5757874e-05,0.99973506,8.814401e-06,3.0054096e-05,2.263694e-05,1.106936e-06,0.000106641906
ISIC_0033506,1,3.852327e-05,0.9996362,1.3308405e-08,4.2922974e-07,0.00030277678,9.185146e-06,1.2789485e-05
ISIC_0033600,1,0.001105502,0.99853945,5.725181e-08,8.782102e-07,0.00034388588,5.701142e-06,4.5457414e-06
ISIC_0033714,1,0.0010850909,0.99880314,3.804458e-07,2.0670559e-05,2.4159235e-05,2.325836e-05,4.3307788e-05
ISIC_0033163,1,9.320118e-05,0.99990666,3.105266e-10,2.3304492e-09,8.0929226e-08,1.5107267e-10,6.6849952e-09
ISIC_0033887,1,0.0006815161,0.9992692,3.3689262e-06,9.935035e-08,4.546958e-05,9.634473e-08,1.6572363e-07
ISIC_0033188,1,0.042192712,0.9576477,1.3365623e-07,3.2105409e-06,0.00015161069,4.3483337e-06,3.1394077e-07
ISIC_0033067,1,0.0012687163,0.9986939,2.1685144e-10,9.977093e-09,3.7402904e-05,2.3319252e-08,7.072379e-08
ISIC_0032787,1,0.0014701984,0.99849856,3.745631e-10,4.9188888e-08,3.1246494e-05,8.2662675e-11,1.675158e-08
ISIC_0032707,1,0.15932831,0.80253524,0.00037007386,1.5069585e-05,0.03772209,4.7898305e-07,2.8694383e-05
ISIC_0034311,1,0.88522273,0.08834908,6.9127665e-05,0.000102044774,0.02619257,5.9357568e-05,5.069644e-06
ISIC_0033150,1,0.0011662135,0.9984571,9.81186e-10,6.3169686e-08,0.0003761667,3.6522154e-09,3.6913536e-07
ISIC_0033698,1,5.481039e-06,0.99997795,2.7218108e-12,1.3216207e-08,1.6553782e-05,8.300972e-10,9.116579e-09
ISIC_0034240,1,4.3397135e-06,0.999995,2.2754879e-10,1.3451524e-08,6.746419e-07,2.6927023e-09,5.991914e-09
ISIC_0033194,1,0.0010492702,0.9988558,8.24506e-05,3.9096335e-10,1.7468372e-07,1.6498194e-10,1.2267922e-05
ISIC_0034258,1,2.426218e-05,0.9998845,8.930458e-05,9.8804014e-11,5.644241e-07,7.599584e-09,1.3568203e-06
ISIC_0034023,1,0.0028428633,0.9957273,0.001293356,1.123615e-10,0.0001354225,4.5143327e-08,1.0671931e-06
ISIC_0033243,1,0.0036510474,0.9775874,2.5171968e-05,2.1658128e-08,0.018730195,7.2436694e-07,5.4790075e-06
ISIC_0032648,1,0.009386304,0.90783775,1.3453525e-06,1.3805723e-07,0.08275884,1.0475883e-05,5.0911945e-06
ISIC_0032620,1,8.5866566e-07,0.9908456,2.8026952e-07,1.574823e-10,0.009153111,1.446222e-07,5.392173e-08
ISIC_0030420,1,9.407854e-05,0.20741583,6.1482055e-09,5.4415198e-11,0.7924898,5.72464e-09,1.5666602e-07
ISIC_0033671,1,0.14307138,0.5547126,1.826868e-05,0.30055183,0.0009548217,0.00064310944,4.8028163e-05
ISIC_0033711,1,0.010818113,0.9133801,1.3009868e-06,1.8788236e-05,0.07569309,7.574179e-05,1.2724825e-05
ISIC_0032858,1,0.00023475615,0.99973005,9.589735e-08,2.9208698e-07,3.419428e-05,3.5281742e-09,6.261689e-07
ISIC_0033965,1,0.00032477226,0.9996458,3.7074738e-08,2.7157034e-07,2.2399104e-06,4.721262e-09,2.6925558e-05
ISIC_0033093,1,0.0009439524,0.9990361,1.7927823e-09,4.3441495e-09,1.9993222e-05,1.1820409e-08,1.1125553e-08
ISIC_0033501,1,0.03816563,0.9616646,7.697943e-06,0.00013107392,2.3429233e-05,5.8630786e-07,7.070763e-06
ISIC_0032677,1,0.25614822,0.74379665,1.1297068e-06,1.8148864e-06,5.1972685e-05,3.416918e-08,1.8956928e-07
ISIC_0034237,1,0.21978268,0.7802167,5.249475e-10,4.9069044e-08,5.6351496e-07,1.0185139e-09,1.3990265e-10
ISIC_0034032,1,0.030056007,0.96993166,1.9621156e-09,2.8421653e-08,1.2357843e-05,4.6397166e-09,5.1971476e-09
ISIC_0033075,1,0.10275321,0.89707005,3.3860263e-06,1.14371505e-05,0.00014875042,6.9626253e-06,6.2250406e-06
ISIC_0034010,1,0.15263574,0.84631085,6.6024145e-06,4.6596792e-06,0.0009191954,0.00012113966,1.7729446e-06
ISIC_0032819,1,0.14578277,0.78828585,0.00027859316,4.773878e-05,0.06435229,0.001248584,4.1545823e-06
ISIC_0033451,1,0.8387566,0.15877649,6.0115795e-08,9.016479e-09,0.0024637843,1.0551818e-07,2.9534392e-06
ISIC_0033552,1,0.49480614,0.47490132,4.7170192e-06,1.2617481e-06,0.030243099,4.2380947e-08,4.3404838e-05
ISIC_0034310,1,0.99155664,0.008146966,8.0926395e-07,2.0369724e-08,0.00029434968,2.33663e-08,1.2180301e-06
ISIC_0032582,1,0.841781,0.14872813,2.9739056e-08,1.5889587e-05,0.009439443,2.197423e-05,1.3472347e-05
ISIC_0033052,1,0.0006810972,0.23633271,4.0899415e-08,4.2536024e-09,0.7627895,0.00019571537,9.729418e-07
ISIC_0032990,1,0.0017951613,0.024143305,5.0425365e-06,1.1086177e-06,0.97401637,6.3221764e-06,3.2521577e-05
ISIC_0033688,1,6.989166e-05,0.9984394,2.6642226e-07,3.8157953e-07,0.0014892386,1.2145338e-07,7.106905e-07
ISIC_0033557,1,0.00043596415,0.9995459,3.1030243e-08,1.0604052e-07,1.7642258e-05,1.12477856e-07,1.8884286e-07
ISIC_0032621,1,0.00031048665,0.9326217,0.0670475,9.406962e-10,2.0150248e-05,2.482119e-08,1.6412386e-07
ISIC_0033328,1,0.0037278186,0.9956528,0.0006081577,9.322918e-10,1.1228654e-05,6.2791394e-10,1.0970431e-08
ISIC_0033768,1,0.00044675832,0.99940085,3.9261877e-07,3.897018e-08,0.00015193968,4.1801784e-09,7.007124e-08
ISIC_0025257,1,0.00015682868,0.9998202,3.3725517e-10,4.231774e-10,2.2904198e-05,6.415647e-10,7.02117e-08
ISIC_0033006,1,0.0023483273,0.9972656,4.085346e-06,2.5617073e-05,2.4504434e-05,1.2659686e-06,0.00033067612
ISIC_0032518,1,0.0006719518,0.99932706,3.617158e-11,5.431495e-07,4.4140225e-07,1.6295493e-09,5.9752483e-09
ISIC_0033548,1,0.008878008,0.9911198,2.7735307e-08,4.9994713e-07,1.1040785e-06,4.877906e-07,1.7539588e-07
ISIC_0032920,1,0.020081086,0.9797148,3.210396e-05,3.9353992e-05,0.00011349941,1.8789382e-05,3.3277686e-07
ISIC_0033673,1,0.0018302603,0.9979778,8.8030276e-08,1.2707466e-07,0.00019168033,2.1913293e-09,2.3370813e-08
ISIC_0032758,1,0.000291225,0.9769862,7.1159484e-06,5.515717e-08,0.022673784,3.9767358e-05,1.912386e-06
ISIC_0033939,1,2.0994665e-05,0.9999237,4.4351773e-06,1.5381603e-07,5.0407554e-05,1.9245533e-07,9.176326e-08
ISIC_0033288,1,0.00023622245,0.99872285,6.399992e-07,4.2850888e-07,0.0008879941,0.00015078309,1.0827569e-06
ISIC_0033087,1,0.00067184056,0.99886864,8.078784e-09,1.5609581e-08,0.000111749396,0.00034745145,2.3135466e-07
ISIC_0033669,1,0.0007400828,0.9807797,0.018471615,5.790016e-09,5.671828e-06,2.9490513e-06,3.389375e-08
ISIC_0033789,1,0.004172864,0.9607739,0.033953592,2.2876463e-09,0.0010820138,1.6164118e-05,1.4513229e-06
ISIC_0033419,1,0.0046269256,0.9871133,0.006537537,6.339084e-08,1.48503295e-05,0.0017072979,3.0050245e-08
ISIC_0032338,1,0.0001446934,0.9998505,2.6515703e-08,1.9412887e-08,4.184463e-06,1.9295452e-07,2.8536306e-07
ISIC_0034067,1,0.021512777,0.9784846,1.0993284e-07,5.9716085e-09,1.5428914e-07,2.1905885e-06,1.0554387e-07
ISIC_0031290,1,7.688734e-07,0.9999677,1.0772051e-07,6.019646e-08,2.7763701e-05,7.294074e-08,3.4310333e-06
ISIC_0033224,1,0.0011814534,0.98479337,0.004069151,3.893124e-06,0.009934414,1.7679302e-05,1.7609764e-08
ISIC_0033360,1,2.255142e-06,0.99943334,7.9845074e-07,1.1018105e-06,0.0005622834,2.9773253e-07,2.270134e-08
ISIC_0033960,1,0.00018535061,0.9736137,0.00035156208,2.5343377e-05,0.025813194,1.008625e-06,9.838007e-06
ISIC_0033259,1,2.0150796e-06,0.99699664,0.002467429,2.619169e-06,0.00051486166,4.1106617e-07,1.604717e-05
ISIC_0033403,1,4.6280744e-05,0.9997452,9.768524e-05,4.2057792e-07,0.00010891737,3.330283e-07,1.0453433e-06
ISIC_0032494,1,0.0013190343,0.99866116,8.266286e-08,2.4744358e-08,1.6931792e-05,2.7395129e-06,4.5638846e-08
ISIC_0032760,1,0.0015611189,0.99836034,6.1663854e-06,1.5616869e-06,1.3091065e-05,5.3231764e-05,4.5796637e-06
ISIC_0034128,1,0.00054089277,0.99939907,3.959324e-08,5.133969e-08,5.885869e-05,9.892526e-07,1.4284205e-07
ISIC_0033541,1,5.462234e-06,0.99999356,2.6148815e-08,1.6958539e-07,3.6247735e-07,3.170161e-09,5.001218e-07
ISIC_0032670,1,5.9741065e-05,0.9999176,3.6548333e-06,2.5627745e-07,1.7556707e-05,2.8010408e-07,9.014448e-07
ISIC_0033441,1,2.004409e-06,0.99998736,3.386218e-08,1.8901165e-09,1.0014564e-05,7.962669e-09,6.317791e-07
ISIC_0032962,1,3.778452e-07,0.9999989,1.8657962e-09,8.953336e-09,6.4367055e-07,1.9609417e-11,3.4602714e-08
ISIC_0033781,1,0.001088688,0.7167667,0.0075249933,5.3019012e-05,0.27456215,2.8077736e-07,4.133232e-06
ISIC_0033909,1,0.01226701,0.98051375,5.975658e-08,7.147876e-08,0.0057036644,0.001510719,4.6720884e-06
ISIC_0033293,1,2.0047624e-05,0.99997056,9.3870904e-11,2.1014707e-10,9.213561e-06,1.3044641e-07,1.0382469e-08
ISIC_0034231,1,0.00029595167,0.028257608,8.855924e-08,2.4877613e-09,0.9714462,1.0640313e-07,1.8456936e-08
ISIC_0034033,1,0.00034677092,0.69552296,3.2813217e-09,5.193553e-08,0.3041298,3.720668e-07,3.1701866e-08
ISIC_0032752,1,0.0018155775,0.3313428,5.7807756e-06,1.0934921e-05,0.66681516,5.313878e-06,4.4840035e-06
ISIC_0033794,1,0.00046199074,0.9258047,6.020267e-06,7.23804e-07,0.07372354,9.1503165e-07,2.0990515e-06
ISIC_0033462,1,0.00032041667,0.9990245,2.2406211e-05,2.156686e-05,0.0004549516,1.0343724e-06,0.00015509743
ISIC_0033191,1,0.0007045276,0.99905926,7.5454443e-07,1.8341849e-05,0.0001296599,1.6438149e-06,8.5842854e-05
ISIC_0034200,1,0.0019117516,0.99688894,6.447754e-06,4.726284e-06,0.0011641697,2.1517042e-05,2.4165547e-06
ISIC_0033277,1,1.0667342e-08,0.9999963,7.3290463e-09,3.7101978e-07,3.1708757e-06,3.0154745e-09,1.1501759e-07
ISIC_0033448,1,0.0061825016,0.9924787,2.7821068e-05,3.009456e-06,1.8304916e-05,0.0012893435,2.5978125e-07
ISIC_0034304,1,0.00875279,0.9623943,0.0025458822,8.3608524e-05,0.0015243278,0.024630666,6.8291294e-05
ISIC_0030447,1,0.99630874,0.0036904209,5.83402e-08,4.705654e-07,2.41887e-07,3.198235e-09,1.8173114e-09
ISIC_0033463,1,0.5525245,0.44717604,1.9695933e-06,1.5952284e-05,0.0002660765,1.5295625e-05,1.41905e-07
ISIC_0033757,1,0.09765673,0.1364294,5.135374e-07,3.8594078e-07,0.76582485,7.284527e-05,1.5277108e-05
ISIC_0034063,1,9.96108e-05,0.99982375,1.2888105e-09,8.8996344e-10,7.639145e-05,1.1798649e-09,2.51851e-07
ISIC_0032798,1,2.4990916e-07,0.99999917,7.175687e-11,7.237425e-09,5.959729e-07,4.633567e-10,9.558432e-09
ISIC_0032848,1,6.126157e-05,0.9974946,2.342105e-09,7.061445e-09,0.002432786,4.599909e-08,1.1394997e-05
ISIC_0034164,1,0.0021115027,0.9977963,3.8973008e-10,1.0731882e-07,5.881854e-08,8.990298e-05,2.107899e-06
ISIC_0033033,1,0.00072481926,0.9983822,2.3229167e-07,2.5491588e-06,0.00088944315,1.4450991e-07,6.8732015e-07
ISIC_0033390,1,0.000435861,0.99956304,1.1655215e-09,4.8410107e-07,5.754592e-07,3.277126e-09,8.497917e-09
ISIC_0033836,1,0.00013875646,0.9998486,1.2892495e-07,5.47573e-07,1.1394017e-05,2.5500108e-07,2.700166e-07
ISIC_0029393,1,0.6489066,0.24887457,1.4028615e-08,1.5335756e-09,0.1022187,1.4505354e-08,6.2846e-08
ISIC_0029775,1,0.00813509,0.9839368,3.7944644e-06,3.1014486e-05,0.007718251,6.223562e-07,0.00017458126
ISIC_0031411,1,0.71022207,0.1954264,8.0460225e-08,6.603117e-07,0.09410183,0.00024857896,4.222542e-07
ISIC_0031970,1,0.0857166,0.8603994,3.7116508e-05,3.5104318e-07,0.053786375,3.1227166e-05,2.8989349e-05
ISIC_0028060,1,0.0016074026,0.9845399,4.3079788e-07,1.6983051e-08,0.01382374,1.0394693e-05,1.8024319e-05
ISIC_0027582,1,0.00026817925,0.8837949,1.362602e-07,1.4562468e-09,0.11593562,4.296039e-09,1.2146246e-06
ISIC_0025695,1,2.6239923e-05,0.99996054,6.3141033e-07,1.7867654e-11,1.2641691e-05,4.73984e-09,9.287642e-10
ISIC_0026427,1,0.002858986,0.9967366,0.00018252124,1.6144765e-10,0.00022165739,6.621614e-08,1.2337001e-07
ISIC_0025267,1,0.010352949,0.9423699,2.166576e-07,0.0004534799,0.046716984,0.00010548033,9.596256e-07
ISIC_0029581,1,0.3614095,0.6076993,9.990232e-07,2.6400612e-05,0.030848524,1.4612403e-05,7.094554e-07
ISIC_0025993,1,8.155518e-06,0.9999877,1.9134218e-10,1.8730331e-07,3.8826674e-06,4.0997157e-09,3.937187e-09
ISIC_0029809,1,0.00013199651,0.99984014,1.513037e-06,3.2616323e-09,2.6146641e-05,8.5600526e-08,2.5237721e-08
ISIC_0025618,1,1.6750395e-05,0.99986327,3.764472e-08,3.0561878e-07,0.000119281576,1.3119101e-09,3.3764067e-07
ISIC_0028538,1,0.52242225,0.47313544,2.6606506e-07,2.5662779e-08,0.0044156937,7.168677e-06,1.915233e-05
ISIC_0025726,1,0.9887516,0.011219495,4.4795936e-09,2.0658361e-07,2.8613513e-05,1.3100576e-08,4.6280806e-09
ISIC_0024319,1,0.01446781,0.984322,2.2946923e-08,1.5249299e-06,0.0012084671,6.7387638e-09,1.7005975e-07
ISIC_0026402,1,0.00013331146,0.9997193,1.6385632e-06,1.0704009e-07,0.00011721009,4.009616e-09,2.8430326e-05
ISIC_0031923,1,0.0013692845,0.99861217,1.0728378e-06,1.459399e-06,8.3464846e-07,1.5223741e-05,1.4538637e-09
ISIC_0028573,1,0.35285375,0.6471302,2.2163296e-07,8.667183e-07,1.4997224e-05,3.443139e-10,2.7604866e-08
ISIC_0027909,1,0.0836775,0.8903297,3.9288916e-06,5.4857946e-07,0.025893718,1.7986454e-06,9.283319e-05
ISIC_0024682,1,0.0010398909,0.997612,0.0010262621,6.438366e-08,0.00030229916,5.8341436e-07,1.8887644e-05
ISIC_0030504,1,0.7346694,0.2512828,4.5849006e-06,5.593761e-09,0.0010991612,0.012944061,3.121188e-08
ISIC_0027348,1,0.00030909805,0.8508479,9.2625294e-07,7.870541e-07,0.1488126,1.5561878e-05,1.3155328e-05
ISIC_0024361,1,0.06295377,0.9368623,0.00014397113,8.069886e-06,9.955888e-06,2.123303e-05,6.75941e-07
ISIC_0026886,1,1.0525357e-05,0.9999876,2.6630406e-07,3.3469213e-08,1.550537e-06,1.2182746e-09,4.6831314e-08
ISIC_0027942,1,0.00047665962,0.9995171,2.9264775e-06,1.7563378e-06,9.098718e-07,5.729245e-08,6.298988e-07
ISIC_0030773,1,0.0028668437,0.994632,3.412104e-06,4.1941107e-06,0.002491984,3.2307735e-08,1.637992e-06
ISIC_0028692,1,0.08126793,0.9183956,0.00028469306,6.119466e-07,4.8948314e-05,3.036999e-08,2.1966712e-06
ISIC_0032260,1,0.16400297,0.8359722,1.6911354e-06,1.2758478e-05,9.918381e-06,3.006229e-07,1.3458248e-07
ISIC_0029027,1,1.2103786e-05,0.99998724,3.3047315e-11,8.519427e-09,6.267757e-07,5.4731575e-09,2.4712039e-08
ISIC_0024975,1,0.11419681,0.8853599,6.434284e-05,6.610237e-06,2.9437558e-06,0.00036611463,3.1869015e-06
ISIC_0025782,1,0.06414258,0.93538785,2.1491136e-05,1.2362789e-06,7.279396e-07,0.00044347777,2.6826656e-06
ISIC_0025665,1,0.0086140195,0.9912374,4.1470237e-08,2.7033016e-07,0.0001482598,1.2739875e-09,1.3751679e-08
ISIC_0030597,1,0.00033334125,0.99966633,2.4325025e-10,2.7122464e-09,3.2250097e-07,4.9013942e-11,4.877371e-11
ISIC_0026692,1,0.021753462,0.9780381,6.938251e-09,7.41423e-08,0.00020832541,5.432623e-10,1.4242849e-09
ISIC_0029566,1,0.009988125,0.9891607,5.815052e-07,9.0088746e-05,0.00026981003,0.00047304956,1.7620052e-05
ISIC_0029188,1,6.5639574e-06,0.99983704,4.637643e-06,4.2656652e-07,0.00014369875,6.384077e-07,6.987469e-06
ISIC_0027800,1,1.629775e-06,0.99999213,7.512144e-08,2.7802773e-07,5.4582483e-06,5.0954228e-09,4.367254e-07
ISIC_0025078,1,5.2865176e-05,0.99975127,3.75518e-08,1.5108819e-05,0.00014332333,3.7210197e-05,1.9752709e-07
ISIC_0025516,1,0.00017197369,0.99908197,5.7371373e-08,4.1662624e-05,0.00068206125,2.2156986e-05,9.84907e-08
ISIC_0029835,1,0.0003895759,0.9964393,7.5791526e-08,2.0428288e-05,0.0030573457,9.2859926e-05,3.6009183e-07
ISIC_0028101,1,8.062067e-05,0.998901,6.224632e-09,2.553874e-06,0.001014358,1.3863062e-06,4.2873477e-08
ISIC_0031905,1,0.0017828239,0.9968832,1.7793307e-06,2.5606883e-07,0.0013234508,7.96584e-06,4.8785284e-07
ISIC_0030367,1,0.0015887448,0.99020714,1.7948346e-06,3.167588e-07,0.008189998,1.11893705e-05,7.8000164e-07
ISIC_0028944,1,0.93011236,0.04538713,8.587885e-09,2.1579783e-07,0.024499342,5.7788556e-09,8.718202e-07
ISIC_0027423,1,2.0495718e-06,0.97178936,4.0185594e-05,9.0972835e-06,0.0031924562,5.0658787e-06,0.024961768
ISIC_0030057,1,1.48478275e-05,0.99040246,4.3377335e-05,1.1338856e-05,0.008599433,4.092495e-05,0.0008876069
ISIC_0028737,1,1.5731823e-05,0.8708092,0.0016683124,6.188839e-05,0.12532741,3.2342745e-05,0.0020850177
ISIC_0032165,1,6.0217422e-05,0.9999385,1.124263e-06,1.337006e-07,1.0051802e-07,3.1002426e-08,4.968347e-09
ISIC_0024718,1,2.4809938e-06,0.9999975,3.503872e-09,2.0629656e-09,3.4365026e-08,2.5016233e-08,1.9153694e-09
ISIC_0024834,1,1.2314042e-05,0.9999877,3.8977133e-09,6.9249277e-09,4.9711795e-09,1.647209e-10,6.370881e-10
ISIC_0024587,1,0.001187162,0.9988098,7.408598e-07,5.1383847e-08,1.7390867e-06,1.9509164e-07,3.1823168e-07
ISIC_0029666,1,0.00037877366,0.9996208,5.8146572e-08,2.4608646e-08,2.4339573e-07,1.1765998e-07,2.4406756e-08
ISIC_0027698,1,0.0033191545,0.99666995,1.5356611e-06,8.0789096e-07,4.516952e-06,3.7233258e-06,3.0590797e-07
ISIC_0025412,1,0.0003794966,0.9996178,1.651057e-07,1.6411333e-08,2.4694314e-06,1.9278648e-08,1.7144027e-09
ISIC_0025785,1,0.00014294121,0.999811,3.4654673e-05,5.332232e-07,1.0622715e-05,2.2107128e-07,1.3222378e-07
ISIC_0028494,1,0.0003934175,0.9995881,1.3766773e-05,1.8647965e-07,4.4966723e-06,2.6792788e-08,1.673956e-08
ISIC_0030610,1,0.00153827,0.99844736,1.8681924e-07,3.9284073e-06,8.1276585e-07,8.901354e-06,4.933474e-07
ISIC_0024694,1,0.002615632,0.99734986,3.1555714e-07,1.650831e-05,9.0804446e-07,1.6290296e-05,5.143732e-07
ISIC_0024518,1,0.088896,0.8878133,0.02258692,0.0005619359,0.00013565087,4.23344e-06,1.8565127e-06
ISIC_0025047,1,0.016629789,0.98336226,1.4376022e-07,1.7836052e-07,3.5386685e-07,2.2011628e-07,7.027943e-06
ISIC_0027364,1,0.00037729272,0.99955946,4.515964e-06,4.710255e-05,3.5069484e-06,7.474764e-06,5.9285554e-07
ISIC_0025386,1,0.4376181,0.56233037,3.0948861e-09,2.0334376e-06,4.947082e-05,2.2038552e-10,2.9156189e-08
ISIC_0024870,1,0.035497762,0.96449184,9.339609e-11,2.9609631e-10,1.0400033e-05,1.68571e-10,1.0168134e-08
ISIC_0030127,1,0.0017584058,0.98031175,0.017884891,1.1535185e-06,2.3956194e-05,1.5244265e-05,4.690728e-06
ISIC_0025969,1,0.0008135411,0.9047501,1.5237434e-08,2.0750013e-09,0.09443541,3.2012222e-09,9.4108725e-07
ISIC_0026888,1,0.9975126,0.0024294474,1.4301212e-07,2.395143e-10,5.4826498e-05,3.4676728e-10,2.9420387e-06
ISIC_0026030,1,0.7088907,0.29110798,7.066553e-08,5.427565e-09,1.2578316e-06,1.5433791e-08,2.5033605e-08
ISIC_0027129,1,7.562407e-05,0.9998603,8.5770914e-08,6.5826424e-09,6.393395e-05,7.474803e-10,2.3790706e-08
ISIC_0031405,1,0.0006318049,0.05200413,1.8736038e-08,3.2758322e-08,3.128738e-06,0.94735825,2.6638402e-06
ISIC_0032184,1,1.675539e-05,0.88331985,1.1418139e-06,3.879011e-05,0.116254404,1.0664564e-05,0.00035846254
ISIC_0025149,1,0.00047889067,0.9981578,5.8133494e-08,3.1233636e-08,0.0001986238,0.001164597,3.251324e-08
ISIC_0025938,1,5.3505573e-06,0.99999106,3.9119943e-10,8.879656e-10,2.8601203e-06,7.667949e-07,2.3293172e-09
ISIC_0028216,1,0.9377701,0.03516886,0.017218484,0.0053388975,0.0044703344,3.287708e-06,3.003273e-05
ISIC_0030621,1,0.0087742405,0.9862933,1.3374127e-08,3.2120859e-06,0.00492763,1.1432659e-06,5.17196e-07
ISIC_0028825,1,6.0047256e-05,0.9924926,2.6409015e-09,1.2838478e-06,0.007429375,1.6572822e-05,9.990778e-08
ISIC_0031603,1,0.08061289,0.87716556,0.00015210068,0.022720914,0.019275157,4.915258e-06,6.852252e-05
ISIC_0029867,1,0.085558854,0.8023821,0.00068746763,0.108452216,0.0028387238,1.465312e-06,7.919766e-05
ISIC_0029589,1,0.048808873,0.9466053,1.3139523e-05,0.0021962253,0.0023561395,2.0477055e-06,1.8279236e-05
ISIC_0026454,1,1.584216e-05,0.98645,1.9595327e-06,1.3250095e-05,0.013515608,2.9785592e-06,3.421407e-07
ISIC_0026759,1,0.019627871,0.98030764,1.1639491e-07,1.9396184e-05,4.2685483e-06,3.6146615e-05,4.60846e-06
ISIC_0030967,1,0.0062871156,0.99365824,3.5516064e-07,1.076015e-07,5.311314e-05,9.440561e-07,1.3536186e-07
ISIC_0030675,1,0.0011468088,0.9932341,2.1629667e-06,2.2208995e-05,0.0055842255,3.4784107e-06,6.9837865e-06
ISIC_0030532,1,0.25061125,0.05121026,6.4585016e-05,2.5368676e-05,0.69506836,0.0030202223,5.2332595e-08
ISIC_0028304,1,0.6007854,0.39775816,3.6878305e-08,8.250118e-06,4.429486e-05,0.0014032626,6.684569e-07
ISIC_0026782,1,0.00027179025,0.99972516,9.828037e-09,1.529571e-08,5.106312e-08,2.8935535e-06,8.3506926e-08
ISIC_0029994,1,0.018287783,0.37185758,2.3727989e-07,0.00026254187,0.60958904,2.206222e-06,5.31329e-07
ISIC_0029926,1,0.5045141,0.49535784,5.4240027e-05,4.019219e-05,2.040216e-05,8.144315e-06,5.0410977e-06
ISIC_0031934,1,0.004529544,0.9953377,7.6904735e-06,1.3510738e-05,6.5367596e-05,4.5384426e-05,7.665033e-07
ISIC_0029693,1,0.051449984,0.94833463,7.6080745e-08,1.4692266e-08,0.00021358763,1.7403744e-06,2.6350385e-08
ISIC_0026599,1,0.06079128,0.0039373925,0.63085127,1.3486771e-06,0.30436698,1.4160479e-05,3.7517333e-05
ISIC_0027201,1,0.005382803,0.99395627,5.338914e-06,1.121536e-05,0.0005682576,2.0679869e-05,5.531149e-05
ISIC_0031302,1,0.007042558,0.99189633,6.5124905e-06,4.240722e-06,0.0010494406,3.8556536e-08,9.2957856e-07
ISIC_0029457,1,0.0002524224,0.9992526,0.00049098185,3.5422335e-07,3.5582734e-06,8.31277e-10,7.138642e-08
ISIC_0027237,1,0.00010611215,0.008243051,5.5870137e-06,1.4051725e-05,0.99161667,1.4221037e-05,3.0948706e-07
ISIC_0028679,1,0.039773878,0.96021473,2.3921376e-09,1.5597768e-09,2.7024846e-06,7.861286e-06,7.534655e-07
ISIC_0026739,1,1.6714027e-06,0.99929845,5.727683e-09,0.0001546112,0.000543961,5.8177953e-08,1.3163606e-06
ISIC_0025946,1,1.3660017e-05,1.3394098e-05,9.987313e-07,4.4871452e-08,0.9999714,4.207537e-07,1.2565968e-07
ISIC_0024899,1,3.6622516e-06,0.9999454,3.4037126e-09,3.397496e-07,4.993058e-05,1.9980448e-09,6.355626e-07
ISIC_0030121,1,0.002438701,0.9972761,5.3897236e-07,3.355472e-07,0.0002832572,9.039062e-07,6.404104e-08
ISIC_0029736,1,0.064427465,0.9355586,3.1951484e-07,1.1207682e-06,9.784799e-06,2.6477462e-06,1.0449417e-08
ISIC_0030816,1,0.0006733524,0.9992501,7.438015e-05,4.1055617e-09,2.1152225e-06,1.0932613e-09,1.07295515e-08
ISIC_0026404,1,3.05463e-05,1.1245461e-05,8.3991e-05,5.7876235e-08,0.9998741,2.7205035e-10,1.0285267e-08
ISIC_0028217,1,0.017343257,0.24138242,7.522886e-08,0.0007039399,0.7405688,1.543404e-06,1.6545323e-09
ISIC_0027114,1,0.4812842,0.51869875,1.0830763e-06,1.0112662e-07,4.967763e-07,1.50677515e-05,2.2553998e-07
ISIC_0032489,1,0.0485857,0.9499623,7.7975674e-05,0.0010303407,0.00034062113,1.3052411e-07,2.9530609e-06
ISIC_0026222,1,0.00023714954,0.9682541,1.2241363e-09,1.5228007e-08,0.031495646,1.2706901e-06,1.1845383e-05
ISIC_0030117,1,0.0009634283,0.9983802,5.882827e-08,4.663438e-06,0.0006496933,1.7371951e-06,2.3253546e-07
ISIC_0026654,1,0.109885946,0.76188,0.0002937963,0.0010726788,0.12685774,9.572638e-06,3.4080165e-07
ISIC_0026921,1,0.72010815,0.25276098,2.5475833e-06,5.243201e-05,0.027074981,5.654591e-07,3.9380205e-07
ISIC_0028357,1,1.1886132e-06,0.9790862,1.0009355e-10,1.0704356e-07,4.8414964e-05,0.020864075,6.682328e-09
ISIC_0029452,1,0.99200696,0.00054706965,1.8826666e-08,7.0716712e-09,0.0074459678,9.406934e-10,1.13706795e-08
ISIC_0026712,1,0.00032252492,0.999597,2.0198314e-07,4.2093106e-08,7.721031e-05,2.591773e-06,4.0331128e-07
ISIC_0029645,1,0.048085794,0.95176107,2.7557821e-08,2.5609725e-07,0.0001385828,1.422977e-05,1.1324521e-07
ISIC_0030416,1,0.00013409939,0.0329203,4.012481e-06,0.00027280903,0.9666559,3.715733e-08,1.2778542e-05
ISIC_0028744,1,0.33461177,0.6632454,1.6144551e-05,4.0634004e-06,0.0016805026,0.0004420029,1.9586972e-07
ISIC_0028529,1,1.111609e-06,0.9751889,8.716396e-05,0.0010478034,0.023666048,2.6321134e-06,6.3104035e-06
ISIC_0026588,1,0.00017228178,0.98076564,1.936386e-06,8.722336e-05,0.018970411,2.0986624e-06,4.3596887e-07
ISIC_0028631,1,0.00018988167,0.99912447,3.93115e-08,6.408498e-05,0.00062106,1.5760227e-07,3.5948375e-07
ISIC_0026601,1,0.29348338,0.62331325,0.00065303006,6.8969436e-10,0.04237871,0.040170714,9.410778e-07
ISIC_0024439,1,0.0062523982,0.9920546,7.239409e-05,0.0009003796,5.5796252e-05,0.00066425896,2.4131606e-07
ISIC_0025492,1,0.003031388,0.16313484,0.00047356111,0.0002711948,0.00020241935,0.8328836,3.0515362e-06
ISIC_0030006,1,3.31993e-05,0.9353891,1.7995384e-09,2.9909273e-08,0.06457663,8.9778965e-08,8.822753e-07
ISIC_0027917,1,3.41667e-05,0.9998472,1.1635003e-09,7.8650575e-10,1.1887384e-07,5.6828636e-11,0.000118569114
ISIC_0029881,1,0.78431976,0.19993028,1.293686e-09,5.070578e-07,0.015748547,8.760564e-07,1.135442e-08
ISIC_0031115,1,0.96081096,0.038758844,8.617791e-10,5.138075e-09,0.00042952521,6.535498e-07,4.5612336e-09
ISIC_0031919,1,7.532867e-05,0.0047884397,2.2794758e-08,1.0512528e-06,0.9951137,1.9508914e-05,2.0426037e-06
ISIC_0030209,1,0.0028366873,0.9962274,3.258647e-06,1.305001e-05,0.00091430335,5.2562236e-06,1.4819194e-07
ISIC_0028689,1,0.005607019,0.9934274,1.5132092e-09,3.1173124e-05,0.00083647104,9.698326e-05,9.4752903e-07
ISIC_0029975,1,7.456225e-05,0.9998746,1.0961596e-07,4.5747692e-07,5.0046892e-05,3.176752e-08,2.4802193e-07
ISIC_0031042,1,0.01143177,0.98846406,1.4289432e-07,1.4861671e-06,0.00010189574,2.9339521e-08,5.9282524e-07
ISIC_0029127,1,0.023327133,0.9758238,1.0884739e-06,1.4533429e-05,0.0008305168,1.9375818e-06,8.85411e-07
ISIC_0031708,1,0.02194541,0.9780452,1.4465277e-07,1.12088244e-07,4.4873497e-07,8.586943e-06,2.1001199e-09
ISIC_0024356,1,4.7247773e-05,0.99995124,3.936638e-09,2.3030523e-07,1.2592618e-06,1.0358986e-12,2.7392728e-09
ISIC_0028307,1,0.0014367368,0.9985631,2.0095259e-08,4.692355e-08,1.16033064e-07,2.3479288e-10,4.340597e-08
ISIC_0026560,1,6.018693e-05,0.99985254,2.8689692e-07,8.349221e-07,8.329363e-05,1.2230608e-07,2.7477815e-06
ISIC_0025051,1,2.088282e-05,0.9994499,4.52789e-09,9.67205e-06,0.0005149888,4.480515e-07,4.050452e-06
ISIC_0026610,1,0.0247011,0.714973,0.00017039044,1.5555494e-05,0.26013055,3.99686e-06,5.352768e-06
ISIC_0032145,1,0.3335457,0.6662414,1.1676038e-06,9.654188e-06,0.00017070927,2.9748937e-05,1.572088e-06
ISIC_0030973,1,6.974751e-08,0.9998759,3.2534042e-09,3.0023003e-07,0.00012360237,3.7136072e-08,7.8360024e-08
ISIC_0030444,1,5.938631e-07,0.9992312,5.0820086e-09,1.2556483e-06,0.00076611916,2.149786e-07,4.77758e-07
ISIC_0028476,1,0.002374659,0.996983,1.1682184e-06,1.3276329e-07,0.0006367132,3.663243e-08,4.367152e-06
ISIC_0031832,1,0.00035176252,0.93071014,4.7526064e-06,0.06808984,0.0008420394,8.054647e-07,6.8641765e-07
ISIC_0027051,1,0.001679727,0.9838177,0.0004846135,8.224471e-05,0.013930201,4.1095964e-06,1.4461539e-06
ISIC_0030340,1,0.012691063,0.98721236,4.0139137e-05,2.9237957e-05,2.1507769e-05,5.4730617e-06,2.6216082e-07
ISIC_0028580,1,0.0026361821,0.99332243,1.884763e-09,5.2194116e-07,0.0040387763,2.5282315e-10,2.153758e-06
ISIC_0025798,1,0.07294373,0.9265066,5.7423337e-11,1.1993914e-07,0.00054948137,1.1313053e-09,1.5758216e-07
ISIC_0026922,1,0.0006886414,0.9975948,5.5071315e-08,2.6521755e-05,0.0016861936,4.0912255e-08,3.7958912e-06
ISIC_0026786,1,5.8472676e-07,0.005472663,0.00023960222,0.011418993,0.9828681,1.4012973e-08,1.6563688e-07
ISIC_0028578,1,5.4770342e-05,0.5809693,0.00079130114,0.018998481,0.39901072,6.6665e-07,0.00017475737
ISIC_0024809,1,0.00016365574,0.19298172,0.14108044,0.0118050305,0.65363777,6.525427e-05,0.00026619135
ISIC_0027461,1,0.0010757912,0.9988393,4.4542205e-09,5.6467975e-08,7.7974175e-05,2.02147e-08,6.912125e-06
ISIC_0025310,1,0.0066425013,0.923535,6.2480167e-06,6.361249e-08,0.069806375,6.9513995e-08,9.6263275e-06
ISIC_0026752,1,0.00010078118,0.9841037,7.2561304e-09,6.7251462e-06,0.015770184,1.5095984e-06,1.7130993e-05
ISIC_0026076,1,0.0074465396,0.9925411,1.9626857e-08,1.1567566e-07,2.4056756e-06,9.681429e-06,1.2418475e-07
ISIC_0030732,1,6.780273e-05,0.94601315,4.3868677e-05,3.3490187e-07,0.053851955,5.071733e-07,2.2403363e-05
ISIC_0030802,1,0.1751465,0.8245207,1.4756409e-06,1.8265098e-05,0.00030923964,3.3216552e-06,4.4226098e-07
ISIC_0025169,1,0.0851335,0.814686,2.3284201e-07,1.0059312e-05,0.100168,2.0190819e-06,1.9688791e-07
ISIC_0028179,1,0.27189717,0.00017186369,0.00060488493,0.00017090152,0.7269115,8.3773294e-08,0.00024353138
ISIC_0032405,1,0.0044498974,0.99551153,1.2286097e-05,1.5377596e-09,2.618241e-05,2.3609368e-09,8.2712674e-08
ISIC_0031933,1,0.0004909248,0.99950016,3.0678336e-07,7.6755e-09,8.42462e-06,1.9792752e-09,1.7095303e-07
ISIC_0025542,1,3.7164343e-06,0.40669942,0.59313774,1.7944521e-05,0.0001050324,2.2100236e-05,1.3997162e-05
ISIC_0028183,1,2.6725768e-06,0.9976088,4.3836838e-08,5.4715162e-08,0.0023880866,1.0569702e-07,2.818313e-07
ISIC_0026108,1,0.0031910427,0.99619764,0.0005782975,7.768707e-07,3.17047e-05,3.6369485e-07,1.205979e-07
ISIC_0031754,1,0.010259597,0.9897395,1.2269329e-10,5.160236e-09,9.6138e-07,6.149965e-10,5.6490315e-09
ISIC_0029803,1,0.00016899651,0.9998305,2.359965e-11,4.230133e-09,4.3502672e-07,1.0823508e-09,5.00877e-09
ISIC_0027091,1,0.0318448,0.9679059,4.6897014e-08,4.024536e-05,0.0002083819,8.891527e-09,5.945996e-07
ISIC_0028091,1,0.02640826,0.9733289,7.208017e-09,1.0129047e-05,0.0002518294,4.370024e-07,4.6795475e-07
ISIC_0028023,1,0.19620253,0.10252978,0.0036559922,0.6956216,0.0018021382,3.253802e-05,0.00015537268
ISIC_0031644,1,0.028353877,0.9606965,9.330112e-08,4.0435313e-07,0.010942752,1.2387959e-07,6.1760747e-06
ISIC_0027036,1,0.00024569922,0.8594131,9.781524e-08,3.2281724e-07,0.1403348,2.3427974e-06,3.6863812e-06
ISIC_0028139,1,0.09195785,0.9033482,0.002301118,0.0019374824,0.00042872076,7.705916e-06,1.8884186e-05
ISIC_0029479,1,0.4617001,0.07148674,0.00023485826,0.20284358,0.26372555,8.446357e-06,7.179835e-07
ISIC_0032278,1,0.0011061674,0.14823608,0.025358874,0.045539793,0.77973735,2.1247399e-05,5.9171873e-07
ISIC_0027255,1,0.00046217683,0.9932694,4.5294993e-07,0.000393721,0.0058724014,8.764809e-07,9.899528e-07
ISIC_0028588,1,6.0857798e-05,0.31061804,0.6421897,9.254142e-06,0.04649654,7.586735e-07,0.0006248587
ISIC_0027109,1,9.201595e-06,0.9924238,0.00046944924,2.7978328e-06,0.00688649,2.7182166e-05,0.00018101106
ISIC_0029095,1,1.8560102e-06,0.8320192,0.16796969,2.9632932e-07,6.815769e-06,7.720815e-07,1.3625418e-06
ISIC_0030620,1,0.00089876883,0.99824226,1.6140575e-08,2.5564088e-06,0.0008507539,5.7286265e-06,1.8495626e-08
ISIC_0028987,1,0.01571116,0.054463312,7.867008e-09,2.041086e-06,0.9281492,0.0016736848,6.891488e-07
ISIC_0024882,1,0.0019698143,0.9059944,0.011502685,0.0001389335,0.08038191,9.002114e-06,3.270879e-06
ISIC_0025667,1,0.17674932,0.82106555,4.8465245e-06,0.0017436114,8.0305654e-05,0.00035569206,7.271857e-07
ISIC_0028982,1,0.0030137887,0.9969772,1.4843478e-07,1.2718162e-07,8.702952e-06,5.3453395e-08,2.516752e-08
ISIC_0027137,1,0.054806925,0.9437184,2.0094001e-08,5.2828074e-08,0.0014741978,4.4139531e-07,7.1254235e-08
ISIC_0026956,1,0.0001520347,0.030608404,0.9537218,8.650854e-05,0.015429566,4.9463944e-07,1.2951405e-06
ISIC_0031982,1,0.04506272,0.75223243,0.19280973,4.1590414e-07,0.009893752,3.9798036e-07,5.488872e-07
ISIC_0029833,1,0.0011190359,0.9022863,0.00096300594,8.8193636e-05,0.09552923,3.0420998e-07,1.3937966e-05
ISIC_0031806,1,7.3449766e-05,0.6996759,0.30010608,2.045514e-06,0.00014187602,1.1243517e-07,5.057105e-07
ISIC_0031991,1,0.00020485703,0.91212535,0.0002112253,0.0056987396,0.072958164,0.00879779,3.924736e-06
ISIC_0027840,1,0.11840071,0.45094395,0.00013322003,0.06893549,0.20127799,0.16029538,1.32262185e-05
ISIC_0024933,1,0.0028425877,0.99411845,9.55722e-06,2.508045e-06,0.0030104194,1.6037679e-05,5.4470325e-07
ISIC_0028128,1,5.4111442e-05,0.0016696517,0.7633325,3.7240877e-06,0.23492302,2.500338e-07,1.6703198e-05
ISIC_0029221,1,0.14746094,0.7190892,3.7987112e-07,6.619476e-05,0.13337082,3.2191979e-06,9.194374e-06
ISIC_0028261,1,0.3513785,0.0016515529,7.2881807e-07,1.5406172e-06,0.64696383,3.6216609e-06,2.6458318e-07
ISIC_0026179,1,0.95042557,0.04957347,3.5342165e-08,5.6725656e-07,4.311248e-07,6.0529084e-09,1.7225283e-08
ISIC_0032340,1,5.7861078e-05,0.99993014,8.68734e-06,2.3295952e-07,2.879201e-06,9.9964765e-09,2.207405e-07
ISIC_0024620,1,2.312432e-05,0.98639256,2.6279617e-05,7.342794e-06,0.013550203,3.1351985e-07,1.7387977e-07
ISIC_0026217,1,0.052305084,0.94734454,0.00019125224,5.444168e-09,0.00015906164,1.41626915e-08,1.7971333e-08
ISIC_0026048,1,0.085188426,0.8868008,4.010038e-08,1.0239963e-05,0.027880305,0.00011881403,1.3668018e-06
ISIC_0031930,1,0.0020945054,0.049146537,2.3950939e-08,5.790349e-07,0.9487551,3.0904032e-06,1.5153493e-07
ISIC_0027997,1,1.9630227e-07,0.0017684349,0.99812585,1.9965558e-09,0.00010510485,2.2945057e-08,3.2900036e-07
ISIC_0027578,1,0.0010800824,0.001964588,1.13583365e-08,3.950189e-07,0.9969549,7.149012e-08,9.516632e-10
ISIC_0028571,1,0.20824996,0.63868433,0.00040520093,2.4831439e-05,0.15263452,1.0214072e-06,1.5447243e-07
ISIC_0031573,1,0.9545093,0.044139683,0.00044702832,2.3161116e-08,0.00090240256,3.9583023e-07,1.1122952e-06
ISIC_0029476,1,0.0035172713,0.9436259,0.032286294,0.000439765,0.020122683,5.6941412e-06,2.3797274e-06
ISIC_0029812,1,0.20727533,0.79158,1.1347485e-05,3.212643e-05,0.0010954756,9.6138855e-08,5.631391e-06
ISIC_0026347,1,0.35442284,0.63933176,2.7659062e-05,0.0023436004,0.0038706788,3.2930334e-08,3.5166897e-06
ISIC_0028468,1,0.00020618277,0.9910493,1.7960991e-06,0.00012379068,0.0084450375,0.00015866732,1.5248668e-05
ISIC_0028504,1,2.824136e-05,0.99992454,3.1342427e-07,5.6895027e-07,4.081532e-05,3.0086906e-06,2.529429e-06
ISIC_0029862,1,0.00013120557,0.99812716,4.0181902e-07,4.0643303e-05,0.0015833126,0.000101507976,1.5764808e-05
ISIC_0028947,1,2.5788142e-05,0.9985875,2.3661398e-10,6.2949664e-07,0.0013823606,1.4980095e-06,2.2008146e-06
ISIC_0031965,1,1.9886978e-05,0.940833,1.3978092e-06,2.124776e-06,0.059094306,3.901833e-05,1.0288763e-05
ISIC_0025148,1,0.00013280405,0.99914,5.447513e-07,1.4764578e-05,0.0007108394,7.427399e-09,1.0112694e-06
ISIC_0024716,1,0.0039533484,0.9960408,2.3324721e-06,5.845871e-08,3.2675334e-06,7.409237e-08,5.1200267e-08
ISIC_0027512,1,0.0014038524,0.99289167,0.00013767053,1.4796875e-06,0.0055649346,2.4453632e-07,8.321231e-08
ISIC_0024995,1,4.941311e-06,0.3610629,3.4779532e-08,7.949222e-07,0.6389288,1.2002046e-07,2.4889662e-06
ISIC_0028009,1,0.0044857133,0.9954999,1.1863555e-07,4.028976e-06,8.280675e-06,1.2431252e-07,1.8429328e-06
ISIC_0028884,1,0.059326053,0.93570006,0.00064872415,2.3560996e-07,0.003461207,3.135935e-06,0.0008605808
ISIC_0028785,1,0.033070244,0.96689314,4.4363352e-07,1.3230803e-06,1.1661548e-05,6.9189646e-06,1.6327354e-05
ISIC_0025141,1,0.0012425082,0.99874395,1.0678558e-08,2.2764035e-09,6.047337e-07,7.220484e-06,5.698325e-06
ISIC_0026660,1,0.0072914273,0.9925783,7.476167e-06,8.184609e-06,4.0593197e-05,3.286005e-05,4.1117e-05
ISIC_0027549,1,1.29997e-05,0.9922031,2.1083808e-08,3.274376e-07,0.00777895,3.9060345e-07,4.213769e-06
ISIC_0025581,1,2.1332223e-06,0.9995726,1.05250415e-07,5.3409195e-07,0.0004117896,9.863256e-07,1.1945877e-05
ISIC_0026451,1,7.552123e-05,0.99982435,3.5027057e-08,4.0258823e-07,9.817134e-05,1.2530735e-07,1.5382677e-06
ISIC_0032385,1,1.031462e-05,0.9999844,1.12576146e-07,8.1207395e-07,2.3935384e-06,6.383882e-08,1.8360138e-06
ISIC_0025065,1,0.00011325631,0.9997992,1.791787e-07,3.5063746e-08,8.0812686e-05,1.0203158e-06,5.4861666e-06
ISIC_0027319,1,0.00012258085,0.9998473,1.691134e-07,1.9443876e-08,2.4115927e-05,1.6423117e-08,5.859723e-06
ISIC_0031829,1,0.010227341,0.9879167,1.1211211e-07,0.000260125,0.001500246,1.0223659e-05,8.520273e-05
ISIC_0027729,1,0.55665284,0.3419416,8.7100664e-09,6.8806366e-07,0.1014034,1.3056258e-06,1.7141673e-07
ISIC_0028586,1,0.8100042,0.18246536,8.6757575e-07,2.6126523e-07,0.007529263,8.408764e-08,3.69235e-08
ISIC_0030182,1,0.7490218,0.04643596,4.623066e-06,8.053099e-07,0.20453629,4.5166897e-07,1.9428402e-08
ISIC_0027133,1,0.66089517,0.33888933,0.00013546598,6.1186106e-06,5.2566575e-05,2.5830584e-06,1.8780747e-05
ISIC_0028756,1,0.0011067407,0.99881727,3.4300975e-08,1.133765e-09,6.806821e-05,7.785806e-06,1.1540941e-07
ISIC_0030977,1,8.449588e-05,0.7982268,3.5977987e-06,6.934849e-07,0.20167105,4.467577e-06,9.007711e-06
ISIC_0024762,1,0.00014788152,0.98745304,3.7314785e-05,8.859712e-09,0.008431071,0.0039283726,2.4135688e-06
ISIC_0029794,1,4.186173e-06,0.008773429,0.97662693,4.470613e-06,0.013903746,0.00067943503,7.820971e-06
ISIC_0024821,1,0.002965243,0.98433,0.011329126,1.1488051e-07,0.0013728652,2.3043144e-06,3.3273622e-07
ISIC_0027266,1,0.0063920207,0.887589,6.2591845e-08,0.00068951707,0.048830304,0.05648964,9.38876e-06
ISIC_0025271,1,0.09758997,0.8950181,7.402484e-06,0.00027858582,0.0068766,0.00022785422,1.450768e-06
ISIC_0027867,1,0.021319153,0.9482397,6.498015e-07,5.0567202e-08,0.008418433,0.021974372,4.7712045e-05
ISIC_0025168,1,0.0007662537,0.9991327,2.593476e-06,1.6946193e-06,6.0905266e-05,3.5653953e-05,3.1855868e-07
ISIC_0024617,1,8.975363e-06,0.99984527,3.6478026e-10,1.8016014e-08,0.00014562873,4.660641e-09,9.7988234e-08
ISIC_0029920,1,4.6765526e-06,0.99997985,2.0043566e-07,2.9525264e-08,9.665797e-06,9.802573e-08,5.5280902e-06
ISIC_0031188,1,5.994934e-06,0.9999938,3.1784606e-10,9.744527e-12,1.8570616e-07,1.2011462e-12,5.745657e-09
ISIC_0028720,1,0.09785575,0.9021202,9.379648e-06,3.3216332e-09,1.434605e-05,1.8491924e-07,1.4319764e-07
ISIC_0026318,1,0.0061862906,0.9938023,6.712608e-10,2.0064988e-11,1.1320838e-05,8.9833363e-10,5.8435237e-08
ISIC_0030567,1,2.0057778e-06,0.9706943,0.021368628,8.650151e-08,0.007868301,3.3547667e-07,6.632931e-05
ISIC_0025729,1,0.00020342061,0.9853436,0.003673027,2.0732216e-06,0.010699648,3.0796355e-07,7.7849756e-05
ISIC_0025865,1,0.0011911655,0.98024344,0.012973416,2.9310675e-07,0.0003475611,0.0052416036,2.459945e-06
ISIC_0024935,1,0.13303131,0.7094391,0.068529084,0.001186316,0.06836371,0.01929902,0.00015145325
ISIC_0029091,1,0.00043214837,0.99936193,6.959751e-05,7.9971505e-07,1.093872e-05,0.0001244821,3.266123e-08
ISIC_0032026,1,0.003004579,0.9969951,2.0088451e-07,4.647453e-09,1.0391501e-07,3.3656296e-09,2.5939118e-08
ISIC_0031985,1,1.3804773e-05,0.9998648,1.3849527e-07,3.6344374e-09,0.00010655946,9.850192e-06,4.756682e-06
ISIC_0030890,1,0.023225082,0.9760935,0.00012182552,2.9677636e-05,0.000109736124,6.013818e-05,0.00036008295
ISIC_0025670,1,8.903445e-08,0.99995327,1.6359326e-08,3.235968e-09,4.664009e-05,4.7816064e-11,1.4870781e-08
ISIC_0025898,1,1.1671228e-06,0.99944204,1.9823988e-08,8.7248715e-09,0.0005459537,2.8422428e-06,7.941644e-06
ISIC_0024734,1,4.4054377e-05,0.99993,4.240831e-09,1.5814362e-06,2.3225322e-05,8.71909e-07,2.9539837e-07
ISIC_0027012,1,0.00048573164,0.99936694,4.5978345e-07,6.244533e-05,2.3418593e-06,2.0120522e-05,6.195654e-05
ISIC_0029592,1,1.52538305e-05,0.9655874,7.927675e-05,2.8702989e-09,0.023426032,0.0108887255,3.3094539e-06
ISIC_0026037,1,9.0563526e-07,0.00077585306,5.89883e-06,4.0547015e-08,0.9991875,2.7138838e-05,2.597512e-06
ISIC_0030299,1,0.02306076,0.97693515,8.271021e-08,9.514767e-08,2.9833575e-06,4.059237e-07,5.3434457e-07
ISIC_0028866,1,0.00050402543,0.99949586,9.424784e-11,4.589923e-09,1.0048598e-07,1.6631393e-10,5.8096816e-09
ISIC_0032020,1,0.14161277,0.8575969,3.1188843e-06,6.6787345e-07,0.0007769888,1.692041e-06,7.824665e-06
ISIC_0024745,1,0.020450523,0.9794221,1.1903397e-07,8.233999e-08,0.00012681639,2.539493e-07,1.5721284e-07
ISIC_0029970,1,6.726016e-07,0.9995745,4.802853e-07,2.007978e-07,0.00037904648,5.0447717e-08,4.511368e-05
ISIC_0025101,1,3.5611934e-05,0.99963725,1.2032521e-05,1.2473253e-05,0.00029435995,4.975189e-07,7.798063e-06
ISIC_0030358,1,0.6263838,0.30605733,3.2858352e-05,0.0003629626,0.06712986,2.6524676e-05,6.6970165e-06
ISIC_0028632,1,0.003180366,0.028094422,9.538986e-06,0.0016894317,0.9663426,0.00068153115,2.0945863e-06
ISIC_0029537,1,0.00016505715,0.9990308,1.2234392e-06,9.779565e-05,0.00069994957,1.6256839e-06,3.551738e-06
ISIC_0032589,1,0.00014381028,0.66314405,4.5889475e-08,0.00031859335,0.33639276,5.145598e-07,1.3380267e-07
ISIC_0032939,1,3.2199245e-05,0.9999478,1.1016293e-10,1.7168504e-09,2.0016087e-05,2.4817173e-10,8.4462104e-11
ISIC_0033381,1,0.13943236,0.85880727,1.3909565e-06,0.0008591575,0.00086193054,1.1517196e-07,3.7827413e-05
ISIC_0033474,1,0.9831496,0.016639708,3.6192094e-07,1.8810956e-06,0.00020848238,5.360224e-10,2.4484347e-08
ISIC_0033484,1,0.048169456,0.46479794,0.00031285733,8.96745e-05,0.48038507,0.0062274947,1.7513723e-05
ISIC_0033540,1,0.012828333,0.01589509,5.0679537e-06,2.9372382e-06,0.00022338703,0.97104484,2.8837073e-07
ISIC_0034279,1,0.08406408,0.23515703,3.843386e-05,1.8143844e-05,0.005228802,0.67536825,0.00012531389
ISIC_0034053,1,5.2842868e-05,0.9999453,6.2397496e-09,2.622401e-07,1.6438894e-06,9.945697e-09,3.6621216e-08
ISIC_0033572,1,0.06760227,0.6541457,0.00045783835,0.000108481894,0.27767304,9.705288e-07,1.1759746e-05
ISIC_0033596,1,0.17794776,0.4494361,0.00016098216,0.00011623292,0.37233526,8.8752046e-07,2.7892906e-06
ISIC_0033132,1,0.59397554,0.3982374,1.4814843e-07,1.6455154e-07,0.007785533,1.8484872e-07,9.866513e-07
ISIC_0033821,1,0.14010008,0.61178905,9.90176e-08,1.5663783e-06,0.24810043,8.547166e-06,2.42019e-07
ISIC_0033082,1,0.009574552,0.9903743,1.990639e-05,3.0535123e-08,3.006386e-05,1.2366957e-06,8.139201e-09
ISIC_0034098,1,0.007664936,0.9904731,0.00018398873,3.6028223e-06,0.0016493894,2.456936e-05,3.9229687e-07
ISIC_0032580,1,7.044938e-05,0.99990976,1.8024662e-07,9.4014365e-07,1.6764388e-05,1.8667716e-06,1.9317742e-08
ISIC_0033692,1,0.00027056292,0.9997063,3.57958e-08,2.3894565e-06,2.0553929e-05,1.6082255e-07,2.7348396e-08
ISIC_0033766,1,0.22267252,0.6457647,6.168411e-08,6.7853234e-06,0.13151668,2.0975465e-07,3.9043265e-05
ISIC_0033008,1,0.00027298552,0.4126909,1.2641997e-08,2.2280703e-05,0.58701116,7.2369836e-08,2.5673062e-06
ISIC_0033543,1,5.9578142e-05,0.99991524,4.9256048e-08,2.1591635e-08,2.4739584e-05,2.9501881e-10,3.7022025e-07
ISIC_0034185,1,0.00010053631,0.9998977,3.470915e-07,1.2907708e-07,1.0190967e-06,2.1419974e-07,5.1653362e-08
ISIC_0033842,1,0.0048240274,0.99502546,2.2418138e-09,1.2996104e-08,0.00014039254,5.1644344e-10,1.0090955e-05
ISIC_0032923,1,2.5890101e-06,0.9990277,3.070699e-06,2.426328e-08,0.0008829527,5.27646e-08,8.3658684e-05
ISIC_0032678,1,1.6878465e-06,0.9999943,5.863544e-09,1.9908851e-08,3.7435518e-06,2.2786168e-07,7.498986e-09
ISIC_0033896,1,0.015846627,0.9840095,2.4984246e-07,1.8187193e-07,8.7902205e-05,5.5320077e-05,8.236337e-08
ISIC_0034193,1,3.3761845e-07,0.99945146,1.0042227e-08,4.0211336e-08,0.0005476497,1.9878176e-07,2.5300687e-07
ISIC_0032900,1,8.00319e-07,0.99999833,3.360797e-10,1.7587205e-08,3.9168785e-07,8.621196e-09,4.3404876e-07
ISIC_0033173,1,1.044901e-06,0.9999083,4.261157e-08,2.1775374e-07,8.9505455e-05,4.5108454e-08,8.034564e-07
ISIC_0033290,1,0.00014668558,0.99814475,1.8238207e-08,1.7277118e-05,0.0016861404,7.569233e-07,4.495651e-06
ISIC_0034177,1,7.746558e-06,0.9993793,2.4677789e-09,1.1760883e-08,0.00060763693,4.3668824e-06,8.637382e-07
ISIC_0032635,1,1.3916798e-06,0.99998343,1.132763e-10,1.7013945e-09,1.5205529e-05,1.3734057e-08,5.191051e-09
ISIC_0034248,1,0.002838302,0.7028776,6.2670006e-05,2.6680766e-05,0.2941788,5.7911457e-06,1.0164902e-05
ISIC_0033797,1,0.00012287732,0.99987686,8.0179724e-10,3.081247e-08,1.8991423e-07,1.7152045e-08,5.204933e-09
ISIC_0033072,1,0.041160956,0.95690125,5.293713e-08,3.1683722e-08,0.0019214383,9.06854e-09,1.632855e-05
ISIC_0032956,1,0.19000466,0.8099937,4.2175596e-09,8.068341e-07,8.6672185e-07,8.277876e-09,2.3375524e-08
ISIC_0033877,1,9.613233e-07,0.99990046,2.9064903e-10,5.316666e-08,9.7595366e-05,4.2590779e-07,4.4598542e-07
ISIC_0033882,1,0.00014798659,0.97038573,0.00015668065,0.0017482882,0.027561111,3.2448852e-08,2.2634087e-07
ISIC_0033751,1,0.28989515,0.691998,2.203438e-05,2.5489224e-05,0.017860044,0.0001439988,5.527579e-05
ISIC_0033733,1,0.0018391678,0.9980495,9.18067e-09,4.1641246e-07,2.2842232e-05,8.794057e-05,2.5347205e-07
ISIC_0034154,1,0.000860623,0.99908316,1.5125988e-07,5.2097266e-07,5.507777e-05,1.1656099e-07,4.253698e-07
ISIC_0033782,1,0.0003277876,0.9996462,1.2126875e-05,1.1223159e-06,3.3757622e-06,6.915196e-06,2.5549994e-06
ISIC_0032945,1,8.015847e-07,0.9999794,6.974076e-08,5.967281e-08,1.9267249e-05,1.3641522e-09,3.6580283e-07
ISIC_0033028,1,9.466243e-05,0.9995333,6.530691e-08,3.8424898e-07,0.0003627906,3.419761e-06,5.4421757e-06
ISIC_0033187,1,0.002765792,0.99722135,4.124654e-09,2.57771e-06,7.767949e-06,4.683852e-08,2.4934989e-06
ISIC_0034195,1,0.0070169396,0.9929645,2.5320164e-09,2.242097e-08,5.2434766e-06,1.0730399e-05,2.5419863e-06
ISIC_0025816,1,6.6079316e-05,0.9999151,1.6080767e-05,4.8785925e-08,1.4239523e-06,8.1795736e-07,4.0064836e-07
ISIC_0024955,1,0.018180147,0.9818029,4.0558263e-09,3.5731404e-10,1.6756027e-05,2.468814e-10,2.791205e-07
ISIC_0030038,1,0.0028955103,0.99708897,4.3041385e-07,1.3969573e-07,1.2853098e-05,4.3622017e-09,2.0855448e-06
ISIC_0031791,1,0.00010036132,0.9997693,3.364743e-07,2.7426962e-08,0.00012790633,1.2994613e-07,2.0362386e-06
ISIC_0028338,1,1.2053473e-05,0.99406284,8.527273e-09,1.5409026e-09,0.005922916,2.6423845e-07,1.9351642e-06
ISIC_0028618,1,0.009677474,0.9539168,0.0006073319,0.000983845,0.003043541,0.031752244,1.8702653e-05
ISIC_0031488,1,0.0042399494,0.98786664,1.6439997e-05,3.892247e-05,0.0014115297,0.006425884,5.4446696e-07
ISIC_0028399,1,0.002011917,0.99337775,7.5529606e-05,0.000112327754,0.0029182502,0.0015023913,1.7555396e-06
ISIC_0026326,1,8.892118e-07,0.8767293,0.09689499,1.2430087e-05,6.137396e-05,1.935528e-07,0.026300823
ISIC_0031929,3,0.014316831,0.032416746,0.00026620162,0.000513819,0.95242643,3.800977e-06,5.6208803e-05
ISIC_0031198,3,3.3715587e-08,2.9706862e-10,1.8769954e-08,0.9999995,4.120244e-07,9.005785e-09,1.0021985e-09
ISIC_0031191,3,0.001686474,7.4214045e-06,2.7915206e-07,6.877601e-06,0.9969584,0.0012590883,8.1496255e-05
ISIC_0027084,3,1.4240994e-08,1.3761961e-07,0.34583256,0.65265983,0.0015058016,1.6732374e-06,1.7860021e-09
ISIC_0028231,3,0.6916236,0.0047131265,5.7712903e-05,1.5633248e-05,0.3035828,2.2245117e-06,4.9742357e-06
ISIC_0031874,3,4.606281e-07,3.1349515e-08,1.3454014e-13,0.9999995,1.0862552e-08,2.375169e-10,1.3395948e-08
ISIC_0032437,3,0.00012659808,0.00041570247,0.0053434987,0.99407417,3.8627946e-05,1.3821028e-06,1.0414328e-08
ISIC_0025130,3,2.3610795e-05,8.136011e-06,1.0227428e-05,0.93148494,0.068412125,6.0928094e-05,1.0177304e-08
ISIC_0029067,3,9.892179e-05,7.693654e-05,0.005195704,0.0003855151,0.99421257,2.892112e-05,1.4073423e-06
ISIC_0026927,3,0.0032291813,5.4848795e-05,0.36130044,0.51214254,0.12304855,7.210319e-06,0.00021721491
ISIC_0030794,3,0.0032898085,0.00018521381,0.008476925,0.05620806,0.65062314,0.2768176,0.00439922
ISIC_0031738,3,0.9998325,2.6775424e-05,3.552792e-06,7.4964832e-06,0.0001272626,6.410669e-08,2.2635186e-06
ISIC_0029930,3,1.7002615e-06,6.9860357e-07,2.1770848e-08,0.9963336,0.0036627837,5.5175616e-07,5.500471e-07
ISIC_0027678,3,0.0075832023,0.001460941,0.0006550447,0.37155703,0.6184177,0.00020849075,0.000117609816
ISIC_0029582,3,1.4250651e-05,0.0012839268,0.010540863,0.49241728,0.46000516,0.035590395,0.00014807715
ISIC_0031852,3,0.00014357964,0.01985411,0.00012888291,5.0418626e-06,0.9798671,1.0157869e-06,3.4165652e-07
ISIC_0026992,3,0.6253244,0.00066659803,0.00056361215,0.016554689,0.3568536,3.671664e-05,2.9713598e-07
ISIC_0029563,3,0.78151923,2.0904716e-05,0.21546164,0.0023178703,0.00060110004,7.553434e-05,3.6055183e-06
ISIC_0029715,3,0.8838109,0.040441677,0.00021252736,0.07529807,1.848502e-05,5.5228107e-08,0.00021830531
ISIC_0027303,3,0.79828185,0.19281785,0.0040161666,0.00369803,0.0011731951,1.7678632e-07,1.2795281e-05
ISIC_0029315,3,0.00083755,5.993437e-05,0.8537244,0.006294284,0.1390655,5.8392784e-06,1.2487041e-05
ISIC_0029811,3,6.6212546e-05,3.3410808e-05,1.1517949e-05,0.9900949,0.009719235,7.3485106e-05,1.1974802e-06
ISIC_0030375,3,0.00027091507,0.005973473,0.00044008764,0.13956897,0.8537235,2.8896557e-07,2.2806018e-05
ISIC_0030707,3,0.015017893,0.01715995,0.89059407,0.055117607,0.018346313,0.0032614297,0.0005028436
ISIC_0031211,3,0.007927056,0.0033426934,4.9068495e-07,0.9134521,0.07527415,3.1655497e-06,4.2253157e-07
ISIC_0028659,3,8.441955e-09,1.4593028e-06,0.00014345316,0.9997727,8.235034e-05,3.4336585e-09,7.534428e-08
ISIC_0024418,3,0.016721003,0.98318523,5.9881946e-05,8.431112e-06,1.9624023e-05,4.40738e-08,5.854392e-06
ISIC_0027343,3,0.019484786,0.9798716,2.4981158e-05,4.311196e-06,0.0006133792,5.222702e-07,4.6217212e-07
ISIC_0026203,3,0.08576164,0.88522786,3.3502936e-06,0.026391273,0.002276651,0.00033597328,3.2323114e-06
ISIC_0029610,3,0.023512818,0.006114502,0.00027829604,0.00023575607,0.9698359,2.1310987e-05,1.4919559e-06
ISIC_0030143,3,6.16694e-08,1.0668685e-05,7.041863e-07,0.99692494,0.0029351888,0.00012841092,5.2183537e-08
ISIC_0026100,3,1.9667507e-06,0.006914366,0.011880538,0.0015457851,0.97946656,0.0001729962,1.7752996e-05
ISIC_0029567,3,2.7402002e-06,0.0052993796,0.81978273,0.006183231,0.16869372,1.4387571e-05,2.3763028e-05
ISIC_0029851,3,0.6215246,8.6511616e-05,0.0026915336,0.37560913,6.146797e-05,2.5421712e-05,1.2964101e-06
ISIC_0029279,3,0.3461288,2.1085114e-06,0.0010714845,0.64914626,0.0036507337,6.660242e-07,1.3462437e-08
ISIC_0030280,3,4.2400687e-05,1.38274045e-05,0.00028350274,0.16498514,0.8343974,0.00023806606,3.9782408e-05
ISIC_0031578,3,0.00017088979,6.233036e-06,7.7772875e-06,8.996092e-05,0.9985574,0.0011671205,5.711647e-07
ISIC_0032397,3,0.0074315043,0.26804212,7.927941e-09,0.004645248,0.7198771,3.91126e-06,4.312627e-08
ISIC_0030245,3,0.022640646,0.0073819817,0.79301673,0.0006519312,0.17051698,0.0057794377,1.2285088e-05
ISIC_0029268,3,1.42613e-05,0.00020123561,9.94072e-09,2.314675e-08,0.9997844,1.5495301e-08,1.4473157e-08
ISIC_0026525,3,2.92015e-08,1.9943162e-07,3.3336551e-09,0.9999914,8.261881e-06,7.659586e-08,6.719141e-10
ISIC_0026206,3,0.040815964,0.9451702,0.003385677,0.009767582,0.0006549428,3.2409176e-07,0.0002052124
ISIC_0026178,3,0.03049599,3.6522968e-07,0.00063638657,0.006762049,0.96196413,0.00014038617,7.2771945e-07
ISIC_0032014,3,0.006617497,8.694936e-07,0.006207265,0.00086529966,0.98611337,0.0001833673,1.23717155e-05
ISIC_0027184,3,4.6612422e-05,0.00013624414,0.00018213788,0.9863702,0.012913799,9.12596e-06,0.0003419557
ISIC_0029462,3,0.0008837997,0.00010895967,0.010983666,0.8059661,0.1783421,0.0034402562,0.00027508373
ISIC_0027447,3,5.7638144e-06,9.413172e-07,5.23877e-05,0.9998859,5.404154e-05,9.5136375e-07,1.4044577e-08
ISIC_0027536,3,6.293479e-08,1.2926131e-09,0.00013852127,0.99986124,1.0301966e-07,6.374062e-10,2.1242993e-10
ISIC_0026626,3,0.14631867,0.0001952853,0.0010178805,0.004596991,0.8478598,8.0979335e-06,3.2445016e-06
ISIC_0031228,3,0.00085076655,0.0041929423,5.2307185e-09,0.9390053,0.055945504,4.1281687e-06,1.2768083e-06
ISIC_0024763,3,0.0040965294,0.0011423093,8.430129e-09,0.9946695,9.1341564e-05,3.5209697e-09,2.6574557e-07
ISIC_0032404,3,8.587687e-06,1.8927511e-07,1.984645e-06,0.997538,0.0024414684,8.524996e-06,1.2817522e-06
ISIC_0029133,3,3.3189729e-06,6.615911e-06,3.0874287e-07,0.0026580046,0.9970366,0.00029514154,1.7979012e-08
ISIC_0027294,3,4.371127e-05,0.050278842,0.94863105,7.838916e-05,0.0008712013,4.8246973e-05,4.8591817e-05
ISIC_0025780,3,0.00037009796,0.0003211391,3.844026e-08,0.9981146,0.0011940029,5.5666285e-09,1.2901718e-07
ISIC_0028941,3,3.0862982e-06,0.010454957,0.0008226982,0.97157776,0.017130021,2.7763297e-06,8.755681e-06
ISIC_0029827,3,0.00014655877,7.31333e-05,2.2297654e-05,0.0101188505,0.88944125,0.10019382,4.106283e-06
ISIC_0027452,3,0.00070849824,0.00038541487,1.7894165e-06,0.9655767,0.03332423,1.795973e-06,1.5331578e-06
ISIC_0028370,3,0.00014262035,5.3406893e-05,0.00012077961,0.98655605,0.013110565,1.6110074e-05,4.83634e-07
ISIC_0024511,3,4.490244e-05,0.018153198,0.97859395,0.00016224549,0.0021844837,0.0008447333,1.6480086e-05
ISIC_0027588,3,0.0015098836,0.056169175,0.33051708,0.010862666,0.022396885,0.36898395,0.2095604
ISIC_0031922,3,1.188127e-08,3.667064e-06,1.0689997e-06,0.991968,0.0033966317,0.0046296334,9.0399755e-07
ISIC_0029309,3,7.5816647e-06,2.5535537e-05,2.318011e-06,0.92984647,0.07010366,4.271684e-06,1.0156811e-05
ISIC_0028393,3,0.00032617775,0.00039452236,3.209728e-05,0.104802124,0.89431036,0.00013218752,2.440411e-06
ISIC_0033084,3,3.2293916e-05,1.078246e-05,1.4648825e-07,0.4240942,0.57585406,8.442355e-06,1.04297e-07
ISIC_0033550,3,0.0134491455,0.029260539,0.00883026,0.059742264,0.837666,0.05073162,0.0003203329
ISIC_0033536,3,5.1008755e-07,2.1963737e-05,2.2498682e-07,0.7997126,0.19971101,0.00055357924,4.5092644e-08
