image_id,label,prob_MEL,prob_NV,prob_BCC,prob_AKIEC,prob_BKL,prob_DF,prob_VASC
ISIC_0029396,4,3.7601058e-07,0.016599474,0.525424,5.0175113e-06,0.4578269,4.1284146e-08,0.00014419638
ISIC_0025984,4,2.9801066e-07,0.026897386,0.9703077,3.6113684e-06,0.0027899551,9.474851e-09,9.861179e-07
ISIC_0025767,4,0.027127283,0.2943576,0.011850503,0.0012854257,0.34698457,0.0052576773,0.31313697
ISIC_0032417,4,1.0446526e-08,4.393415e-08,1.4418468e-09,3.424902e-10,0.9998996,8.20791e-06,9.218677e-05
ISIC_0025915,4,0.032118823,0.94699717,0.00084667024,0.0030103803,0.0138849085,8.407606e-07,0.0031412842
ISIC_0031029,4,0.0076188496,0.0031888625,2.5135012e-05,2.760691e-05,0.9890603,5.156577e-09,7.933911e-05
ISIC_0029836,4,1.5633908e-05,0.19756971,0.0015534993,0.00045649428,0.7997355,1.4956562e-06,0.00066763576
ISIC_0032129,4,1.003224e-06,0.0005646048,0.0014361843,2.8404045e-06,0.9975943,0.000110377914,0.00029065015
ISIC_0032128,4,4.785419e-06,0.49742106,6.7094064e-05,0.0027197872,0.4997867,1.8621293e-07,4.380934e-07
ISIC_0025937,4,2.0231296e-06,0.07278791,0.01065903,2.3727209e-07,0.91655004,5.870432e-08,5.913894e-07
ISIC_0027828,4,0.0021812231,0.0017532548,6.684316e-11,1.1611271e-05,0.9960412,9.5781424e-08,1.270587e-05
ISIC_0029291,4,0.7473951,0.18246312,0.00023581285,0.0012901832,0.06846945,5.030518e-05,9.5948024e-05
ISIC_0027815,4,4.851562e-05,0.05523725,7.793966e-06,4.675101e-06,0.9446889,1.1812455e-07,1.2726667e-05
ISIC_0024324,4,0.00031458132,0.55800194,1.0931429e-06,7.0804354e-08,0.44167164,1.8166748e-08,1.0748973e-05
ISIC_0029559,4,0.0005749268,0.52630854,0.029737797,7.5548905e-07,0.44327193,1.032035e-05,9.577238e-05
ISIC_0029413,4,0.368936,0.6157598,2.7344765e-07,0.000610389,0.014693508,7.232355e-11,1.6856559e-08
ISIC_0029576,4,0.8582739,0.13332024,0.00089528656,8.8422175e-06,0.0074777063,5.5083873e-08,2.3925135e-05
ISIC_0029289,4,0.00010258885,0.99975854,5.0918334e-07,2.6198802e-06,5.613276e-06,9.214462e-08,0.0001300539
ISIC_0029912,4,0.08864622,0.8960518,7.6650336e-10,2.3101531e-08,0.0082015935,1.0898985e-06,0.0070992648
ISIC_0031624,4,1.5183343e-06,0.07918818,6.266791e-09,3.5061342e-07,0.92063105,1.2149824e-08,0.00017890043
ISIC_0025510,4,1.17312666e-07,0.0140387835,1.7002233e-07,3.925783e-11,0.98596084,7.698823e-08,9.4359976e-08
ISIC_0032306,4,4.1895086e-07,3.506786e-06,3.1915006e-06,1.4161097e-05,0.99997747,1.2193985e-06,8.227533e-09
ISIC_0027957,4,0.7096005,0.28498498,0.005369907,2.8715323e-05,9.116965e-06,4.202774e-06,2.5372126e-06
ISIC_0031212,4,0.002123035,0.9970505,0.0008202092,6.0550514e-07,4.7750646e-06,1.6879564e-07,7.419313e-07
ISIC_0032534,4,7.611191e-07,0.0010927396,0.99865735,1.8555669e-07,0.000248912,3.162848e-08,1.3613357e-09
ISIC_0033785,4,0.00017239084,0.0098358635,0.9440088,3.0193632e-05,0.04527819,0.00067420857,3.0991677e-07
ISIC_0033184,4,7.4402037e-06,0.00020733199,0.999785,1.2104856e-11,1.686138e-07,1.6147375e-11,2.371325e-09
ISIC_0033041,4,0.33191714,0.58491004,1.9296582e-05,2.4282243e-05,0.08311548,1.2633459e-05,1.1717789e-06
ISIC_0033900,4,0.028470594,0.9712199,1.6416303e-07,2.3593328e-05,0.00028125697,3.4999557e-06,1.0267061e-06
ISIC_0033361,4,0.008660164,0.7650794,1.3293909e-10,8.746445e-06,0.22624958,1.5132916e-06,5.629876e-07
ISIC_0032732,4,7.443796e-06,0.9999902,9.520451e-12,4.4884405e-10,2.3017972e-06,3.9364272e-11,3.73602e-09
ISIC_0032778,4,0.0005278126,0.9994574,1.634586e-07,1.4015984e-07,7.45781e-06,4.396557e-07,6.503198e-06
ISIC_0033466,4,0.0044233827,0.9944007,1.1343367e-06,3.7350134e-07,0.0011170194,1.3545331e-05,4.3973847e-05
ISIC_0033482,4,0.0009999129,0.0010924074,4.39267e-06,0.00024847288,0.9976489,3.486697e-07,5.4700563e-06
ISIC_0033201,4,9.6994245e-06,0.00032041792,4.76988e-08,2.7643162e-05,0.99964213,3.232457e-09,1.18100814e-07
ISIC_0032842,4,0.13842605,0.8569933,7.162249e-05,0.0026800802,0.0016246682,0.00019328375,1.0921995e-05
ISIC_0032618,4,0.5519937,0.44304183,9.790132e-05,0.0016782063,0.0030329933,5.401576e-06,0.00014999622
ISIC_0032513,4,0.026780749,0.97320944,2.9514413e-07,5.517793e-06,3.2320154e-06,6.3150685e-07,1.517689e-07
ISIC_0032877,4,0.09659392,0.0014753653,2.0153507e-07,0.00016627184,0.901764,1.16515855e-08,3.699663e-07
ISIC_0034175,4,0.028745675,0.023203962,5.4206805e-07,0.00017883361,0.9478708,5.1361166e-08,1.5521759e-07
ISIC_0033523,4,0.11758031,0.01665462,2.750752e-08,0.001796861,0.8639628,3.3268726e-09,5.3009344e-06
ISIC_0033280,4,0.0034053093,0.5048248,0.00020220074,1.049685e-05,0.4544108,1.8916706e-05,0.03712758
ISIC_0033212,4,2.273001e-06,0.012101818,0.00012577497,0.0037175221,0.9825867,2.6051055e-05,0.0014399271
ISIC_0033770,4,0.0005357649,0.18953414,0.00023947662,0.003262031,0.80548704,7.1342556e-06,0.00093437545
ISIC_0032688,4,1.9635459e-06,1.1009087e-06,5.8879227e-06,0.077212274,0.92275643,2.2279695e-05,8.991758e-09
ISIC_0033252,4,0.126857,0.002811847,0.00023989986,8.7294604e-05,0.6568037,0.038511794,0.17468844
ISIC_0032570,4,0.00040658034,0.00030034414,4.1236417e-05,0.0030560005,0.9920805,0.004114935,4.1734154e-07
ISIC_0033606,4,0.29476646,0.028688664,1.8553455e-05,4.8969536e-08,0.6765255,4.099172e-07,4.3819236e-07
ISIC_0034103,4,0.014369631,0.89709836,0.03307694,2.309107e-06,0.055382475,5.2621883e-05,1.7662185e-05
ISIC_0032883,4,0.99683005,9.108158e-05,7.588993e-09,1.7222713e-09,0.003078771,1.1160042e-09,7.3646165e-09
ISIC_0034070,4,0.0005746175,0.11866993,8.654236e-05,0.00021480807,0.88044983,2.5712882e-08,4.2819815e-06
ISIC_0033709,4,1.9789434e-07,0.00014760853,1.37589415e-08,2.620128e-08,0.99985206,5.856133e-11,6.5117716e-09
ISIC_0033587,4,0.99542576,0.004236629,1.5661427e-09,8.824562e-10,0.00033762923,1.9180925e-08,9.384803e-09
ISIC_0032675,4,0.16495262,0.11491266,3.8778056e-09,2.0269548e-05,0.72011214,2.9924212e-07,1.9576187e-06
ISIC_0033581,4,0.012446746,0.013774191,6.130474e-05,0.003436901,0.9694063,0.0004312628,0.00044329793
ISIC_0033913,4,0.0067205806,0.0076117273,1.284659e-05,0.00013220595,0.9851952,6.660551e-05,0.00026077862
ISIC_0028792,4,4.696795e-06,1.3812422e-06,1.7946875e-06,9.566395e-08,0.99999213,1.7023377e-09,6.4454087e-09
ISIC_0033397,4,1.9654599e-05,0.024151502,2.4631786e-10,1.5755964e-09,0.97582847,3.0878735e-07,9.219751e-09
ISIC_0033414,4,0.00055346696,0.9968736,2.6596616e-09,6.0179826e-09,0.0025729,2.3806075e-08,4.8810174e-09
ISIC_0034113,4,4.9695136e-06,0.0008382653,1.0083496e-08,2.754551e-09,0.9991565,2.4695498e-07,1.1029695e-08
ISIC_0034259,4,2.6634228e-07,4.5907764e-06,1.0634627e-08,3.6129773e-11,0.99995756,1.6812911e-06,3.5926514e-05
ISIC_0033446,4,3.9252152e-10,3.7574257e-05,4.0559726e-08,3.643282e-08,0.9999622,3.3610106e-09,8.588427e-08
ISIC_0033200,4,1.2376012e-06,8.22213e-07,1.1138108e-06,2.68942e-10,0.9999851,1.9164257e-07,1.1490634e-05
ISIC_0033629,4,2.7047322e-06,0.9198713,3.2623333e-08,4.5898387e-06,0.08012053,9.0435626e-10,8.175068e-07
ISIC_0034037,4,3.601721e-05,0.16388807,3.6004142e-06,2.5339782e-08,0.8360719,2.7580464e-08,3.7148146e-07
ISIC_0032876,4,4.2017233e-05,0.2806644,8.791744e-07,2.540019e-06,0.71928316,2.7053115e-06,4.314665e-06
ISIC_0030124,4,3.1142325e-05,0.99411315,2.420512e-07,1.0071903e-06,2.5923739e-05,4.524022e-09,0.0058285627
ISIC_0030705,4,1.511855e-08,1.0000021e-07,2.715916e-13,4.630429e-12,0.9999999,9.8600975e-11,4.1531028e-13
ISIC_0031345,4,5.275813e-06,2.6447572e-06,9.2813806e-08,0.0004503807,0.9988071,0.0007329752,1.5468187e-06
ISIC_0028701,4,2.6966904e-06,0.0044786404,1.2796062e-06,0.00021409149,0.9951994,6.8426834e-07,0.000103248356
ISIC_0025777,4,9.102697e-05,0.98269063,7.3842034e-07,0.0004519053,0.016576579,1.3415464e-06,0.00018774725
ISIC_0027042,4,0.0006528626,2.6058875e-05,1.3569361e-07,4.5647867e-05,0.99927527,4.354839e-09,5.474946e-10
ISIC_0030721,4,6.9468064e-07,0.0020468628,0.0015229601,1.358559e-08,0.9964185,3.0663916e-09,1.1030624e-05
ISIC_0032168,4,0.0016864476,0.75213915,7.7634536e-07,3.111451e-07,0.2461051,6.780284e-05,4.9307295e-07
ISIC_0025337,4,3.130206e-05,6.975617e-05,2.2299663e-07,0.00045060506,0.9994475,5.6913944e-07,1.4146412e-09
ISIC_0027649,4,0.78129286,0.050797492,3.3887452e-06,0.0072206417,0.16058853,3.9395438e-08,9.699534e-05
ISIC_0030095,4,0.101633966,0.89134544,9.386302e-06,0.00035028136,0.00664503,1.581289e-05,2.4619752e-08
ISIC_0031394,4,0.51504105,0.3933263,7.048328e-05,1.3006613e-05,0.09139126,0.00015717132,6.70407e-07
ISIC_0024412,4,2.0861458e-05,0.14055477,0.0012162296,6.6624496e-05,0.8580584,7.3040055e-06,7.576918e-05
ISIC_0024883,4,0.0016828526,0.31334254,0.68360597,0.0003585357,0.0009903784,1.6977912e-05,2.7143342e-06
ISIC_0027367,4,0.99894387,0.00030284192,1.1030756e-08,3.0500844e-06,0.0007494762,6.982442e-07,2.0242862e-08
ISIC_0032156,4,0.00044335885,0.005833503,1.8293907e-06,9.696211e-08,0.993721,5.2440967e-09,1.4503512e-07
ISIC_0025703,4,0.082927056,0.0024214874,1.308442e-05,4.4804976e-05,0.9145735,1.5979866e-05,4.0820164e-06
ISIC_0032481,4,6.2493586e-05,5.876212e-05,1.320611e-05,0.00045653142,0.87874454,0.12066414,1.5916959e-07
ISIC_0029519,4,6.921136e-05,2.986457e-05,2.2155313e-05,1.0318917e-06,0.9998777,4.768418e-09,1.0553723e-08
ISIC_0028511,4,0.002032292,0.3121949,0.6717642,8.14379e-08,0.013976415,3.7935983e-08,3.2031927e-05
ISIC_0026714,4,4.8167236e-05,0.119145386,0.00019373134,9.2332644e-05,0.88051516,3.8010814e-08,5.135761e-06
ISIC_0028473,4,3.0109102e-05,0.99956197,0.00020211068,1.3554155e-08,0.00020550285,7.1742373e-10,3.344781e-07
ISIC_0025529,4,0.000106981104,0.0010375984,2.9405172e-08,0.0013925661,0.9974618,9.101197e-07,5.2866806e-08
ISIC_0025075,4,0.0012303245,0.4905666,2.708897e-06,7.0656606e-06,0.50810164,6.2594314e-05,2.9089857e-05
ISIC_0027969,4,0.0049927267,0.9542264,2.9076983e-07,0.0024521966,0.0382729,1.1229382e-05,4.432007e-05
ISIC_0031770,4,1.40022785e-05,0.5824288,0.0117513,0.0045274133,0.40107337,0.00013905804,6.605941e-05
ISIC_0029557,4,7.2549767e-07,0.014357357,1.3748238e-08,0.00031596306,0.9853238,2.8560825e-07,1.9234235e-06
ISIC_0032123,4,0.0002337978,0.12898982,2.0345155e-06,0.0018037846,0.8672955,0.0014433098,0.00023168628
ISIC_0031819,4,6.371601e-05,8.498031e-07,5.1389983e-05,1.726526e-05,0.99369603,6.589668e-07,0.0061701634
ISIC_0027706,4,0.014034469,0.7209764,6.3880902e-06,7.6937555e-05,0.26490328,1.9459326e-06,5.630729e-07
ISIC_0027801,4,6.8954582e-06,0.0002293753,2.8770202e-05,0.0034211013,0.9959843,0.00032944535,1.110512e-07
ISIC_0029991,4,4.4325668e-07,0.00017363488,0.0060177906,0.986761,0.0059502055,0.001096673,3.2863193e-07
ISIC_0028100,4,4.5504166e-06,0.03700103,0.7859121,0.0033654545,0.17307107,0.0006311771,1.4599737e-05
ISIC_0031449,4,2.5502286e-06,0.003355918,4.7205654e-06,0.9959705,0.000665409,4.7899465e-07,4.9283e-07
ISIC_0026842,4,1.087633e-05,0.0048663323,1.5662437e-05,0.9938221,0.001277515,1.7364906e-08,7.4178893e-06
ISIC_0025746,4,3.186824e-05,0.14039403,8.5009367e-07,2.3171862e-05,0.85954946,3.110412e-08,6.2677907e-07
ISIC_0029791,4,9.9174154e-05,0.00018881646,4.4156727e-06,1.0172671e-06,0.9997049,3.1602096e-07,1.2647037e-06
ISIC_0024758,4,1.170752e-05,0.0018168204,0.01171058,0.00038592337,0.98599106,2.4439294e-07,8.360179e-05
ISIC_0024760,4,1.15165996e-07,2.9354227e-05,3.6884342e-07,0.99988675,8.139889e-05,1.5886974e-08,2.0535933e-06
ISIC_0027006,4,2.380309e-09,2.2368039e-07,7.768531e-11,1.3313123e-11,0.99999976,1.9676833e-11,3.679124e-12
ISIC_0029596,4,3.1810614e-06,5.39174e-05,2.6996181e-08,4.4568604e-10,0.9999428,2.3954637e-08,3.4034766e-09
ISIC_0025351,4,0.03505012,0.1104493,0.010036723,0.058239836,0.78585774,0.00036607464,1.8992579e-07
ISIC_0031702,4,2.1943664e-05,0.081552096,0.73813933,0.06657987,0.11365531,2.8215063e-06,4.8642378e-05
ISIC_0029031,4,2.2914792e-09,1.395858e-07,0.000735204,1.05922645e-05,0.99925405,2.2024901e-11,1.6997303e-11
ISIC_0025086,4,9.614985e-05,0.085346974,1.06377584e-07,1.6229642e-08,0.91455674,1.2760039e-09,9.539545e-10
ISIC_0026895,4,8.775982e-05,0.855481,0.003923335,0.00034999466,0.14015216,3.3244714e-09,5.737298e-06
ISIC_0027991,4,0.76517814,0.0025012665,0.00030016602,0.014047402,0.21792407,1.637593e-07,4.8788756e-05
ISIC_0031289,4,0.019392738,0.0065987143,2.038832e-05,0.00017504931,0.97380394,1.4608051e-07,9.0560325e-06
ISIC_0030172,4,1.1462404e-06,0.12025675,2.6726789e-06,0.0033008377,0.87643516,3.3710548e-06,7.727879e-08
ISIC_0025064,4,0.0052952017,0.7891867,0.2039646,0.0005544544,0.0009853333,1.1987698e-05,1.7496833e-06
ISIC_0027355,4,0.00012242922,1.4902461e-05,1.151623e-06,0.034701597,0.965159,9.404302e-09,9.594369e-07
ISIC_0026787,4,0.92546856,0.0729508,3.806172e-05,0.00042603552,0.000894497,0.00022029136,1.7973415e-06
ISIC_0028043,4,2.744026e-09,4.292487e-07,4.642155e-06,2.4738867e-05,0.9999702,3.1608055e-10,5.298618e-09
ISIC_0028640,4,0.00045345328,0.29779202,0.0013718789,0.004984589,0.6951097,0.00028612578,2.1682904e-06
ISIC_0027437,4,6.694493e-05,0.01093412,2.133207e-05,7.2972243e-06,0.9889698,3.0159337e-09,4.4602078e-07
ISIC_0028201,4,0.0006055782,3.2517273e-06,1.9425239e-05,0.0001666001,0.9992009,1.1930969e-06,3.098417e-06
ISIC_0029260,4,0.18004563,0.02742331,1.9964224e-05,0.014665061,0.77784526,4.1660968e-08,7.42477e-07
ISIC_0024997,4,1.6325181e-06,0.00022509294,1.4482956e-09,7.866914e-08,0.9997732,1.8146026e-09,6.793689e-09
ISIC_0029126,4,7.927305e-07,3.8533426e-06,0.7569202,0.24223492,0.0008401286,3.2075473e-08,9.992241e-09
ISIC_0028702,4,8.997572e-07,1.3005404e-06,0.041785974,0.00036108383,0.95784795,2.1437784e-06,6.99439e-07
ISIC_0026843,4,0.93176585,0.053025246,0.00084109977,0.0111841075,0.0024608015,0.00019686729,0.0005260289
ISIC_0029841,4,0.0030315684,0.9919761,6.695608e-05,8.923987e-06,0.0049165,2.9575641e-08,7.202459e-08
ISIC_0030965,4,0.32729512,0.030012643,9.977876e-09,0.00073813554,0.6419535,5.9551314e-07,1.9499835e-09
ISIC_0025699,4,0.010269853,0.6994714,1.9199979e-07,7.037933e-05,0.2892378,0.00058078865,0.00036956396
ISIC_0029617,4,0.048186228,0.9510572,6.582941e-06,0.00016843194,9.318649e-06,0.00045905128,0.00011318505
ISIC_0026947,4,0.0046963487,0.9517947,1.3110184e-06,1.8414383e-06,0.04350564,3.8236606e-10,2.0096417e-07
ISIC_0024839,4,0.00010743892,0.51343113,5.8205995e-05,0.062198084,0.42420444,1.1037148e-09,6.61177e-07
ISIC_0030458,4,0.15484428,0.36177874,7.17751e-08,1.5942616e-05,0.48333776,2.8261333e-08,2.3142851e-05
ISIC_0026335,4,6.0782024e-09,1.0914982e-06,8.516302e-08,0.99993265,6.595657e-05,2.939978e-09,1.8009489e-07
ISIC_0027916,4,0.019275207,0.45040226,0.007096507,0.00038967116,0.5227329,3.508786e-05,6.832986e-05
ISIC_0031903,4,0.00027124764,0.00013508406,0.00023790704,0.0031131057,0.99624133,8.099244e-07,5.208098e-07
ISIC_0031459,4,0.053512827,0.9446508,2.1104809e-06,0.00023581531,0.0015972132,2.5693953e-07,1.0182664e-06
ISIC_0024420,4,0.0017647443,0.73243654,0.0023986828,0.024791999,0.23858848,5.726985e-08,1.9490693e-05
ISIC_0030801,4,0.00015155182,0.58883107,7.267356e-05,0.004707518,0.40621245,2.4136563e-08,2.4763736e-05
ISIC_0029101,4,1.2137335e-05,0.0015186609,0.00056622765,0.0071881134,0.9902356,0.0003093225,0.00016994016
ISIC_0027681,4,0.013337982,0.0015303864,2.0505196e-07,1.841489e-08,0.9851313,1.4062879e-08,1.5495205e-09
ISIC_0025040,4,0.03435778,0.9655107,4.0892348e-05,5.150814e-05,8.6505515e-06,2.9755152e-05,6.1658983e-07
ISIC_0026704,4,2.8193485e-06,4.866814e-06,1.600545e-05,0.0092519345,0.99072427,3.6912724e-08,2.1398638e-08
ISIC_0026523,4,2.4902984e-05,0.0002471851,1.3018735e-06,0.0017070238,0.99801934,1.7427813e-07,8.923933e-08
ISIC_0026553,4,0.0006040463,0.12770908,0.00016536305,1.0259064e-05,0.8714993,1.5839501e-07,1.1801784e-05
ISIC_0032365,4,1.6557533e-05,0.99865854,4.1122097e-10,5.3046796e-07,0.0013226423,1.6777982e-09,1.7220204e-06
ISIC_0025199,4,0.06187645,0.9159917,3.9451625e-10,0.0003560859,0.021773336,1.8996509e-07,2.2197066e-06
ISIC_0029849,4,9.3886854e-05,0.08400132,1.3431795e-05,4.0451536e-07,0.9158909,7.982752e-09,1.037243e-07
ISIC_0027504,4,5.07094e-06,0.0003514015,1.3549008e-05,3.6285364e-08,0.99962986,1.0689315e-08,3.1058042e-10
ISIC_0029406,4,5.562063e-05,8.330619e-07,1.0998625e-07,1.9708883e-08,0.9999434,8.5801183e-10,1.0040784e-09
ISIC_0031980,4,1.0538518e-08,1.09015e-07,2.027234e-08,4.699196e-12,0.9999999,3.9761894e-10,3.3641503e-10
ISIC_0028414,4,0.00033434227,0.0013367614,5.087318e-06,5.8182866e-07,0.9983021,1.5131138e-07,2.100326e-05
ISIC_0028451,4,0.052346274,0.0035963317,0.0011841741,0.7322495,0.21061492,7.0173196e-06,1.7748197e-06
ISIC_0026744,4,2.8536485e-06,0.009716703,2.844206e-05,2.955229e-06,0.99023587,1.3104544e-05,1.5998917e-07
ISIC_0028236,4,9.972589e-06,0.07986539,0.0007019954,0.16793966,0.75020677,0.0012667498,9.440355e-06
ISIC_0031496,4,0.0019366789,0.4104427,0.00034462992,0.037910976,0.5487231,0.0005921122,4.9715884e-05
ISIC_0027388,4,3.9230814e-05,0.00014283296,5.1403026e-06,3.6471047e-05,0.99961144,0.00016464436,3.1919188e-07
ISIC_0028931,4,0.0012688622,0.40839902,1.1867887e-06,0.007396607,0.58274776,0.00014937004,3.7239977e-05
ISIC_0030605,4,7.410235e-05,0.009545506,1.5368258e-07,1.0356306e-05,0.9903696,2.9321285e-07,2.2773043e-09
ISIC_0029029,4,2.5125655e-05,8.953845e-05,0.00061401323,0.000294459,0.9989594,2.275225e-06,1.5160956e-05
ISIC_0025799,4,0.047864713,0.8934343,1.693618e-05,0.00012620317,0.058526665,1.10245026e-07,3.111676e-05
ISIC_0029627,4,0.0005849898,0.9919877,2.60276e-07,7.888352e-06,0.0074166427,1.589793e-09,2.4859846e-06
ISIC_0027435,4,9.344083e-05,0.00016730498,1.1556529e-06,0.0013386095,0.9983209,4.7468866e-08,7.8595825e-05
ISIC_0028180,4,0.04567167,0.45654935,0.0004986671,0.00031592112,0.49696276,2.3096995e-08,1.6622773e-06
ISIC_0024877,4,9.747954e-08,1.6503462e-06,1.2995295e-09,1.5891389e-11,0.9999982,9.073905e-11,6.563353e-09
ISIC_0030835,4,1.3195472e-05,0.008173344,9.819321e-08,3.135524e-06,0.9918025,3.6986105e-08,7.6248366e-06
ISIC_0026016,4,0.0054999474,0.009620189,0.00012731152,0.0009313675,0.98379666,4.6802066e-07,2.3991723e-05
ISIC_0029505,4,8.31683e-08,4.760187e-07,7.934326e-08,6.5311305e-08,0.99999917,2.537697e-10,7.7873015e-09
ISIC_0025378,4,8.419088e-07,1.7317454e-06,8.522303e-07,7.0966047e-07,0.9999957,3.067551e-08,5.4063783e-08
ISIC_0030394,4,6.706156e-06,0.00088415726,1.3984068e-07,7.6731567e-07,0.99910825,2.7510159e-09,1.4966954e-08
ISIC_0031277,4,0.00054917455,0.008585376,7.6028555e-05,1.3919971e-07,0.9907856,2.8578315e-06,6.8464243e-07
ISIC_0027270,4,0.01583713,0.031177187,7.980061e-08,1.4593823e-08,0.95298254,3.797736e-09,2.9659263e-06
ISIC_0031853,4,4.5386325e-05,1.1334856e-05,0.00010437704,1.36774e-07,0.9998385,6.8993124e-08,1.2238439e-07
ISIC_0031329,4,7.818901e-06,8.79342e-07,2.2969052e-06,3.5495611e-07,0.99998844,3.8577914e-09,2.4578156e-07
ISIC_0025753,4,0.037991498,0.062500484,3.9668466e-05,0.81211895,0.08693075,6.5314825e-06,0.00041210972
ISIC_0031600,4,0.23176521,0.077183194,1.5941921e-05,0.06876544,0.6222692,1.1359412e-09,9.469641e-07
ISIC_0028094,4,0.039348736,0.0036996333,3.1936977e-06,4.5564993e-06,0.9569361,7.886768e-06,1.7646864e-08
ISIC_0029455,4,8.4605366e-05,4.272619e-05,0.00063502335,0.0024421387,0.99679226,3.2108608e-06,3.8192873e-08
ISIC_0030123,4,0.0010346711,0.00956815,9.1207916e-08,1.9809218e-07,0.98939157,3.416623e-06,1.764745e-06
ISIC_0031945,4,3.9609255e-08,4.8720775e-08,2.45633e-07,5.5763874e-09,0.99999976,2.3146755e-11,3.0237326e-09
ISIC_0029464,4,0.0006334196,0.2446128,0.00023292271,0.00049257616,0.7540219,9.478256e-07,5.4662946e-06
ISIC_0026530,4,4.05252e-05,0.0021453907,1.8258231e-07,4.863216e-08,0.9978136,9.2424574e-10,1.4893892e-07
ISIC_0024915,4,1.707677e-05,0.009394272,0.01333658,0.002767015,0.9744339,4.1334242e-05,9.850718e-06
ISIC_0024409,4,1.1127669e-06,1.0319318e-05,1.2304374e-06,1.3637384e-05,0.9999734,1.1436133e-07,2.5117623e-07
ISIC_0029555,4,0.40357226,0.31502134,0.001583793,7.011295e-06,0.2787112,1.5640703e-06,0.0011028916
ISIC_0033460,4,0.9799361,0.00035474164,4.0243154e-07,3.2094773e-05,0.01965004,2.6520684e-05,1.6409093e-07
ISIC_0034315,4,0.00021287889,0.004260114,2.5755346e-08,1.0911576e-06,0.99552494,2.1322477e-07,7.0808295e-07
ISIC_0032967,4,0.0056543616,0.41285154,4.404139e-08,9.549345e-06,0.58148265,1.4990655e-07,1.7216785e-06
ISIC_0033305,4,1.0777629e-06,2.1108901e-06,7.579044e-08,1.6041676e-08,0.99999666,1.3577899e-09,8.279548e-09
ISIC_0032315,4,0.0023788565,0.99427855,3.3244243e-07,2.6735255e-11,0.0033181421,2.8395013e-07,2.3828661e-05
ISIC_0028411,4,1.6208497e-07,1.4965942e-05,1.891668e-11,1.287572e-11,0.99998486,4.7020285e-09,1.9006536e-09
ISIC_0034197,4,6.2201907e-06,0.00029178264,2.7437242e-08,0.021829441,0.977865,7.41552e-06,2.1503364e-07
ISIC_0034057,4,0.00012343943,0.00015919896,3.2651892e-06,0.00415985,0.99554837,3.7974694e-06,2.1290964e-06
ISIC_0034165,4,0.5985767,0.10277594,1.360151e-07,2.3750044e-05,0.2985647,4.2477748e-07,5.835441e-05
ISIC_0033185,4,0.9812836,0.018662984,6.492896e-08,1.5732288e-06,4.327126e-05,3.1460688e-06,5.2706037e-06
ISIC_0033783,4,0.8547611,0.013409425,0.000100888305,1.6055888e-05,0.13170972,3.3838315e-08,2.727015e-06
ISIC_0033693,4,0.018362064,0.60778743,0.04346097,8.651376e-07,0.33038604,6.865839e-07,1.9095926e-06
ISIC_0032740,4,0.0008776524,9.550674e-05,3.43264e-05,0.0018678717,0.9971112,1.301887e-05,3.2521316e-07
ISIC_0034252,4,0.23941682,0.7529268,1.432071e-06,3.1586704e-05,0.007614476,3.2732821e-06,5.6200342e-06
ISIC_0033829,4,0.3088049,0.67553896,5.657871e-05,4.5353012e-05,0.015553695,3.1559108e-10,5.845827e-07
ISIC_0027747,4,1.6528878e-07,0.0014853573,5.3265465e-11,6.398517e-07,0.99851364,3.2879074e-10,2.1124191e-07
ISIC_0026205,4,2.5160864e-06,0.00021089759,1.8768517e-06,6.3181695e-08,0.99978465,3.6152097e-09,6.114407e-08
ISIC_0024337,4,4.250498e-09,1.8845535e-06,4.8584192e-12,5.1197938e-11,0.99997735,2.07886e-05,4.670479e-08
ISIC_0026566,4,5.594892e-10,1.7666196e-06,2.948544e-09,3.1166094e-11,0.9999982,3.6910003e-10,1.9977235e-09
ISIC_0032124,4,1.9712495e-08,1.3408043e-06,1.4546722e-09,3.4038174e-05,0.9999645,3.6190342e-09,1.2145911e-07
ISIC_0029251,4,0.00084464555,0.86836684,5.4057434e-09,4.720381e-09,0.13050315,1.7024963e-08,0.0002853112
ISIC_0026867,4,0.0030242344,0.01509911,6.37199e-09,6.414961e-06,0.9818702,1.7975225e-08,1.7437944e-08
ISIC_0032460,4,2.5574856e-09,1.8182585e-07,2.8473087e-05,8.745241e-08,0.9999709,6.67838e-08,2.5564324e-07
ISIC_0027025,4,5.1400172e-11,8.587584e-09,4.8503097e-11,8.180197e-09,1.0,8.407369e-11,1.0305763e-09
ISIC_0027041,4,0.004366205,0.3934115,1.8109456e-07,1.0236481e-07,0.6022192,2.7144492e-06,1.3416978e-07
ISIC_0030088,4,0.0005279292,0.27654326,2.3077555e-06,2.286451e-06,0.7221145,0.0008047549,4.901091e-06
ISIC_0028525,4,0.9384208,0.052442055,2.767897e-10,1.3993684e-06,0.00913577,1.4468152e-09,4.4652367e-08
ISIC_0031088,4,4.0132153e-07,0.06678584,4.2071033e-08,2.922225e-07,0.9332048,1.8672664e-06,6.7762226e-06
ISIC_0025330,4,5.221293e-08,0.00024043971,4.1409484e-10,5.8608023e-08,0.9997588,9.417543e-10,7.3302766e-07
ISIC_0026135,4,7.3180556e-05,0.010602253,4.2524593e-06,9.305452e-08,0.9893194,3.236444e-07,4.9453763e-07
ISIC_0029233,4,3.6359527e-06,0.003134788,3.6845893e-09,2.1196098e-09,0.9968566,1.2391793e-08,4.8135253e-06
ISIC_0026967,4,1.2118855e-08,1.3179098e-05,4.2284203e-08,1.13324916e-07,0.99998367,3.0387264e-06,6.4835524e-09
ISIC_0029227,4,5.373008e-07,0.9944458,1.575204e-07,1.25151365e-11,0.0054912884,6.138305e-05,7.758611e-07
ISIC_0025879,4,1.2182008e-10,4.3653268e-09,1.6636584e-13,1.5696541e-11,1.0,8.141736e-12,1.2991018e-11
ISIC_0029676,4,5.2143055e-06,0.0003305018,2.9865205e-10,1.0105399e-07,0.9996642,4.0450905e-09,7.053313e-10
ISIC_0029741,4,2.4743573e-08,1.6223519e-08,5.525116e-12,3.758003e-13,0.9999999,4.3830163e-08,1.3037789e-10
ISIC_0028880,5,6.0494218e-05,0.0031064416,1.5348929e-05,1.4527757e-08,0.9815848,0.014265992,0.00096686906
ISIC_0031309,5,9.1208705e-05,0.014590221,0.00033405516,2.5251709e-06,0.024364203,0.9534011,0.007216669
ISIC_0032410,5,0.002847357,0.006728615,0.04167271,1.7546976e-05,0.88145584,0.06698737,0.00029052846
ISIC_0030757,5,8.505959e-05,2.8208942e-05,0.018312672,0.000175499,0.06462308,0.9167677,7.789715e-06
ISIC_0031358,5,0.019097146,5.3671796e-05,0.20136914,0.00017727214,0.2815165,0.49776155,2.472306e-05
ISIC_0031735,5,1.9752108e-06,2.6053084e-07,0.0001611424,4.4359487e-05,0.9167041,0.0830864,1.7596781e-06
ISIC_0025154,5,0.0021961334,0.026504805,0.96619743,0.0014121383,0.00013862157,0.0035468834,3.9581605e-06
ISIC_0029824,5,0.0051407907,0.0007599523,5.0747025e-05,6.242267e-06,0.00047513764,0.9935634,3.78374e-06
ISIC_0025622,5,0.1910941,0.09627457,0.37697652,0.0017507544,0.13019165,0.20359737,0.0001149909
ISIC_0031443,5,0.00018448633,0.00081217114,0.5278495,0.00082375,0.018192068,0.4521356,2.545671e-06
ISIC_0025223,5,1.1007966e-08,6.924018e-07,2.2514202e-07,2.2844567e-06,1.2639301e-05,0.99998415,4.9151954e-09
ISIC_0030015,5,2.9468364e-07,2.55416e-10,4.3596533e-08,9.060022e-09,4.9416293e-09,0.99999964,8.2028405e-11
ISIC_0031123,5,0.0010825087,0.61326104,0.24398865,0.0003994619,0.06270215,0.07825354,0.00031264903
ISIC_0024845,5,0.00016731299,0.0666,1.379115e-07,2.3097941e-07,6.537296e-07,0.9331378,9.382356e-05
ISIC_0032613,5,0.9801778,0.015446693,2.0610618e-07,1.6056403e-07,4.585316e-07,0.0043746075,3.153863e-08
ISIC_0033256,5,0.43634778,0.14903244,2.639935e-07,9.4370465e-05,8.30708e-05,0.4144345,7.522653e-06
ISIC_0034135,5,0.0012031043,0.0001039588,4.22652e-10,2.628411e-08,4.3148857e-06,0.9986835,5.18267e-06
ISIC_0033626,5,0.021953698,1.823434e-06,7.5352163e-10,6.682689e-09,1.01376245e-05,0.9780341,1.7336296e-07
ISIC_0033780,5,3.306314e-05,1.1273288e-05,2.6781802e-11,1.7024119e-09,4.9298334e-09,0.99995565,2.5577442e-09
ISIC_0024553,5,2.4522928e-09,4.051452e-06,0.0022698245,8.2570405e-05,0.0001254866,0.9972458,0.00027225388
ISIC_0025594,5,2.9259444e-09,5.8316044e-08,2.1060953e-10,4.6060774e-07,5.0968656e-06,0.9999944,1.670546e-09
ISIC_0026471,5,0.000299994,0.0005576411,2.7883752e-07,0.0005261409,0.00026174277,0.9983359,1.822658e-05
ISIC_0027141,5,0.24032031,0.038703285,8.063055e-06,0.000264462,0.00025102336,0.7204503,2.6365387e-06
ISIC_0025771,5,3.4477168e-06,7.404294e-06,3.058375e-12,3.5170963e-11,1.1774216e-07,0.99998903,4.7077222e-08
ISIC_0026120,0,0.9999995,4.256357e-07,2.6785904e-10,5.426215e-11,5.1608873e-12,8.231211e-10,3.0662063e-11
ISIC_0028412,0,0.99999833,1.7010931e-06,8.602581e-10,1.7973376e-10,8.9455254e-10,1.839698e-09,5.2206333e-11
ISIC_0030486,0,0.9996871,0.00012686047,3.5497536e-07,0.00017419543,1.1136131e-05,1.6400601e-09,4.6293894e-07
ISIC_0029028,0,0.0007503682,0.997393,1.0203795e-08,2.1674937e-08,0.0018564594,4.4780787e-11,1.2760164e-07
ISIC_0027125,0,0.00020194524,0.9994956,3.7905917e-08,3.3407687e-07,0.0003019462,3.7201017e-10,1.9641828e-08
ISIC_0028069,0,0.003477103,0.9964457,6.6333764e-06,2.9398648e-06,1.976877e-05,3.7529273e-05,1.0298655e-05
ISIC_0028579,0,0.017755704,0.9820572,9.303073e-09,7.847178e-09,0.00018469797,7.5222026e-08,2.243464e-06
ISIC_0030281,0,0.12375031,0.25603735,0.00049560145,0.44839606,1.5923017e-05,0.14767484,0.02362985
ISIC_0024481,0,0.050816644,0.94548076,1.875776e-06,3.042797e-05,2.4215627e-05,0.0029925006,0.0006535633
ISIC_0031118,0,0.20497446,0.22835715,9.372267e-06,2.6620419e-05,0.5666023,1.7197597e-05,1.2918937e-05
ISIC_0030080,0,0.26285937,0.034753487,0.0008971486,8.485187e-05,0.701395,4.3908813e-06,5.7767265e-06
ISIC_0027043,0,0.83399105,0.16600853,1.302979e-08,4.176923e-10,3.7010136e-07,1.281066e-09,4.962436e-09
ISIC_0027174,0,0.7601997,0.23840797,0.00012316545,6.411922e-05,9.938487e-06,0.0011937332,1.3621176e-06
ISIC_0026754,0,0.82110983,4.7048467e-05,3.9573783e-06,7.286428e-06,0.1788257,6.206126e-06,9.70437e-08
ISIC_0027063,0,0.8199129,0.17887516,2.676459e-08,2.1607514e-06,0.0012028165,3.3841811e-06,3.475799e-06
ISIC_0032331,0,0.54647154,0.451481,1.3517839e-05,0.00023797808,0.0017799308,5.5469528e-08,1.5956397e-05
ISIC_0033186,0,0.44395927,0.5560404,1.0792962e-07,2.7610293e-08,1.7424401e-07,5.2315214e-09,2.5241317e-08
ISIC_0030171,0,0.0034087538,0.41279173,1.8028985e-08,1.6002343e-08,0.58379364,2.4036685e-06,3.4170514e-06
ISIC_0028291,0,0.03749151,0.86689335,2.958902e-07,5.9601093e-09,0.09556957,4.328524e-05,1.995813e-06
ISIC_0024898,0,0.21475351,0.7849898,1.4403105e-11,1.2698575e-06,0.00025535305,1.8192159e-08,3.6494008e-08
ISIC_0029538,0,0.9418754,0.058123987,9.972587e-11,1.511455e-07,2.8785217e-07,1.4054124e-08,1.1972647e-07
ISIC_0026113,0,0.09812472,0.901856,9.75494e-07,8.370833e-08,1.2989839e-05,2.0866677e-08,5.226422e-06
ISIC_0032265,0,0.040767193,0.9592304,1.5832129e-10,6.174098e-10,2.3316709e-06,1.5613224e-09,1.25554225e-08
ISIC_0032019,0,0.7432646,0.25630623,0.00041109705,3.0754748e-07,9.476387e-06,5.4150873e-06,2.8281704e-06
ISIC_0024792,0,0.84887224,0.14813794,4.1120156e-09,9.492783e-09,0.0029898328,4.528481e-10,3.6687904e-08
ISIC_0030898,0,0.9995801,1.531922e-05,6.5102427e-07,6.157194e-07,0.00040264617,7.154587e-08,7.090679e-07
ISIC_0027102,0,0.5588389,0.44110432,1.7621022e-07,1.9720358e-06,2.95529e-06,9.279876e-07,5.0772967e-05
ISIC_0028326,0,0.99097973,0.009019988,3.63829e-08,9.794679e-09,9.830375e-08,1.2331104e-08,7.1954176e-08
ISIC_0027060,0,0.20662847,0.79336476,3.3000822e-06,7.508353e-07,2.0460295e-06,1.30552955e-08,7.043348e-07
ISIC_0030818,0,0.9522384,0.047761634,1.5668932e-09,4.460393e-10,7.6140115e-11,1.0239931e-10,3.836016e-10
ISIC_0026360,0,0.99961436,0.00038555937,2.213e-08,1.2038041e-09,1.3942608e-08,1.4490574e-09,3.3705478e-09
ISIC_0025996,0,0.9692364,0.03075879,4.2702406e-09,1.4815996e-09,2.285422e-06,2.5710324e-06,4.2350785e-09
ISIC_0031745,0,0.96811926,0.031880505,1.8244502e-07,3.6912997e-08,2.1222354e-08,7.452329e-10,3.524965e-08
ISIC_0031586,0,0.25308326,0.7469147,3.5017314e-10,7.684552e-08,1.3753527e-06,8.006493e-11,6.064218e-07
ISIC_0031517,0,0.4292085,4.6972433e-05,1.2989197e-08,5.8380698e-05,0.5436363,0.027047647,2.1068172e-06
ISIC_0028022,0,0.025822317,4.9165206e-05,1.2483652e-06,0.065225124,0.002595913,0.90630513,1.0502769e-06
ISIC_0026247,0,0.14162555,0.85766363,0.0006933047,1.7776065e-06,1.4008665e-05,5.3180656e-07,1.2300479e-06
ISIC_0028467,0,0.0011805437,0.9987772,5.5037136e-10,1.4077554e-07,4.1977222e-05,4.7500713e-08,1.500809e-07
ISIC_0029884,0,0.99265975,0.00733216,5.7423226e-09,6.9570465e-06,1.228541e-06,1.6213121e-10,1.2935162e-09
ISIC_0028900,0,0.99953926,0.00045943976,1.7385524e-09,7.965833e-08,1.144577e-06,3.0969186e-12,4.2585155e-10
ISIC_0028087,0,0.0045610303,0.9954268,7.7279645e-07,9.231679e-07,9.156252e-06,1.0338645e-06,1.9649343e-07
ISIC_0026664,0,0.0152814705,0.98210657,5.7498992e-09,0.0002827888,0.0023247236,1.7576381e-06,2.7760677e-06
ISIC_0028415,0,0.7443232,0.24725655,0.00042607638,0.0004136913,9.646151e-06,0.007555818,1.4962153e-05
ISIC_0028041,0,0.8482599,0.12234412,0.00015153714,0.00010026247,0.0011204823,0.02802063,2.9397147e-06
ISIC_0025324,0,0.011797887,0.9881364,8.5392535e-12,6.29892e-10,6.56474e-05,3.2252114e-09,1.9523066e-08
ISIC_0026996,0,0.39427972,0.60478884,7.282861e-07,1.1938482e-07,0.00014642988,6.4459783e-07,0.00078351586
ISIC_0030681,0,0.9998772,1.662874e-05,3.456781e-09,9.0714915e-11,5.402416e-07,0.000105498955,2.8052622e-08
ISIC_0027327,0,0.9804731,0.0014644038,6.0416885e-05,6.273904e-08,0.00022054919,0.017779734,1.7849261e-06
ISIC_0025589,0,0.32767826,0.59091234,0.057005968,0.00022919424,4.9944458e-05,0.024115613,8.670292e-06
ISIC_0029562,0,0.004613347,0.3573951,0.6286262,6.3041036e-05,0.0066011334,0.0026901895,1.1017502e-05
ISIC_0029453,0,0.051406898,0.9482731,0.00025327006,4.785066e-07,6.224753e-05,3.930651e-06,6.222856e-08
ISIC_0034071,0,0.21311231,0.7868843,2.925258e-08,2.4767257e-09,2.9476025e-06,5.9716223e-09,3.4977265e-07
ISIC_0033573,0,0.69639623,0.25885513,4.7560837e-07,7.3654855e-06,0.044701573,3.8168107e-08,3.909738e-05
ISIC_0030575,0,0.002147613,0.99782526,1.4314e-08,2.8966782e-09,2.7160546e-05,1.9325262e-11,8.8766345e-09
ISIC_0033834,0,0.9106031,0.088509485,3.6029766e-07,0.0008845834,4.455795e-07,1.212408e-08,2.0229813e-06
ISIC_0033678,0,0.9929564,0.0070131654,2.0958987e-08,2.979727e-05,9.2862656e-08,2.6274224e-08,4.1931054e-07
ISIC_0034046,0,0.993244,0.0067558913,3.6734797e-08,9.650564e-09,1.4619258e-08,1.065998e-07,9.314494e-10
ISIC_0032550,0,0.9994867,0.0005116461,6.2669385e-09,2.578956e-09,1.4924979e-06,7.694647e-08,2.4049063e-09
ISIC_0033700,0,0.999295,0.00070441863,4.706014e-07,1.002514e-07,2.2009374e-08,9.912894e-09,1.1151335e-09
ISIC_0028746,0,0.97142583,0.014239815,9.555328e-05,2.5239154e-07,0.013779923,0.00045480207,3.8297608e-06
ISIC_0033416,0,0.00067973405,0.99932027,2.0941043e-10,1.6682827e-10,8.719516e-09,9.503902e-11,8.210373e-09
ISIC_0032662,0,0.020468608,0.9795004,5.0036686e-08,3.7593816e-07,2.4078065e-05,2.019676e-08,6.5105605e-06
ISIC_0033452,0,0.0005408681,0.99945885,5.43512e-10,4.4525477e-09,1.9618274e-07,3.5945336e-10,8.749904e-08
ISIC_0033074,0,7.29436e-05,0.99992704,1.4179691e-11,1.3277663e-08,1.9302568e-08,2.8099818e-11,5.519833e-10
ISIC_0034087,0,9.929596e-05,0.99990046,3.2300946e-08,1.601928e-08,1.7927208e-07,9.973859e-09,2.2799146e-08
ISIC_0032722,0,0.0018472845,0.9981527,2.8374674e-09,1.3500823e-09,5.257687e-09,2.9300604e-11,6.2261374e-10
ISIC_0033947,0,0.0045917355,0.66324985,2.6214244e-07,0.004592425,0.32756314,1.788861e-06,7.641817e-07
ISIC_0033881,0,0.48222157,0.023360966,1.9967836e-06,0.0031905363,0.49121442,8.471747e-06,2.013441e-06
ISIC_0033804,0,0.0914155,0.9085548,2.7410172e-07,2.0022246e-06,7.592648e-07,2.3972054e-05,2.803682e-06
ISIC_0033801,0,0.0014124284,0.99858713,7.57106e-08,4.848909e-08,7.522451e-08,2.2481827e-07,3.428934e-08
ISIC_0033216,0,0.08937406,0.91062564,1.0624969e-08,3.77265e-09,4.430965e-08,3.1003353e-08,1.8221752e-07
ISIC_0027100,0,0.41003942,0.00077587983,3.2253833e-05,1.7913062e-06,0.58914787,3.2683298e-09,2.7781468e-06
ISIC_0033902,0,0.9979273,7.1464096e-06,1.0246531e-06,3.2702985e-08,5.5032257e-07,0.002049282,1.4546732e-05
ISIC_0032774,0,0.9999993,4.9872707e-08,7.9989206e-08,2.254733e-11,1.4490625e-09,5.206965e-07,8.253426e-09
ISIC_0033286,0,0.9904373,0.0007084823,3.3156525e-08,0.0080531575,0.00080081297,3.381517e-09,3.111258e-08
ISIC_0032586,0,0.9999814,1.2092179e-05,4.0843823e-10,1.3726112e-09,6.497666e-06,1.0438194e-09,1.0849714e-10
ISIC_0033595,0,0.34711385,0.58657724,0.0002403155,2.7315964e-05,0.06598181,1.0142372e-05,4.9293107e-05
ISIC_0034059,0,0.011497798,0.9710798,3.361857e-08,3.7665612e-07,0.017421603,6.7724336e-08,3.3038344e-07
ISIC_0033063,0,0.99974436,0.00020475013,2.7964306e-10,2.0023276e-09,5.0946466e-05,3.4744985e-09,4.3402535e-09
ISIC_0033578,0,0.706379,0.29332367,7.4253953e-06,0.0001937459,9.374606e-05,8.94466e-11,2.4653634e-06
ISIC_0034100,0,0.43406,0.56416404,1.5005217e-09,7.5781936e-05,0.0016987377,2.2095366e-10,1.4322839e-06
ISIC_0033477,0,0.9993741,0.0006252661,1.7548105e-10,1.2516929e-10,7.228681e-07,2.4972099e-11,5.098364e-10
ISIC_0034092,0,0.9995597,0.00043883148,3.7134618e-07,9.2015006e-07,1.6852854e-07,6.3195604e-10,1.7561328e-08
ISIC_0033863,0,0.387989,0.6120023,2.0454142e-07,4.4430536e-07,7.969064e-06,3.7571713e-08,3.950112e-08
ISIC_0034180,0,0.85558856,0.14435992,1.2452591e-07,1.3295721e-07,5.1204443e-05,9.892096e-09,2.0860031e-09
ISIC_0033267,0,0.007931883,0.9920587,1.7036264e-06,7.524197e-06,2.2875811e-08,1.2607208e-07,3.1892786e-09
ISIC_0034005,0,0.0008858271,0.54301023,0.3673312,3.5531484e-05,0.08833594,0.00012526839,0.00027602157
ISIC_0033651,0,0.99860483,0.0013935165,3.5792436e-09,1.4524797e-07,7.4325297e-09,1.5690223e-06,2.224095e-09
ISIC_0033304,0,0.9999713,2.873489e-05,1.0333185e-08,1.2498458e-08,6.6612307e-09,1.767787e-08,2.8424624e-10
ISIC_0033324,0,0.99955636,8.285201e-06,0.00043210923,2.614359e-10,5.7490215e-08,8.609607e-11,3.1337893e-06
ISIC_0034316,0,0.9989286,6.330741e-05,0.0009931963,3.2206586e-08,6.4797487e-06,3.325758e-09,8.361326e-06
ISIC_0033710,0,0.79545563,0.00015442706,0.20353895,8.626135e-05,0.00051944447,1.7261174e-05,0.00022795585
ISIC_0034022,0,0.006335689,0.9930346,3.8384455e-06,2.0894069e-07,0.0006250546,3.470595e-08,5.963098e-07
ISIC_0033017,0,0.00027057907,0.9996563,8.9206603e-10,1.7369803e-08,7.307004e-05,1.2108286e-11,1.0734118e-08
ISIC_0033874,0,0.011953266,0.9872635,0.0006171256,2.079406e-06,0.00016165113,4.987536e-08,2.3495259e-06
ISIC_0025531,0,1.2469036e-07,1.087715e-05,2.279432e-07,0.99997616,1.197097e-05,1.6492405e-09,6.297712e-07
ISIC_0032836,0,4.503085e-06,0.99999547,6.683822e-11,3.4807444e-09,4.3106684e-08,5.2737214e-11,3.5034822e-10
ISIC_0033444,0,0.007314728,0.99268395,1.7630702e-08,1.71798e-08,5.415601e-07,6.7267706e-07,3.9143636e-08
ISIC_0034183,0,2.090714e-05,0.9999765,4.9825952e-11,2.5572916e-08,2.6187827e-06,2.6730336e-09,1.0336955e-10
ISIC_0032869,0,0.9999938,5.9313556e-06,4.149887e-09,1.7910493e-07,1.2217063e-07,3.6036812e-10,4.2633785e-10
ISIC_0033524,0,0.99986005,5.1146708e-05,3.2898728e-07,1.8049705e-05,6.9672715e-05,6.2026436e-07,4.2539924e-08
ISIC_0034101,0,0.999997,2.4286958e-08,2.6688335e-06,3.2017203e-10,2.4319407e-08,4.9633093e-11,2.6787157e-07
ISIC_0030333,0,0.83034134,0.15092753,1.3976502e-06,3.361532e-08,0.018679269,7.4720697e-07,4.9707407e-05
ISIC_0032695,0,0.9999993,1.6666985e-07,5.7767375e-07,2.2812774e-10,9.87983e-09,3.6596936e-12,4.311587e-09
ISIC_0034036,0,0.99940157,0.00059636595,3.6307623e-07,4.0668192e-07,2.5259405e-07,4.9915197e-08,8.934345e-07
ISIC_0032982,0,8.470976e-05,0.9999124,5.914836e-08,1.6721376e-08,2.0368368e-06,1.1537424e-08,7.686286e-07
ISIC_0033196,0,1.2704061e-05,0.9999832,1.5398685e-06,2.4906851e-06,1.9859629e-08,1.5382157e-10,3.5873093e-09
ISIC_0032653,0,0.390687,0.60042524,0.008842199,6.6890693e-06,9.875674e-06,2.0840154e-05,8.250056e-06
ISIC_0032730,0,0.99505275,0.004945902,2.5602644e-08,6.733148e-08,3.9163788e-07,2.9362686e-09,9.418444e-07
ISIC_0032709,0,0.6066515,0.39333966,2.8794113e-07,3.853356e-06,4.816077e-07,1.5961497e-07,4.0363184e-06
ISIC_0033206,0,0.7142966,0.2843749,7.0216042e-06,2.255287e-06,0.000677927,2.4107356e-07,0.0006411137
ISIC_0033812,0,3.769655e-06,0.9999707,1.2248283e-10,1.048034e-06,2.4524737e-05,1.3181665e-09,6.7214403e-09
ISIC_0033653,0,0.06976844,0.91631997,6.3817495e-08,2.7566553e-08,0.013911461,3.58233e-08,1.1086667e-08
ISIC_0032698,0,0.0008678774,0.0002907298,2.9024557e-06,0.99683005,0.0018917996,7.581493e-05,4.073362e-05
ISIC_0030883,0,0.80309874,0.18343578,5.5424346e-07,0.00048296936,0.012981191,2.5087235e-07,5.51314e-07
ISIC_0032630,0,0.8340262,0.16587058,1.4071123e-06,3.7759419e-06,9.13459e-05,6.6985835e-09,6.6931607e-06
ISIC_0033399,0,0.51987827,0.4798471,1.4584094e-05,9.829221e-05,0.00013776828,1.2989149e-07,2.3821834e-05
ISIC_0032656,0,0.00011098788,0.02086445,0.003545093,0.0015774356,3.546095e-06,4.744982e-08,0.9738985
ISIC_0032592,0,0.0004784078,0.074078776,0.29934815,0.0037439521,0.000268939,3.4077693e-05,0.6220477
ISIC_0028520,0,0.05450973,0.94548804,3.7526735e-08,4.0888763e-09,1.1248159e-06,1.0184042e-08,1.1416154e-06
ISIC_0034000,0,0.5222939,0.47769177,3.4824103e-07,3.3584462e-09,1.2524573e-05,3.1752904e-08,1.3658824e-06
ISIC_0031741,0,0.21287397,0.7871242,1.3153317e-06,3.068925e-08,2.3079957e-07,6.3710184e-09,2.4052747e-07
ISIC_0034216,0,0.9999714,2.8514023e-05,3.118112e-08,1.4035593e-09,1.7445738e-07,1.2236383e-10,4.073636e-10
ISIC_0030150,0,0.14286609,0.6305842,0.015759116,0.00013067639,0.21063638,2.9043346e-08,2.3605424e-05
ISIC_0033122,0,0.0002449905,0.9997547,2.9570675e-09,3.6293755e-09,2.3766937e-07,6.48416e-12,1.28873445e-08
ISIC_0033713,0,0.0045628045,0.99543697,1.02404645e-08,1.4555855e-08,2.4762272e-07,6.642421e-12,3.4292903e-08
ISIC_0033885,0,0.9072091,0.092011206,1.9515855e-06,3.004643e-06,0.0007736852,9.7313766e-08,9.147316e-07
ISIC_0031186,0,0.22658044,2.4878394e-05,6.861441e-08,0.55236155,0.22103281,1.4381655e-07,1.3103616e-07
ISIC_0024929,0,0.96293575,0.037062343,4.1840002e-07,1.4461705e-06,3.245698e-08,5.858652e-09,2.2634913e-08
ISIC_0026268,0,0.001001105,0.44586414,8.347965e-06,0.07775392,0.47517788,3.1152016e-05,0.00016342849
ISIC_0024806,0,0.94705385,0.052894607,2.8432399e-09,6.3173684e-06,3.5947203e-05,9.344945e-06,2.1458307e-08
ISIC_0032424,0,0.012276433,0.95775837,0.000120078366,2.0310868e-06,0.001261853,3.794957e-06,0.028577406
ISIC_0028584,0,0.8818675,0.118052565,5.1399937e-05,9.735639e-07,3.0720503e-07,3.868734e-09,2.7239292e-05
ISIC_0025520,0,0.7669724,0.2328688,7.612783e-08,6.706307e-06,0.00013208261,1.5615728e-05,4.2789743e-06
ISIC_0032466,0,0.0023870335,0.9976078,8.5127766e-07,4.9077098e-08,3.0223387e-06,4.5849902e-07,8.2917734e-07
ISIC_0028465,0,0.0066181426,0.9933711,4.2580803e-11,1.6920119e-07,1.0634882e-05,2.1395245e-08,2.0413305e-08
ISIC_0026770,0,0.20654324,0.79345584,6.07518e-10,1.3223711e-08,8.750199e-07,1.3762503e-08,2.9339207e-08
ISIC_0029914,0,0.9987275,0.0012724887,1.0657465e-08,4.6099253e-09,4.6204445e-09,8.9123553e-10,5.8171077e-09
ISIC_0027622,0,0.42281112,0.5771883,4.995e-07,3.1356167e-09,1.3149457e-10,1.5062325e-11,9.97179e-10
ISIC_0031408,0,0.0023456076,0.997638,1.0743486e-06,1.1701041e-05,2.705101e-06,4.4026513e-07,4.628544e-07
ISIC_0025313,0,0.006608114,0.99338335,2.085419e-06,3.9427646e-06,6.706136e-07,5.4332006e-08,1.8189245e-06
ISIC_0024701,0,0.0025631716,0.99548775,1.0196967e-06,1.1605794e-05,0.0019348977,9.820472e-08,1.4501286e-06
ISIC_0030390,0,2.5356481e-05,0.9986681,2.4860174e-06,4.965652e-05,0.0012516263,5.1853235e-08,2.7897356e-06
ISIC_0027561,0,9.7681535e-05,0.010873365,2.4873669e-05,8.7450167e-07,0.9889993,2.8038425e-09,3.861674e-06
ISIC_0030754,0,0.0006043537,0.99921334,2.1139042e-10,2.26572e-08,0.00018056887,5.2208737e-08,1.6602578e-06
ISIC_0026954,0,0.0014573914,0.9984675,3.8076348e-06,3.9696748e-05,3.0325296e-05,6.1593914e-07,5.4151343e-07
ISIC_0028760,0,1.3773674e-05,0.9999833,1.5641933e-07,5.907374e-08,1.4190304e-08,9.322214e-10,2.7297442e-06
ISIC_0027620,0,0.03215224,0.9678476,1.0534727e-10,1.8956907e-08,8.280084e-08,5.696884e-08,4.4766892e-08
ISIC_0027407,0,0.9992586,0.00044058566,1.8755681e-07,2.316468e-05,0.00025251397,2.4861154e-05,4.7362082e-08
ISIC_0031077,0,2.6150221e-06,0.9999795,4.4523953e-09,7.449287e-07,1.7143055e-05,1.5867613e-08,2.7049492e-08
ISIC_0029056,0,0.005030841,0.9895187,0.0019866237,6.878236e-06,0.003326147,1.0804365e-06,0.00012978402
ISIC_0032036,0,0.43874475,0.08501758,4.736622e-06,6.6077946e-06,0.47622612,9.359676e-08,1.2968947e-07
ISIC_0024644,0,0.028319232,0.010653504,0.015307505,6.712106e-05,0.9456384,2.0630068e-08,1.423563e-05
ISIC_0028228,0,0.8601955,0.013704313,6.734837e-09,1.015699e-10,0.12609993,1.3823278e-09,2.2611198e-07
ISIC_0029937,0,6.961358e-06,0.9999918,2.3346476e-09,2.066712e-08,1.0785627e-06,6.105488e-08,1.2612923e-08
ISIC_0025651,0,0.45400333,0.006876585,0.07773179,0.43170643,0.015171004,0.013852019,0.0006587943
ISIC_0027900,0,2.0186424e-05,0.99997985,8.901228e-10,4.7998587e-09,1.3025256e-09,3.77925e-08,7.580672e-10
ISIC_0030501,0,0.03002278,0.96994936,1.2312595e-06,2.4419112e-05,2.1574415e-06,1.9853022e-10,5.3842474e-08
ISIC_0028017,0,0.023433533,0.9762189,5.047162e-08,8.7562654e-08,0.00034297226,3.0417996e-07,4.0542786e-06
ISIC_0029146,0,0.46294716,0.001130367,1.3687645e-05,0.5355063,0.00040220507,3.9359897e-08,2.0598462e-07
ISIC_0032420,0,0.99979097,0.00016414584,5.6528894e-08,8.918438e-07,4.4004584e-05,2.6062004e-09,1.8756225e-09
ISIC_0025268,0,0.99760014,0.002188882,0.00019681647,3.2849687e-06,9.3777135e-06,2.0138151e-09,1.5871109e-06
ISIC_0029744,0,0.99972004,1.478582e-05,3.0981857e-06,1.1708815e-08,1.3742913e-06,0.00020923809,5.1311166e-05
ISIC_0031494,0,0.00036972843,0.99950004,6.212265e-05,3.6238396e-06,3.0498264e-05,3.396459e-05,1.2079626e-07
ISIC_0028306,0,0.0009459917,0.99890065,0.00013294189,2.2662666e-06,1.0467104e-05,7.421064e-06,3.0251195e-07
ISIC_0026811,0,0.108741455,0.593627,4.010931e-05,0.19979602,0.097757876,8.838855e-06,2.8797476e-05
ISIC_0026604,0,0.0003664345,6.701716e-05,8.964952e-09,4.7393764e-06,0.99955994,4.8050072e-08,1.7533235e-06
ISIC_0031146,0,3.0460771e-05,0.99996936,2.6723517e-09,1.1245706e-07,1.0718577e-07,1.9088723e-08,9.2915686e-10
ISIC_0027517,0,0.023252612,0.008334878,6.748888e-05,0.00018649852,0.96663505,4.150726e-05,0.0014819475
ISIC_0026229,0,0.98114437,0.00603381,0.00024534797,0.009870964,0.00015059522,0.0018650915,0.00068977673
ISIC_0029995,0,0.5631478,0.008371603,0.00023005324,6.391947e-05,0.0005035446,0.4276773,5.786481e-06
ISIC_0031908,0,0.99979943,0.00020062737,1.4696207e-10,1.8464323e-09,3.9976445e-08,1.0044069e-09,2.8081457e-10
ISIC_0026897,0,0.9994573,0.00054268003,8.592636e-09,5.3299317e-08,2.6654575e-08,5.5257727e-09,3.1071695e-10
ISIC_0026586,0,0.0028236702,0.99512696,2.4078178e-08,5.3264002e-06,0.002041794,2.1093088e-06,2.2270966e-08
ISIC_0027101,0,0.018520085,0.8438527,0.003515927,0.09125857,0.0039364947,0.038711317,0.00020498941
ISIC_0025732,0,0.8720956,0.12413461,1.133715e-07,8.514129e-08,0.003769316,6.2558954e-08,1.9652195e-07
ISIC_0025195,0,0.006580887,0.9889126,2.5344963e-07,4.5215493e-06,0.004480725,1.8601948e-05,2.4859712e-06
ISIC_0026652,0,0.0026408692,0.26285425,0.004231545,0.09589974,0.016720155,0.6170623,0.00059119595
ISIC_0028709,0,0.00013167417,0.351065,0.64876467,7.955389e-07,3.753501e-05,5.888451e-09,3.2776293e-07
ISIC_0024647,0,0.2564211,0.0018572682,0.0001409547,0.14086339,0.60071254,4.2596585e-06,5.7733433e-07
ISIC_0030183,0,5.2653755e-05,0.9999125,2.1952723e-05,1.4437155e-08,1.2908379e-05,1.02826504e-10,1.4556532e-10
ISIC_0032269,0,0.75653476,0.048306815,8.01386e-05,0.009052779,0.18602182,3.1886461e-06,4.913887e-07
ISIC_0028218,0,0.13463828,0.4718186,0.00012674947,0.005792337,0.38760823,1.383813e-05,2.0169825e-06
ISIC_0031410,0,0.9922443,0.0058281287,0.0013566749,5.0674307e-06,9.128381e-06,0.0003770474,0.00017978242
ISIC_0025573,0,0.93799824,0.06200153,2.4608569e-09,1.4561362e-09,1.7884872e-07,3.5164354e-11,1.1830675e-09
ISIC_0029705,0,0.029227661,0.9682138,0.00011979216,0.00041833354,0.0006343787,0.0013624391,2.368448e-05
ISIC_0027590,0,0.66090363,0.26804328,1.1706419e-05,8.678325e-06,0.07102274,6.091424e-08,9.905855e-06
ISIC_0029271,0,0.0024436652,0.004787545,0.002371587,3.7919492e-06,0.9903908,5.021416e-07,2.0815412e-06
ISIC_0026802,0,0.795606,0.20361821,0.00028251368,0.0004359733,5.183232e-05,5.0123543e-08,5.3215117e-06
ISIC_0032232,0,0.012668239,0.9839401,9.882226e-05,0.0006847157,0.0025673008,1.0026491e-06,3.9668914e-05
ISIC_0031005,0,0.037645157,0.0041668527,0.046078898,0.002709837,0.9093934,1.7042995e-08,5.8256564e-06
ISIC_0030507,0,0.00707339,0.58376235,0.23521765,3.4531204e-05,0.17390966,8.231801e-09,2.381976e-06
ISIC_0028897,0,0.9704874,0.021513019,4.6382465e-07,0.0031563318,0.004839589,2.3341402e-06,7.73068e-07
ISIC_0028930,0,0.35940978,0.36219567,0.27562028,3.1342308e-05,0.0025701085,3.857483e-07,0.00017239028
ISIC_0031389,0,0.72774833,0.24981374,0.0015183669,6.136257e-08,0.020029413,9.353477e-09,0.0008901227
ISIC_0028285,0,0.042690583,0.039359275,2.983822e-07,0.0012936039,0.9166511,9.953791e-10,5.121663e-06
ISIC_0026647,0,0.12689848,0.0013374179,3.8829192e-05,2.2051745e-05,0.87169945,1.8884503e-08,3.715526e-06
ISIC_0027359,0,0.2611145,0.2447203,2.5738824e-05,7.415404e-08,0.4941381,3.5655805e-07,9.078532e-07
ISIC_0030929,0,0.20324108,0.24051839,1.7139319e-06,3.1694167e-08,0.55623704,2.999393e-08,1.6603759e-06
ISIC_0025188,0,0.9900204,0.0046179355,1.5951919e-08,0.00019993562,0.0051606726,2.9972314e-09,1.0071165e-06
ISIC_0031844,0,0.02332096,0.97642994,5.404077e-06,6.67505e-09,0.00024336399,1.6329376e-07,2.3711385e-07
ISIC_0027797,0,0.0005844169,0.99941444,1.1987573e-08,7.588643e-08,9.824992e-07,3.323964e-08,6.304961e-08
ISIC_0029486,6,0.0059124595,0.26471546,0.00030373465,0.0028863363,0.7031063,0.021811564,0.0012641189
ISIC_0031901,6,0.15633906,0.61902326,1.9869178e-05,0.058893915,0.037357975,0.12773792,0.00062794023
ISIC_0030770,6,0.0025260586,0.9771413,3.9195707e-05,1.7763271e-07,7.1934395e-05,0.0001503669,0.0200708
ISIC_0032240,6,1.1217395e-07,5.776228e-07,6.738922e-05,2.1497433e-09,1.6082266e-05,0.00013830178,0.9997776
ISIC_0026163,6,1.2079185e-10,3.8760145e-06,9.7884055e-11,2.3649195e-12,1.3410728e-12,7.0930774e-12,0.99999607
ISIC_0025807,6,3.813407e-07,0.09459276,3.483688e-06,9.992028e-09,4.5913556e-08,1.4792143e-07,0.90540326
ISIC_0027903,6,0.97225404,0.0011185085,0.0016659705,0.017642643,2.0520974e-06,0.006290006,0.0010268079
ISIC_0027159,6,0.0016574616,0.024836594,0.3963411,1.722154e-08,9.783002e-05,0.07844782,0.4986192
ISIC_0028188,6,4.6424107e-06,0.0025854832,6.560291e-08,5.9348117e-06,0.00045128705,3.1066445e-06,0.9969495
ISIC_0025677,6,6.1139103e-09,6.2369436e-06,2.22772e-12,1.4908507e-11,8.388876e-08,3.438335e-10,0.9999937
ISIC_0025596,6,2.4316726e-09,2.0375852e-07,1.2994237e-11,2.4630653e-12,8.8414875e-10,3.5248553e-12,0.99999976
ISIC_0027790,6,3.2040057e-06,0.0007396782,7.130277e-05,2.0884682e-08,3.1676293e-06,5.408941e-07,0.99918205
ISIC_0029099,6,9.656541e-07,0.020671705,0.95315963,9.686604e-06,0.006002021,1.1076775e-05,0.020144956
ISIC_0025249,6,3.0709543e-08,0.0019791143,2.2598128e-06,6.2300316e-09,0.82161975,0.15589127,0.0205076
ISIC_0027937,6,5.8394556e-10,5.953953e-08,1.4656047e-09,1.6059605e-08,2.04438e-09,6.2828034e-11,0.9999999
ISIC_0025680,6,1.67763e-07,4.1590345e-05,2.4459157e-10,6.89625e-10,3.82098e-09,3.7770534e-10,0.9999583
ISIC_0028155,2,0.29575527,0.01098434,0.060227655,0.103217185,0.48843014,0.016351968,0.025033452
ISIC_0024457,2,8.834192e-06,0.0022172872,0.99754626,1.3402471e-08,0.00022758554,6.7967583e-09,1.02732285e-08
ISIC_0027135,2,5.779784e-14,4.877876e-10,1.0,4.173299e-12,7.4125526e-13,1.4764165e-15,5.4717676e-12
ISIC_0028495,2,2.0127892e-07,2.8103418e-06,0.9999887,9.99956e-07,5.419845e-06,2.7551894e-09,1.914541e-06
ISIC_0030574,2,0.17376067,0.14836891,0.66344553,0.00034230138,0.0032196683,2.5669233e-06,0.010860398
ISIC_0024590,2,3.4806754e-12,1.1375912e-09,1.0,1.3239351e-09,1.8575415e-10,1.3343001e-14,4.7344875e-13
ISIC_0028085,2,1.3118251e-08,6.446358e-05,0.9998666,6.002541e-08,8.328729e-06,6.0507824e-05,4.972922e-08
ISIC_0025691,2,0.00012357598,0.95916724,0.03968937,1.8995385e-06,6.818334e-05,0.0008549506,9.478975e-05
ISIC_0030335,2,1.1773881e-07,1.2256387e-06,0.9999987,6.686305e-11,7.819311e-09,2.1396115e-08,1.7711149e-09
ISIC_0025793,2,0.00024179491,0.013158857,0.9767769,3.0186123e-07,0.009540729,0.00027718727,4.1952894e-06
ISIC_0030766,2,0.024484249,0.44005564,0.53542,1.0265801e-06,2.1516158e-05,1.6171234e-05,1.454899e-06
ISIC_0027117,2,0.00017960492,0.047043484,0.94731295,3.3533022e-06,0.0028267503,0.0025813973,5.2383282e-05
ISIC_0031762,2,3.6002507e-10,2.507169e-07,0.9998425,0.00015691614,1.379816e-07,1.0121321e-11,6.219567e-08
ISIC_0028106,2,5.1216673e-15,7.603027e-13,1.0,3.7902183e-16,1.1087971e-14,1.6363831e-16,1.3732022e-13
ISIC_0032415,2,0.00026759866,0.0006660439,0.999035,1.1456388e-05,5.9290205e-06,7.3074666e-08,1.3989834e-05
ISIC_0030177,2,0.26199722,0.004078213,0.71193707,7.473202e-08,1.01360726e-07,1.544138e-10,0.0219872
ISIC_0028095,2,0.0800382,0.18868755,0.7284931,0.002336624,0.00041295128,1.6629085e-05,1.502585e-05
ISIC_0032414,2,0.0029223133,0.083662674,0.833367,0.0023121105,0.07770814,1.1769354e-05,1.601003e-05
ISIC_0031640,2,0.013634155,0.04756326,0.9130587,0.00050751655,0.024406152,0.00032262024,0.0005076177
ISIC_0026230,2,0.00031881494,0.00045343,0.999198,1.9487482e-08,2.9711025e-05,3.8112017e-08,3.5810348e-09
ISIC_0026395,2,0.0915963,0.89203584,0.01619903,1.7144955e-06,0.00016069849,1.2657906e-06,5.151088e-06
ISIC_0024504,2,5.078332e-11,1.4472549e-08,0.9999999,5.8852272e-08,1.5843233e-11,6.53586e-15,5.985373e-10
ISIC_0025600,2,8.3667355e-06,7.4072736e-06,0.9995369,1.2993524e-07,1.1871083e-06,2.837305e-11,0.000446114
ISIC_0027478,2,4.0137036e-07,7.6079374e-07,0.9999989,6.2452965e-10,1.5727829e-09,9.032159e-11,3.1011663e-10
ISIC_0024572,2,0.0005198974,0.042989373,0.1979025,5.684115e-07,0.00078601495,4.926532e-08,0.7578016
ISIC_0026324,2,4.5497327e-06,5.9737762e-05,0.9679951,0.009369858,0.022526655,2.4381374e-05,1.9621873e-05
ISIC_0025700,2,5.2124897e-06,1.5988735e-05,0.82864386,0.021972295,0.14925665,0.00010186545,4.1810104e-06
ISIC_0028980,2,3.9105917e-08,9.276276e-08,0.9999213,8.803846e-07,7.770702e-05,6.323062e-11,3.2001317e-08
ISIC_0029020,2,2.9008056e-11,9.696983e-09,0.9999993,8.4474955e-08,5.007051e-07,8.1523216e-10,1.09528685e-07
ISIC_0033271,2,1.1823592e-05,1.6114909e-06,0.9999862,5.7977527e-08,1.1189602e-07,1.952674e-07,3.952638e-08
ISIC_0033575,2,1.3185543e-05,2.7459826e-06,0.99998057,1.90869e-06,1.4378913e-06,2.5552234e-09,1.6142327e-07
ISIC_0032894,2,1.4451632e-07,8.3633284e-07,0.9999988,1.0116594e-07,1.4725222e-08,2.4974598e-08,9.588179e-08
ISIC_0027544,2,3.944466e-09,5.6983836e-08,0.9999999,6.329394e-09,4.0836753e-08,2.3043956e-10,5.5919274e-09
ISIC_0033666,2,0.00035186927,0.0058384584,0.992378,1.25032e-05,0.0013869473,2.7745571e-05,4.5486636e-06
ISIC_0033218,2,8.162791e-06,0.0073270686,0.6309345,0.19565734,0.16119488,9.344737e-06,0.0048688063
ISIC_0033054,2,0.0005586911,0.0024319233,0.96372896,0.0005715246,0.022114648,0.0007236968,0.009870611
ISIC_0034161,2,4.2923579e-10,1.0351117e-06,0.9999989,3.8650627e-10,2.6286419e-12,2.9307565e-12,1.956927e-09
ISIC_0033747,2,8.514301e-08,5.0543586e-05,0.99994934,3.7665487e-08,9.400979e-10,1.4458401e-09,1.544605e-10
ISIC_0024666,2,6.1736455e-06,6.3930944e-05,0.99991333,6.9238017e-06,9.38458e-06,1.6562058e-07,1.9824977e-08
ISIC_0028890,2,1.2948564e-06,2.6816504e-05,0.9999647,2.1410239e-07,6.9496477e-06,3.6666382e-08,3.9011884e-08
ISIC_0025752,2,0.0034598024,0.0003446591,0.99593335,7.0217415e-05,0.00017770844,7.840699e-06,6.5421023e-06
ISIC_0032611,2,0.017762225,5.9844777e-05,0.98210275,3.8333288e-05,3.6851263e-05,6.5789143e-09,1.8829224e-08
ISIC_0033499,2,0.00028971472,9.230263e-06,0.9995845,9.956456e-05,1.5744043e-05,7.868651e-09,1.3159867e-06
ISIC_0027814,2,3.9302225e-08,0.02457206,0.08673745,0.88865364,3.3805223e-05,9.724013e-07,1.965322e-06
ISIC_0031026,2,3.3360195e-06,0.00053613103,0.986803,6.3832346e-07,0.012656653,1.0352893e-08,2.0282366e-07
ISIC_0032146,2,0.13604315,0.20722222,0.6565057,2.154732e-05,5.8411206e-05,2.568047e-06,0.00014636674
ISIC_0024848,2,2.3775781e-09,1.7532807e-12,1.0,1.4564896e-09,6.4564985e-12,5.639337e-12,1.4289208e-09
ISIC_0028316,2,2.422297e-10,9.143709e-07,0.9996145,0.00038459944,3.668963e-08,5.0316618e-09,9.2433644e-10
ISIC_0025144,2,5.2116116e-09,1.1583281e-08,0.9999995,1.6504183e-07,3.1919984e-07,5.300954e-10,1.2059412e-09
ISIC_0025301,2,1.1189534e-09,7.3068584e-08,0.99999833,7.0338956e-08,1.5735405e-06,6.069999e-11,3.909958e-09
ISIC_0028486,2,5.211489e-07,0.011551417,0.9884466,1.3905418e-06,1.672601e-08,7.5410796e-08,1.6314047e-08
ISIC_0027371,2,8.466456e-08,0.5934282,0.4065617,6.2988175e-09,9.98929e-06,1.153695e-10,1.4151676e-08
ISIC_0028765,2,1.36763855e-11,1.6832786e-09,0.9999999,2.8382202e-10,1.1629791e-07,1.1490155e-13,3.785945e-10
ISIC_0025046,2,0.43644232,0.3609861,0.10918615,0.0004641066,0.01436304,6.7076603e-06,0.07855164
ISIC_0024665,2,0.0074912226,0.022918057,0.9108747,0.00014323306,1.95585e-05,0.0002323581,0.058320865
ISIC_0025433,2,6.800679e-07,0.63757265,0.07975812,0.00021276774,0.28244707,9.0947003e-07,7.86865e-06
ISIC_0030528,2,8.971994e-09,0.010084869,0.03347181,0.95204484,0.0043914528,1.36625e-09,7.071889e-06
ISIC_0031266,2,8.375045e-05,0.13963175,0.8591563,2.4914789e-06,0.0011072485,1.8007897e-05,4.5115948e-07
ISIC_0026056,2,1.0822372e-06,3.464211e-05,0.9998555,9.910527e-06,5.0899457e-06,3.9887388e-07,9.32873e-05
ISIC_0026156,2,8.0395915e-07,7.246223e-05,0.999689,1.3344957e-05,0.00022438623,4.7298747e-09,1.771867e-09
ISIC_0027966,2,3.6617525e-08,0.08909413,0.9105424,5.0093972e-06,0.0002654039,8.0154095e-05,1.2888742e-05
ISIC_0024448,2,2.903532e-12,1.033977e-06,0.9999989,2.0865696e-09,2.9073337e-12,3.9624286e-14,2.8368427e-10
ISIC_0032022,2,1.6636654e-11,3.6555736e-07,0.9999995,1.6380277e-07,3.1840067e-10,1.865888e-11,1.3728083e-10
ISIC_0028989,2,5.099691e-06,0.45704642,0.40505007,0.05595608,0.08176022,0.00016848283,1.3723884e-05
ISIC_0032290,2,3.966703e-09,0.0004260116,0.9913502,0.008093657,3.7212924e-06,2.4708973e-08,0.00012629284
ISIC_0028973,2,6.5246164e-10,2.4482741e-08,0.99999785,1.18569616e-07,1.9434422e-08,1.9540187e-06,3.1449823e-09
ISIC_0029082,2,1.1461055e-09,2.0399448e-06,0.999997,1.4605365e-08,8.628745e-07,1.0609646e-07,8.706138e-09
ISIC_0030690,2,2.195392e-09,1.5509926e-05,0.9999844,5.7369547e-08,2.4968712e-08,7.339406e-10,3.263036e-09
ISIC_0027473,2,1.608545e-06,1.568677e-05,0.99955255,0.00042977117,3.453651e-08,4.701746e-12,3.4768914e-07
ISIC_0025362,2,3.097381e-07,1.7059369e-06,0.9314616,0.06806749,0.00046873488,5.992134e-08,1.2446554e-07
ISIC_0027093,2,2.3280988e-08,4.457394e-06,0.9999938,1.6568931e-06,4.38994e-09,1.4939962e-11,7.466475e-08
ISIC_0030964,2,2.0732823e-05,0.001646877,0.9708855,0.00091979984,0.026517365,2.1601952e-06,7.5941543e-06
ISIC_0027229,2,0.0004076387,0.07661463,0.9228675,3.060076e-06,0.00010680607,4.5097675e-08,2.9096884e-07
ISIC_0027004,2,6.047474e-07,0.0004416072,0.9995345,6.5541464e-08,2.319938e-05,6.139732e-11,2.213515e-08
ISIC_0026433,2,2.27014e-08,0.00061338756,0.99931204,5.763512e-08,7.43944e-05,1.314506e-11,1.04463695e-07
ISIC_0027722,2,6.506721e-09,4.469429e-07,0.9999783,2.8628453e-06,8.703273e-06,5.127212e-09,9.6287495e-06
ISIC_0028303,2,4.4275927e-11,6.624374e-09,1.0,4.222279e-10,5.939234e-11,1.303506e-13,1.9768196e-09
ISIC_0025630,2,4.2793e-06,0.044145003,0.011095453,0.0012406827,0.0080224,3.8061657e-07,0.93549174
ISIC_0030514,2,2.163122e-06,0.00031885842,0.9734153,0.010759123,0.014239018,0.0001334239,0.001132091
ISIC_0024345,2,5.361165e-09,2.5050307e-05,0.9380648,0.0009889817,0.060912903,2.9568423e-07,7.961536e-06
ISIC_0031651,2,2.2742336e-07,0.0059680273,0.029070599,0.9601941,0.0047601503,4.76598e-06,2.051293e-06
ISIC_0028928,2,3.5914414e-07,0.35411307,0.46158722,0.000376377,0.18342075,5.579511e-06,0.00049663027
ISIC_0031378,2,6.410257e-05,0.8317925,0.16657767,6.6863106e-07,0.0014627245,6.961421e-05,3.2713204e-05
ISIC_0028350,2,1.46564e-08,6.6555765e-07,0.99999666,5.366508e-07,2.1888118e-06,7.239861e-10,1.5943111e-09
ISIC_0029342,2,6.6748036e-08,0.0008867982,0.9990048,5.8309004e-05,4.977958e-05,9.420185e-08,1.4756934e-07
ISIC_0028577,2,8.492283e-09,3.6423043e-07,0.9996934,0.000305127,1.2146377e-06,5.0326583e-11,5.0939708e-08
ISIC_0030339,2,2.443354e-06,0.004831211,0.81643414,0.07678844,0.0029437519,0.098201625,0.0007983649
ISIC_0029545,2,7.627191e-06,0.0049317884,0.9222502,0.06446681,0.008324303,1.317467e-05,6.055406e-06
ISIC_0032222,2,0.002012671,0.020267555,5.2217405e-05,0.034090176,0.94357145,5.773277e-06,1.848682e-07
ISIC_0025019,2,0.000267819,0.003250892,0.93563616,0.054061353,0.006733564,4.922835e-05,1.0058618e-06
ISIC_0026090,2,7.0941685e-05,0.017803062,0.007271172,0.025001995,0.9490821,1.32927335e-05,0.00075743976
ISIC_0025285,2,2.4025294e-06,0.021166056,0.14584091,0.7804985,0.05248317,4.0220452e-06,4.9437003e-06
ISIC_0027920,2,5.1093702e-05,0.24128033,0.7134856,0.04272817,0.0024544974,2.151638e-08,2.7159248e-07
ISIC_0024411,2,6.542795e-05,0.2856529,0.5356703,0.16988501,0.008662499,5.89638e-05,4.8268053e-06
ISIC_0025564,2,4.7487283e-05,0.019418318,0.97996545,8.626878e-05,0.00047978276,1.3967808e-06,1.446052e-06
ISIC_0031588,1,1.1109709e-07,0.9999999,1.4245052e-15,4.541533e-13,1.1940656e-08,5.4877197e-11,1.5422462e-09
ISIC_0031503,1,3.1372403e-07,0.9999298,1.4363414e-11,3.3993015e-08,6.474343e-05,2.3641746e-06,2.8114146e-06
ISIC_0029624,1,8.808297e-05,0.99991155,5.106752e-10,5.7770983e-08,3.4000045e-08,3.465198e-07,3.4086132e-09
ISIC_0026555,1,9.1141854e-05,0.99990416,6.895942e-10,5.4801507e-07,4.075278e-06,2.5593838e-09,6.349451e-09
ISIC_0029594,1,1.5401037e-07,0.9999999,1.09637e-11,1.3729927e-09,1.3159848e-08,2.8872653e-12,5.251882e-11
ISIC_0031575,1,1.2108939e-07,0.9999981,1.8814963e-10,1.940184e-11,1.7304949e-06,3.8892262e-10,3.421715e-09
ISIC_0032060,1,3.631902e-06,0.9970546,6.201334e-09,4.6605356e-07,0.0029343893,1.7029835e-08,6.941401e-06
ISIC_0029303,1,7.3403176e-06,0.20974573,1.6691903e-09,1.627942e-08,0.79024684,5.5042115e-08,7.451926e-09
ISIC_0026824,1,3.6340378e-05,0.99996257,4.73785e-10,6.6868475e-09,9.3688783e-07,2.3008764e-09,1.3728395e-07
ISIC_0031403,1,1.4983642e-05,0.99998343,1.839227e-07,1.6615784e-10,7.911382e-08,1.2958368e-06,2.0817987e-09
ISIC_0026011,1,2.3555878e-05,0.9998344,4.5717134e-06,1.0200911e-06,0.00012861252,3.3719346e-08,7.7419745e-06
ISIC_0025338,1,5.1940274e-06,0.9999914,5.480542e-10,1.8000221e-06,4.185506e-07,1.1026193e-06,6.149687e-08
ISIC_0031974,1,4.4568955e-05,0.9999529,5.7260394e-08,1.677058e-07,1.6008714e-06,5.577296e-07,1.1564965e-07
ISIC_0031455,1,2.854053e-06,0.999204,4.8489802e-08,0.0003222263,0.0003528834,0.000117856645,2.2275759e-07
ISIC_0028446,1,2.8339824e-07,0.99999464,2.1042596e-11,7.1993855e-11,3.937117e-07,1.7461654e-09,4.6299992e-06
ISIC_0025723,1,7.104425e-08,0.9999999,4.059377e-11,2.2279508e-08,8.7668056e-08,1.2353282e-10,1.0823984e-08
ISIC_0024872,1,0.0046421546,0.9952791,7.7572746e-05,8.657484e-12,1.1877149e-06,4.308926e-13,1.2739738e-09
ISIC_0028879,1,2.207611e-07,0.99995565,8.671253e-10,1.0376013e-09,4.402963e-05,9.713937e-10,4.2116802e-08
ISIC_0029540,1,9.4926276e-05,0.993993,0.0056534396,5.3310143e-09,0.00023987838,1.7500188e-06,1.6984013e-05
ISIC_0032048,1,9.258116e-07,0.99978,4.5358888e-08,6.5896705e-07,0.0002161822,8.0634675e-07,1.3241041e-06
ISIC_0031100,1,7.786122e-05,0.99977523,4.918135e-09,2.0604692e-10,0.00012610939,9.60299e-06,1.1115149e-05
ISIC_0025079,1,3.933707e-05,0.9918997,2.308064e-06,2.9912537e-05,0.0018584051,2.066892e-06,0.00616825
ISIC_0024979,1,2.166694e-06,0.9999778,3.253253e-12,4.9037494e-09,1.9853002e-05,6.0731374e-08,2.476667e-09
ISIC_0025415,1,1.0582574e-07,0.9999999,1.3291481e-15,4.093852e-12,9.470636e-10,5.075383e-13,1.27494465e-11
ISIC_0031207,1,4.5327265e-08,1.0,6.2376126e-10,9.8665796e-09,5.957037e-10,4.552101e-11,6.1561417e-10
ISIC_0031926,1,5.1768925e-06,0.9999734,2.7950314e-08,4.3197727e-07,1.9316256e-05,1.1668205e-06,3.371212e-07
ISIC_0025407,1,6.6401367e-07,0.99999917,4.9373356e-11,8.871576e-12,1.8976183e-07,5.4971777e-10,1.9847338e-08
ISIC_0031297,1,4.1938347e-07,0.99998045,6.3058486e-12,1.5267253e-07,1.8882303e-05,8.5553445e-08,3.5553664e-09
ISIC_0028289,1,1.11823e-09,1.0,7.4867944e-13,7.0860706e-13,8.782802e-09,2.4500113e-09,5.668927e-09
ISIC_0031164,1,0.0001370166,0.9998275,1.2401953e-10,2.2708086e-08,6.3166694e-06,3.6341167e-08,2.9139486e-05
ISIC_0029685,1,5.8707434e-07,0.99997485,6.714729e-07,2.0936992e-09,2.3052977e-05,7.958204e-07,6.2039085e-08
ISIC_0029373,1,7.820742e-06,0.99966896,5.365969e-12,3.7937104e-07,0.00024391088,6.798516e-05,1.1044277e-05
ISIC_0030421,1,4.5236297e-07,0.9999894,1.4421686e-13,1.457565e-11,1.0196709e-05,3.547459e-09,1.8631015e-08
ISIC_0027634,1,1.8030046e-06,0.9999981,2.6856486e-12,5.5807723e-09,2.6438455e-08,1.4960402e-09,4.76294e-08
ISIC_0024357,1,3.8512283e-08,0.99998844,7.48644e-12,2.6878789e-11,1.1469105e-05,4.0265618e-09,2.154536e-09
ISIC_0031332,1,7.9752845e-06,0.9994691,4.0080123e-11,1.2013659e-08,0.0005229344,4.668109e-10,3.9030493e-08
ISIC_0031966,1,8.416638e-08,0.9999999,2.2931241e-09,5.666931e-11,7.4272424e-09,7.26372e-09,5.3045525e-08
ISIC_0027585,1,3.8295428e-07,0.9979863,6.791008e-09,0.00020419077,0.0002592799,1.3236458e-08,0.0015498067
ISIC_0025487,1,1.31777415e-05,0.99998665,4.038408e-09,3.2252412e-10,1.8661522e-07,4.5124353e-09,6.6285166e-10
ISIC_0025416,1,2.2358655e-07,0.99999976,1.9047066e-13,7.576558e-14,2.5248863e-09,2.9356628e-10,3.4851386e-12
ISIC_0027339,1,2.4390636e-06,0.99999285,5.4794347e-09,2.4298532e-12,4.745084e-06,5.2375384e-08,6.219096e-10
ISIC_0026557,1,0.00029986634,0.99965227,6.831864e-08,1.532367e-09,4.5459517e-05,1.7913214e-06,6.091939e-07
ISIC_0032490,1,9.0608755e-06,0.9999845,9.622915e-10,7.345029e-08,6.1128667e-06,1.3530682e-07,1.0546001e-07
ISIC_0025325,1,2.3953464e-09,0.9998752,8.6185026e-14,4.957057e-11,0.000124535,7.034468e-11,2.1905642e-07
ISIC_0027717,1,0.00018487524,0.9995134,9.456776e-09,3.6548542e-08,0.00030167465,1.6976212e-11,3.0291236e-09
ISIC_0025636,1,8.512131e-08,0.99999964,1.7764154e-12,1.129759e-09,2.3267107e-07,1.3558428e-09,6.0215094e-10
ISIC_0026214,1,4.074933e-05,0.9996674,6.3819024e-13,4.802571e-09,0.00029185583,2.7742459e-08,7.125845e-09
ISIC_0024407,1,0.0031518748,0.9968105,4.852236e-07,2.667824e-06,9.448575e-06,2.3385672e-05,1.6646279e-06
ISIC_0028395,1,1.1416877e-07,0.99998283,2.0531718e-10,4.4132724e-07,1.6269376e-05,2.3502194e-07,8.867356e-08
ISIC_0026621,1,2.3662439e-07,0.7383137,2.9118567e-07,5.0724003e-07,0.25731108,9.332652e-05,0.00428081
ISIC_0029239,1,1.6374785e-09,1.0,8.4154255e-14,1.010725e-11,8.8974855e-10,7.4176235e-11,4.1485337e-10
ISIC_0030541,1,9.466583e-08,0.9997557,4.7283927e-14,2.7293348e-09,8.058268e-05,4.1446732e-10,0.00016368671
ISIC_0027836,1,6.426408e-07,0.9993326,1.0226168e-09,6.769516e-08,0.00065987813,2.4453544e-07,6.495104e-06
ISIC_0027195,1,2.5679677e-05,0.99947673,1.5502966e-13,8.7467306e-10,0.00049726357,1.2300754e-09,3.696681e-07
ISIC_0029112,1,5.9148193e-09,0.99999964,6.78918e-12,3.2428047e-12,3.7928993e-07,7.046269e-09,1.2001726e-09
ISIC_0029290,1,0.00017268508,0.9997545,2.7318195e-10,4.351536e-06,2.972095e-06,6.491693e-05,4.5354682e-07
ISIC_0025224,1,5.899166e-06,0.9999498,7.2084366e-10,5.066077e-09,4.4261767e-05,1.8479586e-08,1.799983e-08
ISIC_0028034,1,7.918845e-05,0.9998338,7.975519e-13,1.850586e-09,8.690418e-05,3.8384346e-10,2.1233348e-09
ISIC_0029336,1,0.000117776624,0.9997795,8.857558e-06,8.3587125e-05,7.4090863e-06,1.0811161e-08,2.8833556e-06
ISIC_0026914,1,1.0472935e-08,0.9999944,6.996497e-12,2.342875e-09,5.5029855e-06,1.7311022e-10,2.9874645e-08
ISIC_0031453,1,3.169221e-08,0.99999976,3.5579053e-12,3.3224677e-12,3.6686465e-09,2.2896167e-07,1.1034257e-10
ISIC_0030214,1,5.4467046e-07,0.9999994,5.000527e-13,5.3847166e-11,3.7146592e-09,1.4921307e-11,1.899279e-09
ISIC_0025722,1,2.425193e-06,0.9998573,1.948795e-09,1.48044075e-08,0.00014006298,7.309814e-08,6.215224e-08
ISIC_0031099,1,7.067567e-06,0.99999297,2.0417218e-11,8.906788e-12,3.98472e-09,5.984775e-09,2.3092855e-10
ISIC_0026435,1,1.6032325e-07,0.9999957,5.503884e-10,2.1439296e-06,1.7627478e-06,1.8125503e-07,2.683016e-08
ISIC_0026476,1,1.3203418e-05,0.99998677,1.7014722e-12,1.3035071e-08,4.0600042e-08,2.2512694e-09,1.2743366e-08
ISIC_0029892,1,1.8095665e-07,0.9997385,8.200706e-13,7.3890594e-10,0.00026131482,1.1515008e-10,3.3727815e-08
ISIC_0027416,1,0.0029301113,0.9970624,6.0599314e-10,6.7872556e-06,6.564154e-07,1.566802e-08,7.61944e-09
ISIC_0024746,1,2.7707353e-08,0.99998415,1.804227e-09,7.44204e-10,1.5604877e-05,5.009666e-08,2.5427647e-07
ISIC_0029008,1,3.1118398e-06,0.99999666,2.3591624e-09,9.601439e-09,1.89214e-07,1.3492403e-08,8.5698454e-10
ISIC_0031157,1,6.275321e-08,0.99998736,9.492908e-10,5.9544175e-10,1.2613886e-05,8.090635e-10,6.490505e-09
ISIC_0025966,1,1.1702718e-06,0.9996846,4.2692852e-10,1.4523558e-08,0.00030292314,3.1528502e-06,8.275398e-06
ISIC_0031730,1,1.5442627e-07,0.9999646,4.981583e-12,5.930939e-08,3.520296e-05,1.3972868e-08,4.5558535e-09
ISIC_0028270,1,2.765697e-07,0.99999845,4.0611953e-13,2.0229552e-12,1.2366255e-06,9.28493e-10,1.7253868e-10
ISIC_0031330,1,1.2141809e-08,0.99999917,3.927369e-13,9.751036e-11,1.0924368e-07,2.6574799e-07,4.4835076e-07
ISIC_0031151,1,0.00044149323,0.9969098,1.7087878e-08,1.6040478e-05,0.0026303085,7.4693034e-08,2.2577995e-06
ISIC_0024593,1,0.0006210426,0.9993789,1.0017812e-12,7.130606e-11,7.4137835e-10,3.2671617e-09,1.2109881e-09
ISIC_0026520,1,3.1340571e-06,0.9999964,2.2152171e-13,7.2682227e-10,6.191334e-08,9.933414e-08,2.8224406e-07
ISIC_0028111,1,1.2996148e-08,0.99800533,3.2582886e-08,8.210779e-08,0.0019942934,4.9106363e-09,2.5431163e-07
ISIC_0030880,1,4.9431805e-05,0.99994516,6.246382e-09,2.6698825e-09,5.40578e-06,2.1776557e-10,1.8213371e-09
ISIC_0025041,1,2.3128637e-06,0.9999924,4.6175813e-11,5.9854792e-09,5.1942056e-06,1.3359524e-07,1.9809459e-08
ISIC_0026700,1,4.1520252e-05,0.9999585,1.856934e-09,5.8654375e-09,6.8553896e-09,6.919398e-11,3.0874507e-09
ISIC_0031319,1,2.1977974e-06,0.9999974,4.2459222e-10,3.823375e-09,4.5719852e-07,2.890183e-09,9.104621e-10
ISIC_0027572,1,1.0426588e-05,0.9999894,8.036249e-11,6.817788e-12,1.3600726e-07,3.3125163e-13,1.14042685e-10
ISIC_0027886,1,2.756392e-07,0.99999106,6.404107e-12,8.823777e-09,8.663932e-06,4.594858e-10,1.0062204e-08
ISIC_0027932,1,1.572577e-06,0.99987984,8.372955e-09,8.759114e-05,3.0964224e-05,7.243601e-10,9.479963e-10
ISIC_0029918,1,0.0012703751,0.9986363,4.9682503e-09,1.8266352e-05,6.02417e-05,1.0272276e-05,4.617338e-06
ISIC_0027843,1,3.1572214e-05,0.9999672,4.968859e-09,6.347672e-07,3.261378e-07,2.7652834e-07,4.7076973e-09
ISIC_0026185,1,1.8262892e-06,0.9999981,1.1134986e-09,6.163164e-11,3.791123e-08,1.4204786e-08,5.5367327e-08
ISIC_0030041,1,1.4076001e-07,0.999943,1.3965406e-07,6.402438e-10,5.671541e-05,1.8084803e-09,2.260983e-08
ISIC_0031690,1,1.5456655e-07,0.9999999,1.0420562e-09,5.2607148e-11,2.1592794e-09,1.6682905e-10,3.3182235e-09
ISIC_0026594,1,2.0024444e-07,0.99999535,7.9518274e-11,4.2277557e-06,2.8974853e-07,3.140504e-08,2.8238187e-09
ISIC_0027939,1,7.9603217e-07,0.99993575,1.0734394e-08,1.3289047e-09,6.333843e-05,1.05580455e-07,3.186091e-08
ISIC_0024637,1,1.0163308e-05,0.99998987,1.3868306e-13,3.1383102e-10,2.2374962e-09,5.913598e-13,9.828178e-10
ISIC_0030906,1,0.000126916,0.99986994,1.3825138e-06,1.3173055e-08,5.103865e-07,1.1776009e-06,1.5855287e-08
ISIC_0031291,1,2.8405847e-08,1.0,9.054681e-14,1.5702487e-13,5.669695e-09,7.238645e-13,7.6985024e-10
ISIC_0024868,1,1.4259884e-07,0.99999976,2.7079037e-09,1.0863343e-08,8.573801e-09,8.948432e-08,1.2642281e-09
ISIC_0029751,1,5.450473e-08,0.999982,1.2385742e-09,1.451593e-06,1.6451315e-05,3.5343867e-08,5.7694002e-08
ISIC_0026175,1,9.4344e-09,0.9999995,1.8217149e-12,1.3141175e-09,1.5933857e-07,2.9495506e-08,3.6474282e-07
ISIC_0030293,1,2.8203003e-08,0.999374,9.331294e-10,1.1242209e-10,2.8930459e-05,0.00059121277,5.8649193e-06
ISIC_0032426,1,2.1147304e-09,1.0,1.06044416e-10,5.6688994e-11,1.2501505e-09,9.135861e-12,1.032274e-09
ISIC_0028597,1,0.005682544,0.9803398,4.1519513e-10,9.220696e-07,0.013972507,1.8833796e-07,3.9358915e-06
ISIC_0031571,1,7.91511e-05,0.9998865,1.5318207e-08,7.202962e-07,3.6943405e-07,3.318905e-05,6.6254195e-08
ISIC_0024348,1,1.0025641e-06,0.9999813,1.5333017e-12,2.5033725e-12,1.7739816e-05,1.5522781e-09,2.379329e-10
ISIC_0028356,1,3.6255376e-05,0.9999516,1.8815767e-11,3.997027e-11,1.2037579e-05,3.288834e-09,1.0727856e-07
ISIC_0031781,1,1.30505705e-05,0.99998534,3.998645e-13,4.0893987e-08,1.4736559e-06,2.5566251e-09,1.0451015e-07
ISIC_0025878,1,0.015976373,0.98292094,5.9003687e-05,3.5066677e-07,0.0010378675,6.495535e-08,5.3607164e-06
ISIC_0027375,1,0.00022716871,0.9997727,5.4977832e-12,7.671774e-11,5.3807632e-08,9.922249e-13,4.2671705e-10
ISIC_0027145,1,3.6946778e-07,0.9999683,2.63185e-10,2.087906e-10,3.1073938e-05,3.0304965e-09,2.352367e-07
ISIC_0028365,1,1.0498775e-06,0.99998677,3.1781127e-09,2.1723142e-06,9.760235e-06,7.9316315e-10,2.5320347e-07
ISIC_0027251,1,4.6217283e-09,0.999962,4.010289e-14,1.5795188e-09,3.798925e-05,3.2974387e-11,5.159328e-11
ISIC_0030003,1,3.9767933e-08,1.0,2.7167489e-14,1.9670957e-10,1.3363162e-08,9.912204e-10,1.5515011e-10
ISIC_0025298,1,1.2195402e-07,0.9999615,1.3440699e-10,1.3854808e-08,3.823588e-05,6.056128e-08,5.2878706e-09
ISIC_0028705,1,3.4035867e-05,0.9978393,4.994548e-11,7.308528e-08,0.002124204,9.827817e-08,2.2675683e-06
ISIC_0028775,1,1.2232632e-06,0.99959713,4.9269495e-08,3.1536371e-09,0.00027118096,0.00013014047,2.4748837e-07
ISIC_0025080,1,1.0171054e-07,0.99999654,2.9030604e-08,8.1046103e-10,1.4735219e-06,9.401007e-07,8.6661237e-07
ISIC_0030761,1,2.9406317e-06,0.9999951,8.961674e-09,1.5157269e-06,5.377179e-08,5.740122e-09,3.487482e-07
ISIC_0030862,1,0.00017310429,0.9998265,4.194256e-11,1.1412913e-11,3.8494937e-07,6.71614e-09,9.565312e-10
ISIC_0027318,1,8.5023885e-06,0.99999034,3.8332058e-09,7.217924e-09,1.0362259e-06,8.532431e-09,1.1927756e-07
ISIC_0032162,1,0.003048815,0.99695086,1.07840785e-10,7.351246e-10,2.716256e-07,5.6584126e-10,5.1280724e-10
ISIC_0031288,1,1.1536317e-05,0.99580306,6.890476e-10,3.5210093e-10,0.0041852426,6.064313e-08,1.2874926e-08
ISIC_0025947,1,0.0005279999,0.99947065,3.852826e-08,1.9943766e-07,4.915887e-07,6.0300874e-07,4.2342787e-08
ISIC_0030000,1,5.1080933e-06,0.9999918,1.6885514e-09,2.818184e-10,2.9901535e-06,8.641373e-09,1.0798663e-07
ISIC_0026817,1,4.117368e-07,0.9999994,1.741009e-13,4.997068e-12,1.4478141e-07,4.0336837e-10,9.848444e-10
ISIC_0027373,1,4.8734237e-05,0.99992836,1.13257105e-10,5.2931544e-09,1.8137911e-05,4.6378122e-07,4.2393667e-06
ISIC_0031021,1,1.8565703e-06,0.9999528,1.3636041e-08,6.8362965e-10,4.4800818e-05,4.5139402e-07,2.4439089e-08
ISIC_0032073,1,1.4088882e-06,0.9999981,9.214336e-11,3.879143e-10,3.7136732e-07,1.4423877e-07,1.0407579e-08
ISIC_0026733,1,1.758534e-05,0.9999498,4.286417e-06,1.6734518e-07,2.8135511e-05,2.1085759e-08,1.9163462e-08
ISIC_0027157,1,9.0909765e-07,0.99999905,4.2016744e-11,1.7428324e-13,9.679481e-09,2.493897e-10,3.8188424e-12
ISIC_0024649,1,1.9123197e-06,0.9999951,4.780909e-07,2.6150403e-08,1.355248e-06,1.0517072e-06,1.2797945e-07
ISIC_0031437,1,3.1259404e-07,0.99999964,3.2006934e-12,8.9389616e-12,4.651753e-08,1.3355233e-08,1.3950688e-09
ISIC_0025482,1,4.3681825e-06,0.99999535,1.9230579e-11,5.4797407e-09,6.836904e-09,2.2998769e-07,3.9520467e-09
ISIC_0028048,1,6.1165474e-07,0.9997497,1.1210243e-06,3.4236294e-07,0.00023351592,4.958201e-08,1.4676773e-05
ISIC_0027597,1,1.3076314e-07,0.99951005,9.898479e-08,9.984966e-06,0.00047935703,2.101527e-08,3.7500104e-07
ISIC_0032419,1,3.2339776e-05,0.9999616,1.898921e-09,6.5291763e-09,4.06926e-06,2.9625518e-09,2.0297796e-06
ISIC_0025057,1,3.0923982e-06,0.9999969,2.9072461e-11,1.2146019e-12,9.323051e-10,8.0388085e-11,1.9806042e-11
ISIC_0025664,1,2.100392e-07,0.9999964,2.9134578e-10,2.9232183e-12,3.35376e-06,6.247244e-11,8.989637e-10
ISIC_0030351,1,8.118774e-05,0.9999176,2.164785e-12,1.5136362e-10,1.1207358e-06,8.834133e-11,7.6842435e-09
ISIC_0029266,1,5.310096e-09,0.9986216,2.5494986e-09,1.7197028e-05,0.0013590151,1.9820657e-06,2.5871864e-07
ISIC_0026540,1,3.875398e-07,0.99999857,9.893344e-13,6.66853e-13,1.4673147e-09,1.1216445e-06,1.0294608e-09
ISIC_0025678,1,8.3623053e-10,1.0,1.4787404e-13,1.3012928e-13,3.7031445e-09,4.4530573e-12,3.989657e-11
ISIC_0024815,1,1.5369027e-07,0.99999845,5.798033e-12,3.02952e-08,1.3433728e-06,2.9009375e-10,2.8431876e-08
ISIC_0026269,1,4.5042242e-07,0.99999905,7.702931e-10,2.9155292e-09,1.9679243e-07,3.577602e-07,2.543945e-09
ISIC_0025146,1,0.0026057838,0.99739265,4.6124566e-09,1.560461e-07,1.2413591e-06,9.018208e-08,6.036032e-08
ISIC_0026361,1,1.542659e-07,0.9996934,1.1276173e-10,3.526556e-10,6.478064e-08,0.00030636217,4.0542634e-08
ISIC_0028821,1,0.004148466,0.9952551,3.6037498e-05,0.00026982566,0.00028865473,3.4826058e-07,1.5770929e-06
ISIC_0026651,1,0.00018510717,0.99368024,1.3547823e-07,0.00011138596,0.0060230563,6.9617117e-09,1.4489673e-07
ISIC_0031963,1,2.9082265e-05,0.9999523,1.8840676e-10,2.0364102e-07,2.8738563e-07,9.423592e-06,8.704393e-06
ISIC_0032002,1,3.872538e-08,0.9999999,5.4109207e-11,8.599409e-11,6.402149e-08,1.757516e-08,7.6053e-10
ISIC_0027566,1,0.0032741262,0.9966974,8.788933e-08,9.827582e-09,2.7627339e-05,3.5804444e-08,8.071939e-07
ISIC_0030374,1,2.8564602e-07,0.9999995,3.637998e-10,7.5623036e-11,2.3828866e-07,4.9392264e-09,2.194412e-09
ISIC_0030306,1,2.2239016e-07,0.99998844,5.492848e-12,1.5007692e-10,3.585152e-06,7.7484265e-06,1.4293794e-08
ISIC_0027881,1,8.103308e-05,0.9999039,5.8379506e-13,1.8886571e-10,1.5026682e-05,2.2858533e-08,1.5959036e-09
ISIC_0031734,1,4.5860848e-08,0.9999995,1.339594e-13,4.867577e-13,4.3468842e-07,1.0990649e-10,3.3360637e-11
ISIC_0027910,1,2.41339e-07,0.9999945,1.4172887e-11,1.5138752e-08,4.6979906e-07,4.5390652e-06,1.9681725e-07
ISIC_0030814,1,9.12178e-09,0.99999905,1.6844125e-11,7.136133e-11,9.550331e-07,3.5008163e-10,1.3444757e-08
ISIC_0031504,1,1.8069545e-06,0.99976414,8.7914064e-05,1.2066373e-09,0.00013618071,3.136495e-06,6.8558847e-06
ISIC_0025318,1,0.00014691471,0.99970764,9.518778e-08,3.7659955e-09,0.00011881562,2.3738276e-05,2.7829622e-06
ISIC_0031882,1,3.348533e-08,0.99999976,3.6094536e-10,3.8828905e-09,1.7530223e-07,1.9286472e-10,8.712923e-09
ISIC_0026812,1,1.349358e-08,1.0,1.3574468e-10,2.2868903e-10,2.1860995e-09,2.0522858e-11,1.622126e-08
ISIC_0027605,1,1.1833071e-07,0.9999999,1.8969392e-11,2.6306801e-09,6.028418e-10,4.5306037e-10,9.152583e-09
ISIC_0027307,1,1.629468e-07,0.9999988,2.8851586e-09,1.4851048e-08,1.0808924e-06,1.135189e-08,4.8220067e-10
ISIC_0032005,1,3.0551662e-05,0.9999695,1.9627828e-09,2.1741581e-08,6.014854e-10,4.1173134e-08,5.088788e-10
ISIC_0026731,1,1.2129695e-07,0.9999999,2.3775676e-10,4.5244427e-08,1.769287e-09,1.3775774e-10,6.275737e-11
ISIC_0024555,1,8.9723386e-07,0.99999607,2.4154326e-10,1.0933771e-06,1.3173694e-07,8.241248e-11,1.836494e-06
ISIC_0030239,1,1.7079079e-05,0.9999734,9.1885674e-12,2.660345e-09,9.433664e-06,1.4028348e-08,3.3344424e-08
ISIC_0024776,1,1.3464086e-05,0.9999865,5.5216712e-12,7.009973e-12,8.977456e-09,1.8874741e-13,1.4966557e-10
ISIC_0027019,1,4.074281e-07,0.9999995,1.1028083e-11,1.1648534e-11,1.8419966e-09,1.9844193e-09,9.850123e-09
ISIC_0032241,1,4.178271e-10,0.99735,6.956191e-11,1.758681e-06,0.0026476788,7.634634e-08,4.5211914e-07
ISIC_0029388,1,1.036757e-05,0.99998736,2.4171559e-12,8.5656976e-10,1.858654e-06,2.381934e-08,4.61142e-07
ISIC_0025093,1,2.4204422e-07,0.9999988,8.002419e-10,5.731632e-09,6.191618e-07,6.474941e-08,1.8886051e-07
ISIC_0028105,1,2.6112027e-06,0.99999607,1.3210133e-10,2.2879535e-11,4.5371095e-07,1.2946201e-10,8.597359e-07
ISIC_0031636,1,9.2687704e-05,0.99810517,3.0744542e-09,1.5167157e-07,0.001771919,3.0040423e-09,3.0130406e-05
ISIC_0032088,1,9.1882957e-10,1.0,1.2413914e-14,2.1750686e-10,5.106038e-09,1.7801005e-11,7.404157e-10
ISIC_0025877,1,1.3557197e-08,1.0,1.92979e-12,5.053021e-10,9.247392e-09,7.5189904e-10,1.9405413e-09
ISIC_0027610,1,0.00019908386,0.999273,3.413703e-08,1.6710612e-07,7.0677406e-06,0.00052068004,1.5437413e-08
ISIC_0031172,1,2.3366626e-07,0.99999523,7.991887e-12,2.1709736e-08,4.270026e-06,4.5663084e-10,2.6050108e-07
ISIC_0028403,1,0.006137679,0.9938344,2.9371516e-09,1.8955118e-08,2.7777758e-05,1.7515535e-07,5.299673e-08
ISIC_0031820,1,1.657695e-08,1.0,9.167774e-15,2.939541e-10,4.155457e-09,8.2192406e-11,3.8599706e-09
ISIC_0026929,1,6.006937e-05,0.9997676,7.730995e-10,1.0394474e-05,0.00016190883,4.582591e-08,6.874296e-09
ISIC_0030711,1,1.1900206e-08,0.99999785,5.8942706e-15,2.7506008e-08,2.0825587e-06,1.9444744e-10,4.4979873e-10
ISIC_0032487,1,1.24964145e-05,0.9999875,4.5416477e-14,6.360131e-11,3.5239655e-08,2.8463332e-10,7.617647e-10
ISIC_0027400,1,1.13198205e-07,0.9999999,2.804517e-14,1.6879984e-09,2.9996985e-09,2.020474e-09,2.0910247e-10
ISIC_0024404,1,6.82342e-08,0.9999852,9.794323e-09,1.5770487e-08,1.3722483e-06,1.0958336e-07,1.3202592e-05
ISIC_0029189,1,2.6879074e-05,0.99997306,1.1832493e-11,1.8390824e-10,8.18766e-12,1.498274e-11,5.326997e-09
ISIC_0027309,1,6.862735e-09,0.9999994,8.487048e-12,7.238108e-08,4.564227e-07,2.0017891e-08,2.9173117e-08
ISIC_0028786,1,3.871251e-06,0.99999464,8.2155914e-11,2.0700466e-07,1.2519268e-06,2.4620197e-08,2.6095817e-09
ISIC_0026814,1,4.243565e-08,0.9999999,2.1241134e-12,1.5789039e-09,1.9957325e-08,2.633374e-10,1.7568693e-08
ISIC_0024392,1,5.181195e-05,0.99994814,1.3306888e-13,3.654974e-11,9.6642215e-11,3.2721836e-10,8.1195925e-11
ISIC_0028906,1,1.179715e-07,0.9999999,9.5812445e-15,6.752956e-12,1.1503878e-10,2.9180515e-13,9.200759e-11
ISIC_0024474,1,2.0996662e-09,0.99999976,9.696972e-12,2.3205108e-07,2.2335402e-09,1.8234502e-08,3.6192397e-08
ISIC_0029181,1,3.748449e-08,0.9999999,8.168034e-13,3.5777835e-12,1.8202465e-08,1.9311872e-14,1.2772003e-08
ISIC_0030556,1,0.0033638496,0.99645716,1.8669533e-08,4.5143686e-08,0.00017834161,1.7982528e-07,3.7818427e-07
ISIC_0029167,1,2.1491831e-05,0.9999784,2.464332e-13,8.842864e-11,3.3563648e-08,1.0079382e-12,2.5751767e-08
ISIC_0027813,1,1.6903181e-06,0.99999833,5.8650463e-12,8.507249e-12,5.0019284e-11,2.7312728e-13,7.675793e-10
ISIC_0030815,1,1.9876757e-07,0.99999976,6.917762e-13,4.3299173e-09,1.5823597e-08,8.518798e-10,6.27139e-08
ISIC_0029117,1,2.8830675e-07,0.99999964,4.070974e-12,9.877479e-09,1.1983822e-08,3.4912446e-09,4.214724e-09
ISIC_0028021,1,1.2400928e-05,0.9997929,2.9198151e-08,9.116803e-09,4.994363e-07,0.00019398906,1.4785951e-07
ISIC_0030921,1,1.0647823e-06,0.9993962,4.2794473e-11,7.3161145e-06,0.00059546373,2.1288435e-09,6.3212187e-09
ISIC_0026220,1,9.4293156e-08,0.99999976,8.8075597e-13,2.0646471e-09,9.5157134e-08,5.29614e-12,4.8084328e-08
ISIC_0027553,1,1.2626918e-05,0.9998574,5.065914e-07,7.4363976e-07,0.0001281722,2.496613e-07,2.5150328e-07
ISIC_0029287,1,7.132159e-09,0.9999999,2.6314097e-11,2.1721238e-11,1.2658788e-07,2.9593612e-09,7.812687e-09
ISIC_0027022,1,1.204507e-08,0.99999344,7.1873267e-12,1.063359e-08,6.2313893e-06,3.016074e-10,2.9353828e-07
ISIC_0026628,1,0.00029555295,0.9996927,8.402657e-10,5.353946e-10,9.584064e-10,1.1822479e-05,9.691125e-09
ISIC_0027951,1,6.4612415e-08,0.9999999,5.989555e-13,1.1342421e-08,3.6180284e-10,4.3691203e-11,1.6926322e-08
ISIC_0025017,1,0.0002507417,0.9997453,1.1741842e-10,1.051694e-08,3.3106473e-09,3.9384245e-06,5.480589e-08
ISIC_0027080,1,2.7536842e-05,0.9999722,1.067965e-11,1.7436378e-08,2.2813735e-07,1.1156003e-08,3.2799203e-08
ISIC_0025894,1,0.0013077783,0.9986841,1.1864257e-08,5.2708337e-08,8.570994e-07,6.6153516e-06,5.608615e-07
ISIC_0026688,1,8.050688e-06,0.99999094,4.538862e-12,5.6788537e-07,3.6453488e-07,1.7253704e-10,2.0564894e-09
ISIC_0025242,1,2.1719216e-05,0.99997807,5.853367e-10,7.79754e-09,2.5192623e-08,1.8220756e-08,1.3381316e-07
ISIC_0032352,1,0.00799497,0.99200094,1.1593323e-09,6.719642e-09,5.5360392e-08,8.144229e-08,3.9073566e-06
ISIC_0026572,1,9.184598e-10,1.0,1.3628272e-10,1.5393825e-11,3.432322e-10,9.5161224e-14,7.73959e-11
ISIC_0026317,1,1.2044798e-09,1.0,1.3873919e-10,5.305782e-10,7.308846e-09,3.5789072e-10,1.0446559e-08
ISIC_0024778,1,2.4677104e-07,0.99999976,7.503249e-09,1.830519e-10,4.4519255e-09,4.860503e-08,6.9352812e-09
ISIC_0028979,1,8.830624e-09,1.0,7.983808e-15,1.0717167e-11,9.0800534e-10,5.757345e-12,9.354716e-10
ISIC_0030752,1,2.8221141e-08,0.9999995,7.977149e-12,4.6067e-10,4.0456545e-08,4.228894e-10,4.1665032e-07
ISIC_0031508,1,1.340635e-08,0.9999956,1.2568182e-12,4.6112797e-10,3.985508e-06,1.8234564e-08,4.6562153e-07
ISIC_0027901,1,2.9221547e-10,0.99999976,3.5893313e-10,3.4203504e-09,1.0731156e-07,5.4143845e-09,1.2675784e-07
ISIC_0026436,1,3.1993423e-07,0.99990475,8.470882e-08,2.2947297e-06,8.905243e-05,3.3330537e-06,1.9616998e-07
ISIC_0029128,1,4.4190838e-09,0.99999976,3.4224594e-12,6.6554606e-10,1.8282657e-07,4.016069e-09,1.1999919e-09
ISIC_0031540,1,2.5713814e-05,0.99997056,5.3181787e-10,1.5768968e-11,1.545425e-06,1.6741402e-06,4.6970578e-07
ISIC_0027653,1,1.0255117e-06,0.9999958,3.1742278e-09,3.0453257e-06,1.452002e-08,3.0432173e-10,6.071625e-08
ISIC_0027457,1,4.7375596e-07,0.9999981,1.15926966e-07,2.471464e-10,5.0558003e-07,8.365309e-07,3.857262e-09
ISIC_0025126,1,1.9422965e-09,1.0,1.5113784e-13,1.9919522e-12,3.6351455e-08,2.104514e-09,2.10072e-09
ISIC_0026064,1,1.1662023e-08,0.99999964,1.4382848e-10,1.57367e-08,2.186958e-07,7.3577805e-10,9.923295e-08
ISIC_0029695,1,1.4627292e-08,1.0,5.7548753e-12,4.2803414e-08,1.6279492e-09,6.097909e-10,9.660733e-09
ISIC_0030291,1,2.2942021e-07,0.9998785,8.4626794e-05,3.2222495e-06,1.734864e-05,5.2051824e-08,1.6093494e-05
ISIC_0026503,1,1.5220284e-07,0.99999976,1.6833744e-13,7.51271e-10,5.2947666e-08,2.700439e-10,1.261738e-08
ISIC_0028459,1,2.1443327e-06,0.9999969,2.3386894e-08,2.1702487e-08,8.6977394e-07,3.5270968e-09,7.340191e-08
ISIC_0024977,1,6.163579e-09,0.9999995,2.1136988e-11,2.9387746e-08,4.4565672e-07,5.0343115e-12,1.3878471e-09
ISIC_0031785,1,2.1673308e-08,1.0,2.5930746e-12,4.8518824e-11,1.1109513e-08,6.3846047e-11,1.029058e-09
ISIC_0027056,1,2.3356243e-08,0.9999995,1.6853218e-12,2.6282214e-09,1.5482405e-09,1.1400149e-09,4.422422e-07
ISIC_0027636,1,2.2750324e-05,0.99980754,2.8135395e-07,1.1098593e-05,1.6595564e-05,0.00014157995,1.7765072e-07
ISIC_0030402,1,1.9114314e-06,0.999992,2.8138936e-06,8.304058e-08,2.27062e-07,2.8490215e-06,1.1395547e-08
ISIC_0030265,1,2.9409572e-08,1.0,8.561539e-11,1.3180273e-08,3.4978247e-09,4.67509e-10,1.3762834e-09
ISIC_0030505,1,5.266746e-07,0.9999994,1.7661372e-09,2.8749974e-09,3.6504918e-08,5.9019223e-10,3.6366446e-10
ISIC_0025119,1,2.1295866e-05,0.9997745,5.088832e-07,3.355469e-08,0.00020301646,1.8373947e-07,4.270148e-07
ISIC_0028246,1,2.7699064e-08,0.99999976,1.5155348e-13,2.6492586e-10,2.2815757e-07,3.182837e-09,2.9606181e-10
ISIC_0024570,1,6.7714022e-06,0.99987805,3.5487577e-08,1.6281475e-06,0.00011071735,2.5036586e-06,2.4938942e-07
ISIC_0028552,1,6.1115674e-07,0.99998236,1.0154113e-09,1.0433641e-06,1.5822952e-05,7.0679704e-08,2.2114172e-08
ISIC_0024965,1,1.7259283e-07,0.9999217,7.0513975e-06,5.6300545e-05,1.1827881e-05,1.2486748e-06,1.7950728e-06
ISIC_0027799,1,0.0015472103,0.99845266,5.6459898e-12,2.0068704e-09,2.8778377e-08,4.1950717e-08,6.023196e-08
ISIC_0032052,1,2.5061537e-08,0.9999968,1.9157216e-10,4.40795e-09,1.98387e-06,2.0757267e-07,9.143508e-07
ISIC_0025968,1,2.7156277e-08,1.0,1.8036026e-12,1.4153927e-10,3.235307e-11,2.1996334e-10,1.7390013e-10
ISIC_0026727,1,6.341029e-06,0.9988011,1.5551047e-09,1.2692451e-06,0.0011910375,4.080476e-08,2.1589115e-07
ISIC_0029387,1,0.00013113109,0.9998425,3.334825e-09,4.7006873e-07,2.0508638e-05,1.1976714e-07,5.1825027e-06
ISIC_0030468,1,3.375205e-07,0.9999994,1.820736e-11,4.3546775e-10,1.5017014e-07,8.843859e-11,1.4743182e-07
ISIC_0031240,1,3.7562106e-08,0.9999989,9.400843e-12,1.5998909e-11,8.694746e-07,1.4926055e-11,1.2431823e-07
ISIC_0024308,1,1.9293484e-06,0.999998,5.722361e-10,2.8364628e-09,1.13614975e-08,2.2527194e-10,8.061831e-08
ISIC_0032272,1,3.549698e-07,0.9999994,3.3641195e-12,5.5059072e-11,2.9106826e-07,3.432698e-11,5.3517496e-10
ISIC_0026200,1,4.5393273e-05,0.99802905,2.6731608e-09,2.4926248e-07,0.0019141999,3.986713e-06,7.037433e-06
ISIC_0025714,1,3.0381955e-07,0.9999734,4.146598e-09,2.9436134e-07,2.5931904e-05,1.06598826e-07,1.0116018e-09
ISIC_0026859,1,2.5143905e-08,0.99999166,3.3810902e-11,4.387026e-09,8.333275e-06,2.8542249e-12,4.8746007e-09
ISIC_0027214,1,6.8455236e-08,0.99999976,1.5116947e-10,1.7586844e-10,7.6719914e-08,1.7205919e-07,5.1075757e-09
ISIC_0030450,1,0.000115011186,0.9998838,7.45412e-10,5.306692e-07,4.832576e-09,3.5909644e-09,7.7270835e-07
ISIC_0028612,1,1.3578517e-06,0.99999857,1.802767e-09,5.376994e-11,3.2720024e-08,1.3977474e-08,8.968745e-10
ISIC_0031383,1,3.328893e-06,0.99998987,4.498048e-09,5.0917484e-09,1.3250667e-06,5.378151e-06,1.0128339e-07
ISIC_0029721,1,7.044337e-08,0.9999919,8.717259e-09,1.2895985e-08,8.013774e-06,4.15869e-09,3.7015703e-08
ISIC_0027927,1,6.1079692e-09,1.0,2.580904e-14,4.9214826e-13,5.0348354e-11,7.566152e-09,1.6028867e-10
ISIC_0030562,1,5.6193698e-05,0.99994373,5.012397e-12,4.8270662e-11,7.505537e-08,5.1501914e-10,1.3512446e-08
ISIC_0027119,1,9.892418e-07,0.9999975,1.6306075e-10,1.3196843e-06,1.4293863e-07,5.111394e-09,3.2133718e-09
ISIC_0027542,1,8.3681186e-08,0.99999774,3.4706493e-09,1.3351075e-09,1.8691135e-07,1.0518474e-06,8.9305905e-07
ISIC_0030643,1,0.00045116415,0.9991837,1.5627736e-08,1.199169e-06,0.0003560744,7.693628e-06,6.138114e-08
ISIC_0031162,1,2.952558e-07,0.99999964,2.4339844e-08,3.4416822e-10,3.4438752e-10,7.958071e-10,6.051667e-09
ISIC_0028772,1,1.992577e-08,0.9999758,2.1991795e-08,1.358114e-07,1.799576e-05,3.044299e-07,5.6707127e-06
ISIC_0026708,1,3.9250956e-08,0.9999994,4.5378948e-07,3.0591718e-08,5.6376138e-08,5.9512735e-11,3.559452e-08
ISIC_0031275,1,7.075622e-08,0.99995625,6.885167e-07,2.0372234e-08,4.1620497e-05,1.328052e-06,8.648754e-08
ISIC_0026965,1,2.8718275e-06,0.99999714,5.837655e-11,1.3180204e-09,8.167592e-09,3.051233e-12,8.956356e-10
ISIC_0026734,1,7.0044603e-10,1.0,2.1806066e-13,6.6635025e-10,3.00814e-08,8.404751e-12,2.9523763e-09
ISIC_0026983,1,1.5672796e-06,0.99999785,2.0095038e-10,1.2805737e-08,5.3494176e-07,1.1522492e-11,5.238179e-10
ISIC_0028514,1,5.14461e-07,0.9999994,6.069684e-10,8.220745e-10,6.8512946e-08,9.577263e-10,1.2436719e-08
ISIC_0030166,1,3.1958484e-07,0.9999871,1.6198535e-09,9.942622e-07,9.5812575e-06,3.8626332e-08,1.991714e-06
ISIC_0024306,1,1.7840198e-07,0.99999905,9.143056e-11,1.7345899e-07,3.8231227e-07,1.8390101e-07,4.5390502e-10
ISIC_0031775,1,1.407065e-06,0.99999833,2.307387e-10,9.833404e-09,1.5693217e-08,2.4009572e-07,1.4223334e-08
ISIC_0025626,1,3.5758544e-07,0.99999964,2.781994e-08,1.5348934e-11,3.766233e-09,8.370795e-13,9.422707e-10
ISIC_0029009,1,1.417487e-07,0.99999976,4.526276e-10,3.2815668e-09,9.443751e-08,8.793674e-10,6.45274e-09
ISIC_0029267,1,1.64573e-07,0.9999604,8.9317004e-10,2.8050675e-08,3.8831084e-05,4.5358533e-07,5.061063e-08
ISIC_0026062,1,1.8124764e-07,0.9995364,4.6835953e-06,6.577487e-05,0.00038837796,4.40217e-07,4.1616972e-06
ISIC_0029864,1,8.686938e-09,1.0,3.6814234e-14,7.966141e-13,7.4044035e-12,1.6624267e-14,1.0433123e-11
ISIC_0028071,1,1.1054582e-07,0.9999999,5.1139e-10,5.978196e-10,6.317963e-08,7.788421e-09,2.680075e-09
ISIC_0030554,1,1.2173049e-09,1.0,3.029283e-15,3.2962622e-11,3.184485e-08,7.506352e-10,1.0377958e-09
ISIC_0025135,1,5.4241088e-08,0.9999969,3.2153258e-09,9.04624e-08,2.6873854e-06,9.2698144e-08,1.7527331e-07
ISIC_0028674,1,2.1338147e-08,0.9999999,6.061453e-13,5.003249e-09,3.892072e-08,3.308554e-13,6.286786e-10
ISIC_0030073,1,2.0715414e-10,0.9999999,3.724183e-12,6.9326467e-10,5.996543e-08,1.0116956e-10,1.8479935e-09
ISIC_0027474,1,9.671706e-06,0.99998736,4.3538861e-10,5.537447e-07,1.908681e-06,1.2703484e-07,3.5206813e-07
ISIC_0024920,1,1.5331062e-06,0.99999845,5.1136406e-13,1.3534227e-09,1.1758381e-09,4.3085664e-09,4.337229e-08
ISIC_0024469,1,1.8391876e-08,0.9999589,9.574469e-09,1.3353759e-06,3.907628e-05,6.690071e-07,2.981319e-08
ISIC_0028911,1,1.071763e-06,0.9999988,7.8731244e-10,1.6319134e-10,2.8431181e-08,7.2457103e-09,8.381353e-08
ISIC_0027740,1,2.2756176e-07,0.99992454,4.151785e-07,9.534491e-08,1.3138349e-07,4.2136117e-09,7.4524105e-05
ISIC_0032499,1,2.539736e-09,0.9999988,7.4266926e-10,5.611257e-10,5.6712025e-07,5.3536945e-07,1.5773612e-07
ISIC_0030764,1,4.2024868e-07,0.99999774,4.292404e-09,2.33239e-10,1.1609409e-07,1.6369761e-06,4.6789e-09
ISIC_0030718,1,2.6085245e-06,0.99999404,2.539989e-10,1.0961912e-09,2.0349538e-07,3.143083e-06,9.93166e-09
ISIC_0030068,1,8.707657e-09,0.9999999,1.5879976e-09,7.244201e-08,1.0785283e-08,3.880334e-10,1.6547339e-09
ISIC_0026972,1,1.3289284e-09,0.9999994,8.2292476e-14,4.064594e-09,6.380925e-07,2.771615e-10,9.298573e-09
ISIC_0028927,1,1.9913055e-05,0.9999788,7.775102e-10,2.2713416e-09,1.2856093e-06,3.1041827e-09,2.144679e-09
ISIC_0030857,1,6.166025e-08,0.99999905,1.4757545e-10,4.6861338e-08,8.9430034e-07,4.714101e-09,1.7399462e-09
ISIC_0025658,1,1.19558585e-08,1.0,9.0964684e-14,1.4985448e-09,3.0267742e-09,5.8438687e-10,1.9177009e-11
ISIC_0028277,1,1.8828683e-06,0.99996686,1.0585142e-09,1.6117203e-07,3.098432e-05,6.782173e-09,9.788656e-08
ISIC_0031864,1,5.397724e-08,0.999992,1.2028746e-09,5.4014986e-06,2.9204749e-08,1.2269882e-08,2.5197423e-06
ISIC_0029106,1,0.00017502773,0.99982446,4.3967935e-10,2.7898217e-08,3.716371e-08,2.4621113e-07,2.4080762e-07
ISIC_0031423,1,4.2525915e-07,0.9999994,1.1623851e-11,4.420114e-11,8.1675516e-08,2.4590288e-11,4.1415856e-08
ISIC_0029050,1,1.0106915e-08,0.9965153,2.5124763e-10,0.0007860465,0.0026986706,1.3676539e-11,1.5407531e-08
ISIC_0031816,1,2.4640391e-08,0.9999982,8.426812e-11,3.2771525e-09,6.369533e-08,1.6399489e-06,1.1507243e-09
ISIC_0029722,1,2.3319984e-08,0.99999857,2.5669395e-09,3.6393926e-12,1.1497142e-06,4.4174686e-09,2.6324486e-07
ISIC_0029788,1,0.032378316,0.9676216,3.2348987e-10,2.3737199e-09,1.788709e-08,7.714285e-09,6.45232e-08
ISIC_0030480,1,3.411681e-06,0.99997425,1.3999084e-09,5.944546e-10,9.9591254e-08,2.5681884e-10,2.2186021e-05
ISIC_0027032,1,2.2962419e-07,0.9999995,2.7951428e-11,7.0476086e-10,1.9726848e-07,2.216823e-08,5.9523018e-09
ISIC_0030867,1,1.0172945e-06,0.9999865,7.388098e-11,3.4691283e-07,1.2105047e-05,1.2037104e-09,4.5529562e-09
ISIC_0031954,1,3.9850406e-06,0.99999356,1.3481683e-12,2.5571717e-10,7.20986e-08,2.4968724e-10,2.3564737e-06
ISIC_0029016,1,1.37786e-08,1.0,3.2504596e-12,6.4900973e-11,2.2716453e-09,1.3036895e-10,5.4660703e-09
ISIC_0024826,1,6.971092e-06,0.99999297,1.8349564e-10,5.293241e-10,6.2993006e-09,2.547424e-10,5.8400496e-10
ISIC_0030221,1,1.0822841e-06,0.9999801,2.6644011e-08,1.0746808e-09,1.8599801e-05,2.9507143e-08,2.3253965e-07
ISIC_0028250,1,4.2641798e-08,0.9999956,6.652754e-14,4.2494346e-12,4.1167027e-06,2.189018e-10,2.7695478e-07
ISIC_0029378,1,4.1867634e-07,0.9999933,1.0988877e-11,2.1600188e-09,4.109382e-06,2.2345134e-10,2.1016049e-06
ISIC_0026904,1,6.8811506e-10,0.9999999,1.6679736e-12,1.9150535e-08,7.846367e-08,5.3528497e-12,2.0282462e-09
ISIC_0031870,1,1.0073079e-09,0.9999999,9.816614e-12,2.3423026e-09,9.399276e-08,2.1410163e-10,9.434781e-09
ISIC_0025281,1,6.111701e-06,0.9999913,6.064373e-09,2.0290754e-06,4.0159776e-07,4.925539e-11,1.0766246e-07
ISIC_0028501,1,7.716487e-07,0.99999917,4.697459e-10,5.0204525e-09,4.2110497e-09,5.6582003e-11,1.5578464e-09
ISIC_0029956,1,1.9972928e-09,1.0,5.1292927e-15,6.204871e-11,9.36871e-11,3.4673122e-11,4.638306e-08
ISIC_0029408,1,4.6286623e-06,0.9999881,8.810936e-09,1.1396132e-08,2.6367821e-09,4.260587e-08,7.2446755e-06
ISIC_0026564,1,5.60773e-11,1.0,1.7843714e-17,6.8321957e-15,6.176465e-10,3.4887926e-11,5.3666942e-11
ISIC_0030769,1,9.0789104e-10,1.0,1.4383347e-10,6.4735706e-10,1.0689005e-09,1.0695684e-11,2.3694767e-11
ISIC_0024780,1,4.0665347e-09,1.0,1.06811776e-13,6.9559885e-13,2.9277192e-09,1.2934702e-10,2.7265733e-12
ISIC_0029816,1,2.883298e-08,0.99999034,2.5255936e-10,1.6913233e-10,9.497301e-06,5.474104e-09,1.3817491e-07
ISIC_0032094,1,3.2182207e-08,0.99999034,1.2070129e-11,1.9860567e-08,9.5491605e-06,1.4577527e-11,3.543603e-08
ISIC_0025332,1,6.00323e-06,0.9999938,3.6353343e-10,2.7829583e-09,9.547254e-08,1.7927606e-08,8.5519666e-08
ISIC_0028976,1,8.8809e-05,0.99991107,3.4738084e-11,1.1597432e-10,2.4279915e-08,2.3366151e-09,5.7028785e-08
ISIC_0027785,1,2.7119351e-09,0.99999964,1.958855e-13,8.138459e-08,1.2472968e-07,1.3319007e-12,6.4259915e-08
ISIC_0030495,1,5.280233e-09,1.0,1.7932777e-12,1.8947238e-10,4.9905355e-09,6.137579e-11,1.2069088e-08
ISIC_0028850,1,6.9397728e-09,0.9999949,4.902968e-11,7.375172e-09,5.1466013e-06,3.2881125e-08,2.5361066e-08
ISIC_0027476,1,2.4725188e-07,0.9999846,1.1844113e-07,1.38193155e-08,1.4340922e-05,1.1909524e-07,5.7279277e-07
ISIC_0032196,1,2.0528828e-09,0.9999999,4.4551723e-12,1.1953372e-08,9.094881e-08,2.27921e-09,1.8516745e-08
ISIC_0032213,1,2.4559726e-05,0.9999753,4.6523695e-11,3.65071e-08,8.771787e-09,1.7304261e-09,9.643084e-08
ISIC_0031891,1,1.1380453e-06,0.9999988,4.7315324e-12,2.0219366e-09,5.539678e-10,3.856178e-12,4.7836166e-09
ISIC_0028729,1,1.2463923e-07,0.99998283,6.1002003e-10,9.884678e-06,6.870785e-06,9.131232e-11,2.3714686e-07
ISIC_0027696,1,1.0066265e-06,0.9999987,3.7485102e-11,1.849071e-12,3.5689317e-07,6.412144e-10,5.9818844e-10
ISIC_0032106,1,2.992101e-07,0.99999964,2.695394e-11,1.3228575e-08,4.8885593e-09,1.2905378e-09,4.3743498e-10
ISIC_0032502,1,5.838938e-06,0.9999789,2.8852648e-10,8.2858054e-11,2.1590067e-06,1.9426603e-08,1.30826365e-05
ISIC_0028313,1,7.775599e-07,0.99999917,3.6005518e-11,5.7492916e-10,1.2148706e-09,4.9272506e-11,3.9283434e-09
ISIC_0028324,1,1.2047286e-08,1.0,2.738185e-12,5.4173038e-11,2.6838454e-09,3.5864905e-11,9.601503e-10
ISIC_0027366,1,8.620843e-06,0.99999106,1.8105423e-08,3.3089607e-09,2.715499e-07,1.0688318e-09,4.8501696e-09
ISIC_0024755,1,8.110797e-06,0.9999918,6.772928e-10,1.1534088e-09,1.3783929e-08,1.0385746e-07,6.9491293e-09
ISIC_0025591,1,8.2857997e-07,0.99999905,5.8641536e-09,5.409181e-08,5.3226692e-08,6.0743446e-08,4.308807e-09
ISIC_0029621,1,4.7106416e-05,0.99987507,2.479889e-07,2.7404465e-05,4.2187316e-05,1.4336554e-06,6.550824e-06
ISIC_0030087,1,2.1978826e-08,1.0,3.8658424e-13,1.4718815e-11,1.303431e-10,1.9651682e-10,1.7533193e-10
ISIC_0027833,1,2.8493457e-07,0.9998555,2.8313443e-10,1.17620736e-07,0.00014190686,1.1459714e-10,2.1452138e-06
ISIC_0031492,1,4.418818e-08,0.99999833,2.5317196e-10,1.4993537e-06,7.015207e-08,1.2100865e-10,6.2962595e-09
ISIC_0027035,1,1.7106274e-08,0.99999523,1.31176865e-08,3.934562e-06,6.4169336e-07,2.3354316e-08,1.0518291e-07
ISIC_0026484,1,0.0002046271,0.9997106,5.6625787e-08,1.1161881e-05,6.8272966e-05,1.912827e-09,5.2021305e-06
ISIC_0026748,1,3.4328907e-06,0.9999119,3.8902432e-09,1.4604353e-07,8.436756e-05,2.6242144e-09,1.4724932e-07
ISIC_0027518,1,0.13668354,0.8633164,1.8283062e-08,3.402046e-08,2.142424e-09,4.933551e-10,3.5483126e-08
ISIC_0031747,1,1.8938853e-06,0.99743,7.5845804e-07,2.1007297e-07,0.002559285,2.2161692e-07,7.6002025e-06
ISIC_0027686,1,2.3485488e-07,0.98369527,0.00024650857,1.0556945e-05,1.1061638e-06,1.4466028e-06,0.016044943
ISIC_0030999,1,3.3193274e-08,0.9999485,6.113001e-10,2.0778634e-08,5.0977622e-05,2.4413978e-07,2.3710955e-07
ISIC_0027592,1,7.4102894e-07,0.9999987,3.1119842e-07,8.152659e-10,1.9445551e-07,1.442211e-11,8.5302766e-08
ISIC_0031928,1,2.915055e-07,0.9999994,1.6755189e-10,3.3732145e-10,3.2265825e-07,3.6680275e-10,1.1232232e-08
ISIC_0030286,1,7.596154e-06,0.9999676,1.4671552e-08,4.88982e-09,1.2179251e-05,1.2006975e-05,5.439e-07
ISIC_0031634,1,0.002711505,0.997264,2.052716e-10,2.2428733e-07,2.299829e-05,1.064466e-06,1.0879579e-07
ISIC_0028796,1,7.2020777e-07,0.99999166,1.3972385e-09,1.49161e-07,3.7546329e-06,4.879279e-09,3.775055e-06
ISIC_0028340,1,3.3363577e-07,0.9999987,1.5771037e-11,1.525502e-08,9.393265e-07,1.714513e-09,8.843599e-11
ISIC_0025949,1,4.8699075e-08,0.9999682,1.5910183e-13,8.026788e-09,3.1742857e-05,1.5500151e-09,2.555822e-08
ISIC_0029757,1,4.7296427e-07,0.9999993,1.4087271e-12,9.157681e-08,4.9411312e-08,1.2746256e-07,1.2617897e-09
ISIC_0026025,1,4.0216833e-08,1.0,4.0010613e-09,3.6020165e-08,2.7655243e-09,1.7197875e-10,4.889025e-10
ISIC_0030327,1,1.4483064e-06,0.99999845,9.432761e-11,2.7295914e-09,3.7052353e-10,7.847254e-08,8.480984e-09
ISIC_0025369,1,0.00023561931,0.99969614,2.5267979e-09,4.6428016e-07,4.3350352e-07,6.73297e-05,8.217489e-09
ISIC_0030256,1,9.39325e-06,0.9999851,5.4304825e-12,1.660379e-08,5.0446547e-06,3.4752092e-09,4.9271637e-07
ISIC_0029767,1,1.3057182e-07,0.99999976,5.3609504e-16,1.1922938e-10,8.0498985e-10,1.5242078e-10,1.5018867e-07
ISIC_0029414,1,6.29358e-07,0.99999607,4.6233625e-11,2.9502103e-06,2.7399756e-07,8.9560005e-11,1.5964585e-09
ISIC_0026155,1,7.1466474e-08,0.9999993,1.923515e-09,3.7932324e-08,5.871895e-07,2.3199807e-09,5.4785524e-08
ISIC_0024686,1,1.6964532e-11,0.9999999,5.224676e-11,1.9056942e-14,2.8929366e-09,4.560073e-13,8.608102e-08
ISIC_0031135,1,4.542688e-08,0.9999503,4.0602664e-08,2.733753e-09,4.939238e-05,1.616762e-10,2.0979832e-07
ISIC_0025935,1,1.4187962e-07,0.9999999,2.03946e-14,6.5056294e-10,2.3086079e-08,6.219804e-10,1.7190895e-09
ISIC_0029299,1,2.4339982e-07,0.99989235,5.083087e-07,6.8205945e-06,3.790869e-05,1.144745e-05,5.0709055e-05
ISIC_0029605,1,1.6795839e-07,0.9999988,7.566676e-13,1.0060967e-10,2.1352924e-10,7.3883086e-09,1.0554146e-06
ISIC_0031767,1,3.0649836e-08,0.99999785,1.2314235e-09,1.4252689e-07,1.8669824e-06,5.435542e-10,1.18068385e-07
ISIC_0031587,1,7.1408316e-08,0.99999964,1.2735094e-09,2.2069795e-09,1.3990872e-07,1.1469123e-07,4.2504983e-08
ISIC_0029782,1,3.0043495e-08,0.9999999,1.10832685e-08,1.0362233e-09,9.534604e-09,3.4611095e-10,2.1465715e-08
ISIC_0025067,1,3.1266856e-07,0.99999964,4.604379e-11,7.655089e-09,1.9994582e-08,3.3951747e-10,9.854141e-10
ISIC_0028661,1,3.3092697e-08,1.0,1.3506872e-11,1.8975882e-10,1.241793e-08,8.574147e-09,1.7888068e-11
ISIC_0027272,1,6.8692266e-06,0.9999906,2.1868538e-10,1.8501015e-07,5.3637484e-07,1.1841242e-06,5.8202403e-07
ISIC_0024532,1,1.4789632e-08,0.9999994,6.711852e-11,1.1944454e-08,6.060642e-07,4.2991736e-08,1.023221e-09
ISIC_0027602,1,1.1160845e-06,0.9999988,5.1095267e-10,5.3577925e-10,1.1059795e-08,1.9850084e-09,5.066106e-08
ISIC_0026864,1,2.299326e-06,0.9999975,2.0111575e-12,5.7212995e-10,1.1829048e-07,5.6134253e-09,6.78492e-08
ISIC_0029398,1,3.2997862e-06,0.9999939,1.4196242e-09,1.143054e-06,1.5888739e-06,1.2972852e-09,2.9368247e-08
ISIC_0030869,1,1.0287452e-08,0.9999968,4.2505253e-12,1.6272683e-08,3.1951283e-06,2.306241e-09,1.2438223e-09
ISIC_0025852,1,5.588098e-05,0.9999441,9.630811e-13,2.4487332e-10,9.998956e-10,2.5560392e-11,3.2397404e-10
ISIC_0029768,1,3.670173e-09,1.0,5.072217e-10,1.208398e-10,1.651752e-08,2.4672248e-10,3.3230882e-09
ISIC_0029261,1,2.4533026e-08,0.9999993,1.7323436e-09,1.9370463e-08,1.0427765e-07,1.0549575e-11,5.9456283e-07
ISIC_0031878,1,4.0982968e-07,0.99999535,2.0327218e-09,1.933696e-06,1.1533223e-06,9.4542486e-07,1.9998207e-07
ISIC_0030987,1,1.0853724e-06,0.999998,5.1909338e-11,6.1339364e-08,8.22262e-07,1.1997519e-09,1.2338577e-08
ISIC_0029338,1,1.2125076e-10,1.0,2.8074801e-08,4.1412365e-10,3.995136e-09,4.299645e-11,8.271469e-11
ISIC_0027296,1,0.0009900266,0.99900985,2.8268365e-09,2.3858976e-10,8.3626184e-10,4.8907403e-09,1.059982e-07
ISIC_0026548,1,3.0067962e-08,0.9999995,9.115196e-12,3.934088e-09,4.1136636e-07,1.3195729e-09,1.6965682e-08
ISIC_0031687,1,1.1239524e-07,0.9999993,5.536215e-14,3.3492036e-11,6.4697133e-07,2.4804395e-10,7.930596e-10
ISIC_0027134,1,1.2073489e-08,0.99997735,7.897147e-08,2.058413e-06,1.829917e-05,1.8756278e-06,2.9742162e-07
ISIC_0027647,1,4.915862e-07,0.9999995,7.2013506e-09,8.1774587e-10,9.144465e-09,1.5537541e-10,9.625543e-09
ISIC_0031810,1,1.8877477e-08,0.99999917,1.4509458e-09,4.907033e-10,7.619153e-08,7.115448e-07,6.1587265e-08
ISIC_0025480,1,3.7499936e-05,0.9999527,7.426562e-10,2.582208e-06,1.4270367e-07,1.0372565e-06,5.986746e-06
ISIC_0031846,1,0.0062538306,0.99374545,3.397294e-12,2.7087205e-07,2.1813372e-07,2.597108e-07,6.1036e-08
ISIC_0030199,1,3.383491e-08,1.0,5.2016595e-18,1.4617641e-12,1.6836577e-09,1.7212306e-11,4.270101e-11
ISIC_0030147,1,4.295429e-09,0.9999982,1.8307907e-11,7.6701765e-09,1.3448067e-06,4.7490093e-07,7.8272877e-10
ISIC_0029882,1,8.240495e-11,1.0,6.714496e-14,1.0467437e-09,1.7723416e-08,2.1914306e-13,5.1303434e-10
ISIC_0029611,1,0.002660107,0.99733907,1.0216318e-10,6.716794e-09,8.370026e-07,3.0915863e-09,1.2585873e-08
ISIC_0027289,1,3.0167922e-07,0.9999993,3.683444e-10,2.6520985e-10,4.516536e-07,5.117188e-09,7.786441e-09
ISIC_0028742,1,2.0782143e-05,0.99997854,3.3659876e-12,2.8631777e-09,6.491073e-07,2.0241925e-08,6.560323e-08
ISIC_0025333,1,5.5633445e-06,0.9999826,2.171044e-06,3.0473682e-08,7.022278e-06,2.8703002e-07,2.3685063e-06
ISIC_0028161,1,0.16492745,0.834788,1.1805448e-08,4.962155e-07,0.00027850582,2.9962607e-06,2.4763829e-06
ISIC_0024953,1,6.287533e-07,0.9999988,1.7304339e-09,2.4532035e-08,5.07949e-07,2.3355087e-10,5.2937565e-10
ISIC_0029446,1,2.3138703e-07,0.99999976,8.612075e-12,4.6033044e-09,1.21437616e-08,3.2896606e-11,1.3319162e-08
ISIC_0029593,1,3.464963e-05,0.999964,2.3712361e-07,3.3619594e-09,5.936416e-07,3.6656652e-07,1.5938046e-07
ISIC_0030467,1,5.2772755e-08,1.0,4.6427598e-11,3.2168886e-12,2.8071828e-10,1.6254754e-10,6.394464e-11
ISIC_0025211,1,5.35467e-09,0.9999989,7.507045e-10,1.8530835e-07,2.3930273e-08,8.0474547e-07,1.680955e-08
ISIC_0029948,1,4.5055866e-09,0.99998593,5.1494712e-08,8.1725346e-07,6.820908e-06,1.8349613e-06,4.593924e-06
ISIC_0025721,1,3.439724e-12,1.0,4.618682e-15,6.810508e-11,9.387551e-10,4.050306e-11,1.16410544e-11
ISIC_0029042,1,7.0130845e-05,0.999845,4.849693e-09,2.4976532e-07,8.4030056e-05,2.2177166e-07,2.8721507e-07
ISIC_0024528,1,8.266218e-07,0.9999989,3.7897996e-10,7.6164665e-11,1.7371009e-07,2.2280464e-08,1.3515976e-08
ISIC_0024699,1,1.9357186e-07,0.99999976,1.2283487e-12,4.9446584e-12,1.785076e-09,7.140522e-11,6.5325606e-10
ISIC_0029240,1,6.169501e-07,0.9999994,5.4437314e-12,5.2120305e-12,9.0680025e-10,5.1160215e-11,3.8850054e-10
ISIC_0027934,1,1.6286431e-07,0.99999976,1.2512237e-09,8.4120705e-10,4.112125e-08,1.0602397e-10,6.5685346e-09
ISIC_0028634,1,0.000117551004,0.99988186,4.0933042e-13,1.8766348e-08,6.079327e-07,5.081526e-09,8.584211e-09
ISIC_0027824,1,5.336366e-07,0.9999994,1.2386253e-11,1.3970744e-08,4.1724584e-09,8.2871493e-10,1.1860315e-09
ISIC_0027611,1,7.009074e-07,0.99992824,3.6598476e-07,5.0787366e-06,5.9893784e-05,5.4935767e-06,2.3367379e-07
ISIC_0032010,1,4.820304e-09,0.9999999,9.124941e-12,1.0548219e-10,1.4709104e-07,7.2620607e-12,1.5797875e-08
ISIC_0027391,1,2.3108953e-07,0.99999976,5.493363e-11,9.842969e-09,2.7151298e-08,1.5057924e-10,1.0072968e-08
ISIC_0031264,1,3.762119e-05,0.9999622,3.395954e-10,1.4344081e-08,1.560121e-08,1.2143347e-09,1.0326832e-07
ISIC_0026639,1,5.643385e-05,0.9999435,2.186685e-09,5.523209e-10,2.8643992e-09,1.4500661e-08,5.6513123e-09
ISIC_0031680,1,2.699532e-07,0.99999905,1.0556025e-09,8.2307994e-10,7.1628435e-08,5.6759274e-07,1.4979669e-08
ISIC_0025207,1,1.09689296e-07,0.99999976,2.9884424e-09,4.321273e-08,1.4390184e-07,1.6630276e-08,2.9700042e-08
ISIC_0025395,1,2.3497214e-06,0.9999964,1.6658848e-09,3.1614067e-10,8.833415e-07,3.6623842e-07,1.1727074e-08
ISIC_0025445,1,1.1482736e-05,0.99998796,1.0540798e-09,2.0140725e-07,4.915029e-08,9.2559326e-08,1.9135604e-07
ISIC_0024509,1,6.979252e-10,0.9999689,6.9058856e-12,2.2641496e-11,3.116367e-05,9.365614e-11,3.6611708e-10
ISIC_0032041,1,2.2041716e-06,0.99999726,1.5314063e-08,1.010519e-09,3.0889782e-07,3.8346415e-10,2.3028355e-07
ISIC_0031491,1,1.2828587e-08,0.9889748,1.7001008e-09,3.0036194e-08,0.011024818,1.2368703e-08,3.3642522e-07
ISIC_0032451,1,3.2238878e-09,0.9998791,2.2470485e-07,2.3149993e-07,0.00012030515,2.293875e-09,1.3158794e-07
ISIC_0030779,1,0.0003111187,0.99883384,5.835937e-11,3.069759e-05,0.0008239424,8.014946e-09,4.2915977e-07
ISIC_0030113,1,5.3141607e-06,0.9999862,5.44598e-10,2.6078196e-08,8.5345155e-06,1.5691463e-09,1.4202857e-08
ISIC_0027705,1,1.8214209e-08,0.9999831,8.979734e-06,7.08876e-06,3.7700414e-07,6.3246413e-09,5.110862e-07
ISIC_0028259,1,2.161155e-07,0.9999993,3.8313337e-12,1.206585e-09,3.6274046e-09,4.0436855e-12,5.308246e-07
ISIC_0025962,1,2.5503144e-07,0.99998474,2.1902547e-07,3.690567e-08,1.4435024e-05,2.3449512e-07,6.9978974e-08
ISIC_0030931,1,7.264801e-06,0.9999926,1.09389164e-10,1.11825265e-07,1.2044692e-08,2.0439977e-10,1.8426164e-09
ISIC_0028203,1,7.667109e-09,0.9999969,1.4709306e-08,7.715903e-07,1.4496404e-06,2.7174576e-07,6.651803e-07
ISIC_0025853,1,4.350241e-08,0.99999,9.419122e-06,1.0157127e-07,3.9964377e-07,8.527921e-09,4.4040565e-08
ISIC_0024903,1,0.0014647905,0.99847037,4.0432586e-09,3.5490666e-07,6.430399e-05,1.4259931e-08,1.1813113e-07
ISIC_0024724,1,6.509155e-10,1.0,6.4336235e-15,1.1124976e-11,2.2383825e-08,1.1387103e-11,1.618436e-08
ISIC_0030577,1,1.7278899e-05,0.9999827,1.1061272e-10,2.6841251e-10,2.3319082e-08,2.7815157e-09,2.4585307e-09
ISIC_0028886,1,1.8342506e-06,0.9999982,2.8141216e-09,7.969565e-12,2.19906e-09,9.813167e-13,1.7162725e-09
ISIC_0025420,1,1.1988168e-08,0.9999999,8.9141016e-13,2.5893341e-11,4.6072948e-08,2.7278282e-11,8.761752e-09
ISIC_0025495,1,9.4667826e-07,0.99956185,1.0739743e-07,0.00042118775,1.357489e-06,1.4522906e-05,6.826892e-09
ISIC_0024993,1,1.0954526e-07,0.9999999,4.5362764e-10,1.2106101e-10,2.6792113e-09,2.8243632e-10,1.1954306e-08
ISIC_0031129,1,0.00023429676,0.9989458,0.00031808976,3.8760227e-06,9.856738e-06,1.04993205e-05,0.00047754892
ISIC_0030043,1,9.0017827e-10,1.0,9.3185415e-15,1.038174e-09,1.0695251e-08,4.8890315e-11,2.697261e-08
ISIC_0029451,1,1.0583048e-05,0.9999883,8.7530555e-15,2.8045101e-11,1.0710244e-06,1.6517177e-11,5.5517578e-08
ISIC_0030671,1,2.889137e-07,0.99999964,9.587477e-11,1.7588553e-10,4.9748742e-08,2.6418925e-09,8.367158e-09
ISIC_0028013,1,3.4457607e-05,0.99991894,3.4133745e-09,3.2638948e-06,7.0481037e-06,3.620727e-05,8.0006885e-08
ISIC_0030881,1,0.00035280338,0.9996325,5.688948e-07,1.3669995e-05,2.3531227e-07,6.02483e-08,4.2787352e-08
ISIC_0029375,1,2.2901818e-09,0.99999964,2.663328e-10,5.6305887e-11,3.0470207e-07,1.3576682e-11,2.1833081e-08
ISIC_0028781,1,3.1863266e-07,0.99999964,7.752899e-11,1.162671e-08,2.7290064e-09,8.4521126e-11,1.6642498e-11
ISIC_0027618,1,1.1648899e-06,0.9999988,9.296882e-13,5.45321e-10,9.27465e-10,5.158117e-09,9.578459e-11
ISIC_0025821,1,0.0010377885,0.9989618,2.0717765e-10,2.6646762e-07,5.3886982e-08,2.1790338e-08,6.758361e-08
ISIC_0029237,1,2.1008692e-07,0.9999975,2.001766e-12,5.481948e-09,1.6829915e-06,6.0468164e-10,6.6195645e-07
ISIC_0025886,1,1.3977824e-08,0.9999969,5.6152263e-11,8.1763923e-10,5.6393707e-09,2.4699718e-06,6.3398863e-07
ISIC_0026160,1,2.805235e-08,0.99999917,1.8019328e-13,8.576375e-10,8.3801064e-07,3.5190546e-09,1.2640882e-08
ISIC_0028072,1,5.6580265e-09,0.9999999,4.3909773e-10,4.931972e-12,1.3974514e-07,2.3281208e-09,3.420917e-10
ISIC_0027743,1,2.6300544e-05,0.99997365,1.1553491e-10,2.8513376e-09,1.1602461e-08,6.3840044e-09,4.798572e-10
ISIC_0024558,1,6.180005e-08,0.99999976,1.664365e-10,9.111592e-10,3.380444e-09,8.242061e-08,9.044433e-09
ISIC_0030482,1,3.0472293e-08,0.9999981,5.941174e-10,1.8757401e-08,1.828546e-06,4.574426e-11,3.7321533e-09
ISIC_0024670,1,2.4886269e-08,0.9999615,1.8578401e-08,4.4479126e-08,3.67476e-05,7.180546e-07,9.507263e-07
ISIC_0031902,1,4.4841613e-07,0.99998665,2.8970604e-10,3.1958072e-09,1.2255206e-05,6.669848e-10,6.527908e-07
ISIC_0026721,1,3.8281603e-05,0.99996054,1.053643e-09,2.0994475e-09,1.1790619e-06,1.1719442e-10,1.6708855e-08
ISIC_0030071,1,3.5396548e-09,0.9999995,2.2277694e-10,2.5942644e-09,1.17096604e-07,3.7426662e-07,9.030692e-09
ISIC_0029321,1,4.811052e-06,0.9999883,1.54501e-10,4.925442e-10,6.616408e-06,2.0298069e-08,1.9757393e-07
ISIC_0031300,1,9.559119e-10,0.99999905,2.7071797e-12,7.477754e-09,9.221299e-07,7.936416e-11,1.1200107e-10
ISIC_0029769,1,2.516029e-07,0.99999976,1.1397878e-11,2.0920676e-12,6.777178e-11,6.1228335e-11,2.3837007e-11
ISIC_0025895,1,1.6770758e-07,0.99999976,7.0163393e-12,5.7794364e-12,1.45925405e-08,2.5399072e-10,5.716677e-10
ISIC_0030994,1,0.0028493656,0.9971505,1.8729278e-10,1.3628096e-07,3.83889e-09,1.4586781e-08,2.3091218e-09
ISIC_0031028,1,6.513824e-07,0.9999993,3.3365568e-09,3.9973955e-10,2.120077e-08,9.6842845e-09,1.2685227e-08
ISIC_0030149,1,1.9864452e-10,1.0,7.8142674e-13,7.405166e-12,9.276665e-09,2.0937958e-09,5.587898e-09
ISIC_0031252,1,4.0160188e-08,1.0,2.0059534e-11,2.5443245e-10,4.0515697e-09,2.8243743e-10,1.1965502e-09
ISIC_0025570,1,1.2196578e-07,0.9999999,4.7893846e-12,1.6026254e-08,1.0821894e-09,2.4161456e-11,4.9020504e-10
ISIC_0029934,1,0.0010854832,0.99891424,1.9651594e-09,1.2140377e-07,9.244424e-08,1.7153681e-08,9.355803e-08
ISIC_0028606,1,7.0456325e-09,0.9999989,1.5816294e-14,2.6631163e-11,9.994982e-07,3.3889883e-13,9.005522e-09
ISIC_0026309,1,1.4131335e-05,0.999985,9.492722e-10,4.6686353e-08,1.5342242e-07,5.1526627e-07,2.4020977e-07
ISIC_0031847,1,9.58791e-07,0.9999989,1.1325662e-11,2.8660663e-09,2.7875533e-08,7.3961136e-11,1.3226628e-07
ISIC_0031003,1,4.7720246e-06,0.99999523,1.2511326e-12,1.00052244e-10,3.690261e-08,4.077956e-09,7.1520656e-10
ISIC_0027399,1,0.00035936173,0.9996362,3.049097e-08,6.0954144e-09,3.315036e-06,1.0829577e-06,6.6976995e-08
ISIC_0025291,1,1.9708487e-08,0.99999774,1.4413137e-10,7.0166832e-09,4.5245798e-08,3.0066802e-09,2.2199843e-06
ISIC_0026919,1,0.0002995277,0.9996991,1.7924896e-07,6.535173e-09,1.2131085e-06,4.6695444e-08,3.5503092e-08
ISIC_0027761,1,1.1415385e-05,0.99998856,5.8152674e-11,9.216028e-10,1.6536205e-09,6.628146e-11,3.9989634e-09
ISIC_0029361,1,3.9537045e-07,0.99071443,2.397444e-05,4.5175817e-05,0.009171663,4.3282012e-05,1.0506635e-06
ISIC_0027450,1,4.1626353e-07,0.9999987,1.6562438e-10,3.0808718e-07,1.1281742e-07,2.8133127e-07,1.3311751e-07
ISIC_0024339,1,1.8746951e-07,0.99999535,2.4280083e-10,1.13838965e-08,4.486059e-06,8.296974e-09,2.0252964e-08
ISIC_0030152,1,6.1823596e-07,0.99994624,1.096073e-11,2.8083027e-09,5.313364e-05,1.44100465e-08,1.4067804e-09
ISIC_0028867,1,3.4236804e-05,0.99996567,3.5177692e-09,1.1830889e-08,3.299834e-08,7.158682e-09,2.4333806e-09
ISIC_0031607,1,1.1252411e-09,1.0,1.6823665e-10,1.6485557e-10,1.9069148e-08,1.9404118e-09,4.432828e-09
ISIC_0024801,1,3.1035637e-07,0.99999964,3.6106612e-12,1.3427829e-11,3.539581e-09,1.6076833e-11,4.738233e-10
ISIC_0031180,1,3.888167e-06,0.99917847,0.00025036375,5.494467e-05,0.00046651645,4.4272143e-05,1.4644089e-06
ISIC_0024384,1,7.787025e-09,1.0,1.493655e-11,8.151958e-09,3.126843e-08,1.5236518e-08,3.6152145e-10
ISIC_0026483,1,7.051153e-08,0.99999774,1.6432162e-07,9.392996e-09,1.293384e-07,1.9042263e-06,2.0099453e-09
ISIC_0027481,1,2.7105242e-08,0.9998946,1.698001e-06,4.220856e-08,5.876737e-05,7.655738e-07,4.4145167e-05
ISIC_0027489,1,1.2827486e-05,0.99983263,5.202115e-08,9.688878e-09,0.00014653608,1.9787716e-08,7.968005e-06
ISIC_0026332,1,1.5328694e-06,0.99999845,9.439353e-10,5.435237e-09,4.2758057e-08,8.532289e-09,2.245276e-08
ISIC_0024326,1,8.797224e-08,0.9999999,1.053183e-11,5.8755195e-10,3.507406e-08,1.7613375e-09,1.0857462e-08
ISIC_0024600,1,1.0646056e-06,0.986262,1.3353562e-05,4.772534e-06,6.0847037e-06,0.013706734,5.9636704e-06
ISIC_0028321,1,3.625009e-07,0.9999995,5.9396026e-08,2.925086e-11,8.74279e-08,5.5285202e-08,6.641003e-10
ISIC_0026386,1,6.924461e-05,0.99990594,2.7963862e-10,2.4744144e-05,3.8830386e-08,9.719917e-11,1.2475422e-08
ISIC_0027386,1,6.576584e-09,1.0,3.4196856e-09,3.147401e-09,1.7307867e-08,1.34658e-10,1.04751006e-10
ISIC_0031096,1,2.279748e-06,0.99998844,2.6666665e-11,1.2156023e-08,8.984184e-06,1.3814413e-08,2.8871327e-07
ISIC_0027441,1,2.2962755e-07,0.9999969,1.3392719e-12,1.0416572e-10,2.756683e-06,1.420345e-07,3.249464e-08
ISIC_0028549,1,1.9621687e-07,0.99999976,3.8911338e-13,9.199384e-12,1.920566e-08,6.357602e-11,2.4811435e-08
ISIC_0031251,1,4.3655598e-07,0.999998,1.7094668e-09,2.6573588e-08,1.3761751e-06,3.2780126e-10,1.9744397e-07
ISIC_0028273,1,2.8456958e-07,0.99999964,1.7754944e-08,8.7512736e-10,4.0987267e-08,6.6841216e-10,4.8911125e-10
ISIC_0032438,1,4.261789e-09,1.0,4.8422048e-14,3.6330883e-11,7.2668627e-10,4.6423348e-11,2.676285e-09
ISIC_0031628,1,0.0065872124,0.99310726,1.5787858e-09,0.00020886923,8.8280605e-05,1.7187642e-07,8.26603e-06
ISIC_0027792,1,8.230229e-06,0.99999154,7.671492e-11,1.186149e-07,6.690605e-08,7.855372e-09,1.9276725e-09
ISIC_0032000,1,9.761456e-08,0.9999994,4.3237014e-09,1.8942801e-08,1.415344e-07,4.0576262e-07,1.2284913e-08
ISIC_0027443,1,9.017317e-07,0.99999833,1.2643843e-11,4.7427996e-11,3.6787102e-07,3.6395726e-08,4.1318748e-07
ISIC_0026534,1,1.1368398e-05,0.99998856,1.9217312e-12,1.6389142e-11,9.9397734e-09,1.3507756e-10,2.3469594e-08
ISIC_0026938,1,1.2171226e-05,0.9999876,1.4029724e-12,1.2265335e-08,1.9136534e-08,2.7655614e-07,1.5964977e-08
ISIC_0031307,1,2.2639428e-08,1.0,2.912036e-13,4.3086155e-12,3.560904e-10,5.155027e-12,1.5122884e-11
ISIC_0032431,1,1.2368193e-06,0.99997497,2.3607045e-09,1.8009505e-06,1.1499288e-05,4.1214107e-06,6.34194e-06
ISIC_0026146,1,9.827622e-10,1.0,5.1181013e-12,1.5859774e-11,3.783906e-08,8.5941615e-11,1.0868997e-09
ISIC_0027666,1,5.6175168e-08,0.9999912,2.318472e-12,3.227184e-09,1.3212299e-06,1.7572831e-06,5.6640542e-06
ISIC_0030415,1,2.4634167e-07,0.99999964,1.36707225e-11,2.7197605e-10,3.2673067e-10,2.0018018e-11,1.3990753e-07
ISIC_0025037,1,1.03917755e-05,0.9999895,2.4310504e-12,4.735097e-13,4.4985725e-08,8.123367e-11,2.4469278e-08
ISIC_0031439,1,0.00064669055,0.99930406,7.7082396e-11,7.752767e-06,2.5542358e-05,2.6688703e-11,1.5920848e-05
ISIC_0031255,1,3.1644814e-07,0.9998197,5.9303016e-09,5.2192838e-05,0.000117813834,7.517499e-06,2.4802073e-06
ISIC_0025646,1,4.555695e-05,0.9998888,3.9227066e-09,5.3691823e-10,6.5550295e-05,1.4966616e-09,4.8632458e-08
ISIC_0030634,1,2.1351841e-05,0.99997807,3.9008272e-10,9.935273e-09,5.657354e-07,1.286401e-09,1.7504883e-09
ISIC_0030185,1,4.6541265e-07,0.99999523,2.8447718e-09,4.816027e-07,2.221906e-06,1.3957888e-06,1.6511937e-07
ISIC_0029787,1,3.5001725e-07,0.9999995,4.259873e-11,4.934951e-09,7.2216806e-09,6.2860835e-08,2.0752868e-09
ISIC_0027809,1,1.20460335e-08,0.99989414,1.7247058e-11,4.3766366e-05,6.207879e-05,1.2374856e-09,1.1517052e-08
ISIC_0028312,1,2.3943548e-07,0.9999989,1.170805e-10,7.724646e-10,7.7343805e-07,6.1640304e-10,1.4718653e-08
ISIC_0029607,1,5.268396e-09,0.99998736,2.3839541e-10,1.4361146e-07,1.2322049e-05,1.9194377e-10,2.3820851e-07
ISIC_0029863,1,6.8435924e-08,0.9999999,2.0056297e-13,3.3837693e-11,3.8341657e-08,1.271614e-09,1.0611554e-08
ISIC_0032493,1,0.00012936344,0.9960679,5.0049643e-08,2.8783827e-08,0.0037734031,7.759607e-06,2.159335e-05
ISIC_0026197,1,3.959445e-08,0.999998,2.5618735e-07,7.996084e-09,1.2317568e-06,4.8857682e-11,4.4043418e-07
ISIC_0024391,1,2.7341043e-08,0.97260374,0.027394632,1.3091607e-06,2.5754792e-07,7.9506135e-09,1.7941025e-08
ISIC_0032208,1,7.618068e-08,0.99999785,1.691862e-10,3.5378285e-08,1.9088884e-06,1.6444031e-07,3.5010892e-08
ISIC_0024750,1,2.8827527e-09,1.0,5.6505993e-12,3.2918453e-11,5.568446e-10,1.6164146e-09,9.5849675e-09
ISIC_0031480,1,1.8332995e-07,0.99999976,2.832266e-10,1.7551717e-11,4.6822596e-08,5.1068373e-12,2.6931862e-10
ISIC_0025565,1,3.3164522e-06,0.9984908,1.0039106e-07,4.3143846e-05,0.0010763551,2.2500132e-08,0.00038634433
ISIC_0025012,1,0.002491882,0.99734664,8.2211557e-07,2.387978e-08,0.00016014524,1.79442e-09,4.304573e-07
ISIC_0029620,1,4.219425e-07,0.9999995,2.7527845e-11,9.09588e-09,1.7822214e-09,2.1718352e-09,6.102921e-10
ISIC_0024483,1,1.5500555e-07,0.9999999,7.2715965e-12,1.1522786e-10,1.662422e-08,3.3579802e-08,8.33304e-10
ISIC_0027992,1,1.4789316e-07,0.9958663,5.295248e-07,1.7547265e-05,0.0041135782,5.1113704e-09,1.9070975e-06
ISIC_0025725,1,8.8504426e-10,0.9999993,7.055596e-10,5.00722e-08,5.5198393e-07,1.5644481e-07,6.672782e-10
ISIC_0025889,1,2.650347e-09,0.9999999,5.27814e-12,4.7241775e-09,1.4876431e-07,6.2395906e-09,6.522104e-10
ISIC_0031098,1,3.7220573e-07,0.99999964,6.2895765e-11,1.3800754e-10,2.66485e-08,2.8652195e-10,8.8448475e-09
ISIC_0030708,1,2.837639e-06,0.99999714,1.6212768e-12,2.7184692e-09,5.912551e-08,1.4125091e-09,2.2793612e-08
ISIC_0032390,1,0.00016599408,0.9998336,1.7164131e-08,7.424252e-09,1.3220647e-07,2.2476851e-09,2.1054987e-07
ISIC_0028799,1,2.7516997e-05,0.99994946,4.674987e-10,1.0126872e-06,2.6199134e-08,2.2032396e-05,2.4096352e-08
ISIC_0028601,1,2.722576e-06,0.9999908,3.8639772e-10,4.7763554e-10,6.2453123e-06,3.763371e-09,1.589435e-07
ISIC_0031246,1,3.9130117e-07,0.99999964,2.8952594e-13,1.5432177e-12,5.816857e-09,3.4219707e-11,7.443334e-10
ISIC_0031899,1,1.8105177e-11,1.0,9.573209e-15,3.2882844e-13,1.7103835e-09,1.2921367e-09,8.5286844e-10
ISIC_0031530,1,3.4338782e-06,0.9999964,2.1240006e-12,6.850591e-09,1.1679411e-07,1.9748763e-08,6.69514e-09
ISIC_0026881,1,1.1570113e-10,0.9999999,2.057603e-16,1.2450828e-11,7.4930554e-08,2.2768232e-10,6.4369496e-11
ISIC_0025459,1,2.3870578e-08,1.0,1.6138414e-10,8.97363e-11,1.2258986e-08,1.6388993e-10,7.9519435e-10
ISIC_0029256,1,7.932881e-09,0.9999988,2.8963054e-10,3.9453592e-08,1.1742278e-06,1.2372173e-11,2.232516e-09
ISIC_0030331,1,5.5507238e-11,1.0,2.2893232e-12,2.1516604e-10,2.2117736e-11,3.8484086e-12,1.5005175e-10
ISIC_0024527,1,4.0551555e-07,0.99999785,2.4271944e-07,4.1871133e-09,6.5949166e-07,7.844544e-07,3.3939984e-09
ISIC_0025464,1,8.8361776e-07,0.99999917,1.3856156e-11,4.915269e-09,4.325301e-09,1.7105581e-09,3.144691e-10
ISIC_0029011,1,1.0696776e-09,1.0,1.0848917e-11,2.3528374e-10,3.4548917e-09,3.304138e-14,1.0632614e-10
ISIC_0027499,1,2.4316012e-06,0.9999975,9.881376e-13,2.3148482e-10,3.567377e-08,1.987514e-09,1.8306194e-10
ISIC_0027448,1,1.49074185e-05,0.99998057,3.747227e-11,4.3843743e-06,3.078124e-08,2.8148098e-11,2.3748138e-08
ISIC_0031101,1,9.0684543e-10,0.99999964,4.0954596e-12,7.709513e-08,2.299547e-07,2.271809e-09,2.321262e-08
ISIC_0025532,1,5.8128567e-06,0.9999938,7.417432e-12,5.9128023e-08,2.6862867e-07,1.9908783e-10,6.938353e-08
ISIC_0025159,1,6.583863e-09,0.9999999,1.8960855e-11,6.7046424e-10,1.15399374e-07,1.447201e-10,3.7102615e-10
ISIC_0026925,1,1.00043515e-07,0.9999999,2.8322242e-13,1.6753511e-09,8.013826e-09,2.9391595e-10,4.312344e-10
ISIC_0024521,1,0.0010774633,0.9705803,2.6881713e-08,2.6414534e-07,0.028321533,1.7277884e-05,3.1846532e-06
ISIC_0031849,1,1.3064654e-08,0.99999917,1.0856301e-14,1.2834063e-09,8.286291e-07,5.0324307e-11,6.0175145e-09
ISIC_0028553,1,7.803196e-08,0.9999987,1.895316e-12,1.5688598e-10,8.7796636e-08,1.2489357e-09,1.1771259e-06
ISIC_0026073,1,1.457953e-06,0.9999975,2.4889987e-10,1.4045433e-10,4.703734e-07,3.3003985e-08,6.025486e-07
ISIC_0032406,1,0.0048251725,0.995174,6.007836e-07,1.1106518e-08,2.1586956e-07,5.4960314e-08,2.2494786e-08
ISIC_0026793,1,6.188356e-08,0.99999976,1.4841659e-12,6.972136e-10,5.171226e-08,1.3200831e-07,4.5700058e-10
ISIC_0025797,1,9.925983e-06,0.9999901,2.7161044e-11,4.4865334e-09,5.0083173e-09,7.482397e-09,1.1027523e-10
ISIC_0028320,1,1.2064186e-06,0.99999416,1.2323236e-09,9.023313e-08,4.107109e-06,2.642765e-09,3.6260064e-07
ISIC_0025590,1,3.606148e-08,1.0,9.702797e-13,4.157599e-12,1.5396967e-11,7.894961e-12,8.638934e-10
ISIC_0028949,1,1.5309232e-07,0.99999976,7.040621e-11,2.4380222e-08,1.2299589e-07,5.859814e-11,7.9613055e-10
ISIC_0031755,1,1.0950816e-06,0.99966264,7.730098e-09,7.477884e-07,0.00033520622,5.43666e-08,3.5889104e-07
ISIC_0026703,1,1.9320761e-07,0.99999976,2.1559741e-13,6.944103e-11,3.3252685e-09,2.0881211e-12,2.28993e-08
ISIC_0030052,1,4.4492697e-07,0.99996376,2.1986748e-08,8.414145e-06,2.6254249e-05,9.4652984e-07,6.019244e-08
ISIC_0032293,1,0.0047202604,0.9952543,5.3016817e-11,2.3995734e-09,2.5184036e-05,3.684012e-08,2.532143e-07
ISIC_0026931,1,1.7214598e-08,1.0,4.8085175e-15,5.8736427e-12,7.8974843e-10,6.3899924e-10,9.954501e-12
ISIC_0026019,1,1.2927222e-07,0.9999999,3.4910657e-09,2.4991769e-09,1.4562541e-08,3.3791547e-09,2.5429003e-08
ISIC_0027818,1,1.1850728e-06,0.9999875,7.1781847e-09,6.5197664e-06,3.8161525e-06,9.8887874e-08,7.7923585e-07
ISIC_0026617,1,6.305826e-08,0.99999964,8.583511e-11,2.6849209e-08,2.7812263e-07,1.5242819e-08,2.5280182e-09
ISIC_0031533,1,0.00012615342,0.99986494,5.617225e-12,2.7759867e-07,8.667731e-06,6.5562784e-11,4.795382e-09
ISIC_0026903,1,1.5758236e-09,0.9999982,4.1130224e-11,1.1195858e-08,5.9285054e-07,2.5090163e-09,1.134421e-06
ISIC_0026587,1,2.8863291e-05,0.99996376,7.099224e-08,3.9936089e-07,8.034722e-08,6.6196535e-06,2.0721495e-07
ISIC_0028018,1,1.5042549e-07,0.9999999,1.6186487e-12,1.0155894e-10,1.2439993e-09,1.6950122e-09,6.9246176e-12
ISIC_0025645,1,3.205005e-10,1.0,6.25674e-13,4.274876e-11,7.5091017e-10,4.9390114e-13,1.9823094e-09
ISIC_0030004,1,5.290782e-07,0.99997985,6.1265465e-10,1.04512374e-07,1.643121e-05,2.7608928e-06,2.7634889e-07
ISIC_0027551,1,7.909458e-08,0.99999964,5.549163e-12,1.4181979e-09,2.6725627e-07,1.8157027e-09,3.4823195e-09
ISIC_0030633,1,1.4968791e-09,0.9999999,8.87116e-12,8.7240937e-10,1.3078032e-07,1.6659891e-09,7.644173e-10
ISIC_0025690,1,1.925334e-07,0.9999994,7.279042e-09,1.4468808e-09,4.313364e-09,1.5519924e-09,4.4204393e-07
ISIC_0030018,1,0.00013112993,0.9666675,4.4896748e-07,0.0010458888,0.021834157,5.48781e-06,0.010315329
ISIC_0029005,1,1.176246e-08,0.9999995,1.601267e-13,7.886443e-11,4.265264e-07,3.864912e-09,3.7951637e-09
ISIC_0025050,1,3.252968e-08,0.999995,1.2266754e-09,4.7529403e-09,4.945919e-06,2.741171e-08,5.9567864e-08
ISIC_0026636,1,2.2901847e-06,0.9999974,2.4641063e-09,1.6686698e-08,2.117928e-07,9.373252e-09,6.10395e-08
ISIC_0024373,1,3.3960688e-07,0.99999833,1.3859998e-08,1.623274e-09,1.2105079e-06,1.6003554e-09,7.898804e-08
ISIC_0031232,1,4.1194586e-08,0.9999982,9.603637e-12,5.3776437e-09,1.7001571e-06,1.8274574e-09,5.364999e-10
ISIC_0030872,1,2.694156e-05,0.99926263,2.0964444e-07,4.0635248e-07,0.0007007653,8.235775e-06,8.6458425e-07
ISIC_0029314,1,1.2835457e-08,0.99999857,5.0255022e-11,3.6803762e-08,1.4568359e-06,4.5380877e-10,4.816104e-10
ISIC_0027465,1,0.00011655088,0.99837303,7.078926e-10,1.5405791e-07,0.0015101235,1.7071972e-07,4.6272547e-08
ISIC_0030938,1,2.3876053e-06,0.9999784,5.106838e-11,1.7544975e-08,1.9073603e-05,7.96213e-08,7.9219244e-09
ISIC_0030559,1,1.2261738e-05,0.9999875,7.500598e-12,1.5220084e-07,1.340442e-07,1.0794239e-09,1.7971383e-08
ISIC_0024678,1,5.5871962e-05,0.9989888,3.7680978e-10,6.873485e-10,0.00094232213,2.8968772e-09,1.3016594e-05
ISIC_0030530,1,6.9876745e-07,0.9999976,2.0242445e-10,2.12929e-07,1.3301008e-06,2.310713e-08,1.3030098e-07
ISIC_0029965,1,2.7510973e-06,0.99999714,2.4836853e-11,7.240078e-12,9.917631e-08,5.5597624e-09,5.349179e-09
ISIC_0030364,1,2.0550737e-09,0.9999908,6.48854e-11,1.4929451e-09,5.8486494e-06,2.837559e-06,4.5011853e-07
ISIC_0024606,1,1.745488e-06,0.99992836,8.934401e-09,1.9315927e-08,3.0070069e-06,6.156162e-05,5.406091e-06
ISIC_0031912,1,1.4018731e-07,0.9999976,8.255819e-10,1.1468149e-07,1.2877858e-06,5.739234e-07,2.9464735e-07
ISIC_0028028,1,1.05887516e-07,0.99999595,1.3635322e-09,1.1709859e-06,2.145646e-06,5.756683e-07,2.2019396e-08
ISIC_0029468,1,2.2520513e-08,0.9999999,7.471897e-14,6.062456e-10,3.7042906e-08,3.9947885e-11,6.020604e-10
ISIC_0030641,1,1.9673604e-05,0.9998306,7.3625245e-08,0.00014485276,1.7828479e-06,3.7877004e-07,2.621634e-06
ISIC_0031248,1,4.104439e-07,0.9999995,6.3374474e-13,4.575301e-09,2.5662287e-08,1.716286e-11,1.9926991e-09
ISIC_0030317,1,4.6860918e-11,0.9999993,2.00356e-13,4.0621746e-09,7.2597965e-07,1.8125318e-10,2.4972277e-08
ISIC_0030515,1,5.9514434e-08,0.9999999,7.26883e-14,2.1365645e-11,1.0644327e-09,3.0817993e-10,3.5556166e-10
ISIC_0028006,1,7.4915642e-06,0.9999925,7.739989e-11,1.2394056e-08,1.1616447e-09,9.9357085e-11,7.567481e-09
ISIC_0024565,1,0.00016537099,0.99982846,1.326745e-07,3.5857286e-09,4.778993e-08,5.7604557e-06,2.3784676e-07
ISIC_0028311,1,9.1240486e-07,0.9999987,6.1552787e-13,2.0475396e-08,1.8756043e-07,2.1181792e-07,1.31836e-08
ISIC_0027336,1,2.6128943e-08,1.0,2.2134004e-13,1.1973882e-09,3.253704e-08,7.512099e-09,1.9661767e-10
ISIC_0028776,1,4.409763e-05,0.99995196,1.3253468e-09,8.0085294e-07,4.062822e-08,3.0108888e-06,2.8511357e-08
ISIC_0029971,1,4.846597e-09,1.0,1.0575288e-15,1.4940389e-12,1.6989159e-09,1.4132953e-12,6.5842214e-11
ISIC_0032097,1,8.804099e-09,0.99999964,7.004251e-12,1.7029871e-09,5.6023666e-09,1.5776843e-09,3.6747878e-07
ISIC_0025727,1,3.2110885e-09,1.0,5.172698e-15,1.8425155e-11,4.6318056e-09,5.0220933e-13,1.5497362e-09
ISIC_0026373,1,2.0427589e-07,0.99999905,2.578094e-09,5.7633665e-10,4.81408e-07,1.6905617e-09,3.1023814e-07
ISIC_0027280,1,2.5323038e-07,0.9999995,6.7804895e-10,2.3520927e-09,2.4874152e-09,1.3469517e-10,2.630446e-07
ISIC_0030531,1,7.564415e-09,0.9999993,5.561837e-11,6.399024e-07,1.3554325e-07,3.1052305e-12,2.4833946e-09
ISIC_0026485,1,1.4645162e-06,0.9993604,1.2554148e-07,3.7860366e-06,0.000634144,2.0766057e-08,8.7620684e-08
ISIC_0026195,1,7.19184e-06,0.9999925,8.8188793e-16,2.6731244e-11,3.5704414e-07,3.3074636e-09,3.695227e-10
ISIC_0030424,1,0.0012033333,0.99879503,4.940853e-07,2.033173e-09,6.8681925e-07,3.8540333e-07,5.0003315e-08
ISIC_0025284,1,0.000166913,0.99979335,1.7780557e-08,4.09442e-08,3.8754122e-05,1.2726943e-07,9.1084917e-07
ISIC_0029250,1,3.2665182e-06,0.99999666,2.7115685e-10,8.7641394e-11,1.1082456e-07,2.819093e-12,5.027212e-10
ISIC_0032357,1,2.3305545e-07,0.9999994,9.17923e-11,4.3315243e-10,3.7900384e-07,2.3598261e-09,1.8552123e-08
ISIC_0030025,1,1.6481972e-07,0.99995744,8.8432556e-10,1.0828255e-06,3.6758458e-05,4.318223e-06,2.8370243e-07
ISIC_0026050,1,8.684375e-08,0.9999999,4.742746e-10,4.561713e-11,1.3574092e-08,3.36882e-09,1.125623e-09
ISIC_0029529,1,7.565359e-08,0.9999994,1.692799e-12,7.318533e-10,1.1374171e-07,3.9181865e-07,3.4722176e-09
ISIC_0030848,1,5.171115e-07,0.9998442,1.3513794e-10,1.8684685e-07,0.00014916001,6.3821365e-11,5.9050717e-06
ISIC_0027803,1,7.685027e-08,0.9999999,1.95929e-12,9.392618e-10,6.401221e-08,3.8050008e-09,2.0005886e-11
ISIC_0028852,1,3.951123e-09,1.0,7.141671e-14,1.1042587e-08,4.5000843e-09,5.4215108e-11,4.29761e-08
ISIC_0028064,1,5.498133e-10,0.9999993,2.310508e-13,5.6665814e-11,1.1009886e-10,3.154886e-10,6.649738e-07
ISIC_0032104,1,6.701504e-08,0.9999999,4.457893e-12,1.2172118e-09,3.8881558e-11,2.3669385e-14,3.95853e-09
ISIC_0024401,1,1.399011e-08,1.0,7.208337e-16,1.1722592e-09,1.4402634e-08,5.827626e-11,1.8909747e-08
ISIC_0029424,1,1.9168172e-06,0.9999981,8.097503e-13,2.1020938e-10,3.9060444e-09,7.1587225e-09,3.01182e-08
ISIC_0027196,1,7.22022e-05,0.99992776,2.9503685e-12,9.779829e-10,5.498372e-09,6.1273986e-09,1.4571874e-09
ISIC_0032101,1,3.5357118e-07,0.99999785,2.831739e-12,3.2360593e-11,4.6376858e-08,1.6192495e-06,3.519488e-08
ISIC_0029253,1,1.9018849e-07,0.9999151,2.2978333e-09,1.7112148e-08,1.9104478e-08,8.6032e-09,8.460859e-05
ISIC_0029797,1,1.2831279e-05,0.9999852,1.8561904e-09,1.7104277e-08,3.276985e-07,4.1954483e-08,1.5762323e-06
ISIC_0025486,1,1.3267763e-08,0.9999994,1.6712824e-11,5.648874e-11,5.9367954e-07,1.4412207e-09,1.0286732e-08
ISIC_0025070,1,2.9295249e-08,1.0,1.5174297e-13,7.701285e-12,3.1513239e-09,1.0610951e-11,8.876322e-12
ISIC_0030850,1,1.7464242e-06,0.9999982,5.8544336e-10,1.0499717e-08,2.0533934e-08,8.2866025e-10,4.838756e-09
ISIC_0026547,1,3.037774e-09,0.9999999,8.2402027e-13,7.942935e-11,1.4357082e-07,3.71006e-12,6.0398776e-11
ISIC_0025673,1,3.2801506e-08,0.99999857,8.733889e-10,1.5269748e-08,1.1582309e-06,1.1393898e-09,1.8271881e-07
ISIC_0026095,1,5.3376552e-06,0.9999944,9.461319e-11,1.4409745e-09,2.1968842e-07,8.057828e-10,1.4862857e-08
ISIC_0030628,1,8.381205e-06,0.9999914,4.153496e-09,2.0320547e-09,1.13175446e-07,4.6334737e-08,3.7267313e-08
ISIC_0026990,1,1.6775272e-07,0.999998,1.0308833e-08,8.077588e-09,5.6006586e-09,1.7436379e-06,1.6765338e-09
ISIC_0026250,1,5.774895e-06,0.99999356,1.3998762e-10,3.4726295e-08,7.1139493e-07,1.4352439e-08,5.1966915e-09
ISIC_0029700,1,5.3870264e-09,1.0,2.3277865e-14,7.737848e-11,8.5356465e-11,8.710029e-10,8.9813573e-10
ISIC_0030405,1,1.9782364e-07,0.9998553,8.8026597e-13,2.2453629e-05,0.00011950277,5.484065e-09,2.6012865e-06
ISIC_0026767,1,2.4056735e-05,0.9999571,2.6869518e-09,2.0091835e-07,1.8451288e-05,7.704379e-08,7.0632765e-08
ISIC_0027104,1,4.759723e-09,1.0,4.433108e-16,3.8115743e-13,1.7620769e-09,1.2753443e-10,4.923568e-09
ISIC_0030651,1,1.6413987e-09,0.99983907,1.0066861e-07,8.921849e-06,0.00015124757,4.209184e-07,1.77025e-07
ISIC_0024350,1,1.2743426e-09,0.9999995,2.8550027e-13,1.5383032e-09,5.0619824e-09,8.049478e-11,4.448016e-07
ISIC_0024526,1,8.068259e-07,0.99999917,2.4288112e-09,8.51569e-10,7.347935e-09,1.639844e-08,9.792399e-10
ISIC_0031751,1,6.9562006e-08,0.9999994,1.3120869e-08,1.8909888e-07,3.0703e-07,1.306822e-08,1.0207298e-09
ISIC_0032346,1,2.5949656e-11,0.9999999,1.1143748e-11,3.4255476e-09,4.7339125e-08,1.5389419e-11,2.2573625e-08
ISIC_0025393,1,8.1989896e-07,0.99974936,1.7236325e-09,5.891426e-07,3.1501557e-05,7.2954696e-09,0.0002177618
ISIC_0031790,1,4.2088875e-08,0.9999999,1.165371e-08,2.7241032e-09,1.9787139e-08,7.5216144e-10,5.424402e-09
ISIC_0028629,1,1.9814072e-06,0.99999726,1.3191685e-11,1.0051985e-08,7.4587535e-07,1.3638221e-10,9.349058e-09
ISIC_0028078,1,4.3072114e-07,0.9999995,2.1976025e-10,4.472137e-09,2.3007156e-09,2.1498299e-10,6.077855e-09
ISIC_0032289,1,1.6573884e-08,1.0,4.962612e-12,1.1631721e-09,1.4939244e-09,3.2857625e-10,6.61363e-09
ISIC_0028959,1,6.512947e-08,0.99999404,3.938581e-08,5.077606e-07,4.520048e-06,2.0346336e-07,5.6921175e-07
ISIC_0028743,1,2.0435598e-05,0.999977,2.5122147e-09,1.0291978e-06,2.7297125e-07,7.2205985e-08,1.0679983e-06
ISIC_0027773,1,0.0002492779,0.99975055,2.6661377e-12,1.0379665e-09,1.3740964e-07,2.0298145e-09,5.7848997e-08
ISIC_0032001,1,2.9279049e-08,1.0,4.4447307e-13,8.105279e-12,3.8832613e-09,2.36151e-10,2.585701e-08
ISIC_0026763,1,9.91092e-09,0.99999976,4.106863e-13,3.5486444e-10,1.816169e-07,3.293184e-10,9.36861e-09
ISIC_0025787,1,9.911935e-09,0.99999917,1.306084e-12,5.753496e-09,8.3177824e-08,2.714556e-10,7.9938064e-07
ISIC_0029096,1,2.2692634e-09,1.0,1.7927998e-11,3.348088e-11,1.345172e-08,6.832888e-11,4.699114e-09
ISIC_0024478,1,1.0703756e-05,0.99998367,1.4688757e-08,5.0281517e-07,4.801326e-06,4.970818e-09,2.990912e-07
ISIC_0030969,1,0.00015676276,0.9998222,3.6770482e-11,3.7702453e-08,1.7472245e-06,1.9273939e-05,4.986359e-08
ISIC_0030699,1,0.00015627753,0.99984336,3.4764032e-11,5.6592677e-09,3.4439006e-07,2.994019e-11,8.7433166e-10
ISIC_0026797,1,4.5370357e-06,0.99999547,1.3280952e-12,1.8439356e-10,2.5149924e-10,2.3885097e-15,1.459622e-10
ISIC_0026962,1,3.344478e-08,0.9995912,2.2543287e-11,2.3745987e-09,0.00040827206,1.6184065e-07,3.8649185e-07
ISIC_0028783,1,5.4760885e-09,1.0,1.9506236e-13,2.8512886e-12,2.0898887e-10,3.2508797e-13,4.3336957e-12
ISIC_0031610,1,1.2835778e-07,0.99999917,3.177332e-10,3.2417706e-08,1.4355881e-07,8.784956e-09,5.835685e-07
ISIC_0025706,1,5.8064995e-08,0.99999833,4.264466e-07,5.553392e-08,1.1373775e-06,2.987026e-08,8.269338e-08
ISIC_0031267,1,3.526662e-10,1.0,1.234714e-13,8.04521e-12,7.540048e-09,3.751873e-13,1.8344486e-09
ISIC_0028547,1,3.7139158e-09,0.9999995,3.0365332e-09,3.9659216e-08,1.752639e-07,4.9961333e-09,2.668167e-07
ISIC_0025483,1,5.3184544e-11,1.0,4.661202e-13,1.6756724e-11,3.2046106e-08,3.5200426e-10,2.356373e-09
ISIC_0030045,1,0.08130794,0.91825986,8.89603e-07,0.00028460677,0.00014005743,2.3571279e-07,6.406663e-06
ISIC_0030496,1,5.183953e-06,0.9999945,1.8406003e-07,7.362281e-09,6.1717735e-08,5.0420206e-09,1.10577076e-07
ISIC_0026800,1,4.1342103e-11,1.0,1.3677097e-14,1.4557133e-11,3.1179859e-09,1.0000015e-12,7.43215e-12
ISIC_0026833,1,7.8438063e-07,0.99999917,9.114311e-11,6.4027575e-11,5.514414e-09,4.7949296e-12,2.9566454e-09
ISIC_0030670,1,5.858107e-06,0.9999939,3.282227e-11,3.4689995e-10,1.7631456e-07,4.0933887e-09,8.241303e-09
ISIC_0031161,1,2.2940885e-05,0.99997675,3.0610094e-09,2.9401034e-08,3.3263245e-07,1.6957064e-10,7.4253814e-10
ISIC_0029507,1,2.528013e-10,1.0,8.496409e-17,2.7211897e-13,2.1293254e-09,7.4800045e-12,1.3835602e-10
ISIC_0030347,1,2.3615128e-08,0.9999982,3.0647423e-10,3.6476617e-08,1.8040834e-06,9.429894e-12,1.0923449e-09
ISIC_0030571,1,5.8869722e-09,0.9999993,6.4791558e-12,2.9907218e-07,3.4266665e-07,6.041931e-09,3.2295437e-09
ISIC_0032418,1,2.983937e-06,0.99997354,7.883038e-10,1.0332643e-07,3.6850622e-07,2.295114e-05,8.9217425e-09
ISIC_0025901,1,5.65905e-07,0.9999994,1.37455975e-08,3.26099e-08,1.2154595e-09,3.0771258e-08,4.675765e-10
ISIC_0028149,1,0.0002852803,0.99971443,1.4793345e-08,6.488588e-08,1.5650424e-07,2.4398568e-08,1.1402949e-08
ISIC_0032506,1,3.4770147e-07,0.99999046,3.0751164e-07,2.9037794e-06,7.141845e-07,5.1833335e-06,1.9057012e-07
ISIC_0029996,1,4.474543e-10,1.0,1.8341032e-12,6.713059e-11,2.1438946e-09,1.0726374e-10,1.5659627e-09
ISIC_0029916,1,9.69179e-10,1.0,3.696014e-11,1.7992134e-10,1.1791735e-08,3.7238818e-10,3.0315235e-09
ISIC_0024569,1,2.5234559e-09,0.9999423,1.8135738e-09,9.666576e-08,5.7595324e-05,6.556029e-09,2.6536187e-09
ISIC_0028348,1,6.898089e-10,0.9999999,1.4190336e-10,4.564469e-09,1.5226719e-07,4.946839e-08,1.7320769e-09
ISIC_0032354,1,1.4733192e-07,0.99999964,1.3320896e-07,7.995978e-12,6.745666e-09,1.0364657e-10,4.9936784e-08
ISIC_0026121,1,2.0795564e-08,1.0,2.7691394e-13,1.8634758e-09,1.7771543e-09,4.4488743e-11,6.356724e-09
ISIC_0028073,1,1.6035612e-07,0.9999995,1.3509411e-12,1.5969611e-12,3.3949786e-07,2.2032685e-10,3.7076024e-09
ISIC_0028614,1,3.9049132e-07,0.8334615,8.729829e-05,0.0059950077,0.011614143,1.130619e-05,0.14883035
ISIC_0025418,1,3.410706e-06,0.99999654,1.3366696e-14,9.9832205e-11,2.998144e-09,5.550051e-10,4.4773532e-10
ISIC_0025002,1,7.3747414e-10,1.0,4.9951704e-10,6.7269627e-12,2.7439464e-08,1.5228163e-10,6.987838e-09
ISIC_0031869,1,3.6840748e-07,0.99999833,9.519139e-10,1.809681e-07,6.281872e-07,3.051486e-07,3.7113214e-08
ISIC_0027158,1,1.6271223e-08,0.9999968,5.7051756e-11,5.506935e-10,2.9078217e-06,1.4227293e-09,2.633503e-07
ISIC_0027199,1,9.5541715e-08,0.9999895,2.7926823e-09,2.9165487e-06,2.6408695e-06,3.4563385e-07,4.561417e-06
ISIC_0031589,1,6.903757e-09,0.999972,1.5007596e-07,1.1640523e-08,2.7263977e-05,8.021666e-08,4.789921e-07
ISIC_0024873,1,6.8506885e-09,0.9999343,1.2840081e-06,9.117264e-06,5.4705983e-05,1.7543174e-07,5.088359e-07
ISIC_0025455,1,1.960753e-09,0.9999989,9.327005e-13,1.2319927e-10,5.495314e-07,5.022377e-07,2.741055e-09
ISIC_0026176,1,1.0805638e-07,0.9999871,1.9610736e-13,3.081266e-10,1.2760197e-05,1.9471794e-12,3.5897582e-10
ISIC_0031497,1,7.625611e-09,1.0,7.4374285e-11,1.0447157e-08,1.945308e-08,4.0618936e-08,1.4015162e-08
ISIC_0025191,1,1.8080796e-09,1.0,3.424852e-11,3.2907215e-11,2.7047982e-08,2.1177181e-12,1.9589372e-10
ISIC_0028716,1,2.6036e-09,1.0,1.0536059e-13,1.2613405e-09,1.8667388e-08,1.2738626e-08,2.4639355e-08
ISIC_0028328,1,3.3312006e-07,0.99999964,3.5664643e-13,5.37315e-13,2.9166115e-08,5.495215e-12,2.2060032e-09
ISIC_0027547,1,5.564199e-10,0.9999999,5.964617e-11,1.0324014e-10,6.5418824e-08,8.497816e-10,2.7147355e-09
ISIC_0031688,1,4.246803e-08,0.9999902,1.8420187e-12,4.3539067e-10,9.712116e-06,2.0716489e-09,3.3518432e-08
ISIC_0029739,1,3.9863903e-09,1.0,5.8139355e-15,2.227699e-13,5.036413e-10,4.408546e-12,3.232772e-11
ISIC_0027946,1,2.1374355e-08,0.99999964,1.8906735e-13,2.230374e-08,4.7520857e-08,4.1029797e-09,3.0112776e-07
ISIC_0027493,1,6.025616e-09,1.0,6.7619104e-13,4.5861173e-10,5.274563e-10,6.578764e-10,6.737615e-10
ISIC_0031147,1,1.9030441e-08,0.9999995,1.0225709e-10,1.8193833e-10,4.971082e-07,5.4186213e-12,1.1837197e-09
ISIC_0026285,1,0.000112594345,0.9998871,5.6947225e-11,5.4729643e-09,3.2335636e-09,2.6899968e-07,1.25990285e-08
ISIC_0029224,1,2.2246601e-08,1.0,4.3118116e-13,1.764888e-10,4.106512e-09,6.9894908e-09,3.3272998e-09
ISIC_0028178,1,6.1064326e-05,0.99993896,2.4581203e-11,5.4944076e-09,1.8973367e-08,1.335376e-08,1.4970392e-09
ISIC_0029785,1,1.798592e-05,0.999982,5.919871e-13,1.0083261e-09,1.3166085e-09,1.7603531e-08,2.0241098e-09
ISIC_0026772,1,9.717493e-11,0.99999976,9.728011e-14,3.302128e-10,2.0106667e-07,2.2303707e-11,5.1644613e-09
ISIC_0027633,1,8.601124e-08,0.9999995,8.985576e-12,7.0741066e-08,5.7864067e-08,2.8538406e-07,6.380311e-09
ISIC_0025522,1,7.322415e-09,0.99978346,6.6437174e-08,3.621135e-08,0.00013002096,8.465474e-05,1.8787475e-06
ISIC_0027222,1,1.1849087e-08,0.99998057,1.6797761e-05,1.2172539e-08,7.2419894e-08,2.4580581e-06,1.1007927e-08
ISIC_0026274,1,1.2346362e-07,0.9999999,1.0341164e-13,3.8660413e-09,1.0613052e-08,3.1471933e-11,9.0102675e-10
ISIC_0025828,1,3.334008e-09,1.0,8.981061e-15,5.1380694e-10,2.1404267e-08,3.6612008e-10,7.9568135e-10
ISIC_0031472,1,5.281914e-09,0.99999976,3.2537278e-12,2.7374036e-10,5.3959076e-10,5.499368e-12,1.8208566e-07
ISIC_0027169,1,1.7730149e-07,0.99999964,1.0529939e-11,5.2831726e-09,1.3188787e-07,9.341223e-12,1.3345391e-10
ISIC_0029511,1,3.635228e-08,0.99999976,3.0180413e-08,1.4913482e-08,1.1543865e-07,1.1702662e-09,2.2749664e-09
ISIC_0025888,1,5.01595e-07,0.9999994,3.1829192e-10,6.214278e-09,3.0485648e-08,8.304258e-09,9.5975345e-08
ISIC_0025682,1,1.6682394e-05,0.999982,3.0306405e-10,1.5649032e-07,4.0440656e-07,2.2961162e-09,7.894613e-07
ISIC_0027899,1,3.299733e-05,0.999967,5.619754e-10,2.4264885e-08,2.0027784e-08,2.0572681e-09,3.3116023e-09
ISIC_0025893,1,0.0001499578,0.9976902,9.271197e-08,0.0016632719,0.00045610004,1.3200107e-05,2.7127542e-05
ISIC_0026935,1,9.6410794e-08,0.9999982,3.227429e-12,6.515077e-11,1.6947615e-06,7.678315e-09,3.8362056e-09
ISIC_0028950,1,5.979073e-09,0.99999726,2.0416518e-12,1.2782296e-09,2.7163226e-06,3.0202132e-10,6.2580123e-09
ISIC_0027515,1,6.6141e-07,0.99999857,1.886101e-07,3.9518273e-08,2.0061528e-08,7.130677e-10,5.821635e-07
ISIC_0028910,1,4.5935367e-06,0.9999932,6.48843e-08,1.1475351e-07,4.1348574e-07,1.7910959e-07,1.4106816e-06
ISIC_0031416,1,9.575039e-06,0.9999902,5.6906188e-11,2.1016483e-10,1.8588055e-07,7.669218e-10,1.8643968e-08
ISIC_0029821,1,1.8048112e-06,0.9999982,4.2258562e-14,1.4948666e-11,3.7796997e-09,2.0948536e-10,5.5788757e-10
ISIC_0029686,1,1.2040454e-05,0.9999844,9.926995e-10,9.8825915e-08,1.15938526e-07,2.9626153e-06,3.132649e-07
ISIC_0027782,1,0.00042444514,0.99957544,2.0691461e-10,8.4941645e-09,3.971255e-08,2.05272e-09,6.2075955e-08
ISIC_0026334,1,2.5455597e-08,0.9999999,4.606415e-16,2.5600267e-11,6.201425e-08,2.3617957e-12,2.3801414e-09
ISIC_0028253,1,2.3309727e-08,0.99991524,2.6775044e-06,3.794643e-08,6.807069e-05,8.412251e-06,5.5442156e-06
ISIC_0030278,1,7.180463e-11,0.9998977,3.0595956e-08,9.961437e-09,9.6043834e-05,2.127135e-09,6.22787e-06
ISIC_0031446,1,3.454494e-08,0.9997547,7.132213e-07,2.8872066e-07,0.00024186137,1.7450602e-06,6.1921907e-07
ISIC_0025604,1,3.7578216e-10,0.99999964,4.427475e-10,6.236725e-08,2.5930507e-07,9.997133e-09,8.161274e-09
ISIC_0025669,1,7.7199145e-09,0.9999999,1.5588144e-08,4.546532e-10,1.3287618e-07,2.0590787e-09,4.774252e-09
ISIC_0029774,1,2.8550387e-06,0.99999714,8.6535034e-14,9.801611e-10,1.2743808e-09,5.908349e-11,8.817063e-10
ISIC_0027368,1,8.4360414e-07,0.9999989,1.04919864e-10,9.430855e-08,3.4426023e-08,9.262303e-08,1.4308401e-08
ISIC_0028904,1,2.1228445e-07,0.9999995,9.449788e-11,3.5908748e-08,1.5121825e-07,1.7203503e-07,3.2532357e-09
ISIC_0031695,1,5.441407e-09,1.0,1.4263113e-14,4.3841568e-14,5.3964255e-09,6.9030746e-11,1.6149245e-11
ISIC_0032217,1,1.2267333e-06,0.9999987,8.5177554e-16,1.4552873e-10,2.0125839e-08,1.3896764e-09,9.5119415e-09
ISIC_0032155,1,2.0857142e-07,0.999956,7.873318e-09,4.0163127e-06,1.5894844e-05,2.3686454e-05,1.0064237e-07
ISIC_0025774,1,3.7436468e-08,0.99999976,1.0831535e-13,3.1805597e-10,1.7044123e-07,3.3355783e-09,5.68084e-10
ISIC_0026020,1,2.4212982e-06,0.9999924,2.4210913e-11,2.2590835e-10,4.639823e-06,5.3822765e-07,2.6911048e-08
ISIC_0030646,1,1.1865135e-08,0.9999932,1.3085598e-12,1.6498443e-13,8.126428e-09,6.749557e-06,1.5737912e-09
ISIC_0027757,1,0.1177442,0.8815182,1.4145562e-05,2.4013707e-06,4.0554896e-06,0.00044975005,0.00026730355
ISIC_0026819,1,0.043791898,0.9535002,2.0644045e-07,9.458019e-09,0.0025829903,7.9620826e-05,4.5156237e-05
ISIC_0026730,1,0.0011137052,0.9988386,2.5006289e-06,1.6211811e-07,3.9285438e-05,5.410747e-06,4.8431247e-07
ISIC_0026890,1,3.4529723e-05,0.99995434,4.5106744e-06,4.1835784e-09,6.2351046e-06,2.6993496e-09,3.3974194e-07
ISIC_0032363,1,1.7911518e-06,0.9943256,0.00092723366,5.8415e-10,0.004739484,5.6838767e-06,1.5899938e-07
ISIC_0025638,1,6.317e-05,0.994622,0.004980749,1.3471055e-07,6.375495e-05,5.811003e-05,0.00021213843
ISIC_0028576,1,0.009814532,0.9901834,3.521455e-08,1.2814063e-07,5.992869e-07,1.5578927e-08,1.2749404e-06
ISIC_0029790,1,2.5767053e-05,0.99997425,6.2649256e-13,4.4387584e-11,1.1205565e-08,2.399933e-09,3.8215495e-10
ISIC_0032023,1,5.0939598e-06,0.9999896,1.575647e-10,1.7643028e-08,5.06419e-06,1.3358735e-09,2.2463904e-07
ISIC_0031247,1,0.0020391138,0.9975535,6.744334e-05,5.5784985e-05,5.3760257e-05,2.9322395e-05,0.00020102916
ISIC_0026251,1,3.2966275e-07,0.99412656,0.0058705425,1.12867184e-07,2.0311322e-06,8.679594e-09,3.988178e-07
ISIC_0029072,1,5.4594407e-06,0.9995889,0.00040532855,2.051186e-09,3.0090794e-07,2.3830157e-08,4.7570765e-09
ISIC_0027848,1,0.0010225896,0.99891996,7.8740385e-07,1.0124195e-08,5.377099e-07,1.4868473e-09,5.6145906e-05
ISIC_0028971,1,0.0011533315,0.99832135,1.6747362e-06,5.8554295e-10,0.00052061595,2.193867e-06,8.8558187e-07
ISIC_0028633,1,0.00028029384,0.85309136,6.253912e-06,7.614009e-05,0.14418067,2.2090637e-05,0.002343187
ISIC_0024934,1,2.0042276e-06,0.99975866,8.420207e-09,3.9401314e-07,0.00023900579,1.23596235e-08,7.8904744e-10
ISIC_0025442,1,4.829964e-06,0.9999919,1.4167109e-09,1.03975985e-07,3.1868626e-06,9.342083e-11,2.1511637e-09
ISIC_0031733,1,3.265414e-05,0.99978215,4.6216912e-05,2.419299e-07,0.000100256046,1.20613e-05,2.6500353e-05
ISIC_0027240,1,0.3930313,0.5554913,0.024253214,0.0011917272,0.009481889,0.0001872753,0.016363233
ISIC_0029430,1,0.026113316,0.43725058,0.022350816,2.6876349e-05,0.5141286,0.00011191369,1.792676e-05
ISIC_0027312,1,6.646347e-07,0.9999908,1.055542e-08,2.8577951e-09,8.480503e-06,2.7774918e-10,1.930218e-08
ISIC_0027427,1,1.4674292e-05,0.9423546,0.05752472,2.094849e-07,2.1503945e-05,3.230228e-05,5.195701e-05
ISIC_0026389,1,1.2898263e-07,0.29833362,0.7015967,3.6229917e-08,5.9907983e-05,3.2423293e-09,9.652876e-06
ISIC_0025847,1,0.38343588,0.60712093,6.496136e-05,6.952627e-05,0.009235614,6.72383e-05,5.870738e-06
ISIC_0025958,1,0.00090514123,0.9990926,8.694266e-09,2.523585e-07,2.0350776e-06,2.0741444e-09,9.0201907e-10
ISIC_0024824,1,0.00027433134,0.9997234,8.0120985e-09,4.970865e-11,2.2242762e-06,1.832962e-09,1.1462636e-10
ISIC_0030666,1,0.19855174,0.8012869,1.0870061e-05,4.105795e-06,0.00014496912,8.3018205e-07,5.567522e-07
ISIC_0030064,1,3.7679132e-05,0.57974505,0.0039232336,2.5665595e-05,0.00014998583,1.7302078e-06,0.41611674
ISIC_0031817,1,0.0037530644,0.97098875,1.2892757e-09,1.6600975e-06,0.025243651,1.19506385e-05,9.096306e-07
ISIC_0032421,1,0.17712407,0.8206103,1.0049097e-05,0.00080903235,0.00073824637,0.00070091244,7.5020967e-06
ISIC_0026541,1,0.63252103,0.36747876,9.947402e-09,6.487854e-09,1.228919e-08,5.081605e-09,2.2637981e-07
ISIC_0031281,1,0.00041397053,0.9994956,1.4339103e-09,1.2181271e-05,4.7161837e-05,5.9578674e-06,2.5087555e-05
ISIC_0028527,1,0.0005135547,0.99942696,5.480743e-09,8.142793e-06,2.5777474e-05,2.4249575e-05,1.3718184e-06
ISIC_0027244,1,0.00014163708,0.15861097,4.5843127e-08,5.7195173e-09,0.84123856,8.716156e-08,8.802992e-06
ISIC_0031380,1,0.9183718,0.05537616,1.2969383e-06,4.18094e-09,0.001489639,2.1528215e-06,0.024758914
ISIC_0029254,1,0.00047094253,0.0008450704,1.7816781e-06,2.1674317e-05,0.99865735,2.9806693e-06,1.4368223e-07
ISIC_0029223,1,5.8590245e-05,0.00059915124,3.448727e-05,4.765534e-05,0.9992576,1.6512831e-06,7.2994027e-07
ISIC_0030930,1,0.039850377,0.9487036,1.4227057e-05,1.2268538e-05,0.010689362,0.0007274264,2.811878e-06
ISIC_0028488,1,2.8629952e-06,0.9942707,9.1905986e-07,3.074526e-08,0.005723488,3.026102e-07,1.7029367e-06
ISIC_0029725,1,0.59500366,0.4049323,4.849012e-05,7.384935e-06,6.1903365e-06,4.034809e-07,1.5630591e-06
ISIC_0024924,1,0.8377661,0.16223066,5.6588444e-08,1.6571724e-07,5.3126706e-07,2.4891406e-06,2.9246354e-09
ISIC_0029488,1,0.0018835443,0.9978594,8.4700056e-05,0.00013555597,5.7343864e-06,2.2923705e-05,8.023926e-06
ISIC_0027099,1,0.049140077,0.95073795,7.4282235e-07,3.2435787e-07,9.952118e-05,5.7656746e-07,2.0765676e-05
ISIC_0026911,1,3.0774576e-05,0.9997682,2.5381037e-06,1.7343184e-07,0.00019651758,3.4013723e-08,1.8926705e-06
ISIC_0030464,1,4.3805947e-08,0.99999845,7.882975e-11,4.686461e-12,1.3456832e-06,4.9498537e-11,1.9901559e-07
ISIC_0029402,1,0.004625439,0.99523723,0.00013479832,4.4215759e-07,1.4238464e-06,5.696659e-07,3.2593004e-08
ISIC_0027571,1,0.0011461303,0.9988527,1.3055694e-07,1.327825e-09,6.788995e-07,3.556709e-07,2.1378028e-09
ISIC_0025823,1,5.073154e-05,0.9998417,6.624396e-10,9.833271e-05,9.236336e-06,5.174283e-09,5.8652443e-09
ISIC_0027458,1,0.7164522,0.2835444,5.8235914e-09,5.526811e-07,1.5701565e-06,2.566139e-08,1.3287245e-06
ISIC_0025094,1,0.0052530277,0.19214989,2.4286588e-05,1.99034e-07,0.7690695,3.3312157e-05,0.033469763
ISIC_0026421,1,4.7731163e-07,0.6139392,6.253985e-06,2.5226473e-07,0.38604593,6.7880046e-07,7.239323e-06
ISIC_0031713,1,3.0616052e-06,0.9988268,1.8886594e-11,4.4099344e-10,0.001169999,9.205119e-08,5.4570677e-08
ISIC_0032027,1,7.527309e-05,0.9998024,1.0136643e-07,1.2019866e-08,0.000118839336,7.210544e-08,3.3182253e-06
ISIC_0027421,1,1.1343882e-05,0.9599206,0.00026024232,0.0017973408,0.03801002,7.368716e-09,4.5673707e-07
ISIC_0028222,1,6.149923e-05,0.03204603,0.00771335,2.6225887e-05,0.9601342,3.106669e-06,1.5554097e-05
ISIC_0026055,1,0.003013389,0.99636406,0.0005098467,2.1745616e-06,7.405661e-05,3.2649128e-05,3.856089e-06
ISIC_0027645,1,2.552053e-06,0.8328242,0.16711718,2.4203705e-06,4.4764114e-05,6.2844024e-06,2.729691e-06
ISIC_0030979,1,0.037247945,0.9627286,8.7547227e-07,8.397199e-06,3.658696e-06,1.5757901e-06,8.940605e-06
ISIC_0028145,1,0.00599407,0.9940058,9.709715e-10,8.333508e-08,1.5663247e-08,4.7037907e-10,4.5284634e-09
ISIC_0029982,1,0.013406933,0.98094845,0.0055606556,1.0825682e-06,3.0490632e-05,3.941832e-05,1.30195e-05
ISIC_0031622,1,0.00010085175,0.9998355,7.696217e-06,1.3266221e-08,5.5579534e-05,2.0445239e-07,1.2674356e-07
ISIC_0025789,1,0.017987158,0.98196536,1.4762315e-06,8.009996e-09,4.476111e-05,4.3164437e-07,7.3317705e-07
ISIC_0028509,1,2.9511125e-07,0.99992955,5.8368885e-05,3.5341925e-09,9.819501e-06,1.746036e-08,1.9936099e-06
ISIC_0028235,1,0.043325014,0.9373987,1.9093097e-06,5.8155097e-06,0.019198705,1.2455648e-06,6.871575e-05
ISIC_0029354,1,0.0131827565,0.9859315,1.3405578e-07,2.4207978e-08,0.0008852767,3.7148876e-08,3.4883018e-07
ISIC_0031748,1,0.00015605651,0.99977,7.939053e-10,2.0853372e-08,7.3966075e-05,1.7373635e-08,1.0902897e-08
ISIC_0030303,1,8.0771766e-05,0.9121568,7.036982e-05,1.8921208e-06,0.08768843,1.30724205e-08,1.7968754e-06
ISIC_0026544,1,8.915113e-06,0.018502207,0.98142266,6.41042e-05,1.5048183e-06,3.6012853e-08,5.8291886e-07
ISIC_0032470,1,1.630306e-05,0.35584813,0.6381719,4.896142e-05,0.0058898027,8.134468e-07,2.4006902e-05
ISIC_0029179,1,0.061745077,0.93825483,3.1715777e-10,5.00728e-09,3.70531e-08,1.539582e-08,4.141185e-09
ISIC_0025158,1,0.071416676,0.92858124,1.9742765e-07,3.7397538e-07,1.5858494e-07,3.6522516e-07,1.0428108e-06
ISIC_0025336,1,0.0081602745,0.9918218,1.3340063e-07,1.5775983e-07,8.862003e-07,1.6614713e-05,9.350277e-08
ISIC_0029422,1,0.0013048035,0.9985409,1.5253171e-05,5.632675e-05,7.769922e-06,7.241229e-05,2.6409045e-06
ISIC_0031158,1,0.028803566,0.954177,0.013448817,6.6458188e-06,2.1847804e-06,0.0035130072,4.8882328e-05
ISIC_0029728,1,0.0004260727,0.0053244564,0.9942477,7.0337535e-08,2.1193324e-08,4.7942956e-09,1.6119265e-06
ISIC_0032181,1,0.0037642731,0.996231,2.0566845e-10,2.848809e-06,3.2449097e-07,4.3549713e-07,1.0403784e-06
ISIC_0033859,1,0.28488243,0.5993497,5.3894702e-05,0.004351044,0.03815334,8.91231e-06,0.0732007
ISIC_0031546,1,0.00027547462,0.9991866,3.4286312e-08,6.369572e-08,0.00015944388,6.7671226e-07,0.00037766487
ISIC_0033423,1,8.883208e-05,0.99990964,1.448999e-07,9.649161e-09,6.55459e-07,4.0648978e-08,7.2038017e-07
ISIC_0033846,1,6.4719796e-05,0.9999347,1.0877688e-08,1.9517403e-08,6.67774e-09,3.4334613e-09,6.135201e-07
ISIC_0033315,1,0.0036331976,0.99636674,5.665764e-10,1.5379165e-08,2.2120232e-09,4.1127564e-09,2.2031779e-08
ISIC_0032633,1,9.231932e-06,0.99999034,1.6232764e-09,1.3634758e-08,3.8884528e-07,1.702427e-11,2.6810806e-10
ISIC_0034298,1,0.00016116575,0.999814,7.649118e-08,1.706811e-06,2.3125007e-05,1.1804949e-09,3.179079e-09
ISIC_0033347,1,0.003640955,0.99607986,1.1670004e-05,3.9889288e-05,0.00019403598,8.565687e-06,2.5032714e-05
ISIC_0032668,1,1.0080485e-05,0.99978477,5.6477244e-08,9.2436125e-07,0.00015517372,4.45587e-05,4.348751e-06
ISIC_0032891,1,0.011693199,0.9882118,2.1269892e-05,3.4927336e-07,5.80794e-05,1.2264486e-05,3.062416e-06
ISIC_0033712,1,0.4206518,0.57027954,0.007263558,4.583998e-07,0.00053970714,0.0012577052,7.2282664e-06
ISIC_0032771,1,8.539858e-05,0.9999,2.6470914e-07,7.0084505e-10,1.4184151e-05,1.6398433e-09,1.0070816e-07
ISIC_0033297,1,0.0007243406,0.99327177,2.5193121e-05,2.0519936e-08,0.0057819067,0.00019675071,6.3799945e-08
ISIC_0030845,1,0.00012185648,0.9998779,6.989891e-09,4.272201e-08,1.6008107e-08,1.2912055e-09,2.0311016e-07
ISIC_0033852,1,0.0034764886,0.9961409,1.5584417e-05,8.189183e-06,0.00035049111,6.2331756e-06,2.138816e-06
ISIC_0033775,1,0.0021564937,0.99784327,1.7065125e-07,3.325926e-11,9.429175e-08,4.240532e-08,7.434742e-09
ISIC_0033561,1,0.0013156604,0.99868196,3.61512e-07,8.98442e-09,6.0667173e-07,9.167418e-07,4.320737e-07
ISIC_0033823,1,3.1124982e-05,0.9999683,1.1839814e-08,5.7118594e-08,1.499862e-08,3.0080545e-09,5.123602e-07
ISIC_0032954,1,0.009360722,0.9906227,9.655155e-06,1.5268953e-06,3.3662332e-06,2.8741488e-07,1.7743913e-06
ISIC_0033371,1,4.2539486e-06,0.9999957,2.746816e-11,6.3315825e-11,1.752232e-10,8.114015e-12,1.2191753e-08
ISIC_0033348,1,0.0022526088,0.99774677,2.1143496e-08,6.668612e-08,4.0864305e-07,3.8008785e-08,9.076428e-09
ISIC_0033048,1,0.016534507,0.98339623,2.0050356e-06,9.601784e-06,5.121281e-05,3.885362e-06,2.5685183e-06
ISIC_0033870,1,7.8699867e-07,0.99999917,6.787889e-10,3.0344033e-08,8.827873e-09,3.70577e-09,1.2553537e-09
ISIC_0026618,1,9.425806e-05,0.99977475,1.9889785e-05,1.1119205e-07,5.0990227e-08,0.00011097166,6.950776e-09
ISIC_0026670,1,5.796988e-06,0.9999591,1.3079164e-08,7.991306e-09,1.1970526e-07,3.4877357e-05,1.9206001e-09
ISIC_0034290,1,5.219847e-07,0.99970835,3.5694543e-09,9.030107e-10,3.737395e-06,1.5115995e-07,0.00028728967
ISIC_0033165,1,3.6420923e-05,0.9993511,6.2831637e-06,1.7264213e-07,0.0004320592,9.274466e-07,0.0001731344
ISIC_0033430,1,0.0010739183,0.99674773,4.869037e-06,4.2906186e-07,0.0013011935,6.904091e-05,0.0008028053
ISIC_0032590,1,0.0033500292,0.9966449,3.4653988e-07,3.600614e-07,1.5091889e-06,2.2393242e-06,5.691099e-07
ISIC_0033549,1,1.4103613e-05,0.9999535,1.3987767e-06,1.5912898e-05,1.2770652e-05,6.929147e-08,2.2312859e-06
ISIC_0033921,1,0.00021881287,0.999777,1.1973302e-07,5.810357e-07,3.1952732e-06,1.3725952e-07,1.650665e-07
ISIC_0031904,1,0.0007037248,0.9992937,3.241829e-10,1.1588613e-06,1.3387706e-06,6.8001477e-10,6.0440972e-09
ISIC_0033919,1,1.4626446e-05,0.99998534,5.558555e-08,6.9125194e-09,8.429171e-09,7.5899775e-09,8.01978e-09
ISIC_0033640,1,0.00011319403,0.9998851,2.7333482e-07,6.0770617e-07,5.734211e-07,6.0079316e-08,1.5202134e-07
ISIC_0033927,1,0.00038187767,0.9996178,1.2949411e-07,1.8135674e-08,6.544833e-09,8.6724583e-10,9.194118e-08
ISIC_0031694,1,2.6441007e-06,0.9999944,3.4534406e-10,3.4753703e-11,2.6583987e-06,1.01999645e-10,2.428378e-07
ISIC_0025978,1,0.00010251351,0.999846,1.9262691e-07,1.0255761e-06,4.8412458e-05,7.073129e-08,1.7322855e-06
ISIC_0026883,1,6.6534756e-07,0.68041307,2.080533e-08,1.6094044e-05,0.31906107,0.00043503116,7.411751e-05
ISIC_0031412,1,0.0012456244,0.32728872,0.004492055,0.6567302,0.006897799,0.0031661515,0.00017943585
ISIC_0029656,1,0.04623613,0.9536353,6.464395e-05,9.018505e-06,8.5035e-06,4.43947e-05,1.967246e-06
ISIC_0025421,1,0.10392127,0.5414405,9.516959e-05,0.3480619,0.00016182564,0.0056997784,0.0006196159
ISIC_0028780,1,7.4659073e-07,0.9999956,2.886799e-10,3.3485938e-09,3.6067001e-06,1.3309254e-08,2.3806544e-08
ISIC_0029902,1,2.3103881e-05,0.9999757,5.1364877e-09,1.9854442e-08,8.620903e-07,1.18451254e-07,2.1160105e-07
ISIC_0027072,1,1.3209249e-06,0.9999653,1.7360523e-07,8.314859e-10,3.2741085e-05,4.3675365e-07,2.1329637e-08
ISIC_0030378,1,3.5938105e-05,0.9987445,0.0012015163,4.2907797e-09,1.7223945e-05,7.38166e-07,1.2921933e-07
ISIC_0024344,1,0.07001202,0.9297727,5.1685316e-07,4.784357e-05,0.00010423968,5.8946724e-05,3.7099153e-06
ISIC_0025836,1,0.9965836,0.0034111382,1.3854782e-06,1.0617856e-06,4.6836854e-07,2.2718016e-06,2.768876e-08
ISIC_0026084,1,0.045948464,0.94537723,0.0011078101,0.0063591246,0.0010868633,1.7427374e-06,0.000118866694
ISIC_0025262,1,0.009464461,0.99033207,0.00017930697,3.55455e-06,1.7881559e-05,6.481508e-07,2.076398e-06
ISIC_0031202,1,1.5284522e-05,0.99998367,1.5298264e-08,2.5058065e-07,7.2276634e-07,9.722199e-10,2.2494993e-08
ISIC_0030892,1,2.0410507e-05,0.9972645,0.0026765293,6.623298e-07,3.657517e-05,8.4194187e-07,3.8573532e-07
ISIC_0032784,1,4.1195366e-07,0.9999995,1.475428e-11,6.099144e-12,1.4389933e-09,1.446014e-10,2.6998848e-08
ISIC_0033459,1,4.4881446e-05,0.99995506,2.276758e-12,1.1146097e-11,3.136096e-09,2.8879015e-12,4.113118e-08
ISIC_0032710,1,5.983177e-05,0.99993944,5.4646395e-11,1.9613983e-10,3.885671e-09,9.75697e-10,7.648528e-07
ISIC_0033172,1,0.00017911966,0.9998209,1.7147117e-09,4.6128537e-08,8.559486e-10,5.214694e-10,6.0883134e-09
ISIC_0033326,1,0.00048930186,0.99950516,5.0088996e-08,3.7013655e-07,4.6863843e-06,1.9331824e-07,2.0024807e-07
ISIC_0032743,1,0.000101405756,0.99989593,3.290121e-08,3.1407086e-07,1.658976e-06,6.4680574e-07,5.2944696e-08
ISIC_0033292,1,0.00055324414,0.99754804,0.0008565949,6.4665723e-10,0.0010411653,2.9035185e-08,9.649783e-07
ISIC_0033610,1,1.0041373e-05,0.99217343,0.0019676944,2.5138083e-09,0.005848215,1.1609418e-08,5.7729795e-07
ISIC_0033100,1,5.899793e-05,0.988744,0.00043244343,1.8759196e-06,0.010762453,6.128278e-08,1.3071904e-07
ISIC_0032821,1,0.0038203767,0.99617827,1.489385e-09,1.572109e-08,1.0328197e-07,1.01299715e-08,1.2105388e-06
ISIC_0032783,1,0.0001337082,0.9998652,1.0200157e-11,2.8943243e-09,1.0387139e-06,5.5359095e-09,1.11051406e-07
ISIC_0034139,1,1.412595e-05,0.99998534,2.420595e-10,1.4400073e-10,4.5098616e-07,4.102123e-09,1.1696124e-07
ISIC_0034133,1,0.00037428382,0.9996253,1.5342655e-08,3.083858e-08,4.0337196e-07,3.9467828e-08,7.1511423e-09
ISIC_0034042,1,0.0043003242,0.9956729,2.7043205e-08,6.002831e-08,2.657941e-05,1.8591436e-08,1.7448821e-08
ISIC_0032595,1,0.000768451,0.9983798,1.3007603e-07,5.840006e-08,0.00085142924,1.2623764e-07,2.875444e-08
ISIC_0034308,1,0.0004592367,0.99953973,8.2006636e-07,2.0144746e-08,1.7297205e-07,3.2152734e-08,4.1600636e-08
ISIC_0032957,1,0.000533928,0.99945194,2.8395573e-07,9.737962e-09,1.3544413e-05,5.186014e-10,2.882731e-07
ISIC_0033334,1,0.005691068,0.9940707,0.00022349808,1.2550671e-06,4.388777e-06,8.292296e-06,7.7155676e-07
ISIC_0034273,1,0.0014031942,0.9983809,1.0069713e-08,1.0064592e-07,0.00019966712,1.414457e-05,1.9987247e-06
ISIC_0032805,1,9.551756e-06,0.9999808,1.2741844e-10,5.222121e-09,9.098031e-06,4.2736042e-07,4.0120597e-08
ISIC_0032753,1,0.00038085933,0.9992986,2.1231766e-10,2.2803075e-08,0.00032051373,3.1717928e-08,1.7833864e-08
ISIC_0034320,1,0.029556734,0.9704428,2.0745215e-11,2.7555734e-08,4.0724524e-07,3.797641e-09,1.3302743e-07
ISIC_0032549,1,0.0020305722,0.9979621,1.0201124e-09,4.954835e-07,5.5051783e-06,1.1063214e-08,1.3910127e-06
ISIC_0032902,1,1.7392675e-05,0.9999826,1.2895801e-10,1.149221e-10,1.4220424e-08,3.8064138e-10,4.960959e-10
ISIC_0032948,1,2.166679e-06,0.99999774,6.079427e-11,1.5455079e-10,4.187466e-08,3.7326983e-10,1.1566894e-09
ISIC_0034264,1,0.00040076856,0.99957377,2.5732032e-07,1.798584e-06,1.557086e-05,5.944252e-06,1.9287875e-06
ISIC_0032785,1,0.002028472,0.99734735,1.07258815e-08,3.399997e-08,0.0004900154,4.3617354e-05,9.0520014e-05
ISIC_0032563,1,0.00010708841,0.99624336,3.3565426e-09,2.7056636e-08,0.0013494289,3.9291745e-06,0.0022961663
ISIC_0033071,1,2.3120406e-06,0.9993333,1.2056576e-09,4.680744e-09,0.00064821885,1.0002132e-06,1.5217673e-05
ISIC_0033990,1,9.4221946e-07,0.9997588,2.7492915e-09,1.4621897e-08,0.00024032188,2.9689272e-11,1.3154078e-10
ISIC_0032937,1,3.6724867e-08,0.999861,2.6174739e-08,1.4179116e-06,0.0001374763,2.5997832e-10,4.7439652e-08
ISIC_0033385,1,0.12503292,0.8746058,1.9753556e-06,5.783332e-07,0.00035854295,1.0912664e-08,1.7117358e-07
ISIC_0033471,1,0.9892625,0.010729462,3.620131e-08,6.1001083e-06,9.433632e-07,8.121614e-10,8.6937524e-07
ISIC_0032831,1,0.99935204,0.000645996,1.1058625e-09,2.3826636e-09,1.09270694e-07,1.277913e-11,1.7767526e-06
ISIC_0032599,1,0.008183858,0.99181026,5.5434957e-06,3.2373138e-09,2.3468866e-07,3.8339795e-08,1.29689e-07
ISIC_0033472,1,0.0030473087,0.9969336,1.7481958e-05,3.1699188e-10,1.3616644e-06,9.7220486e-08,1.9322695e-07
ISIC_0032667,1,0.065559246,0.9344068,1.1663993e-05,3.5068795e-09,5.1294633e-06,4.442687e-06,1.2736546e-05
ISIC_0032520,1,0.0007940073,0.999201,6.621139e-09,5.0508255e-09,4.2491333e-06,2.9659555e-09,7.400256e-07
ISIC_0032832,1,7.155972e-06,0.9999919,9.758659e-09,1.3577414e-10,7.7146643e-07,9.2721194e-08,7.8572775e-09
ISIC_0033917,1,0.0007401779,0.99806696,3.31411e-05,2.1604262e-06,0.0011527879,1.5949411e-06,3.2606004e-06
ISIC_0033988,1,0.034559514,0.9631562,2.587336e-08,9.693119e-08,0.0022783396,3.940678e-06,1.926708e-06
ISIC_0032859,1,0.09598519,0.88158655,2.7070027e-07,2.9349553e-06,0.022407766,2.9581379e-06,1.4335028e-05
ISIC_0032795,1,0.19376963,0.79643995,1.6691203e-08,2.9147242e-07,0.009757925,3.1085456e-05,1.1464982e-06
ISIC_0033825,1,0.0019107962,0.9964562,3.319091e-08,1.3366662e-06,0.0016315057,1.4184772e-08,1.239454e-07
ISIC_0033857,1,0.59581983,0.4038763,0.00016884707,1.0195466e-06,0.00011899593,1.3663022e-05,1.3341191e-06
ISIC_0032731,1,0.03092391,0.96855295,2.1050015e-07,7.9785366e-08,0.00052263815,2.93794e-08,1.2397132e-07
ISIC_0033069,1,6.8404717e-07,0.99999154,3.6994514e-08,2.7391533e-09,7.755192e-06,8.631186e-10,2.2260549e-08
ISIC_0032735,1,0.00030391914,0.9996933,2.6118946e-07,3.4437676e-07,7.9852595e-07,2.325082e-09,1.4242107e-06
ISIC_0033840,1,7.3021914e-07,0.9999988,7.685176e-09,1.18764724e-07,6.609578e-08,6.191835e-11,2.4311905e-07
ISIC_0034257,1,1.7063838e-05,0.999979,1.9995905e-06,2.6531416e-07,1.6404351e-06,2.1622894e-08,3.3468925e-08
ISIC_0032802,1,8.269643e-06,0.9999912,1.235388e-10,1.7104966e-08,4.3885137e-07,1.1639653e-07,2.3056912e-09
ISIC_0032551,1,0.017017042,0.98293155,8.483864e-12,4.551767e-05,5.9065264e-06,1.207675e-09,4.7994235e-09
ISIC_0033544,1,3.2229167e-05,0.999967,1.1883802e-12,1.7479317e-07,7.168119e-07,1.3738146e-09,7.3502644e-09
ISIC_0033641,1,1.3214499e-08,0.9999994,1.12100424e-11,1.4674391e-09,6.307752e-07,8.8620145e-10,1.8051943e-09
ISIC_0033527,1,2.056621e-06,0.99997914,1.6063615e-09,1.5572685e-09,1.7993572e-05,8.362223e-07,1.2012885e-09
ISIC_0032895,1,2.7431513e-06,0.99997807,2.5017167e-07,4.5516177e-08,1.8164552e-05,9.056807e-08,6.8469456e-07
ISIC_0034286,1,0.0004057196,0.36166328,0.63467014,4.3909222e-07,0.001902415,0.00056421844,0.0007938466
ISIC_0033373,1,0.0025773644,0.03816141,0.9081157,5.096392e-08,0.051076416,5.0543378e-05,1.8556793e-05
ISIC_0034300,1,2.07702e-05,0.99987185,3.167161e-11,3.0084186e-07,9.213332e-05,1.8206316e-08,1.4830462e-05
ISIC_0033155,1,3.0383337e-06,0.99830806,3.39361e-10,2.100819e-07,0.0016846777,7.867452e-07,3.1708948e-06
ISIC_0032609,1,2.1899239e-05,0.9993723,8.6656094e-08,8.1129673e-07,0.00028842516,5.026733e-06,0.0003115157
ISIC_0032761,1,5.8208852e-06,0.99999416,2.3082424e-12,2.1006205e-12,2.1885274e-09,5.8649327e-12,2.9237776e-10
ISIC_0033160,1,3.8275832e-07,0.99999964,2.5944392e-12,4.7112292e-12,3.1663125e-09,9.185326e-11,1.00102415e-08
ISIC_0033930,1,3.4789136e-05,0.9999652,5.1012115e-11,6.3918484e-12,1.3603472e-09,8.123077e-11,9.963743e-09
ISIC_0033904,1,3.5035835e-06,0.9999937,2.1500193e-09,6.481857e-10,6.620404e-07,1.0855436e-10,2.1364326e-06
ISIC_0033342,1,0.0073257647,0.4271742,0.5654551,8.446062e-08,4.928746e-07,1.9740846e-05,2.4599038e-05
ISIC_0033265,1,5.6249584e-05,0.99994123,2.284366e-07,2.0236767e-08,5.311523e-07,1.9687153e-07,1.5458925e-06
ISIC_0032704,1,0.027196066,0.9370388,2.3806958e-06,0.00016596637,0.03553637,4.853656e-06,5.566397e-05
ISIC_0033289,1,0.03326427,0.9667353,5.035636e-10,5.374947e-09,4.5486956e-07,2.1698199e-09,9.519646e-10
ISIC_0028684,1,8.282781e-08,0.9999747,7.1723516e-11,1.9728418e-08,2.5041696e-05,3.6463968e-10,1.4881661e-07
ISIC_0025372,1,5.159022e-06,0.9999629,3.6055746e-06,5.9264344e-06,4.6790004e-07,4.990743e-08,2.1860356e-05
ISIC_0033506,1,2.7003011e-06,0.9999496,4.3725626e-10,1.7592455e-08,4.3705724e-05,1.4873181e-06,2.559907e-06
ISIC_0033600,1,2.0955138e-06,0.99999666,1.2985803e-10,4.772327e-08,6.018544e-07,6.280659e-08,4.949657e-07
ISIC_0033714,1,5.3567164e-05,0.9999441,2.5678526e-09,1.2933943e-06,2.692362e-07,2.9672924e-07,5.5354127e-07
ISIC_0033163,1,2.1180795e-06,0.99999785,2.218254e-11,4.2131174e-09,5.029999e-10,1.0796585e-11,1.5711381e-09
ISIC_0033887,1,1.3219082e-05,0.99998605,3.4283333e-11,4.130673e-09,6.7147465e-07,1.6512146e-09,6.638996e-08
ISIC_0033188,1,0.00094773964,0.99904805,1.2697785e-09,6.822176e-08,4.00034e-06,1.5374532e-08,2.1429049e-08
ISIC_0033067,1,4.072808e-05,0.99989235,2.1374598e-11,1.401731e-09,6.68726e-05,1.5341148e-10,4.638196e-08
ISIC_0032787,1,3.0730524e-05,0.985149,2.0208331e-10,8.405605e-07,0.014819347,8.663937e-11,5.479679e-08
ISIC_0032707,1,0.00016814849,0.99983144,3.878131e-08,2.0834735e-08,2.9628274e-07,1.1234326e-09,8.112172e-08
ISIC_0034311,1,0.0011612547,0.9986603,2.9880766e-07,1.3437858e-05,0.00011424129,9.979213e-07,4.9469905e-05
ISIC_0033150,1,7.2646726e-06,0.9999502,1.0123209e-10,5.8980114e-09,4.2471296e-05,1.8053361e-09,1.4537362e-07
ISIC_0033698,1,3.209124e-08,0.99999976,2.1358817e-13,4.2455434e-10,2.4539509e-07,3.0434788e-10,3.1814593e-09
ISIC_0034240,1,1.09363585e-08,0.9999999,1.254223e-12,1.5186352e-08,1.1829415e-07,3.6912037e-10,1.3220681e-08
ISIC_0033194,1,7.2543684e-05,0.9998454,8.200959e-05,2.0833604e-11,7.912279e-09,5.4650164e-09,6.428393e-09
ISIC_0034258,1,2.7132939e-05,0.9999721,1.8181376e-07,6.933098e-11,1.468178e-08,1.2740653e-08,5.181403e-07
ISIC_0034023,1,0.06986089,0.9296965,0.00024512815,1.4102214e-10,0.00019472494,3.1102e-08,2.7209837e-06
ISIC_0033243,1,0.0031877472,0.9663172,2.8853203e-05,9.988235e-10,0.030456971,1.8019885e-07,9.007585e-06
ISIC_0032648,1,0.05271399,0.9460521,8.5028273e-07,2.063562e-09,0.0012225771,3.98647e-06,6.533102e-06
ISIC_0032620,1,2.535208e-05,0.8914083,8.923209e-05,2.2273634e-08,0.10846907,2.5849527e-06,5.4125326e-06
ISIC_0030420,1,8.729389e-06,0.39705732,4.093712e-08,4.0158723e-12,0.6029331,1.6507943e-08,8.2857133e-07
ISIC_0033671,1,0.00031298943,0.99800354,1.5542055e-07,0.0009663171,0.00070337346,1.272083e-05,8.7911275e-07
ISIC_0033711,1,0.036362667,0.8679046,5.03194e-07,5.4164557e-05,0.09567613,5.3340324e-07,1.3431386e-06
ISIC_0032858,1,9.475229e-06,0.9999895,9.889543e-08,1.8525589e-07,6.040547e-07,6.0146416e-10,7.683511e-08
ISIC_0033965,1,3.31402e-05,0.99996436,1.130487e-08,2.9944331e-07,2.1876028e-07,6.4157735e-11,1.9161696e-06
ISIC_0033093,1,2.3785948e-05,0.9999753,6.008923e-11,2.652998e-07,6.898075e-07,2.0933119e-10,4.065496e-09
ISIC_0033501,1,0.0019090526,0.99775213,1.5838951e-07,7.742682e-06,0.0002727891,1.13503975e-05,4.68696e-05
ISIC_0032677,1,0.0056551597,0.99430543,3.8534376e-09,3.639774e-05,3.0239648e-06,3.6318146e-10,3.0309677e-09
ISIC_0034237,1,0.025748353,0.9742507,3.9055437e-10,4.924172e-08,1.0390136e-06,1.9128071e-10,4.1890458e-10
ISIC_0034032,1,0.0024064493,0.99756926,8.827821e-11,1.3687787e-08,2.4281791e-05,3.2556752e-10,1.4181715e-09
ISIC_0033075,1,0.5244167,0.47555727,2.012816e-07,6.703832e-06,1.6654827e-05,7.3851066e-07,1.734786e-06
ISIC_0034010,1,0.0018154797,0.9974015,0.0004285462,8.51561e-07,8.74999e-06,0.00034415696,6.785741e-07
ISIC_0032819,1,0.015594011,0.98414755,5.3208267e-05,1.3734008e-05,6.859006e-05,0.00012189184,9.692287e-07
ISIC_0033451,1,0.94618654,0.05381133,2.7789602e-08,2.9272378e-09,1.647645e-06,2.7212807e-10,4.053121e-07
ISIC_0033552,1,0.9087916,0.090354726,1.7409302e-07,2.8467918e-08,0.0008501452,1.5633167e-09,3.3857368e-06
ISIC_0034310,1,0.97871464,0.021284247,7.9427895e-09,4.1803203e-10,4.4023884e-07,5.7432337e-10,6.911294e-07
ISIC_0032582,1,0.35543936,0.5967065,1.8395026e-07,2.762594e-06,0.046966854,0.00014721727,0.0007370762
ISIC_0033052,1,0.00013920515,0.046321694,1.2898802e-06,2.5286463e-08,0.953293,0.00023923285,5.542373e-06
ISIC_0032990,1,0.0018435215,0.43279323,2.0101486e-05,1.6124512e-05,0.5651415,8.452137e-05,0.00010101327
ISIC_0033688,1,2.021962e-05,0.9999789,4.142558e-07,1.0338014e-08,4.4263388e-07,2.8374707e-08,2.0078206e-08
ISIC_0033557,1,1.7885159e-05,0.9999821,1.2563408e-09,1.5369185e-09,3.8233843e-08,4.0596966e-09,3.2354994e-09
ISIC_0032621,1,2.604351e-05,0.999944,2.9819617e-05,6.7358716e-11,1.146397e-07,1.441457e-09,1.0490759e-08
ISIC_0033328,1,0.002877901,0.9971042,1.7715334e-05,1.3672113e-09,1.6638128e-07,7.302678e-10,8.432376e-09
ISIC_0033768,1,1.0485766e-06,0.9999943,7.017044e-10,6.813318e-10,4.714041e-06,1.3272591e-10,3.7290437e-09
ISIC_0025257,1,3.1223672e-07,0.99998987,5.4207274e-09,4.4118008e-11,9.863842e-06,9.962112e-12,7.5288453e-10
ISIC_0033006,1,0.00081646425,0.999153,7.923998e-08,1.2508638e-06,4.4340902e-07,4.677637e-07,2.8169019e-05
ISIC_0032518,1,3.8496953e-05,0.9999608,8.6425145e-11,6.978434e-07,1.7684734e-08,1.3435408e-10,7.151727e-09
ISIC_0033548,1,0.0006472351,0.99935275,1.1299437e-09,5.7134958e-08,2.4698668e-08,2.522935e-09,3.5508734e-08
ISIC_0032920,1,0.00022396276,0.99977213,8.741956e-07,1.458349e-06,8.636855e-07,7.410618e-07,1.2348007e-08
ISIC_0033673,1,0.000119266784,0.99975735,1.5031085e-07,2.8788227e-07,0.00012298397,2.9020118e-08,9.219e-09
ISIC_0032758,1,7.0093415e-06,0.9999926,7.308726e-08,5.005286e-08,2.2805739e-07,3.1173977e-09,5.891552e-08
ISIC_0033939,1,7.319599e-06,0.9999827,2.9058083e-07,1.0126683e-07,9.402064e-06,1.0451367e-07,3.6968512e-08
ISIC_0033288,1,1.0834892e-06,0.9999989,5.5341026e-10,2.2180757e-10,2.983845e-08,4.4843826e-09,1.011016e-09
ISIC_0033087,1,1.0601848e-07,0.9999999,3.1900302e-11,2.6720316e-12,1.5817101e-09,4.082001e-08,3.292707e-10
ISIC_0033669,1,4.7558642e-05,0.9995571,0.0003940322,6.0211525e-10,4.1037737e-07,9.422154e-07,7.952425e-10
ISIC_0033789,1,0.000391257,0.99952483,1.200467e-05,3.347025e-12,7.175822e-05,7.191431e-08,1.4822789e-08
ISIC_0033419,1,1.9654346e-06,0.9999924,5.6412905e-06,3.5823454e-12,2.9202072e-09,5.176665e-08,2.1075808e-11
ISIC_0032338,1,0.00014058339,0.9998572,9.365006e-09,5.5494105e-08,1.0881058e-06,5.3456205e-07,6.3260893e-07
ISIC_0034067,1,0.009073269,0.9909266,1.5430688e-08,1.9250687e-10,3.280169e-08,6.743561e-09,1.6695312e-08
ISIC_0031290,1,1.657967e-06,0.99999523,2.1710576e-07,1.813951e-08,2.1122826e-06,4.7662505e-09,8.0971176e-07
ISIC_0033224,1,6.354718e-06,0.99995935,3.6157385e-07,3.9801655e-09,3.279736e-05,1.0305331e-06,3.3990826e-09
ISIC_0033360,1,1.3981528e-06,0.99999845,7.5938233e-10,3.9077802e-10,2.0481517e-07,5.0615907e-09,1.008721e-10
ISIC_0033960,1,2.562761e-05,0.9999733,8.850475e-08,3.322502e-07,5.4997815e-07,6.783132e-10,7.4062825e-08
ISIC_0033259,1,5.6693687e-05,0.9999232,1.4268151e-05,9.428437e-07,1.4542927e-06,2.5417213e-08,3.392925e-06
ISIC_0033403,1,4.844043e-05,0.9999515,3.0057404e-08,4.6236924e-08,2.9334366e-08,7.3543815e-10,1.3620584e-08
ISIC_0032494,1,0.0148094725,0.9851622,1.8849285e-06,2.561143e-07,4.0216905e-06,1.9690055e-05,2.446762e-06
ISIC_0032760,1,9.3520684e-05,0.9998623,6.736485e-07,3.0405678e-07,1.0518795e-06,4.179214e-05,2.7128405e-07
ISIC_0034128,1,0.0002579791,0.9997391,2.912011e-08,4.7203605e-09,8.173401e-07,1.969494e-06,2.2995298e-08
ISIC_0033541,1,3.7381708e-06,0.99999595,1.7205041e-08,2.256368e-08,1.09547756e-07,9.89824e-10,2.1820128e-07
ISIC_0032670,1,0.00020179666,0.99979144,3.9298147e-06,4.5656783e-08,7.9864924e-07,1.3654661e-06,6.967165e-07
ISIC_0033441,1,1.5570386e-05,0.99998105,2.4704025e-07,3.845286e-07,2.5835548e-06,4.598859e-08,2.397177e-07
ISIC_0032962,1,8.228909e-08,0.99999917,6.4048685e-08,4.3373435e-10,6.374234e-07,8.285816e-11,1.8039833e-08
ISIC_0033781,1,0.00013419031,0.99943143,4.0978615e-05,1.279225e-06,0.00039167065,8.567413e-08,2.7095467e-07
ISIC_0033909,1,3.2796715e-06,0.9999945,3.3596546e-11,1.2566574e-10,1.4152071e-06,6.3112833e-07,1.7860238e-07
ISIC_0033293,1,3.520125e-09,1.0,2.33534e-12,1.2405979e-11,7.493964e-10,1.4748955e-09,1.0086962e-09
ISIC_0034231,1,0.4259221,0.5707093,7.6527897e-07,2.7745592e-08,0.0033671234,6.984957e-07,9.0399254e-08
ISIC_0034033,1,0.00037494232,0.99944776,3.573743e-08,1.0063946e-09,0.0001772546,3.485897e-10,1.0021213e-09
ISIC_0032752,1,0.004450952,0.99543697,8.767724e-09,1.0173368e-06,0.00011078858,1.4411069e-07,1.4494663e-07
ISIC_0033794,1,0.00059049507,0.9950675,5.027402e-08,2.2124905e-06,0.0043395762,1.16815706e-07,6.311297e-08
ISIC_0033462,1,0.00050521817,0.9959073,6.919258e-06,9.204405e-06,0.0034858524,2.700626e-07,8.51605e-05
ISIC_0033191,1,0.00032256046,0.9995946,3.2309841e-09,5.52118e-07,1.759684e-05,1.689767e-07,6.4536274e-05
ISIC_0034200,1,0.00023997448,0.99972934,1.6630539e-06,4.835673e-06,1.4937125e-05,7.806973e-06,1.3774937e-06
ISIC_0033277,1,3.6917623e-08,0.9999995,9.830397e-09,8.688973e-09,4.3686362e-07,2.562647e-09,3.4471906e-08
ISIC_0033448,1,0.00045810247,0.9994301,4.615208e-06,4.44222e-07,3.5379504e-05,7.121682e-05,7.607835e-08
ISIC_0034304,1,0.027176933,0.9622458,0.00033075828,0.0001293097,1.4543262e-05,0.010092884,9.829884e-06
ISIC_0030447,1,0.95816,0.041835103,4.878333e-08,1.7705701e-06,2.4666638e-06,5.7220115e-07,1.2806318e-08
ISIC_0033463,1,0.66093725,0.33902812,1.4156655e-07,2.2665276e-08,3.2323394e-05,1.319142e-06,8.715621e-07
ISIC_0033757,1,0.31513357,0.5822203,1.0751751e-08,1.2632833e-05,0.10263049,2.666304e-06,3.3779042e-07
ISIC_0034063,1,7.550646e-06,0.9999896,4.2504106e-10,1.0037361e-09,2.2754152e-06,3.7471629e-10,4.876186e-07
ISIC_0032798,1,2.0193103e-05,0.99997973,8.860139e-09,1.5887351e-09,9.743815e-08,2.6012636e-09,2.4163404e-08
ISIC_0032848,1,3.0908013e-06,0.99993813,5.175606e-11,1.7121282e-09,1.5947626e-05,1.1127589e-09,4.2855638e-05
ISIC_0034164,1,9.071188e-06,0.9999882,4.0422853e-11,4.5909143e-09,2.3960834e-07,1.5200098e-06,8.866714e-07
ISIC_0033033,1,0.00078749255,0.9986798,1.041941e-07,5.934005e-06,0.00051802717,1.5027821e-07,8.4425e-06
ISIC_0033390,1,4.018288e-05,0.9999598,7.3618455e-12,1.892829e-08,6.477501e-09,7.588962e-12,7.995744e-10
ISIC_0033836,1,4.125591e-05,0.9999584,1.9566881e-08,6.4570926e-08,5.2837837e-08,1.0834468e-07,7.7296164e-08
ISIC_0029393,1,0.0002957353,0.99829394,4.9978777e-09,2.6758816e-08,0.0014102919,5.741171e-11,2.7609339e-08
ISIC_0029775,1,0.0004615052,0.9994672,2.5804914e-08,6.7383226e-08,4.4435077e-05,6.5019687e-09,2.6736452e-05
ISIC_0031411,1,0.15467101,0.8373086,1.0079238e-08,7.3035694e-06,0.008002519,1.04680885e-05,9.9345016e-08
ISIC_0031970,1,6.8867207e-06,0.9998648,2.0505895e-06,2.2566951e-07,0.000120585086,4.241934e-07,4.94387e-06
ISIC_0028060,1,8.433801e-05,0.98660207,8.257089e-09,1.6342777e-09,0.013280728,3.147279e-05,1.3034925e-06
ISIC_0027582,1,0.00017619917,0.9998155,8.24285e-07,3.6061067e-09,7.402191e-06,4.351054e-10,1.668446e-08
ISIC_0025695,1,8.890613e-06,0.9999471,6.0254933e-07,3.245174e-10,4.326685e-05,1.6179159e-07,1.6189833e-08
ISIC_0026427,1,2.8377526e-05,0.9999126,5.5582652e-05,9.837077e-10,3.4315085e-06,4.5599304e-08,1.0103935e-08
ISIC_0025267,1,0.0006471464,0.9993492,1.9684965e-08,7.3377976e-07,2.8515515e-06,9.784178e-08,2.4526656e-09
ISIC_0029581,1,0.01771791,0.98202837,7.693827e-08,4.6906675e-06,0.00024839878,4.5846244e-07,5.412891e-08
ISIC_0025993,1,2.6097572e-07,0.9999989,8.360638e-10,7.315833e-07,8.567292e-08,5.197846e-10,3.5100492e-10
ISIC_0029809,1,3.6313409e-06,0.9999951,6.065351e-07,6.037709e-10,6.038738e-07,7.444932e-10,7.728761e-09
ISIC_0025618,1,8.265611e-05,0.99961746,2.3291232e-08,3.2004139e-06,0.00029332345,1.6422819e-08,3.3396739e-06
ISIC_0028538,1,0.021440828,0.9785501,3.7226155e-10,8.710477e-09,9.006485e-06,1.2711292e-08,3.8694797e-08
ISIC_0025726,1,0.6745748,0.32539645,9.757061e-08,3.8102857e-07,2.744378e-05,6.6707173e-09,8.5999613e-07
ISIC_0024319,1,0.1601949,0.83979684,1.7836566e-09,1.4742315e-07,8.0390355e-06,1.2932186e-09,1.5900856e-07
ISIC_0026402,1,5.970711e-05,0.99993944,5.1936087e-08,1.736939e-08,5.979036e-07,4.947724e-10,1.549514e-07
ISIC_0031923,1,0.000749677,0.99925,1.7944261e-08,2.6762894e-08,1.4949675e-08,2.6100247e-07,2.976783e-10
ISIC_0028573,1,0.0007506078,0.9992483,2.0902178e-07,6.870241e-07,1.13811936e-07,4.248694e-10,3.4076535e-08
ISIC_0027909,1,0.00026719779,0.9997316,8.533808e-08,3.375479e-09,8.263606e-07,3.7942915e-09,2.390482e-07
ISIC_0024682,1,8.046579e-06,0.9999896,1.0212569e-06,1.3042556e-10,1.2482643e-06,3.1193572e-09,2.4518384e-08
ISIC_0030504,1,0.0003523985,0.9995782,8.338324e-08,2.9742087e-09,3.4502464e-06,6.587775e-05,1.5235234e-08
ISIC_0027348,1,0.00015953682,0.8635868,8.206651e-06,0.0026129778,0.13118339,0.0018225998,0.0006264607
ISIC_0024361,1,0.002493865,0.9974814,2.4243096e-05,2.1996381e-07,1.8414086e-07,4.212364e-08,5.689835e-08
ISIC_0026886,1,6.6869805e-05,0.99993277,4.517663e-08,1.5604402e-07,1.0705783e-07,6.4095724e-09,8.169111e-08
ISIC_0027942,1,5.9590857e-05,0.99993885,1.6973759e-07,1.1982407e-06,1.1724436e-07,5.5313595e-08,3.764699e-08
ISIC_0030773,1,2.4846158e-05,0.9999691,6.3244687e-07,2.3576931e-06,2.8959826e-06,7.113803e-09,1.1011713e-07
ISIC_0028692,1,0.006505044,0.9934942,7.636272e-07,2.66097e-08,9.093437e-09,6.7922457e-10,4.9590043e-09
ISIC_0032260,1,0.6502077,0.34978935,7.875627e-07,1.6098734e-06,2.5323407e-08,5.0962575e-07,7.6323694e-08
ISIC_0029027,1,0.000109763656,0.9998901,1.7380932e-11,4.9314736e-10,7.815828e-08,1.6186557e-09,4.1465157e-08
ISIC_0024975,1,0.00014818135,0.99981993,9.903542e-06,1.8974349e-06,1.5033174e-07,1.241048e-05,7.5550824e-06
ISIC_0025782,1,9.5541094e-05,0.9998977,1.1896997e-06,1.3189695e-07,1.0836864e-08,4.278206e-06,1.102129e-06
ISIC_0025665,1,0.0014084365,0.9984445,9.067209e-10,5.023762e-08,0.00014703149,2.2208352e-08,7.328299e-10
ISIC_0030597,1,0.0031330145,0.9968515,6.457843e-10,1.8711079e-08,1.5544929e-05,4.866201e-10,6.079985e-10
ISIC_0026692,1,0.0018298011,0.99815136,3.4517296e-09,2.2054778e-07,1.8603734e-05,1.017085e-08,5.970356e-10
ISIC_0029566,1,5.3657324e-05,0.9999417,3.629885e-07,1.6964946e-06,3.327515e-07,2.1955132e-06,8.854941e-08
ISIC_0029188,1,4.737502e-06,0.999992,3.9558138e-08,6.996477e-09,2.981614e-06,1.8793769e-09,2.5125013e-07
ISIC_0027800,1,0.00011617507,0.9998771,2.402614e-08,2.6698242e-08,6.359112e-06,3.1699487e-09,3.462588e-07
ISIC_0025078,1,1.500612e-05,0.9999746,7.705186e-09,1.0003002e-05,1.01213864e-07,2.82951e-07,2.2295863e-08
ISIC_0025516,1,3.7201291e-06,0.999995,2.5619755e-09,7.040359e-07,4.013764e-07,6.7368426e-08,2.8305636e-09
ISIC_0029835,1,6.1356864e-06,0.9999838,8.952997e-09,4.9981495e-06,1.6643022e-06,3.3276856e-06,1.02675e-08
ISIC_0028101,1,1.6345677e-05,0.99998105,4.4036094e-10,2.2208958e-06,1.6883723e-07,5.993114e-08,9.260578e-09
ISIC_0031905,1,0.00049937924,0.99949074,1.7759539e-06,1.8059986e-08,5.971621e-06,1.8601863e-06,1.6758642e-07
ISIC_0030367,1,0.0012446747,0.99845886,6.364191e-07,3.479092e-08,0.00028968282,5.1321435e-06,1.0181458e-06
ISIC_0028944,1,0.9369859,0.06068528,1.3591664e-06,1.1502974e-06,0.0023250934,6.3008314e-09,1.2346068e-06
ISIC_0027423,1,1.547549e-07,0.8655087,0.0005671258,0.00017394195,0.041294694,1.2863396e-07,0.09245524
ISIC_0030057,1,4.335733e-06,0.98931307,0.0003889608,0.0023385058,0.00019639518,8.3273625e-07,0.007757834
ISIC_0028737,1,1.729898e-05,0.9846597,0.0003961604,0.00026693757,0.0034101175,5.0929503e-07,0.011249381
ISIC_0032165,1,1.9154466e-05,0.99997556,3.9102633e-06,1.2061811e-06,7.713486e-09,4.9105548e-08,1.2079946e-07
ISIC_0024718,1,4.2474818e-05,0.99995303,3.5123394e-06,1.0070164e-06,3.0905934e-08,2.6393531e-08,1.6967547e-08
ISIC_0024834,1,2.4937628e-06,0.99999654,5.880845e-07,3.928704e-07,1.1182366e-09,1.8484281e-09,2.9086305e-08
ISIC_0024587,1,3.890317e-05,0.9999573,1.198304e-08,1.7114829e-08,3.475708e-06,3.1766447e-08,2.3608048e-07
ISIC_0029666,1,7.91992e-06,0.999992,9.226824e-10,1.0769267e-08,1.168833e-07,8.552233e-11,1.3478033e-09
ISIC_0027698,1,2.3786042e-05,0.99997544,4.41235e-08,1.0366102e-07,5.6690635e-07,3.759525e-09,4.0278385e-09
ISIC_0025412,1,4.6667496e-06,0.99999475,8.8454577e-10,1.0168335e-08,5.661064e-07,1.1045115e-09,1.1249348e-09
ISIC_0025785,1,6.7484103e-07,0.9999993,2.6238431e-09,3.7776564e-09,1.9901357e-08,1.9545243e-10,4.067104e-10
ISIC_0028494,1,6.597443e-06,0.9999931,2.8048275e-08,1.956435e-08,2.4827804e-07,5.4877586e-10,1.0865191e-09
ISIC_0030610,1,3.2969896e-05,0.9999658,3.1193306e-07,5.7070787e-07,3.0634595e-08,2.7919955e-07,2.1179892e-08
ISIC_0024694,1,0.00021246646,0.9997842,1.6001358e-06,1.026317e-06,1.7452296e-08,6.382954e-07,8.181727e-08
ISIC_0024518,1,0.00025945023,0.9996537,8.242838e-05,4.4131943e-06,9.666965e-10,9.1574753e-10,3.0858576e-08
ISIC_0025047,1,0.0029477947,0.997047,1.5324375e-08,3.2842525e-08,1.7938825e-07,7.3258246e-07,4.255054e-06
ISIC_0027364,1,0.00011392261,0.99985516,2.185109e-06,1.9078365e-05,1.8604095e-07,7.5989014e-06,1.788404e-06
ISIC_0025386,1,0.20629919,0.79369223,2.8648959e-09,3.239564e-07,8.297987e-06,4.3150455e-10,2.1302943e-08
ISIC_0024870,1,0.1280396,0.8719572,9.7824405e-12,7.0712964e-09,3.2543508e-06,3.174139e-11,1.4548702e-09
ISIC_0030127,1,0.068051554,0.9287655,0.0031806438,2.0170901e-07,1.2198625e-06,5.24472e-08,9.008592e-07
ISIC_0025969,1,2.1023057e-05,0.69313705,1.7100409e-09,1.1320178e-09,0.30683824,1.6432049e-08,3.674269e-06
ISIC_0026888,1,0.98617816,0.013759533,1.079901e-06,7.312197e-11,1.1393304e-05,9.156465e-11,4.9858438e-05
ISIC_0026030,1,0.4964004,0.5035996,6.2382606e-09,8.494144e-09,2.7311495e-08,4.7302513e-11,1.9790156e-09
ISIC_0027129,1,0.00025434035,0.9984079,7.632464e-06,8.0876766e-10,0.0013276179,1.1042046e-09,2.5664974e-06
ISIC_0031405,1,0.00065957214,0.22160141,2.0362599e-08,3.2567202e-09,4.1743766e-07,0.777738,5.679832e-07
ISIC_0032184,1,4.7056615e-06,0.98952335,1.2704045e-06,0.0043924656,0.005469735,1.3054894e-06,0.00060718454
ISIC_0025149,1,0.1036286,0.8480879,7.694496e-08,1.1548852e-06,3.33471e-06,0.0482789,6.739891e-08
ISIC_0025938,1,8.6027666e-07,0.9999964,1.389124e-10,3.2289907e-10,2.5977959e-06,1.068802e-07,1.5053498e-08
ISIC_0028216,1,0.00041671254,0.99120176,0.00048797057,0.0063575357,0.0013843459,1.198253e-06,0.00015045781
ISIC_0030621,1,0.0011091795,0.9982911,7.8995415e-09,1.070846e-05,0.0005870119,3.8057146e-07,1.6433156e-06
ISIC_0028825,1,5.1091897e-06,0.99995375,6.012221e-11,4.0425537e-08,4.11255e-05,6.2448153e-09,5.7707283e-10
ISIC_0031603,1,0.012844532,0.9246925,0.00020808775,0.06094046,0.0013009392,1.1224646e-06,1.2407115e-05
ISIC_0029867,1,9.8805336e-05,0.99839216,9.096568e-07,0.0015014993,5.70165e-06,1.8246487e-08,8.286762e-07
ISIC_0029589,1,0.0010388951,0.99517316,1.0974028e-06,4.854063e-06,0.0037816898,3.303948e-08,3.3783581e-07
ISIC_0026454,1,1.5567715e-06,0.9997147,2.345086e-08,1.8648169e-06,0.0002816727,1.0697749e-08,1.1398968e-07
ISIC_0026759,1,0.04062317,0.9592469,9.707155e-08,0.00012534176,1.9068331e-06,1.7054476e-06,8.746535e-07
ISIC_0030967,1,7.883977e-05,0.99991834,5.835294e-10,4.2534126e-08,2.8054849e-06,1.4354069e-08,2.3260768e-08
ISIC_0030675,1,0.038802132,0.9240446,1.755049e-06,6.191447e-05,0.03708529,1.6831978e-06,2.7030364e-06
ISIC_0030532,1,0.054433733,0.93701553,5.57216e-05,0.00047843918,0.0050740032,0.002942283,3.2991701e-07
ISIC_0028304,1,0.0004411498,0.99951196,3.6379705e-11,2.5978128e-08,4.7997293e-08,4.6855024e-05,6.9503706e-08
ISIC_0026782,1,2.7490585e-05,0.99997234,4.9195525e-10,3.550135e-08,1.5231477e-08,1.1425928e-07,5.4523653e-08
ISIC_0029994,1,0.005664834,0.9672995,1.1273911e-06,0.00062702317,0.02639709,1.0123342e-05,2.1051342e-07
ISIC_0029926,1,0.06887628,0.9309701,8.833938e-05,3.1251675e-05,2.146212e-06,2.8526432e-05,3.416494e-06
ISIC_0031934,1,0.00012348739,0.99985516,3.2614355e-07,1.4232206e-06,5.433466e-06,1.4102186e-05,2.0670209e-08
ISIC_0029693,1,4.95153e-05,0.99994767,2.695396e-09,1.5942902e-06,1.1412628e-06,2.9512773e-08,1.2970372e-07
ISIC_0026599,1,0.0068300995,0.033324316,0.9588163,1.2921681e-05,0.00084993365,2.5752075e-05,0.00014070437
ISIC_0027201,1,4.1273277e-05,0.999931,1.5715276e-09,2.401645e-07,1.8034045e-06,7.561306e-08,2.552321e-05
ISIC_0031302,1,0.0003584542,0.9992011,1.3611707e-07,1.4714733e-05,0.00041664115,6.401491e-08,8.8160805e-06
ISIC_0029457,1,0.00035234776,0.9996401,6.7812994e-06,5.2213604e-08,6.9605125e-07,2.1460056e-10,5.866929e-08
ISIC_0027237,1,0.0016468269,0.23903711,0.002816164,0.4646527,0.28894013,0.0028454617,6.15755e-05
ISIC_0028679,1,0.89659756,0.10336815,2.6459789e-08,7.50434e-08,3.2338052e-05,1.8675275e-06,1.2412789e-08
ISIC_0026739,1,7.276878e-06,0.9976586,1.4196911e-07,2.0039328e-05,0.0023137399,4.553619e-08,2.7632467e-07
ISIC_0025946,1,0.0015376498,0.84282506,0.00037521365,0.00089567737,0.15310793,0.0011733979,8.5065454e-05
ISIC_0024899,1,1.0540327e-08,0.9999846,5.321623e-10,1.7203453e-06,1.3607785e-05,1.063166e-10,1.0530887e-07
ISIC_0030121,1,0.028823826,0.968666,4.8666857e-07,0.00095522194,8.941235e-06,0.0015415868,3.906468e-06
ISIC_0029736,1,0.0007036373,0.99928623,3.4097414e-07,8.280814e-06,1.3379713e-07,1.2639377e-06,6.5316517e-09
ISIC_0030816,1,0.00011742645,0.9998727,9.546202e-07,8.689882e-06,1.5262013e-07,1.8264892e-09,3.152198e-08
ISIC_0026404,1,0.019887568,0.85628045,0.028126115,0.00010297809,0.095435046,3.516284e-06,0.00016434383
ISIC_0028217,1,0.0009949785,0.99896324,9.14913e-09,3.9380448e-05,2.2714503e-06,1.3368731e-07,1.9781363e-09
ISIC_0027114,1,0.3808035,0.61916167,1.8384215e-07,3.2820513e-05,5.6787368e-08,1.6222087e-06,6.167856e-08
ISIC_0032489,1,1.3234731e-05,0.99724007,2.0864e-06,0.0027419603,1.0471686e-06,5.8563156e-08,1.5633121e-06
ISIC_0026222,1,0.020230638,0.97911626,8.305372e-09,2.9768275e-08,0.000544453,6.0897555e-08,0.00010855661
ISIC_0030117,1,0.14046004,0.8593679,3.224781e-05,8.6227235e-05,2.0996726e-05,2.7648488e-05,4.855574e-06
ISIC_0026654,1,0.0006853367,0.9954151,4.7678662e-07,5.2737483e-05,0.0038456612,5.782536e-07,1.1289671e-07
ISIC_0026921,1,5.062688e-05,0.9999366,1.0895005e-08,1.05282716e-07,1.26198265e-05,3.4808732e-08,1.7121396e-08
ISIC_0028357,1,1.3627846e-06,0.99986553,1.6050236e-10,9.874219e-08,8.049271e-08,0.00013288527,9.1105073e-10
ISIC_0029452,1,0.6359296,0.36393583,7.782258e-09,1.7045805e-06,0.00013260356,4.6588102e-09,2.7387577e-07
ISIC_0026712,1,0.00011407742,0.99945194,1.8659266e-07,5.201927e-09,0.00043261162,3.1858053e-07,8.347818e-07
ISIC_0029645,1,0.02086801,0.97912884,2.0754964e-09,2.0049119e-07,7.474222e-07,2.1197905e-06,4.0969514e-08
ISIC_0030416,1,0.0012692263,0.21351986,0.0026574295,0.7728478,0.009665795,5.7466004e-06,3.4149674e-05
ISIC_0028744,1,0.00068269647,0.99930596,8.16709e-08,1.0113843e-06,4.4723506e-06,5.6813024e-06,1.1437081e-07
ISIC_0028529,1,2.2990581e-07,0.9980286,4.8646957e-06,0.00061126164,0.0013425888,1.1989364e-05,4.178633e-07
ISIC_0026588,1,1.0517952e-05,0.9889542,5.725726e-06,2.1837937e-05,0.011006996,6.320143e-07,1.4621307e-07
ISIC_0028631,1,6.1959385e-05,0.9998915,2.997196e-08,4.5639306e-05,4.174835e-07,1.2296556e-07,2.856223e-07
ISIC_0026601,1,0.09849813,0.9012078,0.00014554267,2.5286756e-08,0.0001322391,1.6371989e-05,5.4507754e-09
ISIC_0024439,1,8.8022935e-05,0.9999012,1.2270576e-07,6.888029e-06,2.5978198e-07,3.4008551e-06,6.3828454e-10
ISIC_0025492,1,2.8824043e-06,0.99685943,2.3448176e-06,0.00029554084,2.7582844e-06,0.0028369972,1.1552773e-07
ISIC_0030006,1,3.7852542e-06,0.9993149,8.422917e-11,1.313729e-09,0.00068131,1.7583359e-09,2.4087112e-09
ISIC_0027917,1,2.5316663e-06,0.99998486,1.5730016e-08,3.45916e-08,1.8279944e-07,7.248477e-11,1.2443509e-05
ISIC_0029881,1,0.3238038,0.6760252,1.0609382e-10,1.3173052e-06,0.00016909359,6.336747e-07,6.793677e-09
ISIC_0031115,1,0.94882065,0.04922466,3.8062116e-11,3.978783e-08,0.0019484332,6.2182253e-06,2.8952019e-09
ISIC_0031919,1,0.00013515093,0.12429191,2.8123299e-07,1.3380886e-05,0.87550837,2.021853e-05,3.0759504e-05
ISIC_0030209,1,0.0051389732,0.9947819,6.2517194e-07,1.756988e-05,6.0353137e-05,4.787087e-07,1.3792926e-07
ISIC_0028689,1,1.8652143e-05,0.9998462,1.6399544e-10,0.00013304323,1.995753e-06,1.5407556e-07,1.2535779e-09
ISIC_0029975,1,2.2243978e-05,0.999974,2.2165308e-07,6.042949e-07,7.842457e-07,1.14970335e-08,2.09305e-06
ISIC_0031042,1,0.041874226,0.9573773,2.3470331e-07,1.0448725e-06,0.00074561575,1.0861657e-07,1.4300783e-06
ISIC_0029127,1,7.4074174e-05,0.9999238,9.622566e-07,7.90976e-07,2.0015261e-07,1.2771562e-07,8.61702e-09
ISIC_0031708,1,0.0045632836,0.9954358,1.08693314e-07,4.6466653e-10,4.8597e-09,8.6271586e-07,2.0494462e-09
ISIC_0024356,1,4.330296e-06,0.9999933,2.9494747e-09,1.0497843e-06,1.2905747e-06,2.919086e-12,3.3404543e-08
ISIC_0028307,1,0.0072840825,0.9927087,1.3047538e-06,3.5267246e-06,4.5240316e-08,8.431208e-10,2.275223e-06
ISIC_0026560,1,1.6631875e-06,0.9999938,2.1362663e-11,3.505417e-07,2.471576e-06,1.9903718e-08,1.7215033e-06
ISIC_0025051,1,6.7946e-06,0.99998486,1.2515027e-10,2.4469914e-06,4.6217265e-06,9.8919815e-09,1.1673637e-06
ISIC_0026610,1,0.0010968936,0.994856,3.073279e-05,0.00021985185,0.003796081,6.959325e-08,2.3949312e-07
ISIC_0032145,1,0.0036197107,0.99636227,2.0155685e-08,5.486251e-06,1.3836192e-06,1.105048e-05,1.3764588e-07
ISIC_0030973,1,4.234116e-07,0.9997234,2.3912488e-09,1.5521375e-06,0.00027445224,6.9600365e-09,2.055416e-07
ISIC_0030444,1,4.364248e-08,0.999964,5.1111326e-10,1.1248992e-07,3.5855923e-05,2.8848257e-10,1.9518978e-08
ISIC_0028476,1,0.0005511573,0.9987239,2.9970056e-07,1.1439679e-05,0.0007113193,5.867164e-09,1.8827119e-06
ISIC_0031832,1,0.004802409,0.95692945,8.295603e-07,0.038047235,0.00021938406,5.1773846e-08,6.236086e-07
ISIC_0027051,1,0.0042438307,0.9957469,1.0540849e-06,5.261372e-07,7.70326e-06,9.660906e-09,8.763297e-09
ISIC_0030340,1,6.9719244e-05,0.9998448,4.3404768e-08,8.447759e-05,8.8066747e-07,2.4506418e-08,4.808245e-09
ISIC_0028580,1,4.1801795e-06,0.9978397,2.1277091e-10,9.315407e-06,0.0021465784,2.0153573e-11,2.5215408e-07
ISIC_0025798,1,5.5786124e-05,0.99519265,6.080907e-11,3.5484359e-06,0.0047479565,1.5552327e-10,1.625277e-08
ISIC_0026922,1,2.1245725e-05,0.9957345,3.711951e-11,1.5401356e-05,0.004227678,2.2247775e-09,1.2017081e-06
ISIC_0026786,1,6.0906295e-05,0.19493786,0.013168938,0.34364885,0.44736457,5.850256e-05,0.0007604562
ISIC_0028578,1,6.750934e-05,0.46920273,0.014161819,0.07840903,0.43809223,5.6619288e-06,6.105991e-05
ISIC_0024809,1,0.00013716152,0.17918068,0.5836597,0.010456844,0.22642833,5.6367313e-05,8.100058e-05
ISIC_0027461,1,9.3030285e-05,0.9998318,1.752598e-08,6.187848e-08,7.4379735e-05,7.162585e-09,6.720245e-07
ISIC_0025310,1,0.0032978908,0.99657464,4.0282316e-08,2.1588473e-09,9.134186e-05,3.0169943e-08,3.6119705e-05
ISIC_0026752,1,2.6258087e-05,0.9995999,6.184336e-08,4.495996e-08,0.00036686368,1.0732002e-07,6.8050867e-06
ISIC_0026076,1,0.02509633,0.97479904,8.932679e-08,1.6989467e-06,5.3355184e-06,9.5998446e-05,1.4677057e-06
ISIC_0030732,1,6.523583e-05,0.99650806,0.000102125116,2.9024645e-06,0.003307808,5.3532216e-07,1.3319187e-05
ISIC_0030802,1,0.0010501138,0.99717206,2.104837e-08,0.00043020103,0.0013285067,8.168729e-06,1.0938769e-05
ISIC_0025169,1,0.0036474029,0.9962986,1.0953717e-09,2.2636412e-05,3.1338266e-05,9.152807e-09,1.9891838e-08
ISIC_0028179,1,0.5623261,0.033104464,0.00024089465,0.29803443,0.045202333,9.90168e-07,0.061090756
ISIC_0032405,1,0.00266124,0.99733573,3.677049e-07,3.181377e-09,2.6545467e-06,1.4616195e-09,2.4559512e-08
ISIC_0031933,1,0.0042416034,0.99574935,1.7555874e-06,2.8237685e-07,5.627531e-06,7.058471e-08,1.3201588e-06
ISIC_0025542,1,1.5742442e-06,0.9321212,0.06785213,3.881687e-06,2.8800257e-06,1.7652665e-05,6.1829337e-07
ISIC_0028183,1,6.477887e-07,0.99997735,3.2124643e-11,4.6016185e-10,2.2013268e-05,9.885683e-09,1.4477406e-09
ISIC_0026108,1,0.00026231277,0.999559,3.7782236e-05,1.7513768e-06,0.00013291778,1.7570069e-07,6.081216e-06
ISIC_0031754,1,0.00033531935,0.9996587,2.1951165e-09,4.7056194e-08,5.9530116e-06,2.0118909e-09,2.1620421e-08
ISIC_0029803,1,7.035965e-06,0.999992,4.9538242e-12,1.1286521e-09,9.4756905e-07,3.977865e-10,4.2905874e-09
ISIC_0027091,1,0.025163641,0.9747034,5.206653e-09,4.8659207e-05,8.4113344e-05,2.1944073e-09,2.358532e-07
ISIC_0028091,1,0.009097748,0.99089664,6.531116e-08,7.997952e-07,3.9337087e-06,1.886329e-08,8.2000656e-07
ISIC_0028023,1,0.017880425,0.9034476,0.0020010693,0.07609856,0.0004607543,6.104025e-05,5.053012e-05
ISIC_0031644,1,0.030851882,0.96758014,5.2597606e-08,1.5294504e-06,0.0010257231,3.6242574e-07,0.00054041285
ISIC_0027036,1,0.00011359065,0.9005708,1.0377096e-08,5.9507483e-06,0.09930005,1.0989913e-08,9.653152e-06
ISIC_0028139,1,7.4329204e-05,0.99980074,5.0075055e-06,6.585774e-05,5.2347375e-05,4.893737e-08,1.647935e-06
ISIC_0029479,1,0.013741395,0.04155838,2.1151807e-05,0.92792255,0.016753862,3.168459e-07,2.354106e-06
ISIC_0032278,1,0.0014122903,0.8541367,0.0005706092,0.002633435,0.14124613,4.9351996e-07,3.6448648e-07
ISIC_0027255,1,2.0503188e-05,0.9872995,3.167825e-07,0.0126020545,7.257222e-05,1.3926326e-06,3.6385668e-06
ISIC_0028588,1,8.8925805e-07,0.9914556,0.0066944063,0.00017254344,0.0016665768,1.559556e-07,9.75601e-06
ISIC_0027109,1,4.4428866e-06,0.9874369,2.137297e-05,0.008273567,0.0031934746,0.0007016923,0.00036856194
ISIC_0029095,1,4.60776e-08,0.84191716,0.15800835,3.0101378e-07,2.7629283e-06,1.1476881e-07,7.1321374e-05
ISIC_0030620,1,0.0009777083,0.99879587,8.4338274e-07,1.37871075e-05,0.00018802153,2.3620469e-05,1.634891e-07
ISIC_0028987,1,0.00011923505,0.15928747,1.5803746e-08,0.00014161119,0.8403159,0.00013367286,2.0704704e-06
ISIC_0024882,1,2.9211149e-05,0.9994649,0.00031908017,9.024199e-06,0.00017330445,5.083192e-07,3.8990456e-06
ISIC_0025667,1,0.0048662284,0.9950712,1.090787e-08,5.896045e-05,1.6413882e-06,1.9578579e-06,1.9356081e-09
ISIC_0028982,1,0.07248532,0.92747945,1.2565565e-07,2.6692494e-06,3.2104897e-05,3.8015096e-07,3.2937987e-08
ISIC_0027137,1,3.5419653e-05,0.999724,3.2519607e-09,2.375028e-05,0.00021590595,8.4807357e-07,8.777318e-08
ISIC_0026956,1,2.3284765e-05,0.80171156,0.19796047,0.00012214419,0.00018030872,4.2168182e-08,2.252239e-06
ISIC_0031982,1,0.0017705382,0.8265372,0.17147183,1.3616516e-07,0.00021992947,2.347192e-07,1.8499874e-07
ISIC_0029833,1,9.613683e-05,0.99857485,0.0009603364,2.5407353e-06,0.00034861796,3.7824503e-08,1.7505345e-05
ISIC_0031806,1,0.0014582935,0.117225915,0.8812657,1.2070144e-05,3.7277143e-05,3.729005e-07,3.9589122e-07
ISIC_0031991,1,7.094108e-05,0.9759974,2.6197222e-06,0.02381152,0.000102642254,1.4754338e-05,3.853391e-08
ISIC_0027840,1,0.010152231,0.9887573,4.1972015e-08,0.0009069756,4.4257145e-06,0.00017875127,2.3561942e-07
ISIC_0024933,1,0.0022328182,0.9977481,1.6888143e-06,1.4824097e-06,7.771702e-06,7.946813e-06,2.2372738e-07
ISIC_0028128,1,6.141256e-07,0.030974234,0.8270935,2.2443985e-05,0.1417399,0.00015380862,1.544724e-05
ISIC_0029221,1,0.0013895179,0.9687082,7.3735063e-09,2.6469813e-06,0.029899297,1.5497154e-07,2.1642086e-07
ISIC_0028261,1,0.9297124,0.06901176,5.4158747e-08,5.947271e-05,0.0012161374,2.5930396e-08,1.3973553e-07
ISIC_0026179,1,0.99725205,0.0027353906,1.8194677e-07,1.2195029e-05,4.7838288e-08,3.114589e-08,2.1562765e-07
ISIC_0032340,1,0.0004672885,0.99947387,1.7808031e-06,4.2517245e-06,4.7403133e-05,2.828015e-07,5.193523e-06
ISIC_0024620,1,0.00016737933,0.99889696,0.00078762317,2.9653406e-06,0.0001446307,3.6294622e-07,8.479989e-08
ISIC_0026217,1,0.0010968674,0.9988992,2.5625181e-06,1.4691023e-09,1.2690515e-06,1.1098311e-10,4.3686637e-09
ISIC_0026048,1,0.005423009,0.993148,1.658563e-07,0.0012242531,0.00011312722,9.0946574e-05,4.5271926e-07
ISIC_0031930,1,0.001522168,0.998159,2.569696e-09,2.04215e-06,0.0003163834,4.1244988e-07,5.68103e-08
ISIC_0027997,1,5.046209e-08,0.014184795,0.9857991,2.0475238e-08,1.5290654e-05,1.7298898e-08,6.895486e-07
ISIC_0027578,1,0.02564002,0.4633574,8.2963005e-08,0.00019547898,0.51080626,6.320868e-07,7.072623e-08
ISIC_0028571,1,0.0008328272,0.99876094,1.5521975e-05,9.859385e-05,0.00028929499,1.5564749e-06,1.2464975e-06
ISIC_0031573,1,0.26019502,0.7387158,0.0007990846,1.12851e-08,0.00023513308,1.6553615e-05,3.8395476e-05
ISIC_0029476,1,2.3182636e-06,0.999964,1.1823792e-05,6.737071e-06,1.3216749e-05,1.754253e-06,4.6359812e-08
ISIC_0029812,1,0.27401546,0.72365195,1.0660959e-06,4.820496e-05,0.002242173,3.720003e-05,3.9916067e-06
ISIC_0026347,1,0.00013028606,0.9998568,1.1705304e-08,1.19053575e-05,9.306908e-07,5.0199103e-09,1.8186501e-08
ISIC_0028468,1,9.6650285e-05,0.9955515,2.7529308e-07,4.295785e-05,0.0039152685,0.00010935067,0.00028402574
ISIC_0028504,1,5.524375e-05,0.9996953,2.668387e-06,6.340142e-06,9.818574e-05,0.0001106758,3.165464e-05
ISIC_0029862,1,0.00020365135,0.99950945,2.1133282e-07,1.0790913e-05,0.00016330654,1.3728824e-05,9.884942e-05
ISIC_0028947,1,4.8726833e-05,0.9954684,6.1690086e-10,4.2719137e-08,0.00447551,3.2100688e-06,4.176008e-06
ISIC_0031965,1,7.9880664e-07,0.9929932,9.820801e-08,7.383817e-07,0.00700348,3.5682217e-07,1.3497378e-06
ISIC_0025148,1,0.00027000904,0.99696165,7.512069e-08,1.5534102e-06,0.0027658658,3.9139636e-08,8.8030805e-07
ISIC_0024716,1,0.0008984907,0.99909985,7.35338e-07,6.2401035e-08,3.3508056e-07,4.7388733e-07,1.4513985e-08
ISIC_0027512,1,7.71951e-05,0.99991596,2.357878e-06,2.0863749e-07,4.154508e-06,2.1335855e-09,8.471576e-08
ISIC_0024995,1,7.6961815e-06,0.9961278,1.5848499e-10,1.7300721e-06,0.0038589877,4.852882e-07,3.3036154e-06
ISIC_0028009,1,0.00020721108,0.9997911,9.793317e-09,4.1064297e-07,9.857475e-07,2.0569533e-07,1.2789745e-07
ISIC_0028884,1,0.10767652,0.8901907,0.0008286999,1.1157907e-07,0.00032871016,8.145937e-07,0.00097441825
ISIC_0028785,1,0.0026916338,0.99729747,5.5655654e-08,1.07107745e-07,7.128276e-06,8.662034e-07,2.8191307e-06
ISIC_0025141,1,0.003947325,0.9960443,7.290207e-08,1.4131213e-10,1.7026149e-06,5.854919e-06,7.81125e-07
ISIC_0026660,1,0.001660872,0.9983259,5.6230715e-06,6.9068886e-07,3.0575054e-06,1.6199775e-06,2.2341535e-06
ISIC_0027549,1,6.5922145e-06,0.994436,1.570534e-07,1.1123535e-06,0.005551474,3.2273923e-07,4.3454647e-06
ISIC_0025581,1,1.7611967e-07,0.9999665,3.9858254e-08,8.343983e-08,3.303167e-05,1.3167419e-08,1.8472996e-07
ISIC_0026451,1,0.00020997645,0.9996418,2.7700428e-06,0.00013545818,9.2967775e-06,1.567814e-08,6.496256e-07
ISIC_0032385,1,1.0562311e-05,0.99997056,2.0291718e-07,1.8209616e-05,1.1431554e-07,1.0520609e-09,2.7181505e-07
ISIC_0025065,1,0.00059408095,0.9993512,1.7164623e-06,1.16029874e-07,5.887611e-06,1.6204054e-05,3.076831e-05
ISIC_0027319,1,3.75709e-06,0.99999464,5.252812e-09,1.5185018e-09,1.1804217e-06,3.4074144e-09,4.2309892e-07
ISIC_0031829,1,0.6403347,0.35516,1.0838761e-08,4.201971e-06,0.0044957288,6.857789e-07,4.6627006e-06
ISIC_0027729,1,0.009120999,0.9869537,3.5754375e-08,5.090008e-07,0.003924398,6.011247e-08,3.0046493e-07
ISIC_0028586,1,0.13215372,0.8675705,2.0982893e-07,2.3993607e-07,0.00027481292,2.724937e-07,1.9942438e-07
ISIC_0030182,1,0.5548701,0.40128192,2.5582337e-06,8.90751e-06,0.043836426,2.7258875e-09,3.1847582e-09
ISIC_0027133,1,0.0015081343,0.9984724,6.310439e-07,2.7507353e-08,2.2959769e-06,1.3530841e-07,1.642081e-05
ISIC_0028756,1,9.2971584e-07,0.9999989,2.1270834e-08,4.558399e-13,4.130177e-08,1.5907035e-07,4.827227e-09
ISIC_0030977,1,0.00014542522,0.99979717,3.1435192e-08,1.6440711e-09,5.598505e-05,1.3188815e-06,4.6655064e-08
ISIC_0024762,1,9.103748e-05,0.9968008,1.1864509e-05,6.304683e-09,0.00019005135,0.0029057646,4.4392036e-07
ISIC_0029794,1,2.3580928e-06,0.9899358,0.009277895,1.374218e-06,0.0007681134,1.4326944e-05,1.137106e-07
ISIC_0024821,1,0.0007494502,0.97681093,0.020964816,6.915837e-06,0.0014609837,6.627395e-07,6.2161407e-06
ISIC_0027266,1,4.7853564e-06,0.9999851,4.1167714e-09,4.061159e-08,8.41755e-06,1.6306046e-06,8.359315e-09
ISIC_0025271,1,0.09076273,0.90608007,2.7232347e-05,4.9160495e-05,0.0026783189,0.0004011286,1.2982672e-06
ISIC_0027867,1,4.399569e-05,0.9814496,1.539793e-06,2.7942365e-08,0.0150231905,0.0034701524,1.1506409e-05
ISIC_0025168,1,2.3306551e-05,0.9999739,9.0770165e-09,1.5713934e-10,2.3455063e-06,3.0417308e-07,6.813108e-08
ISIC_0024617,1,1.1779911e-06,0.9999962,1.6632728e-11,2.492826e-09,2.653181e-06,1.0582499e-10,3.0657564e-08
ISIC_0029920,1,3.452173e-06,0.999977,2.0764846e-06,1.894881e-08,1.6645988e-06,1.6418176e-07,1.5731941e-05
ISIC_0031188,1,2.4297364e-05,0.99997556,3.829064e-09,9.428624e-11,8.555433e-08,7.2422697e-12,2.6098569e-08
ISIC_0028720,1,0.08273244,0.9172632,3.642347e-06,3.14984e-09,5.1975485e-07,3.087357e-08,1.4098823e-07
ISIC_0026318,1,0.0038501183,0.9961356,3.7799333e-11,2.2473414e-11,1.4254937e-05,1.4476657e-09,7.581291e-09
ISIC_0030567,1,2.7385886e-06,0.9981071,0.0011633402,2.0732925e-07,0.0003485801,8.8377203e-07,0.0003771838
ISIC_0025729,1,2.3327114e-07,0.99914527,0.000814031,5.3322434e-08,2.9744155e-05,3.9703218e-10,1.0736589e-05
ISIC_0025865,1,2.3398927e-05,0.99950266,0.0002624994,1.0460585e-07,0.00014106582,4.9631995e-05,2.0564503e-05
ISIC_0024935,1,0.018597916,0.9780983,0.0031867845,4.4859693e-08,2.6431238e-05,7.139429e-05,1.9283456e-05
ISIC_0029091,1,7.395779e-05,0.99988294,3.9537703e-05,8.864251e-09,1.4200178e-07,3.297139e-06,5.3400793e-08
ISIC_0032026,1,0.00027614436,0.99972254,3.5356962e-07,7.2113025e-08,6.632978e-07,2.5150374e-08,1.7073542e-07
ISIC_0031985,1,8.358817e-07,0.9999989,2.1156044e-08,2.043495e-11,1.742588e-07,1.8286755e-09,1.7639355e-08
ISIC_0030890,1,0.000326437,0.9996106,2.1647327e-05,3.5985698e-07,1.4376713e-05,1.2602773e-05,1.3977404e-05
ISIC_0025670,1,1.9075314e-07,0.9999995,7.331965e-09,8.533452e-09,2.794746e-07,1.6625869e-11,2.312869e-08
ISIC_0025898,1,4.8311094e-08,0.9999249,5.71888e-09,4.8119993e-08,6.512576e-05,8.219444e-06,1.6969936e-06
ISIC_0024734,1,2.7384587e-05,0.99992764,8.18956e-10,1.3084673e-07,4.460763e-05,7.3276105e-08,7.806124e-08
ISIC_0027012,1,0.00017541168,0.99981946,2.2298611e-08,2.9510073e-07,7.398723e-07,1.9777713e-07,3.860667e-06
ISIC_0029592,1,5.988235e-05,0.94884783,8.4183426e-05,1.1960051e-10,0.04169479,0.009289549,2.3757304e-05
ISIC_0026037,1,1.1501418e-07,0.03991862,1.8415112e-05,2.2525007e-10,0.9600339,2.4436134e-05,4.626233e-06
ISIC_0030299,1,6.762321e-05,0.9999317,6.9935696e-10,2.5716256e-08,3.0143744e-07,1.101275e-07,2.0423332e-07
ISIC_0028866,1,2.7662861e-06,0.99999726,3.173828e-12,8.005425e-11,1.4117415e-09,5.8606345e-12,6.54935e-10
ISIC_0032020,1,0.035353214,0.9645787,3.2811638e-08,5.4373647e-08,6.463842e-05,1.5660194e-06,1.8003436e-06
ISIC_0024745,1,5.006538e-05,0.9999474,4.017314e-09,2.0670461e-08,2.3489072e-06,9.93575e-08,2.3739064e-08
ISIC_0029970,1,9.218193e-07,0.9999702,1.9881837e-07,1.3609679e-07,1.4203681e-05,3.2653804e-09,1.4362038e-05
ISIC_0025101,1,2.1659068e-06,0.9998357,2.8848904e-06,0.00014922662,5.103158e-06,1.1993245e-08,4.912061e-06
ISIC_0030358,1,0.01683995,0.98167187,1.880756e-06,0.00088621635,0.0005957199,2.2938239e-06,2.0497469e-06
ISIC_0028632,1,0.007837177,0.575261,0.0015093138,0.009879442,0.40226528,0.0032293813,1.8352212e-05
ISIC_0029537,1,6.974514e-05,0.99967074,2.957463e-08,0.00011377988,0.00013707142,2.9793175e-06,5.6273557e-06
ISIC_0032589,1,0.00036075353,0.8817004,4.337189e-09,0.0008100457,0.11712647,2.2902893e-06,7.740714e-09
ISIC_0032939,1,0.00032813966,0.9996717,3.0091687e-10,5.0567023e-10,1.585962e-07,1.0791902e-09,1.117534e-10
ISIC_0033381,1,0.0010201307,0.99889356,1.1704621e-05,7.923581e-06,6.2658066e-05,7.8891566e-07,3.2203704e-06
ISIC_0033474,1,0.09372263,0.90609545,3.072646e-07,1.5696669e-05,0.00016532419,1.8540236e-08,5.9431227e-07
ISIC_0033484,1,0.0001486134,0.9993088,6.183824e-07,5.359701e-08,1.2800546e-05,0.0005290885,9.194941e-08
ISIC_0033540,1,0.052324917,0.38748607,0.00018905319,7.957019e-06,0.0005445581,0.5594399,7.6141046e-06
ISIC_0034279,1,0.00038605448,0.94693667,8.2709056e-07,3.5382998e-06,0.00066207774,0.052008707,2.2205004e-06
ISIC_0034053,1,6.0372645e-06,0.99999094,2.032806e-09,2.2565764e-06,6.662442e-07,2.073892e-09,4.8682907e-08
ISIC_0033572,1,0.0018120302,0.9955291,4.4668945e-05,1.0203908e-06,0.0026129966,1.1752502e-08,1.0554913e-07
ISIC_0033596,1,0.00018884118,0.9915338,9.3676454e-07,3.5773849e-06,0.00827285,9.338362e-09,6.398663e-08
ISIC_0033132,1,0.17031422,0.813173,7.931854e-08,1.5284917e-06,0.016508365,3.1913348e-07,2.443732e-06
ISIC_0033821,1,0.6395976,0.21937545,2.0433427e-07,7.0788345e-05,0.14091754,3.8460646e-05,5.4673897e-08
ISIC_0033082,1,2.0170855e-05,0.9998035,9.76302e-05,4.1029847e-07,3.870779e-05,3.9708033e-05,4.5167923e-09
ISIC_0034098,1,0.00200326,0.9926764,0.0007366775,0.00028274104,0.0010954215,0.003205129,4.2052483e-07
ISIC_0032580,1,3.8070038e-07,0.99999964,4.73035e-10,4.2578495e-08,2.9170232e-08,3.3694296e-09,1.5514504e-10
ISIC_0033692,1,2.588607e-06,0.9999969,3.3131055e-08,4.1733398e-07,1.5083883e-08,2.3872042e-09,2.519317e-10
ISIC_0033766,1,0.012900075,0.98572934,2.2490092e-08,8.355959e-07,0.0013349546,4.512259e-08,3.4828805e-05
ISIC_0033008,1,0.0045979386,0.9499081,7.8821245e-08,0.000105664825,0.04536783,9.78846e-07,1.9402189e-05
ISIC_0033543,1,3.0624597e-06,0.99999213,7.672708e-08,1.6544348e-08,4.1541152e-06,8.132571e-10,6.204681e-07
ISIC_0034185,1,2.4101575e-05,0.9999758,4.8912407e-09,4.2179993e-10,6.813991e-08,3.695593e-11,2.6028217e-09
ISIC_0033842,1,1.8044835e-05,0.999964,2.246577e-09,4.751628e-11,1.6713813e-05,1.3854248e-10,1.2682132e-06
ISIC_0032923,1,1.6055176e-06,0.999846,1.5041117e-06,1.527307e-08,0.00010844358,7.9223474e-07,4.1626707e-05
ISIC_0032678,1,3.8486317e-07,0.9999993,8.7174856e-10,5.4308447e-10,2.9379544e-07,2.7775181e-08,9.581761e-09
ISIC_0033896,1,4.332207e-05,0.999956,1.2976215e-10,2.0271566e-08,6.4498556e-07,4.1056133e-08,3.4796581e-09
ISIC_0034193,1,4.2006015e-08,0.99999774,3.5242216e-09,1.571799e-07,1.5276656e-06,1.02789734e-07,4.3572524e-07
ISIC_0032900,1,7.493045e-08,0.99999845,5.110085e-12,6.910682e-10,1.3336e-08,7.865981e-09,1.4268361e-06
ISIC_0033173,1,1.2124535e-07,0.99999964,2.922089e-09,4.5965125e-09,2.4966843e-07,6.530832e-09,2.760917e-09
ISIC_0033290,1,0.00025188626,0.99946934,5.9188014e-09,4.9528176e-06,0.0002721343,1.982246e-07,1.3800399e-06
ISIC_0034177,1,5.8787975e-07,0.99997354,2.5498515e-08,2.7972864e-09,8.351478e-06,1.7459024e-05,3.6081303e-08
ISIC_0032635,1,6.0867e-07,0.9999993,2.5045075e-11,1.4794467e-10,1.3864262e-07,3.961874e-09,1.5821145e-08
ISIC_0034248,1,0.0011270273,0.99879044,1.2624706e-05,6.0427936e-07,5.750232e-05,1.1000333e-06,1.0766524e-05
ISIC_0033797,1,1.5731957e-06,0.99999845,9.294334e-11,6.006464e-10,2.1504817e-08,9.5571405e-11,1.0635346e-08
ISIC_0033072,1,0.077796385,0.92178756,5.5049634e-07,1.27199735e-08,0.0004133021,2.1461803e-09,2.2065428e-06
ISIC_0032956,1,0.00012312001,0.99987686,8.125237e-12,9.36719e-09,2.089749e-08,1.5605812e-10,2.3448649e-10
ISIC_0033877,1,3.729163e-07,0.99999857,1.7257515e-11,1.6297342e-08,9.783821e-07,7.068462e-08,3.6474803e-09
ISIC_0033882,1,3.8295157e-06,0.9999918,2.2377354e-07,3.7776304e-06,3.7041636e-07,1.250068e-10,1.8628847e-09
ISIC_0033751,1,0.06778546,0.93023986,5.3310287e-06,8.712494e-06,0.0018529275,1.6608821e-05,9.10133e-05
ISIC_0033733,1,1.2625031e-06,0.99999857,5.5704404e-12,4.6604446e-11,4.4913043e-10,1.066489e-07,2.0500657e-10
ISIC_0034154,1,0.00016846803,0.99980456,2.436697e-07,1.3177453e-07,2.5062636e-05,1.2924986e-08,1.5342524e-06
ISIC_0033782,1,2.9290622e-05,0.99996734,5.783278e-07,1.525356e-07,2.10268e-07,1.3082172e-07,2.3087068e-06
ISIC_0032945,1,0.000685493,0.99916494,6.844276e-05,2.1770486e-06,1.80961e-05,6.084287e-08,6.074093e-05
ISIC_0033028,1,0.00073060556,0.99906677,4.904857e-08,5.0297367e-06,0.00016684277,2.9024714e-05,1.6672649e-06
ISIC_0033187,1,0.014561541,0.9854321,7.545397e-10,1.5957369e-06,1.7193631e-06,7.22852e-09,2.9612436e-06
ISIC_0034195,1,0.0006522085,0.9993476,1.03758335e-10,8.152663e-11,3.7443822e-08,6.890665e-08,1.3152896e-08
ISIC_0025816,1,0.004673917,0.99485743,0.00046014218,2.7928294e-08,3.2196174e-06,4.6520245e-06,6.374796e-07
ISIC_0024955,1,0.001008623,0.99896324,1.1505314e-09,1.2111748e-09,2.8073382e-05,1.2487281e-09,1.1266709e-07
ISIC_0030038,1,0.0002729465,0.99971694,9.508637e-07,3.819798e-06,1.7708163e-06,2.8199555e-08,3.527716e-06
ISIC_0031791,1,4.0410134e-05,0.99973243,4.8865405e-07,2.5029059e-09,0.00022560985,8.04533e-08,8.715513e-07
ISIC_0028338,1,3.4159406e-05,0.9996586,1.2639662e-08,3.4278008e-10,0.00028290006,2.6845057e-09,2.4359371e-05
ISIC_0028618,1,0.0010371846,0.9953512,0.0007266393,0.0015368116,0.0007682838,0.0005719123,7.939276e-06
ISIC_0031488,1,0.00014452824,0.9953935,0.00018799104,0.00015830841,0.0024816936,0.0016333217,6.0440476e-07
ISIC_0028399,1,1.0600464e-05,0.9999827,1.0459049e-06,4.75475e-09,5.5342143e-06,1.14837164e-07,8.354162e-09
ISIC_0026326,1,2.0481592e-07,0.0014939862,0.9976484,0.00022224725,2.7409033e-06,3.43881e-08,0.0006322863
ISIC_0031929,3,6.439353e-05,0.1531838,0.00025453418,0.3954515,0.45059648,4.3570776e-06,0.00044487987
ISIC_0031198,3,3.1856118e-10,3.776755e-11,2.5978406e-09,1.0,1.5514525e-08,6.3376054e-10,1.283637e-10
ISIC_0031191,3,0.0014404161,0.010146813,1.3942263e-06,0.0034587926,0.96412545,0.017510397,0.0033167028
ISIC_0027084,3,9.9505244e-11,3.556394e-07,4.728039e-05,0.9999318,1.9792502e-05,6.8150075e-07,1.4186582e-10
ISIC_0028231,3,0.6171552,0.076748066,0.0007816094,0.098557115,0.20658334,0.00012212951,5.2554096e-05
ISIC_0031874,3,3.9248244e-10,2.5267273e-09,1.3789627e-14,1.0,1.161454e-09,8.342768e-15,8.13815e-12
ISIC_0032437,3,5.5614587e-06,3.2255593e-06,7.30503e-05,0.9999163,1.7630181e-06,8.731548e-08,4.1932913e-10
ISIC_0025130,3,1.11078215e-07,1.8981915e-07,2.0374343e-06,0.9999902,7.4067193e-06,5.943604e-08,2.4012303e-09
ISIC_0029067,3,0.00028898413,0.00037450038,0.0003046363,0.06959642,0.92941624,1.874934e-05,4.5159004e-07
ISIC_0026927,3,1.9176607e-05,6.466867e-05,9.895315e-06,0.15297523,0.8469198,1.1175688e-05,7.890127e-08
ISIC_0030794,3,0.0004056939,7.69661e-05,0.00022845478,0.48393512,0.483995,0.027073205,0.0042856475
ISIC_0031738,3,0.8281693,0.13312267,0.029470297,0.0022824958,0.0066231773,7.596548e-07,0.00033130747
ISIC_0029930,3,1.7797026e-06,2.0784846e-05,2.6117766e-07,0.9997625,0.00021419664,4.774157e-07,5.010294e-08
ISIC_0027678,3,3.9357106e-05,0.0009837336,0.0019148747,0.9906566,0.006354742,1.4575386e-05,3.6136506e-05
ISIC_0029582,3,0.0010157396,0.25044665,4.2884752e-05,0.005512512,0.7395956,0.0033684827,1.8115756e-05
ISIC_0031852,3,0.011189875,0.98486114,0.00012075288,0.0034599847,0.00035609957,1.6577447e-06,1.0410875e-05
ISIC_0026992,3,0.319006,0.16260983,0.055605844,0.13960367,0.32313013,3.148379e-05,1.302329e-05
ISIC_0029563,3,0.8991651,1.3293303e-05,0.0030776232,0.09754418,0.00016353125,3.0852727e-05,5.320631e-06
ISIC_0029715,3,0.0003002442,0.998319,8.8967687e-07,0.0013730231,4.1237504e-06,8.29058e-11,2.7752405e-06
ISIC_0027303,3,0.024788322,0.032180544,8.304816e-06,0.9346253,0.008382401,2.1160028e-08,1.5195218e-05
ISIC_0029315,3,0.00017570007,2.3479306e-05,0.00040447028,0.99919754,0.00017483643,1.0792947e-05,1.3144069e-05
ISIC_0029811,3,0.00016961568,0.0020328956,0.000127551,0.9820846,0.010926447,0.0046106614,4.8265516e-05
ISIC_0030375,3,6.5899e-08,0.0007424918,0.00077434717,0.9980872,0.0003934404,5.4199084e-08,2.2927788e-06
ISIC_0030707,3,0.008327012,0.014354496,0.048263133,0.92841005,0.0001913148,5.2099294e-05,0.00040187634
ISIC_0031211,3,4.3688313e-08,0.0073036132,1.9173706e-10,0.9926806,1.5641494e-05,3.3771368e-08,4.8662876e-08
ISIC_0028659,3,4.2021244e-09,4.2287496e-07,0.0002698502,0.99963975,8.823439e-05,3.8354817e-09,1.7175998e-06
ISIC_0024418,3,0.012475234,0.98741037,6.033774e-06,0.00010110844,1.9788029e-06,7.776632e-08,5.098037e-06
ISIC_0027343,3,0.005481505,0.9944924,4.6406954e-06,8.253674e-06,1.09512475e-05,1.4576215e-06,7.7314894e-07
ISIC_0026203,3,0.00020458717,0.90415555,9.526761e-07,0.095503315,0.00012055722,1.0318469e-05,4.6969253e-06
ISIC_0029610,3,0.0003016275,0.23000892,7.871087e-05,0.0016638511,0.7595469,0.00839744,2.6147632e-06
ISIC_0030143,3,4.28927e-05,0.00016820162,7.465158e-06,0.9796856,0.019732662,0.00036292037,2.1164121e-07
ISIC_0026100,3,8.208964e-09,0.005143851,0.8099769,0.18241146,0.0023728162,8.821174e-05,6.8777667e-06
ISIC_0029567,3,2.6076253e-07,0.0237075,0.3332213,0.23940718,0.40361172,3.3827055e-05,1.8233057e-05
ISIC_0029851,3,0.015539561,0.00012913787,8.141331e-05,0.9842402,8.752405e-06,9.80197e-09,8.9130157e-07
ISIC_0029279,3,1.7751922e-06,1.2970037e-09,5.8636594e-08,0.9999982,2.4529059e-09,2.0215822e-11,7.50854e-11
ISIC_0030280,3,9.57464e-07,8.93027e-06,7.987329e-06,0.998971,0.0008615622,5.1644558e-05,9.789915e-05
ISIC_0031578,3,4.166978e-06,8.5228974e-05,8.888727e-05,0.44941545,0.55034894,3.956978e-05,1.772543e-05
ISIC_0032397,3,8.210923e-05,0.015152311,2.2828408e-09,0.97661245,0.008151907,1.0591315e-06,1.1696663e-07
ISIC_0030245,3,0.020624211,0.00015424148,0.97184044,0.007272288,4.1077143e-05,6.7193556e-05,5.391441e-07
ISIC_0029268,3,1.3703999e-05,0.018821675,5.654418e-07,6.981265e-06,0.98115474,2.1191825e-06,2.6206283e-07
ISIC_0026525,3,8.955588e-06,5.7272814e-06,2.5420147e-07,0.99997807,6.6772755e-06,3.5346676e-07,1.3790839e-08
ISIC_0026206,3,0.0029419304,0.06457706,0.0001677228,0.9319436,0.00022980521,6.785858e-06,0.00013310307
ISIC_0026178,3,0.00027548333,0.00045784045,0.03965374,0.95177984,0.0026610806,0.0051424326,2.9517028e-05
ISIC_0032014,3,0.0032780955,0.05015124,0.1674577,0.71151686,0.067560114,4.1801054e-06,3.1842552e-05
ISIC_0027184,3,3.3886874e-05,5.5496323e-05,0.00024624667,0.9984835,0.0011722652,2.1393187e-07,8.433967e-06
ISIC_0029462,3,9.807097e-08,0.000107094056,3.6243327e-05,0.9980666,0.001786599,4.7324062e-07,2.9532414e-06
ISIC_0027447,3,6.548057e-07,1.2416506e-06,2.0188074e-05,0.9999186,5.8992493e-05,2.8300477e-07,6.462426e-09
ISIC_0027536,3,9.41479e-08,9.629309e-08,2.349104e-05,0.9999763,1.2201606e-09,8.407547e-09,1.2917827e-10
ISIC_0026626,3,0.019712474,0.000384819,0.015699193,0.94653654,0.017625779,1.2450947e-06,4.0042465e-05
ISIC_0031228,3,0.00018306886,0.0022627523,3.8941472e-08,0.9973055,0.00024799965,5.14714e-07,1.2996902e-07
ISIC_0024763,3,0.00013694789,1.2573919e-05,1.1983009e-09,0.9998504,8.3311825e-08,6.4505673e-10,7.2976265e-09
ISIC_0032404,3,4.820674e-08,2.47387e-09,2.9328678e-08,0.9999999,2.1808365e-08,7.550981e-10,8.9263015e-09
ISIC_0029133,3,1.5470267e-05,0.00013281456,7.467395e-08,0.9974425,0.0024075427,1.5050621e-06,5.7100845e-08
ISIC_0027294,3,5.3639214e-05,0.041451998,0.95690113,0.0006102386,0.000864479,3.164842e-06,0.00011532593
ISIC_0025780,3,1.452012e-09,5.374323e-07,5.1252536e-10,0.9999994,4.1090185e-08,9.0616655e-12,4.8401783e-11
ISIC_0028941,3,7.5189064e-08,1.8818871e-05,2.1298042e-06,0.9999726,6.3826437e-06,1.033046e-08,1.7094992e-08
ISIC_0029827,3,4.770721e-07,0.0777916,2.4878937e-05,0.5758273,0.3415606,0.0043531386,0.0004420801
ISIC_0027452,3,0.00077515625,0.17108811,0.0016862629,0.74026936,0.08496219,0.0012170451,1.859456e-06
ISIC_0028370,3,6.1298383e-06,1.4264321e-05,6.613083e-05,0.9998055,0.00010698425,8.4746915e-07,1.7734618e-07
ISIC_0024511,3,0.00027263854,0.56996185,0.2931558,0.03189526,0.050040398,0.05431097,0.00036312302
ISIC_0027588,3,3.0904073e-05,0.0006549147,0.19647634,0.5649704,0.00053841714,0.037069492,0.20025961
ISIC_0031922,3,1.0028925e-06,1.7217673e-05,6.925478e-06,0.9935927,2.0866833e-05,0.006360991,3.4692303e-07
ISIC_0029309,3,0.020163778,0.016018912,3.9464994e-06,0.7467108,0.21709725,1.5272119e-07,5.199661e-06
ISIC_0028393,3,0.001344972,0.00037704146,1.1729319e-07,0.9641778,0.034098364,3.2768065e-07,1.4393014e-06
ISIC_0033084,3,4.920381e-06,0.00062955864,3.6287915e-08,0.2010789,0.798249,3.7499653e-05,8.931514e-08
ISIC_0033550,3,0.008358168,0.21351452,0.004749899,0.016253304,0.74742365,0.009335453,0.00036492443
ISIC_0033536,3,4.765581e-10,3.6988313e-06,4.380001e-08,0.9893156,0.010676139,4.449549e-06,8.67598e-09
