image_id,fold,y_true,y_pred,prob_MEL,prob_NV,prob_BCC,prob_AKIEC,prob_BKL,prob_DF,prob_VASC
ISIC_0032343,3,4,4,5.375036e-06,0.0013035946,4.6265464e-07,6.511315e-06,0.9986812,1.9703755e-06,8.922449e-07
ISIC_0030698,3,4,1,0.0035170917,0.9496215,0.0014709472,6.4852905e-08,0.04174175,2.2964883e-05,0.003625679
ISIC_0025567,3,4,4,1.2696636e-06,0.0025936507,3.6173224e-06,1.4125032e-09,0.99720705,8.299861e-06,0.00018604439
ISIC_0029161,3,4,4,0.00025606857,0.18746647,0.0026823687,0.0006476812,0.7624115,0.045139574,0.0013963317
ISIC_0026273,3,4,4,5.284272e-07,0.0002485128,2.5909223e-06,7.4991303e-06,0.999143,6.425179e-06,0.0005914077
ISIC_0025076,3,4,1,0.0119836135,0.9718302,5.255862e-05,3.195233e-05,0.016035475,1.7082546e-05,4.9176488e-05
ISIC_0029687,3,4,1,0.002755915,0.9485094,7.689674e-05,1.4260827e-07,0.04864663,3.643671e-06,7.356036e-06
ISIC_0025642,3,4,1,0.083498895,0.8861925,1.0840537e-05,1.8413482e-06,0.023096886,0.0012351992,0.005963804
ISIC_0031691,3,4,4,3.8087953e-06,0.00085065357,5.0843955e-05,1.9961395e-05,0.9990417,2.130683e-05,1.1725308e-05
ISIC_0025419,3,4,1,0.0043876963,0.77648216,0.003617715,3.7392425e-08,0.2148958,0.00047585912,0.00014073185
ISIC_0030105,3,4,1,0.034109928,0.48037967,0.015226653,0.0029603504,0.449051,0.0013079955,0.016964432
ISIC_0029301,3,4,1,0.005182134,0.9944922,1.3380655e-05,1.0679527e-09,0.00020457483,8.391968e-05,2.3852263e-05
ISIC_0026637,3,4,1,0.030156542,0.7803705,0.0005027615,3.4227405e-08,0.012875095,0.17604925,4.5862234e-05
ISIC_0030377,3,4,0,0.47824448,0.2081599,0.00012500056,2.6912272e-05,0.3133734,1.8279748e-05,5.20302e-05
ISIC_0031468,3,4,4,0.000605896,0.01005017,8.30512e-06,1.4582865e-05,0.9893206,2.4515742e-07,3.1695384e-07
ISIC_0030926,3,4,4,0.014259684,0.006860038,9.992431e-06,0.0003126143,0.9785083,6.764293e-07,4.867251e-05
ISIC_0029288,3,4,4,3.29719e-07,6.1222516e-07,2.6526115e-08,1.8049161e-07,0.9999989,9.301503e-09,1.6025714e-09
ISIC_0031008,3,4,4,5.4869486e-07,3.404349e-06,7.8441694e-08,7.851183e-06,0.99998724,9.36581e-07,4.042854e-08
ISIC_0024698,3,1,1,0.20829043,0.7894582,2.2456172e-05,2.0604105e-07,0.0020813763,0.00013801815,9.295598e-06
ISIC_0025099,3,4,4,2.2335447e-05,0.19974811,9.879623e-07,4.253451e-12,0.8002281,7.44973e-09,4.0731524e-07
ISIC_0031485,3,4,1,0.10752229,0.8224474,2.126208e-06,1.517941e-10,0.0699818,1.4816501e-06,4.4928027e-05
ISIC_0032283,3,4,4,0.026832476,0.044626612,0.0017946284,5.23485e-05,0.9266804,6.675352e-06,6.933763e-06
ISIC_0030005,3,4,0,0.5347044,0.0032554262,0.0008411488,0.00011622875,0.46102205,4.1809315e-05,1.888502e-05
ISIC_0030189,3,4,4,1.5662805e-06,1.2503726e-06,8.224629e-08,2.1345382e-07,0.99999684,2.5220364e-08,2.1332907e-09
ISIC_0026532,3,4,4,7.5525686e-06,3.3449883e-06,6.015257e-07,1.8766664e-07,0.9999876,5.9518504e-07,1.3283054e-07
ISIC_0029674,3,4,4,0.00021885875,0.25448826,0.0001522035,0.0005867694,0.73799455,0.0018535368,0.004705812
ISIC_0028607,3,4,4,0.0007725693,0.30670285,0.0016959542,2.4257872e-06,0.69055486,0.00026676565,4.615371e-06
ISIC_0024623,3,4,4,9.296806e-06,3.920264e-06,1.6586342e-05,6.216397e-05,0.9999078,1.6952836e-07,4.3603272e-08
ISIC_0029613,3,4,4,1.9733376e-05,6.765038e-07,4.1365556e-06,8.550023e-06,0.99995184,1.4990134e-05,1.10821745e-07
ISIC_0025906,3,4,4,0.00051155966,0.018775072,0.008733203,3.623093e-08,0.931197,0.039948408,0.00083476846
ISIC_0027151,3,4,1,0.0003704878,0.995324,2.9004848e-05,2.6535398e-09,0.0006287815,5.8637757e-05,0.0035890336
ISIC_0028646,3,4,4,0.08197473,0.38817003,1.7046363e-05,0.0006863499,0.52844733,0.00030244008,0.00040201293
ISIC_0026794,3,4,2,0.13446699,0.00094777497,0.3684651,0.26919916,0.22418518,0.0026242211,0.00011157044
ISIC_0034318,3,4,4,4.1632327e-05,0.0037559154,8.489763e-05,1.9025816e-08,0.995992,4.0642385e-07,0.0001251344
ISIC_0032972,3,4,4,0.0005185277,0.016327709,0.00012669525,1.3187027e-09,0.9830182,3.5211237e-06,5.3300646e-06
ISIC_0032929,3,4,4,0.11702945,0.00047096246,5.8827623e-06,0.02472355,0.85767615,1.4251513e-06,9.260738e-05
ISIC_0032963,3,4,4,0.41823307,0.0004688512,0.008868813,0.0003740713,0.5716692,2.736088e-05,0.00035864205
ISIC_0033583,3,4,4,0.00022507054,3.9319555e-05,1.0598521e-08,6.034063e-11,0.99973553,4.285676e-09,1.9621147e-08
ISIC_0033465,3,4,4,7.5837816e-06,0.000100581245,2.4171708e-08,6.1048877e-10,0.99989164,9.052573e-09,8.4902354e-08
ISIC_0032514,3,4,0,0.43717518,0.3201943,4.237456e-05,5.046813e-05,0.24249916,2.7446308e-07,3.8299513e-05
ISIC_0033400,3,4,4,7.982693e-05,0.04547412,3.466663e-05,2.5417356e-07,0.95435506,4.0431703e-05,1.5637672e-05
ISIC_0033677,3,4,4,2.1268418e-06,0.0068999147,6.405394e-06,7.2808473e-07,0.9929301,0.00015046785,1.022039e-05
ISIC_0033262,3,4,1,0.003086926,0.5506187,0.0010729756,2.950539e-05,0.44515723,1.2743987e-05,2.1894795e-05
ISIC_0033410,3,4,4,7.448379e-05,0.00046104123,0.053421013,0.09696307,0.8490717,5.726116e-06,2.986833e-06
ISIC_0032725,3,4,4,3.966862e-07,3.1264168e-08,8.369633e-05,2.4201502e-06,0.9999134,7.1969937e-09,4.237624e-08
ISIC_0033264,3,4,4,0.19971183,0.00029487966,8.8997794e-08,3.5730515e-08,0.79999274,2.5558498e-09,4.163118e-07
ISIC_0032665,3,4,4,0.0033803112,0.18519005,0.0012418099,0.00021524243,0.80981,7.877617e-06,0.00015472068
ISIC_0033130,3,4,4,0.049611934,0.13029858,0.0004178596,0.0010974095,0.818082,1.2445519e-06,0.00049111655
ISIC_0033321,3,4,0,0.72137606,0.0001202296,1.3227647e-06,2.5884952e-07,0.2784676,4.062169e-06,3.0549534e-05
ISIC_0032757,3,4,4,0.02803791,0.44370922,2.1625376e-06,3.9287534e-07,0.52782136,0.0004204867,8.4828625e-06
ISIC_0032508,3,4,4,0.09253995,0.10361531,4.106731e-07,5.83598e-10,0.8038381,5.664262e-06,5.5976943e-07
ISIC_0034201,3,4,4,0.15672491,0.0039038553,3.7016569e-06,2.757014e-09,0.83929825,6.843019e-05,9.333933e-07
ISIC_0033776,3,4,4,1.0732267e-09,2.002068e-06,1.4961633e-06,1.27854e-10,0.9999965,2.623799e-09,2.4783697e-09
ISIC_0033056,3,4,4,1.453818e-08,1.263182e-07,2.5905496e-07,4.2481787e-09,0.99999964,3.737436e-09,2.1412105e-09
ISIC_0033744,3,4,0,0.42785278,0.19159132,1.4359297e-05,0.00020379378,0.38033321,8.002441e-08,4.411243e-06
ISIC_0033659,3,4,1,0.028449798,0.8052127,2.6915593e-06,0.0003408737,0.16598146,7.971071e-08,1.2383719e-05
ISIC_0034303,3,4,1,0.01089395,0.8497305,0.00024118825,0.006571175,0.13177943,8.41767e-05,0.0006995712
ISIC_0034031,3,4,1,0.0014444524,0.98560905,0.00016396944,4.8108697e-05,0.012299558,7.85351e-05,0.00035630655
ISIC_0033124,3,4,1,0.032128848,0.8033533,0.00046007568,0.0015406875,0.1619554,0.00012998699,0.00043174793
ISIC_0033507,3,4,4,0.23134401,0.014030364,0.000117987685,4.257093e-07,0.7544923,2.9296288e-08,1.4907471e-05
ISIC_0033791,3,4,4,0.0069412356,0.00012036541,2.6802268e-06,2.4880056e-09,0.9929344,2.799109e-09,1.2631156e-06
ISIC_0034003,3,4,4,0.0021377956,0.0015835467,0.00013729415,4.529637e-06,0.99609727,1.4886228e-05,2.4721652e-05
ISIC_0033079,3,4,4,0.08256599,2.991698e-05,1.3264428e-06,1.1318059e-08,0.9173837,6.466022e-06,1.2685545e-05
ISIC_0029014,3,4,4,0.01322443,0.38699612,0.000539716,0.0017711793,0.59739065,2.9306582e-06,7.501074e-05
ISIC_0031376,3,4,4,5.8168634e-06,2.9881125e-05,3.7166672e-07,1.4214163e-05,0.999948,1.2626198e-06,3.7389492e-07
ISIC_0031620,3,4,4,0.01656865,0.018003313,0.00063228235,0.0012443748,0.96353275,5.1694483e-06,1.3401285e-05
ISIC_0025136,3,4,1,0.010373211,0.7571497,0.00024950868,0.0029238402,0.22805485,1.0145549e-05,0.0012386872
ISIC_0027652,3,4,4,0.09738527,0.35633296,6.8799695e-06,0.00021824279,0.54603183,1.1550206e-05,1.32432815e-05
ISIC_0028020,3,4,4,1.2572481e-05,0.00044922027,7.318241e-05,4.1981312e-07,0.9966682,0.0007256494,0.0020706696
ISIC_0025867,3,4,4,0.0012224427,3.2890788e-05,9.620791e-05,0.0072694644,0.98997366,0.0013907438,1.4565693e-05
ISIC_0026623,3,4,2,0.19426867,0.050610226,0.35040146,0.33092135,0.070541665,0.0027085908,0.00054803473
ISIC_0029394,3,4,1,0.0020462074,0.9726141,6.3322557e-07,7.6542776e-08,0.0253362,1.6055333e-07,2.6845e-06
ISIC_0026893,3,4,4,0.00011142611,0.00024270461,2.062984e-05,0.046151154,0.9529761,0.0004958821,2.0806706e-06
ISIC_0026844,3,4,4,0.011016086,0.012807116,0.046174355,0.048282463,0.8750207,0.002710525,0.003988848
ISIC_0025885,3,4,0,0.82800263,0.06353416,0.00049804023,0.0035474547,0.10436634,1.1546513e-05,3.9808925e-05
ISIC_0025656,3,4,4,2.3837406e-06,9.493467e-08,4.2396327e-06,4.845505e-06,0.99998426,1.6349601e-06,2.4812587e-06
ISIC_0027374,3,4,4,0.00046012425,3.8100668e-06,0.030707946,2.0623335e-07,0.93920213,0.029625665,4.8086115e-08
ISIC_0025507,3,4,4,0.12693787,0.020525986,5.9620146e-05,0.00066377304,0.8515023,0.00030597262,4.4084454e-06
ISIC_0031556,3,4,1,0.24554393,0.60648453,1.3140452e-06,1.5248964e-06,0.14794809,1.8568528e-06,1.8760464e-05
ISIC_0027068,3,4,1,7.889115e-05,0.88031495,0.00011363786,0.009518657,0.10987337,3.8481005e-05,6.197586e-05
ISIC_0031130,3,4,4,0.00033085683,0.0005954708,4.6495818e-05,1.6305079e-05,0.9990063,3.9841883e-08,4.5317656e-06
ISIC_0028308,3,4,1,0.0012801925,0.8052743,0.004319578,0.13548149,0.053562008,1.8144256e-05,6.431412e-05
ISIC_0028354,3,4,4,0.036662377,0.00034474218,0.00048244692,1.3660208e-05,0.9624752,2.1209615e-05,3.8438083e-07
ISIC_0027037,3,4,4,0.002371228,0.008614387,3.5376426e-05,3.0152343e-05,0.9870688,0.0018585458,2.1583317e-05
ISIC_0032486,3,4,1,0.020264331,0.59195673,8.502382e-06,0.00024955283,0.38748303,2.0106781e-05,1.7677656e-05
ISIC_0026607,3,4,1,0.0027257302,0.84262896,0.15417442,2.633439e-06,0.0001758181,4.348184e-06,0.00028807478
ISIC_0029062,3,4,1,0.009341408,0.75172126,0.0007031529,0.007860406,0.22977605,0.000564182,3.3526187e-05
ISIC_0025485,3,4,4,3.190543e-05,0.0006032051,5.0071616e-05,0.0036365972,0.99498636,0.0006869589,4.940699e-06
ISIC_0025874,3,4,0,0.66527385,0.057736225,2.2613518e-05,6.648684e-06,0.27692723,4.4810254e-06,2.8998242e-05
ISIC_0030706,3,4,1,0.081031606,0.905976,3.988696e-06,0.0029707826,0.010014046,5.646945e-07,3.017623e-06
ISIC_0027026,3,4,5,0.030770827,0.21432479,0.0014586507,0.13214543,0.051547535,0.5593997,0.010353058
ISIC_0024773,3,4,4,0.0006352962,0.014050573,0.0006929922,0.0021219926,0.98239297,8.1523795e-05,2.4632875e-05
ISIC_0028952,3,4,4,0.00057418965,0.0017050055,0.0008759205,6.391284e-07,0.9967888,1.4556928e-05,4.08615e-05
ISIC_0030203,3,4,4,0.028784802,0.119074084,0.00016775315,8.1699436e-05,0.8517197,6.4008827e-06,0.00016561765
ISIC_0030459,3,4,4,3.6815785e-05,1.1441346e-05,2.1155938e-07,7.6061404e-08,0.99994737,3.3515757e-06,7.097718e-07
ISIC_0029776,3,4,4,0.00019158337,3.5133392e-06,3.6898612e-08,2.316453e-10,0.9998045,3.5929972e-07,4.6088815e-08
ISIC_0030522,3,4,4,0.022273999,0.37919968,0.0064183897,5.3356854e-07,0.590782,0.0012707792,5.4561962e-05
ISIC_0025985,3,4,4,1.9769745e-06,0.004398875,0.2131757,0.000119206925,0.7791867,7.8970595e-05,0.0030385184
ISIC_0025830,3,4,4,0.0006623602,0.008955266,1.0411808e-06,0.00095987914,0.98938787,3.212691e-05,1.4625676e-06
ISIC_0026661,3,4,4,0.00013535476,0.08867821,0.00015096225,5.8184614e-06,0.9109848,2.1388132e-05,2.3484328e-05
ISIC_0026477,3,4,1,0.0034547374,0.99652356,7.127517e-07,1.3516641e-06,6.476081e-06,5.240126e-06,7.913939e-06
ISIC_0031851,3,4,3,0.0875241,0.00031496148,0.0012781433,0.4891332,0.42167187,5.1119743e-05,2.6626754e-05
ISIC_0030436,3,4,4,0.30189306,0.0021556243,0.060239978,0.28267452,0.35291967,2.9221985e-06,0.00011424585
ISIC_0024741,3,4,4,0.0006254163,0.00012404125,9.7423785e-05,4.6849513e-05,0.8951007,0.10400363,1.9537497e-06
ISIC_0032230,3,4,4,0.0016682642,0.00087805296,1.3166097e-05,0.007127533,0.9903118,1.7471433e-07,8.882477e-07
ISIC_0029525,3,4,4,0.008353122,0.015140345,5.10814e-06,0.035062693,0.94142485,5.8593457e-08,1.3819008e-05
ISIC_0029474,3,4,4,0.018090699,4.734991e-05,2.8800565e-07,6.7710075e-06,0.9818548,1.1075513e-08,1.6860132e-07
ISIC_0027219,3,4,4,6.5029053e-07,4.346356e-06,5.8664513e-09,5.381179e-10,0.9999949,6.282551e-08,9.396167e-09
ISIC_0026265,3,4,4,0.07932593,0.03993469,0.0020947356,0.040578738,0.83800876,2.1845183e-06,5.488183e-05
ISIC_0024426,3,4,4,0.19743884,0.00096994743,0.0011163366,0.01999833,0.780368,2.941195e-06,0.00010559277
ISIC_0025376,3,4,1,0.034505,0.4821689,0.35447735,0.05407553,0.041116577,0.033591755,6.48348e-05
ISIC_0030806,3,4,4,0.0010036046,0.00025982293,2.3697019e-05,6.0710863e-05,0.9986496,8.563011e-07,1.733951e-06
ISIC_0028388,3,4,4,0.063042074,0.243559,0.002837558,0.14410152,0.5459788,3.302624e-05,0.00044804736
ISIC_0030636,3,4,4,9.4842835e-07,2.811749e-05,0.00020833108,4.8485936e-06,0.99972725,2.4929957e-05,5.547795e-06
ISIC_0029897,3,4,4,0.0046388693,0.00018581598,2.8002145e-05,1.7446266e-05,0.99510133,2.1255977e-05,7.2999924e-06
ISIC_0029580,3,4,4,0.03860326,0.0013022819,0.21232107,0.04382465,0.703833,1.24175185e-05,0.000103328624
ISIC_0027527,3,4,4,0.0019371714,0.00017860233,2.3761888e-07,0.00025829326,0.99759483,1.1346825e-05,1.9578893e-05
ISIC_0025693,3,4,4,5.9735194e-05,6.366662e-05,1.2395818e-06,1.6944638e-06,0.9998724,2.1678847e-08,1.2179704e-06
ISIC_0032116,3,4,4,0.09701575,0.12796944,7.828714e-06,4.325069e-05,0.77493095,1.23354785e-05,2.0478878e-05
ISIC_0026849,3,4,4,0.00041758284,0.0026984303,0.20868409,0.010123948,0.707888,0.06522484,0.0049630343
ISIC_0029139,3,4,4,1.6074066e-05,4.2885546e-05,4.7180506e-06,6.318769e-05,0.99987143,7.333001e-07,8.3683346e-07
ISIC_0024471,3,4,1,0.014185414,0.6682622,0.0007238778,1.5436228e-06,0.18367632,0.10249287,0.030657846
ISIC_0029878,3,4,1,0.047047812,0.77924067,0.0072950013,6.5704774e-07,0.15990005,0.004405744,0.0021101343
ISIC_0026245,3,4,1,0.1938274,0.7693833,0.0004709201,0.0022209783,0.033999786,1.6562093e-05,8.1068094e-05
ISIC_0026378,3,4,4,0.001129268,0.00032483728,7.410014e-07,1.7526388e-06,0.9985429,6.000843e-08,4.910687e-07
ISIC_0030188,3,4,0,0.50013804,0.26349893,0.00046639424,0.0002611683,0.2343262,0.0012875324,2.1747815e-05
ISIC_0028223,3,4,4,5.8531725e-07,0.0009710548,3.0315874e-05,5.6457775e-05,0.99894106,2.7123514e-07,2.2498088e-07
ISIC_0026614,3,4,4,0.022715421,0.14304113,3.9221095e-06,0.0001986936,0.83402026,1.6551754e-05,4.0503305e-06
ISIC_0028237,3,4,4,0.001311966,0.0036656312,2.3003388e-06,3.2896e-06,0.9950162,1.6440318e-07,5.15883e-07
ISIC_0029585,3,4,4,2.2013467e-06,0.00061435625,4.1884142e-08,4.9516817e-09,0.99938333,3.4174473e-08,5.4431133e-08
ISIC_0026290,3,4,4,0.119262554,0.41271314,8.31595e-05,0.0023722248,0.4655409,9.5388095e-06,1.8505729e-05
ISIC_0031050,3,4,4,0.074880384,0.010830151,2.3106606e-05,6.603649e-05,0.91352785,0.00065344677,1.8978659e-05
ISIC_0024761,3,4,4,4.509075e-06,1.7030752e-05,8.989583e-05,7.768561e-07,0.99986875,1.674634e-05,2.3266368e-06
ISIC_0025519,3,4,4,0.10968127,0.00010628833,5.0991653e-06,2.876615e-07,0.89020556,1.2255908e-06,2.0316904e-07
ISIC_0030319,3,4,4,0.033578496,0.00039920257,3.047805e-06,2.0793173e-06,0.96601343,1.3310745e-06,2.4346473e-06
ISIC_0024371,3,4,1,0.011838259,0.4939069,0.0007081778,2.260781e-05,0.4934207,3.696951e-05,6.648551e-05
ISIC_0031808,3,4,4,0.053807158,0.0009327802,1.5538853e-06,9.085567e-05,0.94493943,1.0488902e-05,0.00021774182
ISIC_0027470,3,4,1,0.00056323933,0.98614866,0.0031820927,0.000114929084,0.009650961,0.00018614472,0.00015402256
ISIC_0024910,3,4,4,3.0865638e-06,0.00034959894,7.634949e-07,3.0314732e-06,0.9996376,2.0411412e-06,3.8035373e-06
ISIC_0026675,3,4,4,0.0028345021,0.0005591585,0.009345854,0.00028324767,0.9804689,0.006502617,5.726933e-06
ISIC_0026070,3,4,0,0.89292556,0.04010665,0.00015638668,0.043289427,0.023008302,0.00046053343,5.3206924e-05
ISIC_0032235,3,4,1,0.108151734,0.7199544,0.00021896318,0.009261186,0.16126549,0.001116569,3.1637068e-05
ISIC_0025374,3,4,4,0.005878753,0.0034579195,1.02315106e-07,9.065416e-09,0.99066275,1.1562064e-07,3.4218402e-07
ISIC_0027335,3,4,0,0.6579903,0.101529315,0.00021116904,0.0064662946,0.23340353,1.9173132e-05,0.00038020455
ISIC_0028656,3,4,1,0.06884802,0.77882415,0.00034950528,6.4791885e-07,0.1476763,0.004190267,0.00011113447
ISIC_0031716,3,4,4,0.0013626274,0.00020069901,0.00069604104,0.00014049272,0.99733955,2.5275987e-05,0.00023533609
ISIC_0028650,3,4,4,0.0013695608,0.0972064,0.00040786137,0.005822546,0.89518195,3.4552363e-06,8.30692e-06
ISIC_0027973,3,4,4,0.00036534917,0.00032410675,8.575582e-07,1.4570249e-05,0.9992946,2.5612195e-07,2.4927752e-07
ISIC_0027018,3,4,3,0.118802704,0.000489929,0.0008524358,0.85163033,0.026632134,0.0015453559,4.712412e-05
ISIC_0025389,3,4,4,0.04325766,1.7415758e-05,0.24322262,0.033227857,0.5153734,0.16238828,0.0025128308
ISIC_0029384,3,4,4,0.0016651867,0.0051606507,1.985691e-07,0.0017668509,0.9913658,2.148899e-05,1.9814468e-05
ISIC_0027982,3,4,4,2.8413702e-05,0.055592775,7.998141e-06,2.207728e-06,0.9443337,4.7199364e-06,3.0193783e-05
ISIC_0030318,3,4,4,1.7882897e-07,6.8370646e-05,2.0100385e-08,1.1683645e-07,0.9999312,3.9432826e-09,9.007429e-08
ISIC_0026737,3,4,4,6.5017507e-06,0.0043786904,6.4455844e-06,8.865578e-06,0.9955622,5.216009e-06,3.209126e-05
ISIC_0028749,3,4,4,0.21412845,0.005528493,7.4376196e-08,1.3564342e-05,0.78032494,5.5321004e-07,3.901213e-06
ISIC_0031334,3,4,4,0.03049101,3.4151913e-06,0.0030392432,1.4607999e-06,0.9662851,0.00017960108,2.2315891e-08
ISIC_0029302,3,4,4,5.0815966e-06,0.0014539566,3.3933173e-07,5.2094617e-08,0.9985326,5.6259564e-06,2.2735742e-06
ISIC_0029206,3,4,4,0.41739464,0.037666358,0.00010882419,8.1774044e-05,0.5438743,0.00075670716,0.00011741613
ISIC_0030310,3,4,4,0.21358922,0.042768873,1.7252274e-05,2.5847365e-05,0.74339116,0.00014044037,6.719063e-05
ISIC_0028229,3,4,4,0.18882313,0.00017055294,3.6590918e-05,0.20680897,0.60390854,0.00013680283,0.00011532947
ISIC_0030372,3,4,2,0.0013703264,0.002448381,0.69833386,0.13920271,0.15862203,1.0109396e-05,1.2640453e-05
ISIC_0028404,3,4,2,4.337689e-05,0.0020213048,0.8415723,0.00035933265,0.15587434,5.1189436e-05,7.824268e-05
ISIC_0027017,3,4,4,0.034615558,9.4232084e-05,1.2476501e-05,0.021135869,0.939473,0.004481914,0.0001870338
ISIC_0028707,3,4,4,0.013880839,0.0076817675,0.012663217,0.40261418,0.5626608,0.0003862894,0.00011295333
ISIC_0027509,3,4,4,0.00037511453,1.6242197e-07,3.205693e-06,4.9652744e-08,0.9996211,2.6933165e-07,7.30561e-08
ISIC_0030240,3,4,4,0.00010941952,1.2001004e-05,2.201897e-06,0.0025150806,0.9973586,7.8760075e-07,1.8287197e-06
ISIC_0031261,3,4,4,5.2608248e-06,2.0578893e-05,6.457621e-06,0.00050451915,0.99945813,2.6038688e-06,2.3783844e-06
ISIC_0026015,3,4,4,0.025221467,0.059089106,7.510882e-05,0.039466314,0.8757383,0.0003458169,6.3824205e-05
ISIC_0028124,3,4,4,0.0001252172,8.41769e-06,5.243502e-06,1.6884671e-05,0.9998438,8.384762e-08,2.924067e-07
ISIC_0024709,3,4,5,0.00053708,0.00010387085,2.0572354e-05,4.3137356e-06,0.033241116,0.96597034,0.00012265846
ISIC_0030241,3,4,4,1.2087774e-05,7.383953e-05,7.0477276e-06,0.0004847832,0.9994179,3.9285674e-06,4.6251884e-07
ISIC_0024786,3,4,4,0.0020425406,0.0019994401,2.497779e-07,3.145256e-05,0.99591845,6.853525e-06,1.0366726e-06
ISIC_0029927,3,4,4,3.4394296e-05,0.000101706966,1.3088745e-05,8.845456e-05,0.9997603,4.9445225e-07,1.4954508e-06
ISIC_0026567,3,4,4,0.00089370756,0.00012989661,6.0285586e-08,0.0001327172,0.9988424,1.2107063e-07,1.0438242e-06
ISIC_0029102,3,4,4,0.12735674,0.0028894104,6.469175e-05,0.0006818148,0.8689925,3.8359295e-07,1.446213e-05
ISIC_0027154,3,4,4,0.00041157816,0.00011262459,3.4101908e-05,3.285264e-05,0.9994024,7.199705e-07,5.753082e-06
ISIC_0030383,3,4,4,0.039829515,0.019760992,3.24058e-06,9.4478736e-07,0.9403987,2.2521153e-06,4.356624e-06
ISIC_0025465,3,4,4,0.00077965873,0.021179693,9.5819894e-05,1.4498404e-06,0.97793674,1.8583862e-06,4.7353647e-06
ISIC_0024489,3,4,4,0.0069838823,0.00021114922,0.002839332,0.0008888976,0.98899984,5.5199424e-05,2.1728361e-05
ISIC_0026276,3,4,4,0.0061442,7.3963645e-05,0.00059462345,0.00038622384,0.9927043,7.649645e-05,2.0172756e-05
ISIC_0026277,3,4,4,0.012276928,0.0021792245,3.841298e-07,0.0003676255,0.98516667,6.799506e-08,9.119256e-06
ISIC_0031888,3,4,4,0.01080405,2.2432634e-05,0.008833294,0.003631064,0.97619456,0.0004890437,2.559855e-05
ISIC_0024705,3,4,4,3.4856004e-07,6.8796e-06,5.115896e-09,6.3672907e-09,0.9999924,3.3817005e-07,7.424697e-08
ISIC_0026803,3,4,4,4.304081e-06,2.3369262e-06,5.8426814e-08,4.127599e-10,0.9999933,3.4779124e-09,1.5436871e-08
ISIC_0026248,3,4,4,7.2069547e-06,5.676566e-06,9.051368e-05,5.9986138e-05,0.99983615,4.248806e-08,3.8115348e-07
ISIC_0027194,3,4,4,1.7183947e-07,4.980026e-07,1.5007263e-06,3.3061824e-06,0.9999944,1.2275419e-07,2.815554e-08
ISIC_0031677,3,4,4,0.025196437,2.7805248e-07,1.9345391e-06,3.0844425e-09,0.97480136,2.8102903e-08,4.8300752e-08
ISIC_0032159,3,4,4,0.00026554213,1.9528463e-05,7.810916e-07,2.721095e-07,0.9997134,1.6591093e-08,3.4074756e-07
ISIC_0024382,3,4,4,0.18243846,0.00043258304,1.8076811e-06,0.0004296686,0.8166936,7.6153825e-08,3.818607e-06
ISIC_0025466,3,4,4,1.01313835e-05,0.05429124,2.9960204e-06,9.66674e-05,0.94559467,6.674593e-07,3.6158956e-06
ISIC_0029931,3,4,4,6.953643e-05,0.00018980986,9.544257e-09,7.555398e-09,0.9997403,6.881757e-08,2.7537098e-07
ISIC_0026311,3,4,4,2.8118432e-08,2.4901846e-07,1.306238e-07,2.9139622e-07,0.9999992,1.750693e-08,1.5091777e-07
ISIC_0029270,3,4,4,0.0016420614,4.498199e-06,9.545532e-07,5.787024e-08,0.9983511,2.5019887e-07,1.0457057e-06
ISIC_0027820,3,4,4,9.3445786e-05,0.0024515707,6.622616e-05,0.0005067083,0.9968753,1.256862e-06,5.5172227e-06
ISIC_0025851,3,4,4,1.5441958e-05,0.01530527,6.485049e-07,1.00785e-08,0.9846773,9.083998e-07,2.8369575e-07
ISIC_0028347,3,4,1,0.008189326,0.7318329,0.000100910234,0.002524138,0.25708452,0.0002584237,9.725849e-06
ISIC_0033722,3,4,4,0.0070681823,0.3689014,2.2606348e-05,9.351112e-05,0.6238935,2.4023952e-06,1.837964e-05
ISIC_0033199,3,4,4,0.03216169,0.0014539585,1.3894348e-06,3.1628758e-07,0.9663819,2.571195e-07,4.7001194e-07
ISIC_0032719,3,4,4,0.003782181,0.0002483427,2.2685042e-07,7.2674277e-07,0.99596834,2.6552726e-08,1.5947282e-07
ISIC_0033260,3,4,4,1.00459225e-07,0.000256146,3.8019462e-07,1.3423924e-06,0.99973047,3.4868975e-07,1.1220548e-05
ISIC_0032643,3,4,4,5.6424405e-08,3.7738228e-05,6.775982e-08,6.611342e-08,0.9999614,1.1988504e-08,6.137707e-07
ISIC_0033732,3,4,4,3.814737e-09,2.657807e-06,1.0188897e-08,4.0866325e-06,0.9999924,6.038512e-08,8.1928766e-07
ISIC_0033854,3,4,1,4.1039462e-07,0.86383533,1.4966587e-06,5.2324323e-09,0.1361287,6.669518e-08,3.3999942e-05
ISIC_0034142,3,4,4,2.0325096e-07,1.00560854e-07,5.1962434e-08,2.8180526e-05,0.9999714,7.898938e-09,3.3760614e-08
ISIC_0033784,3,4,4,0.25241676,0.024745522,9.62886e-06,7.9241596e-05,0.72272795,3.492616e-06,1.7355134e-05
ISIC_0033307,3,4,4,0.24160723,0.20603327,2.9204177e-05,0.00026580278,0.55200505,4.829059e-06,5.4622233e-05
ISIC_0033855,3,4,4,1.5201497e-06,0.0003520761,1.56647e-07,5.240643e-08,0.9996456,4.722199e-08,5.059341e-07
ISIC_0034186,3,4,4,0.20199403,0.00089124095,1.089276e-05,1.14038325e-08,0.79708534,2.1054798e-06,1.6423808e-05
ISIC_0032113,3,4,4,0.00039105135,0.05589341,0.00019217315,0.00067135907,0.9407336,0.0020106586,0.00010772869
ISIC_0027142,3,4,4,7.082377e-08,3.0903488e-05,2.348251e-08,1.6369245e-11,0.999969,4.9669944e-09,1.6370226e-08
ISIC_0032249,3,4,4,1.0792211e-05,0.1572275,6.6590845e-05,4.4791213e-05,0.5428373,0.2997848,2.8181286e-05
ISIC_0024383,3,4,4,2.2592688e-09,1.7154447e-06,8.156687e-08,1.295218e-09,0.999998,5.5238832e-08,1.0770884e-07
ISIC_0029793,3,4,4,1.9009079e-06,0.001288821,1.4530639e-06,1.2834109e-06,0.99473727,0.0031927922,0.0007764244
ISIC_0029107,3,4,4,0.0011721243,0.3812233,7.722574e-05,2.6228593e-06,0.6174598,8.151639e-07,6.418142e-05
ISIC_0031511,3,4,4,0.004638853,0.0006943991,8.525472e-06,1.3710283e-07,0.9946493,2.4799506e-06,6.2787644e-06
ISIC_0026422,3,4,4,0.00033902188,0.016738746,2.2003176e-05,4.624365e-06,0.9827194,4.5830016e-05,0.00013031563
ISIC_0030316,3,4,4,5.0100505e-05,0.010811472,3.1538423e-08,1.6290596e-06,0.9891281,1.4233137e-07,8.453264e-06
ISIC_0028497,3,4,4,0.00038320135,0.008587828,0.038493644,0.00039123013,0.9504224,0.00016472123,0.0015570009
ISIC_0026846,3,4,4,4.061817e-08,4.4537468e-05,1.0682044e-06,2.4939435e-09,0.99995404,1.0843233e-08,2.7475878e-07
ISIC_0028826,3,4,4,3.9136852e-05,0.00142818,0.00033209022,7.2133703e-09,0.99814355,3.0393974e-05,2.657614e-05
ISIC_0031226,3,4,4,1.9445881e-06,0.15022716,1.582209e-06,3.6716004e-09,0.84976894,1.7895411e-07,2.0275245e-07
ISIC_0027954,3,4,4,0.0011552576,0.49726158,4.8901456e-05,3.6916675e-10,0.50149596,1.8416158e-07,3.8142145e-05
ISIC_0024850,3,4,4,0.26322028,0.25901422,2.3725943e-05,3.0392787e-08,0.47763556,6.656441e-05,3.958676e-05
ISIC_0025758,3,4,4,3.5769304e-08,0.0032474766,1.7702363e-06,3.654334e-11,0.99675035,2.0660627e-08,3.9958272e-07
ISIC_0025392,3,4,4,3.172825e-06,0.09614116,2.8201748e-08,1.0559665e-11,0.9038397,1.4364228e-10,1.592019e-05
ISIC_0029731,3,4,4,0.06855656,0.38511515,4.090221e-05,6.106332e-08,0.54624486,4.2797954e-08,4.242178e-05
ISIC_0025804,3,4,1,0.00012748249,0.9743163,0.00015127336,5.5651617e-05,0.025219843,0.00011160843,1.7779423e-05
ISIC_0031024,3,4,4,3.336822e-05,0.10580145,1.2566606e-08,3.2627226e-10,0.8941647,4.2771222e-07,1.2695908e-07
ISIC_0030056,3,4,4,3.111454e-08,4.6268116e-07,1.4823184e-10,5.1511417e-11,0.9999995,2.1103586e-10,9.680117e-10
ISIC_0029195,3,4,4,1.4802492e-07,1.0261289e-05,1.7004086e-07,3.199052e-11,0.99998915,1.3108326e-09,3.2689007e-07
ISIC_0030207,3,4,4,2.0372305e-11,8.341975e-09,2.62321e-09,9.186331e-14,1.0,1.4089431e-12,3.3626282e-08
ISIC_0031223,3,4,4,1.204165e-08,1.4820673e-05,1.0190042e-09,5.330395e-11,0.9999851,1.2601835e-09,4.4886402e-08
ISIC_0031125,3,4,4,0.016459066,0.009544717,0.000108801876,8.14863e-05,0.9677731,0.00019944893,0.0058334414
ISIC_0025431,3,4,4,2.521243e-06,0.00016683403,1.36566505e-05,6.7962995e-09,0.99882686,3.2563264e-06,0.0009868711
ISIC_0027332,3,4,4,2.966986e-05,0.35972384,1.0139187e-05,4.5135553e-07,0.64012474,2.9658511e-05,8.157585e-05
ISIC_0026556,3,4,4,4.3785235e-08,1.379819e-05,7.909447e-09,1.8231113e-07,0.9999858,2.5538018e-08,1.6006473e-07
ISIC_0031362,3,4,4,2.137116e-08,1.2958937e-07,2.7871691e-11,9.0184734e-13,0.9999999,1.29233724e-11,2.184223e-09
ISIC_0026941,3,4,4,6.3205374e-07,0.0058337385,1.2195791e-06,1.7588681e-07,0.99416274,1.1051729e-06,4.3956774e-07
ISIC_0025654,3,4,4,2.1224609e-09,3.787737e-09,9.82783e-12,3.4233785e-14,1.0,3.930407e-13,1.4521326e-10
ISIC_0029880,3,4,4,6.3876396e-06,3.5050724e-07,2.554646e-07,4.8884363e-10,0.99999297,5.212154e-09,8.50594e-08
ISIC_0026042,3,4,4,0.005701179,0.061722755,0.12803087,0.005583496,0.79825443,5.1953586e-05,0.000655315
ISIC_0027326,3,4,4,5.4223265e-06,0.0013695714,2.490853e-09,1.32544305e-11,0.9986249,7.5115054e-08,4.9145278e-08
ISIC_0032642,3,5,5,0.07243417,0.18621664,1.786952e-05,0.00016130076,0.00024410577,0.7409216,4.2578e-06
ISIC_0033790,3,5,0,0.6158387,0.0922421,0.010302199,0.0066265576,0.0007930123,0.27381724,0.00038020185
ISIC_0033675,3,5,0,0.55340004,0.24081211,9.909817e-05,8.481929e-05,0.005234658,0.2003231,4.612906e-05
ISIC_0032247,3,5,1,0.12781443,0.72494376,0.0011224753,0.033275846,0.1056907,0.0019454171,0.0052073756
ISIC_0031429,3,5,3,0.008950969,0.36989945,0.0035281107,0.39334306,0.2197853,0.0020644625,0.002428664
ISIC_0025302,3,5,1,0.13421582,0.7567668,0.008479478,0.06280629,0.0027849174,0.03263833,0.0023083559
ISIC_0024318,3,5,5,3.5539006e-07,1.1770309e-08,4.804965e-08,2.2405929e-14,8.493707e-15,0.99999887,7.400577e-07
ISIC_0024396,3,5,5,4.3928884e-07,6.887104e-05,1.7984948e-07,1.8409913e-13,3.557872e-11,0.9999299,6.094703e-07
ISIC_0033808,3,5,1,0.00014460705,0.9546383,2.4415558e-06,7.2169917e-07,0.0001691621,0.04502766,1.7113769e-05
ISIC_0033847,3,5,1,2.5239294e-06,0.9923333,3.57963e-07,0.00014277532,0.00011308854,0.0072646253,0.000143286
ISIC_0033860,3,5,1,2.120615e-06,0.9911391,1.7073044e-06,1.8172621e-07,0.008224671,0.0006306787,1.562485e-06
ISIC_0024994,3,5,5,0.00013282322,0.3225153,2.5320338e-05,1.3163292e-07,0.22766271,0.44907022,0.0005934498
ISIC_0030830,3,5,1,0.12210765,0.8752394,1.1968444e-06,1.0334386e-08,0.00030676863,0.0018865006,0.00045847456
ISIC_0025911,3,5,5,3.1972945e-06,0.0008067455,3.5352264e-07,2.4280525e-10,0.0020084768,0.9971757,5.4978677e-06
ISIC_0026254,3,5,5,0.009981758,0.113015845,0.001899267,3.992991e-09,0.30570632,0.5227755,0.046621375
ISIC_0028651,3,5,5,2.417101e-06,0.029005032,2.4427965e-07,3.07027e-10,1.1817792e-07,0.9708563,0.00013589041
ISIC_0029973,3,5,5,3.5692653e-06,0.021296345,1.4130295e-05,9.850501e-09,0.0008837497,0.9776349,0.00016728473
ISIC_0029130,3,5,5,3.8129104e-07,1.3837464e-06,8.6183877e-10,1.3787082e-13,6.0090086e-05,0.9999269,1.1269965e-05
ISIC_0027216,3,5,1,1.0384089e-05,0.7746924,1.9997566e-05,3.961914e-05,5.5412132e-05,0.22517712,4.934919e-06
ISIC_0031023,3,0,0,0.9901354,0.009834617,4.298294e-06,8.7924095e-09,2.5224863e-05,3.9287062e-08,4.0831264e-07
ISIC_0028086,3,0,0,0.9950118,0.004650867,1.3719927e-05,8.288552e-09,0.00031115243,4.3417336e-07,1.2009619e-05
ISIC_0026993,3,0,0,0.999962,3.643573e-05,4.6764995e-07,3.4324e-09,8.632429e-07,2.359476e-07,1.208835e-08
ISIC_0025451,3,0,1,0.138842,0.8511677,0.0016588455,0.0002755417,0.0052409535,0.0020994027,0.0007155264
ISIC_0032248,3,0,0,0.7699673,0.036190215,0.036542453,0.15715395,8.397675e-05,3.522081e-05,2.686221e-05
ISIC_0028445,3,0,0,0.76152194,0.21651983,0.0012752329,3.6743826e-05,0.020549612,6.4224594e-05,3.247125e-05
ISIC_0027076,3,0,1,0.031743355,0.9434215,0.002856022,5.162066e-07,0.021948772,1.5639976e-05,1.4271942e-05
ISIC_0029512,3,0,4,0.20227909,0.24674228,0.00024884523,0.22124839,0.29942074,0.02874047,0.0013202287
ISIC_0027872,3,0,0,0.6257955,0.18947428,9.889874e-05,0.00013295768,0.18366417,0.00063626247,0.00019795987
ISIC_0025303,3,0,1,0.36480728,0.6316078,1.1460086e-05,0.000110920366,0.0034454584,1.3788625e-05,3.3594908e-06
ISIC_0030129,3,0,1,0.40506378,0.593701,3.831762e-06,1.0529364e-05,0.00082336273,0.00038111798,1.6454478e-05
ISIC_0031953,3,0,1,0.013434043,0.98627675,6.259647e-06,8.962434e-10,0.00027806588,5.388056e-07,4.321096e-06
ISIC_0031406,3,0,1,0.19282219,0.80386573,6.251895e-05,1.2500216e-06,0.0032403842,7.12775e-06,8.691612e-07
ISIC_0027277,3,0,0,0.81064594,0.18387644,6.8838286e-05,4.967895e-07,0.003156898,4.6833182e-05,0.0022044345
ISIC_0028642,3,0,0,0.91947585,0.056570716,0.008584259,1.649888e-05,0.0026393577,5.4130593e-05,0.0126591595
ISIC_0032079,3,0,1,0.15109928,0.83468056,0.013573997,0.0001587996,0.00048129904,9.632191e-07,5.146697e-06
ISIC_0026150,3,0,0,0.823826,0.17582548,3.0702572e-06,1.5765313e-08,0.00034030474,1.4950774e-06,3.6352035e-06
ISIC_0031642,3,0,0,0.68221575,0.31778243,2.1625695e-08,1.074644e-09,1.3584846e-06,6.858523e-08,2.8075777e-07
ISIC_0032313,3,0,1,0.31579638,0.44217402,0.013160147,0.0020987848,0.21830587,0.007906036,0.0005587302
ISIC_0027769,3,0,1,0.16231218,0.80774343,0.008889542,8.677361e-05,0.020738948,6.5251064e-05,0.00016389703
ISIC_0025081,3,0,1,0.21784687,0.6296279,0.00061930355,3.799782e-08,5.976474e-06,0.10229683,0.049603045
ISIC_0030134,3,0,1,0.005403122,0.98912346,0.00060304836,3.7659877e-08,0.0023763406,0.00010444969,0.0023895386
ISIC_0025603,3,0,1,0.4169863,0.58271897,7.2537587e-06,9.880145e-09,0.00027940926,5.2792925e-06,2.794471e-06
ISIC_0027651,3,0,1,0.059935976,0.93781555,0.00013578753,1.1487683e-06,0.0017504971,6.5761924e-07,0.0003603573
ISIC_0030014,3,0,0,0.61589515,0.36774963,0.0062760883,7.985948e-09,0.009983184,4.7919007e-06,9.114634e-05
ISIC_0032220,3,0,1,0.102942124,0.8908266,0.0045677624,1.9097756e-06,0.00037445853,5.1584862e-05,0.0012355689
ISIC_0027352,3,0,1,0.21436128,0.7539992,7.0537258e-06,3.965279e-08,0.03127695,0.00035406818,1.4185482e-06
ISIC_0029558,3,0,0,0.76669973,0.2110722,1.6935752e-06,4.722385e-06,0.022183485,2.8766739e-05,9.32205e-06
ISIC_0024400,3,0,4,9.106022e-06,8.1153175e-06,1.8103931e-07,1.968561e-08,0.99998236,5.6795596e-08,8.523099e-08
ISIC_0027387,3,0,1,0.016147505,0.9690312,3.282369e-05,3.5591619e-09,0.014750199,1.8206545e-05,1.9971394e-05
ISIC_0024911,3,0,1,0.14409614,0.8546729,1.05233685e-05,3.663459e-07,0.001172552,3.309181e-05,1.4470672e-05
ISIC_0032182,3,0,2,0.45158076,0.0029556057,0.5383079,3.379728e-05,0.004606719,0.002441358,7.390379e-05
ISIC_0029660,3,0,0,0.7123003,0.28686512,1.1774439e-05,2.4441936e-06,0.00055868283,0.00024997318,1.1761627e-05
ISIC_0024496,3,0,1,0.022065353,0.97528064,2.6603773e-06,3.2177443e-08,0.0021796697,0.0001452927,0.00032633374
ISIC_0029726,3,0,0,0.9740446,9.210626e-05,2.354733e-05,2.6641394e-05,0.025795165,7.926687e-06,1.0086539e-05
ISIC_0031310,3,0,0,0.823125,0.017845307,0.0016830203,6.75052e-05,0.0006868757,0.15658367,8.726586e-06
ISIC_0032408,3,0,0,0.9668605,0.030450348,0.0026650245,2.9630445e-07,1.2887382e-05,9.692607e-06,1.2834558e-06
ISIC_0028969,3,0,4,0.00030585052,0.00022077482,6.122451e-07,1.9274962e-07,0.9994675,7.648549e-09,5.0690514e-06
ISIC_0032441,3,0,4,0.0012909429,0.38277397,0.0003632269,5.168824e-05,0.6154996,6.9469997e-06,1.3686824e-05
ISIC_0025394,3,0,1,0.15780143,0.83759403,5.2894127e-05,5.081307e-06,0.004544029,5.59369e-07,1.8829585e-06
ISIC_0027776,3,0,3,0.14174247,0.030503413,0.007460954,0.6392643,0.18072425,1.48844065e-05,0.00028974036
ISIC_0025835,3,0,1,0.16861275,0.73955095,0.0034935474,1.08986105e-05,0.08346588,0.004841832,2.411884e-05
ISIC_0030828,3,0,1,0.13902919,0.7604297,0.022775358,3.693396e-05,0.07392683,0.0037337665,6.826157e-05
ISIC_0033931,3,0,4,0.15977478,0.019623237,5.3396052e-05,0.0002982236,0.82017356,1.4704439e-05,6.2104475e-05
ISIC_0034141,3,0,1,0.0794538,0.9116009,8.658124e-05,7.497073e-07,0.008823565,2.8230977e-06,3.1541196e-05
ISIC_0033643,3,0,4,0.0016000016,0.2481378,2.7628688e-05,1.6882431e-07,0.75023174,4.0317065e-07,2.1971796e-06
ISIC_0032629,3,0,1,0.004512804,0.6807929,0.00014500527,2.7210376e-07,0.3143209,0.0001597488,6.841122e-05
ISIC_0029909,3,0,4,0.055130213,0.023709005,5.4509073e-06,2.7066038e-05,0.92103994,2.0946763e-05,6.7317575e-05
ISIC_0033432,3,0,1,0.010679224,0.9797834,3.7446088e-07,4.82274e-08,0.009530103,1.595967e-06,5.2439914e-06
ISIC_0032833,3,0,1,0.037570745,0.9612249,5.6565736e-06,6.5314e-07,0.0011775232,1.9965646e-05,5.54564e-07
ISIC_0034236,3,0,1,0.18364146,0.7991402,0.0011882941,1.2724145e-07,0.0016280148,0.014401379,5.3820264e-07
ISIC_0034118,3,0,0,0.64339864,0.35130304,6.433208e-05,1.9569595e-06,0.0052242875,3.5289406e-06,4.2518145e-06
ISIC_0033476,3,0,1,0.41850576,0.5814645,2.1689727e-06,2.0942474e-08,1.6160693e-05,1.1188951e-05,2.0608472e-07
ISIC_0033047,3,0,0,0.98851997,0.011380679,5.123676e-05,1.7701726e-08,1.6659116e-05,3.1423264e-05,1.8318049e-09
ISIC_0025987,3,0,0,0.82147396,0.1784738,2.4966203e-05,9.639115e-08,2.6558544e-05,2.9747392e-07,2.9153884e-07
ISIC_0033946,3,0,0,0.9691237,0.030411169,7.593313e-07,2.791239e-06,0.00042710645,3.4133638e-05,2.0333714e-07
ISIC_0033369,3,0,0,0.78543955,0.15360416,8.9088815e-07,4.3093442e-07,0.060952067,2.503262e-06,4.3041365e-07
ISIC_0032447,3,0,0,0.7945274,0.2053848,3.6891845e-05,2.4554227e-05,2.329329e-05,8.5835217e-07,2.1583194e-06
ISIC_0033655,3,0,0,0.9305994,0.0693689,2.8559865e-05,4.0249725e-07,2.5389174e-06,1.16378e-08,2.3753037e-07
ISIC_0033831,3,0,0,0.9984353,0.0015645825,8.037335e-09,3.3966256e-08,1.498355e-07,8.025136e-10,6.353113e-09
ISIC_0032733,3,0,4,0.20809057,0.0017474781,0.06934859,9.4373645e-06,0.70558196,0.01520233,1.9671988e-05
ISIC_0033183,3,0,4,0.3417297,0.00021810608,0.001082014,7.445742e-08,0.6495394,0.007379168,5.152416e-05
ISIC_0032564,3,0,0,0.9056839,0.0020559928,6.393268e-05,6.010829e-07,0.09178778,0.00016175132,0.0002460889
ISIC_0034222,3,0,1,0.0053219004,0.88649404,0.1076632,0.0005101758,8.977502e-06,7.2403276e-07,9.547855e-07
ISIC_0032569,3,0,1,0.08551942,0.84962857,0.06417624,7.991445e-07,0.00030626578,0.00036622467,2.5649226e-06
ISIC_0034064,3,0,1,0.06606765,0.73413366,0.19964188,0.00012906032,2.0328449e-05,5.970326e-06,1.4279522e-06
ISIC_0033485,3,0,1,0.021903142,0.97800654,2.5061402e-07,4.6883673e-05,4.1772237e-06,3.820822e-05,7.721095e-07
ISIC_0033175,3,0,1,0.10280826,0.89520395,0.0002000923,9.634674e-05,0.0016814967,7.989892e-06,1.8815002e-06
ISIC_0033886,3,0,1,0.08320099,0.9023498,3.3093668e-06,2.307093e-05,0.014417474,3.720666e-06,1.5687177e-06
ISIC_0032892,3,0,0,0.9991827,0.00081667106,2.6628664e-09,3.1928153e-08,5.636721e-07,6.738591e-08,3.3230982e-08
ISIC_0033174,3,0,1,0.3428015,0.48053974,1.1623781e-06,1.3998976e-08,0.17665301,2.101535e-08,4.5440893e-06
ISIC_0033239,3,0,4,0.009714657,0.25856918,0.00033376378,7.122114e-05,0.731295,1.604984e-06,1.46098955e-05
ISIC_0033985,3,0,4,0.29223567,0.31992465,0.00084786414,3.6184952e-07,0.38681257,0.00016488764,1.4041703e-05
ISIC_0032940,3,0,0,0.9998821,2.0115854e-06,8.821688e-08,6.087577e-10,0.00011566522,2.924112e-09,4.420119e-08
ISIC_0032511,3,0,0,0.87718517,0.008020868,1.580659e-06,7.893218e-05,0.114701174,1.0147998e-05,2.1471483e-06
ISIC_0033848,3,0,0,0.9858077,0.014189467,2.7998703e-07,1.997152e-11,9.494277e-09,2.498527e-06,2.7271434e-09
ISIC_0032622,3,0,0,0.96180093,0.03819856,1.3556186e-07,5.2456733e-10,1.4965703e-07,2.514778e-07,6.8101316e-09
ISIC_0034246,3,0,0,0.79713976,0.20285074,2.1049561e-07,1.32414515e-08,7.4816985e-06,6.165654e-07,1.1896772e-06
ISIC_0032915,3,0,3,0.37442726,7.5064425e-05,0.0057150624,0.5832135,0.009713802,0.026732465,0.00012279069
ISIC_0033883,3,0,0,0.91314423,0.085344814,1.0854775e-07,6.5088436e-08,0.0015060285,4.018553e-06,8.7284917e-07
ISIC_0034145,3,0,0,0.9811042,0.008440407,2.833892e-09,2.102509e-08,0.010443335,1.1439386e-05,6.935948e-07
ISIC_0032981,3,0,0,0.7141309,0.28576362,1.0150095e-07,1.079097e-06,8.4069e-05,1.9127305e-05,1.1186506e-06
ISIC_0024482,3,0,0,0.9880646,0.00084604055,2.4134256e-06,0.009775752,0.0012970977,1.23245145e-05,1.8296812e-06
ISIC_0032806,3,0,1,0.083179936,0.9166337,2.0648208e-08,8.874133e-08,0.00015914805,2.657058e-05,5.2853926e-07
ISIC_0033624,3,0,4,0.027372712,0.005617976,5.4021684e-06,1.5489097e-05,0.96697646,1.2235259e-07,1.1862135e-05
ISIC_0033238,3,0,0,0.42909127,0.3365261,1.0404328e-06,2.3415274e-07,0.23437825,1.6833974e-07,2.9583275e-06
ISIC_0034089,3,0,0,0.8381338,0.030259926,1.8918607e-05,2.257851e-05,0.13154045,3.2888047e-07,2.4006109e-05
ISIC_0032797,3,0,0,0.95154893,0.04546284,0.002781697,0.00012844228,7.161858e-05,2.4118333e-07,6.2364825e-06
ISIC_0032596,3,0,0,0.9259577,0.07372668,0.00012512771,4.990935e-06,0.00018137539,3.1095263e-07,3.858476e-06
ISIC_0032856,3,0,0,0.9103584,0.08933587,5.079252e-06,8.44832e-05,0.00021377494,8.342263e-08,2.2984236e-06
ISIC_0033193,3,0,0,0.9604584,0.038867705,1.5298607e-06,9.405291e-06,0.0006624714,3.997381e-09,4.806608e-07
ISIC_0033125,3,0,0,0.9760259,0.023645254,0.00016947697,1.6891521e-06,0.00014907762,8.2059e-06,4.0386834e-07
ISIC_0032810,3,0,0,0.7992406,0.19987242,0.00025538,7.510012e-06,0.0006215698,1.8965902e-07,2.3633906e-06
ISIC_0033469,3,0,0,0.97329485,0.011697324,6.315471e-05,6.2684005e-05,0.014815348,4.10125e-05,2.5633617e-05
ISIC_0033663,3,0,0,0.9813406,0.018530075,7.892073e-07,4.1236925e-09,1.4022085e-07,0.00012806489,3.2845386e-07
ISIC_0034284,3,0,0,0.9955538,0.004384417,5.3609455e-08,3.0302597e-10,6.285996e-10,6.143626e-05,2.9566922e-07
ISIC_0032517,3,0,0,0.8882016,0.11172672,3.234407e-06,7.1391824e-08,4.2388442e-07,6.787938e-05,6.462274e-08
ISIC_0033754,3,0,0,0.9891039,0.010891578,1.020858e-09,5.7083185e-13,1.617512e-06,2.7942463e-06,7.136562e-08
ISIC_0032938,3,0,0,0.75177395,0.24627626,3.3739056e-05,9.91039e-07,0.0018828528,2.2159637e-05,1.010614e-05
ISIC_0032610,3,0,1,0.013661196,0.9861247,8.981841e-06,3.0898228e-08,7.0327396e-06,0.00015114836,4.6898618e-05
ISIC_0032958,3,0,0,0.99836224,0.0008402158,5.5591412e-05,8.445199e-06,0.0007073001,5.246133e-08,2.6151867e-05
ISIC_0033538,3,0,0,0.97430307,0.022680338,0.00013116853,4.148384e-05,0.0027821253,3.2297993e-07,6.154359e-05
ISIC_0027402,3,0,1,0.09702636,0.89883864,0.0002047857,1.47431365e-05,0.0027925903,0.0010287516,9.417058e-05
ISIC_0030391,3,0,1,0.20848016,0.79094166,0.00015410924,1.8449906e-07,6.061535e-05,0.00036134227,1.9232848e-06
ISIC_0032845,3,0,1,0.078155026,0.9218419,1.31049305e-08,2.1132027e-07,3.9678532e-08,6.432594e-07,2.1927185e-06
ISIC_0032968,3,0,0,0.39093116,0.00051280664,0.2561242,0.16633591,0.18586636,2.4822157e-05,0.00020474615
ISIC_0029265,3,0,0,0.63365257,0.0006882775,0.13509591,0.061241347,0.1692642,7.7296045e-07,5.6901637e-05
ISIC_0034239,3,0,0,0.7142145,0.28558776,9.223415e-06,9.517963e-09,0.00015938305,1.9953924e-05,9.18633e-06
ISIC_0034287,3,0,0,0.99566114,0.0043362197,4.8959725e-09,8.437847e-11,2.647122e-06,3.5076406e-10,5.838437e-09
ISIC_0033166,3,0,1,0.2621437,0.73664373,1.3958578e-05,5.855901e-06,0.0011178909,6.126228e-05,1.35885475e-05
ISIC_0033320,3,0,1,0.045570128,0.9352474,9.400799e-05,1.9259983e-06,0.018915223,6.8706286e-05,0.000102556296
ISIC_0032526,3,0,1,0.18928619,0.7868618,0.006316765,1.7991533e-06,0.015405521,0.0019357183,0.00019220635
ISIC_0032624,3,0,1,0.20601574,0.79350317,0.00044454826,2.8404347e-07,2.0436517e-05,1.04295715e-07,1.5705988e-05
ISIC_0033977,3,0,0,0.8135052,0.1850404,0.0014072747,6.5603723e-07,5.7812336e-08,4.7931237e-09,4.6409292e-05
ISIC_0034002,3,0,1,0.01269524,0.9868492,0.00043389434,1.8432424e-08,6.094245e-06,5.1380318e-09,1.560565e-05
ISIC_0033387,3,0,1,0.14097807,0.74598545,0.0028754647,2.6048092e-05,0.108078085,0.0018813713,0.00017550078
ISIC_0025592,3,0,1,0.012745723,0.97934663,2.5057393e-06,1.4895815e-06,0.0078869555,1.2790045e-05,3.9420265e-06
ISIC_0032552,3,0,1,0.15037048,0.4698934,0.00016052384,4.3307346e-06,0.37872836,5.4870457e-06,0.00083741907
ISIC_0033279,3,0,1,0.13743353,0.86214125,2.4148503e-05,3.3262928e-09,0.00037798454,1.7836155e-05,5.242861e-06
ISIC_0032887,3,0,1,0.20956764,0.7878639,4.007163e-05,3.079475e-09,0.0025073146,1.6099413e-07,2.084891e-05
ISIC_0033611,3,0,1,0.15579101,0.770662,4.4377626e-05,2.70461e-07,0.07345363,4.3319575e-05,5.3892013e-06
ISIC_0033586,3,0,1,0.0025604493,0.98574686,1.1306744e-06,1.5615862e-07,0.011690801,2.5415915e-07,3.5195575e-07
ISIC_0033226,3,0,1,0.12369305,0.876112,1.5550945e-07,1.9928237e-08,0.00019475512,1.1565864e-08,3.8688615e-08
ISIC_0033198,3,0,4,0.017431209,0.35252163,1.353756e-06,0.0002739449,0.62765604,0.0021102251,5.6406775e-06
ISIC_0032790,3,0,1,0.3097744,0.49725986,1.262384e-07,3.4157105e-07,0.19123027,0.0017292593,5.753722e-06
ISIC_0033245,3,0,1,0.41669282,0.5197485,7.1638453e-07,2.4991896e-06,0.058753412,0.004790798,1.125021e-05
ISIC_0032509,3,0,1,0.0001454602,0.9998342,3.5336147e-06,2.1237831e-07,1.4909287e-05,4.2531956e-09,1.7537657e-06
ISIC_0034068,3,0,1,0.0005700318,0.9994108,1.4603391e-05,7.332889e-07,2.869694e-06,7.9435764e-10,8.8414043e-07
ISIC_0034107,3,0,1,0.18692681,0.7957591,3.819023e-05,3.4336644e-08,0.000112773814,0.017160116,2.9857804e-06
ISIC_0033368,3,0,0,0.77791905,0.22207837,5.0063854e-08,1.2101438e-10,1.1789937e-06,1.2897929e-06,5.5174944e-08
ISIC_0032687,3,0,0,0.7585982,0.23199208,2.0363155e-05,2.9652242e-07,7.814995e-05,0.009305981,4.9253103e-06
ISIC_0033055,3,0,1,0.4945748,0.5037214,4.139094e-05,6.635818e-07,6.2134285e-07,0.0016452803,1.5809203e-05
ISIC_0032672,3,0,0,0.9086221,0.09085508,1.171791e-05,2.8160974e-05,0.00047234455,6.793705e-06,3.8468957e-06
ISIC_0034076,3,0,0,0.78948444,0.21020469,6.0437724e-05,6.8447116e-05,0.00017468838,2.348944e-06,4.9104347e-06
ISIC_0033607,3,0,1,0.16076033,0.83879983,0.00032024796,2.9748478e-06,9.596976e-05,1.812699e-05,2.4115166e-06
ISIC_0033568,3,0,1,0.19765238,0.7999325,0.0007065053,3.207498e-07,0.0015211221,0.00018683258,3.5700356e-07
ISIC_0034062,3,0,1,0.06571202,0.8109021,2.6128942e-05,0.0041357814,0.118634105,4.3610467e-05,0.0005462141
ISIC_0034170,3,0,1,0.13354245,0.81792146,8.159399e-06,0.025500681,0.02150714,5.7375983e-06,0.0015144283
ISIC_0033061,3,0,0,0.9214206,0.037539437,6.527834e-06,2.0894939e-07,0.00150896,1.9991228e-05,0.03950425
ISIC_0033967,3,0,0,0.6569001,0.033723466,8.208674e-05,4.640854e-06,0.24977303,0.0017737536,0.057742942
ISIC_0033051,3,0,4,0.19357929,0.1505175,2.559425e-06,4.2781654e-08,0.6443013,0.0011313024,0.010467953
ISIC_0033050,3,0,1,0.078278445,0.6678951,2.067145e-06,9.030717e-07,0.25364873,0.00015102648,2.375425e-05
ISIC_0033526,3,0,4,0.0030387542,0.24822953,1.5757811e-06,1.3643917e-05,0.7486168,9.308736e-05,6.5723207e-06
ISIC_0027149,3,0,0,0.9030038,0.08576923,4.8766736e-07,1.0264231e-05,0.011210078,3.9991273e-06,2.0868974e-06
ISIC_0033668,3,0,0,0.9234974,0.05902471,1.2118896e-06,0.011214379,0.0059758276,1.0238633e-05,0.00027629067
ISIC_0032690,3,0,4,0.00047869273,0.28072128,1.6265852e-06,7.40112e-05,0.71872246,1.3040362e-07,1.8079056e-06
ISIC_0032918,3,0,0,0.49032885,0.4110586,5.598346e-05,0.0021167996,0.094045326,0.00028584054,0.0021085902
ISIC_0033498,3,0,1,0.16401735,0.64135695,0.0008233652,0.055012316,0.044231042,2.9779427e-05,0.09452915
ISIC_0031784,3,0,1,0.018539956,0.76685727,0.040490422,8.489944e-05,0.15948302,0.0018347728,0.012709618
ISIC_0034173,3,0,1,0.20625615,0.56857926,0.0019632499,0.00024007184,0.2224677,7.841697e-05,0.0004151619
ISIC_0033454,3,0,0,0.9510412,0.04176386,0.0004968558,5.944326e-08,0.0066229277,3.329797e-05,4.1716703e-05
ISIC_0028225,3,0,1,0.22931099,0.763471,0.0005117067,0.00041049975,0.0062767207,6.7180517e-06,1.2348866e-05
ISIC_0034317,3,0,1,0.32685062,0.67312986,7.144625e-08,2.912453e-06,3.9061834e-07,2.568161e-06,1.361484e-05
ISIC_0033662,3,0,1,0.43423167,0.56576437,7.076955e-09,9.4879034e-08,3.0023621e-09,1.4495707e-07,3.7023449e-06
ISIC_0033037,3,0,1,0.14833513,0.84933853,0.00030083605,1.8048124e-05,0.001990907,3.374278e-06,1.3162333e-05
ISIC_0033773,3,0,1,0.38446838,0.61451614,0.00010974453,1.1108038e-05,0.00088147837,7.104526e-07,1.2445957e-05
ISIC_0032152,3,0,1,0.18086684,0.78560096,0.0039376253,0.0011130668,0.028467,9.256073e-07,1.3600475e-05
ISIC_0033730,3,0,0,0.99701357,0.0029640642,1.0201337e-06,1.8131934e-07,2.0882831e-05,2.1081462e-07,4.7453476e-08
ISIC_0032975,3,0,0,0.9989418,0.0008870107,1.2628126e-07,1.9645054e-07,0.00017087412,4.1426693e-09,4.306366e-08
ISIC_0026081,3,0,0,0.89399767,0.102314256,0.00080742844,8.757359e-09,0.001991922,0.0008837677,4.850788e-06
ISIC_0033925,3,0,4,0.0048431307,0.001583765,1.509777e-05,3.3006675e-08,0.9927697,2.7452876e-07,0.0007879925
ISIC_0033431,3,0,6,0.018117214,0.30172762,0.00019857597,3.5748537e-06,0.04193145,0.04393672,0.59408486
ISIC_0033089,3,0,0,0.6926447,0.2911187,4.8775462e-05,3.508568e-05,0.016138997,9.96419e-07,1.2729686e-05
ISIC_0033562,3,0,0,0.605268,0.3704881,1.36830495e-05,0.0006501053,0.023564378,1.5982135e-06,1.4199859e-05
ISIC_0033023,3,0,0,0.99986535,0.00013449133,9.372766e-10,6.9294978e-12,1.8016826e-07,8.388383e-12,2.1618534e-09
ISIC_0033258,3,0,0,0.9957371,0.0042620986,2.7823053e-09,5.7839195e-10,8.184752e-07,1.3635164e-10,4.849897e-08
ISIC_0028148,3,0,0,0.6874604,0.3123635,6.1583096e-06,3.5247383e-09,0.00016523265,1.3968312e-06,3.2895696e-06
ISIC_0027069,3,0,0,0.9556565,0.034516253,0.00092966866,0.0077628894,0.0011336379,1.12774615e-07,9.3500466e-07
ISIC_0026089,3,0,1,0.23765533,0.7488967,0.005599812,6.876491e-07,0.007218947,0.00046876646,0.00015971923
ISIC_0024930,3,0,1,0.20115764,0.774281,0.021668572,7.430884e-07,0.0015158008,0.001340268,3.6021684e-05
ISIC_0024449,3,0,0,0.7151395,0.28476596,4.893678e-07,5.246945e-07,4.8897862e-05,1.9965117e-05,2.4629688e-05
ISIC_0025512,3,0,1,0.013769152,0.9839281,0.00034673448,2.118925e-06,0.00031717087,0.0014065612,0.00023020836
ISIC_0024999,3,0,1,0.0076258965,0.99193174,0.00028361898,6.911622e-07,4.6950765e-05,6.107459e-05,5.005007e-05
ISIC_0026438,3,0,1,0.05510397,0.9448921,1.6874662e-06,6.5118184e-07,7.678858e-07,1.3140615e-07,7.164757e-07
ISIC_0028126,3,0,1,0.019776016,0.98021984,3.3645022e-06,1.2104971e-07,7.852508e-08,5.479103e-08,5.3683686e-07
ISIC_0025085,3,0,1,0.2203855,0.7479068,0.0076423907,4.1484098e-05,0.021423917,1.1612724e-06,0.002598752
ISIC_0031034,3,0,1,0.28448057,0.6272944,0.027308505,0.00017595939,0.047801215,0.012009613,0.00092976604
ISIC_0025097,3,0,4,0.27084348,0.20802262,0.008074238,0.0034603577,0.4697422,0.021670694,0.018186448
ISIC_0031666,3,0,4,0.23620565,0.23404583,0.0012753613,0.00045436955,0.5160257,0.0009949063,0.010998191
ISIC_0029819,3,0,1,0.0196955,0.9793364,1.0798732e-05,8.501743e-07,0.0006645711,8.113185e-05,0.00021078547
ISIC_0030756,3,0,0,0.728365,0.26104918,1.4060424e-05,4.7587884e-07,0.010495858,6.464952e-05,1.0777383e-05
ISIC_0030970,3,0,0,0.8606022,0.046231575,0.0071998723,0.0070723677,0.007490424,0.071348086,5.54131e-05
ISIC_0029316,3,0,0,0.73445165,0.26554653,5.1728243e-08,1.9259053e-11,4.6628294e-08,9.340356e-09,1.6702581e-06
ISIC_0026989,3,0,1,0.0013623844,0.9986328,7.980407e-07,7.8074436e-08,1.5914371e-06,3.0827118e-07,2.068298e-06
ISIC_0029859,3,0,1,0.20734349,0.79255193,2.5984356e-05,3.3529183e-08,7.1666276e-05,5.1178004e-06,1.7369141e-06
ISIC_0028548,3,0,1,0.31300694,0.47883573,0.0006940546,0.0015673712,0.20581026,2.7465552e-05,5.814946e-05
ISIC_0030512,3,0,1,0.19745271,0.80184805,7.6640354e-05,2.2858615e-06,0.00015929078,0.00045405398,7.0460433e-06
ISIC_0029591,3,0,0,0.89166963,0.09564049,1.4101532e-05,0.000971998,0.011684852,2.9874815e-07,1.8684757e-05
ISIC_0027065,3,0,0,0.87193424,0.124106646,2.4882514e-05,5.7133388e-05,0.0038734146,9.96203e-07,2.6634555e-06
ISIC_0028537,3,0,1,0.022634203,0.9714713,4.4098655e-05,0.004419445,0.00011638329,0.0007409387,0.0005736443
ISIC_0029698,3,0,0,0.4383234,0.12731099,0.23723976,0.19420506,0.0021761772,0.00019524028,0.00054934615
ISIC_0025748,3,0,0,0.92825633,0.07114555,4.716195e-05,0.0005486774,1.6377071e-06,1.7964823e-07,4.1773427e-07
ISIC_0028051,3,0,1,0.064071044,0.75012195,0.002120825,0.0010363528,0.18105139,0.0013444539,0.00025396177
ISIC_0026094,3,0,1,0.00077984063,0.9991806,6.9111394e-07,2.0955527e-05,1.5848176e-05,5.049256e-07,1.502045e-06
ISIC_0024525,3,0,1,0.0414327,0.619181,0.00080987,0.0067906133,0.33163404,8.166725e-05,7.013183e-05
ISIC_0025248,3,0,0,0.55187494,0.43911132,9.12012e-09,2.1568745e-08,0.009005034,7.962703e-06,7.3361605e-07
ISIC_0032425,3,0,1,0.35995263,0.6239403,0.000114195995,1.9505702e-05,0.01567791,0.00028970523,5.784511e-06
ISIC_0027442,3,0,3,0.31626168,0.052669693,0.10527054,0.5117846,0.0012458812,0.012656035,0.00011159051
ISIC_0024940,3,0,0,0.99428225,4.6532048e-05,9.467114e-05,3.273994e-07,0.004701011,0.00087490317,3.211854e-07
ISIC_0024351,3,0,1,0.20429571,0.789683,0.0005359092,1.0263313e-06,0.0052923784,0.00019161946,3.273813e-07
ISIC_0030110,3,0,1,0.41740865,0.5524917,2.4063152e-06,9.374002e-06,0.030056413,7.457843e-06,2.3923461e-05
ISIC_0028847,3,0,1,0.0083523,0.9911188,7.2189987e-06,7.5044554e-06,0.0005009245,1.2455309e-05,8.188599e-07
ISIC_0024961,3,0,1,0.11778881,0.5984866,0.00075876433,0.00020731536,0.27063456,0.012108667,1.5297263e-05
ISIC_0029318,3,0,0,0.91197217,0.06576368,0.0006966262,0.015576385,0.005915028,1.4375598e-06,7.470993e-05
ISIC_0032070,3,0,0,0.7628291,0.0205218,0.019468727,0.16096327,0.03542266,4.6536865e-05,0.000747954
ISIC_0025413,3,0,0,0.997635,0.002250771,2.7367446e-06,1.2332622e-06,0.000110176195,1.2800164e-07,9.609064e-09
ISIC_0028685,3,0,0,0.51746565,0.39374483,0.0014730418,0.020448845,0.064877376,2.7022404e-06,0.0019876012
ISIC_0031670,3,0,4,0.22828658,0.005033237,1.182246e-06,6.899189e-06,0.76666677,3.3239708e-06,1.9783856e-06
ISIC_0031339,3,0,0,0.9908926,0.0024599626,5.0608905e-05,0.0061377985,0.0004441749,7.380814e-06,7.3906376e-06
ISIC_0032476,3,0,0,0.6486341,0.0044933367,4.0574914e-06,0.3422243,0.004484522,0.00010501254,5.464244e-05
ISIC_0030423,3,0,0,0.96436995,0.034640074,4.723364e-06,1.2484062e-05,0.00097193767,6.7159945e-08,7.932226e-07
ISIC_0029353,3,0,0,0.8096058,0.016016679,0.0022536365,0.17105639,0.00045043376,0.00034112885,0.00027595996
ISIC_0030653,3,0,1,0.030109977,0.81332123,0.07418826,4.905085e-05,0.07051142,0.0001534255,0.011666672
ISIC_0029885,3,0,5,0.026350027,0.3618518,0.13014883,0.00043257978,9.513074e-06,0.4782659,0.0029413668
ISIC_0031550,3,0,1,0.40867597,0.5480069,0.000116858246,3.973796e-06,0.04295643,0.0001694067,7.046397e-05
ISIC_0027089,3,0,1,0.35964626,0.6403532,8.849579e-08,2.3619192e-08,3.8235498e-07,5.1981182e-08,6.8855144e-09
ISIC_0026239,3,0,0,0.76760215,0.23239717,5.8180115e-07,4.4119046e-09,1.17418324e-07,6.533836e-09,2.0694099e-08
ISIC_0024805,3,0,0,0.54163134,0.33655098,0.1088954,7.689499e-05,3.6294943e-05,0.012806565,2.4481901e-06
ISIC_0030032,3,0,0,0.47981945,0.3897975,0.026193198,0.0019660476,0.0010600891,0.1010751,8.8602435e-05
ISIC_0026131,3,0,1,0.4643434,0.5276056,9.4857634e-05,4.3581376e-06,0.007947817,3.3970966e-06,6.0602025e-07
ISIC_0025663,3,0,1,0.2585014,0.684421,6.116079e-05,0.0034682255,0.053532917,9.132545e-06,6.1308624e-06
ISIC_0031561,3,0,0,0.6816323,0.31789595,2.1194141e-06,0.000121154495,0.00034668896,4.629916e-07,1.3853548e-06
ISIC_0025766,3,0,0,0.52302885,0.47338605,0.0021712137,1.0125407e-06,0.001269347,0.00013728572,6.2590016e-06
ISIC_0027560,3,0,1,0.3310853,0.65351474,0.00012573844,0.012859732,0.0022958543,1.1031081e-05,0.00010764275
ISIC_0032149,3,0,0,0.8371175,0.15982898,2.7565291e-05,3.0447476e-05,0.0029929164,2.1485127e-07,2.4161995e-06
ISIC_0024733,3,0,0,0.8751758,0.07306581,0.0078121116,0.0054131513,0.038516108,9.258325e-07,1.6140235e-05
ISIC_0031931,3,0,0,0.65578556,0.0017891321,1.9953964e-06,0.031641547,0.3106521,9.267393e-05,3.6978025e-05
ISIC_0031821,3,0,1,0.19559081,0.799933,0.0012156366,1.3288516e-05,0.0015397432,0.0003819576,0.0013255624
ISIC_0028026,3,0,0,0.9855257,0.008906393,1.8881623e-07,2.1397929e-07,0.005567209,1.4055831e-10,2.7403945e-07
ISIC_0027904,3,0,0,0.6906923,0.17374115,2.6461541e-05,0.007646419,0.12784675,1.2100348e-06,4.5650908e-05
ISIC_0026735,3,0,0,0.9921292,0.0003467257,1.5839369e-05,0.00014635762,0.007357925,2.8693116e-06,1.0008681e-06
ISIC_0028352,3,0,4,0.2692023,0.12744048,0.0039934507,0.011218081,0.58645284,0.0011673793,0.00052553636
ISIC_0031498,3,0,1,0.36010098,0.63989556,1.037436e-07,4.2280232e-10,6.824412e-08,3.0567928e-06,1.9983392e-07
ISIC_0030925,3,0,4,0.24605384,0.3456495,1.550203e-05,0.0062043048,0.40178466,3.9287183e-06,0.00028822763
ISIC_0024864,3,0,1,0.21549341,0.78411156,5.075088e-06,4.176614e-08,0.0003077462,8.165881e-05,5.158528e-07
ISIC_0031377,3,0,1,0.049735047,0.95009404,1.1244371e-06,4.1102984e-07,0.00014444292,2.1515503e-05,3.449417e-06
ISIC_0027126,3,0,0,0.70708525,0.16367456,0.007969579,0.0002774044,0.11930007,0.001567102,0.00012599438
ISIC_0030604,3,0,1,0.41701517,0.52682674,2.4302078e-06,4.53803e-05,0.056098007,2.9452954e-06,9.4233465e-06
ISIC_0024958,3,0,1,0.15688777,0.6545323,5.899379e-06,0.0014940314,0.18705559,1.5200906e-05,9.2502605e-06
ISIC_0030951,3,0,0,0.7650712,0.06340908,0.00012821188,1.3299298e-06,0.1711652,0.0002236675,1.3415884e-06
ISIC_0027067,3,0,0,0.71091586,0.21481366,0.0037448064,0.0021014947,0.068227865,0.0001684706,2.7899432e-05
ISIC_0026258,3,0,1,0.19618276,0.63595617,0.00017476626,3.3255463e-05,0.16682658,0.000735037,9.144304e-05
ISIC_0025235,3,0,1,0.2542831,0.7108045,9.51111e-06,3.0391694e-09,0.03486541,1.6928554e-05,2.0584144e-05
ISIC_0028915,3,0,0,0.6671948,0.12959936,0.19275953,0.00012810857,0.01006081,2.1334472e-05,0.00023602352
ISIC_0029652,3,0,0,0.842281,0.07422347,0.03444617,0.048578598,7.445489e-05,8.903204e-05,0.000307268
ISIC_0031295,3,0,0,0.7893671,0.050326955,0.15990804,0.00013542979,0.00023420672,2.4157396e-05,4.0814202e-06
ISIC_0025616,3,0,4,0.08705355,0.11818447,2.5325053e-05,4.990681e-06,0.79471475,7.144633e-06,9.772736e-06
ISIC_0025611,3,0,0,0.50897694,0.49096984,2.0727308e-05,1.04582705e-05,1.593841e-05,1.112159e-06,4.988879e-06
ISIC_0028714,3,6,6,0.009683288,0.009051586,0.0010206343,4.2520012e-05,7.92091e-06,0.00023357889,0.97996044
ISIC_0030956,3,6,6,0.0004941636,0.00018914168,2.9682838e-07,9.034472e-10,8.32464e-06,1.518802e-05,0.99929285
ISIC_0029889,3,6,6,1.0418628e-05,3.4728612e-07,1.425813e-06,9.179851e-08,1.214399e-08,2.8724234e-09,0.9999877
ISIC_0027385,3,6,6,0.00022014498,0.039336883,0.001717441,3.0606375e-09,3.4614158e-07,1.2382241e-05,0.9587129
ISIC_0030882,3,6,6,3.355799e-06,0.0011983815,4.5695495e-05,9.616996e-10,1.5415006e-07,1.33535505e-05,0.9987391
ISIC_0032745,3,6,4,0.023300502,0.00823839,0.00014103828,1.9995732e-06,0.8428384,0.027615055,0.09786458
ISIC_0032557,3,6,4,0.045064203,0.00096174347,9.68137e-05,8.35902e-06,0.85501826,0.0017844206,0.09706621
ISIC_0033092,3,6,6,0.0029261538,0.009018102,0.0004957583,2.2501763e-05,0.29528308,0.004172548,0.68808186
ISIC_0032614,3,6,6,1.8030947e-08,3.505032e-09,4.910906e-10,6.642983e-13,4.5006948e-10,5.1736206e-09,1.0
ISIC_0033349,3,6,6,7.5124165e-09,5.3570983e-09,8.2796603e-10,2.451903e-13,5.2264226e-12,4.869228e-09,1.0
ISIC_0032919,3,6,6,1.5878069e-08,3.8227385e-10,2.3148364e-10,3.2690049e-12,1.239569e-11,1.8989224e-09,1.0
ISIC_0032866,3,6,6,3.4537149e-09,1.1451136e-05,3.3414524e-10,3.8059318e-14,5.1360277e-11,1.7715261e-10,0.99998856
ISIC_0033230,3,6,2,0.0006085179,0.00055903103,0.7882315,3.717484e-05,2.789142e-06,0.051833738,0.15872721
ISIC_0033762,3,6,6,0.27812514,0.005702715,0.18268135,0.008381352,0.00029239486,0.0025624328,0.5222546
ISIC_0034214,3,6,2,0.009481256,0.004740679,0.5596035,0.00027027205,9.900365e-06,0.0060103815,0.41988397
ISIC_0031090,3,6,1,0.23765877,0.73954517,0.00080691726,1.5596523e-09,5.1144794e-05,3.9214006e-05,0.021898905
ISIC_0031950,3,6,1,0.28935635,0.4711267,0.0012486398,6.408502e-08,1.9537541e-05,0.0078385305,0.23041019
ISIC_0026876,3,6,6,6.130964e-05,2.2239776e-05,8.798261e-07,3.6852466e-10,1.1622498e-08,1.8937344e-06,0.9999136
ISIC_0030606,3,6,6,2.738052e-06,2.7183298e-06,4.021646e-07,4.279496e-11,1.6403864e-11,1.9448524e-07,0.9999939
ISIC_0032715,3,6,6,1.4254204e-06,1.220465e-05,9.606599e-05,3.0676051e-06,3.5777242e-07,7.284465e-07,0.99988616
ISIC_0033991,3,6,6,3.7396152e-08,1.358722e-05,0.000381348,2.6152383e-08,5.4712324e-08,6.2898074e-08,0.9996049
ISIC_0025197,3,6,6,7.94753e-05,0.0036329976,1.2599021e-05,5.7342968e-05,5.2327825e-05,8.3352475e-05,0.99608195
ISIC_0029877,3,6,6,9.649664e-05,0.10349965,2.0268915e-05,3.1550975e-09,0.00019162423,3.5060006e-05,0.89615697
ISIC_0027856,3,6,6,1.14899085e-05,0.014869705,0.0057083676,5.6816384e-06,0.2319669,3.8085265e-05,0.7473997
ISIC_0026490,3,6,6,1.08742256e-07,0.00033477385,1.15485e-07,1.0360564e-10,4.4193957e-06,3.5601474e-08,0.9996605
ISIC_0024370,3,6,6,5.05059e-06,0.008301492,0.00028988178,1.8016796e-07,0.01144052,0.00029518706,0.97966766
ISIC_0025250,3,6,6,2.9335371e-05,3.7065132e-05,2.1336334e-06,1.7737966e-08,1.7785307e-05,7.4865326e-08,0.9999136
ISIC_0026713,3,6,6,0.0012896188,0.19207057,0.35886604,3.0497285e-10,6.786404e-07,2.1930812e-06,0.44777098
ISIC_0028885,3,6,6,3.1309064e-08,4.5813586e-06,4.000512e-06,1.2327879e-08,6.310396e-05,2.8708706e-05,0.9998997
ISIC_0027665,3,6,6,0.0049025584,0.004895457,0.029035276,2.0077627e-08,0.0023071226,0.047176108,0.91168344
ISIC_0027269,3,6,6,6.9145217e-06,0.0036733844,6.675069e-08,2.802175e-09,0.0009226751,1.9204756e-09,0.9953969
ISIC_0034093,3,2,2,0.020755138,0.06699109,0.9011728,0.010861004,0.00016124503,6.5177665e-06,5.2237483e-05
ISIC_0030446,3,2,2,0.078227416,0.0040190313,0.85350657,0.055410754,0.0020774496,0.00020794524,0.006550804
ISIC_0031527,3,2,2,0.025996879,0.013846993,0.92520845,0.024025433,0.00042239195,0.0006362513,0.009863632
ISIC_0030893,3,2,2,0.010264242,0.0001254824,0.98930055,1.0203219e-05,3.6198926e-06,6.017131e-06,0.00028990806
ISIC_0028994,3,2,4,0.0014093278,7.7848235e-06,0.008999686,0.4105123,0.57752687,0.0015001959,4.3814347e-05
ISIC_0032696,3,2,2,3.0376913e-08,5.5894547e-09,0.9999906,4.6729696e-08,1.3695192e-06,7.2177e-06,7.707763e-07
ISIC_0029466,3,2,2,0.028487528,5.2593135e-05,0.9710182,4.0777224e-05,7.955693e-06,0.00034073618,5.2178722e-05
ISIC_0027057,3,2,2,0.15082756,6.465273e-06,0.80065167,0.0012615706,1.7050058e-06,0.046828452,0.00042248395
ISIC_0030271,3,2,2,0.0045710374,7.447831e-06,0.49696726,0.094579205,0.28223047,0.12127344,0.0003711827
ISIC_0026643,3,2,4,0.025340762,0.0016969778,0.010316316,0.002532777,0.76994663,0.1540919,0.03607465
ISIC_0031140,3,2,2,0.000255891,0.00013855018,0.9995731,4.664213e-06,7.598758e-06,3.7982707e-06,1.637624e-05
ISIC_0028457,3,2,2,0.086079605,0.0074286824,0.84460676,9.4362906e-05,3.557618e-05,0.05969646,0.0020585817
ISIC_0027545,3,2,2,0.058970887,0.33794636,0.43287912,0.0002602717,0.15758136,0.003585811,0.008776131
ISIC_0027609,3,2,2,0.0067028357,0.24932547,0.69954336,0.001518636,0.02760959,9.9298755e-05,0.015200865
ISIC_0027365,3,2,2,0.0012199042,0.0001087323,0.9324331,0.00023771383,0.06599944,5.2338873e-08,1.0335528e-06
ISIC_0026343,3,2,2,0.0029128932,0.23332071,0.43666506,0.0009437033,0.32491502,0.0003522303,0.00089036196
ISIC_0029341,3,2,2,0.07403618,0.14489391,0.47048193,0.0008011665,0.1410531,0.0059386482,0.16279505
ISIC_0031442,3,2,2,0.1249761,0.0024430354,0.7878211,2.1552491e-06,0.07944296,0.0042406446,0.0010740039
ISIC_0026766,3,2,2,0.0021178622,0.008378001,0.85650504,2.6966025e-06,0.13210921,0.0008766368,1.0595389e-05
ISIC_0027851,3,2,1,0.14212012,0.49994403,0.34686464,5.3003305e-07,0.007225957,0.0038383317,6.407594e-06
ISIC_0028858,3,2,1,0.016090704,0.5695573,0.3931062,2.8006184e-06,0.020784039,0.00037755532,8.139784e-05
ISIC_0030010,3,2,2,0.00019896889,0.14820361,0.8507031,8.502754e-07,0.00025403817,0.0002037726,0.00043557346
ISIC_0026831,3,2,2,8.758602e-06,0.0017251339,0.9940694,6.762102e-07,0.00029613788,8.589117e-06,0.0038913246
ISIC_0032482,3,2,2,0.0069206296,0.001404439,0.6530727,2.5275885e-05,0.0007947241,5.979876e-05,0.33772236
ISIC_0033354,3,2,2,3.7814032e-06,8.5004503e-10,0.9999954,1.3432505e-09,4.1291383e-07,3.4523626e-07,1.0457264e-09
ISIC_0032857,3,2,2,8.247319e-06,1.4966965e-05,0.99997675,1.2318035e-08,2.49823e-09,4.732479e-09,4.8642255e-09
ISIC_0032906,3,2,2,1.6794195e-07,8.9258526e-07,0.9999989,9.2589386e-10,2.3673263e-09,1.7875203e-10,1.6814955e-08
ISIC_0033579,3,2,2,0.043936454,0.062235832,0.89382523,6.4817414e-09,8.373445e-07,1.2596958e-08,1.6160668e-06
ISIC_0034095,3,2,2,0.0067812167,0.0011143476,0.99210405,9.154216e-08,6.008881e-09,5.377243e-10,2.5310615e-07
ISIC_0034143,3,2,2,0.0009878727,0.00015900255,0.9988529,2.603103e-09,5.4264987e-10,1.2312737e-10,1.9804138e-07
ISIC_0032652,3,2,2,0.0007964955,0.0952688,0.9039251,5.196764e-08,3.7653618e-07,1.4010136e-07,8.950373e-06
ISIC_0033551,3,2,2,0.0024684474,0.05909741,0.9383891,5.5719584e-06,3.7461843e-05,8.49116e-08,1.8548963e-06
ISIC_0033571,3,2,2,0.014978257,0.097871125,0.88644105,8.338588e-08,0.00059861876,1.0637304e-07,0.00011069132
ISIC_0034299,3,2,2,0.0067547634,0.43327522,0.5597859,3.9301485e-06,0.00017014242,2.9366997e-06,7.087615e-06
ISIC_0032808,3,2,2,0.07335307,0.023212522,0.9034279,3.323708e-06,4.6611558e-07,1.0605244e-06,1.6930205e-06
ISIC_0033203,3,2,1,0.0012832775,0.692495,0.30619556,1.7922584e-08,8.797049e-08,1.8185168e-06,2.4285342e-05
ISIC_0033366,3,2,1,0.0105139185,0.87131083,0.11630732,1.10335804e-07,0.0018297157,7.4173468e-06,3.0750696e-05
ISIC_0032816,3,2,1,0.015966654,0.80149573,0.17989436,2.2680638e-06,1.4853773e-05,0.0002614715,0.0023646734
ISIC_0032727,3,2,2,0.0010879808,0.00044790987,0.6778578,0.3182783,0.0011930394,9.1022685e-07,0.0011340088
ISIC_0033979,3,2,2,5.366954e-05,0.0092583345,0.6025311,0.0028713592,0.38345182,1.6185752e-05,0.0018175632
ISIC_0028871,3,2,2,2.563477e-05,3.4276712e-07,0.9999604,1.4007217e-06,7.353082e-06,3.863008e-06,1.0445541e-06
ISIC_0031836,3,2,2,0.0056420197,0.034031995,0.93763703,5.3423668e-05,0.022537086,3.7772395e-05,6.0719176e-05
ISIC_0031225,3,2,1,0.0034528733,0.9933154,7.6333934e-05,1.8144166e-05,0.0031359724,3.3562088e-07,9.560356e-07
ISIC_0030233,3,2,0,0.49007887,0.1943104,0.30478707,0.0051233307,0.0034165445,0.0017991128,0.00048469083
ISIC_0029546,3,2,2,1.4402741e-05,0.0059681386,0.99282503,3.8130143e-05,0.0011377708,1.2930221e-05,3.5816975e-06
ISIC_0029392,3,2,2,1.2169216e-05,1.592872e-05,0.9830635,0.003720949,0.012658967,0.0004873625,4.1158582e-05
ISIC_0031698,3,2,2,8.906383e-06,5.972344e-05,0.99992275,2.3181812e-07,6.4612805e-06,1.7372198e-06,1.3753609e-07
ISIC_0026988,3,2,2,2.276834e-06,1.3730585e-07,0.999557,0.0004379144,1.1342803e-06,5.4870462e-08,1.4622804e-06
ISIC_0024632,3,2,2,1.5149433e-06,0.009375105,0.88280475,0.0010791195,0.10660853,7.4110694e-06,0.00012352687
ISIC_0026668,3,2,2,0.17771451,0.008105716,0.69961005,0.0021105888,0.11229439,2.7874887e-05,0.00013696957
ISIC_0031384,3,2,2,0.00037444866,0.22937076,0.7695338,0.0006248589,4.678902e-05,6.424809e-08,4.9256836e-05
ISIC_0025299,3,2,2,6.169617e-10,2.560561e-08,1.0,5.5924323e-09,5.858643e-09,9.512127e-10,2.268546e-09
ISIC_0028739,3,2,2,0.00017631173,0.023236481,0.9765692,7.3955352e-06,8.926853e-06,2.313343e-07,1.5589445e-06
ISIC_0024332,3,2,2,0.003649712,0.0001346416,0.98261654,0.0001505219,0.013342139,1.7779214e-05,8.868776e-05
ISIC_0024454,3,2,2,2.8617507e-07,1.5499577e-07,0.99734545,0.0026072683,4.350863e-05,2.587972e-07,3.1297682e-06
ISIC_0027704,3,2,2,0.0015214639,0.0005525467,0.9938196,0.0018505168,0.002178815,5.472476e-05,2.2278942e-05
ISIC_0024403,3,2,2,0.000329719,0.0010260984,0.9970476,0.0012523643,0.00015695336,0.00017503837,1.2199828e-05
ISIC_0026855,3,2,2,1.0362803e-06,0.025671985,0.9708845,3.5341995e-06,0.0033418103,2.3873505e-07,9.699939e-05
ISIC_0024634,3,2,2,0.0015814572,0.3009986,0.69722545,0.00017163661,1.6418275e-06,7.190296e-07,2.0445668e-05
ISIC_0030813,3,2,2,2.3232264e-08,1.3057886e-09,0.9999999,3.8397793e-08,5.404332e-12,4.7523574e-10,6.4756813e-09
ISIC_0028113,3,2,2,0.0029752688,0.0006308297,0.9886818,0.0038863528,0.0038011677,8.197659e-06,1.6370379e-05
ISIC_0026845,3,2,0,0.5289935,0.0019131269,0.29084343,0.0010898579,0.17258166,0.0004563632,0.0041220905
ISIC_0025826,3,2,2,2.2846678e-05,0.059291333,0.9382583,0.0022266388,0.00014647504,5.442722e-07,5.3899952e-05
ISIC_0030181,3,2,2,6.4233056e-08,1.2665797e-07,0.94509375,0.0023283442,0.05256954,5.803423e-06,2.3720772e-06
ISIC_0028329,3,2,2,0.0013937375,6.267358e-06,0.82424545,0.17384037,0.0004750724,2.8152373e-05,1.0876513e-05
ISIC_0032246,3,2,2,5.432882e-05,0.0024401317,0.9848057,0.00035760322,0.0122306505,9.8032295e-05,1.3596102e-05
ISIC_0026865,3,2,2,2.4072577e-07,0.002690338,0.99572945,8.730742e-06,0.0015619012,7.987485e-06,1.3433079e-06
ISIC_0031057,3,2,2,1.7132948e-05,0.00044098808,0.79318964,0.024843931,0.1813223,0.00017590514,1.0139814e-05
ISIC_0029524,3,2,2,2.1749041e-05,9.924136e-05,0.99953556,1.3173817e-05,0.000278659,4.713972e-06,4.6948113e-05
ISIC_0028050,3,2,2,0.0020692798,0.11678759,0.8133168,0.008382602,0.05898329,0.0004213844,3.9022132e-05
ISIC_0026118,3,2,2,0.15475968,0.00097624055,0.8165139,0.0020721718,0.025611097,6.0110364e-07,6.621916e-05
ISIC_0029820,3,2,2,0.0338374,0.039854854,0.6455974,0.07797066,0.19997035,0.0016720535,0.0010973114
ISIC_0029644,3,2,2,0.0007398675,0.0034649316,0.91763383,0.00011685166,0.077871285,2.811242e-07,0.00017293465
ISIC_0032314,3,2,2,0.00080373615,0.0016060214,0.9964431,1.1803394e-05,0.00072348135,3.421048e-05,0.0003776893
ISIC_0024461,3,2,2,3.233664e-09,1.327186e-06,0.99953616,0.00046224435,7.3169275e-09,5.302885e-08,3.2073063e-07
ISIC_0030526,3,2,2,1.2577829e-06,1.3549304e-06,0.97457075,0.023882663,1.0732473e-05,0.0015123537,2.087808e-05
ISIC_0025530,3,2,2,0.00036050257,0.00018373666,0.70993525,0.04132264,0.010873366,0.23569667,0.0016278464
ISIC_0027629,3,2,2,0.0020050819,0.054185547,0.66332823,3.2810425e-05,0.2804204,3.923039e-06,2.405202e-05
ISIC_0028283,3,2,2,0.00023223748,0.37942272,0.6133124,6.557003e-06,0.0069719115,1.0970606e-05,4.3111315e-05
ISIC_0027175,3,2,2,9.8553e-05,0.030631896,0.96838486,3.6070764e-05,0.00082514656,1.1723871e-06,2.2350067e-05
ISIC_0031407,3,2,3,0.07310648,0.034483455,0.39783573,0.49267945,0.00014250241,4.497915e-06,0.0017478934
ISIC_0028652,3,2,2,0.009737203,0.024891175,0.8801338,0.08485249,7.720551e-06,2.195064e-06,0.0003753802
ISIC_0027038,3,2,2,1.8697133e-07,8.614789e-06,0.99991083,1.4233507e-05,4.597686e-06,5.929048e-05,2.2422973e-06
ISIC_0032030,3,2,2,0.00011449562,0.16187307,0.4076847,0.24151978,0.016633805,0.17170039,0.00047376793
ISIC_0027525,3,2,2,0.0015082008,0.00037891752,0.55320686,0.22769244,0.14712474,0.003944792,0.06614399
ISIC_0024550,3,2,2,0.0012457089,0.0034167122,0.8407499,0.0026303981,0.13642052,0.012234999,0.0033017371
ISIC_0029919,3,2,2,0.00013088752,0.044768114,0.68995076,0.0023210063,0.20932245,0.053323276,0.00018347785
ISIC_0030094,3,2,2,1.6633756e-07,6.407073e-05,0.9982956,4.47566e-06,0.0016352885,1.5418205e-07,2.5144038e-07
ISIC_0030352,3,2,2,1.4020031e-06,2.8166033e-07,0.999998,1.0954411e-07,6.2350054e-09,3.3530956e-10,3.238192e-07
ISIC_0028814,3,2,2,9.524364e-05,0.00019313656,0.9991625,0.00021718862,0.00029960016,4.5758156e-06,2.7753305e-05
ISIC_0026829,3,2,1,2.7777516e-05,0.6753698,0.32150984,2.6520716e-05,0.002685634,1.3992499e-05,0.0003664706
ISIC_0032132,3,2,1,0.010017337,0.775866,0.00034769453,0.00010249102,0.21365896,2.814367e-06,4.7639464e-06
ISIC_0026154,3,2,2,0.00029483237,0.00019051769,0.99951,3.4778993e-06,1.09825e-06,2.440981e-08,5.408856e-08
ISIC_0029917,3,2,2,0.07412835,0.0016986938,0.91958636,0.004540066,2.5425514e-05,5.6671906e-06,1.5403275e-05
ISIC_0031614,3,2,2,0.015608499,0.064027786,0.73621273,4.166678e-06,0.18407361,1.0482795e-06,7.2148774e-05
ISIC_0024829,3,2,2,5.45802e-07,6.5537474e-06,0.99998474,1.2070159e-06,2.5413635e-06,2.4722563e-06,1.9561344e-06
ISIC_0031041,3,2,2,1.2423186e-05,4.3081665e-05,0.9832257,5.992959e-07,0.016716829,5.650937e-07,7.857117e-07
ISIC_0032316,3,2,1,1.5943066e-05,0.677933,0.31532955,1.0835377e-05,0.0063148863,0.0003732481,2.2573446e-05
ISIC_0028671,3,2,2,9.792131e-05,8.661919e-05,0.97021866,7.0173904e-08,0.029410252,6.714786e-06,0.00017974118
ISIC_0025775,3,1,1,4.9426166e-07,0.999997,1.6424172e-09,7.269333e-08,2.379104e-06,4.993192e-08,8.5513285e-09
ISIC_0028239,3,1,1,5.615716e-05,0.99994385,2.3064222e-09,5.827137e-13,1.328525e-08,3.669539e-11,1.7146137e-09
ISIC_0031325,3,1,1,0.09580692,0.9005777,0.00047787302,3.9237393e-06,0.0013917639,0.0016515335,9.0289956e-05
ISIC_0032115,3,1,1,0.0005175533,0.9994814,4.770701e-09,4.782106e-11,2.7669117e-07,2.8343388e-07,4.817649e-07
ISIC_0032446,3,1,1,3.5633732e-08,0.99999475,1.8824975e-08,1.0929852e-11,5.1593397e-06,2.5639093e-11,5.5731837e-09
ISIC_0024415,3,1,1,0.006986099,0.9924607,5.7780436e-10,8.4409074e-10,0.00055277353,8.878642e-08,2.7300717e-07
ISIC_0026583,3,1,1,0.006855251,0.88126516,0.0020967918,1.873179e-05,0.07624625,0.033468783,4.899783e-05
ISIC_0031536,3,1,1,0.0001700853,0.9812269,3.423592e-06,5.571121e-07,0.018592156,1.0373327e-06,5.77365e-06
ISIC_0026054,3,1,1,0.15621534,0.67053413,1.9217838e-05,4.2667807e-07,0.09671477,1.5446123e-05,0.07650069
ISIC_0029347,3,1,1,0.04297192,0.95696086,9.960479e-07,1.7021446e-08,6.564443e-05,1.0186244e-07,4.9741504e-07
ISIC_0024364,3,1,1,7.940903e-07,0.98530114,1.2690238e-06,9.230926e-11,0.014576828,0.000104523126,1.5491987e-05
ISIC_0026518,3,1,1,0.07254609,0.8514744,0.074650295,1.911814e-06,8.33981e-05,3.8122926e-05,0.0012057864
ISIC_0027479,3,1,1,5.588375e-05,0.99830055,1.8622502e-06,1.489203e-05,0.0015137857,9.566448e-05,1.7296356e-05
ISIC_0027944,3,1,1,7.244796e-06,0.99996376,2.614692e-07,7.954163e-11,2.8392946e-05,8.272424e-09,3.2500978e-07
ISIC_0030517,3,1,1,5.050121e-06,0.99989015,2.3946476e-09,1.7880929e-09,0.00010475716,1.7316632e-08,2.0624674e-08
ISIC_0029569,3,1,1,7.423748e-05,0.99625367,2.0208635e-07,1.6648953e-07,0.00366834,2.5672173e-06,8.5290685e-07
ISIC_0031486,3,1,1,3.37058e-06,0.9999956,9.72915e-07,1.6110666e-12,2.0347171e-08,7.3987594e-09,6.2571e-08
ISIC_0029526,3,1,1,0.14423883,0.8230585,0.0012150182,1.0225574e-05,0.00062593055,0.030843323,8.223709e-06
ISIC_0030072,3,1,1,0.015984064,0.98401415,2.618565e-08,1.6003088e-11,1.1113456e-06,8.456964e-09,6.407946e-07
ISIC_0030820,3,1,1,0.1940731,0.8059212,1.4782978e-06,4.467755e-12,4.249453e-06,6.3549596e-11,3.8142616e-08
ISIC_0028090,3,1,1,5.987789e-05,0.9986709,7.2864086e-06,1.8097843e-10,0.001260531,3.708654e-08,1.3841284e-06
ISIC_0030013,3,1,1,0.00067407626,0.9991189,1.4418215e-06,5.5546536e-07,0.00020346374,5.5306327e-08,1.5486473e-06
ISIC_0025585,3,1,1,0.00039158267,0.99772656,7.635077e-05,1.5197149e-06,0.00030250568,2.955625e-05,0.0014720184
ISIC_0030523,3,1,1,7.035525e-06,0.9999401,6.967067e-08,5.4419275e-10,4.9070855e-05,1.3451765e-07,3.6090503e-06
ISIC_0025143,3,1,1,0.004904096,0.9950838,1.7858234e-09,6.893851e-11,1.2034025e-05,8.826861e-09,3.0266605e-08
ISIC_0027324,3,1,1,0.0011569161,0.9119426,0.00045586386,5.716539e-07,0.015249295,0.068566695,0.0026280887
ISIC_0028164,3,1,1,0.0009653334,0.86762774,1.0670192e-06,7.455873e-08,0.131378,2.6278587e-05,1.4704486e-06
ISIC_0027000,3,1,1,1.936648e-05,0.999512,1.6722773e-08,1.9957873e-09,0.00046853343,4.0570667e-09,3.7516468e-08
ISIC_0029998,3,1,1,0.00040480407,0.99933463,8.78253e-06,1.0486282e-09,9.4715026e-05,0.00011368319,4.339307e-05
ISIC_0030338,3,1,1,0.0013685862,0.9985325,2.8721715e-05,1.0451274e-08,1.3160407e-05,5.2444753e-05,4.580455e-06
ISIC_0030428,3,1,1,4.6024434e-05,0.999949,2.7707829e-06,5.941535e-10,7.6370935e-07,1.2477765e-08,1.3892412e-06
ISIC_0025692,3,1,1,3.352583e-06,0.9996786,5.7887582e-06,3.327203e-09,0.000304089,3.274997e-06,4.8677007e-06
ISIC_0026755,3,1,1,1.1316957e-05,0.99995565,3.805897e-07,1.7720041e-10,2.9521147e-05,1.6273558e-06,1.5274151e-06
ISIC_0028359,3,1,1,0.0003185819,0.9982912,2.4726942e-06,8.0593065e-07,0.0013799515,6.0931734e-07,6.3307793e-06
ISIC_0026948,3,1,1,0.0002899928,0.99970895,2.2637845e-08,2.0145148e-10,6.4580325e-07,2.5344974e-07,1.5374107e-07
ISIC_0026246,3,1,1,6.4262904e-06,0.89212054,2.7606116e-06,1.535342e-06,0.10784976,9.855685e-06,9.105653e-06
ISIC_0028302,3,1,1,2.7251595e-05,0.9996322,4.341249e-06,1.3826329e-07,0.0003337035,6.480289e-07,1.7366916e-06
ISIC_0026172,3,1,1,0.007391203,0.9915408,8.0206955e-06,6.502544e-10,0.00084963563,0.00020899341,1.3524806e-06
ISIC_0029273,3,1,1,0.08011584,0.9172732,7.414469e-06,1.3116235e-08,0.0005523986,0.00033556955,0.0017155263
ISIC_0027752,3,1,1,0.029236939,0.90953743,0.0006562592,3.803824e-05,0.059083246,0.00039952382,0.0010485686
ISIC_0024327,3,1,1,7.489718e-06,0.9990592,1.3045028e-09,6.937727e-12,0.00093314593,1.2090699e-10,1.413768e-07
ISIC_0025432,3,1,1,4.4448087e-05,0.9922675,4.9412893e-06,7.980627e-09,0.007683076,4.2503796e-09,6.2663325e-08
ISIC_0026234,3,1,1,0.09538786,0.7998859,0.0036878572,1.02573995e-05,0.09770657,0.0033027686,1.8781244e-05
ISIC_0025934,3,1,1,0.00012109303,0.9932044,2.6724018e-07,1.758226e-07,0.006672895,5.490222e-07,6.125177e-07
ISIC_0027411,3,1,1,0.20924716,0.7907527,1.7312292e-10,3.3626678e-11,6.750515e-09,3.37795e-08,9.459539e-08
ISIC_0030888,3,1,1,1.083878e-05,0.99383813,8.705594e-09,4.7257315e-10,0.0061289724,2.058782e-05,1.4599532e-06
ISIC_0029523,3,1,1,2.1267131e-05,0.9999596,2.7911858e-07,1.0294657e-13,1.6950104e-05,2.6143512e-09,1.939901e-06
ISIC_0025749,3,1,1,1.2814156e-05,0.9969627,2.116407e-08,8.023572e-08,0.003022261,1.198928e-06,9.3087993e-07
ISIC_0029258,3,1,1,0.0004014625,0.9988493,1.4385091e-06,5.463714e-09,0.00072228524,1.8672963e-05,6.8592985e-06
ISIC_0031388,3,1,1,0.008589486,0.98447436,1.2635808e-05,3.8601744e-10,0.006815873,1.4353452e-07,0.00010744537
ISIC_0024980,3,1,1,0.023748454,0.91070825,0.00068549154,8.859644e-07,0.064713195,0.0001274993,1.627073e-05
ISIC_0031653,3,1,1,8.12335e-05,0.9998684,1.5765204e-08,4.359725e-10,4.9987517e-05,4.937604e-08,2.7860773e-07
ISIC_0027422,3,1,1,2.2518609e-05,0.9999771,1.7943346e-08,4.3255702e-10,9.417613e-08,3.4407475e-07,6.842366e-09
ISIC_0031773,3,1,1,3.543625e-05,0.99582654,0.00063741946,6.297801e-09,0.0020158198,1.3750876e-07,0.0014846474
ISIC_0028054,3,1,1,4.0044137e-07,0.9567273,1.0900569e-06,2.1540165e-10,0.043086324,0.00017753104,7.338907e-06
ISIC_0030550,3,1,1,0.003800334,0.9958318,1.1283238e-05,2.4739413e-09,4.2013766e-05,0.00031261396,1.9942634e-06
ISIC_0031704,3,1,1,1.0606966e-05,0.9995243,5.1560164e-08,2.3237863e-10,0.00046318266,1.9888212e-07,1.6605451e-06
ISIC_0024580,3,1,1,0.008516224,0.9751021,0.0005152484,4.039386e-06,0.0150648225,0.000773049,2.4419103e-05
ISIC_0025930,3,1,1,0.015453219,0.9692278,0.013177654,8.321658e-08,0.0020896955,1.5089972e-05,3.6463214e-05
ISIC_0028594,3,1,1,0.00020518019,0.99506617,7.0842805e-07,8.9555945e-09,0.00472458,2.9796224e-06,3.166777e-07
ISIC_0031185,3,1,1,6.0703233e-06,0.9479063,2.0173375e-06,1.179979e-09,0.052075338,1.961814e-06,8.320106e-06
ISIC_0029463,3,1,1,1.04538685e-05,0.9999871,4.5514534e-07,5.002803e-11,1.9260012e-06,3.3796404e-08,6.8996697e-09
ISIC_0030968,3,1,1,1.3173223e-05,0.8632206,1.1243118e-06,4.1862307e-08,0.13669701,4.5806053e-05,2.2335986e-05
ISIC_0031907,3,1,1,0.025918093,0.85109156,0.0058979397,3.5377678e-07,0.10980515,0.003696688,0.0035901829
ISIC_0028962,3,1,1,3.0234607e-05,0.9999077,6.9808173e-09,1.196838e-09,1.7558039e-06,6.0170056e-05,1.7782511e-07
ISIC_0029015,3,1,1,8.7560164e-07,0.9999439,2.6049158e-09,1.4435386e-12,5.2626412e-05,2.3129681e-08,2.538669e-06
ISIC_0030170,3,1,1,1.1211077e-06,0.9997714,4.1579477e-07,6.4161982e-09,0.00020830904,1.5684604e-05,3.0924398e-06
ISIC_0026232,3,1,1,0.010332832,0.9313246,1.2904963e-05,2.418806e-08,0.058327563,6.267927e-07,1.4776999e-06
ISIC_0030322,3,1,1,0.25775674,0.7411894,2.8014706e-06,1.5565897e-08,0.0009248011,3.0657095e-06,0.00012314678
ISIC_0026562,3,1,1,0.16195972,0.834027,2.319775e-05,2.577608e-08,0.0026875131,0.0012966561,5.8338073e-06
ISIC_0027576,3,1,1,1.9056781e-06,0.99988997,1.2576667e-06,2.7638172e-09,9.368525e-05,9.8547034e-08,1.3168186e-05
ISIC_0032011,3,1,1,2.3092442e-05,0.9973944,2.4319917e-07,4.895001e-08,0.0025819158,5.231729e-08,2.6494965e-07
ISIC_0029184,3,1,1,0.19310956,0.8068696,9.1311904e-08,1.0258039e-07,1.995822e-05,1.0019141e-08,7.0604744e-07
ISIC_0030470,3,1,1,0.0028972612,0.9890211,9.6596565e-08,5.2021182e-08,0.008078408,2.5826043e-06,4.526681e-07
ISIC_0025558,3,1,1,8.985562e-06,0.9798891,4.991936e-08,5.8940923e-09,0.02009112,8.845122e-06,1.9060969e-06
ISIC_0028007,3,1,1,6.661332e-07,0.9999943,5.1471494e-09,1.6762505e-09,4.4262247e-06,2.886822e-07,3.3947768e-07
ISIC_0024692,3,1,1,4.9073797e-06,0.99998873,2.4789448e-10,4.5167884e-13,6.334381e-06,7.047567e-09,2.2785674e-08
ISIC_0029729,3,1,1,0.020033553,0.7130837,0.2664696,5.00995e-07,0.00040296087,5.674213e-06,4.025028e-06
ISIC_0028768,3,1,1,2.5461664e-05,0.9859576,1.3692757e-07,2.5790239e-09,0.013948157,5.7708647e-05,1.0916144e-05
ISIC_0025794,3,1,1,0.01747765,0.801462,3.060544e-05,6.4650636e-09,0.18098715,4.1730447e-05,9.563123e-07
ISIC_0028888,3,1,1,0.08396305,0.6584803,0.0005538481,1.1417933e-05,0.2565421,2.579024e-06,0.00044677051
ISIC_0028137,3,1,1,4.31737e-06,0.9999626,2.3600155e-08,9.358281e-10,3.287626e-05,6.76643e-09,1.1321988e-07
ISIC_0029784,3,1,1,3.748192e-06,0.994487,9.072049e-07,4.3820545e-08,0.0054954155,1.1533275e-05,1.3755022e-06
ISIC_0029633,3,1,4,6.106824e-05,0.20226082,2.0777077e-05,3.0871186e-07,0.7967644,0.00078997656,0.0001026333
ISIC_0031174,3,1,1,6.557777e-05,0.99988186,1.5018554e-08,3.65471e-10,5.2532494e-05,4.530941e-09,3.484077e-08
ISIC_0027212,3,1,1,6.584173e-05,0.98879004,4.1103713e-06,5.5244766e-07,0.010147763,0.0008464226,0.00014529863
ISIC_0028694,3,1,1,7.3859526e-05,0.87464875,6.462586e-07,4.2571642e-08,0.12524958,4.5587735e-06,2.2569342e-05
ISIC_0025635,3,1,1,6.352576e-05,0.9999193,2.7189556e-06,2.3011295e-09,7.206703e-07,9.819236e-06,3.809289e-06
ISIC_0030536,3,1,1,6.3883446e-05,0.99368924,1.631857e-06,1.3593517e-05,0.0062129786,1.4738692e-05,4.0238565e-06
ISIC_0030902,3,1,1,0.013713072,0.92816514,1.6431499e-05,2.2858504e-07,3.4813613e-05,2.3036777e-05,0.058047302
ISIC_0024493,3,1,1,1.9335483e-05,0.8541549,4.103001e-06,2.1501918e-08,0.1410035,0.004800258,1.789165e-05
ISIC_0026891,3,1,1,0.13695015,0.8628415,1.445314e-05,1.1012871e-07,8.3065344e-05,0.00010969762,1.0580695e-06
ISIC_0024863,3,1,1,0.0034820032,0.7408612,6.407335e-05,0.005248311,0.2499762,0.0001404872,0.00022774388
ISIC_0030797,3,1,1,0.129683,0.8019317,0.010472395,1.861103e-06,0.0446991,0.0132075725,4.4507174e-06
ISIC_0027164,3,1,1,0.0004710296,0.9904024,2.313076e-06,8.541259e-09,0.009101134,1.7134433e-05,5.93699e-06
ISIC_0024879,3,1,1,0.13087475,0.6339344,0.009205639,2.129559e-06,0.19339395,0.032461744,0.00012742105
ISIC_0025120,3,1,1,0.0021089867,0.9935765,2.7100356e-07,1.2396201e-08,0.0042757704,3.8313905e-05,9.7928e-08
ISIC_0024884,3,1,1,0.0011014944,0.7404612,0.003945591,2.3947644e-07,0.2538248,0.00063528016,3.1458527e-05
ISIC_0027290,3,1,1,0.001296716,0.9984635,7.732717e-06,2.0463636e-05,7.7493736e-05,0.00012993763,4.1579906e-06
ISIC_0028967,3,1,1,0.049605228,0.9417118,0.0001219915,1.6531282e-06,0.008122585,0.00036638769,7.033173e-05
ISIC_0025444,3,1,1,0.000112887334,0.8857113,1.8862968e-06,1.613275e-06,0.11416356,6.675082e-06,2.0988239e-06
ISIC_0025274,3,1,1,1.6188165e-05,0.99985284,1.9723745e-07,1.8444164e-09,0.00012823284,2.3870699e-09,2.5064942e-06
ISIC_0030120,3,1,1,2.0463596e-05,0.928446,0.0033582062,0.00072338094,0.067333914,7.796179e-05,4.012567e-05
ISIC_0026057,3,1,1,9.026185e-05,0.96396124,0.0067191436,6.476676e-05,0.029108629,6.8874084e-07,5.530899e-05
ISIC_0031477,3,1,1,0.0013191925,0.99867916,2.9573755e-09,8.0350055e-09,9.2761076e-07,3.4990717e-09,6.5600386e-07
ISIC_0030483,3,1,1,1.4392449e-06,0.9999458,8.5369905e-08,5.362542e-09,5.2660158e-05,9.578743e-09,2.2842649e-08
ISIC_0024421,3,1,1,3.416053e-06,0.9994812,3.4344186e-05,1.4439253e-07,0.00047952906,5.561054e-07,8.216974e-07
ISIC_0031995,3,1,1,0.0010153924,0.9989766,1.8830399e-08,6.9897044e-10,7.931683e-06,2.8796179e-09,2.2082537e-08
ISIC_0030836,3,1,1,3.3058477e-05,0.58072406,3.928655e-07,2.8871884e-08,0.41924173,3.1565386e-07,4.7093414e-07
ISIC_0030204,3,1,1,6.8919644e-06,0.79328907,1.3685869e-07,5.0230817e-08,0.20670354,2.4875925e-07,6.901091e-08
ISIC_0028699,3,1,1,0.0005143964,0.9994017,9.25014e-07,1.2814269e-09,8.27894e-05,1.5703652e-08,2.754478e-07
ISIC_0032193,3,1,1,0.0020461583,0.9979533,2.7969034e-09,1.0709467e-11,2.692127e-07,9.234794e-08,7.54358e-08
ISIC_0030282,3,1,1,0.028938308,0.97104377,2.1012618e-06,2.3878104e-09,1.5242558e-05,1.038647e-08,4.9618995e-07
ISIC_0024985,3,1,1,0.11448997,0.81755865,0.0020671634,1.0445203e-05,0.05929778,0.0065342197,4.174897e-05
ISIC_0025514,3,1,1,0.27483448,0.6531164,0.0014821483,9.570497e-07,0.013512227,0.057032842,2.089498e-05
ISIC_0024598,3,1,1,0.000101786514,0.9993048,3.9033744e-06,2.8340164e-08,0.00056485535,1.5806532e-05,8.809169e-06
ISIC_0031102,3,1,1,0.0029227815,0.9890419,6.2804736e-07,4.3983723e-09,0.008028657,1.0502611e-06,5.0127505e-06
ISIC_0025536,3,1,1,3.912521e-06,0.9997387,2.4847186e-08,9.2969293e-10,0.00025486352,4.0058548e-09,2.4745614e-06
ISIC_0025979,3,1,1,0.019538483,0.9803759,6.6705725e-05,2.3871277e-08,5.047914e-07,4.5764127e-06,1.395561e-05
ISIC_0025375,3,1,1,0.03694807,0.90434587,0.02089725,2.1480816e-06,0.002045322,0.035641998,0.00011937275
ISIC_0026079,3,1,1,0.19550258,0.80182123,0.0004195193,2.4726642e-06,0.00097369513,0.0012784711,2.0781613e-06
ISIC_0030957,3,1,1,0.19780953,0.79991466,0.0010519656,2.9335419e-09,3.5201774e-05,0.0011885428,1.5222966e-07
ISIC_0027106,3,1,1,1.5773561e-05,0.9999836,2.3215819e-08,2.7671085e-10,4.0403364e-07,3.1702867e-09,2.2897989e-07
ISIC_0029023,3,1,1,0.16038182,0.83733654,0.0005715287,6.363779e-07,0.0016404098,3.9498995e-05,2.9563133e-05
ISIC_0031438,3,1,1,0.16337271,0.78706753,0.0013446946,5.7926762e-08,0.040023386,0.008190376,1.2461023e-06
ISIC_0028077,3,1,1,4.6621146e-05,0.99994135,9.1249114e-10,3.0127975e-13,1.1904107e-05,4.196583e-08,2.1721338e-08
ISIC_0029972,3,1,1,2.1638076e-08,0.9999917,7.887754e-09,2.2831828e-11,6.016336e-07,7.5868616e-06,6.907202e-08
ISIC_0030519,3,1,1,0.040157706,0.95927036,6.348326e-05,6.160432e-06,0.00048436347,3.2756077e-06,1.4615657e-05
ISIC_0028861,3,1,1,0.15326163,0.79693973,0.00017199448,3.8036094e-07,0.04869794,0.00092790264,3.6483345e-07
ISIC_0028319,3,1,1,0.0016133839,0.9235462,0.00012676933,4.2051957e-07,0.074604325,9.3960305e-05,1.4921659e-05
ISIC_0031469,3,1,1,0.10586792,0.81049395,0.03848016,7.4876164e-07,0.0192239,0.025888791,4.4459146e-05
ISIC_0025328,3,1,1,0.00061360456,0.74732655,2.6125795e-06,5.3102553e-08,0.25160804,1.4593361e-06,0.00044766022
ISIC_0024901,3,1,1,4.460353e-07,0.9999989,7.881177e-10,2.5273293e-12,4.086325e-07,7.50155e-08,1.281655e-07
ISIC_0025544,3,1,1,1.6316777e-08,0.9002551,2.2994957e-10,1.3265908e-10,0.09974412,3.920955e-09,7.5996434e-07
ISIC_0028836,3,1,1,7.7585463e-07,0.960964,5.7213336e-05,8.120972e-08,0.038965072,4.3596747e-06,8.539689e-06
ISIC_0032201,3,1,1,0.00015551412,0.9972129,3.0554625e-07,1.6719066e-10,0.002588088,4.07808e-05,2.3743619e-06
ISIC_0032066,3,1,1,1.18362805e-05,0.975999,2.4475292e-05,1.0878247e-08,0.0011228906,0.02256494,0.00027683118
ISIC_0029628,3,1,1,1.0639109e-06,0.99998176,9.383463e-08,3.055786e-08,1.539594e-05,3.57794e-08,1.6189457e-06
ISIC_0025952,3,1,1,0.09322419,0.90674293,2.2782422e-06,6.1667365e-08,2.696829e-05,7.555751e-07,2.8031254e-06
ISIC_0027485,3,1,1,2.313602e-05,0.97964704,4.2063857e-07,6.071514e-09,0.02032802,2.9411262e-07,1.0235924e-06
ISIC_0024944,3,1,1,0.18885927,0.80296296,7.3069845e-05,1.7473262e-07,0.00055918243,0.00754475,5.6963347e-07
ISIC_0027227,3,1,1,7.287883e-05,0.9999261,1.0049104e-08,3.4729406e-09,3.386977e-07,4.5555174e-07,2.4916795e-07
ISIC_0024534,3,1,1,0.024762735,0.95457983,1.9050321e-06,4.416874e-08,0.01588984,0.004762582,3.0153674e-06
ISIC_0031313,3,1,1,5.2587355e-05,0.801417,4.8283014e-06,3.9176914e-08,0.19851364,9.0737685e-06,2.7910569e-06
ISIC_0030943,3,1,1,3.6475872e-06,0.99995136,1.317531e-06,7.406868e-11,4.143607e-05,7.270232e-08,2.1878545e-06
ISIC_0028985,3,1,1,4.3203736e-06,0.9999955,8.923835e-10,2.6437314e-11,4.4070127e-08,1.0317431e-08,1.1336156e-07
ISIC_0025024,3,1,1,5.095137e-09,0.9999994,3.2551885e-08,2.1766728e-09,4.6431133e-08,3.439177e-07,1.1990767e-07
ISIC_0030736,3,1,1,0.16600522,0.7998861,0.0005007841,5.1029417e-07,0.00975415,0.023830501,2.273317e-05
ISIC_0026792,3,1,1,0.00891513,0.9064983,1.0227028e-06,3.5640189e-09,0.08457252,4.942284e-06,7.993829e-06
ISIC_0028833,3,1,1,8.4873674e-05,0.9991001,2.4698716e-06,9.321706e-10,0.00081210537,9.951674e-08,2.816642e-07
ISIC_0030875,3,1,1,6.5731015e-08,0.99720716,1.1051718e-09,4.1173905e-12,0.0027926546,1.6171849e-10,8.7371234e-08
ISIC_0024964,3,1,1,0.0059076687,0.9937166,5.751478e-06,1.8910018e-10,0.0003653552,3.5360997e-06,1.1081183e-06
ISIC_0031647,3,1,1,0.012910175,0.8986269,0.0046742437,7.1965025e-07,0.08345925,0.0002973462,3.1400916e-05
ISIC_0029883,3,1,1,0.0005052619,0.9830589,2.4904342e-05,1.0106861e-06,0.015971344,0.00040116222,3.7370344e-05
ISIC_0028349,3,1,1,4.794474e-05,0.9994793,6.7553847e-09,1.6011019e-10,0.00047207164,1.4584187e-07,5.012063e-07
ISIC_0032133,3,1,1,0.035714947,0.96279633,3.4227174e-05,9.551242e-09,0.001436786,1.5501912e-05,2.2269003e-06
ISIC_0024492,3,1,1,7.176169e-06,0.9999641,2.964154e-09,2.699639e-08,2.7710976e-05,6.5144343e-07,2.647162e-07
ISIC_0028939,3,1,1,2.6559428e-08,0.9999958,4.407256e-07,9.325578e-08,2.4816275e-06,1.7637146e-07,9.567383e-07
ISIC_0030734,3,1,1,8.562195e-06,0.9752946,1.3975169e-07,8.1665535e-10,0.015237538,0.009457163,2.0112277e-06
ISIC_0032484,3,1,1,0.016367877,0.83698857,0.014781894,0.0015304891,0.11555888,0.01474064,3.161595e-05
ISIC_0026980,3,1,1,3.4188695e-05,0.9994186,5.2335885e-08,2.967083e-08,0.0005469671,7.539751e-09,1.9898773e-07
ISIC_0027868,3,1,1,2.0306543e-05,0.9664575,0.0029235883,0.00013724834,0.0009606808,0.0009836386,0.028517116
ISIC_0031364,3,1,1,0.08166466,0.8004039,0.00019070784,1.8659382e-08,0.11767346,6.649924e-05,7.903151e-07
ISIC_0027758,3,1,1,8.752027e-06,0.9983525,2.0581876e-08,1.1815663e-08,0.0016383886,3.4545387e-08,3.52295e-07
ISIC_0027575,3,1,1,3.9219313e-07,0.9834795,1.9692936e-07,1.4532493e-07,0.015112685,1.2466219e-06,0.0014058736
ISIC_0031398,3,1,1,5.0101744e-06,0.9999916,8.678286e-09,2.1227087e-10,1.6310087e-06,1.1608583e-06,6.560644e-07
ISIC_0029984,3,1,1,0.0024434058,0.99753207,3.3091408e-07,3.766784e-08,1.8901712e-05,4.0785226e-06,1.1750175e-06
ISIC_0032039,3,1,1,0.0026091973,0.9971472,6.8699694e-07,4.5556042e-08,0.00023405456,6.8545864e-06,1.8595732e-06
ISIC_0030911,3,1,1,0.24883747,0.7213839,0.0058399076,1.1619779e-05,0.02348387,0.0004167398,2.6427666e-05
ISIC_0027621,3,1,1,0.0003755155,0.5277178,0.0003417138,2.2750985e-08,0.47078696,0.000723726,5.4198485e-05
ISIC_0028375,3,1,1,0.012088921,0.98773134,8.991028e-05,1.13895624e-07,6.645608e-05,1.8573302e-05,4.619894e-06
ISIC_0025150,3,1,1,0.1495353,0.8139561,5.8490194e-05,3.169761e-09,0.036448427,5.053247e-07,1.1929852e-06
ISIC_0031173,3,1,1,0.0996225,0.80007267,0.059709944,1.9091608e-06,0.006855509,0.03371829,1.9123505e-05
ISIC_0026415,3,1,1,2.589858e-06,0.99979556,1.2175834e-08,4.8654024e-12,0.00020166198,1.4552896e-07,7.817464e-08
ISIC_0025738,3,1,1,0.022212064,0.9772956,4.5330577e-05,9.60841e-08,1.0182026e-05,0.0004162087,2.0520354e-05
ISIC_0026470,3,1,1,7.510955e-05,0.9999173,8.918242e-08,7.816559e-09,1.831336e-07,2.2509823e-06,5.014783e-06
ISIC_0025090,3,1,1,0.067911796,0.93206155,1.2985441e-07,5.0976837e-08,6.9027387e-06,3.2098546e-06,1.6260019e-05
ISIC_0029708,3,1,1,1.4954984e-05,0.99990493,5.912647e-08,1.4699366e-09,7.895423e-05,5.8898593e-08,1.0273263e-06
ISIC_0027111,3,1,1,0.17436607,0.80074847,0.00036603474,3.89267e-06,0.007567973,0.016931657,1.5965586e-05
ISIC_0030092,3,1,1,0.000474562,0.9942373,2.3059974e-06,8.645455e-08,0.005223742,6.0437178e-05,1.5330373e-06
ISIC_0031544,3,1,1,2.732316e-06,0.9999876,8.071281e-08,5.8178347e-08,9.401149e-06,1.27591875e-08,7.61011e-08
ISIC_0026740,3,1,1,0.000113868664,0.9997735,7.0819647e-07,2.1777047e-10,0.00010810337,3.1814293e-06,6.61599e-07
ISIC_0032336,3,1,1,0.038107045,0.93027866,0.004129954,0.0015100625,0.00041847647,0.023196181,0.002359537
ISIC_0030477,3,1,1,9.821734e-07,0.99999845,4.203979e-08,2.702771e-09,3.5800292e-07,3.5234972e-08,1.6861665e-07
ISIC_0026302,3,1,1,2.1381572e-08,0.9999998,2.6622965e-10,1.04008656e-10,1.4765732e-07,2.1194657e-09,1.1452476e-08
ISIC_0028817,3,1,1,4.1029676e-08,0.99948883,5.1138557e-08,4.292457e-10,0.0005101835,3.3422808e-07,6.119306e-07
ISIC_0027215,3,1,1,1.4859446e-06,0.99999845,3.3088954e-10,1.5602492e-10,6.6743753e-09,1.0068171e-09,2.6027084e-08
ISIC_0032467,3,1,1,0.0094344225,0.97139615,7.455626e-05,1.6318923e-09,0.019090278,7.4725754e-08,4.58269e-06
ISIC_0028058,3,1,1,3.707207e-05,0.99968576,1.3678359e-06,1.9382082e-07,0.00026558829,6.028085e-06,4.0160385e-06
ISIC_0031774,3,1,1,1.3965584e-05,0.9999709,5.594602e-07,4.0495055e-07,5.387713e-06,8.460835e-06,3.2372168e-07
ISIC_0032091,3,1,1,2.2418997e-05,0.99997747,1.0218594e-08,2.0448572e-09,4.8442836e-08,9.783876e-09,3.5733688e-08
ISIC_0028177,3,1,1,0.0011514629,0.9972491,0.0005205496,6.8295265e-07,0.00019718535,0.00079956884,8.142538e-05
ISIC_0030974,3,1,1,0.017161718,0.98035556,0.001380001,8.601914e-09,0.0005200241,0.0005756601,7.101428e-06
ISIC_0027765,3,1,1,3.4007433e-05,0.9965185,4.7688272e-06,1.7154601e-08,0.003430996,3.7154362e-06,7.991168e-06
ISIC_0027871,3,1,1,2.2571974e-06,0.99999297,6.4797048e-09,2.3894133e-11,9.569841e-08,3.3256356e-07,4.3600676e-06
ISIC_0030337,3,1,1,1.6238826e-06,0.98664635,0.008824494,0.002244616,0.0020580683,5.1261923e-05,0.00017355228
ISIC_0026718,3,1,1,0.0008148911,0.99792564,5.7792255e-07,3.2467007e-08,3.4165072e-07,0.0012332092,2.5277555e-05
ISIC_0025474,3,1,1,4.2705933e-06,0.99998635,8.453882e-06,6.730082e-10,8.656175e-08,1.5663466e-07,6.286272e-07
ISIC_0030481,3,1,1,1.3356122e-06,0.9997261,1.9210521e-08,9.27981e-09,0.00026846543,6.395688e-08,4.0465848e-06
ISIC_0025756,3,1,1,0.04717537,0.95079964,0.0012416941,0.00024178233,0.00043396457,6.629849e-05,4.1177667e-05
ISIC_0024641,3,1,1,0.002115374,0.9978832,1.3231355e-07,1.5554896e-10,7.457601e-07,3.310999e-07,2.2292106e-07
ISIC_0026854,3,1,1,1.7491392e-07,0.99956703,1.17951856e-07,1.1529221e-06,0.00043118335,5.0159464e-08,2.952031e-07
ISIC_0026529,3,1,1,2.872214e-05,0.99996835,7.3476706e-08,6.3090475e-09,2.5360437e-06,5.132955e-08,2.723321e-07
ISIC_0026364,3,1,1,0.00038878445,0.99938774,1.5747094e-07,1.655177e-07,0.00021532628,7.865195e-07,6.979135e-06
ISIC_0030407,3,1,1,0.0001975679,0.9997972,2.2990666e-07,1.7275561e-09,1.5360192e-07,3.5766243e-06,1.297982e-06
ISIC_0025822,3,1,1,0.2736675,0.72590816,3.7611148e-06,5.968051e-09,0.00041964353,7.932883e-07,9.719778e-08
ISIC_0029689,3,1,1,3.6609555e-07,0.99999964,1.3057484e-10,4.999368e-12,3.4191632e-09,1.005443e-08,3.3703056e-08
ISIC_0028798,3,1,1,0.0007752328,0.99920523,5.4910055e-07,1.5273129e-07,8.707299e-06,9.191606e-06,9.603029e-07
ISIC_0030748,3,1,1,0.00024809755,0.99975127,2.3799676e-10,6.575339e-11,5.4223733e-07,1.6471645e-09,6.678672e-08
ISIC_0028912,3,1,1,0.00017284599,0.9073208,0.00011734108,3.075811e-07,0.09238392,2.2098923e-06,2.5640602e-06
ISIC_0032411,3,1,1,0.0099333525,0.9699904,2.4861351e-06,1.7983468e-06,0.020070285,3.8623324e-07,1.4372347e-06
ISIC_0029999,3,1,1,0.018228035,0.8915285,0.0006129776,2.4328241e-07,0.08639473,2.425128e-05,0.0032112512
ISIC_0030971,3,1,1,0.004031936,0.66691923,0.0016566291,0.0032518965,0.31087476,0.013150914,0.000114631024
ISIC_0029330,3,1,1,1.7990295e-08,0.99993765,2.965141e-06,5.553916e-10,2.1687934e-05,1.4547271e-07,3.760473e-05
ISIC_0026173,3,1,1,9.281892e-05,0.99990195,9.8848616e-08,4.6135384e-09,1.0690715e-06,3.1571628e-06,8.18254e-07
ISIC_0026227,3,1,1,2.4507727e-08,0.99999714,6.4404355e-07,2.027059e-09,1.7572183e-06,2.9377688e-08,3.3273213e-07
ISIC_0026696,3,1,1,0.010381294,0.80969524,0.00310177,0.0005525202,0.1610621,0.015155861,5.1221676e-05
ISIC_0026715,3,1,1,3.151595e-05,0.9997365,7.586232e-08,1.7649631e-08,0.00022804218,2.391388e-07,3.7034376e-06
ISIC_0026533,3,1,1,0.012038366,0.98579234,0.00095390034,2.0939863e-08,1.9959687e-05,0.0011743612,2.0991425e-05
ISIC_0032507,3,1,1,0.19772567,0.8022741,1.4799947e-08,9.207555e-11,1.9961273e-09,6.58608e-09,1.943924e-07
ISIC_0026355,3,1,1,0.00026675852,0.9989356,1.12730035e-07,3.3262415e-10,0.00079703174,1.5684897e-09,5.031933e-07
ISIC_0031097,3,1,1,0.0006224675,0.9992735,4.879561e-07,5.697965e-08,0.00010040701,3.2615088e-07,2.810263e-06
ISIC_0026145,3,1,1,2.1490312e-05,0.99997824,4.4770805e-09,1.1958548e-10,3.217019e-09,1.93957e-09,1.8952059e-07
ISIC_0032454,3,1,1,0.1255977,0.8716838,0.00021605138,2.401089e-05,0.0010666709,0.0013896215,2.2098688e-05
ISIC_0025493,3,1,1,6.89712e-07,0.99979496,0.00018498141,1.3109245e-08,1.4354146e-05,9.795203e-08,4.888076e-06
ISIC_0028745,3,1,1,5.7776994e-08,0.99997044,5.6521077e-07,6.487556e-08,2.8817605e-05,1.4877204e-08,8.099892e-08
ISIC_0025481,3,1,1,3.7527833e-08,0.9995163,2.741265e-07,3.901675e-07,0.00048266826,8.874197e-08,1.6595735e-07
ISIC_0026591,3,1,1,1.0834827e-05,0.9976233,0.00087915163,1.6412005e-06,0.0014686191,8.651969e-08,1.6325444e-05
ISIC_0026308,3,1,1,7.3275055e-06,0.9999749,3.3893539e-06,5.471577e-10,1.3608209e-05,5.7703704e-07,1.8102794e-07
ISIC_0032143,3,1,1,0.00018741805,0.99962455,2.595954e-06,1.4660986e-07,0.0001844232,1.6080341e-07,7.1263275e-07
ISIC_0029536,3,1,1,2.2989473e-08,0.9997654,1.3791353e-07,1.03147e-08,0.0002337702,1.9577646e-08,6.2406815e-07
ISIC_0026233,3,1,1,0.16512653,0.83228457,0.0021326365,1.3961763e-06,8.3062616e-05,0.00033660524,3.520763e-05
ISIC_0028027,3,1,1,1.3225608e-05,0.9105608,0.0003177259,1.8144885e-07,0.08843312,8.869326e-08,0.0006748383
ISIC_0028397,3,1,1,1.1129354e-05,0.99360305,0.00010780068,2.1585852e-06,0.0062594526,2.837241e-06,1.3590984e-05
ISIC_0028088,3,1,1,0.000104323764,0.9985843,6.6642904e-05,4.672446e-09,0.0003370214,0.00060759456,0.0003000831
ISIC_0025944,3,1,1,0.0002821865,0.9996899,1.1685939e-05,4.8029943e-07,1.3740964e-05,5.3176774e-07,1.4312171e-06
ISIC_0026093,3,1,1,1.6809038e-06,0.9986839,2.0827943e-06,5.9672786e-08,0.0013006689,8.711046e-07,1.0746362e-05
ISIC_0026478,3,1,1,0.011646832,0.9718338,0.0024055918,8.624529e-06,0.00093817496,0.0131102,5.6759716e-05
ISIC_0024656,3,1,1,2.3139884e-05,0.9995426,9.4834775e-08,5.168942e-09,0.000432649,1.1992276e-08,1.4731288e-06
ISIC_0029688,3,1,1,0.00027814068,0.999596,2.7042229e-06,4.4889195e-10,0.00012291486,5.1677067e-09,1.4818127e-07
ISIC_0031320,3,1,1,4.1400705e-05,0.99981177,8.5880365e-06,9.401852e-08,0.00013785661,1.1403316e-07,2.2949807e-07
ISIC_0032080,3,1,1,0.00024474374,0.9997476,6.949243e-07,3.3300224e-10,6.581563e-06,3.704782e-08,4.2392898e-07
ISIC_0028908,3,1,1,0.0062229205,0.98834497,0.00069155556,3.054789e-05,0.0029870481,0.001706613,1.6316026e-05
ISIC_0025437,3,1,1,0.0648131,0.80900085,0.00075190264,2.3815537e-07,0.017843459,0.107586704,3.7349826e-06
ISIC_0027206,3,1,1,6.4224696e-05,0.9999302,2.5720334e-07,6.744046e-08,2.147634e-06,3.484475e-07,2.7246838e-06
ISIC_0032361,3,1,1,0.00070961565,0.99915695,3.417727e-06,9.451539e-09,9.3308314e-05,2.4556246e-05,1.2160212e-05
ISIC_0030775,3,1,1,0.035007976,0.9146454,0.00025806643,2.7664864e-06,0.00019842589,0.04967626,0.00021112556
ISIC_0031675,3,1,1,1.4742055e-06,0.9999925,9.9759234e-08,2.171934e-09,5.240346e-06,1.8879608e-07,5.1223117e-07
ISIC_0030866,3,1,1,0.012508504,0.98738414,2.3703144e-07,1.1431493e-08,0.000101832346,4.1565016e-08,5.2319824e-06
ISIC_0031998,3,1,1,5.0109134e-05,0.99991304,1.0013564e-07,1.5245523e-10,3.663205e-05,3.0416414e-10,1.5267678e-07
ISIC_0025919,3,1,1,0.00032209913,0.99964964,2.6724257e-08,3.6518405e-10,9.733954e-06,1.626396e-05,2.2534045e-06
ISIC_0026240,3,1,1,0.0018267881,0.99816734,9.909395e-07,1.6482658e-06,1.2809758e-06,1.2236248e-07,1.8119545e-06
ISIC_0029980,3,1,1,9.9641275e-06,0.9999245,1.4411755e-08,4.1791943e-09,6.486762e-05,4.232941e-09,7.223594e-07
ISIC_0029711,3,1,1,0.07827365,0.90052927,0.0007581698,3.9117613e-06,0.016221043,0.0041918997,2.2020873e-05
ISIC_0025449,3,1,1,2.7238179e-05,0.9999506,7.4926866e-06,5.0588903e-07,1.3452793e-05,1.6220083e-09,7.617459e-07
ISIC_0026649,3,1,1,2.2643504e-05,0.9982647,5.0119394e-07,1.3695332e-08,0.0016811907,1.5606174e-05,1.5399757e-05
ISIC_0026235,3,1,1,1.7022245e-07,0.9999916,2.7504714e-07,3.3035416e-08,7.721606e-06,3.950095e-08,1.8557891e-07
ISIC_0027638,3,1,1,2.4056362e-06,0.99943936,1.085921e-06,5.7295586e-07,0.000549691,4.0488348e-07,6.515952e-06
ISIC_0025720,3,1,1,5.1921334e-06,0.9999936,2.0121593e-10,2.3510508e-11,4.5344035e-07,8.637876e-10,8.025146e-07
ISIC_0025438,3,1,1,6.320799e-07,0.99020004,8.909882e-08,2.0824251e-09,0.009795766,2.1941435e-06,1.2692099e-06
ISIC_0026474,3,1,1,0.01906641,0.9634398,0.00052518153,1.4040651e-07,0.015837912,0.00027496993,0.00085552
ISIC_0028182,3,1,1,3.1549916e-05,0.9991028,1.6415e-05,1.367528e-07,0.0007716385,3.4720927e-08,7.742467e-05
ISIC_0025580,3,1,1,0.16214032,0.83785075,3.2424318e-06,3.762775e-10,4.431508e-06,5.3439425e-08,1.1852236e-06
ISIC_0026945,3,1,1,0.18203816,0.7987971,0.0040096473,2.5361738e-05,0.00012491646,0.014982076,2.2780583e-05
ISIC_0032183,3,1,1,4.9315686e-06,0.99999344,5.71112e-08,1.5016552e-08,4.4247827e-07,8.222234e-07,3.2210897e-07
ISIC_0029322,3,1,1,0.0707843,0.89011,0.0005712241,5.269824e-06,0.03844199,6.500344e-05,2.210533e-05
ISIC_0029449,3,1,1,0.0014153058,0.80000603,0.001598043,2.092926e-08,0.00022225648,0.19675727,1.0423862e-06
ISIC_0026906,3,1,1,1.29151185e-05,0.99902666,1.0519756e-05,3.4163538e-08,0.0009114909,4.5766838e-06,3.382806e-05
ISIC_0026252,3,1,1,7.69264e-07,0.9997035,4.8016723e-06,3.779272e-05,0.00024556502,2.823218e-07,7.2774574e-06
ISIC_0025997,3,1,1,2.879026e-05,0.9999178,3.7005306e-05,9.466371e-09,1.5502375e-05,5.7808785e-07,2.71995e-07
ISIC_0028422,3,1,1,2.5146225e-08,0.99999523,8.197062e-10,9.8245664e-08,4.3678588e-06,3.652044e-08,2.404637e-07
ISIC_0028695,3,1,1,1.2913428e-05,0.99963105,0.00011204606,1.845987e-07,0.00024315226,1.3174963e-08,6.1168276e-07
ISIC_0030614,3,1,1,0.003696515,0.9881687,0.0014216478,8.0575467e-07,0.006396382,0.00030812612,7.812172e-06
ISIC_0031116,3,1,1,0.11414925,0.8018611,0.019898739,5.496146e-06,0.050197154,0.013874839,1.3520757e-05
ISIC_0030357,3,1,1,0.005224419,0.99476826,9.483606e-07,1.8210902e-09,5.8639057e-06,4.7476138e-07,6.4425194e-08
ISIC_0026678,3,1,1,0.008354429,0.99064004,0.000536456,3.274531e-05,0.00030265268,8.3841194e-05,4.9745646e-05
ISIC_0026527,3,1,1,3.7251053e-07,0.9998573,4.262664e-09,2.3586805e-10,0.00014194941,2.2741151e-09,2.7064397e-07
ISIC_0032004,3,1,1,9.448517e-06,0.9998199,8.904833e-05,2.3718461e-05,4.4869637e-05,9.453883e-06,3.6312413e-06
ISIC_0027225,3,1,1,0.061192296,0.9030636,0.0023342627,6.3226776e-06,0.033112433,0.0001494776,0.00014162716
ISIC_0030154,3,1,1,1.5975507e-07,0.999987,3.4544887e-06,8.628751e-10,7.8715675e-06,8.058103e-09,1.5310691e-06
ISIC_0028284,3,1,1,1.6080014e-09,0.9999992,1.9978575e-08,3.828578e-10,6.5428475e-07,9.91961e-10,7.8898424e-08
ISIC_0027304,3,1,1,0.13130437,0.854883,0.001424156,2.8418401e-06,0.000620294,0.011757248,8.097786e-06
ISIC_0029168,3,1,1,0.19986884,0.80010986,2.0956397e-06,2.1311344e-09,1.302644e-07,1.9032206e-05,3.2210745e-09
ISIC_0025685,3,1,1,1.6991711e-06,0.9954874,1.045549e-06,1.2244001e-07,0.0045088655,3.015061e-07,5.583572e-07
ISIC_0026537,3,1,1,0.0016121116,0.8301098,5.8458583e-05,1.9281972e-06,0.1681982,5.071189e-06,1.4407536e-05
ISIC_0031343,3,1,1,0.0009494702,0.97544575,1.5230983e-06,7.78703e-07,0.023601022,3.3733453e-08,1.4630211e-06
ISIC_0027962,3,1,1,1.7541483e-05,0.99996585,2.3871285e-08,4.0894905e-09,1.6430837e-05,5.4012354e-08,6.651062e-08
ISIC_0029307,3,1,1,6.896599e-06,0.9999911,1.3044501e-08,1.3805324e-10,1.8797824e-06,5.1837166e-09,7.722399e-08
ISIC_0027325,3,1,1,6.0875955e-08,0.99950045,4.2346537e-07,2.2931548e-07,0.00049860857,1.6421879e-07,8.239904e-08
ISIC_0025147,3,1,1,0.00013381081,0.99647665,1.5641939e-06,4.7346482e-09,0.0033568882,2.1370404e-06,2.8935097e-05
ISIC_0029423,3,1,1,0.041279703,0.8831671,0.004442577,5.0053535e-07,0.009685406,0.061124653,0.0003001112
ISIC_0024456,3,1,1,2.1464266e-05,0.999205,1.6752963e-05,1.6982126e-07,0.0007442062,7.1106695e-07,1.16163665e-05
ISIC_0025890,3,1,1,7.0263866e-08,0.9999857,2.243806e-08,4.7720267e-08,1.410613e-05,2.2531046e-09,5.5422298e-08
ISIC_0024488,3,1,1,2.6184794e-06,0.9997137,7.6157144e-06,1.990758e-06,0.00027319492,1.1284476e-07,7.716486e-07
ISIC_0031120,3,1,1,0.00021259177,0.9997867,9.000099e-08,3.2495564e-12,6.9476636e-07,3.3512207e-11,5.08497e-09
ISIC_0026683,3,1,1,7.1142777e-06,0.9999925,8.144957e-09,6.4020955e-11,3.4001067e-07,3.0856867e-10,6.694438e-08
ISIC_0030613,3,1,1,6.305719e-05,0.99764603,3.629774e-05,2.7496414e-09,0.0022512833,1.0626188e-06,2.2234951e-06
ISIC_0026896,3,1,1,0.005305128,0.99020016,0.00027771277,3.060674e-07,0.0026383004,0.0015523691,2.609003e-05
ISIC_0027378,3,1,1,7.259713e-06,0.99999064,2.2962436e-08,8.755653e-10,1.36289e-06,6.601339e-09,7.6268446e-07
ISIC_0029517,3,1,1,3.415101e-06,0.9934112,7.4723815e-08,1.939469e-09,0.0065843062,8.972814e-07,1.2972733e-07
ISIC_0025290,3,1,1,0.00039427337,0.9995891,7.42604e-09,4.304387e-11,2.9059845e-06,1.3196244e-05,5.4657636e-07
ISIC_0031635,3,1,1,0.013372825,0.9535345,0.008364755,4.606221e-05,0.00018494637,0.024238711,0.00025813
ISIC_0030042,3,1,1,0.000840748,0.9991592,5.5809796e-10,2.025192e-12,1.1764664e-10,2.9837988e-10,2.2090937e-08
ISIC_0026747,3,1,1,4.0150445e-07,0.9353234,9.221896e-07,3.186162e-07,0.06467221,7.697501e-08,2.692183e-06
ISIC_0029006,3,1,1,0.00046920317,0.99668235,0.00034789188,8.333092e-07,0.002380502,0.000100839985,1.8442728e-05
ISIC_0029806,3,1,1,8.2542095e-10,0.9999994,5.608374e-10,3.5928448e-11,5.249525e-07,8.187338e-10,1.5697234e-08
ISIC_0030863,3,1,1,6.6301175e-07,0.9999713,6.1290024e-08,3.1963413e-08,3.9526385e-06,2.2503318e-05,1.5065428e-06
ISIC_0027682,3,1,1,3.2216914e-05,0.99996245,8.7448385e-08,8.831796e-10,6.170433e-10,3.5925514e-06,1.6016411e-06
ISIC_0029171,3,1,1,1.1737368e-06,0.998234,9.768264e-05,5.578803e-06,0.0016417466,1.3603943e-05,6.1755245e-06
ISIC_0029485,3,1,1,0.005093269,0.99490535,3.5312926e-09,9.217802e-11,1.0103412e-06,1.1431371e-07,2.1563406e-07
ISIC_0032479,3,1,1,0.05063666,0.8794118,0.00014244439,9.091015e-08,0.06705705,0.002740527,1.1378948e-05
ISIC_0031525,3,1,1,9.4505085e-06,0.9999238,3.408115e-05,1.1120676e-07,2.992115e-05,9.694573e-07,1.6183719e-06
ISIC_0028667,3,1,1,1.4896457e-06,0.9999973,9.965672e-09,1.6528833e-07,7.6352705e-07,7.636579e-10,3.0404945e-07
ISIC_0026191,3,1,1,0.00055002136,0.96562845,8.049366e-06,9.695993e-07,0.03371652,8.842695e-05,7.504753e-06
ISIC_0025704,3,1,1,8.120475e-05,0.999863,3.309294e-05,7.9919084e-07,3.27542e-06,8.490075e-06,1.01666865e-05
ISIC_0031764,3,1,1,2.4670231e-05,0.99820817,9.870071e-05,8.8695973e-10,0.001667104,1.1805275e-08,1.4168359e-06
ISIC_0026065,3,1,1,3.704256e-07,0.9994766,4.6313646e-05,2.092596e-06,0.00047108057,1.6089277e-06,1.9868953e-06
ISIC_0026007,3,1,1,0.013949767,0.9288026,0.00020953311,3.827176e-09,0.05702739,1.7191024e-07,1.0535826e-05
ISIC_0026259,3,1,1,9.74274e-07,0.9987027,5.771301e-08,3.6872803e-09,0.001294147,1.09741606e-07,2.0071825e-06
ISIC_0031128,3,1,1,0.18062961,0.81900805,0.0001303739,5.094931e-06,0.00018797789,3.727389e-05,1.6083595e-06
ISIC_0029968,3,1,1,9.848162e-05,0.9997985,7.659729e-08,2.0376836e-10,0.000102006714,1.1306554e-08,8.7863947e-07
ISIC_0030529,3,1,1,0.0013726436,0.8020312,0.0005074112,5.3633435e-06,0.024020705,0.17200433,5.8306603e-05
ISIC_0030984,3,1,1,9.704203e-06,0.9999795,2.7854543e-07,1.5501092e-09,7.129022e-06,2.2593154e-06,1.1388456e-06
ISIC_0026695,3,1,1,0.00043184776,0.9995678,8.635356e-10,6.7004066e-08,2.198364e-07,1.2492493e-09,2.0835136e-08
ISIC_0029903,3,1,1,0.0035533723,0.99625903,9.665893e-06,8.267222e-09,0.00017291475,7.1817897e-07,4.296369e-06
ISIC_0024455,3,1,1,1.0777429e-05,0.9992468,0.00072494417,7.6073825e-08,1.0598854e-05,1.00914e-06,5.759385e-06
ISIC_0025259,3,1,1,0.19921741,0.8002666,8.578914e-05,2.3085849e-09,0.0004067206,2.3351304e-05,1.2861624e-07
ISIC_0026975,3,1,1,0.00011592217,0.94350606,0.033808284,2.3660556e-08,0.011071114,0.011375522,0.00012310766
ISIC_0031391,3,1,1,0.00020093218,0.9950837,2.8359806e-05,3.05656e-07,0.0046486417,7.882476e-06,3.019311e-05
ISIC_0027228,3,1,1,5.1409215e-06,0.99997294,2.4473522e-08,2.4696922e-10,7.992616e-06,1.7535032e-07,1.3723441e-05
ISIC_0027885,3,1,1,6.9875317e-10,0.9999999,6.9298365e-12,9.551293e-11,1.17867465e-07,3.972177e-13,3.1202165e-09
ISIC_0026469,3,1,1,8.392514e-06,0.9998953,1.103327e-08,3.9115325e-10,9.6189986e-05,5.3548493e-10,1.5318103e-07
ISIC_0029758,3,1,1,1.1600475e-06,0.99990165,9.1868824e-05,2.4753993e-07,8.349664e-08,1.8308833e-07,4.7477233e-06
ISIC_0029103,3,1,1,0.0009464399,0.9756815,0.004157643,2.035849e-06,0.00044529,0.018720463,4.658951e-05
ISIC_0026143,3,1,1,3.6601556e-08,0.99996185,3.6572936e-05,7.467006e-10,6.3170137e-07,3.1399773e-07,6.320894e-07
ISIC_0027660,3,1,1,3.2191483e-07,0.9999943,8.9893504e-10,1.2131134e-09,5.212446e-07,3.1542834e-06,1.720415e-06
ISIC_0024589,3,1,1,4.4098132e-07,0.9999994,3.1644895e-08,3.652255e-09,2.5770987e-08,6.181436e-08,7.982334e-08
ISIC_0027013,3,1,1,0.19631398,0.8035455,4.618541e-06,4.5446245e-07,3.8397717e-05,9.0374604e-05,6.760244e-06
ISIC_0029383,3,1,1,0.0008108398,0.99910957,2.5969644e-05,3.1040912e-05,5.891248e-08,1.8881381e-05,3.568294e-06
ISIC_0032121,3,1,1,6.039872e-08,0.99992687,5.3920746e-07,1.192346e-07,7.176073e-05,1.07671745e-07,5.337798e-07
ISIC_0024388,3,1,1,5.198094e-06,0.9990674,1.998677e-06,3.8356693e-06,0.00091285154,4.1706653e-06,4.5599168e-06
ISIC_0026499,3,1,1,0.016106758,0.9825756,0.0012550302,2.2971285e-09,5.8457208e-05,2.6777689e-06,1.5333947e-06
ISIC_0024866,3,1,1,0.013159673,0.98681164,6.5656523e-06,8.640151e-08,1.2211656e-06,1.7797276e-05,2.9432142e-06
ISIC_0029858,3,1,1,0.017783655,0.98221475,1.287444e-07,3.807812e-08,1.1267265e-07,6.91743e-07,5.88665e-07
ISIC_0029925,3,1,1,0.08940659,0.8969573,0.0017987229,3.4910838e-07,1.6002328e-05,0.011784146,3.698955e-05
ISIC_0032137,3,1,1,1.8548377e-05,0.999454,1.7302678e-05,2.7733447e-05,0.00047872178,6.868788e-08,3.718098e-06
ISIC_0028875,3,1,1,0.00020985084,0.9970392,0.0017544897,7.058637e-05,0.0005983527,5.4297765e-05,0.00027319088
ISIC_0025998,3,1,1,2.232701e-05,0.9999563,2.9195814e-08,3.1171552e-09,2.1228985e-05,1.630613e-09,5.145818e-08
ISIC_0027943,3,1,1,4.6695428e-07,0.99963284,9.669768e-08,4.7061508e-07,0.00035798983,1.6450191e-06,6.4884784e-06
ISIC_0028778,3,1,1,0.00037398213,0.99956495,1.6030944e-07,7.646113e-09,3.9663755e-05,4.463896e-07,2.074306e-05
ISIC_0029399,3,1,1,0.0011395339,0.9968705,7.37371e-05,1.6328389e-06,0.00014125879,0.0017669864,6.3374987e-06
ISIC_0029663,3,1,1,0.001024461,0.99896574,7.742615e-06,2.185864e-08,9.53715e-07,5.8006816e-10,1.0580723e-06
ISIC_0032377,3,1,1,1.2289208e-06,0.9999193,5.406345e-07,7.964536e-09,1.4124162e-06,7.554954e-05,1.9477436e-06
ISIC_0030163,3,1,1,6.1648825e-05,0.99988973,3.091376e-05,1.1487783e-08,1.065993e-05,1.6885695e-06,5.3221984e-06
ISIC_0025408,3,1,1,1.453107e-07,0.99966204,7.4581665e-09,3.1163186e-10,0.000337059,5.872966e-10,7.702436e-07
ISIC_0027081,3,1,1,0.0036519398,0.9963449,8.15062e-08,7.0087176e-09,1.0708535e-06,7.139255e-07,1.2594817e-06
ISIC_0031884,3,1,1,1.790303e-05,0.9930671,6.741982e-05,8.792907e-06,0.006833029,1.1750388e-06,4.608303e-06
ISIC_0026860,3,1,1,2.0218515e-05,0.9999793,1.1701458e-07,1.0178373e-10,2.6609035e-07,7.394158e-10,9.591194e-08
ISIC_0026507,3,1,1,2.419143e-06,0.99051124,8.30794e-07,5.6455547e-09,0.009485055,9.216161e-08,3.9249616e-07
ISIC_0026486,3,1,1,0.004986446,0.81673014,0.03613663,8.015865e-06,0.12357286,0.018560816,5.1272914e-06
ISIC_0027092,3,1,1,0.0896802,0.8157765,0.00080503634,4.946609e-06,0.00020691936,0.09350134,2.5037612e-05
ISIC_0032053,3,1,1,0.014962365,0.9849475,1.6910644e-05,6.751638e-10,4.3142587e-05,2.6055433e-05,4.0087025e-06
ISIC_0030379,3,1,1,0.002120079,0.99573404,4.1985983e-05,3.0174363e-06,0.000691528,0.0013885391,2.0798861e-05
ISIC_0032216,3,1,1,0.00072142895,0.99927825,9.807097e-09,5.523014e-10,1.3938505e-07,5.5259025e-10,1.2771292e-07
ISIC_0030213,3,1,1,6.3345965e-07,0.99990594,1.5777278e-08,4.0024236e-08,9.143402e-05,1.4764121e-08,1.81816e-06
ISIC_0031729,3,1,1,0.0005313343,0.9993614,1.4061079e-06,1.0801682e-08,9.277572e-05,5.7990283e-06,7.304875e-06
ISIC_0025923,3,1,1,0.00050623255,0.9987792,4.745234e-05,2.7737493e-05,2.2766715e-05,0.00053969334,7.689513e-05
ISIC_0028140,3,1,1,0.00036224534,0.99956214,1.5530496e-07,3.414795e-09,7.430475e-05,9.460285e-07,1.423225e-07
ISIC_0027193,3,1,1,2.3834748e-07,0.99998415,1.2821211e-07,5.6023657e-09,1.3228428e-05,1.9939605e-06,2.7955e-07
ISIC_0026257,3,1,1,0.0085614305,0.966149,0.00070902775,1.1970171e-06,0.024100084,0.00044634883,3.3059845e-05
ISIC_0031370,3,1,1,6.911428e-05,0.9873026,1.4013096e-06,4.2914485e-07,0.012625339,1.2875091e-07,1.151295e-06
ISIC_0031914,3,1,1,0.0030383444,0.99664783,4.0865802e-06,1.1886104e-06,0.00030455468,2.5582804e-07,3.6698334e-06
ISIC_0028855,3,1,1,4.91756e-07,0.9998504,3.3062436e-06,1.4437708e-07,0.00012743691,1.0428696e-05,7.805197e-06
ISIC_0029710,3,1,1,0.19081856,0.80031556,0.0015509748,6.999471e-06,0.001253309,0.006042243,1.2314369e-05
ISIC_0030330,3,1,1,6.157857e-07,0.99748975,9.306591e-06,3.719822e-06,0.0002069524,0.0022810416,8.649715e-06
ISIC_0029852,3,1,1,0.01995263,0.9799104,1.413638e-07,4.4889417e-09,7.911217e-07,0.00013177558,4.337114e-06
ISIC_0026750,3,1,1,0.14510995,0.85436106,1.4290487e-05,2.1429482e-08,0.0005034363,4.0748887e-07,1.07545975e-05
ISIC_0032403,3,1,1,0.00021898122,0.9966463,2.0034327e-07,5.567782e-09,0.0031311293,7.530524e-07,2.5633167e-06
ISIC_0029949,3,1,1,1.8984476e-06,0.9985916,7.111771e-07,6.7635193e-07,0.0014033543,2.6720366e-07,1.4430495e-06
ISIC_0025920,3,1,1,1.8015377e-05,0.99957836,0.00029956945,2.4497766e-08,5.144474e-06,7.221961e-05,2.6624406e-05
ISIC_0028055,3,1,1,1.769202e-05,0.9999755,3.310319e-07,8.006246e-10,5.5735313e-06,3.6238208e-07,5.034984e-07
ISIC_0026535,3,1,1,9.2637914e-05,0.99990404,3.9110347e-07,2.036591e-09,2.7841522e-06,8.403459e-09,1.0004944e-07
ISIC_0026602,3,1,1,0.00077486987,0.9991314,3.18145e-05,3.2286174e-09,5.8990914e-05,2.7834276e-06,1.9139415e-07
ISIC_0029732,3,1,1,0.0033823587,0.9939357,0.00068053615,1.1402082e-05,0.001465119,0.0005094457,1.5500864e-05
ISIC_0032416,3,1,1,1.9715128e-07,0.99993706,7.6284203e-07,2.6446982e-09,5.413145e-07,9.2334915e-08,6.136926e-05
ISIC_0029587,3,1,1,0.0013832478,0.99847,1.551517e-07,1.3827389e-08,0.00014606863,3.3502463e-08,5.267546e-07
ISIC_0026685,3,1,1,1.700634e-05,0.9999558,6.639287e-08,3.135154e-09,9.357522e-06,1.4807156e-07,1.771787e-05
ISIC_0026724,3,1,1,0.00020801355,0.999654,2.2471775e-06,2.4609417e-10,1.1246434e-05,0.00011330818,1.1166861e-05
ISIC_0032386,3,1,1,4.5097415e-05,0.99995184,1.0110476e-08,1.0126577e-09,3.0300005e-06,2.1975246e-09,5.0847113e-08
ISIC_0026392,3,1,1,0.00011637756,0.99984246,7.5475873e-07,5.6100055e-07,2.9882483e-05,1.8395218e-06,8.152578e-06
ISIC_0032275,3,1,1,6.30853e-05,0.99965495,5.456533e-07,9.627194e-07,0.00028008682,3.0454693e-08,3.7264712e-07
ISIC_0029365,3,1,1,1.5046367e-06,0.99999076,1.5085274e-06,1.873951e-08,1.2673565e-06,4.7555345e-06,1.9639205e-07
ISIC_0028278,3,1,1,1.7925538e-07,0.9999528,5.387692e-08,1.0500285e-08,4.688059e-05,2.550617e-09,9.584221e-08
ISIC_0027687,3,1,1,5.0571646e-07,0.999399,1.2371226e-08,6.6562313e-07,0.00058529,1.2403873e-05,2.0815817e-06
ISIC_0025728,3,1,1,7.521541e-07,0.99993116,4.5472098e-07,1.360992e-07,6.7343535e-05,6.952378e-10,1.6605318e-07
ISIC_0026066,3,1,1,0.039042685,0.9490919,0.00047429503,1.5521744e-05,0.00029435632,0.010729479,0.00035170082
ISIC_0030178,3,1,1,4.172186e-05,0.9999577,2.233924e-08,4.133407e-11,2.3067307e-07,3.5993412e-07,8.515579e-08
ISIC_0028382,3,1,1,0.19010468,0.8097308,7.7918245e-05,1.9124278e-07,7.079505e-05,7.6012284e-06,7.993342e-06
ISIC_0026082,3,1,1,0.00011856305,0.9998492,6.213849e-07,1.4883168e-06,5.3912977e-06,1.348438e-06,2.3348744e-05
ISIC_0032032,3,1,1,2.1918436e-07,0.9999987,5.920676e-07,1.4181305e-11,3.185536e-07,1.1236166e-08,2.0247953e-07
ISIC_0029380,3,1,1,0.047416277,0.80325526,0.0015115687,2.1567885e-05,0.0009597189,0.14682892,6.6776056e-06
ISIC_0025462,3,1,1,1.5717691e-05,0.9999277,2.0172974e-05,1.6801398e-07,2.1126325e-05,6.3237835e-06,8.821054e-06
ISIC_0028432,3,1,1,1.1013148e-05,0.9998992,3.5083696e-05,2.4838498e-10,5.1784842e-05,7.3384776e-08,2.8581774e-06
ISIC_0024320,3,1,1,3.3539325e-07,0.99995136,3.411961e-06,7.1500733e-07,4.4052023e-05,3.428644e-09,6.678623e-08
ISIC_0025586,3,1,1,0.021778991,0.9767167,0.0011613278,7.537864e-07,0.00013935062,9.463231e-05,0.00010823647
ISIC_0026418,3,1,1,0.023235165,0.8091933,1.5989888e-05,2.306721e-08,0.16729233,0.00025858433,4.625047e-06
ISIC_0026102,3,1,1,2.1731421e-07,0.9999955,5.853889e-07,1.9908764e-09,3.4914804e-06,5.2849895e-08,1.5787819e-07
ISIC_0031262,3,1,1,0.0027548736,0.9961462,1.1873052e-05,5.0791016e-08,0.0008634436,0.00022327059,2.8507634e-07
ISIC_0027993,3,1,1,0.008401088,0.8385917,0.0021316118,2.968724e-08,0.15065402,0.00021567699,5.8799806e-06
ISIC_0024613,3,1,1,0.00021145932,0.99962056,5.94831e-07,2.6164798e-11,0.00016638024,6.8562165e-09,9.905855e-07
ISIC_0026667,3,1,1,0.000115512055,0.99975955,2.193997e-06,3.2125858e-09,7.718473e-05,4.5104032e-05,3.9265507e-07
ISIC_0025770,3,1,1,0.0028305457,0.99698764,9.673729e-05,4.6424134e-06,2.973312e-06,6.2720224e-05,1.4745531e-05
ISIC_0032224,3,1,1,1.2033168e-07,0.99970376,4.8614493e-06,4.3973948e-08,0.0002910702,6.274639e-10,1.4969572e-07
ISIC_0027804,3,1,1,4.012454e-05,0.99834234,1.5280857e-06,1.0045807e-08,0.0015204834,8.396593e-05,1.1489561e-05
ISIC_0028996,3,1,1,2.6627244e-05,0.9999728,3.8197797e-08,2.1592754e-10,2.4936654e-07,1.9125837e-07,8.090977e-08
ISIC_0031840,3,1,1,3.7564264e-06,0.9999798,9.652534e-07,2.9241481e-10,1.3788331e-05,2.2145126e-09,1.7132606e-06
ISIC_0028740,3,1,1,0.15550622,0.82657063,0.0031855498,6.975354e-07,0.004397058,0.010339322,5.371443e-07
ISIC_0029681,3,1,1,0.0004508059,0.99894464,3.615304e-06,1.3585499e-06,0.0005955933,1.3718516e-06,2.593429e-06
ISIC_0028206,3,1,1,0.00011703875,0.99988186,2.4626786e-08,4.0994586e-10,6.74409e-07,2.0038819e-10,4.4587236e-07
ISIC_0024785,3,1,1,0.0005553006,0.99942076,4.1134278e-08,8.543307e-09,9.350404e-07,2.2350314e-05,5.615213e-07
ISIC_0025566,3,1,1,1.1274221e-06,0.99999636,6.999243e-09,2.113814e-08,2.2940649e-06,6.471472e-10,1.8092172e-07
ISIC_0024347,3,1,1,0.17045082,0.79843664,0.014434619,1.6083048e-07,0.0041106557,0.01250461,6.25298e-05
ISIC_0029692,3,1,1,2.6608895e-05,0.9999709,2.3453315e-09,2.969849e-11,2.3696969e-06,9.27913e-10,1.2147491e-07
ISIC_0028717,3,1,1,1.2507966e-05,0.9939004,2.6369805e-06,3.4577638e-06,0.0060738185,5.768951e-07,6.6558177e-06
ISIC_0024413,3,1,1,6.931042e-07,0.9996187,1.0063741e-06,2.923042e-10,0.0003711927,1.1441635e-06,7.3097826e-06
ISIC_0031058,3,1,1,6.3699727e-06,0.99960077,3.7012643e-07,7.500148e-07,0.00038413276,2.0852285e-06,5.479993e-06
ISIC_0029114,3,1,1,0.00034403877,0.9916121,4.851393e-06,2.5297633e-09,0.008036806,3.1189404e-09,2.2979484e-06
ISIC_0031538,3,1,1,0.045227624,0.9484134,2.2220896e-05,1.4962262e-07,0.006323463,7.57291e-06,5.5362393e-06
ISIC_0026204,3,1,1,0.009490327,0.9895406,0.00090551714,1.1705736e-08,6.040601e-06,5.728048e-05,2.8629947e-07
ISIC_0028753,3,1,1,2.3042679e-09,0.9999998,7.481224e-09,2.8442911e-11,2.3230943e-07,5.013799e-12,9.40155e-09
ISIC_0032351,3,1,1,1.7019387e-06,0.99403286,1.4219838e-06,4.563919e-07,0.0059589213,1.417064e-06,3.21358e-06
ISIC_0029144,3,1,1,1.9754725e-07,0.99999887,1.2642958e-07,3.1463793e-10,1.1844217e-07,5.0587982e-08,6.5922984e-07
ISIC_0030939,3,1,1,6.834339e-06,0.99970275,2.9477116e-07,2.7299694e-07,0.00028952007,1.7403688e-07,1.8562147e-07
ISIC_0030212,3,1,1,0.00040035974,0.9995702,3.351885e-07,5.9679536e-08,3.964017e-06,4.722323e-09,2.509441e-05
ISIC_0026662,3,1,1,6.040953e-08,0.9999849,9.1375206e-08,7.161572e-09,7.5778867e-06,4.0377604e-06,3.3442273e-06
ISIC_0029136,3,1,1,0.00019640496,0.9989904,1.1093764e-05,2.3465284e-07,0.0007774624,5.790655e-07,2.3807424e-05
ISIC_0024905,3,1,5,7.438238e-08,0.24279347,4.6030898e-08,5.324827e-06,1.31735e-06,0.7571869,1.2851085e-05
ISIC_0030686,3,1,1,0.0011208209,0.99774754,0.000965465,0.00010495252,2.5574304e-08,5.4636877e-07,6.0670845e-05
ISIC_0026627,3,1,1,1.11269195e-07,0.9999874,2.224222e-09,9.278542e-11,1.952812e-06,4.578359e-07,1.0015162e-05
ISIC_0030506,3,1,1,1.5377325e-05,0.99993646,1.42918525e-05,1.9152462e-06,9.629879e-06,4.353473e-06,1.7973101e-05
ISIC_0032122,3,1,1,0.056782078,0.9428919,1.149243e-05,9.520818e-08,0.00030031518,4.6699324e-06,9.500238e-06
ISIC_0029186,3,1,1,0.00021540196,0.9997841,1.729957e-07,1.0256357e-07,1.5003624e-07,9.214897e-08,5.727717e-08
ISIC_0029304,3,1,1,0.0006301503,0.99932873,2.0329076e-06,3.8826347e-06,2.4086516e-05,4.227121e-06,6.904673e-06
ISIC_0028269,3,1,1,1.8025177e-05,0.99967957,2.4771746e-10,2.5042932e-10,0.0003018266,1.9746278e-08,6.1339074e-07
ISIC_0031075,3,1,1,9.634808e-06,0.99998915,4.5427204e-09,6.666047e-10,4.3008254e-07,8.082624e-09,7.8127795e-07
ISIC_0029960,3,1,1,3.647639e-05,0.9997196,2.5095792e-06,3.2587268e-05,0.00019475425,1.1822283e-05,2.248253e-06
ISIC_0030716,3,1,1,0.11391022,0.80118334,0.0019366856,5.8633793e-07,0.0017780339,0.08114208,4.919177e-05
ISIC_0027330,3,1,1,1.1207951e-06,0.9999968,1.3690117e-08,1.5033186e-09,2.1273709e-06,7.370146e-09,3.3921488e-08
ISIC_0026985,3,1,1,1.2319573e-08,0.9999903,9.581032e-09,1.05531965e-08,9.272507e-06,8.051223e-08,3.9175106e-07
ISIC_0031214,3,1,1,1.7344171e-06,0.9999857,1.3159335e-07,4.198602e-07,2.0734678e-06,4.1237417e-06,5.774244e-06
ISIC_0031073,3,1,1,7.867308e-08,0.9999949,4.2640798e-09,1.4037478e-10,2.6411003e-06,3.4750055e-08,2.384811e-06
ISIC_0024633,3,1,1,4.5820066e-06,0.9999874,1.2293066e-08,2.2605588e-11,2.725157e-07,2.5291022e-06,5.2362548e-06
ISIC_0029853,3,1,1,7.1807845e-06,0.9999798,3.2127085e-07,1.3553654e-10,1.1687611e-05,3.1944584e-08,9.957514e-07
ISIC_0024889,3,1,1,9.522647e-06,0.9058815,0.00012153156,8.61901e-07,0.09398211,1.7748704e-06,2.7194358e-06
ISIC_0028672,3,1,1,2.641106e-05,0.9999447,2.8578665e-06,1.7534878e-09,8.6292985e-06,1.512758e-05,2.2935817e-06
ISIC_0025502,3,1,1,5.162067e-05,0.9998827,1.8222548e-06,8.746216e-08,6.0794114e-06,5.5840792e-05,1.8081752e-06
ISIC_0026997,3,1,1,5.157364e-07,0.9997753,1.6060292e-05,5.937556e-11,0.0001338481,7.374298e-05,4.800618e-07
ISIC_0026164,3,1,1,1.3923081e-05,0.99998367,4.8094485e-08,1.5914038e-09,2.045665e-06,1.2618459e-08,2.661348e-07
ISIC_0028244,3,1,1,0.15834019,0.8415839,3.2494504e-06,2.4074275e-06,6.03238e-05,9.682522e-06,2.4290702e-07
ISIC_0025666,3,1,1,0.001377626,0.99505025,0.0032859754,2.1117196e-05,9.417352e-05,0.00013380437,3.7035563e-05
ISIC_0024438,3,1,1,9.821819e-08,0.9999911,9.779575e-07,1.0388796e-07,6.651494e-06,3.933789e-08,1.0257514e-06
ISIC_0031274,3,1,1,0.19892368,0.80102,4.4422786e-06,6.1804997e-07,6.827261e-06,4.3882894e-05,4.8354894e-07
ISIC_0025796,3,1,1,0.05931758,0.9107989,0.0013712186,2.1937128e-06,0.0011092315,0.027381897,1.8907322e-05
ISIC_0026434,3,1,1,2.0481752e-06,0.9999978,1.10294165e-08,4.7101e-10,1.5866182e-07,2.6480027e-10,2.3012742e-08
ISIC_0028624,3,1,1,1.5803544e-06,0.9999979,8.9469225e-08,2.722167e-08,2.6668238e-07,3.8712564e-08,4.6854684e-08
ISIC_0029421,3,1,1,9.053185e-06,0.99998873,1.9585013e-08,1.7701078e-09,2.0259645e-06,8.352673e-10,8.039707e-08
ISIC_0028892,3,1,1,1.728204e-05,0.99803275,2.6448333e-07,5.014207e-08,0.0019425213,8.943308e-08,6.9506304e-06
ISIC_0030046,3,1,1,0.00012408255,0.99975264,5.9408463e-05,8.9545466e-07,5.399176e-05,6.1596026e-09,8.981178e-06
ISIC_0026680,3,1,1,0.00022551997,0.9979342,4.980866e-08,2.394804e-09,0.0018345123,2.666995e-06,2.9736038e-06
ISIC_0027524,3,1,1,0.19481441,0.8028096,0.0003185146,4.2840675e-08,0.0010536626,0.0010028019,9.910335e-07
ISIC_0029690,3,1,1,1.1302376e-05,0.99996555,2.7629747e-08,1.6475781e-09,2.2976772e-05,8.288593e-10,9.8541065e-08
ISIC_0029981,3,1,1,0.0003121083,0.96867466,9.936534e-06,4.6918507e-05,0.03094308,2.6909186e-07,1.3037187e-05
ISIC_0026183,3,1,1,7.831023e-06,0.9977851,0.0016706005,0.000108913126,0.00041518622,4.6738623e-06,7.698651e-06
ISIC_0026459,3,1,1,0.0011690214,0.99072635,0.0025909657,5.198407e-06,0.0045184847,0.00088159245,0.00010840952
ISIC_0025282,3,1,1,2.4385336e-06,0.9998253,9.030433e-07,5.5470355e-08,0.0001632545,4.8157804e-06,3.2674743e-06
ISIC_0029275,3,1,1,0.029013166,0.96825707,7.217562e-05,1.2449156e-07,0.0024056172,0.00016813216,8.378331e-05
ISIC_0028697,3,1,1,0.000756218,0.9826251,1.4129993e-06,4.9040807e-07,0.015909033,5.494678e-08,0.00070770364
ISIC_0025202,3,1,1,4.4601265e-06,0.9998295,1.7916885e-07,7.4083123e-10,0.0001653144,2.4300197e-09,4.9506065e-07
ISIC_0026063,3,1,1,0.00027423314,0.9995713,9.113454e-06,7.6511606e-05,4.890044e-05,1.51884e-06,1.8387353e-05
ISIC_0024966,3,1,1,0.0023187057,0.97653866,0.00012769942,1.11749445e-08,0.019484203,0.0015165067,1.4186003e-05
ISIC_0030254,3,1,1,3.6406294e-07,0.999976,4.7742525e-08,6.891124e-09,2.3138566e-05,2.1810877e-07,2.1440837e-07
ISIC_0029957,3,1,1,2.7484075e-06,0.99999046,7.2042616e-09,1.8580899e-08,6.460422e-06,2.7993943e-09,2.5859603e-07
ISIC_0030551,3,1,4,0.00033416366,0.3981396,1.21454935e-08,9.547115e-08,0.6015251,1.9898592e-07,8.2746345e-07
ISIC_0027864,3,1,1,7.850355e-05,0.99989116,2.8854577e-08,8.081129e-08,1.5198859e-05,1.229379e-05,2.702092e-06
ISIC_0029552,3,1,1,1.3186199e-05,0.9997877,4.463909e-07,4.6091125e-10,9.744892e-05,9.9437755e-05,1.8420399e-06
ISIC_0027292,3,1,1,1.3870452e-05,0.9999038,6.3674327e-07,5.3590156e-07,7.8092075e-05,4.3099945e-07,2.6246803e-06
ISIC_0025010,3,1,1,1.1149988e-06,0.99998796,1.552324e-07,7.614796e-10,9.851958e-06,1.7103946e-07,6.719342e-07
ISIC_0031788,3,1,1,4.9395967e-06,0.9999722,2.9723603e-07,9.5261136e-08,1.3396811e-05,4.060221e-06,4.9229e-06
ISIC_0028268,3,1,1,1.0273438e-05,0.9999878,7.2188713e-09,3.5109948e-10,1.508807e-07,6.0426476e-07,1.1717495e-06
ISIC_0028171,3,1,1,0.06291729,0.9364217,2.9445457e-05,1.3715566e-06,1.1257177e-06,0.00062657084,2.5567706e-06
ISIC_0029535,3,1,1,2.2478275e-07,0.9999914,2.882311e-07,1.6676768e-06,5.7598e-06,4.330375e-09,6.7955e-07
ISIC_0024485,3,1,1,9.952364e-07,0.9993021,2.6603234e-06,1.0688405e-05,0.00067787874,6.555915e-07,4.9944474e-06
ISIC_0031983,3,1,1,3.9196493e-08,0.99997747,4.132629e-08,2.5449158e-06,1.9358795e-05,7.467091e-08,5.193525e-07
ISIC_0027830,3,1,1,1.1161998e-06,0.99994963,1.1676141e-06,8.4590674e-08,2.8406817e-05,1.4625277e-05,4.9677074e-06
ISIC_0027430,3,1,1,1.7751187e-09,0.9999169,1.1486991e-05,2.1737726e-11,6.441485e-05,4.1277552e-08,7.1521927e-06
ISIC_0029154,3,1,1,0.008229772,0.80061865,0.04585599,1.5291047e-05,0.07677197,0.06846614,4.222297e-05
ISIC_0030217,3,1,1,8.492721e-05,0.99979734,6.0181238e-09,2.534577e-07,0.0001171293,5.6094883e-08,2.8977053e-07
ISIC_0028119,3,1,1,0.00021372158,0.99939936,1.9274958e-06,2.9683213e-07,0.00023491518,6.793741e-05,8.1776234e-05
ISIC_0024390,3,1,1,1.0391004e-05,0.99976665,1.0842842e-06,1.0275523e-08,0.00022168946,1.4061851e-08,1.4805428e-07
ISIC_0030992,3,1,1,1.6578162e-05,0.99997693,1.1825531e-06,3.7438923e-09,5.178592e-06,2.0645119e-10,9.205117e-08
ISIC_0030983,3,1,1,2.0861919e-09,0.99994755,3.586668e-09,1.0526293e-11,5.24523e-05,1.8482996e-11,4.35728e-09
ISIC_0026035,3,1,1,5.590968e-06,0.9999939,5.3054348e-09,2.0753557e-10,2.6328888e-07,7.3363915e-09,1.5186738e-07
ISIC_0029173,3,1,1,8.503114e-09,0.999996,3.04426e-09,1.9384678e-09,2.1690544e-06,1.7037477e-08,1.9184936e-06
ISIC_0029964,3,1,1,8.6291375e-06,0.9949962,7.5007906e-06,7.715346e-05,0.004907816,6.526777e-08,2.682204e-06
ISIC_0029444,3,1,1,1.6530483e-10,0.99999475,3.5139834e-08,1.2491477e-12,8.823814e-07,1.5592428e-06,2.791157e-06
ISIC_0025572,3,1,1,1.6419654e-05,0.9998621,2.2924764e-06,1.5927206e-05,0.00010078478,2.050769e-06,4.8448453e-07
ISIC_0025757,3,1,1,0.17563541,0.8241784,5.0095096e-05,3.751146e-08,0.000116455674,1.725964e-05,2.2849656e-06
ISIC_0029818,3,1,1,5.285844e-06,0.9989705,2.7235862e-06,4.3751433e-07,0.0006806321,4.4784224e-06,0.00033590817
ISIC_0027835,3,1,1,5.4386084e-05,0.9999442,9.157718e-08,9.958963e-10,9.0716003e-07,2.689497e-07,1.7064643e-07
ISIC_0028330,3,1,1,1.1881894e-05,0.9999863,1.1709558e-07,5.000023e-08,1.5285411e-06,3.0710343e-08,1.1717119e-07
ISIC_0032488,3,1,1,2.170968e-07,0.9999954,2.391857e-07,7.230837e-08,3.224094e-06,4.0078316e-08,7.8149026e-07
ISIC_0025538,3,1,1,8.688628e-05,0.99987715,9.767321e-08,8.47043e-07,2.9006664e-05,5.839055e-06,1.7006126e-07
ISIC_0024353,3,1,1,0.0004630364,0.7999605,0.001564242,7.1456725e-08,1.2591835e-05,0.19799921,3.6914435e-07
ISIC_0030727,3,1,1,4.656354e-06,0.93495035,6.298827e-06,0.0005407574,0.06422267,1.5208304e-06,0.00027374685
ISIC_0030719,3,1,1,0.05928104,0.8143606,0.00063694216,1.3195835e-06,0.1256857,3.0885658e-05,3.4755626e-06
ISIC_0026472,3,1,1,0.0028147004,0.9963778,0.0003294549,7.967837e-06,1.0618694e-06,0.00045952285,9.418047e-06
ISIC_0029442,3,1,1,0.0356333,0.84334934,0.11162499,7.2126504e-06,0.0030867555,0.00617287,0.00012551506
ISIC_0026004,3,1,1,2.9136114e-09,0.9999954,4.014057e-08,2.5640784e-10,4.4102217e-06,1.7114258e-11,8.783412e-08
ISIC_0025694,3,1,1,3.7975107e-07,0.9996339,3.3447766e-06,1.3926079e-09,0.00036129256,2.527516e-07,8.3951056e-07
ISIC_0025232,3,1,1,7.2648146e-07,0.99999774,6.0154144e-07,1.0485059e-08,5.273833e-07,3.2724135e-08,4.0707602e-07
ISIC_0026307,3,1,1,0.00010653841,0.9998705,1.7431485e-06,3.661802e-09,2.1272686e-05,8.805182e-09,2.1232374e-08
ISIC_0030917,3,1,1,0.060085792,0.8000228,0.00525968,1.8499162e-06,0.0003765481,0.13425277,6.33038e-07
ISIC_0029477,3,1,1,4.5206343e-06,0.90004337,2.8340764e-07,3.0972164e-06,0.09992784,1.8871706e-05,2.011705e-06
ISIC_0030637,3,1,1,0.026025107,0.8995158,5.7043944e-05,2.0744355e-06,0.07294918,0.0014460905,4.7906433e-06
ISIC_0028471,3,1,1,1.6477608e-05,0.99996215,1.1861738e-06,2.0840938e-07,5.1964394e-06,1.0352151e-08,1.48077615e-05
ISIC_0028251,3,1,1,3.7378347e-06,0.9999876,7.76502e-09,2.0739783e-09,7.958525e-06,3.236343e-07,3.8339346e-07
ISIC_0028940,3,1,1,0.00017921394,0.9997185,7.240358e-05,2.8637756e-10,2.6840804e-05,1.2002874e-07,3.0489925e-06
ISIC_0026879,3,1,1,0.011695802,0.9882695,5.9969325e-06,8.1802305e-08,1.2957049e-05,1.3683132e-05,1.9774673e-06
ISIC_0029437,3,1,1,0.0067951092,0.98539674,6.112151e-06,3.9889394e-09,0.007785353,1.488157e-05,1.7264198e-06
ISIC_0031765,3,1,1,0.024275772,0.9018569,0.0732585,2.018724e-07,0.000110807494,0.00015112512,0.0003467184
ISIC_0031818,3,1,1,2.757864e-06,0.99990064,6.5860706e-07,9.5153536e-07,1.7759943e-05,7.460589e-09,7.7209515e-05
ISIC_0028458,3,1,1,9.281072e-07,0.9999983,2.9349573e-08,1.5167254e-08,3.272055e-07,3.2543916e-08,4.0043716e-07
ISIC_0025715,3,1,1,0.0012327253,0.9987434,1.5796857e-06,7.0017634e-08,5.0548016e-07,1.6559934e-06,2.0075442e-05
ISIC_0031415,3,1,1,3.5049447e-07,0.999969,7.7443964e-08,6.551233e-10,2.588443e-07,3.0182458e-05,9.3673165e-08
ISIC_0029910,3,1,1,3.951188e-09,0.99994457,1.7145394e-09,1.5462064e-10,5.546345e-05,4.837251e-11,3.937533e-09
ISIC_0030563,3,1,1,0.16451994,0.8025875,0.02451882,7.484741e-07,0.00023144748,0.008141259,2.603306e-07
ISIC_0024914,3,1,1,1.0756934e-05,0.9999868,8.8075194e-07,4.0717055e-07,2.1780443e-07,4.5262408e-07,4.8241463e-07
ISIC_0025595,3,1,1,3.871664e-06,0.99997234,2.853777e-07,2.6948715e-10,1.4200753e-05,9.163243e-06,1.7530803e-07
ISIC_0027424,3,1,1,0.13008252,0.801746,0.031716295,1.1225287e-05,0.0062548397,0.030179847,9.340663e-06
ISIC_0029134,3,1,1,2.3335676e-07,0.99999315,8.624471e-09,7.573569e-08,6.0326356e-06,6.3010547e-10,4.603361e-07
ISIC_0027532,3,1,1,1.5920747e-05,0.9955346,0.0002413973,2.0746048e-08,0.0041969717,6.238652e-07,1.0461537e-05
ISIC_0027070,3,1,1,0.0023214812,0.9768202,0.019319704,9.4344705e-07,0.0012920179,1.7497359e-06,0.00024386864
ISIC_0026732,3,1,1,2.2437812e-06,0.99998474,3.227117e-07,7.4163564e-09,1.2521885e-05,4.2493326e-10,1.8917758e-07
ISIC_0030290,3,1,1,1.8667463e-06,0.9998886,4.379e-08,1.7778318e-09,9.480465e-06,2.408616e-05,7.5923e-05
ISIC_0026495,3,1,1,0.0019750635,0.8665317,0.0055683646,3.9077177e-09,0.11446148,0.011426104,3.7226564e-05
ISIC_0032472,3,1,1,0.0004040699,0.99957514,4.820241e-09,7.468292e-11,1.45779975e-08,2.064664e-05,1.3173482e-07
ISIC_0030680,3,1,1,0.00951611,0.9902954,2.658811e-05,1.1126476e-06,0.00016019466,2.2578779e-07,3.6685233e-07
ISIC_0027446,3,1,1,0.012429992,0.8001493,0.000999403,8.724297e-08,0.001877036,0.18454367,4.8547747e-07
ISIC_0025098,3,1,1,2.5631693e-06,0.8639266,3.4775887e-06,2.6370449e-06,0.13605885,5.240443e-06,6.90419e-07
ISIC_0027233,3,1,1,1.3118745e-05,0.9991177,5.5741236e-08,8.823127e-09,0.00086766033,4.927907e-07,1.0482997e-06
ISIC_0030678,3,1,1,6.131486e-06,0.93192405,7.4472714e-06,3.8697217e-06,0.06805499,1.5732988e-07,3.332047e-06
ISIC_0030055,3,1,1,7.0452325e-07,0.99996644,2.7309937e-07,6.86765e-09,3.106402e-05,1.2596473e-08,1.4473603e-06
ISIC_0026851,3,1,1,0.00091653335,0.9978315,4.6033092e-05,2.1227681e-08,0.0004151153,0.0007845904,6.1437268e-06
ISIC_0031182,3,1,1,4.4753706e-05,0.99907446,1.2356196e-06,1.3837469e-07,0.0008785225,5.6902473e-07,3.0274603e-07
ISIC_0026894,3,1,1,1.3232695e-07,0.9999501,4.9704413e-06,6.119738e-08,1.39973445e-05,2.7958781e-06,2.7938e-05
ISIC_0026238,3,1,1,8.8648295e-07,0.9590794,0.00022817399,9.881509e-06,0.040521555,0.00011156368,4.8570357e-05
ISIC_0024727,3,1,1,6.419111e-05,0.9978844,1.29592545e-05,4.477716e-07,0.0020278823,3.271094e-07,9.7967395e-06
ISIC_0024751,3,1,1,0.00089733256,0.9968316,3.9818794e-08,2.7847705e-07,0.0022706636,8.4304963e-10,9.213106e-08
ISIC_0025765,3,1,1,9.551475e-07,0.99999505,3.484648e-09,4.6066848e-10,3.902261e-06,3.2995324e-08,2.2335035e-08
ISIC_0028663,3,1,1,0.09361018,0.90623415,9.829119e-05,2.6113316e-06,1.0090114e-05,3.0575942e-05,1.4067942e-05
ISIC_0027381,3,1,1,2.06835e-05,0.8029337,2.2365606e-05,1.113076e-08,0.19702286,5.4027602e-08,3.8550738e-07
ISIC_0030948,3,1,1,0.00029533292,0.9987637,0.00022040082,1.8400868e-07,0.00071532885,9.6838086e-08,4.9330692e-06
ISIC_0025405,3,1,1,0.0032568746,0.99671096,1.888333e-05,3.5954995e-09,1.1412749e-05,8.352911e-09,1.9071588e-06
ISIC_0030691,3,1,1,0.020265553,0.9784772,1.2472816e-05,1.3107658e-07,0.0008629974,0.0003757241,5.9830313e-06
ISIC_0029796,3,1,1,0.18476072,0.81509686,3.517153e-05,1.6485423e-07,9.7813165e-05,6.4817054e-06,2.7341798e-06
ISIC_0028522,3,1,1,3.4418983e-06,0.9997114,3.5950572e-05,2.6423942e-07,3.807541e-06,9.2164366e-05,0.00015296236
ISIC_0025705,3,1,1,0.07068573,0.9292635,4.6134384e-05,1.3829563e-07,3.959628e-06,5.7727704e-08,4.9934823e-07
ISIC_0026130,3,1,1,7.5979324e-06,0.9998647,2.6984585e-06,3.8055383e-05,7.7500816e-05,2.3094904e-06,7.155434e-06
ISIC_0024487,3,1,1,0.039913043,0.95958483,5.2135447e-06,5.226452e-08,0.00033756215,0.00012966289,2.9709106e-05
ISIC_0027583,3,1,1,1.3873386e-06,0.999993,1.5236114e-07,1.11009495e-08,6.674684e-07,1.9060657e-08,4.802033e-06
ISIC_0028112,3,1,1,0.00060180307,0.9993925,6.280605e-08,3.0658437e-10,1.9064955e-06,2.84305e-07,3.3481313e-06
ISIC_0028641,3,1,1,1.6973414e-05,0.99980223,9.617695e-07,1.230655e-09,0.00017400365,3.2020134e-07,5.4868738e-06
ISIC_0024840,3,1,1,4.6898098e-05,0.9997951,5.1951342e-06,1.1523055e-07,6.243321e-05,7.0704715e-05,1.9646537e-05
ISIC_0031414,3,1,1,1.7891404e-08,0.99998415,2.5009758e-08,2.0300245e-08,1.561907e-05,2.676453e-08,8.812941e-08
ISIC_0030650,3,1,1,5.870423e-05,0.9998496,3.1244867e-06,4.371068e-08,8.731028e-05,9.5939434e-08,1.0317501e-06
ISIC_0029890,3,1,1,0.047019564,0.95175934,0.00038651234,8.733391e-09,0.0007776398,4.9889244e-05,7.085963e-06
ISIC_0031356,3,1,1,0.17809056,0.7993807,0.016205706,6.673684e-07,0.005065323,0.0012517173,5.3296326e-06
ISIC_0031137,3,1,1,0.011730177,0.9882561,4.607762e-06,8.432859e-09,8.925051e-06,2.0890887e-09,2.4930767e-07
ISIC_0025602,3,1,1,3.89913e-05,0.9987035,0.00012126734,4.563747e-06,9.322399e-06,0.001075891,4.6504683e-05
ISIC_0026880,3,1,1,4.8674678e-09,0.9999994,1.8536546e-10,4.085207e-12,6.487568e-07,2.9398824e-11,7.383858e-09
ISIC_0032440,3,1,1,0.0007599493,0.9991754,6.221036e-06,1.939929e-06,5.5806326e-05,9.073757e-08,6.292594e-07
ISIC_0024341,3,1,1,0.005082964,0.9806927,0.0004459788,1.3696629e-05,0.013592109,7.972261e-05,9.2788614e-05
ISIC_0025217,3,1,1,0.014333865,0.9856291,4.0217083e-06,7.281057e-08,2.662791e-05,4.7835965e-06,1.6370861e-06
ISIC_0028402,3,1,1,1.7376642e-06,0.99999774,3.8899724e-08,7.733796e-10,6.5153955e-08,2.9387067e-07,8.340939e-08
ISIC_0029376,3,1,1,9.437116e-07,0.9999498,6.175901e-09,1.31110565e-11,4.863674e-05,1.9448918e-09,5.699636e-07
ISIC_0026161,3,1,1,6.8930226e-06,0.99997365,1.423411e-07,1.1564906e-09,7.303649e-06,1.171434e-05,3.735881e-07
ISIC_0028626,3,1,1,4.0806553e-06,0.9999938,3.7428243e-09,2.2386004e-10,7.152714e-09,2.5177098e-08,2.0365446e-06
ISIC_0028575,3,1,1,0.00083054166,0.9904181,7.910999e-05,1.219192e-06,0.007013251,0.0016375879,2.025955e-05
ISIC_0028089,3,1,1,0.16851267,0.8311027,0.00021432678,5.8040854e-07,8.499272e-05,7.03165e-05,1.429439e-05
ISIC_0027862,3,1,1,1.0541759e-06,0.9977673,8.154296e-05,1.6067544e-09,0.0020828175,3.6828525e-05,3.0326517e-05
ISIC_0026924,3,1,1,1.2326826e-07,0.9999935,8.669761e-09,6.0237355e-08,6.13672e-06,1.1846835e-07,4.779079e-08
ISIC_0031083,3,1,1,0.009413825,0.98553324,0.0004217707,0.003433242,0.00038738124,2.5622145e-05,0.0007849223
ISIC_0029673,3,1,1,2.3213732e-05,0.99996984,3.7403396e-08,6.668092e-09,1.0387851e-06,5.3637586e-06,5.748817e-07
ISIC_0026264,3,1,1,0.050431192,0.94664747,0.0002286816,3.827482e-06,0.0009680336,0.0017194066,1.4411087e-06
ISIC_0028841,3,1,1,0.00011845484,0.9895956,0.00017094995,3.3778468e-07,0.0014990564,0.008612914,2.7168385e-06
ISIC_0025385,3,1,1,0.0017999429,0.9973755,9.8356126e-05,2.1710148e-06,0.00012483278,0.0005726401,2.6560261e-05
ISIC_0027322,3,1,1,6.7465103e-06,0.999975,1.0666731e-05,5.186693e-07,6.3300745e-06,3.619121e-07,3.684482e-07
ISIC_0028379,3,1,1,3.7187474e-06,0.9997428,1.4378384e-07,6.981937e-07,0.00021521845,3.5876175e-05,1.5517969e-06
ISIC_0028948,3,1,1,6.439721e-05,0.9999348,2.9098256e-08,2.2267346e-09,3.796807e-07,1.0547854e-09,4.2662964e-07
ISIC_0030161,3,1,1,0.025475875,0.97452164,4.293266e-07,5.218665e-09,3.916537e-09,3.1805676e-08,2.0040293e-06
ISIC_0030218,3,1,1,6.4200134e-07,0.99943554,0.00011601464,1.3802654e-05,0.00040652757,5.9372973e-09,2.7567003e-05
ISIC_0030702,3,1,1,0.03207489,0.96790534,8.853837e-08,4.229009e-10,7.5078964e-07,9.48287e-06,9.409835e-06
ISIC_0028669,3,1,1,0.00017944339,0.99981755,7.8555535e-09,1.6398077e-10,2.0081859e-07,7.0856584e-07,2.0497148e-06
ISIC_0031010,3,1,1,0.00016408293,0.99983233,4.6773374e-07,3.2079498e-08,1.4895852e-06,3.6779728e-08,1.5675275e-06
ISIC_0028835,3,1,1,5.8569043e-05,0.99247074,0.0072915168,3.3004344e-09,0.00016869928,5.3181247e-06,5.177615e-06
ISIC_0026010,3,1,1,0.08819638,0.8897079,0.0066204546,1.9845006e-06,0.014231892,0.0007123637,0.0005290492
ISIC_0030632,3,1,1,4.2036626e-07,0.9999983,6.445099e-10,2.0191178e-10,3.558834e-07,2.0125266e-09,9.797986e-07
ISIC_0028047,3,1,1,0.0003044442,0.99952096,2.1642472e-07,5.888668e-07,6.6171935e-07,0.00016370854,9.501979e-06
ISIC_0025288,3,1,1,0.00017547407,0.9997196,4.4985207e-08,6.051944e-08,0.00010419371,1.00700746e-07,5.546323e-07
ISIC_0031732,3,1,1,9.0084615e-07,0.9999279,1.5642812e-05,3.3438183e-10,4.48664e-05,5.4391403e-08,1.0580981e-05
ISIC_0024759,3,1,1,7.8601595e-08,0.9999809,3.659275e-08,5.009783e-10,1.7010863e-05,9.95426e-10,1.9131298e-06
ISIC_0025329,3,1,1,3.4964353e-06,0.99915886,0.00077762007,3.611099e-05,1.4292105e-05,7.2105834e-08,9.552819e-06
ISIC_0027624,3,1,1,0.0010292934,0.9989706,1.2982998e-10,6.357574e-12,2.1918463e-08,7.455163e-09,1.6059357e-08
ISIC_0029737,3,1,1,2.4798981e-05,0.99871236,1.5902776e-06,4.2316493e-09,0.0012600062,6.7039004e-08,1.2807972e-06
ISIC_0029110,3,1,1,0.00020185621,0.9988244,2.5596153e-05,4.1574857e-08,0.00043862974,0.00048126193,2.8202256e-05
ISIC_0025215,3,1,1,1.7328686e-05,0.99998224,9.0524095e-09,1.9487516e-10,3.4099028e-07,1.0927803e-08,1.1476678e-08
ISIC_0026310,3,1,1,1.5811233e-07,0.99967754,5.8438303e-07,1.4659768e-09,0.00032061368,5.7859506e-08,9.914713e-07
ISIC_0024389,3,1,1,1.1464517e-05,0.99998224,8.863841e-07,3.8815465e-08,3.4882623e-07,4.381127e-06,6.2777684e-07
ISIC_0029658,3,1,1,0.0014344875,0.99645203,0.00077479833,2.307118e-06,0.00089492573,2.533017e-05,0.00041606664
ISIC_0027995,3,1,1,5.0191105e-05,0.99759895,0.00013712065,7.75163e-08,0.002203709,7.6997884e-07,9.236648e-06
ISIC_0025609,3,1,1,0.0013388068,0.9957999,6.346945e-05,1.9542435e-07,0.0027291607,5.6543945e-07,6.7884546e-05
ISIC_0029988,3,1,1,5.663145e-07,0.9999983,1.09665756e-10,1.1160474e-11,1.1513491e-06,2.9819535e-08,7.543944e-09
ISIC_0030676,3,1,1,4.8711918e-08,0.99994725,4.5747354e-05,1.3769455e-10,6.645667e-06,8.8995955e-10,3.2743839e-07
ISIC_0026723,3,1,1,3.3897281e-06,0.9999903,1.6134859e-08,7.956592e-10,5.132698e-06,1.3525205e-08,1.2445863e-06
ISIC_0031916,3,1,1,5.2347705e-06,0.9992361,4.849254e-08,3.3487609e-06,0.00075455767,8.62225e-09,6.2042056e-07
ISIC_0028754,3,1,1,0.20021081,0.79844666,6.0153852e-05,8.087492e-08,0.0011621726,8.0522834e-05,3.9669652e-05
ISIC_0030090,3,1,1,0.0009524721,0.98877925,0.00042572836,6.4506544e-06,0.009657318,6.256302e-05,0.00011622073
ISIC_0030805,3,1,1,2.4532999e-06,0.9996726,2.5444185e-09,8.05473e-09,0.0003187637,2.9171713e-07,5.8991873e-06
ISIC_0030780,3,1,1,0.018033722,0.9712679,0.0005068416,1.2390805e-05,0.00064040034,0.009504026,3.4809687e-05
ISIC_0028169,3,1,1,4.404454e-06,0.99999416,7.1204243e-09,3.1738706e-10,8.341161e-07,6.853037e-09,5.529134e-07
ISIC_0031183,3,1,1,7.910603e-05,0.9999194,2.6260498e-08,1.3584172e-09,2.3361072e-07,1.920112e-07,1.083514e-06
ISIC_0031242,3,1,1,0.0013877704,0.99856603,2.6827154e-06,5.3381233e-09,1.4040654e-05,1.026521e-05,1.9160541e-05
ISIC_0027520,3,1,1,0.000102343736,0.9998749,2.7929532e-06,3.029239e-09,2.946751e-06,1.6322843e-05,6.341319e-07
ISIC_0031338,3,1,1,0.07310136,0.79987514,0.009911836,6.409493e-06,0.0002880152,0.11681626,9.857928e-07
ISIC_0032360,3,1,1,0.0040751817,0.9959196,8.018751e-08,8.9606516e-08,2.8444595e-07,4.537316e-06,2.4268164e-07
ISIC_0028726,3,1,1,2.627969e-06,0.99999636,1.9670334e-09,6.2115736e-11,8.2542965e-07,6.904859e-10,1.7081868e-07
ISIC_0029403,3,1,1,1.7492255e-05,0.99991494,1.5970489e-05,1.0853794e-05,3.7974336e-05,8.6937723e-07,1.8994758e-06
ISIC_0028630,3,1,1,0.0033422143,0.9966526,2.1421675e-08,4.7504383e-08,4.13062e-06,9.158065e-08,9.2260404e-07
ISIC_0031944,3,1,1,0.003515454,0.90495527,8.43726e-06,2.0016898e-05,0.0914425,2.4662475e-05,3.369041e-05
ISIC_0031433,3,1,1,0.0076746987,0.9921139,7.552145e-06,1.0994646e-08,0.000100396326,8.155193e-05,2.1893018e-05
ISIC_0025737,3,1,1,5.677261e-05,0.99994296,9.375832e-08,1.990857e-08,3.278771e-08,1.5844158e-08,1.3831017e-07
ISIC_0032324,3,1,1,0.055160113,0.9448382,5.844966e-08,4.8893617e-10,1.0297109e-06,5.1269654e-07,5.662043e-08
ISIC_0028172,3,1,1,1.0856522e-06,0.99995214,8.2675876e-07,1.3634576e-08,4.130864e-05,1.2167259e-06,3.4722543e-06
ISIC_0024419,3,1,1,0.09089666,0.90832835,0.0004899667,6.718539e-06,0.00020617624,5.846687e-05,1.3591079e-05
ISIC_0026969,3,1,1,8.645364e-05,0.99991053,6.6514367e-09,6.0229226e-09,2.728423e-06,3.837926e-08,2.0281827e-07
ISIC_0025569,3,1,1,4.1717635e-06,0.9999388,3.451699e-05,6.2866263e-09,4.0981745e-06,1.3406972e-07,1.8270805e-05
ISIC_0029907,3,1,1,0.0018006985,0.9981176,5.708651e-07,2.028185e-08,7.719483e-08,8.019265e-05,8.604582e-07
ISIC_0032465,3,1,1,5.360256e-07,0.99301034,0.00014688999,3.0656397e-09,0.006832581,2.3322339e-07,9.40225e-06
ISIC_0026943,3,1,1,1.4345002e-07,0.99993074,6.2742447e-07,4.2672305e-08,5.893343e-06,3.9301503e-07,6.208466e-05
ISIC_0028605,3,1,1,7.466854e-09,0.99994075,9.564178e-08,5.3064326e-09,5.8186317e-05,4.0264694e-09,8.8732213e-07
ISIC_0032077,3,1,1,3.5820798e-07,0.99999905,4.1249342e-07,2.563653e-09,1.6063302e-07,1.06386025e-10,8.34009e-08
ISIC_0027363,3,1,1,3.9491024e-06,0.9999914,1.124846e-07,7.4002826e-09,7.562009e-07,2.9805965e-06,8.647768e-07
ISIC_0029259,3,1,1,1.7239256e-06,0.9999838,5.2457874e-08,1.6212711e-08,1.1563301e-05,1.1231156e-08,2.9119103e-06
ISIC_0026199,3,1,1,0.00016412004,0.9817928,0.005504381,1.1866747e-06,0.004085022,0.008414628,3.7862657e-05
ISIC_0029601,3,1,1,0.0001026111,0.9998641,1.2980838e-05,8.196005e-06,4.612249e-06,8.4415524e-07,6.7138453e-06
ISIC_0025380,3,1,1,0.06620629,0.8258505,0.0023275097,4.4819067e-06,0.0027833565,0.10270555,0.00012229176
ISIC_0030753,3,1,1,2.0044663e-06,0.9999956,2.4753522e-08,1.212031e-09,2.2767601e-06,7.128205e-10,4.997768e-08
ISIC_0027565,3,1,1,1.3484609e-07,0.99998915,1.3496648e-07,3.5391622e-07,1.00980715e-05,9.0786806e-08,6.11911e-08
ISIC_0028053,3,1,1,0.00012748598,0.9997549,2.8607423e-07,1.2076777e-09,2.1162275e-08,0.0001137324,3.6445185e-06
ISIC_0026315,3,1,1,0.01983612,0.9801594,2.8128198e-07,8.522172e-08,3.7447073e-06,1.3739208e-08,3.387749e-07
ISIC_0028955,3,1,1,5.7158522e-06,0.99923974,9.487283e-06,1.7765831e-05,0.0007248252,1.1841257e-06,1.2243552e-06
ISIC_0030600,3,1,1,9.598947e-07,0.99999666,1.5639332e-08,5.710592e-08,5.1595225e-07,1.1540486e-09,1.8007283e-06
ISIC_0029763,3,1,1,5.09386e-05,0.91385907,0.00058646954,0.0001275499,0.0851986,0.00016057558,1.6781389e-05
ISIC_0031841,3,1,1,5.634448e-07,0.99984485,6.5160915e-05,9.820341e-06,7.6430755e-05,2.2407316e-07,2.9432788e-06
ISIC_0025263,3,1,1,1.5722601e-06,0.9999193,2.3743707e-05,3.057918e-06,4.706047e-05,3.0505357e-06,2.118726e-06
ISIC_0027844,3,1,1,5.696493e-06,0.9999026,3.06479e-07,2.9441492e-07,9.1033864e-05,1.0870185e-08,7.40069e-08
ISIC_0028129,3,1,1,0.00035461423,0.9837432,0.0018961632,2.427649e-07,0.013887389,1.4227235e-05,0.00010411073
ISIC_0031507,3,1,1,1.576928e-05,0.99998057,1.6848605e-06,7.070271e-09,1.8888447e-06,1.0201501e-08,9.140972e-08
ISIC_0030157,3,1,1,5.9650847e-06,0.9998554,8.212619e-08,5.636339e-07,0.00013790376,2.9388603e-10,1.0777317e-07
ISIC_0030497,3,1,1,2.6539535e-06,0.9999796,5.2405323e-08,1.077801e-09,1.7503475e-05,3.1014546e-10,1.9641622e-07
ISIC_0026878,3,1,1,1.4801697e-05,0.9991598,4.2082132e-07,3.089449e-08,0.0008245328,3.8623515e-08,3.2337886e-07
ISIC_0031673,3,1,1,2.0238755e-05,0.9996297,9.852716e-05,6.0682814e-09,1.4592707e-05,0.00021370217,2.3209639e-05
ISIC_0032118,3,1,1,0.001151906,0.9978153,9.959414e-08,5.992093e-08,0.0010311462,1.1269078e-06,3.7455962e-07
ISIC_0027952,3,1,1,2.7952801e-06,0.99988097,4.6608247e-06,1.2466451e-08,0.000106855645,7.1172633e-07,4.0708455e-06
ISIC_0025625,3,1,1,0.046071,0.95274174,0.0006607771,9.593921e-06,0.0002718942,0.00019751737,4.752475e-05
ISIC_0030075,3,1,1,0.05628684,0.83155286,0.004885238,4.625022e-05,0.009951272,0.097197466,7.997284e-05
ISIC_0026684,3,1,1,0.0042979815,0.9945272,1.4972104e-05,3.9706126e-08,4.063863e-06,0.0011227274,3.2944972e-05
ISIC_0028061,3,1,1,8.730638e-06,0.999159,0.00033930666,4.822391e-07,0.0004374084,3.506049e-05,2.0128999e-05
ISIC_0028342,3,1,1,2.7698658e-08,0.99874556,0.0011997918,4.3200257e-10,1.7521046e-06,7.5701087e-06,4.5314366e-05
ISIC_0029415,3,1,1,0.0002343045,0.9997657,5.900308e-10,7.658635e-09,2.0016528e-09,9.062222e-09,3.041744e-08
ISIC_0032392,3,1,1,0.0008532496,0.99504805,1.1802676e-06,1.981025e-08,0.0040562963,2.9205028e-05,1.198788e-05
ISIC_0029509,3,1,1,1.363309e-05,0.9985236,7.638153e-06,5.914878e-06,0.0014415188,1.0771812e-06,6.6573075e-06
ISIC_0026736,3,1,1,0.013863134,0.984821,8.9742205e-09,1.6377708e-09,0.0012947656,1.9938614e-05,1.1736273e-06
ISIC_0024650,3,1,1,2.1782427e-05,0.9894829,2.465076e-07,1.3984885e-10,0.010494648,2.0681604e-08,3.928605e-07
ISIC_0026180,3,1,1,2.444152e-06,0.999441,3.667117e-05,8.976688e-06,0.0004843566,1.2734763e-07,2.6300137e-05
ISIC_0026003,3,1,1,2.3978833e-05,0.99754584,0.00013398477,3.4179405e-07,0.0022748953,1.5714326e-05,5.230408e-06
ISIC_0026932,3,1,1,8.703183e-08,0.9870245,7.4959724e-05,1.754254e-06,0.012893098,8.404069e-08,5.5245782e-06
ISIC_0027630,3,1,1,4.7176845e-06,0.9995631,7.207948e-06,1.0122128e-09,0.00042297682,4.0962817e-07,1.5495747e-06
ISIC_0025308,3,1,1,2.1192121e-09,0.99999905,2.0736623e-07,6.690789e-12,2.9211943e-08,2.2287576e-09,7.441305e-07
ISIC_0031921,3,1,1,0.00027739457,0.9991357,5.6701967e-05,4.5158517e-09,0.0004916977,2.9454397e-05,9.112397e-06
ISIC_0031365,3,1,1,2.5743964e-06,0.9869486,4.014812e-06,7.5709045e-07,0.013043014,2.970464e-08,1.0325518e-06
ISIC_0029155,3,1,1,4.6106816e-06,0.9999426,4.0761844e-08,9.230257e-08,5.2674684e-05,1.1976209e-08,2.7600553e-08
ISIC_0029105,3,1,1,6.846746e-05,0.9988883,0.000552054,0.0004132269,6.472219e-05,3.6830762e-08,1.3133201e-05
ISIC_0032296,3,1,1,9.329268e-06,0.9998854,3.6221176e-05,4.479476e-09,5.8637474e-05,1.7860064e-06,8.680724e-06
ISIC_0029236,3,1,1,0.016802672,0.9230647,0.000119733566,3.435087e-06,0.059970487,1.0501701e-07,3.885946e-05
ISIC_0031426,3,1,1,0.0018660877,0.9959693,0.0006986414,5.4410987e-07,0.00041234648,0.001030254,2.2888056e-05
ISIC_0030831,3,1,1,0.00011959586,0.997773,1.853321e-05,2.9354672e-08,2.3781045e-05,0.002052816,1.2271945e-05
ISIC_0030865,3,1,1,0.0003151576,0.9996847,7.506195e-08,1.157248e-10,6.8105376e-11,3.6325393e-10,3.1839285e-08
ISIC_0031254,3,1,1,4.5740933e-05,0.9999477,3.1094007e-07,3.246982e-07,5.4100738e-06,2.4192437e-07,2.509948e-07
ISIC_0030109,3,1,1,4.313719e-07,0.9999987,1.0963166e-09,2.3647473e-12,2.5502789e-09,2.8976603e-09,9.3883773e-07
ISIC_0028012,3,1,1,0.0033615637,0.99601144,1.5385268e-07,5.6155536e-10,0.00062562193,2.8262176e-07,9.343353e-07
ISIC_0030108,3,1,1,2.2911767e-07,0.9999998,9.852662e-12,2.1184067e-11,1.1671461e-10,8.709524e-12,2.2084066e-09
ISIC_0027921,3,1,1,7.123228e-05,0.99992406,4.3350576e-09,7.7102534e-12,4.451433e-06,9.166776e-08,1.7403113e-07
ISIC_0028566,3,1,1,5.3652298e-06,0.99998796,3.7134073e-06,8.142846e-09,7.884005e-07,2.0855946e-06,9.5635116e-08
ISIC_0030618,3,1,1,6.135462e-06,0.9996435,3.2516386e-08,8.265944e-07,0.0003303871,3.2471213e-08,1.9087864e-05
ISIC_0024484,3,1,1,0.1352888,0.85639316,0.0022006459,1.9461204e-08,0.006037785,6.897883e-05,1.0678166e-05
ISIC_0025134,3,1,1,2.0656207e-05,0.9862853,0.00020323729,1.0688982e-06,0.013350236,2.9210048e-07,0.00013918677
ISIC_0031892,3,1,1,8.1859423e-07,0.9999973,4.6050098e-07,2.219136e-10,8.6727977e-07,7.698139e-11,4.8991467e-07
ISIC_0028417,3,1,1,0.08179164,0.7842396,0.039108288,5.7465877e-06,0.09459071,0.00024172342,2.2322864e-05
ISIC_0026632,3,1,1,0.00014059158,0.993381,9.333229e-08,3.451832e-07,0.0064774356,2.6447248e-07,2.878908e-07
ISIC_0026934,3,1,1,1.4688283e-05,0.99998367,1.7317069e-09,8.97486e-09,4.9984567e-07,8.0086545e-07,3.1300692e-07
ISIC_0026346,3,1,1,0.0022962335,0.99770224,6.390901e-08,3.0304463e-08,4.0597314e-07,9.586822e-07,6.7824224e-08
ISIC_0032475,3,1,1,0.012630457,0.98689926,2.8288014e-06,4.430377e-10,0.00046611312,7.293254e-07,6.1076526e-07
ISIC_0032294,3,1,1,6.19591e-05,0.9999369,3.8277467e-08,9.277049e-11,9.35284e-07,4.1179085e-08,1.1733353e-07
ISIC_0027898,3,1,1,3.9821985e-05,0.9998226,9.711024e-07,4.194036e-11,4.909961e-05,1.5755592e-06,8.594183e-05
ISIC_0026726,3,1,1,0.00012877425,0.9969881,1.2393718e-05,1.7306567e-10,6.295041e-06,3.213336e-07,0.00286416
ISIC_0028293,3,1,1,2.7202525e-05,0.9990573,6.4952957e-07,1.6576242e-07,0.0008851762,2.8717393e-05,7.284261e-07
ISIC_0029093,3,1,1,1.0658886e-06,0.99999636,2.7148627e-07,4.9294293e-09,7.900502e-07,1.4608926e-06,7.549302e-08
ISIC_0032428,3,1,1,0.2112873,0.7883,4.2221463e-06,1.3930347e-08,0.00024232474,0.00016544719,7.031629e-07
ISIC_0032342,3,1,1,0.0037972438,0.99563473,3.0027518e-06,3.073072e-07,0.0005540857,1.0476075e-05,1.337186e-07
ISIC_0027198,3,1,1,0.0008642286,0.9991109,4.6738302e-07,4.1016204e-07,3.3444152e-08,2.3560688e-05,4.3303402e-07
ISIC_0025779,3,1,1,0.18736312,0.8013476,0.0013224257,2.0808342e-08,4.2752938e-05,0.009923752,2.7741774e-07
ISIC_0024842,3,1,1,0.030428553,0.9591323,0.00014530939,2.6711618e-07,0.0021865326,0.008083413,2.3675795e-05
ISIC_0028803,3,1,1,0.054858755,0.9450823,4.7019416e-06,9.422305e-06,2.5919344e-06,4.1583142e-05,7.1234456e-07
ISIC_0027249,3,1,1,4.0830948e-08,0.9999981,3.4766745e-07,3.6424856e-12,3.31811e-07,1.0361812e-06,1.9291383e-07
ISIC_0031563,3,1,1,3.378647e-08,0.999983,4.498517e-06,2.98011e-11,8.62247e-06,1.8244478e-06,2.03048e-06
ISIC_0024642,3,1,1,0.040717978,0.9591466,9.3556343e-07,7.862758e-07,1.6800092e-05,1.0072593e-05,0.00010684018
ISIC_0025959,3,1,1,0.057132345,0.94155025,1.988413e-05,1.3053389e-07,9.447076e-05,0.0011372098,6.568408e-05
ISIC_0032985,3,0,0,0.597957,0.40203333,2.5607778e-09,1.9513999e-10,9.614179e-06,3.944172e-11,4.091471e-08
ISIC_0024798,3,1,1,1.5529447e-06,0.9994219,0.00051537657,2.3642768e-10,4.1176253e-07,1.4421152e-05,4.6350207e-05
ISIC_0025152,3,1,1,2.1131282e-07,0.99674594,5.3238846e-06,1.1425657e-10,0.0022292763,6.025178e-06,0.0010132173
ISIC_0029045,3,1,1,0.011685165,0.9882929,1.2033328e-06,8.071834e-09,1.9979709e-05,6.7059335e-07,3.0691307e-08
ISIC_0031160,3,1,0,0.7648624,0.23507413,2.004955e-06,1.0270475e-06,6.011301e-05,6.874144e-08,1.7175296e-07
ISIC_0026666,3,1,1,0.003427518,0.6028221,0.00027275758,0.00014539456,0.10618918,0.28713313,9.9300205e-06
ISIC_0026552,3,1,1,0.16614194,0.81291455,0.00020166575,4.8747056e-06,0.020660669,3.0759504e-05,4.5482324e-05
ISIC_0029985,3,1,1,0.08644692,0.8987274,0.0006300219,1.6392289e-05,0.013293368,1.3698282e-07,0.0008857295
ISIC_0024891,3,1,1,0.016890679,0.87439644,0.0070532328,2.284108e-05,0.100335196,8.983849e-07,0.0013007515
ISIC_0027662,3,1,1,3.5997328e-08,0.9574954,0.00021727578,1.1140212e-09,0.03500975,0.006828077,0.00044944038
ISIC_0031143,3,1,1,0.006699828,0.98391646,3.9919115e-07,2.6406546e-09,0.009352164,3.0654184e-05,5.2197913e-07
ISIC_0031863,3,1,1,0.19338389,0.8000933,0.0008020443,1.199122e-07,0.0008185751,0.0049018865,2.2815975e-07
ISIC_0028401,3,1,1,0.17452267,0.81679285,0.0035260108,1.6424998e-07,0.0031874492,0.0019345047,3.6283753e-05
ISIC_0030371,3,1,1,0.072848655,0.9271,4.401859e-06,7.530876e-06,6.8348572e-06,2.8516864e-05,4.0449945e-06
ISIC_0027497,3,1,1,0.0014329083,0.9398055,4.9514783e-06,1.6822356e-06,0.058708202,8.426436e-06,3.8285943e-05
ISIC_0028255,3,1,1,0.14055517,0.8047708,0.0030142937,0.00055593293,0.032177713,0.018790908,0.00013516455
ISIC_0028371,3,1,1,0.0018712434,0.99781036,2.6058538e-06,2.4374643e-08,0.00031230124,2.9211074e-06,5.480093e-07
ISIC_0030063,3,1,1,0.0010031536,0.99897844,7.995803e-07,9.427596e-11,3.6225138e-06,2.5146005e-06,1.1546968e-05
ISIC_0029986,3,1,0,0.756345,0.24248691,6.2545985e-07,6.27729e-05,0.0011037982,2.5517778e-08,9.1973544e-07
ISIC_0027010,3,1,1,0.22524662,0.77441335,0.00014216188,1.3458344e-05,0.00018150394,1.0557143e-06,1.8372878e-06
ISIC_0027861,3,1,0,0.80195063,0.11932981,0.0072563477,0.01205449,0.058514427,0.0006684522,0.00022589178
ISIC_0029409,3,1,1,0.09470184,0.8586734,0.0008647373,4.6877432e-07,0.04534494,0.00013302785,0.00028169295
ISIC_0032364,3,1,1,0.493015,0.4984241,0.000715427,8.0347843e-07,0.000733588,0.0070707723,4.033796e-05
ISIC_0031959,3,1,1,0.053046785,0.5606833,1.4880576e-05,1.4520695e-06,0.37046114,0.00024646608,0.015545947
ISIC_0032078,3,1,1,4.3783864e-05,0.99870694,3.7050137e-07,5.615708e-08,0.0011347849,3.8616264e-07,0.00011371895
ISIC_0028528,3,1,0,0.550216,0.44968295,1.11752186e-07,1.5705452e-09,0.00010047176,9.657525e-08,3.8433194e-07
ISIC_0029945,3,1,0,0.8537567,0.13931969,5.8508167e-06,4.3845166e-06,0.0068612457,4.871335e-05,3.4932468e-06
ISIC_0026148,3,1,1,0.23435195,0.7640169,0.0006479927,6.521016e-06,0.00026117364,0.0002872025,0.00042831586
ISIC_0028810,3,1,0,0.98215497,0.017681677,1.8287834e-05,7.927843e-09,1.04721885e-05,9.647823e-05,3.814141e-05
ISIC_0031615,3,1,1,0.00066997146,0.96781063,1.6328662e-05,2.8962006e-08,0.031483915,1.627668e-05,2.9077994e-06
ISIC_0031592,3,1,1,7.325979e-06,0.9994324,8.763356e-09,7.582891e-12,0.0005594858,6.779313e-07,1.1881805e-07
ISIC_0026303,3,1,1,0.18420471,0.8142848,0.00090960396,1.0324515e-06,0.00033311546,0.00018901913,7.771577e-05
ISIC_0030125,3,1,1,0.20608613,0.7837604,0.0014878327,6.442541e-08,3.8330027e-06,0.00041609636,0.008245628
ISIC_0025812,3,1,1,3.8124713e-06,0.99996436,1.1521553e-05,1.2081566e-09,1.9576446e-05,1.1014999e-08,8.4220954e-07
ISIC_0029357,3,1,1,3.6514586e-05,0.99316484,0.00021549664,1.7555131e-09,0.0062426785,0.00016638674,0.00017407662
ISIC_0029846,3,1,1,5.1608356e-05,0.9998859,4.44142e-05,1.0932753e-11,3.5086425e-06,2.1197343e-07,1.4285704e-05
ISIC_0029194,3,1,1,6.2476107e-07,0.9999989,1.7368359e-07,1.1677323e-10,4.243206e-09,6.775366e-08,2.2261028e-07
ISIC_0024340,3,1,1,0.0011137105,0.6727085,0.00010081635,4.4699283e-07,0.3258291,0.0001011763,0.00014630932
ISIC_0027361,3,1,1,0.0002691129,0.5564664,3.0383275e-05,1.748801e-06,0.44260293,0.00012595137,0.0005034638
ISIC_0030406,3,1,1,5.2707408e-05,0.9940346,0.0010290524,2.850655e-07,0.0011739002,5.431956e-06,0.003704038
ISIC_0026633,3,1,1,4.520899e-05,0.97753084,1.532632e-05,1.0219812e-06,0.022093652,7.498983e-05,0.00023895444
ISIC_0027086,3,1,0,0.5544816,0.4163323,0.00035115384,3.73177e-05,0.010638023,6.499114e-05,0.018094618
ISIC_0025689,3,1,1,0.00026379217,0.50257254,1.6157213e-05,1.504432e-07,0.49710035,3.1665822e-06,4.3821292e-05
ISIC_0027709,3,1,1,0.00024046827,0.9310733,1.4595859e-06,9.7066035e-09,0.06867719,7.70965e-07,6.772026e-06
ISIC_0025909,3,1,0,0.5130404,0.48695835,4.6228448e-07,1.279634e-09,5.9484614e-07,1.4465556e-07,2.6584221e-08
ISIC_0028831,3,1,1,0.0899906,0.90926874,1.150367e-05,1.6234658e-07,0.0007273611,1.882684e-07,1.4398064e-06
ISIC_0029435,3,1,0,0.6929231,0.30706626,1.8837818e-08,3.6719217e-10,1.0215554e-05,3.2271117e-09,3.8913316e-07
ISIC_0025850,3,1,1,0.34397918,0.64489067,0.00029124267,3.335004e-05,0.00015177623,0.010422689,0.00023109392
ISIC_0029187,3,1,1,0.38405758,0.6148944,0.00037074904,3.9355297e-07,0.00014156566,0.0004906797,4.4583936e-05
ISIC_0030473,3,1,0,0.71430075,0.28569907,4.0135077e-08,1.0499348e-09,3.1753977e-08,7.856185e-08,7.520706e-09
ISIC_0025907,3,1,1,0.006975123,0.98452294,2.2846412e-07,3.915364e-11,0.008498822,1.9335548e-06,9.761524e-07
ISIC_0027113,3,1,1,0.0033837487,0.9966052,8.8955204e-07,5.2379934e-10,9.7540205e-06,1.3782831e-07,3.4302752e-07
ISIC_0024831,3,1,1,0.0003046828,0.80122125,0.19277772,3.9651074e-09,5.0151768e-05,0.005643148,3.0338608e-06
ISIC_0026869,3,1,1,1.9199373e-05,0.97680986,0.0004478294,5.2201076e-06,0.022599991,5.222591e-06,0.000112582915
ISIC_0026186,3,1,1,0.00017949223,0.9975025,8.621184e-06,4.1010906e-09,0.0022949134,9.069565e-06,5.413283e-06
ISIC_0025156,3,1,1,0.00027545376,0.997235,2.6562655e-06,4.4125574e-08,0.0024098693,5.688122e-07,7.6418786e-05
ISIC_0028751,3,1,1,0.0003924407,0.9995686,8.6007255e-08,3.9320084e-06,3.386813e-05,1.6473595e-07,1.016156e-06
ISIC_0027024,3,1,1,0.19557053,0.7989677,0.002700117,6.6586426e-06,0.0018376883,0.0008724465,4.4801407e-05
ISIC_0033745,3,1,1,0.010230787,0.6987042,0.013264665,7.1426344e-05,0.1501544,0.021113802,0.106460765
ISIC_0033112,3,1,1,0.003765034,0.66692555,0.010223402,0.00016102336,0.30551586,0.001830518,0.01157863
ISIC_0025598,3,1,1,0.003845475,0.6633681,3.5648059e-06,1.6252758e-05,0.33261698,9.341813e-05,5.6263503e-05
ISIC_0028977,3,4,4,0.00012272716,0.15057434,5.609537e-06,4.7814407e-05,0.84923124,1.3904029e-05,4.268234e-06
ISIC_0026403,3,1,1,0.27202588,0.7123672,2.1149088e-05,0.01147921,0.0036886293,0.0003373089,8.0671525e-05
ISIC_0029491,3,1,1,0.33352423,0.6616339,1.0747806e-05,0.0025715285,0.0021160145,2.7000278e-05,0.00011652764
ISIC_0025049,3,1,1,0.09285077,0.90640986,3.0876433e-07,5.7477024e-08,0.00073019136,2.6963942e-06,6.0964135e-06
ISIC_0026423,3,1,1,0.003012665,0.98884803,4.21219e-07,5.675763e-06,0.008123142,1.4485892e-06,8.644236e-06
ISIC_0026432,3,1,1,0.17380846,0.819114,0.0006666669,4.956481e-07,0.0014395817,6.558745e-05,0.004905187
ISIC_0030462,3,1,1,0.13478777,0.86473274,2.9958199e-05,2.3580773e-07,0.0004125969,3.609611e-05,6.014232e-07
ISIC_0033971,3,1,1,0.28532368,0.7143615,4.78773e-06,4.4388953e-06,8.117224e-06,0.00029690735,6.530005e-07
ISIC_0032527,3,1,1,0.29786652,0.7015084,3.6894107e-06,0.00010773055,1.678546e-05,0.0004950864,1.7988883e-06
ISIC_0032964,3,1,1,0.14007604,0.8599067,1.1132196e-07,1.6358015e-08,1.5870004e-05,7.919457e-07,5.6152646e-07
ISIC_0025619,3,1,1,0.0030805315,0.7043351,0.12031907,2.5469399e-05,0.093328886,0.07034281,0.00856814
ISIC_0031613,3,1,1,0.101023816,0.7349652,0.005997306,8.846582e-05,0.0212203,0.13664563,5.9239836e-05
ISIC_0029953,3,1,1,0.06569695,0.88115704,0.00034369572,2.6561747e-06,0.04234387,0.010368495,8.725312e-05
ISIC_0027087,3,1,1,0.19851223,0.79846424,0.0003102566,0.0021020689,0.00023808835,0.0003084822,6.4602165e-05
ISIC_0034267,3,1,1,3.976923e-06,0.82548743,5.180047e-05,4.56681e-09,0.17436542,2.3856745e-07,9.110943e-05
ISIC_0033137,3,1,1,3.6077116e-05,0.98974353,2.8572954e-06,5.2124483e-09,2.0520163e-06,4.3431473e-07,0.010215072
ISIC_0032953,3,1,1,0.06084398,0.93793166,2.0211257e-06,3.5057387e-06,2.6047928e-05,3.6412025e-06,0.0011891127
ISIC_0033331,3,1,1,0.01876517,0.90095174,0.00017763599,0.00036816168,0.079644956,1.7839793e-05,7.4492e-05
ISIC_0034192,3,1,1,0.08983194,0.909915,1.9497728e-07,5.5730277e-07,0.00025202322,3.0060278e-08,2.6247042e-07
ISIC_0033689,3,1,1,0.026402254,0.9730671,1.1059149e-05,3.309048e-06,0.0005108947,1.5489275e-07,5.219729e-06
ISIC_0034136,3,1,1,0.34043416,0.64979655,0.00053331873,0.001162254,0.005038017,0.002989129,4.6607693e-05
ISIC_0033386,3,1,1,0.08795253,0.9057266,0.00029246364,3.5843806e-07,0.0059422017,7.301366e-05,1.2774825e-05
ISIC_0033003,3,1,1,0.057709612,0.9226092,3.3601827e-06,1.8021376e-05,0.019558726,9.4487805e-05,6.540044e-06
ISIC_0033511,3,1,1,0.0009581267,0.9983878,1.2470868e-08,5.0448117e-09,0.00065402145,6.830182e-09,1.3767381e-08
ISIC_0027250,3,1,1,0.053133536,0.9464142,2.0653912e-05,6.939952e-07,0.00039898124,8.5534083e-07,3.1025706e-05
ISIC_0025309,3,1,1,0.0003452537,0.9010035,0.037288077,1.3677522e-05,0.06132134,2.4330186e-05,3.8254016e-06
ISIC_0031466,3,1,1,0.035982363,0.62559056,0.11294999,0.15581495,0.049606044,0.019345928,0.0007101797
ISIC_0031048,3,1,1,0.17823495,0.79982865,0.018737976,0.0011137882,0.0006063091,0.0014684795,9.784708e-06
ISIC_0027432,3,1,1,0.0261085,0.9738868,2.3622492e-06,8.799452e-12,2.2335735e-06,3.7679477e-08,7.710527e-08
ISIC_0024907,3,1,1,0.15527917,0.83820754,0.004380337,9.122884e-08,0.0020710044,5.9676746e-05,2.2000581e-06
ISIC_0028214,3,1,1,0.00015061363,0.9933306,0.00410683,1.1863997e-05,0.0020950984,1.7189246e-06,0.00030319733
ISIC_0025453,3,1,1,0.02457375,0.7424859,0.13560036,0.0001350725,0.06847195,0.024182925,0.004550045
ISIC_0025786,3,1,1,0.0007532296,0.9991373,1.7492108e-06,5.990158e-09,6.2263825e-06,0.000101300466,1.1986539e-07
ISIC_0025525,3,1,1,0.00044809957,0.9994837,7.813756e-06,1.1510535e-07,4.445735e-06,5.4859778e-05,9.639682e-07
ISIC_0027847,3,1,1,0.03848748,0.9614833,8.240665e-07,1.8425647e-08,2.456795e-05,1.4449372e-06,2.3959162e-06
ISIC_0030709,3,1,0,0.80196416,0.19799393,4.7744516e-06,4.3236296e-06,3.9620304e-06,1.5437578e-05,1.3360271e-05
ISIC_0026384,3,1,1,0.03374044,0.9655946,7.136251e-06,2.9838952e-07,0.00063811935,3.3726458e-06,1.5955218e-05
ISIC_0028436,3,1,1,0.010447736,0.9895282,8.3838734e-07,1.832266e-07,1.2258338e-06,2.0166897e-05,1.6827468e-06
ISIC_0030085,3,1,1,0.0019478854,0.98216134,1.25658e-06,1.965841e-07,0.015885642,4.3126965e-07,3.2502116e-06
ISIC_0029348,3,1,1,4.6839305e-05,0.998682,2.163008e-06,6.643539e-09,0.001263454,1.3526322e-07,5.42499e-06
ISIC_0030899,3,1,1,0.15963516,0.83711874,5.401631e-06,6.770044e-05,0.0030528973,3.5594538e-05,8.455684e-05
ISIC_0031757,3,1,1,0.00020811944,0.99695224,2.3917369e-06,1.4654595e-06,0.002713581,3.1339198e-06,0.00011905178
ISIC_0032641,3,1,1,0.28860065,0.71133196,6.4420647e-06,1.3041902e-06,5.7520858e-05,1.6630077e-06,4.0851768e-07
ISIC_0033345,3,1,1,0.09752117,0.9013249,1.5325575e-06,6.496492e-08,0.001151617,2.1745953e-07,4.0488584e-07
ISIC_0032711,3,1,1,0.17712227,0.8161416,4.8770093e-05,2.8652357e-07,0.0051583713,7.9891135e-05,0.0014488134
ISIC_0033207,3,1,1,0.027119149,0.9726528,2.056773e-05,2.875663e-07,0.00014997993,5.6009645e-07,5.6634955e-05
ISIC_0032558,3,1,1,0.027802756,0.96940756,9.813034e-05,2.591353e-06,0.0026349474,2.4074849e-05,2.9886729e-05
ISIC_0032679,3,1,1,0.00032723995,0.9682234,8.392311e-05,0.014107282,0.016541686,7.113942e-05,0.00064532564
ISIC_0032529,3,1,1,0.008297568,0.9758094,9.573113e-06,1.860751e-06,0.015796518,2.372222e-05,6.131727e-05
ISIC_0033119,3,1,1,0.0054160324,0.8473994,9.2840755e-06,4.170229e-05,0.1470904,8.782394e-06,3.439678e-05
ISIC_0032666,3,1,0,0.6526501,0.33625984,1.3689307e-05,0.010430192,2.5173362e-05,0.0005970941,2.3928422e-05
ISIC_0033157,3,1,1,0.0008810535,0.9883977,6.132453e-07,1.9171492e-07,0.010701491,1.5968293e-05,2.9867363e-06
ISIC_0032811,3,1,1,0.10224571,0.7996135,0.0008032314,1.6822581e-06,0.0030334655,0.09430148,9.3612255e-07
ISIC_0033827,3,1,1,2.133782e-05,0.99996984,1.150662e-08,1.0747323e-09,2.5414697e-06,4.2216443e-06,2.027802e-06
ISIC_0033497,3,1,1,0.0006891879,0.99907625,9.146975e-06,3.737356e-08,0.00011335032,1.0562022e-05,0.00010147217
ISIC_0033242,3,1,1,0.35000882,0.55170417,0.07699705,0.005883656,0.0030162192,0.0004982573,0.0118918475
ISIC_0032619,3,1,1,0.32308725,0.6693435,0.0018724122,3.4137029e-06,0.0055108485,2.8572092e-06,0.00017971871
ISIC_0032585,3,1,1,0.0059491224,0.9794434,0.012143164,2.3872695e-07,0.00018787953,0.002145697,0.00013052768
ISIC_0032899,3,1,1,0.0004128546,0.9995653,6.8481864e-07,6.744465e-07,1.8730783e-05,6.9792173e-07,9.965528e-07
ISIC_0034157,3,1,1,0.0012714562,0.9679967,5.515932e-06,3.4429927e-06,0.030680384,3.0523857e-05,1.1943898e-05
ISIC_0033798,3,1,1,0.0004205151,0.99947035,1.8809158e-06,1.12559974e-07,3.4484474e-06,9.8865516e-05,4.8709894e-06
ISIC_0033014,3,1,1,0.012746276,0.9869526,0.00024123483,3.09473e-08,4.250568e-05,1.6635538e-05,7.3792717e-07
ISIC_0032516,3,1,1,0.0034877113,0.99533165,0.0010614304,2.2679568e-08,1.1944844e-05,0.000106663945,5.599991e-07
ISIC_0032815,3,1,1,5.1530573e-05,0.9998442,3.7773935e-07,5.5007433e-08,0.00010384702,3.895427e-09,2.9101226e-08
ISIC_0033094,3,1,1,0.0046660155,0.99404955,7.0342037e-07,1.3695143e-08,0.0012760021,3.1954326e-06,4.564926e-06
ISIC_0033162,3,1,1,0.09142581,0.9083036,1.0502164e-06,6.202366e-08,0.00026934547,8.2833107e-10,6.289077e-08
ISIC_0034105,3,1,1,1.5128322e-06,0.9999973,9.658971e-09,2.9121885e-11,1.8833629e-07,9.237577e-07,4.4728814e-08
ISIC_0033138,3,1,1,0.0003463094,0.99962914,1.535748e-06,1.05658515e-07,4.0480945e-06,8.848676e-06,1.0078071e-05
ISIC_0032728,3,1,1,0.007042994,0.9929535,1.0430756e-06,1.5041962e-09,1.4712379e-09,2.3885787e-06,2.6847541e-08
ISIC_0034319,3,1,1,0.10221926,0.8977798,2.720283e-08,1.0065573e-09,4.452301e-07,4.2460297e-07,1.8353848e-08
ISIC_0033748,3,1,1,0.12741682,0.87258303,1.0492167e-08,2.572847e-10,4.3272582e-08,1.08175165e-07,1.5690205e-08
ISIC_0034044,3,1,0,0.67524177,0.2727999,0.00061008043,7.2873286e-06,0.014461001,0.036870364,9.626613e-06
ISIC_0032521,3,1,1,0.00018125627,0.99230385,1.1709465e-05,0.0016419623,0.0058302935,2.7685217e-05,3.2998341e-06
ISIC_0032674,3,1,1,0.00018129555,0.99970233,6.200912e-07,8.9926765e-08,0.00011554201,1.028162e-08,1.0790448e-07
ISIC_0033958,3,1,1,0.0016913891,0.997069,0.00014838466,1.1698501e-05,0.0010770609,5.1953305e-07,1.9578845e-06
ISIC_0033906,3,1,1,0.00044447827,0.99921095,6.774241e-08,1.2965964e-09,0.0003395948,3.079215e-08,4.8392044e-06
ISIC_0033298,3,1,1,0.0052244947,0.7329675,0.0019056338,9.333853e-06,0.25956494,0.00029981774,2.833924e-05
ISIC_0034210,3,1,1,0.0003028312,0.9988222,2.5552032e-07,2.1461504e-09,0.0008701154,9.029527e-07,3.6884073e-06
ISIC_0032542,3,1,1,0.18898515,0.8110139,8.619506e-08,3.4975494e-09,2.1926795e-08,6.883078e-07,2.1311158e-07
ISIC_0034224,3,1,1,0.20929241,0.79064333,1.4601375e-05,4.0327114e-07,4.3284006e-05,2.6552718e-06,3.2875334e-06
ISIC_0034288,3,1,1,0.0048749545,0.99510175,6.2402245e-07,1.4716383e-05,1.3184363e-06,4.4338963e-06,2.261847e-06
ISIC_0033420,3,1,1,0.20415965,0.7941982,0.00034448216,1.3539191e-06,0.0012945954,1.5368392e-06,2.5401877e-07
ISIC_0032661,3,1,1,0.059770502,0.934126,1.896755e-05,6.6977846e-06,0.005667947,0.00039107254,1.8770625e-05
ISIC_0033096,3,1,1,1.9379582e-05,0.7757281,0.0009506149,0.00010702381,0.22318503,7.847465e-06,2.0000527e-06
ISIC_0033972,3,1,1,1.7127468e-05,0.75843894,0.0013888841,0.00024603307,0.23990206,6.068289e-07,6.295206e-06
ISIC_0033367,3,1,1,0.0013872174,0.6175547,0.0020505232,0.0021630859,0.37646383,0.00035650405,2.4134966e-05
ISIC_0032822,3,1,1,0.19281727,0.80677205,1.367061e-07,1.0502721e-07,0.00040974896,8.846494e-08,5.9078843e-07
ISIC_0033283,3,1,1,0.027247507,0.96548635,0.00010897821,1.1543112e-06,0.0071423985,8.750392e-06,4.903338e-06
ISIC_0033359,3,1,1,0.1986569,0.79903656,0.0015017291,1.2540036e-06,0.00078820455,1.4824274e-05,5.499318e-07
ISIC_0033018,3,1,1,0.032083,0.9676048,1.1367019e-06,1.1613023e-07,0.00028401316,7.242155e-06,1.9683717e-05
ISIC_0032541,3,1,1,0.00196682,0.99802476,9.520595e-08,1.4738329e-07,5.9478675e-06,1.0272274e-06,1.2220693e-06
ISIC_0032515,3,1,1,0.0005425664,0.99066734,7.2766017e-07,2.6598972e-08,0.008350465,7.4036734e-08,0.00043881318
ISIC_0032942,3,1,1,3.4823515e-07,0.9999995,3.8570604e-09,8.794849e-09,4.965417e-08,6.3735428e-12,2.04444e-08
ISIC_0025587,3,1,1,0.11290026,0.7981044,0.025234517,1.4217264e-06,0.016396653,0.047161553,0.00020117324
ISIC_0032628,3,1,1,7.191851e-07,0.99999535,2.8898773e-08,9.344738e-09,3.894207e-06,1.4230123e-08,3.2802273e-08
ISIC_0032512,3,1,1,0.006851929,0.95967233,0.007816984,3.5045436e-05,0.025457796,0.00012612986,3.9789113e-05
ISIC_0034149,3,1,1,0.001401105,0.99728835,1.8727313e-05,6.937283e-07,0.0012882188,2.051287e-08,2.9356893e-06
ISIC_0033800,3,1,1,3.356513e-05,0.99995154,1.023787e-06,5.271622e-07,1.2881052e-05,8.113114e-08,3.276053e-07
ISIC_0032646,3,1,1,0.012184416,0.8844732,3.7193654e-06,1.5543597e-05,0.08985157,0.01345707,1.4468994e-05
ISIC_0033627,3,1,1,3.0172221e-05,0.9994934,3.4329446e-07,8.5938973e-07,8.535838e-06,0.0004665447,1.293321e-07
ISIC_0033803,3,1,6,2.1528955e-05,0.08249544,0.009564185,4.316896e-08,1.8821682e-05,0.00039718565,0.9075028
ISIC_0032860,3,1,6,0.00065465545,0.010147075,0.05818311,1.1304973e-05,1.169741e-05,0.0013955379,0.9295967
ISIC_0034292,3,1,1,0.0017526324,0.99740374,1.3946361e-05,1.0299305e-05,0.0007798985,6.3733473e-06,3.318452e-05
ISIC_0034207,3,1,1,0.0012319578,0.99781865,1.5978589e-05,5.217983e-06,0.00087748247,2.5719523e-06,4.8052658e-05
ISIC_0033408,3,1,1,4.528851e-05,0.9985553,2.8916681e-06,2.0875977e-06,0.0013238565,1.5703388e-05,5.4929456e-05
ISIC_0033621,3,1,1,0.028052617,0.94033134,0.0315606,9.311126e-06,2.9441933e-05,5.826364e-06,1.0873758e-05
ISIC_0034116,3,1,1,0.10788659,0.89210284,1.8900235e-07,1.7487709e-10,8.924173e-06,4.412333e-08,1.4744244e-06
ISIC_0034073,3,1,1,0.15906903,0.8407776,2.2767283e-06,2.1772013e-09,0.00014884562,4.068269e-07,1.8979423e-06
ISIC_0032702,3,1,1,0.0010375155,0.9980837,5.667149e-05,1.796969e-05,0.0007899506,1.2173927e-05,2.0458883e-06
ISIC_0033667,3,1,1,0.19655755,0.7815132,0.01047642,1.5325313e-06,0.0052844705,0.006159353,7.5226662e-06
ISIC_0033107,3,1,1,0.11032031,0.88894784,0.0002613989,7.8325415e-05,0.0003650218,2.47514e-05,2.3445962e-06
ISIC_0034060,3,1,1,0.46743074,0.5325682,3.866281e-08,5.294187e-09,1.5604863e-07,8.3996656e-07,3.4760355e-08
ISIC_0033002,3,1,1,0.31456727,0.6854149,1.9807526e-08,3.02768e-10,6.814891e-09,1.7698003e-05,5.866185e-08
ISIC_0033683,3,1,1,0.42216358,0.5778364,1.5640667e-08,3.5090715e-11,2.1935524e-08,1.186122e-10,2.628623e-08
ISIC_0032584,3,1,1,0.003068947,0.9654684,0.0056210896,0.00011507816,0.0050566844,0.010841565,0.009828197
ISIC_0033731,3,1,1,3.5241363e-05,0.99935853,0.000121300574,1.5934227e-06,0.00011189245,1.4077482e-05,0.0003573663
ISIC_0032644,3,1,1,4.064512e-05,0.99786747,3.4283297e-05,7.02029e-05,0.0011196642,2.0409372e-05,0.0008473508
ISIC_0033933,3,1,1,0.14159413,0.8584031,5.9417026e-08,2.7482086e-11,1.7465252e-06,5.411328e-09,9.485908e-07
ISIC_0033447,3,1,1,0.008246121,0.9917517,1.3239483e-08,1.21967e-07,1.7208666e-07,1.7906721e-06,7.0794115e-08
ISIC_0033639,3,1,1,0.0013244697,0.99867535,1.5217857e-08,8.41373e-10,4.475428e-08,2.7376581e-08,7.5102e-08
ISIC_0032478,3,1,1,0.02139689,0.51104736,0.000112478316,5.3152362e-05,0.46726078,3.389399e-05,9.545079e-05
ISIC_0032765,3,1,1,0.083065234,0.5491968,0.00041754957,1.5475241e-06,0.3670331,0.00025401972,3.1776246e-05
ISIC_0032650,3,1,1,0.00011499007,0.9998642,1.0150892e-05,2.7230753e-06,6.4612113e-06,2.2206436e-08,1.5640586e-06
ISIC_0034182,3,1,0,0.7671558,0.23284307,4.739742e-09,8.224393e-10,1.0642422e-06,3.0091862e-09,7.180129e-08
ISIC_0034213,3,1,1,0.008620778,0.7974134,0.006355318,1.960852e-05,7.8573954e-05,0.18746997,4.2314197e-05
ISIC_0032561,3,1,1,0.0011181106,0.9838516,0.001196318,0.0023915935,2.4912133e-06,0.011304233,0.00013556119
ISIC_0033839,3,1,1,0.016600149,0.98180044,1.4750178e-05,1.4691987e-06,8.820798e-08,0.0015696116,1.3416386e-05
ISIC_0026279,3,1,1,0.17989965,0.81612426,0.0019974643,7.54476e-07,0.0016801923,0.00019804723,9.963205e-05
ISIC_0031814,3,1,1,0.117971584,0.8622139,0.0030497983,1.5817819e-05,0.016146194,1.3698076e-05,0.0005890282
ISIC_0032601,3,1,1,0.16691759,0.42503214,0.40804797,1.2584957e-08,4.509913e-07,2.4387919e-07,1.6289614e-06
ISIC_0032878,3,1,1,7.918767e-05,0.9999072,1.0720534e-05,1.4210173e-09,2.2647132e-06,4.1441485e-08,6.3429013e-07
ISIC_0032649,3,1,1,0.37557632,0.62428826,1.810664e-05,1.799825e-07,2.423334e-06,0.00011426718,4.0715682e-07
ISIC_0034109,3,1,1,0.001336631,0.9986622,5.635503e-08,3.2364906e-09,9.2841583e-07,5.6085998e-08,1.5599487e-07
ISIC_0033439,3,1,1,0.34849542,0.65033805,0.00028133357,1.7200768e-05,3.221099e-05,0.0008324605,3.3452757e-06
ISIC_0033214,3,1,1,0.0006369491,0.99933225,2.5580262e-06,7.7708525e-12,6.7420906e-06,1.7089251e-06,1.976975e-05
ISIC_0033255,3,1,1,0.0024577542,0.9963025,0.00024767267,3.639374e-10,0.00065321324,0.0003289724,9.864193e-06
ISIC_0033229,3,1,1,0.00491543,0.99492615,6.48273e-05,7.0787167e-09,5.7673653e-05,3.3538287e-05,2.3276775e-06
ISIC_0033181,3,1,1,3.1774272e-07,0.9984085,0.00011445327,2.9528209e-09,0.0013908703,3.2239757e-06,8.2635655e-05
ISIC_0033661,3,1,1,3.5026936e-08,0.9993844,2.772366e-05,1.0370602e-11,0.00058158225,3.4598537e-07,5.955038e-06
ISIC_0034004,3,1,1,3.7385482e-06,0.80970895,0.00013923168,2.7599696e-09,0.18051845,0.0011991065,0.008430518
ISIC_0033136,3,1,1,0.0002465482,0.65370834,0.0010526481,1.7626791e-09,0.02529574,1.2236928e-05,0.31968448
ISIC_0033215,3,1,1,0.0014385914,0.83861524,4.244309e-05,2.9585495e-05,0.015970647,8.0313366e-05,0.14382316
ISIC_0032737,3,1,1,0.020629209,0.80946845,5.7870948e-05,3.8357566e-08,0.16954437,0.00020350155,9.652641e-05
ISIC_0031482,3,1,1,8.7126864e-07,0.9998089,1.7033297e-08,1.3645936e-08,0.00014976547,3.0212075e-08,4.040641e-05
ISIC_0032944,3,1,1,1.3648064e-07,0.9985215,8.353369e-06,3.181122e-08,0.0012698263,2.2374119e-08,0.0002000604
ISIC_0033516,3,1,1,0.00038150023,0.98641527,0.00017013276,2.6168993e-06,0.0125509035,3.2085238e-06,0.00047637266
ISIC_0033142,3,1,1,0.050570596,0.8148176,0.025722343,0.0007607676,0.108000115,0.000118524826,1.0004198e-05
ISIC_0032703,3,1,1,0.003842197,0.82964736,0.00022471327,2.1774918e-06,0.16627032,5.2849846e-06,8.049522e-06
ISIC_0033168,3,1,1,0.0024068872,0.80316466,0.00012952261,9.4914675e-08,0.19429749,2.699482e-07,1.0995454e-06
ISIC_0034187,3,1,1,3.97436e-06,0.9187544,4.776191e-06,1.9920667e-07,0.081203215,2.2614846e-05,1.0880983e-05
ISIC_0027837,3,1,1,2.509151e-06,0.79448825,7.4503187e-06,2.378514e-07,0.20547886,1.8552237e-05,4.149343e-06
ISIC_0033512,3,1,1,0.04243734,0.91456395,0.042557318,0.00037947524,1.3704137e-06,2.2832064e-05,3.76814e-05
ISIC_0032788,3,1,1,0.03289969,0.95746213,0.009295409,3.6618665e-05,8.275356e-07,0.000118157695,0.0001872141
ISIC_0033737,3,1,1,0.19694433,0.7995624,0.00065210514,1.5871534e-06,0.0023148,0.00052294915,1.8135354e-06
ISIC_0033932,3,1,1,0.18958825,0.79850996,0.0026003479,3.0534234e-06,0.0056627654,0.0036325771,2.9946552e-06
ISIC_0033062,3,1,1,5.2838488e-05,0.9991849,2.2360853e-05,5.7251555e-08,0.000656655,7.922262e-05,3.961558e-06
ISIC_0034261,3,1,1,0.00011951694,0.99986964,9.935277e-08,3.2960727e-09,7.4976365e-06,3.1097043e-06,9.708573e-08
ISIC_0032772,3,1,1,0.00016880629,0.9993504,4.640041e-05,5.4537253e-08,0.0003435469,1.1634209e-07,9.064881e-05
ISIC_0034041,3,1,1,0.07656995,0.92265415,1.7879344e-06,4.1772815e-08,0.00076965627,4.642012e-08,4.2891547e-06
ISIC_0033598,3,1,1,0.30687127,0.6916263,2.9845987e-05,8.175001e-05,0.0006426183,1.9469695e-05,0.0007287144
ISIC_0034021,3,1,1,0.046598345,0.95314056,6.470317e-06,9.207242e-08,0.00022931513,1.7315964e-06,2.3488341e-05
ISIC_0034220,3,1,1,0.06372996,0.92147124,8.982809e-07,4.7361002e-08,0.014794521,7.5783555e-07,2.5989143e-06
ISIC_0032973,3,1,1,0.16408786,0.81134045,0.001082444,2.807838e-07,0.023414895,7.2961215e-05,1.1832902e-06
ISIC_0033425,3,1,1,0.17633194,0.8236536,7.160053e-06,5.35428e-07,5.955962e-06,4.6369115e-07,2.721826e-07
ISIC_0032605,3,1,1,8.0852034e-05,0.998771,7.543544e-06,1.9264967e-06,0.0011373952,4.2778478e-07,8.906557e-07
ISIC_0032779,3,1,1,0.00015114908,0.9845995,0.00064972346,1.47059345e-05,0.014551425,2.397547e-05,9.529001e-06
ISIC_0033950,3,1,1,0.0028366644,0.78640246,2.3133316e-05,3.75193e-07,0.21072654,2.8104346e-06,7.984651e-06
ISIC_0033167,3,1,1,0.06758587,0.931217,3.357674e-07,3.7226962e-09,0.0011949542,8.6618954e-08,1.7705961e-06
ISIC_0033937,3,1,1,0.05516105,0.922016,4.4349613e-06,1.7083511e-08,0.022771161,2.0748283e-05,2.6564052e-05
ISIC_0033435,3,1,1,0.007923266,0.99206924,6.997044e-08,1.2704181e-09,4.3179007e-06,8.2035683e-07,2.317778e-06
ISIC_0034016,3,1,1,0.020279111,0.97956496,2.6650338e-07,1.3049973e-08,0.00012435841,2.0204787e-05,1.1097191e-05
ISIC_0033845,3,1,1,0.45483208,0.54516256,1.445095e-07,5.7161298e-08,3.542882e-06,5.3370684e-07,1.1372493e-06
ISIC_0032884,3,1,1,0.079227924,0.9204484,0.00010510818,7.5438646e-07,0.00019257466,1.0335863e-05,1.4972825e-05
ISIC_0033707,3,1,1,0.034143224,0.8745407,0.00043089042,8.0234474e-07,0.09068109,8.403426e-06,0.000194933
ISIC_0033912,3,1,1,0.0026733447,0.9960356,1.1101035e-06,1.7355514e-08,0.001234525,4.163438e-05,1.3807204e-05
ISIC_0032380,3,1,1,7.000649e-05,0.9999298,1.1238949e-08,6.766002e-10,2.1393316e-07,2.9237917e-09,1.0076979e-08
ISIC_0025447,3,1,1,0.15464905,0.8452078,2.1718528e-05,1.243735e-07,7.77002e-05,4.3044623e-05,6.206875e-07
ISIC_0028591,3,1,1,0.39022368,0.6080932,0.00065807503,1.2980372e-07,0.0008475393,5.7936757e-07,0.00017678857
ISIC_0024524,3,1,1,0.14215598,0.8499053,0.004585303,1.33845415e-05,0.002859875,0.00018767077,0.00029254996
ISIC_0032663,3,1,1,0.08078658,0.9070935,0.0002954907,2.1942633e-06,0.010726916,1.3860835e-06,0.0010939164
ISIC_0034191,3,1,1,0.1579636,0.6633326,4.9626542e-05,0.00022607131,0.17503765,0.0031218189,0.00026868976
ISIC_0033719,3,1,1,0.08326347,0.91669244,1.16349065e-05,3.7629834e-06,9.107131e-07,2.135774e-05,6.4859732e-06
ISIC_0033442,3,1,1,0.2720096,0.72797644,1.452919e-07,5.7694907e-09,1.1310826e-06,1.1415783e-05,1.3203262e-06
ISIC_0032943,3,1,0,0.6574939,0.3424809,1.4805065e-08,4.1844153e-08,1.779912e-05,1.3515494e-06,6.034433e-06
ISIC_0034181,3,1,1,0.09214909,0.7987488,0.002513724,5.5873978e-05,0.014881773,0.091646895,3.8570406e-06
ISIC_0033197,3,1,1,0.00030198385,0.99968874,3.932647e-06,6.9155624e-07,3.9294997e-07,5.408591e-08,4.2686543e-06
ISIC_0033036,3,1,1,0.008095245,0.99175483,2.9069597e-06,8.4075964e-08,0.00013550166,3.4631182e-06,7.92073e-06
ISIC_0033015,3,1,1,0.00011988318,0.9850937,2.2406106e-05,3.562483e-05,0.014097457,2.8582082e-05,0.00060228386
ISIC_0033928,3,1,1,0.0011452578,0.99032056,3.259646e-05,0.0002001586,0.0070958557,0.0008391355,0.00036642438
ISIC_0025970,3,1,1,0.131348,0.8686298,3.2404255e-06,5.931861e-09,1.8322202e-05,3.3144903e-07,2.3776798e-07
ISIC_0027397,3,1,4,0.0016266372,0.2954443,0.11969348,0.025147092,0.5087598,0.042596314,0.006732367
ISIC_0034108,3,1,1,0.001979026,0.95344,0.02377921,7.3805504e-06,0.020761756,3.198154e-06,2.9373026e-05
ISIC_0033740,3,1,1,0.005782594,0.9899524,9.856162e-06,7.107304e-08,0.0042528408,4.6980633e-09,2.2470576e-06
ISIC_0033045,3,1,1,0.00014409007,0.9994329,3.8485428e-08,1.2281728e-07,0.00042272476,2.245353e-08,9.3678636e-08
ISIC_0033697,3,1,1,0.0027281253,0.9965828,1.6176838e-05,0.00064828846,1.8483015e-05,2.8494044e-06,3.2839337e-06
ISIC_0033656,3,1,1,4.767842e-05,0.999354,1.0586737e-06,2.6740818e-06,0.00030172538,0.00029225007,6.6927765e-07
ISIC_0032496,3,1,1,0.0044049253,0.80030614,0.18839571,5.122454e-07,0.0009699495,0.0058859354,3.6862264e-05
ISIC_0027246,3,1,1,0.00692842,0.9930712,2.538316e-07,1.0078126e-10,1.3634502e-07,2.635676e-09,3.5140744e-08
ISIC_0031848,3,1,1,0.00023858529,0.9996233,1.1450528e-05,9.4429895e-09,0.000107888445,6.415059e-08,1.8769413e-05
ISIC_0024608,3,1,0,0.7137803,0.2861947,1.171503e-05,5.5802607e-09,1.8428415e-07,1.17304335e-05,1.2836496e-06
ISIC_0029814,3,1,1,0.1430246,0.83903897,0.00048368316,3.708521e-05,0.0011863027,0.016125804,0.00010362153
ISIC_0031481,3,1,1,0.16542938,0.7638249,0.00060703786,0.00015190846,0.0006198604,0.068722285,0.00064455625
ISIC_0029704,3,1,1,0.18962955,0.8103628,3.002165e-06,3.0695017e-07,3.0875412e-07,6.485327e-08,3.9423635e-06
ISIC_0025620,3,1,1,0.0005406673,0.9645544,7.095469e-05,8.2472e-09,0.033710964,0.00111161,1.1496062e-05
ISIC_0024668,3,1,1,0.026703417,0.7615554,0.037501812,9.695655e-06,0.009631699,0.16434853,0.00024947737
ISIC_0031206,3,1,1,0.20289616,0.796537,0.00036008976,2.6500146e-07,9.7232305e-06,0.0001886483,8.236844e-06
ISIC_0030361,3,1,1,0.01968898,0.980244,1.7863638e-05,4.3294895e-07,1.2130433e-06,3.886269e-05,8.731412e-06
ISIC_0028487,3,1,1,0.0017656956,0.9877221,0.007668653,5.2565383e-06,0.00060488674,0.0021762676,5.7117315e-05
ISIC_0030841,3,1,0,0.7209617,0.27901858,4.9618475e-06,1.5857411e-07,3.9229303e-07,1.2485314e-06,1.2974143e-05
ISIC_0031645,3,1,1,0.00075402914,0.99916905,3.8223197e-07,3.671716e-08,4.0398834e-08,7.0604685e-05,5.908669e-06
ISIC_0031726,3,1,1,0.111505866,0.79920495,0.014509355,1.9980123e-06,0.00032244434,0.074443415,1.1950193e-05
ISIC_0028581,3,1,1,0.02908212,0.7998795,0.12243811,6.333721e-06,0.0001756108,0.04834941,6.8805544e-05
ISIC_0027003,3,1,1,0.06967685,0.7953924,0.0021319545,7.5144527e-07,0.00011799702,0.13267972,3.591857e-07
ISIC_0030264,3,1,1,0.0231223,0.97606194,4.1361367e-05,2.3230378e-08,1.2567133e-05,0.00038383092,0.0003779895
ISIC_0028894,3,1,1,0.15725943,0.799408,0.0001485908,5.3725007e-08,0.001584224,0.041598957,7.1460437e-07
ISIC_0030116,3,1,1,0.0004306667,0.9995583,4.942423e-06,3.6480127e-08,6.251777e-08,3.6414485e-07,5.51757e-06
ISIC_0026270,3,1,1,0.120053396,0.8770108,0.002011358,2.388896e-06,0.00039682924,0.00047945045,4.572178e-05
ISIC_0025096,3,1,1,0.009921862,0.9872233,0.0024089487,2.5434528e-07,5.7243567e-05,0.00037458265,1.376683e-05
ISIC_0030840,3,1,1,0.083385795,0.6798731,0.0045895022,0.0013571426,0.1293579,0.10070781,0.00072871184
ISIC_0027925,3,1,1,0.00020826042,0.9997905,1.1531993e-07,4.2331116e-09,5.0819654e-07,2.7996444e-07,4.5980255e-07
ISIC_0031917,3,1,1,2.886257e-05,0.9999711,2.4299396e-08,8.412987e-10,4.699884e-09,8.061339e-09,4.7251252e-08
ISIC_0031079,3,1,1,0.00443844,0.98725736,0.0079945475,5.5426703e-05,4.5782683e-05,9.3707085e-06,0.00019907716
ISIC_0028524,3,1,1,0.0062074396,0.8075956,0.17987499,0.0005153528,0.0035517085,0.0020984842,0.00015632444
ISIC_0024846,3,1,1,0.20440142,0.7925266,0.0026025942,0.00030881667,0.00010099182,2.048859e-05,3.9098908e-05
ISIC_0024503,3,1,1,0.015563716,0.8441223,0.13636751,0.00021853659,0.0019185708,0.0016715678,0.00013776666
ISIC_0029667,3,1,1,0.067881286,0.8803824,0.0486721,8.107446e-05,0.0024116957,0.0003941359,0.00017738636
ISIC_0027574,3,1,1,8.0732454e-05,0.9120768,0.0868274,5.24432e-07,0.0008856403,5.633902e-06,0.00012337256
ISIC_0030058,3,1,1,5.6224566e-05,0.9574261,0.04239563,3.6271697e-08,7.2303264e-05,8.539289e-08,4.968243e-05
ISIC_0030990,3,1,1,0.00032580184,0.99884856,6.7028195e-05,5.018511e-05,0.00026685372,4.6968785e-06,0.00043690717
ISIC_0032492,3,1,1,0.00094284693,0.9987739,2.958092e-07,1.8844246e-07,0.00028122138,3.1308667e-07,1.3220873e-06
ISIC_0027853,3,1,1,0.022531522,0.97584563,5.285785e-07,6.388283e-07,0.001614132,5.830289e-07,7.0137903e-06
ISIC_0028545,3,1,1,0.030014133,0.96990234,3.3863753e-07,1.4876078e-07,8.190986e-05,1.5821006e-07,9.935751e-07
ISIC_0031447,3,1,1,4.8843387e-05,0.75786597,0.23693454,0.00044289642,0.0023504552,0.0022779542,7.9290534e-05
ISIC_0024837,3,1,1,3.523467e-05,0.804639,0.19052742,1.873339e-05,0.00371202,0.0009954495,7.215472e-05
ISIC_0031667,3,1,1,0.00017182261,0.7865385,0.2113848,0.0004860793,0.00118938,0.0001624384,6.697234e-05
ISIC_0026027,3,1,1,0.00014175061,0.79685223,0.18948796,1.745501e-05,0.0022409547,0.01124542,1.41901855e-05
ISIC_0031839,3,1,1,0.1640325,0.8277931,7.8366385e-05,5.497706e-07,0.0077403905,0.00035025418,4.824154e-06
ISIC_0026455,3,1,1,0.07333521,0.9238288,2.10429e-06,1.752164e-07,0.0028110445,2.0609692e-05,2.107278e-06
ISIC_0028265,3,1,1,0.021198153,0.9758852,1.0307832e-06,2.1043213e-07,0.0029121824,1.8914676e-06,1.3364597e-06
ISIC_0025020,3,1,1,0.0034041326,0.949478,0.042961825,8.381599e-05,0.0038230694,0.00017216298,7.7018885e-05
ISIC_0026106,3,1,1,0.008300607,0.96504164,0.012154209,8.478052e-05,0.014203945,0.00012756363,8.724599e-05
ISIC_0024349,3,1,1,0.20028862,0.7997073,5.1176166e-08,8.347945e-09,9.036617e-08,1.6706451e-06,2.2416764e-06
ISIC_0026126,3,1,1,0.2252088,0.77478474,1.4023367e-07,4.5266297e-08,1.6149149e-07,1.5567712e-06,4.501825e-06
ISIC_0028271,3,1,1,0.087765455,0.9122332,6.221468e-08,7.2816553e-10,4.2916746e-08,9.966142e-08,1.1888524e-06
ISIC_0026305,3,1,1,0.0071173063,0.7853479,0.20678449,1.7676984e-05,0.0004100977,0.00024475664,7.7760524e-05
ISIC_0028454,3,1,1,0.053931277,0.9384531,0.0071547655,0.00016689094,3.1459116e-05,8.296692e-05,0.00017948735
ISIC_0027658,3,1,1,0.06531357,0.93123543,0.0027426758,2.6102593e-06,5.436881e-07,0.00064963184,5.556994e-05
ISIC_0028678,3,1,1,0.14318243,0.81970453,0.033867765,1.2300904e-05,5.691677e-06,0.0031949938,3.2279244e-05
ISIC_0029382,3,1,1,0.0024107085,0.99671555,0.0004106924,0.00024355095,0.00021129582,5.015671e-07,7.685053e-06
ISIC_0030093,3,1,1,0.00066086615,0.998964,0.0002192233,3.1619359e-06,0.00015165067,3.2217685e-08,9.72551e-07
ISIC_0028645,3,1,1,0.0066127516,0.9715148,0.0009914048,6.9424146e-05,0.02079198,8.348623e-07,1.884354e-05
ISIC_0031984,3,1,1,0.001638673,0.99463594,5.250579e-05,1.2661941e-06,7.3743984e-05,0.0034175613,0.00018029545
ISIC_0026487,3,1,1,0.008683565,0.9713915,0.0020551377,2.514466e-06,0.00024899776,0.017550549,6.772109e-05
ISIC_0026052,3,1,1,0.031887867,0.79785097,0.006529391,3.6504975e-05,0.14724615,0.016420966,2.8183513e-05
ISIC_0029493,3,1,1,0.0047562,0.6516185,0.2607538,2.437824e-05,0.0016421073,0.080391146,0.00081385765
ISIC_0031559,3,1,1,0.03099228,0.9627487,0.00016299417,6.598206e-08,6.3607026e-06,0.006064978,2.465367e-05
ISIC_0028510,3,1,1,0.22357953,0.6031005,0.013352593,5.877023e-05,0.15939316,0.00048114677,3.4322107e-05
ISIC_0031756,3,1,1,0.2382967,0.7188153,7.180571e-05,6.9617903e-07,0.04065867,4.6975136e-05,0.0021098864
ISIC_0028723,3,1,1,0.10200435,0.782761,0.069361225,1.9566023e-07,0.0002500775,0.045554627,6.855333e-05
ISIC_0027751,3,1,1,1.6678545e-05,0.9999815,1.6310687e-06,1.1076286e-12,1.4490035e-07,6.8144035e-10,1.1649496e-07
ISIC_0031092,3,1,1,0.011922569,0.9880732,9.314382e-09,1.4031523e-11,4.268704e-08,2.7105835e-07,3.8440653e-06
ISIC_0028167,3,1,1,0.051377483,0.79894006,0.035672884,0.0003675584,0.062022824,0.051449407,0.0001698199
ISIC_0032436,3,1,1,0.010035034,0.63253963,0.0010571057,1.507576e-07,0.3557931,7.725916e-05,0.000497729
ISIC_0025181,3,1,1,0.000258312,0.999534,1.1272957e-06,1.6189065e-07,5.3756543e-05,1.8313555e-06,0.00015083181
ISIC_0024996,3,1,1,2.4443943e-06,0.99993247,4.583736e-05,3.853403e-08,1.864488e-05,1.3045078e-09,6.050349e-07
ISIC_0028092,3,1,1,0.0036704321,0.9951609,1.5471274e-05,9.4286335e-08,0.00030429006,0.0008366015,1.2206567e-05
ISIC_0027978,3,1,1,0.0011272042,0.99880993,1.5558227e-05,1.0223228e-08,9.5065496e-07,4.5403147e-05,1.0475721e-06
ISIC_0027224,3,1,1,0.0085349325,0.9882609,3.7021885e-06,0.0023205949,5.0554163e-06,0.00066265813,0.00021217049
ISIC_0029641,3,1,1,0.08881716,0.80289805,0.017642971,2.332369e-05,0.05929284,0.031238284,8.740532e-05
ISIC_0026784,3,1,1,0.011147686,0.9878858,1.0606973e-05,2.7471228e-06,8.4249215e-05,0.0007859993,8.290029e-05
ISIC_0031564,3,1,1,0.21473952,0.7797031,0.00022231445,4.4325262e-07,0.0024917922,0.0028422084,6.9808493e-07
ISIC_0025742,3,1,1,0.00018864957,0.8038804,0.0012339556,7.647223e-05,0.188472,0.006146229,2.3252537e-06
ISIC_0032141,3,1,1,1.1374382e-05,0.9977921,0.00046974732,0.001673457,3.8584756e-05,1.3197396e-07,1.4566513e-05
ISIC_0031015,3,1,1,3.490828e-05,0.985742,0.0016145138,0.0015704954,1.17746295e-05,0.011008034,1.8293766e-05
ISIC_0032015,3,1,1,0.00028535494,0.999001,1.0218694e-05,3.322245e-07,0.000688367,1.3415407e-06,1.33222e-05
ISIC_0031285,3,1,1,0.022989804,0.9630388,7.4769823e-06,1.5358538e-07,0.013920128,3.7111287e-05,6.544794e-06
ISIC_0028135,3,1,1,0.06662169,0.8867823,0.00012281265,3.2602238e-06,0.031843636,0.01460542,2.0908517e-05
ISIC_0026400,3,1,1,0.0003176893,0.99968064,7.958316e-07,5.396534e-08,1.7433817e-07,1.9218162e-07,4.8271556e-07
ISIC_0028212,3,1,1,0.0046065026,0.99522465,6.5442046e-06,1.9950828e-06,1.1380331e-05,0.00014549066,3.4036307e-06
ISIC_0029162,3,1,1,0.19965085,0.79249656,1.7110302e-06,3.8540677e-09,0.007751488,9.75865e-05,1.7299262e-06
ISIC_0024841,3,1,1,0.26240453,0.73754275,4.42618e-05,2.2973638e-06,4.470866e-06,1.3014153e-06,3.676384e-07
ISIC_0029121,3,1,1,0.05212739,0.9478256,2.3846756e-06,2.7331896e-06,3.841954e-05,1.7336704e-06,1.7385871e-06
ISIC_0030525,3,1,1,4.2238563e-07,0.98747236,0.012490834,2.2757678e-08,6.3971156e-06,1.9330506e-05,1.0690929e-05
ISIC_0025245,3,1,1,0.2657296,0.734031,2.922898e-07,2.5972942e-09,1.3334139e-07,0.00023755124,1.408361e-06
ISIC_0029001,3,1,4,0.0018412173,0.3354137,0.30992585,0.0006708194,0.3489035,0.00041661668,0.0028282779
ISIC_0031126,3,1,1,8.704111e-05,0.9964514,0.0029462292,5.7317184e-06,0.00028775062,0.00012902389,9.278946e-05
ISIC_0026340,3,1,1,0.0048248665,0.9326604,0.00030523125,1.02105205e-05,0.03849609,0.023007767,0.0006954597
ISIC_0027988,3,1,1,0.004952647,0.69723547,0.0007729318,4.4648794e-05,0.0009961985,0.2959761,2.1970944e-05
ISIC_0030733,3,1,1,0.0054873573,0.99436104,1.7391773e-06,8.467023e-07,0.00013341755,1.3933041e-05,1.7078985e-06
ISIC_0025597,3,1,1,0.006090294,0.99373406,2.9156534e-05,1.1802665e-08,4.6259873e-05,6.674919e-05,3.3490513e-05
ISIC_0025225,3,1,1,0.00023841797,0.99954545,4.9617483e-06,1.2492807e-06,0.00015561773,3.7485323e-05,1.6839938e-05
ISIC_0027569,3,1,1,0.00022543366,0.99976426,3.7660124e-07,2.4200508e-10,9.928992e-06,3.4776448e-09,3.368431e-08
ISIC_0026698,3,1,1,0.15657727,0.82485104,0.0046413504,0.00013107524,0.0054687653,0.008316718,1.38290825e-05
ISIC_0029138,3,1,1,2.6575153e-05,0.9983924,0.0011166221,1.4815092e-06,1.1497293e-06,5.532366e-06,0.0004563082
ISIC_0029349,3,1,1,0.000603786,0.9993677,1.2518452e-05,4.204569e-06,2.747092e-06,2.3690748e-06,6.6029666e-06
ISIC_0027963,3,1,1,0.054137968,0.8711274,0.046800867,0.004803755,0.0006228534,0.022490101,1.7037159e-05
ISIC_0024425,3,1,1,2.8210154e-05,0.9994362,6.8142197e-07,0.00010241126,8.47586e-05,0.00034322863,4.6037667e-06
ISIC_0028557,3,1,1,0.12073211,0.80179167,0.051665686,0.002209793,0.019606566,0.0037833382,0.00021080165
ISIC_0027471,3,1,1,0.041732162,0.90093297,0.041246008,1.0227589e-05,0.015730146,0.00015151655,0.0001969382
ISIC_0026706,3,1,1,0.000118808275,0.9972914,0.00045175097,7.4096693e-06,0.0020824396,4.6479978e-05,1.7401946e-06
ISIC_0028297,3,1,1,0.024505293,0.95958024,0.00042905618,0.00011931944,0.01466967,0.0006427968,5.367211e-05
ISIC_0027401,3,1,0,0.6403815,0.35959983,2.2489571e-07,3.4677912e-06,1.4383031e-05,5.5574657e-07,5.382975e-08
ISIC_0028637,3,1,0,0.904535,0.09546135,5.9862315e-09,2.0461446e-08,3.1753539e-06,4.0925812e-07,5.477225e-08
ISIC_0026672,3,1,1,0.0027489997,0.99692476,2.315505e-05,0.00026063022,1.8898794e-06,3.9995466e-05,5.549183e-07
ISIC_0030180,3,1,1,1.3657324e-05,0.9976219,8.4418144e-07,1.8084778e-06,0.0023439885,7.5875185e-08,1.772159e-05
ISIC_0026043,3,1,1,0.0036845268,0.99241734,0.0011924042,9.857738e-06,0.0018232651,0.00058361323,0.000288926
ISIC_0025074,3,1,1,0.07150944,0.91731995,0.0014913613,0.00035203685,0.0075089545,0.0015961943,0.00022199305
ISIC_0029898,3,1,1,0.07572537,0.9229399,0.00030413183,4.8764166e-05,0.00031208343,0.0005815297,8.828229e-05
ISIC_0026974,3,1,1,0.0120775495,0.983955,1.059922e-05,1.03288315e-07,5.196521e-05,0.00390163,3.1214495e-06
ISIC_0025846,3,1,1,0.100206815,0.83232296,0.0017267643,1.680635e-05,0.065693974,1.2176329e-05,2.0468011e-05
ISIC_0027928,3,1,1,0.030809605,0.7955019,0.00424008,0.003112806,0.1655657,0.00071258575,5.734262e-05
ISIC_0031596,3,1,1,0.12683327,0.7851083,0.00027851792,9.797445e-06,0.052878954,0.034856346,3.4807887e-05
ISIC_0025289,3,1,1,0.010601257,0.9736069,9.794812e-06,0.006328041,0.00021142655,5.200287e-05,0.009190502
ISIC_0030219,3,1,1,0.19837776,0.7948512,0.00025866347,0.0035201064,0.00017140817,0.002776588,4.430279e-05
ISIC_0030981,3,1,1,0.0004342774,0.999541,1.18337084e-07,1.2210579e-05,6.1887804e-06,2.6638065e-06,3.5195226e-06
ISIC_0025899,3,1,1,0.00032515128,0.99967414,2.1643903e-08,2.7865539e-09,8.157205e-09,2.744652e-09,6.7390386e-07
ISIC_0027382,3,1,1,0.0054099634,0.90260744,0.008062278,0.08188364,0.0010688488,0.0007509581,0.00021683765
ISIC_0027949,3,1,1,0.25915617,0.72745633,7.998545e-05,0.0061027193,0.0067165373,0.00028230832,0.00020594495
ISIC_0026795,3,1,1,0.011839693,0.9879476,5.4596205e-07,4.984028e-08,1.0664907e-05,0.00019874112,2.782027e-06
ISIC_0030645,3,1,0,0.4729763,0.25612807,8.183166e-05,0.0008435502,0.26293927,0.000118502205,0.0069124373
ISIC_0026998,3,1,1,0.00046673446,0.9959685,0.0012588163,2.3145844e-06,2.3685478e-05,1.5541083e-05,0.002264363
ISIC_0032218,3,1,1,3.097811e-06,0.69946754,0.20122394,3.918052e-06,0.09911184,5.149084e-05,0.00013813659
ISIC_0031838,3,1,1,0.0005696926,0.99743617,0.0014000564,0.0001327618,0.00032137023,0.00010335281,3.6622816e-05
ISIC_0029733,3,1,1,0.05833459,0.7711117,0.16692023,0.00020237928,0.0032285429,0.0001509541,5.163906e-05
ISIC_0026329,3,1,1,1.5935055e-05,0.9998636,8.773532e-05,3.750442e-09,8.840234e-06,3.9672557e-08,2.3856104e-05
ISIC_0028478,3,1,1,0.08642907,0.7946197,0.0062268334,2.4723511e-05,0.07345046,0.03922977,1.9461524e-05
ISIC_0027889,3,1,1,0.405016,0.5210148,0.07144774,9.878442e-06,0.0008923955,4.398019e-06,0.0016149165
ISIC_0031014,3,1,1,0.0721464,0.9212812,0.0056555592,0.0004721343,0.0003695477,6.4198815e-05,1.09626135e-05
ISIC_0024969,3,1,1,0.111521825,0.88034713,0.0014118465,0.005595783,0.00030141108,0.00078448094,3.743546e-05
ISIC_0032936,3,0,1,0.19267477,0.8072405,1.6096141e-08,7.6561957e-10,8.466842e-05,2.3167823e-10,1.4164284e-08
ISIC_0025463,3,1,1,0.14546257,0.8028046,0.026622152,8.968649e-07,0.0011436888,0.02396226,3.8612966e-06
ISIC_0033232,3,0,1,0.29584152,0.7040787,1.3899086e-06,1.5993773e-08,7.603705e-05,5.26438e-09,2.3403504e-06
ISIC_0031742,3,1,1,0.09861739,0.83679885,0.00032136374,0.0013606406,0.062183388,0.00065502035,6.3299536e-05
ISIC_0032195,3,1,1,0.06672221,0.932216,0.0007266568,2.6925973e-06,9.60545e-05,0.00023420698,2.2193592e-06
ISIC_0031813,3,1,1,0.4201232,0.44589463,0.0037009926,0.05497714,0.00013340774,0.0746205,0.00055015023
ISIC_0030354,3,1,1,0.35415938,0.4688475,0.0041234083,0.00041971603,2.6130927e-05,0.17237402,4.983091e-05
ISIC_0025000,3,1,1,0.0030397992,0.99694216,1.460033e-07,3.465745e-08,1.6367616e-05,1.4430368e-06,1.0138224e-07
ISIC_0027066,3,1,1,0.06735851,0.76146126,0.000867129,1.206818e-05,0.16829379,0.0018821068,0.00012512479
ISIC_0025106,3,1,1,0.18941315,0.73859966,0.0003848009,0.004984231,0.05375304,0.012809594,5.5505494e-05
ISIC_0026805,3,1,1,0.1620608,0.58901936,0.00027853326,3.139081e-06,0.24790816,0.0006783354,5.166501e-05
ISIC_0024680,3,1,1,0.14363639,0.7940443,0.03443385,9.794634e-06,0.027217695,0.00045141502,0.00020654111
ISIC_0029465,3,1,1,0.0013289211,0.9985596,3.160195e-06,6.0474513e-06,7.9650745e-05,5.81021e-09,2.270261e-05
ISIC_0031594,3,1,4,0.0009509595,0.00029098048,7.9029014e-05,0.0022075418,0.9963273,0.00014364856,5.051023e-07
ISIC_0029855,3,1,1,0.2393467,0.53740275,0.05039652,0.012539567,0.1601684,9.926184e-06,0.00013609289
ISIC_0029530,3,1,1,0.124951646,0.8444416,2.8622826e-05,0.001128386,0.029434998,8.177213e-06,6.5343193e-06
ISIC_0027360,3,1,1,0.084738836,0.62433416,0.18337116,0.10254872,0.0049692667,1.3332736e-05,2.4477256e-05
ISIC_0029554,3,1,1,0.064660266,0.92136824,0.00892667,0.0011038125,0.0039326185,1.17567495e-07,8.253865e-06
ISIC_0026096,3,1,1,0.004799702,0.99519664,4.5646344e-09,4.0104244e-09,3.0223084e-06,7.744206e-08,6.0775466e-07
ISIC_0026445,3,1,1,0.0073295026,0.9851278,1.985491e-05,0.006845995,0.0005852246,7.6092154e-05,1.5536425e-05
ISIC_0026023,3,1,1,0.056641884,0.92387426,0.013323128,1.129902e-06,0.0053291945,6.544991e-06,0.00082383695
ISIC_0026330,3,1,1,0.111793004,0.88552105,0.00020738077,2.2210131e-06,0.00026382372,0.0021483772,6.413504e-05
ISIC_0031567,3,1,1,0.19774947,0.7990144,0.0017727043,2.1662609e-05,0.0004368484,0.0009788147,2.606487e-05
ISIC_0026577,3,1,4,0.037741967,0.0047928886,0.00016386414,0.00024138959,0.9568596,0.00019637025,3.970752e-06
ISIC_0031249,3,1,1,0.01655788,0.6578876,0.00078751583,0.0012173922,0.3160512,0.0074587935,3.96193e-05
ISIC_0030451,3,1,1,0.05483935,0.9085329,0.00035733043,0.0013802925,0.03487903,1.019005e-06,1.00894995e-05
ISIC_0031301,3,1,0,0.739524,0.239496,0.009398219,0.006261456,0.00059128477,0.004584334,0.0001446715
ISIC_0031111,3,1,0,0.6456032,0.34503844,7.691611e-05,0.0015558689,0.00281286,0.004888692,2.4014087e-05
ISIC_0028602,3,1,1,0.0028636358,0.8240821,0.001773018,5.180247e-07,0.006281849,0.16391134,0.0010875243
ISIC_0030674,3,1,1,0.00043084496,0.9917248,0.0017570725,0.0006350825,0.0054376787,5.656917e-06,8.911033e-06
ISIC_0031192,3,1,1,0.0004333381,0.7902471,0.010978879,0.0005781023,0.19738136,0.0002054652,0.00017577744
ISIC_0027498,3,1,1,0.002967658,0.99386775,0.0011491979,1.3771438e-07,0.0016137499,9.5636264e-05,0.0003058686
ISIC_0031462,3,1,4,0.0027431909,0.006363726,8.461191e-06,0.20191021,0.788973,2.2816224e-07,1.2545153e-06
ISIC_0026071,3,1,4,0.013268381,0.006549307,1.7620028e-05,8.159795e-06,0.98014575,4.6286715e-07,1.0311875e-05
ISIC_0030923,3,1,1,0.43708986,0.5343953,0.02773577,1.2153379e-05,0.00075336883,1.1700572e-05,1.9044377e-06
ISIC_0025989,3,1,1,0.03513821,0.964286,0.0005712094,9.769799e-07,1.6004935e-06,4.4528412e-07,1.4658794e-06
ISIC_0028873,3,1,4,0.034311645,0.11682477,5.134303e-06,0.00045978674,0.84838647,3.5156705e-07,1.1904708e-05
ISIC_0028882,3,1,1,0.067333505,0.8022086,0.048224233,1.5679328e-05,0.0017355256,0.07955681,0.0009255684
ISIC_0030061,3,1,1,0.003681972,0.9935576,0.00016824382,0.002574638,1.35643595e-05,2.3907628e-06,1.644373e-06
ISIC_0030960,3,1,1,0.031234682,0.9642955,0.004361263,6.1194055e-07,0.00010226442,2.2061367e-06,3.5387106e-06
ISIC_0030311,3,1,2,0.33153385,0.28977877,0.3777191,3.5780897e-05,0.0008590271,4.4968172e-05,2.8479219e-05
ISIC_0025505,3,1,1,0.0037803228,0.9904127,0.00063266774,0.0042543868,0.00091047026,3.0892948e-06,6.3365965e-06
ISIC_0024784,3,1,1,6.538145e-05,0.99447215,0.0012946373,9.41076e-06,0.0036337294,0.0001850952,0.00033961664
ISIC_0024922,3,1,1,0.00058658666,0.79547787,0.00048870605,0.00013965895,0.020896683,0.18238452,2.5938096e-05
ISIC_0027127,3,1,1,0.12969968,0.8687515,0.0013464673,9.324246e-05,1.7324992e-05,1.2943694e-06,9.049368e-05
ISIC_0028849,3,1,1,0.0043831444,0.80862886,0.18538816,0.00023762273,0.00048448402,2.0374066e-06,0.0008756644
ISIC_0025517,3,1,1,0.009790658,0.9823186,0.0037919488,0.00012370376,0.0039126766,1.8069213e-05,4.43422e-05
ISIC_0030553,3,1,1,0.0018512653,0.9920244,0.0051031043,5.1526285e-06,0.0009830943,2.9428784e-07,3.2758537e-05
ISIC_0027379,3,1,1,0.061474673,0.743505,0.0004942579,3.895814e-06,0.192776,0.0017368846,9.32792e-06
ISIC_0027468,3,1,1,0.0772318,0.7630325,0.042961664,8.596291e-06,0.092464045,0.024282033,1.9418008e-05
ISIC_0028016,3,1,2,6.9329675e-05,0.019393796,0.79839885,0.00052983424,0.17709658,0.0018790236,0.002632587
ISIC_0030639,3,1,1,0.0007822996,0.8585645,0.0034723927,5.242857e-07,0.13710955,7.0053766e-06,6.3766594e-05
ISIC_0025165,3,1,1,0.004124011,0.9911947,0.004075841,0.00040475558,5.6022553e-05,9.6749045e-06,0.00013501049
ISIC_0028698,3,1,1,0.10551737,0.8762663,0.015918322,0.0009140993,0.00013674106,8.567747e-05,0.0011614905
ISIC_0030694,3,1,1,0.024256993,0.79097044,0.18458231,2.1618118e-06,0.00014207799,7.6789854e-07,4.523163e-05
ISIC_0027798,3,1,1,0.00011338548,0.99977654,1.727905e-05,2.076602e-09,8.9337016e-05,1.1226746e-07,3.3222452e-06
ISIC_0028141,3,1,1,0.18200405,0.81352776,0.0004342497,1.2998069e-07,0.0033542495,0.0006635044,1.605077e-05
ISIC_0032310,3,1,1,0.112646356,0.88657314,0.00015903517,2.9647067e-06,0.00031908695,0.00026628844,3.313946e-05
ISIC_0026323,3,1,1,0.0075516403,0.935787,0.0549455,6.622032e-07,0.0013436669,0.00034134905,3.0151316e-05
ISIC_0030663,3,1,1,0.01622956,0.9791371,0.0037414604,5.2866244e-06,0.0008052771,6.479352e-05,1.6533233e-05
ISIC_0028673,3,1,1,0.0005419379,0.9988769,1.2118983e-05,2.7137125e-05,0.00053000485,4.778012e-06,7.0732376e-06
ISIC_0030151,3,1,4,0.07548195,0.16895649,0.0001402558,0.0014064738,0.7537378,0.00025449635,2.2483833e-05
ISIC_0031866,3,1,1,0.002364686,0.99285316,9.502687e-05,2.2349544e-05,0.0045016906,0.00012634255,3.6718073e-05
ISIC_0028344,3,1,1,0.036185265,0.7489972,0.035839733,0.00022220341,0.15621248,0.02233989,0.00020320612
ISIC_0031039,3,1,1,0.038313083,0.95920265,3.7086305e-05,3.965105e-07,0.00024787712,0.002132184,6.674795e-05
ISIC_0026665,3,1,1,0.0023900666,0.97928524,0.00012425488,2.3008365e-08,3.8264125e-06,0.018187705,8.934718e-06
ISIC_0028608,3,1,1,0.000931619,0.9796823,0.00022983455,7.935986e-05,0.014623335,0.004426775,2.6638463e-05
ISIC_0030839,3,1,1,0.20043154,0.68003595,1.2148641e-07,8.860867e-07,0.11777611,0.0017528178,2.6501043e-06
ISIC_0026809,3,1,1,0.004394485,0.7590828,0.00016976509,0.00032961054,0.23601231,3.8144885e-06,7.1798377e-06
ISIC_0026157,3,1,1,0.03396022,0.9645072,4.925564e-06,3.7736081e-06,0.00054109766,0.00090828247,7.448705e-05
ISIC_0030140,3,1,1,0.0036422783,0.9943218,7.5296293e-06,0.00029563898,4.7585326e-07,0.001718424,1.3892774e-05
ISIC_0027614,3,1,1,0.032789297,0.9440138,0.0119256945,0.00055830774,0.0038851718,0.005514286,0.0013134128
ISIC_0025243,3,1,1,2.8393142e-06,0.73882025,1.9512012e-05,3.7172388e-06,0.26113543,3.5635694e-06,1.4676208e-05
ISIC_0030159,3,1,1,0.027875911,0.9720305,7.7518445e-05,1.4681676e-06,1.0522483e-05,2.523567e-06,1.4875272e-06
ISIC_0030434,3,1,1,0.048298907,0.94978696,0.0002840022,3.825838e-06,0.0010839169,0.0005333355,9.049052e-06
ISIC_0026580,3,1,1,0.063220575,0.9364203,0.00032493717,3.7174773e-06,3.426927e-06,1.5608304e-05,1.1382632e-05
ISIC_0030919,3,1,1,0.022187179,0.97729504,1.7371738e-05,9.113103e-06,0.0002521751,0.00023448956,4.6562773e-06
ISIC_0028498,3,1,1,0.07221798,0.64123994,0.00031488782,0.00041866815,0.28545272,0.0002910137,6.477213e-05
ISIC_0025346,3,1,1,0.11866762,0.70484746,0.00052480306,0.013896818,0.1615494,4.159219e-05,0.0004723107
ISIC_0026260,3,1,1,0.059901297,0.9399802,1.12951775e-05,3.12538e-08,0.00010430663,2.0539294e-06,8.2694487e-07
ISIC_0030940,3,1,1,0.004426152,0.53234,6.347276e-05,5.241072e-05,0.46305794,5.1311683e-05,8.694204e-06
ISIC_0030937,3,1,1,0.100626886,0.6364063,0.06667155,5.155304e-05,0.01507357,0.18116285,7.263419e-06
ISIC_0025400,3,1,1,0.00041365382,0.9925965,2.8492974e-05,2.8896415e-07,0.0069490755,1.0699718e-05,1.3703573e-06
ISIC_0029792,3,1,1,2.2926837e-05,0.9998862,8.841288e-05,2.7714937e-09,3.4712602e-07,1.337643e-07,1.8861276e-06
ISIC_0026218,3,1,1,0.21504435,0.78304994,2.7172306e-05,8.6277e-06,0.00045645153,0.0013910625,2.235735e-05
ISIC_0028766,3,1,1,0.16300365,0.83618563,2.2425254e-05,0.00025148093,4.3385535e-05,0.0004755586,1.789236e-05
ISIC_0028384,3,1,4,0.018695433,0.42377934,0.0010134326,0.0001227475,0.55472213,9.578356e-05,0.0015712021
ISIC_0030155,3,1,1,4.4351138e-05,0.9998153,1.7173734e-06,1.3511442e-07,0.00012761452,7.4768695e-07,1.0138258e-05
ISIC_0027523,3,1,1,0.00020455953,0.9995348,7.0151657e-07,5.5839955e-08,0.00025750193,1.049594e-06,1.3166853e-06
ISIC_0028531,3,1,1,0.011538744,0.9881636,5.8334963e-06,5.7488757e-07,0.00026629757,2.3376755e-05,1.6477254e-06
ISIC_0026182,3,1,1,7.8586146e-07,0.99999905,3.5981856e-08,4.5644035e-09,7.92214e-08,1.0722173e-08,4.362016e-08
ISIC_0025061,3,1,1,0.010139078,0.9896681,1.4165664e-05,1.2517274e-08,0.00012666926,4.415935e-06,4.7519636e-05
ISIC_0028477,3,1,1,0.27391613,0.721814,6.56629e-05,0.0005287795,0.00012937491,0.0034341484,0.000111922665
ISIC_0024577,3,1,1,0.19835636,0.79891753,0.0007205143,2.8701376e-07,0.00025127173,0.0017501131,3.917349e-06
ISIC_0025647,3,1,1,0.12153417,0.8782495,1.4070768e-05,8.37273e-09,2.8219004e-06,0.0001894864,9.868636e-06
ISIC_0025323,3,1,1,0.0052702473,0.9946289,4.6728957e-07,3.1396558e-10,8.9189365e-05,9.51699e-06,1.6889005e-06
ISIC_0024818,3,1,0,0.76241934,0.212679,1.098119e-05,2.8567022e-06,0.024865745,1.7355389e-05,4.7552858e-06
ISIC_0031595,3,1,1,0.003546077,0.99621326,2.3155746e-07,6.1104714e-08,0.00023223087,1.6024256e-07,7.97372e-06
ISIC_0031071,3,1,1,3.8646813e-06,0.859348,5.4112706e-06,1.0132968e-07,0.14059514,6.986213e-06,4.0383922e-05
ISIC_0031475,3,1,1,0.00070972875,0.57417244,6.497802e-06,2.8726848e-08,0.42506543,8.173439e-06,3.77248e-05
ISIC_0031602,3,1,0,0.92076266,0.048109047,0.0034655214,0.00034298684,0.027294725,1.1647865e-05,1.3402494e-05
ISIC_0024683,3,1,1,0.36171824,0.62543887,0.003173177,0.0013567659,0.008238645,6.947397e-05,4.8084494e-06
ISIC_0026816,3,1,1,1.1509713e-05,0.9941915,1.3056112e-06,1.2085496e-07,0.0057875346,3.1837892e-06,4.766355e-06
ISIC_0028635,3,1,1,3.8571983e-05,0.99634993,4.4416362e-07,1.03926155e-07,0.0036035497,1.0791714e-06,6.3581597e-06
ISIC_0026480,3,1,1,0.0029902435,0.99697334,5.764794e-09,1.2496595e-10,4.2422315e-09,6.72252e-07,3.5721263e-05
ISIC_0029668,3,1,1,0.061710157,0.8802309,0.00014855569,2.8530389e-08,0.0006598652,0.05698145,0.0002690735
ISIC_0027140,3,1,1,8.932997e-05,0.9999102,1.4256709e-07,4.845599e-10,3.4164205e-07,1.1890701e-08,2.6233185e-08
ISIC_0031322,3,1,1,2.5765654e-05,0.9999733,7.2933275e-08,5.972537e-12,6.048544e-08,6.3934693e-09,8.1581936e-07
ISIC_0025956,3,1,1,0.19030309,0.80300605,0.000816692,2.2884433e-07,0.00418044,0.0016703,2.3117736e-05
ISIC_0027607,3,1,1,0.48907575,0.51077235,5.813614e-07,1.3135278e-07,0.00013884179,8.046924e-08,1.2295575e-05
ISIC_0024540,3,1,1,0.00195199,0.9977943,3.7025322e-06,8.086099e-09,0.00024295237,2.0454043e-07,6.8501045e-06
ISIC_0027948,3,1,1,0.00050342875,0.99947536,4.445532e-07,1.2041343e-06,1.8025235e-05,8.524946e-08,1.4886441e-06
ISIC_0025253,3,1,1,0.0021659029,0.99532956,1.1764894e-05,7.043514e-06,0.0022692827,8.982716e-05,0.00012656192
ISIC_0027961,3,1,1,0.0010929867,0.986393,0.00011070565,4.785035e-06,0.011242574,0.0005746893,0.00058121287
ISIC_0026190,3,1,1,0.009792112,0.9804454,0.0007431582,1.7052323e-06,0.0050563226,0.0036115553,0.0003498168
ISIC_0025881,3,1,1,1.00463e-05,0.9997695,1.2167339e-05,1.2371501e-07,0.0001466037,7.056665e-06,5.4473836e-05
ISIC_0031668,3,1,1,3.5539615e-05,0.9997104,2.8642395e-07,1.8147016e-08,0.00024943723,4.9891646e-08,4.327804e-06
ISIC_0027431,3,1,1,9.949047e-06,0.99997246,3.7840969e-06,1.3368459e-08,1.1136167e-05,4.333625e-08,2.6160455e-06
ISIC_0033140,3,1,1,0.22343263,0.77629936,3.7046689e-06,2.4722775e-07,0.000263745,2.2512932e-08,2.2142535e-07
ISIC_0033765,3,1,1,0.012633058,0.98736584,2.3094193e-08,1.5943378e-09,6.836712e-07,3.2232447e-07,7.468152e-08
ISIC_0025897,3,1,1,9.9495985e-05,0.9998881,8.266884e-08,1.8613989e-06,8.332072e-06,9.454608e-07,1.1094438e-06
ISIC_0032721,3,1,1,0.0007011908,0.9970404,1.054672e-05,0.00050444214,0.0017168175,2.0265605e-05,6.3237885e-06
ISIC_0033537,3,1,1,0.07575428,0.92338735,4.5049974e-06,0.0004969041,0.00034964495,5.2297737e-06,2.1248436e-06
ISIC_0032837,3,1,1,5.8029273e-05,0.96658313,1.8052302e-05,0.00051599334,0.032793626,2.6045536e-05,5.1224342e-06
ISIC_0032682,3,1,1,0.015790243,0.8809682,1.9731435e-05,0.09519202,0.0075186878,0.00044824337,6.280666e-05
ISIC_0033223,3,1,1,0.0038385082,0.99615353,3.119654e-08,7.123859e-09,7.5293146e-06,6.110944e-08,2.959911e-07
ISIC_0032764,3,1,1,0.07533873,0.9245992,2.56983e-07,1.5565899e-08,6.180087e-05,2.4251232e-09,5.801732e-09
ISIC_0033436,3,1,1,0.0076347375,0.99203205,1.4459395e-06,7.568743e-09,0.00024231689,8.595413e-05,3.5539028e-06
ISIC_0033777,3,1,1,0.0001676537,0.9997923,4.280717e-08,8.655294e-08,3.6599853e-05,2.9043733e-07,3.0327108e-06
ISIC_0033078,3,1,1,0.0011473706,0.9988042,4.5886186e-06,1.8987441e-06,2.634977e-05,1.0981698e-06,1.4509225e-05
ISIC_0034055,3,1,1,7.770666e-05,0.9997643,4.9240544e-08,4.2907146e-07,0.00015522915,1.4507708e-07,2.0945586e-06
ISIC_0032868,3,1,1,1.0440638e-06,0.9998479,9.215233e-08,1.1334885e-08,0.00015089494,2.0982583e-08,9.488927e-08
ISIC_0033211,3,1,1,0.19604906,0.79210114,0.004207471,1.2446374e-07,0.0066124424,0.0010239554,5.8064516e-06
ISIC_0033617,3,1,1,0.031032711,0.9631675,0.0010908366,1.6467614e-07,0.004650648,4.750348e-05,1.0681651e-05
ISIC_0033889,3,1,1,0.00650953,0.91991407,0.00017595796,5.0478263e-07,0.07335602,1.1492235e-05,3.2416887e-05
ISIC_0033098,3,1,1,0.10929954,0.884379,0.0020184414,2.3170916e-05,0.0041129645,0.00014545929,2.1454145e-05
ISIC_0032607,3,1,1,0.081322245,0.91276586,0.001148325,1.3052452e-06,0.004757005,4.2183683e-06,1.0338865e-06
ISIC_0033542,3,1,1,0.0008173321,0.99917585,4.4307452e-08,1.35448746e-08,4.500191e-06,2.034802e-06,2.803627e-07
ISIC_0032748,3,1,1,0.0019426241,0.99792707,5.8312037e-07,2.7637876e-07,0.00012301645,5.080818e-06,1.3278508e-06
ISIC_0033577,3,1,1,6.616419e-06,0.999918,1.3652956e-06,6.8763757e-07,4.4867747e-06,6.626022e-05,2.6954913e-06
ISIC_0034250,3,1,1,0.015255155,0.97095335,5.7902753e-06,5.8003952e-06,0.013257803,0.0005154559,6.6480034e-06
ISIC_0033208,3,1,1,0.0014842559,0.9981513,0.00029975755,1.1495611e-05,4.4190256e-05,4.6968325e-06,4.3083364e-06
ISIC_0029152,3,1,1,0.090418175,0.9016142,0.003300614,5.795854e-05,0.0007610797,0.0038066816,4.1244264e-05
ISIC_0032800,3,1,1,0.00012206434,0.9998609,6.7983647e-06,4.039852e-07,6.4481064e-06,5.6677407e-10,3.4431291e-06
ISIC_0033341,3,1,1,5.3183234e-05,0.99987423,6.8156965e-06,7.0325206e-07,5.8324502e-05,7.590312e-08,6.683344e-06
ISIC_0034302,3,1,1,2.9732773e-05,0.9999701,3.5341607e-09,7.96596e-11,1.6203475e-07,1.07182985e-10,3.4257552e-09
ISIC_0033826,3,1,1,2.1977391e-07,0.9999882,1.6138558e-06,1.1527301e-09,3.186999e-06,8.009313e-08,6.7680585e-06
ISIC_0033421,3,1,1,0.0018235554,0.99813735,1.6797397e-06,4.035292e-07,2.6065836e-05,8.267414e-06,2.6342932e-06
ISIC_0033383,3,1,1,0.011630623,0.9883255,3.3195043e-05,4.3314237e-09,1.149346e-06,5.2350714e-07,9.06297e-06
ISIC_0033858,3,1,1,0.002265069,0.99773324,1.3742664e-08,9.934253e-10,4.9711093e-07,7.5351653e-07,5.123817e-07
ISIC_0033025,3,1,1,0.021414045,0.97851384,2.1983779e-07,4.76211e-09,7.103586e-05,2.2968731e-08,8.896046e-07
ISIC_0033053,3,1,1,0.0010459999,0.9989379,1.0871065e-07,4.390741e-10,1.5639009e-05,3.5503533e-10,4.1075432e-07
ISIC_0032738,3,1,1,0.15538815,0.8444959,2.3629045e-05,1.5022e-08,3.6960707e-06,8.561449e-05,3.0204985e-06
ISIC_0034080,3,1,1,0.111055925,0.8882884,0.00040681072,8.913046e-06,0.000121675126,8.3795494e-05,3.456565e-05
ISIC_0032789,3,1,1,0.0017368583,0.99824,8.080017e-08,1.379322e-09,2.2734508e-05,1.4123772e-07,1.8948451e-07
ISIC_0034045,3,1,1,4.8768292e-05,0.9999097,1.6352182e-05,2.5267516e-08,1.1212694e-05,5.7283785e-08,1.3922714e-05
ISIC_0033190,3,1,1,0.00025719803,0.9848472,0.00038429754,4.561345e-05,0.014248909,0.00021133959,5.4893685e-06
ISIC_0033535,3,1,1,7.984632e-05,0.99986726,2.1536023e-05,8.268599e-09,1.1601513e-06,1.37940575e-08,3.0216755e-05
ISIC_0033735,3,1,1,0.27778298,0.7217477,5.7714924e-08,2.7640093e-07,0.00046280972,2.2755987e-06,3.930615e-06
ISIC_0033982,3,1,1,0.025008162,0.97475946,2.7832011e-06,3.294425e-06,2.873019e-06,0.00022305646,3.4227685e-07
ISIC_0024725,3,1,1,0.002717934,0.9942959,1.7275592e-06,3.2932795e-07,0.0029340447,2.9795157e-05,2.0263838e-05
ISIC_0031259,3,1,1,0.1324976,0.8559674,0.00014492229,6.388435e-06,0.01060288,0.0002911981,0.0004895952
ISIC_0027138,3,1,1,0.0016752183,0.99434966,0.0008439111,1.5130072e-05,0.00016509075,0.001269432,0.0016815888
ISIC_0024757,3,1,1,0.3345263,0.4184792,0.16174391,3.266089e-05,0.005517154,0.07750716,0.0021936446
ISIC_0026391,3,1,1,0.12330054,0.8756301,1.2878154e-05,4.727055e-05,0.0009038276,1.4256324e-05,9.107652e-05
ISIC_0025122,3,1,1,8.94189e-05,0.99919736,5.994673e-08,1.0198213e-08,0.0007103352,5.67298e-07,2.2445306e-06
ISIC_0031216,3,1,1,0.2612913,0.6722503,0.00033202482,8.6623976e-07,0.06605724,1.6107424e-06,6.6724315e-05
ISIC_0031769,3,1,1,0.15024704,0.8477093,0.00013791338,5.5065414e-07,0.0018986224,1.4351324e-06,5.1131415e-06
ISIC_0032379,3,1,1,0.007976859,0.9919631,2.8241857e-06,6.829754e-08,1.7924434e-05,3.7333586e-05,1.9241818e-06
ISIC_0029368,3,1,1,0.033619653,0.9662981,6.638409e-07,1.2054264e-06,8.0452955e-06,7.107392e-05,1.2331182e-06
ISIC_0031359,3,1,1,0.0012174074,0.87021464,0.043945123,6.403369e-05,0.07953101,0.003455966,0.0015718335
ISIC_0031454,3,1,1,0.00049802975,0.97958887,0.0061888327,2.4477317e-06,0.013541947,0.00010942832,7.038589e-05
ISIC_0030909,3,1,1,0.00011551165,0.99986285,3.896236e-06,1.975611e-08,1.1887698e-05,2.7348628e-06,3.0768674e-06
ISIC_0031323,3,1,1,0.00051221065,0.9994691,1.2532519e-06,1.4813838e-06,1.1230385e-05,3.3137942e-06,1.3567812e-06
ISIC_0029143,3,1,1,0.0059120217,0.8061072,0.1741698,1.5702699e-05,0.007570473,0.005604773,0.0006200022
ISIC_0025652,3,1,1,0.068555154,0.82108754,9.7165335e-05,7.321845e-08,0.10982744,0.00036509364,6.760259e-05
ISIC_0024830,3,1,1,2.794391e-06,0.99992055,7.7027335e-06,2.0072634e-06,4.5635188e-05,5.635989e-07,2.072884e-05
ISIC_0028380,3,1,1,0.042998176,0.956814,3.976128e-06,0.00013637231,1.6860491e-05,7.819968e-06,2.2691394e-05
ISIC_0030693,3,1,0,0.5449672,0.12663242,0.003935964,0.0006509763,0.3226331,0.0011213316,5.905031e-05
ISIC_0029659,3,3,3,0.00036046462,3.917201e-07,0.00012312544,0.7960741,0.012770276,0.1906629,8.730034e-06
ISIC_0026575,3,3,3,0.012073861,0.00014738277,0.0023858813,0.69373834,0.29126996,0.00028639537,9.8234625e-05
ISIC_0030586,3,3,4,0.04772269,0.094753966,0.023094332,0.00075007,0.8334633,9.4367955e-05,0.000121348756
ISIC_0025178,3,3,3,9.968623e-05,0.005648266,0.047865957,0.79969186,2.1372234e-05,0.14645506,0.00021784121
ISIC_0028730,3,3,3,0.0040894216,0.17768219,0.005941292,0.5548474,0.21767583,0.039370127,0.00039377078
ISIC_0029041,3,3,4,0.004872928,2.4587393e-05,0.0009175731,0.0059731747,0.9881042,4.4450226e-05,6.3006955e-05
ISIC_0031040,3,3,3,0.19092652,9.3177705e-06,0.00467071,0.7973193,0.005043297,0.0019112921,0.00011960382
ISIC_0030242,3,3,3,0.015401082,2.5817008e-07,0.08925581,0.81339586,0.044066183,0.03787304,7.746255e-06
ISIC_0031119,3,3,3,0.01777531,0.00016710702,0.082488604,0.88252574,0.014878014,0.0014783047,0.0006869334
ISIC_0026362,3,3,1,0.0015478865,0.79428136,1.0240668e-05,3.631391e-05,0.2036258,0.0004884576,9.991827e-06
ISIC_0028158,3,3,1,0.0047378363,0.7853966,0.17207168,0.011212569,0.0031738419,0.023374286,3.321331e-05
ISIC_0030602,3,3,3,0.007924553,0.09634073,1.1481559e-05,0.69798195,0.1974877,0.0002112309,4.234093e-05
ISIC_0030076,3,3,3,0.13835505,0.0064745666,0.020839434,0.6741632,0.105272494,0.049543023,0.005352227
ISIC_0025539,3,3,3,0.2312892,0.0017410701,8.498655e-05,0.7324238,0.029976383,0.004457279,2.7308299e-05
ISIC_0031043,3,3,1,0.18899241,0.6865805,0.061297845,0.021147544,0.0343558,0.00397269,0.003653263
ISIC_0026327,3,3,3,0.0020080423,0.0667972,0.34921825,0.4958195,0.08560899,0.00046009143,8.7891174e-05
ISIC_0027958,3,3,3,0.0047453586,0.0036655485,0.1341007,0.7807508,0.07572253,0.0010142467,8.3601043e-07
ISIC_0027896,3,3,3,0.001956794,0.0004364612,0.13039345,0.85564154,0.0113562,0.00020701229,8.549606e-06
ISIC_0031940,3,3,3,0.13970493,0.00029902701,8.018964e-05,0.8488003,0.010828379,0.0002721326,1.50688065e-05
ISIC_0031044,3,3,3,8.992941e-05,2.738508e-05,8.292562e-06,0.9894597,0.009563009,0.0005398068,0.0003118193
ISIC_0025712,3,3,4,0.0012254253,0.00021552006,0.001036567,0.2218343,0.7752304,4.462848e-05,0.00041304165
ISIC_0025358,3,3,3,5.402047e-05,0.027447298,0.0007572841,0.8926714,0.01723291,0.061814398,2.2682621e-05
ISIC_0031609,3,3,1,0.31044248,0.67154604,0.00024828903,0.001958399,0.013325563,0.001768431,0.00071077846
ISIC_0024707,3,3,3,0.03032988,0.023447705,0.0009161127,0.69556785,0.24950342,0.00010156007,0.00013343609
ISIC_0029860,3,3,3,0.051507182,1.1740864e-06,0.0037302312,0.87171745,0.004264001,0.06871946,6.0422266e-05
ISIC_0024517,3,3,2,0.0053209485,0.07352893,0.7479677,0.1723996,6.048501e-06,9.2908354e-05,0.00068376836
ISIC_0026466,3,3,1,0.0013458515,0.5748359,8.580203e-05,0.3060426,0.11762317,2.43551e-05,4.241024e-05
ISIC_0029932,3,3,3,5.3022377e-05,0.0023193697,4.2633794e-05,0.7917982,0.2057322,3.4851982e-05,1.9779947e-05
ISIC_0024575,3,3,3,0.0015881344,0.0050383736,0.00014074224,0.971567,0.020778477,0.0003127802,0.00057455775
ISIC_0025089,3,3,4,0.026049158,0.0021031736,9.738322e-07,0.0019079013,0.96993315,3.500667e-06,2.1362994e-06
ISIC_0027178,3,3,4,2.6933606e-06,9.9837416e-05,5.6936955e-07,0.005518046,0.99427766,9.422308e-05,6.950053e-06
ISIC_0028190,3,3,3,7.224106e-05,0.00013750028,4.4252225e-05,0.99970883,5.3909234e-06,1.2925499e-05,1.8827173e-05
ISIC_0030953,3,3,3,0.17549904,0.06851386,0.0039042898,0.739255,0.01265792,5.6278408e-05,0.00011361662
ISIC_0025196,3,3,3,0.15917942,0.026948173,0.013873814,0.6845318,0.10161628,0.013324546,0.00052602874
ISIC_0028644,3,3,1,0.2251319,0.75729793,0.0013740043,0.005484478,0.009973504,0.00016474842,0.0005734213
ISIC_0032277,3,3,4,0.11929332,0.06400497,5.2715634e-05,0.029901484,0.7865837,9.722692e-05,6.660027e-05
ISIC_0025953,3,3,3,0.14482701,0.00020754067,5.471212e-06,0.8545617,0.00031525112,2.9907842e-06,8.00609e-05
ISIC_0027047,3,3,3,4.125221e-05,0.2565413,0.22701558,0.50788414,0.0047720172,0.0033226735,0.00042297543
ISIC_0029210,3,3,3,0.00012458857,9.539134e-05,5.604287e-05,0.9991497,8.7338245e-05,0.0001525105,0.00033439262
ISIC_0024522,3,3,2,0.00021309829,0.22184396,0.6614814,0.009736685,0.085542604,0.021089613,9.262005e-05
ISIC_0030387,3,3,4,0.0024252776,0.0116283,0.40739554,0.006867399,0.5668814,0.0045927987,0.00020924394
ISIC_0028558,3,3,3,2.152436e-07,1.4016603e-06,1.3058774e-05,0.9999422,2.4267703e-05,7.40411e-07,1.8082206e-05
ISIC_0027529,3,3,3,0.042177506,0.12938872,0.00043112296,0.58733344,0.23898868,0.00023929539,0.0014411912
ISIC_0024463,3,3,3,0.0026835222,0.0001729658,0.017627243,0.50703603,0.46826425,0.0038163136,0.00039960668
ISIC_0028795,3,3,3,0.00545043,0.31799582,0.00011072641,0.42836744,0.2463949,0.0009710388,0.00070973055
ISIC_0026149,3,3,3,2.7226185e-06,1.0148792e-07,5.8896765e-10,0.9999951,3.7431636e-07,1.556856e-06,1.6015223e-07
ISIC_0025992,3,3,3,0.00031275622,9.8129036e-05,9.437734e-08,0.9976374,0.0018917855,2.0725192e-05,3.9191837e-05
ISIC_0029781,3,3,3,6.8624446e-05,2.6947905e-06,1.9332887e-07,0.99986565,5.6687346e-05,2.7896039e-07,5.9000663e-06
ISIC_0026709,3,3,4,0.00018778336,4.9321843e-05,0.0003131893,0.052592926,0.94580966,0.0010419535,5.157958e-06
ISIC_0026319,3,3,3,0.00078481867,0.022618312,0.041108526,0.8665007,0.06879691,9.788003e-06,0.00018097523
ISIC_0025319,3,3,3,2.9376508e-05,5.5239498e-06,0.029077357,0.9673869,0.0034056478,4.0224222e-05,5.4947257e-05
ISIC_0030549,3,3,2,0.0016647218,0.051131576,0.7541828,0.19067846,0.00020349724,0.0020998335,3.9173872e-05
ISIC_0025790,3,3,3,0.0697522,0.15984614,0.025030917,0.5226534,0.22237325,1.8577519e-05,0.00032554634
ISIC_0024923,3,3,3,0.015899887,5.607884e-05,0.36121082,0.61352974,0.0050804494,0.0041963765,2.6628342e-05
ISIC_0025803,3,3,4,0.0004833933,6.6322784e-05,0.00031703428,0.43098164,0.5680473,7.672696e-05,2.759875e-05
ISIC_0025471,3,3,3,0.0009962029,1.08116865e-05,8.805412e-05,0.8204111,0.00011428626,0.17837384,5.696463e-06
ISIC_0027930,3,3,0,0.72853273,0.2523518,4.578205e-05,0.018518018,0.00053124415,6.0996064e-07,1.9837822e-05
ISIC_0024329,3,3,2,0.0007446116,0.04141318,0.56978446,0.36397222,0.023671975,7.0096867e-06,0.0004065723
ISIC_0029460,3,3,4,0.008720716,0.003618142,5.5560038e-05,0.00476965,0.9828024,2.4486286e-05,9.061626e-06
ISIC_0026848,3,3,3,0.018672958,0.07366424,0.007919908,0.74788934,0.14969888,0.00037771105,0.0017769547
ISIC_0027668,3,3,1,0.14856222,0.7255178,0.00013864443,0.012417592,0.113136314,0.00012724423,0.00010021329
ISIC_0030463,3,3,3,0.09548946,0.009800381,2.517417e-07,0.7915155,0.10283289,0.0002372491,0.00012419341
ISIC_0026468,3,3,1,0.037069738,0.71661127,0.2317485,0.00058762555,0.00083576795,0.012755724,0.00039132265
ISIC_0026984,3,3,1,0.31417635,0.53190815,6.807342e-05,0.0017472443,0.1520637,1.467006e-05,2.1779839e-05
ISIC_0026857,3,3,1,0.28855008,0.43385118,0.0018259318,0.27331573,0.0004014484,0.0019798502,7.5734206e-05
ISIC_0030825,3,3,3,0.00041831698,0.009861712,0.21764751,0.7604226,0.010558552,0.00023315851,0.0008581529
ISIC_0033866,3,3,4,0.00010640316,3.3597862e-05,0.0008928856,0.000111643094,0.9988241,1.2751732e-05,1.84953e-05
ISIC_0028820,3,3,3,0.007318263,0.0001429354,0.0022699093,0.80053174,0.1896423,7.136462e-05,2.3464052e-05
ISIC_0025368,3,3,3,0.0063010254,0.04078781,0.0026499608,0.80861646,0.14067969,0.00031785786,0.000647155
ISIC_0026765,3,3,3,5.4614462e-05,3.7469025e-08,0.19425583,0.8035461,0.0017862391,0.0003565846,6.085151e-07
ISIC_0030133,3,3,3,2.9918415e-06,2.6306948e-06,1.004393e-06,0.98114634,0.01881399,2.4552835e-05,8.523401e-06
ISIC_0033811,3,3,4,0.26076978,0.10183176,1.2844719e-05,0.0012410101,0.6359314,5.3097247e-06,0.00020791995
ISIC_0026650,3,3,3,0.014297908,0.009507722,0.002972492,0.7705204,0.20254123,0.000103674436,5.660766e-05
ISIC_0033358,3,3,3,0.06430434,0.15062134,8.0609715e-07,0.40474615,0.37991247,2.8759162e-06,0.0004120053
ISIC_0033151,3,3,4,0.053099763,0.017020721,2.1117644e-07,0.04205385,0.8877285,2.101431e-05,7.597775e-05
ISIC_0028619,3,3,4,0.0002562497,0.00079766,2.2504873e-06,6.8330344e-05,0.9988698,5.4809684e-06,2.2844551e-07
ISIC_0032854,3,3,3,1.2819485e-05,1.301186e-06,7.3251684e-08,0.668054,0.3318291,1.7135966e-06,0.00010102725
ISIC_0032258,3,0,1,0.057506155,0.8350622,0.0035217858,6.50846e-07,0.0388188,1.1414935e-05,0.065078914
