image_id,label,prob_MEL,prob_NV,prob_BCC,prob_AKIEC,prob_BKL,prob_DF,prob_VASC
ISIC_0026769,4,4.2518408e-05,0.0027962255,0.0012504474,0.010151984,0.9844648,6.648173e-05,0.0012275141
ISIC_0025661,4,5.9778427e-05,4.2556558e-06,0.00029222178,0.00026591244,0.9993729,1.0940064e-06,3.878286e-06
ISIC_0025276,4,0.8521627,0.08271836,3.471691e-05,0.00010896821,0.06371621,8.3526165e-06,0.0012506237
ISIC_0031326,4,0.00012885146,1.8056498e-05,1.1963721e-05,1.0948108e-06,0.99983287,2.0353991e-06,5.044094e-06
ISIC_0024832,4,3.965738e-06,0.00048676808,0.0014135935,0.00030013634,0.997769,1.3930506e-06,2.5110725e-05
ISIC_0026958,4,8.342731e-05,4.53266e-05,0.077681094,0.0011600151,0.92102176,1.9244258e-06,6.4339347e-06
ISIC_0030768,4,3.1917093e-06,0.08591702,3.911342e-05,0.00019837856,0.9136984,0.00014235858,1.6100184e-06
ISIC_0029837,4,2.001404e-05,0.09452751,0.00020147472,6.9158125e-07,0.9047965,0.000397866,5.5872853e-05
ISIC_0028774,4,0.013494534,0.0001453781,6.950927e-05,0.0015260688,0.98465365,0.000105398714,5.4070742e-06
ISIC_0030565,4,0.008405334,9.3001563e-07,1.6350877e-07,0.0064048558,0.9843321,5.7249986e-06,0.0008508904
ISIC_0026153,4,0.030615896,0.7841808,0.00012875172,7.071549e-05,0.18478036,0.00016269705,6.0885788e-05
ISIC_0025876,4,0.00030454225,1.6475657e-06,5.928312e-07,1.8263614e-07,0.9996929,1.322644e-07,1.00543744e-07
ISIC_0025063,4,0.9857814,0.00029166258,2.6867626e-06,0.00020522613,0.01331684,0.00039906727,3.2019275e-06
ISIC_0032949,4,0.30260262,0.20551217,3.046698e-06,8.3051e-06,0.49180317,1.7781007e-05,5.296584e-05
ISIC_0033322,4,0.71501994,0.019263284,5.449137e-07,2.0056343e-06,0.26570052,2.4540943e-06,1.1302429e-05
ISIC_0033127,4,0.99127126,0.0013134013,7.0899785e-07,5.059309e-08,0.0074065807,2.3248388e-06,5.6666713e-06
ISIC_0032829,4,9.188458e-05,1.2770756e-05,7.4565014e-06,1.1169908e-08,0.99987495,1.7271377e-08,1.2905679e-05
ISIC_0033601,4,0.00018398702,1.002499e-05,3.1655222e-07,1.3229022e-09,0.99980336,3.501016e-08,2.2459838e-06
ISIC_0033284,4,0.44802818,0.11787568,2.7087613e-06,3.7206826e-07,0.43397242,1.602587e-05,0.000104703104
ISIC_0033908,4,0.40004957,0.0044196364,1.400876e-06,3.0634823e-08,0.5953622,0.00016423431,2.9278963e-06
ISIC_0033437,4,0.9267685,0.0076131527,2.1183208e-08,8.8081066e-08,0.06555754,5.9557642e-05,1.2319357e-06
ISIC_0033195,4,0.95209986,0.043550726,1.6409285e-08,9.508828e-07,0.0042104293,0.00013634727,1.6610203e-06
ISIC_0032553,4,0.9997209,9.015288e-05,1.8190992e-09,7.038292e-08,0.00018836283,2.2395287e-07,2.2117703e-07
ISIC_0033736,4,0.01197177,1.3746666e-07,9.909926e-05,9.275997e-05,0.9852717,0.002539869,2.4658772e-05
ISIC_0033378,4,0.43095016,1.0632622e-05,0.00026014936,0.00055038655,0.5374318,0.03014781,0.0006490239
ISIC_0033379,4,7.887387e-06,5.7829788e-05,1.0460243e-06,1.9392824e-05,0.9998603,5.0660543e-05,2.8713253e-06
ISIC_0033438,4,1.269935e-08,1.273814e-08,3.1176095e-10,5.4014147e-11,1.0,8.6173263e-10,3.2104883e-09
ISIC_0032983,4,2.2842531e-08,8.4207784e-07,1.5204795e-07,1.0009061e-10,0.99999905,2.1177003e-08,1.1026181e-08
ISIC_0034024,4,0.0006818084,0.011976563,5.9933886e-06,1.8237176e-07,0.98732567,9.143812e-06,5.865144e-07
ISIC_0033952,4,0.39792055,2.6838738e-05,3.302904e-08,8.2058733e-07,0.6020489,2.3368063e-06,5.064651e-07
ISIC_0034189,4,0.0070995926,5.2913503e-05,2.0776233e-07,7.833742e-06,0.99283725,1.4224569e-06,9.1461555e-07
ISIC_0033306,4,0.06878328,7.5980556e-06,1.8575062e-07,6.329709e-06,0.93120205,2.176596e-07,3.414034e-07
ISIC_0033235,4,0.91383153,0.0012284704,1.9051394e-07,2.376966e-05,0.084762916,1.9351621e-06,0.00015113188
ISIC_0026085,4,0.00014032068,1.2829119e-05,1.7310953e-08,3.889347e-05,0.99980253,3.4370682e-06,1.9520648e-06
ISIC_0032654,4,0.98915344,1.1589192e-06,1.1864096e-05,7.222128e-09,0.010833292,3.682588e-08,1.7390481e-07
ISIC_0032576,4,0.79184276,0.0005197302,1.5099212e-05,3.8906016e-09,0.20761065,9.972112e-06,1.6669601e-06
ISIC_0032898,4,0.003483313,0.13499601,0.00073429133,1.3222708e-06,0.86030245,6.576344e-05,0.00041681385
ISIC_0033488,4,1.6622336e-06,7.3964145e-08,1.0957237e-06,1.0193943e-08,0.99999607,8.106187e-09,1.014218e-06
ISIC_0033758,4,1.8953573e-05,0.8831055,4.995426e-05,4.1612214e-08,0.11674215,2.1002938e-05,6.231754e-05
ISIC_0032215,4,9.804424e-05,5.876371e-07,9.775731e-09,1.861296e-08,0.99990106,2.120512e-08,2.254572e-07
ISIC_0025157,4,5.5056144e-06,7.9770814e-07,7.513944e-08,1.9485105e-06,0.9999913,2.4402337e-07,1.8961327e-07
ISIC_0027513,4,6.280351e-09,4.675957e-08,8.563419e-09,5.024522e-10,0.9999994,7.341455e-08,4.4256907e-07
ISIC_0027218,4,0.013311431,0.7359811,1.6579428e-05,5.9638946e-06,0.25022304,3.9200745e-06,0.00045795282
ISIC_0030272,4,0.00021113752,1.459995e-05,6.681803e-09,2.51166e-07,0.99975914,2.8832062e-06,1.1890589e-05
ISIC_0027713,4,0.02946334,0.1913305,0.00014934412,0.00035375232,0.7761368,1.3915949e-05,0.0025522786
ISIC_0026060,4,0.0028187898,4.0187904e-05,6.086472e-07,0.00028376552,0.99683493,1.3996696e-05,7.712081e-06
ISIC_0027139,4,0.00027529805,0.9919024,7.4122116e-05,0.00016022657,0.0075288657,1.8060626e-07,5.8839993e-05
ISIC_0027739,4,1.6022323e-06,4.24439e-06,4.9857576e-09,2.536017e-08,0.9999901,4.358971e-08,4.0571344e-06
ISIC_0024672,4,0.9776238,0.0018163591,0.00012550387,1.8604748e-06,0.02029118,1.3084807e-06,0.00013981554
ISIC_0029003,4,0.8761492,0.049466696,0.0018753395,2.908236e-05,0.072468996,5.1020565e-06,5.542203e-06
ISIC_0024711,4,0.99748296,0.0015616424,1.5314132e-05,2.3200676e-07,0.0009390134,1.1369703e-07,7.743764e-07
ISIC_0028120,4,0.72396946,0.0024143765,3.9141332e-06,1.4662177e-06,0.20630175,0.066581115,0.0007279114
ISIC_0027781,4,0.99786407,0.001958169,7.120151e-05,6.007868e-07,8.184466e-05,1.599307e-05,8.159374e-06
ISIC_0024890,4,0.99914014,2.923381e-05,4.8270877e-06,0.0007425492,3.547612e-05,4.3011103e-05,4.7016715e-06
ISIC_0028336,4,0.006647389,0.012746043,0.00046038706,4.4905485e-07,0.9800567,4.212896e-05,4.6947585e-05
ISIC_0024708,4,0.8598198,0.0005988307,7.4924105e-07,5.157676e-05,0.13946679,5.318504e-06,5.700404e-05
ISIC_0027796,4,1.8837527e-05,0.93020046,2.3798368e-06,2.059412e-06,0.06971475,1.2833955e-05,4.866616e-05
ISIC_0029340,4,0.0006491527,0.011550026,0.0492503,0.00021321596,0.9379075,1.2787773e-05,0.00041704596
ISIC_0031542,4,0.17327787,0.036057573,0.010874294,0.0008633723,0.7772968,0.0012860432,0.0003439991
ISIC_0026728,4,0.02536291,0.24709652,0.29025018,0.0016333688,0.4057528,0.00079934654,0.029104816
ISIC_0031812,4,0.22149666,0.00032493312,2.2022138e-07,3.414513e-07,0.778168,3.8544593e-07,9.314334e-06
ISIC_0030465,4,0.5805084,3.1720232e-05,2.1201108e-06,1.2180788e-06,0.41942626,9.088952e-06,2.1297317e-05
ISIC_0025032,4,0.75168586,0.00024885303,1.5379862e-06,4.9204577e-06,0.24801281,4.33888e-05,2.7093106e-06
ISIC_0026301,4,0.999479,0.0005177364,1.3405642e-07,3.7115736e-08,1.321244e-07,2.9585747e-06,5.2400413e-08
ISIC_0030227,4,0.99912006,0.00074644276,4.3618027e-05,5.960791e-07,8.4112435e-05,4.064784e-06,1.1694793e-06
ISIC_0027295,4,0.0036093786,2.6117589e-06,6.432486e-07,1.7518618e-05,0.99635243,1.4659271e-05,2.6294708e-06
ISIC_0028846,4,8.222424e-05,2.8555173e-06,6.230109e-08,3.4842421e-06,0.99991107,1.0933384e-08,2.8716173e-07
ISIC_0026159,4,0.00028899603,5.9540638e-05,2.4291649e-07,6.57819e-05,0.9995727,2.8177935e-06,1.0056936e-05
ISIC_0029100,4,0.9898286,3.6817943e-05,8.2325876e-08,1.4835909e-09,0.010131668,2.5570514e-06,3.113882e-07
ISIC_0026923,4,1.8394594e-07,1.8886013e-08,4.0090717e-09,0.0029338119,0.9970643,1.3060773e-07,1.5597384e-06
ISIC_0024445,4,0.0021730906,0.97549146,3.6688338e-08,2.1942662e-07,0.021035194,0.0011011375,0.00019882171
ISIC_0025297,4,1.885205e-05,4.2232462e-10,1.0669524e-07,2.5692999e-09,0.99998105,1.2528033e-08,1.2392372e-09
ISIC_0024676,4,0.07829553,1.4070593e-05,0.014538849,3.662554e-06,0.907127,1.6249347e-05,4.65986e-06
ISIC_0026443,4,8.49954e-06,0.0009892713,5.224386e-05,8.896133e-06,0.99892527,4.5308147e-06,1.1380726e-05
ISIC_0027996,4,5.21131e-06,3.016046e-06,3.6578393e-05,6.359498e-07,0.99995446,5.1408502e-08,3.382311e-08
ISIC_0029051,4,0.0013841467,0.02465201,3.0643203e-06,8.167434e-05,0.9729865,8.485397e-05,0.0008078385
ISIC_0030208,4,9.382897e-06,8.440225e-07,2.939531e-07,2.7109636e-05,0.9999589,1.6727258e-06,1.7405329e-06
ISIC_0028254,4,0.077296935,0.011672633,7.931658e-06,3.0195994e-05,0.9105828,0.00014793612,0.00026172274
ISIC_0031591,4,0.011591968,2.1538039e-05,1.0360994e-05,0.00010174232,0.9882614,1.1310892e-05,1.6298367e-06
ISIC_0030007,4,0.011771587,4.964128e-06,4.7876667e-09,5.3751985e-05,0.9881593,9.060195e-06,1.4360255e-06
ISIC_0030812,4,0.002992258,0.00026325215,0.9890352,0.0014944172,0.0061959773,1.0749967e-05,8.141669e-06
ISIC_0029802,4,1.0539368e-05,6.815138e-08,0.9999151,2.0716436e-05,4.7378497e-05,5.113153e-07,5.5466157e-06
ISIC_0029789,4,0.9947108,0.0040861713,4.8356355e-06,2.5962129e-06,0.0011923376,6.2091175e-07,2.669323e-06
ISIC_0030026,4,0.050184347,0.00033129938,2.6461874e-05,1.9876975e-06,0.9493277,7.624934e-05,5.200423e-05
ISIC_0027754,4,0.17505382,9.689823e-06,3.846357e-05,1.7691528e-07,0.82489437,5.4638274e-08,3.378649e-06
ISIC_0026286,4,1.4559423e-05,0.0021601568,0.00032803207,0.00015679837,0.9973016,2.9790523e-05,9.167489e-06
ISIC_0024880,4,1.5269477e-06,0.0062017324,5.7965026e-05,0.00012853078,0.99356985,3.1175037e-05,9.223552e-06
ISIC_0026679,4,0.97942287,0.0007507182,2.6966409e-05,4.2993765e-05,0.01967181,5.0679326e-05,3.3948516e-05
ISIC_0029420,4,6.22786e-06,1.8479379e-05,6.5937144e-08,3.1340218e-07,0.99997437,1.1948583e-07,4.3199336e-07
ISIC_0026044,4,0.14430822,0.85559416,3.0312272e-06,1.010505e-06,6.2367544e-05,2.0125817e-05,1.10893025e-05
ISIC_0030346,4,0.8266943,0.00019844,1.7282044e-05,5.1016636e-06,0.17296046,3.8621907e-05,8.578693e-05
ISIC_0026526,4,0.0018646542,0.00031532472,7.3983992e-06,1.0929893e-05,0.99738485,0.00027995137,0.00013685676
ISIC_0024547,4,0.999263,0.0006432684,3.5646977e-07,1.4925665e-06,8.689251e-05,1.139291e-06,3.900243e-06
ISIC_0027760,4,2.8368091e-05,0.0009298786,4.674298e-07,1.0354622e-06,0.9988808,2.5089941e-05,0.00013433516
ISIC_0026538,4,0.00010983703,0.00036255713,1.7695514e-07,2.7782673e-07,0.99946076,1.719758e-05,4.916546e-05
ISIC_0024893,4,0.027262755,5.3666758e-05,2.133512e-06,1.1214469e-05,0.9718602,1.027716e-06,0.0008090331
ISIC_0025716,4,0.9916204,1.8147676e-07,6.1250776e-06,4.9802256e-05,0.0081092,2.4214503e-07,0.00021398072
ISIC_0028750,4,0.069285624,0.5800423,1.3357152e-05,0.0010386095,0.34854513,0.00032373948,0.0007512768
ISIC_0030758,4,3.281024e-05,8.598923e-06,4.803125e-07,4.1190107e-10,0.9999324,1.800557e-05,7.750497e-06
ISIC_0028550,4,0.9863166,3.7154372e-05,8.476626e-08,5.7447576e-08,7.426545e-08,0.01364481,1.1657023e-06
ISIC_0024477,4,0.3412664,3.1235646e-05,1.599538e-05,0.0021715,0.4617862,0.19165759,0.0030711056
ISIC_0026493,4,0.9394676,0.00040043483,6.0676044e-08,3.990757e-05,0.03457495,0.024973309,0.000543796
ISIC_0030876,4,0.026484389,3.1961317e-05,0.0025975558,0.96037656,0.006472068,6.489388e-07,0.004036813
ISIC_0024982,4,0.000396866,6.8895088e-06,1.9076753e-05,0.2255182,0.59036905,0.0003372944,0.18335268
ISIC_0024696,4,0.973334,0.020291798,8.089146e-05,1.1149237e-05,0.006142412,4.509419e-06,0.00013526877
ISIC_0031352,4,1.2828261e-06,4.263639e-06,2.8361967e-07,7.868927e-06,0.99998415,1.7566022e-06,3.2574852e-07
ISIC_0026365,4,0.025722967,0.3341736,0.00011549681,0.00010925981,0.63970727,9.327642e-05,7.823622e-05
ISIC_0024495,4,0.044823676,0.9043033,0.000123535,7.6260826e-06,0.044045206,0.0044560083,0.0022406355
ISIC_0031138,4,0.08476872,0.14790784,0.0023053645,0.0126137985,0.7457061,0.000303062,0.0063951053
ISIC_0028710,4,0.11919352,0.39614105,0.0027050278,0.054321215,0.40491074,3.65266e-05,0.022691946
ISIC_0027893,4,0.009730091,0.0001682784,9.844616e-07,1.5434565e-05,0.9900781,1.8748392e-06,5.2647742e-06
ISIC_0027064,4,0.011138035,0.00043325083,8.212697e-06,0.0064122565,0.98188627,5.5438646e-05,6.659702e-05
ISIC_0030231,4,0.00047762514,0.0062423106,1.4437624e-05,0.00042896945,0.991932,0.0008356804,6.9013695e-05
ISIC_0030988,4,0.11403564,0.8420351,0.00033940322,0.00078791945,0.04255036,0.00012743799,0.00012412338
ISIC_0024336,4,0.024787944,0.0013074451,2.0840873e-05,2.8530153e-06,0.9738757,2.2864906e-06,2.928865e-06
ISIC_0028995,4,0.16156518,0.83821076,2.7552546e-06,5.8623473e-06,0.00013583577,1.605803e-05,6.348567e-05
ISIC_0026142,4,0.0014076019,0.9572437,1.7507959e-05,1.334403e-05,0.040830497,5.1606632e-05,0.00043581447
ISIC_0031951,4,0.0011813563,0.00042764883,2.4632652e-06,7.98045e-07,0.9983759,3.0207334e-06,8.87253e-06
ISIC_0024851,4,0.9889847,0.0024276234,1.8957182e-05,3.962954e-06,0.008477777,7.5517397e-07,8.624761e-05
ISIC_0024446,4,1.1084081e-06,1.01675005e-05,1.0734156e-09,5.5656587e-06,0.9999827,3.5967832e-07,9.161285e-08
ISIC_0026139,4,0.00032002226,5.854644e-05,2.7717968e-08,2.5903687e-06,0.9996177,6.689383e-07,3.3061642e-07
ISIC_0027967,4,0.0006052908,0.80072814,9.432093e-05,0.0004849943,0.19739982,0.00018198269,0.0005054901
ISIC_0024338,4,0.00014271679,0.21764773,2.595031e-05,2.2797758e-05,0.7820996,1.2437838e-05,4.8685382e-05
ISIC_0030935,4,0.101343945,0.0014018285,0.00018551084,3.311473e-05,0.8969521,1.5696199e-06,8.195303e-05
ISIC_0029213,4,0.001791434,4.438487e-05,1.015999e-08,1.4326346e-07,0.9981608,2.3372569e-07,3.137808e-06
ISIC_0032040,4,0.08247566,0.00020118077,1.3026068e-05,1.0672908e-06,0.9172072,8.007502e-07,0.000101170466
ISIC_0025292,4,4.748676e-06,5.514819e-07,2.940709e-07,9.567123e-07,0.99998,1.9889069e-07,1.32789055e-05
ISIC_0024312,4,0.0003041218,0.0011000327,0.005368153,0.0014816682,0.99151915,6.0895516e-05,0.00016599592
ISIC_0030976,4,1.0450234e-05,2.051186e-06,9.493682e-06,3.249283e-06,1.8170829e-07,2.2963553e-05,0.9999516
ISIC_0028376,4,2.4184454e-08,3.0620978e-08,1.9911117e-09,1.7539054e-09,0.9999999,1.04004035e-10,7.747517e-08
ISIC_0026576,4,9.4280057e-07,4.203813e-09,1.3128574e-07,3.0715262e-06,0.9999957,3.70315e-09,4.851129e-08
ISIC_0026409,4,0.09322926,1.383111e-06,1.9075987e-05,0.0342556,0.87231153,1.7447524e-05,0.00016567
ISIC_0025345,4,0.78799206,1.4054101e-05,1.2569082e-05,3.6080652e-07,0.2108027,0.0011435907,3.4721495e-05
ISIC_0032303,4,0.94506717,1.69877e-06,2.3674987e-07,2.8624522e-06,0.050305635,0.004617562,4.816039e-06
ISIC_0032103,4,0.2725493,0.006228449,0.13198529,0.020059783,0.30454248,0.2567724,0.007862279
ISIC_0024825,4,0.23407431,3.8659477e-06,4.3453374e-06,1.0447615e-06,0.76553696,0.0003732901,6.1154205e-06
ISIC_0024881,4,0.0044455477,8.962598e-05,0.0048034037,0.023898661,0.0007274716,2.1808606e-05,0.9660135
ISIC_0027094,4,0.09267132,1.4900952e-05,3.6725672e-07,1.4310698e-05,0.90727615,2.3228833e-06,2.063669e-05
ISIC_0028628,4,0.9956696,0.00021425108,4.0258274e-05,3.746605e-05,0.0040238355,9.156006e-06,5.458241e-06
ISIC_0026539,4,0.0001049883,1.4057235e-05,1.2647295e-05,0.0007348531,0.99864906,9.883343e-06,0.00047451275
ISIC_0029764,4,0.0862803,2.0676269e-05,4.0239083e-06,0.0006953545,0.9089382,5.1329345e-05,0.004010073
ISIC_0027859,4,0.002087855,6.9326445e-05,1.1535029e-07,0.0040652887,0.99314183,0.0006054917,3.0245785e-05
ISIC_0029329,4,0.011441197,0.005641776,0.0014894666,3.649866e-08,0.98088616,1.118395e-05,0.00053012086
ISIC_0028343,4,0.14876468,0.001886905,4.5852383e-05,1.0179759e-05,0.84922034,6.2554966e-05,9.559898e-06
ISIC_0027239,4,0.0004363254,4.5065826e-06,1.16754145e-05,0.05677465,0.941039,0.0006009943,0.0011328602
ISIC_0030700,4,0.00014216157,1.02840175e-07,2.3735685e-05,0.18021014,0.0003405282,0.8179606,0.0013227508
ISIC_0028622,4,0.50070304,1.2136174e-07,8.2453575e-08,6.575465e-06,0.49891275,1.8973357e-07,0.00037723908
ISIC_0031872,4,0.021654312,4.964493e-06,0.004475994,1.9981767e-06,0.9738495,8.62695e-06,4.7421745e-06
ISIC_0026280,4,0.00095360156,5.6860015e-05,1.7227718e-07,1.6739627e-07,0.99898905,5.3447373e-08,2.0044742e-07
ISIC_0027811,4,0.0033460709,0.0001533591,6.023703e-07,9.1746404e-07,0.99649835,2.884735e-07,3.349704e-07
ISIC_0029232,4,2.299784e-07,2.2263396e-09,1.7351685e-09,6.5713385e-10,0.99999976,7.226753e-09,3.023405e-08
ISIC_0025470,4,1.4507643e-09,6.936506e-11,3.6361456e-11,3.2651115e-12,1.0,3.811671e-12,4.963305e-11
ISIC_0029070,4,0.1781978,0.5411292,1.8993172e-05,0.08139663,0.19402075,0.004790861,0.00044580738
ISIC_0028822,4,0.0002885437,0.010488651,4.6184227e-06,0.003459156,0.98541254,0.0003391763,7.344921e-06
ISIC_0028876,4,0.0014640611,0.00010292873,1.6192886e-06,1.6022498e-06,0.99842864,5.528046e-07,4.907255e-07
ISIC_0029527,4,0.0037272538,0.00036459987,7.43606e-06,2.7139942e-05,0.99541134,0.00043687882,2.5343812e-05
ISIC_0031987,4,9.895206e-05,0.0013764038,2.1509737e-05,5.5765286e-06,0.998235,0.00024424487,1.8210563e-05
ISIC_0028623,4,0.0008711329,0.0007703977,2.3472317e-07,1.964943e-07,0.9983308,7.916198e-07,2.6378812e-05
ISIC_0025515,4,0.0005209147,0.00040406897,1.9987446e-07,1.7333923e-07,0.99906474,1.6181027e-06,8.301195e-06
ISIC_0029823,4,0.00025463486,0.0001639357,1.18766735e-07,1.8335612e-07,0.9994809,9.811225e-07,9.9281366e-05
ISIC_0024782,4,0.30767578,0.024440128,5.122269e-07,0.00010527248,0.6672168,1.7136066e-05,0.00054437557
ISIC_0029872,4,0.00019176531,4.7711543e-05,0.0005886745,2.7648237e-05,0.999087,1.61072e-05,4.107383e-05
ISIC_0029235,4,0.17220773,2.2746857e-05,3.417881e-07,5.8860354e-05,0.8276936,1.1263379e-05,5.47975e-06
ISIC_0029320,4,2.4191242e-05,0.03514293,2.8447869e-09,5.203378e-07,0.9648273,3.5061912e-06,1.5907675e-06
ISIC_0029427,4,0.0008373918,0.682578,2.2305755e-06,1.0589996e-06,0.31265768,0.0027302534,0.0011933498
ISIC_0028309,4,0.07619895,0.067350715,3.2701614e-06,1.0052111e-06,0.8560318,1.7079195e-05,0.0003971263
ISIC_0027905,4,0.00074088696,0.99923646,6.5625073e-07,3.3410952e-10,5.8712244e-06,2.0676046e-06,1.4137681e-05
ISIC_0027831,4,0.6540178,2.5922095e-06,1.2020156e-06,6.3386847e-07,0.34597757,1.4528993e-07,4.77824e-08
ISIC_0026717,4,0.5045663,0.04974029,0.0013966575,2.1252495e-06,0.44422632,5.2807136e-05,1.5488462e-05
ISIC_0027463,4,7.03257e-05,1.3120097e-05,8.170351e-07,7.0740793e-07,0.9999132,5.608035e-07,1.1732776e-06
ISIC_0025810,4,1.8349828e-06,5.9631253e-07,1.1512139e-08,1.7593257e-09,0.9999976,5.7521074e-08,2.8401283e-08
ISIC_0032170,4,8.533896e-05,0.015535327,1.2860181e-07,3.374952e-09,0.98431695,4.558817e-07,6.1850325e-05
ISIC_0031428,4,0.0057097664,1.2786842e-05,9.966174e-08,0.0011021371,0.9931692,8.254141e-07,5.2639243e-06
ISIC_0032827,4,0.0053620874,0.008889543,1.5639991e-05,2.924819e-06,0.98363507,0.00067787076,0.0014168748
ISIC_0033022,4,0.0015661914,3.0327575e-07,3.4145006e-07,6.7061414e-09,0.99842936,7.409874e-07,2.9598564e-06
ISIC_0032804,4,1.0417956e-05,8.176878e-07,9.178785e-07,1.253033e-06,0.99998033,1.1498981e-06,5.1643988e-06
ISIC_0033924,4,1.8492003e-06,2.3311145e-06,2.2403371e-07,2.336261e-07,0.9999883,1.5282342e-06,5.467058e-06
ISIC_0033531,4,0.00083687773,5.0198078e-06,8.2186386e-07,1.5314674e-08,0.99915254,2.1021924e-06,2.5867446e-06
ISIC_0034167,4,0.013896835,0.02138731,0.0010248114,6.486182e-08,0.9636679,2.6011016e-06,2.046034e-05
ISIC_0033949,4,0.018310228,6.2802945e-05,0.0006160556,2.9975143e-05,0.98025894,5.591286e-06,0.0007163544
ISIC_0033553,4,5.9556667e-05,0.000120915676,3.1997704e-08,3.350722e-08,0.999673,4.869162e-06,0.00014158209
ISIC_0033401,4,4.4827226e-07,0.003451854,8.3316074e-08,3.50521e-07,0.99651235,5.675192e-06,2.922109e-05
ISIC_0033169,4,0.021322744,2.8633363e-05,1.4976049e-06,3.4439788e-07,0.9786435,2.3801556e-06,8.3910567e-07
ISIC_0033490,4,3.5448318e-06,6.2781175e-05,6.950057e-09,9.230321e-07,0.9999269,4.7358158e-06,1.0068345e-06
ISIC_0031601,4,7.4271014e-08,4.7925477e-07,3.2618654e-09,1.4229011e-09,0.9999994,9.014148e-10,2.975452e-08
ISIC_0029113,4,0.00010729557,0.016640134,3.328863e-06,4.3772893e-06,0.9823533,4.5544134e-06,0.00088698295
ISIC_0031897,4,0.0004705026,0.0025910411,3.366282e-08,2.9227152e-07,0.996914,5.7550355e-06,1.8373257e-05
ISIC_0028681,4,1.7268506e-10,2.0462849e-06,1.7472212e-08,8.149841e-09,0.99999774,4.2479044e-08,6.1910704e-08
ISIC_0030959,4,0.00012557466,1.176631e-06,5.047002e-05,6.4228766e-07,0.9998109,2.1149091e-07,1.1040767e-05
ISIC_0026046,4,1.751211e-08,4.035889e-08,1.7257051e-09,3.2466518e-09,0.9999975,4.0722313e-08,2.411926e-06
ISIC_0027875,4,1.7252863e-06,0.00016036611,1.537992e-07,2.6310513e-06,0.9998324,1.9934298e-06,7.772419e-07
ISIC_0026291,4,3.8040157e-06,4.652373e-05,5.11826e-07,5.204347e-07,0.99994254,4.1231165e-06,1.9761321e-06
ISIC_0026907,4,2.0128996e-06,0.060827196,7.306653e-05,5.449881e-06,0.9388292,0.0001896617,7.339777e-05
ISIC_0030067,4,0.00017196243,0.00025436585,1.6751635e-05,4.4287326e-08,0.99950254,9.356539e-06,4.4929082e-05
ISIC_0031436,4,1.0262695e-05,0.003211772,1.1604495e-07,2.4926908e-06,0.9523571,0.044409387,8.971356e-06
ISIC_0031558,4,7.429976e-06,0.0074037598,1.4166727e-05,3.3454555e-07,0.99242437,0.00014331976,6.5873674e-06
ISIC_0031577,4,0.00096202,0.8454571,2.4931717e-07,9.035045e-06,0.15355322,5.983977e-06,1.2388829e-05
ISIC_0027710,4,1.699775e-05,0.70878637,8.9459505e-08,6.967209e-07,0.28224996,0.008929846,1.6071337e-05
ISIC_0025131,4,8.311905e-08,2.2036108e-09,1.133656e-08,1.5930822e-09,0.9999999,1.3319062e-08,2.6978768e-09
ISIC_0032359,4,5.39468e-07,2.6352596e-05,9.9375576e-08,1.0677433e-08,0.99997103,1.3997727e-06,5.225822e-07
ISIC_0026262,4,0.00048116938,0.92036957,2.913122e-06,6.0189956e-05,0.07779398,1.1484782e-05,0.0012805848
ISIC_0030583,4,9.275807e-06,0.00053529197,1.2274394e-07,2.9633904e-09,0.99942845,2.6531256e-05,1.9789691e-07
ISIC_0030789,4,3.5581154e-09,1.3879915e-08,8.123542e-12,3.5250327e-11,1.0,2.6261182e-09,2.6444782e-10
ISIC_0030321,5,6.210826e-05,0.47900632,0.11351573,1.4208039e-05,0.0003794005,0.40655667,0.00046549822
ISIC_0029039,5,0.0019225333,0.42588142,0.0034154367,0.0010329027,0.56592846,0.0016606172,0.00015866316
ISIC_0025504,5,0.000382572,0.30492288,3.2345197e-06,0.00010842958,0.69432926,0.00023572771,1.7872779e-05
ISIC_0032138,5,4.2897335e-09,1.1052597e-06,3.6384142e-09,0.2317789,7.0915004e-05,0.76811934,2.9820403e-05
ISIC_0025954,5,3.2525415e-07,2.6054351e-05,9.513032e-07,0.000112380345,6.044024e-06,0.9998443,9.79746e-06
ISIC_0029783,5,1.0383852e-05,0.043726157,0.002067588,0.8440745,0.0002250558,0.0025430736,0.10735325
ISIC_0029578,5,0.66933894,0.10379166,3.209732e-05,2.2665596e-05,3.1248783e-06,0.22678247,2.9133e-05
ISIC_0030011,5,0.68452036,0.0020420523,8.622717e-05,0.0520367,0.18437533,0.06860653,0.008332813
ISIC_0030427,5,0.0442963,3.6530575e-05,2.1739147e-08,0.00029666864,0.0004052057,0.008519591,0.94644564
ISIC_0027626,5,0.0075213523,4.018471e-06,8.013137e-06,0.026053177,0.033994034,0.203925,0.72849447
ISIC_0024973,5,0.946092,0.00097323273,0.0023675542,0.0009501898,1.3223991e-05,0.027594384,0.022009432
ISIC_0029891,5,0.00027600976,4.6107165e-05,0.0023593353,0.0001995424,0.99674255,0.00017223791,0.00020418754
ISIC_0026473,5,0.06275696,7.1787116e-07,2.6301818e-06,0.00037250872,0.9344324,0.002000253,0.00043462537
ISIC_0032114,5,0.850776,0.00100718,9.683691e-06,7.4189893e-06,0.1447441,0.0034089845,4.670848e-05
ISIC_0026789,5,0.0059284912,0.00030217343,2.7462556e-05,0.8350091,0.06178705,0.05712248,0.039823346
ISIC_0029962,5,0.06467033,0.0034479878,3.534554e-06,5.051496e-05,0.8965232,0.035243217,6.125744e-05
ISIC_0031457,5,0.019132722,0.00047733015,1.1896635e-05,0.00059346814,0.87198544,0.107331395,0.00046772265
ISIC_0031372,5,0.00011946359,0.00013740934,1.8758725e-05,5.849323e-10,2.057807e-06,0.99972194,3.04684e-07
ISIC_0026313,5,6.9908083e-07,8.0038336e-07,1.8769751e-07,1.623379e-08,1.2171042e-06,0.9999958,1.220368e-06
ISIC_0027598,5,0.00026491308,0.27990612,2.7052977e-07,3.3178669e-09,0.0015053453,0.7182475,7.59198e-05
ISIC_0025314,5,1.6681398e-08,1.1316839e-08,4.5193418e-10,2.937066e-09,7.10063e-05,0.9999181,1.0847265e-05
ISIC_0029297,5,9.562165e-09,2.2544802e-09,2.4273382e-08,6.384225e-09,4.2006213e-06,0.99999475,9.752297e-07
ISIC_0026531,0,0.9898756,2.983455e-06,5.2444744e-07,7.0420946e-08,0.0101093855,3.524864e-07,1.1062121e-05
ISIC_0032396,0,0.99961567,1.8781002e-05,1.1955899e-07,6.3372916e-08,0.00035533193,8.2664707e-07,9.149186e-06
ISIC_0030443,0,0.9990299,0.0008426421,1.5706088e-05,2.9043342e-06,0.00010675486,1.10978526e-07,2.0341893e-06
ISIC_0031499,0,0.9688895,0.030679459,4.5289482e-05,1.1721576e-05,0.00035050494,2.2463473e-07,2.3373002e-05
ISIC_0029081,0,0.9933683,0.006572191,2.3251469e-06,4.5988527e-05,6.1264545e-06,7.236769e-07,4.3411505e-06
ISIC_0025744,0,0.99955374,0.0001347008,6.2337153e-07,4.833972e-07,0.00024705403,9.943956e-07,6.240913e-05
ISIC_0030119,0,0.9125463,0.0013103073,3.4268847e-05,0.031338234,0.051397324,0.00081654167,0.0025570923
ISIC_0028215,0,0.9747726,0.00037842558,1.5889353e-07,0.02154464,0.002955917,1.014051e-05,0.00033806314
ISIC_0032400,0,0.99998534,1.3172774e-05,9.67634e-09,3.9237253e-07,5.222538e-07,7.6885364e-08,5.9656116e-07
ISIC_0024545,0,0.9992004,6.7512235e-07,1.2478816e-07,2.4379977e-08,1.456563e-06,1.7205615e-07,0.0007972335
ISIC_0026892,0,0.0903065,0.33307597,0.489495,2.0996163e-06,0.08699038,9.635616e-05,3.3734443e-05
ISIC_0024987,0,0.71393216,0.06148443,0.0016345497,2.8875516e-05,0.22276242,2.4821942e-05,0.00013267976
ISIC_0029913,0,0.87064004,0.12557192,4.5718437e-08,1.0098217e-07,0.00014680543,0.0019718006,0.0016692382
ISIC_0026909,0,0.95959944,0.00095390214,1.9104323e-06,4.2667587e-08,8.2160005e-07,0.039432786,1.1122987e-05
ISIC_0032308,0,0.99999094,8.843705e-06,1.4956643e-09,3.7293515e-09,2.7540216e-07,7.73901e-09,1.7034042e-09
ISIC_0030798,0,0.99982625,0.00015746072,1.8088089e-07,6.054991e-06,3.7000816e-06,9.871289e-08,6.2755184e-06
ISIC_0026596,0,0.93952006,0.041643143,0.0012135229,4.3271853e-06,0.01761443,1.3744407e-06,3.1997747e-06
ISIC_0028056,0,0.99391586,0.005593643,4.74962e-05,1.9700141e-05,0.00042207693,5.094925e-08,1.2115053e-06
ISIC_0032244,0,0.9999068,2.1016656e-06,5.335096e-08,1.0878049e-08,9.096928e-05,7.6678806e-09,1.1558279e-07
ISIC_0029651,0,0.9989379,0.00025636316,1.6434694e-06,7.0578274e-08,0.00080278853,1.624771e-07,1.0542577e-06
ISIC_0032044,0,0.6737664,0.0020882024,2.8910368e-05,1.1451246e-05,0.3240469,3.672403e-05,2.148567e-05
ISIC_0027253,0,0.9999373,3.687416e-06,4.5016936e-08,2.40881e-07,5.4695505e-05,3.3340945e-07,3.6883657e-06
ISIC_0032046,0,0.99609643,9.9531855e-05,5.2249277e-08,4.8898987e-09,0.0038031598,2.8019898e-07,5.2939765e-07
ISIC_0024624,0,0.4415643,0.016249513,0.024860024,0.00014879399,0.51610345,0.0003072055,0.0007667335
ISIC_0031941,0,0.99977666,2.6295071e-08,1.4647728e-06,7.5412444e-08,0.00022054915,4.3691473e-10,1.1401745e-06
ISIC_0024315,0,0.9669163,0.030868353,4.5674104e-05,2.0057689e-07,0.0020640395,9.220212e-05,1.3204101e-05
ISIC_0025219,0,0.9999819,1.140197e-05,8.3870134e-07,1.0824016e-08,4.1078323e-07,1.0193468e-06,4.4672693e-06
ISIC_0026458,0,0.99997616,1.8022163e-05,3.179742e-08,5.0758125e-10,1.1642916e-06,2.5139632e-06,2.0612965e-06
ISIC_0027487,0,0.68872815,0.28687546,0.003371239,8.542544e-05,0.02059809,3.2108346e-05,0.000309501
ISIC_0030089,0,0.00011731905,0.41554502,0.44709885,1.1039866e-05,3.9524816e-06,0.085311346,0.051912446
ISIC_0027616,0,0.46420372,0.04060013,0.0011357903,0.0002343667,0.009331016,0.0011610682,0.48333392
ISIC_0027261,0,0.7616447,0.23352137,1.1491495e-05,0.00255772,0.0007913472,3.0127921e-05,0.0014432091
ISIC_0028505,0,0.93554646,0.002539499,1.879e-05,2.9497583e-06,0.06185253,1.5180803e-05,2.457362e-05
ISIC_0024675,0,0.0002786186,0.99968946,1.4359067e-06,5.15949e-06,1.8943878e-05,5.611839e-06,8.588217e-07
ISIC_0025891,0,0.10407831,0.8954809,5.734855e-05,2.7813945e-07,0.00037143365,2.1411433e-06,9.526703e-06
ISIC_0027693,0,0.9915753,0.0049133115,5.7505534e-09,5.2149904e-08,1.1443564e-06,0.0035085967,1.5836911e-06
ISIC_0029017,0,0.0010843631,0.9989151,5.0983195e-09,1.8126424e-07,1.403317e-07,1.5777329e-07,4.490526e-08
ISIC_0025927,0,0.9991585,5.1291194e-09,0.0003448849,1.9586661e-05,1.8800655e-08,0.0003505595,0.0001263804
ISIC_0031189,0,0.9916224,0.0006706818,2.566733e-06,0.0007662616,0.0064835567,2.1887483e-05,0.00043259258
ISIC_0032190,0,0.16166456,1.6240769e-05,8.8404846e-08,2.963035e-05,0.83818865,2.1860542e-06,9.862749e-05
ISIC_0031890,0,0.98501116,0.0013612604,1.334235e-07,3.2730762e-07,0.013618129,7.848622e-06,1.2413918e-06
ISIC_0029242,0,0.03169093,0.0003344784,4.0873108e-08,0.008355236,0.01493476,1.3237015e-05,0.94467133
ISIC_0027263,0,0.9906363,9.692014e-06,1.3862442e-08,4.2928427e-06,0.00012765592,2.5601767e-07,0.009221803
ISIC_0028878,0,0.09206909,0.08408884,0.00018585256,0.0007160388,0.8228296,1.8679586e-05,9.181375e-05
ISIC_0033312,0,0.99998426,1.2254498e-05,1.6548692e-07,1.5607446e-08,8.1062234e-07,2.4054302e-06,1.1353972e-07
ISIC_0027721,0,0.9968798,0.0014879212,7.436583e-06,1.1021563e-05,0.0016107761,3.9986517e-07,2.6308326e-06
ISIC_0026697,0,0.9987903,1.4795232e-07,3.346276e-08,1.3332482e-06,0.0012080546,1.0230732e-07,2.9501168e-08
ISIC_0030552,0,0.00061383576,0.9953348,2.0020575e-06,1.3802883e-05,0.002138436,0.0006735189,0.0012236465
ISIC_0030824,0,0.9998685,3.7970958e-07,2.2163793e-07,1.1398475e-10,0.00013061802,5.836568e-08,8.333972e-08
ISIC_0028325,0,0.99757427,0.0023230943,7.81305e-05,1.3661579e-06,1.7749988e-05,1.5798154e-06,3.843386e-06
ISIC_0024537,0,0.9999913,5.080055e-06,1.9262396e-08,1.7165954e-08,1.1419136e-06,2.0383482e-08,2.333764e-06
ISIC_0025489,0,0.95176107,0.022543402,2.585249e-07,6.81559e-07,0.025634924,1.7010701e-06,5.8100137e-05
ISIC_0025265,0,0.53600085,0.46394596,5.9483605e-06,3.688312e-05,1.4363376e-07,3.1627649e-06,7.1079535e-06
ISIC_0027260,0,0.9990054,0.0009929031,2.2647646e-08,2.2616466e-09,1.2165343e-06,4.062192e-07,4.2353445e-08
ISIC_0027604,0,0.99449474,0.0048612324,2.2846234e-05,1.01551495e-05,0.00055453595,5.071003e-07,5.5876397e-05
ISIC_0029434,0,0.7159007,0.26967344,8.298678e-05,1.08999675e-05,0.014102144,7.2985895e-05,0.00015682136
ISIC_0024756,0,0.8762256,0.105171986,0.007695578,3.6149646e-05,0.009916834,1.6849428e-05,0.0009369814
ISIC_0032888,0,0.9541367,0.013085642,8.079043e-06,1.156001e-05,0.028870808,8.164927e-06,0.0038790489
ISIC_0033968,0,0.984525,0.0019709726,7.655691e-06,4.9894004e-07,0.012246004,6.753518e-05,0.0011822679
ISIC_0033333,0,0.9894964,0.01022754,1.6789677e-07,2.0062997e-07,1.4353379e-08,5.721e-07,0.00027516668
ISIC_0033717,0,0.005457355,0.9943566,0.0001399195,1.2269638e-06,2.8080673e-05,4.8069155e-06,1.2034841e-05
ISIC_0034120,0,0.9986376,0.0008533564,2.5312156e-08,5.4717713e-08,1.1731568e-07,9.096778e-08,0.00050876895
ISIC_0032604,0,0.99996185,1.5713799e-07,4.1631026e-10,2.74285e-10,3.8009683e-05,2.3556628e-09,2.508309e-08
ISIC_0033428,0,0.96128464,3.175892e-07,6.7967285e-09,1.0319677e-10,0.038714398,7.922572e-09,5.565913e-07
ISIC_0033975,0,0.7038114,3.0957347e-07,8.204227e-06,0.00035044696,0.2856648,0.0044485135,0.0057162796
ISIC_0033278,0,0.91023004,3.416176e-05,0.00013220774,0.00025632075,0.07488233,0.012100746,0.0023640885
ISIC_0033679,0,0.93402964,5.8068986e-07,3.508682e-07,5.5406633e-07,0.06523327,0.0006027998,0.00013279998
ISIC_0033152,0,0.14906485,0.8239318,2.7691462e-06,1.056168e-06,0.026941126,4.059053e-05,1.7842325e-05
ISIC_0032017,0,0.99936944,6.779557e-05,4.520804e-05,8.70311e-06,0.0005048865,2.456004e-07,3.7741886e-06
ISIC_0029363,0,0.921321,0.03766427,0.039029807,1.3877991e-06,0.0010361589,0.00094209966,5.272162e-06
ISIC_0033068,0,0.9782873,6.584554e-05,1.0193509e-05,6.6844677e-06,0.021593418,2.7114547e-05,9.474811e-06
ISIC_0034218,0,0.6949593,6.979201e-05,0.0006030688,0.00011302139,0.30374685,0.00021424406,0.0002937378
ISIC_0034263,0,0.7961154,0.00010152973,1.0355231e-05,0.00026154376,0.19694313,0.00012734086,0.006440768
ISIC_0034262,0,0.99984133,5.963726e-06,1.17776375e-08,4.932724e-08,0.00014788355,4.65245e-06,1.2981108e-07
ISIC_0033103,0,0.74722075,0.2511486,8.828168e-06,4.1414214e-06,0.001422033,0.00018655656,9.199244e-06
ISIC_0034106,0,0.99187475,0.008118899,2.745243e-08,1.0420146e-06,4.3934133e-06,7.035584e-07,1.9418711e-07
ISIC_0033725,0,0.99901795,0.00082925224,4.5260716e-05,9.1407367e-07,0.000105301486,1.3860158e-07,1.1788135e-06
ISIC_0032537,0,0.802496,0.19188596,0.001446335,0.003987813,1.3377202e-05,8.464967e-06,0.00016199936
ISIC_0033287,0,0.0087354835,0.9890297,5.3316813e-05,2.4147512e-05,0.0021401285,4.7520252e-06,1.2484353e-05
ISIC_0029632,0,0.99999845,1.4828217e-06,6.211084e-09,5.1469997e-09,3.7543895e-08,1.4766103e-09,5.7885202e-08
ISIC_0029209,0,0.061201584,0.9316833,4.008071e-07,6.391839e-07,0.0070475657,2.0902793e-05,4.559781e-05
ISIC_0032726,0,0.07738574,5.9377286e-05,1.8337282e-07,5.126277e-07,0.92254525,6.9371395e-06,2.0033717e-06
ISIC_0033272,0,0.058733754,0.0001427778,1.613096e-06,5.561189e-06,0.9410525,6.240719e-05,1.3321319e-06
ISIC_0033317,0,0.18253884,0.8108938,1.0235876e-06,0.00018203363,0.006362633,1.065454e-05,1.1077013e-05
ISIC_0034269,0,0.68294924,0.24520737,9.742958e-06,3.322273e-05,0.07176836,1.726677e-05,1.486358e-05
ISIC_0033956,0,0.8749358,0.08933049,4.8988168e-05,2.0426048e-06,0.03467006,0.0009139791,9.85809e-05
ISIC_0033241,0,0.9954254,0.0042136903,1.4839907e-05,3.1308167e-07,1.7763414e-05,0.00031374005,1.426982e-05
ISIC_0032598,0,0.994286,0.005712155,1.7718276e-07,1.5223092e-07,5.8782344e-08,3.3099377e-07,1.2603604e-06
ISIC_0034289,0,0.714905,0.285061,3.1856425e-06,1.1013424e-06,1.0325479e-05,1.1226003e-05,8.143362e-06
ISIC_0033687,0,0.9979686,0.0020185856,4.1161215e-07,3.0680738e-07,9.5675e-06,2.4875312e-06,9.145502e-08
ISIC_0034085,0,0.9991411,0.00085029344,3.6421602e-07,9.143153e-09,5.9995014e-06,1.9152146e-06,3.3412206e-07
ISIC_0032603,0,0.00016100463,0.99982834,4.1759904e-08,3.85931e-08,3.360561e-07,2.4765154e-06,7.750682e-06
ISIC_0033871,0,0.0005477122,0.99944204,7.375078e-08,5.1397258e-08,7.244066e-07,2.5086354e-07,9.144455e-06
ISIC_0032955,0,0.039231326,0.95566547,3.4543593e-06,3.304156e-05,0.005053031,4.442148e-06,9.246506e-06
ISIC_0032812,0,0.0023217176,0.9084107,0.069074884,4.2199757e-05,0.018905528,0.0010803886,0.00016448501
ISIC_0033619,0,0.02010518,0.97966653,4.695636e-06,1.1866966e-05,1.7957083e-06,0.00018762234,2.2213013e-05
ISIC_0034065,0,0.048312005,0.95068675,0.00017637068,9.683542e-07,4.8146553e-06,0.00027365767,0.000545386
ISIC_0033209,0,0.99980026,1.3102523e-05,2.2764189e-06,6.461865e-07,0.00018205986,2.1258336e-08,1.4870747e-06
ISIC_0034074,0,0.88944966,0.11040629,6.6742314e-06,5.492715e-07,0.00012576657,3.7957318e-06,7.178045e-06
ISIC_0032699,0,0.9983051,0.0016554602,8.218942e-06,7.5947975e-07,2.7084247e-05,3.724636e-08,3.3349297e-06
ISIC_0028460,0,0.73459965,0.049475003,0.21500878,1.3469997e-05,0.0005609211,5.2928153e-06,0.00033686607
ISIC_0033470,0,0.99999917,1.649019e-07,9.937889e-09,5.5673215e-08,1.9996699e-07,2.978485e-07,6.722635e-08
ISIC_0034094,0,0.9999713,2.8035858e-05,2.5256044e-09,2.6100932e-07,2.891715e-07,1.534571e-08,6.156664e-08
ISIC_0033560,0,0.99930394,0.00041323365,4.3828427e-07,1.7759098e-06,0.00024214666,2.860848e-05,9.8350665e-06
ISIC_0034061,0,0.99994147,5.787967e-05,1.9703235e-09,5.5412525e-10,5.3393707e-09,6.666784e-07,5.25108e-09
ISIC_0032716,0,0.9999969,2.0296889e-06,2.9914865e-08,2.3997387e-10,2.1799066e-08,1.113706e-06,7.143601e-09
ISIC_0034159,0,0.99940276,0.0005415464,6.1967535e-06,7.2491343e-06,2.8609837e-05,1.0465038e-05,3.2192022e-06
ISIC_0033872,0,0.9974553,0.002015776,2.4267281e-05,9.73709e-07,0.00044434346,3.3305723e-06,5.5970417e-05
ISIC_0032617,0,0.99995637,4.1092873e-05,9.990869e-07,7.6705356e-07,3.2042158e-07,1.3978519e-07,3.6235153e-07
ISIC_0034048,0,0.98625946,0.011490457,0.00015077404,3.2489872e-05,0.0017743958,2.412198e-05,0.0002683527
ISIC_0033905,0,0.9987658,0.0008331803,6.1644823e-07,1.802678e-06,0.00037178447,1.9563342e-05,7.211606e-06
ISIC_0033981,0,0.99707615,0.0018702087,1.0791341e-06,3.856983e-08,0.0010301296,3.822296e-06,1.8539758e-05
ISIC_0033269,0,0.99984586,9.842648e-07,7.583912e-09,0.00015103225,5.6249587e-07,1.5395145e-08,1.4200012e-06
ISIC_0032081,0,0.21877411,7.832476e-05,5.0386825e-06,0.00033389937,0.780733,5.3590302e-05,2.2089353e-05
ISIC_0033901,0,0.0018640509,0.9979849,8.585532e-08,4.4783445e-07,1.2285605e-05,2.900216e-05,0.00010917102
ISIC_0032917,0,0.9999924,3.8470916e-06,4.3669615e-08,9.780983e-10,8.707265e-08,1.2391708e-07,3.4776067e-06
ISIC_0032925,0,0.5029113,0.49692616,3.369644e-05,7.390769e-08,8.746046e-05,1.8732067e-05,2.252335e-05
ISIC_0031709,0,0.1374661,0.07612458,0.0039471746,0.009292702,0.7729004,0.0002509045,1.8171266e-05
ISIC_0032684,0,0.9999181,7.5914366e-05,1.3157587e-07,1.8997477e-09,5.746053e-06,2.5835668e-08,7.8949775e-08
ISIC_0034052,0,0.9695995,0.02725575,0.00068134116,6.760698e-06,0.002061456,4.5052016e-06,0.0003906768
ISIC_0033171,0,0.9996867,0.00030490654,1.0072273e-06,6.052869e-08,6.1834876e-06,1.0207718e-07,1.0630753e-06
ISIC_0033426,0,0.9999976,4.4018686e-10,7.0157625e-08,1.0884619e-08,1.6226465e-10,2.1030232e-10,2.3233592e-06
ISIC_0033546,0,0.85649544,0.12530525,1.3783919e-05,9.2894663e-07,0.00066577864,0.017435037,8.374466e-05
ISIC_0033081,0,0.57360137,0.4235518,0.000115939736,9.374698e-07,0.0026274358,4.2481952e-05,6.0055714e-05
ISIC_0033141,0,0.995917,0.0024118137,2.6099644e-05,1.5381059e-07,0.0001231375,0.0015153651,6.438686e-06
ISIC_0033261,0,0.99729484,0.0022512353,2.2027355e-06,3.0881608e-07,0.00021320162,0.00021863462,1.9595787e-05
ISIC_0032766,0,0.080262624,0.84778893,2.0336573e-05,0.000256098,0.0703785,0.0010919914,0.000201499
ISIC_0030031,0,0.75859994,0.0048331968,0.00013760122,0.0018644397,0.23436028,1.7739619e-07,0.00020429972
ISIC_0028655,0,0.99907994,0.00014314149,2.186161e-06,0.00014094687,0.0006306865,1.5467278e-06,1.6680758e-06
ISIC_0032462,0,0.9982545,0.0017001856,1.2156323e-05,1.6166686e-06,2.9727047e-05,1.4154078e-08,1.7761101e-06
ISIC_0031479,0,0.99999905,2.1050099e-07,2.0051779e-08,1.7437378e-08,6.6586404e-07,1.3977854e-08,2.0789594e-08
ISIC_0034205,0,0.00017989812,0.9998165,5.0554503e-09,3.7536077e-07,1.0753944e-06,7.559349e-07,1.4992411e-06
ISIC_0033612,0,0.007229037,0.9926561,5.5359436e-05,3.552748e-07,2.1850703e-05,6.3085645e-06,3.100944e-05
ISIC_0034049,0,0.45922083,0.0013393555,0.000920034,1.2828617e-06,0.53833115,5.749678e-06,0.00018159617
ISIC_0033300,0,0.010497673,0.98944074,2.1573878e-09,5.805517e-08,9.116783e-06,5.1013656e-05,1.4414339e-06
ISIC_0033616,0,0.0130265,0.9851391,5.165897e-07,2.3374243e-06,0.0018215516,1.5937403e-06,8.358529e-06
ISIC_0029606,0,0.9625898,0.037407648,2.0060826e-08,4.3977186e-09,1.7913199e-07,1.5712278e-06,8.0105866e-07
ISIC_0033099,0,0.7909591,0.20901492,3.453016e-07,5.017108e-07,1.627781e-05,6.892797e-07,8.094054e-06
ISIC_0032723,0,0.9987004,0.0012970502,4.937243e-07,1.39566945e-08,1.5609529e-06,1.1830063e-07,3.8198334e-07
ISIC_0032751,0,0.9957718,0.0037251166,9.08223e-06,4.65365e-08,0.00046987587,1.8343124e-05,5.787194e-06
ISIC_0032597,0,0.97910345,0.014986004,0.00010682258,1.157895e-06,0.005772668,1.7806906e-05,1.2122172e-05
ISIC_0033670,0,0.0029891743,0.9938046,1.1981637e-06,9.7887645e-09,0.0031537653,3.2801774e-05,1.846654e-05
ISIC_0029740,0,0.010748557,0.92730975,5.996335e-06,6.753169e-07,0.061882053,1.340967e-05,3.957638e-05
ISIC_0033593,0,0.09935311,0.6625524,1.6568974e-05,1.7084125e-07,0.23763181,4.0142317e-05,0.0004058608
ISIC_0033559,0,0.99998057,1.9315417e-05,9.212391e-09,8.3744334e-10,1.4247537e-07,1.4104565e-08,1.3831572e-08
ISIC_0032922,0,0.9999478,2.6037871e-05,9.590653e-08,7.7775084e-08,2.4794146e-05,8.4726577e-07,3.8788357e-07
ISIC_0033487,0,0.98799753,0.00010500371,0.0027258652,3.5893204e-06,5.5637007e-05,6.937869e-08,0.009112342
ISIC_0033995,0,0.70020837,0.00024651937,0.00038219412,0.16820283,0.006529367,0.0003262032,0.1241045
ISIC_0027234,0,0.9988949,0.0002353133,1.069618e-07,8.709544e-06,0.0008419667,2.3021644e-07,1.884774e-05
ISIC_0033807,0,0.99886835,1.5489005e-06,6.0037837e-07,2.0587862e-05,0.0009900072,3.0309535e-05,8.864594e-05
ISIC_0033533,0,0.9999877,7.6695034e-07,8.111792e-10,9.858902e-08,1.1145581e-05,1.9163018e-08,3.8209436e-07
ISIC_0032987,0,0.96672744,0.00039042946,1.5738404e-05,0.00061379344,0.032224108,2.5321153e-05,3.2153393e-06
ISIC_0032870,0,0.5332021,0.00074320176,2.0320397e-07,2.1423617e-07,0.46603882,3.7210333e-07,1.5026923e-05
ISIC_0031208,0,0.99517655,0.004392692,0.000102730446,7.3048855e-06,1.4563052e-05,0.00030212506,4.034757e-06
ISIC_0026545,0,0.9964759,0.0023890424,0.00015474498,3.8814687e-06,0.0006133588,0.00036013976,2.9950274e-06
ISIC_0027282,0,0.14943765,0.82107556,2.108487e-05,3.6933704e-07,0.025212046,0.004233338,1.9989464e-05
ISIC_0029092,0,0.99692506,0.0024279258,1.0459515e-06,3.554564e-07,0.00047503828,2.1460817e-06,0.00016839137
ISIC_0024640,0,0.5218008,1.9665097e-06,7.4797777e-07,1.309231e-06,0.47797978,7.3737474e-06,0.00020802449
ISIC_0024962,0,0.22285935,0.009504548,1.8699098e-05,3.469228e-09,0.7671187,0.00016870502,0.00033001494
ISIC_0024823,0,0.74370176,0.00016928405,6.373076e-07,2.2185219e-08,0.23409538,1.4595263e-05,0.022018395
ISIC_0027669,0,0.995845,0.0041361903,5.2903044e-07,1.9043078e-09,8.582399e-06,1.6997324e-06,7.98747e-06
ISIC_0031795,0,0.9931902,0.00679588,2.5438652e-07,1.8125538e-08,1.0041e-05,6.242842e-07,2.9988541e-06
ISIC_0028198,0,0.009386391,0.99035966,0.00018396748,1.14950836e-07,6.2547326e-05,6.782132e-06,5.8926236e-07
ISIC_0027144,0,0.0005540199,0.9994429,1.7265545e-06,1.4474762e-07,1.0170334e-06,2.116253e-07,2.417693e-08
ISIC_0025524,0,0.9455447,9.370556e-06,3.9353974e-08,1.0548417e-05,0.02753813,9.008937e-08,0.026897045
ISIC_0025963,0,0.50148135,1.1997241e-05,8.7988575e-08,2.760875e-07,0.4255199,2.3360889e-07,0.07298619
ISIC_0025121,0,0.75426126,1.9054221e-05,1.3031325e-07,1.3851001e-06,0.028551556,1.8128404e-07,0.21716645
ISIC_0025316,0,0.008961517,0.99103105,1.5660726e-08,5.390544e-06,5.3648785e-07,8.077504e-07,6.0603094e-07
ISIC_0027552,0,0.13746653,0.7833793,0.000539102,5.0750214e-06,2.3986231e-05,1.1771623e-05,0.07857427
ISIC_0030192,0,0.8196429,0.004238866,1.0690941e-06,0.0050042802,0.17096603,6.239547e-05,8.44942e-05
ISIC_0028003,0,0.011342624,0.9878128,9.330013e-08,1.5835569e-07,7.2719644e-07,0.0007684254,7.511801e-05
ISIC_0031999,0,0.20835969,0.07083722,0.7165826,2.7712582e-07,0.0012319305,0.00034210473,0.0026461491
ISIC_0032245,0,0.064821236,0.9240408,0.0012546644,4.81114e-07,0.009875893,3.7448604e-06,3.1505278e-06
ISIC_0028481,0,0.9989347,0.00027785497,2.6000998e-07,3.2104115e-06,0.0007732538,1.8979075e-06,8.943385e-06
ISIC_0029172,0,0.9881868,0.0017421809,1.3061155e-06,8.9666704e-05,0.009919115,2.7138798e-05,3.3813067e-05
ISIC_0027302,0,0.0019673216,0.98886836,9.341181e-07,5.2278555e-08,1.9078718e-06,0.008916666,0.00024487075
ISIC_0031543,0,0.0008178583,5.1596015e-07,7.167579e-05,5.980076e-06,0.9990729,2.4812957e-07,3.079397e-05
ISIC_0030360,0,0.31185672,0.20671986,0.00019772025,0.0019434132,0.4766949,6.910199e-05,0.0025183535
ISIC_0029454,0,0.9992366,0.00041758164,6.490656e-07,6.351978e-06,0.0003243067,7.054826e-07,1.3817733e-05
ISIC_0027155,0,0.9912907,0.0053527015,2.65954e-07,9.199732e-05,0.0032393963,2.1944923e-05,3.0956169e-06
ISIC_0028418,0,0.9705137,0.010464284,1.0728876e-06,0.00010363361,0.018904405,4.3893056e-06,8.543652e-06
ISIC_0025800,0,0.9999708,1.2675828e-05,6.550916e-09,1.530476e-05,1.3675428e-07,3.8593024e-07,6.8123495e-07
ISIC_0027702,0,0.9999821,1.7852932e-05,1.7139302e-11,4.061832e-10,8.7961745e-09,4.347451e-09,5.771599e-09
ISIC_0026796,0,0.37434456,0.00048781116,6.0803063e-06,6.543332e-07,0.62506205,8.305449e-05,1.5802174e-05
ISIC_0028777,0,0.9993575,2.6859634e-05,8.826298e-05,1.0170164e-06,0.00042424313,2.7934832e-06,9.9360324e-05
ISIC_0027964,0,0.99999046,3.6670474e-06,1.8671876e-06,5.435552e-07,2.9989712e-06,6.6886834e-08,4.3635293e-07
ISIC_0030784,0,0.9999981,2.4818078e-07,2.4985956e-09,9.982479e-10,1.6991437e-06,4.4991776e-08,1.271137e-08
ISIC_0025755,0,0.92259103,0.0766693,1.6346406e-05,0.00033782521,6.321643e-05,5.1117854e-06,0.00031716077
ISIC_0030616,0,0.31319842,4.804764e-06,0.005863844,8.40393e-06,0.68009,0.0006947523,0.00013978728
ISIC_0025391,0,0.9999912,8.920165e-07,4.7929943e-10,6.807468e-09,1.3130488e-06,4.665949e-08,6.5443783e-06
ISIC_0032372,0,0.9801419,2.569016e-08,5.1932705e-07,1.2312205e-07,0.01914272,5.8270658e-08,0.00071472547
ISIC_0028929,0,0.94684315,0.0072551155,0.000112993235,0.0006990641,0.042944044,9.015628e-07,0.002144821
ISIC_0026746,0,0.9998292,9.549169e-06,4.879127e-06,1.2025992e-06,0.00014177003,1.3506524e-07,1.3399717e-05
ISIC_0026774,0,0.0013320141,0.99507564,5.2387586e-06,0.0005867523,0.0027703822,6.251288e-05,0.00016747417
ISIC_0030047,0,0.24126846,0.7367626,1.4844985e-05,0.0001667599,0.021646159,3.255056e-05,0.000108566666
ISIC_0026847,0,0.99988484,0.000106668864,6.9736566e-06,5.2059823e-07,6.148376e-08,1.7284961e-08,9.4619605e-07
ISIC_0025814,0,0.58065075,0.03154305,4.636904e-06,5.479163e-06,0.3846331,0.0029826993,0.00018034517
ISIC_0026853,0,0.5488264,0.0008917361,1.2964529e-07,1.3096027e-05,0.4500698,7.9614685e-05,0.00011929341
ISIC_0028103,0,0.030381981,0.0018409337,7.971505e-06,1.6927473e-06,0.9673883,2.003465e-05,0.00035912095
ISIC_0024679,0,0.9704624,0.0022008265,3.7095724e-06,2.8712017e-07,0.027328428,8.9800085e-07,3.506791e-06
ISIC_0031401,0,0.99939334,0.00021350461,8.772642e-08,1.2684701e-06,0.00038973088,3.2174944e-07,1.8334052e-06
ISIC_0029574,0,0.9983183,0.00040485905,4.972066e-07,0.0012164161,4.851708e-05,1.381798e-07,1.1240284e-05
ISIC_0025543,0,0.5179195,0.00023816661,1.5508767e-06,0.0026160842,0.47912857,8.612042e-06,8.74957e-05
ISIC_0028033,0,0.006658743,0.9933409,7.0201667e-09,6.7650435e-10,7.082933e-10,3.6858492e-07,3.043164e-08
ISIC_0032204,0,0.99469614,0.0051344372,0.00014139828,3.1532362e-08,3.837763e-07,2.7247655e-05,4.4639867e-07
ISIC_0032095,0,0.995331,0.00449482,1.1746886e-05,1.1479269e-07,6.886579e-06,0.00015398326,1.4562429e-06
ISIC_0028220,0,0.9913651,4.436306e-05,0.000118212614,8.090899e-05,0.00836182,1.6424974e-06,2.800789e-05
ISIC_0029094,0,0.9954644,0.0021170569,7.809063e-07,0.0005625744,0.00083607296,0.001009271,9.889819e-06
ISIC_0025128,0,9.94469e-05,0.9990509,1.4981638e-05,5.7529058e-05,0.00075659546,5.569777e-06,1.4922818e-05
ISIC_0028508,0,0.9999993,3.6977184e-07,6.120131e-08,1.8572597e-07,2.4210516e-08,3.8031485e-09,1.5659296e-08
ISIC_0031368,0,0.99989974,1.3562828e-07,6.106497e-08,1.4864795e-08,9.8428405e-05,5.1888282e-08,1.5149625e-06
ISIC_0031900,0,0.9986174,0.00059568434,4.5608544e-07,7.704061e-05,0.00032474927,0.00015561222,0.00022907135
ISIC_0029570,0,0.886052,0.06655499,4.96241e-05,4.9883263e-05,0.04685027,0.000115893396,0.00032738838
ISIC_0025550,0,0.0040487708,0.99151635,0.00011815863,2.9723567e-05,0.0041834163,2.3350492e-06,0.00010128624
ISIC_0025414,0,0.99751055,5.2067307e-06,2.156708e-05,5.930633e-07,0.0024570988,3.4751528e-07,4.6199693e-06
ISIC_0026475,0,0.007010588,0.99298286,2.6200757e-08,9.920412e-10,3.589386e-07,5.927468e-06,2.091479e-07
ISIC_0030122,0,0.796074,0.1685852,0.005333632,0.00839619,0.020725444,0.0003983641,0.00048718046
ISIC_0028968,0,0.8863573,0.0041015125,0.0012810132,0.0004937727,0.10770191,5.49326e-05,9.513338e-06
ISIC_0024739,0,0.9903286,1.79465e-05,8.937858e-05,1.0176703e-05,0.009474904,8.58787e-06,7.047821e-05
ISIC_0025500,0,0.0002330559,3.49464e-05,1.9663865e-08,7.531021e-07,0.99972993,1.0778269e-06,8.833601e-08
ISIC_0030277,0,9.3175935e-05,5.395634e-05,1.470093e-07,6.4301906e-07,0.9998503,1.6708527e-06,1.0853441e-07
ISIC_0025941,0,0.009766961,0.98923886,0.0003750681,0.0004955261,3.256925e-05,1.3559274e-05,7.746429e-05
ISIC_0026092,6,1.5529951e-06,1.2180904e-08,7.577129e-07,6.179453e-06,8.335534e-07,2.6687658e-07,0.99999046
ISIC_0024904,6,8.2423656e-05,0.0012183919,0.00026621175,3.5976632e-06,1.3683459e-07,0.0002778328,0.99815136
ISIC_0031217,6,2.8955862e-06,0.00026005696,5.5583882e-06,4.3639088e-07,4.5501906e-08,4.9186838e-05,0.9996817
ISIC_0025599,6,2.8114187e-08,0.03639704,1.1841076e-05,6.6036534e-07,3.1663803e-09,2.5267662e-05,0.96356523
ISIC_0025578,6,0.0002197414,0.06697911,2.7592687e-05,0.0064957174,0.018158942,0.00015494053,0.90796393
ISIC_0029448,6,0.11649458,0.0009410394,1.4059827e-06,2.017433e-05,0.0008334178,0.00012060489,0.88158876
ISIC_0031759,6,6.1802115e-05,9.223267e-06,1.0739484e-09,1.2958728e-07,9.634118e-07,7.9416466e-08,0.99992776
ISIC_0026456,6,5.126517e-10,6.149474e-10,1.8178396e-05,1.0497636e-05,2.9244102e-08,2.7853062e-07,0.99997115
ISIC_0033031,6,0.87773657,3.733221e-06,8.309837e-05,0.043633383,0.0337374,0.00022339843,0.0445825
ISIC_0032775,6,0.9756864,8.0701874e-08,3.3612682e-08,1.4582588e-06,6.1476106e-07,4.6981713e-10,0.024311446
ISIC_0033458,6,0.35244676,0.000109564615,0.014165488,0.25073782,0.18598585,0.028623441,0.16793111
ISIC_0033135,6,0.061333,0.0007923437,1.4155161e-08,2.5087971e-05,0.0012025867,0.00012286707,0.93652415
ISIC_0032538,6,0.00049611996,9.228406e-08,1.09256e-05,0.00015688267,4.3158747e-05,0.0003561218,0.9989366
ISIC_0033591,6,2.5919613e-05,6.1705043e-07,3.346893e-08,6.9181215e-07,4.8440244e-05,1.7817518e-05,0.99990654
ISIC_0031648,6,1.6966664e-05,2.786735e-07,1.319632e-11,6.5464173e-10,3.1939626e-07,6.3880826e-08,0.99998236
ISIC_0033565,6,1.7537641e-07,6.0239613e-06,3.4312267e-10,2.8945896e-10,1.35426905e-08,2.8551074e-08,0.9999937
ISIC_0033123,6,2.843576e-05,0.0004274867,1.4754409e-06,2.8498891e-06,1.9092385e-08,1.5559252e-05,0.99952424
ISIC_0024747,6,1.2574969e-09,1.1030981e-09,1.1009168e-06,1.4603923e-05,1.8275398e-06,1.9018591e-05,0.9999635
ISIC_0031346,6,1.2106267e-06,0.00027139767,0.000114289214,1.0801317e-05,0.030082539,3.23101e-05,0.9694875
ISIC_0031719,6,0.00023046923,0.95895934,1.6285446e-06,6.685634e-06,0.04051436,0.0001746074,0.000112975555
ISIC_0030070,6,0.00050213624,0.8333039,1.8625686e-08,0.00027293657,1.6222617e-05,0.00023615171,0.1656686
ISIC_0031093,6,3.419528e-07,1.263773e-06,3.911657e-07,3.254251e-05,3.9265557e-05,9.886993e-08,0.9999262
ISIC_0029608,6,1.1553419e-10,1.0415312e-10,2.3817887e-10,1.8472193e-08,1.8711739e-11,1.0148493e-07,0.9999999
ISIC_0029439,6,0.00072969263,8.704929e-06,1.4423221e-08,0.00014903703,1.05955605e-05,3.885582e-06,0.99909806
ISIC_0028406,6,7.2058796e-08,5.2868627e-06,1.9397464e-09,3.8813036e-07,6.9368234e-08,4.164004e-05,0.99995255
ISIC_0026393,6,2.0942343e-07,1.8573184e-05,6.1342174e-11,1.01904256e-07,1.0036127e-08,2.1601214e-05,0.99995947
ISIC_0031215,6,4.051424e-12,6.8855257e-13,5.8279976e-13,2.4393658e-09,5.342974e-09,3.2919978e-10,1.0
ISIC_0031065,6,4.1407958e-08,9.097379e-11,3.0658945e-12,3.6495956e-07,6.260629e-09,1.8937772e-07,0.9999994
ISIC_0031955,6,0.0008983684,0.1398375,8.385889e-07,1.7227867e-05,0.8569746,0.00024268361,0.002028801
ISIC_0024867,6,3.1135925e-09,6.226479e-08,3.8540187e-12,7.0916617e-10,6.7398027e-12,3.6176428e-07,0.9999995
ISIC_0025425,6,2.065567e-07,0.0001657796,5.489635e-07,5.3937983e-06,5.7066e-08,0.00029259815,0.99953544
ISIC_0024706,6,5.497728e-10,4.4120544e-08,1.3559415e-09,2.1115623e-09,7.861576e-11,2.825324e-09,1.0
ISIC_0026467,6,1.0155747e-10,6.491422e-05,5.1290474e-09,7.391089e-08,7.917118e-08,1.0028674e-06,0.99993384
ISIC_0026068,6,0.00010071764,1.364812e-05,1.660709e-05,1.2597133e-05,6.4387976e-08,1.4004016e-07,0.99985623
ISIC_0032384,2,3.4890215e-06,6.2757366e-08,0.30003896,0.6984243,3.055744e-05,1.940193e-06,0.0015006791
ISIC_0027146,2,0.008885266,0.0010795989,0.9519622,0.0375241,1.409717e-06,0.00042378076,0.00012358301
ISIC_0029193,2,0.017618159,2.0317834e-06,0.9821421,1.5639993e-07,0.00015386546,5.203501e-07,8.323867e-05
ISIC_0027526,2,2.4338984e-05,4.2644475e-11,0.99972624,1.9319363e-07,0.00019931194,3.3476937e-08,4.9831877e-05
ISIC_0026760,2,2.9540388e-05,1.3857607e-06,0.99989915,4.7705926e-06,4.403459e-06,4.0229196e-08,6.064515e-05
ISIC_0025718,2,2.8102704e-07,1.3965749e-07,0.99999905,2.4937666e-08,6.996406e-09,5.0219837e-09,6.481395e-07
ISIC_0025932,2,0.5922766,2.3743972e-07,0.32532895,0.070458494,4.4037595e-05,0.00029067503,0.011600968
ISIC_0028747,2,0.047656406,3.3773935e-11,0.90834224,0.042844776,3.6726527e-05,3.6681235e-05,0.0010831972
ISIC_0030261,2,0.014667264,0.014611407,0.4446873,0.008106015,0.00043379187,0.36536148,0.15213273
ISIC_0025824,2,2.1518924e-08,3.0138208e-11,1.0,2.1119178e-08,1.4360574e-09,5.7553307e-10,9.733606e-09
ISIC_0031400,2,6.558391e-08,6.4609876e-12,0.9999969,7.5356255e-09,2.5338573e-09,3.0048307e-06,1.025497e-08
ISIC_0031943,2,0.4718661,0.0013298467,0.33291984,0.0019800253,0.00051794184,1.3817624e-06,0.19138482
ISIC_0027865,2,0.001861391,2.6034043e-06,0.9801707,0.000989646,3.5423589e-06,9.796304e-07,0.016971126
ISIC_0029647,2,6.428197e-06,2.7735123e-07,0.008880622,8.028567e-06,0.9910986,5.716528e-06,2.8778288e-07
ISIC_0027858,2,0.11335374,0.10329974,0.0005312508,0.058655135,0.6354448,0.084237225,0.004478105
ISIC_0027433,2,0.0007834469,1.1734729e-06,0.99840814,1.34976735e-05,0.00017262595,2.0542435e-05,0.0006005919
ISIC_0029515,2,0.7244657,9.504425e-06,0.0003281101,0.0005086296,0.27431077,0.000328861,4.8408336e-05
ISIC_0029034,2,0.0025966936,2.9783512e-10,0.9974032,2.3617983e-09,9.0523816e-10,1.030571e-07,1.6851967e-08
ISIC_0030800,2,0.0038481217,5.0859217e-06,0.996073,1.6916925e-09,8.8809486e-08,7.360947e-05,1.4122439e-07
ISIC_0025383,2,0.0027570517,1.1176303e-06,0.9779815,0.002540672,0.010674973,0.0015464206,0.004498142
ISIC_0025513,2,0.009337227,0.96783775,0.007863222,5.2136315e-06,0.010176833,0.00013965972,0.0046401485
ISIC_0031272,2,0.0039022428,7.043322e-08,0.99601233,1.4004018e-05,1.37064635e-05,1.8716157e-05,3.8944596e-05
ISIC_0027058,2,0.07885377,0.7228666,0.040330462,0.00041127088,0.15015984,6.789466e-05,0.007310186
ISIC_0030114,2,0.0015264921,0.0008543687,0.0010274239,0.00032751614,0.9929404,1.0966666e-05,0.0033127682
ISIC_0032959,2,4.8306298e-05,0.99459165,0.004902335,1.0335226e-09,3.8378395e-05,1.2866011e-08,0.00041930613
ISIC_0034047,2,0.042524267,0.21677093,0.6806641,0.0007145209,0.057332534,0.00036993844,0.0016237199
ISIC_0033483,2,0.2400915,7.1808746e-09,0.7598519,2.0938172e-07,2.5599951e-05,4.994134e-07,3.0325897e-05
ISIC_0032536,2,0.00012829537,1.3422684e-07,0.99933606,1.1670168e-06,7.8888064e-07,3.7831544e-08,0.00053340883
ISIC_0034015,2,0.0008687096,4.401148e-06,0.0010922917,2.8212644e-06,0.99787724,0.00014761162,6.9230664e-06
ISIC_0034223,2,0.0075470516,8.480169e-06,0.12724964,0.00012212472,0.86374736,0.001293313,3.208217e-05
ISIC_0033372,2,0.07468479,3.4551613e-06,0.92526805,5.9495672e-08,8.691943e-06,5.930929e-08,3.4917164e-05
ISIC_0034066,2,0.1591959,6.1906994e-06,0.8406759,2.8566023e-09,8.147317e-05,1.9014506e-07,4.030619e-05
ISIC_0032741,2,0.033686597,5.2232645e-06,0.9553948,9.513794e-09,0.01091132,3.6994695e-07,1.6577076e-06
ISIC_0033301,2,0.0023722136,0.00014189722,0.97459733,2.2982033e-06,0.022824574,6.0387978e-05,1.2631376e-06
ISIC_0025617,2,0.5026202,0.487969,0.0019915039,1.7372946e-08,0.004512582,2.1032325e-05,0.0028855496
ISIC_0026350,2,0.08528389,0.004292641,0.052884668,0.00019177911,0.8528729,0.0037908945,0.00068322185
ISIC_0031569,2,0.2205315,0.023937948,0.32985356,0.0068102074,0.012956451,0.4005086,0.0054017715
ISIC_0026528,2,2.3436624e-09,1.5698003e-09,3.7858647e-06,5.2586197e-06,3.7179097e-07,0.9998555,0.00013508061
ISIC_0028677,2,0.0035918904,0.9519765,0.016190737,0.0132455705,6.774114e-05,0.013830939,0.0010966856
ISIC_0028059,2,0.0002215927,6.2618806e-06,0.99970955,3.8763164e-06,2.6085136e-06,1.2802597e-06,5.4850916e-05
ISIC_0025576,2,8.931461e-08,0.0001062304,0.9351379,0.0049969973,3.652302e-08,0.05785264,0.0019060619
ISIC_0029331,2,5.439722e-13,3.4008532e-09,9.3528246e-07,0.99862134,1.9062481e-08,0.0013775921,1.6132766e-07
ISIC_0027601,2,2.5066854e-06,0.00014683617,0.9971848,4.3983416e-08,1.8469588e-06,0.002347434,0.00031644892
ISIC_0027631,2,1.0783131e-06,8.716511e-07,0.99998045,5.6624344e-11,5.402819e-09,7.241115e-07,1.6884762e-05
ISIC_0031413,2,0.62615824,4.8300753e-06,0.12766941,0.000111948204,0.24181472,0.00307069,0.0011701924
ISIC_0030644,2,0.9532572,0.00068473554,0.011397853,0.0009986891,0.008402483,0.02451031,0.0007488615
ISIC_0026716,2,6.1358573e-06,3.580562e-05,0.9997408,0.00015390653,1.75254e-05,1.6000915e-07,4.5654626e-05
ISIC_0025971,2,0.00032918015,0.022557834,0.9662092,2.5847938e-05,0.0103868,1.6218768e-05,0.0004749256
ISIC_0030737,2,0.7950184,0.10002426,0.0010854085,0.082115345,0.0034253318,0.00014606694,0.018185157
ISIC_0031712,2,5.2732103e-05,0.9992662,0.00057573314,6.8181303e-06,1.8107377e-05,7.850678e-05,1.9838033e-06
ISIC_0032439,2,7.095135e-06,0.0012165888,0.94287115,0.0008044337,0.0013862256,0.0016294102,0.052085165
ISIC_0026496,2,0.0004410491,1.7049033e-06,0.99623173,2.8989017e-08,1.0337374e-05,5.0358833e-09,0.0033151084
ISIC_0028583,2,0.42385393,0.00015066315,0.5421128,0.0042037982,0.027787345,0.00019864553,0.0016928557
ISIC_0030511,2,1.1230356e-06,1.0090605e-12,0.99995816,1.2210858e-06,3.4012658e-08,3.31704e-06,3.615631e-05
ISIC_0026968,2,0.5024484,0.03167974,0.43369693,0.004334218,0.00027839793,0.00018594737,0.027376408
ISIC_0025975,2,0.00017250516,0.023652526,0.9760635,1.4428356e-05,7.4450625e-05,5.709451e-06,1.6883376e-05
ISIC_0031236,2,0.002769315,0.013735309,0.98325795,0.00022214887,1.3343387e-06,3.0275166e-07,1.3558667e-05
ISIC_0027846,2,0.6426469,0.2505748,0.093263954,0.0027571064,0.00019328902,3.1937383e-05,0.010531962
ISIC_0026798,2,0.00020269875,0.80431235,0.121030815,0.022388257,0.01156923,0.038487818,0.002008819
ISIC_0026978,2,1.784289e-07,2.8275795e-06,2.2051803e-05,2.7747171e-06,0.9999697,3.2974505e-08,2.4576398e-06
ISIC_0024452,2,2.9961734e-06,0.17049892,0.829496,4.155485e-08,7.8903135e-08,5.528154e-07,1.411016e-06
ISIC_0029539,2,5.2779905e-09,3.5445675e-05,0.99996436,1.1357936e-07,8.0284984e-10,1.889941e-08,1.0222811e-07
ISIC_0031258,2,3.5797328e-08,9.08886e-07,0.9999894,4.754464e-09,1.2705697e-06,5.8733207e-07,7.707009e-06
ISIC_0024472,2,4.1670028e-05,1.4094013e-05,0.99492246,8.387426e-08,0.0020974851,3.932953e-06,0.002920222
ISIC_0031175,2,0.0034207073,1.6850941e-05,0.97988886,1.5165419e-07,0.016603312,2.6078458e-06,6.747766e-05
ISIC_0030755,2,9.2265344e-07,1.3167114e-07,0.9999715,1.9148486e-07,4.885705e-07,6.5445766e-07,2.6104552e-05
ISIC_0028815,2,5.2015468e-05,0.00022503997,0.9989157,0.00018052747,0.00049097947,4.4860644e-06,0.00013122286
ISIC_0031976,2,0.14136595,0.03135905,0.13927571,0.049758397,0.008398189,0.0002018141,0.6296408
ISIC_0032225,2,0.983975,0.00075037475,0.011091355,0.0039250795,0.00013568885,1.5468195e-05,0.00010707361
ISIC_0029856,2,4.6383693e-08,3.3239829e-09,0.99992394,1.456348e-06,6.149446e-05,1.3220706e-07,1.2944722e-05
ISIC_0025711,2,1.8059043e-05,6.219874e-08,0.9617645,2.808327e-05,0.0024459413,4.0127816e-08,0.03574329
ISIC_0024897,2,0.002906404,5.7908524e-06,0.9932174,3.5840283e-05,0.0032111374,1.8854775e-05,0.0006046087
ISIC_0025601,2,0.6023226,0.3596699,0.02771515,0.0066184686,0.0005433084,0.0001682063,0.0029623627
ISIC_0032461,2,7.4978656e-05,9.272576e-06,0.97891665,4.6500194e-05,0.020899184,1.3130298e-07,5.3292253e-05
ISIC_0031009,2,0.023557955,2.7777092e-05,0.0658288,7.201827e-05,0.9103443,8.188509e-05,8.7283675e-05
ISIC_0031095,2,8.345874e-05,0.00016879142,0.8238572,0.00016428948,0.030202946,0.0003530019,0.1451702
ISIC_0027337,2,1.4817944e-05,0.026409902,0.2544452,0.015315632,0.6885516,0.0014251829,0.013837569
ISIC_0029263,2,0.02897368,0.00028362992,0.59620476,0.3351543,0.0048746853,4.154145e-07,0.03450858
ISIC_0026687,2,0.9027478,0.0014841272,0.0794375,0.0065776934,0.008196805,0.0011904003,0.0003657028
ISIC_0027819,2,7.878409e-06,0.99661463,0.002546191,2.3839416e-08,7.03857e-07,1.4949388e-06,0.00082900346
ISIC_0031552,2,8.546479e-05,0.0025565273,0.9965848,2.3811313e-07,0.00042143316,3.5352066e-05,0.000316162
ISIC_0029337,2,0.00010595546,6.8026856e-07,0.23221207,0.17064904,0.59359616,0.0008408828,0.002595289
ISIC_0028197,2,0.01613661,0.004434471,0.96706253,0.01191677,0.00039221236,2.1288466e-05,3.6102585e-05
ISIC_0029831,2,0.0015682727,0.0025336635,0.9862221,0.009638876,1.9136989e-05,5.399695e-06,1.2623712e-05
ISIC_0030954,2,7.6295504e-07,0.98538357,0.014425289,6.602709e-08,3.771684e-06,0.00012107578,6.533435e-05
ISIC_0031062,2,0.000102513455,0.18407574,0.6200046,0.0005272258,0.0023169292,0.0013404376,0.19163258
ISIC_0029053,2,0.0023563076,9.963716e-08,0.38065076,0.0009776305,0.43625656,0.09090824,0.08885037
ISIC_0025509,2,9.700201e-08,1.9680117e-07,0.99999106,4.51616e-12,1.6979855e-11,2.0355793e-10,8.5313995e-06
ISIC_0024443,2,4.9249196e-09,2.5171897e-08,0.99983394,1.8506339e-07,1.9533843e-07,5.328418e-06,0.00016034204
ISIC_0029680,2,0.0016204339,5.1180188e-05,0.98776674,0.0066692824,3.332754e-05,0.00063595385,0.0032230848
ISIC_0028964,2,4.8733784e-07,0.005032946,0.0664858,0.0004903088,0.9278535,1.739469e-05,0.00011957914
ISIC_0028568,2,5.516113e-07,7.471743e-06,0.9440474,0.05127606,0.0046150745,1.8927314e-05,3.4583474e-05
ISIC_0030249,2,0.0001498052,1.1101498e-05,0.0022653805,0.0008570539,0.0035981173,0.9930676,5.0816594e-05
ISIC_0031697,2,5.7535067e-06,0.0001236883,0.99986124,4.1725334e-06,4.398881e-08,4.8109177e-06,2.9186495e-07
ISIC_0028687,2,8.704226e-05,1.7310378e-05,0.9935933,3.4161414e-05,0.00021573018,0.005740832,0.00031161163
ISIC_0027120,2,0.0001118585,4.1355784e-06,0.9995559,3.8049442e-05,0.000283467,1.261431e-07,6.428417e-06
ISIC_0027788,2,0.0061340486,0.001480189,0.9868045,0.0012575007,0.0033544789,4.9221013e-05,0.00091999146
ISIC_0031263,2,3.589234e-05,1.0643329e-05,0.0046752878,0.9339244,0.06097345,0.00014282699,0.00023751425
ISIC_0030767,2,0.0064965477,0.00029482308,0.9738381,0.011104379,0.0043110233,0.0027623195,0.0011928522
ISIC_0032061,2,1.561974e-05,5.6673603e-06,0.9999615,7.101341e-06,7.2671382e-06,2.477261e-06,3.280647e-07
ISIC_0032212,1,4.402457e-07,0.9999982,8.331631e-09,6.5804877e-09,6.822458e-07,1.4243483e-07,5.4692833e-07
ISIC_0029828,1,0.9274746,0.07208308,8.8316006e-07,1.2070404e-05,0.0003852718,2.9562476e-05,1.4526375e-05
ISIC_0025251,1,3.167507e-05,0.99993706,9.332426e-09,7.048242e-07,2.9851308e-05,1.399842e-07,5.923232e-07
ISIC_0025384,1,2.5730693e-05,0.9988889,2.2491848e-08,1.4474244e-07,5.7452788e-05,0.00096324703,6.4567386e-05
ISIC_0031282,1,0.19708414,0.80168635,3.971158e-08,2.763762e-08,3.6196307e-06,0.0012166639,9.13723e-06
ISIC_0024535,1,2.9247287e-05,0.9999354,5.203391e-09,1.6584409e-09,2.8757793e-05,4.3125597e-06,2.3372884e-06
ISIC_0025320,1,8.134546e-06,0.99998975,9.166541e-08,8.688204e-10,4.304808e-09,1.8917417e-06,1.4097829e-07
ISIC_0031184,1,5.977689e-07,0.99995744,1.2052416e-06,2.2133679e-07,1.6483324e-05,1.4388203e-07,2.3896728e-05
ISIC_0028298,1,2.1666258e-08,0.9999989,5.482573e-09,3.4692381e-12,1.6417393e-09,1.1146932e-06,1.1611455e-08
ISIC_0031463,1,2.6438324e-06,0.9999969,3.0425318e-09,2.1382958e-10,5.1837894e-09,4.878054e-07,2.7905518e-09
ISIC_0024376,1,5.7229666e-08,0.9999902,4.7370595e-06,2.7872057e-11,1.898551e-06,3.0254216e-06,4.5541913e-08
ISIC_0031895,1,0.00033908684,0.9996431,1.2611172e-08,3.432575e-07,2.1025826e-06,1.466034e-05,7.3465736e-07
ISIC_0026641,1,0.0020933126,0.9978715,1.3014355e-07,2.7061148e-07,1.7650387e-05,1.0166035e-05,6.977658e-06
ISIC_0028185,1,0.0010285049,0.71553355,2.7007839e-06,5.662409e-07,0.2607528,0.022441348,0.00024048169
ISIC_0028924,1,1.6650903e-05,0.9999361,1.440837e-07,9.003716e-06,1.3619375e-06,1.2454133e-05,2.4220455e-05
ISIC_0031371,1,4.146674e-05,0.8702134,1.0007761e-09,7.28126e-08,0.00012406406,0.1296195,1.4456031e-06
ISIC_0024584,1,0.0019244512,0.99596256,4.823461e-08,0.00059487886,0.0014702914,2.7955308e-05,1.9999918e-05
ISIC_0027810,1,0.007370797,0.99209905,9.0580767e-07,3.571963e-08,0.0004534724,4.0888153e-05,3.484821e-05
ISIC_0026339,1,1.319064e-07,0.9999484,1.4234001e-07,1.65528e-09,4.918537e-05,2.9520692e-07,1.8616771e-06
ISIC_0029997,1,0.0013274329,0.9986286,4.6372335e-07,1.8347689e-09,1.2838016e-05,1.2589611e-05,1.8079214e-05
ISIC_0026039,1,1.5682297e-06,0.9999324,3.1891674e-09,6.1126414e-08,5.6812354e-05,3.453061e-07,8.67657e-06
ISIC_0027268,1,8.8641286e-07,0.9881044,1.2723963e-07,1.0907857e-08,0.009572105,0.0022780667,4.438255e-05
ISIC_0028779,1,2.1850228e-05,0.9995921,1.6863402e-07,8.830812e-09,0.00038124833,3.3606852e-06,1.2522003e-06
ISIC_0026038,1,0.0024679676,0.9702459,1.4936811e-05,4.8019583e-08,0.02721371,4.0909275e-05,1.6594673e-05
ISIC_0024861,1,0.0012370117,0.99772114,3.9390827e-05,4.1127198e-05,9.537386e-05,0.00075909204,0.00010687449
ISIC_0030617,1,0.0081964815,0.9838335,3.115139e-08,2.0799048e-08,0.007966315,3.3882789e-06,3.3735103e-07
ISIC_0028339,1,0.49363467,0.4937891,7.4682606e-07,0.0037727049,0.0010143388,0.006994985,0.0007934952
ISIC_0031331,1,0.0016682184,0.99199086,5.93372e-07,8.2545554e-08,0.006329999,3.8013075e-06,6.4351625e-06
ISIC_0031997,1,0.008703048,0.9912896,8.93245e-10,6.524251e-07,5.3779587e-07,1.14901745e-07,5.9873696e-06
ISIC_0027703,1,0.02008708,0.12362572,0.00038716127,4.821195e-06,0.8556783,0.00010688993,0.00011003264
ISIC_0028932,1,0.00034497905,0.99832004,5.7876623e-08,2.294392e-08,0.0010743544,0.00025858395,1.9338304e-06
ISIC_0027732,1,6.898875e-05,0.9997452,4.617394e-06,0.0001578277,4.289641e-06,2.277442e-06,1.6824924e-05
ISIC_0025142,1,3.522808e-05,0.94931054,6.041698e-07,9.771449e-07,0.05062885,1.2444407e-05,1.1301138e-05
ISIC_0026806,1,2.2255165e-06,0.99719304,5.651053e-05,2.463715e-05,0.0020307922,0.0006309907,6.185768e-05
ISIC_0027160,1,3.2867825e-05,0.9993973,3.6248684e-09,1.4260714e-05,0.0005007156,5.1492363e-05,3.3499482e-06
ISIC_0032211,1,5.038477e-07,0.96837854,8.5467485e-07,1.7588978e-06,0.031371016,0.0002221425,2.5301755e-05
ISIC_0028482,1,0.00036231935,0.99780804,1.470227e-08,2.6188056e-07,0.0017721383,5.509772e-05,2.1337582e-06
ISIC_0028690,1,0.0009454249,0.059172057,6.9742846e-06,1.8074275e-05,0.9397147,5.842299e-05,8.416032e-05
ISIC_0025353,1,4.7561974e-05,0.9506179,9.062566e-07,0.00010603816,0.04919415,3.904035e-06,2.9535984e-05
ISIC_0032100,1,1.8488188e-06,0.9996275,6.8965367e-09,1.34863924e-08,1.8943281e-05,0.00034996195,1.7396044e-06
ISIC_0028282,1,0.0001752962,0.999064,4.4793152e-05,4.967978e-06,0.00039601605,5.5372326e-05,0.00025945326
ISIC_0028136,1,0.00023916691,0.99968874,6.4863057e-06,5.30865e-08,4.2338357e-05,2.1357167e-05,1.9540219e-06
ISIC_0026283,1,0.0006229384,0.99378103,2.69495e-07,6.978694e-08,0.005314808,0.00027844522,2.4395736e-06
ISIC_0029943,1,3.0403413e-08,0.99997425,2.4164616e-11,1.34129e-07,3.926247e-08,1.973879e-05,5.737187e-06
ISIC_0029561,1,1.0491011e-06,0.99973243,1.651889e-07,4.0659064e-08,0.000265931,1.010431e-08,4.139266e-07
ISIC_0028848,1,3.5424262e-05,0.9998246,3.507639e-07,3.5920344e-08,0.00012971333,1.0172778e-07,9.814388e-06
ISIC_0024369,1,0.0018032426,0.9977417,2.7994966e-07,1.7570327e-06,1.6566753e-05,0.0004316457,4.796559e-06
ISIC_0024544,1,0.0004212373,0.6786345,4.2203766e-07,1.6763988e-06,0.0007088778,0.32006374,0.00016949585
ISIC_0030903,1,0.11722249,0.88248,9.781449e-10,5.005232e-10,2.96178e-06,0.0002943,1.9287202e-07
ISIC_0028668,1,3.2231498e-10,0.99999595,7.531997e-09,9.811395e-11,1.1045223e-07,5.8677665e-07,3.3346994e-06
ISIC_0030885,1,0.00235489,0.9974463,3.3148253e-06,2.8883247e-09,0.00016237883,1.7443139e-05,1.5650727e-05
ISIC_0027389,1,1.8919782e-07,0.999997,1.4687405e-09,2.3613802e-11,2.6143e-06,1.2134706e-07,2.266805e-08
ISIC_0028827,1,3.3781243e-06,0.99999654,7.874638e-14,7.541136e-11,1.9542665e-09,1.3476088e-07,1.7749665e-09
ISIC_0025366,4,4.3158256e-05,0.99932635,3.1207298e-07,1.7792732e-05,0.00058673986,1.6348657e-05,9.351785e-06
ISIC_0031229,1,0.0016779075,0.9981502,1.3825975e-07,5.9184466e-09,0.00015812642,1.2788925e-05,8.797352e-07
ISIC_0031777,1,0.00010975007,0.9998722,2.2552058e-09,9.566429e-09,3.2234307e-06,1.2292252e-05,2.5269649e-06
ISIC_0026383,1,0.0006945275,0.99843866,1.5801011e-07,0.00022477662,0.000568356,1.9149571e-05,5.4251457e-05
ISIC_0032442,1,1.5144183e-06,0.99959487,1.4235104e-07,2.567913e-11,0.00040093853,3.7529883e-08,2.5223303e-06
ISIC_0028462,1,1.828402e-06,0.99997365,6.9704678e-09,4.2643684e-09,2.305561e-05,1.1008954e-06,3.565855e-07
ISIC_0025052,1,8.70359e-07,0.99988735,8.522351e-08,1.4260754e-09,1.770403e-07,0.00010987626,1.5922539e-06
ISIC_0031606,1,1.7475271e-05,0.99996245,5.7501632e-11,9.69631e-09,3.0623409e-07,2.2657111e-06,1.7537028e-05
ISIC_0031422,1,0.0008023514,0.78991556,3.9751125e-05,7.3986453e-06,0.20289719,0.0062133265,0.00012436173
ISIC_0028025,1,0.0003030857,0.99964035,6.0472e-08,3.784133e-08,1.0010746e-05,1.3617327e-05,3.285736e-05
ISIC_0031776,1,0.00039131637,0.6646966,8.44343e-05,0.0004986133,0.33355945,0.00049620675,0.00027333086
ISIC_0029385,1,0.0025709546,0.997262,1.7567893e-06,9.2688833e-07,0.00014766869,6.869252e-06,9.754885e-06
ISIC_0026986,1,2.2211634e-06,0.99999666,1.2000065e-09,1.3662511e-09,4.3107497e-07,7.710597e-07,1.2556002e-08
ISIC_0024464,1,0.00065681734,0.99919385,8.657305e-08,3.3598747e-06,0.0001359068,4.9519036e-07,9.487448e-06
ISIC_0026836,1,0.00017825248,0.82593673,1.2428219e-06,4.2622974e-06,0.173789,7.4738084e-05,1.58754e-05
ISIC_0024788,1,1.08231925e-05,0.9999156,2.100556e-08,5.388794e-08,4.8848455e-05,8.127345e-06,1.6583705e-05
ISIC_0028260,1,2.4199295e-07,0.9998785,8.109909e-08,7.3215335e-07,0.00010942199,7.194437e-06,3.848412e-06
ISIC_0030774,1,0.0001048492,0.52750915,2.6111573e-07,0.00013410788,0.47143352,0.000804131,1.3910577e-05
ISIC_0026075,1,2.5280915e-06,0.9999918,4.3604123e-10,2.0131254e-09,1.2352937e-06,4.038542e-06,3.9738433e-07
ISIC_0024512,1,0.00019557838,0.98404825,6.9900954e-05,0.00024132313,0.0031532154,0.002041876,0.010249876
ISIC_0027276,1,6.1593695e-08,0.9999987,1.2854208e-07,1.6749547e-07,1.9836969e-07,3.0087344e-07,4.5540367e-07
ISIC_0031947,1,3.0464014e-06,0.9999809,1.9606979e-10,5.8612963e-09,1.7865234e-06,1.3891218e-05,2.7922403e-07
ISIC_0027220,1,1.1556653e-08,0.999985,4.3999346e-09,8.349478e-10,4.334421e-06,1.0586596e-05,6.0884446e-08
ISIC_0029410,1,2.2109177e-07,0.99999905,9.260647e-11,1.3654259e-09,1.4739134e-08,7.1536454e-07,3.5232873e-08
ISIC_0029604,1,1.3554723e-05,0.99998474,1.7310269e-09,1.2729833e-08,1.5552761e-06,1.4383197e-08,2.0569593e-07
ISIC_0031771,1,7.995636e-07,0.99953294,7.147076e-08,1.1771759e-06,0.0004519446,9.311363e-06,3.7711934e-06
ISIC_0030269,1,2.9462485e-06,0.999708,1.4292974e-08,1.315548e-08,0.0002888018,4.2412e-09,2.5936595e-07
ISIC_0026256,1,5.593493e-06,0.9999883,1.14678285e-08,2.8084543e-08,5.246623e-06,4.1050507e-07,5.3132374e-07
ISIC_0028108,1,6.515823e-07,0.9999981,3.4374648e-10,1.626924e-10,8.0803323e-07,2.8084162e-07,2.1333886e-07
ISIC_0026366,1,5.063433e-06,0.9781385,1.3358733e-06,4.8463653e-06,0.021741588,9.497691e-05,1.3550126e-05
ISIC_0027085,1,0.00059261377,0.7368118,3.0359809e-06,2.1722549e-07,0.26258937,1.0825909e-06,1.934253e-06
ISIC_0028933,1,0.0005257909,0.99932384,4.063578e-08,9.638934e-08,0.00012951835,1.2381347e-05,8.278473e-06
ISIC_0030658,1,0.0008766779,0.9987282,6.369466e-07,3.243459e-07,7.959488e-05,0.00014636303,0.00016815704
ISIC_0030566,1,2.5110871e-06,0.99958974,6.27652e-09,6.2247904e-07,0.00037431333,2.579205e-05,7.070264e-06
ISIC_0028613,1,0.00026703847,0.99948525,2.4848636e-05,2.6965066e-07,4.762099e-05,0.00016100526,1.399327e-05
ISIC_0027591,1,6.7599317e-06,0.98309225,3.6610257e-09,6.280473e-08,2.5087753e-05,0.016875593,2.6537828e-07
ISIC_0029703,1,0.00018806686,0.99713683,2.7567872e-08,6.463338e-07,0.0025810895,7.039035e-07,9.2702496e-05
ISIC_0031213,1,1.5752353e-07,0.9999995,3.371457e-11,3.344442e-11,3.2024158e-08,6.123904e-08,1.2871786e-07
ISIC_0031038,1,6.453211e-05,0.99935955,5.4074953e-08,1.648105e-08,0.0005053152,5.2613246e-05,1.7874178e-05
ISIC_0032337,1,0.31538665,0.6597851,4.412492e-06,7.6175e-07,0.008383412,0.00031091258,0.016128695
ISIC_0026659,1,2.6801043e-05,0.99986386,3.8976637e-08,1.5128204e-08,9.752369e-05,2.5403226e-06,9.212104e-06
ISIC_0030049,1,1.7334001e-05,0.99995947,1.4070949e-08,4.9611404e-09,3.1092338e-07,1.9183679e-05,3.6278193e-06
ISIC_0030547,1,1.9447793e-06,0.9993345,1.8460398e-08,3.7419662e-10,1.2999157e-06,0.00066142424,7.280123e-07
ISIC_0031909,1,3.3158622e-06,0.9999778,4.6960555e-08,3.536273e-08,1.3063117e-06,5.1772317e-06,1.236109e-05
ISIC_0026822,1,1.0121861e-06,0.9799029,4.2106523e-09,1.8090303e-07,0.020063834,3.5847866e-06,2.8361905e-05
ISIC_0028819,1,4.2982065e-06,0.99921584,8.9890875e-07,5.1311927e-06,0.00055585493,1.7171491e-05,0.00020085608
ISIC_0029274,1,2.8499832e-08,0.99998057,4.7673648e-08,1.7273192e-09,1.9145045e-05,2.2803889e-08,1.908323e-07
ISIC_0029132,1,2.5264344e-05,0.9999144,1.5211644e-07,8.068837e-07,5.5388235e-05,3.0310894e-06,9.830283e-07
ISIC_0026949,1,0.00027920763,0.94906336,1.7203983e-07,3.873116e-05,0.050591737,1.1500813e-05,1.5253563e-05
ISIC_0028428,1,0.0005109428,0.9993387,2.14479e-06,3.3343194e-06,4.1135303e-05,6.265312e-05,4.106467e-05
ISIC_0024309,1,0.0005816499,0.9985979,2.2707418e-07,5.251672e-07,0.00020502464,0.00056342705,5.129264e-05
ISIC_0030871,1,2.4060007e-05,0.9996706,1.8463988e-09,6.696595e-10,0.00030442077,8.190404e-07,1.16747145e-07
ISIC_0029699,1,2.936914e-07,0.99999607,7.582914e-08,4.5281226e-07,2.0771509e-07,2.635402e-06,2.4942884e-07
ISIC_0025116,1,1.49927755e-05,0.96503067,2.6397554e-06,8.1086364e-05,0.03437404,0.0004601921,3.6397283e-05
ISIC_0031279,1,8.112574e-06,0.99998856,4.293702e-08,1.8895612e-08,2.1443536e-06,1.6507703e-07,1.0413149e-06
ISIC_0030804,1,1.11545405e-05,0.98283285,9.064539e-06,5.5961624e-07,0.017134728,1.0824318e-05,8.192233e-07
ISIC_0027472,1,0.0073800604,0.9924425,4.9384603e-06,8.259515e-05,2.22653e-05,6.565752e-05,2.0364585e-06
ISIC_0027333,1,0.049240064,0.9170151,2.8468397e-08,1.4256847e-05,0.025885018,0.007840683,4.957851e-06
ISIC_0030569,1,0.009303781,0.79241353,8.7729695e-06,1.0925038e-06,0.19786727,8.059517e-06,0.00039744898
ISIC_0031661,1,4.0894964e-08,0.9999901,3.9461675e-08,2.8073976e-09,9.142013e-08,8.324373e-06,1.3186694e-06
ISIC_0027482,1,0.0003376245,0.9996313,2.480808e-07,1.9065655e-07,7.820315e-06,1.776699e-05,4.9932005e-06
ISIC_0027646,1,3.1835282e-06,0.9982799,3.4156354e-08,1.1960024e-07,0.0017006311,6.000662e-06,1.0218212e-05
ISIC_0026051,1,2.967116e-06,0.99999654,1.585783e-09,7.4765125e-12,4.285483e-07,1.8402185e-08,9.311999e-09
ISIC_0028184,1,2.338623e-05,0.9999745,2.408504e-09,1.923882e-09,3.3538427e-08,1.6656935e-06,4.4905303e-07
ISIC_0026320,1,7.3960734e-08,0.99999964,1.694607e-10,1.9065582e-11,3.1085415e-10,2.2858833e-07,9.254976e-09
ISIC_0029848,1,2.0651582e-05,0.9999448,7.6562865e-06,1.5136767e-07,1.1289443e-05,6.3169164e-06,9.09944e-06
ISIC_0024803,1,5.5058913e-06,0.9999931,2.7244e-10,1.168053e-09,2.9114693e-07,2.4336262e-07,8.8330654e-07
ISIC_0026087,1,0.0023246594,0.99594045,1.90243e-07,3.481967e-11,0.0017299374,3.5830726e-06,1.2016026e-06
ISIC_0025607,1,5.369555e-05,0.99977356,8.5734597e-10,8.7749453e-07,0.00015853833,8.247392e-06,5.1232423e-06
ISIC_0027938,1,1.0160042e-09,0.9999957,1.3605293e-12,1.1380378e-09,7.4298717e-10,3.3703984e-06,8.999295e-07
ISIC_0030206,1,7.173338e-08,0.99985707,1.816281e-10,2.0172694e-10,0.00014230362,3.1933462e-07,1.3945946e-07
ISIC_0031256,1,0.0010816093,0.99603575,1.6659352e-07,4.533122e-07,0.00079670193,0.0020796983,5.6024464e-06
ISIC_0028062,1,0.00021662508,0.93143356,2.8226439e-06,0.00045964879,0.06777374,2.2606337e-06,0.00011133105
ISIC_0027935,1,5.888759e-06,0.99999034,5.81849e-07,6.487557e-08,2.3965786e-08,1.905752e-07,2.7839642e-06
ISIC_0027156,1,9.665539e-06,0.9970975,0.001118436,0.000595534,6.2311747e-06,0.0011719292,8.693172e-07
ISIC_0032367,1,0.001399267,0.9985763,3.8356365e-08,4.8901587e-08,1.6420545e-05,6.721869e-07,7.258608e-06
ISIC_0028160,1,0.00051283435,0.99782604,0.00040531583,7.489039e-09,0.0012268174,2.5550762e-07,2.8746103e-05
ISIC_0030332,1,1.0401654e-06,0.999851,1.2208423e-11,2.679474e-07,5.71704e-05,8.9760266e-05,7.776004e-07
ISIC_0027440,1,0.079531066,0.9129163,8.403772e-07,8.7241794e-08,0.007326294,7.575317e-05,0.00014966064
ISIC_0025747,1,0.00020412052,0.97015846,5.7574944e-05,1.4825799e-08,0.029546864,3.5839573e-06,2.9444625e-05
ISIC_0027869,1,7.231343e-07,0.9996057,8.7594185e-07,1.076638e-08,0.0003864721,1.4191456e-06,4.82207e-06
ISIC_0026910,1,1.0325452e-06,0.9999187,4.982486e-08,6.578195e-09,6.575498e-05,2.687784e-07,1.4205928e-05
ISIC_0031800,1,0.00034962554,0.08823512,1.5443542e-05,1.3316561e-06,0.91123295,0.00016063773,4.892723e-06
ISIC_0030743,1,0.00074074435,0.1838143,1.7018152e-05,2.327619e-05,0.8151648,4.0037767e-06,0.00023587303
ISIC_0025028,1,1.0704746e-05,0.9834801,2.581149e-09,4.518945e-08,9.169143e-06,0.016337393,0.00016268482
ISIC_0030202,1,2.3174828e-06,0.9756899,1.6843244e-07,4.4781764e-08,0.0001480775,0.02398548,0.00017403704
ISIC_0032166,1,1.7291345e-06,0.9999956,1.6062478e-08,6.478033e-08,8.300446e-08,1.4553295e-07,2.3476832e-06
ISIC_0032266,1,3.9417174e-07,0.999997,5.785573e-09,3.5954013e-09,4.8876797e-07,1.8960831e-06,1.258685e-07
ISIC_0029471,1,1.3908481e-06,0.9998337,2.9449515e-07,5.9679564e-09,5.5015607e-06,1.1244471e-05,0.00014788764
ISIC_0024501,1,6.5818895e-06,0.99998844,2.986074e-08,2.0619713e-09,6.482254e-07,3.2392313e-07,3.908394e-06
ISIC_0026243,1,3.143335e-07,0.9998411,2.1594349e-09,1.0263146e-06,1.9097739e-05,0.0001290232,9.484219e-06
ISIC_0031637,1,0.00019619719,0.6097122,1.585808e-07,7.6841294e-05,0.38824785,0.00171687,4.9931157e-05
ISIC_0031190,1,1.29494665e-05,0.99998045,1.0336578e-07,1.3812307e-07,4.5211802e-08,4.637992e-07,5.893397e-06
ISIC_0026710,1,8.071902e-06,0.9996977,1.2576986e-07,5.505843e-07,0.00024890623,3.7187997e-06,4.0948074e-05
ISIC_0024322,1,1.7655387e-06,0.99999654,1.0786722e-09,1.3585506e-10,1.3354299e-06,1.30490045e-08,3.145767e-07
ISIC_0031523,1,0.0003204441,0.9949405,3.568949e-08,1.1203614e-06,0.0047307806,6.2310396e-06,8.844719e-07
ISIC_0028712,1,3.2599232e-06,0.9999964,3.2525864e-09,1.0062945e-09,8.710633e-09,2.9027183e-07,6.956074e-08
ISIC_0026112,1,0.00022329952,0.99891543,2.900457e-07,6.6991797e-06,1.7589782e-05,0.0006223785,0.00021429127
ISIC_0030878,1,0.0025293971,0.9958275,0.0004933301,2.8074219e-05,0.0009773775,5.223386e-05,9.217613e-05
ISIC_0025390,1,2.1704452e-06,0.9999901,3.1071e-07,2.0657193e-08,6.7783126e-06,5.412335e-07,6.838841e-08
ISIC_0029346,1,0.008595575,0.99096984,4.5318714e-08,1.7477805e-06,0.00039796755,3.2794036e-05,1.9577908e-06
ISIC_0025981,1,3.8843384e-05,0.99996066,7.154919e-09,1.474723e-08,9.60434e-08,9.6043216e-08,2.8172786e-07
ISIC_0031865,1,0.00024865792,0.99975055,2.030811e-08,3.4589613e-09,4.412391e-07,1.49611e-08,3.0258835e-07
ISIC_0025213,1,3.2266364e-06,0.9999945,2.994676e-08,4.979797e-07,2.0196742e-08,1.3997401e-06,3.5333034e-07
ISIC_0030099,1,9.5107694e-08,0.99998355,1.0220467e-08,1.0458022e-06,2.5282876e-08,1.0742292e-06,1.4205238e-05
ISIC_0027108,1,8.0949184e-07,0.9999982,5.860475e-11,1.3346906e-09,2.178321e-07,4.3256392e-07,3.021318e-07
ISIC_0030596,1,0.00010394655,0.9976139,0.0017324798,0.00012486916,0.0003494889,1.5482932e-05,5.983688e-05
ISIC_0031231,1,4.3160065e-07,0.99994135,2.8133929e-09,3.6714582e-06,1.5116086e-07,1.0166494e-06,5.3321095e-05
ISIC_0030668,1,2.0103673e-07,0.9999901,6.605739e-08,1.2962904e-06,7.1082184e-08,5.7382164e-07,7.650021e-06
ISIC_0028554,1,0.28090575,0.71807706,1.3793441e-05,6.435426e-05,0.00017673211,0.00055343966,0.00020885328
ISIC_0031714,1,4.60264e-07,0.99996126,4.923931e-07,4.2250927e-06,1.98683e-05,1.2668087e-06,1.23783675e-05
ISIC_0024510,1,0.000118277305,0.9997501,2.331538e-09,3.1051397e-07,1.8066428e-08,0.00013109822,1.5950906e-07
ISIC_0029367,1,1.02964e-05,0.9999492,7.517064e-09,5.0033034e-08,2.4437666e-05,1.391126e-05,2.0831487e-06
ISIC_0026449,1,2.8085422e-05,0.9999552,2.5380515e-09,1.11442084e-07,7.76302e-06,8.105493e-07,7.998042e-06
ISIC_0029150,1,3.0549124e-08,0.9966169,6.9824096e-06,2.675277e-08,0.003375481,1.3150755e-07,5.141021e-07
ISIC_0031978,1,7.739583e-06,0.9999919,6.088939e-12,1.8025108e-09,3.5075085e-10,5.6390306e-09,3.9515507e-07
ISIC_0031898,1,4.0156024e-06,0.9999802,2.4161053e-09,7.284239e-08,4.540927e-06,3.354254e-07,1.078989e-05
ISIC_0024744,1,1.0483465e-06,0.9999789,2.3339773e-08,1.368004e-07,1.7967272e-06,7.1569234e-06,1.09862585e-05
ISIC_0026773,1,6.199734e-07,0.9999994,1.5684534e-11,2.0470655e-11,1.8608374e-11,4.9761515e-09,6.108199e-09
ISIC_0025551,1,8.304038e-06,0.9999722,2.068172e-06,6.0085304e-06,1.9196001e-07,9.615812e-07,1.0281154e-05
ISIC_0024663,1,2.9619056e-05,0.9999417,2.3906049e-08,8.192685e-06,6.6722614e-09,6.0928746e-06,1.4389172e-05
ISIC_0027971,1,2.4450567e-06,0.9999912,6.1382686e-09,3.003167e-11,8.120183e-09,5.418262e-06,1.0469865e-06
ISIC_0030518,1,4.726586e-08,0.9999999,9.843477e-09,3.3626761e-09,7.905595e-09,3.4486893e-09,6.2045366e-08
ISIC_0027579,1,2.8454097e-06,0.99992514,9.601014e-08,1.4537704e-07,5.609651e-08,6.389836e-05,7.82653e-06
ISIC_0025082,1,7.67806e-05,0.9997905,1.3364561e-07,6.622134e-07,1.1309472e-06,4.870577e-07,0.00013025045
ISIC_0031581,1,7.440638e-06,0.9999864,1.489372e-09,3.998957e-08,2.603421e-07,5.807466e-06,6.391266e-08
ISIC_0030262,1,0.000355407,0.9995671,1.1519958e-05,4.7554627e-07,4.205299e-05,3.5898292e-06,1.9906392e-05
ISIC_0030972,1,0.00048370508,0.999253,1.03922346e-07,1.472041e-05,0.00014692114,2.1072143e-05,8.044099e-05
ISIC_0026448,1,0.0004838362,0.99949145,1.7831873e-05,5.4327927e-07,5.6787435e-06,9.2690875e-08,4.8337176e-07
ISIC_0030413,1,2.979896e-06,0.9999963,4.0431245e-09,3.5755953e-08,5.2275833e-09,5.7940224e-07,5.4980696e-08
ISIC_0026510,1,8.221742e-05,0.99991596,7.735568e-07,1.18232016e-07,1.4295777e-07,3.7660945e-07,3.7083183e-07
ISIC_0029312,1,1.8096024e-07,0.9990369,1.5473138e-07,1.0534913e-05,0.0009517057,4.3166696e-07,1.7561948e-07
ISIC_0030545,1,0.00013458072,0.99985874,6.4715615e-09,1.8130473e-07,3.79981e-06,4.439152e-07,2.1830965e-06
ISIC_0026570,1,3.1749897e-07,0.9999963,6.546115e-08,1.3429924e-09,1.064405e-08,3.2763887e-06,1.2161968e-07
ISIC_0030657,1,2.1180167e-09,0.9999926,5.554837e-10,1.9673422e-08,4.6106724e-08,5.225703e-06,2.102564e-06
ISIC_0026832,1,8.168763e-06,0.99944586,1.8877373e-07,4.243749e-05,3.539109e-07,6.306281e-05,0.00044000242
ISIC_0026884,1,2.9829957e-06,0.9988366,9.823577e-08,0.0009845019,8.24763e-07,7.156173e-05,0.00010346296
ISIC_0029772,1,5.127859e-08,0.9999801,3.2807655e-08,2.0083141e-07,1.7608089e-09,8.6977246e-07,1.8722385e-05
ISIC_0028561,1,4.697446e-05,0.99943703,9.0207635e-08,1.904207e-07,0.00013250709,2.2535828e-06,0.00038084996
ISIC_0024619,1,2.2750555e-05,0.99930096,8.4765925e-06,7.21277e-05,0.00033527467,5.3374275e-05,0.00020714507
ISIC_0027723,1,1.4178244e-05,0.9999621,8.710834e-07,2.0587359e-07,2.4270413e-08,7.805218e-06,1.4790782e-05
ISIC_0025164,1,5.218971e-06,0.9999777,1.518611e-07,3.3719386e-06,2.0639827e-06,8.309018e-06,3.180135e-06
ISIC_0031532,1,5.4890465e-06,0.9999912,2.3045281e-11,8.266926e-09,3.0548374e-08,5.556809e-07,2.6715704e-06
ISIC_0031434,1,7.240597e-05,0.99972194,9.746578e-07,3.450843e-05,4.9047772e-05,9.332043e-06,0.0001117748
ISIC_0024807,1,2.5724273e-06,0.9999963,6.3623384e-10,1.3589087e-09,1.08719746e-07,7.2004525e-08,8.365438e-07
ISIC_0028083,1,0.05836526,0.91316843,7.017882e-05,0.0001317973,0.027202219,1.8268644e-05,0.0010437834
ISIC_0024395,1,9.257596e-07,0.9999964,8.791067e-09,1.5994592e-08,6.0588144e-07,2.1997967e-07,1.8525708e-06
ISIC_0026170,1,0.0129480045,0.98341644,7.742977e-08,3.671255e-07,3.917425e-06,0.00022935349,0.0034019263
ISIC_0031055,1,1.2607835e-06,0.9999182,4.2728134e-06,1.259801e-07,8.325325e-09,2.9046956e-05,4.6999587e-05
ISIC_0031273,1,2.1813321e-05,0.99997663,1.7333818e-09,3.0209017e-07,1.63449e-07,4.3855042e-07,5.962659e-07
ISIC_0029748,1,5.4680375e-05,0.9999391,6.722937e-08,5.843014e-09,1.36042395e-08,5.0249146e-06,1.2010693e-06
ISIC_0031490,1,4.9226605e-06,0.99997246,3.4432928e-06,9.4536035e-06,5.2450546e-06,3.9837232e-07,4.104385e-06
ISIC_0027477,1,3.7625738e-05,0.9999486,5.763134e-09,3.7994303e-06,4.7564863e-06,3.9582083e-06,1.2558776e-06
ISIC_0028771,1,3.1884908e-06,0.9777028,1.8700508e-05,0.00022759405,0.020823954,0.0011582478,6.543341e-05
ISIC_0029087,1,0.41021115,0.58943284,1.6061602e-05,1.0263829e-05,8.894883e-05,8.932145e-06,0.0002318061
ISIC_0025162,1,0.04407657,0.95004904,1.9260365e-06,3.2203802e-06,0.0058418843,2.1212612e-05,6.279125e-06
ISIC_0026407,1,3.0141507e-08,0.9999993,1.1238992e-10,1.5998237e-08,6.688567e-07,4.0403325e-08,3.7795612e-08
ISIC_0031165,1,4.2354387e-09,0.9997584,3.2476358e-08,1.3416881e-08,0.00023117338,1.0244751e-05,1.3982456e-07
ISIC_0027994,1,2.05118e-05,0.99987566,1.5672697e-07,4.6348572e-07,9.279551e-06,9.321376e-05,7.0864e-07
ISIC_0029844,1,9.542807e-06,0.99996567,2.0537144e-08,6.2599224e-07,2.1675678e-05,7.952836e-07,1.6860978e-06
ISIC_0027941,1,0.0011870653,0.99879646,2.8370173e-06,8.686826e-07,5.5537174e-07,4.0680644e-07,1.188747e-05
ISIC_0027936,1,1.3786869e-06,0.99999714,1.6467824e-09,1.106303e-07,1.3512711e-07,6.4593905e-07,6.7652013e-07
ISIC_0027230,1,2.5534976e-07,0.99998856,2.1460731e-07,5.8179726e-06,1.1426217e-06,3.2053872e-06,7.377742e-07
ISIC_0031144,1,1.4991572e-06,0.99997973,2.5094868e-09,2.0082635e-07,2.7589329e-07,8.516528e-07,1.7434391e-05
ISIC_0028535,1,8.661892e-05,0.9999039,2.1365993e-06,5.582264e-07,4.997178e-06,4.0811128e-07,1.3642608e-06
ISIC_0024574,1,1.6372484e-08,0.9999944,4.161678e-08,1.703294e-08,3.0335787e-08,4.9844934e-06,5.313969e-07
ISIC_0025965,1,9.09939e-08,0.9999938,2.2042072e-07,1.6073062e-07,8.7666723e-07,1.085837e-06,3.878206e-06
ISIC_0026322,1,0.039756365,0.93844604,4.845265e-06,0.0005493369,0.019871995,0.00017834308,0.0011931099
ISIC_0029226,1,0.0005975277,0.99901056,1.7808921e-07,2.4145662e-05,0.00026877146,8.676202e-05,1.1883817e-05
ISIC_0025614,1,0.0016406019,0.9982496,8.006993e-08,2.9015471e-05,4.5194386e-07,9.2197915e-06,7.102953e-05
ISIC_0025404,1,0.0045665936,0.995389,7.2988087e-07,8.15235e-06,2.4168926e-07,1.0957602e-06,3.4143446e-05
ISIC_0025854,1,2.286077e-06,0.991222,5.896256e-08,1.5866304e-06,6.837725e-05,0.0086354315,7.0228794e-05
ISIC_0025296,1,0.00048190422,0.9995116,3.3158003e-07,1.16904495e-07,4.347791e-06,5.234301e-07,1.2368465e-06
ISIC_0030037,1,7.738039e-05,0.99984324,1.5285873e-07,2.4068086e-05,1.24158605e-05,4.189905e-07,4.2262684e-05
ISIC_0025549,1,2.2954942e-05,0.99997616,3.1532386e-09,7.7032034e-08,1.0074023e-07,2.7426793e-07,4.3574119e-07
ISIC_0032239,1,0.00022431511,0.9997639,1.8032546e-06,7.003422e-06,3.394347e-07,7.686515e-07,1.8545969e-06
ISIC_0028143,1,1.4747796e-07,0.99999,5.070358e-06,4.2213286e-09,1.1500738e-06,1.1763054e-06,2.3960042e-06
ISIC_0031969,1,1.1324298e-06,0.9999981,2.1643387e-09,1.6730635e-07,1.2905291e-08,3.976499e-07,3.2414718e-07
ISIC_0028383,1,7.410288e-05,0.9998621,2.2041052e-06,4.4927587e-05,6.331042e-06,9.58622e-06,7.804656e-07
ISIC_0024362,1,1.0847752e-06,0.9996947,1.4374137e-07,4.1952277e-09,3.3072844e-10,0.00030401902,8.3368164e-08
ISIC_0031535,1,9.4016954e-08,0.99999976,2.554086e-11,3.5157914e-08,5.6970757e-09,1.2229994e-07,1.594247e-08
ISIC_0028902,1,2.4423272e-07,0.99998105,8.9610355e-09,3.2285794e-09,1.8532042e-05,1.2514515e-08,1.3557775e-07
ISIC_0026244,1,0.00060143403,0.9986694,1.6980589e-07,6.578406e-06,5.6374254e-05,6.0487e-06,0.00066001806
ISIC_0027153,1,1.1805371e-07,0.9999994,3.0721334e-09,7.23947e-09,1.4678954e-09,3.0884726e-07,6.5169345e-08
ISIC_0030513,1,2.8076095e-06,0.9999906,6.6152586e-09,5.8758487e-09,9.998945e-10,3.091721e-06,3.4618301e-06
ISIC_0030684,1,7.1809654e-06,0.99779415,1.445016e-06,1.6616852e-07,0.0021665334,2.245951e-06,2.8349692e-05
ISIC_0026701,1,0.000148325,0.9998123,1.2408645e-07,1.1990842e-07,3.723341e-05,4.735645e-07,1.4391281e-06
ISIC_0032413,1,6.9407934e-06,0.9999449,6.698717e-09,1.914628e-07,2.884182e-06,4.4487024e-05,5.956202e-07
ISIC_0027589,1,0.00091936253,0.99808145,0.0007184445,8.2765786e-05,5.2358577e-05,9.16315e-06,0.00013641581
ISIC_0032180,1,1.5963658e-06,0.99999356,5.859512e-10,1.7693985e-06,2.5289617e-06,1.0703952e-09,5.7376997e-07
ISIC_0024660,1,9.605089e-05,0.9998416,6.112333e-07,4.462889e-07,5.079786e-05,8.232079e-06,2.2099048e-06
ISIC_0027857,1,5.259076e-05,0.9999447,1.4533075e-08,1.4486209e-06,5.1579097e-08,4.1923568e-07,7.602368e-07
ISIC_0029906,1,0.00028850726,0.9997111,3.8480805e-09,9.732335e-09,4.9149804e-08,3.0770895e-08,3.4517078e-07
ISIC_0024820,1,2.6890757e-05,0.99995553,9.723659e-08,2.0557522e-07,1.3602258e-06,1.4590053e-05,1.3355027e-06
ISIC_0025649,1,1.6131331e-05,0.99996173,4.6065132e-08,2.665786e-08,5.8910416e-07,2.1278494e-05,2.117687e-07
ISIC_0031296,1,4.860896e-09,0.9993699,1.7201781e-08,1.448389e-06,1.0756658e-06,0.00061844825,9.20074e-06
ISIC_0025137,1,0.0004492959,0.99953055,1.0917368e-08,1.8859582e-06,1.7279842e-06,1.8130356e-06,1.468851e-05
ISIC_0027148,1,6.272716e-05,0.99825424,0.00011178126,0.00078163925,0.00036208562,3.1161337e-05,0.00039643428
ISIC_0027534,1,1.3535576e-05,0.9994382,8.725758e-08,3.7153407e-07,0.00018796168,0.00027547724,8.439976e-05
ISIC_0027259,1,2.3230503e-05,0.9999509,3.5280075e-07,1.9543535e-08,6.1096097e-07,1.710567e-05,7.910356e-06
ISIC_0029377,1,0.0001484568,0.9997764,1.3996676e-07,7.8600436e-07,2.0460824e-05,1.318577e-05,4.0492774e-05
ISIC_0031089,1,0.0013671671,0.9985897,1.5899425e-07,1.5118316e-07,2.6082058e-05,3.9031818e-07,1.6375916e-05
ISIC_0026505,1,2.3391056e-05,0.99997294,3.5395626e-08,2.819329e-07,1.5543621e-06,7.0638777e-07,1.1406268e-06
ISIC_0031230,1,8.260679e-05,0.99875057,4.5947357e-07,5.704624e-07,0.0011329199,1.6789792e-05,1.6084296e-05
ISIC_0031373,1,3.2387481e-06,0.9999924,5.7730847e-07,9.917631e-10,3.5713044e-06,3.3324646e-08,2.6089415e-07
ISIC_0025430,1,7.049962e-07,0.9972306,1.13176206e-07,4.9715494e-05,0.0026442732,7.63335e-06,6.69597e-05
ISIC_0026977,1,8.909056e-06,0.9999825,1.7209045e-06,3.4685776e-09,1.6883683e-07,4.2904767e-07,6.206157e-06
ISIC_0027570,1,0.75733,0.24245551,2.160056e-05,1.4792157e-07,4.2527777e-06,3.689474e-05,0.00015167709
ISIC_0030837,1,1.0892884e-07,0.99993014,4.612973e-05,7.368048e-08,1.197228e-05,9.2397835e-07,1.0543577e-05
ISIC_0030947,1,2.7364047e-07,0.9999995,3.7291732e-11,9.666668e-08,3.958032e-08,2.1485242e-08,8.66736e-08
ISIC_0030220,1,5.7281414e-07,0.999998,1.5513812e-08,3.9449853e-07,5.529487e-10,9.2309233e-07,1.5112877e-07
ISIC_0026653,1,0.0001449559,0.9987036,1.5112602e-05,6.457434e-06,0.0011027268,1.4890795e-05,1.2270019e-05
ISIC_0029364,1,6.015126e-07,0.9999541,2.6784868e-08,4.2259953e-07,3.43927e-07,6.7326397e-07,4.3703258e-05
ISIC_0025241,1,0.00936339,0.9887877,1.3065553e-05,0.00017377363,0.0015443614,2.5469813e-05,9.232032e-05
ISIC_0026699,1,7.359884e-06,0.9995378,2.5219614e-07,1.5665391e-06,0.00041913686,3.1438083e-07,3.349156e-05
ISIC_0025561,1,3.3413897e-05,0.9998932,2.717776e-06,3.3453769e-06,4.52181e-05,4.98358e-06,1.7049086e-05
ISIC_0025817,1,0.0011838862,0.99881506,6.7139354e-07,5.653954e-09,1.3641163e-07,1.5631305e-07,1.6718428e-07
ISIC_0025361,1,0.0004028246,0.99950147,9.3561275e-06,3.209892e-05,3.6954123e-05,4.7415942e-06,1.2607166e-05
ISIC_0024671,1,2.5922402e-06,0.999987,6.361451e-11,2.2088267e-08,5.027307e-10,1.5571347e-06,8.87526e-06
ISIC_0032054,1,1.9285446e-06,0.9979773,2.2753288e-09,1.6497863e-07,1.0522972e-06,0.0020194177,1.9910493e-07
ISIC_0031763,1,3.020053e-08,0.9990644,4.741722e-12,6.2881894e-11,1.1213069e-11,0.00093550247,1.146032e-07
ISIC_0030342,1,6.5892214e-06,0.9983203,1.02453036e-07,2.152678e-07,0.0016712284,2.9296305e-07,1.2971221e-06
ISIC_0024427,1,2.9420016e-06,0.99998593,1.1745995e-09,8.975499e-09,6.1247383e-06,4.578707e-06,4.7167515e-07
ISIC_0027247,1,1.6403346e-05,0.9993424,5.7157475e-08,3.4709747e-06,0.00063165824,4.088037e-06,2.0040122e-06
ISIC_0026946,1,1.4594977e-05,0.9999268,8.492679e-07,1.8673829e-07,5.55986e-05,2.8171227e-08,1.9495596e-06
ISIC_0031801,1,0.11794898,0.8820169,8.8802534e-07,1.01066114e-07,1.0682148e-06,4.7509984e-06,2.7304799e-05
ISIC_0031471,1,4.7908054e-07,0.9999944,5.2850897e-09,2.477927e-07,2.2709796e-06,2.8414644e-07,2.4022886e-06
ISIC_0031030,1,3.64052e-06,0.9999944,1.2513966e-08,9.436319e-08,1.6645522e-07,4.851486e-07,1.2022657e-06
ISIC_0027191,1,1.5707766e-06,0.9975937,3.9206488e-10,1.8044387e-08,3.180578e-10,0.0023277435,7.6922384e-05
ISIC_0029595,1,3.644039e-07,0.9999968,8.192936e-07,7.634555e-08,1.071091e-09,2.1478055e-08,1.8830254e-06
ISIC_0026536,1,2.488499e-07,0.99999917,1.3105003e-07,7.450393e-09,2.1278764e-07,1.6822744e-07,7.550234e-08
ISIC_0029419,1,6.877515e-06,0.9993389,4.3997148e-05,4.4774483e-06,2.1922457e-05,0.00055321073,3.0458268e-05
ISIC_0025754,1,1.2895017e-05,0.9998648,4.4660672e-05,4.182097e-06,7.150714e-05,7.430313e-07,1.2647757e-06
ISIC_0028595,1,4.0559365e-07,0.9994838,1.3448438e-09,2.489623e-05,0.0004898076,8.3422907e-07,2.3792356e-07
ISIC_0026413,1,2.7459906e-05,0.99993527,6.2214456e-09,1.149855e-06,5.1466236e-06,2.7858441e-05,3.0499746e-06
ISIC_0028157,1,1.7012188e-06,0.9999931,1.8316346e-10,4.2121854e-07,2.811063e-07,3.1472865e-07,4.11002e-06
ISIC_0026377,1,2.2202586e-05,0.99938,2.366903e-06,3.2267299e-06,0.00033172916,0.00025804932,2.4733142e-06
ISIC_0029074,1,1.5675552e-05,0.99988806,8.506799e-06,5.561903e-09,5.672314e-06,8.282474e-08,8.1966726e-05
ISIC_0029084,1,0.0001410737,0.99550784,3.7195434e-05,1.8700915e-07,4.1464613e-08,2.6308223e-06,0.004310972
ISIC_0028322,1,9.635728e-07,0.99868625,1.283054e-06,5.0742134e-08,0.0012864076,3.3236986e-07,2.4789684e-05
ISIC_0025200,1,1.6330736e-06,0.999997,1.5667126e-07,2.2804558e-07,8.6606455e-08,3.3946964e-08,8.933267e-07
ISIC_0027439,1,1.9681622e-07,0.99996066,1.6304084e-09,5.424942e-06,3.9028023e-06,2.5552803e-05,4.2046504e-06
ISIC_0024874,1,3.004357e-08,0.9986719,1.062786e-05,1.0390972e-06,6.137963e-07,1.8515881e-07,0.0013156012
ISIC_0031427,1,2.8763607e-09,0.9997639,1.3615542e-07,5.1632534e-09,0.00022542899,9.158591e-06,1.3005534e-06
ISIC_0029684,1,6.1855003e-06,0.9999434,1.141167e-05,5.248219e-08,3.470941e-05,9.662752e-08,4.1653016e-06
ISIC_0028896,1,5.2404534e-06,0.9999914,1.8745741e-06,2.4259728e-09,7.8481e-07,3.4717365e-07,3.3943584e-07
ISIC_0029057,1,3.0278112e-08,0.99998736,8.736028e-07,1.9289793e-07,7.2760085e-06,2.734547e-06,1.5324213e-06
ISIC_0024414,1,0.0006991661,0.9983765,1.0379883e-05,3.413431e-05,0.0006802101,3.021094e-05,0.00016933853
ISIC_0025560,1,1.4383786e-06,0.9999808,4.3206885e-08,1.2798958e-07,7.0724394e-07,6.3687145e-07,1.6251077e-05
ISIC_0028248,1,3.9770024e-05,0.9999529,6.2794596e-09,1.231468e-07,4.272189e-07,6.322186e-08,6.652383e-06
ISIC_0028997,1,1.7780343e-07,0.9999752,1.02178916e-07,1.3202944e-06,1.7415475e-06,1.0135138e-05,1.1301992e-05
ISIC_0028991,1,2.822624e-05,0.99995255,2.3990856e-08,7.900201e-09,8.741037e-06,5.5118043e-08,1.04424735e-05
ISIC_0026999,1,0.0003266189,0.99964976,7.0710486e-09,1.9184515e-06,2.1226756e-06,1.7660303e-05,1.908317e-06
ISIC_0029762,1,3.924164e-06,0.99999464,1.2128618e-10,1.1033782e-06,1.2088623e-09,2.0061934e-07,1.3094775e-07
ISIC_0027434,1,0.0002546618,0.9997421,1.3695406e-08,7.38644e-09,2.3194914e-06,6.866799e-08,8.308577e-07
ISIC_0031467,1,1.3711382e-07,0.9999975,7.1804065e-09,3.1906984e-07,3.1816495e-07,1.4452681e-06,2.4581308e-07
ISIC_0030884,1,5.6501735e-06,0.99999416,7.107664e-08,6.567471e-09,5.0139416e-08,9.215643e-09,9.177498e-08
ISIC_0029483,1,8.4894535e-05,0.999915,1.0269476e-08,2.7685838e-08,4.779757e-10,3.4566479e-09,3.0780516e-08
ISIC_0024779,1,1.8580195e-05,0.99997544,3.8318365e-07,3.6157036e-07,1.5080619e-07,1.735791e-06,3.3220358e-06
ISIC_0025629,1,3.6663432e-06,0.99999106,1.458031e-08,9.400879e-08,7.423853e-08,2.6805565e-06,2.410839e-06
ISIC_0029723,1,0.0022994205,0.8768881,2.296096e-06,0.0009910385,5.8753692e-05,6.245988e-05,0.11969779
ISIC_0027376,1,6.0892917e-06,0.99950135,4.7608125e-07,3.03529e-07,2.4348121e-06,0.0004531368,3.619574e-05
ISIC_0024500,1,6.467995e-07,0.9999969,1.9052163e-10,6.4085164e-09,4.1422413e-07,1.3367365e-06,7.0803617e-07
ISIC_0029090,1,2.302334e-06,0.99987435,1.3592439e-08,4.1973144e-07,1.1953007e-05,5.733232e-05,5.354029e-05
ISIC_0025071,1,6.934534e-07,0.9999863,2.2379888e-08,4.0755662e-08,1.217004e-05,1.1625075e-07,6.8421264e-07
ISIC_0029866,1,1.3398638e-08,0.9999981,1.1262943e-11,4.3423468e-10,8.0906254e-11,1.6151704e-08,1.942055e-06
ISIC_0026638,1,1.8901264e-06,0.9992731,1.0492345e-06,4.569696e-08,3.4032466e-06,0.0007175391,2.9266505e-06
ISIC_0028249,1,0.0004289064,0.9887284,2.404613e-05,0.0017253031,0.004977905,0.00019347767,0.003921867
ISIC_0027173,1,4.1289866e-05,0.9999485,7.4937464e-07,5.0960825e-06,9.101759e-07,2.0410348e-06,1.3658799e-06
ISIC_0024648,1,5.2476986e-05,0.99994564,2.6910907e-09,1.2990834e-07,3.584065e-08,7.084146e-07,1.0114237e-06
ISIC_0028839,1,4.127663e-07,0.9999865,4.245643e-09,1.4483962e-07,5.8229426e-07,2.856961e-08,1.2349285e-05
ISIC_0025258,1,1.403362e-06,0.9999827,7.9096566e-08,1.3798812e-06,7.913957e-06,1.930195e-06,4.497804e-06
ISIC_0030510,1,3.4083694e-08,0.99999213,1.0663656e-06,1.4306038e-08,6.5987324e-06,8.896881e-08,9.6479184e-08
ISIC_0028954,1,3.6448168e-05,0.9999603,1.624613e-08,7.2861055e-09,1.5118702e-06,1.5602296e-06,1.8130672e-07
ISIC_0028492,1,2.855077e-06,0.99991703,5.9954687e-06,4.659345e-07,5.392388e-05,5.496641e-07,1.9161784e-05
ISIC_0028409,1,0.000105945364,0.9947884,1.4418932e-06,2.3050147e-07,0.0051029036,9.871173e-07,1.0062807e-07
ISIC_0030799,1,2.2716962e-05,0.99995065,1.7134672e-08,2.4023185e-08,8.9304e-07,5.52878e-07,2.517965e-05
ISIC_0028363,1,0.00021801249,0.99853003,3.0086834e-08,9.1608496e-07,0.0012481452,1.341972e-06,1.4483246e-06
ISIC_0024659,1,5.2112946e-06,0.99982566,9.4868375e-12,4.0302097e-05,2.0094205e-06,0.00011426819,1.2564221e-05
ISIC_0024735,1,9.051608e-09,0.9999975,1.2259645e-10,1.6868164e-07,6.1660735e-08,2.2217312e-06,2.8817517e-08
ISIC_0032237,1,2.7751182e-10,0.9999999,6.2994553e-12,1.3903203e-08,2.399522e-10,7.2326735e-08,2.968923e-08
ISIC_0028516,1,0.052424468,0.94744533,4.504755e-05,4.907232e-06,3.3998615e-05,3.9804077e-06,4.233933e-05
ISIC_0025733,1,3.0685136e-08,0.9999987,5.2424415e-10,2.7570258e-07,4.2108957e-07,3.6260623e-08,6.470968e-07
ISIC_0028407,1,2.1414753e-05,0.9999552,6.696365e-07,3.726614e-06,1.6744314e-05,2.4431938e-07,2.0178024e-06
ISIC_0025174,1,1.5388039e-06,0.9999925,2.8651606e-10,6.289409e-08,7.053561e-09,6.352144e-07,5.2354144e-06
ISIC_0025348,1,1.3221005e-07,0.99990547,1.5974791e-07,1.8340767e-08,9.3340546e-05,4.8124775e-07,3.7066388e-07
ISIC_0024956,1,0.010505716,0.9894337,1.6280162e-06,1.3910196e-05,3.6047146e-05,3.8484072e-06,5.065279e-06
ISIC_0028483,1,7.459927e-06,0.9791682,3.2250726e-05,3.2800883e-06,0.020788468,3.02085e-07,4.913024e-08
ISIC_0031739,1,8.029843e-08,0.99997807,3.1593976e-07,1.8830178e-05,1.9855474e-06,5.7501825e-07,1.5400758e-07
ISIC_0027028,1,3.848039e-09,0.99999976,1.4448952e-10,1.5825097e-09,8.1139085e-08,2.4127779e-08,1.915184e-07
ISIC_0031227,1,1.7307255e-05,0.9999726,1.9155218e-10,9.675691e-07,8.0141535e-06,8.049968e-07,3.095732e-07
ISIC_0030398,1,1.942614e-06,0.99999416,2.9026684e-10,3.846535e-09,3.5216644e-06,1.6209174e-07,2.1995777e-07
ISIC_0028074,1,8.674365e-06,0.99993086,1.964652e-08,4.667744e-07,1.4447528e-08,3.858479e-05,2.1366559e-05
ISIC_0027380,1,3.2219446e-05,0.9999503,2.3561089e-08,5.0835633e-06,8.835692e-06,1.0064141e-07,3.3305425e-06
ISIC_0032171,1,0.00046024757,0.9992495,1.0221472e-06,6.985038e-07,1.0593207e-05,0.00014228634,0.00013568591
ISIC_0027372,1,0.21551299,0.7826079,4.039549e-05,1.0272719e-05,0.0011862767,7.868781e-05,0.0005635107
ISIC_0026058,1,2.6130458e-06,0.99999213,3.4963847e-08,2.88117e-08,4.9181117e-06,1.0756357e-08,3.518483e-07
ISIC_0028942,1,1.2857301e-06,0.99998796,1.1727259e-09,1.1022884e-06,9.938964e-07,2.234525e-08,8.686533e-06
ISIC_0026228,1,0.00014976077,0.9996915,4.805229e-07,5.482628e-07,2.9945696e-07,3.4571526e-06,0.00015397689
ISIC_0029047,1,1.9810939e-07,0.99965656,3.4051743e-07,1.5149479e-06,2.2220178e-08,1.1777606e-06,0.0003401463
ISIC_0030494,1,6.6405227e-07,0.9999982,1.4550958e-09,5.7263394e-09,7.3864874e-07,3.9210673e-07,4.268398e-08
ISIC_0030527,1,0.0002925812,0.9996977,5.7654853e-07,1.3744707e-07,7.4356667e-06,4.3489135e-07,1.1310752e-06
ISIC_0029205,1,1.5680242e-05,0.9999621,2.3414425e-06,1.09189834e-07,1.3123203e-05,6.090922e-07,6.0369007e-06
ISIC_0026338,1,1.8528058e-06,0.9999964,9.6755326e-11,9.4963895e-08,6.7516874e-07,2.6885826e-07,7.078353e-07
ISIC_0032298,1,1.1379335e-05,0.9999535,2.0863753e-09,2.3448948e-08,6.063045e-09,3.4833283e-05,2.735817e-07
ISIC_0026387,1,0.00012940499,0.9997888,3.3746747e-07,4.6117137e-07,5.9037484e-06,4.270089e-06,7.077269e-05
ISIC_0028895,1,2.705744e-05,0.99794215,1.0359142e-05,7.3910265e-08,5.1404153e-05,0.0019461608,2.2825274e-05
ISIC_0029175,1,0.00034978084,0.99954706,5.724671e-06,1.1001845e-06,6.9641676e-05,1.3486601e-05,1.327241e-05
ISIC_0027879,1,1.2078617e-07,0.99994004,1.3656423e-09,1.8260654e-09,1.135388e-09,5.9580358e-05,2.5418913e-07
ISIC_0024536,1,0.0002328262,0.9996146,1.594708e-06,0.00011480492,7.2977255e-06,2.7451284e-05,1.5181558e-06
ISIC_0029478,1,4.7139542e-06,0.999972,1.22498065e-08,4.82508e-06,1.1050502e-05,3.3792125e-07,7.118591e-06
ISIC_0028398,1,0.0029895515,0.9968514,8.3904786e-07,1.267643e-07,0.00015456093,1.1425392e-06,2.3384277e-06
ISIC_0031551,1,1.7055893e-07,0.99980325,3.5235526e-11,8.0750435e-13,1.5492621e-10,0.00019649634,1.0757386e-07
ISIC_0030924,1,8.3236104e-05,0.9954992,0.00018086516,0.00013813678,0.0020708735,4.5361385e-06,0.0020231148
ISIC_0024645,1,6.298734e-05,0.9999362,9.766392e-11,1.7186359e-09,1.17746836e-07,3.443248e-07,3.6767352e-07
ISIC_0032064,1,1.6875472e-06,0.99999607,5.96691e-09,1.6422115e-08,7.755927e-09,2.925291e-07,2.0444456e-06
ISIC_0028691,1,0.0002957766,0.9996853,4.4768584e-07,2.6799078e-06,5.225923e-07,4.4691072e-07,1.48544295e-05
ISIC_0027508,1,4.4843073e-05,0.9999534,2.8522371e-09,7.9615886e-10,1.837804e-07,4.414391e-08,1.5851286e-06
ISIC_0027603,1,0.031507485,0.96838635,2.761251e-05,2.7072988e-07,2.3146352e-07,6.8137466e-05,1.0011037e-05
ISIC_0028824,1,3.8226553e-06,0.99985623,5.2134357e-05,6.8641346e-09,2.0031964e-06,8.3998304e-05,1.7005157e-06
ISIC_0028541,1,1.2964158e-08,0.9999963,1.18980495e-07,7.451743e-07,3.3435865e-07,1.1509555e-06,1.3806423e-06
ISIC_0029433,1,0.004054984,0.9959182,1.2790457e-05,6.1913664e-07,7.798335e-06,9.3677926e-07,4.7208573e-06
ISIC_0028470,1,2.542346e-05,0.9999386,1.4780639e-08,2.572042e-07,1.9403908e-05,1.9350539e-07,1.6123575e-05
ISIC_0029922,1,2.117201e-05,0.9999716,5.7057753e-10,3.0004852e-08,5.7808813e-07,6.304453e-06,3.503715e-07
ISIC_0030252,1,3.764401e-07,0.9999964,1.8801203e-09,3.9688053e-09,3.028642e-08,1.4217096e-08,3.1656732e-06
ISIC_0025204,1,2.7417948e-06,0.99999166,2.1980724e-09,5.040112e-09,4.768641e-06,4.861426e-09,7.8459175e-07
ISIC_0028000,1,0.0025317874,0.997389,1.6030482e-08,3.9866172e-05,6.574497e-08,3.6182675e-07,3.8898543e-05
ISIC_0028506,1,0.09897647,0.87384385,1.3443113e-06,8.349778e-06,0.0005145684,5.9125614e-06,0.026649535
ISIC_0028256,1,7.89635e-06,0.99484575,1.12483384e-07,4.1721705e-06,0.0049425485,0.0001776136,2.1924521e-05
ISIC_0024844,1,7.1559857e-06,0.9888149,1.6355681e-08,9.620944e-07,0.010799298,7.726298e-05,0.00030050505
ISIC_0031493,1,0.005792019,0.99405473,1.6876138e-06,2.9875011e-05,1.7927605e-06,2.1754472e-06,0.00011783713
ISIC_0032473,1,3.10596e-06,0.9999889,9.098017e-10,2.783019e-09,4.026195e-09,7.666621e-06,3.3471315e-07
ISIC_0025624,1,5.427339e-06,0.99986076,1.9744296e-06,2.948547e-07,0.00011644815,2.3737154e-07,1.48787185e-05
ISIC_0025882,1,0.00019672728,0.9997991,1.5449727e-06,1.1447997e-07,8.850807e-08,1.3276381e-06,1.1446375e-06
ISIC_0031979,1,0.004703531,0.9952638,6.6920206e-06,1.1303258e-06,2.8232998e-08,2.2849843e-05,1.881204e-06
ISIC_0029738,1,2.195749e-05,0.99997044,3.2050355e-08,1.9749511e-06,9.537116e-07,2.5263457e-06,2.1459493e-06
ISIC_0031627,1,8.588681e-09,0.9999999,2.3358667e-11,1.6142521e-12,1.2022052e-09,4.4625295e-08,9.534609e-08
ISIC_0030304,1,0.0027811818,0.9970197,2.4430105e-05,2.2451253e-05,4.1949457e-07,0.0001425083,9.287171e-06
ISIC_0030982,1,9.633705e-05,0.99988186,1.3421039e-09,2.4890662e-07,1.8669954e-08,1.7648649e-06,1.9794836e-05
ISIC_0027059,1,0.0006078346,0.9992235,1.7581602e-05,4.401053e-05,1.4230149e-06,5.277593e-05,5.290988e-05
ISIC_0027483,1,0.00013385981,0.99986064,3.4908677e-08,6.277857e-07,4.94375e-10,2.0518044e-07,4.622316e-06
ISIC_0032160,1,0.0014886379,0.99831593,1.2132973e-06,5.580832e-06,0.0001775747,2.2926156e-06,8.860396e-06
ISIC_0032178,1,8.829135e-06,0.9991179,4.424555e-08,0.00059749134,0.00022557528,4.4738317e-05,5.3250237e-06
ISIC_0025845,1,4.538261e-06,0.9999918,5.959446e-09,1.079754e-09,1.8498152e-06,1.3482587e-06,4.7973214e-07
ISIC_0031444,1,6.357489e-06,0.99998426,4.5867887e-10,1.4683212e-07,5.179247e-09,8.469036e-06,8.27396e-07
ISIC_0032452,1,6.7883553e-07,0.9974642,1.7014604e-06,0.00010206382,0.0023920585,1.3285695e-06,3.803317e-05
ISIC_0029754,1,4.2907277e-06,0.9999937,1.2526374e-08,5.3242957e-08,9.030213e-08,1.4032302e-06,4.3544685e-07
ISIC_0028176,1,1.9072743e-07,0.9999926,6.6595813e-09,2.0907125e-08,2.4909366e-06,8.145188e-08,4.5979696e-06
ISIC_0028416,1,0.0025297222,0.99683774,0.00044857032,3.7920156e-08,6.0452926e-06,0.0001664637,1.1417203e-05
ISIC_0024499,1,2.5762885e-05,0.99960464,1.1535831e-08,7.5483035e-07,0.00027178883,1.4338774e-06,9.5650284e-05
ISIC_0028181,1,0.00013488237,0.9987435,6.279956e-09,1.5764083e-06,0.0010604444,5.42573e-05,5.413313e-06
ISIC_0026196,1,3.4969894e-06,0.9999943,2.1285244e-10,9.541683e-09,6.2115234e-08,3.2630902e-07,1.7766572e-06
ISIC_0030084,1,2.1689433e-05,0.999962,5.5600444e-09,4.130915e-06,1.1475584e-05,4.47256e-08,7.3012677e-07
ISIC_0029428,1,1.9447173e-06,0.9999833,7.601364e-09,3.8692235e-07,1.1787688e-05,6.261092e-08,2.4146284e-06
ISIC_0031324,1,0.0046233055,0.9953518,1.7792319e-08,5.9870763e-07,2.3022614e-05,8.401023e-08,1.1067382e-06
ISIC_0026356,1,2.3225482e-05,0.9999503,2.2447433e-05,1.3450595e-07,5.5453586e-07,3.1045875e-08,3.3701713e-06
ISIC_0027555,1,6.814005e-06,0.99999285,6.944393e-09,1.5322643e-08,1.1106002e-08,3.6646224e-08,3.3011816e-07
ISIC_0025423,1,0.008020708,0.9919578,7.174087e-07,7.363006e-08,1.184581e-07,1.0107555e-06,1.9513813e-05
ISIC_0027746,1,2.6025603e-07,0.9999658,3.1264007e-09,1.9187212e-06,5.820071e-06,6.014861e-06,2.0202144e-05
ISIC_0031179,1,3.0324365e-05,0.99996626,1.0321374e-08,1.2445016e-08,7.2782944e-07,1.2257432e-07,2.5798947e-06
ISIC_0029648,1,7.670979e-07,0.99997413,6.302791e-08,1.5070147e-07,5.2699124e-06,2.2791751e-07,1.9352372e-05
ISIC_0032127,1,1.1671478e-05,0.95695496,6.928238e-08,0.004573392,0.038306016,0.00014021926,1.3667742e-05
ISIC_0024622,1,1.7026472e-06,0.9999912,3.0767615e-07,1.3225674e-06,3.729902e-06,4.2709758e-07,1.2737457e-06
ISIC_0029935,1,1.3385348e-08,0.9999956,8.60388e-08,8.775116e-08,2.0026629e-07,1.1492486e-07,3.893559e-06
ISIC_0031994,1,3.926651e-06,0.9999863,2.2236118e-06,4.0710056e-08,6.397046e-06,6.407404e-07,5.511699e-07
ISIC_0026509,1,5.15432e-06,0.9999714,5.2204587e-09,3.7192784e-08,2.1279087e-05,1.6096333e-06,4.805342e-07
ISIC_0032286,1,0.56434166,0.43555704,4.4945095e-06,1.4070608e-05,3.0084015e-05,1.9469913e-05,3.3146393e-05
ISIC_0024591,1,2.9677449e-06,0.9999968,1.7235519e-10,5.201269e-09,1.3130948e-08,8.2492875e-08,1.1125302e-07
ISIC_0029228,1,5.326074e-07,0.9999399,6.105095e-10,7.1261056e-08,9.483915e-10,1.623935e-05,4.3179232e-05
ISIC_0028274,1,4.8179823e-05,0.99989665,1.5926399e-07,7.1977064e-07,5.3247823e-05,3.1782778e-07,6.772171e-07
ISIC_0031549,1,0.0015633493,0.99818414,2.071823e-06,2.9674384e-06,0.00024011689,1.3879469e-06,5.8411238e-06
ISIC_0025111,1,7.689055e-07,0.9964785,3.5307085e-07,0.000114196584,0.003404094,1.4612422e-07,1.998159e-06
ISIC_0024766,1,3.805635e-07,0.99999964,1.2892031e-11,2.4904407e-08,1.8383316e-10,3.1315437e-09,3.0876556e-08
ISIC_0027015,1,5.220983e-06,0.99996734,7.158465e-08,1.8883455e-09,1.997866e-05,1.4764703e-07,7.293544e-06
ISIC_0026463,1,0.0009091989,0.99866307,5.88223e-07,0.00023988273,0.00015487772,9.634389e-06,2.2717328e-05
ISIC_0031684,1,4.7532944e-06,0.9999832,4.1972945e-09,1.7145103e-06,1.0190123e-05,2.1424084e-08,1.6347347e-07
ISIC_0029709,1,5.357658e-07,0.99999785,3.637272e-09,3.2479168e-09,1.4518707e-06,2.3363823e-08,1.7748182e-07
ISIC_0030419,1,3.2296157e-07,0.9999987,1.7685461e-09,2.3816973e-08,1.0366614e-08,4.8520945e-07,4.936143e-07
ISIC_0030745,1,0.007641597,0.9919064,2.057376e-06,2.396438e-05,0.00012450348,4.107453e-06,0.0002973499
ISIC_0031780,1,1.4220777e-06,0.9999968,3.812466e-08,1.3706992e-07,1.4552057e-06,6.222449e-08,6.0025435e-08
ISIC_0025110,1,0.00043868393,0.9995552,2.9728898e-07,1.10129925e-07,2.4167891e-06,1.7396278e-06,1.546307e-06
ISIC_0027694,1,0.00010808784,0.9998037,1.5801442e-07,1.9754516e-07,7.2612434e-05,3.045472e-06,1.2150064e-05
ISIC_0029616,1,7.989553e-07,0.99999905,1.6117896e-08,4.4291532e-10,2.3880622e-08,4.0738746e-09,1.3614874e-07
ISIC_0030454,1,7.474236e-07,0.9999862,5.410306e-09,3.5646707e-08,1.5833124e-09,7.5955704e-06,5.391971e-06
ISIC_0026899,1,8.544636e-05,0.9999081,7.784695e-08,1.470143e-07,1.3685727e-07,5.8832507e-06,3.283395e-07
ISIC_0027692,1,9.481287e-07,0.9999988,5.5723737e-09,3.2944783e-08,2.2149575e-08,1.04418504e-07,6.212749e-08
ISIC_0025496,1,1.082506e-06,0.99998844,5.8267887e-08,1.3325238e-08,1.0425167e-05,1.5741078e-09,3.4182133e-08
ISIC_0026284,1,6.452382e-07,0.99999774,3.7626795e-09,4.725129e-10,8.852262e-08,5.113697e-07,1.0206684e-06
ISIC_0028725,1,9.893948e-06,0.9999827,2.8483916e-08,9.971033e-08,5.151592e-06,5.238407e-07,1.6622303e-06
ISIC_0028469,1,1.3484525e-07,0.9996544,9.1405475e-08,5.3694424e-05,0.00015989442,8.244023e-05,4.9256843e-05
ISIC_0030750,1,0.00054839865,0.9994324,6.358463e-07,2.3206337e-06,8.604464e-08,1.1053042e-05,5.149415e-06
ISIC_0031516,1,4.8481e-07,0.99997723,3.3168513e-07,2.9451115e-08,1.5313062e-05,3.9676658e-07,6.3345374e-06
ISIC_0030788,1,7.0221104e-06,0.99998546,4.4703366e-08,8.216198e-09,2.3730155e-07,6.875909e-06,2.9506023e-07
ISIC_0028708,1,0.0026344145,0.99720275,6.557663e-09,4.0236505e-06,0.00013320675,2.4581745e-05,9.610392e-07
ISIC_0029262,1,4.2591814e-06,0.9998136,6.728809e-06,2.3953326e-06,2.5272311e-06,9.433933e-05,7.607842e-05
ISIC_0027511,1,1.7023027e-06,0.99999774,7.749803e-09,9.2362304e-09,2.1718209e-07,8.9052286e-09,3.3462868e-07
ISIC_0027890,1,2.918005e-07,0.99996173,1.298264e-08,1.8719068e-06,5.628591e-06,1.1909605e-05,1.8553277e-05
ISIC_0024354,1,9.644561e-07,0.9997218,2.0362195e-06,1.8059638e-09,0.00027505605,4.333952e-09,9.07006e-08
ISIC_0028811,1,4.5073415e-07,0.999928,2.2971452e-08,6.7554885e-07,7.074509e-05,3.046702e-08,1.1187137e-07
ISIC_0027001,1,7.329645e-06,0.9999925,2.428085e-10,1.1757212e-09,1.2172034e-08,2.9238983e-08,2.011469e-07
ISIC_0032295,1,0.0029561091,0.97238827,8.0900145e-07,0.00064368953,0.00047617522,9.2610804e-07,0.02353403
ISIC_0029969,1,2.6947762e-06,0.99996996,7.217226e-09,5.962923e-08,1.6938637e-06,1.8178096e-05,7.449533e-06
ISIC_0024810,1,1.7492134e-08,0.99999857,6.0370313e-09,1.1526965e-07,3.0904496e-07,1.0128954e-06,3.9835665e-08
ISIC_0025552,1,8.978628e-08,0.9999335,1.4714989e-07,1.2436452e-07,6.221376e-05,1.5844897e-06,2.4432327e-06
ISIC_0024627,1,0.00046628542,0.9702462,3.3728415e-06,4.0995994e-05,0.0001439068,1.50975575e-05,0.02908412
ISIC_0027586,1,4.254004e-06,0.999982,9.892656e-08,1.936844e-07,4.76862e-07,1.2215976e-05,7.1356646e-07
ISIC_0031683,1,2.489691e-05,0.99951684,3.7409186e-06,1.8524905e-05,4.4576802e-05,3.204503e-05,0.00035947582
ISIC_0028002,1,7.658548e-08,0.9997547,3.173917e-05,5.3878887e-07,0.00021029098,1.8716041e-07,2.3034552e-06
ISIC_0024530,1,0.0027071645,0.9971929,6.3300945e-06,1.2576872e-05,5.9311034e-05,1.558191e-06,2.0182986e-05
ISIC_0027906,1,1.850763e-05,0.9997701,9.610055e-05,1.1035045e-05,9.422212e-05,3.4271146e-08,1.0016609e-05
ISIC_0025857,1,1.4144229e-05,0.9999491,9.19407e-06,1.9137597e-05,1.9995039e-06,3.5123894e-06,2.867169e-06
ISIC_0030648,1,7.296583e-10,0.99999976,1.4331879e-11,3.3548602e-09,1.0169438e-07,1.0577467e-07,2.8199665e-09
ISIC_0030489,1,4.090252e-05,0.9999521,8.415481e-08,1.568793e-06,3.5263993e-06,3.286569e-07,1.5287734e-06
ISIC_0030879,1,2.3796229e-05,0.8658665,2.8318667e-05,0.001646901,0.13234997,4.117704e-06,8.044405e-05
ISIC_0030345,1,1.1063762e-09,0.9999994,9.443305e-10,9.1357026e-11,5.453212e-07,1.9021358e-09,9.4705875e-08
ISIC_0024316,1,3.8359323e-07,0.9999975,4.287666e-09,9.766795e-09,1.186039e-06,9.641316e-07,1.4568444e-09
ISIC_0029629,1,3.20855e-07,0.99999595,3.574688e-11,2.7464491e-06,7.719406e-07,9.10236e-08,9.898231e-08
ISIC_0024722,1,0.014060539,0.94670945,0.00019951008,4.1170147e-06,0.038205296,0.0003723525,0.00044878467
ISIC_0031397,1,0.0012984556,0.9985191,1.6789095e-06,0.00017055696,1.6251595e-06,5.748837e-06,2.8979837e-06
ISIC_0025848,1,4.2881627e-05,0.9999559,1.4584316e-10,9.381418e-08,6.4914145e-09,7.638005e-07,3.4871758e-07
ISIC_0031342,1,1.8424728e-06,0.9980259,3.5976907e-08,0.0006329364,0.0013232118,5.3139506e-06,1.07530295e-05
ISIC_0026898,1,0.0009556828,0.998889,4.7683916e-06,1.22639785e-05,1.6400932e-06,0.00011329747,2.342016e-05
ISIC_0031859,1,8.882208e-05,0.99990964,1.7559194e-09,2.7319803e-08,3.9876727e-07,9.731208e-08,1.0684234e-06
ISIC_0027078,1,1.4670802e-07,0.99999976,7.124673e-11,4.7215437e-10,2.0843448e-08,1.00012345e-08,1.1398239e-07
ISIC_0031066,1,8.745262e-06,0.9999856,1.2908773e-08,3.8089784e-08,1.3654531e-07,5.5100577e-06,5.25449e-08
ISIC_0027841,1,4.438263e-05,0.99994636,6.9388767e-10,2.2975414e-07,1.375835e-08,2.7717856e-06,6.264218e-06
ISIC_0025176,1,3.8221765e-06,0.99959654,6.452577e-08,6.077681e-06,0.0003569297,3.5850884e-05,7.6754867e-07
ISIC_0027396,1,8.3404575e-06,0.9999912,1.6937186e-08,6.303121e-10,6.4416046e-09,6.096686e-08,3.216479e-07
ISIC_0024817,1,6.2340246e-07,0.9999981,9.126962e-08,6.038217e-08,7.899884e-07,1.934394e-07,1.1967951e-08
ISIC_0030627,1,0.0021344502,0.9974685,4.687967e-06,6.965387e-06,2.8036573e-06,1.3342427e-05,0.00036922016
ISIC_0027039,1,3.483738e-05,0.9999585,1.8564142e-08,4.2015685e-07,6.5594816e-07,1.1032719e-06,4.467152e-06
ISIC_0031109,1,0.00016559556,0.99981505,3.5241037e-08,6.1713286e-07,6.751773e-06,4.741725e-06,7.25413e-06
ISIC_0030638,1,2.6740463e-05,0.99993074,1.938461e-09,6.1349897e-07,3.950473e-05,3.5039224e-07,2.071039e-06
ISIC_0025686,1,3.049388e-05,0.999814,1.4571093e-07,6.49189e-06,0.00014858348,4.773949e-08,3.5678298e-07
ISIC_0026598,1,0.0007549647,0.99557084,3.5060364e-06,8.972946e-06,0.0034338576,0.00021980575,7.987831e-06
ISIC_0026563,1,2.3694756e-05,0.99990976,3.4709329e-09,1.5709084e-07,4.4298507e-05,1.6646052e-05,5.4496386e-06
ISIC_0029151,1,0.0005008214,0.9994911,5.2017963e-08,3.3267345e-06,5.6276807e-08,4.806796e-07,4.161993e-06
ISIC_0031020,1,3.8390317e-06,0.9999368,2.838185e-08,6.01654e-06,2.4240007e-08,3.948975e-05,1.388266e-05
ISIC_0031641,1,5.719044e-08,0.9999684,2.0360739e-07,5.151267e-08,2.0987538e-05,2.3746628e-08,1.03025795e-05
ISIC_0031205,1,0.0002029411,0.9997551,8.527707e-07,2.0054251e-06,1.1558147e-05,1.8767854e-06,2.5593517e-05
ISIC_0028138,1,2.8724119e-06,0.99993646,5.7220335e-09,1.741509e-07,1.6469065e-06,5.7298435e-05,1.5380472e-06
ISIC_0027977,1,0.5294745,0.47028396,2.737768e-07,0.000116363415,1.9400783e-05,2.6041558e-05,7.949914e-05
ISIC_0029165,1,0.03187642,0.96527314,0.00016387933,3.4951572e-05,0.0011769137,0.0009913878,0.0004832297
ISIC_0026193,1,0.20145072,0.79840857,3.5211994e-07,3.795238e-07,2.9604048e-06,9.601779e-06,0.00012744048
ISIC_0025233,1,4.7292046e-06,0.99980503,2.2675102e-09,3.1352984e-06,0.00018528364,1.904089e-07,1.6188662e-06
ISIC_0027095,1,2.031507e-07,0.9999745,4.9626008e-11,1.256684e-08,6.233559e-08,4.170941e-06,2.1028856e-05
ISIC_0030030,1,3.6640464e-05,0.9610103,0.02799634,0.00017405978,0.0093596075,2.6374706e-05,0.0013967616
ISIC_0025933,1,0.013824736,0.9857853,9.354305e-06,1.0778852e-05,0.00033133355,5.7905515e-07,3.7857815e-05
ISIC_0032012,1,2.5982313e-06,0.9999924,5.5430622e-08,1.764597e-08,4.7543763e-06,5.148677e-09,1.9600353e-07
ISIC_0027741,1,1.0134864e-05,0.9998281,1.041609e-09,7.163789e-07,2.573214e-06,6.041128e-05,9.806439e-05
ISIC_0026306,1,5.7853003e-07,0.9999975,2.434852e-08,6.595072e-07,2.5053754e-07,1.4538e-08,8.771304e-07
ISIC_0024557,1,4.4833967e-05,0.9999515,1.7207223e-07,2.6333801e-08,7.409356e-08,8.24056e-07,2.5905638e-06
ISIC_0031717,1,4.9823916e-07,0.9996495,1.0932974e-06,3.2165349e-06,0.00033439722,2.0764271e-07,1.1058205e-05
ISIC_0031487,1,4.4917488e-06,0.99923277,1.2634061e-08,1.938042e-06,0.000758106,1.837537e-06,9.637969e-07
ISIC_0025342,1,3.5998565e-07,0.9982957,3.5552662e-06,1.7046028e-06,6.108118e-05,0.0014226737,0.00021496166
ISIC_0031568,1,6.218044e-05,0.9999224,5.8439667e-08,2.0485211e-07,9.925955e-06,4.141188e-06,9.870557e-07
ISIC_0031879,1,0.056618486,0.94332826,3.2703167e-06,8.031226e-07,3.0068725e-06,4.2312793e-05,3.8477306e-06
ISIC_0027845,1,8.922112e-05,0.99982494,3.3608922e-07,6.4133266e-05,1.1922814e-05,8.7493206e-08,9.32787e-06
ISIC_0032177,1,8.818665e-08,0.99980026,4.2508404e-05,1.2412621e-06,3.6114077e-05,8.085941e-05,3.902908e-05
ISIC_0027075,1,9.047224e-05,0.9998963,2.691226e-08,1.0377724e-07,1.07031465e-05,1.1388665e-06,1.2435746e-06
ISIC_0032435,1,0.22609311,0.77349764,2.7713022e-05,9.1421714e-07,1.3606819e-05,0.00023948688,0.00012761225
ISIC_0030320,1,0.00040145463,0.9995881,6.2862805e-11,3.292144e-09,2.284329e-08,9.6737e-06,7.655859e-07
ISIC_0024325,1,6.25975e-06,0.99999297,1.196535e-09,6.507192e-08,5.541445e-07,7.882384e-09,1.3550788e-07
ISIC_0031283,1,8.095434e-06,0.9999584,5.692042e-08,1.6039623e-08,3.264726e-05,2.9678162e-07,5.16412e-07
ISIC_0029987,1,0.0007569708,0.99923635,6.4730744e-07,8.2522014e-08,3.9694365e-07,2.1174225e-07,5.2879705e-06
ISIC_0024651,1,0.00060409616,0.99898607,7.738615e-08,8.433869e-08,1.0700341e-07,8.047263e-06,0.00040141415
ISIC_0030500,1,3.126097e-05,0.9999685,5.1711674e-10,4.773371e-10,5.071347e-08,1.3339003e-07,2.826886e-08
ISIC_0031936,1,2.1458054e-05,0.99997437,5.934886e-09,3.2024083e-08,1.0415642e-06,7.999785e-07,2.2734457e-06
ISIC_0025344,1,1.4116861e-06,0.9999964,2.5714035e-09,5.3622813e-09,2.0364837e-06,3.9790248e-08,6.8310236e-08
ISIC_0031047,1,0.0012645043,0.9987197,2.1697227e-08,4.0637477e-08,1.2514838e-05,1.4195132e-07,3.2217915e-06
ISIC_0030040,1,9.0191636e-05,0.9998989,3.0076968e-09,3.578235e-08,2.6226332e-06,3.1774184e-07,7.890995e-06
ISIC_0025660,1,1.4196406e-06,0.9999982,8.2385976e-10,1.4735517e-09,2.137677e-08,3.4360006e-08,2.909414e-07
ISIC_0031885,1,3.179722e-07,0.9999522,1.2886964e-08,3.191339e-07,2.6809852e-09,1.3328409e-05,3.3730605e-05
ISIC_0027685,1,0.00013067095,0.9998511,1.2034292e-07,2.1691815e-06,6.503899e-08,9.440128e-07,1.4959588e-05
ISIC_0029280,1,0.0001700424,0.9957231,2.363116e-08,1.1634011e-06,0.004101334,3.7165298e-06,6.447075e-07
ISIC_0028564,1,9.1194335e-07,0.99998677,4.71732e-08,2.1665624e-06,9.508125e-06,2.499032e-07,4.2713523e-07
ISIC_0029942,1,4.289348e-06,0.99999535,1.6913093e-10,2.298662e-09,8.098906e-08,3.7522586e-08,2.9822596e-07
ISIC_0027787,1,1.1465465e-06,0.99999774,2.3018e-09,4.0934452e-08,9.786668e-07,1.6178113e-07,2.9145262e-08
ISIC_0025841,1,0.0048493575,0.9951356,1.438751e-09,5.644938e-08,9.595245e-07,1.2174987e-05,1.9111549e-06
ISIC_0027891,1,0.017311618,0.98146087,2.5214702e-05,3.2200844e-06,0.0005191937,4.0218078e-05,0.00063960714
ISIC_0030685,1,1.0573586e-08,0.9999995,5.867683e-12,9.659746e-10,1.3454914e-09,2.1743284e-07,2.0384397e-07
ISIC_0027329,1,1.2756939e-06,0.9999974,3.3974054e-08,2.9606806e-09,5.074894e-10,4.1952615e-07,8.014868e-07
ISIC_0028199,1,4.769133e-07,0.9998865,2.30839e-12,2.3824956e-10,1.1880239e-12,1.4948785e-08,0.000112945956
ISIC_0030343,1,0.0006535092,0.99922764,6.7943606e-09,2.3167507e-08,3.4970367e-09,0.00011005381,8.7511435e-06
ISIC_0025091,1,3.9314662e-05,0.9828288,1.2707684e-05,6.4693435e-05,1.5251345e-05,0.016651522,0.0003876475
ISIC_0029977,1,0.0005031466,0.9994821,1.0954023e-09,1.8872745e-07,1.6546478e-08,3.5500498e-06,1.0999981e-05
ISIC_0031328,1,3.6009766e-07,0.9966779,2.6891527e-07,1.8644761e-05,0.000558432,0.0027201555,2.4267036e-05
ISIC_0031737,1,1.5787096e-08,0.99997735,2.732064e-06,1.4355163e-08,6.819457e-06,2.7029074e-07,1.2842208e-05
ISIC_0027180,1,0.00027964634,0.99969685,5.219284e-09,7.1122923e-07,8.368403e-06,4.787683e-06,9.650352e-06
ISIC_0028162,1,3.0168957e-07,0.9999906,5.144192e-07,1.106825e-08,2.7486522e-07,1.7759069e-06,6.5050235e-06
ISIC_0030749,1,0.0036669609,0.99631244,8.026325e-09,1.4927663e-08,7.421881e-08,2.0045389e-05,4.4592656e-07
ISIC_0032037,1,1.4713111e-06,0.999998,9.867751e-08,5.178962e-09,7.915617e-08,3.2199938e-07,4.3440657e-08
ISIC_0025688,1,2.7399886e-07,0.9999875,2.1450017e-08,9.591139e-07,1.0996043e-06,5.785259e-07,9.563605e-06
ISIC_0028802,1,7.811995e-05,0.99987483,1.3223796e-06,2.7872565e-07,9.552753e-07,1.591913e-05,2.8535262e-05
ISIC_0026294,1,1.8394241e-05,0.99997616,1.06350136e-07,3.162323e-06,5.5002323e-07,7.1774605e-07,8.5050937e-07
ISIC_0024992,1,0.00036112097,0.99955016,3.4322818e-07,3.8115905e-07,1.0571743e-07,1.1471658e-05,7.644429e-05
ISIC_0024628,1,6.709506e-07,0.9999969,1.4440026e-06,3.0123967e-08,1.3517025e-07,6.47882e-08,7.4227466e-07
ISIC_0031768,1,2.938791e-06,0.9997563,8.475681e-07,5.0481153e-06,6.8757627e-06,0.00011923504,0.00010885129
ISIC_0030097,1,5.582883e-06,0.9998721,3.7425212e-07,4.906885e-07,9.479611e-06,9.593198e-05,1.607673e-05
ISIC_0025880,1,0.0022848125,0.9964379,1.0247292e-06,7.928673e-05,0.0001165356,0.0006419849,0.0004384623
ISIC_0026181,1,4.7849113e-05,0.9998869,4.6687276e-09,8.278595e-08,3.098955e-05,5.238294e-07,3.3731136e-05
ISIC_0032332,1,0.0005234622,0.999456,7.7991096e-08,1.0628042e-07,1.2382783e-05,7.4047637e-07,7.2452144e-06
ISIC_0030558,1,0.0685758,0.9314123,5.788732e-07,4.2367446e-08,5.6697013e-07,4.2725032e-06,6.630061e-06
ISIC_0026808,1,0.012400398,0.9875119,1.9580487e-07,1.5669486e-05,4.3873963e-05,3.290894e-07,2.771692e-05
ISIC_0025788,1,0.009295412,0.9885634,1.8053167e-06,1.5725489e-05,0.00074732024,0.0010360886,0.00034027852
ISIC_0032299,1,5.207188e-06,0.9999728,7.0830446e-08,1.210091e-05,1.81917e-06,2.916464e-06,5.078217e-06
ISIC_0031605,1,4.597113e-06,0.9999865,4.99822e-06,1.8970869e-06,7.3382074e-07,1.15673174e-07,1.118159e-06
ISIC_0032130,1,4.2167117e-06,0.9999851,5.0988916e-07,1.0858244e-06,3.5109437e-07,3.2512146e-06,5.58329e-06
ISIC_0026521,1,0.00071002997,0.99904364,3.1167096e-07,1.5520007e-05,2.2447055e-06,0.00022448809,3.7693908e-06
ISIC_0025556,1,1.4669521e-08,0.9999969,1.0332715e-09,1.7898715e-07,4.153394e-08,2.5055258e-06,3.577994e-07
ISIC_0030715,1,1.7739088e-05,0.9999392,1.14441265e-08,1.4590287e-07,3.4093966e-05,6.12721e-06,2.730845e-06
ISIC_0025995,1,1.060688e-06,0.99994457,1.8219424e-07,1.1699439e-07,5.349745e-05,3.6897274e-09,6.001592e-07
ISIC_0030720,1,6.569229e-08,0.9999982,5.5875926e-08,2.3767556e-07,7.888938e-07,3.247785e-07,2.9528917e-07
ISIC_0029753,1,0.00031108648,0.9996861,8.918877e-08,2.2316796e-07,1.943128e-07,1.6534318e-06,6.0727933e-07
ISIC_0028922,1,0.00022539601,0.99851817,3.1822663e-06,6.917726e-07,0.0012414812,1.096519e-05,1.0013449e-07
ISIC_0027286,1,0.016393876,0.9802404,9.003807e-05,2.105236e-06,0.0032459693,1.2512063e-05,1.5115434e-05
ISIC_0026543,1,1.5509853e-06,0.99999535,3.5062598e-08,5.7992634e-07,4.8816275e-08,2.060141e-06,3.4678322e-07
ISIC_0031054,1,4.3373907e-07,0.99992275,1.36657245e-05,7.997661e-06,1.4067648e-07,7.288748e-06,4.7751546e-05
ISIC_0027079,1,2.0186465e-06,0.99999666,5.838537e-09,9.919788e-07,2.4735966e-10,2.0823488e-07,8.232248e-08
ISIC_0029946,1,0.004504768,0.99548644,3.740857e-09,2.5046912e-08,4.5448533e-06,1.9656855e-07,4.0367404e-06
ISIC_0025475,1,1.759159e-07,0.99999523,8.589214e-09,1.04802975e-08,6.656056e-07,1.3246462e-07,3.7918717e-06
ISIC_0026396,1,0.030506855,0.96948683,8.954714e-09,4.6796018e-08,5.8914293e-06,9.48173e-08,3.385889e-07
ISIC_0031393,1,1.0613925e-05,0.9999882,9.605539e-08,2.916221e-07,9.7302845e-08,2.8302878e-07,5.158756e-07
ISIC_0029672,1,0.00013785005,0.99982566,2.2377275e-08,1.3346787e-06,2.805512e-09,8.495315e-06,2.6766915e-05
ISIC_0025872,1,1.1645192e-06,0.9999933,7.4830586e-10,1.923512e-08,4.154409e-08,5.5311415e-07,4.882838e-06
ISIC_0030111,1,0.00042025582,0.99897087,5.498412e-06,1.2736292e-05,7.509502e-05,9.1717404e-05,0.0004238572
ISIC_0024467,1,2.4788835e-07,0.9999968,1.5135453e-10,1.7060204e-07,3.92557e-09,2.2553545e-06,6.290021e-07
ISIC_0026447,1,3.721593e-06,0.99980193,1.0654238e-06,4.6113455e-06,0.00014779862,4.044286e-05,4.4408642e-07
ISIC_0025151,1,1.10296905e-05,0.99998295,4.3173287e-08,4.248115e-09,7.2037176e-09,2.7340042e-07,5.756589e-06
ISIC_0030735,1,3.335727e-06,0.99999607,5.129834e-10,3.228888e-08,1.522884e-07,1.9905175e-07,1.9459246e-07
ISIC_0028097,1,9.946828e-06,0.99985147,7.3992425e-07,1.286006e-06,1.6859494e-05,0.00010751419,1.21228195e-05
ISIC_0030266,1,5.5108514e-05,0.9906572,5.6257068e-06,0.0036835028,0.00011055658,0.0054435115,4.441958e-05
ISIC_0028974,1,0.00424975,0.98187906,1.690923e-08,4.5926394e-05,0.00066690886,0.013142446,1.6046459e-05
ISIC_0026568,1,6.1746897e-07,0.9999819,8.533681e-08,3.920127e-06,3.6240985e-07,9.615781e-06,3.4952488e-06
ISIC_0032480,1,0.9540126,0.04543518,8.39569e-08,5.093953e-06,2.043386e-05,0.0005240048,2.4880792e-06
ISIC_0030724,1,6.2470315e-07,0.99933213,1.0516586e-08,6.8598434e-09,8.984544e-09,0.0006371593,3.0039975e-05
ISIC_0027267,1,3.9543957e-05,0.99984753,1.866576e-07,1.0104097e-06,3.871675e-06,1.4901611e-05,9.298057e-05
ISIC_0029064,1,9.7625374e-08,0.99999964,2.4730921e-08,1.0350566e-07,2.505898e-08,2.2034012e-08,8.202243e-08
ISIC_0029295,1,7.559517e-09,0.99996364,5.1392646e-10,1.15634724e-10,3.6296752e-10,3.629127e-05,8.913512e-08
ISIC_0025294,1,6.4406806e-05,0.99993527,1.0870124e-08,4.1306683e-09,9.295321e-08,2.8347546e-07,2.9419953e-08
ISIC_0026971,1,4.663661e-07,0.99996173,1.408749e-07,2.6894038e-06,3.358507e-05,3.6557108e-07,1.0120605e-06
ISIC_0032394,1,0.0009105428,0.99907434,1.629337e-08,1.0080116e-05,4.372708e-08,4.802893e-06,1.1653262e-07
ISIC_0024852,1,1.5569498e-06,0.9992162,6.738658e-07,0.000766256,7.0811966e-06,4.1730996e-06,3.99176e-06
ISIC_0024703,1,1.49578955e-05,0.999984,1.3326417e-09,8.6290896e-08,1.9838019e-07,4.3084654e-08,6.539337e-07
ISIC_0030044,1,3.935838e-06,0.9999925,7.68372e-09,1.0260409e-07,1.2382066e-06,1.6543677e-06,5.194679e-07
ISIC_0028191,1,3.1904206e-06,0.99999666,2.4497286e-08,2.2443716e-09,4.0246547e-08,4.725769e-08,4.873791e-08
ISIC_0030298,1,1.6263197e-06,0.99999833,2.409153e-10,2.5805225e-09,3.5401029e-09,4.543996e-09,2.7892217e-08
ISIC_0029198,1,1.32799105e-05,0.99998605,3.0512665e-10,3.0290768e-09,8.952503e-09,2.009831e-08,7.0841685e-07
ISIC_0031946,1,1.9180527e-06,0.9999949,1.2224873e-09,2.3785822e-07,1.08441256e-07,3.8380758e-08,2.8776415e-06
ISIC_0026271,1,9.3338285e-06,0.9999895,5.2033253e-09,5.484681e-07,3.1662958e-07,4.321309e-09,2.8375916e-07
ISIC_0030048,1,0.0001415447,0.9998579,2.6153274e-10,1.7227644e-09,8.9782745e-08,1.4899236e-07,3.657922e-07
ISIC_0029936,1,3.443295e-05,0.99994874,4.659766e-08,5.681802e-08,2.4717854e-06,1.2080591e-05,2.2374504e-06
ISIC_0027877,1,1.2579604e-05,0.99998677,5.139997e-08,5.733096e-08,1.6073368e-08,2.0859716e-07,3.2432905e-07
ISIC_0031626,1,7.969817e-06,0.99998856,7.258168e-07,5.4453886e-07,6.2356594e-07,5.2934075e-07,1.0423294e-06
ISIC_0027445,1,2.0520883e-05,0.99947745,5.673221e-09,1.3954496e-09,1.9169174e-06,0.00049985974,3.4273876e-07
ISIC_0027377,1,7.962822e-07,0.999998,6.909361e-10,5.8112364e-09,2.49212e-07,6.412513e-08,8.6411046e-07
ISIC_0029229,1,7.0843967e-06,0.9999882,2.5603266e-09,6.8936847e-09,4.273821e-06,1.4159667e-07,2.85566e-07
ISIC_0025212,1,1.7858836e-05,0.9999589,7.6753985e-11,8.0637034e-07,2.1154747e-05,1.8272863e-07,1.0873865e-06
ISIC_0027404,1,6.067588e-07,0.99984884,2.3824616e-09,4.3372896e-09,1.6043069e-08,0.00013950522,1.1107321e-05
ISIC_0031760,1,7.537741e-05,0.9914498,2.9421774e-06,5.7461066e-06,1.9950066e-05,0.008363954,8.2153936e-05
ISIC_0024605,1,0.010753914,0.9885197,4.6912464e-06,7.722537e-06,1.0005817e-05,0.0006887025,1.527149e-05
ISIC_0028664,1,5.6760153e-05,0.9998342,6.271425e-09,5.6116795e-07,1.3492444e-05,8.964263e-06,8.6045715e-05
ISIC_0028532,1,0.00013821392,0.9996141,3.5273902e-06,1.2708158e-05,0.00017968207,3.702267e-05,1.4610993e-05
ISIC_0026719,1,1.0106974e-06,0.99983466,1.2407236e-08,2.4654636e-07,6.036781e-08,0.00016324007,6.771531e-07
ISIC_0030590,1,0.00022031169,0.99975985,2.9772402e-06,2.0386208e-06,5.0468575e-06,5.8046667e-06,3.9993856e-06
ISIC_0026353,1,3.224527e-05,0.9999447,3.2935606e-07,1.0187165e-07,9.4134737e-07,4.2407478e-07,2.118057e-05
ISIC_0029635,1,2.952086e-05,0.9999702,6.9516837e-09,3.8033476e-10,4.3756646e-10,2.8779983e-08,2.3028589e-07
ISIC_0030548,1,8.285555e-07,0.9999275,5.2910536e-06,2.853486e-05,3.4045614e-05,3.1455336e-06,6.9218896e-07
ISIC_0031835,1,8.131211e-05,0.9997012,3.685784e-07,4.0492895e-07,0.00019880234,8.187589e-08,1.775709e-05
ISIC_0026363,1,8.108895e-07,0.9999981,6.207038e-07,4.6406246e-08,1.4839514e-08,2.2862243e-07,2.1200151e-07
ISIC_0029832,1,0.00031123112,0.9776153,0.0007571176,0.0002552482,0.0077163456,0.013326477,1.8354136e-05
ISIC_0031868,1,2.5383279e-06,0.99996614,5.5691075e-06,1.7765808e-07,7.483684e-06,3.2956734e-07,1.7831924e-05
ISIC_0026013,1,1.0390256e-05,0.9999882,5.6597493e-10,1.6651881e-09,3.684995e-08,7.564152e-07,6.816647e-07
ISIC_0030934,1,6.745871e-08,0.9999801,4.0536047e-10,3.5095667e-07,6.174487e-08,2.9585058e-06,1.6416318e-05
ISIC_0026799,1,0.00085069024,0.9991099,1.35953e-05,5.72784e-08,8.088141e-06,7.6724355e-06,1.0102119e-05
ISIC_0028267,1,4.8057944e-05,0.9998871,2.6382745e-07,1.0832657e-06,3.8019025e-05,2.017976e-05,5.3796807e-06
ISIC_0027176,1,3.0504114e-05,0.99996924,1.9202901e-09,6.3783623e-10,3.2093624e-08,7.559217e-08,1.4310753e-07
ISIC_0026116,1,3.9963332e-08,0.99999964,2.9329203e-10,3.6296552e-09,1.5783647e-09,2.5303294e-07,6.26724e-08
ISIC_0024812,1,2.951055e-05,0.99996996,3.1669813e-08,2.0806523e-08,1.11592406e-07,9.6245465e-08,2.1813568e-07
ISIC_0027750,1,3.538432e-09,0.99999917,3.6705233e-11,1.5100987e-08,6.813618e-08,6.7087154e-07,6.656085e-08
ISIC_0030832,1,0.00037282935,0.99962604,8.9866774e-08,5.243602e-08,1.7161723e-07,1.2377735e-07,7.813656e-07
ISIC_0030587,1,0.020757273,0.9792333,1.3940684e-07,2.8387412e-08,8.581262e-08,8.888966e-06,3.719675e-07
ISIC_0028844,1,1.9053241e-05,0.99997187,2.1106827e-08,7.943058e-08,1.799665e-07,7.943459e-06,8.2528163e-07
ISIC_0025523,1,1.2988359e-06,0.9999939,3.697497e-09,2.2037334e-08,1.9525894e-08,2.9740315e-06,1.8106182e-06
ISIC_0025138,1,5.5234323e-05,0.9995914,5.3047625e-08,4.830092e-06,1.2084614e-07,1.9589617e-05,0.00032881755
ISIC_0024610,1,3.4081876e-07,0.99999845,1.1986819e-09,2.4033764e-09,3.394868e-09,2.538406e-07,9.903945e-07
ISIC_0025354,1,3.3227723e-05,0.9999573,3.0426548e-09,7.427536e-09,1.7654745e-08,9.4102165e-07,8.465279e-06
ISIC_0027464,1,3.445634e-06,0.9999894,2.3706475e-07,4.280622e-08,2.544635e-08,4.5009365e-06,2.3832956e-06
ISIC_0025478,1,1.7814187e-05,0.9999504,2.4291621e-06,6.5981426e-06,1.1795194e-05,2.9080973e-06,8.182582e-06
ISIC_0029065,1,1.5948461e-06,0.9999958,7.594734e-09,1.8403779e-07,1.36562015e-08,3.4848415e-07,1.9288846e-06
ISIC_0027926,1,7.2091055e-08,0.9999995,1.1089994e-07,2.1559545e-08,2.648489e-07,1.0229089e-09,2.255864e-08
ISIC_0030224,1,0.0011582788,0.9976165,5.3884414e-06,2.6385178e-06,0.0011975811,3.7700468e-07,1.9220382e-05
ISIC_0025220,1,1.1674252e-07,0.9999962,6.218147e-09,1.1001124e-09,1.6571822e-07,1.4566897e-09,3.4856225e-06
ISIC_0028049,1,7.298142e-07,0.9999963,4.4591056e-10,9.7792594e-08,1.5412463e-06,6.7777756e-07,5.594271e-07
ISIC_0030136,1,7.0392457e-06,0.9999908,9.5311776e-08,2.2031035e-09,2.9632613e-08,5.0041155e-07,1.5769284e-06
ISIC_0031006,1,0.011239557,0.9886972,3.3976121e-07,1.5248374e-06,6.350576e-06,4.623393e-05,8.892554e-06
ISIC_0029727,1,1.8488744e-06,0.999997,9.196155e-07,1.3420491e-08,2.7228497e-08,3.753439e-08,2.1548237e-07
ISIC_0029416,1,0.08874839,0.9112456,1.2868353e-08,2.1981757e-07,3.6503265e-09,2.8344348e-06,2.9159326e-06
ISIC_0027842,1,3.720107e-06,0.99999475,5.402842e-10,7.1406947e-10,9.4988406e-11,1.5487703e-06,1.7890457e-08
ISIC_0029159,1,2.9420464e-06,0.9999753,1.7981272e-07,4.6418995e-06,2.2208967e-07,8.991751e-07,1.5682603e-05
ISIC_0030889,1,9.484682e-07,0.99999726,1.9255568e-08,4.097769e-07,1.2088678e-07,1.4059918e-08,1.2878822e-06
ISIC_0027866,1,0.0054017827,0.9904129,6.5765336e-05,1.9506773e-05,0.0039776783,2.921605e-05,9.320052e-05
ISIC_0029777,1,5.4185435e-08,0.99997747,1.7975385e-08,1.2295226e-10,1.2068311e-08,1.8239045e-05,4.224299e-06
ISIC_0029164,1,2.633497e-06,0.9997335,0.00021073139,2.6794057e-06,7.5591e-06,1.3953616e-07,4.281954e-05
ISIC_0031084,1,0.00036615386,0.9996315,5.2445484e-09,8.445888e-08,1.3535271e-06,1.9846864e-07,6.427545e-07
ISIC_0028953,1,4.7687736e-06,0.9999918,1.8444555e-07,1.8457111e-08,4.855634e-07,2.66773e-06,1.6317894e-07
ISIC_0027011,1,0.00015614848,0.99978215,3.76626e-10,1.1729057e-08,1.562818e-08,4.260845e-05,1.9081064e-05
ISIC_0027314,1,0.00431007,0.98269546,2.532125e-06,0.0001019379,0.0128577035,1.0599555e-05,2.1742031e-05
ISIC_0024486,1,2.7219312e-05,0.9991683,5.125725e-06,0.00020826835,2.4727441e-07,0.000264938,0.00032595106
ISIC_0028001,1,1.8890472e-05,0.9999429,1.35765035e-08,2.0398089e-08,2.936478e-05,8.3898533e-07,7.98632e-06
ISIC_0025741,1,1.9696506e-08,1.0,5.166601e-09,1.3020197e-10,1.5790759e-09,4.1697146e-10,2.1191273e-09
ISIC_0029813,1,1.8406467e-07,0.9998739,1.2530364e-07,6.426087e-09,4.276678e-05,7.868386e-05,4.4128196e-06
ISIC_0025426,1,7.728615e-06,0.99945027,7.7595956e-08,7.056096e-06,4.843933e-05,0.00048424923,2.2008578e-06
ISIC_0032261,1,0.00031830597,0.99935395,1.5979096e-07,3.406503e-06,7.975465e-05,0.00022033381,2.4070627e-05
ISIC_0028435,1,3.1619145e-08,0.99929404,9.747397e-07,1.3734384e-06,0.00070061156,1.8730418e-06,9.345059e-07
ISIC_0028526,1,7.9105587e-07,0.999997,2.227137e-08,3.6637344e-09,3.3657916e-09,1.9782592e-06,8.817239e-08
ISIC_0032142,1,7.8074834e-08,0.9999949,2.310863e-10,2.6554494e-09,4.1797102e-06,1.17630286e-07,7.806877e-07
ISIC_0028099,1,4.1235344e-05,0.99995565,1.8025798e-09,5.536347e-09,2.2054056e-09,1.0554364e-06,2.0598509e-06
ISIC_0025399,1,5.8528354e-07,0.9999907,1.01660106e-07,3.013608e-06,2.4497515e-08,3.730555e-06,1.9499296e-06
ISIC_0025229,1,5.844781e-09,0.995924,0.003948523,6.029464e-05,2.1945225e-07,2.8681321e-05,3.818442e-05
ISIC_0026756,1,5.067378e-08,0.99998856,1.0225427e-09,2.7055658e-09,1.5254809e-08,5.7845337e-08,1.1343803e-05
ISIC_0029077,1,0.0002838724,0.9993268,4.668658e-09,6.1026094e-06,0.00037736355,7.247093e-07,5.162628e-06
ISIC_0030739,1,1.2021155e-06,0.9999858,4.71858e-06,5.1512487e-08,7.280248e-09,3.5913584e-07,7.8488765e-06
ISIC_0030611,1,5.082749e-06,0.99999416,8.661091e-10,1.5196058e-08,1.3983458e-09,5.205281e-07,2.5129117e-07
ISIC_0027778,1,1.2582028e-06,0.9999912,1.695102e-08,1.2406355e-09,1.8153169e-07,2.6444525e-06,4.6857217e-06
ISIC_0032477,1,2.8124077e-06,0.9978677,2.3277355e-06,0.00018756057,0.0018687666,5.691581e-05,1.3921784e-05
ISIC_0027088,1,6.847853e-05,0.99988246,1.3914914e-08,3.3955527e-07,4.480416e-05,3.531878e-08,3.8422368e-06
ISIC_0032350,1,2.6086937e-07,0.99998903,8.56448e-06,2.8319196e-08,7.7086085e-08,2.3109654e-07,1.884146e-06
ISIC_0028700,1,0.00058058463,0.999411,1.810401e-07,3.8433905e-07,4.5762317e-06,3.0090616e-06,3.8471163e-07
ISIC_0026807,1,2.9891366e-05,0.9999486,1.1619423e-08,2.1470414e-09,5.4108796e-06,4.0032055e-06,1.2013574e-05
ISIC_0029481,1,3.1329342e-05,0.9982839,7.596911e-07,1.1370453e-06,2.7441132e-05,0.0002615308,0.0013937273
ISIC_0029447,1,5.110017e-06,0.9999926,1.3322008e-07,3.3080602e-07,1.3807444e-07,1.3583306e-06,3.6013392e-07
ISIC_0028031,1,0.00020199006,0.9997136,1.6625876e-07,1.3540752e-05,6.410393e-05,2.3778179e-07,6.251565e-06
ISIC_0027986,1,0.00014018742,0.9996649,3.4538411e-06,7.648482e-06,0.00011817433,1.7944501e-05,4.76384e-05
ISIC_0029069,1,4.8377274e-07,0.9999993,9.0625334e-11,1.8426157e-08,8.826492e-09,7.387541e-08,9.577454e-08
ISIC_0032282,1,6.320899e-06,0.9999877,7.726207e-07,2.2910713e-06,2.0290479e-07,7.951536e-08,2.6231612e-06
ISIC_0029750,1,1.3400879e-05,0.99998546,1.1367028e-09,1.0624356e-09,5.3763987e-08,1.2440744e-08,1.0383199e-06
ISIC_0024991,1,5.2116233e-05,0.99992347,1.6856022e-08,5.537893e-08,2.5506955e-07,5.6780755e-07,2.351239e-05
ISIC_0030908,1,6.353222e-08,0.9999995,1.5805727e-09,2.5149225e-09,3.1156794e-08,4.8708915e-10,3.3579292e-07
ISIC_0024797,1,5.321111e-06,0.9999628,1.1799525e-09,1.3560042e-10,1.6664025e-07,2.9964225e-05,1.725398e-06
ISIC_0029804,1,1.8548656e-07,0.99999976,1.6979826e-09,8.172097e-10,8.614125e-09,3.468415e-08,1.3653781e-08
ISIC_0031731,1,1.9670994e-08,0.99997985,1.876156e-09,4.16344e-10,2.4332016e-09,1.6271935e-05,3.7334291e-06
ISIC_0024531,1,1.1432974e-05,0.9999603,2.6652267e-09,3.0551455e-06,1.871688e-06,1.3690174e-05,9.571539e-06
ISIC_0024368,1,0.00026530278,0.9989309,6.6585436e-08,7.903942e-05,0.000564383,0.00014189046,1.837717e-05
ISIC_0025356,1,5.8481737e-06,0.9999925,3.6412093e-09,3.8366954e-09,1.3804672e-06,1.3421628e-07,2.0989883e-07
ISIC_0031744,1,1.7040946e-07,0.99997175,8.880883e-08,1.7920896e-05,4.4589643e-07,1.9872873e-06,7.687457e-06
ISIC_0030728,1,7.594998e-05,0.99980265,1.6070511e-05,5.966775e-07,4.3417554e-06,7.6689173e-07,9.9699464e-05
ISIC_0028444,1,0.29018772,0.70915604,1.3881612e-07,4.272809e-05,2.2793618e-05,0.00016531543,0.0004252751
ISIC_0025139,1,1.7395456e-08,0.9999933,8.7155044e-10,4.311847e-10,6.564044e-06,1.3805676e-07,9.328537e-09
ISIC_0027947,1,0.00030060063,0.99523526,0.0044423756,2.1456112e-06,2.7997048e-06,9.208525e-06,7.5281605e-06
ISIC_0031195,1,2.1321334e-06,0.9999765,3.823297e-08,1.6159436e-07,1.6458916e-05,4.678531e-06,9.881438e-08
ISIC_0027690,1,1.7461138e-05,0.99994767,6.7571904e-08,3.331947e-08,3.4514283e-05,2.427114e-07,7.346888e-08
ISIC_0030985,1,8.451762e-05,0.9998703,2.6845786e-08,7.1382505e-07,1.0291096e-06,6.969765e-08,4.327339e-05
ISIC_0029333,1,0.0054577943,0.99402595,0.00047375582,4.20226e-07,3.9075982e-07,6.1021856e-06,3.5588317e-05
ISIC_0031658,1,4.009488e-07,0.99999917,4.205674e-08,4.648742e-09,1.9281892e-07,5.7906334e-08,2.1579397e-07
ISIC_0030388,1,2.0316116e-05,0.99991715,2.515027e-07,5.977312e-07,8.7728415e-07,1.1025758e-05,4.978752e-05
ISIC_0029955,1,1.7729352e-06,0.99999726,1.0894231e-08,4.9822093e-09,2.4884976e-08,1.4772931e-07,8.1940334e-07
ISIC_0030726,1,0.00010828894,0.99857366,5.1640313e-07,0.0006939491,1.0965444e-05,0.0006100215,2.4568174e-06
ISIC_0032301,1,0.00010987751,0.9998481,1.0698228e-06,1.3901824e-06,3.493357e-05,3.3570193e-06,1.191546e-06
ISIC_0026619,1,8.699222e-08,0.99999726,7.3310455e-11,3.238086e-09,6.6728103e-09,2.4674866e-06,1.01988995e-07
ISIC_0025349,1,2.3472532e-08,0.99998415,2.738664e-08,3.3693663e-08,9.0617704e-08,5.4317496e-07,1.5120728e-05
ISIC_0025230,1,2.7471847e-07,0.9980908,5.0672484e-06,9.732991e-06,0.0018784527,1.2057168e-05,3.5903604e-06
ISIC_0032068,1,2.725261e-06,0.9999895,5.3397113e-08,1.0503761e-06,5.103441e-06,7.9723515e-07,6.921434e-07
ISIC_0028456,1,1.1850252e-06,0.99999785,1.630529e-08,3.1872094e-10,5.076932e-09,2.8589054e-07,7.094813e-07
ISIC_0026813,1,3.1931115e-06,0.9999949,4.1005543e-07,2.7258147e-09,6.017236e-07,6.82196e-07,1.696021e-07
ISIC_0024988,1,1.8422384e-06,0.9999976,2.1963045e-09,2.3777176e-09,3.3313e-08,4.448412e-08,4.697759e-07
ISIC_0029350,1,9.444953e-08,0.99991155,4.141477e-07,2.4157238e-08,8.532435e-05,1.4852062e-06,1.1857753e-06
ISIC_0026061,1,4.976427e-07,0.9999994,2.383918e-11,1.290649e-08,2.2464248e-09,7.90926e-08,6.898234e-09
ISIC_0030738,1,0.00011642019,0.99981517,1.7002967e-06,8.549742e-07,5.3737895e-05,3.5794337e-06,8.637223e-06
ISIC_0030146,1,0.022676105,0.9759126,0.001046579,2.8871093e-05,3.3156444e-05,0.00015318362,0.00014951559
ISIC_0026426,1,0.00013831897,0.9998198,1.242512e-08,3.3021452e-06,2.1539736e-05,1.0224209e-05,6.758034e-06
ISIC_0026582,1,0.0018093436,0.99816114,2.0669941e-07,1.3344645e-08,2.0892783e-05,5.586798e-06,2.8923816e-06
ISIC_0031906,1,3.2867165e-06,0.9997609,6.0401824e-08,1.366808e-08,4.4532294e-06,0.00022139579,9.892159e-06
ISIC_0027674,1,0.004194294,0.99441975,9.9490194e-08,1.6818834e-05,0.0007410592,1.0167573e-05,0.00061776047
ISIC_0025697,1,5.379613e-10,0.99999857,1.1060815e-10,3.0289296e-09,1.4501184e-08,1.3707323e-06,1.5329638e-07
ISIC_0030905,1,0.0009651431,0.9049162,8.169262e-06,0.00021552767,0.09284236,2.533831e-05,0.0010272019
ISIC_0025092,1,0.000110602174,0.9998833,2.7115628e-09,2.8718866e-08,1.1751289e-09,1.0974202e-07,5.956098e-06
ISIC_0028439,1,2.9233609e-06,0.999985,1.6113336e-08,3.2571308e-09,4.0494422e-07,1.4147717e-07,1.1551392e-05
ISIC_0024717,1,1.198175e-07,0.99987197,1.8439628e-08,6.9784727e-07,1.2575858e-05,0.00010689254,7.660697e-06
ISIC_0028004,1,0.00013667982,0.99837494,1.0572767e-05,2.048026e-06,0.0010412933,0.0003801377,5.429701e-05
ISIC_0026031,1,0.0026727405,0.99732214,2.4276642e-10,6.0462284e-08,1.4062072e-09,2.8205775e-06,2.2186796e-06
ISIC_0028732,1,0.26137212,0.73735595,4.087274e-07,4.801421e-05,5.079297e-07,1.7008146e-05,0.0012060842
ISIC_0024491,1,6.529056e-08,0.99949265,4.3548687e-07,1.5243776e-05,0.0004888368,1.6346335e-06,1.0668215e-06
ISIC_0027186,1,4.4568055e-06,0.9969234,3.6329695e-06,9.607619e-07,0.0029381877,0.00010633975,2.298513e-05
ISIC_0029717,1,8.984087e-06,0.99999,8.62747e-10,4.028314e-08,5.2419733e-07,3.8750542e-07,1.4244847e-07
ISIC_0032205,1,2.0584375e-06,0.99989676,4.7501425e-10,1.3821942e-09,2.13325e-05,7.879311e-05,1.0221637e-06
ISIC_0030838,1,3.2006105e-07,0.99999785,4.6805556e-11,5.621096e-10,1.6366422e-06,5.8808727e-08,1.8683939e-07
ISIC_0029214,1,2.77514e-06,0.9999857,2.3653248e-11,3.4849668e-10,1.8637192e-09,2.510523e-06,9.037499e-06
ISIC_0027112,1,0.0012427428,0.9945095,2.9465536e-07,1.8478318e-05,3.978646e-05,2.2899601e-05,0.0041662785
ISIC_0028791,1,1.5775715e-05,0.99998236,5.330096e-07,3.5567498e-09,5.6493286e-07,3.2047114e-07,4.0712865e-07
ISIC_0027501,1,0.00037473,0.99927205,7.571876e-08,2.1539915e-08,2.1696605e-06,0.0003497363,1.29244e-06
ISIC_0029190,1,0.0057317335,0.99374086,1.627308e-06,0.00016298179,4.0357445e-05,0.00021103,0.00011138797
ISIC_0027855,1,0.66222155,0.33690652,8.543897e-09,8.224029e-06,3.0886556e-06,0.0001615203,0.00069914554
ISIC_0030980,1,0.00033454446,0.99826497,2.8705135e-06,5.603871e-07,7.695678e-06,9.126568e-05,0.0012981052
ISIC_0024597,1,7.000341e-06,0.9996939,1.1346724e-05,1.3405578e-08,9.708539e-05,3.770177e-05,0.00015303257
ISIC_0027644,1,8.35604e-05,0.9998325,4.0028894e-08,3.0339223e-07,3.1645402e-05,2.5356841e-05,2.6464286e-05
ISIC_0027305,1,0.000568484,0.99939907,1.5951754e-07,5.4670522e-06,2.3199088e-07,9.956294e-06,1.6519556e-05
ISIC_0027718,1,0.0110323485,0.9889621,1.7536524e-07,4.235617e-07,3.247453e-08,5.3766104e-07,4.257013e-06
ISIC_0028918,1,4.031447e-05,0.9997923,4.9607274e-09,3.2410492e-07,2.336368e-06,7.27143e-05,9.2022194e-05
ISIC_0030697,1,0.0076714247,0.9919248,1.568475e-06,3.8477145e-07,5.738816e-05,0.00029711874,4.7264013e-05
ISIC_0026012,1,1.3556674e-05,0.99995136,1.2067719e-06,2.0592668e-06,2.876043e-06,6.4484016e-06,2.249709e-05
ISIC_0029752,1,1.044818e-06,0.99997485,4.8383913e-06,9.066025e-08,1.3982043e-05,6.700706e-07,4.503765e-06
ISIC_0029653,1,0.0004799548,0.9995179,1.2222958e-07,3.7620343e-10,1.6357523e-06,7.6453944e-08,2.8316725e-07
ISIC_0029374,1,2.2924141e-05,0.9986344,1.1385038e-06,2.662085e-08,0.0013369201,1.0279954e-06,3.4915147e-06
ISIC_0031404,1,0.9530801,0.023319324,0.02357071,1.1325636e-05,6.1549404e-06,3.175867e-06,9.269668e-06
ISIC_0026569,1,2.3216426e-06,0.059011173,0.9409073,1.3026658e-05,7.2521275e-06,6.9271405e-06,5.200818e-05
ISIC_0031145,1,0.002442445,0.9805787,1.616811e-05,2.7720666e-06,0.0153871,0.00037620403,0.0011966167
ISIC_0028430,1,8.8000843e-07,0.99997354,6.8314144e-08,2.4936886e-08,2.4400788e-05,5.6792265e-07,4.7201488e-07
ISIC_0027235,1,0.9941282,0.00584551,2.6295274e-06,1.2116215e-07,1.2067884e-05,5.0712256e-06,6.4076103e-06
ISIC_0027152,1,0.020205313,0.9795801,1.383102e-06,7.468355e-10,6.4034425e-06,9.265403e-06,0.00019753593
ISIC_0029719,1,0.6995108,0.3004506,1.9555491e-05,3.9997957e-07,1.5514552e-05,2.46816e-06,5.9079724e-07
ISIC_0027684,1,0.095661454,0.9042749,3.6129775e-05,8.7808024e-07,1.9498648e-06,1.944602e-06,2.2806242e-05
ISIC_0028453,1,1.1282083e-05,0.16194196,4.1617304e-06,3.5768337e-06,0.0008006958,0.016583329,0.8206549
ISIC_0028154,1,0.022458784,0.7244362,0.003516522,1.85644e-05,0.021158583,0.010505361,0.21790591
ISIC_0027987,1,0.03522678,0.857797,0.0006718334,0.00017281435,0.09396153,0.00061883894,0.011551152
ISIC_0032257,1,0.0043378617,0.99126804,1.3197521e-05,1.8889636e-05,8.849566e-05,6.9414295e-05,0.0042040693
ISIC_0024314,1,0.000107720145,0.7355046,1.8948967e-05,0.0006864145,0.1909349,0.072608955,0.00013841319
ISIC_0026722,1,0.00076338806,0.83362573,0.13980553,2.7422891e-05,0.024460332,0.0010103195,0.00030721835
ISIC_0025943,1,2.7815727e-07,0.9999697,1.8021316e-08,1.1808573e-06,4.4800075e-07,4.6932646e-06,2.3747556e-05
ISIC_0025568,1,1.456069e-05,0.99804115,1.3720258e-07,1.5182327e-08,0.0019319257,1.4380086e-06,1.0781187e-05
ISIC_0026887,1,1.9948504e-05,0.65147793,1.3830444e-06,2.1821825e-06,0.34839752,5.6925933e-06,9.534177e-05
ISIC_0030874,1,3.813053e-05,0.9999527,4.5409467e-09,5.3211306e-07,6.2231356e-06,8.451917e-07,1.645842e-06
ISIC_0031629,1,0.491911,0.5073137,4.6090534e-07,5.254799e-06,0.0005766831,9.587486e-05,9.701248e-05
ISIC_0029389,1,0.010526641,0.97634685,5.468838e-07,0.00795392,5.621047e-05,0.0031573388,0.0019585376
ISIC_0024789,1,1.7696842e-06,0.992174,9.498499e-05,0.0003244958,0.000330068,0.0060417494,0.001032847
ISIC_0031515,1,0.10246315,0.8973985,8.360597e-05,1.7526359e-08,2.5261399e-05,2.7171089e-05,2.3523576e-06
ISIC_0029854,1,0.0006170073,0.79210234,2.54515e-06,6.9672126e-08,0.20568882,5.9619256e-06,0.0015832734
ISIC_0025428,1,0.00038985492,0.99621516,2.9379169e-05,0.00016040368,0.0028597733,0.00026959906,7.583027e-05
ISIC_0031618,1,7.577658e-07,0.9998429,2.585617e-07,2.3919116e-05,5.2729287e-05,5.7063724e-05,2.2308912e-05
ISIC_0028385,1,4.5701454e-05,0.9998857,1.78871e-07,3.6438163e-08,3.188772e-07,6.622575e-05,1.85373e-06
ISIC_0027403,1,0.04358385,0.95143926,6.514807e-07,4.9339608e-08,0.004934439,2.288955e-05,1.8918225e-05
ISIC_0031059,1,0.0028661487,0.99685526,2.5318599e-08,1.564796e-07,0.00014135022,1.4584807e-05,0.00012241211
ISIC_0030355,1,4.5721583e-05,0.9999522,5.182992e-10,1.8016738e-08,2.105635e-08,4.386819e-07,1.5389415e-06
ISIC_0028367,1,0.037675355,0.9619092,1.337401e-07,6.8710484e-08,7.84005e-06,3.542883e-05,0.00037191168
ISIC_0030741,1,4.112498e-05,0.99990284,2.2625908e-09,1.6606582e-07,5.84577e-08,5.217021e-05,3.6033437e-06
ISIC_0031646,1,0.46309915,0.50359726,0.022050994,5.505951e-07,0.011231074,2.0326783e-05,6.555811e-07
ISIC_0031385,1,0.8945904,0.08869106,0.000108415166,8.56786e-07,0.01659122,2.50825e-07,1.7844024e-05
ISIC_0030829,1,0.00022345698,0.99854136,7.9568366e-07,8.0851214e-07,2.4389806e-07,1.779409e-05,0.0012156384
ISIC_0025367,1,1.091107e-07,0.9999962,9.18933e-10,2.426174e-09,3.7419916e-08,5.265813e-08,3.6573033e-06
ISIC_0025588,1,1.6840726e-05,0.9999573,7.334498e-08,2.6294028e-10,1.662785e-09,2.5666923e-05,8.971395e-08
ISIC_0027772,1,0.9770972,0.022858974,1.3056879e-05,2.77591e-05,3.5240762e-07,1.9027844e-06,8.326876e-07
ISIC_0030688,1,0.6777921,0.32207954,8.220471e-08,6.8440585e-08,1.1641321e-06,6.6989545e-05,6.0091148e-05
ISIC_0029825,1,0.3083124,0.69164944,2.6658986e-06,1.9408655e-09,1.4030151e-05,2.059985e-05,9.06039e-07
ISIC_0027812,1,0.0015681501,0.9983486,1.9505e-06,5.7780987e-08,6.5972947e-09,6.343232e-07,8.076834e-05
ISIC_0026561,1,8.4210005e-06,0.9999887,1.7762981e-06,4.1827045e-11,1.1789442e-08,1.0444538e-06,4.7164203e-08
ISIC_0025129,1,0.322593,0.65267575,0.019392628,1.4861248e-05,0.003304193,7.286028e-05,0.001946704
ISIC_0027049,1,0.042996418,0.9564188,0.000125669,5.535918e-07,0.00011545196,0.00024615007,9.689468e-05
ISIC_0027408,1,0.25893423,0.72797996,1.9240813e-06,9.213233e-05,0.0039849896,0.008953166,5.3611875e-05
ISIC_0030460,1,0.1505894,0.8240248,1.8624389e-05,0.0001292281,1.347242e-06,0.025149833,8.6711334e-05
ISIC_0027907,1,1.4450323e-05,0.99998546,2.978245e-11,9.808784e-11,1.5274959e-09,5.4628355e-08,6.7460356e-08
ISIC_0025870,1,0.0011959533,0.99880195,1.7088544e-07,2.708678e-08,4.064292e-08,1.093736e-06,7.9511295e-07
ISIC_0031720,1,0.9152236,0.07393313,5.097242e-05,6.4167893e-06,0.009433605,0.00015079357,0.0012015131
ISIC_0026382,1,0.00043944706,0.9990458,3.3559746e-07,7.22689e-08,0.0003012455,4.203651e-05,0.00017105967
ISIC_0031094,1,0.99750084,0.0012079508,5.03867e-05,2.3692842e-06,0.0010713778,0.00016169215,5.378222e-06
ISIC_0032345,1,0.1303681,0.43190894,1.4044672e-05,1.4237575e-05,0.4226087,0.015040922,4.5068064e-05
ISIC_0025458,1,0.06460304,0.93479633,3.4976313e-07,1.3644025e-06,6.515669e-05,8.432718e-06,0.0005253533
ISIC_0024664,1,9.1073336e-05,0.9744455,5.682773e-07,4.4655627e-07,0.025364405,4.8392445e-05,4.956291e-05
ISIC_0025008,1,0.0011120299,0.9955823,6.6020755e-07,2.6938302e-08,0.0032925839,1.1710509e-05,7.1870045e-07
ISIC_0025735,1,0.0012282891,0.9762842,2.356369e-06,0.0027680818,0.019561036,6.421615e-05,9.18482e-05
ISIC_0032309,1,0.4151946,0.4640421,0.11936955,2.7655888e-05,0.0001247816,0.001198578,4.265817e-05
ISIC_0028759,1,0.15092696,0.8480932,0.00031877373,0.00010598951,0.00019548256,8.1765145e-05,0.0002778275
ISIC_0028368,1,3.7408197e-06,0.99999475,7.8315505e-09,4.9640365e-11,2.5672739e-08,6.4803044e-07,8.526603e-07
ISIC_0028843,1,0.02806825,0.97191757,2.1294366e-06,1.13466285e-07,1.7228001e-06,4.828677e-06,5.380104e-06
ISIC_0028045,1,3.6421164e-07,0.9999908,1.3499016e-08,9.530519e-09,2.2181168e-06,5.752217e-06,8.752479e-07
ISIC_0025631,1,0.07969055,0.9202818,4.6502814e-07,8.691726e-08,4.5289776e-06,9.800725e-08,2.241798e-05
ISIC_0031337,1,0.00046288554,0.99944144,4.9232053e-08,5.1979754e-07,1.6609321e-05,4.7398655e-07,7.8053556e-05
ISIC_0031440,1,0.874821,0.11953116,0.0054728193,5.1043617e-07,1.3310763e-07,1.8149049e-05,0.00015627214
ISIC_0028823,1,5.3505055e-08,0.9999261,6.005131e-06,1.5146042e-11,6.2212937e-09,1.9511199e-05,4.82487e-05
ISIC_0031501,1,1.1093157e-05,0.4871977,0.17263626,1.0106524e-07,9.358209e-06,0.32967457,0.010470917
ISIC_0025555,1,8.171889e-05,0.99991465,1.0918809e-09,3.3645515e-09,2.4901402e-07,2.4476597e-06,8.157243e-07
ISIC_0032242,1,0.007883686,0.99206525,2.85487e-09,1.2489562e-07,7.7106385e-08,4.7057543e-05,3.8174835e-06
ISIC_0024317,1,0.01820981,0.9810967,2.8797112e-08,2.2725938e-07,0.000680204,6.7985893e-06,6.309195e-06
ISIC_0033356,1,0.0020630092,0.99744356,1.2208433e-06,9.411454e-05,6.467648e-06,0.00038387888,7.706164e-06
ISIC_0033998,1,0.0003228943,0.9994667,9.5123005e-06,2.787736e-06,0.00012525878,3.5714274e-05,3.7118527e-05
ISIC_0026494,1,0.09127155,0.9025924,4.624078e-06,0.00011480181,3.4146806e-06,0.0059325746,8.0599726e-05
ISIC_0028287,1,0.12449806,0.87548476,1.4582731e-05,1.7939064e-07,3.9199713e-07,3.6625335e-07,1.5377415e-06
ISIC_0033686,1,0.0060752803,0.4940687,3.4208044e-06,7.672852e-08,0.49913424,0.00034049636,0.0003778196
ISIC_0033363,1,0.727591,0.18542133,0.0009462278,1.8834025e-06,0.08602885,8.484406e-06,2.2261136e-06
ISIC_0033058,1,0.07116476,0.90874404,0.0016991365,2.694146e-07,0.01824493,0.00011709146,2.9863488e-05
ISIC_0032924,1,0.6997135,0.13820834,2.1805157e-05,2.7766475e-07,0.16134357,0.0005771981,0.00013526359
ISIC_0034225,1,0.0001327223,0.9998324,1.2839103e-08,1.2168863e-07,2.7718675e-05,6.592917e-06,4.020808e-07
ISIC_0032916,1,0.04678422,0.9531956,3.5925884e-09,8.373979e-09,2.7172464e-07,1.5835238e-05,4.1952e-06
ISIC_0033756,1,5.6078898e-06,0.99998486,2.0522423e-08,1.02543446e-07,3.715369e-06,3.3391493e-06,2.3721168e-06
ISIC_0033032,1,0.003190781,0.9968059,1.4451302e-08,1.7528551e-08,2.7764764e-07,1.2898867e-07,2.9513092e-06
ISIC_0034227,1,1.9362742e-05,0.9999348,8.282511e-09,5.9527594e-08,1.049718e-06,8.148745e-07,4.39335e-05
ISIC_0033563,1,0.00021658458,0.99977034,2.3159055e-08,1.2263185e-08,3.932926e-08,1.5941254e-07,1.2889581e-05
ISIC_0034079,1,0.5580151,0.44197056,8.841403e-07,2.3575016e-07,1.1888873e-05,8.185794e-07,4.170329e-07
ISIC_0033327,1,0.18982004,0.8100803,5.253544e-06,1.8121372e-06,2.3720182e-05,5.34209e-06,6.3568645e-05
ISIC_0032871,1,0.0020597845,0.9977386,1.1316009e-06,1.3097706e-07,0.00019300004,1.22559e-06,6.132499e-06
ISIC_0030851,1,3.5057874e-07,0.9999975,4.6624447e-09,2.3048439e-09,2.7223254e-07,1.6803357e-06,1.6760328e-07
ISIC_0033767,1,2.6509651e-05,0.99995065,2.771205e-10,8.256032e-09,1.7275956e-05,5.3797507e-06,2.1806429e-07
ISIC_0033755,1,9.0638394e-05,0.9997131,3.3776274e-08,1.5843671e-08,1.340321e-05,0.0001802673,2.4123008e-06
ISIC_0033625,1,1.9524416e-05,0.9999796,3.8671927e-10,2.1660045e-09,3.1027884e-07,4.548173e-07,9.415701e-08
ISIC_0032362,1,0.00064083736,0.9993248,7.1318316e-09,6.0067478e-06,2.5858006e-07,1.983996e-05,8.296722e-06
ISIC_0033959,1,0.008228077,0.0017120695,0.97886926,8.44668e-05,0.011019082,6.173885e-05,2.5354642e-05
ISIC_0032914,1,0.9208993,0.05715828,0.00069451326,1.4038601e-05,0.01775733,0.0031509532,0.00032556336
ISIC_0033309,1,0.7338448,0.06762127,0.03003222,2.5268423e-06,0.16695502,0.0013696062,0.00017454551
ISIC_0026584,1,0.012768315,0.9866534,2.3257886e-05,1.270408e-05,0.00011530372,0.00035676258,7.027856e-05
ISIC_0034110,1,0.3639236,0.34605652,3.355292e-05,0.00012100201,0.17575511,0.004161075,0.10994919
ISIC_0025160,1,0.46544856,0.4106255,0.00015251561,9.894375e-05,0.0045832726,0.0003794117,0.11871181
ISIC_0033389,1,0.99820244,0.0006148389,1.0036135e-06,3.2298542e-06,0.00090961455,8.199036e-06,0.00026068202
ISIC_0034234,1,0.9575108,0.042483594,1.2134929e-08,5.6320295e-09,3.737837e-07,5.76846e-07,4.6539412e-06
ISIC_0033308,1,0.66344815,0.3364576,1.2591737e-06,1.1855839e-07,7.4913136e-05,7.171686e-06,1.0811194e-05
ISIC_0034274,1,0.9949132,0.005086717,7.8630535e-10,3.4747305e-10,2.2706719e-09,1.7867977e-09,2.0802318e-08
ISIC_0030546,1,1.2902665e-05,0.9999285,2.160009e-05,9.7498415e-08,3.6329922e-05,3.0358443e-08,6.015528e-07
ISIC_0026177,1,0.43441346,0.55626166,0.00016235175,2.016101e-05,0.008921103,2.4288758e-05,0.00019704322
ISIC_0025713,1,1.5434629e-05,0.99961346,1.1098987e-09,1.6100824e-06,1.0833359e-06,0.00035994127,8.399357e-06
ISIC_0033253,1,4.66824e-06,0.99997175,2.0838068e-07,2.862293e-07,2.0696778e-05,1.8567896e-06,4.7671205e-07
ISIC_0033974,1,0.013619028,0.9863024,1.197155e-05,2.386667e-07,2.0840666e-06,2.1891705e-05,4.2474614e-05
ISIC_0033941,1,0.42759222,0.5723254,5.2685777e-05,4.6126735e-07,4.0092502e-07,2.3436163e-05,5.2668465e-06
ISIC_0029405,1,0.0013654308,0.012843426,0.05980805,0.1376207,4.4576434e-05,5.456178e-05,0.78826326
ISIC_0030429,1,1.51771055e-05,0.99549425,0.0043947543,6.9051855e-11,3.2082458e-08,5.51362e-06,9.028059e-05
ISIC_0028159,1,0.00088645384,0.9325303,0.06617165,2.5182057e-08,0.00012261327,1.8158674e-06,0.0002872242
ISIC_0032009,1,1.1401501e-05,0.99998844,1.3769528e-09,9.632029e-09,2.0689768e-08,1.6713791e-07,1.0747437e-08
ISIC_0033652,1,0.16191338,0.83791703,6.9899797e-06,1.3275724e-07,0.00011837006,1.3262386e-05,3.0797324e-05
ISIC_0033944,1,0.00029714822,0.9995302,4.514456e-09,5.5189e-08,0.00017171857,6.026152e-07,3.8896445e-07
ISIC_0032717,1,0.0031224573,0.99686533,1.9720272e-07,3.7699147e-07,5.6242184e-06,1.3166592e-06,4.6553764e-06
ISIC_0032651,1,0.47732022,0.52247906,2.0752754e-05,9.805467e-08,0.00015306346,2.1836984e-05,4.9405057e-06
ISIC_0033699,1,0.0890429,0.9109293,6.339386e-06,4.742256e-08,1.702672e-05,4.1807903e-06,1.2713612e-07
ISIC_0033915,1,0.004658439,0.99531317,2.9475318e-09,2.271858e-05,6.027731e-09,4.262647e-07,5.195241e-06
ISIC_0034020,1,6.2970516e-06,0.9997745,8.703807e-08,1.7706658e-07,8.519406e-06,5.247596e-05,0.00015802648
ISIC_0033727,1,0.0005367291,0.99819523,9.013766e-08,5.8026224e-08,8.82182e-05,0.0011322554,4.746885e-05
ISIC_0032742,1,0.1275319,0.8708112,5.1583493e-06,0.00016230725,0.00044724293,0.0008750297,0.00016709267
ISIC_0032961,1,0.099540144,0.9004065,1.1657965e-05,7.4515615e-06,2.0765492e-05,2.688473e-06,1.0927576e-05
ISIC_0034112,1,0.09972336,0.8998414,8.4063984e-05,4.027885e-06,0.00015238476,0.00013940631,5.5194057e-05
ISIC_0033296,1,3.1578555e-05,0.99988365,7.8158514e-08,1.0187981e-07,8.270895e-05,1.3799604e-06,4.0022144e-07
ISIC_0033838,1,1.0451654e-05,0.9999119,2.5788589e-08,3.672036e-08,7.184972e-05,4.049199e-06,1.6755323e-06
ISIC_0033409,1,0.00027817674,0.9997036,1.126286e-09,9.747704e-08,2.067593e-06,1.0092633e-05,5.914651e-06
ISIC_0033984,1,0.00913968,0.9906598,5.1012495e-07,5.1271204e-08,1.7380244e-05,3.643641e-05,0.00014608503
ISIC_0032640,1,0.9822107,0.01778585,2.50142e-07,2.1308769e-07,2.818696e-08,1.3322822e-06,1.57271e-06
ISIC_0033648,1,0.001215486,0.9884065,0.00016954377,1.7033904e-06,0.00084955286,3.5844165e-05,0.009321382
ISIC_0032825,1,4.468778e-06,0.999876,1.741791e-05,2.4535842e-07,9.197581e-06,3.560755e-06,8.901481e-05
ISIC_0032803,1,0.00025286217,0.99907553,5.00318e-05,6.035055e-07,0.00012740406,0.00013158373,0.0003619164
ISIC_0033475,1,0.023435902,0.9725146,1.1889764e-06,5.0302718e-09,0.0040429593,4.0714613e-06,1.2333214e-06
ISIC_0033210,1,0.00033102694,0.99962294,7.44998e-08,8.218972e-09,4.2236978e-05,2.5301503e-07,3.4453801e-06
ISIC_0033219,1,0.004242286,0.98747456,6.3483054e-07,2.1668372e-08,0.008230562,1.1794869e-05,4.0174273e-05
ISIC_0032864,1,0.0046905656,0.99490476,1.2852245e-09,3.1939063e-08,0.00039933488,1.9181823e-06,3.4759078e-06
ISIC_0033763,1,0.00028058083,0.99971515,7.540841e-11,1.0618264e-09,1.8683547e-08,2.296858e-06,1.9362449e-06
ISIC_0033650,1,0.005505961,0.9941999,2.815976e-08,3.893702e-07,0.00026804383,7.673994e-06,1.809968e-05
ISIC_0033992,1,0.010378874,0.9875985,0.00014074241,1.9968097e-06,0.0018208231,7.6284937e-06,5.1499628e-05
ISIC_0033715,1,0.70692044,0.28008765,2.3651852e-05,1.2719652e-06,0.01294686,1.1809903e-05,8.305899e-06
ISIC_0033920,1,0.020989936,0.18425182,0.003003657,4.340704e-05,0.7914202,0.00018906477,0.00010197539
ISIC_0033510,1,0.5965336,0.3934136,0.0058921915,2.1931694e-06,0.0035081746,2.0925665e-05,0.0006292018
ISIC_0033222,1,0.9976318,0.0023656,4.22446e-07,2.9910345e-07,1.1260253e-06,7.346907e-08,7.1484e-07
ISIC_0032546,1,0.11891801,0.8767862,0.00021411262,1.7282946e-07,0.003983163,8.1328956e-08,9.8254306e-05
ISIC_0026810,1,0.60922635,0.39075133,3.701609e-07,5.249933e-06,2.9498995e-07,1.3147953e-05,3.2417486e-06
ISIC_0033832,1,0.10041572,0.89894205,9.561386e-07,6.478863e-07,0.00036449323,0.00013707424,0.00013913185
ISIC_0032893,1,0.04945335,0.94724375,9.207234e-05,2.7876743e-08,0.0032077022,1.1548713e-06,1.9478055e-06
ISIC_0032683,1,0.0708419,0.92775196,1.2454095e-06,6.432581e-08,0.0011969287,7.464648e-05,0.00013322475
ISIC_0033411,1,0.0016577217,0.9730584,0.021199083,3.3017564e-05,0.0039471923,3.5632402e-07,0.000104222214
ISIC_0034096,1,0.00050453335,0.9974911,0.0019404176,6.173721e-06,3.0523002e-05,8.365496e-06,1.8904653e-05
ISIC_0033382,1,0.00020778684,0.99827766,0.00037732793,0.00011130454,0.0009545642,1.3288817e-05,5.8010624e-05
ISIC_0033729,1,0.000220116,0.99973327,7.716329e-08,2.5249673e-07,6.8167005e-06,3.744201e-05,2.1081173e-06
ISIC_0034307,1,0.0001419922,0.9990268,6.3013585e-09,1.9084202e-07,6.1554206e-06,0.00082132954,3.4140635e-06
ISIC_0034137,1,0.0018001186,0.9976769,5.0679827e-08,1.858754e-08,0.00051259826,8.576289e-06,1.720231e-06
ISIC_0034190,1,0.00011742605,0.999141,5.715991e-06,4.748019e-06,1.4059808e-06,6.7816054e-06,0.00072293606
ISIC_0033605,1,0.0015271424,0.998468,4.632746e-08,4.744889e-08,2.5803035e-07,2.3157237e-07,4.299206e-06
ISIC_0033961,1,4.295712e-05,0.9999534,2.656688e-08,1.1699068e-08,7.0061293e-07,8.154355e-07,2.035703e-06
ISIC_0033702,1,0.00024459988,0.9996125,2.8508055e-07,1.9400622e-06,7.653294e-05,4.839377e-05,1.5755975e-05
ISIC_0033318,1,0.18473548,0.81513387,5.8145525e-07,1.9027767e-06,9.078102e-07,8.6866996e-05,4.0377305e-05
ISIC_0032615,1,0.12536769,0.8746272,4.4974588e-08,2.739002e-09,1.1060266e-06,1.1151818e-06,2.7958827e-06
ISIC_0033862,1,0.06518049,0.93478286,3.822051e-07,1.693733e-07,2.3293536e-07,2.4392128e-05,1.1332645e-05
ISIC_0034215,1,0.00016858574,0.9994617,4.0343363e-07,7.938194e-10,0.00035542613,1.3119944e-06,1.253238e-05
ISIC_0033743,1,0.0013243634,0.9982687,3.981412e-08,5.3288004e-06,0.00038096332,1.5049023e-05,5.596408e-06
ISIC_0033145,1,0.0053779553,0.9946202,1.2519935e-07,5.8082517e-10,1.1524323e-06,2.8619687e-07,2.738259e-07
ISIC_0033799,1,0.00083271024,0.9991671,1.6517169e-09,4.6697286e-09,4.2044455e-11,1.3903201e-07,9.060274e-08
ISIC_0032524,1,0.99850684,0.0014729381,9.496679e-10,2.0161006e-06,1.5644915e-05,1.9702409e-06,6.1921463e-07
ISIC_0033376,1,0.04923075,0.32458436,3.8565013e-06,1.4134277e-05,0.62612104,1.5146803e-06,4.4382028e-05
ISIC_0033796,1,0.00039869704,0.6289955,1.8007275e-07,1.7101482e-05,0.37047845,2.7641506e-06,0.000107295215
ISIC_0033121,1,6.7625806e-05,0.9998031,4.5158086e-09,2.1188923e-07,1.2770082e-05,0.0001036443,1.2524162e-05
ISIC_0034158,1,0.0027833858,0.9970759,1.4955516e-07,6.075416e-07,0.0001162069,5.635947e-06,1.8154844e-05
ISIC_0033213,1,1.8419653e-06,0.9996625,6.0720366e-11,5.8500866e-08,1.6721344e-06,0.00032783608,6.161335e-06
ISIC_0033897,1,2.0352794e-05,0.99988127,2.6093222e-08,4.9309055e-09,8.842554e-05,8.098609e-06,1.7931421e-06
ISIC_0033694,1,0.00039517932,0.9859342,1.688971e-06,7.394582e-08,0.013574325,3.2685417e-05,6.184215e-05
ISIC_0034013,1,0.0001190452,0.9998585,3.043691e-08,5.7132045e-08,3.3241317e-06,1.7877064e-05,1.2397882e-06
ISIC_0034088,1,0.89699244,0.10258497,1.6844282e-05,0.000113842514,0.00022304611,1.7998489e-05,5.087304e-05
ISIC_0034268,1,0.9308646,0.068233036,6.3276595e-05,2.0132162e-05,0.0007832014,1.3601709e-05,2.2155096e-05
ISIC_0032908,1,0.17146532,0.8260472,0.00063504215,3.7133534e-05,0.0017898373,1.7881974e-05,7.6069523e-06
ISIC_0034203,1,0.0014009676,0.0027140342,0.99006593,0.00063605787,0.002842655,0.00028192168,0.0020585028
ISIC_0033311,1,3.7775652e-07,0.0019457393,0.99690896,4.382899e-06,0.0011363594,9.218501e-07,3.3291326e-06
ISIC_0032700,1,4.161047e-06,0.025193362,0.9723829,7.9000725e-05,3.949744e-07,2.5186224e-05,0.0023150563
ISIC_0032608,1,0.6558535,0.0051054643,0.0014644233,9.404146e-06,0.28820282,0.048801787,0.00056258665
ISIC_0032746,1,0.97044015,0.0287138,0.0008364412,7.2495716e-08,1.6631779e-07,8.790356e-06,6.117144e-07
ISIC_0033266,1,0.9064072,0.05294393,0.003223987,0.0014557005,0.035078283,0.0005468529,0.0003441608
ISIC_0033404,1,0.9054974,0.082766406,1.1886332e-05,5.330962e-05,0.011363922,0.00010943683,0.00019769996
ISIC_0033478,1,0.98846626,0.009689077,3.956633e-06,8.003568e-05,0.0016064431,0.00011759412,3.6661986e-05
ISIC_0032786,1,0.00013979465,0.99980336,2.7789676e-07,2.4634039e-08,1.1747671e-05,3.5061585e-06,4.1361585e-05
ISIC_0033788,1,0.42094266,0.46097976,0.00015553719,5.521183e-09,0.0025970102,0.00013241713,0.11519261
ISIC_0033220,1,0.0023890438,0.9975942,1.3399594e-07,1.4389917e-07,5.029619e-06,5.7786856e-06,5.6115496e-06
ISIC_0032817,1,3.390207e-05,0.9999653,6.1760386e-10,4.091876e-08,8.54655e-09,3.6124064e-07,4.4534661e-07
ISIC_0032820,1,0.057078313,0.9429031,1.0789979e-06,4.0028837e-07,1.2230951e-06,7.4054947e-06,8.416618e-06
ISIC_0032853,1,0.4908327,0.50837165,6.9312455e-06,3.9869697e-06,0.00013343334,0.0005957191,5.550846e-05
ISIC_0034148,1,0.003304596,0.9911213,1.0533107e-06,2.9249982e-08,0.0051002717,0.0004358894,3.6925034e-05
ISIC_0034241,1,6.221521e-06,0.999902,1.9528095e-07,1.1544014e-09,7.876306e-06,8.303958e-05,6.2151076e-07
ISIC_0028863,1,0.012792585,0.9862876,1.843253e-08,1.8598736e-05,0.0008689203,1.4471462e-06,3.085566e-05
ISIC_0030126,1,0.02768716,0.9719356,1.6427796e-06,5.7682777e-05,4.95421e-05,0.00021286536,5.5537457e-05
ISIC_0032995,1,0.9265924,0.06848346,0.0032561133,5.5586365e-06,0.0012458031,0.0003692777,4.746519e-05
ISIC_0032754,1,0.038816225,0.48454943,9.2266666e-05,7.303865e-05,0.4762858,0.0001280777,5.5188233e-05
ISIC_0032714,1,0.13818291,0.85518336,0.00022396348,6.27508e-06,0.0060496703,0.00030576132,4.806013e-05
ISIC_0032574,1,0.042514294,0.95534635,0.002079676,3.5898207e-08,5.0239134e-05,6.7513197e-06,2.6517662e-06
ISIC_0033398,1,0.80989826,0.048913162,0.12896809,1.4700437e-06,0.012191614,1.2539081e-06,2.6054466e-05
ISIC_0033244,1,0.93091893,0.064527035,0.004506879,1.7233088e-08,1.7790599e-05,2.2354583e-05,7.0546375e-06
ISIC_0033339,1,1.605031e-07,0.9999058,2.3166022e-09,2.1152573e-09,1.0795397e-05,3.6626042e-07,8.281086e-05
ISIC_0033010,1,0.036960192,0.9628563,7.882561e-09,8.618188e-09,2.9026617e-06,0.0001779004,2.6925097e-06
ISIC_0034293,1,0.00031161957,0.99953496,6.694097e-08,7.848465e-08,5.1348314e-05,4.7844456e-05,5.4023287e-05
ISIC_0033350,1,0.008411344,0.99158406,4.301995e-09,2.2032538e-09,1.2157513e-07,4.2483844e-06,2.3501205e-07
ISIC_0033943,1,0.001242188,0.9985084,6.600476e-06,0.00014250008,6.111173e-07,4.2161126e-05,5.7535442e-05
ISIC_0033434,1,5.6304638e-05,0.99921167,2.2790713e-05,1.339638e-06,0.00068997033,1.0839726e-05,7.1381455e-06
ISIC_0033433,1,0.0014134854,0.99773693,1.8895978e-08,4.7333748e-07,0.0008168687,3.613355e-06,2.863328e-05
ISIC_0032934,1,0.0009917729,0.929149,2.8132567e-06,1.4902813e-06,0.06977702,1.9408177e-05,5.857979e-05
ISIC_0033742,1,0.09226025,0.9075187,5.447414e-09,5.2536993e-08,1.6470316e-06,0.00015707336,6.233829e-05
ISIC_0034127,1,0.79749733,0.17925458,1.2067892e-07,6.1471724e-07,0.015524363,0.0018544091,0.0058686277
ISIC_0033111,1,0.013065315,0.9866267,7.832779e-08,2.991371e-08,6.9072635e-06,0.00025047964,5.053224e-05
ISIC_0033077,1,8.561559e-05,0.99988866,5.462544e-07,1.2286722e-07,1.859851e-05,3.8334085e-07,6.0455022e-06
ISIC_0033951,1,0.0019003634,0.997979,2.4186562e-05,1.5264516e-07,8.816006e-05,2.4810722e-06,5.6850945e-06
ISIC_0033149,1,0.005270795,0.99389184,2.2427781e-05,3.0018379e-07,0.0007380375,1.1787469e-06,7.541325e-05
ISIC_0033343,1,0.20920396,0.23252846,9.5252595e-05,0.14449233,0.051634226,0.035863478,0.3261823
ISIC_0033502,1,0.017081201,0.53350204,3.2300257e-05,0.02120941,5.702632e-05,0.0025667986,0.42555124
ISIC_0033764,1,0.8155859,0.02492559,0.000122249,0.012313383,0.14649883,0.00018179404,0.00037209835
ISIC_0033934,1,0.9999434,1.35931905e-05,1.2854773e-07,3.4318648e-05,6.454139e-06,2.2504419e-07,1.9520235e-06
ISIC_0032565,1,0.9997644,6.220157e-05,1.883412e-06,3.7785046e-06,0.00015800513,7.084584e-07,9.020294e-06
ISIC_0033443,1,0.6775842,0.32138565,8.8126195e-05,2.8884003e-08,0.00075185165,5.3849762e-05,0.00013632131
ISIC_0032593,1,7.1664465e-07,0.9999988,9.412389e-10,3.2111612e-11,2.9329877e-08,1.6316e-07,2.9069275e-07
ISIC_0033935,1,0.009138323,0.9908193,2.8042246e-07,1.0958104e-08,1.6080658e-05,8.876069e-06,1.7222026e-05
ISIC_0033703,1,0.9966396,0.0033421866,1.1994311e-07,2.6021626e-08,1.6686312e-05,4.6168335e-08,1.3777674e-06
ISIC_0034245,1,0.9333804,0.0665848,2.004145e-06,2.2763581e-08,3.1166088e-05,1.7223384e-07,1.4379859e-06
ISIC_0032708,1,0.001076309,0.99828136,3.4473888e-07,3.8316894e-06,0.0005103421,0.000106961634,2.0850846e-05
ISIC_0033574,1,0.0013930134,0.99858886,8.667502e-09,6.412408e-09,3.950465e-07,1.741622e-05,2.781753e-07
ISIC_0033954,1,0.050839655,0.94915646,2.5959255e-07,3.3097308e-07,2.0279529e-06,3.5084608e-07,8.7207036e-07
ISIC_0033771,1,0.04183475,0.95816106,6.379161e-09,1.0074326e-07,3.406162e-06,2.8248485e-07,4.5311145e-07
ISIC_0034035,1,0.000110408866,0.99988306,3.543642e-08,9.445068e-07,1.1524891e-06,3.2101027e-06,1.1273626e-06
ISIC_0033880,1,3.5196284e-05,0.99996376,1.3491637e-10,6.907886e-10,4.808e-09,1.861055e-07,7.7822074e-07
ISIC_0033994,1,7.113754e-05,0.99978954,1.0499127e-08,5.4551725e-07,2.6612264e-05,6.402638e-07,0.00011149309
ISIC_0032755,1,2.2921151e-07,0.9999994,1.5055852e-10,1.2981925e-10,1.9832713e-10,2.7336944e-07,1.2598925e-07
ISIC_0033724,1,1.5876712e-05,0.99993813,6.191962e-09,4.13198e-09,2.8577619e-05,5.806521e-06,1.1620316e-05
ISIC_0033786,1,0.7067362,0.2903028,7.3298895e-07,2.5244058e-06,0.0019605067,0.0007601115,0.00023710213
ISIC_0034009,1,0.8411312,0.062598966,4.713117e-06,1.7246968e-05,0.0952701,2.589936e-05,0.0009520031
ISIC_0034305,1,0.8831216,0.10691733,6.338365e-05,0.00291309,0.006199629,0.00045759697,0.00032745188
ISIC_0034097,1,0.27529684,0.71930265,0.000857532,0.00053913053,0.0020595111,0.0018979848,4.637045e-05
ISIC_0033021,1,0.00086661597,0.9991265,4.7797478e-08,8.258174e-08,1.0856325e-07,1.4947299e-06,5.0478466e-06
ISIC_0033835,1,0.0043120435,0.99568594,3.7209176e-09,8.205105e-10,3.4996432e-08,1.4203684e-06,5.8804153e-07
ISIC_0034247,1,0.18563445,0.5523371,2.1577405e-06,1.9612509e-08,0.26180238,0.00010469457,0.000119200406
ISIC_0033455,1,0.29322773,0.5555057,3.7697616e-06,0.00014419181,0.15009868,2.835887e-05,0.0009916138
ISIC_0034056,1,0.0791119,0.8646322,8.0154973e-07,6.1330767e-09,0.056248337,4.423078e-06,2.3146918e-06
ISIC_0034069,1,0.04917066,0.95022476,1.0831046e-05,1.3018897e-06,0.00040810835,0.000147092,3.727395e-05
ISIC_0032673,1,0.9965223,0.0034120197,5.8582202e-08,4.3260388e-07,4.4983648e-05,4.5375774e-07,1.977917e-05
ISIC_0033684,1,0.99998605,1.3756857e-05,4.2161385e-09,6.906673e-09,5.659862e-08,5.1693902e-08,6.15686e-08
ISIC_0033723,1,0.9314646,0.036632694,0.000417258,0.021827744,0.0055972575,0.0023029984,0.0017574506
ISIC_0033396,1,0.7845361,0.19340454,0.00018909635,0.008362533,0.0015320246,0.000619755,0.011355904
ISIC_0032881,1,0.0007952868,0.99915314,4.530828e-06,1.8246372e-07,2.2326021e-06,2.8548702e-05,1.604282e-05
ISIC_0034209,1,0.5797338,0.4005196,0.0002617829,0.0024760205,0.014630506,0.0007507121,0.0016275613
ISIC_0034297,1,0.16557787,0.7615038,0.0002451417,9.6307354e-05,0.07239696,4.7953657e-05,0.00013198878
ISIC_0034171,1,8.067381e-08,0.9999938,6.998465e-09,1.9059565e-09,5.564813e-06,4.9538977e-07,5.902323e-08
ISIC_0033996,1,2.3393538e-06,0.9998412,5.981157e-07,2.0900225e-07,0.0001436003,5.7797174e-06,6.291913e-06
ISIC_0034124,1,0.72663707,0.2634436,2.599481e-06,2.8187594e-06,0.009379285,5.132755e-05,0.00048334367
ISIC_0033861,1,0.9694421,0.015518574,1.6697368e-05,5.222677e-06,0.01458662,0.0002020847,0.00022874141
ISIC_0032519,1,0.009012182,0.059583448,0.057933256,0.00011107506,0.00014828374,0.054724876,0.81848687
ISIC_0034090,1,0.22598895,0.027335461,0.7022936,6.200133e-06,1.734851e-06,0.00013945399,0.044234607
ISIC_0032896,1,0.0005678684,0.9983725,3.335064e-05,3.9930873e-07,0.00083524885,2.2757602e-06,0.00018849359
ISIC_0034166,1,3.6841053e-07,0.999998,4.2180868e-09,3.828951e-10,8.689068e-07,7.676735e-08,6.083849e-07
ISIC_0033143,1,0.015892081,0.9836256,1.3773714e-08,9.267916e-08,3.4604884e-05,0.00044681967,7.082228e-07
ISIC_0032744,1,0.25648156,0.7426365,8.439113e-07,1.0449462e-05,0.0002387841,0.00054301,8.879933e-05
ISIC_0033585,1,0.16546007,0.80596894,0.0010483889,9.74053e-07,0.023097422,0.0043405537,8.3658255e-05
ISIC_0033319,1,1.3418839e-05,0.9994549,6.02359e-07,6.526531e-08,0.00052919233,4.0594915e-07,1.3753543e-06
ISIC_0029306,1,0.11915073,0.880833,1.1148881e-08,1.6786734e-07,1.1099567e-05,1.5064841e-06,3.4916877e-06
ISIC_0028210,1,3.3898952e-05,0.99995637,2.4789176e-07,3.0401401e-09,8.91831e-06,2.3496955e-07,3.189624e-07
ISIC_0030626,1,0.00094435865,0.99845135,1.7584545e-05,9.545936e-08,0.0005830375,5.7670366e-07,2.924933e-06
ISIC_0031163,1,0.0011387654,0.9988368,1.6720635e-06,1.9160796e-08,2.176663e-05,2.9032978e-07,7.313495e-07
ISIC_0031053,1,0.54138654,0.45860118,1.1415755e-07,6.7556782e-09,5.847074e-06,2.9091732e-06,3.4493955e-06
ISIC_0030362,1,3.0297133e-05,0.99991,6.314438e-06,6.6448244e-08,4.8564976e-05,2.0855548e-07,4.42835e-06
ISIC_0031460,1,4.8859576e-05,0.9997036,4.5477722e-05,2.165573e-06,0.0001907659,4.6660316e-06,4.473626e-06
ISIC_0025887,1,0.9478289,0.020432375,8.759749e-05,6.128166e-06,0.031419247,2.250501e-05,0.00020328081
ISIC_0028540,1,0.035890162,0.96390337,1.4653688e-07,3.5753033e-07,1.4060003e-05,0.00018097903,1.0991676e-05
ISIC_0030771,1,0.91506195,0.08481409,7.4126656e-05,3.6975308e-08,1.358232e-05,3.2390857e-05,3.7310938e-06
ISIC_0026049,1,0.00020910687,0.9377578,7.3554524e-08,9.462246e-07,0.06161384,4.1736325e-06,0.00041421133
ISIC_0026370,1,0.056955174,0.94294655,4.427147e-06,9.723351e-09,4.85253e-05,3.649089e-05,8.790514e-06
ISIC_0027505,1,0.9302526,0.069743335,9.381482e-08,7.075412e-08,2.4556146e-08,1.0469388e-06,2.7445983e-06
ISIC_0030284,1,0.0001526774,0.999843,7.051494e-10,2.5690713e-10,2.5823466e-09,4.2826373e-06,1.7534605e-08
ISIC_0028425,1,3.083166e-06,0.9999968,8.220793e-12,4.7986528e-11,2.8190398e-08,3.7023347e-09,1.0947202e-07
ISIC_0029222,1,0.9983966,0.0015993596,4.2702288e-07,7.856662e-09,3.4223216e-08,1.4421819e-07,3.5194535e-06
ISIC_0028625,1,0.97258794,0.0008106314,0.00010840786,0.00031988678,0.025711084,0.0003899632,7.2075665e-05
ISIC_0026328,1,4.7925245e-05,0.9999517,7.1695268e-09,1.5514507e-09,2.9001868e-07,2.5703173e-09,7.3279686e-08
ISIC_0029334,1,0.001698665,0.9982704,5.826361e-08,2.031115e-07,2.9436998e-05,5.602566e-07,6.5025563e-07
ISIC_0027933,1,6.114007e-06,0.9975877,9.8803845e-08,7.095281e-08,0.0021925548,2.800155e-06,0.00021061947
ISIC_0028513,1,3.7148795e-05,0.9983052,1.9254719e-07,1.3292187e-07,0.0011341564,9.3760085e-05,0.0004294408
ISIC_0027670,1,0.96198803,0.037833214,3.434912e-05,1.1770807e-06,5.9420294e-05,1.1552418e-05,7.234115e-05
ISIC_0027097,1,0.8770645,0.12268266,2.9731109e-05,2.3269879e-05,2.6245769e-05,7.719396e-05,9.6332195e-05
ISIC_0029431,1,0.00042872442,0.99955815,9.585641e-07,4.429063e-08,1.8462978e-06,9.935568e-06,4.0934043e-07
ISIC_0024674,1,0.03472353,0.9652645,4.232223e-06,1.8035652e-07,7.87556e-07,3.6968538e-06,3.0777514e-06
ISIC_0028868,1,0.030143771,0.96979195,5.1004186e-05,5.684238e-07,7.9251873e-07,3.58053e-06,8.319482e-06
ISIC_0026419,1,2.7392403e-05,0.76161754,1.4717503e-09,2.3918274e-09,5.084473e-08,1.5620238e-06,0.23835346
ISIC_0027052,1,5.406066e-07,0.22226776,5.9771934e-09,6.402848e-10,1.681597e-08,1.296821e-07,0.77773154
ISIC_0029664,1,0.002225395,0.9977545,2.0007424e-06,7.465191e-07,1.1340371e-05,9.63449e-07,5.1371135e-06
ISIC_0024936,1,0.0024507924,0.9975284,1.14127964e-07,4.7318394e-09,2.617597e-07,2.639563e-06,1.7828856e-05
ISIC_0026272,1,1.4181212e-07,0.999998,9.7894095e-08,4.2826143e-10,1.6603212e-06,1.9480591e-08,9.459652e-08
ISIC_0024658,1,4.5063854e-07,0.9999809,6.584935e-08,5.251911e-08,1.8191491e-05,1.4272919e-07,2.5098274e-07
ISIC_0027258,1,0.9810143,0.018265173,5.8956493e-07,0.00016588125,1.5932295e-05,0.0005356733,2.429226e-06
ISIC_0028957,1,1.3779531e-08,0.999997,6.547665e-09,3.09755e-09,2.9018552e-06,4.7637045e-09,8.456194e-09
ISIC_0027412,1,0.0003984115,0.99960023,7.48899e-08,1.3135935e-08,3.308652e-07,7.257456e-08,8.4465773e-07
ISIC_0029257,1,0.9939535,0.0060330383,1.4738695e-06,1.4424971e-07,4.4816628e-07,1.4836113e-06,9.954698e-06
ISIC_0030225,1,0.8800587,0.119799316,2.2764492e-05,1.3216184e-06,4.776225e-05,7.3281694e-06,6.280091e-05
ISIC_0029313,1,3.641054e-06,0.9999589,3.8096034e-06,9.4647866e-08,5.1124493e-07,8.1060716e-07,3.222802e-05
ISIC_0030508,1,9.511092e-06,0.99984956,8.827626e-06,5.48287e-06,1.1512159e-06,1.3951783e-06,0.00012402868
ISIC_0027902,1,9.010244e-05,0.9995981,2.8235612e-05,0.00026624114,1.2671079e-05,1.9740482e-06,2.6320179e-06
ISIC_0027226,1,4.593433e-06,0.9999716,2.8670573e-07,2.086288e-05,2.3348066e-06,2.1506344e-07,1.0862297e-07
ISIC_0028263,1,4.0609753e-05,0.99977916,3.467554e-06,4.3888633e-07,8.7021164e-07,0.00016960554,5.8550786e-06
ISIC_0028610,1,0.0010054949,0.9989635,8.608494e-06,2.0399489e-07,2.4205053e-06,1.3013756e-05,6.786048e-06
ISIC_0031360,1,0.00028973265,0.99913174,5.5942022e-05,5.58183e-06,2.1144938e-06,0.00051199,2.8497457e-06
ISIC_0031657,1,0.01310164,0.9867884,5.1044823e-05,2.484049e-05,1.2506936e-05,1.34177535e-05,8.193805e-06
ISIC_0030077,1,0.89809906,0.10182795,8.69056e-06,2.3093306e-05,3.1890056e-06,5.9869863e-06,3.1984582e-05
ISIC_0029865,1,0.023960643,0.9758723,0.00013785767,2.705077e-06,9.166657e-07,1.0038846e-05,1.564724e-05
ISIC_0025662,1,0.021553403,0.97842604,1.8904399e-06,1.6694962e-08,6.973012e-08,1.2611885e-05,6.0642183e-06
ISIC_0027510,1,0.122895636,0.8770973,2.1796945e-06,5.866131e-09,1.5719442e-07,1.5255064e-06,3.154999e-06
ISIC_0024355,1,0.0021859773,0.9978109,2.0736293e-06,1.1412103e-08,3.2451248e-07,3.9792158e-07,4.2398136e-07
ISIC_0024394,1,0.9588894,0.040957652,2.4059977e-05,5.019879e-05,5.2316547e-05,6.1909213e-06,2.0176847e-05
ISIC_0029516,1,0.51778585,0.4821577,7.819633e-06,7.944305e-06,5.605857e-06,2.6628277e-05,8.425033e-06
ISIC_0030066,1,0.00012984619,0.99978215,8.007368e-05,1.9050235e-08,2.8543693e-07,2.1428113e-08,7.704009e-06
ISIC_0030588,1,7.8700315e-05,0.9998198,4.8264917e-07,1.0607761e-06,1.834288e-05,3.3779797e-05,4.790549e-05
ISIC_0025511,1,0.017371753,0.98224765,6.258872e-07,1.4097103e-07,0.00028335885,3.710116e-05,5.9397054e-05
ISIC_0029640,1,0.29071903,0.3976256,0.040201508,0.00022848202,0.009259607,0.26147422,0.0004915542
ISIC_0029724,1,0.74819463,0.23669596,0.001305551,4.2645723e-05,0.008911431,0.0047235545,0.00012624756
ISIC_0027707,1,0.7967635,0.19902231,0.001336696,2.44728e-05,0.00024739243,0.002551454,5.4117292e-05
ISIC_0031541,1,4.100466e-09,0.99999535,5.8125957e-09,6.3870814e-08,1.8173467e-10,2.5027277e-06,2.0696505e-06
ISIC_0027596,1,4.5001322e-08,0.9999871,1.1098194e-07,3.927519e-06,3.8627142e-08,6.7995734e-06,1.9329243e-06
ISIC_0028960,1,2.3392639e-08,0.99999833,1.4170497e-09,5.914498e-08,6.5118755e-10,1.1267497e-06,5.9780194e-07
ISIC_0025240,1,0.025026985,0.9748916,8.673403e-07,1.485754e-06,5.9293093e-06,3.564208e-05,3.7413436e-05
ISIC_0026933,1,0.0028324574,0.9971644,5.990864e-08,4.254989e-07,1.2692323e-06,7.4092566e-07,6.2023895e-07
ISIC_0027122,1,0.00048262882,0.9994753,3.147558e-06,1.4237752e-06,3.4023044e-05,1.1613225e-06,2.2594795e-06
ISIC_0031340,1,0.0010722488,0.998749,2.528122e-05,1.4047714e-06,0.0001407044,1.3637459e-06,1.0029921e-05
ISIC_0024793,1,0.0027558687,0.9912513,6.733508e-05,0.00011328608,0.0057040527,2.4845988e-06,0.00010558336
ISIC_0024938,1,0.9998702,2.7571738e-05,9.857438e-05,2.1602177e-06,4.3356204e-07,1.5816123e-07,8.0041565e-07
ISIC_0030065,1,0.99934405,0.0002978589,0.00034499093,5.957435e-06,3.9157585e-06,1.9708814e-06,1.2398098e-06
ISIC_0025231,1,0.99957436,0.00037182384,4.0557436e-05,1.5016337e-06,7.973782e-06,2.8216368e-07,3.5112607e-06
ISIC_0030945,1,0.0037583096,0.54698914,1.8677139e-06,0.0008038858,0.44841582,2.3445086e-06,2.8692188e-05
ISIC_0026611,1,0.7680487,0.23192962,2.2162526e-06,5.488564e-06,9.52798e-06,2.8006266e-07,4.1633753e-06
ISIC_0029269,1,0.97903824,0.020924794,3.4645935e-05,1.264481e-07,2.0587922e-06,6.73481e-08,3.556517e-08
ISIC_0028115,1,0.0017701191,0.9976164,2.4856977e-06,8.9523056e-08,0.00060548924,1.193124e-06,4.1914936e-06
ISIC_0028030,1,8.518633e-05,0.9998739,3.1051806e-07,1.542428e-06,1.9492734e-05,6.673747e-06,1.2877768e-05
ISIC_0031725,1,0.47377083,0.52621603,2.5346475e-07,2.3829778e-09,5.581655e-07,7.896691e-06,4.385683e-06
ISIC_0030397,1,2.1491424e-07,0.99997866,7.948424e-06,8.3258374e-07,6.3644657e-06,2.1679172e-08,5.927884e-06
ISIC_0027390,1,0.041048978,0.9506439,1.2462016e-07,9.323803e-05,0.0073315743,0.000558417,0.00032370177
ISIC_0028758,1,0.7229298,0.0004241149,8.775386e-06,0.056851614,0.21705139,0.00014911023,0.002585231
ISIC_0027147,1,1.9492856e-05,0.9973888,2.1833598e-06,1.5124629e-06,0.002471787,0.00010360406,1.2676117e-05
ISIC_0031510,1,0.91082895,0.0845319,6.8641326e-05,0.004076462,0.00048826623,4.8647956e-07,5.335654e-06
ISIC_0028757,1,5.2086347e-07,0.99683064,0.00204228,3.453747e-05,5.0349296e-05,0.0009666963,7.489377e-05
ISIC_0027323,1,0.18117923,0.8188181,6.4994605e-09,5.672435e-07,8.187086e-09,5.410462e-07,1.449921e-06
ISIC_0032274,1,0.00018172193,0.9897866,0.00076837273,0.0042506456,1.8082445e-05,0.002745342,0.0022492756
ISIC_0031070,1,0.5050157,0.49457708,6.113624e-06,0.00032151098,6.339645e-05,1.4623406e-05,1.6307715e-06
ISIC_0025633,1,0.0011572511,0.9976666,1.5640627e-06,1.6701308e-05,0.0010043839,2.3458671e-05,0.0001301149
ISIC_0032163,1,0.00085202645,0.9989191,4.7914234e-08,5.600046e-05,7.083494e-06,0.00015966836,6.1386363e-06
ISIC_0025562,1,0.0004894813,0.7526174,0.00017334028,0.005179525,0.01824919,0.0011220025,0.22216901
ISIC_0032474,1,0.00068595,0.9993081,5.703053e-07,3.3058464e-07,5.809072e-07,1.8967277e-06,2.5644279e-06
ISIC_0029438,1,0.0030062548,0.99610704,0.0008712448,1.1816326e-07,6.796594e-08,1.3180142e-05,2.06653e-06
ISIC_0027495,1,0.091022424,0.90867954,1.4361197e-09,2.6047385e-07,4.2187892e-07,0.00029636576,1.0351172e-06
ISIC_0029583,1,0.00013361014,0.9975942,7.055543e-08,0.00052374956,0.0009805374,0.00076571363,2.1200754e-06
ISIC_0030399,1,0.8337023,0.16550033,1.8871053e-06,7.5029907e-06,4.7320973e-05,0.00073957327,1.071271e-06
ISIC_0031353,1,0.44740716,0.50897366,0.00013478957,1.0364496e-05,0.043412417,1.6830027e-05,4.475548e-05
ISIC_0031932,1,3.9851235e-05,0.9991731,1.2360481e-06,0.00015103603,0.00056055904,5.93412e-05,1.4865821e-05
ISIC_0026987,1,4.382398e-05,0.9999527,1.8460648e-08,1.2772095e-06,5.875264e-10,1.997487e-06,1.0474081e-07
ISIC_0027671,1,0.03439206,0.9655915,8.102644e-06,2.5582963e-07,1.686197e-06,4.30427e-06,2.1470173e-06
ISIC_0026546,1,0.00026437582,0.9997236,1.7912144e-07,7.4544904e-10,2.8046173e-08,1.1734205e-05,9.579254e-08
ISIC_0025506,1,0.0007916905,0.44648564,0.00013180831,5.7880094e-05,0.55151576,0.00064026046,0.00037694685
ISIC_0025013,1,1.4722049e-05,0.999984,8.726402e-10,1.19907675e-08,2.6360839e-08,1.0994318e-06,1.4100452e-07
ISIC_0027724,1,1.8614553e-06,0.9997396,1.8777723e-07,1.8666265e-08,0.00015837987,9.7915814e-05,1.9960978e-06
ISIC_0030796,1,0.006557134,0.99335504,1.2664784e-06,6.4012565e-05,1.7892731e-05,1.4764698e-06,3.2157914e-06
ISIC_0025118,1,0.09298807,0.9057225,6.981598e-06,2.1352475e-06,8.273124e-07,0.00017851773,0.0011009997
ISIC_0026512,1,0.99962974,0.00034557926,6.9914454e-06,1.0863291e-06,1.1623735e-05,1.3788339e-06,3.446077e-06
ISIC_0029183,1,0.013708692,0.9854086,6.360889e-06,2.2036389e-05,0.0007757938,1.1535186e-05,6.691438e-05
ISIC_0029298,1,0.23466064,0.76512736,5.2812936e-09,0.00019630419,3.2596958e-07,4.906448e-07,1.4883539e-05
ISIC_0024790,1,0.5186534,0.48101822,1.07282785e-05,0.00018129121,9.702296e-05,5.9129097e-06,3.3441203e-05
ISIC_0028551,1,0.000807396,0.99892396,1.5287178e-05,0.00018830945,1.728945e-05,8.1223004e-07,4.6945013e-05
ISIC_0024963,1,0.023338486,0.97125894,4.7392154e-05,0.005112911,0.00021892833,1.5408636e-05,8.020654e-06
ISIC_0025305,1,0.0063684266,0.9936055,1.5669007e-08,1.9096326e-06,1.3172657e-07,1.818418e-05,5.7936895e-06
ISIC_0029577,1,0.004097387,0.99577856,6.024394e-05,1.6970122e-05,4.5319453e-06,1.3580752e-06,4.096828e-05
ISIC_0024560,1,0.9983612,0.0016237224,3.6617396e-06,5.4320576e-06,3.2243565e-06,1.5076009e-06,1.3575767e-06
ISIC_0029046,1,0.9472043,0.017022317,0.031455226,0.0006663057,0.0035121709,1.5036817e-06,0.00013818563
ISIC_0030328,1,0.003537148,0.99623847,2.024283e-08,1.5264528e-05,1.1246852e-06,0.00020398445,3.908783e-06
ISIC_0031363,1,0.031154014,0.96872103,4.5661395e-09,1.6136218e-07,8.519555e-06,0.000114748094,1.4760992e-06
ISIC_0029369,1,0.0011476493,0.9983419,1.234674e-07,6.438164e-08,0.00049034547,1.34350985e-05,6.4149053e-06
ISIC_0028507,1,0.00028494743,0.99945396,2.124997e-07,9.132398e-06,3.7782572e-06,0.00024355094,4.342336e-06
ISIC_0029773,1,8.221165e-05,0.9997265,3.305414e-07,1.4092445e-06,0.00010268951,8.6252185e-05,5.3037826e-07
ISIC_0026452,1,0.112473786,0.8875193,2.86382e-09,1.1331775e-07,7.776333e-08,3.8529215e-06,2.911587e-06
ISIC_0027007,1,0.32979298,0.39435035,0.05509194,0.22061494,3.4529512e-05,7.524825e-05,4.000435e-05
ISIC_0026655,1,0.04382651,0.9535736,0.0017350594,0.00045531773,0.00012906353,0.00023897325,4.1532632e-05
ISIC_0028983,1,0.033257607,0.96671987,1.9293817e-05,1.2924915e-08,5.460484e-08,2.862417e-06,3.6188533e-07
ISIC_0031612,1,0.0016493319,0.9976642,2.1014623e-08,1.4524934e-05,0.000666281,3.9238666e-06,1.6850046e-06
ISIC_0030115,1,0.0002728885,0.005107486,1.1008149e-07,1.908064e-05,0.99458474,8.337272e-06,7.363935e-06
ISIC_0028364,1,0.18136264,0.81759876,3.9811916e-06,3.929576e-05,0.0009566152,1.6646419e-06,3.7138827e-05
ISIC_0026885,1,0.88031983,0.117600895,0.000115613264,2.238483e-06,0.00194709,5.094248e-07,1.3749232e-05
ISIC_0025902,1,0.012231036,0.98191166,6.4127e-06,0.005083869,8.926894e-07,0.00074150215,2.4586283e-05
ISIC_0030704,1,0.0002935292,0.990811,1.6963016e-07,0.008536096,4.4051532e-07,0.0003092255,4.9617214e-05
ISIC_0027568,1,0.56913793,0.0009378438,4.7070513e-05,0.42986932,2.3580974e-06,1.2987589e-06,4.2197053e-06
ISIC_0029679,1,5.9075184e-05,0.59330106,9.017696e-09,3.419554e-05,1.09370685e-05,0.40658897,5.7196044e-06
ISIC_0026053,1,0.97283834,0.026828164,0.00015341895,6.294326e-05,6.641112e-05,6.2106237e-06,4.4404234e-05
ISIC_0025443,1,8.91688e-05,0.99989176,1.2076908e-05,2.5162024e-06,3.98495e-06,2.882581e-07,3.1441e-07
ISIC_0028599,1,0.94648737,1.7622719e-05,6.175343e-05,1.557099e-07,0.05328858,3.032402e-07,0.00014431629
ISIC_0028378,1,0.0001110599,0.9998666,1.4575899e-06,1.1488988e-05,5.906471e-06,4.2842885e-07,3.0306642e-06
ISIC_0026852,1,0.0085356,0.99132055,5.563673e-07,3.7897127e-05,9.360078e-05,5.724001e-06,6.144606e-06
ISIC_0026491,1,0.9824984,0.012646813,2.5866407e-06,5.291383e-05,0.004772495,2.0077607e-06,2.4757936e-05
ISIC_0028808,1,0.0004016926,0.9991629,1.8097355e-09,0.00026428548,5.848008e-07,7.4149146e-05,9.626355e-05
ISIC_0026513,1,0.98844564,0.011545987,3.2024558e-10,4.0003093e-07,2.0394818e-06,3.301902e-06,2.6935954e-06
ISIC_0027540,1,0.9928497,0.00040442852,6.1495726e-08,0.0014029106,3.7222557e-07,9.59852e-07,0.0053415936
ISIC_0031700,1,0.0133027425,0.9170235,0.0007696111,0.0010085655,0.06784656,3.983218e-05,9.237006e-06
ISIC_0027073,1,0.5136375,0.44725263,0.0056584775,0.00041357486,0.032047167,0.0002420062,0.0007486509
ISIC_0024959,1,0.006242534,0.99366933,1.6528301e-09,2.9073112e-08,8.916434e-10,8.657412e-05,1.5370257e-06
ISIC_0028202,1,0.0022082448,0.9977888,1.8561138e-08,8.864712e-07,2.2554723e-07,1.7109846e-06,2.2235304e-07
ISIC_0028857,1,0.19716707,0.8027942,1.5732739e-07,1.2986197e-06,7.731149e-06,1.1840259e-06,2.833198e-05
ISIC_0025476,1,0.09954551,0.8976179,0.0028051038,1.0140169e-05,9.515611e-06,4.692175e-07,1.1390433e-05
ISIC_0026437,1,0.018929962,0.431593,0.00014639537,1.614323e-05,0.5490188,0.000276432,1.9267152e-05
ISIC_0025424,1,0.01942824,0.9805367,2.8192856e-08,1.3651377e-06,8.058357e-08,7.722777e-06,2.5898315e-05
ISIC_0027503,1,0.00026665276,0.99973243,1.6713442e-10,1.0424784e-07,1.0310063e-09,3.4930827e-07,3.7107543e-07
ISIC_0027181,1,2.3533516e-06,0.98716754,2.8638402e-07,1.9033783e-07,0.012719359,9.773121e-05,1.25429115e-05
ISIC_0025983,1,0.0017291569,0.9982072,4.245828e-07,5.4014385e-05,2.313776e-06,3.5518535e-06,3.3272079e-06
ISIC_0026818,1,3.3020304e-05,0.9999658,2.840356e-09,1.4908853e-08,3.2839947e-07,4.8054204e-07,3.9559535e-07
ISIC_0032251,1,0.022018982,0.9748523,1.3582913e-05,0.00096901046,0.00028304866,0.0018167378,4.637302e-05
ISIC_0032253,1,2.6909925e-06,0.051298484,0.00041507746,9.932352e-06,0.9481934,3.4889515e-06,7.696431e-05
ISIC_0024476,1,0.8966698,0.03316041,0.0013612005,4.9521805e-06,0.06841168,7.547808e-05,0.00031645148
ISIC_0026551,1,0.00094953214,0.9987692,1.5946789e-06,0.00014388436,0.000100166326,1.908347e-05,1.660363e-05
ISIC_0024596,1,7.591574e-05,0.99990857,6.3873836e-07,6.6371836e-06,3.3573117e-06,3.4464645e-07,4.422452e-06
ISIC_0030966,1,0.010673096,0.9889271,1.3019528e-07,0.00033008718,3.8993177e-05,1.5056969e-05,1.5412916e-05
ISIC_0026029,1,0.007452718,0.9925351,2.1456917e-06,1.6132678e-06,2.778533e-06,5.2229125e-06,4.0435603e-07
ISIC_0028032,1,0.96702266,0.031766385,2.4524958e-05,0.00044216763,0.000496228,1.3288795e-05,0.00023471356
ISIC_0026359,1,1.4364895e-05,0.9996704,9.3133934e-07,0.00028038208,9.494833e-08,3.098686e-05,2.8945374e-06
ISIC_0031076,1,0.00035665592,0.9992786,1.7449045e-06,7.9515485e-05,0.0002266977,1.6270573e-05,4.046354e-05
ISIC_0025684,1,0.0012038362,0.99879515,2.3046528e-08,2.297064e-07,2.5288074e-07,3.696899e-07,8.582937e-08
ISIC_0029054,1,0.944261,0.05546084,2.2327079e-06,1.44962005e-05,0.00024430352,3.1069349e-06,1.40882885e-05
ISIC_0028150,1,0.008615366,0.99100155,1.8490343e-08,1.166038e-06,4.987818e-07,0.0003791325,2.2734926e-06
ISIC_0025214,1,0.9758252,0.021426465,4.7931833e-05,0.00015176776,0.0024874047,2.1327367e-05,3.9908926e-05
ISIC_0030069,1,0.9992023,0.0007889222,4.9962868e-08,5.8398507e-07,4.8094303e-06,3.1481045e-07,3.017079e-06
ISIC_0026133,1,0.619301,0.3801331,4.844071e-07,5.5594945e-05,0.0003616823,3.6530568e-05,0.00011165642
ISIC_0028905,1,0.0025543983,0.9973169,9.442761e-06,6.775428e-07,9.9022116e-05,2.9643368e-06,1.6543238e-05
ISIC_0028355,1,4.170138e-08,0.9983376,3.962156e-08,3.0555472e-10,1.7783818e-06,0.0015042063,0.00015631117
ISIC_0025171,1,3.2778377e-07,0.9999393,4.3810664e-06,3.345477e-08,1.4422418e-06,4.871326e-05,5.710088e-06
ISIC_0030742,1,0.44045967,0.5337977,3.381614e-05,0.0014323627,0.021548543,0.0023179671,0.00040993365
ISIC_0028441,1,0.33355767,0.64026487,0.00085060793,0.008249967,0.009424428,0.0075338106,0.00011873683
ISIC_0031374,1,0.13560635,0.7571054,1.4985146e-05,0.00019285262,0.08986444,0.017099831,0.000116144896
ISIC_0030008,1,0.00026930447,0.9995819,3.4661193e-06,4.5263143e-08,0.00010945641,3.495932e-05,1.0425415e-06
ISIC_0027197,1,0.9080254,0.0896621,0.0020888187,3.790201e-05,2.0480617e-05,5.638412e-05,0.00010899109
ISIC_0027627,1,0.000511796,0.9994325,3.749861e-06,6.508468e-09,9.113527e-07,4.7632646e-05,3.3061558e-06
ISIC_0031081,1,0.9060018,0.0033786402,3.0249674e-07,0.0013960409,0.08903785,3.402367e-05,0.00015139762
ISIC_0029983,1,0.9761841,0.023366453,1.8942598e-06,2.223355e-05,0.00032507273,8.926449e-05,1.103573e-05
ISIC_0031583,1,0.1614384,0.83843774,1.952669e-06,4.478615e-05,2.8012228e-06,7.0046066e-05,4.2437287e-06
ISIC_0032459,1,5.685289e-07,0.9983668,1.9382202e-07,4.230296e-08,2.9139704e-07,2.0090073e-07,0.001631922
ISIC_0025730,1,0.1327154,0.8659328,5.3642398e-06,0.00062537834,0.0005315285,0.00010593797,8.363808e-05
ISIC_0031476,1,0.07460074,0.9028716,0.021629369,6.361281e-06,0.0008145481,2.6810772e-05,5.0637325e-05
ISIC_0031894,1,0.0005771098,0.99941325,2.1530349e-08,3.5502333e-07,1.3245015e-09,9.031007e-06,2.3509492e-07
ISIC_0025759,1,0.035816845,0.9640039,9.55053e-06,2.2102702e-06,3.7189202e-05,9.21332e-05,3.8162212e-05
ISIC_0031366,1,0.47326198,0.5246614,3.1061554e-06,0.001440509,1.6369188e-05,0.00060593325,1.0697576e-05
ISIC_0025640,1,0.0019702925,0.99701047,3.628036e-05,1.5797877e-05,0.0009119511,3.3860404e-06,5.1831466e-05
ISIC_0031802,1,4.898909e-05,0.9997961,2.8908758e-08,1.8658704e-06,2.9141888e-06,0.00014873166,1.3202051e-06
ISIC_0026825,1,0.89174074,0.083144166,3.501878e-05,0.00024899893,0.023558699,0.0011189212,0.00015341023
ISIC_0030625,1,0.0032694794,0.99648666,1.01478506e-07,2.4138651e-05,7.053435e-09,0.00021293137,6.781409e-06
ISIC_0024684,1,0.00065052806,0.99685633,8.0652796e-08,1.2006631e-06,0.0023979978,6.254501e-05,3.1294327e-05
ISIC_0028230,1,0.19914593,0.112397596,2.5779418e-05,0.00029083973,0.68732345,0.00010247916,0.00071382866
ISIC_0032233,1,0.0010481522,0.99891376,4.384952e-07,4.9273584e-08,5.327415e-06,9.048912e-06,2.3235109e-05
ISIC_0028116,1,0.056276817,0.7575087,6.471033e-05,8.295437e-06,0.18577282,0.00024424942,0.00012437762
ISIC_0026111,1,0.00026993605,0.9996946,2.9961073e-05,1.453233e-07,1.4208962e-07,7.437221e-09,5.338982e-06
ISIC_0026231,1,0.00014002816,0.99976796,1.9557176e-09,6.700279e-07,8.2401084e-07,8.9789886e-05,7.5683806e-07
ISIC_0027005,1,0.34032717,4.3669646e-05,2.2615966e-05,7.848401e-07,0.6596015,2.9729076e-06,1.2784669e-06
ISIC_0031871,1,0.016552787,0.9829291,1.1275491e-05,3.98263e-07,0.0005002999,8.268641e-07,5.330219e-06
ISIC_0029075,1,0.045580827,0.95434785,5.2410596e-06,1.963833e-06,5.7004156e-05,3.1533207e-07,6.769233e-06
ISIC_0028887,1,0.36589792,0.6207343,0.0015481919,4.9443817e-05,0.011647459,5.1827424e-06,0.00011747537
ISIC_0031107,1,2.085207e-05,0.9999349,2.205335e-05,5.652496e-06,6.8433046e-08,1.8999891e-06,1.4587401e-05
ISIC_0026022,1,3.6244608e-06,0.99982196,4.3088662e-07,4.1595584e-05,6.85929e-06,7.370269e-05,5.184886e-05
ISIC_0027639,1,0.9972103,0.0027020765,8.4622354e-07,3.111428e-06,8.191406e-05,4.5082712e-07,1.2994282e-06
ISIC_0031314,1,0.39369047,0.5979776,1.2140293e-06,1.4849236e-05,0.008225639,1.7631103e-06,8.847697e-05
ISIC_0029182,1,7.0753576e-06,0.06867608,0.00010595586,3.945798e-05,0.93108773,8.086939e-05,2.8656686e-06
ISIC_0030635,1,5.152387e-06,0.99982435,7.9707036e-08,4.327445e-07,8.711246e-05,6.339857e-05,1.9482271e-05
ISIC_0030817,1,0.005225377,0.9671126,9.207128e-05,7.482986e-05,0.027380487,1.6004335e-05,9.8649e-05
ISIC_0029470,1,0.0531808,0.91252977,0.0056433305,5.5585497e-05,0.028013868,0.00037536296,0.00020121492
ISIC_0024447,1,0.0022900396,0.9974306,1.1172817e-05,9.361797e-06,0.00025399934,9.398944e-07,3.7702591e-06
ISIC_0032279,1,0.009557444,0.9887687,0.00021388198,1.9928645e-07,0.001454127,5.6466405e-07,5.0124577e-06
ISIC_0028243,1,0.47130802,0.5272671,4.3484793e-05,0.00036812932,6.1944134e-05,0.0007487379,0.00020253679
ISIC_0025436,1,0.003584004,0.9960354,4.841964e-06,0.00034584475,1.8850886e-07,1.1301126e-05,1.8473236e-05
ISIC_0029079,1,0.010535979,0.9885666,4.990646e-05,0.00079331006,1.8570769e-05,2.440332e-05,1.1272843e-05
ISIC_0025571,1,0.73036516,0.26804,0.001271551,5.817139e-05,0.00020114666,1.8276496e-05,4.5762474e-05
ISIC_0025776,1,0.0004367467,0.9683681,6.140301e-05,0.0016814655,0.029439671,3.4547506e-06,9.089123e-06
ISIC_0025908,1,1.765224e-05,0.99944407,7.952539e-07,0.0003327114,0.00020245199,5.201068e-07,1.8229567e-06
ISIC_0028945,1,0.114308625,0.88567126,5.9755125e-06,1.1429775e-09,6.352595e-06,6.54091e-06,1.2462111e-06
ISIC_0030401,1,0.0064804787,0.99351573,2.9902396e-06,5.6874176e-09,3.5154656e-08,5.7021737e-07,1.729609e-07
ISIC_0031131,1,0.10024303,0.85445523,0.00012485383,0.0012727259,0.042335246,0.0008359558,0.0007329695
ISIC_0031473,1,0.004007532,0.0029531387,1.9073179e-05,0.029361194,0.96159714,4.4529126e-05,0.0020174526
ISIC_0029671,1,7.4753785e-05,0.99988234,2.7158436e-07,3.6584726e-05,4.580919e-06,9.359758e-09,1.421134e-06
ISIC_0028787,1,0.68079394,0.3148087,0.00012001109,9.561765e-06,0.0042511006,1.0642934e-06,1.5660213e-05
ISIC_0026008,1,0.71738106,0.2813128,3.7660106e-05,2.8388353e-05,0.0012294638,8.571821e-07,9.677219e-06
ISIC_0026753,1,0.005881514,0.99335176,5.387608e-06,2.0480269e-05,0.0007156126,2.2874012e-05,2.3835469e-06
ISIC_0031134,1,0.0002701304,0.9989023,4.9430546e-06,1.28577485e-05,0.00077981286,1.6622858e-05,1.3246934e-05
ISIC_0025488,1,9.903426e-05,0.99897003,2.162217e-07,3.654127e-05,0.0006381994,0.00013846249,0.00011752538
ISIC_0027999,1,0.0021493542,0.9974368,7.726315e-09,2.5935371e-06,1.5177621e-06,0.00034619085,6.343256e-05
ISIC_0031238,1,0.17234734,0.08750742,2.8501438e-06,0.007870829,0.72922194,0.0024921342,0.00055755844
ISIC_0026374,1,0.6801586,0.0016164059,3.9376306e-07,0.0019548752,0.31220278,0.00018492118,0.0038819795
ISIC_0024827,1,0.6117973,0.36883035,0.0002943774,0.006412139,0.01217698,1.6450398e-05,0.00047241343
ISIC_0031304,1,0.44866064,0.19222909,9.4720024e-05,0.027435,0.32527953,0.0017388606,0.004562071
ISIC_0028809,1,0.0010373845,0.9985801,5.743015e-05,4.801098e-06,0.0001674351,3.1936688e-05,0.00012100969
ISIC_0028865,1,0.8648885,0.09201026,0.000100144214,1.5298433e-06,0.042765215,0.0001459198,8.8434885e-05
ISIC_0028464,1,0.00030745764,0.9996418,4.5229503e-05,1.007439e-09,7.7130046e-08,4.959359e-06,4.7313893e-07
ISIC_0025237,1,0.038538113,0.7308274,0.02958727,0.046917316,9.991349e-05,0.0025445283,0.1514854
ISIC_0029390,1,1.7883352e-05,0.9932596,0.0057532894,0.00016676568,0.00019331988,0.0003780236,0.0002311017
ISIC_0027873,1,0.00011816149,0.9998814,1.5079458e-09,8.158038e-09,2.6318334e-09,9.826574e-09,4.57631e-07
ISIC_0027262,1,1.1942601e-05,0.98633844,1.614065e-06,2.0011845e-07,3.658126e-08,1.8169256e-06,0.01364599
ISIC_0024916,1,2.8150957e-06,0.9999194,1.06867635e-08,3.5195393e-09,4.9796768e-08,4.023958e-07,7.7324024e-05
ISIC_0030978,1,0.026820935,0.0089864135,0.024562143,3.732157e-05,0.9393888,2.56509e-06,0.00020177389
ISIC_0028649,1,0.0017939046,0.9981937,2.7647961e-06,8.9771465e-06,5.356097e-07,6.1311862e-09,1.6236719e-07
ISIC_0027984,1,0.007826854,0.99213916,1.4599585e-06,3.1940513e-07,2.1017819e-05,1.08582626e-07,1.1066616e-05
ISIC_0030810,1,0.24146113,0.48685992,1.9891584e-06,0.0074915513,0.25059935,0.013393111,0.0001929352
ISIC_0026711,1,0.001048533,0.9983485,1.1547125e-05,9.0084336e-07,0.0005567145,1.17881755e-05,2.1970642e-05
ISIC_0028118,1,0.99530965,0.004686696,4.2725216e-07,6.765287e-07,1.9177392e-06,3.2703547e-08,6.9563356e-07
ISIC_0027959,1,1.2553057e-05,0.9999856,3.4696968e-11,1.6992098e-08,1.0444455e-06,7.263007e-07,1.5823288e-07
ISIC_0031599,1,0.004242972,0.99180335,7.9335626e-07,3.7899815e-07,1.9513807e-05,0.0005452271,0.0033878384
ISIC_0028226,1,2.8976374e-06,0.99980336,5.578682e-10,9.761478e-08,3.8454533e-07,5.532718e-05,0.00013796848
ISIC_0032157,1,1.9657884e-05,0.9998925,1.45677825e-08,6.7227868e-09,4.977577e-08,3.7125803e-05,5.0764367e-05
ISIC_0030263,1,8.665453e-07,0.99994683,1.7022218e-07,4.256435e-06,1.8600887e-05,3.7056172e-06,2.5582976e-05
ISIC_0028891,1,5.7085213e-05,0.16246472,9.380224e-06,0.0006911222,0.7999704,0.0037592514,0.033048023
ISIC_0032018,1,0.0015688471,0.13893163,8.294092e-06,0.00024839223,0.8327402,0.00063849374,0.025864096
ISIC_0025540,1,0.00022880151,0.9997248,4.0768035e-07,2.837368e-07,3.1927317e-05,1.19592e-05,1.910283e-06
ISIC_0032333,1,0.0027005975,0.99728346,6.9157697e-09,1.1008631e-06,5.3832804e-07,8.083949e-06,6.2610334e-06
ISIC_0028596,1,0.03200475,0.96778977,7.1326963e-06,1.5205819e-06,0.00015282347,4.856754e-07,4.359666e-05
ISIC_0024519,1,0.0007573095,0.9992101,7.879628e-08,1.2491125e-06,8.527218e-06,1.5211872e-06,2.1256481e-05
ISIC_0026676,1,0.003796287,0.9924239,2.179619e-05,1.0091761e-05,0.0035944034,3.7583686e-05,0.000115867646
ISIC_0027211,1,0.0023873434,0.9976094,2.1384002e-07,3.959037e-09,4.0266826e-07,1.4956577e-06,1.1426307e-06
ISIC_0030900,1,0.87057793,0.12864178,2.4451074e-06,6.7620123e-09,0.0007285086,4.1778272e-05,7.4781547e-06
ISIC_0029328,1,0.022641668,0.6850781,0.013416862,0.00074167585,0.2576805,0.018074,0.0023671205
ISIC_0030384,1,0.47081062,0.2693303,1.3671844e-05,3.878585e-05,0.2597529,4.9471884e-05,4.249739e-06
ISIC_0029498,1,0.00036176678,0.9980361,2.7246908e-10,0.00018971771,2.4806277e-06,8.0185186e-05,0.0013297377
ISIC_0026333,1,0.0067628175,0.9888939,3.892389e-08,0.0033191084,1.0707573e-06,8.697569e-05,0.00093612523
ISIC_0028272,1,1.1999005e-06,0.9999497,5.1276447e-06,5.9082574e-08,1.0168367e-07,9.337681e-07,4.2926407e-05
ISIC_0026603,1,0.0004566372,0.9989581,2.4828103e-06,7.697559e-05,0.00046298958,2.9497394e-05,1.330734e-05
ISIC_0028042,1,6.8671534e-07,0.9999753,3.027993e-09,6.5591416e-07,2.3947312e-06,1.8733297e-05,2.1271692e-06
ISIC_0030229,1,7.793232e-05,0.9999001,1.7369625e-07,3.9400184e-06,1.435565e-05,1.3810138e-06,2.0184284e-06
ISIC_0030485,1,0.0018769286,0.9929469,4.3958053e-06,2.7342455e-06,0.0011276224,2.3536111e-05,0.0040179
ISIC_0031803,1,0.00014733698,0.9998293,4.8751787e-08,6.9660694e-10,9.927483e-06,4.5746881e-07,1.2845219e-05
ISIC_0025278,1,1.3713106e-06,0.9999931,1.961784e-10,7.273427e-10,2.4449212e-08,2.258913e-06,3.2416615e-06
ISIC_0032312,1,3.956106e-05,0.9996706,5.5176965e-08,5.7509837e-08,4.2292195e-05,0.00023589998,1.1532354e-05
ISIC_0028562,1,0.00031557065,0.12250887,0.8668029,4.9335927e-07,0.003936912,9.756787e-06,0.006425555
ISIC_0025553,1,0.00026440504,0.008221969,0.7582712,4.442948e-07,0.23290104,2.3448512e-05,0.00031757215
ISIC_0030589,1,0.009635466,0.05970316,0.03336521,0.00017781561,0.8969871,5.361576e-05,7.765012e-05
ISIC_0030091,1,0.14616108,0.19097364,9.812947e-06,0.00091922976,0.6616994,1.8673985e-05,0.00021814858
ISIC_0026889,1,4.7683843e-05,0.9999497,1.3340278e-09,1.4238928e-08,7.055677e-10,1.996862e-06,5.9731866e-07
ISIC_0030963,1,1.2352335e-05,0.9999875,5.1022277e-12,2.0321531e-11,5.091345e-10,6.283813e-08,1.4725841e-08
ISIC_0029786,1,0.5883615,0.4103639,2.005836e-06,1.236586e-06,1.910826e-05,0.0011534345,9.8777935e-05
ISIC_0027642,1,0.97518855,0.022592794,7.2416726e-05,7.94563e-06,3.367483e-08,0.0019379433,0.00020028737
ISIC_0030059,1,8.217633e-06,0.0020794002,7.0523245e-05,1.0370166e-05,0.99765116,0.00015235606,2.7947852e-05
ISIC_0028658,1,0.008124556,0.99125344,1.0019613e-05,2.3077756e-07,0.0005319908,4.9664245e-06,7.4829724e-05
ISIC_0030300,1,5.3187005e-06,0.99997413,1.38904666e-08,1.0841817e-06,6.2367796e-08,1.7059167e-05,2.4061974e-06
ISIC_0030086,1,0.018766072,0.98104054,2.3041282e-07,2.7317907e-05,1.8877796e-06,6.2937834e-05,0.00010102378
ISIC_0031395,1,0.80935425,0.001344335,0.10783386,0.0016615344,0.07935929,4.811655e-05,0.00039861523
ISIC_0032706,1,0.99770856,0.0022492136,1.5657524e-06,4.9164502e-08,9.929003e-06,2.6865895e-05,3.9335578e-06
ISIC_0033445,1,0.0017048047,0.9981193,1.8152164e-08,9.3744816e-08,3.5969623e-07,3.5110713e-06,0.0001718519
ISIC_0033682,1,0.0037548414,0.9922585,7.079529e-06,4.0226857e-07,0.003972728,6.689573e-07,5.7742486e-06
ISIC_0032979,1,0.9383049,0.06069654,1.2602781e-05,4.969275e-07,0.0008877462,8.170124e-06,8.9513e-05
ISIC_0033890,1,0.0008119167,0.9983419,8.133252e-07,3.8868663e-07,0.00083166396,8.6322433e-07,1.24838725e-05
ISIC_0033335,1,0.007843201,0.9920974,3.6350574e-08,4.09053e-08,7.3753576e-08,2.1262122e-05,3.797116e-05
ISIC_0032616,1,5.00588e-05,0.99993896,1.8933268e-09,3.4289993e-09,1.0618849e-05,1.6282615e-07,2.6859217e-07
ISIC_0033225,1,0.69236225,0.3075788,3.3228248e-06,2.6547482e-08,3.5394456e-05,3.781705e-07,1.9767334e-05
ISIC_0033615,1,0.82012945,0.17976697,3.4608415e-06,9.1116647e-07,1.1277246e-05,1.2503494e-05,7.5465425e-05
ISIC_0034163,1,9.3677e-06,0.9984699,5.5843736e-07,1.0297584e-05,0.0015042995,2.4832138e-08,5.536344e-06
ISIC_0034277,1,0.0002506866,0.9934796,8.94997e-07,8.650927e-06,0.0062556104,1.3521375e-06,3.1994546e-06
ISIC_0034147,1,0.00018226943,0.9993926,1.3965376e-07,0.00016184147,0.0002403418,1.4840638e-05,7.871776e-06
ISIC_0033247,1,0.0004429451,0.9992872,4.013678e-07,1.8596009e-05,0.00010086789,2.9190455e-06,0.00014706538
ISIC_0033918,1,1.5179993e-06,0.99714845,5.3492357e-08,1.0683993e-06,0.002848534,3.0417524e-08,4.0777414e-07
ISIC_0032889,1,0.0003581211,0.9880933,6.6654064e-07,0.0071105105,0.0040264153,2.8292056e-06,0.00040812854
ISIC_0033997,1,0.9397196,0.060257327,3.736712e-07,9.488821e-08,7.1953207e-07,2.1329293e-05,6.7920496e-07
ISIC_0032712,1,0.0014427669,0.99846053,1.8683666e-09,1.9858771e-07,3.6602326e-06,9.138677e-05,1.3792189e-06
ISIC_0033164,1,0.04339493,0.95659333,8.960059e-08,3.1809884e-07,1.0059613e-06,6.179962e-06,4.0954715e-06
ISIC_0033395,1,0.64727765,0.26966012,0.02722974,1.5449e-05,0.055515904,4.2117226e-05,0.00025901472
ISIC_0033355,1,0.009091324,0.98898554,9.786984e-05,3.8158464e-07,0.0018072291,1.6205953e-05,1.5502242e-06
ISIC_0033095,1,0.960959,0.038305044,0.000692941,1.0836323e-07,3.9756043e-05,2.6896298e-06,5.1019833e-07
ISIC_0033040,1,9.148844e-06,0.9999846,8.770647e-09,3.1114624e-09,2.747969e-06,2.0188031e-06,1.4623471e-06
ISIC_0032631,1,0.00077007705,0.9976774,0.00015810427,9.220787e-07,0.0010926318,0.00010173372,0.00019917735
ISIC_0032528,1,5.322536e-07,0.9999993,5.6080174e-10,5.698918e-10,2.3004002e-08,6.8391315e-10,1.0903178e-07
ISIC_0033879,1,0.0076302313,0.9922766,2.6098258e-08,2.2851168e-09,8.737823e-05,3.8702306e-06,1.8210768e-06
ISIC_0033495,1,1.404023e-05,0.999985,1.1406084e-07,7.038902e-08,1.0595646e-07,4.2569405e-07,1.2461572e-07
ISIC_0033161,1,9.5708114e-05,0.97443455,0.0001253291,3.459221e-07,0.025303861,2.2090191e-05,1.8166875e-05
ISIC_0032796,1,2.5389181e-06,0.9999937,2.7599162e-07,3.6103835e-09,1.3034148e-07,2.2527272e-06,1.0538522e-06
ISIC_0032828,1,0.0049990453,0.8682546,6.881341e-07,0.00010474767,0.12641238,4.672053e-06,0.00022386288
ISIC_0033690,1,0.003626125,0.9070775,0.00022231018,0.00042277883,0.08755748,0.00094087503,0.00015295236
ISIC_0033898,1,0.000185136,0.9996172,3.3857253e-09,0.00017513553,7.992278e-07,8.539617e-07,2.0868698e-05
ISIC_0032647,1,3.2343727e-05,0.99472284,6.1235737e-06,3.82132e-06,5.0724128e-05,0.0048959358,0.00028824434
ISIC_0024715,1,2.2209665e-06,0.999498,1.4991796e-06,2.8864058e-06,0.00016349198,0.00021277707,0.00011906211
ISIC_0034072,1,1.8849122e-06,2.4692185e-06,2.1934138e-06,6.9784396e-09,0.9999932,5.966817e-08,1.9143441e-07
ISIC_0032849,1,0.5927235,0.4065662,7.4937516e-06,9.947666e-05,0.0003520285,5.2747684e-05,0.00019859553
ISIC_0033043,1,0.011645165,0.9805511,3.2702224e-07,1.3574179e-06,6.2527535e-05,0.0044839587,0.0032555342
ISIC_0033467,1,2.1427352e-06,0.9999945,1.9275603e-09,5.31698e-09,2.3479224e-06,3.2447014e-07,6.2140583e-07
ISIC_0033039,1,0.13022108,0.86684465,1.025479e-06,7.091765e-05,0.0024681506,0.00030341305,9.087537e-05
ISIC_0033892,1,0.0071483916,0.9928214,1.6506318e-06,1.4421575e-07,2.5521966e-05,4.321291e-07,2.4858539e-06
ISIC_0032571,1,0.005799131,0.9932888,1.5145951e-05,8.365501e-07,0.00065384293,0.00023327899,8.9998875e-06
ISIC_0033101,1,0.12986821,0.8651522,0.00011002956,0.00019051389,0.0046101175,1.3399321e-05,5.5596407e-05
ISIC_0034081,1,8.4038475e-05,0.9999089,1.1921895e-07,1.6190514e-08,6.8677615e-08,5.5208334e-06,1.3320621e-06
ISIC_0034312,1,0.00012220923,0.999818,5.0053764e-06,2.2078526e-05,1.6183645e-07,4.040999e-06,2.8473429e-05
ISIC_0033841,1,0.0021459854,0.9978523,4.6442214e-10,1.0619243e-08,8.421096e-09,7.866845e-09,1.6563274e-06
ISIC_0034266,1,0.00013784804,0.9998197,3.2508394e-09,8.933851e-10,1.3815527e-09,2.9221837e-06,3.9501625e-05
ISIC_0034130,1,0.0016510277,0.9979868,3.209083e-07,7.754044e-08,0.00035987652,1.3897769e-06,3.7238476e-07
ISIC_0033809,1,8.873681e-05,0.8133689,1.2261367e-07,2.6758923e-07,0.004538976,0.18199576,7.1755485e-06
ISIC_0032814,1,0.007517304,0.99244314,2.923123e-08,1.2624501e-07,1.1636827e-05,3.255998e-06,2.4401992e-05
ISIC_0033330,1,1.1051153e-05,0.9999862,2.2651955e-07,6.3909475e-08,4.1220204e-07,1.8628274e-06,1.2698624e-07
ISIC_0033515,1,0.04519815,0.95473564,4.8537095e-06,2.4240745e-07,5.3601387e-05,6.1304586e-06,1.4246301e-06
ISIC_0034040,4,0.3148574,0.59815574,6.0920356e-06,1.6069276e-07,0.0869532,2.4410661e-05,3.0690433e-06
ISIC_0029355,1,0.00014543397,0.9997838,6.155078e-07,1.2054433e-05,1.602575e-05,3.8939168e-05,3.1666848e-06
ISIC_0031209,1,8.6825463e-07,0.9999672,3.2801432e-07,2.3593945e-09,5.6260997e-06,2.5447282e-05,5.7400393e-07
ISIC_0024437,1,1.5503629e-05,0.98797256,1.2929459e-08,3.2626867e-06,0.011729869,0.00015962099,0.000119174605
ISIC_0031105,1,2.513044e-06,0.99979264,2.2789952e-06,2.3807434e-08,1.1790353e-05,2.493641e-05,0.00016585989
ISIC_0027345,1,0.00028190014,0.9918358,0.006409516,1.4466392e-05,0.0014232099,7.776989e-06,2.7317368e-05
ISIC_0031148,1,0.0027492153,0.9971505,2.5999178e-05,3.1035762e-07,2.6427373e-05,1.1162214e-05,3.6415626e-05
ISIC_0028008,1,6.4952714e-05,0.9998896,9.576911e-07,6.182219e-06,2.0674295e-06,2.0232987e-06,3.4173623e-05
ISIC_0026440,1,7.7770885e-05,0.9991048,1.9991822e-08,1.8814982e-10,4.948522e-05,0.00075963605,8.223597e-06
ISIC_0029038,1,0.68567795,0.31430817,3.2980512e-07,2.5243375e-07,1.8225966e-06,1.0993205e-05,4.6398864e-07
ISIC_0031222,1,4.0449322e-05,0.9999397,3.6102335e-07,9.674956e-09,1.2569514e-07,1.044469e-05,8.912253e-06
ISIC_0032273,1,1.6417378e-05,0.9998615,1.3042056e-06,7.643703e-09,7.307103e-05,4.4336916e-06,4.325762e-05
ISIC_0027924,1,1.7366428e-05,0.99996114,2.346604e-08,6.8442896e-09,1.5569956e-05,5.0418186e-07,5.4807224e-06
ISIC_0031547,1,2.5466452e-06,0.99999225,5.0178737e-06,1.0473921e-10,8.0770526e-08,5.6908345e-08,1.3439737e-07
ISIC_0032221,1,0.050423704,0.94844925,0.00092682795,4.8676156e-06,2.637579e-05,0.000105922954,6.3053754e-05
ISIC_0031649,1,0.053342156,0.8901739,0.0016862134,0.029582646,0.02412024,0.0009508789,0.00014394717
ISIC_0032173,3,8.240271e-06,0.00010639999,2.3829809e-05,0.9996013,0.000120927754,1.4188801e-05,0.0001251647
ISIC_0033456,3,0.11206155,1.5338926e-06,2.9971561e-06,0.58381414,0.25191072,0.04309456,0.009114535
ISIC_0030408,3,0.00077308115,3.5176845e-06,1.5954029e-07,0.8893058,0.02411032,0.08526074,0.00054642244
ISIC_0030297,3,0.0058634523,0.023750229,9.635375e-05,0.6611361,0.19713531,0.111824,0.00019454063
ISIC_0026411,3,1.5486648e-07,3.8439225e-06,7.857415e-05,0.98514044,0.0147211095,3.2344095e-05,2.3514092e-05
ISIC_0029634,3,0.9997898,1.0024993e-06,1.1541749e-09,0.000202001,1.0122696e-06,6.3418897e-06,3.1257027e-08
ISIC_0030803,3,0.00390653,0.0015164706,0.03853425,0.8928404,0.027774978,0.007263869,0.028163495
ISIC_0025831,3,0.0021063613,0.00255738,0.064379685,0.0014973641,0.92666656,0.000268013,0.0025245862
ISIC_0027719,3,1.0643724e-06,6.4563304e-05,3.2144126e-07,0.99481404,7.362139e-07,0.0049047098,0.00021457959
ISIC_0025069,3,0.00016709752,0.0024896115,0.0029149898,0.004203504,0.99001443,0.00017273171,3.7666043e-05
ISIC_0028816,3,5.201074e-05,6.0241723e-06,0.0024452535,0.99701,4.810065e-05,0.00012662094,0.00031193177
ISIC_0028232,3,0.00037077992,2.5013278e-06,3.2284868e-06,0.9979121,0.0011075314,0.000559115,4.476844e-05
ISIC_0030191,3,0.17716436,0.18910682,0.0005894184,0.15589237,0.47690678,1.792394e-05,0.00032228557
ISIC_0025331,3,4.321328e-09,3.86915e-07,4.4326594e-08,0.99360573,0.0063933837,4.1973598e-07,2.737098e-08
ISIC_0027577,3,0.0008211774,0.00037756455,6.6561523e-07,0.10788404,0.8866331,0.0005390584,0.0037444273
ISIC_0032349,3,0.9292515,0.0009144456,0.009138215,0.019414308,0.039442148,0.0014534573,0.00038597698
ISIC_0027708,3,1.3640089e-05,4.6148398e-07,3.9060265e-05,0.004078253,0.9958488,2.525676e-06,1.7192886e-05
ISIC_0029541,3,0.115472645,0.0058988216,0.005454137,0.81601715,0.056304403,0.00040567707,0.00044712704
ISIC_0030827,3,0.0001417066,0.0021113849,0.00012197979,0.020526929,0.9769642,6.5247004e-05,6.855e-05
ISIC_0026729,3,8.959759e-06,1.4661372e-10,1.0086224e-09,0.9999802,2.2761935e-07,7.281753e-06,3.292941e-06
ISIC_0028372,3,3.647309e-07,0.13093808,2.4096644e-07,0.077349156,0.7909816,0.0007000117,3.0552223e-05
ISIC_0027506,3,1.135071e-06,0.00036240715,2.841566e-07,0.034838933,0.96478516,1.5661394e-06,1.0576267e-05
ISIC_0026625,3,0.0052261692,8.767106e-05,0.00067043706,0.925359,0.06669434,1.0797179e-05,0.0019515783
ISIC_0028854,3,0.020222755,4.5542374e-06,1.5783176e-07,0.9717862,0.0073837424,0.00060129416,1.3306335e-06
ISIC_0027650,3,0.029853366,0.0010696246,4.473474e-05,0.19345002,0.77526516,8.086429e-05,0.00023614336
ISIC_0030341,3,5.066708e-05,0.00041753388,0.0037533657,0.6808722,0.30968645,0.0049376152,0.00028207133
ISIC_0025808,3,0.00752764,0.0009496889,0.0012693222,0.9388992,0.04740637,0.00017659007,0.0037711766
ISIC_0024771,3,1.6635282e-08,1.1195198e-10,6.245884e-06,0.9999746,1.9630206e-06,2.744822e-06,1.437889e-05
ISIC_0029371,3,0.0033348224,0.0026406292,0.9597949,0.015694614,0.002327451,0.012472534,0.0037351465
ISIC_0031659,3,0.00044933677,0.012749287,0.83118635,0.003988644,0.141326,0.009829611,0.00047074174
ISIC_0024946,3,2.9828692e-07,5.1553245e-10,3.210573e-05,0.9999366,1.478434e-05,3.2952366e-07,1.5858952e-05
ISIC_0028872,3,0.00015416733,0.9782431,0.0030332748,0.0033209533,0.015212469,1.6393552e-06,3.4333403e-05
ISIC_0031292,3,0.003242853,6.5309905e-07,1.3395987e-07,0.99452,0.001757949,1.8783018e-06,0.00047657941
ISIC_0026083,3,0.0009154159,0.6417069,0.043269582,0.0048419456,0.3089156,0.00015663699,0.00019387092
ISIC_0025637,3,0.036796983,0.16188537,0.0011382005,0.12457068,0.66898245,0.0012412646,0.0053850454
ISIC_0033494,3,0.01710965,0.0038026518,4.4714026e-05,0.24886252,0.70584273,0.024022305,0.00031544757
ISIC_0032371,3,8.149926e-10,2.8382557e-10,3.3288218e-06,0.99999523,9.624474e-07,7.346365e-09,5.0261144e-07
ISIC_0033413,3,0.00019623908,9.859307e-09,4.514127e-05,0.9848127,0.00035193292,0.014588029,5.858862e-06
ISIC_0029840,3,1.8667676e-09,1.5600543e-10,6.2701373e-09,0.9995602,0.0004395335,2.6083288e-07,5.8872306e-08
ISIC_0032154,3,0.6984091,0.18231194,0.0010353952,0.043629423,0.07277296,0.0006767453,0.0011645029
ISIC_0026549,3,0.70593446,0.090354264,0.013643087,0.008368233,0.1727403,0.001379334,0.007580403
ISIC_0029573,3,0.5832757,9.194551e-06,1.3865937e-08,0.22299199,0.17294788,0.0023842938,0.018390978
ISIC_0025350,3,1.1106496e-06,1.2039321e-07,0.29215717,0.69846284,0.009017734,1.2305665e-06,0.00035978702
ISIC_0029598,3,0.0032312872,2.468375e-06,0.06608823,0.83249027,0.09808655,8.598948e-05,1.5268375e-05
ISIC_0029002,3,7.4428055e-05,1.2348609e-07,0.00019735894,0.93270946,0.048253562,0.018486679,0.0002783685
ISIC_0030730,3,0.8976951,0.00021113717,2.9202495e-06,9.6299984e-05,0.1019161,6.9094756e-05,9.327694e-06
ISIC_0025247,3,1.2494769e-06,1.0024396e-06,0.0006346929,0.31776908,0.68140197,1.2954452e-05,0.00017906349
ISIC_0029043,3,7.3568145e-07,9.745378e-09,6.4729906e-09,0.9999937,1.2031342e-06,2.2654253e-06,2.1377102e-06
ISIC_0026132,3,0.014924469,0.027311284,0.0002269088,0.022716101,0.9347813,4.1360815e-07,3.9509472e-05
ISIC_0028335,3,0.9602517,0.00045822686,2.6489915e-06,0.0013003725,0.037842676,1.0052468e-05,0.00013421351
ISIC_0027580,3,0.01165406,0.00077790156,0.004768568,0.079690106,0.8925727,0.008042399,0.0024941587
ISIC_0024468,3,5.9739225e-10,9.370544e-16,2.7931843e-10,1.0,1.1039227e-10,3.318281e-09,4.8882377e-08
ISIC_0031823,3,0.0005028653,7.479744e-10,0.00014852235,0.98706144,0.000108201835,0.00022508527,0.011953871
ISIC_0028063,3,0.00023328717,0.0013873444,1.242221e-09,0.9978259,1.08877165e-08,2.0462246e-06,0.00055139686
ISIC_0027802,3,0.00010778445,0.00112496,6.4108544e-06,0.99689746,5.22643e-07,0.0018517443,1.1158552e-05
ISIC_0031927,3,0.00039480612,5.2568447e-07,2.681984e-10,0.9996006,7.087011e-07,2.3584124e-09,3.4802117e-06
ISIC_0027550,3,0.47878024,0.28788832,0.0662107,0.00094538415,0.16105096,0.004907855,0.00021649091
ISIC_0030344,3,0.18354541,0.007054613,0.057150446,0.38694337,0.36522186,1.9897478e-05,6.441191e-05
ISIC_0026171,3,4.6254772e-08,1.3720504e-09,5.690395e-10,3.912824e-08,0.9999999,3.809423e-09,1.3416044e-07
ISIC_0032135,3,3.205438e-05,9.112847e-06,5.790316e-09,0.9982754,0.0016798851,1.8675127e-07,3.3746812e-06
ISIC_0032206,3,0.0005917092,4.6585383e-06,2.5099598e-06,0.9969195,1.9815758e-07,0.0021090428,0.0003723651
ISIC_0030036,3,0.0002889582,4.310261e-05,0.0007486043,0.99344736,0.001717011,0.002261826,0.0014931327
ISIC_0024654,3,5.3148713e-05,1.5834063e-06,7.5263924e-05,8.772908e-07,0.9998666,7.255446e-08,2.4952183e-06
ISIC_0031108,3,5.040999e-07,5.8026028e-05,3.115459e-05,0.99711907,1.0767764e-05,0.0023269467,0.00045356926
ISIC_0030655,3,0.10701391,0.8783653,2.2473681e-05,0.0007729728,0.013752207,5.8158304e-05,1.5061547e-05
ISIC_0029141,3,0.8722533,0.005310138,0.0025848432,0.0106176445,0.10841532,0.00070531777,0.00011348824
ISIC_0033705,3,0.89757717,2.2108501e-05,3.0512118e-07,0.102372006,2.3732966e-05,4.924357e-07,4.1391872e-06
ISIC_0031430,3,0.00019062324,0.00061004853,0.00017851844,3.5943255e-08,0.9977259,0.000519033,0.0007758719
