image_id,label,prob_MEL,prob_NV,prob_BCC,prob_AKIEC,prob_BKL,prob_DF,prob_VASC
ISIC_0032343,4,7.970892e-08,0.0042031943,4.2120033e-07,1.9460668e-07,0.99579597,5.1575967e-08,2.5304432e-08
ISIC_0030698,4,4.104281e-06,0.054008447,2.0874628e-05,1.4110994e-10,0.94593483,6.626768e-08,3.1654552e-05
ISIC_0025567,4,1.7092855e-09,1.1693531e-06,1.361531e-07,3.2545238e-09,0.9999987,6.5285466e-09,3.08261e-08
ISIC_0029161,4,1.4668241e-05,0.10941862,0.06422672,0.00020858902,0.821671,0.00033770787,0.004122724
ISIC_0026273,4,6.460568e-08,0.00025985102,7.470403e-05,9.484535e-06,0.992898,4.857819e-06,0.0067529324
ISIC_0025076,4,0.00037757633,0.99961287,4.8181374e-08,2.8792522e-09,6.053577e-06,1.1780118e-07,3.408406e-06
ISIC_0029687,4,0.00017660714,0.9994562,8.171501e-07,1.3276221e-08,0.00036557362,4.6324314e-07,3.4520056e-07
ISIC_0025642,4,0.0005290607,0.8759158,1.2237115e-07,7.356339e-08,0.11981515,2.5381925e-05,0.003714351
ISIC_0031691,4,6.320419e-07,0.0012230139,0.0007905636,7.340806e-05,0.99790984,1.814062e-06,7.732037e-07
ISIC_0025419,4,0.044391178,0.337763,0.25423986,3.8587135e-05,0.31152225,0.00031922662,0.051725857
ISIC_0030105,4,1.5628793e-05,0.029455585,0.0001117169,5.9146867e-05,0.9598536,6.377927e-08,0.010504135
ISIC_0029301,4,7.567407e-05,0.9975157,1.3186273e-07,1.4003883e-08,0.00129973,0.0010119968,9.688909e-05
ISIC_0026637,4,4.116654e-06,0.02231066,2.677352e-05,5.0424397e-08,0.9774024,0.00010847165,0.00014751777
ISIC_0030377,4,0.10225368,0.86333835,2.0938745e-05,1.3510316e-07,0.034282397,1.9165827e-05,8.536203e-05
ISIC_0031468,4,0.00024033592,6.672399e-05,2.576716e-07,1.3028201e-06,0.99969137,7.866206e-09,3.6474797e-09
ISIC_0030926,4,0.040620595,0.008285772,7.796009e-06,0.000116524185,0.9509448,2.6076515e-07,2.4265455e-05
ISIC_0029288,4,1.13871165e-05,5.633858e-05,2.9904164e-05,0.0005119521,0.99938893,2.0269165e-07,1.1491546e-06
ISIC_0031008,4,0.00010004464,5.7794925e-05,0.00017953488,0.08717129,0.91229665,0.0001792902,1.5346573e-05
ISIC_0024698,1,0.28142914,0.7185613,3.3035613e-07,4.0409645e-06,1.0259935e-06,8.377606e-07,3.3403885e-06
ISIC_0025099,4,1.07582755e-05,0.9640003,4.5895144e-06,5.137167e-09,0.0358788,1.8117285e-06,0.000103765735
ISIC_0031485,4,7.478417e-05,0.9775244,2.5320094e-07,7.715077e-11,0.022397937,7.841881e-07,1.8532062e-06
ISIC_0032283,4,0.000118119875,0.0022794597,3.2942273e-05,0.0001500159,0.99719185,0.00022705818,5.7461216e-07
ISIC_0030005,4,0.099040985,0.00014843296,1.0413601e-05,1.7001401e-05,0.898211,0.0024917799,8.034497e-05
ISIC_0030189,4,7.1645414e-09,8.4785154e-07,5.1914768e-08,8.8202216e-07,0.9999981,1.0719764e-07,9.258953e-09
ISIC_0026532,4,1.2401334e-06,4.7143614e-05,8.076952e-06,4.963797e-07,0.99994254,1.0496434e-07,3.5232912e-07
ISIC_0029674,4,0.00029601462,0.020302864,8.02348e-09,7.1749105e-07,0.9793931,5.975156e-06,1.322282e-06
ISIC_0028607,4,0.0006381039,0.4925147,7.082914e-05,1.6572083e-05,0.50667894,7.899821e-05,1.8544911e-06
ISIC_0024623,4,3.4784816e-07,4.1425477e-07,0.00024806976,5.8289675e-07,0.99972945,2.094911e-05,1.5693227e-07
ISIC_0029613,4,6.2316685e-06,1.5969951e-07,0.00025463983,7.567563e-05,0.99966264,4.0572385e-07,2.8585006e-07
ISIC_0025906,4,1.29943105e-11,2.565472e-05,8.361645e-11,4.6337602e-15,0.99997103,3.187477e-06,1.10597256e-07
ISIC_0027151,4,0.004194107,0.9878144,0.00010988948,2.7639963e-08,0.007600934,2.489237e-05,0.0002557969
ISIC_0028646,4,0.03000972,0.40772873,2.1378935e-05,0.0003815289,0.56072813,0.00013890186,0.0009915791
ISIC_0026794,4,4.2300893e-05,0.0011179445,0.00032498906,0.9827115,0.015732037,6.545869e-05,5.775693e-06
ISIC_0034318,4,5.175706e-06,0.0002612443,0.00024296854,1.283515e-07,0.99940777,3.4252225e-06,7.9275276e-05
ISIC_0032972,4,1.8687682e-07,5.5756645e-05,2.0305108e-05,2.0083783e-07,0.9999149,7.3615515e-06,1.3022307e-06
ISIC_0032929,4,0.0026590226,0.00094210514,0.00020095479,0.00036346263,0.9958189,1.634021e-07,1.549266e-05
ISIC_0032963,4,0.00013519457,8.5575275e-06,0.0025976477,0.00012657962,0.99712104,8.763454e-06,2.2376587e-06
ISIC_0033583,4,0.013565533,1.3829329e-05,2.838392e-07,1.4075353e-10,0.9864201,1.391475e-07,1.105311e-08
ISIC_0033465,4,6.6710854e-05,6.970239e-05,3.887326e-07,1.249667e-08,0.99986255,4.5601524e-07,1.1740437e-07
ISIC_0032514,4,0.4458473,0.20883512,0.0004883088,0.0055300165,0.3392696,2.2074744e-05,7.549986e-06
ISIC_0033400,4,4.941021e-08,0.00036951542,2.2432546e-06,1.2653743e-07,0.9995689,5.9055154e-05,1.590212e-07
ISIC_0033677,4,1.6108891e-06,0.0007543558,2.3195275e-06,7.38209e-07,0.99889416,0.00034662956,2.2324501e-07
ISIC_0033262,4,4.215687e-05,0.13139556,6.698358e-05,3.5335806e-06,0.86632377,0.00214327,2.473427e-05
ISIC_0033410,4,2.5722727e-06,0.00016065905,0.040306475,1.6735392e-05,0.95950943,3.6041063e-06,6.021584e-07
ISIC_0032725,4,1.5953464e-10,1.5921104e-08,0.00060445216,3.3621816e-07,0.99939513,1.7374672e-08,8.245673e-09
ISIC_0033264,4,2.3144423e-06,2.285436e-07,1.8185764e-08,1.8997828e-09,0.9999975,1.6269992e-08,3.7916053e-08
ISIC_0032665,4,8.058005e-06,0.00077361794,7.899824e-07,3.0257372e-06,0.9992136,2.8418845e-07,6.559235e-07
ISIC_0033130,4,0.008167143,0.18970127,0.013638587,0.33515838,0.45323288,2.3975044e-05,7.766736e-05
ISIC_0033321,4,0.97836816,1.4799588e-07,4.876825e-07,5.429759e-08,0.01958778,0.0020432677,1.1214568e-07
ISIC_0032757,4,2.346926e-05,0.85498124,7.136586e-07,5.0250384e-07,0.14495456,2.407614e-05,1.5442653e-05
ISIC_0032508,4,3.2993962e-06,0.04378285,5.9136863e-07,2.4003842e-08,0.95621234,2.6812465e-08,8.370949e-07
ISIC_0034201,4,4.0466584e-05,0.0021312803,2.8489952e-08,3.4655308e-09,0.99782807,2.5733668e-08,3.3170423e-08
ISIC_0033776,4,2.119801e-10,7.500516e-09,4.0278314e-06,2.3972412e-08,0.99999595,1.1509726e-08,3.706785e-08
ISIC_0033056,4,6.3671325e-11,3.09426e-09,2.0075697e-07,3.9144015e-06,0.99999475,9.397484e-07,1.550877e-07
ISIC_0033744,4,0.95354545,0.0010874133,3.5175788e-05,0.00011311693,0.045189142,2.5620357e-05,4.0275677e-06
ISIC_0033659,4,0.78787184,0.011231248,2.7705262e-05,0.14172632,0.058997046,0.00012821406,1.7584742e-05
ISIC_0034303,4,0.0007572942,0.98224026,0.00013496829,0.005134322,0.011696305,1.1033648e-05,2.582438e-05
ISIC_0034031,4,0.00021403343,0.9747251,0.0003595178,1.1678592e-05,0.024310615,0.00030673674,7.221731e-05
ISIC_0033124,4,0.026035903,0.7259479,0.0009892847,0.012331607,0.23274772,0.0010306446,0.00091695454
ISIC_0033507,4,2.4995554e-05,1.5561197e-06,4.6159516e-07,1.4489635e-09,0.99997294,1.588479e-09,4.2067594e-08
ISIC_0033791,4,0.00012293686,8.339332e-07,2.9478545e-07,1.0736254e-07,0.9998758,1.549716e-08,9.563239e-08
ISIC_0034003,4,4.7588005e-06,2.8622533e-06,4.4703405e-09,2.2534308e-05,0.9999697,5.3303054e-08,6.338242e-08
ISIC_0033079,4,9.9450466e-05,2.107156e-06,1.4103535e-06,3.0495855e-07,0.9998913,5.497388e-06,5.8790686e-08
ISIC_0029014,4,2.4806171e-05,0.0048062163,2.0878315e-05,0.9905934,0.0045536077,8.066263e-07,3.4982173e-07
ISIC_0031376,4,4.6636374e-06,0.00010804608,5.930665e-07,0.0038856254,0.9960006,2.6158997e-07,2.0712227e-07
ISIC_0031620,4,0.00482348,0.013720043,2.92342e-05,0.050185252,0.9312281,3.3572547e-07,1.3630828e-05
ISIC_0025136,4,0.01992429,0.9768098,0.0030361197,5.9223963e-05,9.998434e-05,3.5245557e-05,3.5210618e-05
ISIC_0027652,4,0.022815237,0.26385182,3.094323e-06,0.0010998307,0.71216893,5.1492876e-05,9.525152e-06
ISIC_0028020,4,4.4439968e-08,3.7186903e-06,3.0724024e-07,2.6767765e-08,0.9998456,1.3911576e-06,0.0001489578
ISIC_0025867,4,3.5630623e-05,9.454768e-09,4.411988e-07,9.615113e-07,0.99996257,3.1047128e-07,3.6663763e-09
ISIC_0026623,4,0.00019900344,0.0018399922,0.0013809677,0.9963947,9.949095e-05,7.3542295e-05,1.2321649e-05
ISIC_0029394,4,2.7100752e-05,0.9965101,1.2682403e-05,9.809959e-07,0.0034398157,1.4168924e-06,7.879521e-06
ISIC_0026893,4,4.803288e-10,5.661463e-05,7.317494e-06,0.010998556,0.9884254,0.00051160686,6.343071e-07
ISIC_0026844,4,0.22368608,0.34667784,0.013053764,0.3472769,0.05584076,0.00087118545,0.012593567
ISIC_0025885,4,0.7854076,0.006624314,0.00095912954,0.00095202733,0.20598172,3.0227011e-05,4.49067e-05
ISIC_0025656,4,1.5552585e-06,1.0154188e-07,8.280184e-07,6.687479e-06,0.9999696,1.0064181e-07,2.1146625e-05
ISIC_0027374,4,2.0247738e-07,5.865069e-06,2.6649694e-05,6.3783614e-07,0.9999542,6.417698e-09,1.2312994e-05
ISIC_0025507,4,0.0025960281,0.019730022,0.0005948456,0.0005621926,0.9763995,9.678696e-06,0.0001077951
ISIC_0031556,4,0.015211934,0.9404947,8.6738815e-05,0.0006476556,0.04348718,3.8404796e-05,3.3326116e-05
ISIC_0027068,4,2.4148e-05,0.9998765,1.244143e-06,6.188654e-05,3.5451147e-05,2.8300619e-08,7.5253257e-07
ISIC_0031130,4,1.9775688e-07,1.3945054e-06,1.0024006e-06,9.458389e-09,0.9999889,6.4565686e-10,8.455655e-06
ISIC_0028308,4,0.026285619,0.5523714,0.027266271,0.2620945,0.12800446,0.003894989,8.273299e-05
ISIC_0028354,4,1.916983e-05,0.0011952418,0.002449012,0.019802207,0.97651005,1.02837e-06,2.323446e-05
ISIC_0027037,4,7.0940455e-06,0.0008785839,2.1325188e-06,3.5448131e-06,0.99893993,0.00016735827,1.3559381e-06
ISIC_0032486,4,0.0032123136,0.08102413,8.305273e-06,0.00030614148,0.9154374,4.7076674e-07,1.1178247e-05
ISIC_0026607,4,0.0015503333,0.22788504,0.7419336,3.4099037e-06,0.028603954,1.5324482e-05,8.41797e-06
ISIC_0029062,4,0.0017203775,0.97818154,3.2566906e-05,0.0006573716,0.01940385,8.51331e-07,3.516045e-06
ISIC_0025485,4,9.4368524e-08,5.179487e-06,5.7696195e-07,2.1101909e-05,0.9999728,1.3356691e-07,1.297501e-08
ISIC_0025874,4,0.9810564,0.000612562,2.9475086e-05,4.5736947e-06,0.01818361,0.00011005651,3.2977598e-06
ISIC_0030706,4,0.03596526,0.9630753,4.3253115e-07,0.0009004727,5.388916e-05,8.98055e-08,4.565489e-06
ISIC_0027026,4,0.013212295,0.4498847,3.0923027e-05,0.0008153626,0.011210258,0.5238138,0.0010326364
ISIC_0024773,4,0.014037512,0.07729269,0.002347425,0.4928875,0.41330725,0.00010170904,2.5919746e-05
ISIC_0028952,4,0.011073521,0.08014376,0.0016275011,0.01517573,0.8803333,0.009292859,0.0023533038
ISIC_0030203,4,0.018176187,0.21930899,0.036427088,0.0004190983,0.7255572,8.871003e-05,2.2641314e-05
ISIC_0030459,4,3.8497374e-06,1.5473892e-05,6.1144465e-06,9.945442e-07,0.9999702,2.5928196e-06,7.493216e-07
ISIC_0029776,4,0.012562644,0.00059793086,3.4090738e-06,2.607277e-08,0.98673105,0.00010475985,1.7919221e-07
ISIC_0030522,4,0.0056776423,0.98057324,2.5313213e-06,8.373084e-07,0.013742254,1.2313553e-06,2.209631e-06
ISIC_0025985,4,1.5971496e-08,0.0007233469,0.043798212,4.966765e-08,0.95544606,8.361326e-06,2.396626e-05
ISIC_0025830,4,0.09808492,0.021199696,0.00014012048,9.9667035e-05,0.88041794,3.2758177e-05,2.4822173e-05
ISIC_0026661,4,4.856944e-05,0.04288896,0.0003546552,1.828249e-05,0.9566815,4.151146e-06,3.900586e-06
ISIC_0026477,4,0.0011738115,0.9987784,2.8752129e-06,1.2710805e-06,5.0943786e-06,3.4301372e-06,3.504223e-05
ISIC_0031851,4,6.467221e-05,3.7849706e-09,1.0821736e-05,0.99762183,0.0022997262,2.8830053e-08,2.9246385e-06
ISIC_0030436,4,0.5079668,0.00018942298,0.06763102,0.42410615,4.5090484e-05,4.409755e-06,5.709263e-05
ISIC_0024741,4,4.344524e-07,1.6210593e-06,3.1677832e-08,2.2737947e-06,0.99999046,5.1451116e-06,2.4522565e-08
ISIC_0032230,4,4.233564e-06,8.629897e-05,5.070521e-07,6.954592e-06,0.9999006,9.45961e-07,4.2670348e-07
ISIC_0029525,4,0.0004116221,0.00035110585,1.0187399e-06,1.1214024e-05,0.99922454,4.5018604e-07,8.981731e-08
ISIC_0029474,4,0.00017905404,2.395632e-07,1.1430054e-08,1.52958e-08,0.99982077,4.4989092e-09,1.4130447e-08
ISIC_0027219,4,1.4624829e-06,2.0876196e-05,5.112947e-06,6.266025e-08,0.9999716,9.0409617e-07,2.2822524e-08
ISIC_0026265,4,0.00044339104,0.011081335,2.9384271e-05,0.38455075,0.6038854,6.1560186e-06,3.5642367e-06
ISIC_0024426,4,0.00040319134,1.8517736e-05,0.00039679906,8.7191955e-05,0.9990938,3.3554252e-07,3.2933073e-07
ISIC_0025376,4,0.12798178,0.7472688,0.0066239457,0.0050502713,0.113033645,2.6554077e-05,1.4925447e-05
ISIC_0030806,4,0.00072710944,4.9611986e-06,4.4082222e-05,1.9192814e-06,0.9992204,6.793255e-07,9.380863e-07
ISIC_0028388,4,0.11928685,0.13634834,0.005383282,0.0032592735,0.7340874,0.0011713987,0.00046341427
ISIC_0030636,4,5.779887e-10,7.783356e-10,1.4662719e-06,2.642736e-09,0.99999845,1.6412322e-08,2.8702184e-08
ISIC_0029897,4,8.45076e-06,8.942532e-06,0.00018638167,0.00018420833,0.9996112,3.2190704e-07,4.2380276e-07
ISIC_0029580,4,0.0024907677,5.222444e-05,0.8487316,0.0011792053,0.14718188,0.00035966985,4.6663986e-06
ISIC_0027527,4,1.05227445e-08,6.478277e-07,3.3813164e-11,3.3958296e-09,0.9999994,1.2982923e-09,1.17794094e-08
ISIC_0025693,4,2.6073225e-05,4.1106072e-05,2.3688049e-06,4.1244938e-08,0.9999304,1.0372843e-09,3.733419e-08
ISIC_0032116,4,0.01132785,0.22375606,0.00042939337,0.00026401863,0.7638201,0.00025252873,0.00015009507
ISIC_0026849,4,0.00023506701,0.00071839464,0.7440577,0.0014030638,0.1764273,0.07158985,0.005568556
ISIC_0029139,4,7.871774e-06,3.54689e-07,9.060052e-08,1.0330212e-09,0.99999106,5.5628686e-07,3.0417027e-08
ISIC_0024471,4,3.082627e-06,0.08319111,0.00013057682,0.00046210975,0.91606843,0.00012683416,1.798505e-05
ISIC_0029878,4,7.4529964e-07,0.255244,7.843562e-05,4.8470945e-05,0.74460924,1.3029608e-06,1.7862032e-05
ISIC_0026245,4,0.5409906,0.4440058,0.0023921225,0.0005243078,0.011571329,0.00037821638,0.00013761659
ISIC_0026378,4,0.0021712966,2.029182e-05,2.230164e-05,4.058981e-07,0.99778545,8.8807205e-08,2.985537e-08
ISIC_0030188,4,0.9772366,0.02208452,8.667774e-05,3.7051374e-05,0.00034602915,0.00020882075,3.2161668e-07
ISIC_0028223,4,1.07393134e-07,0.0008778776,0.00028098715,0.001090074,0.99775046,9.1792366e-08,4.744403e-07
ISIC_0026614,4,0.019669287,0.22960474,0.00061889546,0.19217071,0.5563254,0.00077460194,0.00083641417
ISIC_0028237,4,0.009716986,0.00024750206,5.409815e-06,3.670624e-09,0.9900259,3.9945476e-06,2.505759e-07
ISIC_0029585,4,0.00018687414,0.04312377,1.0585929e-05,5.7985908e-08,0.9566752,6.3242544e-07,2.9233856e-06
ISIC_0026290,4,0.06906355,0.32705724,2.8350955e-06,0.001759396,0.602005,5.6460336e-05,5.5518456e-05
ISIC_0031050,4,0.00053468085,0.00031296333,1.3359585e-06,4.0426376e-06,0.9991327,1.27796175e-05,1.5594512e-06
ISIC_0024761,4,4.3273928e-07,9.2991744e-05,2.6049256e-06,5.991543e-08,0.9999038,3.0879193e-08,3.726227e-08
ISIC_0025519,4,0.08274722,0.010095284,4.530136e-05,2.568856e-07,0.9070713,1.284414e-05,2.788555e-05
ISIC_0030319,4,0.16617873,0.0004426598,4.8469683e-05,6.468929e-07,0.8331745,2.3507466e-05,0.0001314281
ISIC_0024371,4,2.3144783e-05,0.8634372,0.00019820426,2.4728553e-08,0.13608253,0.0001597604,9.9170626e-05
ISIC_0031808,4,2.6898979e-05,1.6438358e-05,4.2857184e-07,2.5648635e-07,0.9999542,3.9261334e-07,1.3706938e-06
ISIC_0027470,4,0.00023864799,0.99935454,1.7048613e-05,2.360728e-05,0.00030787804,2.4550636e-05,3.379794e-05
ISIC_0024910,4,2.5659617e-07,6.643183e-05,1.4524277e-06,1.5247513e-05,0.99991596,2.3278344e-07,4.0019657e-07
ISIC_0026675,4,1.4397162e-05,0.0017006801,1.7895622e-06,1.170313e-06,0.9982773,1.0561726e-07,4.564459e-06
ISIC_0026070,4,0.35992387,0.50348276,1.1111725e-05,0.029011676,0.102799006,0.0046315505,0.00014005144
ISIC_0032235,4,0.018051833,0.5911871,2.3249411e-05,0.10558067,0.27893975,0.0062128557,4.530267e-06
ISIC_0025374,4,1.476341e-06,8.99395e-07,4.784724e-09,1.7538594e-11,0.9999976,3.3721856e-10,2.4775615e-09
ISIC_0027335,4,0.9997682,0.00022574706,3.7131915e-07,7.832719e-07,4.3925525e-06,4.077898e-07,5.300634e-08
ISIC_0028656,4,0.00024836327,0.0043578865,5.0334847e-08,7.7670116e-08,0.99538827,2.7611277e-06,2.598447e-06
ISIC_0031716,4,0.00049219554,0.00026204664,0.0013678789,9.353871e-06,0.9977112,0.00015670383,7.1637646e-07
ISIC_0028650,4,0.009715867,0.030656278,0.015796592,0.0010921067,0.9422224,0.00027166517,0.00024512355
ISIC_0027973,4,0.0014775249,0.00041344363,4.0583738e-05,6.212649e-07,0.99806637,1.4057483e-06,8.4038746e-08
ISIC_0027018,4,4.268866e-06,1.6462258e-05,5.9917977e-05,0.9976816,6.6031265e-05,0.002167867,3.7807508e-06
ISIC_0025389,4,0.0062066047,3.6255526e-07,0.004499208,0.9868433,0.00059636554,0.0016949993,0.00015917844
ISIC_0029384,4,3.7479072e-05,0.0034766432,1.0227957e-06,1.7517055e-05,0.9964413,2.3896304e-05,2.0743348e-06
ISIC_0027982,4,1.159274e-08,6.7205e-05,1.2264259e-07,2.6053568e-09,0.99993265,1.0948055e-09,6.625444e-09
ISIC_0030318,4,1.7690296e-07,0.00014948777,2.8749437e-06,5.047822e-09,0.99984753,4.0053588e-10,2.8388518e-08
ISIC_0026737,4,9.8684e-09,0.005700643,3.1119732e-06,2.501671e-08,0.99429566,8.191251e-08,4.2238295e-07
ISIC_0028749,4,0.0001039126,9.213208e-05,1.7743297e-08,6.349627e-07,0.9998031,7.818756e-08,7.608743e-08
ISIC_0031334,4,1.3305089e-05,0.00017371312,2.2297434e-05,0.0008012847,0.99898916,1.32791325e-08,1.890787e-07
ISIC_0029302,4,6.48282e-08,1.8251382e-06,2.9232103e-09,1.1253445e-08,0.999998,1.2252813e-08,5.3700755e-10
ISIC_0029206,4,0.2938001,0.010045489,7.700381e-05,0.00018993614,0.6954513,0.00041436142,2.1847685e-05
ISIC_0030310,4,0.91832143,0.0003927312,0.00014223333,2.0525938e-05,0.08110428,1.8426304e-05,4.1492166e-07
ISIC_0028229,4,0.0034088208,1.7524786e-05,3.0447314e-05,0.18128471,0.81518394,5.241233e-05,2.2146562e-05
ISIC_0030372,4,8.255697e-06,0.0003746153,0.13128535,0.019840967,0.84835553,0.000105149265,3.0159172e-05
ISIC_0028404,4,7.1115454e-07,2.4629344e-06,0.9868246,0.0005717837,0.012595044,1.9347397e-06,3.455262e-06
ISIC_0027017,4,0.00391205,2.3795021e-06,0.0025970738,0.004224121,0.986339,0.002612556,0.00031278507
ISIC_0028707,4,0.0009770227,0.0015576592,0.0043279887,0.9561738,0.0068610124,0.030068144,3.4503693e-05
ISIC_0027509,4,0.0016058368,1.9418083e-06,8.731866e-05,9.881693e-07,0.9983038,1.26271065e-08,4.2064614e-09
ISIC_0030240,4,1.00262355e-07,1.9523113e-06,6.457153e-06,3.823727e-06,0.9999877,4.4890394e-09,2.2200495e-09
ISIC_0031261,4,4.6007983e-08,0.00022784859,0.00012872426,6.2869926e-06,0.99963593,6.85767e-07,4.0062895e-07
ISIC_0026015,4,0.0017182293,0.035544373,9.83371e-08,0.0046362313,0.95806944,3.1066873e-05,6.421061e-07
ISIC_0028124,4,4.9072143e-05,3.1779346e-05,6.105575e-06,4.8500274e-06,0.99990773,8.146796e-08,2.996826e-07
ISIC_0024709,4,3.6928014e-07,4.0902393e-10,1.038639e-08,1.1969363e-05,1.730032e-09,0.99997246,1.525204e-05
ISIC_0030241,4,0.004404397,0.014532203,5.2491894e-05,0.004237356,0.976752,8.217266e-07,2.0797437e-05
ISIC_0024786,4,0.000892846,0.00029593313,3.0668757e-06,1.6699432e-05,0.99879116,2.9649456e-07,8.362232e-08
ISIC_0029927,4,1.4232213e-06,4.7393704e-07,2.116985e-06,3.6156275e-06,0.999992,3.3532092e-07,5.9550306e-08
ISIC_0026567,4,7.233543e-05,0.0016292532,8.188852e-06,1.1626147e-05,0.9982766,2.4386924e-07,1.6380579e-06
ISIC_0029102,4,0.0030368995,1.427882e-06,3.9979977e-07,0.0004980541,0.99646217,8.1581555e-07,2.4542365e-07
ISIC_0027154,4,6.557467e-09,2.0042947e-09,2.6960728e-07,2.941479e-07,0.9999995,8.016631e-10,1.2373145e-08
ISIC_0030383,4,0.20061666,0.04380317,0.00012301248,3.78751e-07,0.7554406,7.704383e-06,8.478556e-06
ISIC_0025465,4,5.720156e-06,0.0142181665,0.000117347314,3.3283487e-07,0.9856572,7.830879e-07,3.530401e-07
ISIC_0024489,4,0.08399493,2.0936188e-05,0.03427201,0.13879804,0.7427353,0.000170392,8.37785e-06
ISIC_0026276,4,8.910618e-05,1.1153424e-05,0.0009056997,6.517182e-05,0.99888843,3.9571707e-05,9.3367777e-07
ISIC_0026277,4,0.03511183,0.14601494,0.000109742374,0.0019521686,0.81674886,8.18974e-07,6.159772e-05
ISIC_0031888,4,0.00036646894,0.00020046104,0.0013172923,0.041653328,0.95579594,0.0005630319,0.00010358348
ISIC_0024705,4,7.8269676e-07,1.0823611e-06,2.2625304e-08,1.12982415e-08,0.99999774,1.9695824e-08,3.2070142e-07
ISIC_0026803,4,1.966793e-07,7.472265e-07,1.8405427e-08,4.8070554e-11,0.99999905,3.6392125e-09,1.8630546e-09
ISIC_0026248,4,9.7420354e-08,3.404992e-06,1.7530834e-05,0.00011510796,0.99986374,1.8980085e-08,5.6913947e-08
ISIC_0027194,4,8.263722e-09,8.8616105e-08,8.282134e-06,5.9312955e-05,0.9999317,1.7437893e-07,4.1515216e-07
ISIC_0031677,4,0.00046226845,1.439486e-07,3.4161865e-05,2.1804019e-07,0.9995017,8.209186e-07,5.9416044e-07
ISIC_0032159,4,4.3514324e-06,9.623534e-05,2.7940985e-07,3.9874397e-08,0.99989843,5.770844e-08,5.6981287e-07
ISIC_0024382,4,0.0002611101,3.650266e-05,5.580754e-06,9.451727e-06,0.9996873,1.3351139e-08,7.004856e-08
ISIC_0025466,4,0.0007463021,0.7127094,3.1973782e-06,0.00040694518,0.28560668,0.00048794894,3.9448947e-05
ISIC_0029931,4,0.001708173,0.0006148625,1.3666931e-07,1.571109e-08,0.9976755,1.3074521e-06,1.6860104e-08
ISIC_0026311,4,5.9354253e-12,1.7459842e-10,1.4618109e-09,2.1380364e-11,1.0,1.4664332e-12,9.209943e-11
ISIC_0029270,4,0.0004491479,4.5352117e-06,1.6549128e-06,1.6224906e-08,0.99954385,4.6166033e-07,3.632568e-07
ISIC_0027820,4,1.3890319e-08,0.0006857773,4.7331284e-07,2.043498e-06,0.99931145,6.161103e-08,2.1838675e-07
ISIC_0025851,4,6.289558e-06,0.004941401,3.655608e-06,0.00013355442,0.99491453,1.3575574e-07,3.986744e-07
ISIC_0028347,4,8.264875e-05,0.916453,0.00021506402,0.0002797524,0.08295372,2.3625635e-06,1.33313415e-05
ISIC_0033722,4,0.018696018,0.962322,7.0476176e-07,5.734727e-08,0.018973863,4.4221447e-06,2.9206021e-06
ISIC_0033199,4,0.00012829766,9.977844e-05,2.779347e-06,2.1224734e-05,0.9997476,2.5065245e-07,8.57722e-08
ISIC_0032719,4,0.014172519,0.014798379,1.2573462e-05,4.066431e-05,0.9709745,5.408323e-07,7.7730704e-07
ISIC_0033260,4,3.7471373e-10,8.955516e-07,8.372683e-09,4.411078e-08,0.99998665,7.487152e-09,1.2336762e-05
ISIC_0032643,4,3.9358632e-08,2.8046247e-06,3.0774836e-09,4.565925e-08,0.99991786,3.282909e-08,7.922888e-05
ISIC_0033732,4,4.0293347e-08,1.6753596e-05,9.820395e-07,0.00017365642,0.99980086,4.1112603e-08,7.750262e-06
ISIC_0033854,4,3.6949394e-05,0.9996424,9.492526e-07,8.191695e-09,0.00029492684,9.214463e-08,2.461607e-05
ISIC_0034142,4,3.7481496e-07,3.0808934e-08,1.5916021e-06,0.0108611,0.9891366,2.6333925e-07,8.7550134e-08
ISIC_0033784,4,0.16167033,0.032650556,0.00059625454,0.020293832,0.7844565,5.1226278e-05,0.00028134583
ISIC_0033307,4,0.85396016,0.026419872,8.3456165e-05,0.09567921,0.023757014,1.8137143e-05,8.204845e-05
ISIC_0033855,4,4.3916265e-07,0.00036894393,1.8805715e-06,4.362994e-05,0.9995846,9.249357e-08,4.0503775e-07
ISIC_0034186,4,1.2981722e-05,2.743415e-07,1.1506406e-08,2.259208e-09,0.99998593,2.7263118e-08,7.2702653e-07
ISIC_0032113,4,0.00036652997,0.30500412,0.001521033,0.22004913,0.46926218,0.003367,0.00043007312
ISIC_0027142,4,1.3112432e-07,0.4136347,3.914672e-05,8.997962e-09,0.5863223,1.0495953e-08,3.7279412e-06
ISIC_0032249,4,9.0253695e-07,0.6380013,0.00013255951,0.071809456,0.19794287,0.088233285,0.003879658
ISIC_0024383,4,1.9618018e-09,5.4472034e-06,2.3634777e-07,1.00327654e-07,0.99999404,1.4966513e-08,7.027644e-08
ISIC_0029793,4,3.7376137e-07,0.03216224,6.4831323e-07,9.01587e-05,0.96706903,2.4980764e-05,0.0006526206
ISIC_0029107,4,0.00045889846,0.47061548,1.9866959e-05,3.126829e-05,0.52851295,1.7112111e-06,0.00035988502
ISIC_0031511,4,2.0832183e-06,0.00055509043,4.0624214e-05,0.00024999527,0.99913615,4.9369933e-06,1.1216701e-05
ISIC_0026422,4,1.9519288e-08,0.008204165,3.626704e-07,1.992915e-08,0.991789,2.6328576e-07,6.0866187e-06
ISIC_0030316,4,6.437596e-05,0.15249234,8.835544e-05,0.011689785,0.835528,7.046282e-06,0.00013004699
ISIC_0028497,4,9.311206e-05,0.37129605,0.0037900931,0.0029055786,0.62070394,1.3376763e-05,0.001197924
ISIC_0026846,4,2.5224094e-06,0.00022647525,2.589204e-05,5.2109334e-07,0.9997415,7.280212e-07,2.4004491e-06
ISIC_0028826,4,1.8482477e-07,0.01029529,7.943328e-06,2.0633477e-08,0.9896881,3.352554e-06,5.060617e-06
ISIC_0031226,4,3.4451226e-08,0.012687748,8.7238e-06,5.9100483e-05,0.9872365,4.139774e-06,3.776802e-06
ISIC_0027954,4,1.1076967e-05,0.00075185293,5.9312533e-05,1.0634109e-09,0.99917346,9.1913864e-07,3.3807787e-06
ISIC_0024850,4,0.038038064,0.9514523,5.049287e-06,2.5612505e-07,0.010349273,7.188982e-05,8.312243e-05
ISIC_0025758,4,8.8141036e-07,0.015291959,0.000114777926,3.8599446e-06,0.98457474,4.759389e-07,1.3222864e-05
ISIC_0025392,4,2.446336e-07,0.0031698425,2.6874884e-06,3.4918496e-10,0.9968177,4.6973682e-08,9.466836e-06
ISIC_0029731,4,0.00014220887,0.61200446,5.266518e-05,2.1533073e-07,0.38779598,1.684636e-08,4.5332877e-06
ISIC_0025804,4,6.311802e-05,0.9977731,8.280313e-07,1.1083433e-06,0.0021486,1.2783094e-05,5.1715966e-07
ISIC_0031024,4,2.234368e-08,0.001146513,3.4202385e-06,6.9825105e-06,0.9988427,2.0748642e-07,1.7933675e-07
ISIC_0030056,4,5.376017e-08,5.348837e-06,3.6087642e-06,1.4938952e-07,0.9999908,1.5022843e-07,1.7341877e-08
ISIC_0029195,4,2.1615863e-08,0.0028263405,4.138825e-06,1.945166e-07,0.997106,8.428423e-08,6.321372e-05
ISIC_0030207,4,4.2898853e-09,4.2763608e-05,3.0804765e-07,1.5092095e-09,0.9999542,1.0228997e-09,2.6857747e-06
ISIC_0031223,4,1.8799233e-09,4.9513965e-06,1.5642439e-07,1.6581075e-07,0.99999464,1.191388e-09,3.712575e-08
ISIC_0031125,4,0.00019806121,0.024356686,8.843365e-06,0.0010823902,0.9731309,3.207068e-05,0.0011911774
ISIC_0025431,4,7.179062e-09,5.7256184e-05,7.930448e-05,4.320524e-10,0.999835,1.2429007e-08,2.8397953e-05
ISIC_0027332,4,4.471151e-06,0.99332446,2.962535e-07,2.5910953e-07,0.006520546,2.80576e-05,0.000121974335
ISIC_0026556,4,3.1679754e-06,0.0023051328,3.0104364e-05,0.0009556592,0.99668723,2.6216094e-06,1.6081127e-05
ISIC_0031362,4,5.6347176e-08,1.3038727e-05,4.4950735e-07,5.3827415e-07,0.99998534,2.1374907e-08,6.6494994e-07
ISIC_0026941,4,7.680066e-07,0.2183646,2.1257702e-06,7.5670173e-06,0.7812081,9.7927616e-05,0.00031896867
ISIC_0025654,4,1.6686373e-08,8.002277e-07,1.5102718e-07,1.5703773e-07,0.9999988,3.0717466e-08,7.409283e-08
ISIC_0029880,4,2.6874693e-08,5.1596214e-07,6.000139e-08,2.3878775e-07,0.99999857,1.0777948e-08,5.9821554e-07
ISIC_0026042,4,8.622038e-05,0.779073,0.099128604,0.00639707,0.11392971,0.00012971486,0.0012555745
ISIC_0027326,4,0.00066741055,0.23298274,2.2509388e-05,6.246666e-05,0.76614773,0.00010044731,1.6688551e-05
ISIC_0032642,5,0.002976491,0.7131252,1.4343163e-06,0.00021284015,0.002346186,0.28132936,8.44289e-06
ISIC_0033790,5,0.006521384,0.3604929,0.00027842858,0.0052466076,0.008879809,0.61847687,0.000104014565
ISIC_0033675,5,0.004196899,0.19469233,1.2717013e-06,0.0004809511,0.008654045,0.791839,0.00013543958
ISIC_0032247,5,0.0029326011,0.18795332,0.000708963,0.0020282078,0.50909454,0.29702607,0.00025626496
ISIC_0031429,5,0.027596202,0.8913401,5.4638873e-05,0.06620148,0.010484189,0.004054999,0.0002684052
ISIC_0025302,5,9.266974e-05,0.99860185,0.00011023911,0.00021196643,1.1367714e-05,0.00087881356,9.312112e-05
ISIC_0024318,5,3.524871e-11,2.0844551e-13,4.2973067e-08,4.4520187e-13,1.7535766e-10,0.9999999,5.7183733e-08
ISIC_0024396,5,3.766142e-08,8.214693e-11,1.2893914e-09,8.1836393e-10,7.137311e-10,0.99999964,3.662298e-07
ISIC_0033808,5,7.8886035e-07,0.99968886,3.0406895e-09,2.480081e-10,1.4056768e-07,0.00031006665,1.7248996e-07
ISIC_0033847,5,1.6375161e-06,0.9985966,2.8298313e-09,1.1823676e-06,8.865592e-08,0.0013999789,5.146804e-07
ISIC_0033860,5,7.599851e-06,0.9997341,1.9965114e-08,7.520609e-09,0.00022244148,3.5649537e-05,2.1792725e-07
ISIC_0024994,5,4.7558288e-07,0.008895535,1.214104e-08,2.2198806e-08,7.869822e-06,0.9910781,1.8010389e-05
ISIC_0030830,5,0.4769604,0.50757885,4.5436386e-06,1.5776222e-07,0.0022355672,0.013136653,8.378765e-05
ISIC_0025911,5,1.8445842e-08,5.8224046e-05,1.1972315e-09,7.1010653e-10,0.0009623974,0.9989791,2.77138e-07
ISIC_0026254,5,3.848115e-06,0.00406285,2.6368516e-05,8.1000394e-08,0.9901816,0.0055990196,0.00012617683
ISIC_0028651,5,9.955277e-07,0.68193626,1.7944698e-05,9.002999e-09,7.3311935e-07,0.31773058,0.0003135012
ISIC_0029973,5,2.7323426e-06,0.091628216,1.6539929e-05,1.4674758e-08,0.0002784897,0.90799487,7.908826e-05
ISIC_0029130,5,1.4585743e-08,1.7492779e-08,3.1405987e-09,2.7330371e-09,1.5910273e-05,0.9999821,1.8966626e-06
ISIC_0027216,5,1.5260005e-07,0.005012918,3.692555e-08,4.265985e-05,6.190415e-08,0.9949437,4.1333698e-07
ISIC_0031023,0,0.9999354,6.131457e-05,1.9784966e-07,3.8299333e-09,2.8912239e-06,3.69066e-08,1.0304008e-07
ISIC_0028086,0,0.9985506,0.0011876047,0.00011471498,1.08085665e-08,0.00013837624,7.0468814e-06,1.6434543e-06
ISIC_0026993,0,0.9999957,2.9598812e-06,2.40914e-08,2.4465638e-09,2.996764e-07,6.3499837e-09,8.7507686e-07
ISIC_0025451,0,0.009640471,0.98170656,3.5459034e-06,1.1004176e-06,0.008465628,4.8529746e-06,0.00017792571
ISIC_0032248,0,0.6648628,0.0003150914,2.83767e-05,0.33444875,0.00018090673,0.00013903975,2.4965924e-05
ISIC_0028445,0,0.2553998,0.42741323,6.2395164e-05,8.244653e-06,0.31703672,7.368002e-06,7.2159106e-05
ISIC_0027076,0,0.009116384,0.8778186,0.0045839497,4.365873e-06,0.10840619,5.932676e-05,1.11600175e-05
ISIC_0029512,0,0.5827327,0.37026387,0.00036067917,0.0050871363,0.010691709,0.030702034,0.00016188453
ISIC_0027872,0,0.7355021,0.01499823,2.4205989e-05,3.846762e-05,0.2317837,0.017596249,5.7027173e-05
ISIC_0025303,0,0.9658667,0.033704907,9.084962e-08,4.0169166e-06,0.00042053554,3.4337413e-06,3.823139e-07
ISIC_0030129,0,0.9564956,0.043062586,1.8684644e-07,4.687412e-05,0.00023000322,0.00016453241,2.5325133e-07
ISIC_0031953,0,0.0030572317,0.9967585,3.166589e-06,2.3205656e-07,0.00014663448,8.0666774e-07,3.3422617e-05
ISIC_0031406,0,0.07887187,0.85805935,0.011621246,0.0031094858,0.048053626,0.00019375022,9.071992e-05
ISIC_0027277,0,0.9975591,0.0004078713,9.352936e-06,0.0019919316,3.6281838e-07,3.1370594e-06,2.826309e-05
ISIC_0028642,0,0.99874496,0.00052432524,0.00014836717,0.00048240335,6.26835e-06,1.435845e-06,9.213943e-05
ISIC_0032079,0,0.007366042,0.98946595,0.0019946003,0.0004190539,0.0007194149,5.6193435e-06,2.9275485e-05
ISIC_0026150,0,0.9940785,0.0059174397,1.837624e-07,3.770484e-09,3.2168232e-06,2.4971507e-07,3.608756e-07
ISIC_0031642,0,0.50228655,0.49729902,7.531599e-06,4.7232875e-06,0.00033175974,5.9462836e-05,1.0913046e-05
ISIC_0032313,0,0.7932035,0.12802501,0.005155164,7.7954566e-05,0.072800726,0.00018851814,0.00054915855
ISIC_0027769,0,0.22157024,0.7723323,0.00015395178,3.3253633e-07,0.0059135505,1.1384505e-07,2.9456927e-05
ISIC_0025081,0,0.6803239,0.19102167,6.2512568e-06,2.194254e-07,2.6905607e-06,0.0013069414,0.1273383
ISIC_0030134,0,0.015169642,0.9843024,2.7524325e-07,4.421898e-07,2.720912e-06,0.00046987509,5.4693784e-05
ISIC_0025603,0,0.19060001,0.8088962,1.7429267e-06,6.575002e-08,0.00044169056,3.985129e-07,5.9828042e-05
ISIC_0027651,0,0.008922049,0.98640984,0.0019478181,2.0266227e-05,0.0019241681,9.4908694e-07,0.0007749197
ISIC_0030014,0,0.9959025,0.0017200004,2.8529379e-05,2.6302e-09,0.0023482817,4.703264e-07,2.525912e-07
ISIC_0032220,0,0.002920644,0.9676116,0.020597085,2.1849485e-06,0.008507611,6.487122e-05,0.00029600016
ISIC_0027352,0,0.9602055,0.039647955,2.3726099e-07,3.3676142e-07,5.1989882e-05,8.936947e-05,4.6114214e-06
ISIC_0029558,0,0.61126196,0.3378477,4.1559815e-06,7.836163e-05,0.05050229,0.000278804,2.6759579e-05
ISIC_0024400,0,4.804286e-07,6.231513e-07,6.480264e-08,1.6838915e-07,0.99999857,4.6011063e-08,6.7830217e-09
ISIC_0027387,0,1.3916153e-07,0.9999939,2.896101e-08,8.988921e-08,5.792752e-06,4.1653667e-09,1.6589405e-08
ISIC_0024911,0,0.9975,0.0024715052,9.629916e-08,4.018222e-06,4.6953525e-07,2.3738272e-05,1.3601938e-07
ISIC_0032182,0,0.45425838,1.4951127e-06,0.5369543,0.0018116226,0.006859054,7.493876e-05,4.0237956e-05
ISIC_0029660,0,0.7088967,0.28939182,6.790577e-06,3.2885488e-05,0.00048589,0.0004118169,0.0007740807
ISIC_0024496,0,0.94127077,0.050926402,3.0192703e-06,8.031264e-06,0.007048474,7.827677e-05,0.0006650578
ISIC_0029726,0,0.96554327,5.4112294e-05,0.00062083197,0.00019884459,0.033502858,7.180715e-05,8.241321e-06
ISIC_0031310,0,0.9936799,0.0022748117,0.00050872786,0.0020407105,0.0013781498,7.4659823e-07,0.00011691784
ISIC_0032408,0,0.87331325,0.12585369,0.00043712158,2.7501278e-07,3.2767157e-06,0.00038513207,7.2808966e-06
ISIC_0028969,0,3.784393e-07,0.00029673308,1.23569e-05,2.483221e-06,0.99968755,1.7012326e-08,5.060408e-07
ISIC_0032441,0,6.1253726e-05,0.21280204,0.00011467048,0.00012305973,0.78683007,1.5519503e-06,6.741683e-05
ISIC_0025394,0,0.0019665621,0.99650264,0.00018251267,4.780106e-06,0.0013330145,2.9747882e-06,7.5081166e-06
ISIC_0027776,0,0.3285311,0.015622749,0.02557639,0.42234313,0.20787534,5.9538193e-06,4.5385743e-05
ISIC_0025835,0,0.010981991,0.98803574,1.3018284e-06,3.0307714e-07,0.0007518676,3.1974528e-07,0.00022843794
ISIC_0030828,0,0.002224682,0.9975835,2.1357688e-05,5.241099e-08,0.00016484853,5.14363e-08,5.5563364e-06
ISIC_0033931,0,0.7713728,0.00011540825,3.5561683e-05,8.620258e-05,0.22836566,1.0323677e-05,1.4028703e-05
ISIC_0034141,0,0.0031625903,0.16387166,0.00261109,0.00033561126,0.82937586,0.00059669174,4.6458103e-05
ISIC_0033643,0,7.085955e-07,0.0011878705,1.2847523e-08,2.0134296e-09,0.9988103,8.440474e-07,2.5667987e-07
ISIC_0032629,0,0.0009525942,0.25208694,0.0011982253,1.0867881e-05,0.74243504,0.001805006,0.001511326
ISIC_0029909,0,0.27818304,0.074426085,1.4318342e-06,0.006679532,0.6406584,2.4782681e-05,2.6648097e-05
ISIC_0033432,0,0.0017958039,0.99818856,1.7657172e-07,3.099657e-07,1.22079955e-05,6.9915035e-07,2.1203007e-06
ISIC_0032833,0,0.93733454,0.06261803,5.151788e-07,1.2290901e-06,8.577336e-06,3.6785605e-05,2.1695267e-07
ISIC_0034236,0,0.030431522,0.96913445,3.0684716e-06,3.4927616e-05,0.0001709328,5.12751e-05,0.00017383885
ISIC_0034118,0,0.9693192,0.030672472,9.47888e-08,9.9359365e-09,7.712525e-06,1.7229635e-07,2.2359578e-07
ISIC_0033476,0,0.00036601638,0.9778578,5.954947e-05,2.4108292e-06,0.021436319,0.00020343758,7.448627e-05
ISIC_0033047,0,0.99989045,8.95931e-05,1.0403323e-06,2.6525072e-07,1.8420329e-05,2.751806e-08,1.8535435e-07
ISIC_0025987,0,0.3006342,0.6993345,2.466586e-05,8.828451e-07,3.538561e-06,2.0804458e-07,1.986593e-06
ISIC_0033946,0,0.9986014,0.0013906203,1.2457726e-07,4.1029184e-06,3.0458275e-06,7.3201716e-07,2.6109374e-08
ISIC_0033369,0,0.6580058,0.33379772,1.466172e-05,2.630102e-05,0.008135025,1.7309107e-05,3.1132645e-06
ISIC_0032447,0,0.9992204,0.0007778723,2.2652856e-07,9.1994644e-07,1.1974853e-07,6.471295e-08,3.5373083e-07
ISIC_0033655,0,0.98051697,0.019052435,0.00015073073,1.1868346e-05,0.00026470472,4.729362e-07,2.7799583e-06
ISIC_0033831,0,0.999255,0.0007316194,1.4854942e-06,4.1487535e-08,1.139553e-05,2.2233378e-08,4.7991114e-07
ISIC_0032733,0,0.9996306,7.702681e-09,2.4376095e-05,7.666614e-08,0.00034410838,7.255639e-07,1.2847068e-08
ISIC_0033183,0,0.9042553,1.7856259e-07,0.09010774,7.195918e-08,0.0023794947,0.0032549184,2.2785628e-06
ISIC_0032564,0,0.98052466,1.7145557e-06,0.00045761123,8.80251e-05,0.01846023,0.00046565454,2.1431067e-06
ISIC_0034222,0,0.0035975622,0.9963387,1.8125751e-05,8.9577435e-07,4.483256e-06,3.930895e-05,8.614807e-07
ISIC_0032569,0,0.14957972,0.84987795,0.0004645854,2.0383036e-08,1.50656215e-05,5.6045177e-05,6.676625e-06
ISIC_0034064,0,0.93372697,0.06610542,0.00012735285,1.938113e-05,5.012675e-06,1.4832588e-05,1.0380943e-06
ISIC_0033485,0,0.036281355,0.96367073,4.955872e-06,3.1686213e-05,4.6011914e-06,6.569178e-06,1.7440344e-07
ISIC_0033175,0,0.030451108,0.9694662,2.4075084e-06,1.0554863e-06,7.7923905e-05,7.7029574e-07,4.460788e-07
ISIC_0033886,0,0.16792738,0.8320532,9.660682e-08,2.0523369e-07,1.4472132e-05,4.551587e-06,1.2701344e-07
ISIC_0032892,0,0.9999987,1.5369399e-07,3.6193513e-09,4.717428e-09,2.0916747e-08,1.2004274e-06,8.627714e-09
ISIC_0033174,0,0.030458517,0.37564534,4.843266e-05,2.1878338e-06,0.5935871,4.0735833e-07,0.0002579413
ISIC_0033239,0,0.0015387245,0.009127803,1.3860829e-06,2.975153e-08,0.9893266,1.1805333e-07,5.366498e-06
ISIC_0033985,0,0.57123065,0.36207885,0.00010097499,1.9271742e-07,0.066309996,1.9898453e-06,0.00027739047
ISIC_0032940,0,0.9996809,3.2175944e-07,6.496968e-05,1.2186933e-07,0.000252546,9.1761154e-07,3.5682908e-07
ISIC_0032511,0,0.9780311,5.032089e-06,9.528026e-05,0.008637591,0.0130482325,0.00017837642,4.4403787e-06
ISIC_0033848,0,0.9994412,0.0005543089,5.3514844e-07,1.4749385e-08,1.4023373e-06,1.1027486e-06,1.4106279e-06
ISIC_0032622,0,0.9975975,0.0023997761,4.8045024e-07,2.4337004e-09,7.6135325e-07,9.146954e-07,5.458204e-07
ISIC_0034246,0,0.97421867,0.025369538,1.4902287e-07,1.5044764e-08,0.00040525367,1.6222388e-06,4.8214047e-06
ISIC_0032915,0,0.00074015756,6.1031376e-09,2.394607e-07,0.99919945,1.108425e-07,5.8920108e-05,1.1331268e-06
ISIC_0033883,0,0.29318866,0.7062222,8.919109e-09,4.564056e-08,0.0005841304,2.8446448e-06,2.0775972e-06
ISIC_0034145,0,0.9427918,0.053128958,3.1003006e-07,3.884342e-07,0.00390783,8.407023e-05,8.6735265e-05
ISIC_0032981,0,0.85929376,0.14054747,1.743366e-08,5.2149466e-07,0.00014879696,6.4995243e-06,2.8116747e-06
ISIC_0024482,0,0.99706596,0.002006857,2.060741e-05,0.0008865048,1.4816613e-05,2.9150497e-06,2.2873048e-06
ISIC_0032806,0,0.018645637,0.98125124,6.751949e-07,3.5525158e-08,9.163868e-05,9.1033e-06,1.6931442e-06
ISIC_0033624,0,2.8807867e-06,0.0003390695,1.4941219e-06,4.6329617e-08,0.99965394,3.857511e-08,2.5916486e-06
ISIC_0033238,0,0.76353765,0.16381565,2.4928186e-05,3.4421274e-07,0.072617985,1.0784222e-06,2.2520103e-06
ISIC_0034089,0,0.6084101,0.36134443,1.9637273e-05,2.227616e-06,0.030182678,1.1984298e-06,3.966373e-05
ISIC_0032797,0,0.99987435,9.465455e-05,2.2869772e-05,2.7211117e-06,4.3256955e-06,3.1080322e-07,6.944776e-07
ISIC_0032596,0,0.9918772,0.007890742,3.52933e-06,1.0473672e-06,0.00021998936,6.2267245e-06,1.1808241e-06
ISIC_0032856,0,0.9993654,0.0006141874,1.2183767e-06,9.744137e-06,7.3560045e-06,3.4006618e-07,1.7867455e-06
ISIC_0033193,0,0.9992729,0.00014725063,6.873991e-08,1.7646346e-06,0.0005768939,7.793398e-08,1.0558298e-06
ISIC_0033125,0,0.9891727,0.0064806473,3.2684155e-05,0.00065205124,0.003634605,7.91709e-06,1.945947e-05
ISIC_0032810,0,0.9981589,0.0017956914,1.1861824e-07,2.7038757e-05,1.7364582e-05,4.419627e-07,4.6502652e-07
ISIC_0033469,0,0.022313237,0.0016683989,2.262912e-06,7.8157915e-05,0.9736415,0.0022681882,2.8296774e-05
ISIC_0033663,0,0.9999801,1.6193513e-05,2.2634023e-07,9.457962e-09,1.892107e-07,3.1132276e-06,1.0654201e-07
ISIC_0034284,0,0.99942076,0.0003905123,2.0505537e-07,7.315938e-08,4.041709e-08,0.00018730704,1.0987505e-06
ISIC_0032517,0,0.99477756,0.0032041802,8.0896507e-07,1.4652992e-06,2.8177834e-05,0.0019876044,1.1911258e-07
ISIC_0033754,0,0.9886206,0.00935693,1.0758769e-05,9.875184e-08,0.0001185234,0.0018600083,3.311568e-05
ISIC_0032938,0,0.9929705,0.0046837283,2.1569378e-05,8.688236e-06,3.3671087e-05,0.0021948093,8.703749e-05
ISIC_0032610,0,0.03459322,0.9653414,7.217729e-08,1.3513639e-07,5.8279243e-06,1.0817801e-05,4.8559483e-05
ISIC_0032958,0,0.9999993,1.394793e-07,2.028338e-07,3.7488753e-08,1.4288504e-07,8.7484594e-08,1.16386374e-07
ISIC_0033538,0,0.99999785,1.405183e-06,3.679326e-07,1.8833468e-08,1.09523725e-07,1.8644619e-07,2.2478156e-08
ISIC_0027402,0,0.00074682233,0.9988738,4.2674364e-07,8.541379e-08,0.00034402707,1.9333916e-05,1.556987e-05
ISIC_0030391,0,0.00034132425,0.99965084,6.895965e-08,1.5777719e-09,7.260614e-06,2.4450742e-07,2.1953946e-07
ISIC_0032845,0,0.04605736,0.9535137,2.3503429e-07,1.3757338e-07,9.466338e-07,3.7940336e-07,0.00042729947
ISIC_0032968,0,0.3446483,0.010122023,0.56329215,0.005745582,0.06639559,0.009006449,0.00078989513
ISIC_0029265,0,0.96832365,0.0003207566,0.0011131032,0.029919432,6.83904e-05,0.00025238088,2.3031823e-06
ISIC_0034239,0,0.96519965,0.0341811,5.918259e-05,8.9943015e-08,8.722042e-06,0.00014904901,0.00040224876
ISIC_0034287,0,0.9999225,7.522221e-05,1.2295526e-06,9.413255e-09,5.4192693e-08,8.3515175e-07,1.5716208e-07
ISIC_0033166,0,0.82069296,0.17924428,2.1939483e-07,1.0571478e-05,3.6193178e-05,1.3982539e-05,1.85183e-06
ISIC_0033320,0,0.13511068,0.86341405,4.148367e-05,9.975487e-06,0.0010512553,5.9730924e-06,0.0003665618
ISIC_0032526,0,0.009336008,0.98975813,2.90316e-06,2.6660029e-08,0.0008943795,5.940808e-06,2.7174215e-06
ISIC_0032624,0,0.2480593,0.2862229,0.0013318718,1.2570548e-06,0.46282813,6.5479886e-05,0.0014910013
ISIC_0033977,0,0.9693764,0.019776491,0.009618344,0.00017924827,0.00010696046,8.835931e-07,0.000941582
ISIC_0034002,0,0.03653831,0.9160039,0.0127471,1.0312617e-06,0.03356112,1.0174602e-06,0.0011476253
ISIC_0033387,0,0.015647689,0.05714879,5.396686e-05,6.145537e-05,0.92707103,1.6033839e-07,1.6874927e-05
ISIC_0025592,0,0.40264383,0.56689465,3.840367e-06,2.9815965e-06,0.030439815,2.4728158e-06,1.239019e-05
ISIC_0032552,0,0.00055739365,0.056820307,2.8119694e-05,2.2093545e-06,0.9424189,4.4880768e-08,0.00017311085
ISIC_0033279,0,0.19684565,0.80246943,1.4426999e-05,1.099221e-07,0.00016590898,2.5850142e-07,0.00050420023
ISIC_0032887,0,0.9422679,0.0568312,1.1272603e-05,1.5884256e-06,0.00043280088,3.7331494e-05,0.00041795243
ISIC_0033611,0,0.14594369,0.7898939,3.984477e-05,3.3965138e-05,0.06394979,9.20698e-05,4.66535e-05
ISIC_0033586,0,0.0063121105,0.96614766,0.00086712383,0.00074392854,0.025729105,1.570404e-05,0.00018441032
ISIC_0033226,0,0.10466186,0.8944579,9.923824e-06,2.4895395e-05,0.00083308853,5.348437e-07,1.1880696e-05
ISIC_0033198,0,0.0008425284,0.0067923367,1.5463265e-06,3.5966955e-06,0.99215615,0.00019996415,3.819727e-06
ISIC_0032790,0,0.5867949,0.4086675,1.492696e-05,0.0002728769,0.0041488935,9.125377e-05,9.610805e-06
ISIC_0033245,0,0.05181425,0.94103074,2.722056e-06,1.898301e-05,0.0027807439,0.004348125,4.4179415e-06
ISIC_0032509,0,0.00016251944,0.99981827,6.2389427e-06,8.3387846e-08,1.0442326e-05,2.493449e-08,2.4965518e-06
ISIC_0034068,0,0.0002736165,0.99971956,2.2452782e-07,3.453523e-08,4.559503e-06,3.9588697e-09,2.0598125e-06
ISIC_0034107,0,0.08503323,0.91490245,3.5017947e-06,1.1605108e-05,1.7057233e-05,1.8523398e-05,1.3690156e-05
ISIC_0033368,0,0.035552476,0.9644416,9.702969e-07,4.9957535e-08,4.038682e-07,2.3697207e-06,2.1387275e-06
ISIC_0032687,0,0.83009255,0.13415284,2.7360377e-06,1.9191926e-05,2.7259857e-05,0.035701655,3.7862899e-06
ISIC_0033055,0,0.19653656,0.71845496,7.154696e-05,8.273743e-05,2.0050893e-05,0.08472464,0.0001095702
ISIC_0032672,0,0.87352216,0.12108986,0.0014314747,0.0026098443,0.0011380225,0.00014730026,6.1207385e-05
ISIC_0034076,0,0.9297065,0.048285995,0.0011472446,0.02057783,8.220654e-05,5.0189785e-05,0.00015003221
ISIC_0033607,0,0.0013655747,0.9986286,2.109611e-06,9.087036e-08,3.1384081e-06,2.0497403e-08,5.161972e-07
ISIC_0033568,0,3.1120955e-05,0.99996674,2.2732539e-07,8.645591e-09,1.8883546e-06,1.886494e-09,7.5427934e-08
ISIC_0034062,0,0.009703153,0.8194024,0.00014057042,0.0014509446,0.16928484,6.847269e-07,1.744242e-05
ISIC_0034170,0,0.0010562594,0.37664586,7.519494e-05,3.979154e-05,0.6221219,1.3269677e-06,5.968269e-05
ISIC_0033061,0,0.9945856,8.277697e-07,6.388157e-07,9.3890336e-09,0.00019814886,0.005213445,1.4142138e-06
ISIC_0033967,0,0.060892947,0.00013323409,1.2504987e-05,1.6795232e-09,0.93475693,0.004162538,4.1782987e-05
ISIC_0033051,0,0.005778778,0.00013583236,0.00010664533,7.347612e-07,0.9869518,0.006229482,0.00079674536
ISIC_0033050,0,1.1176144e-05,0.8216363,1.96057e-06,6.8450817e-07,0.17802794,0.00031516576,6.6765024e-06
ISIC_0033526,0,7.2195016e-06,0.06640571,9.1885724e-08,1.7354263e-07,0.93357974,5.521697e-06,1.444483e-06
ISIC_0027149,0,0.899641,0.00086858607,1.8899167e-06,4.2023544e-08,0.09948558,2.2760794e-06,5.278713e-07
ISIC_0033668,0,0.8532001,0.14498384,1.1262836e-05,0.0010099495,0.0007633233,3.0076535e-05,1.4755602e-06
ISIC_0032690,0,5.1072575e-06,0.993334,3.7148413e-07,4.5987585e-07,0.006656897,1.4671544e-07,3.0904077e-06
ISIC_0032918,0,0.972407,0.019043839,2.9105083e-06,0.0022419067,0.006295575,4.0215873e-06,4.7646713e-06
ISIC_0033498,0,0.001013991,0.9742431,0.000101503974,3.011431e-05,0.024480095,5.3315855e-08,0.00013125171
ISIC_0031784,0,0.018529339,0.98102355,2.7881374e-06,5.117851e-08,0.00042531398,4.2157193e-08,1.8935192e-05
ISIC_0034173,0,0.2246449,0.7737506,0.00024246937,0.0006166298,0.00069608464,4.1548887e-05,7.792433e-06
ISIC_0033454,0,0.9953088,0.0044993665,1.7615823e-05,5.107779e-05,5.387949e-05,5.190006e-05,1.7442733e-05
ISIC_0028225,0,0.016474994,0.97859293,0.0008870336,0.0018206494,0.0020761252,6.352581e-07,0.00014769082
ISIC_0034317,0,0.0018467332,0.9980142,1.12070325e-07,2.687994e-09,8.510265e-08,1.3378187e-07,0.000138763
ISIC_0033662,0,0.93264747,0.067277566,1.1707984e-06,1.6004414e-06,1.1663318e-06,9.718958e-07,7.013956e-05
ISIC_0033037,0,0.8345338,0.15169558,0.00017858006,1.121043e-05,0.011918014,0.00019992121,0.0014628983
ISIC_0033773,0,0.96084464,0.03841807,0.00019494352,2.0758873e-06,0.000389318,0.000118568154,3.2424992e-05
ISIC_0032152,0,0.0077360123,0.9920793,1.6899487e-05,0.00016270137,4.9657206e-06,1.7968686e-08,5.373942e-08
ISIC_0033730,0,0.96584255,0.033174433,2.058095e-06,2.4780838e-05,0.0009192003,2.9679237e-05,7.22909e-06
ISIC_0032975,0,0.9194429,0.006355152,5.247067e-05,2.527848e-05,0.07409978,8.629054e-06,1.5782523e-05
ISIC_0026081,0,8.86567e-05,0.99543107,1.2058356e-06,6.278274e-08,0.0044732215,9.65194e-07,4.76734e-06
ISIC_0033925,0,0.18782374,0.0028849887,0.014397777,0.008046397,0.7775458,0.0005342289,0.0087670125
ISIC_0033431,0,0.0007500571,7.869899e-06,1.2160953e-06,6.115022e-05,4.2362808e-05,4.9035284e-06,0.99913245
ISIC_0033089,0,0.99123377,0.008711073,8.6428815e-07,6.732499e-06,4.5349363e-05,1.4180334e-06,7.659287e-07
ISIC_0033562,0,0.12727834,0.871912,4.787478e-06,0.000592144,0.00020149855,1.5321797e-07,1.1097079e-05
ISIC_0033023,0,0.9999995,2.6898192e-07,6.387523e-08,2.0733275e-10,1.17421965e-08,3.8624012e-08,3.259712e-10
ISIC_0033258,0,0.9999789,1.9484818e-05,7.74775e-07,3.9756397e-08,8.99396e-09,7.045216e-07,1.0593231e-08
ISIC_0028148,0,0.3616568,0.63827544,6.27326e-05,3.4801344e-06,3.2888892e-07,7.620735e-08,1.0371174e-06
ISIC_0027069,0,0.32803836,0.1035128,0.016684521,0.5510477,0.00069778337,7.768383e-06,1.1076291e-05
ISIC_0026089,0,0.11641259,0.88275623,0.0002176061,2.2688084e-06,0.0003561063,1.270152e-06,0.00025388692
ISIC_0024930,0,0.6210372,0.3787741,6.973145e-05,2.2631677e-06,8.305194e-06,8.943654e-08,0.000108343134
ISIC_0024449,0,0.99884534,0.0011534197,3.6621614e-07,1.5569397e-07,6.872742e-08,3.9935577e-07,1.8682493e-07
ISIC_0025512,0,0.019738926,0.9790637,0.0011882511,1.9880801e-08,3.370712e-07,6.3340995e-06,2.4303963e-06
ISIC_0024999,0,0.00993592,0.97018784,0.019840643,7.1221807e-06,2.1824249e-06,4.2615898e-06,2.1903701e-05
ISIC_0026438,0,0.9484495,0.051498163,2.2269802e-05,1.3541851e-06,6.2486424e-06,1.4652611e-06,2.1040454e-05
ISIC_0028126,0,0.5281229,0.47181824,4.7648395e-05,6.85509e-07,5.6734245e-07,2.7694596e-06,7.185111e-06
ISIC_0025085,0,0.04200814,0.9533341,0.00073174655,0.000455399,0.00072723633,1.1028251e-06,0.00274225
ISIC_0031034,0,0.56656873,0.43083254,9.030631e-05,0.00012951829,0.002160186,6.0745054e-07,0.00021805071
ISIC_0025097,0,0.01408392,0.97224844,0.0012341174,0.00016339836,0.011756663,8.878618e-06,0.0005045202
ISIC_0031666,0,0.1096517,0.88850033,2.6344667e-05,9.400425e-06,0.0015700537,6.0432734e-07,0.00024148579
ISIC_0029819,0,0.04995195,0.94460756,0.0037206383,0.00017841502,0.00014066584,0.00026038178,0.0011405475
ISIC_0030756,0,0.7533064,0.24659845,6.306331e-05,2.1352503e-06,2.41249e-05,2.750548e-07,5.5658556e-06
ISIC_0030970,0,0.9975809,0.00066371536,0.00082720496,0.00087512063,2.820719e-05,5.9122686e-07,2.4300654e-05
ISIC_0029316,0,0.99699736,0.002656524,2.9702383e-05,3.16952e-08,0.00028400045,1.7819959e-05,1.4475026e-05
ISIC_0026989,0,0.0012723482,0.9982496,0.00042476796,1.9835018e-06,4.309697e-06,2.8908247e-05,1.7981767e-05
ISIC_0029859,0,0.008860765,0.9910705,4.507293e-06,5.7283967e-05,3.6404808e-06,1.68676e-06,1.6736223e-06
ISIC_0028548,0,0.62318367,0.36712968,0.00018248317,6.401255e-05,0.009373268,3.2861713e-05,3.4009194e-05
ISIC_0030512,0,0.18025157,0.81842136,6.9309995e-06,1.6587546e-05,0.0012749026,3.8489798e-06,2.4776919e-05
ISIC_0029591,0,0.99497765,0.0045787743,1.922689e-06,0.00026557292,0.000170934,1.0203393e-06,4.083307e-06
ISIC_0027065,0,0.99989593,9.4333336e-05,3.2080477e-06,4.684029e-06,7.456384e-07,1.6086884e-07,9.589502e-07
ISIC_0028537,0,0.61407673,0.3799668,5.2775013e-05,0.00082785444,0.0025221806,0.002374468,0.00017917382
ISIC_0029698,0,0.9759507,0.00883388,0.0005505155,0.0140894735,0.00053019205,1.5584294e-05,2.9685947e-05
ISIC_0025748,0,0.4379918,0.5618316,3.2789894e-06,0.00014118517,1.5281918e-05,3.1569841e-06,1.37233355e-05
ISIC_0028051,0,0.09772782,0.89636934,0.0014119416,0.00021419114,0.0041412828,6.115144e-05,7.434381e-05
ISIC_0026094,0,0.037304778,0.96268433,1.0964159e-06,1.0176202e-07,8.488358e-06,1.029514e-06,1.6032467e-07
ISIC_0024525,0,0.52060515,0.2687241,7.5719436e-05,0.04085205,0.16934353,0.0003797668,1.9647758e-05
ISIC_0025248,0,0.9913271,0.008216149,2.5472033e-07,3.1697663e-08,0.00037387444,8.0221405e-05,2.343053e-06
ISIC_0032425,0,0.005914621,0.9814253,0.0025606134,0.00083473866,0.009195051,4.6764276e-06,6.5005166e-05
ISIC_0027442,0,0.13154897,0.002154396,0.036985207,0.82912606,0.00011832025,5.151205e-05,1.555567e-05
ISIC_0024940,0,0.99993503,1.7803347e-07,8.971483e-07,5.679876e-10,6.381829e-05,3.350501e-08,2.2374815e-08
ISIC_0024351,0,0.0017348386,0.99726874,0.00022346035,0.00017778082,0.0005777236,4.870544e-07,1.704252e-05
ISIC_0030110,0,0.6285499,0.22170255,0.0003765908,0.00056211854,0.14854431,0.00014074397,0.00012382623
ISIC_0028847,0,0.0003487684,0.99212754,8.603175e-06,1.1758047e-05,0.007491164,1.0531928e-05,1.7003003e-06
ISIC_0024961,0,0.3024214,0.67240155,0.00060875533,0.00016253388,0.008596658,0.01576819,4.0837618e-05
ISIC_0029318,0,0.9860253,0.003888558,0.00022838221,0.0068735224,0.0029370927,1.7509661e-05,2.9748942e-05
ISIC_0032070,0,0.9855472,0.0068688625,0.0008127283,0.0025218492,0.004068219,0.00015930067,2.1840464e-05
ISIC_0025413,0,0.9894314,0.009554077,4.8838206e-06,0.0010056477,3.0133313e-06,3.6964585e-07,5.2152586e-07
ISIC_0028685,0,0.7283026,0.27014858,0.00033422408,0.0006237655,0.0005771593,4.790911e-06,8.892871e-06
ISIC_0031670,0,0.99045324,0.0042957054,6.64304e-05,1.118648e-06,0.0051729293,8.09433e-06,2.4765588e-06
ISIC_0031339,0,0.9952577,0.004246594,0.0002316304,8.652252e-05,5.9451563e-06,0.00014936866,2.2222133e-05
ISIC_0032476,0,0.9974957,5.7669757e-05,2.7205667e-07,0.00020920583,0.0003824258,0.0018540116,6.737341e-07
ISIC_0030423,0,0.9989767,0.0008834896,1.8383078e-05,4.8329675e-06,0.00011514994,4.6036806e-07,1.0081422e-06
ISIC_0029353,0,0.98261803,0.012724063,6.984277e-05,0.0030407964,0.0010474123,0.000442802,5.7067537e-05
ISIC_0030653,0,3.2181222e-06,0.9999931,3.7842938e-07,1.7140663e-06,6.6800925e-07,2.5267038e-10,1.0318138e-06
ISIC_0029885,0,0.14551412,0.5805677,0.08648004,0.0009798136,0.00053358055,0.18587883,4.5891746e-05
ISIC_0031550,0,0.037285406,0.9429647,0.0012235141,6.152435e-05,0.017675946,6.8180336e-05,0.0007207108
ISIC_0027089,0,0.12063321,0.8793533,2.9216212e-06,1.5557866e-06,3.90162e-06,2.5686716e-06,2.5224913e-06
ISIC_0026239,0,0.59486,0.40513888,3.9511457e-07,2.682094e-08,1.0998016e-08,5.971522e-07,9.763128e-08
ISIC_0024805,0,0.038949728,0.5088802,0.45183113,0.00030132904,1.691283e-05,1.30319595e-05,7.660611e-06
ISIC_0030032,0,0.7284695,0.27101102,0.00014662632,0.00016990534,0.0001805436,6.3137722e-06,1.6154117e-05
ISIC_0026131,0,0.98831403,0.011537989,3.209199e-06,2.4718606e-06,0.00014175818,8.6698954e-08,4.75482e-07
ISIC_0025663,0,0.9373643,0.05958227,2.4553086e-05,0.00058664824,0.0024396714,6.0628395e-07,1.920998e-06
ISIC_0031561,0,0.96051073,0.038043935,3.6988467e-06,0.00022421508,0.0012122006,4.567194e-07,4.728263e-06
ISIC_0025766,0,0.38899845,0.6106066,2.0196323e-05,2.4190655e-05,0.00033267052,4.123359e-07,1.7400327e-05
ISIC_0027560,0,0.90124255,0.07465342,0.00035475063,0.0010940394,0.022635816,1.5997497e-05,3.432601e-06
ISIC_0032149,0,0.99477494,0.0051601105,3.6323745e-05,9.327637e-07,1.970087e-05,7.641826e-06,2.8353105e-07
ISIC_0024733,0,0.9994622,0.0005002279,2.7085036e-05,2.7312087e-06,5.2308114e-06,6.4475427e-07,1.8361685e-06
ISIC_0031931,0,0.15989527,1.6535449e-05,8.984523e-07,0.01056428,0.82942134,9.216693e-05,9.6289405e-06
ISIC_0031821,0,9.1871525e-06,0.99996126,1.551479e-07,1.9316701e-07,2.6977315e-05,7.451525e-11,2.2412498e-06
ISIC_0028026,0,0.8823351,0.094689295,0.0002648153,0.0007002871,0.021847183,1.0828795e-06,0.00016225546
ISIC_0027904,0,0.17237541,0.02350555,0.002179853,0.011431043,0.7904777,1.07815995e-05,1.9652578e-05
ISIC_0026735,0,0.50612396,0.0021825419,0.0011178263,0.00034150315,0.49014974,3.1688982e-05,5.2794647e-05
ISIC_0028352,0,0.07291804,0.874585,0.0007075276,0.00095201517,0.050804906,5.974087e-06,2.665909e-05
ISIC_0031498,0,0.0044514216,0.99554527,3.2792795e-07,2.1586803e-08,1.2833776e-07,9.826995e-07,1.8413581e-06
ISIC_0030925,0,0.9795216,0.01290922,3.8039761e-06,7.626273e-05,0.0074867965,1.2280831e-06,1.0951314e-06
ISIC_0024864,0,0.24322282,0.75607663,8.857264e-06,2.1731157e-06,0.0006661337,1.3711978e-05,9.722887e-06
ISIC_0031377,0,0.23348996,0.7664798,1.8261777e-05,1.717375e-07,7.875061e-06,1.8327388e-06,2.0724597e-06
ISIC_0027126,0,0.97368413,0.020305809,0.0034969235,2.5757413e-06,0.0024753157,2.5746918e-05,9.504319e-06
ISIC_0030604,0,0.99015933,0.009821461,1.3177988e-06,8.870263e-07,1.6437876e-05,5.0591336e-07,1.3053315e-07
ISIC_0024958,0,0.6473052,0.3328207,1.831605e-05,9.775479e-05,0.019735415,7.320291e-06,1.5246543e-05
ISIC_0030951,0,0.62491494,0.22557758,2.9169307e-05,6.5682216e-05,0.14940691,3.3288652e-06,2.4121568e-06
ISIC_0027067,0,0.83487195,0.16165526,0.00020842251,2.1604492e-06,0.0032571855,3.1199545e-06,1.9638385e-06
ISIC_0026258,0,0.002159357,0.9713388,5.92282e-06,4.029786e-06,0.026412508,5.252845e-06,7.414459e-05
ISIC_0025235,0,5.0845894e-05,0.6273017,2.665822e-06,2.4889884e-08,0.37259662,7.577659e-08,4.810555e-05
ISIC_0028915,0,0.10501486,0.024770858,0.82169986,0.03803903,0.009919317,0.00029755663,0.00025861812
ISIC_0029652,0,0.6558104,0.11396925,1.08584845e-05,0.2274289,1.5006889e-05,0.0027047559,6.0802424e-05
ISIC_0031295,0,0.3940746,0.44000354,0.12886673,0.03583486,1.60796e-05,0.001095855,0.00010838118
ISIC_0025616,0,0.0035509293,0.072792456,0.0006111382,1.125545e-05,0.9230266,5.07335e-06,2.6066746e-06
ISIC_0025611,0,0.09608741,0.90374565,1.0529176e-05,1.6164764e-06,1.2566322e-05,0.00011597043,2.630353e-05
ISIC_0028714,6,5.861431e-07,1.1246415e-07,3.7108555e-07,2.719726e-06,1.8953367e-06,2.6784003e-08,0.9999943
ISIC_0030956,6,3.3043824e-07,2.2612642e-08,2.2770566e-07,6.4493133e-07,2.758203e-06,1.0424314e-06,0.999995
ISIC_0029889,6,1.2633118e-10,2.5579845e-09,4.2698116e-09,3.3665015e-09,4.1890932e-10,2.957962e-09,1.0
ISIC_0027385,6,2.2890246e-05,0.0056368243,1.7993387e-05,6.186321e-09,3.0606409e-09,4.2803222e-08,0.9943222
ISIC_0030882,6,1.4946833e-09,5.390336e-06,1.695682e-06,1.7035447e-08,5.8847643e-10,4.24076e-08,0.99999285
ISIC_0032745,6,0.00014676676,7.4364825e-06,0.056564935,0.00023104301,0.92507285,0.0012968729,0.016680047
ISIC_0032557,6,0.0073757186,0.00021624331,0.026526773,8.768937e-06,0.019826788,0.00071406184,0.9453317
ISIC_0033092,6,0.0001847566,9.0825115e-06,0.036916763,0.00032222955,0.121464275,2.6027004e-05,0.84107685
ISIC_0032614,6,3.9035938e-13,7.07226e-16,1.8893961e-11,2.4214131e-12,2.803067e-11,2.0121123e-10,1.0
ISIC_0033349,6,1.4088229e-11,2.073699e-11,2.5769458e-09,7.536787e-12,7.1103695e-10,1.4569619e-09,1.0
ISIC_0032919,6,1.9851867e-11,1.2550391e-12,9.432617e-10,8.230697e-10,1.1568575e-09,1.9346835e-09,1.0
ISIC_0032866,6,2.465947e-09,2.517625e-06,8.198791e-08,2.255486e-09,4.1296385e-08,9.398056e-07,0.9999964
ISIC_0033230,6,0.00649735,1.6559505e-05,0.98670095,0.0006251886,6.7004344e-06,0.00092462066,0.0052285953
ISIC_0033762,6,0.0023992658,7.0314154e-06,0.16751488,0.52695554,0.00019460359,0.29023865,0.012690058
ISIC_0034214,6,0.0031742777,4.653277e-05,0.8889244,0.0023520153,1.8516925e-05,0.015649635,0.089834616
ISIC_0031090,6,0.10779268,0.04833296,0.0004458335,1.7822473e-06,1.3052538e-06,8.3466275e-06,0.8434171
ISIC_0031950,6,0.0053309347,0.23135169,9.130265e-05,6.318024e-06,1.02484655e-07,6.689063e-05,0.7631527
ISIC_0026876,6,7.539373e-07,5.412894e-07,7.21383e-07,1.0972584e-09,1.923179e-09,3.240548e-05,0.99996567
ISIC_0030606,6,9.640498e-09,1.1916746e-07,1.7397862e-07,1.0051973e-11,1.434616e-10,1.9451429e-07,0.9999995
ISIC_0032715,6,1.3008533e-06,2.3217317e-05,0.0005686437,6.3663174e-07,8.189913e-08,8.364808e-07,0.99940526
ISIC_0033991,6,1.686202e-08,4.6321722e-05,1.9916493e-07,8.524516e-09,1.919287e-07,2.610056e-09,0.99995315
ISIC_0025197,6,2.5035794e-08,9.729737e-07,7.725774e-12,1.0911001e-10,1.43550415e-11,2.2816913e-09,0.99999905
ISIC_0029877,6,6.0991064e-05,0.04238871,5.974021e-06,1.0364055e-07,1.3805826e-05,1.0029881e-05,0.9575205
ISIC_0027856,6,1.431124e-07,0.001752376,0.002193816,1.2393185e-08,0.0066412673,6.841166e-05,0.9893441
ISIC_0026490,6,5.4241987e-08,0.0029496301,1.1606946e-07,3.2818704e-08,2.4081777e-07,6.137566e-08,0.9970499
ISIC_0024370,6,4.904019e-11,1.5482975e-08,5.279077e-07,5.1044523e-11,1.05133005e-07,5.7277663e-09,0.9999994
ISIC_0025250,6,1.496035e-06,0.00014210436,2.139358e-05,5.6398367e-08,3.5475507e-05,2.940665e-06,0.9997967
ISIC_0026713,6,3.441997e-05,0.51757354,0.08765875,6.2321215e-09,9.7745315e-06,4.9377217e-05,0.3946742
ISIC_0028885,6,2.373044e-11,2.6250435e-10,3.959393e-07,8.424826e-08,5.337016e-08,6.0384906e-08,0.9999995
ISIC_0027665,6,4.6710618e-08,0.0013080001,1.1228359e-05,7.717905e-09,1.4977034e-07,4.488778e-07,0.99868006
ISIC_0027269,6,6.79729e-07,0.0043860856,8.572636e-08,7.474406e-08,8.077688e-05,1.899442e-08,0.9955323
ISIC_0034093,2,0.3399043,0.017866693,0.6422135,2.0819584e-06,2.6033504e-07,1.1851973e-05,1.3289393e-06
ISIC_0030446,2,6.220582e-05,1.629079e-05,0.9998754,3.7083522e-05,5.2584883e-06,5.682147e-07,3.077381e-06
ISIC_0031527,2,0.011433721,0.04829184,0.8037533,0.13416299,0.00035853204,0.0010279391,0.00097162044
ISIC_0030893,2,2.3799712e-05,5.254958e-07,0.9999044,1.1616101e-05,3.445995e-08,5.950975e-05,1.2888002e-07
ISIC_0028994,2,1.1987508e-07,8.878783e-10,0.002692494,0.99506795,0.002225968,1.3391588e-05,6.5584096e-08
ISIC_0032696,2,2.32403e-09,1.477964e-10,0.99999607,5.6055427e-09,6.3481245e-08,3.830135e-06,5.1600706e-09
ISIC_0029466,2,8.236701e-09,1.5269523e-10,0.9997656,4.1228662e-10,1.1287064e-09,0.00023441593,1.5557019e-08
ISIC_0027057,2,2.825167e-08,3.3720287e-11,0.9997646,8.5633366e-07,9.21326e-10,0.00023442732,7.6826915e-08
ISIC_0030271,2,0.0035817246,2.121643e-07,0.6323519,0.064506635,0.0024509088,0.29710722,1.4656715e-06
ISIC_0026643,2,2.4243723e-06,1.0812183e-07,0.06121199,0.9330625,0.0016484191,0.004019617,5.4884353e-05
ISIC_0031140,2,9.757103e-08,7.949251e-08,0.99999976,4.0650738e-10,1.2576749e-08,2.5784743e-09,9.313627e-09
ISIC_0028457,2,6.1649284e-06,1.0617036e-06,0.99955994,0.00015136291,6.101414e-06,0.00024774217,2.7634853e-05
ISIC_0027545,2,0.00014592802,0.0019124713,0.99781406,1.9923894e-07,9.051022e-05,2.4924684e-05,1.1855759e-05
ISIC_0027609,2,0.004433908,0.0019329952,0.99363106,1.3472446e-08,9.77978e-07,1.590604e-07,8.4340184e-07
ISIC_0027365,2,0.022371046,0.08338658,0.89419836,7.2208427e-06,2.0115154e-05,6.7770366e-06,9.915346e-06
ISIC_0026343,2,0.0009053447,0.3911698,0.6047573,3.4752786e-06,0.0027181422,0.00040421463,4.1636125e-05
ISIC_0029341,2,0.006975578,0.7695378,0.21697766,1.7413551e-05,0.004128954,0.002108468,0.00025410918
ISIC_0031442,2,3.7001115e-07,2.180902e-05,0.99994636,1.5859015e-07,1.4846624e-05,1.6244752e-05,1.5713167e-07
ISIC_0026766,2,0.0011774931,0.026996223,0.95766234,4.1110015e-05,0.013767722,0.0002474133,0.00010768539
ISIC_0027851,2,0.82255346,0.15738015,0.014898622,0.00027019813,0.0037381568,0.0010919776,6.7483976e-05
ISIC_0028858,2,0.00038929246,0.96622133,0.033357386,1.2366398e-06,1.5534884e-05,3.3440133e-06,1.18162425e-05
ISIC_0030010,2,0.0029088003,0.21118356,0.7856559,2.099054e-06,9.745411e-06,2.384612e-05,0.00021600789
ISIC_0026831,2,2.7683006e-07,0.002756128,0.99619746,2.7255085e-06,0.0005380322,2.133035e-05,0.0004841023
ISIC_0032482,2,1.6724833e-05,4.2526684e-05,0.899787,0.0026738371,2.260439e-05,3.9398707e-05,0.09741783
ISIC_0033354,2,2.2733715e-08,9.164902e-12,1.0,2.3668456e-09,9.744096e-10,1.2084032e-09,2.1009485e-09
ISIC_0032857,2,1.5766655e-05,7.2077796e-07,0.99998295,1.207871e-09,2.0035696e-07,6.177579e-08,2.6360073e-07
ISIC_0032906,2,0.5663746,0.0010646842,0.4323017,1.1248288e-06,3.6957186e-05,0.0002026212,1.8346063e-05
ISIC_0033579,2,0.0048379097,0.07070244,0.9244569,1.04897275e-07,1.5339918e-07,1.7631446e-06,7.417232e-07
ISIC_0034095,2,0.00010080213,0.00054288766,0.999356,6.3720713e-09,2.4874852e-08,1.3649046e-07,1.8484162e-07
ISIC_0034143,2,1.242168e-05,7.464055e-05,0.99991226,6.3110317e-10,1.1969337e-09,6.600833e-07,3.9822886e-08
ISIC_0032652,2,0.00078254077,0.020802243,0.9784107,6.7682026e-07,3.9826006e-08,2.1128085e-06,1.6383495e-06
ISIC_0033551,2,0.0013198934,0.061661635,0.9369927,7.5549474e-07,3.7022917e-06,7.024305e-07,2.0569143e-05
ISIC_0033571,2,0.0004143859,0.7148382,0.28246406,2.553689e-06,0.0022614142,4.3893354e-07,1.892807e-05
ISIC_0034299,2,0.04223042,0.44829264,0.50940865,5.5422588e-05,4.279433e-06,6.44487e-06,2.207547e-06
ISIC_0032808,2,0.083814785,0.41163906,0.5041908,6.8022375e-05,1.4627806e-06,0.00013799942,0.00014788481
ISIC_0033203,2,0.15572855,0.5917334,0.25248736,1.5966013e-08,2.0405125e-05,5.5269e-06,2.4822297e-05
ISIC_0033366,2,0.08923395,0.59881496,0.30926546,0.00012287563,0.0016861655,0.0008002516,7.640123e-05
ISIC_0032816,2,0.0065138717,0.99146867,0.0019587383,5.2939797e-08,1.137236e-06,2.2246314e-07,5.7388803e-05
ISIC_0032727,2,2.8187027e-05,2.8295568e-05,0.9993228,0.00061427016,7.1570065e-07,5.3261506e-06,3.9244622e-07
ISIC_0033979,2,2.7512608e-05,0.00402528,0.9910479,0.00025638155,0.004289243,6.577293e-07,0.0003530232
ISIC_0028871,2,9.84937e-10,2.7209946e-11,0.9999999,8.132829e-08,1.2281961e-09,1.2043171e-08,1.2354312e-11
ISIC_0031836,2,0.000579979,0.45839182,0.53184676,5.7234633e-05,0.008969831,0.000102763486,5.1641047e-05
ISIC_0031225,2,0.0029610763,0.830885,0.16467825,0.00052375975,0.00094949326,2.0327707e-06,3.069636e-07
ISIC_0030233,2,0.00017912933,0.005361622,0.0052019926,0.66526544,2.930827e-06,0.32398665,2.2697882e-06
ISIC_0029546,2,2.89393e-06,0.0001207257,0.99984574,2.9374221e-05,1.0943607e-07,1.1185859e-06,3.2420523e-08
ISIC_0029392,2,1.7865411e-06,7.968315e-06,0.99979633,0.00019087495,1.5643478e-06,1.5243281e-06,4.325391e-08
ISIC_0031698,2,2.9626834e-08,6.331981e-08,0.9999999,5.8148984e-08,6.529914e-12,2.3974231e-09,6.714983e-10
ISIC_0026988,2,5.162662e-08,1.0816331e-11,0.99999976,1.9305582e-09,3.8375285e-09,1.8469558e-07,3.0952182e-10
ISIC_0024632,2,1.5176097e-05,0.4744067,0.51875955,0.00011848076,0.006690417,1.933469e-06,7.754623e-06
ISIC_0026668,2,2.8489758e-06,6.4055084e-06,0.999668,1.5058789e-06,0.00032104988,1.7270611e-07,3.78737e-09
ISIC_0031384,2,1.6595617e-05,0.083658054,0.9163246,5.52788e-07,4.904303e-08,3.7629214e-08,1.61841e-07
ISIC_0025299,2,6.121806e-11,2.7823808e-07,0.99999976,3.0691604e-12,4.2074517e-11,5.269584e-10,6.174953e-11
ISIC_0028739,2,1.46260245e-05,0.07434339,0.9256063,2.812178e-05,9.321258e-09,2.9647117e-06,4.573624e-06
ISIC_0024332,2,8.9531534e-07,0.00013423827,0.9998078,6.742281e-07,5.5781093e-05,1.8593623e-08,5.8042997e-07
ISIC_0024454,2,1.5048247e-11,6.9962605e-11,0.9999964,3.586008e-06,2.0381163e-09,7.8708084e-10,8.8159355e-09
ISIC_0027704,2,1.5511421e-06,0.0049677845,0.99501723,5.820773e-07,4.34152e-06,7.903604e-06,6.255131e-07
ISIC_0024403,2,3.8012593e-05,9.373648e-05,0.9997352,9.1413385e-06,1.3826169e-05,0.00010985284,2.3941e-07
ISIC_0026855,2,7.609906e-08,0.014020429,0.98594123,2.7779697e-08,2.435796e-06,7.2226465e-09,3.583676e-05
ISIC_0024634,2,0.0131604895,0.007185726,0.97960734,4.0316343e-05,1.6330922e-06,8.7357785e-07,3.6700899e-06
ISIC_0030813,2,1.8663921e-07,6.884934e-09,0.99999976,3.8649497e-09,2.4709531e-11,1.6647056e-09,3.9385922e-10
ISIC_0028113,2,0.000102105514,0.013704016,0.980357,0.005835751,1.738911e-07,3.9218142e-07,5.823436e-07
ISIC_0026845,2,6.0265604e-05,8.704917e-06,0.9065967,0.046791084,0.045954052,0.0001814239,0.00040779772
ISIC_0025826,2,0.0008148365,0.47743806,0.52145237,0.00018211662,1.5569865e-05,2.2988e-05,7.401838e-05
ISIC_0030181,2,1.5744225e-10,7.526807e-11,1.0,3.9532919e-10,4.043207e-10,5.6320865e-10,2.4447572e-11
ISIC_0028329,2,2.7074515e-07,1.1655076e-06,0.9999157,8.1160026e-05,8.3182346e-07,7.991943e-07,6.1125505e-08
ISIC_0032246,2,9.416945e-07,0.003220815,0.98310757,0.012377546,0.0012249318,6.06191e-05,7.630742e-06
ISIC_0026865,2,1.4546683e-09,4.4425877e-05,0.9999542,6.613151e-07,2.7278e-07,4.6980387e-07,2.0420744e-08
ISIC_0031057,2,1.1413141e-08,5.4157745e-06,0.9394608,0.059938762,0.0004780307,0.00011551222,1.4919665e-06
ISIC_0029524,2,2.1587118e-06,1.2096581e-06,0.9999893,2.247865e-06,4.3633867e-07,3.8336793e-06,8.1522523e-07
ISIC_0028050,2,0.00076398527,0.015160117,0.86454254,0.11938566,4.929027e-05,8.1509235e-05,1.685804e-05
ISIC_0026118,2,4.6748414e-06,7.480587e-07,0.99920696,0.00078520994,1.4254103e-06,9.2942616e-07,1.1143348e-07
ISIC_0029820,2,0.0025785079,4.467366e-05,0.8176573,0.17847095,9.283366e-05,0.0011476572,8.124597e-06
ISIC_0029644,2,5.1067538e-08,0.0007097797,0.9982796,5.859019e-07,0.0009953663,6.509509e-07,1.3966861e-05
ISIC_0032314,2,1.5614949e-09,3.6463398e-08,1.0,1.06177594e-10,3.6095958e-08,7.8779e-09,4.53904e-09
ISIC_0024461,2,3.0963392e-08,2.9817772e-07,0.9995485,0.0004405441,4.2106296e-09,1.046354e-05,1.5322681e-07
ISIC_0030526,2,1.2030303e-09,8.239193e-09,0.9999994,5.963392e-07,2.0937486e-11,9.19736e-09,1.9305355e-09
ISIC_0025530,2,0.00014254962,5.306702e-07,0.97049135,0.003683232,2.3915465e-05,0.02564927,9.160475e-06
ISIC_0027629,2,0.0010722105,0.117560744,0.88097733,0.00013214948,7.320314e-05,0.00017154665,1.2747297e-05
ISIC_0028283,2,9.007168e-06,0.21738413,0.7813197,0.00037789877,0.00021181992,0.0005057358,0.00019177662
ISIC_0027175,2,2.0148668e-06,0.0019751876,0.9979425,7.359699e-05,3.968753e-07,5.3953504e-06,9.398218e-07
ISIC_0031407,2,0.22789228,0.09058571,0.36961424,0.3115829,7.5056732e-06,0.00020301649,0.000114398594
ISIC_0028652,2,0.00054129603,0.00019807991,0.9992004,5.9265447e-05,1.656047e-08,4.443605e-07,6.2944946e-07
ISIC_0027038,2,1.2685846e-06,0.0001012539,0.99986875,1.5960508e-06,1.788164e-06,2.5231984e-05,1.8333939e-08
ISIC_0032030,2,0.00013344079,0.533712,0.429558,0.03494189,0.0013904531,0.00021739207,4.6777524e-05
ISIC_0027525,2,5.710251e-10,4.708377e-08,0.6098137,0.38888633,3.6209544e-06,0.0011568323,0.00013947449
ISIC_0024550,2,2.9334837e-09,7.8434266e-11,0.95035106,0.049644332,8.074193e-08,5.265416e-07,3.9229258e-06
ISIC_0029919,2,3.687966e-07,5.163501e-06,0.33434346,0.6653603,5.2819065e-05,0.00017614552,6.175145e-05
ISIC_0030094,2,5.3849845e-11,1.2586545e-07,0.99999964,3.0815546e-08,1.9839862e-07,1.3686998e-08,3.061389e-09
ISIC_0030352,2,3.113754e-09,2.044818e-08,0.9999999,6.0975625e-09,8.6681355e-09,4.5565027e-08,2.2689312e-08
ISIC_0028814,2,9.4052574e-08,1.4237784e-06,0.9998616,1.1739838e-06,0.0001355721,1.8874208e-07,2.8817723e-08
ISIC_0026829,2,0.00026032078,0.73686695,0.26285943,7.649458e-06,1.4663517e-06,3.0911528e-06,1.1432392e-06
ISIC_0032132,2,0.014279762,0.821111,0.06482349,7.05685e-05,0.09969525,1.660832e-05,3.3264191e-06
ISIC_0026154,2,3.8524963e-06,0.00064427004,0.9993498,1.1651324e-06,7.253649e-07,1.9511504e-07,9.7159706e-08
ISIC_0029917,2,0.004423705,0.00026083723,0.9550694,0.04008614,2.8971728e-08,0.00015597332,3.9076363e-06
ISIC_0031614,2,0.0004887691,0.0056301528,0.9938783,5.9331573e-08,7.5591294e-07,2.9436055e-07,1.6545919e-06
ISIC_0024829,2,3.604521e-08,6.2076087e-06,0.9999894,2.5686083e-07,5.8409707e-08,3.7365392e-06,2.946278e-07
ISIC_0031041,2,2.6048614e-08,1.2852892e-07,0.9999956,7.512353e-09,4.2234246e-06,1.1519665e-09,6.597883e-11
ISIC_0032316,2,1.0976169e-06,0.005722717,0.9942648,1.1224361e-09,1.2949457e-09,8.828515e-06,2.6268983e-06
ISIC_0028671,2,4.638945e-09,6.2388267e-12,0.99999714,4.3683523e-10,8.134415e-07,1.9838403e-08,2.0639204e-06
ISIC_0025775,1,2.0996463e-06,0.9999974,5.741876e-09,1.5261368e-07,7.06929e-08,1.8789981e-07,1.0787072e-07
ISIC_0028239,1,8.6211385e-06,0.9999901,2.7584232e-08,4.3205987e-11,1.2351326e-06,3.046946e-10,9.504189e-09
ISIC_0031325,1,1.034149e-05,0.99889684,5.18504e-07,0.0002105438,0.0004298449,3.746211e-06,0.0004482407
ISIC_0032115,1,0.0009184263,0.9990758,1.2469279e-07,1.0481206e-09,1.0479023e-06,2.386877e-06,2.1945514e-06
ISIC_0032446,1,2.1765934e-06,0.99998736,1.9452593e-06,1.0897611e-09,4.161185e-06,3.2050623e-06,1.0991503e-06
ISIC_0024415,1,0.0005627613,0.9869467,2.8051136e-06,3.011704e-06,0.012467136,3.4015238e-06,1.4051929e-05
ISIC_0026583,1,2.0457892e-05,0.99986374,5.6293688e-05,2.9690556e-05,1.6023454e-05,7.5283556e-06,6.249946e-06
ISIC_0031536,1,5.048207e-05,0.99898,2.106e-05,0.0004063982,0.00049167295,2.2171107e-05,2.811908e-05
ISIC_0026054,1,0.0007380553,0.9967949,3.263516e-05,3.238252e-07,0.0019830922,1.1241308e-07,0.00045083233
ISIC_0029347,1,0.017858999,0.98211515,1.7468725e-05,1.8427955e-06,4.189416e-06,1.4501609e-07,2.1864546e-06
ISIC_0024364,1,7.912841e-06,0.96615636,0.00011331764,1.3645615e-07,0.03365476,4.705177e-05,2.0447178e-05
ISIC_0026518,1,0.003895926,0.99347866,6.1226354e-05,2.6587227e-07,0.00036323545,0.0021749383,2.5825493e-05
ISIC_0027479,1,5.3893377e-06,0.9999945,2.8727676e-10,1.172012e-08,1.0214557e-08,1.1084436e-08,5.0050957e-08
ISIC_0027944,1,1.2929852e-06,0.9999958,1.0702666e-06,2.327131e-08,1.0081175e-06,2.6763124e-07,6.011982e-07
ISIC_0030517,1,8.957167e-07,0.9999926,5.192089e-07,2.4770276e-07,3.5745286e-06,6.5943476e-07,1.4390844e-06
ISIC_0029569,1,4.5738153e-07,0.99977773,2.1514768e-07,6.2771655e-08,0.00019098703,2.9783143e-05,7.367308e-07
ISIC_0031486,1,1.7761572e-08,0.99999905,6.180428e-07,1.9563915e-11,1.848804e-08,2.4378056e-07,2.8171005e-08
ISIC_0029526,1,3.0832534e-06,0.99998605,5.5778983e-08,8.303186e-08,1.355816e-06,4.057946e-06,5.307424e-06
ISIC_0030072,1,0.024318088,0.9756738,1.6390009e-06,1.001272e-07,1.3498766e-06,5.845052e-07,4.4133158e-06
ISIC_0030820,1,0.033453237,0.9663874,0.00014424101,8.4149434e-08,2.940763e-06,6.776012e-06,5.2884184e-06
ISIC_0028090,1,1.912787e-05,0.999928,5.507442e-07,4.761312e-10,5.1897594e-05,5.6812914e-09,4.750864e-07
ISIC_0030013,1,2.9329876e-06,0.9999709,1.2771586e-08,1.5661562e-09,2.614966e-05,4.6273705e-09,3.2084927e-08
ISIC_0025585,1,3.2212904e-06,0.999684,4.941549e-09,3.3065313e-09,1.3439931e-06,2.7883114e-09,0.00031142746
ISIC_0030523,1,3.5061578e-07,0.99996674,5.7415747e-07,1.5610626e-08,3.0507497e-05,2.2132058e-08,1.8546089e-06
ISIC_0025143,1,0.007437128,0.99245113,1.2424772e-06,2.5333744e-08,7.62999e-06,0.00010215836,7.675278e-07
ISIC_0027324,1,5.8840375e-05,0.99873465,3.2743825e-05,6.7728824e-06,0.00033161076,0.00015741383,0.0006779694
ISIC_0028164,1,1.9232211e-06,0.9980406,4.3586006e-06,4.743136e-05,0.0018548209,1.4511076e-06,4.9373895e-05
ISIC_0027000,1,1.4740739e-07,0.99999475,2.3715216e-07,5.5950167e-08,4.552136e-06,1.7987563e-08,3.1608516e-07
ISIC_0029998,1,0.00084814493,0.99911696,4.4918706e-06,1.1135413e-08,5.683964e-07,3.5302721e-06,2.6303085e-05
ISIC_0030338,1,9.306604e-07,0.99999774,1.13439825e-07,8.7372304e-10,6.88389e-07,2.9624636e-07,2.872359e-07
ISIC_0030428,1,0.00016662724,0.99979085,2.912869e-05,4.9619057e-08,4.605434e-07,4.465515e-07,1.2421226e-05
ISIC_0025692,1,1.5212505e-06,0.9999734,1.9676618e-07,2.331266e-10,2.1337228e-05,3.4089137e-06,1.2306035e-07
ISIC_0026755,1,0.000104030165,0.9997942,1.9597487e-06,5.2885312e-08,3.8035185e-05,5.1482955e-05,1.0299949e-05
ISIC_0028359,1,1.8288702e-05,0.9965796,2.6275171e-05,1.9977251e-06,0.003348987,8.149152e-06,1.6620923e-05
ISIC_0026948,1,2.695846e-06,0.9999939,9.13629e-09,1.5038728e-09,1.9722531e-06,6.024034e-07,8.3755793e-07
ISIC_0026246,1,7.199056e-06,0.99974805,2.7330377e-06,2.3664253e-07,0.00022114097,1.443659e-05,6.156828e-06
ISIC_0028302,1,2.7398562e-06,0.9999386,5.0690032e-05,8.3945076e-07,3.8986022e-06,1.641336e-06,1.6111469e-06
ISIC_0026172,1,0.000110593006,0.99984145,1.4613675e-05,3.892077e-09,1.1858172e-05,1.11595955e-05,1.0231884e-05
ISIC_0029273,1,0.17813767,0.8217729,2.3642679e-06,1.3381069e-07,2.0048335e-06,5.320232e-06,7.968853e-05
ISIC_0027752,1,0.0008854568,0.99870443,1.7411733e-06,9.043725e-07,0.0004027489,1.2232513e-07,4.54092e-06
ISIC_0024327,1,7.1050744e-07,0.9859239,1.61427e-06,7.4068353e-06,0.014048054,1.1988196e-06,1.7207929e-05
ISIC_0025432,1,0.0001445598,0.9992912,0.00013943181,1.458835e-06,0.0004200199,6.470924e-07,2.8044606e-06
ISIC_0026234,1,0.00019295585,0.99977297,1.9775905e-07,1.558402e-07,2.9689556e-05,3.1690112e-07,3.7470231e-06
ISIC_0025934,1,1.6662773e-06,0.9764016,1.6237926e-06,4.452454e-06,0.023589259,9.503574e-07,4.3510448e-07
ISIC_0027411,1,0.0010606104,0.99890447,4.3370918e-07,3.9005639e-07,1.1430077e-05,2.4219023e-06,2.0285226e-05
ISIC_0030888,1,5.090181e-06,0.99998474,5.070731e-07,1.6947395e-07,3.9022043e-06,1.7798826e-06,3.8730373e-06
ISIC_0029523,1,9.0678576e-08,0.9999957,2.6828754e-06,6.0974176e-10,1.3427209e-06,4.1127888e-09,1.59233e-07
ISIC_0025749,1,4.6069718e-07,0.94996434,2.5316254e-07,5.421828e-08,0.050016418,6.5701793e-06,1.1953023e-05
ISIC_0029258,1,1.9823292e-06,0.9994622,1.0928663e-06,7.401622e-08,0.00051868055,1.5142563e-06,1.4358247e-05
ISIC_0031388,1,0.0035093548,0.9963348,7.863996e-07,7.247919e-06,3.803477e-05,1.6056864e-06,0.00010810543
ISIC_0024980,1,5.7157463e-06,0.99987125,2.6481618e-07,2.4735687e-07,0.000115901945,4.825295e-09,6.600566e-06
ISIC_0031653,1,8.953899e-08,0.99999833,7.94601e-08,2.3131124e-09,1.1292422e-06,3.2163623e-08,3.6405882e-07
ISIC_0027422,1,2.1199908e-07,0.99999046,4.4892165e-08,3.369312e-07,7.3346014e-06,1.3696655e-06,2.7257929e-07
ISIC_0031773,1,3.587123e-05,0.9999578,1.5016445e-07,2.9578384e-08,1.2840916e-07,1.2172998e-09,6.0649545e-06
ISIC_0028054,1,1.5922801e-07,0.9995907,3.1496722e-06,1.6266313e-09,0.00039779054,6.690554e-07,7.5136777e-06
ISIC_0030550,1,4.020906e-06,0.99998987,3.2419262e-08,2.9248042e-09,2.8578158e-06,1.327487e-07,3.0901974e-06
ISIC_0031704,1,1.4238131e-07,0.99998283,1.0342755e-07,2.2669115e-08,1.5489268e-05,8.4569217e-07,5.822904e-07
ISIC_0024580,1,2.8507027e-05,0.9999454,1.648546e-06,1.593686e-08,1.8395782e-05,4.807612e-06,1.3173283e-06
ISIC_0025930,1,8.053414e-07,0.9999753,9.2556575e-06,4.52338e-07,1.1964226e-05,7.1934693e-07,1.4592741e-06
ISIC_0028594,1,9.4408744e-05,0.99977,5.808225e-06,1.1516601e-06,0.00010207903,4.8363995e-06,2.1672986e-05
ISIC_0031185,1,8.466997e-09,0.9995857,6.5487495e-07,2.88785e-07,0.00040141752,3.69783e-06,8.3627965e-06
ISIC_0029463,1,0.00015783242,0.9998418,1.6571553e-07,1.4944035e-09,3.342453e-08,8.125233e-08,5.0022702e-08
ISIC_0030968,1,1.7665476e-06,0.99863654,0.00011669176,0.00015857475,0.0006527132,0.00032489863,0.00010882441
ISIC_0031907,1,1.6815768e-07,0.99998486,7.648908e-08,6.536558e-08,1.2857782e-05,8.930391e-09,1.9677398e-06
ISIC_0028962,1,4.4384565e-06,0.99998474,2.9107106e-08,2.287957e-08,1.1861506e-06,3.417735e-06,6.122611e-06
ISIC_0029015,1,4.0221815e-07,0.99846715,6.9455325e-07,4.551487e-09,0.0014655467,8.121095e-07,6.532894e-05
ISIC_0030170,1,2.5991721e-06,0.9999739,8.4771585e-08,2.7527285e-08,1.9818723e-05,6.826346e-07,2.8361608e-06
ISIC_0026232,1,0.0019006187,0.99809545,2.1123661e-07,7.2893025e-10,2.8314028e-06,2.1684876e-07,6.7517567e-07
ISIC_0030322,1,0.0045604743,0.9920365,5.577313e-06,3.605257e-07,0.0033937157,2.1522276e-06,1.2711071e-06
ISIC_0026562,1,4.1296695e-05,0.9999565,4.6178368e-08,1.8778734e-09,1.1241985e-06,3.288835e-07,7.15272e-07
ISIC_0027576,1,1.3750784e-07,0.99994516,7.9009006e-08,3.292651e-11,1.1194944e-06,3.3567749e-06,5.01268e-05
ISIC_0032011,1,0.0004799887,0.99950314,2.7316707e-07,2.9770502e-09,1.141385e-05,1.9612689e-07,4.925397e-06
ISIC_0029184,1,0.068830155,0.9309931,5.378468e-06,7.1172815e-07,0.0001584928,4.899199e-07,1.1737285e-05
ISIC_0030470,1,0.0006083749,0.99394363,2.264874e-06,6.2059294e-06,0.005415167,7.5151283e-06,1.6879267e-05
ISIC_0025558,1,9.2343333e-07,0.9999696,1.0799082e-07,4.73283e-08,2.4445995e-05,2.186998e-06,2.7678718e-06
ISIC_0028007,1,1.4629813e-06,0.9999814,7.791182e-07,2.1093485e-06,3.0821102e-06,6.8677155e-06,4.1546728e-06
ISIC_0024692,1,5.17898e-06,0.9999721,5.505569e-07,2.6012588e-09,1.8818271e-05,1.0906423e-06,2.2789998e-06
ISIC_0029729,1,6.477302e-06,0.9780767,0.021689307,0.00020695063,1.7313261e-05,1.0113288e-07,3.1401985e-06
ISIC_0028768,1,1.5560214e-05,0.99928856,2.6845052e-07,3.633112e-09,0.0006841661,1.1841937e-06,1.0182123e-05
ISIC_0025794,1,4.9939837e-05,0.9987992,9.560872e-06,1.34622915e-05,0.0010957351,6.655092e-07,3.1335414e-05
ISIC_0028888,1,0.0038085582,0.9843092,0.0007091333,5.503148e-05,0.010896073,1.90871e-06,0.0002201234
ISIC_0028137,1,1.9079498e-06,0.9999894,3.2677622e-08,7.54745e-09,8.406964e-06,1.3924793e-08,2.3111183e-07
ISIC_0029784,1,1.187565e-05,0.9999877,9.40129e-09,8.5735585e-11,3.719653e-07,8.986838e-09,5.47523e-08
ISIC_0029633,1,0.00025031026,0.9652907,4.9414724e-05,2.5692162e-07,0.03400732,4.7305042e-05,0.0003546753
ISIC_0031174,1,7.091626e-06,0.9958335,5.322233e-06,7.987218e-06,0.0041266293,1.1865861e-06,1.8235265e-05
ISIC_0027212,1,4.0973493e-08,0.93092024,5.6710263e-07,2.3255032e-05,0.06884285,0.00012186485,9.1121576e-05
ISIC_0028694,1,9.088977e-05,0.99980384,4.4490163e-05,3.996153e-08,1.9693689e-05,7.12483e-06,3.3947254e-05
ISIC_0025635,1,9.07171e-05,0.99990773,1.2314659e-08,1.6977997e-10,7.893337e-10,5.2086886e-09,1.474493e-06
ISIC_0030536,1,1.8153749e-05,0.9999486,2.1415092e-06,1.7360864e-05,1.5356212e-06,9.4191455e-06,2.7053302e-06
ISIC_0030902,1,1.0889159e-05,0.753783,1.120379e-05,5.425241e-07,9.533126e-05,2.8445502e-05,0.24607062
ISIC_0024493,1,8.508814e-05,0.9996362,7.155771e-05,2.7459403e-06,0.00016527157,8.088952e-06,3.1092397e-05
ISIC_0026891,1,0.004648633,0.9947954,0.00028335617,2.1840751e-05,0.00020668401,1.724774e-05,2.6931175e-05
ISIC_0024863,1,3.4723016e-06,0.9998323,1.6484437e-05,2.0906915e-05,4.1609943e-05,1.1491031e-06,8.4042935e-05
ISIC_0030797,1,3.7097182e-06,0.99998486,1.7680692e-06,5.5399553e-08,7.755222e-06,5.3075798e-08,1.8632637e-06
ISIC_0027164,1,0.0006433085,0.9993463,1.5630613e-07,4.352998e-09,4.9975984e-06,2.4244298e-06,2.8395864e-06
ISIC_0024879,1,3.300771e-06,0.9885576,1.8272543e-05,3.4869956e-07,0.011413031,4.145991e-07,7.016045e-06
ISIC_0025120,1,2.245554e-05,0.9989064,7.6649803e-07,9.7450226e-08,0.0003901349,0.0006658578,1.427184e-05
ISIC_0024884,1,1.917377e-07,0.584079,4.175878e-06,1.3738197e-08,0.41495606,2.5160948e-06,0.0009580488
ISIC_0027290,1,0.002603146,0.997299,7.6860655e-05,1.8823473e-06,5.2715613e-08,1.8584109e-05,4.3439562e-07
ISIC_0028967,1,0.00030100654,0.9996432,1.653543e-07,9.801595e-07,4.9181897e-05,3.9029348e-07,5.17318e-06
ISIC_0025444,1,9.776561e-05,0.99867624,1.1781484e-06,1.0164258e-06,0.001174689,4.372371e-06,4.4610988e-05
ISIC_0025274,1,3.7783996e-06,0.9999789,3.8540298e-07,3.6778428e-07,5.653866e-06,9.576072e-08,1.084205e-05
ISIC_0030120,1,0.00076827506,0.99921453,1.2331893e-05,3.028231e-08,2.910342e-06,7.727511e-07,1.1748912e-06
ISIC_0026057,1,3.0105512e-05,0.9996792,1.4093318e-05,2.1447075e-07,0.00026045938,7.2962834e-08,1.5796551e-05
ISIC_0031477,1,0.0015073572,0.998403,2.5290154e-07,1.2290699e-06,1.5863969e-05,2.1372193e-07,7.210606e-05
ISIC_0030483,1,3.397962e-05,0.9999652,5.959174e-07,4.63864e-08,1.2050411e-07,1.851787e-08,9.636422e-08
ISIC_0024421,1,0.00028296196,0.9996762,1.8642944e-05,8.5078153e-07,7.722485e-06,4.722716e-07,1.3097524e-05
ISIC_0031995,1,5.6054956e-05,0.99990547,4.2961733e-07,8.988006e-08,3.6223777e-05,1.6743992e-07,1.624933e-06
ISIC_0030836,1,9.933097e-06,0.9876381,1.5115984e-06,2.4371461e-06,0.012282027,4.523716e-05,2.0681988e-05
ISIC_0030204,1,1.4164968e-07,0.99996185,1.4617478e-06,1.9855893e-06,3.2995496e-05,9.384548e-07,5.283507e-07
ISIC_0028699,1,2.9024668e-06,0.99998367,2.0064412e-07,5.77057e-10,1.276109e-05,3.6249357e-08,4.0769686e-07
ISIC_0032193,1,0.00010670069,0.9998884,9.6146614e-08,4.9708117e-08,1.5042932e-06,2.512645e-06,7.2046794e-07
ISIC_0030282,1,4.9361053e-05,0.99995005,5.455385e-08,5.0924194e-09,9.7941324e-08,2.3087716e-07,2.4312783e-07
ISIC_0024985,1,2.6372368e-07,0.99999535,1.1027219e-07,1.5135309e-07,4.1806075e-07,3.6223454e-08,3.6832196e-06
ISIC_0025514,1,0.00049058505,0.9984232,1.4556634e-06,7.60703e-08,0.0010325789,3.911115e-05,1.2883574e-05
ISIC_0024598,1,1.0550084e-05,0.99990237,5.1901734e-06,2.9507623e-07,1.4312363e-05,4.2336465e-05,2.5035728e-05
ISIC_0031102,1,2.7428106e-05,0.9998142,1.3398775e-05,2.5087224e-05,0.00011413608,2.0621108e-06,3.7482675e-06
ISIC_0025536,1,3.192587e-07,0.9999875,2.3059928e-07,4.088113e-08,1.0138162e-05,2.5829133e-08,1.8587801e-06
ISIC_0025979,1,0.00035255612,0.99964094,8.2913644e-08,7.3181957e-07,8.885398e-08,2.164044e-06,3.4475752e-06
ISIC_0025375,1,5.038522e-05,0.9999325,2.1609335e-06,2.1297363e-07,9.563153e-06,2.3257285e-06,2.7805531e-06
ISIC_0026079,1,0.00023365428,0.9997613,4.5665186e-07,2.862579e-06,1.1137123e-06,3.199319e-07,2.3811832e-07
ISIC_0030957,1,2.202239e-06,0.9999974,1.4872514e-08,2.6219057e-10,2.7287141e-09,7.376347e-08,3.305982e-07
ISIC_0027106,1,0.0004079424,0.99957055,5.2632885e-07,1.2961117e-05,1.9173465e-06,3.5325567e-07,5.7293223e-06
ISIC_0029023,1,4.749301e-06,0.9999808,3.5956054e-06,1.404688e-07,9.271477e-06,8.0506015e-07,5.74344e-07
ISIC_0031438,1,0.008291705,0.96302396,2.4860135e-06,3.8697026e-06,0.028625518,5.147206e-06,4.7315858e-05
ISIC_0028077,1,0.00015253482,0.9997986,1.442935e-07,9.4437056e-08,5.067599e-06,3.768534e-05,5.9491163e-06
ISIC_0029972,1,5.887097e-09,0.9999919,7.114548e-09,3.0787917e-09,2.4960414e-07,9.0495256e-08,7.7221175e-06
ISIC_0030519,1,1.9111794e-05,0.999954,4.172996e-06,2.0753555e-08,1.0520808e-05,1.2082745e-08,1.22299825e-05
ISIC_0028861,1,0.0008397946,0.9325781,1.4350718e-05,2.539193e-06,0.06643673,1.2752684e-05,0.00011571626
ISIC_0028319,1,0.00033056465,0.95339143,0.000119663746,9.140854e-06,0.043928243,2.2373331e-05,0.0021986382
ISIC_0031469,1,0.0024489127,0.99722725,3.4055647e-06,6.773768e-08,0.00030890643,7.111899e-08,1.126959e-05
ISIC_0025328,1,0.00012117165,0.9851243,9.686791e-05,4.2691912e-07,0.01223997,1.6152213e-05,0.0024010378
ISIC_0024901,1,6.3467023e-09,0.9999938,3.3131e-09,2.3894265e-11,4.344744e-06,1.7321094e-07,1.7250778e-06
ISIC_0025544,1,3.0553127e-07,0.999393,1.3068102e-05,3.7802613e-06,0.0005362793,2.228721e-06,5.121905e-05
ISIC_0028836,1,0.00030109435,0.9866881,0.0009679609,1.0549487e-06,0.010375964,0.0014850406,0.00018081011
ISIC_0032201,1,1.4698842e-06,0.99999285,7.3212214e-10,3.8603145e-11,4.234128e-06,1.4502887e-06,1.7771491e-08
ISIC_0032066,1,7.965819e-08,0.99997234,1.1966195e-06,3.530115e-08,1.3772847e-06,2.2495738e-05,2.4916274e-06
ISIC_0029628,1,1.6068678e-05,0.99997187,5.0901445e-08,1.3160667e-07,6.2069466e-07,3.898726e-07,1.0934817e-05
ISIC_0025952,1,0.0038971917,0.99608576,4.342027e-06,4.2826873e-06,5.401534e-08,3.9938454e-06,4.314947e-06
ISIC_0027485,1,3.6679726e-06,0.9999757,3.8993394e-07,7.513479e-09,2.005008e-05,9.495251e-08,1.0366579e-07
ISIC_0024944,1,1.3556135e-05,0.999984,3.405874e-07,6.844303e-09,4.4490457e-07,1.3609446e-06,3.18198e-07
ISIC_0027227,1,8.997102e-06,0.9999776,3.4206334e-07,2.9879543e-09,2.731884e-07,2.2337497e-06,1.0473973e-05
ISIC_0024534,1,0.00015580443,0.99944955,1.6456667e-06,8.6782e-09,0.00029867742,8.1480786e-05,1.2779465e-05
ISIC_0031313,1,7.288302e-06,0.9999789,1.7242693e-06,2.0501782e-06,6.193719e-06,2.0559717e-06,1.8518618e-06
ISIC_0030943,1,5.0194306e-08,0.9999877,3.815058e-06,7.815514e-09,7.0892934e-06,6.1191003e-09,1.3312665e-06
ISIC_0028985,1,1.3740686e-06,0.99999857,6.5232184e-09,1.6545078e-09,1.7411347e-08,3.094911e-08,8.273584e-08
ISIC_0025024,1,1.1927598e-09,0.99999905,6.2313234e-08,1.6210514e-08,6.937106e-08,3.1943384e-07,4.1147604e-07
ISIC_0030736,1,2.130481e-06,0.9999918,4.2589994e-09,1.916333e-10,5.4504126e-06,3.2118646e-09,6.361088e-07
ISIC_0026792,1,5.928222e-06,0.99997365,5.139194e-08,6.5934763e-10,2.0208025e-05,7.776075e-09,1.9565566e-07
ISIC_0028833,1,3.2452274e-06,0.9999958,1.6276304e-07,5.764327e-10,2.036157e-07,4.0880207e-07,2.2880295e-07
ISIC_0030875,1,3.9405023e-08,0.99697113,2.560674e-06,4.4484472e-07,0.003006621,2.1575511e-07,1.8885341e-05
ISIC_0024964,1,0.08068405,0.9190068,2.2106997e-05,3.8480127e-07,0.00026455318,2.0006348e-06,2.000348e-05
ISIC_0031647,1,5.353975e-06,0.99999356,1.8571461e-07,3.2873555e-08,3.8400677e-07,2.6556788e-09,4.5568632e-07
ISIC_0029883,1,2.4514836e-06,0.99999464,1.5480589e-07,2.338528e-08,2.218699e-06,1.480613e-08,5.0091666e-07
ISIC_0028349,1,1.4366049e-05,0.99997187,4.072432e-07,2.1205915e-06,4.644452e-06,2.573805e-06,3.972035e-06
ISIC_0032133,1,3.416168e-06,0.9998658,3.1287874e-07,9.407539e-06,0.00011813305,1.2283975e-06,1.7703353e-06
ISIC_0024492,1,4.7419335e-06,0.9999448,4.5601993e-08,1.4401343e-08,1.9441964e-05,1.640591e-07,3.088292e-05
ISIC_0028939,1,6.7363466e-09,0.9999982,6.72277e-08,2.4144808e-09,5.965549e-08,3.2850014e-08,1.6859099e-06
ISIC_0030734,1,6.893371e-07,0.9999093,4.5071147e-09,2.3953243e-08,8.354355e-05,1.5062956e-06,4.9322643e-06
ISIC_0032484,1,1.8768698e-06,0.9996245,7.9449075e-07,5.9942868e-06,0.00035538553,1.9141095e-07,1.1230952e-05
ISIC_0026980,1,1.0305423e-07,0.9999964,8.068507e-09,1.7205442e-08,2.9589378e-06,1.8300257e-08,5.1525694e-07
ISIC_0027868,1,2.0318337e-05,0.9996822,6.353863e-05,2.8207413e-07,5.4397483e-06,9.009742e-06,0.00021926627
ISIC_0031364,1,2.9566881e-06,0.995237,5.526877e-06,6.6494437e-07,0.0047433325,3.3626613e-06,7.0940587e-06
ISIC_0027758,1,3.7063235e-06,0.99996483,4.4820068e-09,1.9440591e-09,3.0758125e-05,2.3719508e-07,4.7576313e-07
ISIC_0027575,1,3.685209e-07,0.9715504,2.0828816e-07,5.0607607e-08,0.02787458,9.936243e-06,0.00056444114
ISIC_0031398,1,3.5299904e-06,0.9996692,2.1477819e-08,1.253209e-07,0.000113509624,6.2727827e-07,0.00021304969
ISIC_0029984,1,0.00039255773,0.99959654,1.5448194e-07,5.452798e-09,8.499656e-06,4.843695e-07,1.766926e-06
ISIC_0032039,1,5.6972194e-06,0.99999297,3.9669544e-08,2.4998221e-09,7.0740094e-07,3.2782012e-07,1.8736074e-07
ISIC_0030911,1,0.001507265,0.99836,1.6282862e-05,3.288526e-07,0.00011088905,3.7401967e-06,1.4715581e-06
ISIC_0027621,1,2.4950252e-06,0.99838006,7.1371783e-06,9.778545e-09,0.0009432863,3.4918088e-07,0.0006666488
ISIC_0028375,1,4.0430536e-05,0.99995863,4.046706e-09,7.4403456e-10,2.1946864e-09,7.0338217e-07,2.2895424e-07
ISIC_0025150,1,1.9712968e-05,0.9999403,1.616605e-05,1.11763335e-07,1.8506948e-05,3.804611e-07,4.901815e-06
ISIC_0031173,1,3.25092e-07,0.99999607,4.0088246e-08,2.4082805e-09,3.392237e-06,3.391572e-09,1.9134735e-07
ISIC_0026415,1,1.9790093e-06,0.99999654,8.298076e-07,1.8203922e-09,1.5303738e-07,3.5196868e-07,1.7683924e-07
ISIC_0025738,1,0.00014898046,0.99984133,1.0478476e-06,1.3551789e-08,2.1281413e-07,6.0610105e-06,2.324042e-06
ISIC_0026470,1,1.017568e-06,0.9999988,3.0590341e-09,3.7532485e-10,7.346059e-08,5.850154e-09,6.9504274e-08
ISIC_0025090,1,0.00082712615,0.99891615,4.3863533e-06,8.061877e-06,0.0001956764,4.7201152e-07,4.8161644e-05
ISIC_0029708,1,4.7005626e-05,0.9998047,8.151645e-08,1.1876731e-08,0.00012159308,2.958847e-06,2.3654182e-05
ISIC_0027111,1,9.182796e-06,0.9997998,5.9998044e-08,9.326394e-07,0.00013997,3.9413926e-08,5.010193e-05
ISIC_0030092,1,0.0003295886,0.9995962,6.1109614e-07,1.9401138e-08,1.7115823e-05,3.5808738e-05,2.0596144e-05
ISIC_0031544,1,8.6925145e-05,0.9998405,5.432431e-07,5.440342e-07,6.9112684e-05,1.8434804e-07,2.0333487e-06
ISIC_0026740,1,9.914339e-09,0.9999994,8.72174e-11,7.388573e-15,5.6268068e-08,3.223081e-10,5.5438437e-07
ISIC_0032336,1,0.00021378974,0.99973303,3.6115262e-07,2.388895e-07,6.5637934e-08,8.9891864e-07,5.1574058e-05
ISIC_0030477,1,1.2039608e-06,0.99999857,3.6951593e-09,1.9105278e-11,6.634164e-09,2.6501022e-08,2.1484044e-07
ISIC_0026302,1,1.5806604e-07,0.99999976,2.1611795e-08,3.018496e-08,3.9478547e-08,3.916116e-08,6.029434e-08
ISIC_0028817,1,7.628046e-09,0.9999912,1.663433e-07,8.483868e-09,7.67965e-06,5.4735545e-09,9.689564e-07
ISIC_0027215,1,4.621752e-05,0.9999536,1.5423316e-08,1.6818369e-09,2.7343058e-08,5.628513e-08,1.352757e-07
ISIC_0032467,1,3.179851e-07,0.99998903,9.796467e-06,1.3469511e-09,5.1114193e-07,1.9119597e-08,3.0456226e-07
ISIC_0028058,1,1.9119028e-07,0.9999769,1.045643e-07,8.484863e-09,4.6396676e-06,4.1940273e-09,1.8239973e-05
ISIC_0031774,1,1.0424668e-06,0.9999888,1.649993e-07,4.677212e-07,5.7599564e-06,5.030901e-07,3.3051294e-06
ISIC_0032091,1,0.00078758213,0.99920183,3.8656226e-06,2.7180408e-07,3.6085487e-06,1.2165432e-07,2.7843487e-06
ISIC_0028177,1,2.2168825e-07,0.9999896,3.785883e-07,5.0288287e-07,8.5306965e-06,1.7006217e-07,7.033893e-07
ISIC_0030974,1,4.808756e-06,0.9999802,2.2580255e-07,4.9180763e-08,1.2942419e-06,1.2964204e-05,4.3810473e-07
ISIC_0027765,1,0.0011593839,0.9982774,1.3998849e-05,3.7751324e-05,0.00036522746,1.2939031e-05,0.0001333273
ISIC_0027871,1,1.2311142e-07,0.99997735,9.614114e-10,5.950055e-10,1.179e-07,4.0604302e-08,2.2443119e-05
ISIC_0030337,1,9.278625e-06,0.9979651,0.0012648824,0.00070435926,3.057726e-05,7.4887644e-06,1.8284372e-05
ISIC_0026718,1,5.3217092e-05,0.9999411,1.14425545e-08,3.8073398e-09,2.1217742e-08,4.435936e-06,1.2171467e-06
ISIC_0025474,1,2.5832554e-07,0.99999154,9.468184e-08,2.2886091e-07,6.412078e-07,1.1761273e-07,7.078336e-06
ISIC_0030481,1,1.895773e-08,0.9999099,1.537553e-08,6.123866e-09,1.7899873e-05,8.050212e-08,7.206229e-05
ISIC_0025756,1,2.0248017e-05,0.9999765,6.707664e-08,2.080023e-08,1.1849168e-07,9.847886e-09,2.9951052e-06
ISIC_0024641,1,2.8502717e-07,0.9999993,3.284159e-08,8.1100175e-09,8.408221e-09,6.859218e-08,3.0429655e-07
ISIC_0026854,1,1.7150014e-06,0.999995,4.7284004e-07,8.870013e-07,1.0789418e-06,5.641318e-09,9.579912e-07
ISIC_0026529,1,3.6609945e-05,0.99992585,1.0780773e-06,3.985521e-07,3.2805958e-05,2.192047e-06,1.1617662e-06
ISIC_0026364,1,1.3675914e-05,0.9998851,7.1533213e-07,1.79053e-07,9.608841e-05,1.06013175e-07,4.0390278e-06
ISIC_0030407,1,0.00025030127,0.9997305,1.2169339e-07,3.2304743e-07,3.7740566e-07,4.7552695e-07,1.7844306e-05
ISIC_0025822,1,0.28586507,0.7135122,3.186819e-06,1.6458847e-05,0.00057711976,9.363447e-06,1.6581784e-05
ISIC_0029689,1,4.7455205e-06,0.99999416,6.9606862e-09,3.273786e-08,1.6221476e-08,7.019048e-07,3.4839547e-07
ISIC_0028798,1,0.0009069317,0.99892503,2.0500186e-06,2.249792e-06,1.5462821e-05,0.00014597004,2.2382271e-06
ISIC_0030748,1,8.739253e-05,0.9998747,9.147939e-07,4.3405757e-07,1.8854773e-05,1.0554935e-05,7.072367e-06
ISIC_0028912,1,3.2924415e-06,0.9976902,3.3902816e-06,5.6713106e-06,0.0022903692,2.660168e-07,6.8156787e-06
ISIC_0032411,1,6.833952e-05,0.9998399,2.6857801e-06,1.5292166e-05,7.2234565e-05,4.8201395e-07,1.1343e-06
ISIC_0029999,1,1.1645292e-06,0.9763032,6.916077e-05,2.3132165e-08,0.023353698,4.758389e-05,0.00022512232
ISIC_0030971,1,1.0784991e-07,0.9928341,1.3903795e-05,0.006700863,0.00023337553,0.00014750216,7.0102855e-05
ISIC_0029330,1,5.7708127e-09,0.99996793,6.190444e-06,1.4293316e-07,1.0905322e-05,8.728201e-08,1.4720536e-05
ISIC_0026173,1,9.094478e-08,0.9999975,7.407277e-09,1.1197814e-08,8.525212e-07,1.0563155e-06,5.220142e-07
ISIC_0026227,1,1.1240483e-08,0.9999975,7.056546e-08,2.6604433e-10,2.1658666e-08,3.02909e-08,2.3553193e-06
ISIC_0026696,1,4.6722132e-08,0.9999995,3.7462105e-08,1.0832351e-07,7.223292e-09,3.206119e-08,2.392747e-07
ISIC_0026715,1,0.0006629269,0.9992873,1.2571331e-07,3.6511554e-07,4.733371e-05,3.002983e-07,1.5925219e-06
ISIC_0026533,1,9.622736e-06,0.9999896,2.7666854e-07,2.1942648e-09,9.898414e-08,5.7324787e-08,3.970728e-07
ISIC_0032507,1,2.5812358e-06,0.9999968,3.522997e-08,7.9713666e-11,3.7516722e-07,5.8428412e-08,2.0614007e-07
ISIC_0026355,1,3.978892e-05,0.99988246,8.247181e-08,7.360954e-08,7.60801e-05,1.7949569e-07,1.2646268e-06
ISIC_0031097,1,1.0182074e-07,0.9999999,1.0676229e-09,1.1421176e-09,5.8667347e-08,1.7631785e-10,6.325761e-09
ISIC_0026145,1,5.9935872e-05,0.99993825,3.0906303e-08,6.9628205e-09,1.2175358e-06,2.930428e-08,5.237115e-07
ISIC_0032454,1,0.0031621843,0.99649173,1.8784644e-06,0.0001269889,2.617432e-05,0.00018466594,6.3152397e-06
ISIC_0025493,1,0.00046217412,0.9994355,8.072237e-05,6.127517e-06,1.3200992e-06,3.342513e-06,1.084565e-05
ISIC_0028745,1,2.711808e-06,0.99999034,1.337406e-06,1.0749179e-06,1.3488665e-06,1.5982038e-06,1.5863624e-06
ISIC_0025481,1,3.3622164e-06,0.9999808,5.5181085e-06,7.6124223e-07,5.7425186e-06,1.5726204e-06,2.343088e-06
ISIC_0026591,1,2.1096785e-06,0.9997812,1.9359768e-05,6.299003e-08,0.00018059,1.9824786e-07,1.6399394e-05
ISIC_0026308,1,5.414638e-06,0.9999869,2.6251237e-06,8.9407035e-07,2.4486421e-06,7.536373e-08,1.5627924e-06
ISIC_0032143,1,1.5462939e-07,0.9970662,2.2568996e-05,9.570474e-05,0.0027899975,6.803667e-07,2.4661613e-05
ISIC_0029536,1,1.171881e-06,0.9999809,5.579474e-07,3.533013e-07,1.6716393e-05,1.3784575e-07,1.421043e-07
ISIC_0026233,1,0.00013194128,0.9998585,4.636489e-07,4.790173e-07,4.9878768e-06,7.727912e-09,3.6686797e-06
ISIC_0028027,1,1.6589858e-06,0.9976349,0.00017151248,7.842381e-08,0.0015439127,3.416029e-07,0.00064749434
ISIC_0028397,1,8.292209e-06,0.9999249,5.519332e-06,3.845734e-05,1.7761453e-05,3.639729e-08,4.998808e-06
ISIC_0028088,1,6.2104766e-07,0.9996946,1.2103734e-06,4.2431213e-07,0.00027208042,2.8342894e-08,3.109122e-05
ISIC_0025944,1,9.345892e-05,0.9998969,1.9419055e-07,9.101763e-06,1.2118723e-07,1.0010955e-07,1.598084e-07
ISIC_0026093,1,4.385492e-07,0.99969447,3.9441414e-07,1.3070871e-07,0.0003005065,2.1627677e-07,3.81175e-06
ISIC_0026478,1,1.6988948e-05,0.99996734,1.3592213e-06,1.0427204e-05,5.394922e-07,1.7163104e-06,1.7412216e-06
ISIC_0024656,1,3.997089e-05,0.9998772,1.3644443e-06,1.3414285e-07,7.671172e-05,4.431217e-06,1.8692575e-07
ISIC_0029688,1,1.905257e-06,0.999959,3.757757e-05,8.1215595e-10,9.628275e-07,8.218756e-09,5.1427196e-07
ISIC_0031320,1,2.2747074e-07,0.99999654,1.7979133e-07,5.8910473e-08,2.4850192e-06,2.4947417e-07,3.853517e-07
ISIC_0032080,1,0.00020568368,0.999793,2.0895368e-07,1.8054276e-09,4.5300536e-07,9.373362e-08,6.05261e-07
ISIC_0028908,1,5.939177e-08,0.9999927,8.475277e-07,3.1005723e-07,1.6975879e-06,1.01798655e-07,4.224939e-06
ISIC_0025437,1,8.325313e-07,0.99999285,5.0587083e-08,6.3386906e-08,4.5530696e-06,1.4149698e-06,1.08742185e-07
ISIC_0027206,1,0.0016972319,0.9982967,9.0014005e-08,3.275074e-08,6.48537e-08,3.3519346e-08,5.936516e-06
ISIC_0032361,1,1.864359e-07,0.9999989,1.3842852e-09,2.5188895e-10,1.01513685e-07,1.0753522e-07,6.50358e-07
ISIC_0030775,1,1.4515102e-06,0.9999746,9.661316e-09,1.3496996e-08,2.8909886e-07,7.4523456e-08,2.3471517e-05
ISIC_0031675,1,3.2673197e-06,0.99998057,2.0167752e-07,1.7517994e-08,1.11590725e-05,2.0074322e-07,4.6090563e-06
ISIC_0030866,1,1.661463e-05,0.9999647,5.7932203e-07,3.2721178e-07,5.1798006e-06,2.3973047e-07,1.2347838e-05
ISIC_0031998,1,2.0607027e-07,0.99995756,6.25822e-08,1.3750975e-08,3.7059697e-05,6.065502e-08,4.969392e-06
ISIC_0025919,1,9.4132476e-05,0.9998691,1.5811847e-06,3.9261772e-07,3.5182921e-07,2.3633494e-05,1.0841471e-05
ISIC_0026240,1,2.4363437e-05,0.9999274,2.117734e-08,3.3674696e-06,3.7269212e-05,3.5307774e-08,7.571786e-06
ISIC_0029980,1,3.8948917e-07,0.9999912,1.5950371e-07,1.4333487e-10,1.7287904e-06,1.1915845e-08,6.52002e-06
ISIC_0029711,1,1.3290303e-06,0.99999356,5.5284453e-08,4.3776833e-08,4.798357e-06,2.9533723e-08,2.7078173e-07
ISIC_0025449,1,0.00012448872,0.9998678,3.1682048e-06,3.1065465e-08,3.893938e-06,2.5365969e-08,5.779196e-07
ISIC_0026649,1,3.8080944e-07,0.99987316,3.6168683e-07,1.5979052e-06,0.000117208896,5.2488617e-06,2.0752257e-06
ISIC_0026235,1,5.6819437e-07,0.999997,1.2840684e-07,7.3024773e-07,1.1738495e-06,1.6889896e-08,4.1105005e-07
ISIC_0027638,1,8.552368e-05,0.99964154,9.917675e-05,9.257436e-05,2.4677114e-05,2.3041537e-05,3.3474727e-05
ISIC_0025720,1,8.662503e-08,0.99999964,5.789297e-09,4.127713e-09,1.3167931e-08,3.1883065e-08,2.0481833e-07
ISIC_0025438,1,1.0749742e-07,0.99995637,5.875494e-08,4.4881241e-07,4.2506686e-05,2.4738048e-07,2.1568866e-07
ISIC_0026474,1,6.980617e-05,0.99986255,2.855478e-07,1.2385328e-07,6.268405e-05,5.17413e-07,4.0646055e-06
ISIC_0028182,1,1.1374522e-06,0.99794894,2.5107062e-07,1.3272796e-08,0.002045631,5.0581807e-08,4.0736404e-06
ISIC_0025580,1,2.804619e-06,0.999995,1.1038532e-06,2.8233826e-08,4.6378025e-07,2.2666741e-07,4.33195e-07
ISIC_0026945,1,0.00019601267,0.9997228,8.717366e-07,5.3898755e-05,4.4377125e-06,1.6720376e-06,2.0301708e-05
ISIC_0032183,1,5.2844494e-05,0.9999417,1.6200906e-07,1.7793441e-08,2.568082e-07,2.0155625e-07,4.761909e-06
ISIC_0029322,1,8.489148e-08,0.9995869,1.8915865e-07,3.643417e-07,0.0004120819,1.4058571e-08,3.985941e-07
ISIC_0029449,1,4.850501e-06,0.9999682,2.1977047e-07,8.893017e-09,1.2214228e-06,1.294388e-06,2.4267034e-05
ISIC_0026906,1,1.0694427e-07,0.9999949,1.9579057e-08,1.838023e-08,1.3356018e-07,1.18738996e-07,4.6900445e-06
ISIC_0026252,1,2.255035e-06,0.9999839,8.879806e-06,4.9064556e-07,1.6277198e-07,2.350741e-06,1.9371478e-06
ISIC_0025997,1,1.5166962e-05,0.99997485,2.1226392e-06,1.1025894e-08,7.3524366e-06,1.7651248e-08,5.229411e-07
ISIC_0028422,1,9.920262e-08,0.99999917,3.132026e-09,1.7563554e-08,1.4076777e-07,3.1815273e-07,2.0528422e-07
ISIC_0028695,1,0.00015349689,0.99958867,0.00023793819,1.6186603e-05,1.0299884e-07,1.6133124e-07,3.497585e-06
ISIC_0030614,1,1.7535223e-06,0.9998877,1.1448199e-06,1.1291189e-07,0.000107043576,4.560102e-07,1.7875209e-06
ISIC_0031116,1,5.7373227e-06,0.99999404,9.882799e-08,8.7420493e-10,2.1820762e-08,1.2465405e-09,1.5874933e-07
ISIC_0030357,1,5.8405594e-06,0.9998093,3.823192e-07,3.6729497e-07,0.00018345425,1.3219725e-08,7.0267646e-07
ISIC_0026678,1,5.0423505e-06,0.9999459,3.4717657e-06,4.1770734e-05,2.7987023e-06,1.1541244e-08,1.1423039e-06
ISIC_0026527,1,3.389135e-08,0.99999964,7.138064e-09,5.115555e-11,9.19663e-08,3.4809846e-09,1.6756242e-07
ISIC_0032004,1,0.0002941991,0.99945027,1.5969576e-05,0.00020398798,2.7781678e-06,5.5887454e-06,2.7254378e-05
ISIC_0027225,1,0.00025410252,0.99721164,1.117454e-05,2.0608375e-07,0.0024501546,1.1084143e-07,7.261333e-05
ISIC_0030154,1,1.4235432e-07,0.9999993,6.404344e-08,3.7411183e-08,1.02932134e-07,1.1290973e-09,3.780695e-07
ISIC_0028284,1,2.4164448e-09,0.9999987,3.4717977e-09,9.683998e-10,1.6093102e-08,6.8380125e-08,1.2134824e-06
ISIC_0027304,1,5.7736083e-06,0.9999939,5.0545378e-08,8.194342e-09,1.8753532e-08,1.5130972e-07,6.916315e-08
ISIC_0029168,1,6.6652035e-05,0.9998579,4.710864e-06,4.1067448e-08,3.319424e-05,4.6695477e-06,3.2833526e-05
ISIC_0025685,1,3.8013152e-07,0.9999777,5.020579e-07,1.14194755e-07,1.3535986e-05,2.9838844e-08,7.736256e-06
ISIC_0026537,1,5.4094446e-05,0.99984884,5.2265288e-05,1.0191314e-06,4.3360327e-05,1.0407778e-07,2.8096633e-07
ISIC_0031343,1,0.00010179551,0.9998497,1.222732e-05,1.2593013e-07,3.5460205e-05,1.150756e-08,7.1679676e-07
ISIC_0027962,1,4.1200186e-05,0.99995804,3.848304e-09,2.0178976e-09,5.7457646e-07,1.12581766e-07,5.533312e-08
ISIC_0029307,1,4.0484983e-07,0.9999988,4.6361865e-08,8.750953e-09,5.44612e-07,8.250358e-08,7.668414e-08
ISIC_0027325,1,5.96092e-08,0.9999925,8.229231e-08,9.84888e-07,8.2418177e-07,1.6215155e-06,3.90829e-06
ISIC_0025147,1,3.6182835e-05,0.9999496,6.547049e-07,6.936441e-09,8.2345305e-06,4.267097e-09,5.307367e-06
ISIC_0029423,1,0.0015904808,0.91784245,3.1186675e-05,2.40074e-06,0.0799541,0.00017197862,0.00040741262
ISIC_0024456,1,5.177475e-07,0.99984884,6.8156482e-06,2.45163e-07,0.000121411555,5.4805398e-08,2.2194474e-05
ISIC_0025890,1,6.202425e-06,0.9999846,8.467735e-07,7.0645224e-06,1.7324174e-07,3.755804e-07,8.167389e-07
ISIC_0024488,1,1.311124e-07,0.9999876,3.5564822e-06,1.0171939e-06,7.352657e-06,8.522502e-09,2.9379507e-07
ISIC_0031120,1,7.079274e-06,0.99947387,1.9448584e-05,2.7586775e-06,0.00048310956,6.2511624e-08,1.36978115e-05
ISIC_0026683,1,1.0164873e-06,0.999987,5.2689325e-07,8.739279e-08,2.8342972e-06,1.0159402e-07,8.40425e-06
ISIC_0030613,1,1.0148176e-06,0.9999987,1.04926194e-07,1.2281437e-08,1.2167392e-07,7.059176e-09,3.2770927e-08
ISIC_0026896,1,2.522223e-05,0.9999161,1.6174333e-06,1.467126e-06,3.162961e-05,9.453369e-06,1.4650281e-05
ISIC_0027378,1,9.0621853e-07,0.99997604,1.893268e-08,1.17222456e-07,7.953066e-08,6.2203144e-06,1.6691683e-05
ISIC_0029517,1,1.9193298e-05,0.9997675,2.6328295e-05,2.394844e-07,0.0001703541,7.072995e-07,1.5742917e-05
ISIC_0025290,1,7.949474e-06,0.99998677,5.156117e-09,1.2140049e-10,1.8616075e-07,2.743455e-06,2.3660778e-06
ISIC_0031635,1,4.382165e-06,0.99999344,1.2001448e-07,6.336322e-09,1.1702778e-07,1.0650361e-07,1.8000515e-06
ISIC_0030042,1,0.0010499846,0.9989458,1.3841569e-06,1.8122996e-08,5.4122745e-07,1.4801566e-06,8.7757104e-07
ISIC_0026747,1,6.104897e-09,0.99639255,8.7647913e-07,6.400191e-07,0.0036040652,1.6968288e-08,1.8629215e-06
ISIC_0029006,1,4.0412058e-07,0.99998796,3.6322877e-08,7.2598e-08,9.880864e-06,1.101297e-07,1.4976832e-06
ISIC_0029806,1,2.1397173e-07,0.9999924,2.462034e-07,3.6223324e-09,2.2784214e-07,1.3589604e-07,6.8541617e-06
ISIC_0030863,1,1.1151809e-07,0.9999924,4.6156956e-08,5.044648e-08,7.9360456e-07,1.1188257e-06,5.644901e-06
ISIC_0027682,1,1.0504127e-06,0.9999937,5.0659445e-08,1.3405141e-09,1.2670261e-08,1.8520145e-06,3.2863093e-06
ISIC_0029171,1,3.8120343e-06,0.9979163,7.1727656e-05,7.106691e-05,0.0018342118,2.5311745e-05,7.7606244e-05
ISIC_0029485,1,2.8572586e-05,0.99989355,3.442528e-08,2.3662599e-09,7.762279e-05,5.33701e-08,1.5610027e-07
ISIC_0032479,1,9.290073e-08,0.99995995,2.8613734e-08,8.5537204e-07,2.680045e-05,1.1389048e-05,7.983886e-07
ISIC_0031525,1,3.4833615e-06,0.99993587,3.7021837e-05,1.759271e-05,1.3698806e-06,2.7928456e-06,1.9001902e-06
ISIC_0028667,1,0.00017189022,0.99923825,3.1614695e-06,0.0005193158,5.188131e-06,4.5987332e-07,6.16454e-05
ISIC_0026191,1,5.411089e-06,0.99982625,1.2211032e-05,1.3012376e-06,0.00014264787,5.9657405e-06,6.220207e-06
ISIC_0025704,1,1.23726595e-05,0.9998863,6.7387555e-05,8.1216896e-08,2.0245755e-06,3.4956696e-07,3.1414784e-05
ISIC_0031764,1,1.534745e-06,0.9999882,5.9319273e-06,2.887758e-10,3.332524e-06,2.8133633e-09,9.5357484e-07
ISIC_0026065,1,8.62956e-07,0.9996395,1.2083963e-05,3.4426353e-06,0.00033419777,9.351907e-06,5.475461e-07
ISIC_0026007,1,3.6920555e-05,0.9999354,1.6869177e-05,5.675046e-07,9.978395e-07,1.7466634e-07,9.068807e-06
ISIC_0026259,1,2.954873e-07,0.9999745,1.9647342e-08,1.3403894e-08,2.4236544e-05,1.0279843e-09,9.595068e-07
ISIC_0031128,1,8.202905e-05,0.9997937,2.7311522e-05,8.602574e-05,3.592715e-06,7.1333886e-07,6.6061366e-06
ISIC_0029968,1,3.6611914e-06,0.9999858,9.7480566e-08,1.0522747e-07,8.576786e-06,2.7001786e-07,1.5314049e-06
ISIC_0030529,1,1.09027056e-07,0.9999883,2.4668221e-08,7.735906e-09,7.5964016e-07,1.1343044e-07,1.0656464e-05
ISIC_0030984,1,1.535453e-05,0.9999702,2.7385713e-06,3.8143214e-06,1.5011692e-07,3.6144556e-06,4.212316e-06
ISIC_0026695,1,1.4667037e-06,0.99997056,1.3809134e-08,1.6283276e-06,2.2916667e-05,3.9846103e-08,3.3691374e-06
ISIC_0029903,1,0.00096754666,0.9990128,1.4753887e-05,7.353055e-07,1.1386245e-06,1.7009733e-06,1.2715461e-06
ISIC_0024455,1,1.0554263e-06,0.9999565,1.8331825e-06,4.6578826e-08,3.689879e-06,6.7940434e-08,3.6859274e-05
ISIC_0025259,1,4.0964395e-08,0.99999845,2.3750927e-11,5.698154e-13,1.5292526e-06,1.0497237e-08,1.1360159e-08
ISIC_0026975,1,3.3793814e-08,0.9997516,1.3991633e-05,8.879115e-08,0.00021306725,1.7328315e-05,3.8780136e-06
ISIC_0031391,1,1.9252584e-06,0.99998534,6.384898e-08,1.9209576e-06,9.746985e-06,1.2176504e-07,8.7808723e-07
ISIC_0027228,1,4.0714593e-08,0.9999776,1.4606955e-07,2.3426848e-08,2.592317e-06,3.0470506e-08,1.9650073e-05
ISIC_0027885,1,2.2711502e-08,0.9999875,2.6886239e-08,3.741973e-08,1.1388537e-05,1.7629366e-08,1.0681429e-06
ISIC_0026469,1,7.878745e-06,0.9999647,5.143507e-06,3.8615962e-08,2.0143483e-05,2.8242884e-08,2.0642965e-06
ISIC_0029758,1,9.655215e-08,0.99999845,1.7383695e-07,7.1748076e-07,1.4033378e-07,2.363842e-09,3.7643474e-07
ISIC_0029103,1,6.164591e-05,0.99991465,1.3458278e-07,2.7929886e-10,3.2389662e-06,1.7402293e-07,2.0229392e-05
ISIC_0026143,1,7.2135237e-10,0.9999895,7.3331544e-06,1.0573002e-07,4.5814318e-08,6.152852e-07,2.4079307e-06
ISIC_0027660,1,2.0256406e-08,0.9999994,9.770643e-11,3.473337e-09,8.929844e-08,2.8610005e-08,5.425558e-07
ISIC_0024589,1,1.30518065e-05,0.9999827,8.4629716e-07,3.1428794e-08,3.8450995e-08,1.3047032e-06,2.0651862e-06
ISIC_0027013,1,0.0001879109,0.99973065,2.3561723e-05,1.0503747e-06,5.108082e-05,1.7605655e-06,3.8975722e-06
ISIC_0029383,1,0.0016386121,0.9931462,7.786328e-06,0.0051898537,3.747677e-09,1.5404157e-05,2.2602635e-06
ISIC_0032121,1,1.529934e-06,0.9999957,5.871745e-07,7.541605e-07,1.125713e-07,2.38283e-07,1.0768198e-06
ISIC_0024388,1,3.4241648e-06,0.9997224,2.9259052e-05,0.00012903003,8.6932545e-05,2.7894976e-06,2.6133788e-05
ISIC_0026499,1,0.01064062,0.9891889,6.396814e-05,5.478515e-08,9.9837045e-05,1.1599482e-06,5.417282e-06
ISIC_0024866,1,0.012771113,0.9872197,1.6234215e-07,5.7031713e-08,3.9985535e-09,3.7675335e-07,8.741589e-06
ISIC_0029858,1,0.00089057704,0.9991055,7.418056e-08,8.65146e-07,5.472017e-08,1.514232e-07,2.7958968e-06
ISIC_0029925,1,2.108857e-06,0.9999925,7.8703806e-08,1.0804763e-08,5.848034e-08,1.2304574e-06,4.113947e-06
ISIC_0032137,1,1.1494153e-07,0.9999976,6.194658e-07,1.1266553e-06,6.809476e-08,9.280642e-09,5.172081e-07
ISIC_0028875,1,8.8241745e-07,0.99999607,3.466023e-07,3.673634e-08,7.0611713e-07,2.5196826e-08,2.0559166e-06
ISIC_0025998,1,7.190832e-05,0.9999223,5.5287546e-07,6.171514e-07,3.2394234e-06,4.948918e-08,1.3731096e-06
ISIC_0027943,1,4.1701483e-07,0.9999509,1.1549837e-06,2.230767e-06,5.8170565e-07,1.2219539e-06,4.35503e-05
ISIC_0028778,1,1.1835829e-06,0.9999167,1.6678058e-07,9.333664e-08,2.3010609e-05,7.7821085e-07,5.7963745e-05
ISIC_0029399,1,1.4776397e-06,0.9998946,2.6079615e-06,1.8949643e-07,5.126524e-05,1.540975e-06,4.8212587e-05
ISIC_0029663,1,0.00035568385,0.99961805,1.93946e-05,4.959511e-06,6.0904057e-07,1.337493e-07,1.1203509e-06
ISIC_0032377,1,1.5840905e-07,0.9999901,2.8397277e-08,1.7053615e-07,2.8843015e-06,6.22255e-06,5.4983735e-07
ISIC_0030163,1,1.4691228e-09,0.9999999,1.1777842e-08,4.707259e-09,5.5390977e-08,1.574435e-09,3.9447766e-08
ISIC_0025408,1,5.3419126e-07,0.9999968,2.9296354e-10,1.5736804e-08,1.8414516e-06,2.993511e-09,8.6997534e-07
ISIC_0027081,1,0.00010912197,0.999747,3.7387304e-06,3.7707678e-06,2.4289518e-05,5.883276e-05,5.3233103e-05
ISIC_0031884,1,6.2814647e-06,0.9999894,9.728352e-07,1.0747903e-07,1.2588608e-06,9.675632e-07,9.808384e-07
ISIC_0026860,1,7.338919e-08,0.99999726,1.416805e-07,1.1660506e-08,3.9170982e-07,3.1169144e-08,2.1286405e-06
ISIC_0026507,1,2.001052e-06,0.99991906,2.1222818e-06,1.6125657e-07,7.632853e-05,1.7023018e-08,3.5751367e-07
ISIC_0026486,1,8.414497e-06,0.9999666,4.9762143e-06,1.8543407e-05,1.898717e-07,3.6667936e-07,8.226622e-07
ISIC_0027092,1,5.4276925e-06,0.99997544,1.7625153e-08,8.067722e-09,1.7407035e-07,9.093398e-07,1.7945727e-05
ISIC_0032053,1,5.84084e-08,0.9999746,2.3107216e-08,1.6410356e-09,2.0556463e-05,1.1378293e-07,4.647177e-06
ISIC_0030379,1,5.9017503e-07,0.99999344,4.7747612e-08,3.480175e-08,3.4361874e-06,1.07628555e-08,2.4245242e-06
ISIC_0032216,1,0.0004012849,0.9995957,1.0914927e-06,3.7381912e-07,7.6098974e-07,2.6956525e-07,5.9559835e-07
ISIC_0030213,1,1.7368702e-05,0.9999738,1.5538558e-07,5.250133e-07,8.8333155e-07,2.1472901e-07,7.138461e-06
ISIC_0031729,1,3.7740706e-06,0.99999595,7.142123e-09,1.0961239e-10,2.966329e-07,1.9385736e-08,1.2668187e-08
ISIC_0025923,1,9.256775e-06,0.99998355,2.0587713e-08,1.7088442e-07,5.2153098e-08,3.0214885e-06,3.9905076e-06
ISIC_0028140,1,2.6687341e-05,0.9999697,6.391644e-07,1.8214269e-09,7.005618e-08,2.7572023e-06,1.2320666e-07
ISIC_0027193,1,4.0213042e-08,0.99999917,1.0048248e-08,1.2251302e-09,2.4293698e-07,3.178087e-08,5.297084e-07
ISIC_0026257,1,1.9067107e-08,0.9999503,2.8568562e-07,1.43740895e-08,4.9069273e-05,7.232798e-08,2.1654083e-07
ISIC_0031370,1,0.009055316,0.89644694,0.0001190946,4.923489e-06,0.09432162,3.5352234e-05,1.6759792e-05
ISIC_0031914,1,1.566486e-06,0.9999759,6.6217444e-07,1.680938e-07,2.0956475e-05,3.538594e-08,7.7886284e-07
ISIC_0028855,1,2.1726712e-10,0.9999958,4.263373e-09,1.7821305e-08,1.9036544e-06,4.1064947e-09,2.2767838e-06
ISIC_0029710,1,1.5129545e-05,0.9999844,1.428308e-08,4.3543986e-09,2.6796817e-08,2.0194301e-08,3.910124e-07
ISIC_0030330,1,2.021557e-06,0.9999354,7.807943e-06,9.012267e-06,9.668191e-07,2.8520284e-05,1.6262817e-05
ISIC_0029852,1,1.1153482e-05,0.99998593,7.570727e-08,7.920549e-09,1.0979678e-06,7.5874783e-07,1.0816209e-06
ISIC_0026750,1,0.00020108145,0.99969995,1.1052373e-05,7.407928e-05,1.5313688e-06,7.524316e-08,1.2196248e-05
ISIC_0032403,1,7.865006e-06,0.99995506,2.596944e-07,1.0314022e-07,3.3570148e-05,3.661419e-07,2.78372e-06
ISIC_0029949,1,2.058475e-05,0.9999716,3.2927023e-06,1.0486059e-06,1.2232445e-06,6.0618083e-07,1.6029729e-06
ISIC_0025920,1,7.713861e-08,0.9999969,2.2306729e-07,2.3381352e-09,1.6916225e-09,1.0452796e-06,1.7511367e-06
ISIC_0028055,1,7.659187e-06,0.9999896,1.2677009e-07,6.424518e-08,1.8279117e-06,1.6833777e-08,6.534374e-07
ISIC_0026535,1,0.0002723066,0.9997255,2.2814481e-07,3.5243346e-07,3.332327e-07,3.228532e-08,1.2263022e-06
ISIC_0026602,1,3.6853016e-05,0.9999268,2.8601983e-06,5.761285e-08,9.962444e-06,2.8500913e-06,2.061746e-05
ISIC_0029732,1,1.3780515e-06,0.99988234,8.452959e-07,3.331895e-06,9.643521e-06,1.3125923e-07,0.000102278
ISIC_0032416,1,1.7676957e-07,0.99998784,3.6355313e-08,2.5385702e-09,5.24868e-07,7.362868e-08,1.1323821e-05
ISIC_0029587,1,0.0007157866,0.99907947,9.234578e-06,3.0593235e-06,0.00019175418,1.3508334e-07,4.928836e-07
ISIC_0026685,1,6.934748e-08,0.9999987,7.478964e-09,1.873293e-07,7.443494e-07,1.2893139e-09,1.9367026e-07
ISIC_0026724,1,7.1823524e-05,0.9998983,5.0770687e-08,1.081576e-09,2.6197417e-06,1.8159104e-05,9.052053e-06
ISIC_0032386,1,5.4280186e-05,0.9999435,1.4152198e-08,9.914484e-09,5.1232263e-07,5.607807e-08,1.6922188e-06
ISIC_0026392,1,1.23051095e-05,0.9999535,4.8792197e-07,5.470773e-08,1.9665702e-05,1.6408001e-06,1.2391004e-05
ISIC_0032275,1,1.3377513e-05,0.9999665,2.4111546e-06,5.1122427e-08,1.7227087e-05,1.575613e-07,4.2047927e-07
ISIC_0029365,1,1.2739925e-07,0.99999845,1.2612335e-06,1.9017676e-09,6.346656e-10,1.2244764e-07,3.2636688e-08
ISIC_0028278,1,8.361838e-07,0.99993587,1.7213108e-07,4.004708e-08,6.287893e-05,1.354686e-09,2.1914826e-07
ISIC_0027687,1,1.1760421e-06,0.99756795,1.4918568e-07,9.080754e-06,0.0022232337,0.0001233206,7.505747e-05
ISIC_0025728,1,1.963415e-06,0.99998367,1.0615111e-07,2.8000786e-06,9.306053e-06,1.2212157e-08,2.2688837e-06
ISIC_0026066,1,0.0031052046,0.99688786,7.305962e-08,2.8338407e-08,3.6468234e-07,3.9096616e-07,6.1455344e-06
ISIC_0030178,1,5.382286e-06,0.9999945,3.7238632e-09,2.1821334e-10,5.8100444e-08,3.949082e-09,1.8014957e-08
ISIC_0028382,1,2.874778e-05,0.99995816,2.0771565e-06,2.2920217e-06,2.868576e-06,1.9178914e-07,5.639699e-06
ISIC_0026082,1,2.0429784e-06,0.9999943,3.0829547e-08,1.3097754e-07,6.2095484e-07,1.7651153e-08,2.944454e-06
ISIC_0032032,1,3.1670498e-07,0.99999297,3.6152583e-06,9.334153e-10,2.5808237e-07,2.1042845e-07,2.5525485e-06
ISIC_0029380,1,0.00039197237,0.9996055,9.985627e-09,2.4646926e-08,1.9390551e-08,3.429671e-07,2.1558142e-06
ISIC_0025462,1,4.7649455e-06,0.99998116,7.80642e-07,4.0810855e-07,2.4856447e-06,1.2397262e-06,9.2118125e-06
ISIC_0028432,1,2.2916272e-06,0.9999862,5.641072e-06,1.8606805e-08,4.4665385e-06,1.7874794e-07,1.3158954e-06
ISIC_0024320,1,0.0019591046,0.997996,1.5877824e-05,2.7191658e-05,5.0569884e-07,6.592893e-08,1.1994408e-06
ISIC_0025586,1,1.1448989e-06,0.9999987,3.0662948e-09,7.1608536e-10,1.0171342e-08,3.5307696e-10,1.8363316e-07
ISIC_0026418,1,1.3322828e-05,0.99973744,2.2287388e-06,6.131344e-08,0.0002446491,6.8083146e-08,2.067801e-06
ISIC_0026102,1,4.2234266e-08,0.9999999,5.5007643e-08,1.9645656e-09,2.2899389e-08,1.071524e-08,4.3400824e-08
ISIC_0031262,1,2.064397e-06,0.9999963,1.2123765e-09,3.3339895e-09,2.7597493e-09,1.554262e-06,7.104223e-08
ISIC_0027993,1,1.097189e-06,0.9996865,4.4453512e-07,8.9321833e-10,0.00031192877,7.787227e-09,5.8792097e-08
ISIC_0024613,1,9.747523e-06,0.99999,1.0676481e-07,1.9776321e-10,5.7517127e-08,4.368109e-08,1.5098928e-07
ISIC_0026667,1,8.442594e-06,0.99998605,1.2829136e-07,4.1669995e-07,3.643317e-06,5.647248e-07,7.208833e-07
ISIC_0025770,1,0.00012941068,0.9998653,7.278545e-07,3.2223772e-07,1.9241098e-08,1.201444e-07,4.0850537e-06
ISIC_0032224,1,1.4696731e-06,0.99997795,2.6763446e-06,3.316185e-06,6.999233e-06,1.5864508e-07,7.5018647e-06
ISIC_0027804,1,2.838435e-06,0.9999933,4.6450836e-08,2.6640086e-09,1.3320335e-06,2.4754316e-08,2.5095771e-06
ISIC_0028996,1,1.8780423e-06,0.9996474,2.834309e-07,1.3318381e-08,0.00032647362,3.1139587e-06,2.0920299e-05
ISIC_0031840,1,5.3097597e-06,0.9999721,1.18390524e-07,1.6988661e-08,2.7092458e-06,8.1149686e-08,1.9590316e-05
ISIC_0028740,1,5.5473726e-07,0.9999777,1.0778119e-07,9.423858e-08,2.1384949e-05,3.8138097e-09,1.6827133e-07
ISIC_0029681,1,1.6312293e-05,0.9999776,4.880349e-06,3.7174559e-07,8.106385e-07,8.650057e-09,9.395321e-08
ISIC_0028206,1,9.253538e-05,0.99988985,1.2973247e-07,1.1339964e-08,1.4096369e-05,7.862112e-09,3.3286422e-06
ISIC_0024785,1,4.4428663e-05,0.999954,3.7188576e-07,1.3303149e-07,1.2092536e-07,6.6433586e-07,2.432751e-07
ISIC_0025566,1,2.76705e-06,0.99999034,3.357921e-07,3.4647803e-07,2.4758824e-06,1.9259694e-08,3.7553798e-06
ISIC_0024347,1,0.0017493329,0.99789315,3.834047e-06,3.3711742e-09,0.00034047398,5.90849e-08,1.3183317e-05
ISIC_0029692,1,7.983053e-05,0.9999155,1.061984e-06,5.1306195e-08,3.1526222e-06,8.465396e-09,5.115071e-07
ISIC_0028717,1,1.3807619e-06,0.9999722,2.491614e-07,1.4790267e-07,2.021833e-05,5.2309133e-07,5.34156e-06
ISIC_0024413,1,3.9757822e-07,0.9998635,4.79926e-07,4.261129e-08,2.6241516e-06,0.00011336162,1.964341e-05
ISIC_0031058,1,3.550256e-08,0.9999702,6.217644e-08,2.593136e-08,2.881477e-05,3.3037836e-07,5.836073e-07
ISIC_0029114,1,3.0755882e-06,0.99997354,5.5587225e-08,1.20114265e-08,2.3194569e-05,2.1704205e-09,1.15164354e-07
ISIC_0031538,1,0.000120443176,0.99953914,4.2953366e-07,1.3378555e-07,0.0003226539,9.685983e-08,1.7110831e-05
ISIC_0026204,1,8.17967e-08,0.9999999,6.831864e-09,2.2924014e-10,5.87506e-10,7.7990303e-10,8.91174e-09
ISIC_0028753,1,4.6347984e-07,0.9999993,1.7269316e-07,2.725355e-08,1.0155104e-08,2.599782e-09,5.0670938e-08
ISIC_0032351,1,1.2155391e-08,0.9999442,1.520191e-06,1.0829929e-08,5.3949214e-05,4.367201e-08,2.5408087e-07
ISIC_0029144,1,1.0596731e-07,0.99999964,1.2266979e-08,1.5377782e-09,4.832401e-08,5.1273727e-08,1.8879135e-07
ISIC_0030939,1,8.068317e-08,0.9999974,2.8016956e-08,1.210591e-10,2.4184096e-06,2.4750721e-09,1.2321901e-07
ISIC_0030212,1,4.9080525e-05,0.9999174,8.769912e-08,3.3005212e-10,3.3276054e-05,2.4891045e-09,2.1127538e-07
ISIC_0026662,1,9.94514e-07,0.99999034,5.347574e-08,3.0289065e-08,6.2978106e-06,1.1514866e-06,1.1477405e-06
ISIC_0029136,1,1.0789665e-05,0.9999888,5.9149382e-08,7.339035e-09,3.2936333e-07,7.0801147e-09,3.3655343e-08
ISIC_0024905,1,4.236631e-07,0.4973084,4.2605444e-07,0.22431314,3.4735647e-06,0.27835786,1.6330288e-05
ISIC_0030686,1,0.00066848594,0.99931574,9.96348e-06,1.0415685e-06,2.3348712e-06,1.5567447e-07,2.3252228e-06
ISIC_0026627,1,2.3195646e-06,0.99999666,7.0925477e-10,2.5473438e-08,4.4818783e-08,8.049003e-07,1.2354462e-07
ISIC_0030506,1,5.8754295e-06,0.9999931,9.3764845e-09,4.6829002e-11,1.5589672e-08,1.13775105e-08,1.058162e-06
ISIC_0032122,1,8.909781e-06,0.9999865,1.548984e-07,1.854325e-08,2.3472635e-06,5.216089e-09,2.0505965e-06
ISIC_0029186,1,0.0012433552,0.998754,1.4274795e-07,7.978632e-07,7.263747e-07,5.7486955e-07,2.6887145e-07
ISIC_0029304,1,9.056314e-07,0.99988675,2.7917576e-08,1.5713204e-07,0.000109215835,2.014104e-06,9.4225567e-07
ISIC_0028269,1,9.671208e-06,0.9996661,4.3233963e-06,3.1320656e-06,0.00030082255,8.315857e-07,1.5173025e-05
ISIC_0031075,1,1.2007893e-05,0.99997914,7.2427215e-09,7.883557e-08,4.4780631e-07,6.940584e-07,7.542002e-06
ISIC_0029960,1,8.9631834e-07,0.99999845,2.4086733e-08,1.8557743e-07,1.02491846e-07,1.6408942e-08,3.0791585e-07
ISIC_0030716,1,0.0022180965,0.996951,1.3325425e-05,4.846891e-06,0.00041995823,0.00029749662,9.527143e-05
ISIC_0027330,1,5.7869656e-06,0.9999931,1.2994201e-07,2.7955235e-08,2.6772325e-08,1.026856e-07,8.278389e-07
ISIC_0026985,1,2.952387e-08,0.9999937,5.6210247e-08,2.384706e-10,3.074486e-06,4.0217097e-07,2.7796414e-06
ISIC_0031214,1,6.2457254e-08,0.99999213,6.693196e-07,6.6423915e-08,2.902169e-07,2.2388761e-07,6.4326578e-06
ISIC_0031073,1,1.1327945e-07,0.9999162,1.68304e-07,4.4818913e-07,6.954187e-05,3.7910155e-08,1.3487658e-05
ISIC_0024633,1,9.8479635e-05,0.9998946,3.4320095e-08,1.542629e-08,1.7396866e-07,4.4282524e-06,2.3065497e-06
ISIC_0029853,1,1.4693519e-06,0.99996924,1.410183e-07,2.647139e-07,2.764443e-05,4.688891e-08,1.30313e-06
ISIC_0024889,1,3.279887e-07,0.99997497,8.989373e-07,6.7768333e-06,7.752439e-06,4.563904e-08,9.286909e-06
ISIC_0028672,1,5.1586444e-06,0.99999464,6.522263e-08,2.8165603e-09,1.5126805e-08,1.4000847e-08,1.5043258e-07
ISIC_0025502,1,6.239401e-06,0.9999918,3.37147e-07,4.822217e-08,1.7255654e-07,1.2803139e-07,1.3961886e-06
ISIC_0026997,1,2.8119322e-09,0.9999981,1.0745557e-07,2.4372127e-09,1.5032219e-06,2.214807e-07,7.194398e-08
ISIC_0026164,1,1.3259518e-07,0.99999905,2.836217e-09,4.1270154e-10,7.9054314e-07,5.113525e-10,6.092399e-08
ISIC_0028244,1,0.0008645631,0.9990823,9.622376e-07,1.4470257e-05,3.474719e-05,4.5469136e-07,2.4799763e-06
ISIC_0025666,1,1.4621773e-07,0.99999297,2.971595e-07,7.294833e-07,4.003776e-06,3.1793586e-08,1.8420875e-06
ISIC_0024438,1,2.3170733e-05,0.99987423,4.0373685e-05,5.91416e-06,4.078988e-05,3.9212005e-06,1.1468353e-05
ISIC_0031274,1,0.17321867,0.826758,3.2858368e-06,2.0347488e-06,2.4041884e-07,1.1999208e-05,5.6530284e-06
ISIC_0025796,1,8.523373e-07,0.99999726,2.3885816e-08,6.593753e-08,2.1223435e-07,1.9860032e-07,1.3141716e-06
ISIC_0026434,1,3.1154752e-06,0.9999969,1.1154194e-08,7.053538e-09,7.89141e-09,2.6207208e-09,1.338751e-08
ISIC_0028624,1,1.3373873e-06,0.99999714,4.7775483e-08,7.565212e-08,3.174986e-07,4.6158783e-07,5.3693213e-07
ISIC_0029421,1,9.089306e-06,0.99974245,8.770807e-07,1.9179085e-08,0.0002459665,1.5662077e-07,1.5273805e-06
ISIC_0028892,1,3.0087807e-05,0.9999654,1.18831565e-07,2.1542337e-07,4.5960886e-07,4.2697218e-07,3.135293e-06
ISIC_0030046,1,1.803415e-07,0.9999974,7.7449755e-07,4.3020745e-07,7.5377494e-07,7.043938e-10,4.77475e-07
ISIC_0026680,1,1.004509e-06,0.99999774,1.7083655e-08,4.025104e-08,3.9527797e-07,1.2738258e-08,8.9769065e-07
ISIC_0027524,1,0.0010207943,0.9987974,3.343391e-06,1.01254884e-07,0.00017242864,4.1158983e-06,1.7298023e-06
ISIC_0029690,1,5.0606563e-05,0.9999472,1.0535636e-07,4.345881e-09,1.2222803e-08,6.402859e-09,2.136217e-06
ISIC_0029981,1,7.733986e-05,0.9998915,7.7990677e-07,1.6531292e-05,7.968094e-06,1.265058e-06,4.4545372e-06
ISIC_0026183,1,1.0926744e-06,0.9996145,1.4650234e-05,1.4116227e-07,0.00034552554,1.0251642e-07,2.4008552e-05
ISIC_0026459,1,1.871155e-05,0.9999801,4.602338e-08,1.6488075e-08,3.2965744e-07,6.102491e-07,2.8030786e-07
ISIC_0025282,1,1.1695377e-07,0.9999578,1.3895157e-06,6.301438e-08,3.7687314e-05,1.1845597e-06,1.6709114e-06
ISIC_0029275,1,1.1625285e-06,0.99998665,2.098948e-07,1.66214e-08,9.091684e-06,6.6537143e-07,2.2049474e-06
ISIC_0028697,1,5.9116096e-06,0.99975294,7.1215936e-08,1.4530461e-07,0.00023318376,6.868262e-08,7.6877395e-06
ISIC_0025202,1,5.241023e-07,0.99989927,8.731511e-07,1.4701242e-09,9.656979e-05,2.0108347e-07,2.5222732e-06
ISIC_0026063,1,0.00016426719,0.99928087,2.639012e-05,0.0002648731,1.8065126e-05,0.00017832991,6.713948e-05
ISIC_0024966,1,5.314037e-08,0.9999933,5.6510146e-08,4.0010577e-09,6.250923e-06,1.3931177e-07,2.5338701e-07
ISIC_0030254,1,6.2356554e-07,0.9999964,1.8559252e-08,1.4625707e-08,9.909102e-07,3.6382386e-07,1.548984e-06
ISIC_0029957,1,0.00023545278,0.9997634,4.3375684e-07,5.6388206e-08,7.554101e-08,5.36845e-09,6.3259665e-07
ISIC_0030551,1,2.9939274e-06,0.09261953,1.1400872e-05,5.914105e-05,0.9072989,6.806941e-06,1.1741128e-06
ISIC_0027864,1,1.7200601e-06,0.9999963,1.760509e-08,3.9941174e-08,1.3246772e-06,1.1042047e-07,5.299187e-07
ISIC_0029552,1,0.0005417102,0.9993672,1.0063918e-06,6.302646e-07,1.2659807e-05,7.2718954e-05,4.203726e-06
ISIC_0027292,1,4.6920345e-06,0.9993855,0.00020446419,0.00017151746,3.8877544e-05,4.1912094e-06,0.00019071175
ISIC_0025010,1,9.0075014e-07,0.99999833,3.1666666e-08,1.0997781e-11,1.083719e-08,6.666196e-07,5.393261e-08
ISIC_0031788,1,1.140093e-05,0.9999392,1.0323587e-06,1.7408489e-06,4.914124e-06,1.7838443e-06,3.9914932e-05
ISIC_0028268,1,1.6095716e-07,0.9999994,9.51482e-08,2.3170845e-09,1.9642021e-08,1.1940452e-07,1.4256193e-07
ISIC_0028171,1,4.3809552e-05,0.9999553,2.4678938e-08,7.391487e-08,6.50964e-08,1.5060596e-07,6.167287e-07
ISIC_0029535,1,1.7837246e-08,0.99999535,2.8595734e-06,2.3759682e-08,1.09766e-06,4.3504638e-08,7.27548e-07
ISIC_0024485,1,9.416067e-06,0.99995935,4.992068e-06,1.6494953e-06,1.8377801e-05,6.510117e-07,5.6167273e-06
ISIC_0031983,1,1.4032515e-06,0.9999889,6.2402245e-07,2.0980253e-06,1.1196523e-06,7.493742e-07,5.130962e-06
ISIC_0027830,1,3.4635633e-07,0.9999957,1.0972045e-07,1.3592748e-07,3.1357529e-06,1.0568309e-07,4.2619746e-07
ISIC_0027430,1,1.3974248e-09,0.9999628,6.7766894e-07,2.0136143e-11,2.3819618e-06,9.95062e-08,3.3974844e-05
ISIC_0029154,1,3.73241e-07,0.99999154,2.0179672e-07,2.0309866e-08,6.6755035e-07,5.0756345e-08,7.242843e-06
ISIC_0030217,1,4.885373e-06,0.999882,7.2637825e-08,1.2775225e-06,0.000109432694,1.3787991e-06,8.198013e-07
ISIC_0028119,1,5.0205068e-05,0.999946,9.507346e-08,1.3841097e-08,2.7280456e-07,3.0825802e-06,3.2290234e-07
ISIC_0024390,1,2.629345e-07,0.9999958,2.1539488e-08,3.2235445e-09,3.9121815e-06,1.5558635e-09,6.89308e-09
ISIC_0030992,1,0.00011355393,0.99909365,3.2982352e-05,1.1073857e-06,0.00075439527,1.0276264e-07,4.181774e-06
ISIC_0030983,1,6.4966876e-08,0.9999968,6.7701905e-08,2.2270716e-09,3.0114254e-06,4.2048844e-09,1.1299789e-07
ISIC_0026035,1,5.0796746e-07,0.999998,3.556075e-08,2.4010476e-09,1.3226596e-06,2.2325876e-08,1.3894501e-07
ISIC_0029173,1,9.538854e-08,0.9999434,4.127115e-07,3.7514647e-07,3.712606e-05,1.6122721e-06,1.692013e-05
ISIC_0029964,1,4.06605e-06,0.9996076,5.0583412e-06,0.00032957664,4.7347075e-05,1.2273345e-06,5.0790163e-06
ISIC_0029444,1,1.161689e-08,0.9999577,7.364089e-07,4.921695e-10,7.136038e-08,1.942068e-05,2.2013695e-05
ISIC_0025572,1,0.0003749308,0.99948657,1.3141704e-05,8.430927e-06,4.2250223e-05,5.029747e-05,2.4324981e-05
ISIC_0025757,1,0.00010505885,0.99978155,1.4872035e-07,1.10380896e-08,9.397564e-06,2.1528477e-07,0.00010357092
ISIC_0029818,1,2.613064e-06,0.99964917,3.8528364e-05,2.1357259e-07,1.9897207e-07,9.264064e-06,0.00029996783
ISIC_0027835,1,2.089876e-06,0.9999968,9.520423e-08,1.8147706e-08,8.08051e-08,4.0338793e-07,6.370505e-07
ISIC_0028330,1,0.0007301293,0.9992508,5.2535574e-07,3.1434229e-06,1.3675271e-05,1.5007155e-06,1.7137033e-07
ISIC_0032488,1,4.920346e-07,0.99999774,8.630014e-08,3.0420757e-09,5.991731e-07,7.834532e-09,1.1288948e-06
ISIC_0025538,1,0.00012781435,0.999871,1.8109905e-07,5.124663e-07,8.229487e-08,1.0291089e-07,2.6212257e-07
ISIC_0024353,1,2.1573233e-07,0.9999833,1.2342862e-07,5.1679336e-07,7.141689e-06,1.8232264e-07,8.540002e-06
ISIC_0030727,1,4.3554687e-06,0.9917664,3.4003954e-06,1.2841063e-05,0.008199457,2.0255195e-08,1.3461862e-05
ISIC_0030719,1,1.01317e-06,0.9999894,1.8035949e-07,1.6841521e-07,8.85419e-06,5.059219e-09,4.863172e-07
ISIC_0026472,1,3.735035e-06,0.999995,8.5410726e-08,1.6245168e-07,7.937607e-08,2.8236641e-07,7.2170076e-07
ISIC_0029442,1,3.3852702e-06,0.99998677,3.111432e-06,9.6164285e-09,3.98877e-06,8.6523295e-09,2.6901123e-06
ISIC_0026004,1,7.1022534e-08,0.9999994,8.073444e-08,7.645767e-08,1.9691885e-07,4.6630584e-09,9.461055e-08
ISIC_0025694,1,9.08777e-08,0.99995005,1.327453e-07,4.29682e-09,4.8357324e-05,2.8795325e-08,1.3288851e-06
ISIC_0025232,1,2.7863675e-06,0.9999902,5.695669e-07,3.6887522e-07,5.8523506e-06,3.8155182e-08,2.6227139e-07
ISIC_0026307,1,3.8398093e-07,0.9999988,9.708642e-08,2.79549e-09,6.925777e-07,9.0061905e-09,1.3697537e-08
ISIC_0030917,1,1.7205068e-05,0.99998176,9.202743e-09,5.1884688e-09,3.1717744e-09,9.234675e-07,7.383734e-08
ISIC_0029477,1,1.0102352e-06,0.99975115,7.5065245e-08,1.1014527e-06,0.0002449786,6.6165893e-07,9.476697e-07
ISIC_0030637,1,0.00017175796,0.999729,6.23857e-08,7.44505e-07,9.812033e-05,1.2409245e-07,1.7443023e-07
ISIC_0028471,1,2.1486893e-07,0.9999976,1.7262561e-08,4.848157e-09,2.969964e-08,2.6635067e-09,2.1709666e-06
ISIC_0028251,1,1.3119535e-06,0.9999902,6.743752e-08,3.4188584e-08,6.870154e-06,4.919282e-07,1.03186e-06
ISIC_0028940,1,1.6166297e-06,0.999998,1.2578988e-07,1.2096904e-08,3.5382065e-08,1.4386735e-08,1.9760333e-07
ISIC_0026879,1,1.3869326e-06,0.99996245,1.2206002e-05,3.303681e-06,1.696081e-05,1.5987324e-06,2.0639316e-06
ISIC_0029437,1,9.745386e-08,0.9999883,4.7813415e-07,7.625079e-07,7.681414e-06,1.7097987e-06,1.0594008e-06
ISIC_0031765,1,8.463651e-05,0.99987686,7.172188e-06,1.6796636e-06,1.3787177e-05,2.1591777e-06,1.37632405e-05
ISIC_0031818,1,4.825713e-05,0.99993014,1.2370678e-05,8.281861e-06,1.3392906e-07,1.1211213e-07,7.0866037e-07
ISIC_0028458,1,3.8981175e-06,0.9999925,1.11253385e-07,6.2860837e-09,5.993083e-07,1.012767e-07,2.7582355e-06
ISIC_0025715,1,0.0027799355,0.997216,5.866247e-08,3.843865e-07,1.3458903e-06,7.8175866e-08,2.225727e-06
ISIC_0031415,1,2.472688e-08,0.99999833,1.0004522e-08,1.0622365e-09,1.7019863e-07,1.4359532e-06,8.0473e-08
ISIC_0029910,1,1.2963136e-07,0.9994898,2.8340446e-06,1.1810868e-06,0.00050434837,4.060309e-08,1.658677e-06
ISIC_0030563,1,8.9224806e-05,0.9999064,2.599319e-06,2.1182514e-08,8.683625e-07,1.2779893e-07,7.2656053e-07
ISIC_0024914,1,9.177645e-07,0.9999515,8.37707e-07,1.9086227e-05,2.4479355e-05,2.4375248e-07,2.9866158e-06
ISIC_0025595,1,1.9575837e-06,0.99999726,3.8275573e-08,7.236007e-08,6.607929e-08,6.200948e-08,4.8124787e-07
ISIC_0027424,1,1.1578495e-05,0.99990046,1.8792722e-06,3.5088303e-06,7.883092e-05,4.2811214e-07,3.334842e-06
ISIC_0029134,1,1.3967353e-06,0.99989307,4.4444386e-07,2.2531097e-07,0.000103875886,1.893359e-07,7.1815475e-07
ISIC_0027532,1,2.9143675e-06,0.9999671,1.9391622e-05,1.8194702e-06,5.906322e-06,7.388779e-09,2.854463e-06
ISIC_0027070,1,3.1883985e-05,0.9997961,0.00015990749,6.768633e-06,2.6121333e-07,1.479693e-07,4.938276e-06
ISIC_0026732,1,1.3445003e-06,0.9999926,3.032856e-06,5.0575613e-07,8.81048e-07,1.2927215e-07,1.4970706e-06
ISIC_0030290,1,1.7670085e-07,0.9999871,6.151617e-09,1.1463004e-08,1.6959052e-06,1.2339374e-06,9.822259e-06
ISIC_0026495,1,9.9687625e-08,0.9999896,1.2845085e-07,1.0214561e-09,2.4750566e-06,1.792261e-06,5.8289415e-06
ISIC_0032472,1,9.848303e-07,0.9999988,2.48683e-09,1.3760121e-08,2.1918671e-09,9.469914e-08,5.1710536e-08
ISIC_0030680,1,0.0028834885,0.99690443,0.0001098635,2.4877727e-05,1.7674132e-06,6.935139e-05,6.1909673e-06
ISIC_0027446,1,4.8013926e-06,0.99998605,4.013024e-07,1.29707525e-08,1.2395597e-06,4.26708e-06,3.2662347e-06
ISIC_0025098,1,5.9809406e-07,0.99989843,8.576189e-05,1.15076446e-07,1.3713593e-05,7.0326206e-07,6.0822623e-07
ISIC_0027233,1,5.718289e-07,0.99999404,4.3516386e-07,4.254402e-07,1.8479046e-06,1.7999332e-07,2.3748619e-06
ISIC_0030678,1,2.6324485e-06,0.9997912,1.3298574e-05,8.312893e-07,0.00018917794,1.574808e-07,2.7696221e-06
ISIC_0030055,1,6.0599894e-05,0.99993086,2.1186638e-07,1.4981763e-08,4.81605e-06,9.284312e-08,3.4057107e-06
ISIC_0026851,1,1.2530333e-07,0.9999925,4.4870088e-08,1.11917224e-07,1.0382311e-06,5.6372037e-06,6.25392e-07
ISIC_0031182,1,6.556596e-07,0.99999726,3.5035253e-08,3.339125e-07,1.4394836e-06,7.485808e-08,1.0845682e-07
ISIC_0026894,1,2.5350863e-07,0.9999677,4.77134e-07,3.1560415e-08,2.8771433e-06,2.0215095e-05,8.45421e-06
ISIC_0026238,1,2.3448419e-09,0.99973315,5.509589e-07,3.5887204e-08,9.537363e-05,5.3124113e-06,0.00016560205
ISIC_0024727,1,4.1861463e-06,0.99999046,1.0408414e-06,6.746137e-07,1.9776369e-06,4.7284687e-09,1.6412363e-06
ISIC_0024751,1,0.0009390861,0.99901915,5.2185596e-06,1.1238364e-05,2.0817046e-05,9.503522e-07,3.589747e-06
ISIC_0025765,1,1.8625599e-06,0.9999943,2.2065437e-08,4.1769066e-08,3.0778438e-06,1.2764329e-07,6.270259e-07
ISIC_0028663,1,2.5120684e-05,0.9999702,2.0350896e-07,4.9584436e-08,1.0034895e-06,6.327112e-07,2.8756199e-06
ISIC_0027381,1,6.6327935e-08,0.9996886,6.489346e-07,1.8376743e-06,0.00030781826,5.2143285e-08,1.0537498e-06
ISIC_0030948,1,8.138574e-06,0.99988115,0.00010151514,1.6673519e-09,3.267939e-06,1.9054557e-08,5.953201e-06
ISIC_0025405,1,9.64208e-05,0.9998983,9.874321e-07,2.015819e-09,3.2642167e-06,1.5787542e-07,8.350845e-07
ISIC_0030691,1,2.9561722e-06,0.99999595,1.6960866e-08,4.4368254e-10,9.954031e-07,2.12026e-08,5.966662e-08
ISIC_0029796,1,5.6818335e-06,0.99997616,2.564151e-06,1.888241e-08,1.481294e-05,2.2470587e-07,5.6728913e-07
ISIC_0028522,1,0.00010577909,0.9998883,7.537053e-08,1.6850928e-08,5.4191225e-09,3.7029218e-07,5.420764e-06
ISIC_0025705,1,0.00013621824,0.99986315,1.90171e-07,2.9276453e-07,1.4927865e-08,2.2602453e-09,1.514522e-07
ISIC_0026130,1,8.1337697e-07,0.99996734,2.7480279e-05,2.2344672e-07,1.884461e-06,3.3850977e-08,2.2494971e-06
ISIC_0024487,1,1.4808528e-06,0.99829835,1.2233737e-06,5.20687e-07,0.0016758936,4.9936997e-08,2.2592425e-05
ISIC_0027583,1,1.3368117e-07,0.99999833,2.324399e-09,3.0805233e-11,3.070048e-07,7.749851e-09,1.199968e-06
ISIC_0028112,1,3.768196e-05,0.99973565,5.8290457e-06,0.00016030166,3.203912e-05,1.5851449e-06,2.6930646e-05
ISIC_0028641,1,2.6555983e-07,0.99999285,1.5665834e-07,3.8474144e-07,2.765229e-06,2.718381e-08,3.6546237e-06
ISIC_0024840,1,3.4230782e-06,0.99999344,9.144956e-08,9.396254e-07,6.8355877e-07,2.7005032e-07,1.1081908e-06
ISIC_0031414,1,2.5554066e-06,0.99999154,2.6809806e-07,3.6488832e-06,1.2577522e-06,3.729432e-07,2.7837854e-07
ISIC_0030650,1,6.9878465e-06,0.9999912,2.0127338e-08,1.2135526e-07,1.2088992e-06,6.911927e-09,4.4330383e-07
ISIC_0029890,1,0.007170392,0.9927297,1.8539045e-06,1.8228383e-06,8.1516075e-05,6.086465e-07,1.4127864e-05
ISIC_0031356,1,1.4312925e-05,0.9999187,5.139958e-07,4.643503e-09,5.5769306e-05,3.3000298e-09,1.0743004e-05
ISIC_0031137,1,0.0032868031,0.99670655,5.7856532e-06,3.6542517e-08,1.9617684e-07,7.2849176e-08,6.348424e-07
ISIC_0025602,1,2.896904e-06,0.99994123,7.028577e-07,1.829979e-06,1.6522483e-05,3.3669236e-05,3.2052142e-06
ISIC_0026880,1,2.7497168e-05,0.99995816,1.138482e-06,3.9183123e-09,6.5096965e-06,3.052884e-08,6.7001192e-06
ISIC_0032440,1,0.00026825274,0.99972004,4.2102183e-06,8.672465e-07,3.1406846e-06,1.7276329e-06,1.8669941e-06
ISIC_0024341,1,3.8284572e-08,0.99999774,7.62522e-08,2.3909108e-09,1.4266268e-06,1.2749389e-08,7.422199e-07
ISIC_0025217,1,0.0027196694,0.9970373,4.6435143e-06,4.6077607e-06,0.00018837226,2.5822703e-06,4.279289e-05
ISIC_0028402,1,3.6120402e-06,0.99999595,1.6057881e-09,6.350903e-10,2.1763194e-08,1.0849889e-07,3.5104895e-07
ISIC_0029376,1,2.0282636e-07,0.99997497,3.2192638e-08,9.560667e-08,2.4610994e-05,4.8505843e-08,1.13653165e-07
ISIC_0026161,1,2.6220837e-07,0.99999595,8.0093514e-08,9.933882e-08,5.535647e-07,3.434684e-07,2.691972e-06
ISIC_0028626,1,1.6061702e-05,0.9999447,7.766781e-08,7.2390187e-09,1.3243039e-07,1.6348463e-07,3.8869188e-05
ISIC_0028575,1,0.00014956298,0.99984705,7.295449e-08,7.38085e-09,8.857747e-07,6.994972e-08,2.3078396e-06
ISIC_0028089,1,0.0012139248,0.99862075,2.8342221e-08,2.8671817e-05,1.1936927e-05,0.0001195799,5.1875954e-06
ISIC_0027862,1,2.922154e-09,0.99999905,1.5688926e-07,8.135912e-11,1.1629471e-07,2.7310278e-07,4.3277552e-07
ISIC_0026924,1,8.479649e-08,0.999995,1.2875453e-08,2.4252516e-08,4.220648e-06,3.2660235e-08,7.471957e-07
ISIC_0031083,1,4.6187193e-05,0.99955577,8.745989e-06,3.2389773e-06,0.00016545049,1.6133356e-08,0.00022055533
ISIC_0029673,1,2.204166e-06,0.99991167,2.4059264e-07,5.15706e-06,7.791457e-05,4.962792e-07,2.3307757e-06
ISIC_0026264,1,0.0011593838,0.9988373,5.6832835e-07,1.13115135e-07,3.062468e-07,1.4020097e-06,9.375451e-07
ISIC_0028841,1,3.4833215e-06,0.99998915,7.142872e-07,1.1944777e-06,2.7785259e-06,1.517973e-06,1.0717803e-06
ISIC_0025385,1,5.844592e-07,0.99999833,1.0210447e-08,1.2227154e-09,1.55469e-07,8.290576e-07,1.2017964e-07
ISIC_0027322,1,1.4075033e-06,0.999995,2.5568904e-06,7.183889e-07,4.3936584e-08,2.7158837e-08,2.8846e-07
ISIC_0028379,1,5.705754e-06,0.9999926,4.5919787e-08,8.61042e-08,7.1255435e-08,1.9569912e-07,1.1524285e-06
ISIC_0028948,1,2.6092014e-06,0.99992263,7.7004586e-07,1.0254005e-06,6.931303e-05,1.0136329e-08,3.5636251e-06
ISIC_0030161,1,0.010091401,0.989908,3.2112982e-08,1.9927354e-08,1.08441604e-07,8.417121e-08,3.2700495e-07
ISIC_0030218,1,2.8011788e-08,0.9999999,7.8997665e-08,8.335905e-09,9.519553e-10,1.4525327e-10,2.6933177e-08
ISIC_0030702,1,7.1224315e-07,0.9999987,1.3999801e-09,9.591602e-11,4.0510312e-07,2.3501322e-08,1.8406044e-07
ISIC_0028669,1,4.4253084e-05,0.9999386,1.3799406e-07,5.5725938e-08,3.1057252e-07,1.3499002e-05,3.2498485e-06
ISIC_0031010,1,8.011846e-06,0.99998784,9.5035887e-07,9.289251e-08,1.4540177e-06,9.160891e-09,1.6574394e-06
ISIC_0028835,1,5.7156214e-08,0.9999877,4.436345e-06,4.1333145e-08,3.3242108e-07,4.306173e-06,3.1116547e-06
ISIC_0026010,1,5.4513886e-05,0.9999405,7.254985e-08,1.8400252e-07,4.4320427e-06,1.5253288e-08,2.0319843e-07
ISIC_0030632,1,5.468881e-07,0.999813,2.3604224e-08,5.135625e-08,0.00017264215,4.2699133e-07,1.3294389e-05
ISIC_0028047,1,4.762243e-06,0.9999728,2.6601354e-09,3.5393867e-08,4.0448136e-08,8.169432e-06,1.4162719e-05
ISIC_0025288,1,1.6878902e-06,0.9996816,6.001284e-07,1.5571476e-06,0.0003058436,4.4466926e-08,8.793795e-06
ISIC_0031732,1,1.1689232e-09,0.99999964,5.6034494e-08,1.7735234e-09,2.4996172e-07,2.9140355e-09,1.0836919e-07
ISIC_0024759,1,1.199178e-07,0.9999982,3.6044845e-08,2.4795581e-09,1.4755129e-06,1.5547993e-09,1.351453e-07
ISIC_0025329,1,0.00019667437,0.9722783,0.027192298,0.00013082995,5.8521884e-05,2.1010273e-05,0.0001223375
ISIC_0027624,1,5.9024285e-05,0.9999281,1.9174891e-08,4.3584825e-09,4.494442e-06,2.2645197e-07,8.1004255e-06
ISIC_0029737,1,1.0835024e-06,0.99988914,4.110196e-06,1.07831276e-07,0.00010372561,4.320688e-08,1.8519818e-06
ISIC_0029110,1,5.1043706e-05,0.9999403,1.0913266e-06,3.6433032e-06,2.4485314e-07,2.1699127e-06,1.4959587e-06
ISIC_0025215,1,1.0948166e-06,0.99999845,2.5546957e-08,1.8142597e-10,1.2162738e-07,2.824685e-08,2.55505e-07
ISIC_0026310,1,5.879496e-08,0.9999716,2.5793393e-05,2.5447065e-08,1.2617891e-06,1.0108893e-07,1.0801231e-06
ISIC_0024389,1,6.6642166e-08,0.99999166,1.6107946e-06,1.9713416e-07,5.2541115e-08,1.9903493e-07,6.13505e-06
ISIC_0029658,1,0.0003350991,0.999653,2.0010394e-07,5.722971e-07,4.9127107e-07,1.0124348e-05,5.35316e-07
ISIC_0027995,1,8.024086e-07,0.9999566,1.3389409e-06,7.657549e-09,4.087576e-05,2.035158e-08,3.396067e-07
ISIC_0025609,1,1.1700779e-06,0.99999845,7.662852e-09,2.9668412e-08,1.2740818e-08,7.92325e-08,2.0439232e-07
ISIC_0029988,1,1.01840105e-05,0.9999869,8.571995e-08,1.1761699e-09,3.7145387e-07,5.1774737e-07,1.9620434e-06
ISIC_0030676,1,1.3509874e-06,0.99989736,9.537056e-05,3.1448113e-08,4.8901093e-06,6.254411e-07,4.7139144e-07
ISIC_0026723,1,1.5671196e-06,0.9999931,7.10416e-08,9.296386e-09,3.71218e-06,5.004656e-07,1.1168681e-06
ISIC_0031916,1,6.9780817e-06,0.9995419,2.21671e-07,2.6136706e-06,0.0004330875,1.0932897e-07,1.5138448e-05
ISIC_0028754,1,0.0016072147,0.9983759,2.0461762e-07,5.0481663e-09,9.335107e-06,3.6865277e-08,7.3715755e-06
ISIC_0030090,1,4.1744485e-07,0.9999926,1.2168839e-07,1.11563864e-07,6.5207696e-06,8.052962e-09,1.7766989e-07
ISIC_0030805,1,1.2492885e-07,0.9999615,8.4656575e-09,6.117041e-08,2.3302751e-05,3.1291017e-07,1.453226e-05
ISIC_0030780,1,2.2274982e-07,0.9999993,5.087731e-08,2.7253291e-08,5.380987e-08,1.3875518e-07,2.3772434e-07
ISIC_0028169,1,1.7282675e-06,0.99992895,3.2670835e-07,4.2491116e-08,5.304043e-05,2.6919855e-07,1.5666403e-05
ISIC_0031183,1,5.6500727e-07,0.9999949,1.5616367e-08,2.150596e-09,4.416907e-06,1.0603771e-08,1.7997252e-07
ISIC_0031242,1,4.8363494e-05,0.9999422,7.520194e-09,5.3526304e-07,5.369226e-07,1.16375965e-07,8.294884e-06
ISIC_0027520,1,1.0265223e-06,0.99999857,1.42783785e-08,3.36162e-09,3.4709104e-09,8.753194e-08,2.7427745e-07
ISIC_0031338,1,0.0009471587,0.9990514,5.4632533e-08,1.1858642e-08,3.1744694e-08,7.6183267e-07,6.6883797e-07
ISIC_0032360,1,0.00012350561,0.999871,1.7477974e-07,1.1775887e-06,5.935649e-07,9.663071e-07,2.577554e-06
ISIC_0028726,1,3.9933585e-07,0.9999993,1.99216e-08,1.2447889e-09,2.656606e-07,6.288249e-09,8.8010616e-08
ISIC_0029403,1,2.2321105e-05,0.99997723,8.4151154e-08,6.443792e-08,1.1937796e-07,2.126157e-08,1.5775544e-07
ISIC_0028630,1,1.3585302e-05,0.99993896,5.391416e-07,3.34535e-07,1.8972905e-05,2.5847346e-06,2.5012949e-05
ISIC_0031944,1,1.2299753e-06,0.99980944,4.956032e-07,2.4125387e-05,0.00015116394,4.7892727e-06,8.885965e-06
ISIC_0031433,1,0.00057548453,0.9993749,6.984852e-06,3.9798465e-07,1.7266717e-05,8.748139e-07,2.4215451e-05
ISIC_0025737,1,8.473485e-05,0.99991477,2.1112557e-07,1.6522925e-07,2.8320196e-10,3.8899227e-08,2.1808641e-07
ISIC_0032324,1,7.10458e-05,0.9996111,0.0001732546,2.357658e-06,0.00011992804,1.1307982e-06,2.1259859e-05
ISIC_0028172,1,7.245518e-07,0.99996173,2.0389342e-07,8.066068e-10,2.9450113e-05,5.058305e-06,2.8906688e-06
ISIC_0024419,1,2.6063846e-05,0.999954,6.4387277e-06,7.2884336e-06,3.8676544e-06,7.106714e-08,2.2265422e-06
ISIC_0026969,1,3.1954838e-05,0.99996734,1.609278e-08,7.579959e-09,4.6621662e-07,7.557083e-08,1.2574081e-07
ISIC_0025569,1,5.3178514e-08,0.9999938,8.354614e-07,3.4051325e-08,1.9827435e-07,3.92797e-09,5.0796166e-06
ISIC_0029907,1,0.100356884,0.8996384,4.5076322e-07,4.662548e-08,1.0172522e-06,2.1605128e-06,1.0865066e-06
ISIC_0032465,1,3.768417e-09,0.9999956,1.6622063e-07,1.0002872e-06,1.9680049e-06,2.013238e-08,1.2811524e-06
ISIC_0026943,1,1.42936925e-08,0.9999528,1.3420046e-07,5.3091185e-09,2.306432e-07,1.5496036e-06,4.5263987e-05
ISIC_0028605,1,3.180589e-08,0.9999907,3.07355e-08,3.8636355e-11,9.0803e-06,2.755307e-08,1.0138242e-07
ISIC_0032077,1,1.573462e-06,0.9999924,1.2595838e-06,2.4376648e-08,1.6222082e-06,4.797386e-08,3.1765412e-06
ISIC_0027363,1,1.234643e-06,0.99999714,1.2940225e-07,6.7361433e-10,1.9591438e-07,3.4939274e-07,9.3416156e-07
ISIC_0029259,1,1.8703343e-08,0.99999964,2.207771e-09,1.6822856e-10,2.4028795e-09,5.2400424e-08,2.9425203e-07
ISIC_0026199,1,4.3512777e-05,0.9999548,4.443052e-07,4.8139583e-07,2.1744997e-08,2.1524346e-07,5.155048e-07
ISIC_0029601,1,3.312913e-07,0.99998415,3.6007182e-07,3.4921428e-09,2.4615315e-06,6.5668445e-08,1.2564056e-05
ISIC_0025380,1,3.2450263e-08,0.99999964,7.450094e-10,4.587693e-09,4.9268568e-08,2.0812262e-08,2.8018232e-07
ISIC_0030753,1,0.00023697811,0.999734,3.1310478e-06,1.0080559e-05,1.42326735e-05,2.6541414e-07,1.2793244e-06
ISIC_0027565,1,4.832877e-08,0.9999988,6.679283e-07,1.4440411e-08,2.273177e-07,3.808215e-08,2.802818e-07
ISIC_0028053,1,7.3756615e-07,0.9999707,1.2100226e-07,1.6219076e-07,1.7406098e-06,4.402529e-07,2.6098953e-05
ISIC_0026315,1,0.032989334,0.9670008,9.926863e-07,2.929897e-06,2.180111e-06,3.042428e-07,3.4526968e-06
ISIC_0028955,1,3.9783765e-07,0.9999112,1.1448298e-05,3.2599855e-05,4.3145108e-05,1.1079654e-06,2.0498194e-07
ISIC_0030600,1,9.465231e-06,0.9999733,2.670188e-08,7.994808e-08,4.0035675e-06,3.5086977e-08,1.3030254e-05
ISIC_0029763,1,4.2760448e-08,0.9989505,3.3724446e-06,0.00082975713,0.00020829287,6.1466094e-06,1.7948879e-06
ISIC_0031841,1,4.021978e-06,0.9998796,5.492081e-05,4.950652e-06,2.8902012e-05,6.117126e-07,2.6914855e-05
ISIC_0025263,1,5.9027974e-05,0.9999391,1.1190372e-06,2.2894778e-07,1.280338e-07,2.8014054e-07,1.7252967e-07
ISIC_0027844,1,1.383689e-06,0.9999976,7.9954745e-08,8.637238e-09,4.867277e-07,1.3376143e-07,2.9001927e-07
ISIC_0028129,1,1.4851022e-06,0.99999404,2.9523332e-07,9.85949e-08,2.8907123e-06,1.5319477e-08,1.1586421e-06
ISIC_0031507,1,1.2870126e-05,0.999984,1.4492242e-07,1.7208544e-08,2.6925304e-06,8.2991626e-08,1.4866083e-07
ISIC_0030157,1,3.4251985e-05,0.99946016,1.2143549e-05,0.000464276,2.693753e-05,6.670108e-08,2.0379555e-06
ISIC_0030497,1,1.946238e-06,0.99996006,1.488798e-06,2.0903187e-07,3.5875142e-05,1.4713561e-08,3.4137494e-07
ISIC_0026878,1,7.931746e-06,0.99998486,1.0796028e-06,5.9430705e-09,5.9116787e-06,5.0452545e-08,2.1856268e-07
ISIC_0031673,1,2.572052e-06,0.9999963,4.1000246e-07,6.848539e-09,5.7795244e-09,3.553806e-07,3.7129587e-07
ISIC_0032118,1,5.706674e-05,0.99990153,4.4482313e-06,1.2949827e-05,2.1816883e-05,9.29772e-08,2.0521927e-06
ISIC_0027952,1,1.1840503e-06,0.99988234,1.4479891e-06,1.4138416e-07,0.00010987624,1.8982248e-06,3.06773e-06
ISIC_0025625,1,7.0451706e-06,0.99999106,6.1535775e-07,7.7834706e-08,5.2009773e-07,7.4043946e-08,5.635903e-07
ISIC_0030075,1,6.458996e-07,0.999998,5.9182877e-08,4.2614698e-10,6.7764525e-08,2.0272235e-07,1.0432531e-06
ISIC_0026684,1,1.4056135e-07,0.99999857,4.8571214e-09,1.595926e-10,6.412893e-07,4.1436587e-07,2.6629456e-07
ISIC_0028061,1,9.661101e-07,0.99999607,4.6181874e-08,5.4145297e-09,2.5148718e-06,8.730612e-08,2.65407e-07
ISIC_0028342,1,1.3928179e-09,0.99999654,6.0273885e-07,2.1065177e-10,1.3996848e-07,5.1430376e-08,2.7470662e-06
ISIC_0029415,1,0.000106649095,0.9998511,3.2482671e-07,3.677422e-07,2.830366e-06,2.7095033e-05,1.17002555e-05
ISIC_0032392,1,6.484902e-07,0.99987805,6.4038672e-06,1.9251922e-07,7.0497954e-05,1.20000395e-05,3.2144624e-05
ISIC_0029509,1,1.0395771e-07,0.9999801,5.0648808e-08,6.2063904e-08,1.8638264e-05,5.24673e-08,9.808153e-07
ISIC_0026736,1,0.00044326176,0.99950767,2.72095e-07,3.078415e-06,3.4955694e-05,4.765006e-06,5.9349095e-06
ISIC_0024650,1,1.7249308e-08,0.99995244,1.813985e-07,4.445238e-10,2.3845249e-05,9.867917e-09,2.3523029e-05
ISIC_0026180,1,1.3639696e-07,0.9999838,5.4230036e-08,9.620941e-07,1.4694301e-05,3.723042e-09,3.7982286e-07
ISIC_0026003,1,1.13024585e-08,0.99998176,3.944959e-07,3.7076958e-07,4.210694e-06,3.2940707e-06,9.931724e-06
ISIC_0026932,1,1.953224e-06,0.99856037,0.0006426171,0.0007650749,1.4772344e-05,1.0151866e-05,5.143926e-06
ISIC_0027630,1,4.8487912e-08,0.9999981,4.0244455e-08,8.819233e-08,1.4265198e-06,5.8393255e-09,2.4282207e-07
ISIC_0025308,1,2.4761548e-09,0.99999416,7.459491e-07,3.5259015e-10,1.3921678e-07,3.2153615e-08,4.9237487e-06
ISIC_0031921,1,0.00012566763,0.999851,1.1978882e-07,4.327589e-09,8.230806e-06,1.1129126e-05,3.942546e-06
ISIC_0031365,1,3.887191e-06,0.99999523,1.12328344e-07,9.779896e-09,6.818938e-07,8.427663e-09,7.405215e-08
ISIC_0029155,1,3.5326188e-06,0.99992514,3.912183e-05,9.049789e-07,2.8248489e-05,7.9868516e-07,2.1587957e-06
ISIC_0029105,1,0.0035169683,0.9964563,2.0209052e-05,1.7330333e-07,3.5014915e-07,4.3952355e-07,5.5500054e-06
ISIC_0032296,1,8.5568175e-08,0.9999676,2.5819252e-05,2.7277065e-09,6.140996e-08,1.3773293e-08,6.501438e-06
ISIC_0029236,1,5.7676593e-06,0.9998318,1.720605e-05,1.2438277e-06,0.00011620338,6.83128e-08,2.7629956e-05
ISIC_0031426,1,1.976539e-05,0.9999753,3.5092486e-07,4.995491e-08,1.0564265e-07,9.6235524e-08,4.3149907e-06
ISIC_0030831,1,3.5512178e-07,0.99999833,1.13090344e-07,9.384259e-10,1.3518282e-07,1.3144559e-07,9.373798e-07
ISIC_0030865,1,6.989037e-07,0.99999905,1.1224861e-08,8.12629e-09,1.39113085e-08,4.7658775e-09,2.6366328e-07
ISIC_0031254,1,2.8965628e-06,0.99998546,1.3847381e-07,7.128381e-06,1.7071347e-06,4.780637e-08,2.630739e-06
ISIC_0030109,1,2.9572786e-07,0.9999987,1.7968535e-08,1.5706862e-10,5.5220426e-07,3.787237e-08,4.2892657e-07
ISIC_0028012,1,2.9056562e-05,0.9999045,4.875027e-07,6.848356e-07,6.175585e-05,5.780474e-08,3.4593209e-06
ISIC_0030108,1,7.823131e-06,0.99998486,1.015597e-07,1.0166586e-06,7.8008446e-07,6.822282e-07,4.653482e-06
ISIC_0027921,1,2.4942383e-06,0.9998467,1.3990575e-07,9.055924e-09,0.00012201406,2.738048e-06,2.5938709e-05
ISIC_0028566,1,1.8548369e-06,0.9999887,1.4468578e-06,3.640829e-08,4.1048274e-06,3.41207e-07,3.557789e-06
ISIC_0030618,1,7.4592094e-07,0.9999926,1.0419603e-07,6.536581e-07,1.3994038e-06,2.2186267e-08,4.5244574e-06
ISIC_0024484,1,0.00028643393,0.999617,4.757143e-05,3.2465283e-07,4.410102e-05,3.672305e-06,8.404935e-07
ISIC_0025134,1,0.00042702892,0.9988715,0.00011424617,1.8851599e-05,0.0004173988,3.9257142e-07,0.00015064151
ISIC_0031892,1,7.179183e-07,0.9999987,4.815577e-08,2.6853506e-10,4.588682e-07,7.729685e-10,1.14453584e-07
ISIC_0028417,1,0.0011071035,0.9883985,2.3049013e-06,1.9984853e-05,0.010361558,3.351386e-06,0.00010723439
ISIC_0026632,1,4.736401e-05,0.9999374,2.6919145e-06,4.6580624e-07,1.07099895e-05,1.259556e-07,1.271984e-06
ISIC_0026934,1,8.8255223e-07,0.9999981,1.6736041e-09,5.1065343e-09,6.5109833e-09,5.009045e-09,9.582518e-07
ISIC_0026346,1,0.00044587784,0.99951947,1.194403e-08,1.9055029e-09,3.789184e-09,3.4290617e-05,3.6594054e-07
ISIC_0032475,1,0.0020688337,0.9979266,6.6068577e-07,3.639791e-09,3.3609044e-06,2.0921205e-07,2.422687e-07
ISIC_0032294,1,8.893026e-06,0.9999887,1.0304812e-07,4.6556674e-09,2.033968e-06,6.775614e-08,1.5379565e-07
ISIC_0027898,1,3.971524e-07,0.9999974,1.9260685e-07,1.0804294e-09,1.5860135e-06,1.6805645e-08,4.5875035e-07
ISIC_0026726,1,2.033499e-06,0.999987,1.0078246e-05,3.1105304e-10,3.4723004e-09,1.4614303e-08,8.215616e-07
ISIC_0028293,1,0.0002154236,0.99977905,2.1735092e-07,2.0286254e-06,2.3328591e-06,8.1915584e-07,1.7815108e-07
ISIC_0029093,1,5.009588e-07,0.9999918,3.1464123e-07,6.053747e-08,4.5560146e-06,1.5257347e-06,1.2378915e-06
ISIC_0032428,1,0.0017354072,0.9982614,3.0524802e-08,1.27049204e-11,3.081363e-06,9.376471e-09,5.0637706e-08
ISIC_0032342,1,0.0006998232,0.97437817,2.624279e-07,2.125357e-08,0.02492086,2.7712704e-07,6.486413e-07
ISIC_0027198,1,0.035480928,0.96446747,3.8180013e-07,3.0183759e-05,6.531621e-07,1.9445715e-05,9.461285e-07
ISIC_0025779,1,0.009726347,0.9902659,2.3621986e-07,3.2653318e-09,4.4034586e-08,7.1940963e-06,2.1219144e-07
ISIC_0024842,1,1.2071913e-06,0.9999974,7.0424946e-08,8.891462e-09,8.6444135e-07,3.5969816e-08,4.5548296e-07
ISIC_0028803,1,0.8999583,0.10001859,2.283665e-06,1.5542595e-05,1.7862493e-06,3.01259e-06,3.8005078e-07
ISIC_0027249,1,6.1897856e-07,0.99998605,6.6927925e-07,5.95517e-10,3.855004e-08,1.2603888e-05,1.374287e-08
ISIC_0031563,1,3.3273008e-07,0.99998605,1.39793e-06,4.2993595e-09,1.7183186e-07,2.1819848e-07,1.1822249e-05
ISIC_0024642,1,0.116072826,0.8835848,1.7440826e-07,1.1508049e-06,7.3029055e-06,1.4199596e-06,0.00033243338
ISIC_0025959,1,0.007610112,0.99235654,7.279095e-08,1.0722314e-09,4.491548e-08,6.901182e-07,3.2597265e-05
ISIC_0032985,0,0.0029524066,0.9969915,9.2690743e-07,9.99012e-07,4.8243826e-05,1.8944216e-06,4.069003e-06
ISIC_0024798,1,5.065498e-07,0.99999845,4.8828e-07,1.3521003e-11,1.0937713e-09,4.4142553e-07,4.8764498e-08
ISIC_0025152,1,4.5281953e-07,0.9999826,7.280767e-07,3.1841957e-10,5.741882e-08,5.979855e-08,1.6030725e-05
ISIC_0029045,1,0.040791493,0.95918137,2.539903e-07,3.9495145e-08,1.5484778e-06,2.5081921e-05,2.5307148e-07
ISIC_0031160,1,0.884171,0.11559158,8.429221e-06,2.3039912e-07,0.00022405296,5.5912267e-07,4.125534e-06
ISIC_0026666,1,2.1462513e-06,0.9912368,9.892185e-07,9.39796e-07,0.008566274,0.00019171089,1.2467361e-06
ISIC_0026552,1,9.813889e-07,0.9997197,1.9587972e-08,1.5543648e-07,0.00027792697,2.593535e-08,1.3061688e-06
ISIC_0029985,1,0.42347056,0.4615431,0.0014217985,1.1769953e-06,0.11167666,1.1372012e-05,0.0018753678
ISIC_0024891,1,0.013558009,0.87830514,0.0009790149,9.989484e-06,0.10628478,8.231212e-06,0.00085481076
ISIC_0027662,1,1.1442294e-06,0.9887034,1.19926735e-05,1.0231916e-09,0.0023025286,3.972769e-06,0.008976875
ISIC_0031143,1,1.831527e-05,0.9999813,5.551057e-10,1.3821629e-10,4.086032e-07,1.0761041e-08,7.548368e-09
ISIC_0031863,1,5.523566e-06,0.99970573,6.728859e-08,3.8049507e-08,0.00028819527,1.4134234e-07,3.9423472e-07
ISIC_0028401,1,0.0010139296,0.99534446,3.6023775e-06,5.8106693e-08,0.003583711,1.4916502e-06,5.27086e-05
ISIC_0030371,1,0.008094163,0.9918898,2.2645834e-07,2.13206e-06,6.048198e-07,4.3768227e-06,8.757474e-06
ISIC_0027497,1,6.965818e-05,0.99974483,4.566223e-06,1.220806e-05,0.00016641282,5.940987e-07,1.780255e-06
ISIC_0028255,1,6.76557e-05,0.99987996,1.2986828e-06,2.8885876e-05,7.114387e-06,3.7448197e-06,1.1389159e-05
ISIC_0028371,1,1.2614358e-05,0.9999571,7.555323e-07,3.6614014e-09,2.9011735e-05,4.589664e-07,1.5957243e-08
ISIC_0030063,1,0.00031969146,0.9996517,2.2132315e-05,3.0903322e-09,3.7646575e-07,6.0872753e-06,2.4746708e-08
ISIC_0029986,1,0.71477854,0.2845315,8.588617e-06,0.0005397629,9.0595466e-05,3.6525245e-05,1.4502257e-05
ISIC_0027010,1,0.34043553,0.6590669,0.0002631816,0.00022615792,1.7388508e-06,4.2003953e-06,2.2227518e-06
ISIC_0027861,1,0.044244487,0.0008730213,0.00022913831,0.62095547,0.32805902,0.005620465,1.8347322e-05
ISIC_0029409,1,0.03299313,0.95640683,8.990553e-06,2.4345809e-05,0.010443468,1.2760009e-05,0.00011038092
ISIC_0032364,1,0.0005339531,0.932026,4.116331e-05,2.4378008e-07,0.06729513,2.214671e-06,0.00010123936
ISIC_0031959,1,0.10754946,0.84577286,0.00024999242,0.00036353225,0.008247789,4.3749085e-05,0.03777251
ISIC_0032078,1,1.2878065e-05,0.9999045,1.1814228e-07,4.2040352e-07,6.264365e-05,7.580569e-07,1.8610392e-05
ISIC_0028528,1,0.17522636,0.8123065,7.292489e-05,2.526742e-06,0.012227504,4.7944686e-05,0.0001162954
ISIC_0029945,1,0.98972565,0.010172064,9.996483e-08,2.0557343e-06,9.91896e-05,5.704726e-07,2.7033576e-07
ISIC_0026148,1,0.000403469,0.99953437,1.3288515e-07,9.780155e-07,1.6414808e-05,3.8777238e-05,5.915127e-06
ISIC_0028810,1,0.99520016,0.0036487018,1.6318445e-05,9.358128e-07,5.3582335e-06,0.0010863371,4.216012e-05
ISIC_0031615,1,1.5747418e-07,0.9999274,9.462454e-07,3.0816042e-07,7.087423e-05,9.2149595e-09,2.3518716e-07
ISIC_0031592,1,5.798742e-05,0.9999417,2.7889572e-08,6.7986416e-10,2.8122324e-07,3.944088e-08,8.4844505e-09
ISIC_0026303,1,0.008512329,0.9914555,2.484746e-06,1.188907e-08,8.042534e-06,3.1422474e-06,1.8385157e-05
ISIC_0030125,1,0.017845305,0.9805731,0.0003242423,5.5304923e-07,0.000108852386,0.00062606897,0.0005218418
ISIC_0025812,1,1.9376952e-08,0.9999585,3.9264014e-05,4.1632657e-09,4.858687e-07,1.7670657e-09,1.7462233e-06
ISIC_0029357,1,5.8100774e-10,0.99999547,3.3439356e-08,1.65179e-10,5.245773e-07,2.4412225e-08,3.9751408e-06
ISIC_0029846,1,4.489041e-10,1.0,5.4097966e-11,1.3377485e-13,2.5844607e-10,7.1965135e-11,2.6690628e-08
ISIC_0029194,1,0.00027226418,0.99972695,1.4263486e-07,5.9549738e-08,1.29539e-07,1.5121813e-07,4.3633196e-07
ISIC_0024340,1,1.8700007e-06,0.9961875,1.1729344e-07,2.3973223e-07,0.0038097952,3.357585e-08,4.5740546e-07
ISIC_0027361,1,2.0290852e-06,0.7907279,6.333642e-08,1.3523889e-05,0.2092372,7.320346e-06,1.1970411e-05
ISIC_0030406,1,1.6473463e-05,0.99992263,1.1456347e-05,6.9438526e-09,4.3238975e-05,2.9660843e-08,6.2063127e-06
ISIC_0026633,1,1.4442726e-05,0.9999651,4.0258865e-08,1.0051508e-08,2.0263915e-05,8.876669e-09,1.7398523e-07
ISIC_0027086,1,0.02118093,0.74925166,0.00033955317,4.758163e-06,0.19050652,4.666034e-06,0.038711928
ISIC_0025689,1,0.0008253371,0.14720616,9.897129e-06,1.4315833e-07,0.85182697,1.9589625e-07,0.0001312114
ISIC_0027709,1,9.602689e-06,0.8546248,1.1895602e-05,1.3403498e-08,0.14531288,2.5686916e-06,3.8331054e-05
ISIC_0025909,1,0.9260062,0.073853284,7.253349e-05,7.2512665e-07,6.292564e-05,6.2913034e-07,3.6884826e-06
ISIC_0028831,1,0.92052925,0.07945044,5.798508e-06,2.980144e-07,1.014358e-05,1.8048118e-07,4.0167542e-06
ISIC_0029435,1,0.06829094,0.9316509,2.3665332e-06,7.1071176e-09,3.8157938e-05,1.0694628e-06,1.6477361e-05
ISIC_0025850,1,0.6819104,0.31785142,2.1758775e-05,5.1824685e-05,1.9070108e-05,4.757476e-06,0.00014072424
ISIC_0029187,1,0.8894334,0.11021738,3.0339997e-06,0.0002258187,6.383891e-05,3.6442493e-06,5.2907868e-05
ISIC_0030473,1,0.71424526,0.28574976,5.878084e-07,3.1172142e-06,2.1908008e-08,1.3010466e-06,3.3434407e-08
ISIC_0025907,1,0.00051806174,0.99946433,6.25115e-08,1.6209749e-09,7.655682e-06,9.7952025e-06,1.4017765e-07
ISIC_0027113,1,0.0007292582,0.99927,7.2764976e-08,5.3682647e-10,5.7814802e-08,6.472274e-07,2.1598538e-08
ISIC_0024831,1,0.00011880792,0.9998288,3.8291037e-06,1.049936e-08,3.4335844e-06,4.1024552e-07,4.4732336e-05
ISIC_0026869,1,3.4977659e-06,0.9954906,0.00010675828,2.859724e-07,5.1187093e-05,3.6210906e-06,0.004344093
ISIC_0026186,1,4.3390364e-06,0.99999166,3.2259748e-06,1.0943586e-09,7.586328e-07,9.776355e-09,2.7143816e-09
ISIC_0025156,1,0.00043531824,0.983174,0.0004652142,5.004742e-07,0.0156022115,1.92873e-06,0.00032084197
ISIC_0028751,1,3.6817883e-07,0.99999833,8.055498e-09,1.1176487e-06,1.620598e-07,1.1910698e-09,9.411765e-08
ISIC_0027024,1,0.00039295517,0.99955755,1.3701188e-06,1.0810478e-05,1.526228e-05,6.279615e-08,2.190725e-05
ISIC_0033745,1,3.4740096e-05,0.019435568,0.00930409,0.00025416023,0.9675129,5.0195293e-05,0.003408316
ISIC_0033112,1,0.00043443337,0.02414129,0.16774684,4.589338e-07,0.8065763,0.00012624358,0.00097440695
ISIC_0025598,1,4.1261486e-05,0.5669599,0.00014096907,0.00057094,0.43213746,0.00010852724,4.0947965e-05
ISIC_0028977,4,7.578563e-07,0.0121385455,3.5993196e-06,7.2308367e-06,0.9878478,8.1603744e-08,2.039413e-06
ISIC_0026403,1,0.00019487336,0.97875947,2.7031822e-07,0.021016348,2.5606203e-05,3.470091e-07,3.0709177e-06
ISIC_0029491,1,0.0001422981,0.99602014,1.9213375e-07,0.003831874,2.3158202e-06,2.6497685e-06,5.135826e-07
ISIC_0025049,1,0.0015133423,0.99700826,3.6235965e-06,1.627658e-05,0.0014501306,3.6039708e-07,8.075909e-06
ISIC_0026423,1,5.4536158e-05,0.99924207,2.091518e-06,6.775157e-07,0.0007000342,3.2326255e-08,6.3628505e-07
ISIC_0026432,1,0.0766327,0.9217977,5.64844e-06,3.008589e-07,0.0013510702,1.57514e-05,0.00019686836
ISIC_0030462,1,1.586147e-05,0.99997425,6.076851e-07,2.276828e-08,8.631549e-06,3.0968417e-09,6.4753226e-07
ISIC_0033971,1,0.84748507,0.15250093,6.262113e-08,1.5434606e-06,1.9977321e-07,1.17950085e-05,4.2477356e-07
ISIC_0032527,1,0.84459287,0.15533878,3.085789e-07,1.8785373e-05,2.9134448e-05,1.9469626e-05,7.097311e-07
ISIC_0032964,1,0.21723054,0.78244954,2.4728542e-05,6.7798317e-07,7.170723e-05,0.00020535348,1.7451215e-05
ISIC_0025619,1,6.893374e-05,0.9954853,7.7564844e-05,1.4466643e-05,0.004044211,2.9972807e-07,0.00030914147
ISIC_0031613,1,4.5111065e-07,0.9998084,5.617738e-06,4.7906394e-09,0.00012155076,6.0104765e-05,3.975906e-06
ISIC_0029953,1,6.128417e-06,0.9971011,8.2311647e-07,1.6324493e-06,0.0028802908,1.6492413e-06,8.257051e-06
ISIC_0027087,1,0.0177315,0.9710165,0.00072248885,0.006740888,0.0034411736,0.00017735703,0.00016997427
ISIC_0034267,1,4.5991214e-06,0.99586856,1.8710277e-07,1.7834412e-09,7.368144e-05,2.2882253e-08,0.004053011
ISIC_0033137,1,5.624209e-05,0.9998118,2.574388e-09,7.146176e-09,3.8755727e-05,5.9511077e-08,9.32528e-05
ISIC_0032953,1,0.4788229,0.520922,1.01017584e-07,1.3973637e-07,0.00024359071,2.40798e-07,1.10130395e-05
ISIC_0033331,1,0.051898543,0.90701663,2.105081e-06,0.040829863,0.00024720366,3.5490411e-06,2.0472335e-06
ISIC_0034192,1,1.5887201e-06,0.9999038,1.1643222e-07,2.2663186e-05,3.577391e-05,3.5669666e-05,4.62142e-07
ISIC_0033689,1,0.00044673524,0.99952936,2.2565168e-07,2.1014573e-06,2.1171487e-05,2.2102058e-07,1.9894102e-07
ISIC_0034136,1,0.12498371,0.87217546,1.7088255e-06,0.000117898446,0.0018855263,0.0008243412,1.133727e-05
ISIC_0033386,1,4.507249e-05,0.99995315,8.0160726e-07,2.3769954e-07,6.8309333e-07,4.2479584e-08,2.8426195e-08
ISIC_0033003,1,0.0029197393,0.997044,6.252982e-07,4.093128e-07,2.7787217e-05,7.168338e-06,3.201783e-07
ISIC_0033511,1,0.00095258653,0.9984883,4.4908343e-06,2.135774e-07,0.0005390767,1.4613807e-06,1.3878687e-05
ISIC_0027250,1,1.1345909e-06,0.99949384,6.802133e-06,3.2589296e-09,0.0004965539,3.1730855e-07,1.2668688e-06
ISIC_0025309,1,4.5574584e-06,0.9992742,5.254297e-05,2.1200526e-07,0.00066726207,2.7468808e-08,1.1962858e-06
ISIC_0031466,1,1.8925197e-05,0.96289265,0.0003202362,0.0057305237,0.030116433,0.00019722011,0.0007239958
ISIC_0031048,1,6.9491236e-08,0.9999962,7.948483e-07,3.6739905e-07,1.6493974e-06,2.722493e-07,6.665025e-07
ISIC_0027432,1,0.0011737186,0.99872833,6.41643e-05,5.927796e-09,1.6992932e-05,1.3894222e-05,2.8971815e-06
ISIC_0024907,1,4.4208055e-06,0.9999769,4.1730877e-06,5.087993e-09,1.0429949e-05,8.252133e-07,3.2596604e-06
ISIC_0028214,1,3.426365e-05,0.9965659,5.005965e-05,1.7223036e-06,0.0033223059,6.8989743e-07,2.5198764e-05
ISIC_0025453,1,0.000118524746,0.65813184,0.00068692345,0.00032007392,0.3377548,2.5715286e-05,0.0029621355
ISIC_0025786,1,0.00076368934,0.9991984,3.387883e-06,1.0257973e-05,2.8735398e-08,2.4135858e-05,7.666355e-08
ISIC_0025525,1,0.0013611977,0.99846363,2.434247e-06,3.8792796e-06,5.1759876e-06,0.00015176361,1.1849377e-05
ISIC_0027847,1,0.6252686,0.37468666,2.0027385e-07,1.722952e-07,3.1903917e-06,1.8600953e-05,2.2533077e-05
ISIC_0030709,1,0.0403559,0.95962006,3.5984904e-06,3.009002e-07,1.2083375e-07,6.0801167e-06,1.3873542e-05
ISIC_0026384,1,0.2340705,0.7657472,3.8975427e-06,2.4112136e-08,0.00012920017,1.9536942e-06,4.7323112e-05
ISIC_0028436,1,7.1367685e-05,0.9999201,1.3996846e-07,3.1994507e-08,3.5731568e-07,6.8418653e-06,1.256931e-06
ISIC_0030085,1,0.011216263,0.9884593,1.4377237e-06,8.481849e-07,0.00031597135,1.8473689e-07,5.9631557e-06
ISIC_0029348,1,0.0001256047,0.99914527,1.8941356e-06,9.903104e-07,0.0007248733,1.5636802e-07,1.2877365e-06
ISIC_0030899,1,0.00024819453,0.713145,1.3553617e-05,0.0010316267,0.28541324,8.962594e-07,0.00014742672
ISIC_0031757,1,1.5879014e-05,0.99436367,5.4068355e-06,1.0723012e-06,0.0055592344,1.3625314e-06,5.3396594e-05
ISIC_0032641,1,0.7591661,0.24068269,9.80514e-05,8.711949e-06,1.5214803e-05,2.774967e-05,1.4480241e-06
ISIC_0033345,1,4.4047374e-05,0.9999523,5.4251836e-07,6.3379715e-09,3.0799108e-06,2.0114046e-08,2.2208614e-08
ISIC_0032711,1,0.00031461823,0.25148192,0.00019041459,1.1098869e-05,0.74748206,1.946772e-05,0.00050037
ISIC_0033207,1,0.0018696544,0.99789906,2.4391202e-06,4.5511715e-07,5.490976e-05,9.416461e-07,0.00017251524
ISIC_0032558,1,0.025874076,0.9737231,8.547771e-05,4.218545e-06,0.0002135202,1.6848982e-05,8.2794824e-05
ISIC_0032679,1,0.00019119165,0.98497504,4.7145427e-06,3.463967e-05,0.014730393,5.9417995e-05,4.558132e-06
ISIC_0032529,1,0.0013639369,0.9984346,2.6193307e-05,4.9262846e-05,6.947579e-05,2.250495e-05,3.404825e-05
ISIC_0033119,1,0.002045642,0.99572384,1.7224747e-05,0.00078763766,0.0013246066,6.0925333e-05,4.007227e-05
ISIC_0032666,1,0.17506748,0.82417935,9.410577e-08,8.086337e-05,0.00027669792,0.00036269423,3.2768236e-05
ISIC_0033157,1,0.00011349428,0.9986889,1.0097576e-06,3.010586e-08,0.0011894876,3.0756614e-06,4.095283e-06
ISIC_0032811,1,0.10090294,0.8987821,7.623826e-07,1.1507058e-06,0.0002973402,1.3619154e-05,2.1316928e-06
ISIC_0033827,1,2.0753247e-05,0.9999747,5.4374855e-08,2.062779e-07,1.12267784e-07,3.4962072e-06,6.967279e-07
ISIC_0033497,1,0.00021112358,0.9997551,1.6479453e-09,1.2949491e-08,5.770971e-07,3.286511e-05,3.206906e-07
ISIC_0033242,1,0.0072403695,0.98441374,0.0020904632,1.4183926e-06,2.0125472e-05,0.005934898,0.00029892827
ISIC_0032619,1,0.004850572,0.99343216,6.0893435e-05,2.5174021e-08,0.001560988,9.920711e-06,8.5398766e-05
ISIC_0032585,1,4.938567e-06,0.9999809,4.1581373e-07,4.090871e-08,7.00549e-06,2.0383007e-07,6.4472824e-06
ISIC_0032899,1,7.142509e-05,0.99992025,5.7294436e-09,8.27732e-09,6.1343494e-06,1.42173135e-08,2.1451954e-06
ISIC_0034157,1,9.671193e-05,0.99990225,5.402778e-09,4.776546e-09,8.9608596e-07,8.0183376e-08,4.856897e-08
ISIC_0033798,1,0.0024628742,0.9974775,9.551741e-07,4.286456e-09,4.2968095e-06,4.955151e-05,4.7723956e-06
ISIC_0033014,1,0.80258787,0.19719121,6.4594125e-05,2.9414158e-08,6.3480434e-06,0.00013816952,1.1840258e-05
ISIC_0032516,1,0.0010719376,0.99891055,9.411804e-07,5.0016727e-08,2.8661924e-07,1.4302121e-05,2.040369e-06
ISIC_0032815,1,3.767316e-05,0.99995697,6.467711e-07,1.16749526e-07,3.971578e-06,2.7629394e-08,6.495509e-07
ISIC_0033094,1,0.00022814852,0.9996983,2.8501786e-08,1.2608992e-10,7.247603e-05,2.5683576e-07,8.4088094e-07
ISIC_0033162,1,0.00063334464,0.9993092,1.9072366e-05,2.3455686e-06,2.8517568e-05,4.0151776e-06,3.4761326e-06
ISIC_0034105,1,6.089137e-06,0.9999919,2.8434006e-09,1.4704835e-11,2.86124e-09,1.7233397e-06,3.7843972e-07
ISIC_0033138,1,1.608958e-05,0.9999833,1.8410649e-08,4.6963496e-08,2.6818947e-07,2.6426733e-07,6.282433e-08
ISIC_0032728,1,0.000101458114,0.9998952,6.827206e-08,1.8543673e-09,2.5403995e-08,2.3699508e-06,8.3047956e-07
ISIC_0034319,1,0.00054025115,0.9994473,2.1515616e-07,1.1877385e-07,3.6752374e-06,2.170755e-06,6.3534026e-06
ISIC_0033748,1,0.00030918504,0.9996624,8.4162895e-07,3.5028197e-08,1.7700318e-05,1.4494553e-06,8.465987e-06
ISIC_0034044,1,0.0039743106,0.99581224,2.9878052e-08,3.952465e-08,0.00019934418,1.290212e-05,1.1198811e-06
ISIC_0032521,1,1.1287716e-05,0.9999682,6.851404e-09,1.4338312e-08,2.0328644e-05,7.721942e-08,1.253488e-07
ISIC_0032674,1,0.00021785383,0.99948716,1.4732716e-06,8.354058e-08,0.00029098065,9.316945e-07,1.3772626e-06
ISIC_0033958,1,0.00010156701,0.9997702,6.4173105e-06,9.275568e-07,0.00011925956,8.244084e-08,1.4213163e-06
ISIC_0033906,1,7.648599e-05,0.9997855,1.1542234e-06,6.9946315e-09,0.00010710491,1.9186935e-08,2.9839723e-05
ISIC_0033298,1,1.4762994e-05,0.80471545,7.5956757e-07,9.390564e-08,0.19524826,6.424343e-06,1.4233576e-05
ISIC_0034210,1,3.2914965e-08,0.99948823,6.343973e-07,1.3793644e-10,0.00029051874,2.3815548e-07,0.000220293
ISIC_0032542,1,0.021207962,0.97875,5.9634897e-07,9.215665e-06,2.6757965e-07,2.3504786e-05,8.4405265e-06
ISIC_0034224,1,0.0004891228,0.99940765,1.0869072e-06,6.248001e-06,8.925101e-05,4.3701143e-06,2.252614e-06
ISIC_0034288,1,9.7510114e-05,0.99989915,2.1486652e-08,7.889541e-09,2.8362247e-06,8.0037054e-08,3.4627698e-07
ISIC_0033420,1,0.0015566809,0.9980622,3.987189e-07,1.4573418e-07,0.000380614,2.6148589e-08,4.089506e-08
ISIC_0032661,1,0.00026886244,0.9996338,1.2907513e-07,8.210522e-09,9.6722106e-05,1.03101776e-07,3.5661395e-07
ISIC_0033096,1,7.7619296e-07,0.99998295,2.5446575e-06,1.0353357e-05,3.2590337e-06,1.6482275e-08,7.8062286e-08
ISIC_0033972,1,9.859494e-06,0.9985905,0.00042348052,0.00086197944,0.000112503265,1.1370773e-07,1.5187252e-06
ISIC_0033367,1,0.0001101209,0.9949051,6.762608e-05,6.903095e-05,0.004836057,9.705424e-06,2.343629e-06
ISIC_0032822,1,0.13465476,0.86530006,3.863901e-07,2.503655e-07,9.644666e-06,3.8598555e-06,3.1154894e-05
ISIC_0033283,1,0.0028778214,0.99711895,2.7541098e-08,7.0366593e-07,1.8724974e-06,1.4746688e-07,5.5160626e-07
ISIC_0033359,1,0.00011404736,0.9998405,1.8761148e-05,5.671422e-06,1.5255366e-05,1.6264839e-07,5.569258e-06
ISIC_0033018,1,0.0018479144,0.998041,3.4875065e-08,4.544566e-09,0.00010664319,1.3624124e-08,4.4330704e-06
ISIC_0032541,1,0.0019641947,0.9980028,2.6533321e-08,8.674353e-09,1.3570965e-05,1.2763874e-07,1.9233968e-05
ISIC_0032515,1,0.00025097784,0.9993907,9.70422e-08,2.1590903e-07,0.0003443716,2.010091e-08,1.3637108e-05
ISIC_0032942,1,2.0394044e-07,0.9999939,4.9510856e-08,5.321901e-06,4.7097947e-07,1.389903e-09,3.802187e-08
ISIC_0025587,1,0.00017175898,0.9995347,1.5701838e-06,0.00016926712,1.5075266e-05,1.839754e-05,8.921538e-05
ISIC_0032628,1,1.5249741e-08,0.99999964,2.0648638e-07,5.0146167e-09,9.642872e-09,1.0239143e-09,1.00533946e-07
ISIC_0032512,1,4.3024753e-05,0.9975547,1.3241393e-07,2.7817703e-07,0.002400725,8.029366e-08,1.1077223e-06
ISIC_0034149,1,2.816506e-05,0.9999237,8.825312e-07,4.1005325e-07,4.6475936e-05,1.2243796e-08,3.527441e-07
ISIC_0033800,1,7.815807e-05,0.9999182,1.0997761e-07,2.7981613e-09,3.333836e-06,1.2696883e-08,1.7172421e-07
ISIC_0032646,1,0.005411528,0.9892117,2.3022922e-06,1.1743939e-06,0.0044274763,0.00094229553,3.4650145e-06
ISIC_0033627,1,5.616301e-06,0.9998815,2.8669163e-07,6.143923e-08,1.9861429e-05,9.0400354e-05,2.2463907e-06
ISIC_0033803,1,4.2349848e-06,1.6669223e-06,0.095931955,5.116604e-09,0.0013525548,8.816472e-06,0.9027009
ISIC_0032860,1,8.058844e-05,0.00020736722,0.0018595965,5.7094578e-08,0.003614082,2.5802949e-05,0.99421245
ISIC_0034292,1,0.000241466,0.999757,1.4687312e-07,1.5386146e-08,7.622421e-07,1.3128184e-07,5.207531e-07
ISIC_0034207,1,2.4114264e-05,0.99997294,1.7384181e-07,6.326601e-10,2.2784477e-06,1.6033106e-07,3.9964723e-07
ISIC_0033408,1,2.3536256e-06,0.9999877,3.175407e-09,9.739754e-11,9.613206e-06,2.2948619e-07,5.300109e-08
ISIC_0033621,1,0.0025902935,0.9844988,0.0022109626,3.997921e-05,0.010599369,3.842153e-05,2.2185777e-05
ISIC_0034116,1,0.0037057265,0.99614716,1.100826e-06,1.0417113e-08,0.0001409359,2.2384083e-06,2.846147e-06
ISIC_0034073,1,0.00043162212,0.99954516,8.320487e-06,9.688619e-10,1.3895763e-05,7.5553515e-07,2.8770097e-07
ISIC_0032702,1,7.9363934e-05,0.9998778,1.6328609e-07,4.0166046e-06,3.443067e-05,3.8089786e-06,4.0502172e-07
ISIC_0033667,1,0.019940052,0.9770832,2.3457911e-05,1.35689415e-05,0.0029070543,1.3237488e-05,1.9493935e-05
ISIC_0033107,1,0.0038609265,0.9957969,9.522111e-06,8.1443e-07,0.0003190722,1.4885927e-06,1.11653935e-05
ISIC_0034060,1,0.99224055,0.00775891,4.2863837e-09,1.3466454e-08,8.306294e-08,3.4405758e-07,1.3299156e-07
ISIC_0033002,1,0.8422578,0.15753727,3.04872e-10,1.7560986e-08,2.231404e-08,0.00020480638,1.2070844e-07
ISIC_0033683,1,0.017912641,0.9820786,9.702352e-07,8.1944364e-07,2.4615274e-06,3.594737e-06,9.3098e-07
ISIC_0032584,1,3.8177404e-07,0.99999404,1.87633e-08,2.580953e-10,1.3254944e-06,6.981098e-08,4.168569e-06
ISIC_0033731,1,5.9819345e-06,0.9969331,2.470801e-07,5.6101417e-08,0.0030569478,1.1961535e-07,3.617133e-06
ISIC_0032644,1,1.2111906e-05,0.9999341,1.7276154e-08,2.3206452e-08,3.9467395e-05,5.3069456e-08,1.4345449e-05
ISIC_0033933,1,1.3079731e-05,0.99996567,1.07731594e-07,4.5897448e-08,2.077496e-05,4.933723e-08,3.6529303e-07
ISIC_0033447,1,0.00077320304,0.9992255,2.7187156e-08,6.924762e-08,3.6268594e-07,4.3784965e-07,3.3275043e-07
ISIC_0033639,1,0.0010816832,0.99889636,4.569596e-07,5.6965837e-07,1.511464e-05,3.0753984e-07,5.4105235e-06
ISIC_0032478,1,0.029305752,0.96978116,0.00018621332,1.9210869e-07,0.0007240505,5.714553e-07,1.9922634e-06
ISIC_0032765,1,1.3949422e-05,0.99533635,3.358816e-05,1.4872403e-06,0.0045820475,2.8791712e-05,3.701778e-06
ISIC_0032650,1,0.00010482482,0.999742,5.863175e-06,3.3235145e-05,1.2997941e-05,3.670908e-08,0.000101087746
ISIC_0034182,1,0.997134,0.0028645901,3.2282293e-07,3.205951e-08,5.2959143e-07,4.2518414e-07,1.2357313e-07
ISIC_0034213,1,0.00015799851,0.99955183,9.178891e-06,2.3906734e-06,1.3238277e-07,0.00026304988,1.5402566e-05
ISIC_0032561,1,2.2849695e-06,0.9998863,2.3462682e-07,4.019211e-07,1.4503657e-07,0.00010558697,5.031334e-06
ISIC_0033839,1,5.600666e-06,0.99994814,5.941521e-07,3.2734167e-08,2.8949907e-08,4.471196e-05,9.514519e-07
ISIC_0026279,1,0.0075769476,0.99241406,5.45818e-07,1.1401927e-09,7.0890096e-06,5.3990295e-08,1.322273e-06
ISIC_0031814,1,0.0028883766,0.9896622,1.8752636e-06,2.1910448e-06,0.0035756908,1.4108903e-07,0.0038695158
ISIC_0032601,1,0.0018769533,0.9608956,0.037221175,2.589612e-08,8.234921e-08,3.042667e-06,3.1197449e-06
ISIC_0032878,1,0.00037398512,0.9996214,3.996411e-06,1.0756251e-07,9.349596e-08,2.6377165e-07,2.0494323e-07
ISIC_0032649,1,0.88696396,0.1130216,2.0683909e-07,5.1522573e-08,4.9863793e-09,1.389912e-05,3.1686227e-07
ISIC_0034109,1,0.003811026,0.9961876,5.9378316e-08,5.6911733e-09,1.6037926e-07,5.996883e-07,5.9407284e-07
ISIC_0033439,1,0.94248253,0.057511512,1.3353054e-08,7.379921e-07,7.2714255e-07,4.161422e-06,4.2107226e-07
ISIC_0033214,1,2.1249798e-06,0.997912,2.4513467e-05,1.996726e-09,0.0019388496,0.0001067568,1.576177e-05
ISIC_0033255,1,5.021379e-05,0.99948186,2.2827857e-05,1.7507013e-09,0.00042905772,1.5512787e-06,1.4561516e-05
ISIC_0033229,1,0.0015007018,0.99849105,2.452457e-06,2.8612848e-10,5.446184e-06,1.7728101e-07,2.3489277e-07
ISIC_0033181,1,0.00015482654,0.9970553,0.0027757604,8.278621e-10,5.8453725e-06,7.767485e-06,5.0644803e-07
ISIC_0033661,1,8.784781e-08,0.9999616,3.7170743e-05,2.8262908e-11,1.9018209e-07,4.1766606e-07,4.7778224e-07
ISIC_0034004,1,4.9016275e-05,0.951034,0.00013810013,1.6654814e-08,0.04551521,0.0032587966,4.8820175e-06
ISIC_0033136,1,0.0005867561,0.0057296637,1.50867e-05,4.785653e-09,8.265375e-05,1.4864493e-05,0.99357104
ISIC_0033215,1,0.00016942402,0.9320976,0.0030536794,6.8097266e-05,0.0078088464,0.00044965933,0.056352686
ISIC_0032737,1,0.5510986,0.44769767,9.859758e-09,2.0019209e-09,0.001164211,3.178358e-05,7.773421e-06
ISIC_0031482,1,6.0241837e-07,0.99869776,4.6414198e-06,5.0143232e-08,0.00080651557,1.4711318e-07,0.0004902899
ISIC_0032944,1,4.2743682e-07,0.9999316,6.768936e-08,1.6561072e-10,6.009275e-05,4.3263142e-08,7.79664e-06
ISIC_0033516,1,3.1689246e-06,0.9993315,7.3360475e-08,5.241431e-10,0.0006578748,1.5621261e-07,7.3714014e-06
ISIC_0033142,1,0.00019525169,0.99978215,1.9458089e-07,5.485427e-07,2.1644537e-05,2.2267987e-08,1.3472057e-07
ISIC_0032703,1,0.0038519995,0.99605787,3.2590774e-06,1.0470095e-05,7.472446e-05,1.2669462e-06,3.8355068e-07
ISIC_0033168,1,0.03631484,0.96362877,3.2198427e-06,5.178577e-06,4.7551915e-05,5.028179e-08,5.196468e-07
ISIC_0034187,1,5.170802e-06,0.998796,2.6297444e-05,2.813029e-05,0.0010288332,8.8404486e-05,2.7252361e-05
ISIC_0027837,1,1.389871e-06,0.9998702,1.8135462e-06,9.4161614e-08,4.74732e-05,7.3896575e-05,5.0695817e-06
ISIC_0033512,1,0.010536381,0.0008125192,0.988086,1.2219589e-05,4.7600057e-09,0.00016057547,0.00039237633
ISIC_0032788,1,0.54775584,0.43670487,0.013016994,1.4889056e-05,4.7532716e-08,0.0022562987,0.00025106722
ISIC_0033737,1,0.006530355,0.99100554,2.3664847e-05,0.00010545003,0.0022801505,3.6689953e-06,5.1102717e-05
ISIC_0033932,1,0.001255768,0.9323256,7.448567e-05,2.219607e-05,0.06560138,2.043245e-06,0.00071850425
ISIC_0033062,1,8.976413e-06,0.9999765,5.3461695e-06,1.4839703e-08,7.55494e-06,3.7635002e-07,1.2750348e-06
ISIC_0034261,1,1.0462107e-05,0.9999751,2.96136e-09,9.0887675e-10,1.0174533e-05,3.4942852e-06,7.8175697e-07
ISIC_0032772,1,3.9343954e-06,0.9970078,2.8459517e-05,5.167176e-07,0.0024642723,5.713889e-07,0.00049447047
ISIC_0034041,1,0.0008185902,0.9990038,3.4396621e-06,3.68701e-08,0.00014944767,4.912489e-07,2.4213155e-05
ISIC_0033598,1,0.6209469,0.3759435,8.226228e-06,7.8304105e-08,0.00057528284,2.0505867e-07,0.0025257815
ISIC_0034021,1,0.02721375,0.9722916,6.7419925e-05,1.290384e-07,0.000104485385,1.1885313e-06,0.00032153729
ISIC_0034220,1,0.00030379367,0.99968183,3.0077278e-08,1.8526679e-08,1.4074416e-05,2.353334e-08,2.433899e-07
ISIC_0032973,1,2.8543136e-05,0.9999639,3.0936334e-07,1.08936035e-07,6.5336103e-06,4.779665e-09,6.195897e-07
ISIC_0033425,1,0.0006383101,0.9993487,5.494258e-06,2.2294705e-06,3.844627e-06,9.0504344e-08,1.3040413e-06
ISIC_0032605,1,0.00012949872,0.9995431,1.2543786e-06,2.2004481e-07,0.00031818892,2.243125e-07,7.505099e-06
ISIC_0032779,1,1.7092092e-05,0.99998164,6.197091e-08,3.3476166e-08,1.156549e-06,6.5509993e-09,4.472435e-08
ISIC_0033950,1,0.0035229984,0.95452833,7.742304e-05,3.0904648e-05,0.04179274,3.8474423e-06,4.3661497e-05
ISIC_0033167,1,0.0021330873,0.97674346,4.1566277e-06,8.782469e-08,0.021108102,6.056809e-08,1.0964548e-05
ISIC_0033937,1,0.008763025,0.9904957,6.3576186e-07,1.7329377e-08,0.00070466613,4.6536734e-08,3.5978763e-05
ISIC_0033435,1,0.00071139337,0.99928147,3.7163435e-08,6.247831e-10,2.6325272e-06,6.336152e-08,4.3342307e-06
ISIC_0034016,1,0.10822976,0.8917638,7.5500395e-07,1.8766362e-09,1.1796701e-06,2.6883856e-07,4.18152e-06
ISIC_0033845,1,0.0006486485,0.9992587,2.1051936e-05,1.3976253e-07,5.04561e-05,2.3215935e-06,1.8718694e-05
ISIC_0032884,1,0.00017927492,0.99981755,4.8477492e-08,2.032377e-08,1.4150037e-06,3.0693272e-08,1.7550303e-06
ISIC_0033707,1,4.9988316e-06,0.99981326,1.7574179e-06,3.3757644e-07,8.4457526e-05,2.7451037e-08,9.5175375e-05
ISIC_0033912,1,2.8394401e-05,0.9999702,1.9853198e-08,2.4715374e-09,1.1739298e-06,1.3270412e-08,2.3098578e-07
ISIC_0032380,1,2.2064387e-06,0.9999876,1.882226e-07,1.9622644e-09,8.220665e-06,1.4319419e-06,3.9308352e-07
ISIC_0025447,1,2.0982849e-05,0.9999491,6.292289e-07,1.0602618e-08,1.5395894e-05,1.151084e-05,2.275681e-06
ISIC_0028591,1,0.41604942,0.56940013,0.001022795,6.282685e-06,0.012350288,3.3983997e-05,0.0011370503
ISIC_0024524,1,0.22137302,0.7785994,1.5392636e-05,2.7427257e-07,6.921661e-06,6.46691e-07,4.3897594e-06
ISIC_0032663,1,0.056542132,0.94088787,6.287006e-05,3.5354446e-06,0.0017334538,1.7959853e-06,0.00076832756
ISIC_0034191,1,0.0029863832,0.9836511,7.920076e-06,3.2083406e-07,0.012890973,0.00033904565,0.00012426428
ISIC_0033719,1,0.4553918,0.5445759,2.3898292e-07,1.2347428e-05,3.1796153e-06,1.3381434e-05,3.1409775e-06
ISIC_0033442,1,0.101805225,0.898087,5.3358826e-07,1.5950792e-07,6.345456e-05,3.4411285e-05,9.312377e-06
ISIC_0032943,1,0.21803199,0.6419186,4.358014e-05,7.878857e-06,0.13969511,6.1238454e-05,0.00024166577
ISIC_0034181,1,0.002124456,0.99766785,8.264446e-08,5.977654e-08,6.6731996e-06,2.8351565e-07,0.00020050954
ISIC_0033197,1,0.00015315592,0.9998357,4.1139512e-07,1.5634541e-07,3.5265927e-07,1.0231562e-07,1.0084173e-05
ISIC_0033036,1,6.475309e-05,0.9999349,8.337335e-09,5.6732303e-09,1.1519044e-07,5.6034715e-08,1.6388373e-07
ISIC_0033015,1,2.3730501e-05,0.9843903,1.0086039e-07,1.6990446e-08,0.0155857615,8.783464e-09,4.824929e-08
ISIC_0033928,1,2.361991e-06,0.99965894,2.4893941e-07,4.271636e-06,0.00033253233,1.0187887e-07,1.45859e-06
ISIC_0025970,1,0.139293,0.86068034,2.5161972e-07,2.5810866e-06,1.5547888e-05,6.215393e-06,2.0137327e-06
ISIC_0027397,1,0.00040888487,0.96382385,0.02625654,0.00028961973,0.005217035,0.0031479418,0.0008560543
ISIC_0034108,1,2.4108196e-05,0.86778134,0.0003030643,4.310477e-06,0.1318574,3.385779e-06,2.6315907e-05
ISIC_0033740,1,0.00027405674,0.99496657,0.00041419454,4.7628233e-05,0.004224885,5.273139e-06,6.740329e-05
ISIC_0033045,1,1.3570102e-05,0.99995804,4.1205112e-08,1.4489593e-06,2.4265191e-05,2.7509753e-07,2.3883993e-06
ISIC_0033697,1,0.04127246,0.95862895,8.1054725e-07,9.537547e-07,9.48028e-05,6.401008e-07,1.4060379e-06
ISIC_0033656,1,2.1422172e-06,0.9999893,9.346581e-08,8.9804354e-07,2.6023347e-06,3.3871097e-06,1.6027842e-06
ISIC_0032496,1,3.2628082e-05,0.99979144,0.00013594178,5.835789e-06,1.630792e-05,4.10982e-07,1.7484268e-05
ISIC_0027246,1,0.0019423374,0.9980539,3.2218275e-06,1.8052359e-07,3.7174892e-08,7.1530025e-08,1.7666545e-07
ISIC_0031848,1,0.00026358652,0.997165,0.002555497,1.5702791e-07,2.5013176e-06,9.5001167e-07,1.2263366e-05
ISIC_0024608,1,0.9999938,6.085509e-06,6.617264e-08,2.8671123e-09,7.594334e-11,7.2929396e-09,2.1010127e-08
ISIC_0029814,1,5.3696294e-06,0.9999167,8.017099e-06,4.2174206e-06,5.6982877e-05,2.7943347e-06,6.0489647e-06
ISIC_0031481,1,0.000118389486,0.999549,2.084265e-05,9.164799e-06,0.00021661511,1.6905395e-05,6.903386e-05
ISIC_0029704,1,0.001212558,0.99878186,4.7564263e-06,2.720274e-07,1.8238758e-07,3.5856132e-08,4.2270753e-07
ISIC_0025620,1,5.7891288e-05,0.99981505,6.8069705e-05,1.859837e-08,2.399614e-06,5.6663008e-05,3.4211034e-08
ISIC_0024668,1,2.670211e-06,0.9999951,4.007146e-08,1.1854039e-10,2.0652474e-06,1.4741207e-07,2.3040267e-08
ISIC_0031206,1,0.5416415,0.4582191,4.5513902e-06,7.7701463e-07,0.00011675478,8.445687e-06,8.874246e-06
ISIC_0030361,1,8.542847e-06,0.9999902,6.8020775e-08,1.589932e-08,8.679079e-07,1.6629886e-09,2.5504403e-07
ISIC_0028487,1,6.322897e-07,0.9999981,4.125552e-08,7.0937695e-08,6.931892e-07,1.1998852e-08,3.7084743e-07
ISIC_0030841,1,0.9999895,1.0314545e-05,1.0105103e-07,5.7256018e-09,2.454114e-10,2.1670395e-08,5.8690688e-08
ISIC_0031645,1,0.0097482065,0.9902423,1.5624031e-06,1.6999316e-08,3.021853e-06,8.271929e-07,4.0632617e-06
ISIC_0031726,1,0.0030056483,0.9968849,6.0045695e-06,7.119853e-08,6.014278e-06,8.086881e-05,1.6524169e-05
ISIC_0028581,1,0.019871138,0.98012114,2.3992468e-06,3.5413836e-09,4.800034e-06,2.0569524e-07,2.6942894e-07
ISIC_0027003,1,0.000535829,0.999456,3.6302488e-06,8.1416283e-07,1.8938928e-07,3.017954e-06,5.5029267e-07
ISIC_0030264,1,1.40239745e-05,0.9999852,2.1686355e-07,7.2586688e-09,4.446491e-08,4.1622218e-07,1.627365e-07
ISIC_0028894,1,0.0111352,0.9886408,1.1302875e-05,7.019774e-08,0.00012282353,8.638469e-05,3.4533118e-06
ISIC_0030116,1,0.0015731344,0.99840206,8.852147e-06,4.1070297e-07,2.528327e-06,2.325616e-07,1.2892936e-05
ISIC_0026270,1,0.018864451,0.9810404,3.4134715e-05,1.2432891e-06,9.65182e-06,2.436474e-06,4.754296e-05
ISIC_0025096,1,0.0023568526,0.9976113,5.5065248e-06,5.308471e-08,7.217758e-06,1.6288885e-06,1.7502236e-05
ISIC_0030840,1,0.0001536835,0.03835158,6.878276e-06,8.771762e-08,0.9614674,1.2535611e-05,7.781586e-06
ISIC_0027925,1,2.2987282e-05,0.9999716,4.091894e-08,5.7005514e-07,4.3884925e-06,2.2272984e-07,1.7204485e-07
ISIC_0031917,1,4.401991e-07,0.99999917,3.4250636e-08,1.6836387e-07,1.0793656e-07,1.7880065e-08,8.399616e-08
ISIC_0031079,1,0.00061032927,0.9993767,9.286798e-06,1.4119377e-08,3.6702946e-08,9.9540294e-08,3.5945816e-06
ISIC_0028524,1,0.00035648752,0.99962914,7.803721e-06,3.2656445e-08,3.4476628e-08,4.030372e-08,6.50869e-06
ISIC_0024846,1,0.012991457,0.98696196,6.8769123e-06,3.801816e-05,1.0769838e-07,8.1130383e-07,7.5933013e-07
ISIC_0024503,1,0.00019715508,0.9993736,6.781793e-06,0.00041721057,1.453686e-06,1.2194509e-07,3.7338782e-06
ISIC_0029667,1,0.00011515484,0.9995061,1.8238073e-06,0.0003701537,3.3472058e-06,2.423637e-07,3.0834053e-06
ISIC_0027574,1,3.4587055e-07,0.9997824,0.00021132012,5.8700445e-09,5.3566437e-06,5.808122e-09,5.771052e-07
ISIC_0030058,1,2.6084424e-05,0.9975343,0.0024152594,1.05330855e-08,1.9163343e-05,3.551274e-08,5.2129008e-06
ISIC_0030990,1,1.8968433e-06,0.9999974,1.0235577e-07,4.0259647e-07,2.3060574e-07,4.8915703e-09,4.4411543e-08
ISIC_0032492,1,0.0099107325,0.99004304,1.9656905e-05,2.632529e-06,1.7585873e-05,4.195551e-06,2.0744421e-06
ISIC_0027853,1,0.00019347138,0.99979573,1.6735346e-06,1.321364e-07,6.0451944e-06,2.1934347e-06,7.7239423e-07
ISIC_0028545,1,0.0051615234,0.9947712,7.5297103e-06,1.3037455e-06,5.3358144e-05,3.268576e-06,1.7461606e-06
ISIC_0031447,1,6.9856237e-06,0.9855562,0.008305534,0.005990198,0.00011192668,2.2494398e-06,2.6931068e-05
ISIC_0024837,1,1.207715e-06,0.99943084,2.7086085e-06,0.0005539131,3.9119964e-06,3.4058978e-06,3.9923434e-06
ISIC_0031667,1,3.2135633e-06,0.99914324,0.0003249426,0.00051826984,2.6212037e-06,5.005771e-07,7.236526e-06
ISIC_0026027,1,1.3926096e-05,0.9994912,0.00019871947,0.00027754297,7.6097735e-06,5.402195e-07,1.0376054e-05
ISIC_0031839,1,0.029801048,0.96955824,0.0001891699,0.00011374928,0.00030388823,1.3755613e-05,2.0211075e-05
ISIC_0026455,1,0.058166705,0.94083637,0.0002811399,0.00021306887,0.00031162234,0.00016763265,2.3418865e-05
ISIC_0028265,1,0.0069600698,0.99267113,0.00010138109,2.8001281e-05,0.00022076887,5.7330944e-06,1.2925768e-05
ISIC_0025020,1,5.2269075e-05,0.99994504,2.2779734e-06,2.0689296e-07,1.12646825e-08,4.0673434e-09,1.5117352e-07
ISIC_0026106,1,1.0376812e-05,0.99998856,9.5285435e-07,2.373026e-08,9.097707e-09,1.6989613e-09,6.966788e-08
ISIC_0024349,1,0.058837384,0.9411554,6.051543e-07,3.741317e-08,8.812431e-08,5.320969e-06,1.26077e-06
ISIC_0026126,1,0.21153924,0.7884061,7.64378e-07,1.4849422e-07,4.5792342e-07,5.2335916e-05,9.576639e-07
ISIC_0028271,1,0.13148077,0.8685071,3.8353155e-06,4.6938148e-08,4.126039e-07,6.453792e-06,1.4528188e-06
ISIC_0026305,1,0.062136404,0.9353284,0.0012748755,0.0011531615,1.0942408e-06,5.6750767e-05,4.93572e-05
ISIC_0028454,1,0.0008878169,0.9989446,0.00012325698,3.865131e-05,9.790595e-08,8.452839e-07,4.7425606e-06
ISIC_0027658,1,0.040702093,0.95929426,1.2956357e-06,9.390205e-07,5.6324573e-08,5.3612257e-07,8.7045106e-07
ISIC_0028678,1,0.05567254,0.9443234,2.307021e-06,2.2407194e-07,1.24536355e-08,4.6260035e-07,1.061476e-06
ISIC_0029382,1,3.7073863e-05,0.99991345,4.8456375e-05,3.1147206e-07,4.1545924e-08,3.8095607e-08,5.869151e-07
ISIC_0030093,1,0.00083291973,0.9991078,4.263245e-05,1.3901887e-05,4.839808e-07,1.8068414e-06,4.9735837e-07
ISIC_0028645,1,0.0002916151,0.9996538,5.3088726e-05,1.0583528e-06,4.93965e-08,1.234766e-07,1.8005635e-07
ISIC_0031984,1,5.7985977e-05,0.9999397,3.8715757e-07,7.693584e-08,3.493428e-08,8.4953044e-08,1.6171552e-06
ISIC_0026487,1,7.068341e-06,0.9999919,5.6953066e-08,5.5079223e-08,6.0182195e-08,2.4422386e-08,9.370002e-07
ISIC_0026052,1,0.00010441856,0.9998242,4.3908156e-07,2.9427001e-05,3.1452822e-05,6.893538e-06,3.1649438e-06
ISIC_0029493,1,6.686445e-05,0.9998716,9.4967345e-06,1.0037518e-05,2.2965221e-05,1.7280661e-06,1.736943e-05
ISIC_0031559,1,0.0001682994,0.9998292,2.7457725e-07,3.466345e-10,1.8090661e-07,1.9256336e-06,1.9223371e-07
ISIC_0028510,1,1.131665e-05,0.9999819,1.4338447e-07,2.2905586e-07,5.119059e-06,8.386468e-09,1.2510541e-06
ISIC_0031756,1,0.98992914,0.008901867,0.00013011106,9.886713e-07,0.00036824073,0.00029692592,0.0003728528
ISIC_0028723,1,4.9329283e-06,0.9999943,1.0060472e-08,2.2467435e-09,4.9394952e-08,1.3230288e-09,7.8607667e-07
ISIC_0027751,1,3.735148e-08,0.99999666,3.3471053e-06,5.00548e-11,1.0090662e-09,5.764653e-09,5.1370064e-09
ISIC_0031092,1,3.0414738e-05,0.99971765,4.819895e-07,8.747331e-06,0.00018211393,1.843173e-05,4.218325e-05
ISIC_0028167,1,4.0908137e-05,0.99600226,1.7901854e-07,6.350715e-08,0.0039089303,2.650438e-05,2.1163398e-05
ISIC_0032436,1,0.0006514588,0.99909794,4.599715e-05,1.6507948e-07,0.00019447047,8.047963e-06,1.987434e-06
ISIC_0025181,1,0.00025500267,0.98715997,2.5787406e-07,7.8283813e-07,0.012472179,4.810218e-08,0.00011178287
ISIC_0024996,1,4.491528e-06,0.99998546,5.3899885e-06,7.485091e-08,8.5208586e-07,1.0710115e-09,3.7269047e-06
ISIC_0028092,1,0.0066711134,0.9932933,1.9985237e-05,3.0286433e-06,7.6258034e-06,4.715083e-06,2.1192707e-07
ISIC_0027978,1,0.00890816,0.9910362,2.5615632e-06,9.61644e-07,1.0322323e-07,4.0929506e-05,1.1134896e-05
ISIC_0027224,1,0.0045503043,0.9904248,1.9210688e-06,8.030818e-06,3.8125088e-06,0.0049912753,1.9848696e-05
ISIC_0029641,1,0.00023163852,0.9994692,0.00013955602,4.8590948e-05,7.297448e-05,3.281749e-06,3.4633445e-05
ISIC_0026784,1,0.00034134233,0.9988738,7.356696e-05,1.18937205e-05,0.0002475041,0.0004379046,1.3946431e-05
ISIC_0031564,1,0.013150729,0.97832656,1.7305481e-05,2.1104781e-06,0.0084824255,4.0177497e-06,1.6913227e-05
ISIC_0025742,1,1.3886096e-06,0.9971904,9.5009746e-05,0.0026270738,8.190383e-05,8.204509e-07,3.3411743e-06
ISIC_0032141,1,6.907952e-06,0.9988819,0.000988466,9.687451e-05,2.3126817e-05,2.4311817e-07,2.4341248e-06
ISIC_0031015,1,1.16371075e-05,0.89447737,0.0049908594,0.0032066114,1.4682399e-05,0.09726911,2.9883187e-05
ISIC_0032015,1,0.00017400728,0.9855135,8.062314e-06,0.00014466961,0.013096523,0.00061170274,0.00045154872
ISIC_0031285,1,0.00010443036,0.99867636,3.7950886e-06,1.8210632e-06,0.0011887175,1.4931508e-06,2.332453e-05
ISIC_0028135,1,5.8865124e-05,0.999841,6.985317e-08,1.18446755e-08,7.0372215e-07,4.7362515e-05,5.2023548e-05
ISIC_0026400,1,0.0069555175,0.9928992,9.7369564e-05,3.1304123e-07,1.0792243e-05,2.5669317e-06,3.4186807e-05
ISIC_0028212,1,0.00011125505,0.9997999,9.585211e-08,4.485824e-06,8.083925e-05,1.4296497e-06,1.9085871e-06
ISIC_0029162,1,0.00010832627,0.31345162,7.249899e-05,4.155674e-07,0.68633145,9.012234e-08,3.5641904e-05
ISIC_0024841,1,0.038676556,0.9601596,0.0009141212,0.00021663832,2.1416565e-06,2.5101348e-05,5.9098193e-06
ISIC_0029121,1,0.0005038097,0.99944264,7.4998084e-06,1.100367e-05,6.9669696e-08,3.4045854e-05,9.1698786e-07
ISIC_0030525,1,2.3057042e-07,0.9971722,0.0028266762,6.103265e-10,1.0490052e-08,3.3303047e-07,5.510437e-07
ISIC_0025245,1,0.45134687,0.548175,1.8500903e-06,4.287463e-08,1.8354897e-06,0.00046982264,4.562323e-06
ISIC_0029001,1,2.5225015e-09,0.99917716,0.0008209966,3.9823468e-07,1.426268e-06,9.034954e-10,6.0804524e-08
ISIC_0031126,1,0.0002261802,0.96892345,0.0135917235,5.303574e-05,0.010861942,0.005605124,0.0007385214
ISIC_0026340,1,2.8945045e-05,0.9997358,2.1677288e-05,0.00010261,3.998216e-05,6.92461e-05,1.7977642e-06
ISIC_0027988,1,4.2793317e-06,0.99966025,2.1824299e-06,9.530498e-08,7.6647484e-05,0.00025301086,3.545171e-06
ISIC_0030733,1,0.00019741854,0.9996904,1.1088121e-05,1.3568953e-05,8.348822e-05,7.1553393e-07,3.3101323e-06
ISIC_0025597,1,0.00016383821,0.98394716,9.648891e-07,4.7328805e-07,0.015880298,3.1239695e-06,4.1132553e-06
ISIC_0025225,1,0.00012209112,0.99972564,3.1786968e-08,6.0571597e-06,0.00014265285,2.3196724e-06,1.2025238e-06
ISIC_0027569,1,3.9529717e-05,0.9999584,1.678273e-06,1.241437e-10,5.182216e-09,3.5206335e-07,8.458223e-09
ISIC_0026698,1,3.3958615e-05,0.99994576,7.211674e-08,1.2314023e-06,1.6420514e-05,6.9436986e-08,2.5113181e-06
ISIC_0029138,1,4.695321e-07,0.9999993,1.0900662e-07,4.3492197e-08,7.2579724e-08,2.1997135e-08,3.3784907e-08
ISIC_0029349,1,2.575307e-05,0.999974,8.572268e-10,4.3805212e-08,1.8382547e-08,1.8634059e-09,2.3152477e-07
ISIC_0027963,1,2.4103906e-07,0.99999535,6.029469e-07,2.7357582e-06,2.794353e-07,7.595398e-07,1.0989425e-07
ISIC_0024425,1,9.333665e-06,0.9999796,1.3246336e-08,1.9131757e-07,6.183839e-09,1.0722562e-05,1.1131734e-07
ISIC_0028557,1,0.0006514503,0.9734793,5.2001444e-05,0.025679797,6.113994e-05,2.4209116e-06,7.400431e-05
ISIC_0027471,1,0.00054788706,0.54656804,9.500905e-05,0.00033282142,0.45226583,3.008519e-06,0.00018737307
ISIC_0026706,1,1.2997175e-05,0.99997973,1.7549192e-07,2.1483999e-08,6.631164e-06,2.514614e-07,2.1881934e-07
ISIC_0028297,1,0.014212415,0.9857363,1.1846609e-07,6.0773677e-06,4.21526e-05,5.2977344e-07,2.2923882e-06
ISIC_0027401,1,0.93985003,0.060148213,5.159573e-07,1.2028964e-07,8.2514396e-07,2.6060908e-07,7.027724e-08
ISIC_0028637,1,0.8526191,0.14703177,5.6449016e-07,3.0178297e-05,0.0003058004,4.2859438e-06,8.31785e-06
ISIC_0026672,1,0.006105153,0.9931109,1.7637782e-06,0.0007763704,2.6306294e-08,2.0820871e-06,3.6975189e-06
ISIC_0030180,1,4.244122e-08,0.99995184,3.337692e-08,1.2416473e-07,4.7943948e-05,3.9001464e-09,6.8058924e-08
ISIC_0026043,1,1.0993221e-08,0.99999976,2.404387e-10,2.178163e-08,1.8680856e-07,2.037277e-08,3.220179e-08
ISIC_0025074,1,4.9609465e-05,0.99992025,4.844478e-07,1.8314255e-05,4.3622513e-06,3.6772306e-07,6.627635e-06
ISIC_0029898,1,0.0007429234,0.998386,1.4159278e-06,0.00040263683,0.00010198303,0.00018169107,0.00018330058
ISIC_0026974,1,6.641062e-05,0.99982375,1.5332513e-07,1.0787512e-09,9.849087e-05,2.206498e-06,8.962467e-06
ISIC_0025846,1,0.011357893,0.98746026,3.4039426e-06,0.0010805577,8.527047e-05,2.289913e-06,1.0501644e-05
ISIC_0027928,1,0.2286648,0.7577796,0.00019016412,0.013187506,0.00013871012,6.3406906e-06,3.2989963e-05
ISIC_0031596,1,0.18692262,0.8114846,8.947296e-05,0.00013411399,0.0008973362,0.00021187548,0.00026005815
ISIC_0025289,1,0.002530169,0.976132,2.5496738e-06,0.0005253267,1.1824512e-05,1.0803295e-05,0.020787273
ISIC_0030219,1,0.117551275,0.83046967,2.3594832e-06,0.05106365,4.5522813e-07,0.000871889,4.0707317e-05
ISIC_0030981,1,0.0003134805,0.9995819,9.659775e-06,1.5174526e-05,2.6410962e-05,2.5088331e-05,2.8270102e-05
ISIC_0025899,1,0.014151313,0.98582536,1.6825086e-06,3.604073e-08,4.5842725e-07,5.2854125e-06,1.590072e-05
ISIC_0027382,1,1.1185165e-05,0.9995677,6.3686493e-06,0.00018756323,1.4173705e-07,1.0181421e-07,0.00022687967
ISIC_0027949,1,0.9820126,0.016797042,2.971904e-06,1.7330063e-05,0.0011434924,2.523022e-07,2.6258134e-05
ISIC_0026795,1,1.2680807e-06,0.99999785,6.7040564e-09,1.1390397e-08,3.6395346e-07,6.3590186e-08,3.4569575e-07
ISIC_0030645,1,0.00094327185,0.88303226,3.834837e-05,0.10024662,0.01491834,0.00045894692,0.00036217025
ISIC_0026998,1,9.903171e-05,0.9997019,5.7620367e-05,8.8091207e-07,2.7109713e-06,5.0090553e-06,0.00013290979
ISIC_0032218,1,8.0601046e-07,0.9297328,0.06880013,5.1772363e-06,0.001143949,2.713241e-06,0.00031446933
ISIC_0031838,1,3.7825703e-06,0.9998518,1.1847583e-08,2.6517344e-07,7.423046e-06,3.4936696e-07,0.00013632236
ISIC_0029733,1,0.0015659959,0.9963169,0.0009017985,0.00039358973,0.00078024546,3.3800807e-05,7.526215e-06
ISIC_0026329,1,0.00033528428,0.9976642,0.0012989205,3.4519868e-05,7.901055e-06,8.526925e-05,0.0005739357
ISIC_0028478,1,5.6329754e-06,0.9250282,2.7698385e-05,6.243993e-07,0.07488917,3.845327e-07,4.8272992e-05
ISIC_0027889,1,0.11907094,0.87586534,0.0048621884,2.2980375e-06,0.00015889195,2.930965e-07,4.0089057e-05
ISIC_0031014,1,4.7879744e-06,0.9998282,8.4743355e-05,6.9910304e-05,5.160098e-06,5.880624e-07,6.498598e-06
ISIC_0024969,1,0.43555135,0.5486269,0.00020841307,0.015367805,2.575377e-05,0.00019761821,2.21701e-05
ISIC_0032936,0,0.004691137,0.995231,2.1211866e-07,1.0111449e-07,7.5874144e-05,1.0406333e-06,5.8214073e-07
ISIC_0025463,1,9.642044e-06,0.99999034,3.3389156e-08,1.839009e-10,7.492838e-09,8.7563684e-10,1.1403137e-08
ISIC_0033232,0,0.010594229,0.98927045,1.2158796e-05,9.835494e-06,7.114237e-05,2.1617068e-06,4.0050225e-05
ISIC_0031742,1,0.060458798,0.93881357,0.00018856455,0.00017227288,0.00031795926,2.470477e-05,2.4123305e-05
ISIC_0032195,1,0.014856482,0.98513097,3.0636188e-06,2.4474523e-06,3.983482e-07,4.7555727e-06,1.8981706e-06
ISIC_0031813,1,0.065748505,0.9200278,2.9638559e-06,0.012938649,1.354365e-06,3.1388758e-05,0.0012493947
ISIC_0030354,1,0.4436163,0.5562396,8.033208e-06,2.6009307e-05,5.0588113e-07,4.9775776e-06,0.00010459453
ISIC_0025000,1,0.00019789764,0.999688,2.3246298e-06,3.8443424e-05,7.589527e-06,2.8347944e-05,3.727664e-05
ISIC_0027066,1,0.0067372955,0.9930227,7.026273e-06,1.8306838e-06,0.00022829513,6.075333e-07,2.2745237e-06
ISIC_0025106,1,0.6770641,0.3212413,5.407524e-06,0.0014443708,0.00015683171,3.072656e-05,5.7249286e-05
ISIC_0026805,1,4.4900967e-06,0.998749,5.911892e-07,6.3106256e-08,0.001244409,3.5622696e-09,1.411152e-06
ISIC_0024680,1,0.00020594744,0.9968861,8.855008e-06,1.425721e-06,0.002862649,3.0535456e-09,3.4984347e-05
ISIC_0029465,1,0.00013308773,0.9993759,8.430576e-07,1.2176328e-07,0.00038488035,1.3360522e-09,0.00010527463
ISIC_0031594,1,3.1658146e-08,2.4832312e-05,7.06252e-05,0.0001672873,0.99969494,4.2196247e-05,1.4478137e-07
ISIC_0029855,1,0.06698225,0.85794467,0.07280832,0.0020316935,0.00017670503,1.2904285e-07,5.630515e-05
ISIC_0029530,1,0.027544465,0.96018726,1.27012545e-05,0.011507515,0.000684119,5.6720837e-05,7.070816e-06
ISIC_0027360,1,0.06353007,0.77891487,0.15264192,0.0018264429,0.0030841322,1.6923487e-07,2.3141295e-06
ISIC_0029554,1,0.0016255277,0.9780291,0.02002984,0.00028078095,1.6746406e-05,3.310259e-07,1.769306e-05
ISIC_0026096,1,0.01007206,0.98954076,5.637826e-08,5.7748188e-05,0.0003204846,3.3413068e-07,8.52753e-06
ISIC_0026445,1,0.011871867,0.9868478,4.4321473e-06,0.0012595839,8.883551e-06,1.2546844e-06,6.0937027e-06
ISIC_0026023,1,0.78399014,0.20721197,0.0009346391,7.851167e-07,0.007687405,5.193454e-07,0.00017465286
ISIC_0026330,1,0.0062596067,0.9888531,4.063525e-06,0.00019598776,0.004632191,4.2012543e-05,1.2978043e-05
ISIC_0031567,1,0.041859113,0.95441246,2.001326e-05,0.00041940753,0.0029042854,0.00036263518,2.2133885e-05
ISIC_0026577,1,0.011605912,0.011543881,0.0015987231,0.0074980827,0.9676945,6.5253275e-06,5.2261676e-05
ISIC_0031249,1,9.712001e-05,0.9972704,1.4960672e-07,7.8789824e-05,0.0025442934,6.407553e-07,8.582634e-06
ISIC_0030451,1,0.29451767,0.6242017,0.0071727936,0.052858543,0.02120761,2.5679725e-07,4.1514068e-05
ISIC_0031301,1,0.44032252,0.464772,0.05871731,0.0001242163,0.027398499,0.0072340085,0.0014314953
ISIC_0031111,1,0.5262738,0.4588067,8.994968e-06,0.0002830468,0.0144826835,7.189455e-05,7.288938e-05
ISIC_0028602,1,6.40331e-07,0.50584316,0.00026670974,1.1976867e-09,0.4938733,6.861163e-06,9.243945e-06
ISIC_0030674,1,0.00074104697,0.99031925,8.567657e-06,0.0059736846,0.0029563424,2.4476385e-08,1.1237131e-06
ISIC_0031192,1,0.0006837753,0.9404418,0.056071267,0.00010973905,0.0026838393,8.432666e-06,1.2249843e-06
ISIC_0027498,1,2.198653e-06,0.9934928,1.1145913e-05,8.064557e-08,0.00645932,1.2561427e-06,3.311107e-05
ISIC_0031462,1,0.0025789426,0.97090214,9.2844675e-06,0.01911525,0.0073910565,5.0107985e-07,2.8947572e-06
ISIC_0026071,1,0.73648727,0.11728694,0.0016796599,0.0002592581,0.14329442,0.00029118816,0.0007011828
ISIC_0030923,1,0.025805792,0.9646988,0.00024474625,0.00030923012,0.008918747,3.879473e-06,1.8692692e-05
ISIC_0025989,1,0.00010776162,0.9998919,5.6048872e-08,3.7485446e-08,2.5057522e-08,7.590372e-08,1.2243261e-07
ISIC_0028873,1,0.48467252,0.46351746,0.0030267718,0.0025502928,0.046056412,0.00016371546,1.2815405e-05
ISIC_0028882,1,4.7337893e-05,0.9999018,1.0307387e-05,2.9474926e-05,1.7263458e-06,6.314964e-06,3.1180768e-06
ISIC_0030061,1,0.0003282032,0.9996191,2.2834486e-06,4.9992177e-05,1.4034276e-07,1.17535235e-08,2.095483e-07
ISIC_0030960,1,0.00042685086,0.9995202,3.2192227e-05,4.821922e-07,1.9303432e-05,1.5071382e-07,8.603583e-07
ISIC_0030311,1,0.0050717113,0.448057,0.54674774,8.708454e-05,1.790177e-05,8.258014e-07,1.771749e-05
ISIC_0025505,1,0.00015021702,0.99936515,1.9989797e-05,0.00046199065,4.8079687e-07,1.2603728e-07,2.1126252e-06
ISIC_0024784,1,3.736666e-05,0.9976234,0.00030654878,0.00016097163,0.0018107201,2.1353044e-05,3.956813e-05
ISIC_0024922,1,0.00283192,0.99539715,4.767028e-06,2.8283288e-05,0.0016316082,9.455626e-06,9.686107e-05
ISIC_0027127,1,6.525519e-05,0.99990773,1.147899e-07,1.1848547e-05,4.2916295e-07,9.41102e-08,1.4557694e-05
ISIC_0028849,1,0.00050145225,0.9994573,5.0877875e-06,6.8778504e-06,1.3049918e-06,6.434511e-08,2.7872677e-05
ISIC_0025517,1,0.00046764454,0.9995197,5.0578024e-07,4.808371e-06,2.308479e-06,1.4591045e-08,5.124795e-06
ISIC_0030553,1,0.001129932,0.998251,0.00043533687,3.0646356e-06,0.00015183001,5.3591896e-07,2.8180602e-05
ISIC_0027379,1,4.1984338e-05,0.9982665,1.8103569e-07,1.3312349e-07,0.0016895382,9.873991e-08,1.551572e-06
ISIC_0027468,1,9.3786675e-06,0.98616564,8.5783095e-06,9.6425154e-08,0.013805025,3.3077484e-07,1.0859368e-05
ISIC_0028016,1,0.00041390661,0.45221066,0.5473563,6.4977075e-06,3.5429214e-06,8.16766e-06,8.930161e-07
ISIC_0030639,1,0.3401378,0.6334786,0.021317672,8.3462123e-07,0.00490577,1.4943008e-06,0.00015777997
ISIC_0025165,1,0.0011839806,0.9985985,2.4305964e-05,0.00015191894,1.2472336e-05,1.5145429e-06,2.7290347e-05
ISIC_0028698,1,0.00014973573,0.99981314,1.915042e-05,9.294585e-06,3.7286618e-06,1.340232e-06,3.615856e-06
ISIC_0030694,1,0.36473995,0.60034627,0.029153017,0.0018508921,0.00085786293,3.598384e-05,0.0030160483
ISIC_0027798,1,5.194172e-09,0.9999894,3.824344e-07,3.098575e-11,1.014441e-05,2.010523e-09,7.598819e-08
ISIC_0028141,1,1.9633774e-06,0.9999733,1.6065637e-07,4.408006e-09,1.4916353e-05,8.119062e-09,9.651189e-06
ISIC_0032310,1,2.5420686e-06,0.9999883,1.4073047e-06,6.769566e-08,3.8485555e-06,6.733046e-08,3.661546e-06
ISIC_0026323,1,0.018790917,0.9590172,0.022081004,5.947961e-06,8.2430824e-07,3.9097845e-06,0.0001001888
ISIC_0030663,1,0.0002515004,0.99415296,0.0053587556,2.2413933e-05,4.6196084e-05,6.166445e-05,0.000106532505
ISIC_0028673,1,0.0012672738,0.998664,2.4996411e-06,3.5408328e-05,1.7937566e-05,2.1296944e-06,1.0724205e-05
ISIC_0030151,1,0.04486143,0.032519337,9.238857e-05,0.0006732732,0.9216928,0.0001573271,3.3786052e-06
ISIC_0031866,1,2.7087259e-05,0.9998273,2.387503e-07,1.200686e-05,0.00013234156,1.289168e-07,9.069898e-07
ISIC_0028344,1,1.1573657e-05,0.9848188,3.9389365e-06,8.2501e-07,0.015118241,1.1922404e-07,4.644175e-05
ISIC_0031039,1,0.00042434034,0.9991247,6.1540195e-05,1.0786594e-05,0.0002872238,4.1978492e-05,4.945384e-05
ISIC_0026665,1,4.8588477e-06,0.9999442,8.108284e-06,1.645132e-07,3.1688774e-05,8.826483e-06,2.1955584e-06
ISIC_0028608,1,0.00024828687,0.876583,0.022118233,0.020027049,0.06543939,0.013928037,0.0016559967
ISIC_0030839,1,0.01767958,0.9455124,3.9585273e-05,4.700932e-06,0.034553945,0.0021985604,1.1177717e-05
ISIC_0026809,1,0.008465932,0.97845685,1.0375025e-05,0.0015315231,0.011518752,1.2064774e-05,4.587415e-06
ISIC_0026157,1,0.00032642492,0.9994287,1.5878214e-08,0.00021971384,1.19105e-05,1.216516e-06,1.2065929e-05
ISIC_0030140,1,7.9722726e-05,0.99991953,2.0574058e-09,1.899534e-08,3.9601392e-08,1.2410159e-08,6.750498e-07
ISIC_0027614,1,0.020291563,0.9797021,1.980867e-06,2.948488e-07,1.6142682e-06,7.205601e-07,1.7073063e-06
ISIC_0025243,1,3.7908106e-07,0.92801535,1.1634901e-06,7.1060015e-07,0.07197384,1.8518135e-07,8.437213e-06
ISIC_0030159,1,0.00014105224,0.99984586,4.3511704e-06,4.265953e-06,1.5600844e-07,2.8994718e-06,1.3786151e-06
ISIC_0030434,1,2.2244469e-05,0.9999751,5.36264e-08,2.9741967e-10,2.1374155e-06,8.2582774e-10,4.321321e-07
ISIC_0026580,1,0.006739088,0.9930894,8.4971136e-05,8.19675e-05,5.1680377e-07,1.2788723e-06,2.8551299e-06
ISIC_0030919,1,0.15427776,0.84568805,4.5371066e-06,4.9651535e-06,9.848575e-07,1.9521383e-05,4.1833596e-06
ISIC_0028498,1,0.72642076,0.26629066,6.35212e-05,1.1463759e-05,0.006969696,0.00010388738,0.00013999708
ISIC_0025346,1,0.34382308,0.65395164,1.7458136e-05,0.0006556623,0.0014847306,1.0393578e-05,5.7003326e-05
ISIC_0026260,1,0.108612746,0.8913663,3.8126275e-06,4.484178e-07,1.2656266e-05,1.5023619e-06,2.5592035e-06
ISIC_0030940,1,0.06850519,0.74552494,0.00064899854,6.657162e-05,0.18500738,7.204928e-05,0.00017488493
ISIC_0030937,1,0.0022330473,0.99760157,2.2859258e-05,1.3112129e-05,1.8267065e-05,0.000104266845,6.930057e-06
ISIC_0025400,1,0.00011238458,0.9935666,3.2457265e-05,3.3698445e-08,0.006267989,6.1531973e-06,1.4483249e-05
ISIC_0029792,1,0.001646952,0.99835134,1.6551136e-06,4.8416876e-10,2.1058868e-09,3.26376e-08,6.801857e-08
ISIC_0026218,1,0.80461586,0.19516519,5.1590346e-06,0.00015905965,2.5025527e-06,4.9578266e-05,2.6210298e-06
ISIC_0028766,1,0.23011303,0.7698565,1.0988844e-05,3.2503385e-06,4.597079e-07,1.423035e-05,1.5909634e-06
ISIC_0028384,1,4.1008516e-06,0.78217715,0.0016245912,7.4606637e-06,0.21618226,2.365288e-06,2.0994896e-06
ISIC_0030155,1,1.6591154e-06,0.99995613,2.6721239e-08,6.2705876e-09,3.4951922e-06,8.162324e-08,3.8604827e-05
ISIC_0027523,1,0.00051857234,0.99370015,1.1255748e-06,6.244924e-08,0.005689516,1.7645099e-06,8.869502e-05
ISIC_0028531,1,0.0031384593,0.9968407,4.860952e-07,2.4039085e-08,1.663627e-05,4.8314837e-07,3.2112923e-06
ISIC_0026182,1,0.0009789887,0.9990114,1.6265906e-06,3.414058e-07,2.4533406e-07,5.0922636e-06,2.2974946e-06
ISIC_0025061,1,0.000121620855,0.99976605,1.1274046e-06,1.8129889e-08,0.000105842126,1.0228213e-07,5.3019166e-06
ISIC_0028477,1,0.5804626,0.41950256,2.2047654e-07,5.6318033e-08,1.7486133e-07,3.3992666e-05,4.295621e-07
ISIC_0024577,1,0.00059495383,0.9993907,9.6497615e-06,2.7058068e-08,1.1921269e-06,6.085747e-07,2.897301e-06
ISIC_0025647,1,0.7650091,0.23418924,2.7344472e-06,2.30406e-05,9.474113e-06,0.00068509404,8.129202e-05
ISIC_0025323,1,0.021850163,0.97773975,1.983333e-06,2.5584315e-08,0.00029910187,9.536941e-05,1.3626381e-05
ISIC_0024818,1,0.14638986,0.8490538,0.0006216228,2.7403383e-05,0.0037598158,1.2857004e-05,0.00013461764
ISIC_0031595,1,0.02005497,0.97929066,1.1427538e-07,1.7244818e-07,0.0006475336,5.6469514e-08,6.6268653e-06
ISIC_0031071,1,2.92595e-08,0.9999844,4.6485648e-06,3.4515068e-08,8.360294e-06,5.093656e-08,2.610714e-06
ISIC_0031475,1,4.3101477e-06,0.9629924,3.6549318e-07,6.509587e-08,0.037000988,3.9935323e-08,1.7204349e-06
ISIC_0031602,1,0.8754318,0.11882589,7.391349e-06,1.0122845e-05,0.005655234,1.760417e-05,5.1994793e-05
ISIC_0024683,1,0.14228408,0.8561451,0.00025282352,0.0007224182,0.00054544036,3.6179412e-05,1.409663e-05
ISIC_0026816,1,7.2219095e-06,0.9998704,1.7520076e-06,1.9258266e-08,0.00011945206,9.240791e-07,2.2823012e-07
ISIC_0028635,1,2.0549555e-06,0.9998946,1.2261856e-08,1.06835936e-10,0.00010330779,7.3007476e-09,2.275965e-08
ISIC_0026480,1,5.427143e-06,0.9988164,0.0002866249,3.1288514e-06,0.0008148265,3.2240182e-06,7.048411e-05
ISIC_0029668,1,0.0006521836,0.99933136,6.4989806e-08,3.8621013e-09,1.0416757e-05,1.2432656e-06,4.7785807e-06
ISIC_0027140,1,4.0926207e-06,0.9999956,1.4975083e-07,4.359354e-11,7.3469706e-09,3.6987449e-09,1.2839013e-07
ISIC_0031322,1,9.523251e-05,0.99989736,1.7146928e-07,6.9770756e-10,1.1391736e-07,3.767878e-07,6.696339e-06
ISIC_0025956,1,0.00012721396,0.9892658,2.000674e-05,2.8861352e-05,0.010506653,6.1838537e-06,4.5258894e-05
ISIC_0027607,1,0.27511343,0.72410846,7.764138e-06,9.846904e-09,0.0007623313,2.6182122e-06,5.367644e-06
ISIC_0024540,1,4.7559814e-05,0.9999411,9.15208e-07,6.9723822e-09,9.27348e-06,1.0669235e-08,1.0851079e-06
ISIC_0027948,1,5.786224e-07,0.999998,1.762667e-07,6.2986566e-10,8.7907875e-07,1.2199847e-09,3.3864205e-07
ISIC_0025253,1,1.8481907e-05,0.9999052,1.1703548e-08,1.1677671e-10,7.1682094e-05,4.80887e-07,4.103683e-06
ISIC_0027961,1,4.660905e-05,0.9984333,1.2607273e-05,7.827893e-06,0.0011925744,1.4081097e-05,0.00029301873
ISIC_0026190,1,0.0011254944,0.9986084,0.00025348354,1.5010355e-06,2.5221564e-06,8.0415924e-07,7.730497e-06
ISIC_0025881,1,4.5657245e-05,0.99990296,8.656809e-06,1.13084475e-08,8.8788165e-06,5.882362e-06,2.8038676e-05
ISIC_0031668,1,2.4071994e-06,0.9996953,2.4530306e-07,5.3646886e-08,0.00029859765,1.4753408e-07,3.3971533e-06
ISIC_0027431,1,5.7633557e-08,0.99999046,1.1998349e-08,1.8160516e-07,1.4138724e-06,1.6435551e-09,7.844932e-06
ISIC_0033140,1,0.03539898,0.9645649,2.2982551e-05,1.0444691e-06,5.0474982e-06,5.6818462e-06,1.3511227e-06
ISIC_0033765,1,0.0039279424,0.9959441,4.879209e-06,5.935828e-07,0.00010566037,1.8304102e-06,1.5059007e-05
ISIC_0025897,1,6.228413e-05,0.9999348,2.7834961e-08,1.1619429e-06,5.874955e-07,2.9839083e-07,7.067145e-07
ISIC_0032721,1,4.6257803e-05,0.99947757,1.737639e-06,0.00018545521,0.00027922503,7.240176e-06,2.4449757e-06
ISIC_0033537,1,0.022890441,0.97694755,2.7887722e-07,2.0546054e-06,0.00014786453,1.0217842e-05,1.4740243e-06
ISIC_0032837,1,0.00040081554,0.9931526,5.5386677e-06,5.2643416e-05,0.005160583,0.0012275481,2.1759543e-07
ISIC_0032682,1,0.0071559325,0.99253607,1.4428275e-06,1.945659e-06,0.00018054724,0.00012374381,3.9427746e-07
ISIC_0033223,1,0.00015555347,0.99983525,1.3075562e-06,4.273726e-06,2.8379293e-06,3.380549e-07,3.6049852e-07
ISIC_0032764,1,0.004138212,0.99584985,5.6307914e-07,1.0892494e-07,1.0575122e-05,5.2873895e-07,1.6170995e-07
ISIC_0033436,1,0.00012258993,0.99764663,4.2093248e-07,1.3084814e-07,0.0021845961,4.1265357e-05,4.372948e-06
ISIC_0033777,1,8.415129e-05,0.9996302,1.9371033e-08,8.142594e-08,0.00010113498,6.300597e-07,0.00018373881
ISIC_0033078,1,0.003514851,0.98346764,1.1703968e-07,1.1073705e-06,9.1489555e-06,1.0502632e-05,0.012996668
ISIC_0034055,1,0.00014413585,0.99971193,4.9890907e-08,2.0107562e-08,7.625015e-05,7.033321e-07,6.6846056e-05
ISIC_0032868,1,1.171688e-05,0.9998167,8.7630895e-07,2.0145102e-08,0.0001576469,1.6469613e-07,1.300025e-05
ISIC_0033211,1,0.019676507,0.9796607,3.5521043e-05,1.0489119e-07,0.00058805506,3.7740363e-05,1.4315539e-06
ISIC_0033617,1,0.046745367,0.95303863,4.618211e-05,7.1209815e-06,0.000103717975,1.843999e-05,4.052469e-05
ISIC_0033889,1,0.0016024105,0.9983563,1.1552624e-05,3.5780732e-09,2.844756e-05,1.0651219e-06,2.152226e-07
ISIC_0033098,1,0.053892083,0.9461034,1.483751e-06,1.976545e-07,2.6503974e-06,1.8858517e-08,1.4993059e-07
ISIC_0032607,1,0.0005966672,0.9994025,5.1067894e-07,4.4388146e-09,2.611972e-07,3.4214988e-08,5.979739e-08
ISIC_0033542,1,0.00056806114,0.99942267,2.8078723e-08,1.748646e-08,2.3170294e-07,2.481959e-08,8.983984e-06
ISIC_0032748,1,0.0038373286,0.99606615,4.793576e-06,1.2287081e-05,3.5004843e-05,1.2999185e-07,4.4429053e-05
ISIC_0033577,1,9.3760247e-07,0.9999974,2.6973002e-08,1.6485814e-08,6.9592524e-08,1.6018825e-07,1.4991763e-06
ISIC_0034250,1,0.0039636465,0.9959974,1.15165705e-07,1.933946e-06,1.2247418e-05,2.0482887e-05,4.1507883e-06
ISIC_0033208,1,0.009203954,0.9907539,1.2365049e-05,1.5263098e-06,2.5026968e-05,1.9415097e-06,1.4088931e-06
ISIC_0029152,1,3.909504e-06,0.9999807,3.1030773e-08,4.7355197e-08,1.01424924e-07,1.8970385e-07,1.5041903e-05
ISIC_0032800,1,1.8416027e-05,0.9999763,6.380896e-08,8.728994e-07,1.9254337e-06,2.2791397e-08,2.5238608e-06
ISIC_0033341,1,1.7639446e-05,0.9996306,6.863483e-07,8.292453e-07,0.00029507582,4.3368598e-07,5.473873e-05
ISIC_0034302,1,6.9697023e-07,0.99999917,1.0758339e-08,2.2504558e-09,9.495854e-08,5.4461164e-09,4.478249e-08
ISIC_0033826,1,1.0615943e-05,0.9999542,8.063134e-09,2.2112265e-10,7.978014e-06,9.1900056e-08,2.7028476e-05
ISIC_0033421,1,0.0066920267,0.99327856,7.4296013e-06,5.924754e-07,1.1768367e-05,1.5731564e-06,8.06581e-06
ISIC_0033383,1,0.00053855125,0.9994381,8.216453e-06,1.0987309e-06,9.0568443e-07,1.5839585e-06,1.15892335e-05
ISIC_0033858,1,4.663399e-06,0.99999475,1.631394e-09,2.904819e-10,5.2673826e-08,1.048369e-08,5.2354983e-07
ISIC_0033025,1,5.9741433e-06,0.99999106,2.0680307e-07,5.991814e-08,2.106418e-06,6.6875906e-08,3.9959082e-07
ISIC_0033053,1,3.192664e-05,0.99996376,2.3338877e-07,6.4825327e-09,1.4821214e-06,1.9578112e-08,2.5608394e-06
ISIC_0032738,1,0.0005729663,0.9994203,1.9986142e-06,3.4222597e-07,2.3777313e-06,2.4480144e-07,1.8127491e-06
ISIC_0034080,1,0.9009846,0.097096466,0.0017470871,1.7260934e-05,1.0450571e-05,1.0325099e-06,0.0001431916
ISIC_0032789,1,0.00018038544,0.99981326,2.8034383e-06,5.8090468e-08,3.228427e-08,1.111984e-06,2.478425e-06
ISIC_0034045,1,9.676174e-05,0.999887,3.0916187e-06,4.094395e-09,1.1760739e-05,9.3544166e-08,1.27385e-06
ISIC_0033190,1,1.8619852e-07,0.9999989,1.902389e-09,3.5078106e-08,7.433883e-07,2.2118198e-09,8.3578875e-08
ISIC_0033535,1,0.003111615,0.9961547,5.0420276e-06,1.9678335e-08,0.0006991947,1.2836115e-06,2.8123566e-05
ISIC_0033735,1,0.0005540521,0.99928707,1.1285471e-07,1.483455e-06,0.00015035231,4.6387845e-06,2.3732007e-06
ISIC_0033982,1,2.786992e-06,0.99998057,2.9636773e-08,9.059764e-09,9.22301e-09,1.6349284e-05,2.8484845e-07
ISIC_0024725,1,0.008943245,0.9909854,8.202971e-08,6.7439987e-09,6.850359e-05,2.601441e-06,1.5516244e-07
ISIC_0031259,1,0.34091225,0.64707935,1.2862633e-06,2.0803672e-07,0.011935507,4.731475e-05,2.4096853e-05
ISIC_0027138,1,0.0010199314,0.9985549,7.8091625e-07,8.005333e-08,0.00028243847,2.2527213e-06,0.00013962782
ISIC_0024757,1,4.1578238e-05,0.5420245,6.106087e-07,1.0507041e-09,0.008148694,0.4478883,0.001896283
ISIC_0026391,1,0.008681554,0.99126,1.8938941e-07,3.4241e-10,1.9976067e-06,7.1676695e-08,5.610241e-05
ISIC_0025122,1,7.42497e-05,0.99958795,4.2791345e-07,7.0001227e-09,0.00031141983,5.2819473e-08,2.598993e-05
ISIC_0031216,1,0.06159147,0.9354515,0.00019667279,3.876312e-07,0.002696595,3.8914e-06,5.9527974e-05
ISIC_0031769,1,0.40226713,0.59764737,2.5543937e-05,5.3436083e-06,2.0140486e-05,7.789532e-06,2.6700032e-05
ISIC_0032379,1,0.6923219,0.30755132,6.0415296e-06,3.453138e-06,1.5096439e-06,0.0001012556,1.4581982e-05
ISIC_0029368,1,0.0058659916,0.99401736,1.7873217e-05,1.7270423e-06,3.4493543e-05,5.1886876e-05,1.0552734e-05
ISIC_0031359,1,5.491194e-07,0.9987834,0.0003048842,4.4176502e-07,0.0008972717,1.7279576e-06,1.16297215e-05
ISIC_0031454,1,4.622122e-05,0.99942917,0.00035879598,1.1817001e-06,0.00015641269,6.803111e-07,7.4550394e-06
ISIC_0030909,1,2.858733e-05,0.9999708,1.1896073e-08,8.189461e-10,8.345515e-08,4.738282e-08,4.7071626e-07
ISIC_0031323,1,0.00026736042,0.9997125,1.8575568e-06,1.3872717e-05,6.617763e-08,3.2109724e-06,1.1302639e-06
ISIC_0029143,1,6.220772e-07,0.99995756,1.0304796e-05,1.4318925e-07,2.7720427e-05,1.0055239e-06,2.7309213e-06
ISIC_0025652,1,1.173392e-06,0.99980086,1.5835323e-07,9.153042e-10,0.00012953063,7.147327e-08,6.8155976e-05
ISIC_0024830,1,6.864199e-08,0.99991846,8.787805e-06,1.7826848e-06,6.8783964e-05,1.6018853e-06,5.029632e-07
ISIC_0028380,1,0.00018294588,0.99981326,1.3863856e-08,7.3184125e-10,4.593873e-07,8.402076e-08,3.1688385e-06
ISIC_0030693,1,0.27429944,0.4606404,0.00021746776,0.0396109,0.22499347,0.00011127003,0.0001271665
ISIC_0029659,3,2.3635423e-09,7.8310447e-10,7.073144e-09,0.9999994,8.2712084e-08,4.5969415e-07,9.941379e-09
ISIC_0026575,3,0.0010245811,1.4942404e-05,0.0034726977,0.014423731,0.9810003,5.9000933e-05,4.720333e-06
ISIC_0030586,3,0.005439459,0.00011717625,0.008765097,0.00010278148,0.98555785,2.4230303e-06,1.5274598e-05
ISIC_0025178,3,9.325259e-06,3.0887463e-06,0.034312915,0.29015455,1.1391285e-07,0.6755164,3.630991e-06
ISIC_0028730,3,0.00016790471,0.040452212,0.01920462,0.93845403,0.00039452777,0.0013217112,4.9643736e-06
ISIC_0029041,3,0.00010533698,4.811276e-07,0.0001526235,0.76186067,0.237785,8.5128704e-05,1.0692719e-05
ISIC_0031040,3,0.0003277968,1.18713835e-07,0.0017967154,0.64443326,0.3519233,0.0014987979,2.0124138e-05
ISIC_0030242,3,1.4644407e-05,4.7355543e-06,2.5574005e-05,0.9988348,0.001118645,7.384673e-07,8.6330795e-07
ISIC_0031119,3,1.3452525e-07,2.1574647e-07,9.576906e-08,0.9999993,1.1033405e-07,1.8133315e-07,2.9393834e-09
ISIC_0026362,3,0.005534161,0.99087286,0.0001501979,5.99346e-06,0.0031567116,0.00026586742,1.4142002e-05
ISIC_0028158,3,0.0029965157,0.6576916,6.3664236e-05,0.3392295,5.829122e-06,9.3989826e-07,1.1928437e-05
ISIC_0030602,3,0.0037224763,0.093586355,1.7807639e-05,0.90102196,0.0012525547,0.0003967475,2.212445e-06
ISIC_0030076,3,0.13221055,2.6698056e-06,0.0005283645,0.84376997,0.0005284275,0.016547246,0.006412852
ISIC_0025539,3,0.005663412,0.0016805759,1.2378696e-05,0.30184624,0.6907807,3.287917e-06,1.34234615e-05
ISIC_0031043,3,0.11919448,0.79351604,0.038628377,0.043351553,0.0029968994,0.0021937161,0.00011895908
ISIC_0026327,3,0.0002247136,0.020537082,0.953935,0.025156897,4.2330016e-06,0.00013543003,6.6118396e-06
ISIC_0027958,3,8.1803835e-09,1.5460465e-06,3.936398e-07,0.99991214,8.5900734e-05,1.1292858e-08,4.4497526e-09
ISIC_0027896,3,6.0296684e-11,4.3836164e-07,7.662283e-08,0.9999962,3.2258263e-06,2.0704602e-09,8.2784657e-10
ISIC_0031940,3,4.223891e-05,0.0005382848,6.41171e-08,0.999419,1.6331565e-07,2.5662425e-07,5.9091327e-08
ISIC_0031044,3,2.6000814e-06,2.504967e-07,1.6639497e-07,0.9988481,4.306891e-05,0.0011048613,9.242741e-07
ISIC_0025712,3,6.1809194e-05,1.0699309e-05,0.0008282915,0.96762645,0.031471804,5.567213e-07,3.236509e-07
ISIC_0025358,3,2.817695e-10,9.054845e-07,9.576709e-11,0.99999356,5.309221e-06,1.954516e-07,6.1699525e-09
ISIC_0031609,3,0.2661246,0.7246203,0.00011466125,0.0045266724,0.0006573653,0.0039455253,1.0925156e-05
ISIC_0024707,3,0.00029916834,0.0010800449,0.0012658364,0.86144626,0.13590218,1.3055395e-06,5.130386e-06
ISIC_0029860,3,7.72651e-09,1.0301222e-08,4.6994366e-08,0.9999975,1.5956338e-06,8.039934e-07,1.3410595e-08
ISIC_0024517,3,0.3298466,0.079585105,0.58204657,0.0009898676,0.00011526797,0.007268921,0.0001476444
ISIC_0026466,3,2.3348068e-05,0.9896095,7.321333e-05,0.0072211605,0.0030672462,4.7426743e-06,7.8670047e-07
ISIC_0029932,3,1.0263954e-05,1.4323857e-05,1.3160734e-06,0.9982718,0.0013788939,0.00032218551,1.095063e-06
ISIC_0024575,3,0.0001329672,7.8279545e-06,3.5185003e-06,0.8383283,0.16150087,2.4227995e-05,2.2410854e-06
ISIC_0025089,3,0.003264639,0.0001972019,7.5582915e-07,0.16460896,0.8305128,0.0012830319,0.00013262685
ISIC_0027178,3,9.4675704e-07,6.66224e-05,3.378165e-09,0.0015656124,0.99835783,5.892125e-07,8.3531295e-06
ISIC_0028190,3,0.00012971518,1.9502262e-05,0.0041522933,0.9944689,2.1000295e-07,0.0012285492,8.0593156e-07
ISIC_0030953,3,0.01500305,0.0018298557,8.957738e-05,0.98299927,6.444883e-05,3.1416487e-06,1.06401085e-05
ISIC_0025196,3,7.733625e-06,2.4285114e-06,0.02374034,0.97484255,0.0011766887,0.00022618886,4.13251e-06
ISIC_0028644,3,0.061043322,0.9329553,0.00026885475,0.0056403037,3.611822e-05,4.5198485e-05,1.0941392e-05
ISIC_0032277,3,0.24800505,0.69630516,0.00018343654,0.00042684661,0.054990813,8.393085e-05,4.8338957e-06
ISIC_0025953,3,5.2787473e-05,0.00012496275,0.00064295914,0.99916756,7.909294e-06,1.8023542e-06,2.1085004e-06
ISIC_0027047,3,3.4762147e-06,0.07091756,0.030427229,0.8887725,0.0004399545,0.009431551,7.668886e-06
ISIC_0029210,3,3.2732863e-05,1.3140622e-05,1.5942214e-05,0.99990106,3.3173265e-07,3.5507404e-05,1.3060134e-06
ISIC_0024522,3,0.0036116259,0.08869962,0.819398,0.011312135,0.07631445,0.0006368944,2.7304213e-05
ISIC_0030387,3,0.004674065,0.0016136541,0.86374825,6.378094e-05,0.12975624,6.531694e-05,7.88183e-05
ISIC_0028558,3,4.0255654e-06,6.3577815e-08,1.17349394e-07,0.99999213,3.1423097e-06,5.2532044e-07,4.2224086e-09
ISIC_0027529,3,0.07812091,0.043087408,6.895371e-05,0.11297922,0.7538584,0.011696587,0.00018853026
ISIC_0024463,3,0.0030647987,0.00011123983,0.000106026615,0.0058202716,0.9889811,0.0018351134,8.143302e-05
ISIC_0028795,3,0.013387623,0.42048755,0.00014977173,0.29032803,0.27142587,0.0020233789,0.0021977902
ISIC_0026149,3,5.229574e-06,9.650923e-07,1.1444078e-08,0.9999521,2.6096277e-05,1.5473703e-05,1.5957842e-07
ISIC_0025992,3,5.6157187e-05,0.009123687,1.046818e-07,0.99014354,0.0006526308,1.7162618e-05,6.6944817e-06
ISIC_0029781,3,1.9750049e-05,2.188847e-07,4.6845383e-08,0.9999789,9.489149e-07,8.9514884e-08,1.4535125e-08
ISIC_0026709,3,1.5399437e-05,4.2381866e-06,8.5628216e-07,0.18963233,0.81034154,4.950923e-06,6.7766956e-07
ISIC_0026319,3,0.0001182314,0.002840489,0.0009841695,0.9952467,0.0007974679,7.1385602e-06,5.713277e-06
ISIC_0025319,3,2.1521534e-07,7.675202e-08,0.0070580062,0.9924419,0.00048542448,1.440886e-05,7.56824e-08
ISIC_0030549,3,0.0013795407,0.055169974,0.8380523,0.10516703,6.560846e-06,0.00021062962,1.4086068e-05
ISIC_0025790,3,0.042487085,0.079750516,0.11231692,0.7017498,0.06345346,1.6836872e-05,0.00022534188
ISIC_0024923,3,0.00040574346,0.0024544676,0.26880205,0.7278988,0.00031942895,0.000105620165,1.3834201e-05
ISIC_0025803,3,0.0002834683,0.0003876713,0.0029126415,0.9689469,0.02745855,9.845617e-06,1.0753766e-06
ISIC_0025471,3,0.08015957,2.8912245e-05,0.0009890383,0.9182022,0.00019131353,0.00042869349,2.0090378e-07
ISIC_0027930,3,0.9932719,0.006676625,3.9433544e-05,1.1630439e-05,3.5055026e-09,3.7994903e-07,1.0524374e-07
ISIC_0024329,3,8.523637e-05,0.0789911,0.045195818,0.73722476,0.13821448,9.4961215e-06,0.00027908644
ISIC_0029460,3,0.00020663926,0.019550018,0.0019884605,0.13630098,0.8399903,0.001256771,0.0007067695
ISIC_0026848,3,7.504905e-07,5.6944412e-08,1.6197802e-06,0.9999583,2.855584e-06,3.6174282e-05,2.6902677e-07
ISIC_0027668,3,0.5340056,0.4652707,2.7110025e-05,0.00052246795,0.00015997028,1.2826958e-06,1.2880092e-05
ISIC_0030463,3,9.041677e-07,3.6420326e-05,9.089664e-08,0.99996006,9.1355366e-07,1.0134419e-06,5.8088557e-07
ISIC_0026468,3,0.00010211461,0.02607686,0.8773296,0.05730649,1.7893279e-05,0.03916097,6.104841e-06
ISIC_0026984,3,0.80122256,0.14773162,0.0005353026,0.050151013,0.0002015922,0.00014038965,1.749576e-05
ISIC_0026857,3,0.017723065,0.008719831,0.0012440999,0.9722707,6.1095575e-06,2.7210841e-05,9.007065e-06
ISIC_0030825,3,0.018541124,0.013403282,0.13880105,0.8271832,3.299281e-05,0.0017015376,0.00033673854
ISIC_0033866,3,9.947669e-07,2.7965216e-05,0.00024486473,7.944031e-05,0.99964094,5.446464e-06,3.9217267e-07
ISIC_0028820,3,6.622919e-05,8.809753e-05,2.3364257e-05,0.99971443,0.00010381732,3.4065363e-06,6.004716e-07
ISIC_0025368,3,0.014103036,0.0001786571,0.0007760048,0.9805355,0.0040431493,0.00035835928,5.336534e-06
ISIC_0026765,3,7.93194e-12,2.7816735e-14,2.2479993e-09,1.0,3.6343725e-10,2.1669751e-12,3.6657476e-11
ISIC_0030133,3,1.4040455e-09,3.696975e-08,3.7466253e-07,0.9986078,0.001388797,1.8099926e-06,1.079428e-06
ISIC_0033811,3,6.213361e-05,8.678415e-05,1.6866801e-07,1.8617557e-05,0.99982125,1.0222625e-05,8.4774524e-07
ISIC_0026650,3,2.2880788e-07,7.64834e-06,1.0323227e-05,0.9991794,0.000794136,4.816173e-06,3.3160914e-06
ISIC_0033358,3,0.00048600155,0.0006685752,1.4021294e-06,0.175973,0.8228581,7.4053264e-06,5.472252e-06
ISIC_0033151,3,0.0015700185,0.0010281503,4.5137855e-07,0.00037764915,0.99702185,8.680824e-07,1.0087272e-06
ISIC_0028619,3,1.6755308e-09,5.4340788e-08,9.445229e-09,1.0880359e-05,0.9999889,1.8552754e-07,6.360799e-10
ISIC_0032854,3,4.287183e-08,7.2404355e-08,1.3133337e-05,0.009198746,0.99078697,7.58356e-07,3.287901e-07
ISIC_0032258,0,5.913184e-05,0.9702298,0.0013634005,5.205478e-07,0.027882768,2.8303828e-05,0.00043597116
