image_id,label,prob_MEL,prob_NV,prob_BCC,prob_AKIEC,prob_BKL,prob_DF,prob_VASC
ISIC_0026769,4,0.00040634026,0.005272431,0.010253884,0.19449107,0.7888682,0.00013862255,0.00056945055
ISIC_0025661,4,0.00056075864,0.2235941,0.015375935,0.038028177,0.7209223,9.475097e-05,0.0014239557
ISIC_0025276,4,0.30684823,0.5243085,0.00012291071,0.0012104549,0.1484079,1.9687046e-05,0.01908228
ISIC_0031326,4,0.0012982695,0.0002553463,0.0012005495,0.0016270016,0.995583,3.886169e-06,3.1972533e-05
ISIC_0024832,4,7.747218e-06,0.0018491194,0.093850255,0.0003562451,0.90390664,3.139597e-06,2.679777e-05
ISIC_0026958,4,0.0052286247,0.0035058227,0.292769,0.016089689,0.6820447,0.00032093204,4.123288e-05
ISIC_0030768,4,2.0109817e-06,0.8012901,4.204307e-05,7.0567876e-05,0.19858567,8.939619e-06,6.755721e-07
ISIC_0029837,4,0.00038510928,0.9047636,0.008048177,2.4001893e-05,0.08659592,0.00014056229,4.258137e-05
ISIC_0028774,4,4.4090595e-07,0.00014409305,4.586417e-06,0.032576665,0.9672152,4.3923144e-05,1.511221e-05
ISIC_0030565,4,0.016607976,1.9427718e-05,1.9471865e-05,0.68919957,0.2871558,3.7447262e-05,0.0069603072
ISIC_0026153,4,0.00035057924,0.0056386217,0.000119423756,1.5353973e-05,0.99384946,2.5483154e-05,1.0548894e-06
ISIC_0025876,4,1.306848e-07,1.0861374e-08,2.3712123e-07,1.5615994e-08,0.99999964,3.2292615e-09,6.0357594e-09
ISIC_0025063,4,0.5753705,0.0006310323,1.4163847e-05,0.1248073,0.20335023,0.09575511,7.1728624e-05
ISIC_0032949,4,0.025281914,0.4199691,1.4144438e-06,2.951866e-05,0.5546385,7.751951e-06,7.18687e-05
ISIC_0033322,4,5.6245663e-05,0.0013966082,9.388425e-09,7.6410606e-07,0.99854505,2.3382702e-09,1.3159616e-06
ISIC_0033127,4,0.07113535,0.0001920632,5.7852975e-07,6.8964387e-06,0.92865616,3.0436289e-07,8.624027e-06
ISIC_0032829,4,2.7530098e-06,1.0832131e-06,8.247424e-08,6.348099e-08,0.9999958,5.58994e-10,1.10200126e-07
ISIC_0033601,4,8.71102e-06,4.265763e-07,1.1712001e-07,3.766587e-09,0.9999906,2.1240847e-09,1.1828843e-07
ISIC_0033284,4,7.2411153e-06,0.0021873452,1.1109392e-07,3.3784386e-10,0.9978052,1.5137675e-07,2.5903017e-08
ISIC_0033908,4,3.564526e-05,2.4657642e-05,8.275572e-08,1.7536478e-10,0.9999393,2.8877255e-07,2.3491994e-08
ISIC_0033437,4,0.9689024,0.0074079405,2.8985545e-07,2.067507e-07,0.023409935,0.00027820698,9.633326e-07
ISIC_0033195,4,0.3947848,0.5213889,1.7352697e-06,0.00020716278,0.07896762,0.00463753,1.2256729e-05
ISIC_0032553,4,0.17064671,0.01134202,1.5744273e-06,3.337673e-05,0.8179442,7.19774e-06,2.4877323e-05
ISIC_0033736,4,3.1882773e-05,4.202341e-09,8.6162545e-06,7.2820176e-06,0.9999012,5.079348e-05,3.7092607e-07
ISIC_0033378,4,0.0020786084,4.3309e-06,0.0018386572,0.00090367766,0.9840216,0.011149755,3.4200598e-06
ISIC_0033379,4,0.006976877,0.0546409,0.00030539613,0.00044566905,0.9371848,8.47036e-05,0.00036174632
ISIC_0033438,4,5.3272146e-08,3.0064708e-08,5.0746746e-10,1.0266108e-10,1.0,1.8632091e-09,1.0813395e-09
ISIC_0032983,4,0.00010157846,9.0670466e-05,1.758806e-08,3.7263906e-08,0.99980086,6.8798995e-06,1.0757642e-08
ISIC_0034024,4,1.1097024e-07,7.443315e-06,3.571614e-08,4.2645765e-10,0.9999924,1.910916e-08,1.0947754e-08
ISIC_0033952,4,0.0029772213,5.5253422e-05,6.501286e-07,3.3600292e-05,0.99692816,3.3566548e-06,1.7513408e-06
ISIC_0034189,4,0.0020653575,1.5132058e-05,5.433322e-09,9.935333e-06,0.9979087,7.4117116e-07,1.3251525e-07
ISIC_0033306,4,0.45554268,0.0005592945,5.6436096e-07,4.8532744e-05,0.5438479,7.776729e-07,2.2870846e-07
ISIC_0033235,4,0.004016844,0.008634562,2.6794285e-05,0.0032292274,0.9830084,3.0313155e-05,0.0010539322
ISIC_0026085,4,0.005603134,1.2510851e-05,4.972248e-07,2.9819963e-05,0.9943355,3.869775e-06,1.4631549e-05
ISIC_0032654,4,0.0004841898,5.136491e-05,0.00023287913,1.6656268e-06,0.99922895,1.3417662e-07,8.446372e-07
ISIC_0032576,4,0.9748819,0.00031815877,0.0005475686,4.0680877e-07,0.024245296,5.2590995e-06,1.4701167e-06
ISIC_0032898,4,0.00020825991,0.022636738,0.00014624714,5.8634355e-06,0.976985,1.0490773e-05,7.4866994e-06
ISIC_0033488,4,3.2754355e-07,5.692652e-06,3.598112e-06,5.522213e-10,0.9999901,6.1834825e-08,2.5400269e-07
ISIC_0033758,4,1.0529762e-06,0.9478003,1.7247e-05,2.5815907e-09,0.052156813,8.046403e-06,1.651895e-05
ISIC_0032215,4,0.0053946595,0.00013888675,1.5382454e-06,4.0224368e-06,0.994456,1.2753937e-06,3.6241122e-06
ISIC_0025157,4,1.1563372e-05,4.5607234e-05,4.3710666e-06,0.0006093699,0.9993242,1.0205657e-06,3.865919e-06
ISIC_0027513,4,6.78795e-07,7.558148e-05,6.5276207e-09,1.275699e-07,0.9999161,6.25604e-06,1.1554635e-06
ISIC_0027218,4,5.3508113e-05,0.034225427,1.5317556e-09,4.3574552e-08,0.96572053,7.891908e-09,4.9499323e-07
ISIC_0030272,4,0.0005257176,0.00037190755,7.1918157e-07,1.4645757e-05,0.99889165,8.8790905e-05,0.00010656311
ISIC_0027713,4,0.17596976,0.78103876,0.000101336926,0.016956465,0.024539586,5.6948553e-05,0.0013370563
ISIC_0026060,4,1.1367193e-06,3.6208655e-07,2.8757788e-07,4.3580344e-06,0.99999356,2.1698122e-07,4.27338e-08
ISIC_0027139,4,1.56926e-07,0.9990491,0.0005331771,5.6783883e-05,0.00035439097,5.6128806e-07,5.7158363e-06
ISIC_0027739,4,2.2765931e-05,0.0011974735,1.5150091e-06,1.6576938e-06,0.99853253,9.216509e-07,0.00024309815
ISIC_0024672,4,0.7573114,0.23215401,1.4376417e-05,0.00019110367,0.010255327,4.6951547e-05,2.6907037e-05
ISIC_0029003,4,0.30885074,0.59548396,0.0011923219,0.038291242,0.055912375,0.00020331024,6.610329e-05
ISIC_0024711,4,0.6473705,0.35172987,0.00045495763,0.00029810966,0.00012330027,1.2881794e-06,2.1991502e-05
ISIC_0028120,4,0.8195366,0.17321666,4.5387952e-07,2.2577221e-07,0.005958373,0.0008501729,0.00043738616
ISIC_0027781,4,0.11983754,0.8783637,0.0009483442,0.00026681507,0.00022614947,0.00025086667,0.00010654098
ISIC_0024890,4,0.98458046,0.0033633492,0.00031269493,0.00039585837,0.010930345,0.00038528218,3.2077696e-05
ISIC_0028336,4,0.0004625,0.0031924648,0.00086206204,3.5607166e-06,0.9954685,4.410841e-06,6.568738e-06
ISIC_0024708,4,0.98125225,0.0039524497,8.615841e-06,0.0012583719,0.013447567,1.4912848e-06,7.9239995e-05
ISIC_0027796,4,4.4820413e-07,0.99996483,7.881737e-10,2.156147e-06,3.2344597e-05,3.2007534e-08,1.9335035e-07
ISIC_0029340,4,6.963853e-06,0.24504575,0.0007358277,0.005232867,0.7486135,8.3617454e-07,0.00036422294
ISIC_0031542,4,0.005774994,0.10333083,0.0161764,0.15565884,0.7179876,9.449025e-05,0.0009768648
ISIC_0026728,4,0.003044568,0.013528569,0.87611973,0.052071173,0.022405557,0.00017583836,0.03265465
ISIC_0031812,4,0.06862655,0.0033847194,8.4599344e-07,2.2819702e-06,0.9279706,2.494516e-07,1.479966e-05
ISIC_0030465,4,0.055983007,0.011363823,7.5647775e-05,4.6261222e-05,0.932421,3.677483e-05,7.335426e-05
ISIC_0025032,4,0.15338258,0.02181608,6.820137e-07,6.0710314e-05,0.8247325,6.653022e-06,7.795737e-07
ISIC_0026301,4,0.68941224,0.31057447,6.1549645e-07,1.21465855e-05,3.4910745e-08,5.1278755e-07,6.2616984e-08
ISIC_0030227,4,0.9016374,0.09678629,0.0012067421,0.00032387514,3.8550912e-05,5.199057e-07,6.6205157e-06
ISIC_0027295,4,1.694551e-05,9.252839e-05,1.3292693e-05,0.010283428,0.9895873,4.7141098e-06,1.66409e-06
ISIC_0028846,4,5.446779e-06,2.597958e-05,8.861254e-06,0.00026466892,0.9996941,1.16717715e-07,7.6773773e-07
ISIC_0026159,4,2.3590152e-05,0.000486488,3.3273158e-05,0.006316241,0.99312955,5.9281288e-06,5.00082e-06
ISIC_0029100,4,0.00078110205,7.0543473e-07,5.703818e-09,4.0789383e-10,0.9992182,5.7695477e-08,3.4043857e-09
ISIC_0026923,4,1.7696185e-09,2.3070683e-08,1.4774871e-08,0.9989003,0.0010993914,1.3746178e-09,2.6702995e-07
ISIC_0024445,4,0.00019067424,0.9987716,8.120268e-08,1.3511914e-07,0.00095174013,6.768772e-05,1.7984876e-05
ISIC_0025297,4,0.03173705,2.7845264e-05,0.00015807207,1.3601768e-05,0.9680416,1.8372923e-05,3.520557e-06
ISIC_0024676,4,0.23223281,0.0023532887,0.021402145,0.00018746055,0.7438051,4.611953e-06,1.4537095e-05
ISIC_0026443,4,5.6729937e-07,0.065379634,0.00017052914,0.004125497,0.9302756,4.416398e-06,4.367288e-05
ISIC_0027996,4,0.0010109897,0.0016348521,0.008688864,0.018285796,0.9703654,2.3139737e-06,1.17267555e-05
ISIC_0029051,4,4.994257e-05,0.054022226,4.7958056e-06,9.266365e-06,0.94582754,7.045772e-05,1.5686319e-05
ISIC_0030208,4,6.136049e-05,0.00012704494,0.0002641266,0.007435881,0.99211055,1.1460714e-07,9.274891e-07
ISIC_0028254,4,0.2863412,0.19077484,0.0017333026,0.29899728,0.21397816,0.0062524094,0.001922815
ISIC_0031591,4,0.30403706,0.039353844,0.0007289592,0.026630465,0.6292114,2.1707006e-05,1.653525e-05
ISIC_0030007,4,0.0019168037,8.2531355e-05,7.605787e-08,0.040638816,0.95731485,4.227584e-05,4.7677804e-06
ISIC_0030812,4,3.2255862e-06,2.1506912e-05,0.99970335,0.0002716721,6.022442e-08,3.4050007e-08,6.5332976e-08
ISIC_0029802,4,2.0242427e-05,2.2214564e-08,0.9999703,6.9212524e-06,2.3286195e-06,1.0446693e-07,1.7332371e-07
ISIC_0029789,4,0.857753,9.823809e-05,1.1810405e-05,0.0063747894,0.13575868,4.846299e-07,3.0193908e-06
ISIC_0030026,4,0.014371133,0.18800226,0.005997356,0.0011651091,0.78603524,0.00045512684,0.003973829
ISIC_0027754,4,0.08211719,6.814619e-06,0.0002882777,7.367472e-05,0.91751343,8.050677e-08,4.5864752e-07
ISIC_0026286,4,4.2347317e-08,0.0053972807,4.5546894e-05,0.0004179977,0.994134,1.9795955e-06,3.193347e-06
ISIC_0024880,4,8.711709e-07,0.027462743,1.732318e-05,0.00041068267,0.9720794,3.2834782e-06,2.5650466e-05
ISIC_0026679,4,0.0008844371,0.0017097695,5.1618706e-05,0.00016056768,0.99711204,7.5155636e-05,6.4276514e-06
ISIC_0029420,4,0.008817833,0.25653976,6.9532257e-06,5.969562e-05,0.7345706,1.7808329e-06,3.338476e-06
ISIC_0026044,4,0.00022339179,0.999742,1.31255e-06,9.774293e-08,2.796531e-06,7.655772e-06,2.2784441e-05
ISIC_0030346,4,0.6637326,0.049675588,0.0016004146,0.008939183,0.2727313,0.0012498169,0.0020711222
ISIC_0026526,4,0.03900023,0.2162138,0.0064077214,0.032359045,0.6994017,0.00093098666,0.005686632
ISIC_0024547,4,0.98903114,0.0109604625,1.728793e-07,6.933348e-06,6.702107e-09,9.058123e-07,4.5992763e-07
ISIC_0027760,4,0.0008579667,0.0008914443,9.859971e-08,7.163561e-06,0.99821705,1.4429722e-05,1.184722e-05
ISIC_0026538,4,0.0005220556,0.062600575,5.877073e-07,0.00029293814,0.93449455,0.0016731657,0.00041618195
ISIC_0024893,4,6.51341e-05,1.9958852e-05,1.0305284e-06,6.060814e-06,0.9998604,2.795995e-08,4.7353908e-05
ISIC_0025716,4,0.963178,1.092718e-06,1.4509714e-05,0.024525868,0.01225627,4.3552413e-07,2.383371e-05
ISIC_0028750,4,0.0025097071,0.7970913,7.662134e-06,0.0035248979,0.1959927,0.00034031968,0.0005333221
ISIC_0030758,4,3.1716194e-05,0.0002642604,0.00013780722,7.753271e-06,0.9980786,6.676682e-05,0.001413108
ISIC_0028550,4,0.7462618,0.0013700117,0.0006296779,0.014861979,0.0005569791,0.23571181,0.00060776947
ISIC_0024477,4,0.5568999,0.0021426722,0.010385618,0.011507543,0.0053369957,0.41110462,0.0026226507
ISIC_0026493,4,0.29199067,0.049910434,9.9307006e-05,0.010762273,0.010972675,0.58767587,0.048588805
ISIC_0030876,4,0.00012621073,0.00043050764,0.001226242,0.96211493,0.027245892,3.228324e-08,0.0088562025
ISIC_0024982,4,0.0001322055,0.00027103536,5.349053e-05,0.9206181,0.011873118,4.449093e-05,0.06700759
ISIC_0024696,4,0.8480179,0.08979105,0.057159174,0.0003703548,0.004126607,9.075181e-05,0.0004442486
ISIC_0031352,4,2.1211929e-07,6.570265e-06,8.651854e-07,0.0002972353,0.99969435,7.1931555e-07,8.8927564e-08
ISIC_0026365,4,0.08924624,0.8291285,0.00041363025,2.0389556e-05,0.08110664,3.3586442e-05,5.1068942e-05
ISIC_0024495,4,0.018830946,0.9803269,4.5317743e-06,3.1051866e-05,0.000631401,0.00015254921,2.2613947e-05
ISIC_0031138,4,0.0055672443,0.90556645,0.0017129057,0.031395726,0.05341529,0.000191781,0.0021504492
ISIC_0028710,4,0.0014094823,0.80180407,8.917956e-05,0.040684026,0.1549703,5.7805523e-06,0.0010372044
ISIC_0027893,4,0.1039277,0.61313796,0.00012931152,0.0025499887,0.28011352,2.9298313e-05,0.00011210078
ISIC_0027064,4,0.0026143375,0.002631517,4.745063e-05,0.8609475,0.097566284,0.034058895,0.0021340365
ISIC_0030231,4,0.004208951,0.010283431,0.000765826,0.0048689744,0.9797941,1.4661918e-05,6.410686e-05
ISIC_0030988,4,0.0043155462,0.02012315,0.0029261762,0.13700506,0.835072,6.331843e-05,0.00049479486
ISIC_0024336,4,0.005460524,0.0012503617,1.234036e-05,9.965677e-05,0.99316734,4.7724975e-06,5.004664e-06
ISIC_0028995,4,0.0011736699,0.9988194,2.0056685e-08,2.9515974e-09,1.6204692e-06,2.528347e-06,2.757697e-06
ISIC_0026142,4,0.0005265658,0.997554,0.00024125463,1.4374114e-05,0.0014968105,4.4806156e-06,0.00016244593
ISIC_0031951,4,0.007952181,0.31696707,0.00015391281,0.0025549398,0.6720909,0.00010457605,0.00017653362
ISIC_0024851,4,0.8431242,0.13600148,2.4537738e-05,4.573541e-05,0.02076775,2.0414502e-07,3.602166e-05
ISIC_0024446,4,0.00014257479,0.0076719127,7.780675e-07,0.12590398,0.8662539,1.1443021e-05,1.5360352e-05
ISIC_0026139,4,0.011722899,0.010686788,5.677829e-06,0.0018810979,0.97568953,4.101182e-06,9.963855e-06
ISIC_0027967,4,0.0012909062,0.32582778,0.03293445,0.62536144,0.008176226,0.00011989722,0.00628926
ISIC_0024338,4,6.0476314e-06,0.003475734,5.2307196e-06,6.3131156e-05,0.99644107,2.4548556e-06,6.2423483e-06
ISIC_0030935,4,0.7618004,0.21399362,0.00061570253,0.0005581924,0.023007518,7.751378e-06,1.684964e-05
ISIC_0029213,4,0.1807149,0.31577498,2.2467637e-05,0.00013969172,0.5032899,5.9435515e-06,5.2082825e-05
ISIC_0032040,4,0.018963035,0.0009367418,2.1070912e-06,3.0174572e-06,0.980082,4.3092086e-07,1.2735033e-05
ISIC_0025292,4,1.7772327e-06,6.115212e-07,1.0603635e-05,7.197675e-08,0.9999863,4.5544947e-08,5.596424e-07
ISIC_0024312,4,0.008988611,0.12152511,0.30860606,0.18270867,0.37742305,0.000536291,0.00021223254
ISIC_0030976,4,3.3750497e-05,0.0013857759,0.094552055,0.00025487307,7.824116e-06,0.00028489306,0.9034808
ISIC_0028376,4,3.5167053e-11,1.6977643e-11,1.3342048e-12,5.54734e-10,1.0,5.9315524e-13,1.8982786e-11
ISIC_0026576,4,0.0015470836,8.405566e-05,5.227603e-05,0.021175515,0.9770567,1.8807348e-05,6.558165e-05
ISIC_0026409,4,0.7045117,6.529137e-06,0.0030147412,0.27604038,0.012489749,0.00034106235,0.0035959193
ISIC_0025345,4,0.9406377,1.3093149e-05,5.543346e-05,0.0014512878,0.046681512,0.011136269,2.4652367e-05
ISIC_0032303,4,0.8686518,2.3684017e-05,0.00015018819,0.012026384,0.112961985,0.006135348,5.0577437e-05
ISIC_0032103,4,0.8589415,4.7131166e-06,0.009500591,0.09459605,0.007708711,0.026217328,0.003031091
ISIC_0024825,4,0.071987875,1.34108905e-05,0.00036486756,0.0030106471,0.9239628,0.0005386305,0.00012184217
ISIC_0024881,4,0.14800471,1.2391448e-05,0.086153015,0.4299826,0.0005268149,0.0018997729,0.3334207
ISIC_0027094,4,2.6632404e-05,0.00010382493,1.0593547e-07,1.0542771e-05,0.9998555,3.0677058e-06,4.0284968e-07
ISIC_0028628,4,0.08174207,0.013817674,0.027362134,0.85710555,0.019919347,1.6314272e-05,3.6936526e-05
ISIC_0026539,4,0.0005361448,0.0002691092,4.7620856e-06,0.002446531,0.995145,3.0724073e-05,0.001567688
ISIC_0029764,4,0.0028758328,0.00041088247,0.007771212,0.0080981245,0.7116329,4.9253333e-05,0.26916176
ISIC_0027859,4,0.9399464,0.0039509903,0.00023680374,0.049598273,0.0021730808,0.0033225727,0.0007718847
ISIC_0029329,4,0.0010460835,0.035107285,0.96176606,1.9735555e-07,0.0020479425,1.1343292e-06,3.144204e-05
ISIC_0028343,4,0.056215327,0.37286147,0.00034382907,0.0005607634,0.5694225,0.0004953679,0.000100734585
ISIC_0027239,4,0.0005690383,1.3508275e-06,6.032247e-05,0.9976017,0.001168423,0.00041044244,0.00018866987
ISIC_0030700,4,6.96851e-05,0.00023167238,3.6691952e-05,0.99938846,0.000106356034,0.0001003011,6.682124e-05
ISIC_0028622,4,0.012280931,1.7213026e-07,1.4158131e-05,9.840675e-06,0.98768044,9.800163e-09,1.4431194e-05
ISIC_0031872,4,0.017087908,0.0013151448,0.41534403,0.0003245709,0.56580293,9.559154e-05,2.9806675e-05
ISIC_0026280,4,0.000470443,3.5703895e-05,4.99335e-08,2.1743558e-07,0.9994935,3.2172597e-08,9.208084e-08
ISIC_0027811,4,0.0007650222,0.00013461117,1.073552e-07,1.949275e-06,0.9990983,5.1892894e-08,5.3786206e-08
ISIC_0029232,4,1.509149e-09,1.4842555e-10,1.393162e-10,2.2242621e-11,1.0,4.974232e-11,5.628006e-10
ISIC_0025470,4,4.6443587e-09,1.9791235e-10,1.8575901e-11,1.4771596e-12,1.0,7.137892e-12,2.1171144e-10
ISIC_0029070,4,0.016457131,0.12121482,9.19289e-05,0.05062524,0.80893964,0.0012435043,0.0014277155
ISIC_0028822,4,0.004889814,0.14159171,0.0007677688,0.0809383,0.7714092,0.00033147738,7.1639035e-05
ISIC_0028876,4,7.20398e-05,4.5226734e-05,8.9719293e-07,2.296711e-06,0.999879,9.432314e-08,4.8308164e-07
ISIC_0029527,4,0.0017997138,0.003541732,0.0002248644,0.0022877066,0.99206936,1.26871555e-05,6.388431e-05
ISIC_0031987,4,1.1502867e-05,0.007557227,0.00028426907,0.00026080775,0.99176675,2.1380452e-05,9.810651e-05
ISIC_0028623,4,4.898677e-05,0.0009846493,8.7579565e-07,6.9270834e-07,0.9989567,3.9384595e-08,8.113846e-06
ISIC_0025515,4,0.00016655156,0.0007934532,1.3449268e-07,1.118203e-06,0.9990251,5.0415374e-06,8.674611e-06
ISIC_0029823,4,6.427362e-05,0.00014868166,2.5703562e-08,4.4454715e-09,0.9997832,3.2534704e-08,3.7361176e-06
ISIC_0024782,4,0.0010057767,0.0010864588,1.5764199e-07,7.1476505e-05,0.99782026,1.1169418e-06,1.4809393e-05
ISIC_0029872,4,0.010492267,0.00011162316,0.021834202,0.00033578585,0.96713156,7.948073e-05,1.50537e-05
ISIC_0029235,4,4.1361014e-05,7.134366e-07,3.060747e-08,3.7404135e-07,0.9999573,6.047272e-08,8.016027e-08
ISIC_0029320,4,1.2719589e-05,0.0024104407,1.2608947e-07,7.694578e-06,0.9975656,7.9953475e-07,2.5800045e-06
ISIC_0029427,4,4.402033e-06,0.04630491,1.7453377e-06,4.1481017e-06,0.953514,1.2189877e-05,0.00015847334
ISIC_0028309,4,0.001326078,0.99284136,2.1322478e-06,2.1698688e-07,0.0058207256,4.2880206e-06,5.2566893e-06
ISIC_0027905,4,5.3845e-06,0.9995658,1.1759781e-06,4.1127357e-10,0.0004201227,6.8667014e-06,6.4108696e-07
ISIC_0027831,4,0.18313904,0.0006344526,7.258456e-06,1.0227029e-05,0.81620276,6.1904307e-06,1.6601022e-07
ISIC_0026717,4,0.3450716,0.07093651,0.0051174797,6.9235095e-05,0.578192,0.0005659868,4.7236663e-05
ISIC_0027463,4,2.589853e-05,2.0444171e-05,1.1621851e-05,2.0707718e-07,0.99994147,7.757785e-08,3.0347388e-07
ISIC_0025810,4,1.376557e-07,5.151145e-07,1.1441737e-08,8.976287e-09,0.9999994,9.333684e-09,4.4805977e-09
ISIC_0032170,4,5.4401607e-06,0.4937597,1.3463486e-07,8.7939725e-08,0.50619197,1.0031321e-06,4.1745727e-05
ISIC_0031428,4,0.29712504,0.24014665,1.4302775e-05,0.0034576843,0.45674706,0.0020381485,0.00047110126
ISIC_0032827,4,0.005389157,0.14957277,1.3786146e-05,0.00016144967,0.8111638,0.00062919344,0.033069827
ISIC_0033022,4,4.6746285e-05,1.3729889e-05,1.0870733e-06,2.906606e-07,0.99970704,6.3215966e-06,0.00022472245
ISIC_0032804,4,9.246501e-07,1.7015599e-06,3.4468056e-07,5.4503187e-07,0.99999607,7.665265e-08,3.4424167e-07
ISIC_0033924,4,1.2344974e-08,3.9528256e-08,3.5809435e-08,8.176495e-09,0.9999994,3.2052693e-08,4.6159593e-07
ISIC_0033531,4,1.1818714e-06,4.6343718e-08,1.4855739e-07,3.3913228e-08,0.99999833,1.00727284e-07,4.8369408e-08
ISIC_0034167,4,0.0007448229,0.00041532028,1.6589411e-06,3.1362575e-09,0.998838,3.1213578e-08,2.8112993e-07
ISIC_0033949,4,4.286656e-06,1.4887088e-07,7.368846e-07,1.9172134e-08,0.99999404,2.5285456e-08,6.678895e-07
ISIC_0033553,4,1.6016867e-05,0.0028060742,2.2809944e-08,6.174048e-07,0.9971089,5.1168064e-07,6.783776e-05
ISIC_0033401,4,2.6510397e-05,0.061663043,7.924458e-07,5.138035e-06,0.93765944,6.618375e-05,0.00057891605
ISIC_0033169,4,0.0047229338,0.00050151796,8.064437e-06,7.594123e-06,0.99475586,1.0099045e-06,2.9325793e-06
ISIC_0033490,4,1.6131256e-07,1.9831539e-06,1.0627953e-08,5.7006434e-07,0.99999726,4.9648112e-09,1.4740705e-07
ISIC_0031601,4,3.8491734e-07,1.6898537e-05,1.0155559e-07,1.8615827e-08,0.9999826,7.3708204e-09,5.1717194e-08
ISIC_0029113,4,2.119469e-06,0.7846922,4.4860622e-05,1.5429821e-06,0.21413203,1.9505085e-06,0.0011252349
ISIC_0031897,4,2.0289846e-05,0.012324426,6.535609e-09,3.5553558e-07,0.9876452,2.8661907e-07,9.446748e-06
ISIC_0028681,4,2.1812344e-08,0.005638901,2.2786903e-06,1.8416615e-06,0.99433523,1.6709464e-05,4.9896116e-06
ISIC_0030959,4,7.151111e-06,0.00020090809,2.7236474e-06,1.1474324e-07,0.9997758,4.057526e-06,9.2360715e-06
ISIC_0026046,4,2.6739693e-08,1.1109221e-07,1.2578285e-08,3.563768e-08,0.999998,1.8286493e-09,1.9299557e-06
ISIC_0027875,4,1.8065512e-08,3.838572e-05,5.152986e-08,3.8458012e-07,0.99996054,3.994019e-07,2.0454952e-07
ISIC_0026291,4,3.8412676e-07,2.4436107e-05,2.4103647e-07,6.3980997e-07,0.9999732,4.7286488e-07,7.4453976e-07
ISIC_0026907,4,2.6444664e-07,0.0368543,0.0003295509,2.688925e-05,0.96268225,6.193319e-05,4.480424e-05
ISIC_0030067,4,5.173522e-07,5.667812e-05,1.1363619e-06,8.93565e-09,0.9999348,5.864826e-06,9.881427e-07
ISIC_0031436,4,3.181263e-05,0.13968395,1.2863906e-06,8.7907e-06,0.8593328,0.0009360882,5.2455835e-06
ISIC_0031558,4,5.889086e-05,0.10978569,7.844121e-06,1.4848221e-07,0.8833411,0.00679622,1.0157767e-05
ISIC_0031577,4,2.8905133e-05,0.99839526,1.0626041e-07,2.3670128e-07,0.0015707779,1.3009399e-06,3.377092e-06
ISIC_0027710,4,4.1484148e-07,0.58247787,1.14859006e-07,1.6233182e-08,0.41726866,0.00025010068,2.8522418e-06
ISIC_0025131,4,1.4669108e-06,3.7110772e-06,2.5010907e-08,1.0880356e-07,0.9999944,2.874343e-08,3.5749423e-07
ISIC_0032359,4,1.5998705e-07,0.00053040497,7.54568e-06,2.2113431e-08,0.9994568,1.8253868e-07,4.9369255e-06
ISIC_0026262,4,6.797505e-05,0.9921715,4.227505e-06,0.0010310061,0.005745784,0.00020493026,0.00077446416
ISIC_0030583,4,2.8388927e-06,0.0018014279,1.1469633e-07,1.5330889e-09,0.9981926,1.183888e-06,1.7887076e-06
ISIC_0030789,4,5.277415e-07,1.8992961e-06,7.033812e-11,2.8199743e-10,0.9999974,1.9714356e-07,2.2804487e-08
ISIC_0030321,5,5.3176145e-06,0.8359663,0.025976816,1.249571e-05,9.276394e-06,0.1380236,6.286774e-06
ISIC_0029039,5,0.0013362676,0.9807014,0.0001923109,0.00045725456,0.015653506,0.0015594751,9.98202e-05
ISIC_0025504,5,0.0021667182,0.47744572,0.00060337427,0.0012770778,0.5173162,0.00081859226,0.00037231494
ISIC_0032138,5,1.0116198e-11,1.2532348e-07,5.481281e-09,0.9999732,1.5804814e-07,2.650054e-05,5.5913866e-08
ISIC_0025954,5,0.00017352059,0.6557983,0.00017454928,0.2792511,0.0051605287,0.05867284,0.00076919916
ISIC_0029783,5,7.6415475e-08,0.00089764956,0.0035029775,0.9955017,1.6422135e-05,4.383569e-05,3.743056e-05
ISIC_0029578,5,0.00032937402,0.9162163,5.0990195e-07,0.0011446594,1.11465646e-07,0.08230163,7.361649e-06
ISIC_0030011,5,0.13877952,0.04455901,0.00011864471,0.6996208,0.010789618,0.054079007,0.052053392
ISIC_0030427,5,0.12444743,0.00017792977,7.374312e-05,0.054542728,0.036547724,0.072961204,0.71124923
ISIC_0027626,5,0.014679069,0.00011302152,2.1792857e-05,0.085296534,0.0019939404,0.049293865,0.8486018
ISIC_0024973,5,0.95535463,0.014887395,0.00259994,0.0011391329,8.183325e-05,0.025846168,9.083262e-05
ISIC_0029891,5,0.09102843,0.2956122,0.18802135,0.106938936,0.31264466,0.0033924002,0.0023619945
ISIC_0026473,5,0.3708661,0.015041303,0.017226696,0.40784487,4.529965e-05,0.18596719,0.0030085645
ISIC_0032114,5,0.044187345,0.8790985,0.000226901,0.06700951,0.0074558253,0.0016524742,0.00036947275
ISIC_0026789,5,0.0008646674,0.00066943245,0.00049786863,0.9683498,1.5342162e-05,0.021466697,0.008136098
ISIC_0029962,5,4.028842e-05,0.08561682,3.8891208e-06,7.824361e-05,0.90995246,0.0042678392,4.042952e-05
ISIC_0031457,5,0.0471714,0.6480222,6.664037e-06,0.031233072,0.012882267,0.26023498,0.00044950342
ISIC_0031372,5,4.4905096e-07,8.437421e-07,2.3031347e-07,5.2527465e-11,3.417672e-09,0.99999845,4.310862e-08
ISIC_0026313,5,4.655495e-07,1.0869442e-06,1.9486106e-09,1.3721757e-08,1.2176099e-10,0.9999974,1.0941161e-06
ISIC_0027598,5,6.302242e-08,0.008334041,2.6826208e-09,2.6825658e-08,3.8247754e-06,0.99165934,2.7335634e-06
ISIC_0025314,5,2.7798636e-10,6.088033e-08,2.1271644e-09,1.8619212e-10,5.6528172e-08,0.9999994,3.5904242e-07
ISIC_0029297,5,1.914748e-09,1.3250157e-06,4.9707666e-07,1.11428264e-07,1.4425741e-06,0.99999523,1.3450592e-06
ISIC_0026531,0,0.99997294,2.1041092e-06,5.7971974e-09,2.2066848e-09,2.3617e-05,3.6446644e-07,8.9716434e-07
ISIC_0032396,0,0.31161305,0.6408781,2.4439328e-06,4.4455952e-05,0.038577605,5.013592e-06,0.008879315
ISIC_0030443,0,0.9986998,0.0012885226,3.940164e-09,6.5071777e-07,1.0763802e-05,1.4150483e-08,2.0138465e-07
ISIC_0031499,0,0.9690355,0.030878581,5.4861644e-06,5.935029e-05,1.8807226e-05,6.24111e-07,1.6907144e-06
ISIC_0029081,0,0.2861637,0.71382916,1.4719986e-06,3.1533344e-07,4.2312273e-08,6.017722e-08,5.2348832e-06
ISIC_0025744,0,0.62610245,0.37139517,0.00035556036,0.00046462243,0.00019057938,1.972235e-05,0.0014719323
ISIC_0030119,0,0.9981335,0.00071509683,5.971166e-08,0.00062464183,1.6758955e-06,3.733713e-05,0.00048776183
ISIC_0028215,0,0.9399964,0.05979293,2.0480675e-08,5.1949537e-06,8.4103216e-05,2.0220954e-05,0.000101059355
ISIC_0032400,0,0.9930802,0.0068937535,9.3314945e-08,9.573419e-07,4.0073105e-06,1.8669737e-06,1.9029732e-05
ISIC_0024545,0,0.9999876,1.2049641e-08,1.6693116e-09,1.6391214e-08,1.7493634e-09,4.911171e-10,1.2452649e-05
ISIC_0026892,0,0.003172285,0.8960595,0.10022832,4.792131e-07,0.0004851032,4.2275857e-05,1.2054802e-05
ISIC_0024987,0,0.290749,0.69463384,0.0005022135,1.8572864e-06,0.014106353,3.9643614e-06,2.7622548e-06
ISIC_0029913,0,0.11230366,0.85650194,1.9421259e-07,2.2197898e-06,1.3537074e-05,0.014528088,0.016650276
ISIC_0026909,0,0.9521994,0.04610069,1.7103852e-05,2.9196553e-07,1.1621986e-07,0.0016746877,7.729576e-06
ISIC_0032308,0,0.9977864,0.0021905669,3.6584695e-06,1.568277e-05,5.119607e-08,2.9067949e-06,7.4194094e-07
ISIC_0030798,0,0.9943816,0.0055369684,4.9117643e-05,1.664973e-05,7.507556e-06,9.30903e-07,7.2793914e-06
ISIC_0026596,0,1.9313942e-05,0.99757725,2.4053613e-06,5.5772904e-07,0.0024002013,1.1312834e-07,1.1861924e-07
ISIC_0028056,0,0.032027453,0.82458174,7.338781e-05,0.0008700166,0.14244099,1.6070183e-07,6.1340934e-06
ISIC_0032244,0,0.99996245,3.677323e-05,2.697107e-09,2.736041e-08,4.673437e-07,7.817239e-09,2.0869892e-07
ISIC_0029651,0,0.99842775,0.0014877046,2.1295723e-06,5.1033444e-06,6.756969e-05,7.724125e-06,2.0317325e-06
ISIC_0032044,0,0.998109,0.00074198697,1.0031832e-05,1.0622376e-05,0.0010937516,1.5622223e-05,1.9028106e-05
ISIC_0027253,0,0.99900824,0.00016222415,1.1540895e-06,2.628015e-06,0.0008053204,3.5265447e-07,2.0107624e-05
ISIC_0032046,0,0.84868735,0.008739457,0.00010905614,8.544344e-07,0.14243273,8.000483e-06,2.2558492e-05
ISIC_0024624,0,0.054764453,0.0028342204,0.00012325401,0.00012728141,0.94198817,2.7425443e-05,0.00013530183
ISIC_0031941,0,0.9998265,3.72938e-06,8.464491e-05,7.425633e-08,8.396545e-05,5.0825168e-08,1.21647e-06
ISIC_0024315,0,0.99738866,0.002598191,1.3268331e-06,3.8984274e-07,9.754736e-06,3.2120113e-07,1.3598702e-06
ISIC_0025219,0,0.9998913,0.00010514687,2.1366607e-07,2.69038e-07,9.263722e-09,2.3069642e-06,6.9143096e-07
ISIC_0026458,0,0.9999937,6.1594505e-06,3.708104e-09,2.1502969e-10,1.3605805e-09,1.408779e-07,5.1400914e-08
ISIC_0027487,0,0.37994725,0.61544764,0.0023890124,0.00027256008,4.9759394e-05,0.001193663,0.0007000816
ISIC_0030089,0,7.240624e-05,0.50493073,0.49093592,1.5120086e-06,2.1878755e-07,0.00044217045,0.0036170112
ISIC_0027616,0,0.00078607065,0.9719224,0.0005620215,9.396503e-06,0.002606601,0.00012175927,0.023991682
ISIC_0027261,0,0.9749526,0.006355958,0.00019413038,0.017521037,5.0987805e-05,0.0008836159,4.1707885e-05
ISIC_0028505,0,0.5180986,0.19986254,0.0006813996,0.013207012,0.26385024,0.00191509,0.0023851665
ISIC_0024675,0,3.499222e-06,0.9999907,4.0820197e-07,7.958539e-08,3.821817e-06,5.825839e-07,8.388855e-07
ISIC_0025891,0,0.0010333173,0.99285537,1.0967661e-05,6.417555e-05,0.005828602,0.00011710805,9.055995e-05
ISIC_0027693,0,0.20146148,0.7984142,2.4870133e-06,3.9720246e-07,4.5133373e-07,0.00011797297,3.0930782e-06
ISIC_0029017,0,0.0053896806,0.994609,2.3880767e-07,1.1953599e-08,2.9890983e-09,9.5116724e-07,9.100279e-08
ISIC_0025927,0,0.97212243,1.3270886e-06,0.024558824,5.1113006e-05,1.8162129e-07,0.002562495,0.0007035496
ISIC_0031189,0,0.98362666,0.004039224,3.462159e-05,0.0025067017,0.009776721,1.8099685e-06,1.4236504e-05
ISIC_0032190,0,0.27256706,0.61279696,7.378212e-05,0.00024910015,0.114155054,7.4252407e-06,0.0001505458
ISIC_0031890,0,0.4448941,0.48986518,3.5962878e-06,0.00070067996,0.048870284,0.015595886,7.025511e-05
ISIC_0029242,0,0.7848192,0.013077151,5.7601245e-08,0.0038229371,0.00011892497,2.049248e-06,0.19815972
ISIC_0027263,0,0.9903364,1.8810251e-05,9.960224e-10,5.119507e-08,7.929523e-07,1.6912718e-06,0.009642244
ISIC_0028878,0,0.0028556539,0.030031739,0.008826041,0.00023741997,0.95766485,0.00023273483,0.00015160153
ISIC_0033312,0,0.96269494,0.037163384,0.00012244469,8.58304e-06,4.98354e-06,2.7038272e-06,2.9771247e-06
ISIC_0027721,0,0.98948425,0.0035690083,4.633905e-05,4.362053e-05,0.0068491083,1.0529477e-06,6.6109037e-06
ISIC_0026697,0,0.8173334,2.5987918e-05,0.00023776466,0.0014685954,0.18092239,6.671284e-06,5.2037826e-06
ISIC_0030552,0,5.5121604e-06,0.9998417,1.2124347e-08,3.6893148e-06,2.3095001e-06,6.845105e-05,7.834715e-05
ISIC_0030824,0,0.9998654,8.285203e-06,1.3691233e-06,4.8251008e-09,0.0001232804,1.6180826e-06,3.564118e-08
ISIC_0028325,0,0.9984993,0.0014491595,2.4564833e-05,1.7821998e-06,2.0995893e-05,2.4967298e-06,1.6898601e-06
ISIC_0024537,0,0.991804,0.0079944655,1.3045086e-06,3.4148871e-07,0.00019496234,3.138694e-06,1.7566409e-06
ISIC_0025489,0,0.2256427,0.7742275,2.3276135e-07,5.712623e-07,5.0694074e-05,1.951889e-06,7.639751e-05
ISIC_0025265,0,0.00010985237,0.99983203,1.1399483e-08,4.930715e-05,4.2937508e-08,5.3597e-06,3.281488e-06
ISIC_0027260,0,0.9997576,0.00023571223,4.2395576e-09,1.9185804e-09,6.390157e-06,8.388863e-08,1.8587754e-07
ISIC_0027604,0,0.53393215,0.45542204,2.757874e-06,5.6783087e-05,0.010568421,5.7458587e-06,1.21148505e-05
ISIC_0029434,0,0.47899988,0.22650106,0.00026846083,0.00043438404,0.29350528,4.672479e-05,0.0002442616
ISIC_0024756,0,0.12802728,0.7193805,0.14816475,0.0013680113,0.0024760445,3.9612944e-05,0.0005438474
ISIC_0032888,0,0.5068438,0.0028066367,6.188224e-05,0.0019034051,0.477384,3.2551852e-05,0.010967694
ISIC_0033968,0,0.29601508,0.69702977,1.1659844e-06,1.1121481e-05,0.001959144,0.0001639127,0.0048198244
ISIC_0033333,0,0.64762425,0.35226402,2.3271551e-07,1.4043511e-06,7.914998e-08,4.2221075e-07,0.00010966478
ISIC_0033717,0,0.15943581,0.8402298,1.3988665e-05,6.604873e-06,2.5800866e-05,0.00027422808,1.3757653e-05
ISIC_0034120,0,0.06881181,0.9311814,6.53411e-08,1.785553e-08,1.8910552e-07,4.772133e-07,6.111103e-06
ISIC_0032604,0,0.9987633,0.00013037973,2.3403098e-07,3.612214e-08,0.0010993669,9.054373e-07,5.71054e-06
ISIC_0033428,0,0.9989422,8.735349e-07,1.1530325e-07,1.6403586e-08,0.0010511586,5.5949087e-08,5.577068e-06
ISIC_0033975,0,0.32584608,0.00048412257,0.00025331008,0.00012000921,0.3687669,0.30413422,0.00039542164
ISIC_0033278,0,0.97316957,5.8620182e-05,0.00082428474,2.5479127e-05,6.4290194e-05,0.0234852,0.0023725138
ISIC_0033679,0,0.9871458,1.2195116e-05,0.00010155006,0.004069125,0.0019336196,0.0067134774,2.426364e-05
ISIC_0033152,0,0.1469407,0.27995035,3.1380318e-06,2.0288626e-05,0.5729062,0.00012571637,5.3630032e-05
ISIC_0032017,0,0.9999535,1.4201174e-06,4.2770796e-05,3.7178168e-07,1.9588463e-06,3.0331247e-08,1.6631251e-08
ISIC_0029363,0,0.13096245,0.11867247,0.75021964,1.9796582e-05,4.1799038e-05,1.633345e-05,6.7390494e-05
ISIC_0033068,0,0.12355937,0.0042698164,0.0008517237,0.010242381,0.8602179,0.0001878695,0.0006708715
ISIC_0034218,0,0.532463,0.014485314,0.000323649,0.0012329889,0.4498576,0.0013400086,0.000297391
ISIC_0034263,0,0.9718787,0.00052516494,0.00085348636,0.014995211,0.011365372,9.279897e-05,0.00028924426
ISIC_0034262,0,0.9607541,0.023801897,1.5288384e-06,3.5879784e-06,0.015206701,0.00018505669,4.719285e-05
ISIC_0033103,0,0.7043051,0.29529202,1.1247386e-05,0.00024452544,0.00012102797,2.2676271e-05,3.3394049e-06
ISIC_0034106,0,0.96274555,0.037213378,5.4195556e-07,5.099931e-06,3.0868596e-05,3.0688884e-06,1.5092056e-06
ISIC_0033725,0,0.78354716,0.16473675,0.051695324,6.4337455e-06,5.8907317e-06,1.5163517e-06,6.8989793e-06
ISIC_0032537,0,0.0016368119,0.9981048,0.00018151487,2.0025207e-05,5.4647415e-05,1.1492656e-07,2.0351686e-06
ISIC_0033287,0,0.48876756,0.46783516,0.02386058,0.00016269162,0.019256705,5.883776e-05,5.8507852e-05
ISIC_0029632,0,0.99999857,2.9395886e-07,4.5316483e-08,8.468377e-09,9.188165e-07,1.5441879e-08,2.9536631e-08
ISIC_0029209,0,0.00050689804,0.9991405,5.8087597e-08,2.1084331e-06,0.00034512643,2.9727437e-06,2.253862e-06
ISIC_0032726,0,0.004670326,0.002195185,2.6476167e-07,2.0034354e-06,0.99308527,4.5234712e-05,1.7444402e-06
ISIC_0033272,0,0.6643789,0.0004570071,8.2718526e-07,3.6311372e-05,0.3350796,4.671454e-05,6.2332606e-07
ISIC_0033317,0,0.01305323,0.986401,3.1741934e-06,9.361228e-06,0.0005319007,8.5076226e-07,3.8169028e-07
ISIC_0034269,0,0.09075513,0.85616463,8.855685e-06,3.444854e-05,0.05300964,1.0813138e-05,1.6397289e-05
ISIC_0033956,0,0.746212,0.2426315,0.00044029634,1.1729835e-06,0.010302342,0.0003121536,0.000100451616
ISIC_0033241,0,0.53098744,0.4685414,0.00020572169,1.4969811e-06,7.5705975e-05,0.000120597666,6.763226e-05
ISIC_0032598,0,0.15746145,0.842501,4.9298505e-06,1.1976967e-06,1.5893784e-08,2.0967807e-05,1.04548735e-05
ISIC_0034289,0,0.033671334,0.96624494,1.8271858e-05,6.7319447e-06,3.0029052e-05,1.9032152e-05,9.724724e-06
ISIC_0033687,0,0.94143707,0.0584658,1.2880108e-06,2.2110882e-05,6.650148e-05,6.5339514e-06,5.76122e-07
ISIC_0034085,0,0.9991353,0.00086405093,1.6544374e-07,4.8457167e-08,2.6311392e-07,1.3565597e-07,1.1898649e-07
ISIC_0032603,0,1.1862484e-05,0.9999875,4.0900436e-10,3.429635e-10,3.2706186e-08,4.5821673e-07,1.5999933e-07
ISIC_0033871,0,9.202069e-05,0.999895,9.778549e-08,1.1553459e-07,9.406621e-06,8.2163375e-08,3.2830687e-06
ISIC_0032955,0,0.00017109346,0.92375416,2.6120103e-06,0.000117242125,0.07595248,5.4692686e-07,1.784089e-06
ISIC_0032812,0,3.152065e-05,0.9999232,1.3823166e-05,1.8203034e-06,1.4165826e-05,1.1603189e-05,3.958006e-06
ISIC_0033619,0,0.012159043,0.9874171,0.00034149076,1.3796138e-05,2.1457729e-05,2.7481572e-05,1.9693176e-05
ISIC_0034065,0,0.00896989,0.9910052,1.6114012e-05,1.2226177e-07,1.0924747e-07,7.8427325e-07,7.748047e-06
ISIC_0033209,0,0.9578874,0.00016815102,0.00074247736,9.011288e-05,0.041021142,3.6605723e-08,9.0656016e-05
ISIC_0034074,0,0.21437523,0.7855835,5.309174e-07,7.7259966e-07,8.334771e-06,2.0629192e-05,1.1035462e-05
ISIC_0032699,0,0.9967154,0.002951237,1.2651213e-05,1.1193698e-05,0.00028537627,8.8187676e-07,2.3199722e-05
ISIC_0028460,0,0.7941158,0.0016017004,0.20416394,5.371828e-06,7.949215e-06,3.3607646e-06,0.00010188774
ISIC_0033470,0,0.9881026,0.011646103,8.855951e-07,1.7705661e-06,0.0001850554,5.5355315e-05,8.152266e-06
ISIC_0034094,0,0.9485991,0.051314294,2.7785939e-07,7.1316995e-06,6.2061015e-05,1.1167866e-05,5.9909917e-06
ISIC_0033560,0,0.9999362,6.105706e-05,1.047752e-08,8.569186e-09,2.1959931e-06,2.7373855e-07,2.479154e-07
ISIC_0034061,0,0.9999598,4.0137726e-05,6.7972277e-12,1.9698551e-10,7.906771e-13,4.261141e-08,1.4843289e-10
ISIC_0032716,0,0.9999999,4.5650367e-08,7.516172e-12,3.6051863e-11,5.451404e-11,5.1030703e-08,5.971336e-10
ISIC_0034159,0,0.9999411,5.4374355e-05,2.191811e-06,9.330884e-08,1.1995562e-06,6.7452515e-07,3.5527964e-07
ISIC_0033872,0,0.9917983,0.0045445757,0.0013807146,0.00033631801,0.0017867067,1.87102e-05,0.00013470791
ISIC_0032617,0,0.9466477,0.035964638,0.00021608947,0.0008657922,0.015942233,5.933989e-05,0.000304237
ISIC_0034048,0,0.5407884,0.45604274,0.00025331535,2.4017349e-05,0.0022096592,0.00049858046,0.00018325173
ISIC_0033905,0,0.38806698,0.60989004,6.2753447e-06,2.3694243e-05,0.001737603,0.00016340891,0.00011202284
ISIC_0033981,0,0.98703593,0.011722732,9.1613543e-07,5.58563e-07,0.0012017221,1.161589e-06,3.6947713e-05
ISIC_0033269,0,0.9995869,1.4224799e-05,5.6645344e-08,0.00025281432,1.4551308e-06,1.8285002e-06,0.00014282102
ISIC_0032081,0,0.82572484,0.041670028,0.00034316393,0.016588459,0.11326138,0.0017751427,0.0006369571
ISIC_0033901,0,0.96186817,0.03613538,5.425277e-06,0.00019403402,0.0005264428,0.00039849104,0.0008720725
ISIC_0032917,0,0.9999993,6.257888e-07,6.5523897e-09,1.5389631e-09,4.3291497e-08,9.342356e-09,7.789905e-08
ISIC_0032925,0,0.9996339,0.00034948761,7.4114587e-07,4.933566e-07,8.242764e-06,2.953058e-07,6.908025e-06
ISIC_0031709,0,0.8398167,0.081013374,1.7111217e-05,0.035516456,0.04351835,9.687437e-05,2.1269316e-05
ISIC_0032684,0,0.917191,0.074165545,6.527401e-05,9.118968e-07,0.008546885,1.7678457e-06,2.850656e-05
ISIC_0034052,0,0.98546416,0.012638281,9.0477595e-05,4.1984053e-06,0.0014825212,7.02866e-06,0.0003133298
ISIC_0033171,0,0.9987513,0.0011378945,1.8966037e-06,6.204942e-07,0.00010359976,2.083433e-06,2.5907016e-06
ISIC_0033426,0,0.9999362,1.1889804e-05,5.6904867e-07,3.296886e-05,2.1143475e-07,2.7706514e-07,1.7782482e-05
ISIC_0033546,0,0.00038554985,0.99954396,2.202094e-07,2.6471117e-10,2.6040477e-06,6.702037e-05,6.922944e-07
ISIC_0033081,0,0.9554482,0.042653836,0.00040636724,8.599385e-06,0.0013958401,3.519499e-05,5.1945277e-05
ISIC_0033141,0,0.873186,0.12673584,1.0351184e-05,3.4679065e-08,1.085837e-05,5.143285e-05,5.438417e-06
ISIC_0033261,0,0.9068623,0.08876044,0.00050859665,6.778198e-05,0.0029749747,0.0004135396,0.0004123947
ISIC_0032766,0,0.7567479,0.2255729,1.7626815e-05,4.2650732e-05,0.002225709,0.015375885,1.7351056e-05
ISIC_0030031,0,0.39244607,0.42150703,0.0017861521,0.0001625951,0.18407072,7.559961e-07,2.6670401e-05
ISIC_0028655,0,0.99209106,0.0076656267,2.4376347e-06,0.0001649114,7.275229e-05,5.9185845e-07,2.6270686e-06
ISIC_0032462,0,0.9747825,0.025206625,3.2416854e-06,3.400508e-08,6.9713574e-06,1.7805895e-08,5.679563e-07
ISIC_0031479,0,0.99774843,0.0022020703,5.2096216e-06,3.5152422e-07,3.3398683e-05,9.847548e-07,9.508997e-06
ISIC_0034205,0,1.2341287e-05,0.999808,8.210778e-09,4.1864463e-05,0.00013375322,3.2873443e-06,7.8414547e-07
ISIC_0033612,0,0.07906027,0.9207755,5.0029714e-05,2.8743743e-06,9.799968e-05,1.01448e-06,1.2351059e-05
ISIC_0034049,0,0.9844209,0.01541844,1.0706862e-06,6.264213e-09,0.00015459237,1.2686285e-06,3.779217e-06
ISIC_0033300,0,0.5683402,0.43113598,5.196597e-08,8.1013295e-06,0.0003473546,0.0001279164,4.0413273e-05
ISIC_0033616,0,0.79922205,0.20059364,8.899764e-07,2.4155227e-06,9.009431e-05,5.4937203e-07,9.04264e-05
ISIC_0029606,0,0.99060273,0.009395242,4.6681676e-09,2.063955e-08,1.7548015e-09,1.245376e-07,1.9025802e-06
ISIC_0033099,0,0.24912874,0.75008965,2.2143084e-05,3.371647e-06,0.00060022646,3.3416618e-06,0.00015251344
ISIC_0032723,0,0.97798365,0.021997657,3.5422524e-08,4.9423585e-09,1.6177617e-05,1.7191519e-06,6.284221e-07
ISIC_0032751,0,0.799656,0.1980338,0.00022293733,5.501151e-07,0.0018932729,0.00015632571,3.7109192e-05
ISIC_0032597,0,0.729184,0.24768595,0.0006168055,4.3057494e-06,0.022390462,8.3427716e-05,3.5096502e-05
ISIC_0033670,0,0.00211098,0.99761546,3.5590222e-08,1.8152372e-07,0.00026550607,1.8469229e-06,5.950387e-06
ISIC_0029740,0,0.024866423,0.9705039,2.0415337e-07,1.228438e-08,0.004593671,1.7074196e-06,3.4019966e-05
ISIC_0033593,0,0.67635876,0.15912974,1.002898e-06,1.1623252e-08,0.16447695,2.3322003e-05,1.0185112e-05
ISIC_0033559,0,0.9999951,4.7785e-06,2.7543612e-09,4.7480327e-08,1.532376e-08,1.5514035e-08,2.4376747e-09
ISIC_0032922,0,0.9997576,3.5004035e-05,7.2546646e-07,2.6495053e-07,0.00020315344,3.0376598e-06,1.7798016e-07
ISIC_0033487,0,0.46238866,0.20948204,0.19459061,0.042013355,0.000952674,1.3674362e-05,0.090559006
ISIC_0033995,0,0.9381479,0.0017644668,0.0038573837,0.00063591194,0.00080545235,5.9886797e-06,0.05478288
ISIC_0027234,0,0.9050224,0.08666409,0.0012188852,0.00039159763,0.005051529,6.996019e-05,0.0015815956
ISIC_0033807,0,0.9997509,3.360517e-06,1.7539725e-05,3.3928143e-05,0.00017066774,1.48250765e-05,8.832809e-06
ISIC_0033533,0,0.9995547,0.00011557589,4.5010697e-08,2.4617725e-06,0.00027621572,3.1283587e-06,4.779697e-05
ISIC_0032987,0,0.8325689,0.034111157,0.0888236,0.006581672,0.037747566,0.00014053265,2.6627606e-05
ISIC_0032870,0,0.90689343,0.067258686,6.441197e-05,0.0001051078,0.025448319,1.5440824e-05,0.0002146642
ISIC_0031208,0,0.5529834,0.23465039,0.2090084,0.0015298815,0.0013257988,0.00039998963,0.00010211303
ISIC_0026545,0,0.5837915,0.3384134,0.05930284,0.0021966863,0.0130903525,0.0030162528,0.0001890076
ISIC_0027282,0,0.003016288,0.99693835,4.6141586e-06,2.6570747e-06,1.4939056e-05,2.0738114e-05,2.5872e-06
ISIC_0029092,0,0.98791283,0.011639253,8.596675e-07,2.0508469e-07,3.2236933e-06,1.7404864e-07,0.0004434951
ISIC_0024640,0,0.9848348,6.0463326e-06,7.876956e-09,8.6427735e-07,0.015122315,1.0910309e-06,3.4833058e-05
ISIC_0024962,0,0.008578326,0.9889221,1.8607112e-05,6.954064e-08,0.0020401187,1.3692314e-05,0.00042701775
ISIC_0024823,0,0.9834526,0.008784358,4.202942e-06,1.0853737e-07,9.116077e-06,8.144702e-06,0.007741376
ISIC_0027669,0,0.9882427,0.011715432,2.6451598e-05,1.4528045e-07,1.7587028e-06,5.5535156e-06,7.896871e-06
ISIC_0031795,0,0.28795868,0.7098234,0.0009396348,5.9335904e-05,0.00089777587,5.2821175e-05,0.0002683632
ISIC_0028198,0,0.9572744,0.041013453,0.0016796073,2.099708e-07,2.8908296e-05,7.224445e-07,2.7264148e-06
ISIC_0027144,0,0.372933,0.624085,0.0022789836,0.00010408456,0.0004471691,0.00012582072,2.598746e-05
ISIC_0025524,0,0.8833683,0.0038123697,4.021146e-06,0.0002120384,0.09118799,6.4894357e-07,0.021414569
ISIC_0025963,0,0.07753933,0.0001536709,2.3288985e-08,1.3311701e-07,4.7777266e-05,7.681302e-08,0.92225903
ISIC_0025121,0,0.74767643,0.00029230939,1.8423029e-07,4.2698562e-07,0.00014971114,1.5460088e-07,0.25188076
ISIC_0025316,0,0.12317279,0.8767729,1.2581587e-07,4.367783e-05,1.7280435e-08,3.072464e-06,7.4342747e-06
ISIC_0027552,0,0.18531564,0.7370489,0.000696693,2.0230973e-05,2.9857995e-06,2.9327189e-06,0.07691266
ISIC_0030192,0,0.7978567,0.010779559,7.5607395e-06,0.02728896,0.16060641,7.709892e-06,0.0034530624
ISIC_0028003,0,0.007572708,0.99212945,3.3356923e-07,7.7210714e-08,7.451334e-07,8.954401e-05,0.00020717821
ISIC_0031999,0,0.6029623,0.35047787,0.046144832,2.0613236e-06,2.572159e-06,3.5592468e-06,0.0004067902
ISIC_0032245,0,0.002204146,0.9474506,0.021497397,0.00012843282,0.028701395,1.1114498e-06,1.698178e-05
ISIC_0028481,0,0.71021193,0.016686711,4.506415e-05,0.01614618,0.25609395,0.00053705584,0.00027912378
ISIC_0029172,0,0.87391514,0.048938114,4.4551514e-05,0.07588328,0.0010507358,4.4560442e-05,0.0001235435
ISIC_0027302,0,0.00091676076,0.99854726,3.476591e-06,2.2050642e-06,3.5100888e-06,0.00025688272,0.00026976925
ISIC_0031543,0,0.00037918973,0.0040525827,0.008204169,0.03187339,0.9537359,0.0010967088,0.00065806386
ISIC_0030360,0,0.062981986,0.6399756,2.3947709e-05,0.0008275006,0.2960476,3.1670916e-06,0.00014013067
ISIC_0029454,0,0.997609,0.0020342364,1.3055454e-05,0.0002499531,8.042461e-05,8.8049586e-07,1.2477017e-05
ISIC_0027155,0,0.6579177,0.34143975,7.854735e-07,0.00032659314,0.00024344787,5.6364537e-05,1.5399277e-05
ISIC_0028418,0,0.17979865,0.78518623,1.4381522e-05,0.018308394,0.016661054,1.790914e-05,1.3473789e-05
ISIC_0025800,0,0.99049556,0.0065706875,3.365703e-07,0.0027961372,5.2387957e-08,0.00010291982,3.439527e-05
ISIC_0027702,0,0.94287753,0.05709335,8.860114e-09,1.5824974e-06,2.1985588e-05,2.9787645e-06,2.4764965e-06
ISIC_0026796,0,0.000804495,1.6645758e-05,2.6831825e-07,4.945747e-07,0.9991667,8.7877825e-06,2.5466356e-06
ISIC_0028777,0,0.99997985,1.1232577e-05,3.0307817e-08,1.40956e-06,7.2473667e-06,4.2278796e-08,2.00785e-07
ISIC_0027964,0,0.9999757,3.9526512e-07,5.990894e-06,2.3930495e-06,1.538588e-05,2.894143e-08,1.4017233e-07
ISIC_0030784,0,0.9956116,2.9679717e-05,3.7232476e-06,0.0005533433,0.0037641895,1.0539361e-05,2.7022556e-05
ISIC_0025755,0,0.00015784838,0.99980944,2.0511946e-07,2.3088212e-05,1.5683671e-06,6.144254e-08,7.761008e-06
ISIC_0030616,0,0.008242029,3.3462275e-05,0.0036611753,1.6001477e-05,0.98631954,0.0017192868,8.617557e-06
ISIC_0025391,0,0.9992434,0.00052229606,1.9115849e-05,4.774252e-06,0.00014788969,9.929958e-06,5.253764e-05
ISIC_0032372,0,0.8161943,4.5995826e-08,3.9754425e-05,2.7313905e-05,0.18356265,3.5626627e-07,0.0001755696
ISIC_0028929,0,0.010402494,0.072186604,0.0032432612,0.9097916,0.0015015033,8.128083e-06,0.0028663636
ISIC_0026746,0,0.97194266,0.02629259,3.4157136e-05,0.0016907388,1.5241703e-05,8.5400444e-07,2.3602173e-05
ISIC_0026774,0,0.00019781162,0.9985,3.5447729e-06,0.00075341115,0.00033725012,6.619398e-05,0.00014173932
ISIC_0030047,0,0.057457067,0.94246167,6.529217e-07,2.414977e-05,2.693305e-05,1.9480944e-05,1.0098526e-05
ISIC_0026847,0,0.99978334,0.00021236013,2.5591642e-06,5.803427e-07,8.2306065e-07,8.466361e-09,2.832284e-07
ISIC_0025814,0,0.5957905,0.12475134,1.8681556e-05,2.1214853e-05,0.2791598,0.00016390372,9.44428e-05
ISIC_0026853,0,0.23773462,0.004368805,1.131776e-06,7.080859e-05,0.75774,1.3927157e-05,7.06608e-05
ISIC_0028103,0,0.09053675,0.014806202,0.00029815437,0.00091464486,0.8918279,0.00016128014,0.001455111
ISIC_0024679,0,0.09146826,0.120219775,0.00021877872,0.00012664453,0.787907,2.6451446e-05,3.304101e-05
ISIC_0031401,0,0.9716713,0.014658798,5.9949157e-06,8.0949085e-06,0.013645733,1.8202386e-06,8.253676e-06
ISIC_0029574,0,0.74880874,0.22918661,3.336065e-05,0.021687692,0.00021247397,8.120628e-06,6.295543e-05
ISIC_0025543,0,0.35718057,4.8784063e-05,5.5145843e-05,0.10865271,0.5331276,8.522547e-05,0.0008500003
ISIC_0028033,0,0.033497464,0.96649873,4.135587e-08,4.2313996e-08,8.717175e-09,3.5709963e-06,2.1164404e-07
ISIC_0032204,0,0.8568199,0.1425282,0.00051582744,5.990343e-06,1.19416e-05,0.000111607544,6.5035724e-06
ISIC_0032095,0,0.9980008,0.0016489666,7.28683e-05,1.1576203e-06,0.00022861616,4.2841973e-05,4.755908e-06
ISIC_0028220,0,0.9333097,0.0017690838,0.03682061,0.00455607,0.023464084,3.355822e-05,4.687983e-05
ISIC_0029094,0,0.29903522,0.6686275,1.2207957e-05,0.027546883,0.0035036998,0.001071645,0.00020284462
ISIC_0025128,0,0.0010358169,0.991958,3.0971496e-05,0.0010689907,0.0058216983,2.1052716e-05,6.347628e-05
ISIC_0028508,0,0.999997,1.907986e-06,1.0730959e-06,3.1746087e-08,1.4266515e-08,2.869808e-09,2.868764e-08
ISIC_0031368,0,0.9992716,2.8141765e-06,3.606258e-06,3.5657636e-06,0.00071791274,1.2962629e-07,3.7463133e-07
ISIC_0031900,0,0.023706097,0.975067,1.1386594e-06,7.469762e-05,5.54848e-06,0.0008335256,0.00031194286
ISIC_0029570,0,0.44864154,0.15988034,2.432508e-05,5.132445e-05,0.39110243,0.00013098422,0.00016906236
ISIC_0025550,0,0.07480538,0.15125598,5.6520337e-05,1.44460055e-05,0.76047146,3.4447865e-05,0.013361685
ISIC_0025414,0,0.86127865,0.05122227,0.07371599,0.011237755,0.0016355657,3.6303152e-06,0.0009060918
ISIC_0026475,0,0.00071196933,0.9992754,5.4594693e-07,5.14179e-08,8.3227917e-07,9.377215e-06,1.843427e-06
ISIC_0030122,0,0.05058879,0.8686537,0.074582756,0.0049031936,0.00045165065,0.00013967013,0.00068021315
ISIC_0028968,0,0.37033728,0.22971024,0.08314786,0.13072605,0.18576454,4.007341e-05,0.00027396608
ISIC_0024739,0,0.6270043,0.006017456,0.0014568688,0.0022014328,0.3631367,2.7018073e-06,0.00018047159
ISIC_0025500,0,0.00093531574,7.267412e-05,4.908666e-07,2.354061e-05,0.9989673,1.2188517e-07,5.365055e-07
ISIC_0030277,0,0.019176211,0.0025497903,6.178784e-06,8.4857675e-05,0.9781676,6.633244e-06,8.786933e-06
ISIC_0025941,0,0.0060826377,0.8390135,0.0038156346,0.15072477,3.5208977e-05,1.6909465e-06,0.00032661043
ISIC_0026092,6,2.3265109e-06,9.342324e-06,9.363789e-07,0.0002703553,3.4990271e-06,2.5405204e-06,0.999711
ISIC_0024904,6,2.134671e-07,0.00052680034,9.8939825e-05,2.637595e-06,1.3327106e-08,3.584696e-05,0.99933547
ISIC_0031217,6,5.600576e-10,0.16396931,1.2557929e-07,3.757984e-10,1.1869928e-09,4.4617723e-06,0.8360262
ISIC_0025599,6,9.491528e-10,0.7139758,2.2840532e-06,9.145972e-09,1.00915e-10,1.0803487e-06,0.28602085
ISIC_0025578,6,1.2484755e-07,1.188204e-05,3.9531354e-11,8.4902165e-09,4.3265814e-08,2.8557457e-07,0.9999877
ISIC_0029448,6,0.010009558,0.038166124,2.0517573e-06,2.3370947e-06,0.0002702002,3.528566e-05,0.9515144
ISIC_0031759,6,2.2290267e-06,0.00017266408,1.2763022e-06,3.6790854e-07,1.6081406e-06,6.883109e-08,0.99982184
ISIC_0026456,6,4.344644e-09,5.497637e-09,4.664067e-05,4.5517268e-06,5.6675002e-09,2.6400227e-07,0.9999486
ISIC_0033031,6,0.06317088,0.00016828944,0.008580882,0.022137132,0.38249823,9.962806e-05,0.5233449
ISIC_0032775,6,0.101339996,2.7350408e-05,5.372142e-05,2.8189232e-05,6.2667564e-06,5.6923614e-07,0.8985439
ISIC_0033458,6,0.33169165,0.060713835,0.11934786,0.25476843,0.03305884,0.044019997,0.15639941
ISIC_0033135,6,0.019445686,0.036746927,3.7569873e-07,3.5087387e-06,8.070053e-05,1.1206023e-05,0.9437117
ISIC_0032538,6,1.8044535e-07,1.0121892e-09,1.1435999e-07,0.000161741,9.407666e-07,2.616057e-07,0.9998368
ISIC_0033591,6,0.0047160676,1.2279447e-05,1.081728e-06,0.00022773606,0.0021804068,1.9632233e-05,0.9928428
ISIC_0031648,6,8.1155815e-07,3.4414532e-07,6.4859916e-11,5.8022537e-10,3.4497438e-07,4.9013753e-08,0.99999845
ISIC_0033565,6,1.8541515e-08,3.1085136e-07,1.8686733e-11,1.1204707e-10,2.997406e-08,2.8281871e-08,0.99999964
ISIC_0033123,6,1.2540818e-10,1.8381348e-05,1.1406214e-08,2.0391994e-08,1.5067922e-12,6.553074e-09,0.99998164
ISIC_0024747,6,1.8076628e-08,1.4557698e-07,4.8468705e-06,1.1336608e-05,1.0387416e-06,4.087328e-08,0.9999825
ISIC_0031346,6,4.921147e-07,1.2357806e-05,5.0047016e-05,1.0789293e-05,6.5458946e-05,2.8691754e-06,0.999858
ISIC_0031719,6,0.00034786694,0.99960643,1.1199928e-08,2.2488846e-06,2.8923008e-05,7.63028e-06,6.931797e-06
ISIC_0030070,6,0.0003913618,0.97920084,3.2270167e-09,2.7687784e-06,1.6366747e-06,3.3555777e-06,0.02039994
ISIC_0031093,6,2.1259254e-06,1.551121e-06,1.9307464e-07,9.693814e-06,4.542164e-06,2.8891911e-08,0.99998176
ISIC_0029608,6,7.653868e-10,2.4336981e-09,3.2047004e-07,2.1590407e-07,1.0959855e-09,2.4180122e-06,0.999997
ISIC_0029439,6,6.887817e-08,7.853238e-09,2.6182263e-09,1.2991619e-05,7.6596907e-10,3.039469e-08,0.9999869
ISIC_0028406,6,3.6319434e-11,3.8493177e-08,8.0725406e-11,1.653384e-08,7.4391593e-10,4.2639076e-06,0.9999957
ISIC_0026393,6,5.861768e-11,1.5608056e-06,2.2268673e-11,8.990389e-09,1.6360071e-09,9.549506e-07,0.9999975
ISIC_0031215,6,5.8109764e-11,3.1345986e-09,1.4834694e-13,5.0708973e-08,6.441532e-11,1.7124302e-09,1.0
ISIC_0031065,6,8.7600566e-10,3.0936163e-11,9.019677e-12,3.9922103e-08,1.5246151e-09,5.23774e-07,0.9999994
ISIC_0031955,6,1.37398665e-05,0.8306424,2.6539265e-06,0.00034312572,0.1328179,0.00066586735,0.035514314
ISIC_0024867,6,1.5750838e-09,1.9347397e-08,6.148434e-13,2.9756395e-09,2.0676533e-10,7.018081e-08,0.9999999
ISIC_0025425,6,2.1316387e-07,0.00889608,5.4623445e-08,3.161693e-05,1.4230121e-06,6.035382e-06,0.99106467
ISIC_0024706,6,6.109851e-11,2.5553561e-09,2.2507184e-10,8.8073226e-10,9.784146e-12,5.072752e-09,1.0
ISIC_0026467,6,6.0472405e-09,0.00026040443,7.100004e-10,3.3105252e-07,8.918192e-08,2.1056962e-06,0.9997371
ISIC_0026068,6,3.9786617e-08,0.00038445782,8.4374796e-07,1.2671122e-06,1.3623791e-09,3.280145e-08,0.99961346
ISIC_0032384,2,2.9020686e-09,3.4013353e-10,0.99998343,1.5224348e-05,1.0141115e-06,2.3843338e-08,2.82122e-07
ISIC_0027146,2,1.4362414e-06,1.1765469e-06,0.999811,0.00018527926,5.9954304e-09,6.071022e-07,6.4960227e-07
ISIC_0029193,2,1.0937566e-05,1.39313565e-08,0.9992785,1.3381133e-08,0.0006828818,1.5629999e-07,2.7468079e-05
ISIC_0027526,2,7.794243e-10,9.386663e-12,1.0,2.3730387e-09,6.3790573e-10,1.8518662e-11,2.072848e-08
ISIC_0026760,2,1.5009324e-06,0.0065265805,0.99264926,0.0001413771,1.0367536e-06,7.927254e-07,0.0006794481
ISIC_0025718,2,1.2405616e-07,3.7943737e-05,0.99994767,4.236526e-06,5.357026e-07,1.4880578e-07,9.323936e-06
ISIC_0025932,2,7.225724e-06,4.1941592e-09,0.9997414,0.0002462716,2.3858444e-08,2.6449888e-07,4.7795934e-06
ISIC_0028747,2,3.3462705e-08,3.50017e-13,0.9999877,1.21985595e-05,2.649329e-09,2.1115645e-09,8.513864e-08
ISIC_0030261,2,6.051143e-10,0.00013589316,0.99983716,1.564326e-05,1.9263309e-09,3.5755292e-07,1.1003228e-05
ISIC_0025824,2,7.5767775e-10,1.7825094e-11,1.0,8.5971175e-10,3.318955e-11,8.634499e-11,1.9285483e-10
ISIC_0031400,2,0.00010119368,1.4129949e-09,0.99984896,3.1323238e-05,1.07288216e-07,1.8062592e-05,3.408777e-07
ISIC_0031943,2,0.0010424177,0.0033173205,0.9860546,0.006851991,1.6846412e-05,2.9525222e-06,0.0027139292
ISIC_0027865,2,1.6238298e-05,7.841293e-07,0.98527807,0.0128142,2.3454126e-07,2.659191e-07,0.0018903089
ISIC_0029647,2,5.204098e-07,1.6508358e-05,0.00048211656,7.593377e-06,0.9993037,0.0001894344,1.4978443e-07
ISIC_0027858,2,0.011308182,0.032723337,0.02023749,0.03806684,0.16671103,0.7309385,1.4646718e-05
ISIC_0027433,2,1.999367e-06,4.05569e-07,0.99997604,8.25396e-07,1.858313e-05,8.012493e-08,2.0525063e-06
ISIC_0029515,2,0.9446422,5.527443e-07,0.0004297443,2.1922791e-05,0.05489028,3.7358518e-07,1.49456955e-05
ISIC_0029034,2,2.3488702e-09,3.2789238e-15,1.0,4.5931375e-14,2.9773494e-16,7.785851e-13,1.5600524e-11
ISIC_0030800,2,0.050468955,2.0437743e-05,0.94945544,5.1834395e-09,8.186428e-08,5.4267046e-05,7.425621e-07
ISIC_0025383,2,0.00944812,8.835904e-06,0.98927104,0.0003720317,1.8288367e-05,0.00022703843,0.0006546094
ISIC_0025513,2,0.28894445,0.5865491,0.08475179,0.00023195578,0.015400476,0.016067395,0.008054873
ISIC_0031272,2,1.44822725e-05,5.3245813e-08,0.999683,6.684285e-05,4.6691135e-08,0.00021803661,1.7498134e-05
ISIC_0027058,2,0.0013975959,0.29232198,0.6845279,5.711603e-06,0.011548021,3.909811e-05,0.01015972
ISIC_0030114,2,0.0047711628,0.08306808,0.8897447,0.0001467912,0.0002140683,0.0006256885,0.021429528
ISIC_0032959,2,0.008029491,0.99136704,5.981214e-05,6.147397e-08,5.6386114e-05,2.9820413e-07,0.000486837
ISIC_0034047,2,0.04135848,0.021957526,0.66793525,0.0010130228,0.2585159,0.0002016449,0.009018223
ISIC_0033483,2,0.07472815,2.4291154e-07,0.92493826,3.9414863e-05,0.00025007888,1.5404556e-05,2.8593027e-05
ISIC_0032536,2,8.25195e-06,2.2065753e-06,0.9999541,1.3901342e-05,1.264689e-05,2.4214376e-07,8.676908e-06
ISIC_0034015,2,9.5294934e-05,0.001228203,0.054224927,7.113491e-07,0.9443756,7.348858e-05,1.7981855e-06
ISIC_0034223,2,0.0057282452,0.054569878,0.7065885,4.105727e-05,0.22863308,0.004372208,6.7055706e-05
ISIC_0033372,2,6.181299e-05,8.013836e-08,0.9999378,2.615348e-09,5.1798557e-09,3.6568484e-10,2.304779e-07
ISIC_0034066,2,5.123823e-05,1.2277944e-07,0.9999484,1.9268603e-10,2.5901298e-07,2.9550915e-09,2.781947e-08
ISIC_0032741,2,0.409479,0.0033052668,0.58431244,2.8672963e-07,0.0028793744,5.9833465e-06,1.7608405e-05
ISIC_0033301,2,0.0018166782,0.0068055433,0.9910137,8.219411e-09,0.00035574345,8.286409e-06,4.178981e-08
ISIC_0025617,2,0.9274981,0.07033231,0.0021612442,1.0850542e-08,3.9196275e-06,8.8896746e-07,3.5121343e-06
ISIC_0026350,2,0.0001739318,0.0005842502,0.9990226,4.792462e-05,0.000115732466,5.0929888e-05,4.689159e-06
ISIC_0031569,2,3.796392e-05,0.08465405,0.9095043,0.0010794358,0.001079842,0.0030828887,0.00056149566
ISIC_0026528,2,9.154916e-09,6.816287e-07,0.0014826442,0.0012920018,2.2182151e-07,0.78718585,0.21003868
ISIC_0028677,2,6.3922485e-08,0.0774458,0.0003048718,0.8561672,4.993442e-06,0.06605157,2.5473442e-05
ISIC_0028059,2,5.244839e-07,2.9233348e-07,0.999969,8.941196e-06,1.3913915e-08,2.4029951e-08,2.1049627e-05
ISIC_0025576,2,3.595659e-09,0.00011670876,0.9984906,0.0013469527,7.081386e-12,1.28595975e-05,3.2887587e-05
ISIC_0029331,2,1.11602745e-08,0.061935082,0.00087816775,0.920841,5.619989e-06,0.012949548,0.0033906081
ISIC_0027601,2,1.5077854e-08,4.9298314e-06,0.99995565,5.327422e-09,1.2404135e-10,2.913266e-05,1.0234877e-05
ISIC_0027631,2,2.071837e-05,0.0021333226,0.99784493,2.6209286e-09,2.212593e-10,6.0463327e-07,5.267306e-07
ISIC_0031413,2,2.6335913e-06,1.4268744e-05,0.99644923,0.0014067733,0.0019366299,6.0634673e-05,0.00012980057
ISIC_0030644,2,0.0049265847,4.085809e-05,0.99415404,0.0007290744,1.1807733e-05,9.95037e-05,3.816435e-05
ISIC_0026716,2,1.9950365e-08,1.6422053e-05,0.99997735,3.6032031e-06,1.4293602e-07,1.1370747e-06,1.2610661e-06
ISIC_0025971,2,1.26166855e-08,1.9065823e-06,0.9999963,7.7998027e-07,9.479414e-08,2.429439e-09,7.986095e-07
ISIC_0030737,2,1.7507183e-07,0.00038162607,0.0011018647,0.9984883,2.7642832e-06,3.1273048e-06,2.2174549e-05
ISIC_0031712,2,2.709713e-07,0.47486302,0.5251334,1.6389591e-06,2.4580507e-07,9.0349357e-07,5.038597e-07
ISIC_0032439,2,1.7417193e-09,2.3383433e-07,0.9999838,1.4022951e-05,6.822678e-09,2.612533e-08,1.9038367e-06
ISIC_0026496,2,2.1303536e-07,2.0686302e-06,0.99992,4.5724073e-09,3.6950404e-08,2.4073362e-08,7.765254e-05
ISIC_0028583,2,0.0024556085,4.4453114e-05,0.9878763,0.009391203,6.454121e-08,5.294893e-06,0.0002271813
ISIC_0030511,2,5.0411563e-05,1.968749e-09,0.99989736,1.8836634e-05,2.149925e-07,2.8423663e-06,3.0223971e-05
ISIC_0026968,2,0.008224813,0.081692874,0.8949561,0.010921148,0.00018031636,0.0006495863,0.0033751333
ISIC_0025975,2,1.5739369e-06,0.02415516,0.9758428,1.46227235e-08,2.4128346e-08,1.3712648e-07,1.824214e-07
ISIC_0031236,2,0.005833646,0.03334304,0.9607661,3.0447167e-05,5.6196825e-07,4.5459993e-07,2.5875932e-05
ISIC_0027846,2,0.0633521,0.0070993532,0.92653984,8.3940344e-05,3.7879323e-05,4.2618467e-06,0.0028826527
ISIC_0026798,2,1.14818256e-07,0.03494074,0.0018232863,0.8057443,0.15591483,0.0014832616,9.353394e-05
ISIC_0026978,2,0.00013794882,0.032798022,0.9651693,0.00012692683,0.001433081,9.277976e-09,0.0003346833
ISIC_0024452,2,2.1158082e-08,0.004026132,0.9959739,1.2194449e-09,3.3973063e-10,8.102122e-09,3.0512417e-08
ISIC_0029539,2,1.398804e-08,0.016501224,0.98349875,1.4098246e-10,1.6505612e-10,1.7273058e-08,3.4686895e-08
ISIC_0031258,2,2.1364734e-08,1.7214747e-05,0.99998236,2.687896e-09,3.2979683e-09,6.525377e-09,4.3904797e-07
ISIC_0024472,2,1.6549172e-09,5.721702e-08,0.99998856,4.6564065e-08,1.5729407e-07,1.782127e-07,1.1138237e-05
ISIC_0031175,2,2.307059e-06,0.0002019383,0.99979025,2.8875304e-08,1.3202806e-06,6.914127e-08,4.1821836e-06
ISIC_0030755,2,9.762931e-05,1.9899984e-05,0.9998572,1.3617962e-06,1.0724512e-05,5.261302e-06,7.876336e-06
ISIC_0028815,2,1.5444086e-10,8.002735e-05,0.9999137,1.8983857e-06,1.0294085e-06,9.9670174e-08,3.1990946e-06
ISIC_0031976,2,0.0022642526,0.008339222,0.9873819,0.00012481818,1.711203e-06,4.2202433e-07,0.0018877483
ISIC_0032225,2,0.88939905,0.0067363675,0.10034464,0.0033051986,3.7643145e-05,0.00010853066,6.859666e-05
ISIC_0029856,2,6.43099e-08,1.0729424e-08,0.99985015,0.00014600744,2.438788e-06,1.9439595e-08,1.2665001e-06
ISIC_0025711,2,1.7133422e-06,6.06732e-06,0.9887651,1.3584198e-05,4.3703308e-06,8.5922874e-10,0.011209076
ISIC_0024897,2,1.8457973e-05,7.202048e-05,0.99978334,6.4703113e-06,6.408499e-05,3.2280524e-05,2.3408978e-05
ISIC_0025601,2,0.00084548036,0.96920896,0.029042084,0.00020504829,0.0001970383,8.507027e-06,0.00049281376
ISIC_0032461,2,0.0015206776,0.0010905309,0.9292556,0.0021175712,0.06585515,4.57086e-06,0.00015585241
ISIC_0031009,2,0.0076083373,0.00047597117,0.9883514,0.00015368208,0.003371935,3.992929e-06,3.466519e-05
ISIC_0031095,2,3.272754e-09,1.7569993e-05,0.9999331,5.5039395e-06,6.678213e-09,5.4724904e-07,4.327351e-05
ISIC_0027337,2,1.1226066e-05,0.061422504,0.66455096,0.0017346548,0.26872778,0.00013731247,0.0034156025
ISIC_0029263,2,2.7404255e-06,4.9750895e-07,0.99299663,0.006973553,1.4486701e-06,7.521279e-09,2.5206398e-05
ISIC_0026687,2,0.033067513,0.10530439,0.07563521,0.7800686,0.000142214,0.00029248648,0.0054895696
ISIC_0027819,2,1.0346677e-07,0.99987364,3.0231251e-06,2.1541027e-10,3.2901273e-09,1.5334316e-09,0.00012322441
ISIC_0031552,2,1.7097531e-07,1.6312026e-05,0.99997747,6.540469e-10,2.6271513e-07,1.456323e-06,4.310389e-06
ISIC_0029337,2,1.5716135e-11,3.773817e-11,0.99893814,0.001059901,2.207873e-07,7.001713e-07,1.1179746e-06
ISIC_0028197,2,0.00024616354,0.0019121363,0.9951639,0.0024842254,0.00017610882,1.1633396e-05,5.795079e-06
ISIC_0029831,2,1.0743197e-05,0.0013811449,0.08509625,0.9135099,2.3710835e-07,7.88904e-07,9.851072e-07
ISIC_0030954,2,3.5837297e-06,0.9962894,0.0036550418,4.807883e-08,9.724336e-07,1.7392213e-05,3.3685476e-05
ISIC_0031062,2,0.0004825582,0.36814472,0.629236,0.00014230363,2.0004543e-05,3.8287435e-05,0.0019360918
ISIC_0029053,2,9.744753e-10,8.322856e-12,0.99967074,8.1502156e-05,9.568904e-08,1.1006548e-05,0.00023668126
ISIC_0025509,2,1.1105231e-08,0.000648671,0.9976375,4.4980094e-08,1.423385e-09,5.881936e-09,0.0017137217
ISIC_0024443,2,7.6744556e-08,4.78698e-07,0.9997774,4.7501597e-08,3.558621e-08,4.7752316e-08,0.00022187692
ISIC_0029680,2,0.00034636355,0.0010953314,0.7885142,0.20934363,2.5211077e-05,0.00021936973,0.00045589913
ISIC_0028964,2,4.2858094e-08,0.93880653,0.041544773,0.006839684,0.012765587,2.922405e-05,1.4204153e-05
ISIC_0028568,2,6.161705e-09,1.2716403e-07,0.999602,0.00037855475,2.1778078e-08,1.9041636e-05,2.3899716e-07
ISIC_0030249,2,0.000114410395,0.00035333357,0.14255077,0.0004992987,0.71352524,0.14214177,0.0008151647
ISIC_0031697,2,9.895126e-07,7.677797e-05,0.99992025,1.1997496e-06,3.3837682e-09,7.236972e-07,6.308741e-08
ISIC_0028687,2,6.421319e-08,1.93698e-07,0.999997,6.3524396e-07,6.6518544e-07,1.3480499e-06,1.0984645e-07
ISIC_0027120,2,1.4171498e-08,6.3849125e-06,0.99999034,1.7532324e-06,1.1506215e-06,2.5677865e-08,3.7244905e-07
ISIC_0027788,2,3.2566961e-06,1.7594657e-05,0.99995685,1.1960811e-05,3.0466506e-06,3.37638e-06,3.9682604e-06
ISIC_0031263,2,3.1870614e-10,1.3670979e-07,0.88720995,0.1114925,0.00047808213,0.0006875843,0.00013183065
ISIC_0030767,2,1.2951056e-05,0.00015876071,0.99914324,0.00020204239,0.000108700755,0.00036580645,8.529127e-06
ISIC_0032061,2,3.6278573e-06,1.4326658e-05,0.9995943,2.3272553e-06,0.00038264896,1.7739844e-06,9.043775e-07
ISIC_0032212,1,2.5908246e-08,0.99999964,9.133985e-10,3.305633e-09,1.7243279e-08,9.541938e-08,2.0554056e-07
ISIC_0029828,1,0.16782692,0.8321615,3.0624656e-07,1.4641187e-06,1.110364e-06,4.5375905e-06,4.0833074e-06
ISIC_0025251,1,9.154241e-07,0.9999969,8.347177e-09,1.6437264e-08,1.970631e-06,6.585191e-08,6.015702e-08
ISIC_0025384,1,4.4939084e-06,0.9999373,2.1102163e-07,5.2312595e-11,3.6406768e-06,4.707113e-05,7.319392e-06
ISIC_0031282,1,3.9602622e-07,0.99995005,1.9769894e-08,3.279552e-09,5.2950036e-06,4.4161683e-05,1.3518029e-07
ISIC_0024535,1,2.8965232e-07,0.9999981,2.4666555e-10,3.4415845e-10,1.0691452e-09,3.8106083e-07,1.2342309e-06
ISIC_0025320,1,1.8889757e-05,0.9999765,1.3711912e-06,3.529032e-08,1.9204829e-06,7.2158974e-07,5.813995e-07
ISIC_0031184,1,1.5134777e-08,0.9999702,6.5713643e-06,7.426289e-08,1.8527138e-05,2.2672891e-08,4.532869e-06
ISIC_0028298,1,1.1946211e-09,1.0,2.865255e-09,1.03391835e-11,4.883808e-09,5.4987403e-08,1.0077947e-08
ISIC_0031463,1,1.3448604e-06,0.9999933,1.4948695e-07,4.984392e-10,1.8499716e-08,5.0695967e-06,3.6988794e-08
ISIC_0024376,1,2.36508e-10,1.0,2.2968813e-08,8.714445e-11,1.0399145e-08,3.6713864e-08,8.864302e-10
ISIC_0031895,1,0.00025044504,0.9997087,2.8773941e-08,1.2631138e-08,1.8072249e-06,3.8312057e-05,6.9141805e-07
ISIC_0026641,1,4.559934e-06,0.99999535,3.52362e-10,3.6723757e-09,6.257069e-09,5.8107364e-08,7.917741e-08
ISIC_0028185,1,5.1380194e-08,0.9996593,5.209881e-08,3.3789502e-06,3.0466172e-05,0.00030611426,6.068359e-07
ISIC_0028924,1,1.5042797e-05,0.99985135,1.136168e-07,2.2927684e-07,2.4131094e-05,2.0691994e-07,0.00010887556
ISIC_0031371,1,0.00074834813,0.99834967,9.370262e-08,1.3111496e-06,8.4569706e-07,0.00089938135,3.3335346e-07
ISIC_0024584,1,2.8171476e-07,0.9999981,1.21521e-09,3.326605e-07,7.465364e-07,5.81592e-08,4.619582e-07
ISIC_0027810,1,0.000161917,0.99981815,2.096208e-07,7.906816e-08,2.2232737e-06,2.1449338e-07,1.7126986e-05
ISIC_0026339,1,4.0194852e-08,0.99998355,4.2317356e-06,2.1703396e-08,4.480281e-06,1.8250142e-06,5.9268223e-06
ISIC_0029997,1,2.5512273e-07,0.9999659,3.6314425e-06,2.5845823e-08,1.15885e-05,6.7262217e-06,1.1959482e-05
ISIC_0026039,1,7.518159e-07,0.99998224,1.2588936e-08,1.402246e-07,4.355841e-06,1.6739945e-07,1.2383067e-05
ISIC_0027268,1,5.267266e-10,0.999966,5.3313176e-10,3.4572709e-10,3.33868e-05,4.953165e-07,5.700952e-08
ISIC_0028779,1,3.2009644e-05,0.9999186,5.8948063e-07,2.6123526e-08,3.666261e-05,1.6312771e-06,1.049138e-05
ISIC_0026038,1,3.560601e-05,0.99912983,1.5430362e-06,4.4820602e-08,0.0008204728,5.715202e-06,6.887883e-06
ISIC_0024861,1,6.6155862e-06,0.99984026,1.0648892e-05,1.4802299e-05,4.585521e-08,0.00010971947,1.7816981e-05
ISIC_0030617,1,4.6390383e-06,0.99998534,5.535386e-11,1.1186188e-09,1.005004e-05,1.5636186e-08,2.3251225e-09
ISIC_0028339,1,0.016507497,0.9834449,1.6527163e-07,1.3947035e-06,9.13266e-06,1.67902e-05,2.0117614e-05
ISIC_0031331,1,4.375748e-05,0.9999515,8.771014e-08,6.391417e-07,1.9239762e-06,1.1740933e-07,2.0548766e-06
ISIC_0031997,1,0.06651834,0.93343055,2.6354036e-07,3.278529e-06,8.2955563e-07,1.5590466e-06,4.5262284e-05
ISIC_0027703,1,5.7655748e-06,0.99905115,1.0950278e-06,6.656421e-07,0.00093342306,1.7112828e-06,6.1164105e-06
ISIC_0028932,1,2.3475457e-05,0.99995935,8.663525e-08,1.3875725e-06,1.296177e-05,1.9667177e-06,8.170564e-07
ISIC_0027732,1,6.3475945e-06,0.99999166,8.983553e-08,1.5160832e-06,3.9431868e-08,3.809045e-08,3.4355014e-07
ISIC_0025142,1,4.5963748e-06,0.99997854,2.0126969e-08,4.243248e-08,1.43993375e-05,2.2248248e-06,1.4120937e-07
ISIC_0026806,1,1.043732e-07,0.9999043,9.220939e-06,5.9004025e-05,4.5039114e-06,1.6329666e-05,6.56003e-06
ISIC_0027160,1,9.583172e-06,0.9999895,6.546005e-09,2.0378751e-07,2.291968e-07,1.6543177e-07,2.9398677e-07
ISIC_0032211,1,6.468449e-08,0.9989753,6.1197206e-08,2.562366e-06,0.0009976771,1.8764422e-05,5.541561e-06
ISIC_0028482,1,2.095241e-06,0.9998054,1.0006255e-08,1.9082034e-07,0.00018999133,2.0219768e-06,2.51089e-07
ISIC_0028690,1,9.560051e-07,0.9999453,2.1218902e-06,2.1248357e-07,5.064364e-05,4.6678093e-08,6.977354e-07
ISIC_0025353,1,2.3961724e-05,0.99960095,4.1328e-06,2.3651344e-05,0.0003404173,8.591401e-08,6.87198e-06
ISIC_0032100,1,1.3872805e-06,0.99999106,2.0209956e-09,1.7407722e-09,1.3705605e-07,7.3669794e-06,6.2641625e-08
ISIC_0028282,1,3.648278e-05,0.9999349,3.3376773e-06,2.7846502e-07,9.627589e-06,1.1957692e-06,1.4258197e-05
ISIC_0028136,1,0.0003880654,0.9995472,4.57679e-06,9.3533475e-07,3.768316e-05,1.6796886e-05,4.709611e-06
ISIC_0026283,1,1.5739479e-08,0.99993014,1.1467139e-08,1.0611071e-09,5.9061595e-06,6.3899046e-05,7.5442e-08
ISIC_0029943,1,5.887707e-07,0.9999926,9.842575e-10,8.851119e-08,4.5079165e-07,7.7130596e-07,5.5554106e-06
ISIC_0029561,1,4.7605369e-07,0.9999678,3.07269e-07,4.3652034e-07,2.7763308e-05,3.4409982e-08,3.176836e-06
ISIC_0028848,1,1.5871836e-07,0.9999963,2.2398231e-07,8.5174e-11,2.4527694e-06,1.1592173e-08,8.44609e-07
ISIC_0024369,1,6.597613e-06,0.9999932,2.7027477e-08,3.9211785e-09,8.306709e-09,6.228328e-08,2.4417666e-08
ISIC_0024544,1,1.3982047e-06,0.99997747,6.746342e-08,2.938589e-10,3.4840084e-06,1.636346e-05,1.1973253e-06
ISIC_0030903,1,0.00085406867,0.99911577,4.182955e-10,4.677551e-11,2.7753143e-07,2.9004636e-05,8.1385156e-07
ISIC_0028668,1,2.1140176e-11,0.9999958,2.411034e-08,3.8880382e-10,1.4631997e-09,1.5713262e-06,2.6178868e-06
ISIC_0030885,1,4.57084e-06,0.9999913,3.0353693e-08,8.36585e-11,2.7584033e-06,3.6356707e-07,9.265462e-07
ISIC_0027389,1,2.8040952e-09,0.9999995,1.1974577e-10,9.659289e-13,8.1601726e-08,3.7358978e-07,2.1798405e-09
ISIC_0028827,1,5.0066355e-06,0.999995,1.2043915e-12,4.8109253e-11,1.8156353e-09,7.135744e-09,6.9043247e-09
ISIC_0025366,4,2.6742642e-05,0.99996364,3.3794677e-07,1.2140458e-07,8.09482e-06,1.7408806e-07,9.834113e-07
ISIC_0031229,1,2.5353349e-05,0.9999503,8.552496e-07,1.2210166e-08,2.2331127e-05,8.468833e-07,3.4207946e-07
ISIC_0031777,1,5.672977e-07,0.99999785,2.818176e-09,8.290421e-11,7.835295e-07,6.9142544e-07,1.3524762e-07
ISIC_0026383,1,1.6944978e-05,0.99996316,1.6985005e-07,8.680321e-06,2.1802596e-06,1.0362807e-06,7.734683e-06
ISIC_0032442,1,3.354088e-08,0.9999902,6.158953e-08,4.3324055e-12,9.226931e-06,5.4932014e-09,4.8489494e-07
ISIC_0028462,1,5.407554e-08,0.9999919,6.5317806e-08,8.759506e-10,6.928468e-06,8.8687676e-07,2.393409e-07
ISIC_0025052,1,2.067028e-08,0.99999976,2.1096606e-10,4.804156e-10,2.1381459e-11,7.210084e-08,1.464508e-07
ISIC_0031606,1,6.602338e-08,0.9999939,3.9910886e-10,5.8454102e-08,1.2309972e-07,7.330221e-08,5.7885386e-06
ISIC_0031422,1,1.0720435e-06,0.9975521,2.4494204e-07,4.7965193e-07,4.418449e-05,0.0024005997,1.2993592e-06
ISIC_0028025,1,2.253698e-05,0.99997675,6.2085097e-09,2.6612725e-09,2.4607784e-08,3.2081735e-07,3.0530066e-07
ISIC_0031776,1,4.5928595e-05,0.9551496,7.182937e-05,0.00039452297,0.043682188,0.00055524067,0.00010070011
ISIC_0029385,1,0.0031480067,0.9968317,9.553243e-07,1.4715259e-07,2.8460258e-06,4.7886056e-07,1.5901978e-05
ISIC_0026986,1,4.727209e-08,1.0,1.9081316e-10,5.0764636e-11,1.503773e-09,1.8389162e-08,2.7918488e-09
ISIC_0024464,1,3.378106e-05,0.999941,2.8733728e-08,1.5646627e-07,1.4656166e-05,4.1119307e-08,1.0447682e-05
ISIC_0026836,1,9.773298e-06,0.98066163,8.421173e-06,1.0497654e-05,0.019094858,0.00021174371,3.0515528e-06
ISIC_0024788,1,5.946034e-06,0.9999926,4.4037636e-09,5.3400413e-09,1.1996883e-07,3.8232514e-07,9.0894184e-07
ISIC_0028260,1,5.2029957e-08,0.9999924,4.1687284e-10,7.214322e-08,7.500721e-08,2.3876319e-06,5.019468e-06
ISIC_0030774,1,3.927102e-07,0.99995875,4.847694e-08,2.5857835e-05,8.9516925e-06,3.2860066e-06,2.626565e-06
ISIC_0026075,1,7.437315e-09,0.99999523,1.4640941e-10,1.7577644e-10,2.6979208e-09,4.3682235e-06,2.9673197e-07
ISIC_0024512,1,1.1973376e-08,0.9958366,3.7656577e-07,0.00025962282,1.412812e-06,4.158773e-05,0.0038603882
ISIC_0027276,1,9.6039825e-09,0.9999982,6.1888045e-07,1.4030523e-07,1.8513783e-08,1.0251098e-07,9.46957e-07
ISIC_0031947,1,3.84018e-09,0.9999962,1.746403e-11,1.4986984e-10,3.3618768e-08,3.8583644e-06,1.3271794e-08
ISIC_0027220,1,2.107751e-08,0.99999917,1.8834301e-10,1.2271322e-09,1.9694538e-08,7.618547e-07,2.0780915e-08
ISIC_0029410,1,4.6424517e-05,0.9999448,2.5794675e-10,7.628522e-07,2.930794e-08,3.5626372e-06,4.502638e-06
ISIC_0029604,1,0.0010541937,0.9989448,1.5948251e-10,3.5443502e-08,7.531284e-10,1.086692e-08,1.0345384e-06
ISIC_0031771,1,2.5055934e-07,0.9998623,1.00706625e-08,5.1749873e-07,0.00013571735,3.5741328e-07,9.109789e-07
ISIC_0030269,1,5.431176e-06,0.9999933,6.781269e-08,9.392524e-09,1.1021556e-06,1.4425163e-08,1.2192336e-07
ISIC_0026256,1,7.9869676e-07,0.9999968,1.2045828e-07,2.4785678e-08,1.2586155e-06,3.5674003e-07,6.714281e-07
ISIC_0028108,1,3.1863976e-05,0.9999503,6.344251e-08,7.830276e-09,8.851167e-06,1.7155523e-07,8.77389e-06
ISIC_0026366,1,3.4616733e-07,0.99989045,1.0114721e-06,1.644904e-07,8.843951e-05,1.7532288e-05,2.0586622e-06
ISIC_0027085,1,3.6963459e-06,0.9999347,7.585396e-07,3.266314e-07,5.2772153e-05,6.8206746e-06,8.907182e-07
ISIC_0028933,1,7.4151408e-06,0.99998987,4.020319e-10,4.9113718e-09,2.5328309e-06,1.2307468e-07,7.2965044e-08
ISIC_0030658,1,8.317175e-06,0.9999882,1.6526496e-08,7.671274e-08,1.0713603e-06,1.0351994e-06,1.1732594e-06
ISIC_0030566,1,4.0149224e-08,0.9997538,5.2308233e-09,1.8982578e-06,0.00023524044,2.1557535e-06,6.9159464e-06
ISIC_0028613,1,1.4785657e-07,0.9999989,1.0607825e-07,9.163141e-09,2.7071735e-07,4.3968254e-07,5.1851774e-08
ISIC_0027591,1,4.378518e-09,0.9999769,1.937728e-11,1.5609228e-09,2.9832028e-09,2.31814e-05,1.7608949e-08
ISIC_0029703,1,1.7250397e-06,0.9999727,1.3170187e-08,1.9452102e-06,1.2018103e-05,5.3551094e-06,6.2666236e-06
ISIC_0031213,1,5.159449e-08,0.99999905,1.324406e-09,1.1355215e-10,4.1066687e-07,2.1331944e-08,5.4941825e-07
ISIC_0031038,1,1.7390061e-08,0.99999976,3.3821623e-11,2.4196423e-10,5.3517162e-08,6.039837e-09,1.9992115e-07
ISIC_0032337,1,0.011852544,0.974721,2.2981236e-05,2.6269056e-05,0.00017662375,0.0011368624,0.012063708
ISIC_0026659,1,2.4489411e-08,0.9999994,2.9850217e-10,5.746377e-10,1.4996563e-07,3.1945683e-07,1.496748e-08
ISIC_0030049,1,1.1577474e-05,0.99998486,1.9048102e-08,2.546426e-07,6.1961975e-07,5.615448e-07,2.101068e-06
ISIC_0030547,1,4.7746354e-08,0.9999919,4.9676356e-09,4.796857e-10,3.7966518e-07,6.5606177e-06,1.1610499e-06
ISIC_0031909,1,4.8776155e-08,0.99999905,8.836615e-09,7.1647124e-09,7.5243996e-08,8.1554695e-08,6.8325755e-07
ISIC_0026822,1,1.2291939e-05,0.99998033,2.05287e-09,3.293081e-07,5.2423047e-06,1.4668131e-08,1.7351855e-06
ISIC_0028819,1,1.3185915e-07,0.9999964,4.9298086e-09,6.1970256e-09,3.7456005e-07,9.269805e-07,2.0681728e-06
ISIC_0029274,1,2.2653719e-08,0.99999976,1.0396901e-08,5.040364e-09,2.0160775e-07,1.966934e-10,1.0527702e-09
ISIC_0029132,1,5.643377e-06,0.9999912,7.8507406e-07,1.3181728e-06,2.3521875e-07,6.162816e-07,2.7305583e-07
ISIC_0026949,1,2.8610712e-05,0.99985945,2.4813124e-07,6.406393e-06,0.00010016985,1.2440318e-06,3.92852e-06
ISIC_0028428,1,2.232745e-05,0.9999629,1.5734466e-07,1.516704e-07,8.681669e-08,5.896234e-06,8.486408e-06
ISIC_0024309,1,4.3714363e-06,0.99997604,1.2598828e-06,1.00344415e-07,6.252604e-06,1.1640044e-05,2.6065163e-07
ISIC_0030871,1,1.1858981e-08,0.9999913,2.5116262e-10,2.1190785e-11,8.712131e-06,6.8427863e-09,1.9000908e-08
ISIC_0029699,1,7.141466e-07,0.9999926,2.9821717e-07,3.8311256e-08,9.4098493e-07,6.208727e-07,4.89072e-06
ISIC_0025116,1,3.3804035e-06,0.9851987,1.849322e-06,0.011071188,0.00089161424,0.0025957036,0.00023772116
ISIC_0031279,1,2.2672809e-07,0.9999995,3.40019e-10,2.88831e-09,9.375262e-08,6.1046235e-09,1.760489e-07
ISIC_0030804,1,9.3177334e-07,0.99986637,2.9574642e-06,6.9394906e-07,0.000115977884,1.28997235e-05,1.7816461e-07
ISIC_0027472,1,7.704472e-07,0.99999726,1.8840499e-08,9.449921e-07,1.6942039e-08,9.502074e-07,1.9200446e-08
ISIC_0027333,1,7.804992e-05,0.99927765,2.1462742e-07,6.37497e-07,0.00038846536,0.0002544263,5.561116e-07
ISIC_0030569,1,4.085476e-06,0.9998791,7.088205e-08,4.1385846e-08,0.000116239244,2.5832801e-07,1.7795529e-07
ISIC_0031661,1,1.2016617e-09,0.99999976,5.438874e-09,4.5724818e-10,6.264832e-10,2.2381097e-07,4.990375e-08
ISIC_0027482,1,0.00026376903,0.99961275,1.611456e-06,7.2905336e-06,8.2499e-05,4.025821e-07,3.1825373e-05
ISIC_0027646,1,9.386159e-07,0.99998665,8.9017976e-10,9.97196e-09,2.2207685e-06,8.443201e-06,1.7676861e-06
ISIC_0026051,1,5.873016e-07,0.9999994,3.6207516e-11,7.2100936e-12,1.6641146e-09,3.1924117e-09,4.9070925e-09
ISIC_0028184,1,2.3665699e-07,0.99999976,3.353349e-10,2.6725186e-10,3.3809402e-09,5.743037e-10,1.528766e-08
ISIC_0026320,1,2.8801047e-08,0.9999999,1.9058498e-11,4.6924786e-12,4.5458645e-10,1.1098547e-07,1.3635871e-09
ISIC_0029848,1,0.000674007,0.9993197,2.168719e-06,1.20367245e-08,2.897884e-07,4.9377544e-08,3.885447e-06
ISIC_0024803,1,3.4832885e-06,0.99999595,3.617188e-09,3.7265632e-08,4.5659786e-07,2.7472502e-08,1.4931905e-07
ISIC_0026087,1,1.00412835e-05,0.99971455,4.3894616e-08,1.8962108e-10,0.00027478687,9.979317e-08,4.1749678e-07
ISIC_0025607,1,2.7793383e-06,0.9998418,1.0430393e-08,1.6184248e-07,0.00015267196,2.0775608e-06,6.13785e-07
ISIC_0027938,1,1.4272782e-05,0.9999616,7.256584e-10,5.0158445e-08,2.0025813e-07,3.201647e-06,2.0692185e-05
ISIC_0030206,1,5.108908e-07,0.99999917,1.5457998e-09,4.307033e-09,1.4356702e-07,3.6068655e-09,1.8091839e-07
ISIC_0031256,1,2.3478226e-06,0.9999776,1.0166381e-07,9.835826e-09,2.8741827e-06,1.6579577e-05,5.3869263e-07
ISIC_0028062,1,6.7757614e-06,0.79822654,8.486725e-07,0.000373231,0.20133364,1.4778946e-05,4.4256216e-05
ISIC_0027935,1,8.179844e-06,0.9999707,1.5180414e-05,3.7585053e-08,3.8990688e-08,1.5660672e-06,4.403304e-06
ISIC_0027156,1,9.969799e-08,0.99990475,8.543568e-06,8.076736e-05,6.1330223e-07,5.1221655e-06,9.187658e-08
ISIC_0032367,1,7.106846e-05,0.99920756,1.8729376e-07,5.272862e-08,0.00071528426,4.411284e-06,1.5603134e-06
ISIC_0028160,1,4.3458166e-07,0.9999875,8.563544e-06,1.4803708e-08,3.2417486e-06,5.945047e-09,2.9527533e-07
ISIC_0030332,1,3.774421e-06,0.99998677,4.735218e-10,3.1705492e-06,3.8913288e-07,5.5767437e-06,2.1393403e-07
ISIC_0027440,1,0.00037719763,0.99943143,5.2601223e-07,4.8908726e-09,0.00016591893,5.763157e-06,1.9155237e-05
ISIC_0025747,1,2.971866e-07,0.9998154,2.5901903e-07,1.0144869e-09,0.00017389044,7.665472e-08,1.005766e-05
ISIC_0027869,1,2.3653993e-08,0.99999475,3.896003e-08,7.0700185e-10,4.7916774e-06,2.3615215e-07,1.1955689e-07
ISIC_0026910,1,7.858384e-08,0.9999968,9.263886e-09,1.3509445e-09,1.4673423e-06,9.872691e-08,1.4904069e-06
ISIC_0031800,1,2.8414695e-06,0.998154,0.0003227499,4.20776e-07,0.0015077397,9.819102e-06,2.2813938e-06
ISIC_0030743,1,0.00019884616,0.9901663,4.3790693e-05,4.0810293e-05,0.009453713,4.5758694e-05,5.062326e-05
ISIC_0025028,1,2.2301597e-10,0.99996185,1.3354491e-13,4.1303368e-13,1.1187685e-11,3.8132403e-05,3.9452885e-08
ISIC_0030202,1,4.1027573e-07,0.9991571,2.539287e-10,2.128874e-09,6.927528e-07,6.656315e-05,0.000775285
ISIC_0032166,1,1.7813991e-06,0.9999962,1.4472268e-07,1.2321264e-07,3.234681e-09,1.669005e-08,1.7775061e-06
ISIC_0032266,1,1.6199357e-07,0.9999175,1.3874464e-07,2.3610666e-07,5.867027e-05,1.4509727e-05,8.78045e-06
ISIC_0029471,1,1.1257968e-08,0.9999801,1.9896119e-08,1.1687905e-10,1.4556664e-07,3.5835953e-07,1.9323239e-05
ISIC_0024501,1,5.1599625e-07,0.9999988,1.0382797e-09,7.3684475e-10,1.5648085e-07,1.882465e-08,5.7547015e-07
ISIC_0026243,1,8.625199e-08,0.99999654,7.116804e-10,2.6838538e-07,2.9835007e-07,3.5306329e-07,2.4572723e-06
ISIC_0031637,1,4.550579e-05,0.9884609,1.505274e-07,6.5384884e-05,0.01104517,0.000374904,7.882865e-06
ISIC_0031190,1,1.2155895e-05,0.99988484,3.2703983e-06,1.3256038e-06,1.10911124e-07,3.2377764e-06,9.511133e-05
ISIC_0026710,1,2.1909816e-06,0.99980396,5.7212567e-08,1.011484e-06,0.0001814066,1.5761134e-06,9.87574e-06
ISIC_0024322,1,3.6886156e-09,0.9999999,1.1198385e-10,3.3392273e-12,3.754083e-10,2.1846311e-10,8.9839176e-08
ISIC_0031523,1,0.00011965478,0.9998553,7.932855e-07,1.3354655e-08,2.3304721e-05,7.814605e-07,1.0551499e-07
ISIC_0028712,1,5.3367586e-09,0.9999995,1.537273e-10,3.330333e-09,6.0417105e-10,9.109219e-08,2.981243e-07
ISIC_0026112,1,1.6291422e-05,0.9999809,1.4796306e-07,5.3058482e-08,3.9585342e-07,1.8945108e-06,3.8355944e-07
ISIC_0030878,1,0.00057600817,0.99106944,0.008294985,6.4269416e-06,1.4610301e-05,3.4130298e-06,3.520742e-05
ISIC_0025390,1,5.95733e-08,0.99999845,1.5914432e-07,2.7540672e-08,7.0801065e-08,4.2665368e-07,7.6124985e-07
ISIC_0029346,1,0.016422506,0.98341334,7.4804205e-07,4.437996e-05,0.00010435038,1.3339878e-05,1.2646522e-06
ISIC_0025981,1,4.5723345e-06,0.999995,3.0400678e-08,1.9440471e-09,1.3226417e-08,1.0687496e-07,3.1876795e-07
ISIC_0031865,1,0.0027456603,0.99718434,5.519396e-06,1.7434842e-06,2.0226053e-05,3.613989e-06,3.8850896e-05
ISIC_0025213,1,9.247274e-06,0.9999895,3.1591503e-09,1.1767548e-08,1.6572784e-09,1.0550193e-06,1.8556374e-07
ISIC_0030099,1,4.6054004e-07,0.99999714,4.598755e-09,2.505413e-07,2.1607266e-10,7.85069e-07,1.2817655e-06
ISIC_0027108,1,1.6941273e-08,0.99999976,8.979334e-10,4.361941e-08,2.0074909e-08,5.790736e-08,1.9032562e-07
ISIC_0030596,1,4.1090016e-06,0.9993249,0.00016676815,3.2475364e-05,3.1970126e-06,2.6759874e-06,0.00046585163
ISIC_0031231,1,2.8394737e-08,0.99998844,5.6421205e-09,1.8149173e-07,1.8479666e-08,8.709526e-07,1.0380176e-05
ISIC_0030668,1,3.1861433e-08,0.999998,2.930244e-09,3.3351096e-08,5.800354e-08,1.1301736e-08,1.8969349e-06
ISIC_0028554,1,0.0008833203,0.9989548,2.0717582e-06,3.8969716e-05,8.3102495e-05,1.4583675e-06,3.635257e-05
ISIC_0031714,1,6.4572404e-08,0.99999464,7.0261166e-09,3.7256328e-07,3.682215e-08,2.8420908e-07,4.6284936e-06
ISIC_0024510,1,0.00014493377,0.99983096,4.493278e-09,4.5236157e-09,6.147642e-09,2.4063407e-05,1.7282776e-08
ISIC_0029367,1,1.0843448e-08,0.99999964,1.7323012e-09,1.2852915e-08,3.503452e-09,3.359326e-07,1.9469777e-08
ISIC_0026449,1,3.9882194e-05,0.9999398,6.665774e-09,1.8862545e-07,2.0064871e-07,4.2320934e-07,1.9411316e-05
ISIC_0029150,1,1.2012687e-08,0.9998801,8.011564e-06,7.498166e-07,0.000110873865,9.430615e-08,1.6270201e-07
ISIC_0031978,1,1.2207341e-06,0.99998975,1.8659951e-10,2.6953293e-09,3.0571323e-10,8.706507e-09,9.043778e-06
ISIC_0031898,1,8.206845e-08,0.9999999,8.934703e-12,6.7528855e-10,4.620383e-11,8.786638e-09,9.469707e-08
ISIC_0024744,1,4.9218305e-09,0.9999999,2.373218e-10,5.8200934e-11,4.2249046e-10,8.991731e-09,1.2172352e-07
ISIC_0026773,1,2.0713705e-07,0.99999976,6.0142294e-11,1.0326578e-09,2.3619418e-10,1.6327945e-08,2.1269027e-08
ISIC_0025551,1,7.378149e-09,0.9999999,2.005542e-09,2.7786367e-09,9.578852e-11,8.4473795e-10,1.4163508e-07
ISIC_0024663,1,0.0002815315,0.9997073,1.1969218e-08,1.5781254e-06,1.5471109e-11,1.6111014e-06,7.951718e-06
ISIC_0027971,1,2.4603807e-08,0.9999963,2.329467e-09,3.092353e-09,9.676187e-09,3.2714783e-07,3.3104823e-06
ISIC_0030518,1,7.7528836e-07,0.99990976,1.6637712e-06,1.0634221e-06,1.6614316e-05,5.8732286e-07,6.9555346e-05
ISIC_0027579,1,9.698827e-08,0.999962,3.4710848e-07,3.7154663e-07,3.9339316e-06,2.4990299e-05,8.315387e-06
ISIC_0025082,1,4.261813e-05,0.9993667,2.7588092e-07,3.4389693e-06,2.196669e-06,3.6976687e-06,0.00058103027
ISIC_0031581,1,3.207264e-07,0.9999888,1.11265926e-07,9.28439e-08,1.2186184e-06,8.516983e-06,1.0161925e-06
ISIC_0030262,1,0.00018308169,0.9997782,2.2745937e-06,9.794915e-08,2.1587802e-07,2.7162986e-07,3.583549e-05
ISIC_0030972,1,1.3618936e-05,0.9999739,1.9427691e-08,2.63046e-06,8.786887e-07,4.960358e-06,3.94866e-06
ISIC_0026448,1,2.0221307e-06,0.99999785,2.0095941e-08,4.1249586e-09,2.0522062e-08,1.2860787e-08,2.7759675e-08
ISIC_0030413,1,2.7484118e-06,0.9999969,1.684041e-09,2.9460233e-08,4.6552728e-08,2.6818722e-07,1.3882149e-08
ISIC_0026510,1,0.00010932546,0.99988675,4.2553862e-07,9.738451e-08,7.039178e-08,2.5243232e-08,3.303812e-06
ISIC_0029312,1,3.375826e-07,0.99974376,3.7415077e-06,8.128237e-07,0.00023987681,8.8670195e-06,2.6748785e-06
ISIC_0030545,1,1.0462159e-05,0.99997616,6.947805e-08,7.7051126e-08,7.873615e-08,1.17542974e-07,1.2993424e-05
ISIC_0026570,1,1.9856707e-08,1.0,3.86206e-10,1.5614711e-09,6.0854792e-09,3.5088988e-08,2.3289525e-08
ISIC_0030657,1,5.547478e-10,0.9999963,2.8043858e-09,2.0405571e-07,9.483093e-10,3.230112e-06,2.603784e-07
ISIC_0026832,1,2.8163554e-06,0.9998307,6.108208e-08,0.00014916227,9.032436e-10,8.425357e-06,8.812798e-06
ISIC_0026884,1,4.3814453e-06,0.99961096,3.5971613e-07,0.00035090174,4.2907548e-08,2.2690722e-06,3.1071635e-05
ISIC_0029772,1,9.98672e-08,0.9999831,1.6493057e-07,1.6835819e-06,8.993376e-10,1.8623072e-07,1.47168275e-05
ISIC_0028561,1,2.8785528e-06,0.99997675,6.9528205e-08,2.3482222e-07,1.6791353e-05,4.823899e-07,2.7615874e-06
ISIC_0024619,1,1.01951655e-05,0.9999639,5.361644e-06,1.2873052e-06,1.9646542e-07,1.0832135e-06,1.7958702e-05
ISIC_0027723,1,1.0181737e-05,0.9999895,1.893455e-07,6.4989264e-10,7.084642e-10,2.3798501e-08,8.329894e-08
ISIC_0025164,1,1.923602e-06,0.99999154,6.610097e-08,8.052823e-07,1.0948748e-08,9.142553e-07,4.67535e-06
ISIC_0031532,1,6.2992376e-06,0.99999285,2.529243e-11,4.757672e-10,3.0914342e-09,6.7309685e-07,1.3642838e-07
ISIC_0031434,1,1.9911198e-05,0.9996748,1.7064098e-05,5.4983237e-05,3.7174294e-05,4.9892555e-05,0.00014625327
ISIC_0024807,1,3.0367738e-07,0.9999995,3.8132018e-09,1.1969087e-08,5.3256272e-08,1.346675e-07,3.3938566e-08
ISIC_0028083,1,0.0016914532,0.99602026,0.00017395784,6.5165485e-05,0.0019935758,1.6473192e-05,3.904096e-05
ISIC_0024395,1,8.9014215e-08,0.9999987,8.292429e-09,2.0399723e-07,3.8764148e-07,1.4546875e-07,4.1190384e-07
ISIC_0026170,1,0.0009310596,0.9983917,1.3038336e-07,2.73751e-06,5.4941495e-08,1.7997709e-05,0.0006562763
ISIC_0031055,1,3.846795e-06,0.99349445,2.7683089e-05,1.6578897e-06,2.9164793e-08,1.39808235e-05,0.006458376
ISIC_0031273,1,1.8107914e-05,0.99995446,4.098563e-09,1.3261993e-06,4.8942908e-09,2.8950092e-06,2.3270786e-05
ISIC_0029748,1,6.309167e-06,0.9999914,5.760001e-07,2.1136417e-07,2.5570894e-09,9.216507e-07,4.7315905e-07
ISIC_0031490,1,1.7904687e-05,0.9999672,2.57293e-07,5.632612e-06,2.2098789e-06,3.3176693e-07,6.4232413e-06
ISIC_0027477,1,1.7782857e-07,0.9999889,3.3777325e-09,5.7808134e-06,9.915923e-08,2.580861e-06,2.414437e-06
ISIC_0028771,1,1.4166981e-06,0.9990682,8.063593e-05,0.00011333574,9.260583e-05,7.0610215e-05,0.00057318166
ISIC_0029087,1,0.0024228743,0.9974757,3.2636824e-06,4.4619268e-05,3.029244e-06,1.9777184e-07,5.0263046e-05
ISIC_0025162,1,0.0003143636,0.99967885,1.1516628e-06,3.1841519e-06,2.3632524e-06,3.5400607e-08,7.036304e-08
ISIC_0026407,1,1.06693335e-07,0.9999994,2.547749e-08,5.1759113e-08,1.8054337e-07,6.003612e-08,1.376242e-07
ISIC_0031165,1,4.1533701e-10,0.9999254,6.2441764e-08,9.757042e-09,7.426308e-05,2.3819125e-07,1.0872324e-07
ISIC_0027994,1,5.9085994e-07,0.9999975,2.6750442e-08,2.5970254e-10,7.500048e-07,1.0320417e-06,3.9944577e-08
ISIC_0029844,1,5.7643156e-05,0.9997931,9.211991e-07,4.9896178e-05,7.3984156e-05,7.1525033e-06,1.7207876e-05
ISIC_0027941,1,4.757113e-06,0.99998784,2.46049e-07,8.9543903e-07,1.2989071e-08,2.1680528e-08,6.1877226e-06
ISIC_0027936,1,5.1460876e-07,0.9999976,1.7573187e-07,3.745505e-07,3.549698e-07,4.458761e-07,5.617748e-07
ISIC_0027230,1,2.564167e-08,0.9997948,1.339488e-06,0.00018647635,2.2338013e-06,4.517527e-06,1.0605447e-05
ISIC_0031144,1,5.736835e-07,0.9999802,1.2939814e-08,4.6310473e-07,1.0822369e-08,5.889729e-07,1.8129494e-05
ISIC_0028535,1,6.0986124e-05,0.9999249,1.0071711e-05,7.511916e-07,2.2762607e-07,2.0403901e-07,2.8798368e-06
ISIC_0024574,1,6.764594e-11,0.9999989,2.3965443e-08,1.2982694e-09,3.6066358e-10,7.653758e-08,8.93625e-07
ISIC_0025965,1,3.184799e-08,0.99998987,8.271276e-07,4.578035e-08,9.01072e-08,3.2048456e-07,8.846731e-06
ISIC_0026322,1,3.438612e-05,0.9998734,3.1572026e-07,1.7033983e-06,8.849799e-05,1.6616167e-07,1.6310555e-06
ISIC_0029226,1,0.0008162606,0.9988852,1.8630493e-06,0.00013847066,9.073086e-05,2.2445753e-05,4.505704e-05
ISIC_0025614,1,3.408907e-06,0.9999887,1.5105143e-09,4.19937e-08,4.6634685e-10,1.7416589e-08,7.943737e-06
ISIC_0025404,1,0.08211259,0.91778004,4.6792755e-07,4.177679e-06,4.791347e-07,4.1448716e-06,9.8115845e-05
ISIC_0025854,1,8.9191525e-09,0.99996936,2.0397724e-09,1.1158718e-06,1.9406615e-07,2.5875524e-05,3.4627967e-06
ISIC_0025296,1,0.0026064287,0.9973375,1.2485206e-06,8.310725e-07,2.2501972e-05,3.7840076e-07,3.1058167e-05
ISIC_0030037,1,0.0005634931,0.99909365,8.182442e-06,3.284797e-05,1.8840024e-05,4.4200212e-07,0.0002825011
ISIC_0025549,1,2.125973e-05,0.99997866,7.1053954e-09,5.0888783e-08,3.1784672e-10,5.5591403e-09,9.8900394e-08
ISIC_0032239,1,0.00011908114,0.9998123,5.25665e-05,1.2722113e-05,2.3130802e-08,3.9225225e-07,2.9783619e-06
ISIC_0028143,1,4.0497056e-08,0.99999905,6.826447e-07,5.1337445e-10,2.0567741e-08,6.8608124e-08,7.576055e-08
ISIC_0031969,1,7.6512864e-05,0.9999032,5.3139633e-08,3.876681e-07,1.5107863e-08,5.6497024e-06,1.4201049e-05
ISIC_0028383,1,2.0903013e-05,0.9999746,1.7755356e-07,3.6942204e-06,2.4299055e-07,2.6523003e-07,1.2853076e-07
ISIC_0024362,1,1.8410912e-08,0.9999995,6.009178e-09,1.6362998e-10,1.1274523e-11,5.2511797e-07,7.2381314e-09
ISIC_0031535,1,0.00046354393,0.99952865,1.8329145e-07,3.3254257e-06,1.0358921e-07,3.128832e-06,1.0456812e-06
ISIC_0028902,1,1.0621973e-05,0.9999689,4.1258505e-07,3.138997e-07,1.7102897e-05,7.1884806e-08,2.4908513e-06
ISIC_0026244,1,0.00019424158,0.9997652,1.2487621e-07,1.8133152e-05,3.5490002e-06,5.3579436e-07,1.822316e-05
ISIC_0027153,1,2.2646553e-05,0.99997354,2.4644107e-08,5.3565387e-08,3.7363943e-08,7.856534e-07,2.914481e-06
ISIC_0030513,1,8.193364e-08,0.9999962,3.6816012e-09,5.069244e-08,1.0347934e-09,6.770895e-07,2.9813596e-06
ISIC_0030684,1,6.116475e-06,0.99948287,2.7641324e-08,6.3073685e-07,0.0004919589,8.39494e-07,1.7579678e-05
ISIC_0026701,1,8.390011e-07,0.99999595,2.05452e-07,1.373028e-07,1.9481352e-06,4.3956715e-07,5.057202e-07
ISIC_0032413,1,1.4580511e-05,0.99998415,5.456075e-10,7.486259e-10,3.525315e-10,1.0264488e-06,2.0439603e-07
ISIC_0027589,1,0.00012649462,0.99913305,8.097462e-05,0.00015463411,3.6462217e-05,2.995364e-05,0.00043850136
ISIC_0032180,1,4.2783597e-07,0.9999962,1.6791816e-08,2.529535e-06,1.7721396e-07,2.2390516e-09,6.408629e-07
ISIC_0024660,1,0.00027707533,0.99972063,7.575392e-08,5.363615e-07,3.1918646e-08,1.2145365e-06,3.8094785e-07
ISIC_0027857,1,0.00026424672,0.99972254,1.2695676e-07,7.570502e-06,3.7649333e-08,3.514986e-07,5.050502e-06
ISIC_0029906,1,3.815705e-06,0.9999962,5.1494767e-11,1.7402132e-09,4.2771375e-10,1.3374223e-09,4.3280384e-08
ISIC_0024820,1,1.3508017e-05,0.9999529,1.8171025e-07,6.3798466e-06,3.9488896e-08,5.914947e-06,2.0937532e-05
ISIC_0025649,1,2.9322166e-06,0.99999034,6.999406e-08,1.6362188e-07,3.934825e-09,6.386374e-06,1.5252893e-07
ISIC_0031296,1,2.2821977e-08,0.9998066,1.1766097e-07,1.719874e-07,3.0506406e-08,0.00017783663,1.5352676e-05
ISIC_0025137,1,1.1475966e-05,0.9999857,1.1460113e-10,1.2380013e-07,5.954178e-07,3.305841e-08,2.0551743e-06
ISIC_0027148,1,3.000377e-06,0.9999318,6.9042244e-07,1.7475128e-06,6.1670926e-06,1.5650432e-06,5.504654e-05
ISIC_0027534,1,1.3538039e-07,0.9999968,7.768779e-10,5.632426e-09,5.89399e-09,1.5459179e-06,1.5351769e-06
ISIC_0027259,1,0.000100597514,0.99968135,3.4138672e-08,1.5415105e-06,1.4560625e-06,0.00020376155,1.1274839e-05
ISIC_0029377,1,3.491207e-07,0.9999975,2.6274893e-09,1.3364651e-07,3.557642e-07,9.620517e-08,1.5671893e-06
ISIC_0031089,1,0.0015678685,0.9984073,3.6192165e-07,1.148862e-05,7.4461983e-09,5.313842e-08,1.29572245e-05
ISIC_0026505,1,1.6659636e-05,0.99998164,4.0469942e-08,6.4093754e-08,1.2041303e-07,2.168361e-07,1.2352964e-06
ISIC_0031230,1,4.67384e-05,0.9998884,2.7531877e-07,1.7681676e-07,5.6946334e-05,3.1066773e-07,7.1732698e-06
ISIC_0031373,1,8.112504e-07,0.9999939,1.6559886e-07,1.5363433e-07,8.6815355e-09,2.2281371e-08,4.931548e-06
ISIC_0025430,1,1.1765666e-08,0.9999764,1.2135259e-08,3.0794886e-06,2.3604414e-06,1.6154905e-05,1.9528197e-06
ISIC_0026977,1,2.5756228e-07,0.9999956,4.342506e-08,7.010876e-09,2.494946e-09,1.1468503e-08,4.1212597e-06
ISIC_0027570,1,0.0003942209,0.999582,1.744366e-06,1.12123345e-07,1.7073566e-07,1.4740198e-06,2.0318275e-05
ISIC_0030837,1,9.045768e-09,0.99998343,2.993007e-06,3.8375575e-07,1.1466816e-05,1.5012063e-07,1.6744397e-06
ISIC_0030947,1,1.3381229e-05,0.9999858,1.5735957e-10,1.5377293e-07,2.8228048e-10,4.1143117e-08,7.29008e-07
ISIC_0030220,1,3.7155477e-08,0.9999958,4.0525188e-09,1.16959114e-07,2.5507243e-09,6.33342e-07,3.422662e-06
ISIC_0026653,1,1.3351102e-05,0.9991265,0.0008359697,1.7729801e-06,1.45692e-05,7.2681846e-06,5.747938e-07
ISIC_0029364,1,8.58939e-07,0.99995565,1.0787574e-06,1.1859098e-05,1.6540055e-06,2.4607878e-06,2.6437474e-05
ISIC_0025241,1,9.211947e-07,0.99999523,6.785306e-08,1.905454e-07,2.1656521e-07,9.8427044e-08,3.185983e-06
ISIC_0026699,1,1.4714793e-07,0.99999654,9.049476e-09,2.3730903e-08,2.4243327e-06,3.5913865e-07,4.898826e-07
ISIC_0025561,1,6.935698e-08,0.9999964,2.8260146e-07,7.978601e-08,1.2456791e-06,1.7256525e-07,1.7409102e-06
ISIC_0025817,1,0.00141434,0.9985677,1.1328323e-05,6.560132e-08,4.7163232e-07,2.4232618e-06,3.5819298e-06
ISIC_0025361,1,1.6343005e-05,0.99995494,1.762343e-06,2.29058e-05,3.1492985e-07,7.495746e-07,3.084072e-06
ISIC_0024671,1,4.3196042e-07,0.99999917,1.2273438e-11,1.5673299e-09,6.859465e-12,1.338994e-08,4.140746e-07
ISIC_0032054,1,7.974924e-08,0.9999379,8.090706e-08,6.844004e-08,3.570689e-09,6.185894e-05,9.308327e-09
ISIC_0031763,1,9.984467e-09,0.99992,3.9804375e-11,2.0636968e-11,1.6991767e-11,7.9639554e-05,3.8171302e-07
ISIC_0030342,1,1.7758012e-07,0.9999974,7.057925e-10,1.03526885e-08,1.1054539e-06,3.4737542e-09,1.3316272e-06
ISIC_0024427,1,3.2698413e-06,0.999278,1.114337e-06,1.609358e-06,0.0006820299,2.2250826e-07,3.3744273e-05
ISIC_0027247,1,5.6988324e-07,0.9999199,4.318541e-07,9.5225386e-07,7.375224e-05,2.25021e-06,2.0921143e-06
ISIC_0026946,1,1.5829954e-05,0.999967,1.6889534e-06,7.982309e-08,2.7434926e-06,1.2588126e-07,1.24898925e-05
ISIC_0031801,1,0.004475638,0.9955214,2.1512456e-07,2.8051767e-08,3.9244052e-09,1.4925408e-07,2.6332025e-06
ISIC_0031471,1,4.1416024e-07,0.99999523,3.369079e-10,4.2918558e-08,7.741199e-09,2.501051e-07,4.1039734e-06
ISIC_0031030,1,4.252865e-07,0.9999989,8.966392e-09,3.5944428e-08,2.1460165e-08,8.496585e-08,4.3949387e-07
ISIC_0027191,1,6.462709e-10,0.99986756,1.7938502e-09,7.981268e-09,4.4862508e-12,0.00012946616,3.0061447e-06
ISIC_0029595,1,5.7685975e-07,0.9999807,9.609041e-08,4.0741053e-08,6.3104437e-09,1.3591985e-09,1.8619743e-05
ISIC_0026536,1,1.2629723e-08,0.99999917,6.320342e-07,3.7829505e-08,1.9175742e-08,1.2141955e-07,2.1631786e-08
ISIC_0029419,1,2.0261483e-07,0.9981055,3.3725917e-06,1.1225029e-06,9.405851e-07,0.0018754286,1.3441785e-05
ISIC_0025754,1,4.2892752e-06,0.99994016,3.663352e-05,1.7443446e-05,1.0391624e-06,3.656554e-08,4.5911753e-07
ISIC_0028595,1,4.3647506e-07,0.99997187,4.5744358e-08,9.591694e-07,1.1699894e-05,1.4625091e-05,3.803563e-07
ISIC_0026413,1,1.0704717e-05,0.999982,1.3428682e-09,5.0770577e-06,4.817518e-08,1.7982927e-06,2.8203334e-07
ISIC_0028157,1,3.3274034e-06,0.9993356,3.8984812e-08,0.00036392568,0.00013413331,9.86781e-06,0.00015308063
ISIC_0026377,1,4.6960863e-06,0.99888736,3.773642e-06,3.1888726e-06,0.0010740462,2.653956e-05,3.1209362e-07
ISIC_0029074,1,5.658731e-06,0.9999616,1.9026418e-08,1.1034352e-08,1.00898944e-07,3.682171e-08,3.2643504e-05
ISIC_0029084,1,2.3766912e-08,0.9999964,2.3769678e-08,1.3615208e-10,2.3823426e-11,2.8941108e-07,3.3102838e-06
ISIC_0028322,1,0.0001120883,0.9996561,1.4847241e-05,2.446967e-07,0.0002099198,1.0942852e-06,5.754729e-06
ISIC_0025200,1,7.361707e-07,0.99999475,1.589567e-07,7.6187825e-07,7.935879e-08,1.734542e-08,3.570894e-06
ISIC_0027439,1,4.670282e-08,0.9997731,1.0976834e-09,0.00011100545,6.3890405e-07,9.672599e-05,1.8494009e-05
ISIC_0024874,1,4.7062997e-08,0.9966826,0.00020370401,7.4354483e-07,4.5999887e-08,2.9324703e-08,0.0031129078
ISIC_0031427,1,3.3039634e-11,0.9999914,9.488914e-09,3.103482e-09,3.478993e-08,8.48139e-06,1.3111965e-07
ISIC_0029684,1,2.4213088e-07,0.9999896,5.7509155e-06,9.868021e-07,6.1142407e-07,2.8692298e-08,2.7883916e-06
ISIC_0028896,1,9.4318885e-08,0.99999976,3.8134303e-08,1.3050746e-07,2.4568558e-10,9.028611e-09,1.08380105e-08
ISIC_0029057,1,4.0505373e-07,0.99998164,1.2185783e-06,1.4560756e-07,2.4643675e-06,1.8926846e-06,1.221984e-05
ISIC_0024414,1,7.656585e-05,0.9999107,2.3317283e-07,1.2512568e-07,4.4297554e-08,7.627509e-08,1.223852e-05
ISIC_0025560,1,3.2379435e-07,0.9999962,2.3713532e-07,5.1399866e-08,9.444059e-08,8.7461585e-09,3.1605684e-06
ISIC_0028248,1,7.519953e-06,0.9999858,1.8670008e-08,2.3610735e-08,1.0315402e-07,3.2699017e-08,6.5639383e-06
ISIC_0028997,1,1.5233337e-07,0.9984835,2.7140243e-06,0.0010681788,3.3970355e-05,0.00014516199,0.00026628838
ISIC_0028991,1,4.4429897e-05,0.99993885,2.223822e-06,2.3794845e-08,2.106615e-06,9.6960314e-08,1.22163e-05
ISIC_0026999,1,4.1709327e-06,0.99998677,2.0876032e-09,4.2226304e-08,9.151467e-09,5.5909773e-06,3.4219556e-06
ISIC_0029762,1,3.2436676e-06,0.999948,6.1060326e-09,4.5057433e-05,2.4343205e-10,2.2270929e-07,3.4766201e-06
ISIC_0027434,1,0.0013905787,0.9985905,1.2819183e-06,1.7728057e-07,3.6779468e-06,9.741137e-07,1.2805125e-05
ISIC_0031467,1,2.3289505e-05,0.9999746,1.0832778e-08,1.3518901e-07,5.090826e-09,6.6873434e-07,1.1937884e-06
ISIC_0030884,1,9.888505e-07,0.9999727,2.9683991e-07,4.9416784e-08,2.4495732e-05,5.2328097e-08,1.4877482e-06
ISIC_0029483,1,0.00090944784,0.9990866,4.1641883e-07,2.1886456e-06,5.303945e-08,3.0916503e-09,1.3395558e-06
ISIC_0024779,1,2.0838828e-05,0.9999777,2.540287e-10,6.190147e-07,8.0292806e-10,6.83301e-07,1.1617839e-07
ISIC_0025629,1,1.2020503e-05,0.9999826,3.8323245e-07,3.1948755e-08,1.8147794e-08,4.319421e-07,4.510135e-06
ISIC_0029723,1,9.603037e-05,0.9988943,5.09852e-07,0.00011532067,3.922613e-08,3.3439126e-06,0.00089059514
ISIC_0027376,1,1.8563182e-07,0.9999958,7.7153306e-10,1.9945854e-07,5.3029803e-09,2.4850835e-06,1.2348074e-06
ISIC_0024500,1,5.43847e-06,0.9999783,1.8967707e-08,4.5904136e-07,9.3475656e-08,1.9689253e-07,1.5439866e-05
ISIC_0029090,1,5.339567e-09,0.99999726,4.2531862e-09,9.2722566e-08,8.656828e-09,7.5666594e-07,1.8670721e-06
ISIC_0025071,1,4.1479169e-07,0.9999995,2.3274262e-10,5.7329288e-08,4.2741878e-08,1.2075738e-08,1.2188242e-08
ISIC_0029866,1,2.404396e-07,0.9999666,6.6234076e-09,2.9870566e-08,1.1047822e-08,1.2005589e-07,3.3038446e-05
ISIC_0026638,1,2.3148381e-08,0.9999864,8.6678125e-07,7.0197725e-10,6.715536e-09,1.2300352e-05,4.0452872e-07
ISIC_0028249,1,1.9365289e-05,0.9953754,5.1942725e-06,3.747924e-05,2.175462e-06,6.837309e-06,0.0045534805
ISIC_0027173,1,0.00021536245,0.99977845,1.6376451e-07,5.847354e-07,3.031401e-07,4.8018196e-06,3.8731744e-07
ISIC_0024648,1,1.2537172e-06,0.9999987,5.23324e-10,2.3014278e-10,4.0363515e-10,1.1245965e-08,1.9563677e-08
ISIC_0028839,1,7.1364425e-08,0.99999905,1.9737535e-10,4.5396678e-09,2.8865683e-09,3.1623575e-09,9.365593e-07
ISIC_0025258,1,9.200562e-08,0.9999999,9.458415e-10,2.5543386e-08,5.155536e-09,2.8062056e-08,3.1383745e-08
ISIC_0030510,1,3.1719323e-09,0.99999714,1.5945798e-07,6.9366517e-09,2.3996733e-06,1.8957081e-07,4.9774908e-08
ISIC_0028954,1,4.8710417e-06,0.99999404,2.7956647e-08,4.122491e-08,2.1675112e-07,2.755438e-07,5.983429e-07
ISIC_0028492,1,7.6154e-05,0.9897455,0.00016517001,0.0003580372,0.0009628077,3.5523615e-05,0.008656721
ISIC_0028409,1,1.742978e-07,0.99999845,5.4431556e-08,1.9777188e-08,9.45949e-07,9.1105115e-08,2.2779244e-07
ISIC_0030799,1,9.55838e-05,0.9996971,1.2138235e-06,2.6837924e-07,9.0551134e-07,1.0309163e-06,0.00020395684
ISIC_0028363,1,1.0514414e-06,0.999997,1.6338056e-08,5.800634e-07,1.2549494e-06,4.0871853e-08,7.38868e-08
ISIC_0024659,1,1.0541839e-05,0.99968135,2.2619775e-09,7.108691e-05,4.721725e-06,0.00022431946,7.962005e-06
ISIC_0024735,1,1.1351663e-08,0.99999976,1.2510161e-09,2.35493e-09,1.6385372e-09,2.8739214e-07,1.6173187e-08
ISIC_0032237,1,8.1113766e-10,0.9999995,8.022165e-11,1.038224e-07,2.5156757e-09,2.8720547e-07,6.490278e-08
ISIC_0028516,1,0.00033627343,0.9996551,6.359428e-06,4.514938e-07,2.2784023e-07,4.6337465e-07,1.0774831e-06
ISIC_0025733,1,2.5076895e-06,0.99999225,1.1208076e-08,3.108529e-07,3.5422347e-06,4.778682e-08,1.340049e-06
ISIC_0028407,1,5.4954023e-07,0.99999785,2.2964514e-08,2.2326596e-08,3.577325e-07,1.8283014e-08,1.1968314e-06
ISIC_0025174,1,1.2402664e-07,0.99999964,6.847654e-11,9.453778e-10,3.2407568e-09,2.3504123e-08,2.8450015e-07
ISIC_0025348,1,9.206606e-07,0.99992645,1.2537437e-06,1.8140219e-06,6.62838e-05,4.7530546e-07,2.7998278e-06
ISIC_0024956,1,0.0019371773,0.9978485,1.4708049e-05,6.8678244e-05,3.2866912e-05,4.533949e-06,9.353844e-05
ISIC_0028483,1,1.3032147e-06,0.99976903,8.145589e-06,0.00012700415,9.3879746e-05,5.166388e-07,1.4181335e-07
ISIC_0031739,1,1.0317307e-07,0.9999989,7.277376e-08,4.851244e-07,2.0493229e-07,3.38857e-08,2.6662423e-07
ISIC_0027028,1,2.471774e-07,0.9999982,1.0117349e-09,1.3868669e-08,1.7895946e-08,9.925225e-09,1.4981285e-06
ISIC_0031227,1,1.6302135e-06,0.99989676,2.5989753e-09,9.597644e-05,3.2607827e-06,2.9465812e-07,2.1612561e-06
ISIC_0030398,1,2.818839e-07,0.9999994,6.056059e-11,1.2245184e-09,4.587178e-08,1.6609737e-07,1.06479874e-07
ISIC_0028074,1,4.42698e-06,0.999982,6.110962e-08,5.617007e-07,2.5903108e-07,1.4196765e-07,1.2507029e-05
ISIC_0027380,1,3.4151857e-05,0.99995816,1.1391895e-09,1.0792509e-06,1.581627e-08,4.90388e-08,6.6072803e-06
ISIC_0032171,1,6.809137e-06,0.9991604,5.03695e-09,7.468253e-08,1.6280491e-07,3.669922e-05,0.00079586124
ISIC_0027372,1,0.018005013,0.98186743,1.3191102e-06,3.222592e-06,2.451987e-05,1.2416613e-05,8.6032516e-05
ISIC_0026058,1,1.0988291e-06,0.99999857,8.5786056e-08,1.5109938e-08,8.7254556e-08,1.3098023e-09,1.1927649e-07
ISIC_0028942,1,2.9732158e-07,0.9999833,4.2549017e-10,5.953511e-07,2.5535766e-07,6.137986e-09,1.5545555e-05
ISIC_0026228,1,2.5292425e-07,0.9999963,2.3281536e-06,3.3729048e-08,6.9859766e-08,2.777559e-07,8.199326e-07
ISIC_0029047,1,2.0138303e-08,0.9999883,1.5423957e-06,3.9664084e-07,6.675401e-08,4.7169404e-08,9.649943e-06
ISIC_0030494,1,1.2959328e-09,1.0,6.5436356e-10,5.7470706e-10,4.7814087e-08,2.3881693e-08,6.511518e-09
ISIC_0030527,1,2.1717527e-07,0.99999964,8.50458e-09,6.5917907e-09,5.5722854e-08,6.188839e-08,1.5195736e-08
ISIC_0029205,1,1.0548211e-05,0.99998236,2.654921e-08,1.6765084e-08,9.0438654e-08,8.589108e-08,6.8895474e-06
ISIC_0026338,1,1.6202282e-06,0.99998796,7.061336e-09,6.729478e-07,4.1695392e-07,2.2171128e-06,7.0435904e-06
ISIC_0032298,1,1.1842465e-09,1.0,2.5700943e-12,2.7412171e-11,4.964474e-13,3.1330265e-09,1.1532907e-09
ISIC_0026387,1,4.810828e-07,0.99999857,4.461041e-09,1.9558104e-09,7.795782e-09,3.954278e-08,8.8284315e-07
ISIC_0028895,1,3.1192435e-09,0.999671,7.3190786e-05,4.868766e-08,3.226817e-08,0.0002556684,2.235045e-07
ISIC_0029175,1,1.5079925e-05,0.99992085,6.4555206e-06,1.2554201e-06,2.0843236e-06,2.160722e-05,3.26474e-05
ISIC_0027879,1,8.634493e-09,0.99994683,6.7227033e-09,6.4298383e-10,3.5941305e-09,5.3014974e-05,1.387712e-07
ISIC_0024536,1,2.3079097e-06,0.9999949,1.1846437e-07,1.7988922e-06,8.998639e-08,6.8154446e-07,1.49598e-07
ISIC_0029478,1,2.1842704e-08,0.99999964,2.2937348e-10,3.790283e-08,1.9783096e-08,8.900508e-09,3.627811e-07
ISIC_0028398,1,4.937604e-06,0.99996984,5.1263225e-07,1.0767411e-07,2.2557231e-05,1.712608e-08,1.9922004e-06
ISIC_0031551,1,2.7457658e-09,0.9999995,3.549454e-11,1.8565373e-11,1.3855473e-11,4.4834576e-07,5.1402388e-08
ISIC_0030924,1,2.8568797e-07,0.99992883,1.7505316e-06,9.668309e-06,2.6508744e-05,1.1706627e-06,3.1713742e-05
ISIC_0024645,1,5.2668267e-05,0.99994683,3.3268607e-10,9.137075e-10,4.2512746e-10,1.17780104e-07,3.7717317e-07
ISIC_0032064,1,6.297914e-07,0.9999882,3.371379e-08,9.460209e-08,5.3973093e-09,2.1346398e-07,1.0826849e-05
ISIC_0028691,1,2.1011356e-05,0.9999602,1.7742126e-06,1.1014051e-07,8.646771e-09,3.13688e-06,1.3758496e-05
ISIC_0027508,1,4.8930233e-06,0.9999924,1.7748857e-08,3.502745e-09,3.71447e-09,1.8768565e-08,2.6559783e-06
ISIC_0027603,1,0.00029503077,0.9997019,6.3261626e-07,4.6287693e-07,6.7996604e-09,1.3621433e-06,6.420664e-07
ISIC_0028824,1,1.7920915e-07,0.9992731,0.0006834303,2.0864277e-07,5.1808756e-06,2.4578902e-05,1.3275366e-05
ISIC_0028541,1,1.217037e-07,0.99999833,2.0285885e-08,2.4861862e-07,6.070338e-10,8.878341e-08,1.1840261e-06
ISIC_0029433,1,8.139544e-06,0.9999918,3.610666e-09,4.669117e-10,1.9022963e-08,5.187343e-09,9.387822e-08
ISIC_0028470,1,1.80859e-05,0.999974,3.415531e-08,2.0085652e-08,1.1878674e-06,5.0712003e-08,6.722691e-06
ISIC_0029922,1,5.522478e-07,0.99999654,4.9248565e-09,4.911051e-08,2.6540878e-08,2.2479394e-06,6.571402e-07
ISIC_0030252,1,2.972436e-07,0.9999993,7.164574e-10,1.02726626e-10,2.6388998e-09,1.2174735e-09,4.2266697e-07
ISIC_0025204,1,9.0954916e-07,0.99999297,1.4887719e-08,1.3146913e-08,1.5240008e-07,5.9571263e-08,5.929365e-06
ISIC_0028000,1,0.0004785771,0.9978224,2.6986189e-07,0.0014874352,1.0530849e-07,1.5980547e-06,0.0002096023
ISIC_0028506,1,0.00092534686,0.9987897,8.526137e-07,1.3412871e-06,2.3255163e-07,4.2378414e-07,0.00028201897
ISIC_0028256,1,3.58443e-07,0.9982375,7.3311767e-06,2.4841624e-05,0.0016529353,6.562447e-05,1.1438109e-05
ISIC_0024844,1,1.6435061e-08,0.9999925,1.2109459e-09,3.8602675e-08,6.397586e-06,7.568066e-07,4.332468e-07
ISIC_0031493,1,9.451541e-06,0.9999802,1.7601964e-07,1.5158807e-06,7.689494e-08,9.8641316e-08,8.3656105e-06
ISIC_0032473,1,2.2033125e-06,0.9999831,6.975126e-08,4.3893678e-08,4.4421817e-09,1.3885567e-05,8.387303e-07
ISIC_0025624,1,6.885044e-07,0.9995332,1.7795522e-06,9.628838e-09,0.0004639257,8.687195e-08,3.2975248e-07
ISIC_0025882,1,0.00011391328,0.99986196,9.2517524e-07,2.0137436e-07,9.943551e-07,6.728207e-07,2.119607e-05
ISIC_0031979,1,1.798589e-05,0.9999728,1.1262623e-06,7.922106e-07,2.3636156e-08,2.4805017e-06,4.650427e-06
ISIC_0029738,1,2.2361071e-05,0.999959,6.605458e-08,9.760633e-08,6.287111e-08,1.6473002e-06,1.6780219e-05
ISIC_0031627,1,8.721483e-10,1.0,5.7403193e-11,6.8764864e-12,1.3252531e-10,6.0598127e-09,3.3371716e-08
ISIC_0030304,1,0.00053498993,0.9994572,2.013972e-06,1.15422345e-07,3.7649373e-09,4.5812167e-06,1.2279014e-06
ISIC_0030982,1,0.06406959,0.9358597,1.8412092e-07,3.4088046e-07,1.00536106e-07,4.3217697e-06,6.5837274e-05
ISIC_0027059,1,3.766119e-06,0.999985,1.0937749e-06,5.4111456e-07,1.2363717e-08,1.4953781e-06,7.995581e-06
ISIC_0027483,1,3.3791002e-05,0.9999578,7.1861643e-07,1.3583932e-08,6.3431855e-08,1.5174109e-07,7.5577323e-06
ISIC_0032160,1,0.00018207543,0.9996131,6.728297e-05,1.4932981e-05,7.238769e-06,4.6259333e-06,0.00011081984
ISIC_0032178,1,2.146417e-06,0.99990416,1.3507317e-09,8.767268e-05,1.127767e-06,4.6810574e-06,1.3839589e-07
ISIC_0025845,1,4.948803e-07,0.99999774,1.3013776e-08,2.0079693e-08,1.3869165e-08,9.491984e-08,1.665953e-06
ISIC_0031444,1,8.8360626e-05,0.9999088,1.4759711e-09,1.3724065e-06,8.3947654e-10,1.0400113e-06,3.8028043e-07
ISIC_0032452,1,7.908506e-08,0.98545027,1.1942735e-06,0.013915629,0.0006168651,3.209071e-06,1.2844635e-05
ISIC_0029754,1,3.6674724e-08,0.99999964,4.229169e-10,1.8669082e-09,2.031498e-09,5.967629e-08,1.5553785e-07
ISIC_0028176,1,7.240666e-06,0.9999695,1.6072088e-05,5.293405e-08,1.2376532e-07,3.9248512e-08,7.0354918e-06
ISIC_0028416,1,5.8838973e-06,0.9999932,1.9458115e-07,4.962936e-09,2.8320205e-10,3.0753475e-07,3.154947e-07
ISIC_0024499,1,2.9344247e-07,0.9991761,6.746509e-07,2.3286457e-08,0.00078848214,6.3078837e-06,2.8114384e-05
ISIC_0028181,1,0.00034007774,0.9993117,4.3969308e-07,6.026022e-06,0.00018306015,0.000110883666,4.7800524e-05
ISIC_0026196,1,2.538846e-07,0.9999981,4.5198614e-09,9.87526e-09,2.4027623e-08,5.368607e-08,1.5855942e-06
ISIC_0030084,1,6.514832e-05,0.99992704,4.475356e-08,7.040851e-06,1.9723265e-08,1.6979312e-08,6.8252587e-07
ISIC_0029428,1,4.6144902e-07,0.99999774,4.4632835e-09,2.0969853e-08,6.863556e-07,1.764667e-08,1.1290391e-06
ISIC_0031324,1,5.0406998e-06,0.99998283,1.8485252e-10,5.756498e-07,3.0403946e-09,7.3012663e-09,1.1532479e-05
ISIC_0026356,1,8.982999e-06,0.9999871,3.1688165e-07,5.3394618e-09,8.029299e-09,1.1160337e-09,3.5908138e-06
ISIC_0027555,1,2.748075e-05,0.9999721,1.0298506e-08,3.4755434e-08,1.5271407e-07,5.913359e-09,2.514357e-07
ISIC_0025423,1,0.00014861225,0.9998197,5.701093e-07,3.0353334e-07,3.0091854e-07,1.8423664e-07,3.0209923e-05
ISIC_0027746,1,1.1845963e-06,0.9999715,4.3985942e-08,1.1055213e-06,5.809839e-06,6.320701e-06,1.4005939e-05
ISIC_0031179,1,4.3936714e-05,0.99995065,1.3423742e-07,1.665409e-08,2.9680745e-08,7.782054e-09,5.2029623e-06
ISIC_0029648,1,7.2497954e-09,0.9999999,2.2291908e-09,6.762065e-09,2.403123e-09,5.563228e-08,6.069856e-08
ISIC_0032127,1,5.001174e-07,0.9999026,1.08912324e-07,6.9611255e-05,2.3775216e-05,1.4157519e-06,1.9698534e-06
ISIC_0024622,1,7.4208947e-07,0.9999945,1.2474814e-06,1.1668423e-07,3.4165133e-08,1.0488054e-07,3.2501168e-06
ISIC_0029935,1,3.1138803e-09,0.99999654,7.954791e-08,4.369527e-07,1.0302063e-07,9.978758e-07,1.7846885e-06
ISIC_0031994,1,2.6473517e-06,0.9999796,6.548279e-06,1.2309373e-07,2.8509987e-07,9.403873e-06,1.3148531e-06
ISIC_0026509,1,3.6408433e-06,0.99999535,3.2937428e-09,1.0645426e-07,5.6726816e-07,2.371401e-07,1.3233117e-07
ISIC_0032286,1,0.03377178,0.96616566,1.1042983e-05,3.495798e-05,3.9506845e-06,5.0106637e-06,7.4693844e-06
ISIC_0024591,1,0.0003779007,0.99962175,2.5879665e-10,8.303308e-09,3.047393e-10,1.2022723e-07,2.345594e-07
ISIC_0029228,1,1.626125e-08,0.9999597,6.842498e-11,1.2002124e-08,2.5196797e-10,2.2119011e-06,3.8042388e-05
ISIC_0028274,1,1.0452609e-06,0.99997807,7.481728e-07,1.0057585e-06,5.855305e-06,1.3051838e-06,1.1993151e-05
ISIC_0031549,1,6.562346e-05,0.999861,2.943228e-06,1.8015903e-06,5.542205e-05,1.9835836e-06,1.1177697e-05
ISIC_0025111,1,1.355273e-06,0.99981815,1.060073e-05,8.072394e-05,7.3452335e-05,4.454837e-07,1.5315913e-05
ISIC_0024766,1,1.7485142e-07,0.99999976,8.5309355e-12,4.6375686e-09,3.9122522e-10,1.3547371e-08,1.2174794e-08
ISIC_0027015,1,2.2838445e-07,0.9999989,1.1180522e-08,8.51432e-11,8.772672e-07,2.771663e-09,1.2794472e-08
ISIC_0026463,1,0.007594156,0.99238175,6.8455552e-09,1.2648377e-05,1.2735221e-07,8.5459834e-07,1.0442254e-05
ISIC_0031684,1,6.3897824e-06,0.9999927,2.526585e-08,7.427632e-08,6.840604e-07,2.2473412e-08,1.10089694e-07
ISIC_0029709,1,3.5209755e-08,0.9999988,1.7222452e-07,2.3110903e-08,4.1496034e-07,3.4089382e-08,5.2813147e-07
ISIC_0030419,1,7.4423707e-07,0.99999857,3.3678325e-09,3.8104213e-09,6.1076894e-10,3.286778e-07,3.1516979e-07
ISIC_0030745,1,0.96903473,0.030883519,4.0064865e-06,2.0438517e-06,4.0586883e-06,8.77117e-07,7.071666e-05
ISIC_0031780,1,7.9567775e-07,0.99999774,1.7077042e-08,3.5710528e-07,3.3260008e-07,2.602991e-07,4.9513903e-07
ISIC_0025110,1,0.0020480081,0.997943,1.268532e-06,2.259873e-07,2.5545921e-06,1.1223201e-06,3.9036813e-06
ISIC_0027694,1,0.00066090625,0.99928015,2.797651e-07,6.3900933e-07,5.2127098e-06,5.5099287e-07,5.2292333e-05
ISIC_0029616,1,1.1557385e-06,0.9999987,2.7892172e-08,1.7242506e-08,1.5356555e-08,4.8525757e-09,1.3735924e-07
ISIC_0030454,1,1.5797884e-08,0.99999857,1.6408801e-10,1.5642291e-09,1.421799e-12,7.802231e-07,6.1507495e-07
ISIC_0026899,1,1.4087414e-06,0.99999774,7.430614e-07,2.5898759e-08,4.715858e-09,3.3435292e-08,1.05111575e-07
ISIC_0027692,1,1.4592878e-08,1.0,9.96369e-09,4.89471e-09,6.2765876e-11,1.3152974e-08,2.925269e-09
ISIC_0025496,1,1.5294952e-06,0.99999774,3.8343566e-07,2.8292975e-09,2.1841505e-07,4.62843e-09,1.3937897e-07
ISIC_0026284,1,3.0132087e-06,0.9999964,2.7284044e-09,1.1774051e-08,7.7579e-08,6.4696046e-08,4.1457525e-07
ISIC_0028725,1,3.8583134e-06,0.9999945,7.218136e-08,5.7045377e-09,1.4866099e-07,3.4812143e-08,1.4009528e-06
ISIC_0028469,1,3.1200088e-07,0.9988201,3.0897296e-09,0.0010955042,2.7551553e-07,3.2019794e-05,5.1721825e-05
ISIC_0030750,1,5.0400376e-07,0.9999969,3.0519764e-09,2.0802891e-07,6.195436e-08,1.5408438e-07,2.2122979e-06
ISIC_0031516,1,5.646491e-08,0.99999547,8.8625306e-08,6.9110078e-09,1.606702e-07,1.6628817e-07,4.058979e-06
ISIC_0030788,1,1.8860385e-08,0.9999975,3.1750645e-08,1.1116036e-08,1.0589818e-07,2.2401214e-06,1.3655372e-07
ISIC_0028708,1,6.2398094e-06,0.9999858,1.5834016e-10,6.25084e-06,1.3875947e-06,4.0345972e-07,3.1329236e-08
ISIC_0029262,1,0.00023925577,0.99975306,2.4252765e-07,5.164158e-07,4.624016e-07,3.0192786e-07,6.199339e-06
ISIC_0027511,1,6.551471e-05,0.99982834,5.080639e-07,9.256653e-06,3.5159046e-05,2.360754e-06,5.878483e-05
ISIC_0027890,1,9.551297e-08,0.9999825,1.3808054e-09,1.0557778e-06,9.883835e-08,1.5588193e-05,6.1708965e-07
ISIC_0024354,1,1.292923e-07,0.9999778,8.155697e-07,3.5756113e-08,2.0586253e-05,1.250706e-07,5.3549354e-07
ISIC_0028811,1,2.2158954e-08,0.9999949,8.510896e-10,1.4831712e-08,4.8782563e-06,5.0413878e-09,1.9250592e-07
ISIC_0027001,1,2.2344943e-07,0.99999857,1.9739634e-10,5.911223e-10,5.026931e-11,8.76625e-10,1.1650385e-06
ISIC_0032295,1,2.442413e-06,0.9927019,2.8745137e-06,0.0040585906,2.650748e-05,2.1815115e-06,0.003205552
ISIC_0029969,1,5.4869827e-07,0.99997795,2.0674246e-08,2.3171431e-07,1.7707349e-06,1.2113639e-05,7.2643343e-06
ISIC_0024810,1,2.0763541e-07,0.99999857,8.507674e-08,3.8594294e-08,1.2599669e-07,8.24149e-07,2.0938009e-07
ISIC_0025552,1,8.208526e-09,0.99999917,6.021938e-08,2.023574e-08,8.491856e-08,1.9980247e-07,3.9342856e-07
ISIC_0024627,1,6.972655e-06,0.9963271,1.3237219e-06,1.7229208e-06,3.842212e-07,3.3503548e-07,0.0036620488
ISIC_0027586,1,1.2045325e-06,0.99999547,4.470541e-09,3.7552446e-08,5.032756e-08,3.0853328e-06,1.2253676e-07
ISIC_0031683,1,5.2686186e-08,0.9999242,2.5366722e-08,3.1737845e-06,1.1664815e-06,6.6208695e-06,6.47274e-05
ISIC_0028002,1,1.099415e-09,0.9999951,8.3033603e-07,2.4349208e-06,3.824997e-07,7.0972256e-08,1.2133207e-06
ISIC_0024530,1,2.2424206e-07,0.9999957,1.9390012e-09,1.3931728e-07,1.6107403e-07,1.1097902e-08,3.812375e-06
ISIC_0027906,1,3.4830239e-06,0.9999839,2.0894247e-06,3.8091024e-08,7.3286246e-06,6.022788e-08,3.0189494e-06
ISIC_0025857,1,1.660772e-06,0.9999175,6.996611e-05,7.0207493e-06,9.437212e-08,1.1006792e-06,2.6669877e-06
ISIC_0030648,1,4.2225223e-09,0.9999999,2.0030637e-10,1.2936687e-08,3.8940082e-09,1.6499186e-07,1.4947972e-08
ISIC_0030489,1,0.0013964163,0.998596,1.9202648e-07,4.4761538e-07,1.6509313e-06,9.879417e-08,5.182256e-06
ISIC_0030879,1,7.6982666e-08,0.9999703,5.1165694e-06,6.7809774e-06,9.6634e-06,4.1056384e-07,7.727727e-06
ISIC_0030345,1,6.263644e-09,0.9999945,6.0405773e-07,1.4197036e-07,1.4533543e-07,1.17428085e-08,4.637498e-06
ISIC_0024316,1,3.813849e-07,0.9999975,1.336738e-07,6.270694e-08,2.5773008e-07,1.1458434e-06,3.8815227e-07
ISIC_0029629,1,7.854634e-08,0.9999944,2.0033622e-10,4.7104913e-06,3.6606952e-08,1.7820935e-07,6.1694874e-07
ISIC_0024722,1,1.3365965e-07,0.99999654,6.4030536e-07,6.180583e-09,7.6820555e-08,1.3904843e-06,1.1279078e-06
ISIC_0031397,1,2.0686326e-05,0.9998424,3.822154e-06,0.00010872393,6.1019364e-07,2.3296756e-05,5.057661e-07
ISIC_0025848,1,2.5110805e-05,0.9999317,2.4185528e-08,3.385792e-07,7.18491e-08,3.987738e-05,2.853061e-06
ISIC_0031342,1,2.3841838e-07,0.9999486,1.78765e-08,1.1223949e-05,3.2077438e-05,5.6703366e-06,2.125472e-06
ISIC_0026898,1,6.5798904e-06,0.9999746,6.031426e-07,1.7218824e-06,2.002104e-06,7.5821954e-06,6.8674008e-06
ISIC_0031859,1,6.266084e-06,0.9999896,8.725124e-09,9.742537e-08,8.2124575e-07,1.0029545e-07,3.0948893e-06
ISIC_0027078,1,1.6326665e-05,0.9999789,1.1515321e-09,1.1402186e-07,6.63076e-08,9.152234e-09,4.553806e-06
ISIC_0031066,1,0.00068371336,0.9993143,1.9424025e-08,4.3349954e-07,1.2679063e-10,1.3739116e-06,6.96553e-08
ISIC_0027841,1,0.0016439509,0.9982804,1.8818954e-08,5.774418e-07,5.2588214e-09,5.1058037e-06,6.996676e-05
ISIC_0025176,1,3.8259298e-08,0.99999344,2.5447813e-08,2.2903264e-06,9.7017036e-08,3.837243e-06,2.683618e-07
ISIC_0027396,1,2.2992765e-07,0.9999994,3.7141632e-09,1.9203845e-09,2.4826134e-09,4.348529e-09,3.5096613e-07
ISIC_0024817,1,7.314952e-08,0.99999535,3.415692e-06,1.1748958e-08,1.7920429e-07,8.282277e-07,1.5917433e-07
ISIC_0030627,1,0.034877624,0.94271374,0.0019420927,0.0018315179,0.00014815897,0.00012520052,0.018361587
ISIC_0027039,1,1.383122e-06,0.99999785,5.4207545e-11,2.3999027e-09,1.5233027e-08,4.0295123e-09,7.94764e-07
ISIC_0031109,1,9.255111e-06,0.99998784,8.480781e-09,4.5465338e-08,1.8322129e-09,2.5353272e-06,4.195454e-07
ISIC_0030638,1,1.457277e-07,0.9985682,1.1010257e-08,0.0013162076,0.00011453106,4.487419e-07,4.025029e-07
ISIC_0025686,1,1.3693008e-07,0.9999995,9.9196974e-08,1.617947e-07,7.9716905e-08,1.32373055e-08,6.441941e-09
ISIC_0026598,1,9.09694e-06,0.99993145,2.5250634e-05,3.9379609e-07,2.241321e-05,7.4730906e-06,3.9503984e-06
ISIC_0026563,1,1.7519615e-05,0.9999485,9.2771595e-09,3.4131617e-06,2.6543696e-05,1.443298e-06,2.5824509e-06
ISIC_0029151,1,1.3259286e-06,0.9999982,2.9783984e-10,1.4347552e-08,3.4243644e-10,4.72144e-09,4.1880537e-07
ISIC_0031020,1,5.6537527e-08,0.9999913,1.5595921e-08,2.7618077e-07,8.9674615e-11,7.4875197e-06,8.9809254e-07
ISIC_0031641,1,5.064965e-08,0.99998534,2.370405e-07,2.867445e-08,1.2575651e-05,4.9737974e-08,1.8308592e-06
ISIC_0031205,1,0.0004884016,0.99948514,3.1423298e-07,5.959956e-07,4.443306e-06,1.8255483e-07,2.0855456e-05
ISIC_0028138,1,1.4317983e-06,0.9999894,1.2747915e-09,4.7577237e-06,6.445566e-08,2.7045144e-06,1.5591355e-06
ISIC_0027977,1,0.1845174,0.81429315,1.5401324e-06,0.0009825078,3.071753e-06,6.399157e-05,0.00013833004
ISIC_0029165,1,6.663768e-06,0.99996436,2.3885605e-06,1.0063967e-05,1.153418e-05,8.0420904e-07,4.15721e-06
ISIC_0026193,1,0.0022990876,0.9976169,7.159007e-06,2.651513e-07,2.5573304e-06,1.2377e-06,7.2873685e-05
ISIC_0025233,1,1.5215244e-07,0.9999994,7.495838e-12,5.7594512e-08,1.8730933e-08,2.1016978e-08,4.539003e-07
ISIC_0027095,1,1.7739668e-06,0.99997234,5.8080263e-10,1.0056246e-07,5.923393e-10,1.5467567e-07,2.5628367e-05
ISIC_0030030,1,1.131905e-05,0.9997763,0.00020941893,1.2828116e-06,1.9194933e-07,2.7379525e-07,1.2145636e-06
ISIC_0025933,1,0.0001677099,0.99931896,0.0004704864,2.8104863e-05,6.7169353e-06,1.2396922e-06,6.7844435e-06
ISIC_0032012,1,1.8853374e-05,0.9998654,8.7071596e-05,8.846315e-06,1.513597e-05,3.09802e-07,4.335052e-06
ISIC_0027741,1,8.6726016e-07,0.99992454,2.2575877e-09,3.4657138e-08,5.529044e-08,7.131466e-05,3.304085e-06
ISIC_0026306,1,2.9466732e-06,0.99999523,3.352007e-08,1.0331818e-06,5.587514e-07,7.1097834e-09,1.5619865e-07
ISIC_0024557,1,1.2148905e-07,0.9999974,2.2264796e-08,4.947881e-09,8.869696e-09,1.5101566e-08,2.424557e-06
ISIC_0031717,1,1.2858518e-06,0.99985087,1.3128847e-06,6.529173e-06,9.853873e-05,1.0179383e-05,3.1277297e-05
ISIC_0031487,1,5.4755002e-08,0.999997,6.8317726e-11,6.532898e-08,6.656004e-07,1.8177201e-07,1.8578603e-06
ISIC_0025342,1,2.1212967e-08,0.99987066,5.8713186e-07,4.289275e-08,2.7165668e-06,4.6382527e-05,7.965189e-05
ISIC_0031568,1,2.8454956e-06,0.99999547,5.609326e-09,1.9370917e-07,2.5900297e-07,3.4655582e-07,8.585048e-07
ISIC_0031879,1,4.5743767e-05,0.9999528,9.80928e-07,2.4282505e-08,3.1636972e-08,3.3796873e-08,4.6164703e-07
ISIC_0027845,1,0.002992644,0.99627125,5.665157e-06,0.00048113233,6.67594e-05,3.869527e-07,0.00018220511
ISIC_0032177,1,5.0452223e-07,0.9999913,7.175584e-07,4.161721e-08,3.8796315e-08,6.7524547e-06,6.013136e-07
ISIC_0027075,1,4.9944833e-07,0.99999917,1.0218716e-08,4.928967e-09,3.102478e-08,2.226059e-08,2.5168913e-07
ISIC_0032435,1,2.9713252e-05,0.99992216,1.2779657e-05,7.4385143e-06,2.5573136e-06,1.1831452e-05,1.3545735e-05
ISIC_0030320,1,3.801986e-05,0.99996054,6.5413813e-10,1.3455269e-08,1.17658825e-08,6.360276e-07,8.526849e-07
ISIC_0024325,1,1.0302148e-06,0.99999654,1.4775998e-08,8.171382e-07,3.309266e-07,5.8889583e-08,1.2373863e-06
ISIC_0031283,1,9.897603e-07,0.99999416,3.7607734e-08,1.8739804e-08,3.943035e-06,6.097437e-08,7.871914e-07
ISIC_0029987,1,4.1514213e-06,0.9999939,7.1201455e-08,1.1732275e-09,3.3743608e-10,8.09696e-09,1.8764713e-06
ISIC_0024651,1,2.4812814e-06,0.99998474,7.606973e-09,1.5718356e-07,5.492451e-08,1.1314993e-06,1.1565367e-05
ISIC_0030500,1,3.1575678e-07,0.99999964,2.923784e-09,2.3432659e-10,3.404149e-10,1.4326817e-08,3.843271e-09
ISIC_0031936,1,3.2032915e-07,0.99999785,6.2830363e-09,1.5859544e-07,1.5521564e-08,1.6569146e-07,1.5069435e-06
ISIC_0025344,1,2.0023135e-06,0.99999714,7.647514e-08,1.2222593e-09,3.5643205e-07,3.2752524e-07,5.366933e-08
ISIC_0031047,1,7.513583e-06,0.9999919,2.1344654e-08,2.7842748e-09,1.9960467e-07,1.0476104e-08,3.1301312e-07
ISIC_0030040,1,0.019796805,0.9766011,1.0629917e-06,1.6793761e-05,1.4381344e-08,4.556744e-07,0.0035838103
ISIC_0025660,1,4.1334356e-06,0.99999213,3.2292817e-08,2.9718572e-08,1.3238717e-07,1.8468167e-07,3.3084962e-06
ISIC_0031885,1,2.6104336e-08,0.9998247,4.1526704e-08,3.629436e-07,8.231483e-10,3.6722187e-05,0.00013817067
ISIC_0027685,1,3.7136746e-05,0.99989724,1.9940674e-07,6.3564477e-07,1.7352628e-08,2.1145172e-07,6.455704e-05
ISIC_0029280,1,4.3386826e-06,0.99964595,7.778826e-08,6.239893e-07,0.0003478787,1.1187421e-06,9.11592e-08
ISIC_0028564,1,9.592713e-07,0.999979,9.210906e-06,1.5179925e-06,1.0431617e-06,4.1228404e-07,7.852686e-06
ISIC_0029942,1,3.277546e-07,0.9999981,4.132841e-10,4.846089e-09,7.003199e-08,6.604998e-08,1.3828704e-06
ISIC_0027787,1,3.2438558e-07,0.9999932,1.7424036e-07,4.4350435e-07,3.3280692e-06,1.4351832e-06,1.1098743e-06
ISIC_0025841,1,0.00015497534,0.9998425,1.3037859e-09,8.0806196e-08,2.2715618e-08,2.0174002e-06,3.4911324e-07
ISIC_0027891,1,1.517868e-06,0.9999771,2.1532803e-06,1.4216619e-06,1.5571291e-05,2.7468934e-07,1.9360282e-06
ISIC_0030685,1,1.7202698e-06,0.9999932,8.9076355e-09,4.645774e-08,6.3272054e-08,1.205068e-07,4.913237e-06
ISIC_0027329,1,8.257386e-07,0.99999905,6.685839e-10,3.9525191e-10,1.06253055e-10,4.055681e-08,7.570379e-08
ISIC_0028199,1,6.223292e-08,0.99996626,2.419935e-10,8.7038726e-10,1.4178955e-10,2.3144703e-07,3.3401528e-05
ISIC_0030343,1,1.9159627e-06,0.9999957,1.9739614e-10,2.8665395e-08,1.1434475e-08,2.2368108e-06,1.3938892e-07
ISIC_0025091,1,2.527014e-08,0.9998802,2.7512844e-08,2.0591682e-07,2.1019873e-09,0.000118879536,6.323201e-07
ISIC_0029977,1,1.6464586e-05,0.9999815,4.2536769e-10,1.4571304e-08,3.5306183e-08,3.4181068e-07,1.6212273e-06
ISIC_0031328,1,4.1852792e-07,0.9996561,2.0335997e-06,5.339698e-06,4.2510586e-05,0.00028898267,4.6148302e-06
ISIC_0031737,1,8.8089736e-10,0.99999475,4.303202e-06,4.973595e-09,2.0946219e-07,6.245932e-08,6.1639497e-07
ISIC_0027180,1,3.4690038e-05,0.9999573,2.3904416e-08,1.2905898e-08,1.2859778e-06,4.3748323e-06,2.2874387e-06
ISIC_0028162,1,6.735997e-08,0.99999917,4.5082015e-08,3.9252445e-08,4.570339e-08,3.3591114e-08,6.852159e-07
ISIC_0030749,1,3.822336e-06,0.99999595,3.2714056e-09,3.8921137e-09,6.9185413e-09,1.4377139e-07,8.198568e-08
ISIC_0032037,1,7.654552e-08,0.9999995,4.569304e-08,8.857301e-10,6.918491e-08,1.7852571e-08,2.6161882e-07
ISIC_0025688,1,2.2881338e-07,0.9972024,4.5742186e-07,0.00020479516,2.5805855e-06,2.0685155e-05,0.0025688978
ISIC_0028802,1,9.713298e-07,0.9999962,2.5214845e-07,7.7031665e-08,1.7975378e-08,1.7427595e-07,2.3732096e-06
ISIC_0026294,1,2.3494383e-06,0.99999523,1.0764913e-07,1.1488017e-06,1.4490857e-07,6.535981e-07,3.2949333e-07
ISIC_0024992,1,1.8738808e-07,0.99995005,1.10787894e-07,2.1351894e-07,5.3815942e-08,2.095904e-06,4.7182606e-05
ISIC_0024628,1,2.0765077e-07,0.99999917,1.3275196e-07,1.2022737e-08,9.10396e-10,5.2395198e-08,4.3405612e-07
ISIC_0031768,1,3.5042014e-08,0.99997854,1.4470648e-07,4.4551967e-08,5.1677933e-08,4.7498015e-06,1.644147e-05
ISIC_0030097,1,4.7084672e-08,0.99996614,6.156174e-08,1.2859412e-06,2.2768845e-07,2.0928906e-05,1.1228471e-05
ISIC_0025880,1,2.423361e-06,0.9999875,7.3680027e-09,3.263446e-08,4.6977783e-07,8.429058e-06,1.1657625e-06
ISIC_0026181,1,0.00025489088,0.99951315,2.8679312e-06,2.2828058e-06,1.1462418e-05,1.2386166e-06,0.00021419999
ISIC_0032332,1,2.43792e-05,0.99997246,1.0772514e-07,7.405005e-08,5.348338e-07,1.6771374e-07,2.2333058e-06
ISIC_0030558,1,0.019655365,0.9802368,1.8121898e-06,1.5744705e-07,2.4904793e-07,3.3824017e-06,0.00010225055
ISIC_0026808,1,1.5687427e-05,0.9999567,2.5827898e-08,1.2803919e-06,2.9555727e-07,2.038197e-07,2.5740175e-05
ISIC_0025788,1,7.434381e-05,0.9999075,5.4409064e-08,2.0494551e-06,6.026872e-06,2.768727e-06,7.2807516e-06
ISIC_0032299,1,2.4434095e-07,0.9999292,6.620356e-07,1.2591807e-05,2.1038593e-07,6.39896e-07,5.650424e-05
ISIC_0031605,1,2.7357105e-06,0.99998355,1.1406046e-05,4.4390498e-07,2.9705566e-08,3.045159e-07,1.4367059e-06
ISIC_0032130,1,2.059597e-07,0.9999912,2.5565279e-09,1.8260032e-06,1.0863824e-09,5.9259123e-06,8.04661e-07
ISIC_0026521,1,2.145917e-06,0.9999831,6.164421e-08,3.2033603e-07,8.394593e-09,1.404469e-05,2.4984794e-07
ISIC_0025556,1,1.1922475e-05,0.9999795,8.8152134e-09,5.0982482e-08,1.829433e-08,7.266902e-06,1.3123862e-06
ISIC_0030715,1,8.073593e-06,0.9999833,5.5218485e-10,1.3573226e-07,4.1469121e-07,7.2487464e-06,8.458208e-07
ISIC_0025995,1,2.1011126e-06,0.9999869,1.1954664e-06,4.4776222e-08,8.152384e-06,9.507767e-09,1.6594561e-06
ISIC_0030720,1,1.0354657e-08,0.99999857,1.4854565e-07,7.768115e-07,4.6956245e-08,2.5120505e-07,1.677725e-07
ISIC_0029753,1,2.6540889e-05,0.9999715,6.164984e-08,1.4758949e-07,1.4295366e-06,1.716348e-07,1.7095472e-07
ISIC_0028922,1,4.7990034e-07,0.99999905,3.5121026e-08,1.8234203e-07,7.24433e-09,2.1903402e-07,2.4438624e-09
ISIC_0027286,1,0.0013177881,0.99771285,0.00024910932,1.1291202e-06,0.00069508376,4.6489395e-06,1.9451125e-05
ISIC_0026543,1,7.5277734e-07,0.99999666,3.4248117e-07,3.2896065e-07,3.822295e-08,1.3434677e-06,5.757176e-07
ISIC_0031054,1,1.7945956e-08,0.99990106,1.6091586e-05,1.2282563e-05,1.6087918e-07,2.3116957e-06,6.807166e-05
ISIC_0027079,1,1.0485795e-05,0.99998605,1.9400444e-07,2.24016e-06,2.4335831e-09,8.6595884e-07,1.9219584e-07
ISIC_0029946,1,0.0023683372,0.99745065,6.2768695e-06,1.5657133e-06,1.3848373e-06,3.3323074e-06,0.00016846409
ISIC_0025475,1,3.656903e-08,0.99996686,1.0979839e-09,1.1920783e-08,2.3466364e-07,3.2539765e-07,3.2465094e-05
ISIC_0026396,1,0.0062404964,0.9937524,2.2863899e-06,5.9354545e-07,6.824334e-07,6.7329125e-07,2.8054926e-06
ISIC_0031393,1,2.4998992e-06,0.99999464,2.4116569e-06,1.3056044e-07,6.504767e-09,6.442576e-08,2.3369977e-07
ISIC_0029672,1,8.309923e-06,0.999974,7.3012575e-07,5.0872166e-07,2.8254107e-10,8.004014e-08,1.6368194e-05
ISIC_0025872,1,6.535556e-08,0.9999956,1.4905791e-09,2.603752e-09,2.479175e-06,7.9501e-07,9.822121e-07
ISIC_0030111,1,2.7834878e-06,0.9999908,7.6875557e-07,8.089714e-08,1.3828821e-07,1.5649856e-07,5.2322907e-06
ISIC_0024467,1,3.131653e-06,0.99989855,2.353915e-09,4.9267044e-05,3.672274e-08,2.965384e-05,1.9311437e-05
ISIC_0026447,1,1.5887503e-06,0.9999733,2.5983574e-08,1.9979123e-05,7.1973864e-07,4.0909767e-06,2.8976228e-07
ISIC_0025151,1,7.63651e-06,0.99992955,3.121865e-06,2.1787e-06,9.711474e-07,3.7883282e-07,5.6164397e-05
ISIC_0030735,1,2.91916e-07,0.9999989,3.150608e-11,1.239916e-10,1.3456094e-08,7.113991e-08,7.072663e-07
ISIC_0028097,1,2.0989557e-05,0.9999578,1.758231e-07,1.354229e-05,5.633641e-07,4.1307917e-06,2.7056155e-06
ISIC_0030266,1,0.00030708124,0.99935144,1.3765714e-06,0.0002838797,1.5818059e-06,5.0437455e-05,4.283027e-06
ISIC_0028974,1,5.3509797e-07,0.9996443,1.1109493e-06,4.9849798e-05,1.2035824e-06,0.00028363513,1.9410836e-05
ISIC_0026568,1,1.3091561e-06,0.9999709,3.5911367e-07,1.7047158e-05,9.2812e-07,1.2025918e-06,8.302268e-06
ISIC_0032480,1,0.5392648,0.45482272,1.2232884e-05,0.0028827926,9.039959e-06,0.0029533042,5.5148157e-05
ISIC_0030724,1,3.570038e-08,0.99999166,1.7758495e-08,1.4271703e-10,1.2602435e-12,7.493116e-06,7.4794684e-07
ISIC_0027267,1,2.086864e-06,0.9999707,8.426813e-09,5.410733e-07,2.41441e-07,7.73977e-07,2.5677573e-05
ISIC_0029064,1,6.278891e-08,0.99999905,7.4139784e-08,1.6500226e-07,8.5976665e-10,2.1500882e-07,4.4020115e-07
ISIC_0029295,1,1.15360635e-07,0.9999989,3.070515e-09,1.2961786e-09,9.209451e-09,4.8351336e-07,4.391231e-07
ISIC_0025294,1,4.295326e-05,0.99995613,5.8379777e-07,1.4712128e-08,1.7992933e-09,2.3017856e-07,1.2194789e-07
ISIC_0026971,1,4.1117963e-07,0.99993837,1.4560917e-05,2.7425012e-06,1.6767282e-05,2.8604347e-07,2.6858923e-05
ISIC_0032394,1,5.2292203e-06,0.99999416,3.2817695e-08,1.2098987e-07,6.554356e-09,7.773998e-08,3.8472947e-07
ISIC_0024852,1,1.5433792e-06,0.9999068,1.1256204e-05,7.336251e-05,3.7517586e-06,1.3065429e-06,2.0361497e-06
ISIC_0024703,1,1.0816905e-05,0.999985,1.5419175e-09,1.2815988e-07,3.345845e-07,1.857102e-07,3.5676696e-06
ISIC_0030044,1,1.9649722e-06,0.9999975,7.928726e-09,6.0744625e-08,1.186951e-08,1.8612793e-07,1.5243639e-07
ISIC_0028191,1,1.3673409e-07,0.9999995,3.2673405e-08,3.1199698e-10,3.5482445e-10,8.645203e-08,1.8353263e-07
ISIC_0030298,1,0.00014755408,0.9998522,1.8378872e-08,2.4767585e-08,6.151256e-09,1.1560454e-08,1.5949067e-07
ISIC_0029198,1,6.227647e-07,0.9999969,4.1885633e-09,1.2793877e-09,6.2207405e-08,3.5855066e-08,2.3548866e-06
ISIC_0031946,1,3.3399313e-06,0.9999863,2.9738244e-08,1.251344e-07,2.0624547e-09,7.1849704e-09,1.0267707e-05
ISIC_0026271,1,3.2440423e-06,0.9999968,2.237896e-09,5.9169234e-09,1.4533096e-10,3.933858e-10,1.593704e-08
ISIC_0030048,1,2.2979049e-07,0.99999964,1.560017e-10,3.3616752e-09,5.4834572e-08,1.751158e-08,7.165923e-08
ISIC_0029936,1,2.035117e-05,0.9999788,7.684367e-08,4.9789066e-09,2.909783e-08,3.4159822e-07,4.5750537e-07
ISIC_0027877,1,1.3794576e-05,0.9999614,8.053878e-07,1.6096877e-06,3.7178513e-08,1.4918871e-06,2.0718086e-05
ISIC_0031626,1,1.83569e-06,0.9999958,3.8145157e-07,5.965376e-08,3.1305464e-07,1.14572074e-07,1.3534109e-06
ISIC_0027445,1,8.54007e-08,0.99999976,6.3895156e-10,3.3253875e-10,1.4500253e-09,1.5771687e-07,1.4989654e-08
ISIC_0027377,1,2.0723587e-06,0.99998796,4.381022e-09,1.0904593e-07,6.9822946e-08,1.4752528e-06,8.399363e-06
ISIC_0029229,1,6.2307686e-07,0.99999917,3.873159e-10,3.2484044e-09,6.371034e-08,1.0128916e-07,4.235298e-08
ISIC_0025212,1,0.00020326722,0.9995536,2.1397437e-09,0.00020905664,2.32996e-05,8.606337e-06,2.2696302e-06
ISIC_0027404,1,5.807608e-09,0.999959,1.9432729e-09,3.7559564e-10,1.2340208e-09,4.0810148e-05,2.155196e-07
ISIC_0031760,1,1.3352107e-05,0.99979645,1.0451004e-05,2.6244861e-06,3.1828822e-07,0.00013091699,4.5919827e-05
ISIC_0024605,1,1.5399758e-06,0.99997556,1.159818e-06,3.363645e-06,8.596928e-09,1.70242e-05,1.2875585e-06
ISIC_0028664,1,7.622904e-07,0.99998355,1.8740454e-09,3.5330154e-07,1.2560515e-07,4.3934548e-07,1.4729486e-05
ISIC_0028532,1,3.9493906e-07,0.99999726,2.360791e-07,1.3055742e-07,9.299324e-07,7.2612846e-07,4.0085172e-07
ISIC_0026719,1,1.22372565e-08,0.99999595,5.081066e-10,2.2101826e-06,9.335659e-10,1.6220035e-06,8.508041e-08
ISIC_0030590,1,1.9308534e-06,0.9999976,3.8800683e-09,3.4971993e-07,3.1080745e-09,3.51793e-08,9.9787535e-08
ISIC_0026353,1,8.137773e-06,0.99999166,3.4520171e-09,4.559628e-09,4.6513435e-08,1.3274469e-08,1.6590388e-07
ISIC_0029635,1,4.4207474e-07,0.9999994,1.7182504e-08,8.063515e-09,1.4734522e-09,2.7049124e-10,1.13125964e-07
ISIC_0030548,1,1.9294747e-07,0.9999943,7.4919103e-07,3.0985598e-06,1.205824e-06,4.0920983e-07,1.7303074e-07
ISIC_0031835,1,3.2393673e-06,0.9999832,5.1439603e-08,2.6208588e-06,6.351192e-06,2.4668942e-08,4.5351367e-06
ISIC_0026363,1,1.008348e-07,0.9999989,2.4431117e-07,1.9826135e-07,2.9570352e-08,1.5120649e-07,3.1362518e-07
ISIC_0029832,1,0.00030841283,0.99898654,0.00038603682,4.1587235e-05,0.0001582141,0.00011768625,1.5459285e-06
ISIC_0031868,1,2.368318e-08,0.9999995,9.294424e-09,2.2219781e-07,1.1878848e-07,9.385187e-09,1.2745967e-07
ISIC_0026013,1,2.770592e-07,0.9999988,5.9460076e-10,7.240346e-10,2.0724858e-08,5.544279e-07,3.1131214e-07
ISIC_0030934,1,2.6643612e-08,0.99998796,1.4930725e-08,1.9020396e-07,2.3337927e-09,1.418116e-06,1.0381388e-05
ISIC_0026799,1,2.9721936e-05,0.9999597,2.9115597e-06,7.077982e-08,4.100671e-06,2.419099e-07,3.2415564e-06
ISIC_0028267,1,0.00011174031,0.99904174,0.00081857014,7.859479e-06,2.3599753e-07,4.897961e-06,1.5001847e-05
ISIC_0027176,1,1.1897062e-06,0.99999857,1.5480245e-08,1.4032763e-09,4.9260125e-09,3.21621e-08,2.0295828e-07
ISIC_0026116,1,2.1818517e-08,0.9999999,1.0036981e-10,2.9484915e-10,5.0460733e-11,8.49808e-09,4.638624e-08
ISIC_0024812,1,1.61041e-05,0.9999833,1.0903393e-08,8.005963e-09,3.625834e-08,1.6088491e-07,3.8824894e-07
ISIC_0027750,1,6.163617e-09,1.0,4.7424818e-11,2.3587203e-09,8.6211566e-10,1.05272875e-08,2.7477277e-08
ISIC_0030832,1,0.00010282876,0.99989223,6.6458846e-08,2.2661192e-07,1.7379026e-06,3.49067e-07,2.4704532e-06
ISIC_0030587,1,1.660888e-05,0.99998105,2.1170874e-09,1.893724e-09,2.4350058e-09,2.1489889e-06,2.1727253e-07
ISIC_0028844,1,1.9894278e-06,0.99999726,3.3898832e-08,1.1893393e-08,1.8813065e-08,5.393175e-07,1.5320921e-07
ISIC_0025523,1,2.277659e-05,0.99997056,3.1484387e-08,2.525003e-07,2.6360598e-07,3.0074837e-06,3.1750303e-06
ISIC_0025138,1,3.825916e-06,0.9999888,1.0342195e-09,4.5405503e-08,3.804091e-11,7.364799e-08,7.2771986e-06
ISIC_0024610,1,3.7648185e-08,0.99997246,5.9634697e-09,8.788748e-08,2.0873195e-08,1.07670495e-07,2.7210868e-05
ISIC_0025354,1,2.2926433e-06,0.99997556,9.887645e-09,3.9923894e-08,3.3278595e-09,6.486385e-08,2.2025555e-05
ISIC_0027464,1,5.3801625e-07,0.99999917,2.4817902e-08,5.102694e-09,2.4424435e-11,7.663358e-08,1.4303677e-07
ISIC_0025478,1,1.41661465e-08,0.9999999,3.8944037e-08,4.047161e-08,2.8313021e-08,2.906993e-08,3.1842826e-09
ISIC_0029065,1,2.7224377e-08,0.9999982,8.711152e-08,8.133866e-09,3.6035974e-08,1.791402e-07,1.4531803e-06
ISIC_0027926,1,2.8985502e-07,0.9999976,1.0639421e-07,1.4703096e-07,1.5764683e-06,4.325921e-09,2.699438e-07
ISIC_0030224,1,0.0002053718,0.99966896,5.917709e-07,6.053784e-06,3.926234e-05,2.8886816e-06,7.694895e-05
ISIC_0025220,1,3.7032623e-07,0.9999907,9.059121e-07,7.7270954e-08,8.538445e-08,2.6008522e-08,7.8729045e-06
ISIC_0028049,1,3.6356618e-05,0.99996114,6.5425894e-08,6.22002e-08,1.7320595e-07,9.5329443e-07,1.168676e-06
ISIC_0030136,1,0.00024589538,0.99975175,1.5407907e-07,3.7703252e-08,3.418897e-08,4.1340363e-07,1.8474605e-06
ISIC_0031006,1,7.73044e-05,0.99992025,2.0808278e-07,1.2694494e-07,1.3971056e-07,1.7496137e-06,1.7266865e-07
ISIC_0029727,1,6.431186e-05,0.99991643,1.783039e-05,8.3548287e-07,4.7208946e-08,2.2621686e-07,2.5284953e-07
ISIC_0029416,1,0.034777783,0.9652156,1.7302604e-07,1.8906293e-08,4.8822644e-09,9.524059e-07,5.4772586e-06
ISIC_0027842,1,7.7609434e-07,0.9999989,5.5684435e-09,3.3830407e-09,1.6089806e-10,2.2406023e-07,7.924039e-08
ISIC_0029159,1,1.4757167e-06,0.9999933,2.4991698e-07,2.243349e-06,9.257954e-09,1.515394e-07,2.57994e-06
ISIC_0030889,1,1.6694052e-06,0.9999906,1.4650087e-07,2.0193215e-06,4.010582e-07,1.2582261e-06,3.8248795e-06
ISIC_0027866,1,1.473499e-05,0.9999814,1.189439e-07,1.8287336e-06,1.6577213e-06,2.5085301e-08,3.2586667e-07
ISIC_0029777,1,1.1802367e-08,0.9999018,4.0427233e-07,2.9321092e-09,9.68262e-09,9.692941e-05,8.816202e-07
ISIC_0029164,1,1.3109045e-06,0.9997291,0.00026360434,1.9639185e-08,3.5422213e-06,1.2430543e-07,2.286208e-06
ISIC_0031084,1,0.0006313579,0.9993679,7.658589e-09,3.4915907e-08,8.159012e-09,2.1041969e-07,5.589513e-07
ISIC_0028953,1,4.1656735e-05,0.9999567,7.098108e-07,1.7699551e-07,6.218628e-08,2.3729224e-07,5.001015e-07
ISIC_0027011,1,2.107517e-08,0.99998724,6.672028e-10,5.2550178e-09,1.5269919e-09,5.3933474e-07,1.2153407e-05
ISIC_0027314,1,2.1727035e-05,0.9999099,9.543379e-07,4.9701197e-07,6.5828135e-05,7.6439784e-07,4.1637622e-07
ISIC_0024486,1,8.640692e-07,0.99966407,4.2433476e-07,8.230088e-05,1.4018125e-08,0.00017173616,8.058337e-05
ISIC_0028001,1,2.5908241e-06,0.9999957,6.145536e-09,5.7631304e-09,1.0158722e-06,3.03722e-07,2.8632954e-07
ISIC_0025741,1,4.2174742e-07,0.9999995,4.6467377e-10,3.2128494e-10,3.3370313e-11,1.1505613e-09,8.6003604e-10
ISIC_0029813,1,1.0039845e-08,0.9999962,6.834879e-08,6.915522e-09,1.7611809e-06,1.8642534e-06,6.924395e-08
ISIC_0025426,1,2.3799676e-05,0.99890494,7.327282e-08,0.0010195163,1.2487876e-05,3.2084998e-05,7.144439e-06
ISIC_0032261,1,2.956199e-05,0.9999559,2.0164755e-07,3.6514857e-06,4.981583e-06,4.186948e-06,1.4650285e-06
ISIC_0028435,1,2.0540204e-08,0.99999833,2.1846351e-07,2.477253e-08,1.81604e-07,1.2258076e-06,2.4423471e-08
ISIC_0028526,1,8.730681e-09,0.9999989,2.0217687e-11,2.2109604e-12,5.056336e-12,1.0259795e-06,1.7614769e-09
ISIC_0032142,1,5.493917e-08,0.999956,8.3150514e-10,3.8367627e-08,4.3575492e-05,2.1246171e-07,8.116232e-08
ISIC_0028099,1,4.8854567e-05,0.9999176,3.5750172e-10,5.646372e-09,3.8770853e-10,1.6784606e-08,3.351221e-05
ISIC_0025399,1,1.9086679e-08,0.99999964,3.5875e-08,6.291418e-09,8.711787e-10,3.4958372e-08,2.501878e-07
ISIC_0025229,1,6.472166e-11,0.9997968,0.00019212223,5.672845e-06,3.3154574e-08,6.114718e-07,4.7591716e-06
ISIC_0026756,1,5.815726e-08,0.99999917,4.000344e-11,1.8774773e-09,1.4288125e-10,4.23592e-08,7.71963e-07
ISIC_0029077,1,1.098573e-05,0.9999641,1.3200128e-08,1.3511267e-06,6.66847e-08,1.6408253e-06,2.1861884e-05
ISIC_0030739,1,1.9387707e-07,0.9998777,0.00010923735,1.1670447e-06,6.53253e-08,1.8007968e-07,1.1343767e-05
ISIC_0030611,1,4.5339704e-07,0.99999917,2.9130878e-10,9.3905195e-09,1.2488183e-11,2.1416264e-07,1.5604681e-07
ISIC_0027778,1,6.079258e-08,0.9999989,3.5362363e-10,2.3832054e-09,9.116069e-10,2.973892e-07,7.378058e-07
ISIC_0032477,1,5.141001e-07,0.99996424,1.10509205e-07,1.5237129e-05,2.1794053e-06,1.3865813e-05,3.822747e-06
ISIC_0027088,1,0.000120679026,0.9998683,8.2689644e-10,3.374048e-07,2.9269502e-06,6.3125233e-10,7.777085e-06
ISIC_0032350,1,7.426814e-08,0.99990535,9.1905604e-05,4.994884e-08,1.3448067e-07,5.416045e-08,2.5428712e-06
ISIC_0028700,1,3.1847003e-07,0.9999908,3.764938e-08,4.947351e-06,1.8942151e-06,1.3210467e-06,6.605999e-07
ISIC_0026807,1,8.3508915e-08,0.9999988,3.620498e-09,9.4597365e-11,1.2944325e-08,8.2969e-07,3.1286515e-07
ISIC_0029481,1,2.7887464e-07,0.9998809,8.8882096e-08,1.2691155e-08,6.139384e-05,1.5252302e-05,4.2047785e-05
ISIC_0029447,1,7.698398e-08,0.9999988,5.048162e-07,6.143648e-08,3.5777393e-08,3.3259852e-07,1.3176934e-07
ISIC_0028031,1,1.686446e-05,0.99989307,2.5482157e-07,3.627809e-05,4.7947717e-05,1.0287935e-06,4.489683e-06
ISIC_0027986,1,1.974156e-06,0.99996734,1.211682e-06,2.2460479e-06,1.807358e-06,7.6482826e-07,2.465871e-05
ISIC_0029069,1,1.789521e-06,0.999998,7.840031e-10,3.90655e-09,1.13773595e-10,2.7725179e-08,2.5127275e-07
ISIC_0032282,1,2.7162848e-08,0.99999774,2.6042744e-07,5.376888e-07,4.101178e-10,4.328637e-09,1.3627334e-06
ISIC_0029750,1,1.1680413e-06,0.9999987,7.903297e-12,1.4091173e-10,2.934231e-11,2.4364866e-11,1.2202102e-07
ISIC_0024991,1,4.8067714e-06,0.99999464,4.1591144e-09,1.0898111e-08,2.708392e-08,2.4193911e-09,5.835993e-07
ISIC_0030908,1,1.9434154e-07,0.999998,7.1845885e-09,5.4594352e-08,2.3329045e-08,4.5198323e-10,1.7799197e-06
ISIC_0024797,1,0.00046925532,0.99950826,4.3642374e-09,1.1244761e-08,1.5614603e-08,7.695066e-07,2.175724e-05
ISIC_0029804,1,1.4978107e-05,0.999982,4.0574125e-07,1.9017091e-07,5.4731004e-08,2.4660127e-07,2.0824502e-06
ISIC_0031731,1,5.6405113e-08,0.9999964,4.6120574e-10,6.0176815e-09,2.812838e-10,2.7790234e-06,7.50986e-07
ISIC_0024531,1,2.1056443e-05,0.99996555,3.2287245e-10,1.1496159e-06,1.3899154e-07,1.1232823e-05,8.242177e-07
ISIC_0024368,1,5.9616764e-07,0.99999785,1.8489348e-09,6.5577257e-07,7.3801935e-08,6.7166064e-07,5.7033304e-08
ISIC_0025356,1,1.930333e-06,0.99999785,7.611312e-09,7.079041e-10,4.352647e-09,4.6048148e-09,2.0162986e-07
ISIC_0031744,1,2.016701e-06,0.99980026,6.259361e-08,0.00019054124,4.9012076e-08,9.729592e-07,6.087547e-06
ISIC_0030728,1,3.694055e-06,0.9999851,4.843836e-07,3.1230357e-08,7.447422e-08,5.074295e-08,1.06121715e-05
ISIC_0028444,1,0.000121450204,0.999821,4.2788322e-08,1.9628585e-07,4.6170267e-06,5.665132e-06,4.6910023e-05
ISIC_0025139,1,5.3183964e-09,0.9999994,3.735662e-09,8.313053e-09,1.2860092e-07,5.0243335e-07,1.7223487e-08
ISIC_0027947,1,4.579668e-06,0.9980281,0.0019559953,1.6673577e-06,7.471495e-08,1.098072e-07,9.399638e-06
ISIC_0031195,1,3.3547374e-06,0.99999404,1.0987371e-06,1.8852157e-08,7.137166e-07,2.3919011e-07,5.271789e-07
ISIC_0027690,1,2.867429e-07,0.9999945,4.8779634e-09,2.9829297e-10,5.2309833e-06,9.553484e-09,8.045133e-09
ISIC_0030985,1,3.7192174e-06,0.999954,2.2122344e-06,4.388438e-07,1.0625871e-08,4.8476245e-08,3.9613733e-05
ISIC_0029333,1,0.0014763633,0.9957611,0.002720183,7.4341654e-07,4.4274105e-07,2.85581e-07,4.0990697e-05
ISIC_0031658,1,3.2115437e-05,0.99996614,4.3411834e-09,7.954637e-09,5.4824554e-09,1.6505254e-07,1.6388004e-06
ISIC_0030388,1,7.958101e-07,0.999918,1.6813055e-07,3.244953e-08,8.507832e-08,2.4255437e-06,7.861645e-05
ISIC_0029955,1,8.124891e-06,0.9999875,2.9455447e-07,1.5216249e-09,1.429815e-07,5.219358e-09,3.899488e-06
ISIC_0030726,1,1.8633218e-05,0.999841,5.3473603e-05,1.550192e-05,2.2899815e-06,6.782685e-05,1.296479e-06
ISIC_0032301,1,1.8252277e-07,0.9999913,6.922975e-08,6.4504734e-06,1.0004375e-06,8.0210054e-07,1.8917599e-07
ISIC_0026619,1,9.673922e-10,0.99999917,8.716877e-12,2.0213914e-11,9.983997e-13,8.6565393e-07,2.0080641e-08
ISIC_0025349,1,2.1904157e-08,0.9999901,2.6904008e-08,5.769469e-08,7.017741e-09,1.5541478e-07,9.759216e-06
ISIC_0025230,1,6.149012e-09,0.99997747,2.1705908e-05,2.521986e-07,1.2358113e-07,5.047511e-07,2.3400853e-08
ISIC_0032068,1,1.6496006e-06,0.99999833,4.8278967e-09,4.1897298e-08,4.0105976e-09,1.5149933e-08,4.003133e-08
ISIC_0028456,1,5.138356e-09,0.9999999,2.1194899e-10,7.9739014e-11,2.7762391e-11,3.6273672e-08,9.29718e-08
ISIC_0026813,1,1.2754276e-06,0.9999975,8.2074797e-07,2.612753e-08,2.9395197e-08,2.5249003e-07,1.3887065e-07
ISIC_0024988,1,8.058194e-06,0.9999883,9.424151e-09,7.025546e-10,7.865981e-08,4.0460857e-09,3.540721e-06
ISIC_0029350,1,2.312865e-09,0.9999982,1.2163749e-08,2.8853026e-07,1.4086546e-06,4.094712e-08,1.0024677e-07
ISIC_0026061,1,2.9533692e-07,0.99999964,3.1374805e-09,2.5296016e-08,4.9739553e-11,9.118428e-09,2.353023e-08
ISIC_0030738,1,3.4384532e-06,0.99998224,2.094273e-06,6.382812e-07,4.7922913e-07,3.6806287e-06,7.432983e-06
ISIC_0030146,1,0.00074375386,0.9957848,0.0033093197,1.5826683e-05,6.7139746e-07,7.4611094e-06,0.0001381108
ISIC_0026426,1,2.2350525e-06,0.99999607,1.0407728e-06,1.7110182e-07,6.978264e-08,8.916267e-08,3.909402e-07
ISIC_0026582,1,0.00016073267,0.99982387,4.7421446e-07,9.282862e-07,8.409277e-06,9.2395936e-07,4.5795155e-06
ISIC_0031906,1,6.9467853e-07,0.9999709,5.3773435e-09,1.815969e-09,9.061702e-08,2.7637147e-05,6.37991e-07
ISIC_0027674,1,3.205544e-05,0.9999635,1.8800252e-10,1.2889133e-07,5.9123977e-08,2.5899988e-07,4.0547056e-06
ISIC_0025697,1,1.5847837e-08,0.9999989,1.1358073e-10,4.205968e-09,5.4528506e-09,9.57594e-07,4.9610453e-08
ISIC_0030905,1,2.1463726e-05,0.99972266,6.753995e-08,2.012992e-06,0.00015133602,8.503429e-06,9.3938266e-05
ISIC_0025092,1,2.5279983e-06,0.99998164,1.1428666e-08,3.8431814e-08,1.3108699e-07,6.5678336e-07,1.4930626e-05
ISIC_0028439,1,8.728364e-07,0.9999832,1.8209871e-08,4.609352e-09,4.9530918e-08,2.5186747e-08,1.592582e-05
ISIC_0024717,1,1.0112338e-09,0.99999857,9.637222e-08,9.853082e-09,4.8901767e-09,4.2439822e-07,9.0015953e-07
ISIC_0028004,1,2.8718155e-08,0.9999691,1.9817945e-09,4.7770654e-09,5.421052e-08,3.0508445e-05,2.3760838e-07
ISIC_0026031,1,0.002588138,0.99733186,6.56332e-08,1.809742e-05,2.8070357e-09,5.374729e-05,8.095342e-06
ISIC_0028732,1,3.8363723e-06,0.999962,7.997184e-09,4.7436455e-07,1.2155046e-09,5.801528e-08,3.3727203e-05
ISIC_0024491,1,3.3405436e-07,0.9997944,3.2595506e-06,3.201534e-05,0.000121144825,2.9512066e-05,1.9278497e-05
ISIC_0027186,1,9.3564404e-07,0.99992824,1.6058518e-06,2.9580687e-07,3.3327694e-06,6.392098e-05,1.7245075e-06
ISIC_0029717,1,3.898757e-09,0.9999999,3.175293e-10,5.5435392e-11,1.1232858e-08,7.776995e-08,4.3786713e-08
ISIC_0032205,1,2.1946232e-07,0.9999994,6.435747e-10,1.5662717e-10,4.697805e-08,2.8639258e-07,6.345555e-08
ISIC_0030838,1,5.3099154e-08,0.9999975,1.12701626e-10,4.0859693e-09,8.1045634e-08,1.7301851e-06,5.731816e-07
ISIC_0029214,1,6.0612174e-06,0.99995565,8.0659884e-10,6.2013017e-09,2.5601554e-09,9.491468e-06,2.8768689e-05
ISIC_0027112,1,6.340888e-05,0.99976665,5.9637634e-10,3.152527e-07,5.795308e-08,1.811218e-05,0.00015139824
ISIC_0028791,1,6.672932e-08,0.99999976,5.1111204e-10,5.05786e-10,3.300543e-09,7.3262385e-08,2.379743e-08
ISIC_0027501,1,3.224742e-05,0.99995124,3.619478e-08,4.0193495e-07,3.768755e-08,1.4418856e-05,1.5921005e-06
ISIC_0029190,1,3.2064396e-05,0.999828,7.513655e-10,3.2496828e-05,7.8491456e-07,2.0589274e-05,8.597743e-05
ISIC_0027855,1,0.0030166463,0.9968562,7.441341e-09,6.3799456e-07,1.3751734e-06,1.4974275e-06,0.0001235964
ISIC_0030980,1,7.593929e-05,0.9942538,1.2592365e-05,4.0134447e-07,0.00023605813,0.0028269761,0.002594267
ISIC_0024597,1,3.206544e-07,0.9998721,3.9714357e-07,7.028647e-09,1.0855288e-06,8.235161e-05,4.3690798e-05
ISIC_0027644,1,5.8400293e-08,0.99999225,9.87912e-09,1.4454335e-07,5.1621855e-06,2.0706784e-06,3.5793968e-07
ISIC_0027305,1,5.703162e-06,0.99997497,2.2630324e-07,1.12957235e-08,1.2296094e-09,1.7099306e-06,1.7402412e-05
ISIC_0027718,1,5.3007574e-05,0.99992836,9.796891e-08,5.6896164e-07,6.8717037e-09,4.6242667e-07,1.7482493e-05
ISIC_0028918,1,0.0012844257,0.9986958,5.098005e-10,7.282755e-08,4.8933635e-09,1.510917e-05,4.510633e-06
ISIC_0030697,1,2.6013913e-05,0.9999647,6.58926e-09,1.1913194e-07,1.374685e-08,3.7142454e-06,5.4409534e-06
ISIC_0026012,1,2.5606676e-06,0.9999863,2.9198231e-08,6.738464e-09,3.4918742e-07,4.3081323e-07,1.0335879e-05
ISIC_0029752,1,3.1255115e-07,0.9999902,1.6048643e-08,4.438938e-08,9.189404e-07,5.754128e-08,8.564424e-06
ISIC_0029653,1,1.378832e-06,0.999864,4.8882646e-07,2.149564e-09,0.00011853459,6.9971503e-07,1.4915093e-05
ISIC_0029374,1,1.4928019e-06,0.9999945,3.3757132e-07,1.6481772e-08,2.7958665e-06,3.0539462e-07,4.9166766e-07
ISIC_0031404,1,0.00035946816,0.011627953,0.9875595,2.5424062e-05,0.00039092288,1.7112619e-07,3.649366e-05
ISIC_0026569,1,2.745031e-08,0.00012520512,0.99987066,1.237914e-06,7.397278e-08,8.0016754e-08,2.733529e-06
ISIC_0031145,1,8.038694e-05,0.99990714,7.777986e-10,1.0003666e-08,1.6359235e-07,3.9581614e-06,8.391383e-06
ISIC_0028430,1,5.96399e-08,0.9999982,4.805702e-08,7.0273304e-10,1.302923e-06,2.8797277e-07,1.2234571e-07
ISIC_0027235,1,0.090759344,0.90923387,1.0645505e-07,2.405814e-08,3.0694864e-08,4.376388e-06,2.2599477e-06
ISIC_0027152,1,0.0021909603,0.99780375,6.9907344e-07,1.0533072e-09,9.384181e-08,1.3642118e-06,3.2339753e-06
ISIC_0029719,1,0.0011673694,0.9988293,9.050671e-07,1.4448786e-06,3.6385663e-07,1.4186851e-07,4.6362197e-07
ISIC_0027684,1,4.682748e-05,0.99988127,5.558432e-08,5.453231e-08,7.048151e-05,2.0122872e-07,1.1224889e-06
ISIC_0028453,1,6.9659172e-06,0.68440217,1.9664226e-06,2.6828664e-06,4.703335e-06,0.026238691,0.28934288
ISIC_0028154,1,0.00019650826,0.9942111,7.800421e-05,8.07439e-08,1.6753254e-06,0.00011609135,0.0053965356
ISIC_0027987,1,0.00021162654,0.998665,1.294956e-05,0.00076348917,8.4645646e-05,3.596167e-05,0.00022643516
ISIC_0032257,1,9.823929e-05,0.9996532,0.00011122802,1.44688365e-05,1.3243738e-05,9.688623e-06,0.00010005106
ISIC_0024314,1,0.0002153801,0.8492489,1.0026962e-06,0.00038176653,0.14981566,0.00025538998,8.185618e-05
ISIC_0026722,1,0.00025424417,0.9857342,0.013738748,3.1851746e-07,0.0001344588,9.919496e-05,3.8790775e-05
ISIC_0025943,1,4.2012637e-08,0.9999951,4.2075506e-08,6.423953e-08,4.2260513e-07,4.8856595e-08,4.2977863e-06
ISIC_0025568,1,3.3317008e-07,0.9999933,2.8751568e-08,3.2262182e-09,5.37598e-06,2.3961654e-08,9.2973374e-07
ISIC_0026887,1,5.4309687e-05,0.9985519,4.048142e-07,1.3102153e-06,0.0013794326,1.0840614e-06,1.1545525e-05
ISIC_0030874,1,3.2735845e-06,0.9999956,1.3876406e-09,2.4815485e-09,4.447922e-07,4.8667005e-07,1.908197e-07
ISIC_0031629,1,0.0038865944,0.9960979,1.3906287e-08,1.648041e-06,1.1491818e-05,1.0257315e-06,1.1850407e-06
ISIC_0029389,1,0.0008040812,0.8158275,8.316326e-05,0.14802432,0.0017685874,0.028495235,0.0049972218
ISIC_0024789,1,1.6846413e-06,0.9984723,4.7070793e-05,0.00012241684,7.388462e-06,0.0011058452,0.0002433015
ISIC_0031515,1,5.2172185e-05,0.9999074,2.8314795e-05,1.8250631e-08,9.411941e-06,7.413861e-07,2.0593607e-06
ISIC_0029854,1,5.3920285e-06,0.9854439,1.1004065e-06,3.4782142e-09,0.014548285,2.420995e-08,1.3444983e-06
ISIC_0025428,1,1.9832132e-05,0.9997682,3.5142315e-05,1.3027072e-05,0.00012252791,3.480681e-05,6.53955e-06
ISIC_0031618,1,5.655075e-07,0.99997663,1.6890978e-07,1.4625467e-05,5.716193e-07,3.943071e-06,3.4250322e-06
ISIC_0028385,1,2.1139948e-08,0.9999988,4.3023304e-11,1.8739862e-11,8.823315e-11,1.0564115e-06,5.1737274e-08
ISIC_0027403,1,0.0007537672,0.9991972,1.0752741e-09,3.3882162e-09,4.7294972e-05,1.9610519e-07,1.4972798e-06
ISIC_0031059,1,0.0030710557,0.9937144,6.390181e-09,6.952404e-07,0.00020750996,1.8584431e-05,0.0029876735
ISIC_0030355,1,0.000118790085,0.99987996,5.0031423e-10,4.149092e-08,2.9986484e-08,1.6098107e-07,1.0941359e-06
ISIC_0028367,1,0.08837255,0.91160023,1.19334445e-08,7.4046895e-08,1.8220598e-07,8.936143e-07,2.6090273e-05
ISIC_0030741,1,6.690257e-08,0.9999987,6.258006e-10,2.1007938e-09,2.0379927e-09,1.1252264e-06,1.1293228e-07
ISIC_0031646,1,0.00033126632,0.99958867,5.6881072e-05,9.19688e-09,2.2158014e-05,9.2715055e-07,4.177666e-08
ISIC_0031385,1,0.014108154,0.9858641,7.862171e-06,5.383989e-07,1.833273e-05,4.172438e-08,1.0279988e-06
ISIC_0030829,1,0.0001015802,0.9998209,1.4257263e-07,3.8317467e-08,5.113458e-08,8.355081e-07,7.648315e-05
ISIC_0025367,1,1.7707962e-06,0.99999535,1.5198106e-08,6.711012e-09,3.450702e-08,1.5068347e-06,1.2916448e-06
ISIC_0025588,1,0.00010011277,0.9998778,6.275107e-06,2.5604447e-07,2.7461808e-09,1.1547347e-05,3.927142e-06
ISIC_0027772,1,0.032460846,0.96741706,8.1026206e-05,2.950607e-05,3.6059844e-06,6.4836204e-06,1.439035e-06
ISIC_0030688,1,0.0010216638,0.99896884,9.3281835e-07,6.3379974e-07,5.992557e-07,6.219011e-06,1.1770334e-06
ISIC_0029825,1,0.23088303,0.769025,2.5664544e-06,1.4274131e-08,8.006972e-05,8.1285e-06,1.1044059e-06
ISIC_0027812,1,1.8762555e-06,0.9999981,1.0685092e-09,3.0820742e-11,7.415568e-12,1.6347792e-09,4.62704e-08
ISIC_0026561,1,2.3890461e-06,0.9999932,4.1825506e-06,4.540901e-11,1.5670883e-08,6.324794e-08,7.639247e-08
ISIC_0025129,1,0.0014465866,0.9980102,4.1811236e-05,1.04683004e-07,0.00045087413,4.0426658e-06,4.632263e-05
ISIC_0027049,1,0.0002638957,0.9997209,5.3072484e-09,1.2897174e-10,4.1518342e-07,1.2774818e-05,2.0786788e-06
ISIC_0027408,1,0.0906085,0.9090174,1.3606077e-05,3.9251987e-05,1.7916434e-05,0.00029376728,9.543373e-06
ISIC_0030460,1,9.2377326e-05,0.9997254,8.509569e-08,4.5986785e-06,2.2482678e-07,0.00017572434,1.582591e-06
ISIC_0027907,1,2.7951339e-05,0.9999714,6.682636e-09,9.369698e-10,2.631985e-09,5.0847785e-07,2.3039621e-07
ISIC_0025870,1,4.2830903e-05,0.99994445,1.1499008e-06,1.0902419e-06,1.6036541e-06,1.3700283e-06,7.638059e-06
ISIC_0031720,1,0.03267904,0.9560345,9.938051e-06,1.0277651e-05,0.0028432186,0.00038166268,0.008041394
ISIC_0026382,1,0.00022359414,0.99217516,1.4008246e-05,4.5336233e-07,0.0069794026,6.650966e-05,0.00054088735
ISIC_0031094,1,0.017304787,0.9817645,1.3174465e-05,6.227935e-05,0.00063161337,0.00015838612,6.537572e-05
ISIC_0032345,1,0.333532,0.15841271,0.002592133,4.105126e-05,0.5052841,0.0001249188,1.3160974e-05
ISIC_0025458,1,0.043649893,0.95493126,4.2471023e-05,1.4576293e-05,0.00016322455,1.9651694e-05,0.0011788318
ISIC_0024664,1,0.06455129,0.7843725,8.089701e-05,3.6778488e-06,0.15028408,6.936663e-06,0.0007007192
ISIC_0025008,1,2.328146e-05,0.99997056,5.843532e-09,4.0496643e-06,5.355029e-07,1.4135774e-06,1.5184565e-07
ISIC_0025735,1,1.5333691e-05,0.99994624,3.2070844e-07,9.303397e-06,2.7995215e-05,1.596306e-07,7.369829e-07
ISIC_0032309,1,0.00016639788,0.99982566,4.633435e-06,1.050758e-06,1.7155552e-08,1.4204708e-06,7.720623e-07
ISIC_0028759,1,0.004351428,0.9947693,3.260116e-05,0.00060451654,2.3665974e-05,5.6716093e-05,0.00016177662
ISIC_0028368,1,5.7671414e-06,0.9999938,1.205171e-09,1.03925674e-10,5.5284194e-10,3.4253475e-07,8.334444e-08
ISIC_0028843,1,0.01046887,0.9895167,1.790005e-06,3.567563e-07,9.9636516e-08,8.4624235e-06,3.729026e-06
ISIC_0028045,1,6.378025e-08,0.99999917,1.7820746e-09,1.4083341e-09,2.5819717e-09,7.472516e-07,9.411683e-08
ISIC_0025631,1,0.18056001,0.8193931,2.2314515e-07,1.4873139e-07,3.6063643e-06,7.538547e-08,4.2765274e-05
ISIC_0031337,1,0.0079837255,0.99198735,1.6318404e-07,3.4731695e-08,1.2231465e-06,3.9117526e-07,2.7157235e-05
ISIC_0031440,1,0.05223574,0.9469538,0.000808108,2.7957599e-08,1.4977066e-09,1.9594883e-07,2.120411e-06
ISIC_0028823,1,9.566092e-09,0.9999343,1.3504692e-08,1.6029794e-11,1.0113588e-07,3.0262684e-06,6.2579835e-05
ISIC_0031501,1,3.7366667e-07,0.99782443,2.1263074e-06,6.586739e-10,2.839632e-08,0.0010485945,0.0011245197
ISIC_0025555,1,0.0045933016,0.995401,1.9716852e-08,2.8252364e-07,1.7324127e-06,1.5918936e-06,2.098838e-06
ISIC_0032242,1,0.030483846,0.9694867,6.868083e-09,1.4399465e-06,4.5073552e-08,2.1109428e-05,6.874037e-06
ISIC_0024317,1,0.0039942283,0.995996,3.9912884e-08,4.3944075e-07,4.902791e-06,3.1299805e-07,3.9644e-06
ISIC_0033356,1,2.3169576e-05,0.9999198,2.8026752e-08,1.3865599e-06,8.335064e-07,5.438528e-05,4.511609e-07
ISIC_0033998,1,5.5156797e-05,0.9999367,4.9782557e-07,1.1069617e-08,4.360293e-06,3.027658e-06,2.4531835e-07
ISIC_0026494,1,0.00037251686,0.9993318,9.1079255e-07,8.228326e-05,2.974423e-07,0.00020606657,6.043259e-06
ISIC_0028287,1,0.00033979607,0.99965966,4.3450874e-09,3.12058e-07,1.1944065e-08,1.2378569e-08,2.0152746e-07
ISIC_0033686,1,1.8023939e-06,0.99986815,6.9968116e-09,3.4702456e-09,0.00012493417,3.298446e-06,1.7490839e-06
ISIC_0033363,1,0.026999414,0.9697552,0.00034592688,2.293397e-05,0.0028682556,5.7123866e-06,2.7243166e-06
ISIC_0033058,1,0.0004825739,0.99717903,3.0229372e-05,1.9037763e-06,0.0023008725,1.3667202e-06,4.0698997e-06
ISIC_0032924,1,0.00095306605,0.99303013,9.24708e-06,2.9167336e-07,0.0059887944,5.919217e-07,1.7917539e-05
ISIC_0034225,1,7.1342633e-06,0.99998343,2.0330942e-08,1.3632897e-06,4.713145e-06,2.6891287e-06,5.898366e-07
ISIC_0032916,1,0.011211556,0.9887882,1.0244721e-10,3.6633792e-09,8.433711e-09,2.520147e-08,3.1089036e-07
ISIC_0033756,1,6.476399e-05,0.999572,1.9616117e-07,1.2688481e-06,1.7382017e-05,0.00033930436,4.9672344e-06
ISIC_0033032,1,4.6131772e-05,0.99994385,3.195704e-07,1.591426e-07,1.549164e-06,4.4097436e-07,7.5897897e-06
ISIC_0034227,1,3.1575204e-05,0.9999654,7.786905e-09,2.4642357e-08,4.789796e-08,7.239946e-08,2.8104641e-06
ISIC_0033563,1,0.0001627059,0.99983084,1.352316e-07,1.5940447e-08,5.8144735e-07,1.01003586e-07,5.6419876e-06
ISIC_0034079,1,0.092485346,0.90749687,6.268951e-08,2.5078855e-06,1.4712767e-05,6.843044e-08,3.8124577e-07
ISIC_0033327,1,0.5560161,0.44368228,1.8599301e-05,2.4576824e-05,0.00017076299,8.0124425e-07,8.687461e-05
ISIC_0032871,1,0.21258406,0.7842021,1.1593329e-05,4.322413e-06,0.002985584,1.3541488e-06,0.00021102917
ISIC_0030851,1,2.6883175e-08,0.99998987,4.994537e-07,8.737649e-09,3.5629303e-06,5.525779e-06,5.063465e-07
ISIC_0033767,1,7.634476e-06,0.9999883,2.3842747e-10,3.05533e-08,2.8723473e-06,1.0102628e-06,2.128034e-07
ISIC_0033755,1,0.69826573,0.30154827,5.98739e-08,3.9654437e-06,0.00016125051,1.0676579e-05,1.0030598e-05
ISIC_0033625,1,0.29847437,0.70139444,6.8208954e-07,8.012317e-06,4.8335023e-05,1.6665868e-05,5.7501882e-05
ISIC_0032362,1,5.7596103e-06,0.9999201,1.0053151e-07,5.1427753e-05,5.0057423e-07,1.9161607e-05,2.902404e-06
ISIC_0033959,1,0.0011713153,0.033835515,0.94136816,0.0027753073,0.02064166,0.00014690624,6.115746e-05
ISIC_0032914,1,0.00022907957,0.99733424,0.001897823,8.303428e-06,0.00048454216,2.7546823e-05,1.8442634e-05
ISIC_0033309,1,0.0022006722,0.9098119,0.0710003,0.0022873683,0.01440909,0.0002327908,5.7893296e-05
ISIC_0026584,1,0.00011811922,0.9993093,0.00023991345,5.2042167e-05,2.4420257e-05,0.0002525653,3.6074227e-06
ISIC_0034110,1,0.37568623,0.61117655,0.005141256,0.000118846874,0.0011079897,0.0018987358,0.004870385
ISIC_0025160,1,0.12660556,0.8465067,0.0003292649,0.00052075274,0.0098828105,0.007097633,0.009057381
ISIC_0033389,1,0.33961022,0.16707951,8.8917135e-05,1.9855632e-05,0.49095905,0.00011034848,0.002132097
ISIC_0034234,1,0.38227203,0.61772734,2.3250377e-09,2.1893218e-09,4.1274976e-08,1.2578893e-08,5.812055e-07
ISIC_0033308,1,0.00033841163,0.99964964,3.0339461e-07,1.1630114e-08,9.660771e-06,4.7033356e-07,1.5545933e-06
ISIC_0034274,1,0.99913883,0.0008611936,4.4180654e-10,1.0378529e-11,2.7201472e-10,2.0657795e-09,2.3126026e-08
ISIC_0030546,1,8.161387e-06,0.99999094,9.806029e-08,1.4476837e-08,6.723449e-07,1.0133388e-08,1.3811558e-07
ISIC_0026177,1,0.044564158,0.90857553,1.2123664e-05,6.404031e-05,0.046697523,6.524289e-05,2.146506e-05
ISIC_0025713,1,4.044302e-06,0.9998872,2.1199102e-10,3.9334805e-06,3.871836e-06,0.000100460406,3.803789e-07
ISIC_0033253,1,1.4065772e-06,0.9999968,9.840494e-10,5.0590852e-08,1.642349e-06,1.03312665e-07,4.755046e-08
ISIC_0033974,1,0.0013300572,0.9986671,1.262186e-07,3.473107e-08,5.918932e-07,2.3935593e-07,1.9181932e-06
ISIC_0033941,1,0.35737,0.6424935,7.749418e-05,3.6957008e-06,2.9068048e-07,2.7618704e-05,2.734133e-05
ISIC_0029405,1,0.00030254998,0.020709489,0.0012030436,0.9223902,2.5728474e-05,0.0004541253,0.054914847
ISIC_0030429,1,2.2692777e-07,0.9938083,0.0057977526,3.4409067e-10,1.243864e-08,1.3979394e-06,0.00039222412
ISIC_0028159,1,4.2043674e-05,0.99880445,0.0011397096,1.3929425e-08,1.3304765e-06,1.5390601e-06,1.0923019e-05
ISIC_0032009,1,8.602123e-08,0.9999993,2.2166395e-09,1.4687065e-10,7.445369e-08,4.2980392e-07,2.5025965e-08
ISIC_0033652,1,0.00019921451,0.9997944,4.961149e-07,3.2580896e-08,3.5303924e-06,9.020616e-08,2.1924425e-06
ISIC_0033944,1,0.0077210567,0.9922765,1.3464083e-09,1.1573015e-08,2.031273e-06,3.5236476e-07,4.7557776e-08
ISIC_0032717,1,0.0021610782,0.99783784,5.0306692e-08,4.118067e-09,4.4332057e-07,9.598458e-08,4.5412327e-07
ISIC_0032651,1,0.00030546563,0.99969435,2.6699318e-08,1.0154597e-09,7.8143385e-09,1.2837778e-07,1.15013464e-07
ISIC_0033699,1,0.00025264992,0.9997365,1.1205916e-06,5.2348575e-08,8.970475e-06,2.3395539e-07,5.135705e-07
ISIC_0033915,1,1.2396056e-06,0.9999945,1.2885107e-11,2.675922e-06,1.2955576e-09,1.2838185e-06,2.6075344e-07
ISIC_0034020,1,9.4826376e-08,0.99996257,4.0016804e-10,1.5407782e-08,9.91163e-09,1.0800171e-05,2.6527416e-05
ISIC_0033727,1,4.9451037e-06,0.99992836,3.769608e-09,7.0316037e-09,1.4019026e-06,6.264759e-05,2.541211e-06
ISIC_0032742,1,0.003132195,0.990297,1.006434e-06,6.7002265e-06,0.00610871,0.00035215743,0.00010221494
ISIC_0032961,1,7.763135e-05,0.9999188,1.6701276e-06,5.144249e-07,4.8398715e-07,9.863094e-08,7.9902753e-07
ISIC_0034112,1,0.0013232989,0.99867094,8.598782e-07,1.892406e-08,2.7071837e-06,1.0988931e-06,1.1416691e-06
ISIC_0033296,1,9.1962946e-05,0.9998215,7.471509e-09,1.9687056e-08,8.611719e-05,1.8642181e-07,2.0654862e-07
ISIC_0033838,1,4.707636e-05,0.9999435,1.5341948e-08,3.6170988e-07,1.8692415e-06,4.2962733e-06,2.948362e-06
ISIC_0033409,1,0.00014655184,0.99984014,1.7289454e-09,1.6905769e-07,3.3431427e-06,8.283667e-06,1.5999063e-06
ISIC_0033984,1,0.001444398,0.99852884,8.684642e-08,3.2373688e-08,5.7123802e-06,2.0105438e-06,1.8903813e-05
ISIC_0032640,1,0.13485277,0.8651274,3.1944312e-06,4.3225205e-07,7.722131e-07,2.2855472e-06,1.3204283e-05
ISIC_0033648,1,9.224736e-06,0.99985516,8.5006846e-05,1.6276905e-05,1.1016129e-07,9.6983385e-06,2.4494373e-05
ISIC_0032825,1,8.0389555e-07,0.9999865,5.056195e-07,1.5940216e-07,4.7287056e-08,2.9777317e-07,1.1733732e-05
ISIC_0032803,1,3.6370242e-05,0.99996006,7.8257915e-07,2.5019866e-09,7.0728388e-09,2.3460289e-06,3.3785983e-07
ISIC_0033475,1,0.019435367,0.9783992,2.1467083e-06,8.8574986e-08,0.0021433749,1.3069379e-05,6.746152e-06
ISIC_0033210,1,0.0008851905,0.9991122,4.1320494e-09,2.4645466e-09,2.0711127e-06,2.9043892e-07,2.3859343e-07
ISIC_0033219,1,0.013826989,0.98122543,1.2721495e-07,1.9066925e-07,0.004941879,3.689291e-06,1.5636853e-06
ISIC_0032864,1,0.0014889226,0.9985102,3.5389462e-11,2.1699629e-08,5.640522e-07,1.3697588e-08,3.0286793e-07
ISIC_0033763,1,0.00116542,0.9988207,4.732277e-10,1.9903977e-07,9.35116e-09,4.399839e-06,9.200439e-06
ISIC_0033650,1,0.0006858928,0.99930584,2.7707497e-10,4.692327e-08,7.635796e-06,2.6808007e-07,4.3471263e-07
ISIC_0033992,1,0.0386786,0.95805347,3.9302627e-06,1.07076744e-07,0.0032630991,2.9686663e-07,4.5948482e-07
ISIC_0033715,1,0.0039501307,0.971512,3.7154077e-05,2.0591615e-06,0.024491502,4.4595836e-06,2.546224e-06
ISIC_0033920,1,0.0026539082,0.99385697,2.9370032e-05,6.3034787e-07,0.0034584482,5.541419e-07,1.7203621e-07
ISIC_0033510,1,0.010692694,0.98881406,3.412602e-05,2.9313836e-07,2.4975396e-05,1.6131702e-06,0.00043228478
ISIC_0033222,1,0.34809384,0.6493705,0.0005237039,0.0005737586,1.710758e-05,5.015264e-06,0.0014160402
ISIC_0032546,1,0.0003903487,0.99704945,0.00014569318,4.949405e-08,0.0024086088,4.441679e-07,5.3842896e-06
ISIC_0026810,1,0.03655586,0.96341264,5.2123045e-07,2.8005315e-05,1.4960001e-07,2.4689703e-07,2.5457762e-06
ISIC_0033832,1,0.0010219334,0.9989324,3.563362e-07,5.035561e-07,1.5761796e-05,9.811244e-06,1.9233627e-05
ISIC_0032893,1,5.680222e-05,0.9998331,4.3343457e-06,1.2069077e-08,0.00010138266,2.1863555e-06,2.169732e-06
ISIC_0032683,1,0.0060264333,0.9925322,1.5419893e-07,4.324715e-07,0.0014234576,6.997852e-06,1.0373092e-05
ISIC_0033411,1,0.00035371727,0.98280346,0.016799558,2.3696651e-07,1.0037106e-05,2.1718162e-07,3.2783817e-05
ISIC_0034096,1,0.002475402,0.024324534,0.9728448,4.049951e-07,0.00024494567,1.8829019e-06,0.0001081273
ISIC_0033382,1,4.073302e-06,0.9999771,3.4482118e-06,5.5110146e-08,1.1470212e-05,7.2001876e-07,3.2227513e-06
ISIC_0033729,1,4.9038255e-07,0.99999416,8.667706e-09,3.3728546e-07,4.2378024e-06,7.22632e-07,6.778146e-08
ISIC_0034307,1,0.0001402409,0.9998431,7.637369e-09,1.3555073e-06,4.027356e-07,1.490308e-05,2.8020864e-08
ISIC_0034137,1,2.1159545e-05,0.9999702,1.0907737e-09,1.3208638e-09,8.196395e-06,2.5225543e-07,2.2276436e-07
ISIC_0034190,1,8.669848e-05,0.8186113,0.0018641137,0.0003247417,1.7356504e-07,0.000120705954,0.17899224
ISIC_0033605,1,8.74919e-05,0.9999076,1.26887585e-08,1.6817955e-08,6.465404e-08,8.611031e-09,4.7532667e-06
ISIC_0033961,1,0.00017544675,0.99982387,5.9594343e-09,4.370114e-09,1.5906024e-07,1.4327871e-07,3.750118e-07
ISIC_0033702,1,1.7384867e-06,0.9999956,9.410366e-10,9.79179e-09,8.762434e-07,1.3375892e-06,4.4525524e-07
ISIC_0033318,1,0.0016465904,0.99831295,2.9834997e-08,3.473167e-06,1.0144054e-06,3.165458e-05,4.308331e-06
ISIC_0032615,1,0.009369065,0.99063,4.089849e-09,2.21688e-08,2.998323e-08,6.4003956e-08,8.5623026e-07
ISIC_0033862,1,0.0008054312,0.9991905,4.7761692e-09,4.8487856e-08,1.426565e-07,8.16844e-07,3.1191053e-06
ISIC_0034215,1,0.00011177182,0.9979159,1.383467e-08,8.811549e-09,0.0019704362,8.922987e-07,8.8367443e-07
ISIC_0033743,1,0.009014432,0.99066985,1.360598e-09,1.5348388e-06,0.00017698955,1.3739527e-05,0.00012348325
ISIC_0033145,1,0.0005756745,0.9994241,2.7312737e-08,3.7603326e-10,9.4866465e-08,2.9267543e-08,1.2480301e-07
ISIC_0033799,1,0.00024529686,0.99975425,1.9311188e-09,2.3094908e-07,6.4566175e-10,2.4548535e-07,3.1194634e-08
ISIC_0032524,1,0.98962605,0.010297467,3.307947e-09,1.3755072e-05,2.1801513e-06,5.825217e-05,2.3231505e-06
ISIC_0033376,1,0.0018329294,0.989824,8.4534787e-07,3.998192e-06,0.008298094,2.3827868e-06,3.7718462e-05
ISIC_0033796,1,0.00065052725,0.9976445,4.5872844e-07,2.9460557e-06,0.0016774486,1.816853e-08,2.4123456e-05
ISIC_0033121,1,2.8844452e-06,0.99983776,6.656477e-10,1.9169391e-08,6.391949e-08,0.00015790254,1.3800496e-06
ISIC_0034158,1,6.03916e-05,0.99993336,2.012268e-08,1.9872244e-08,4.8295706e-06,3.912189e-07,9.851773e-07
ISIC_0033213,1,0.000275056,0.99971014,9.596995e-11,3.208611e-08,1.6615656e-09,1.4291035e-05,4.990412e-07
ISIC_0033897,1,9.02198e-06,0.9999236,1.4351052e-08,9.938418e-07,6.2509855e-05,1.7362953e-06,2.1353314e-06
ISIC_0033694,1,1.5827587e-05,0.99976414,6.786e-07,2.3845146e-09,0.00021051991,5.666301e-06,3.0739443e-06
ISIC_0034013,1,8.7524495e-06,0.99997365,6.3005614e-09,5.8520413e-08,1.17394575e-05,5.6645604e-06,1.120174e-07
ISIC_0034088,1,0.011444449,0.9884974,6.4924393e-06,4.9409e-07,1.3938629e-05,2.6336294e-05,1.1039242e-05
ISIC_0034268,1,0.03618285,0.96366996,7.734607e-06,3.7202489e-07,0.00012715482,8.020497e-06,3.935454e-06
ISIC_0032908,1,0.008947495,0.9907669,0.00013756969,7.9496465e-05,5.123249e-05,8.419774e-06,8.99247e-06
ISIC_0034203,1,0.0005157856,0.46938014,0.5292672,0.00049018115,0.00024393236,7.0912674e-06,9.5641226e-05
ISIC_0033311,1,2.9537491e-06,0.03462984,0.9650531,1.8142668e-05,0.00016564701,3.6538222e-05,9.3795985e-05
ISIC_0032700,1,9.125746e-05,0.94886607,0.045539487,0.0050531817,9.13739e-07,5.113522e-07,0.00044858307
ISIC_0032608,1,0.11236528,0.875172,0.0003751673,0.0002697885,0.0035115245,0.0044261976,0.0038799962
ISIC_0032746,1,0.60860455,0.388027,0.003323774,7.161777e-07,2.415779e-08,4.2769694e-05,1.1593236e-06
ISIC_0033266,1,0.0055558886,0.98020935,0.005555425,0.00529622,0.0029097227,0.00038609392,8.733489e-05
ISIC_0033404,1,0.0037639127,0.99336,7.1214566e-07,0.00014884007,0.0026920491,1.3622566e-05,2.0948431e-05
ISIC_0033478,1,0.38689288,0.59564054,4.2844536e-06,0.003671861,0.012222874,0.0006336676,0.00093396567
ISIC_0032786,1,0.037921265,0.96188074,2.1822625e-06,8.804084e-08,1.8059167e-06,6.8002824e-05,0.00012590247
ISIC_0033788,1,0.20742646,0.7904494,0.0002556122,2.0690383e-07,0.00015042008,3.4326415e-06,0.0017145827
ISIC_0033220,1,3.1452164e-06,0.9999964,1.26009585e-08,3.6435456e-08,1.7806512e-07,1.07910545e-07,8.929578e-08
ISIC_0032817,1,1.7495242e-06,0.99999785,1.8382967e-10,6.0829635e-08,4.1831463e-09,1.2951394e-07,1.8339394e-07
ISIC_0032820,1,0.0051221205,0.9948756,3.4713818e-07,6.3359245e-08,6.935937e-09,1.2500582e-06,5.096789e-07
ISIC_0032853,1,0.0004950258,0.99943763,3.0913025e-06,5.165262e-07,2.484179e-05,3.695952e-05,2.0249624e-06
ISIC_0034148,1,6.901105e-05,0.99354506,2.029719e-06,1.954498e-07,0.0063147084,6.565084e-05,3.3277854e-06
ISIC_0034241,1,2.5604847e-06,0.9978478,2.0131044e-06,4.333462e-07,0.0020977573,4.640958e-05,2.9719624e-06
ISIC_0028863,1,0.00033843206,0.999423,1.1251874e-07,1.4677785e-07,0.00023241778,1.9632591e-06,4.0233435e-06
ISIC_0030126,1,0.016893256,0.9813415,2.3333077e-05,6.671476e-05,7.613138e-05,0.00022879057,0.0013702727
ISIC_0032995,1,0.0033113614,0.9956644,0.00029391935,4.3928947e-05,0.0006008413,5.2795633e-05,3.279625e-05
ISIC_0032754,1,0.0001491574,0.46566513,7.291559e-06,6.257994e-06,0.53357005,0.00060080946,1.2975294e-06
ISIC_0032714,1,0.00013905282,0.9993807,3.11099e-05,1.4168582e-05,0.00043313374,1.347904e-06,5.013416e-07
ISIC_0032574,1,0.026338631,0.9362458,0.036663134,2.1836356e-06,0.0007389096,9.815958e-06,1.4910852e-06
ISIC_0033398,1,0.002122347,0.10704184,0.8906982,1.60052e-08,0.00013492446,1.2162944e-06,1.4927157e-06
ISIC_0033244,1,0.013486554,0.9718569,0.014650541,2.4288933e-09,3.2602757e-06,1.9149945e-06,7.584362e-07
ISIC_0033339,1,1.6948847e-07,0.99962986,2.7287854e-11,5.5743722e-11,3.070137e-09,1.5607854e-06,0.0003684246
ISIC_0033010,1,5.1254752e-05,0.9999484,1.4884519e-09,4.9768754e-09,1.6243582e-08,2.820836e-07,1.1240259e-07
ISIC_0034293,1,0.00034387998,0.9996166,1.8000854e-10,3.8701774e-07,7.320415e-08,3.763456e-05,1.4311419e-06
ISIC_0033350,1,0.017667715,0.98233044,5.5921765e-09,1.4428437e-07,1.6697957e-08,6.1209704e-07,1.1108533e-06
ISIC_0033943,1,0.0053404407,0.9944798,2.5558867e-05,3.985842e-05,7.278823e-05,2.9211451e-05,1.2433028e-05
ISIC_0033434,1,2.3958235e-05,0.9999416,3.3758082e-05,9.6452965e-08,1.7605666e-07,7.4129865e-08,3.003583e-07
ISIC_0033433,1,0.0012139583,0.99803084,1.7034542e-07,3.199922e-05,0.00028449096,3.199132e-05,0.00040650158
ISIC_0032934,1,0.007317163,0.8513949,3.010008e-06,0.00033804047,0.13930885,4.8926468e-05,0.0015891101
ISIC_0033742,1,6.47964e-05,0.9999274,1.7348227e-11,3.3420107e-09,2.108585e-08,6.8996683e-06,8.5755687e-07
ISIC_0034127,1,0.005955193,0.9938498,4.035293e-09,5.8415456e-10,1.2705065e-05,0.00016764809,1.467187e-05
ISIC_0033111,1,0.0019883632,0.9979225,2.6997967e-08,1.5291131e-07,8.973968e-07,6.297258e-05,2.5237976e-05
ISIC_0033077,1,0.0022532996,0.9976284,4.0561654e-06,1.0114047e-06,9.419798e-05,3.6009392e-06,1.5449983e-05
ISIC_0033951,1,5.768833e-05,0.99988306,6.3644766e-06,1.7330842e-07,4.6696674e-05,4.3365965e-08,6.1146075e-06
ISIC_0033149,1,3.4145047e-05,0.9999609,5.7410045e-07,5.7075376e-08,1.590536e-06,3.1160166e-08,2.8348963e-06
ISIC_0033343,1,0.059173692,0.9245255,2.4442177e-05,0.014041827,0.00046431762,6.810479e-05,0.0017021231
ISIC_0033502,1,0.012904917,0.9120771,7.753848e-05,0.0576453,0.0008299944,0.00045733945,0.016007697
ISIC_0033764,1,0.073791616,0.9250427,7.7956436e-05,0.0002583342,0.000667922,0.00011390769,4.7585698e-05
ISIC_0033934,1,0.9726643,0.026961079,3.3463788e-05,0.00033734518,8.565372e-07,7.8395453e-07,2.2869765e-06
ISIC_0032565,1,0.7241749,0.27562767,3.7027956e-05,4.620971e-05,3.8960672e-05,1.1275299e-06,7.414351e-05
ISIC_0033443,1,0.015523867,0.98233056,9.628202e-06,8.174715e-08,3.7427826e-06,5.306044e-06,0.0021268215
ISIC_0032593,1,2.3444647e-06,0.99999404,6.8804575e-09,1.4377618e-09,1.9648398e-08,2.7934007e-07,3.324884e-06
ISIC_0033935,1,0.00036959196,0.99962485,2.2297262e-07,2.362808e-07,5.8308842e-08,2.5726575e-07,4.748095e-06
ISIC_0033703,1,0.3751885,0.62458885,2.5328734e-05,7.3219694e-06,0.00017776918,2.1112382e-06,1.0236292e-05
ISIC_0034245,1,0.011021231,0.9889681,9.493842e-06,1.6152411e-08,2.3783424e-07,1.0045883e-07,8.911103e-07
ISIC_0032708,1,0.0019549897,0.99742717,3.3735458e-07,2.6088226e-06,4.6954312e-05,0.0005622024,5.7080747e-06
ISIC_0033574,1,3.4007982e-05,0.9999126,2.0743517e-08,6.2970685e-08,2.1323318e-07,5.215554e-05,7.553013e-07
ISIC_0033954,1,5.007847e-05,0.9999485,4.3298254e-10,1.8532788e-08,1.3143698e-06,4.2212363e-08,5.6881657e-08
ISIC_0033771,1,0.01332316,0.9866753,4.986661e-10,9.4989385e-09,1.1561293e-06,3.1368987e-07,4.4684327e-08
ISIC_0034035,1,5.353228e-06,0.99999416,1.1406313e-08,1.6012496e-09,3.202021e-07,8.352907e-08,1.3960308e-08
ISIC_0033880,1,7.4259956e-06,0.9999907,2.2488147e-09,2.8835452e-09,7.181087e-08,8.250799e-07,9.68895e-07
ISIC_0033994,1,2.8924956e-05,0.9999684,1.5939507e-08,7.946371e-10,7.2613164e-09,2.0011383e-07,2.379943e-06
ISIC_0032755,1,5.028652e-08,0.9999999,4.918578e-11,3.03651e-10,3.3093037e-10,3.5752944e-08,1.913958e-08
ISIC_0033724,1,6.909275e-06,0.9999807,1.2096672e-08,4.7314476e-08,8.645032e-06,1.533348e-06,2.2328236e-06
ISIC_0033786,1,0.99862957,0.0013488384,1.2818028e-07,2.0152456e-07,1.6658018e-05,5.662902e-07,4.0391838e-06
ISIC_0034009,1,0.06320137,0.9362388,1.2537239e-05,3.243927e-05,0.0004416818,4.299459e-06,6.876687e-05
ISIC_0034305,1,0.072247155,0.923868,1.8975357e-05,1.6084286e-05,0.0038170335,1.2923555e-05,1.984707e-05
ISIC_0034097,1,0.0003289155,0.9983923,2.080449e-06,4.0272243e-06,0.0012422366,2.7652923e-05,2.8222069e-06
ISIC_0033021,1,0.0007313217,0.99926525,1.2462721e-06,6.0531255e-07,5.1240665e-08,5.872657e-07,9.2887603e-07
ISIC_0033835,1,0.0004993849,0.99950016,1.0317201e-10,9.1564173e-10,1.0500598e-11,3.1307857e-07,6.1430335e-08
ISIC_0034247,1,0.00044602554,0.99817085,7.784173e-10,1.7285025e-10,0.0013819446,1.07313e-06,4.380218e-08
ISIC_0033455,1,0.15233961,0.8441133,4.1285366e-06,3.8974842e-05,0.0020528126,1.5247026e-05,0.0014359185
ISIC_0034056,1,0.0010765126,0.9973078,2.586663e-10,7.58811e-10,0.0016156778,3.0021365e-08,3.1939156e-09
ISIC_0034069,1,0.0020237966,0.9970239,2.9566402e-06,2.56231e-07,0.0009273553,4.170827e-06,1.7571849e-05
ISIC_0032673,1,0.0018421649,0.99794704,3.0347883e-06,2.280367e-07,0.00019782146,7.0465585e-06,2.6435407e-06
ISIC_0033684,1,0.28360793,0.71465504,0.00016558122,2.679873e-06,0.0015411717,1.8732979e-05,8.874397e-06
ISIC_0033723,1,0.00203216,0.99737036,8.698484e-06,0.00020565858,0.00030826117,6.217513e-05,1.2614694e-05
ISIC_0033396,1,0.018495398,0.9806307,1.2752436e-05,0.0007392604,0.000105411076,4.6703294e-06,1.178906e-05
ISIC_0032881,1,0.0067695365,0.9932225,9.1068824e-07,2.7888822e-07,3.779606e-07,4.9226132e-06,1.4886234e-06
ISIC_0034209,1,0.50551176,0.479347,0.0035019114,0.0012155966,0.009841395,0.000104257226,0.0004780916
ISIC_0034297,1,0.08836884,0.84729385,0.00032712115,0.00028703705,0.06206941,0.0015853083,6.8425055e-05
ISIC_0034171,1,4.333026e-08,0.99999976,1.47916115e-08,1.5793346e-09,2.8797857e-08,1.0891564e-07,3.8063956e-08
ISIC_0033996,1,1.3110383e-07,0.99996614,8.92927e-07,9.106766e-07,2.8252882e-05,9.3860115e-07,2.6620862e-06
ISIC_0034124,1,0.004198271,0.99576604,2.2860215e-07,1.0826443e-06,9.308618e-06,2.136519e-06,2.2914173e-05
ISIC_0033861,1,0.0027977384,0.99718165,2.3867827e-07,5.8594e-07,1.5431287e-05,1.0144615e-06,3.2708576e-06
ISIC_0032519,1,0.0009575091,0.99344677,0.0047132494,7.495196e-07,1.3411221e-07,3.9408264e-05,0.0008421585
ISIC_0034090,1,0.0012007896,0.70633346,0.29165015,3.385287e-07,2.2409195e-06,0.0005008613,0.00031218582
ISIC_0032896,1,0.0010879876,0.9984946,7.67728e-06,2.1780659e-07,0.00040124002,3.7140624e-06,4.532923e-06
ISIC_0034166,1,1.9527652e-08,1.0,1.1991885e-10,2.3024868e-12,1.3988316e-09,4.965441e-09,7.47015e-09
ISIC_0033143,1,1.554548e-05,0.9999633,3.2557662e-10,9.73685e-09,3.2497658e-07,2.068843e-05,1.583551e-07
ISIC_0032744,1,0.00022850055,0.9997695,2.8553973e-09,4.964268e-09,2.67233e-07,3.7854647e-07,1.3374334e-06
ISIC_0033585,1,0.0015395667,0.99806124,0.00026613413,3.0824523e-08,5.5661376e-06,0.00012685772,6.0683266e-07
ISIC_0033319,1,4.087063e-05,0.9999589,4.7565774e-09,3.766358e-10,1.3830825e-08,9.683438e-08,1.6426212e-07
ISIC_0029306,1,0.0421165,0.9578731,1.0548491e-07,2.2627704e-07,1.8797164e-06,2.8089042e-07,7.990405e-06
ISIC_0028210,1,2.4743978e-05,0.99995935,1.5138821e-05,2.9072579e-08,5.437456e-07,2.01742e-08,2.228597e-07
ISIC_0030626,1,2.5325842e-06,0.99999344,2.0741893e-06,9.875313e-08,1.762379e-06,2.3268372e-08,3.1980623e-08
ISIC_0031163,1,4.0564184e-05,0.9999515,5.4324196e-06,8.360696e-08,2.135338e-06,7.544722e-08,1.8270899e-07
ISIC_0031053,1,0.02852315,0.9714741,1.71129e-07,4.6010652e-07,9.044561e-07,7.5041913e-07,4.513187e-07
ISIC_0030362,1,0.00026027358,0.9985317,0.00031290966,4.9429364e-06,0.0008592027,6.357906e-06,2.4535311e-05
ISIC_0031460,1,0.0012450637,0.9984219,0.00022510212,1.4077867e-06,8.6086e-05,4.1921626e-06,1.62228e-05
ISIC_0025887,1,0.020903748,0.94424635,0.0007553228,0.00051833375,0.033009876,9.618107e-05,0.0004701982
ISIC_0028540,1,1.5679243e-05,0.9999747,1.1043321e-06,2.4414527e-07,1.3490269e-06,6.7371498e-06,1.3740993e-07
ISIC_0030771,1,0.004531232,0.99538827,5.7168567e-05,1.5245403e-06,3.138513e-06,1.0161105e-05,8.389394e-06
ISIC_0026049,1,0.00021239989,0.98615605,5.7577967e-08,5.052537e-07,0.013527465,1.6805742e-06,0.00010191302
ISIC_0026370,1,2.685068e-06,0.9999962,7.95716e-07,1.3022537e-09,5.106742e-08,6.695525e-08,1.591734e-07
ISIC_0027505,1,0.00014938816,0.9998505,6.057497e-09,2.1538003e-08,4.1717025e-09,7.067358e-09,1.8437545e-08
ISIC_0030284,1,8.553634e-08,0.9999999,1.1266428e-10,2.391926e-11,4.759216e-12,8.587648e-09,1.7578596e-10
ISIC_0028425,1,0.0004286852,0.99952114,2.1732912e-08,3.6009443e-08,1.3277104e-05,4.99608e-08,3.689523e-05
ISIC_0029222,1,0.96979886,0.030161113,1.6590808e-05,2.0880047e-07,6.746515e-07,4.4013683e-07,2.2002763e-05
ISIC_0028625,1,0.24266255,0.38791203,0.009562122,5.4050022e-05,0.35948735,0.00013218516,0.00018964143
ISIC_0026328,1,0.0012922231,0.9986889,1.655637e-06,2.6348286e-07,1.5397474e-05,8.297062e-09,1.6653029e-06
ISIC_0029334,1,0.0050107767,0.9948521,4.2111005e-06,1.036399e-06,0.00011926593,2.0017334e-08,1.2529067e-05
ISIC_0027933,1,5.209987e-05,0.99809974,3.0537126e-06,2.2968302e-06,0.0015957726,7.011957e-06,0.00024007757
ISIC_0028513,1,1.945155e-05,0.99859804,4.950216e-07,1.4752184e-06,0.0011421026,1.3392308e-05,0.00022505746
ISIC_0027670,1,0.6945216,0.3053645,4.303225e-05,3.0063475e-07,4.057161e-06,9.280551e-06,5.718975e-05
ISIC_0027097,1,0.24644598,0.7534744,5.6397243e-06,3.9407723e-06,6.653148e-07,7.919931e-06,6.1405655e-05
ISIC_0029431,1,0.000211164,0.99978536,1.7770009e-06,1.9331028e-09,1.2544421e-08,1.62671e-06,6.009866e-08
ISIC_0024674,1,0.12223675,0.8772204,0.00020143259,1.1084107e-05,4.0532268e-05,0.0002335496,5.6266344e-05
ISIC_0028868,1,0.0017335218,0.9982382,3.5238184e-06,1.1825988e-07,2.3356983e-05,3.9786045e-07,9.035383e-07
ISIC_0026419,1,3.1638217e-06,0.9264738,1.9386311e-08,1.5067407e-08,4.2267807e-09,8.524159e-07,0.07352214
ISIC_0027052,1,2.4195575e-07,0.7760438,5.1395688e-09,8.559631e-09,2.7845812e-10,5.3459807e-08,0.22395591
ISIC_0029664,1,2.884951e-05,0.9999707,3.4030215e-08,5.963929e-08,1.2540447e-07,1.0366501e-08,1.9529772e-07
ISIC_0024936,1,0.0075998055,0.9923645,5.0055064e-07,1.5850596e-07,1.08705514e-07,1.147167e-06,3.3836084e-05
ISIC_0026272,1,4.623876e-05,0.99992955,2.3304206e-05,2.3436905e-07,3.086178e-07,1.6578983e-07,1.881058e-07
ISIC_0024658,1,2.5990525e-05,0.9999665,6.837278e-06,1.954482e-07,2.8670178e-07,1.1517288e-07,5.723824e-08
ISIC_0027258,1,0.8493857,0.14794743,1.7182737e-06,0.0017399299,0.0003249608,0.00055956905,4.065777e-05
ISIC_0028957,1,2.385475e-06,0.9999975,4.7862144e-08,4.2617323e-08,1.0965453e-07,9.270273e-09,1.055986e-08
ISIC_0027412,1,0.0020352937,0.99796295,5.0895196e-08,1.7280298e-07,3.3356756e-08,5.705101e-09,1.5305707e-06
ISIC_0029257,1,0.74579686,0.25416526,3.8904471e-07,4.7235294e-06,2.5398945e-06,7.6702156e-07,2.941973e-05
ISIC_0030225,1,0.71046925,0.28943843,3.660844e-06,2.368103e-05,1.1164501e-05,3.2991504e-06,5.0450388e-05
ISIC_0029313,1,1.05835774e-07,0.999881,9.773533e-05,1.4655392e-06,2.593501e-06,1.8063404e-06,1.5280855e-05
ISIC_0030508,1,3.251761e-07,0.9995129,0.00046817062,6.283039e-07,2.1470858e-06,2.5824904e-06,1.3237295e-05
ISIC_0027902,1,3.0951083e-05,0.99757856,0.00086815766,0.0011954252,0.00031832096,7.632635e-06,9.757463e-07
ISIC_0027226,1,7.299665e-06,0.99979824,0.00011913239,4.6342204e-05,2.7941303e-05,9.607649e-07,8.262686e-08
ISIC_0028263,1,1.9102232e-05,0.9998228,0.00013266497,1.383587e-06,4.5004458e-07,2.107684e-05,2.4635083e-06
ISIC_0028610,1,2.2548406e-06,0.99996436,7.5617104e-06,3.884888e-06,1.0378516e-06,1.482786e-05,6.1023115e-06
ISIC_0031360,1,0.00017923136,0.99876285,8.389789e-05,1.4543314e-05,9.1978046e-07,0.0009492191,9.404558e-06
ISIC_0031657,1,0.0045472793,0.9954442,5.944365e-06,1.713689e-06,8.51169e-09,5.949325e-07,3.456981e-07
ISIC_0030077,1,0.001241627,0.9987569,6.016881e-07,7.5333406e-07,2.1992445e-08,7.861031e-08,3.2022818e-08
ISIC_0029865,1,0.00021187786,0.9997842,3.1068112e-06,1.6324464e-07,4.7266735e-07,6.1883675e-08,1.9465628e-07
ISIC_0025662,1,0.5779874,0.4220081,1.16260686e-07,3.8562384e-08,6.3091555e-08,3.294213e-06,1.0607328e-06
ISIC_0027510,1,0.04242254,0.95757663,3.698088e-08,1.3828574e-09,4.0868145e-10,6.9415415e-07,6.7723356e-08
ISIC_0024355,1,0.0037182842,0.99627185,1.1330028e-06,8.681274e-08,8.468261e-06,1.6650624e-07,2.9753275e-08
ISIC_0024394,1,0.002028961,0.9979646,3.5624212e-06,5.1578263e-07,1.0719596e-07,2.8053927e-07,2.0620212e-06
ISIC_0029516,1,0.0026240726,0.9973093,1.3545946e-05,3.0989242e-05,5.2574374e-06,5.265823e-06,1.153361e-05
ISIC_0030066,1,2.8823385e-06,0.99873704,0.001191365,4.904606e-07,1.736773e-05,1.9395022e-06,4.899235e-05
ISIC_0030588,1,0.08683092,0.91254693,0.00021365169,8.502044e-05,1.78392e-06,3.020341e-05,0.00029142827
ISIC_0025511,1,2.0640153e-05,0.99989855,7.484188e-05,1.7939898e-07,1.1471809e-06,1.8300615e-06,2.8311533e-06
ISIC_0029640,1,0.013321759,0.28045005,0.539235,2.67731e-05,0.00021660075,0.16628546,0.00046435997
ISIC_0029724,1,0.021237459,0.93587065,0.031079972,1.968217e-06,0.0001934608,0.011434367,0.00018210396
ISIC_0027707,1,0.012375855,0.9580002,0.019270971,9.916104e-06,0.00014524299,0.009972523,0.00022534022
ISIC_0031541,1,3.0861398e-09,0.99999726,1.581357e-08,1.25248425e-08,8.0219664e-10,8.710795e-08,2.6439693e-06
ISIC_0027596,1,6.652563e-10,0.9999896,6.568268e-09,3.7472955e-08,3.2793046e-10,2.6232537e-06,7.738939e-06
ISIC_0028960,1,6.9134387e-10,0.9999968,5.9933736e-10,1.6371366e-08,4.785503e-10,7.2409154e-07,2.5084587e-06
ISIC_0025240,1,0.001903275,0.99807173,4.9186765e-06,3.482267e-06,1.4923014e-05,4.5460283e-07,1.22106e-06
ISIC_0026933,1,2.740109e-05,0.9999722,3.1870336e-08,7.838746e-08,2.8332495e-08,2.2294375e-07,1.2228054e-08
ISIC_0027122,1,0.00030034964,0.999042,2.3483428e-06,1.9530326e-05,0.00055062264,7.448467e-07,8.443077e-05
ISIC_0031340,1,0.00035752918,0.9995542,2.188244e-06,9.515511e-06,5.9818474e-05,1.4405366e-07,1.6635167e-05
ISIC_0024793,1,0.000509768,0.9955122,3.0089395e-06,3.669115e-05,0.0039059548,1.6666077e-06,3.076007e-05
ISIC_0024938,1,0.23824029,0.11084759,0.6497848,0.0007193305,8.353687e-05,7.170045e-05,0.00025272762
ISIC_0030065,1,0.080227554,0.9125845,0.006754887,6.994612e-05,0.00023941165,4.2554988e-05,8.117336e-05
ISIC_0025231,1,0.6341292,0.34577358,0.019590532,0.00021588402,0.00016399834,7.910251e-05,4.7680696e-05
ISIC_0030945,1,8.495739e-05,0.7201671,4.0855863e-05,0.27796233,0.001723002,1.0945979e-06,2.0700143e-05
ISIC_0026611,1,0.9805162,0.019470131,7.865233e-06,7.332605e-07,2.9917155e-06,1.622851e-07,1.958745e-06
ISIC_0029269,1,0.77243817,0.22755188,9.400041e-06,2.3296627e-07,5.244594e-08,8.387522e-08,1.3886677e-07
ISIC_0028115,1,6.6030584e-06,0.99991405,4.0982604e-07,1.0409906e-07,7.865626e-05,5.0155105e-08,1.7991303e-07
ISIC_0028030,1,1.1393249e-06,0.99995816,5.15508e-07,3.3614829e-06,1.0281215e-05,1.6090034e-05,1.0521283e-05
ISIC_0031725,1,0.012887424,0.9869218,3.7896018e-06,6.119274e-07,1.0419065e-05,1.5319005e-05,0.00016073615
ISIC_0030397,1,6.45385e-07,0.99999726,2.4687657e-07,1.16496196e-07,9.2710764e-07,4.05421e-09,7.9837343e-07
ISIC_0027390,1,0.04720884,0.9466601,8.617703e-07,1.9305371e-05,0.00165307,0.0012676194,0.0031901854
ISIC_0028758,1,0.017143749,0.00023986587,3.0555739e-06,0.98228735,0.00025784946,2.6945347e-06,6.55208e-05
ISIC_0027147,1,0.00012679835,0.9970777,0.0027416917,3.3753014e-07,7.660861e-06,4.1583327e-05,4.2382276e-06
ISIC_0031510,1,0.9962567,0.0036434913,6.5373504e-05,3.2979468e-05,5.6397326e-08,2.8671847e-08,1.4290599e-06
ISIC_0028757,1,2.7453703e-07,0.999681,0.00030429388,7.22702e-07,3.8991607e-07,9.725414e-06,3.5262403e-06
ISIC_0027323,1,0.21182306,0.7881538,4.762485e-08,2.0292933e-05,3.0004652e-09,1.3874251e-06,1.3597065e-06
ISIC_0032274,1,1.0023337e-05,0.9996939,2.1995977e-06,0.00021841835,7.0431984e-06,9.1468555e-06,5.9241585e-05
ISIC_0031070,1,0.007827702,0.9921256,1.243831e-06,4.414007e-05,6.125075e-07,3.9500546e-07,3.82451e-07
ISIC_0025633,1,6.8455836e-07,0.9999975,5.646944e-08,6.497684e-08,3.3532788e-09,2.8675673e-08,1.6700409e-06
ISIC_0032163,1,3.07661e-05,0.9999647,6.1507985e-09,2.7940373e-06,2.8837977e-07,6.3373136e-07,9.0150354e-07
ISIC_0025562,1,2.155485e-05,0.99964297,2.8518497e-07,3.4081593e-05,0.00010782813,1.51643135e-05,0.00017814717
ISIC_0032474,1,3.5419095e-07,0.99999917,6.6231586e-08,7.228499e-09,3.9135152e-08,2.2025084e-07,1.6422393e-07
ISIC_0029438,1,2.3981627e-06,0.9999653,1.0158824e-05,4.068491e-06,2.167545e-08,1.0795999e-05,7.2123185e-06
ISIC_0027495,1,0.00027930422,0.99952185,6.883236e-08,0.00016130578,1.02666124e-08,3.354578e-05,3.813055e-06
ISIC_0029583,1,5.077477e-07,0.99991333,4.780627e-09,6.998056e-05,6.349083e-06,9.587598e-06,2.3683772e-07
ISIC_0030399,1,0.0032670526,0.99659294,1.545053e-07,0.00010109826,7.4980703e-06,3.095535e-05,2.0730951e-07
ISIC_0031353,1,0.0818491,0.9180824,2.0026378e-05,2.5549769e-05,1.2918945e-05,5.5185757e-07,9.548197e-06
ISIC_0031932,1,9.469588e-06,0.99997187,1.8016982e-07,5.2824093e-06,3.0649924e-06,9.197201e-06,9.729481e-07
ISIC_0026987,1,7.5065424e-07,0.99999905,5.460623e-10,9.2383445e-08,6.738675e-10,5.5549002e-08,4.272751e-08
ISIC_0027671,1,3.3228564e-05,0.9999634,8.797603e-07,6.965227e-09,3.2071856e-07,1.9398015e-06,3.1604299e-07
ISIC_0026546,1,1.0090384e-05,0.99996245,1.7375794e-07,3.520384e-08,1.8844508e-05,7.5265434e-06,9.078497e-07
ISIC_0025506,1,9.563083e-06,0.97041863,5.5492194e-07,7.166207e-05,0.029305724,0.00018697834,6.9552275e-06
ISIC_0025013,1,2.6643468e-06,0.9999958,4.8955602e-08,4.1564905e-07,1.2151389e-07,5.8237015e-07,3.4681977e-07
ISIC_0027724,1,1.9655309e-07,0.99998665,4.3905195e-09,4.058947e-06,6.47227e-06,2.1622914e-06,5.2159004e-07
ISIC_0030796,1,0.27178997,0.72815096,1.5989435e-05,3.6352154e-05,5.5726116e-07,3.530743e-06,2.5833883e-06
ISIC_0025118,1,0.00027017298,0.9997069,1.1305146e-07,1.8785386e-07,6.087402e-08,1.1968e-05,1.0574825e-05
ISIC_0026512,1,0.9728407,0.027147936,7.408738e-06,4.1579014e-07,7.522972e-07,1.6131517e-06,1.1534361e-06
ISIC_0029183,1,0.00025498762,0.9997389,1.1524196e-06,9.8744565e-08,2.1429391e-06,2.2335996e-06,4.2504536e-07
ISIC_0029298,1,0.018716348,0.98064923,5.9097935e-09,0.0006151297,5.301895e-06,3.06899e-06,1.0936128e-05
ISIC_0024790,1,0.016515275,0.9831026,3.070407e-06,0.00026894332,8.7127795e-05,2.481473e-07,2.2698641e-05
ISIC_0028551,1,0.0001107442,0.9998286,4.2565566e-06,1.7980368e-05,4.412969e-06,1.8617515e-05,1.5386713e-05
ISIC_0024963,1,0.017838813,0.92912316,4.1640365e-06,0.05300582,8.275909e-06,1.0536393e-05,9.217259e-06
ISIC_0025305,1,4.2121937e-05,0.999954,4.4713726e-08,1.2543289e-07,1.2617487e-06,2.056199e-06,4.561648e-07
ISIC_0029577,1,0.0007189243,0.99926144,8.677258e-06,3.716025e-06,4.7655044e-06,6.888846e-07,1.7547368e-06
ISIC_0024560,1,0.16138999,0.83751106,3.222918e-05,0.0009838147,6.7703145e-06,2.7171753e-05,4.901982e-05
ISIC_0029046,1,0.0109803565,0.98741674,0.00079762563,0.00013341603,0.0006393354,7.933184e-07,3.167606e-05
ISIC_0030328,1,4.2029067e-05,0.99977523,2.7422485e-07,0.00016133605,1.5612913e-07,1.9980289e-05,8.7822764e-07
ISIC_0031363,1,1.533646e-06,0.9999795,3.2798783e-10,6.754648e-06,4.005331e-09,1.0659937e-05,1.5483155e-06
ISIC_0029369,1,0.0011164945,0.9988765,6.5379835e-09,3.567855e-07,1.4089061e-06,2.8819302e-06,2.3481555e-06
ISIC_0028507,1,2.4707367e-06,0.99994886,2.2773718e-06,9.7731e-06,3.5535002e-06,3.263832e-05,4.230255e-07
ISIC_0029773,1,2.66471e-06,0.9999958,1.3308971e-07,1.590753e-07,1.5104625e-08,1.186391e-06,7.327929e-08
ISIC_0026452,1,0.055452958,0.9443834,1.0331909e-06,2.4291394e-06,0.00015364036,4.409439e-06,2.1833346e-06
ISIC_0027007,1,0.19801748,0.79876196,0.0029157663,0.00026232866,4.026003e-05,2.2805932e-07,1.9427532e-06
ISIC_0026655,1,0.0049795792,0.94805247,1.4703991e-05,0.04601,0.00034753434,0.0004147145,0.00018113309
ISIC_0028983,1,1.5816826e-05,0.99998236,1.5860094e-06,8.116422e-10,2.631285e-10,2.0424366e-07,6.039075e-09
ISIC_0031612,1,0.00016294325,0.99980384,1.7032164e-08,2.5781857e-05,4.124574e-06,1.773646e-06,1.5736126e-06
ISIC_0030115,1,0.005927687,0.9134489,2.6243538e-06,0.0767376,0.0033076205,6.8976483e-06,0.00056874595
ISIC_0028364,1,0.016984917,0.9801528,0.0014762452,0.0005790687,0.00057499844,7.874335e-07,0.00023121787
ISIC_0026885,1,0.83743757,0.16113146,0.0011550903,2.6219133e-05,0.00024631125,4.1984954e-08,3.3237577e-06
ISIC_0025902,1,0.005054647,0.9222864,1.3117929e-05,0.0724371,0.00015927534,3.1709158e-05,1.7824821e-05
ISIC_0030704,1,9.74492e-07,0.9884242,5.884411e-09,0.009765189,2.458298e-06,0.0017750629,3.2041055e-05
ISIC_0027568,1,0.15015621,0.15506391,8.994369e-06,0.69474846,2.7329727e-06,9.929774e-06,9.785229e-06
ISIC_0029679,1,0.009326944,0.9446918,0.00033131216,0.004292966,5.550014e-05,0.0408811,0.00042047264
ISIC_0026053,1,0.77529365,0.22413902,0.00034438635,0.00019938558,5.68264e-07,3.947343e-07,2.2586353e-05
ISIC_0025443,1,1.3451742e-05,0.99937856,3.93066e-05,0.00042333425,0.000113127404,4.3684745e-06,2.7849996e-05
ISIC_0028599,1,0.85696405,0.007494359,0.00010720246,7.823829e-06,0.1307018,1.127639e-06,0.004723668
ISIC_0028378,1,1.2203716e-05,0.999984,1.0785982e-07,2.6657565e-06,9.715316e-08,1.3852294e-08,9.986629e-07
ISIC_0026852,1,0.013067574,0.9869055,1.096104e-06,1.2355103e-05,1.4415493e-06,8.77493e-07,1.1203465e-05
ISIC_0026491,1,0.9090288,0.0870849,0.00013812288,0.0002889276,0.003245484,3.8631177e-05,0.00017500912
ISIC_0028808,1,0.001255465,0.99845994,1.9166093e-09,0.00023506171,2.773461e-07,3.1692307e-06,4.607491e-05
ISIC_0026513,1,0.8634716,0.13644813,3.0149827e-09,6.6319604e-05,3.7642675e-07,4.791495e-07,1.3079695e-05
ISIC_0027540,1,0.31483662,0.65457237,0.00038170943,0.011717623,7.057238e-07,8.7057044e-05,0.018403942
ISIC_0031700,1,8.432025e-05,0.99771035,0.0012401852,0.000748383,0.00017065252,9.251428e-07,4.5146895e-05
ISIC_0027073,1,8.2179125e-05,0.9927927,0.0016779536,0.0052552647,7.310298e-05,5.1883828e-05,6.703964e-05
ISIC_0024959,1,1.5256156e-06,0.9999958,4.5965415e-12,1.1394888e-09,3.526225e-13,2.54546e-06,9.187198e-08
ISIC_0028202,1,0.0009765617,0.9990221,9.302624e-09,5.944119e-07,2.7856681e-09,7.604276e-07,2.0763661e-08
ISIC_0028857,1,0.14063402,0.8593207,5.543256e-07,3.965996e-06,1.6571477e-05,1.2566169e-06,2.2882667e-05
ISIC_0025476,1,0.00016376098,0.99494064,0.0048902915,1.632366e-06,7.777321e-07,2.5682682e-06,3.3699692e-07
ISIC_0026437,1,3.3044555e-05,0.9837699,0.0005787235,0.00056542765,0.014717358,0.00023570124,9.989913e-05
ISIC_0025424,1,0.045292903,0.95470595,6.813954e-11,2.0844172e-07,7.4784606e-10,4.511728e-07,4.7612326e-07
ISIC_0027503,1,0.032398082,0.9675931,7.05178e-10,2.8499899e-06,3.3915773e-10,4.695569e-06,1.2911719e-06
ISIC_0027181,1,1.635706e-06,0.9996402,6.6053744e-06,9.883525e-06,7.9953206e-05,0.00021084181,5.0929502e-05
ISIC_0025983,1,5.5144297e-05,0.9995671,2.9078294e-07,0.00037307176,3.2681962e-06,7.273502e-07,4.3963183e-07
ISIC_0026818,1,8.279687e-05,0.9999113,1.9203117e-08,4.5130275e-08,5.730292e-06,3.5291656e-08,1.17170714e-07
ISIC_0032251,1,0.01399311,0.8542367,0.01665776,0.043157086,0.06670896,0.0038721054,0.001374209
ISIC_0032253,1,7.011552e-06,0.25012183,0.7065551,0.0003677087,0.04289342,1.0800321e-06,5.382471e-05
ISIC_0024476,1,0.43619394,0.5427416,0.011843587,0.00044261297,0.008603154,1.3187236e-05,0.0001619093
ISIC_0026551,1,0.0021482096,0.99753416,2.3228346e-05,0.00022950055,1.11191885e-05,9.389406e-06,4.4324363e-05
ISIC_0024596,1,0.00017123409,0.9997756,2.3383805e-07,4.575679e-06,4.59718e-05,1.9915063e-07,2.252541e-06
ISIC_0030966,1,0.0014252778,0.99809974,2.8592365e-06,0.00029139427,0.00010737343,2.4273166e-05,4.904942e-05
ISIC_0026029,1,0.00272944,0.997262,3.3415479e-06,2.6706338e-08,1.0277165e-07,4.938874e-06,6.505296e-08
ISIC_0028032,1,0.007785663,0.992152,2.3941658e-07,5.014649e-05,4.8658812e-06,3.6591114e-06,3.501208e-06
ISIC_0026359,1,7.2579695e-07,0.9999279,3.6376593e-07,6.92182e-05,6.818762e-08,1.5580275e-06,1.0065489e-07
ISIC_0031076,1,2.3575524e-06,0.9999924,3.4570952e-08,1.9512818e-06,2.9336745e-06,2.5233732e-07,1.7097459e-07
ISIC_0025684,1,0.00088188384,0.9991148,7.8213125e-10,2.7729452e-06,7.18563e-08,3.2475597e-07,6.7638844e-08
ISIC_0029054,1,0.6572159,0.34232447,9.884418e-05,0.00014021754,0.00018600358,2.2303035e-05,1.224657e-05
ISIC_0028150,1,0.00036007547,0.9996228,1.1783967e-07,9.4275015e-07,6.1939547e-09,1.4870597e-05,1.1440626e-06
ISIC_0025214,1,0.65392584,0.19365221,0.0018657637,0.14953527,7.635199e-05,0.00084958534,9.5035364e-05
ISIC_0030069,1,0.12943527,0.87024164,5.3479414e-07,0.00012776896,3.4060674e-06,7.713111e-07,0.00019060954
ISIC_0026133,1,0.0019928496,0.9935923,1.1552045e-05,1.631654e-05,0.004334424,9.504193e-06,4.3034095e-05
ISIC_0028905,1,0.017031636,0.98295516,1.4131582e-06,9.600392e-07,3.5482028e-06,2.880935e-06,4.4123417e-06
ISIC_0028355,1,3.0984225e-08,0.99929416,4.9910903e-07,3.2461946e-09,2.756767e-06,0.00070171134,7.4024354e-07
ISIC_0025171,1,6.4781943e-07,0.998362,0.0013261492,4.3722746e-08,4.2846008e-08,0.00024594704,6.510041e-05
ISIC_0030742,1,0.12052375,0.87692726,4.5959305e-06,0.0024064037,9.217064e-05,3.1320746e-05,1.4508991e-05
ISIC_0028441,1,0.29694256,0.43395087,0.0007129595,0.14064302,0.006293985,0.12125109,0.00020554283
ISIC_0031374,1,0.000601974,0.9893114,4.0436694e-06,0.0005133344,0.0050262413,0.004536848,6.156623e-06
ISIC_0030008,1,0.00015674932,0.9991559,4.4059225e-06,1.9796644e-06,0.0006412689,3.3134133e-05,6.6151824e-06
ISIC_0027197,1,0.8849847,0.10932339,0.0055370783,6.4366714e-06,8.172914e-05,1.505413e-05,5.154971e-05
ISIC_0027627,1,0.034283325,0.9656965,8.790062e-06,1.1446419e-07,2.6606604e-06,4.64736e-06,3.978663e-06
ISIC_0031081,1,0.94202274,0.052037228,2.165871e-07,5.9012706e-05,0.00583154,4.872775e-06,4.441346e-05
ISIC_0029983,1,0.17222805,0.79751724,1.7475191e-05,0.015077205,0.014880795,3.5429595e-05,0.00024377252
ISIC_0031583,1,0.00041770245,0.9994628,3.9633164e-08,7.241716e-05,4.513568e-08,4.183409e-05,5.1501897e-06
ISIC_0032459,1,7.4846103e-06,0.95426786,2.455351e-06,1.076065e-06,1.4332394e-05,2.0071338e-06,0.045704797
ISIC_0025730,1,0.09371467,0.9052266,7.5409436e-05,0.0009231945,4.4016604e-05,2.2017728e-06,1.396626e-05
ISIC_0031476,1,0.0046770484,0.99507684,4.6235662e-05,0.0001323451,4.4201766e-05,7.1023524e-06,1.6232148e-05
ISIC_0031894,1,1.477441e-05,0.99997616,4.6584137e-10,6.0824217e-09,3.8119327e-10,9.097816e-06,1.2181521e-08
ISIC_0025759,1,0.009465531,0.99051917,2.3815116e-07,6.492164e-06,2.079198e-06,3.7775148e-06,2.6528378e-06
ISIC_0031366,1,0.00043276875,0.99952614,6.0011746e-07,2.8522507e-05,1.3108133e-06,4.9223027e-06,5.8807004e-06
ISIC_0025640,1,0.08988851,0.90988517,2.3714217e-06,0.00011226809,3.7527157e-06,5.414496e-06,0.00010245217
ISIC_0031802,1,8.0522605e-06,0.99997354,2.2982974e-08,7.25891e-07,3.0135965e-08,1.7339273e-05,3.8856368e-07
ISIC_0026825,1,0.090839185,0.522014,0.0043887403,0.015860803,0.36197305,0.0014465906,0.0034776547
ISIC_0030625,1,3.0243112e-07,0.9999975,5.422826e-09,1.7250414e-06,2.844176e-09,3.905465e-07,1.6730783e-07
ISIC_0024684,1,3.1130348e-06,0.9994547,7.0135854e-08,7.9775083e-07,0.0005305718,9.931574e-06,8.6370534e-07
ISIC_0028230,1,0.009447559,0.93241537,0.00028004928,0.00034307805,0.05725198,2.4782154e-05,0.00023713814
ISIC_0032233,1,4.3026358e-07,0.99998856,4.722532e-08,5.555276e-08,8.917322e-08,7.3537467e-07,1.0120109e-05
ISIC_0028116,1,0.0015216272,0.9984549,1.028803e-06,3.0546116e-07,5.3268923e-06,1.5433716e-05,1.2147885e-06
ISIC_0026111,1,4.6819772e-05,0.99987686,4.502974e-05,1.6414015e-05,2.1507873e-07,3.0846148e-09,1.45921185e-05
ISIC_0026231,1,0.0005230283,0.9991386,9.181447e-07,2.1656356e-06,5.387573e-07,0.00021301523,0.00012179587
ISIC_0027005,1,0.012583173,0.05792655,1.5838395e-06,0.00017665503,0.9292826,1.8155034e-06,2.7615528e-05
ISIC_0031871,1,0.24211514,0.75782585,1.1355191e-05,5.754007e-07,4.476851e-05,2.4930716e-07,2.0812056e-06
ISIC_0029075,1,0.00049962674,0.9994861,4.5016304e-07,4.315628e-08,1.0729982e-05,1.1101375e-07,2.976405e-06
ISIC_0028887,1,0.0809323,0.91897243,3.9571427e-05,4.2394363e-06,4.202069e-05,6.0655757e-06,3.3618774e-06
ISIC_0031107,1,3.1539923e-07,0.9999976,2.6855453e-08,1.8068819e-06,1.9683155e-09,1.3182147e-07,1.6752676e-07
ISIC_0026022,1,1.9747447e-06,0.9999136,1.5899687e-07,1.395066e-05,6.8891745e-07,4.323063e-05,2.6352063e-05
ISIC_0027639,1,0.65821046,0.34064257,1.097258e-05,0.000881936,0.00021388668,1.8643273e-06,3.831107e-05
ISIC_0031314,1,0.016481794,0.97238886,1.6982753e-05,0.0004503382,0.010523309,2.4432646e-05,0.00011421374
ISIC_0029182,1,9.686724e-08,0.9980933,7.5526344e-07,1.9935951e-05,0.0009807374,0.0009038006,1.299567e-06
ISIC_0030635,1,1.0395136e-05,0.9998827,7.8442206e-08,3.1377972e-08,7.668121e-05,2.4748359e-05,5.2989963e-06
ISIC_0030817,1,0.0055981176,0.99404186,3.889321e-05,6.097827e-06,0.0003090317,1.4722023e-06,4.6682376e-06
ISIC_0029470,1,0.0073342877,0.99057806,0.00035782953,2.4010778e-06,0.0015606056,0.00014520684,2.1608983e-05
ISIC_0024447,1,0.028205464,0.97179115,1.9657637e-06,7.1931566e-07,2.754634e-07,1.04630516e-07,3.189607e-07
ISIC_0032279,1,0.003073214,0.99688345,2.694671e-05,2.532405e-06,1.15225075e-05,2.3672975e-07,2.1276744e-06
ISIC_0028243,1,7.5432735e-07,0.9999975,2.321898e-07,5.566853e-07,1.2852789e-08,8.679018e-07,1.2630818e-07
ISIC_0025436,1,5.912439e-07,0.9999758,6.912088e-08,2.243324e-05,1.1325352e-08,7.935914e-07,3.3599957e-07
ISIC_0029079,1,0.004273344,0.9947674,9.301097e-05,0.0008131988,1.6204662e-05,2.5756779e-05,1.1096145e-05
ISIC_0025571,1,0.8997418,0.10000592,0.00015881604,7.188933e-05,2.7018302e-06,4.616848e-06,1.4189084e-05
ISIC_0025776,1,2.6645592e-05,0.9809676,2.9193881e-05,0.018973103,1.0666371e-06,2.3303086e-07,2.1416206e-06
ISIC_0025908,1,1.3113533e-05,0.9980653,1.454651e-05,0.0019041197,1.0162429e-06,6.947896e-09,1.9062918e-06
ISIC_0028945,1,0.013155146,0.9865536,0.00011920472,1.6198703e-06,0.00015740983,8.9287363e-07,1.2107182e-05
ISIC_0030401,1,0.0013985473,0.998336,0.00026290808,1.9173726e-06,1.0079719e-07,2.3114904e-07,2.9884623e-07
ISIC_0031131,1,3.1144245e-05,0.9914949,0.00017995923,0.0053408714,0.0025879876,0.000120370496,0.00024482576
ISIC_0031473,1,5.3730546e-05,0.0040261894,9.720102e-06,0.99026173,0.0054264036,3.6113097e-06,0.00021859062
ISIC_0029671,1,0.00026339872,0.9996517,3.3882309e-06,5.3325424e-05,2.4260326e-05,1.3633417e-08,3.9754536e-06
ISIC_0028787,1,0.011842886,0.98438567,0.00094729254,5.0636078e-05,0.0027677966,7.4619055e-07,4.983789e-06
ISIC_0026008,1,0.6275101,0.37236047,5.7538156e-05,6.490608e-05,3.7365935e-06,3.6688513e-07,2.9319715e-06
ISIC_0026753,1,3.999667e-05,0.9998192,9.001234e-07,1.5028397e-06,0.00013618795,1.0797093e-06,1.0732028e-06
ISIC_0031134,1,2.2415212e-05,0.9999615,2.693339e-07,1.0732456e-05,4.55771e-06,7.919316e-08,4.691554e-07
ISIC_0025488,1,1.0311547e-05,0.9999515,3.5463639e-09,1.7250641e-06,3.2245503e-06,3.1615436e-05,1.6818758e-06
ISIC_0027999,1,0.00010624311,0.9998318,3.9469807e-08,6.145074e-07,3.1115005e-07,5.5143802e-05,5.778125e-06
ISIC_0031238,1,0.018865893,0.6287015,0.0005029182,0.0024185306,0.34259537,0.0057704854,0.0011453194
ISIC_0026374,1,0.007640497,0.8793773,0.00021049082,0.04742471,0.057908867,0.005159362,0.0022787189
ISIC_0024827,1,0.693154,0.30461943,0.00045709845,0.001672058,6.6156594e-05,1.49191e-06,2.976008e-05
ISIC_0031304,1,0.00016155087,0.9979227,8.993405e-06,0.0006963481,0.0009998583,1.9912402e-05,0.00019064247
ISIC_0028809,1,3.9640756e-05,0.99994636,5.2534174e-06,1.5617098e-06,2.870552e-07,2.863898e-06,4.077841e-06
ISIC_0028865,1,0.00087313936,0.9990121,1.7228249e-05,4.727435e-07,8.999958e-05,3.334947e-06,3.6490833e-06
ISIC_0028464,1,4.4084296e-05,0.9999356,1.9916524e-05,3.3889551e-09,3.9770452e-08,1.9221953e-07,1.4836783e-07
ISIC_0025237,1,0.0020449208,0.9514733,0.0021408505,0.03952152,2.4264009e-05,7.904782e-05,0.004716074
ISIC_0029390,1,8.1428825e-06,0.9972899,0.00032242376,0.002268446,4.5700745e-06,6.293122e-05,4.3686694e-05
ISIC_0027873,1,1.761364e-05,0.99998045,1.5295698e-09,1.0948323e-06,1.1078751e-10,9.544858e-10,8.947734e-07
ISIC_0027262,1,0.0009024339,0.6168223,6.0981336e-07,5.639338e-06,4.771231e-07,1.3987425e-05,0.38225457
ISIC_0024916,1,3.4668785e-05,0.9967415,3.0086537e-07,1.4754706e-07,1.9056242e-07,5.176922e-07,0.0032227782
ISIC_0030978,1,0.106107935,0.41778687,0.2146915,0.07555475,0.18412003,5.5445973e-05,0.0016835083
ISIC_0028649,1,0.005686017,0.9942959,1.2530741e-06,9.557905e-06,2.6441246e-06,2.559752e-08,4.62594e-06
ISIC_0027984,1,0.0036008467,0.99635386,3.4046512e-05,3.9908878e-06,3.0450037e-06,2.0099074e-07,3.954223e-06
ISIC_0030810,1,0.1074117,0.76384306,4.686865e-05,0.05474829,0.0729674,0.00085064303,0.00013196399
ISIC_0026711,1,0.050971746,0.9487064,6.2766325e-05,5.667156e-05,0.00015346771,2.3733248e-05,2.5214325e-05
ISIC_0028118,1,0.9865688,0.013412001,2.2420934e-06,1.2239997e-05,4.3283828e-07,1.0514465e-06,3.2188777e-06
ISIC_0027959,1,3.8189537e-05,0.9999522,4.0664083e-10,1.9370807e-06,7.405265e-08,6.083921e-06,1.4935305e-06
ISIC_0031599,1,0.1715892,0.823702,8.3333625e-06,0.002123399,3.677848e-05,0.001125335,0.0014150162
ISIC_0028226,1,4.1757476e-06,0.99971586,1.7740072e-10,2.5883363e-08,4.935989e-07,4.135473e-05,0.00023807699
ISIC_0032157,1,5.0140396e-05,0.9999492,4.811258e-10,8.149084e-10,5.1844027e-09,4.7737694e-07,1.17549334e-07
ISIC_0030263,1,3.093924e-06,0.9996606,1.09088234e-07,0.00032896793,6.589839e-07,2.779672e-06,3.7326397e-06
ISIC_0028891,1,6.37882e-06,0.7788995,4.4143667e-07,6.4721944e-06,0.2168193,0.00049426215,0.0037736127
ISIC_0032018,1,0.000119746226,0.9943771,1.7610849e-07,2.2587734e-05,0.0046102577,6.124572e-05,0.00080873317
ISIC_0025540,1,0.000728217,0.99926287,1.2555621e-08,1.7567988e-06,3.2197922e-06,4.1143593e-07,3.5745647e-06
ISIC_0032333,1,3.0523543e-07,0.99999475,1.9161148e-11,9.726457e-07,2.7408278e-10,3.7977547e-06,1.1643315e-07
ISIC_0028596,1,6.068806e-07,0.9999951,2.4911031e-07,8.57429e-08,2.5631186e-06,9.789974e-09,1.3109857e-06
ISIC_0024519,1,0.00026812256,0.9995751,8.45894e-07,2.9081248e-05,5.9969343e-06,2.9700077e-05,9.1153575e-05
ISIC_0026676,1,9.602222e-06,0.99998796,1.0577882e-06,2.0518739e-07,5.5434055e-07,2.3551831e-07,3.0022358e-07
ISIC_0027211,1,7.5669773e-06,0.99999213,3.1845313e-09,8.097794e-09,9.1443326e-08,2.154546e-07,2.3151824e-08
ISIC_0030900,1,0.0003012397,0.9996984,2.3179041e-08,6.850476e-11,1.2994111e-07,7.126559e-08,1.3889637e-07
ISIC_0029328,1,0.0030571863,0.99662304,2.2092793e-06,5.766253e-08,0.00026430594,4.085532e-05,1.23968985e-05
ISIC_0030384,1,0.82673264,0.17310452,2.5250061e-05,1.2847759e-05,0.00011529872,5.6653003e-06,3.6951046e-06
ISIC_0029498,1,1.7141647e-06,0.999813,2.8238552e-11,0.00010362436,4.570593e-09,5.8632202e-05,2.3070468e-05
ISIC_0026333,1,3.8224454e-05,0.9989392,5.1939555e-09,0.00062156847,2.7006575e-07,2.8401464e-06,0.00039780798
ISIC_0028272,1,6.783571e-08,0.9999951,3.9551264e-07,4.1023114e-09,1.1365762e-07,7.910588e-07,3.4829966e-06
ISIC_0026603,1,7.5191605e-07,0.9999857,1.43424e-07,3.6686544e-07,3.079062e-06,7.2147316e-07,9.253528e-06
ISIC_0028042,1,1.3875069e-06,0.99999785,3.2713757e-08,1.3221594e-07,2.4180173e-07,2.402156e-07,1.4726817e-07
ISIC_0030229,1,1.8223567e-07,0.9999993,1.4016688e-10,2.7040068e-08,1.980955e-09,4.537228e-07,6.487936e-08
ISIC_0030485,1,0.0008125105,0.99518174,1.4148315e-05,1.1138094e-05,1.844296e-05,3.940959e-06,0.0039581214
ISIC_0031803,1,1.5489308e-05,0.9999664,6.2840733e-09,2.6934164e-09,2.949394e-06,3.4039172e-07,1.4851099e-05
ISIC_0025278,1,3.2301372e-07,0.99999416,5.3267175e-11,4.821368e-10,4.6530096e-10,2.3133079e-07,5.2568357e-06
ISIC_0032312,1,1.8064387e-06,0.9999832,1.7812746e-09,1.7733973e-08,8.105994e-08,1.3297666e-05,1.531512e-06
ISIC_0028562,1,2.063695e-05,0.15957703,0.8383,5.726448e-07,0.0020596173,1.8297997e-05,2.3921502e-05
ISIC_0025553,1,0.00014061524,0.41482437,0.31798774,2.0342961e-07,0.26697096,9.199362e-06,6.693926e-05
ISIC_0030589,1,0.006971324,0.67493296,0.22030738,7.175717e-06,0.097663574,0.00011251784,5.131806e-06
ISIC_0030091,1,0.0037884924,0.9941241,1.926431e-05,3.3595563e-05,0.0020271612,4.754388e-06,2.7519045e-06
ISIC_0026889,1,1.0017427e-07,0.9999995,2.0199327e-10,2.118879e-10,2.1243945e-10,1.536623e-07,3.16397e-07
ISIC_0030963,1,3.189845e-07,0.9999989,6.776914e-11,5.068391e-10,1.9272961e-10,1.8321164e-07,4.8182363e-07
ISIC_0029786,1,0.00475254,0.994911,3.9582382e-08,7.21732e-09,9.61079e-07,0.00031668175,1.8824383e-05
ISIC_0027642,1,0.035612606,0.93861175,1.5563461e-06,4.1713723e-05,7.9333425e-08,0.0006393107,0.025092945
ISIC_0030059,1,7.1816266e-06,0.79971695,0.00045776166,1.0056755e-05,0.19918188,0.00032837238,0.00029787663
ISIC_0028658,1,0.00015627185,0.99977845,9.605087e-07,6.520527e-07,1.0379005e-05,1.5845106e-07,5.3282314e-05
ISIC_0030300,1,4.853866e-07,0.9999994,1.7304234e-11,8.767311e-10,4.750781e-11,9.730004e-08,2.115315e-08
ISIC_0030086,1,2.5535994e-05,0.9999721,2.186224e-11,3.12149e-07,7.520355e-11,9.035054e-07,1.0121136e-06
ISIC_0031395,1,0.29432154,0.0053708903,0.0024505532,0.6105992,0.0864491,0.00032151653,0.00048722315
ISIC_0032706,1,0.5025831,0.49721622,7.214017e-06,2.6072694e-05,1.7641265e-05,0.00012978158,2.0047693e-05
ISIC_0033445,1,7.2109346e-05,0.99980825,3.736558e-09,1.0478502e-07,4.8748876e-07,6.421433e-07,0.00011848876
ISIC_0033682,1,0.0005690414,0.99917185,6.135138e-08,1.6906855e-08,0.00025801966,3.6114852e-07,7.29483e-07
ISIC_0032979,1,0.01977677,0.97991323,7.5586456e-07,1.0961671e-06,0.00028851637,4.205919e-06,1.5440717e-05
ISIC_0033890,1,0.005265884,0.99426913,2.4932113e-08,1.3319465e-08,0.0004627226,1.3621836e-06,9.785033e-07
ISIC_0033335,1,0.01657587,0.9832864,1.7933547e-07,1.4041208e-07,3.1927988e-07,0.00010657797,3.0520278e-05
ISIC_0032616,1,1.0160077e-05,0.9999895,2.1752045e-09,6.180383e-10,1.8867567e-07,7.566639e-08,2.18237e-08
ISIC_0033225,1,0.14096317,0.8590334,1.45075605e-08,1.37805385e-08,2.4019942e-06,8.4421305e-07,2.2092978e-07
ISIC_0033615,1,0.0020236382,0.9979715,5.592522e-08,3.8296466e-07,3.130919e-06,1.6459893e-07,1.1902432e-06
ISIC_0034163,1,1.7625904e-05,0.9998448,9.43129e-06,1.9643792e-05,6.2222425e-05,4.224111e-07,4.579793e-05
ISIC_0034277,1,1.51880695e-05,0.99994373,6.154522e-08,1.3497005e-06,3.8239763e-05,1.4160828e-06,2.4577469e-08
ISIC_0034147,1,0.00023175323,0.99971527,1.1681902e-08,2.6974645e-05,2.3396942e-05,1.6291389e-06,9.796144e-07
ISIC_0033247,1,8.762811e-05,0.9994531,3.6659347e-09,7.749654e-05,2.2081582e-07,0.00019501086,0.000186477
ISIC_0033918,1,1.6594906e-07,0.99999976,3.5579857e-09,7.882858e-09,1.7149901e-08,4.4991397e-09,5.2820575e-08
ISIC_0032889,1,0.0002568686,0.977491,1.496168e-06,0.021982586,3.3592474e-05,5.2270596e-05,0.0001821273
ISIC_0033997,1,0.012649986,0.98728454,1.5356242e-08,1.8385488e-06,1.0563094e-06,6.2006926e-05,4.8504506e-07
ISIC_0032712,1,8.9755784e-05,0.99988973,7.056065e-09,1.6030725e-08,1.3606085e-06,1.9011983e-05,1.1681808e-07
ISIC_0033164,1,0.007835249,0.99215925,2.95192e-09,2.1696344e-08,1.204929e-07,5.3112144e-06,1.3938751e-07
ISIC_0033395,1,1.471925e-05,0.9999808,1.9180989e-06,2.2769926e-10,2.42667e-06,7.850184e-08,8.440893e-09
ISIC_0033355,1,1.3236101e-05,0.9999776,2.8227282e-06,1.4271422e-10,4.934827e-06,1.4271478e-06,2.9663152e-08
ISIC_0033095,1,0.00010268555,0.99985576,3.9647864e-05,7.2213413e-10,1.3741083e-06,5.085263e-07,1.8900385e-08
ISIC_0033040,1,2.4289065e-08,0.99999976,1.0506077e-09,8.4470165e-12,2.1497535e-09,9.560941e-08,3.23525e-08
ISIC_0032631,1,1.1265487e-05,0.9999577,1.8155298e-07,1.5217904e-07,2.8143595e-05,6.5226686e-08,2.499721e-06
ISIC_0032528,1,3.1605214e-07,0.99999714,2.5847765e-08,7.8609574e-10,1.1597557e-06,1.8230734e-08,1.3772584e-06
ISIC_0033879,1,0.00035341183,0.99959856,1.0056567e-06,2.6850367e-08,4.867369e-06,3.8616756e-05,3.579259e-06
ISIC_0033495,1,3.357729e-08,0.9999976,1.8689326e-08,4.013566e-08,2.4086024e-08,2.1007725e-06,1.2552955e-07
ISIC_0033161,1,2.909194e-05,0.999527,6.433944e-05,3.2379987e-07,0.00037457814,2.1884034e-06,2.5516192e-06
ISIC_0032796,1,3.517941e-07,0.9999993,7.7269256e-08,3.4858405e-09,1.5154087e-07,5.0621384e-08,9.673379e-08
ISIC_0032828,1,8.923935e-05,0.99887604,4.6348802e-07,8.241096e-06,0.00095168676,4.5288002e-07,7.388366e-05
ISIC_0033690,1,4.957092e-05,0.99966943,5.001455e-06,2.3082779e-05,0.0002033594,4.506576e-05,4.4870353e-06
ISIC_0033898,1,7.722418e-06,0.99987245,2.6341254e-09,0.00011772233,1.6083154e-08,9.137869e-08,1.8652498e-06
ISIC_0032647,1,1.3358734e-08,0.99999845,4.0567304e-08,3.6824102e-09,9.188905e-08,3.2371975e-07,1.0931942e-06
ISIC_0024715,1,3.4265577e-07,0.9999732,8.693411e-07,4.7463143e-07,1.39003605e-05,1.73538e-06,9.463678e-06
ISIC_0034072,1,9.144137e-09,1.8988616e-05,6.5426007e-06,2.7070612e-06,0.9999713,9.449247e-08,3.3827664e-07
ISIC_0032849,1,0.00028963527,0.9991436,9.360219e-08,0.00047391676,3.02235e-06,3.159514e-05,5.8135916e-05
ISIC_0033043,1,2.7225803e-06,0.99998856,7.738575e-10,8.171043e-09,4.6823853e-08,4.002285e-06,4.61984e-06
ISIC_0033467,1,1.4155512e-07,0.99999976,2.06267e-10,1.2287975e-10,3.4468233e-08,1.3027487e-08,1.1502528e-08
ISIC_0033039,1,3.394558e-05,0.9999614,8.6838865e-09,6.7540003e-07,7.192559e-07,2.1683015e-06,1.0992475e-06
ISIC_0033892,1,0.000101330654,0.9998951,1.040239e-06,3.1042012e-07,1.3720173e-06,1.5291987e-07,6.787264e-07
ISIC_0032571,1,0.0014388261,0.9985133,2.8765035e-06,1.5849727e-08,4.5826962e-07,4.352968e-05,1.0067525e-06
ISIC_0033101,1,0.00017063605,0.99963975,9.038587e-06,2.129925e-05,0.00013498822,1.4740292e-06,2.276159e-05
ISIC_0034081,1,1.819656e-05,0.9999609,7.2315156e-06,7.749946e-09,2.2037739e-08,9.880597e-06,3.7563116e-06
ISIC_0034312,1,5.132389e-06,0.9999827,1.5085742e-06,2.1928345e-06,2.8043946e-06,4.8678935e-06,8.363761e-07
ISIC_0033841,1,0.002712922,0.99728,1.0906092e-08,3.9727317e-07,7.0812007e-07,7.905747e-09,6.000216e-06
ISIC_0034266,1,2.5623962e-05,0.99986434,4.251899e-09,5.536409e-10,9.418135e-12,2.6756004e-07,0.00010976083
ISIC_0034130,1,6.4459778e-06,0.99994826,1.0903905e-08,1.2121633e-09,4.490811e-05,2.994082e-07,5.4921248e-08
ISIC_0033809,1,3.6211925e-06,0.9998964,1.0673108e-09,2.1097144e-08,3.5134656e-07,9.8966e-05,6.4734166e-07
ISIC_0032814,1,0.026996205,0.9729804,1.18113865e-08,4.6801453e-08,7.2446305e-08,7.4063546e-06,1.5921336e-05
ISIC_0033330,1,2.022988e-06,0.9999926,2.311711e-08,2.1361927e-07,8.7165427e-07,4.1425656e-06,9.15308e-08
ISIC_0033515,1,0.0018633098,0.9981287,5.182827e-07,1.8580738e-09,4.57916e-06,2.547977e-06,4.036771e-07
ISIC_0034040,4,0.001073855,0.01953486,2.4856163e-06,7.935613e-08,0.97937155,1.607361e-05,1.1800513e-06
ISIC_0029355,1,3.004997e-07,0.99999166,2.5085464e-08,1.1974371e-06,4.428272e-08,5.3323033e-06,1.400162e-06
ISIC_0031209,1,7.2153425e-06,0.99998975,3.3874167e-07,1.3173779e-08,2.6200024e-07,2.2514982e-06,1.6829568e-07
ISIC_0024437,1,4.6757998e-07,0.999972,7.4248074e-10,1.0244789e-07,1.2748394e-06,1.8445106e-05,7.654239e-06
ISIC_0031105,1,1.0197671e-07,0.999997,3.2167446e-08,3.710071e-08,2.9909748e-07,6.5574204e-07,1.8679318e-06
ISIC_0027345,1,2.2961638e-05,0.99986815,7.81366e-06,2.0835829e-07,5.564016e-05,5.596766e-07,4.4522738e-05
ISIC_0031148,1,6.2670038e-06,0.9999714,2.0549232e-06,2.179585e-08,6.6284983e-06,1.0382424e-05,3.3329802e-06
ISIC_0028008,1,0.00020382885,0.9996797,1.911764e-06,1.773917e-05,4.809583e-07,4.2847587e-05,5.350241e-05
ISIC_0026440,1,1.4773677e-05,0.9999609,4.6443306e-06,1.136727e-09,1.7885019e-05,1.7029496e-06,9.977113e-08
ISIC_0029038,1,0.005259085,0.9946406,6.486699e-06,5.352451e-05,7.72728e-06,3.0284496e-05,2.328558e-06
ISIC_0031222,1,8.411765e-06,0.9999832,5.05323e-08,1.654749e-07,1.5332844e-08,7.759012e-06,4.4114228e-07
ISIC_0032273,1,9.26861e-05,0.9998055,2.949361e-06,1.5558865e-07,6.3479296e-05,1.0805077e-05,2.4418894e-05
ISIC_0027924,1,5.3154204e-06,0.9999943,3.0612848e-09,1.8127128e-10,5.8058443e-08,2.5380592e-07,1.442308e-07
ISIC_0031547,1,0.00010930974,0.9998907,3.200974e-08,2.6772368e-10,3.2588706e-11,1.8832385e-08,8.96756e-09
ISIC_0032221,1,0.0033341001,0.9964735,5.6694694e-06,1.9496616e-07,9.4590695e-07,0.00017867105,6.830277e-06
ISIC_0031649,1,1.787857e-05,0.9997787,2.4927047e-07,5.0294298e-06,0.00018385971,1.8330995e-06,1.2568713e-05
ISIC_0032173,3,4.7003898e-08,0.0004297324,0.00055290357,0.99893445,2.6249106e-06,1.8911021e-05,6.1227845e-05
ISIC_0033456,3,0.0017507221,3.4682582e-08,1.2156998e-05,0.96827644,0.029526284,0.00036993378,6.439128e-05
ISIC_0030408,3,0.00022392307,0.00014989192,2.390747e-06,0.67158866,0.18260495,0.14524956,0.00018058307
ISIC_0030297,3,1.476827e-05,0.09220396,0.0001087278,0.8791429,0.028271727,0.00020398617,5.4047658e-05
ISIC_0026411,3,5.373644e-07,0.00027926062,0.0007235661,0.9981066,0.0008744327,7.403223e-06,8.258191e-06
ISIC_0029634,3,0.24579771,0.00057865237,3.9769242e-07,0.75169677,8.066454e-06,0.0019175094,9.607279e-07
ISIC_0030803,3,3.6141308e-05,4.498489e-05,0.0023485895,0.99636453,3.133989e-05,0.0008011585,0.00037328815
ISIC_0025831,3,0.019778382,0.021256747,0.3344101,0.38150436,0.18748759,0.0050126305,0.05055019
ISIC_0027719,3,0.000110756904,0.19555447,0.00034077666,0.80202717,2.4902429e-05,0.00041541294,0.0015265385
ISIC_0025069,3,7.216521e-05,3.4903936e-05,0.028503459,0.93287426,0.038455028,5.146949e-05,8.624676e-06
ISIC_0028816,3,2.0902604e-05,0.00014607998,0.4468748,0.5528826,3.069941e-07,2.6520815e-05,4.8807862e-05
ISIC_0028232,3,1.7138941e-06,6.020387e-07,3.69049e-05,0.999948,8.403021e-07,2.2677343e-06,9.688763e-06
ISIC_0030191,3,0.005104642,0.009837995,1.9651385e-05,0.9849421,8.1761464e-05,5.140749e-06,8.653007e-06
ISIC_0025331,3,5.5194192e-08,2.2077015e-06,2.7785123e-05,0.9998092,0.00016065322,7.169246e-08,7.509667e-08
ISIC_0027577,3,6.067179e-09,1.9028564e-06,3.9865597e-08,0.9999714,9.700399e-06,9.643801e-06,7.2965026e-06
ISIC_0032349,3,0.00092030724,0.00031792017,0.009090117,0.97333646,0.016168742,0.00014207847,2.4417815e-05
ISIC_0027708,3,1.2183632e-05,1.8604415e-07,0.00012938988,0.9987212,0.0011239353,5.5085778e-08,1.3001782e-05
ISIC_0029541,3,0.00913689,0.00028501375,2.2747658e-05,0.9901509,0.00037127116,2.6990649e-05,6.1956e-06
ISIC_0030827,3,0.00082249555,0.11434314,0.000397529,0.8594554,0.024694053,0.00010731897,0.00018002719
ISIC_0026729,3,1.0581178e-08,7.1763366e-11,2.8732202e-11,1.0,1.6150786e-11,6.916868e-09,6.9265846e-09
ISIC_0028372,3,5.139493e-07,0.6427922,2.472725e-06,0.09154596,0.26540443,0.00020753444,4.695064e-05
ISIC_0027506,3,3.9063064e-08,1.6366761e-05,1.6635568e-09,0.99996364,1.8600578e-05,4.6245444e-07,8.755697e-07
ISIC_0026625,3,0.0005214842,6.5741706e-06,0.0022320028,0.99615026,0.0010155229,8.014266e-07,7.3365816e-05
ISIC_0028854,3,1.8337226e-07,1.9219069e-08,1.4603439e-10,0.99999976,4.922618e-09,2.7987433e-08,6.189306e-10
ISIC_0027650,3,6.425613e-05,0.028874174,0.0022448124,0.9662653,0.0024143942,8.756e-07,0.00013621182
ISIC_0030341,3,2.7322703e-05,0.006117472,0.006347889,0.98676354,0.00010450575,0.0005856997,5.351347e-05
ISIC_0025808,3,9.076877e-06,2.7752353e-06,0.008643699,0.991256,1.1098486e-05,4.5385423e-07,7.696202e-05
ISIC_0024771,3,9.762101e-10,3.2487187e-11,4.2906518e-06,0.99999404,7.7254186e-10,6.857141e-08,1.5208046e-06
ISIC_0029371,3,3.0679505e-05,2.7671235e-06,0.9903268,0.009385028,1.7362294e-07,4.2055297e-05,0.00021249037
ISIC_0031659,3,0.0033800218,0.45711136,0.12649226,0.38718113,0.009944252,0.014024418,0.0018665693
ISIC_0024946,3,3.0209683e-06,1.193165e-09,0.357065,0.64289665,7.007737e-06,1.7659991e-05,1.0695677e-05
ISIC_0028872,3,1.2710205e-05,0.9635682,0.021521432,0.011799857,0.0030413659,1.8237571e-06,5.45741e-05
ISIC_0031292,3,4.1154738e-07,2.0189512e-08,1.7562325e-10,0.9999989,8.7763674e-08,6.010633e-08,4.893048e-07
ISIC_0026083,3,4.1537464e-06,0.91080445,0.06931544,0.013615754,0.0061339675,0.00011283373,1.3450825e-05
ISIC_0025637,3,5.7801364e-05,0.002657797,3.1593463e-05,0.9957272,0.001515767,3.854466e-06,6.105253e-06
ISIC_0033494,3,9.027915e-06,3.086425e-06,3.2895705e-06,0.9103389,0.00012481601,0.089505345,1.5533002e-05
ISIC_0032371,3,6.526898e-09,1.3210852e-08,4.9442857e-05,0.9999503,1.3638375e-08,8.316852e-08,1.6053919e-07
ISIC_0033413,3,7.0209813e-07,9.824002e-08,2.9828158e-07,0.9950879,0.004896824,1.3298442e-05,8.5211906e-07
ISIC_0029840,3,3.0530162e-10,6.7547794e-11,1.9677769e-07,0.99999285,6.924287e-06,2.0040911e-08,1.0527473e-08
ISIC_0032154,3,0.008862573,0.36140454,0.0012567698,0.2660778,0.33774635,0.023107236,0.0015447104
ISIC_0026549,3,0.00092857424,0.9976585,0.0010923189,0.00017608836,1.5142612e-05,8.843148e-05,4.0868526e-05
ISIC_0029573,3,0.014330119,5.546609e-05,1.09419e-06,0.9848835,0.00033480633,8.940903e-06,0.00038609252
ISIC_0025350,3,7.540241e-12,1.006131e-10,0.0024643047,0.99753535,4.834753e-09,7.7443595e-08,1.6782033e-07
ISIC_0029598,3,0.00026088045,2.3674678e-05,0.06005923,0.8848003,0.05340547,0.0011883198,0.00026206992
ISIC_0029002,3,5.915024e-06,1.670657e-08,0.084491506,0.9151969,4.8528847e-05,0.0002278282,2.9373326e-05
ISIC_0030730,3,0.10415531,0.00010854975,0.017727656,0.0033338359,0.8746158,5.57508e-05,3.1087554e-06
ISIC_0025247,3,1.3400735e-06,6.4690053e-06,0.0018563474,0.99671626,0.00015866698,1.4718986e-05,0.0012462779
ISIC_0029043,3,6.5171463e-07,2.9386646e-07,3.479725e-05,0.99994075,2.0571024e-07,2.2304532e-06,2.1059957e-05
ISIC_0026132,3,0.07927402,0.028395617,0.006565274,0.87656283,0.0090324795,1.1301738e-05,0.00015850218
ISIC_0028335,3,0.00011703644,5.1720934e-05,2.0736697e-07,0.98952955,0.010257733,2.1617463e-05,2.2108929e-05
ISIC_0027580,3,5.8505706e-05,0.009984041,0.60587925,0.054808427,0.32665563,0.0023490416,0.00026516872
ISIC_0024468,3,6.2529405e-11,5.827861e-14,5.2770236e-08,1.0,2.5894836e-14,1.5557052e-11,2.456361e-09
ISIC_0031823,3,6.31278e-11,3.3493753e-11,3.4413144e-05,0.9999609,1.35682e-07,1.1779546e-07,4.374832e-06
ISIC_0028063,3,1.7520862e-06,5.7688754e-05,4.9280877e-09,0.999859,1.2315398e-08,3.1435832e-07,8.116517e-05
ISIC_0027802,3,2.5253916e-05,0.0015708158,1.0686604e-07,0.99839467,3.1968252e-08,8.4158e-06,7.073272e-07
ISIC_0031927,3,4.6016567e-06,0.0030511317,2.8086713e-08,0.996929,3.261738e-06,4.3718283e-06,7.675425e-06
ISIC_0027550,3,0.0002964317,0.8180899,0.03351134,0.1443099,0.00285397,0.00032473425,0.0006137822
ISIC_0030344,3,0.20565057,0.02371747,0.29686528,0.4732187,0.00037004089,8.782468e-05,9.00975e-05
ISIC_0026171,3,2.092511e-06,7.7426275e-06,2.4790754e-07,9.3644856e-05,0.99989593,8.6710585e-08,2.352991e-07
ISIC_0032135,3,1.007279e-05,8.761367e-05,2.0833224e-05,0.9995629,0.0002080764,3.5707035e-06,0.0001068909
ISIC_0032206,3,5.36723e-06,1.6059095e-05,6.972594e-07,0.99995995,1.5988336e-06,7.502642e-07,1.5523132e-05
ISIC_0030036,3,2.0565767e-06,1.2837839e-05,0.00018024757,0.9996915,3.4045058e-06,3.2425527e-05,7.7505334e-05
ISIC_0024654,3,0.00035818553,0.00011556346,0.047914483,0.0006191665,0.9504731,0.00022104176,0.00029845946
ISIC_0031108,3,1.8339437e-09,1.5501108e-05,2.703034e-05,0.999923,8.661161e-08,3.219648e-05,2.2232462e-06
ISIC_0030655,3,0.16152777,0.04777357,0.0006993747,0.6277749,0.16218472,4.0087393e-06,3.5676116e-05
ISIC_0029141,3,0.01078951,0.010260895,0.0031999645,0.04882685,0.9264546,0.00039480536,7.339952e-05
ISIC_0033705,3,0.0015985261,0.00023447676,4.2340846e-05,0.9981071,7.710004e-06,1.7785308e-06,8.072752e-06
ISIC_0031430,3,7.888577e-06,0.15965417,0.005153682,2.4607658e-05,0.33722457,0.47425815,0.02367696
