image_id,label,prob_MEL,prob_NV,prob_BCC,prob_AKIEC,prob_BKL,prob_DF,prob_VASC
ISIC_0026769,4,0.0008738844,0.0019698879,0.29638848,0.56560814,0.13438044,0.00012114305,0.00065808615
ISIC_0025661,4,8.748437e-05,0.00044096803,0.00030734058,0.0053854813,0.9932527,9.23331e-07,0.0005250086
ISIC_0025276,4,0.98056227,0.0123665035,0.003746657,1.1689207e-05,0.0030732343,2.2076094e-06,0.00023746211
ISIC_0031326,4,0.0021482168,0.010823365,0.00021427381,0.00021790153,0.9865432,2.3878101e-05,2.932223e-05
ISIC_0024832,4,0.0031587814,0.012288717,0.055512954,0.0007923829,0.9281316,8.9725345e-06,0.000106609994
ISIC_0026958,4,0.0002341463,0.00021746983,0.13845734,0.0033084934,0.85774475,3.688449e-05,9.579605e-07
ISIC_0030768,4,1.0945117e-05,0.52136225,0.00034393734,0.00015946943,0.47810826,1.2925989e-05,2.207e-06
ISIC_0029837,4,9.207891e-06,0.7550842,0.009799292,0.00011335598,0.23474337,0.00021064543,3.993277e-05
ISIC_0028774,4,0.009891798,0.0014022877,9.518401e-05,0.23871855,0.7496867,0.00011458642,9.085961e-05
ISIC_0030565,4,0.005947388,4.249547e-05,2.0010346e-05,0.9908661,0.002372576,6.037555e-07,0.00075086264
ISIC_0026153,4,0.122822955,0.5996988,0.07932807,4.7331974e-05,0.19676562,0.0010816542,0.00025566787
ISIC_0025876,4,2.1902048e-07,4.968414e-08,2.4086132e-06,6.0496452e-09,0.99999726,4.691793e-09,6.3216192e-09
ISIC_0025063,4,0.13692601,0.001089495,0.0004381393,0.30948314,0.5489373,0.0029880758,0.00013784142
ISIC_0032949,4,0.002779558,0.060915973,1.6308147e-07,1.333843e-05,0.9362692,2.4567978e-06,1.9244377e-05
ISIC_0033322,4,0.04872138,0.00048776047,1.8765948e-07,5.8315516e-07,0.95078945,5.826201e-08,6.4116125e-07
ISIC_0033127,4,0.9503101,0.00491488,3.5461653e-07,5.082463e-05,0.044703186,8.0143343e-07,1.9960178e-05
ISIC_0032829,4,3.5200053e-05,2.0065195e-06,3.2075955e-06,1.0915616e-06,0.9999583,5.1919407e-09,2.5210645e-07
ISIC_0033601,4,2.5555812e-07,5.175336e-07,4.1688093e-08,3.3286365e-09,0.9999993,4.0936504e-10,9.5288355e-09
ISIC_0033284,4,0.0022305073,0.09160587,0.00015854255,6.5298704e-09,0.90600216,2.7204605e-06,2.6866732e-07
ISIC_0033908,4,0.00015705955,0.000795108,2.874318e-06,2.4981864e-10,0.99904376,1.0479806e-06,7.364971e-08
ISIC_0033437,4,0.03754939,0.003671105,1.6776109e-07,2.5652782e-06,0.95858294,0.00018295825,1.0852055e-05
ISIC_0033195,4,0.0048492746,0.9424096,3.500636e-07,5.2289866e-05,0.05247433,0.00020662196,7.660211e-06
ISIC_0032553,4,0.26089314,0.20106761,6.403848e-06,0.0005741183,0.5358728,0.0008629706,0.00072299404
ISIC_0033736,4,0.021346567,4.7692592e-06,0.0007094773,6.109343e-06,0.9778642,6.531957e-05,3.4715438e-06
ISIC_0033378,4,0.6727078,0.0012126629,0.12902036,0.00032099243,0.19379283,0.002852072,9.321611e-05
ISIC_0033379,4,0.00042655008,0.016852196,0.00018070443,7.955844e-05,0.9823437,7.548299e-05,4.196448e-05
ISIC_0033438,4,1.2700735e-11,1.4170026e-10,7.454841e-11,5.2974313e-13,1.0,3.5897205e-11,9.39755e-13
ISIC_0032983,4,1.1897638e-07,0.0003913513,3.062013e-08,5.7546656e-10,0.999608,5.9569487e-07,8.38634e-09
ISIC_0034024,4,1.7094198e-06,0.00012472367,6.9045235e-08,6.2941594e-09,0.99987257,9.4678654e-07,2.151249e-08
ISIC_0033952,4,0.00019999452,6.702211e-05,2.4562846e-06,4.3820364e-05,0.9996805,2.0064272e-06,4.1589956e-06
ISIC_0034189,4,0.4121351,0.003065836,4.7501985e-06,0.00030210038,0.5844831,7.535624e-06,1.5843276e-06
ISIC_0033306,4,0.90149736,1.6642722e-05,6.343769e-07,5.693366e-05,0.09842759,3.4858553e-07,4.7010982e-07
ISIC_0033235,4,0.091171764,0.0051459805,1.4759686e-06,0.000421942,0.9030586,0.000120608966,7.970033e-05
ISIC_0026085,4,2.7935769e-06,4.9666215e-07,1.10316005e-08,9.4189534e-05,0.99990106,2.316523e-07,1.3494654e-06
ISIC_0032654,4,0.047280725,0.000119687145,0.010324686,2.9481527e-05,0.9422347,1.7996948e-07,1.05388835e-05
ISIC_0032576,4,0.6604486,0.0070589683,2.45671e-05,1.165059e-08,0.33246657,1.4261953e-07,1.0759375e-06
ISIC_0032898,4,0.00057655014,0.2136698,0.00043739815,5.7757456e-06,0.7852135,7.480171e-05,2.2288463e-05
ISIC_0033488,4,0.006130521,0.0005371943,4.670115e-05,4.967835e-08,0.9931844,8.3986215e-06,9.2806375e-05
ISIC_0033758,4,0.00031538564,0.57838,3.8392005e-05,3.969644e-08,0.42015606,0.0009181088,0.0001919721
ISIC_0032215,4,0.00013626901,6.8887375e-06,1.6195993e-06,2.3526072e-06,0.9998524,1.4116935e-07,2.6821212e-07
ISIC_0025157,4,0.0009772024,0.0005556519,0.00024078174,0.094732106,0.9034234,3.2488737e-05,3.841673e-05
ISIC_0027513,4,7.913667e-08,0.00041805633,3.902628e-07,1.2851406e-06,0.9995685,5.4217185e-06,6.1689334e-06
ISIC_0027218,4,0.014544608,0.9204156,7.433938e-07,3.0947238e-05,0.06499043,4.5560435e-07,1.7211729e-05
ISIC_0030272,4,2.4821193e-05,0.00027052048,7.4868063e-07,9.457448e-06,0.99964,6.584951e-06,4.7823345e-05
ISIC_0027713,4,0.2705599,0.62794155,0.0004485712,0.07925531,0.020987507,6.433994e-05,0.00074279774
ISIC_0026060,4,9.298397e-08,5.597184e-09,4.2165476e-09,6.175468e-05,0.99993813,3.6482826e-09,4.013616e-09
ISIC_0027139,4,1.00453256e-07,0.9999044,2.0637339e-05,4.818164e-06,6.720053e-05,9.970005e-08,2.7984206e-06
ISIC_0027739,4,1.3392359e-08,3.0499236e-06,3.985047e-09,1.7180428e-08,0.9999968,3.4772456e-09,1.0193488e-07
ISIC_0024672,4,0.9918583,0.006209019,8.694888e-05,0.00018799934,0.0016323435,9.344159e-06,1.6003321e-05
ISIC_0029003,4,0.252904,0.5291005,0.015134874,0.10365309,0.09897117,0.000108353146,0.0001279784
ISIC_0024711,4,0.32111034,0.66428614,0.012800109,4.107378e-05,0.0017082421,3.047462e-06,5.106925e-05
ISIC_0028120,4,0.12392332,0.0939926,0.00020145453,0.0012786272,0.7771462,0.0016209177,0.0018369015
ISIC_0027781,4,0.88927054,0.10940576,3.2908123e-05,6.0535727e-05,0.0011454242,1.3766316e-06,8.3537234e-05
ISIC_0024890,4,0.9632483,0.0011353242,0.0005724732,0.025802333,0.0047911713,0.0042429594,0.00020728781
ISIC_0028336,4,2.2221614e-06,0.00036061875,2.5818796e-05,4.1243638e-07,0.9996105,3.3631768e-08,4.0541377e-07
ISIC_0024708,4,0.34520254,0.65414095,1.7616929e-05,0.00034950103,2.7445196e-05,6.574145e-06,0.00025543192
ISIC_0027796,4,4.3938606e-05,0.99875855,3.5219634e-07,0.00029978828,0.0008889604,8.3887915e-07,7.5947232e-06
ISIC_0029340,4,5.5033815e-05,0.52735865,0.016047738,0.033431977,0.42101753,1.5649688e-05,0.0020734358
ISIC_0031542,4,0.0039227833,0.006200252,0.058607526,0.67589206,0.17186424,0.08254719,0.00096593646
ISIC_0026728,4,0.00019632708,0.024458274,0.5018217,0.16931254,0.037458465,6.263404e-05,0.2666901
ISIC_0031812,4,0.02039245,0.012988162,8.460635e-05,5.665286e-05,0.9662248,2.2188986e-05,0.00023110806
ISIC_0030465,4,0.022183562,0.030213064,0.0012054709,8.054983e-05,0.9460438,4.443258e-05,0.00022903658
ISIC_0025032,4,0.10089618,0.026321309,4.596385e-06,1.2957153e-05,0.872752,3.2421997e-06,9.610893e-06
ISIC_0026301,4,0.8447668,0.15518624,4.3669257e-07,4.1791594e-05,2.8925605e-08,4.577505e-06,1.2082532e-07
ISIC_0030227,4,0.9408085,0.05292733,1.2746355e-05,0.0053178393,0.00090818264,1.7481852e-05,7.912264e-06
ISIC_0027295,4,5.4277797e-07,8.8550244e-08,4.0507304e-09,2.0951398e-05,0.9999778,4.974066e-07,3.6282977e-08
ISIC_0028846,4,0.00036560066,0.00024369067,2.0261177e-05,0.0019618452,0.9974005,7.466234e-06,6.4286496e-07
ISIC_0026159,4,5.0842714e-06,7.032234e-07,4.2716772e-05,0.0052515483,0.99467164,2.5690691e-05,2.5694842e-06
ISIC_0029100,4,0.58445287,5.756337e-05,3.9314452e-07,1.804731e-08,0.41548625,2.2140282e-06,7.401948e-07
ISIC_0026923,4,1.7177224e-07,4.469907e-09,6.453176e-05,0.546076,0.45385328,3.4004937e-09,5.9905915e-06
ISIC_0024445,4,7.178068e-05,0.9944079,2.8431996e-06,3.0386927e-05,0.0052082255,0.00012851815,0.00015048309
ISIC_0025297,4,0.26489,1.5739198e-06,0.0021237873,0.001323142,0.7315214,0.00012232256,1.7718425e-05
ISIC_0024676,4,0.32852668,0.0015914986,0.3080878,0.006110142,0.35544154,0.00019749528,4.4848875e-05
ISIC_0026443,4,9.108522e-06,0.015477468,0.0017762916,0.00031501966,0.98233205,6.093531e-05,2.9099248e-05
ISIC_0027996,4,0.0004174301,0.00013946273,0.00032170158,0.00024229178,0.9988782,7.4870894e-07,1.6022886e-07
ISIC_0029051,4,0.00021459011,0.0049081934,3.7749476e-06,2.5937363e-06,0.9948561,1.4240118e-05,5.1791085e-07
ISIC_0030208,4,0.0023402905,0.0012864732,0.00011863341,0.0021999762,0.994048,5.0883527e-06,1.5185648e-06
ISIC_0028254,4,0.24052945,0.74242085,0.00016146703,0.006543567,0.005050392,0.0043655946,0.0009286263
ISIC_0031591,4,0.005140272,0.001349502,1.3160131e-05,0.0009074976,0.99258775,1.66964e-06,1.267183e-07
ISIC_0030007,4,0.0055256602,0.00012264277,5.7304955e-08,0.031857096,0.9624671,5.0126623e-06,2.2414519e-05
ISIC_0030812,4,0.15292993,0.0046798564,0.8308323,0.010638107,0.0008558509,3.0696792e-05,3.3187123e-05
ISIC_0029802,4,4.240752e-06,8.672408e-07,0.9999862,6.925812e-06,5.695646e-07,1.0839688e-07,1.1522321e-06
ISIC_0029789,4,0.97743213,0.0074135712,2.3059301e-06,0.003941514,0.011210301,3.208411e-08,1.1898521e-07
ISIC_0030026,4,0.1727661,0.09054392,0.00039401004,0.00050949026,0.73300195,0.0020877637,0.00069673837
ISIC_0027754,4,0.017597444,4.7177573e-06,0.007847257,0.0001857032,0.97436225,1.9086017e-06,7.489561e-07
ISIC_0026286,4,6.734131e-08,0.0045331107,0.00022962719,0.0042487783,0.9909457,1.4917658e-05,2.783012e-05
ISIC_0024880,4,4.2347033e-06,0.04873193,0.00017319276,0.001535134,0.94945997,3.2155105e-05,6.350556e-05
ISIC_0026679,4,0.048845682,0.0046552927,8.60564e-05,0.0018936285,0.9444519,2.459571e-05,4.2764932e-05
ISIC_0029420,4,0.00013319212,0.0003226034,1.7542611e-07,1.4937962e-06,0.9995419,2.0748932e-07,3.7448976e-07
ISIC_0026044,4,0.003555634,0.99641705,1.0410729e-06,6.165001e-07,2.0630914e-07,3.8477388e-06,2.1684573e-05
ISIC_0030346,4,0.00669301,7.421332e-05,0.0007941808,0.0013061606,0.99094874,0.00012941808,5.4218264e-05
ISIC_0026526,4,0.0003675086,0.0015055139,0.00039649807,0.08303561,0.9142292,0.00013825738,0.00032742645
ISIC_0024547,4,0.14236875,0.8575395,4.250921e-05,3.276841e-05,6.0198346e-07,9.40241e-06,6.4813576e-06
ISIC_0027760,4,0.010231327,0.0004116665,1.4092795e-07,5.017796e-06,0.9891565,3.0293815e-05,0.00016506777
ISIC_0026538,4,0.0012282159,0.0112471245,4.4448547e-07,1.4034256e-05,0.9873059,3.4779074e-05,0.00016956298
ISIC_0024893,4,1.5752262e-06,1.7516363e-06,2.7428226e-09,6.2034575e-05,0.9999341,6.9145125e-09,5.8822e-07
ISIC_0025716,4,0.99060994,1.9680384e-08,1.5932357e-06,0.0005995734,0.008786609,5.5901783e-08,2.1267115e-06
ISIC_0028750,4,4.4109773e-05,0.03379847,5.348937e-07,7.806123e-05,0.96602595,3.9905e-05,1.28855045e-05
ISIC_0030758,4,9.623405e-08,7.175367e-05,7.6263166e-07,1.2321416e-07,0.99991035,3.0138026e-06,1.3886662e-05
ISIC_0028550,4,0.9086394,0.004840284,0.0010545212,0.021118626,0.002570772,0.061513152,0.0002632075
ISIC_0024477,4,0.016119257,0.0021158983,0.0013881165,0.015570397,0.03619359,0.92818415,0.00042860018
ISIC_0026493,4,0.0008002617,0.00015178102,1.6315314e-06,6.276584e-05,0.9957377,0.0032218776,2.404474e-05
ISIC_0030876,4,6.1624196e-05,3.9605893e-05,0.00012807503,0.99942243,0.00024690025,2.4160164e-08,0.00010131936
ISIC_0024982,4,2.665578e-06,3.0058347e-06,5.7771085e-06,0.9970433,4.8535844e-06,4.59077e-06,0.0029358242
ISIC_0024696,4,0.7534843,0.23169315,0.011055213,0.000920301,0.0016560261,2.1951828e-05,0.0011689407
ISIC_0031352,4,3.9781867e-06,0.00028004008,1.7755101e-05,0.08837542,0.91124994,7.1550065e-05,1.2152204e-06
ISIC_0026365,4,0.0010192225,0.5149327,8.657952e-05,7.672218e-05,0.48386022,9.697255e-06,1.4828009e-05
ISIC_0024495,4,0.06738943,0.8095353,7.798466e-05,0.0002322034,0.122067906,0.00036444186,0.00033282163
ISIC_0031138,4,0.011668941,0.2802727,0.00072674896,0.24901381,0.45700547,0.000885366,0.0004269101
ISIC_0028710,4,0.0028010078,0.22599567,1.0723028e-05,0.25836375,0.5126797,1.0820495e-05,0.00013834525
ISIC_0027893,4,0.06067723,0.029301463,0.00013567433,0.0014156086,0.9084246,6.915053e-06,3.8454953e-05
ISIC_0027064,4,0.00050076173,0.0043291547,3.0578105e-06,0.4822245,0.5118837,0.00028475374,0.00077413506
ISIC_0030231,4,0.003101112,0.004024664,0.00047407282,0.028755203,0.96320355,0.00010227016,0.00033912295
ISIC_0030988,4,0.010477651,0.19221622,0.0014320874,0.015747802,0.77984124,4.6706096e-05,0.00023826618
ISIC_0024336,4,0.23519224,0.02060885,0.00021647254,0.00046216033,0.74338967,2.0658228e-05,0.00011003048
ISIC_0028995,4,0.12447724,0.87549865,6.1712376e-07,3.085685e-07,1.0759059e-05,3.96204e-06,8.410395e-06
ISIC_0026142,4,0.00041978023,0.99564123,0.0004150038,3.0809242e-05,0.003406991,3.5308942e-06,8.2536506e-05
ISIC_0031951,4,0.00065173587,0.001128587,1.3619563e-05,9.607725e-06,0.99815065,2.7704533e-05,1.8181207e-05
ISIC_0024851,4,0.69564396,0.0523541,0.0003467532,0.00041622724,0.25111347,1.8861032e-05,0.0001065404
ISIC_0024446,4,4.712194e-05,0.100819446,1.0709454e-06,0.015267066,0.88378423,3.4145876e-05,4.6886285e-05
ISIC_0026139,4,0.029159136,0.015060846,3.7347545e-05,0.0078099896,0.94785374,3.457639e-05,4.4377033e-05
ISIC_0027967,4,0.0033375828,0.5967202,0.016497744,0.37295207,0.0088252835,0.00010029538,0.0015667788
ISIC_0024338,4,5.7594512e-05,0.052466955,0.00020312941,0.002639969,0.9446018,1.1868264e-05,1.8660614e-05
ISIC_0030935,4,0.07093361,0.219523,0.00011449676,0.010018317,0.6992129,4.04256e-05,0.00015726738
ISIC_0029213,4,8.26074e-05,0.0040875506,1.5991849e-07,3.8718532e-05,0.9957897,8.451708e-08,1.14642e-06
ISIC_0032040,4,0.10837178,0.023844976,8.710147e-06,0.00013029353,0.8676128,3.0059691e-06,2.837221e-05
ISIC_0025292,4,2.1096826e-08,1.0651611e-06,5.4747314e-08,2.4604864e-07,0.99999774,3.583573e-09,9.3644735e-07
ISIC_0024312,4,0.00024420483,0.27220213,0.053381246,0.47031036,0.19242658,0.008586256,0.002849292
ISIC_0030976,4,1.2820828e-08,3.6506968e-05,0.011696366,0.0013646043,9.10045e-06,1.6332813e-05,0.9868772
ISIC_0028376,4,1.6991548e-10,6.112473e-11,2.5895026e-11,8.7675624e-11,1.0,1.2070629e-12,4.625579e-10
ISIC_0026576,4,1.7814677e-05,1.5091578e-05,9.889636e-06,3.7700185e-05,0.99991405,2.286799e-06,3.1764137e-06
ISIC_0026409,4,0.73577243,2.371198e-06,0.00037171546,0.030716497,0.23309739,1.0510048e-05,2.9124001e-05
ISIC_0025345,4,0.03431211,4.6962195e-05,0.0015953365,4.7902104e-05,0.9612275,0.0027246608,4.560401e-05
ISIC_0032303,4,7.149229e-05,2.0283028e-06,7.3156248e-06,0.0012559638,0.9986481,1.4363802e-05,6.7718986e-07
ISIC_0032103,4,0.47682822,0.00013952135,0.33873385,0.01402716,0.16953972,0.00024972408,0.00048192666
ISIC_0024825,4,0.4565852,0.00014148605,3.0766725e-05,0.00014064375,0.53706354,0.0059886575,4.973225e-05
ISIC_0024881,4,0.008509825,0.00042942227,0.26658085,0.19250998,8.711959e-06,1.1107868e-05,0.5319501
ISIC_0027094,4,0.0020744188,0.0011757355,2.4144008e-05,0.00012672544,0.9964445,7.8137564e-05,7.625031e-05
ISIC_0028628,4,0.99306846,0.0026100453,0.00052458444,0.0037896812,4.34864e-06,4.7870435e-07,2.3514615e-06
ISIC_0026539,4,0.0070845135,0.00038440508,0.00016256259,0.0014308238,0.98639745,2.1133612e-05,0.004519044
ISIC_0029764,4,0.0004141093,2.3335524e-06,0.2710018,0.15361993,0.55992556,7.81861e-06,0.015028464
ISIC_0027859,4,0.22604911,0.095737785,0.00018379274,0.39865923,0.2699782,0.0052449163,0.0041470523
ISIC_0029329,4,0.0032762897,0.820362,0.009750493,1.763363e-07,0.16653462,1.3830279e-05,6.2657804e-05
ISIC_0028343,4,0.34849215,0.47039115,0.00016424716,9.930791e-05,0.17803846,0.0026916887,0.00012303668
ISIC_0027239,4,1.16432175e-05,1.2279932e-07,8.559475e-06,0.99780864,0.001127341,0.00035250813,0.00069111236
ISIC_0030700,4,4.4789445e-05,1.0840453e-05,5.4196888e-05,0.99866986,0.00015571348,0.00088280474,0.00018184655
ISIC_0028622,4,0.10415255,7.3945625e-07,0.0003399255,1.1861929e-05,0.89520746,1.1258702e-07,0.00028734794
ISIC_0031872,4,0.01863803,0.00037309583,0.94346464,5.449564e-05,0.03737452,8.389939e-05,1.1402315e-05
ISIC_0026280,4,0.018221656,5.3260752e-05,1.0345331e-07,3.6209101e-07,0.9817223,2.1381082e-07,2.1677818e-06
ISIC_0027811,4,2.282492e-06,4.050074e-06,2.0057255e-08,8.814266e-08,0.99999356,4.3285095e-10,4.620499e-09
ISIC_0029232,4,7.9233897e-10,1.6099931e-09,5.977159e-10,5.677429e-10,1.0,1.0800383e-10,7.1607265e-10
ISIC_0025470,4,3.2223332e-10,1.0766707e-11,9.604492e-13,1.0362411e-13,1.0,6.393693e-12,2.6845796e-11
ISIC_0029070,4,0.03741523,0.5298867,3.741893e-05,0.015390912,0.41432738,0.0024756838,0.00046669602
ISIC_0028822,4,0.04671526,0.042760406,0.004024841,0.11265342,0.7914544,0.002181934,0.00020978182
ISIC_0028876,4,0.0048964145,0.042243008,4.3803884e-05,2.092731e-05,0.9526268,3.7905087e-05,0.00013111003
ISIC_0029527,4,4.3628235e-05,0.00015890885,2.414797e-05,6.4429446e-06,0.9997552,7.544255e-06,4.0807568e-06
ISIC_0031987,4,0.00038519906,0.1266547,0.0007108116,0.0009689899,0.870069,0.0003550184,0.0008561568
ISIC_0028623,4,1.8754669e-06,1.4137185e-05,1.3840351e-07,1.2805695e-08,0.9999831,9.185849e-09,6.465303e-07
ISIC_0025515,4,0.0004336319,0.052651573,2.6101978e-05,0.00010866617,0.94673556,6.6053617e-06,3.7945603e-05
ISIC_0029823,4,0.00012072627,0.0012641288,8.0403544e-07,1.9167564e-07,0.9985965,5.7298124e-08,1.761508e-05
ISIC_0024782,4,0.0007399366,0.00048560277,2.882602e-07,2.3290213e-05,0.9987307,1.5529953e-06,1.8621795e-05
ISIC_0029872,4,0.0008876376,1.5301413e-05,0.0011863086,1.5953854e-06,0.99790514,3.1256152e-06,8.671792e-07
ISIC_0029235,4,0.003352859,1.7501085e-06,5.999246e-07,8.3160955e-07,0.99664295,5.8989303e-07,3.870753e-07
ISIC_0029320,4,2.217863e-05,0.009868348,4.8630852e-08,9.880268e-07,0.990105,1.8971373e-06,1.5676187e-06
ISIC_0029427,4,2.1151032e-05,0.95957494,3.135692e-07,2.2187173e-07,0.038967628,0.0011474289,0.0002882943
ISIC_0028309,4,0.06472726,0.92075413,2.7546712e-06,1.8705193e-06,0.014420134,1.3891036e-05,7.988466e-05
ISIC_0027905,4,5.552046e-05,0.999173,1.07770894e-07,5.6294686e-10,0.00077019556,7.2633713e-07,4.0789777e-07
ISIC_0027831,4,0.96669346,0.023325304,0.00032952015,8.466854e-05,0.009559679,2.4839492e-06,4.8685984e-06
ISIC_0026717,4,0.020761048,0.0024654837,3.9621147e-05,1.2621588e-07,0.97672415,9.075909e-06,3.801751e-07
ISIC_0027463,4,0.0001052381,2.2063396e-05,1.1737297e-05,8.696707e-07,0.99985826,2.385277e-08,1.7148996e-06
ISIC_0025810,4,3.6274724e-07,8.1966334e-07,3.0376103e-08,5.595573e-08,0.9999988,1.3775169e-08,1.0900609e-08
ISIC_0032170,4,0.00017203906,0.93307847,7.7315406e-08,4.7100724e-07,0.066420965,1.4857052e-06,0.000326576
ISIC_0031428,4,0.11118818,0.32891697,5.6415905e-05,0.0008035713,0.5586989,7.827025e-05,0.00025768596
ISIC_0032827,4,0.022658637,0.04743911,0.0005136241,5.727517e-05,0.9121979,0.0037412648,0.013392267
ISIC_0033022,4,0.00023689652,3.7773298e-06,5.260625e-07,9.770994e-07,0.99971765,2.7915403e-05,1.2283462e-05
ISIC_0032804,4,1.3875429e-05,4.1418634e-06,4.556649e-06,4.659767e-08,0.9999757,7.136436e-07,1.100165e-06
ISIC_0033924,4,1.7282552e-08,1.7423815e-08,8.0012086e-08,7.1216597e-09,0.99999917,2.5054234e-08,7.179535e-07
ISIC_0033531,4,3.8178274e-05,3.4519857e-07,2.7470803e-06,1.0320655e-08,0.9999577,3.3015846e-07,7.0197024e-07
ISIC_0034167,4,0.014231714,0.00040624622,0.002519613,1.6425074e-07,0.9828325,3.4101285e-07,9.316214e-06
ISIC_0033949,4,8.856605e-06,2.1050989e-08,3.6436955e-07,1.2776347e-09,0.9999894,1.1506023e-09,1.4151362e-06
ISIC_0033553,4,7.784522e-09,2.84795e-05,3.198775e-08,2.2899311e-09,0.9999702,1.0433722e-06,1.99611e-07
ISIC_0033401,4,1.864139e-09,3.6745514e-05,9.603684e-08,9.981314e-09,0.9999591,1.7530906e-06,2.3072243e-06
ISIC_0033169,4,0.00016527128,0.000109848996,6.9973153e-06,1.990689e-06,0.9997136,2.770016e-07,1.9112344e-06
ISIC_0033490,4,3.532605e-08,6.127283e-07,4.5095057e-08,9.03882e-08,0.99999845,1.6178102e-08,7.425533e-07
ISIC_0031601,4,3.9998024e-08,1.2630921e-06,8.7326526e-07,5.5399463e-10,0.9999976,1.5294764e-09,1.9058784e-07
ISIC_0029113,4,1.5381305e-05,0.06950189,1.7900371e-05,2.011216e-06,0.92828673,2.2531124e-06,0.0021738023
ISIC_0031897,4,7.1494073e-06,0.006168852,2.9840617e-08,2.531824e-07,0.9938042,5.7631314e-06,1.3801742e-05
ISIC_0028681,4,5.9560556e-08,4.4326767e-05,3.044486e-07,1.1196884e-06,0.9999467,3.3120994e-06,4.226268e-06
ISIC_0030959,4,5.7362973e-05,0.000989455,8.255503e-05,6.0488753e-07,0.9986065,4.4252056e-06,0.0002591122
ISIC_0026046,4,6.35271e-08,1.9573156e-07,4.799019e-08,6.242255e-08,0.99999905,4.0149654e-08,4.8711007e-07
ISIC_0027875,4,8.725967e-08,8.343553e-06,6.076212e-07,4.148031e-06,0.9999865,1.8930973e-07,1.5332846e-07
ISIC_0026291,4,5.296189e-09,1.0047833e-06,4.0825823e-09,1.7826608e-07,0.999998,1.3457448e-07,6.649432e-07
ISIC_0026907,4,2.1823027e-07,0.04897751,1.751164e-06,5.8168303e-06,0.9509744,1.700007e-05,2.3316277e-05
ISIC_0030067,4,0.00023160741,0.17862254,1.99527e-05,2.3795819e-07,0.8207959,0.00028582886,4.3913256e-05
ISIC_0031436,4,1.5026874e-05,0.07784374,8.043103e-07,1.0269812e-07,0.9216919,0.00044759506,8.1151575e-07
ISIC_0031558,4,0.00031646402,0.85257435,1.9477457e-05,8.90488e-07,0.14107211,0.005933042,8.3616294e-05
ISIC_0031577,4,2.9492996e-06,0.9996178,2.1691282e-08,5.540199e-06,0.00036924746,5.5107927e-07,3.8065175e-06
ISIC_0027710,4,1.9190527e-06,0.94714516,3.8215106e-08,1.190194e-06,0.05275436,6.8764995e-05,2.854159e-05
ISIC_0025131,4,1.5379312e-05,4.466495e-05,2.0913934e-08,2.7847602e-06,0.9999367,3.425549e-08,4.8419435e-07
ISIC_0032359,4,6.0191574e-08,0.00114763,2.4124873e-07,2.627428e-09,0.9988476,1.2177078e-07,4.3332952e-06
ISIC_0026262,4,0.000112285816,0.99131596,1.7349851e-06,0.0017657251,0.00020499817,0.00023564741,0.006363655
ISIC_0030583,4,1.013629e-06,0.00039211055,9.4113695e-09,1.0969976e-09,0.99960595,2.942849e-07,6.09333e-07
ISIC_0030789,4,2.1257704e-09,1.5868459e-07,2.4504723e-10,1.3048362e-10,0.9999999,4.3821196e-09,6.1432853e-10
ISIC_0030321,5,2.4448495e-06,0.75200355,0.109356344,4.233971e-05,0.00011487798,0.13845986,2.0640748e-05
ISIC_0029039,5,5.0542694e-05,0.99738795,9.6146534e-05,0.0012866055,0.0010158663,0.0001415796,2.1329015e-05
ISIC_0025504,5,0.0012056049,0.99032986,9.885181e-05,0.0009711687,0.0063059325,0.0010528436,3.5774516e-05
ISIC_0032138,5,4.8574245e-11,3.2603097e-05,2.2789184e-11,0.99992085,1.5047213e-07,4.632712e-05,5.301423e-08
ISIC_0025954,5,0.00026156253,0.006074153,6.6878447e-06,0.9935307,9.856503e-07,0.00011798108,7.869302e-06
ISIC_0029783,5,1.05003926e-08,0.002428602,0.00014858741,0.99473023,2.3230207e-06,0.001182999,0.0015071654
ISIC_0029578,5,0.00083618244,0.9953047,3.7305822e-06,0.000346731,9.641703e-06,0.0034981687,9.683765e-07
ISIC_0030011,5,0.00071093097,0.038427323,0.00011529521,0.9156894,0.017693236,0.0120675545,0.015296264
ISIC_0030427,5,0.62138426,0.0072963517,0.0021656777,0.171881,0.029598031,0.1304966,0.037178047
ISIC_0027626,5,0.06945534,5.404508e-06,2.1718293e-05,0.0040732273,0.53356916,0.073255904,0.31961924
ISIC_0024973,5,0.19189566,0.07962422,0.14046906,0.58337647,5.4652173e-06,0.002956625,0.0016724683
ISIC_0029891,5,0.0007806904,0.00045842305,0.020495998,0.97381455,0.004253706,0.00013365784,6.295021e-05
ISIC_0026473,5,0.017175628,0.0018253984,0.00012863668,0.9573992,0.0011452689,0.014098567,0.008227281
ISIC_0032114,5,0.00039748286,0.0030670252,7.682238e-05,0.99326766,0.0028411048,8.215181e-05,0.0002677899
ISIC_0026789,5,0.006103051,0.010772936,0.0134429755,0.58564657,0.00018679947,0.028426677,0.35542107
ISIC_0029962,5,0.0003313432,0.003417039,1.7044598e-05,0.0027491136,0.009276431,0.9841229,8.618056e-05
ISIC_0031457,5,0.055136845,0.5944778,5.4059814e-07,0.007826736,0.038534854,0.3038173,0.00020592206
ISIC_0031372,5,2.622059e-05,0.00014119348,1.972801e-06,6.168991e-09,2.8796555e-07,0.9998301,1.6582712e-07
ISIC_0026313,5,6.38472e-05,5.3508465e-05,4.3780796e-07,6.2971004e-08,1.05850155e-07,0.9998796,2.3427704e-06
ISIC_0027598,5,1.333477e-09,0.06837874,1.6476704e-07,7.482882e-10,4.2106734e-05,0.9315677,1.1219604e-05
ISIC_0025314,5,5.0423608e-09,3.9271444e-07,6.0893374e-10,3.2653997e-09,1.8786709e-06,0.99997234,2.5468195e-05
ISIC_0029297,5,8.8173e-10,0.00012384454,2.735946e-10,1.662712e-09,5.8171326e-09,0.9998753,7.708882e-07
ISIC_0026531,0,0.5032237,3.0532014e-05,6.4395545e-06,1.4187105e-05,0.49647978,2.4155472e-06,0.0002429221
ISIC_0032396,0,0.85909086,0.13783962,1.0788212e-06,2.2256094e-05,0.0026041062,1.1846167e-05,0.00043032423
ISIC_0030443,0,0.9546181,0.045254085,1.1942776e-06,1.8964034e-06,0.00011454246,1.1971719e-06,8.962064e-06
ISIC_0031499,0,0.8535,0.14568685,6.095101e-05,2.3923885e-05,0.0007101131,1.5479608e-06,1.6627155e-05
ISIC_0029081,0,0.99849963,0.0014959613,2.1668588e-06,3.96395e-07,3.248537e-08,9.527517e-08,1.7631093e-06
ISIC_0025744,0,0.79601383,0.20342797,3.6554648e-05,6.859525e-06,4.0482355e-06,2.5897739e-06,0.0005081367
ISIC_0030119,0,0.96251357,0.0028320712,6.04961e-05,0.028211163,0.00073041435,0.0035308609,0.0021213642
ISIC_0028215,0,0.9998388,3.3947927e-05,3.0196976e-08,5.774357e-05,3.907291e-06,1.6071706e-05,4.940869e-05
ISIC_0032400,0,0.9998066,0.00018540361,3.2511146e-08,6.6980995e-08,1.2425768e-07,1.0040977e-06,6.7316237e-06
ISIC_0024545,0,0.9998764,2.8473298e-07,2.563089e-09,4.6436512e-09,9.393057e-07,5.7554866e-10,0.00012236378
ISIC_0026892,0,0.078434266,0.8051574,0.11428846,4.3916452e-06,0.0015702869,4.8844857e-05,0.00049633905
ISIC_0024987,0,0.61157936,0.38245204,4.4279106e-05,0.00013392341,0.0057675797,2.184162e-05,1.02248e-06
ISIC_0029913,0,0.30768973,0.6809171,2.0996686e-05,7.5380274e-05,6.3858475e-05,0.0061226985,0.005110198
ISIC_0026909,0,0.01109664,0.9873226,4.2251446e-07,4.3193555e-07,2.9539586e-07,0.0015783194,1.2164847e-06
ISIC_0032308,0,0.9905318,0.009466099,2.2883e-07,4.5019203e-07,1.0692921e-06,1.774874e-07,1.2632735e-07
ISIC_0030798,0,0.99945825,0.00045385704,3.5230732e-05,8.423633e-06,2.8328053e-05,9.432383e-06,6.4271144e-06
ISIC_0026596,0,0.0010842057,0.99876,7.859642e-05,7.63922e-06,6.837732e-05,1.0118019e-06,2.1939651e-07
ISIC_0028056,0,0.9414055,0.055352386,0.00025147584,0.00081281364,0.0021651974,1.5243525e-07,1.2532777e-05
ISIC_0032244,0,0.99982893,7.010738e-05,2.8975514e-08,9.919955e-08,0.00010033181,2.2701546e-07,2.2376337e-07
ISIC_0029651,0,0.9727294,0.027128162,3.5282892e-06,1.0040278e-05,0.000118551114,5.1743945e-07,9.8882565e-06
ISIC_0032044,0,0.63937056,0.27161086,9.470118e-06,0.0010161127,0.08785444,1.3734388e-05,0.00012484098
ISIC_0027253,0,0.99998236,1.4571185e-05,1.169542e-07,1.324079e-08,2.539817e-06,2.5804676e-08,4.0642303e-07
ISIC_0032046,0,0.90731615,0.03509935,3.984069e-05,2.8126982e-08,0.05753296,4.9840605e-06,6.624049e-06
ISIC_0024624,0,0.68317115,0.0015567731,0.010942664,8.211182e-05,0.3021139,0.0018280958,0.00030532636
ISIC_0031941,0,0.9373601,8.317017e-05,8.079219e-06,8.442337e-07,0.0625457,3.412169e-08,2.1257395e-06
ISIC_0024315,0,0.99572134,0.00348463,4.4478355e-05,2.898854e-08,0.000743515,4.094204e-06,1.7834592e-06
ISIC_0025219,0,0.968424,0.031307783,3.7901967e-07,3.9049596e-08,1.501023e-08,0.0002667511,1.0362211e-06
ISIC_0026458,0,0.99608433,0.00381665,2.3894133e-06,8.39197e-08,1.1904894e-05,7.957609e-05,5.074758e-06
ISIC_0027487,0,0.073247,0.8804176,0.0026895246,3.287145e-05,0.00034646218,0.04086296,0.002403662
ISIC_0030089,0,0.00011590525,0.6548492,0.1404729,2.5763344e-05,6.521359e-06,0.067756206,0.13677353
ISIC_0027616,0,0.012838434,0.15067074,0.000678575,0.0018456808,0.61922026,0.018271143,0.19647516
ISIC_0027261,0,0.4566907,0.4227771,0.0008300612,0.11285657,0.00034837704,0.00067508314,0.005822098
ISIC_0028505,0,0.043818675,0.92350155,2.7717583e-06,0.013899933,0.0096052,0.00017992487,0.008991895
ISIC_0024675,0,1.44977585e-05,0.99997354,6.4256193e-07,9.950005e-08,2.0619536e-06,8.851305e-06,2.7388768e-07
ISIC_0025891,0,0.85825604,0.13351277,0.00011324117,2.7677363e-05,0.007896,8.6738946e-05,0.00010754362
ISIC_0027693,0,0.6593282,0.34051904,1.5263215e-06,1.23289e-07,3.47702e-07,0.000148887,1.8548752e-06
ISIC_0029017,0,0.005725742,0.994272,4.9154863e-07,5.3802648e-08,1.3193785e-06,4.8668164e-07,4.6977384e-08
ISIC_0025927,0,0.93871784,8.2430994e-08,0.033757538,0.00028183308,1.6679394e-07,0.026639322,0.000603268
ISIC_0031189,0,0.99066556,0.007886091,2.0514392e-05,6.682064e-05,0.0013176694,2.7061364e-07,4.307021e-05
ISIC_0032190,0,0.019442279,0.021098886,7.559105e-05,3.521699e-05,0.95917153,1.3930829e-05,0.00016259654
ISIC_0031890,0,0.9735869,0.01868188,1.465959e-06,0.00031015268,0.0066367155,0.0007754838,7.348735e-06
ISIC_0029242,0,0.2430453,0.001463314,5.4402035e-06,0.009400058,0.0012689801,8.839633e-06,0.74480814
ISIC_0027263,0,0.9573179,5.7706704e-05,3.1067109e-09,8.377085e-06,1.1085965e-05,1.7305448e-06,0.042603247
ISIC_0028878,0,0.060549103,0.36154577,0.013939828,0.15504877,0.40813413,6.212556e-05,0.00072021195
ISIC_0033312,0,0.96276003,0.03659652,0.0005295273,1.1034007e-05,1.7458744e-05,8.026168e-05,5.211897e-06
ISIC_0027721,0,0.99514884,0.0043009534,7.886815e-05,9.003023e-05,0.00038041026,4.9801133e-07,3.4491958e-07
ISIC_0026697,0,0.89214724,0.0036248828,2.2838498e-05,0.052594874,0.051600758,4.355201e-06,5.1652596e-06
ISIC_0030552,0,1.1018997e-05,0.99997616,1.2950441e-10,1.1451565e-07,7.0422644e-08,2.1593219e-06,1.0508336e-05
ISIC_0030824,0,0.9999225,2.541607e-05,2.8410882e-06,9.629341e-08,4.833589e-05,1.7372085e-07,5.913066e-07
ISIC_0028325,0,0.9144706,0.08473916,0.00038927962,2.4294163e-06,0.0003781747,3.8137507e-06,1.6559623e-05
ISIC_0024537,0,0.9700679,0.0299306,1.3769184e-07,1.8424026e-07,1.734877e-07,5.4155382e-08,8.621636e-07
ISIC_0025489,0,0.43483174,0.56367576,1.0470003e-06,6.061518e-06,0.0012991745,6.596711e-06,0.00017966032
ISIC_0025265,0,3.8253856e-06,0.9999951,8.413709e-08,3.874302e-07,2.0755293e-07,2.8478036e-07,1.8047167e-07
ISIC_0027260,0,0.9426474,0.057326045,7.683844e-07,3.4104642e-06,6.797427e-07,1.7297334e-05,4.3808936e-06
ISIC_0027604,0,0.79389167,0.20600389,1.4608906e-06,3.2117857e-06,7.128502e-05,1.9723153e-05,8.785806e-06
ISIC_0029434,0,0.0005038208,0.9740424,5.8869657e-05,4.039852e-05,0.02528622,1.6422266e-05,5.1857598e-05
ISIC_0024756,0,0.019160682,0.96882254,0.007478591,0.0005464961,0.0038734186,1.5438634e-05,0.000102734906
ISIC_0032888,0,0.3539008,0.60004884,5.7503625e-05,0.00058955606,0.037672643,3.5893816e-05,0.0076947664
ISIC_0033968,0,0.037874777,0.9609134,3.5976134e-06,2.3635116e-06,0.0004372068,7.2087746e-06,0.0007613596
ISIC_0033333,0,0.05251811,0.9474168,8.87469e-06,2.1124395e-06,1.518857e-06,2.679053e-05,2.5815458e-05
ISIC_0033717,0,0.001311473,0.9985399,2.9772295e-05,7.857019e-07,1.4797831e-05,6.89063e-05,3.428437e-05
ISIC_0034120,0,0.010689644,0.9891558,7.8834244e-05,1.0936749e-07,2.8642087e-05,1.0808766e-05,3.6121663e-05
ISIC_0032604,0,0.9978624,7.063016e-06,1.1306957e-08,2.0736945e-08,0.0021297128,3.7555058e-08,7.4742195e-07
ISIC_0033428,0,0.9999962,2.177744e-08,7.985899e-10,3.3058705e-11,3.7704992e-06,7.504319e-10,3.5069834e-09
ISIC_0033975,0,0.26883748,0.016309425,0.0021389867,0.00026721135,0.5600128,0.15153562,0.00089847884
ISIC_0033278,0,0.9957201,0.0002582691,1.1744963e-06,0.00018125429,0.0030247564,0.00013396142,0.0006804946
ISIC_0033679,0,0.9990727,9.434222e-06,9.289916e-06,3.1595926e-06,9.445408e-05,0.0008100321,1.0104956e-06
ISIC_0033152,0,0.004342879,0.98527783,4.7235673e-08,4.3429162e-07,0.010188832,0.00018826434,1.6677322e-06
ISIC_0032017,0,0.99038213,0.0017552256,0.0014982222,8.568683e-06,0.006352154,1.9670738e-06,1.7363404e-06
ISIC_0029363,0,0.49878234,0.45200312,0.04913231,5.460922e-05,1.226438e-05,8.461954e-07,1.4550554e-05
ISIC_0033068,0,0.14201316,0.057531524,0.000116246985,0.010045661,0.7887826,0.0010704115,0.00044044628
ISIC_0034218,0,0.41619128,0.0025538611,1.5681078e-05,0.005887593,0.57348996,0.00040891598,0.001452692
ISIC_0034263,0,0.9729312,0.00040198758,4.829522e-05,0.0019307019,0.02426515,6.941352e-05,0.00035328855
ISIC_0034262,0,0.974141,0.025723197,9.369893e-07,6.764735e-06,0.000105527615,9.651006e-06,1.2921852e-05
ISIC_0033103,0,0.020525472,0.9789842,7.8584094e-07,9.0359e-06,0.00047501258,3.132635e-06,2.3697457e-06
ISIC_0034106,0,0.58934724,0.41059697,2.1251894e-07,3.867022e-06,4.4277254e-05,3.6389238e-06,3.778257e-06
ISIC_0033725,0,0.266865,0.022129808,0.7109704,7.649535e-06,2.0739131e-05,5.844028e-07,5.834408e-06
ISIC_0032537,0,0.06607245,0.93358505,0.00023491596,1.3110416e-06,8.705056e-05,1.278893e-06,1.8015935e-05
ISIC_0033287,0,0.70887655,0.28624383,0.0046911463,9.346684e-08,0.00017628924,8.633684e-06,3.5313485e-06
ISIC_0029632,0,0.99999726,1.989777e-06,3.606668e-08,4.1026432e-08,8.205744e-08,4.4928337e-09,5.7379344e-07
ISIC_0029209,0,0.0010046175,0.988497,1.3209459e-06,4.606221e-06,0.0104066515,3.3381264e-05,5.2491363e-05
ISIC_0032726,0,0.005009529,0.0006720659,2.1365825e-08,3.3293175e-06,0.99427444,4.011026e-05,4.856254e-07
ISIC_0033272,0,0.0159381,3.8407652e-05,1.8387603e-07,4.3068935e-06,0.98401165,6.9957264e-06,2.783845e-07
ISIC_0033317,0,0.029692205,0.9671458,4.952704e-06,5.479018e-06,0.0031485255,2.0337645e-06,8.955894e-07
ISIC_0034269,0,0.020042215,0.9675909,3.2719454e-05,0.00011216193,0.012191417,9.184387e-06,2.1371212e-05
ISIC_0033956,0,0.105030976,0.82305115,0.0005223911,1.0605465e-05,0.06903129,0.0015826725,0.0007709396
ISIC_0033241,0,0.7556719,0.24388877,0.00036057516,3.6908616e-06,1.1853059e-05,2.2200953e-05,4.09681e-05
ISIC_0032598,0,0.47922805,0.52075654,8.242865e-06,4.970387e-07,3.7995235e-08,3.5523497e-06,3.1134794e-06
ISIC_0034289,0,0.85650104,0.14338017,1.9285033e-05,2.845203e-05,4.655809e-05,1.9208785e-05,5.3577173e-06
ISIC_0033687,0,0.99432725,0.0056689833,5.1470406e-09,1.18433995e-07,9.634577e-08,3.47955e-06,3.972043e-08
ISIC_0034085,0,0.96457046,0.035425138,2.4802484e-06,8.445548e-08,1.6575906e-07,1.3477935e-06,4.497525e-07
ISIC_0032603,0,0.0001324421,0.99986565,4.545664e-09,2.3337965e-09,1.2200643e-07,7.353916e-07,1.0887461e-06
ISIC_0033871,0,5.604045e-05,0.9999423,2.5733113e-08,1.5169032e-08,3.989903e-07,8.846995e-08,1.1516214e-06
ISIC_0032955,0,4.6588386e-05,0.99685776,2.4304204e-06,1.7315381e-06,0.003090935,1.0384775e-08,4.3402997e-07
ISIC_0032812,0,0.0002506377,0.99971384,6.8546404e-09,1.25859e-07,5.4824447e-08,3.3241882e-05,2.0551543e-06
ISIC_0033619,0,0.002938899,0.9970482,7.3141787e-06,5.3664785e-08,2.182023e-06,1.2129404e-06,2.1860703e-06
ISIC_0034065,0,0.06288571,0.9360311,0.0010530219,2.9581111e-08,2.734259e-06,5.575436e-06,2.1794933e-05
ISIC_0033209,0,0.97405475,0.0070235715,0.013689541,0.00016012984,0.004996779,1.0664165e-07,7.5119235e-05
ISIC_0034074,0,0.65717554,0.3424662,3.7388168e-07,0.00020641813,1.8135826e-05,9.701953e-05,3.630614e-05
ISIC_0032699,0,0.94750357,0.04789425,4.7867994e-05,0.00034467914,0.004070425,6.4635533e-06,0.00013271288
ISIC_0028460,0,0.9961797,0.0036884565,8.940766e-05,2.8236314e-05,3.1650518e-06,2.2501712e-07,1.0827404e-05
ISIC_0033470,0,0.9853173,0.0146066295,3.147958e-06,1.3202099e-06,4.0389277e-05,5.6460153e-06,2.5582822e-05
ISIC_0034094,0,0.65041137,0.34934294,1.2982894e-05,3.0352317e-07,0.00022822345,2.179647e-06,2.0398747e-06
ISIC_0033560,0,0.9998807,0.000112619826,7.914701e-09,2.3766336e-08,3.3627423e-06,2.6120917e-06,6.680297e-07
ISIC_0034061,0,0.9989423,0.0010571863,4.881153e-10,4.700413e-10,1.2550708e-08,4.966807e-07,4.1153263e-09
ISIC_0032716,0,0.9999999,1.13496554e-07,4.104906e-09,1.2630562e-10,1.0220551e-09,3.0105905e-08,1.9052557e-09
ISIC_0034159,0,0.99839383,0.0015684941,9.258008e-06,9.9447135e-08,1.8775729e-05,8.201257e-06,1.3160547e-06
ISIC_0033872,0,0.90645516,0.091899715,0.00043944348,0.00034340363,0.0007427358,7.277561e-06,0.00011218809
ISIC_0032617,0,0.94329476,0.056215912,0.0001737947,4.8365822e-05,0.00023486675,6.9658963e-06,2.5305977e-05
ISIC_0034048,0,0.69109184,0.30838293,8.157484e-07,1.0755959e-05,4.5071785e-05,0.00038373066,8.494107e-05
ISIC_0033905,0,0.93058485,0.069253035,2.8319814e-08,1.5708104e-06,0.00014174709,1.1435688e-05,7.2721487e-06
ISIC_0033981,0,0.9998872,0.00010689346,1.8932875e-08,3.6422517e-08,4.96504e-06,6.1459986e-08,7.141667e-07
ISIC_0033269,0,0.99999416,2.8837724e-07,2.1542153e-09,4.4322082e-06,5.0255626e-09,3.6123002e-09,1.0824522e-06
ISIC_0032081,0,0.026903965,0.0005475013,8.2758885e-07,0.96625406,0.005986822,0.00027223444,3.4510722e-05
ISIC_0033901,0,0.975094,0.024830688,6.3237985e-07,5.511112e-06,2.5335246e-06,5.0426137e-05,1.6186013e-05
ISIC_0032917,0,0.99999774,1.6912006e-06,3.3119143e-08,7.2489326e-10,2.503508e-07,1.7160265e-07,5.8632097e-08
ISIC_0032925,0,0.83298284,0.16567564,1.0089916e-05,2.3209384e-07,0.0012653841,4.331682e-05,2.2459615e-05
ISIC_0031709,0,0.9366416,0.033432182,0.002796987,0.020068206,0.006952899,7.025102e-05,3.7825623e-05
ISIC_0032684,0,0.8649339,0.04204641,9.147684e-05,4.785555e-07,0.09287801,2.206389e-06,4.766307e-05
ISIC_0034052,0,0.9934835,0.0012046071,0.00089792104,5.656777e-06,0.0033309562,8.711414e-06,0.0010685961
ISIC_0033171,0,0.19889458,0.0030567022,0.0011823549,1.1892712e-05,0.7964803,7.32182e-05,0.0003008793
ISIC_0033426,0,0.99740237,0.00018031364,7.757553e-05,0.0004230021,2.0422013e-07,3.513993e-05,0.0018812772
ISIC_0033546,0,0.7822611,0.21763632,4.155791e-06,6.1889716e-09,1.2100992e-05,7.446675e-05,1.1875339e-05
ISIC_0033081,0,0.59466875,0.3899177,0.0070045916,0.00010630871,0.007785879,0.00015171399,0.000365087
ISIC_0033141,0,0.9550415,0.044853125,5.3644208e-06,3.419107e-06,3.72026e-05,4.709339e-05,1.2246419e-05
ISIC_0033261,0,0.38327035,0.61412096,0.00028180273,1.392808e-05,0.00090222893,0.0013579796,5.2794014e-05
ISIC_0032766,0,0.008130801,0.9867079,2.4677483e-05,3.5208093e-05,0.0046348544,0.0004387579,2.7846718e-05
ISIC_0030031,0,0.0044993623,0.38286602,0.0005392072,0.0015760731,0.6103414,3.3709994e-06,0.00017454026
ISIC_0028655,0,0.7170025,0.16256046,0.000391985,0.03835809,0.080747366,6.0518378e-05,0.0008791263
ISIC_0032462,0,0.9528394,0.047046095,6.602712e-05,2.618999e-05,8.232947e-06,1.1852447e-07,1.4004874e-05
ISIC_0031479,0,0.9993948,0.00058633083,1.0718923e-06,1.3029988e-06,1.0431833e-05,4.3871555e-07,5.634399e-06
ISIC_0034205,0,8.952683e-05,0.99939764,1.2587746e-08,2.8655126e-05,0.00044902434,2.3301686e-06,3.2705557e-05
ISIC_0033612,0,0.095187895,0.90150416,0.0027166798,0.00012705234,0.0003215569,6.5947866e-06,0.00013615927
ISIC_0034049,0,0.92161196,0.011383895,0.00039771415,1.7519017e-06,0.06377561,5.2857336e-05,0.0027762381
ISIC_0033300,0,0.07142444,0.92843914,2.001471e-08,1.2120599e-06,8.1155544e-05,3.145849e-05,2.2638704e-05
ISIC_0033616,0,0.519613,0.47983903,8.012618e-07,4.826935e-06,0.00044386002,1.4532927e-07,9.826848e-05
ISIC_0029606,0,0.89688265,0.10310102,3.4064115e-08,2.834452e-07,1.039097e-06,2.5219338e-06,1.2389112e-05
ISIC_0033099,0,0.18249919,0.81662095,7.231869e-06,9.16482e-06,0.00064472837,1.5552112e-06,0.0002171749
ISIC_0032723,0,0.9963731,0.0035944234,8.1657504e-08,2.6436529e-09,3.0676096e-05,1.4853574e-06,2.5080283e-07
ISIC_0032751,0,0.99521506,0.0009924923,0.00024073284,2.008382e-07,0.003541866,8.545861e-06,1.1988418e-06
ISIC_0032597,0,0.9195167,0.07113145,0.0045584687,2.3622615e-05,0.004602698,9.064927e-05,7.632575e-05
ISIC_0033670,0,1.9875417e-06,0.9999472,1.0950288e-08,2.9506399e-08,4.9672253e-05,4.4278661e-07,6.6177796e-07
ISIC_0029740,0,0.00032102468,0.9991559,2.0474206e-06,1.0038662e-08,0.00051292725,3.8258858e-07,7.814351e-06
ISIC_0033593,0,0.16065483,0.8308458,8.299848e-07,1.9827777e-08,0.008487733,1.461121e-06,9.288676e-06
ISIC_0033559,0,0.9999976,2.333812e-06,1.2291612e-09,5.9648564e-10,1.7265721e-08,7.63089e-09,1.4678003e-09
ISIC_0032922,0,0.99127334,0.000150766,1.6268332e-06,1.7132892e-06,0.008561554,7.9482315e-06,2.936155e-06
ISIC_0033487,0,0.5500608,0.39634308,0.007449633,0.012132439,0.00078551506,8.962495e-06,0.0332196
ISIC_0033995,0,0.7595283,0.026901579,0.026726633,0.0035294776,0.0120612215,0.00014010609,0.17111275
ISIC_0027234,0,0.88087106,0.09152375,0.00013509399,0.00025150192,0.025614101,9.008301e-05,0.0015145133
ISIC_0033807,0,0.999801,1.359193e-05,3.25497e-05,2.2353339e-05,5.62477e-05,5.8749985e-05,1.5438834e-05
ISIC_0033533,0,0.99988234,8.6595006e-05,4.14797e-08,4.2896936e-06,2.185995e-05,5.740795e-07,4.3905497e-06
ISIC_0032987,0,0.4221038,0.42855966,5.25482e-05,0.00013651665,0.1465673,0.0025727854,7.3784845e-06
ISIC_0032870,0,0.9936255,0.0060436046,4.2330182e-08,2.9296189e-06,0.00031862184,3.4468994e-07,8.991595e-06
ISIC_0031208,0,0.36751825,0.38947028,0.23548505,0.0002345378,0.0007886862,0.006217787,0.0002853903
ISIC_0026545,0,0.21103074,0.13564517,0.5152242,0.10940859,0.0011546429,0.027058626,0.00047805315
ISIC_0027282,0,0.011346383,0.9883909,7.2392395e-05,3.523935e-08,4.3276228e-05,0.00013993778,7.0895276e-06
ISIC_0029092,0,0.74279135,0.2538399,1.762935e-05,4.8139344e-07,3.50848e-05,3.4097989e-06,0.0033121079
ISIC_0024640,0,0.9939055,1.6253283e-06,4.280771e-09,6.7152584e-08,0.0060905423,1.1321208e-06,1.2309747e-06
ISIC_0024962,0,0.18239638,0.6983344,1.0047511e-06,9.859002e-07,0.11852317,8.835269e-05,0.0006557245
ISIC_0024823,0,0.9329381,0.050574742,2.084302e-07,5.5956637e-08,0.0072361357,0.00023129645,0.009019517
ISIC_0027669,0,0.98823035,0.01171761,3.48313e-05,4.994318e-07,8.074423e-06,1.1562819e-06,7.489002e-06
ISIC_0031795,0,0.8049022,0.19480975,0.00013521418,2.719143e-05,2.239026e-05,8.002657e-06,9.5270516e-05
ISIC_0028198,0,0.7812005,0.21863662,0.00015362671,2.7489824e-07,3.44526e-06,3.4542052e-06,2.0176467e-06
ISIC_0027144,0,0.44020104,0.5591716,0.0005128392,1.8568977e-05,1.196208e-05,6.668561e-05,1.730182e-05
ISIC_0025524,0,0.8552763,0.014216504,5.1531424e-06,0.00011624779,0.08167501,3.6506556e-06,0.048707187
ISIC_0025963,0,0.81028575,6.0756796e-05,2.7525822e-08,8.202148e-07,0.021826638,8.523099e-06,0.16781738
ISIC_0025121,0,0.4726194,0.007108241,3.3541726e-06,3.3508315e-06,0.020788737,0.000111780006,0.49936512
ISIC_0025316,0,0.9991843,0.00081269443,1.1272684e-07,1.7457501e-06,7.9406135e-09,1.3441267e-07,9.744598e-07
ISIC_0027552,0,0.06019864,0.8964941,0.026176905,0.0010507012,1.46667735e-05,9.655266e-06,0.016055373
ISIC_0030192,0,0.20011233,0.51203376,2.6461808e-05,0.26754478,0.011311517,6.613935e-05,0.008904977
ISIC_0028003,0,0.0855418,0.9142372,1.8769983e-08,2.5322944e-08,2.8805424e-08,5.402205e-05,0.00016686555
ISIC_0031999,0,0.9290342,0.00989012,0.06065699,5.1751226e-06,0.000121165416,9.202175e-06,0.000283168
ISIC_0032245,0,0.05217498,0.937193,0.009682594,2.0815774e-05,0.0009040728,2.7220635e-06,2.1921689e-05
ISIC_0028481,0,0.7894174,0.0033899404,1.0167614e-05,0.0016184982,0.20540226,0.000104795254,5.6885194e-05
ISIC_0029172,0,0.7801703,0.16283612,1.4698357e-05,0.04517226,0.011593885,6.226101e-05,0.00015039265
ISIC_0027302,0,0.0022097002,0.99714226,4.4415438e-06,1.6154101e-07,3.2934875e-06,0.00033403182,0.0003061813
ISIC_0031543,0,0.026275048,0.019373499,0.53519565,0.014249389,0.40371042,0.00046324896,0.00073276396
ISIC_0030360,0,0.5081147,0.11484507,0.00048767863,0.20365787,0.17186958,3.36934e-05,0.0009913985
ISIC_0029454,0,0.9942979,0.0028676577,0.00020492944,0.0010650601,0.0015522479,1.4348396e-06,1.0775572e-05
ISIC_0027155,0,0.9765919,0.0232881,2.0960326e-06,0.000117240874,4.210265e-08,2.955114e-07,3.886729e-07
ISIC_0028418,0,0.6361048,0.33330113,1.8863964e-05,0.027326904,0.0031427923,1.7729903e-06,0.000103759725
ISIC_0025800,0,0.9903329,0.0019309191,8.844586e-08,0.0076130414,5.6977974e-08,0.00011543225,7.5673765e-06
ISIC_0027702,0,0.73023283,0.26938254,1.4325242e-06,3.4499346e-05,0.000119092285,0.0001402763,8.936544e-05
ISIC_0026796,0,0.025577733,0.00041365702,1.0323225e-06,1.0235868e-06,0.97399,4.040939e-06,1.2609637e-05
ISIC_0028777,0,0.9996959,8.694167e-07,2.2663962e-05,0.00021251418,6.535022e-05,7.119789e-08,2.6634204e-06
ISIC_0027964,0,0.99997807,1.4587134e-06,5.4084126e-06,1.0127814e-05,4.8861684e-06,1.8828679e-08,1.0474388e-07
ISIC_0030784,0,0.9945458,0.0002672591,3.4662585e-07,0.004675899,0.0005078744,9.3570156e-07,1.8309983e-06
ISIC_0025755,0,0.00044648955,0.99951994,1.1023496e-06,1.8276203e-05,2.4649708e-08,5.9066984e-08,1.4161044e-05
ISIC_0030616,0,0.3030925,0.13070989,0.034068637,0.0038724972,0.5204668,0.005922017,0.0018676824
ISIC_0025391,0,0.93455803,0.06104323,0.000118975426,0.0037745961,5.5760207e-05,8.697673e-05,0.00036234222
ISIC_0032372,0,0.9998617,6.466821e-08,2.079738e-05,2.128754e-06,0.00011263219,2.7174738e-09,2.7326003e-06
ISIC_0028929,0,0.24591827,0.1710048,0.0036122522,0.53341377,0.044679504,4.7446366e-07,0.0013709144
ISIC_0026746,0,0.9623023,0.017799444,8.953815e-05,0.019000374,0.00068375847,2.426588e-05,0.0001003433
ISIC_0026774,0,0.008108462,0.99180716,5.080827e-07,7.331066e-05,7.686922e-07,1.8635601e-06,7.916184e-06
ISIC_0030047,0,0.015022511,0.98472506,4.4731078e-06,0.00021100952,2.9157507e-05,3.221533e-06,4.58759e-06
ISIC_0026847,0,0.80102235,0.19114327,0.000450403,0.0064897537,0.0005379992,2.3171859e-05,0.00033310993
ISIC_0025814,0,0.99075925,0.005954828,3.239109e-07,6.355409e-06,0.0031455602,2.8714738e-05,0.00010485581
ISIC_0026853,0,0.8178722,0.0062889364,2.5278402e-07,0.0003613651,0.175271,1.2280823e-05,0.0001938363
ISIC_0028103,0,0.5375632,0.0019582578,5.687402e-05,0.00024476566,0.45971802,7.648912e-06,0.00045125355
ISIC_0024679,0,0.8680752,0.094205685,0.002151569,0.00065127865,0.034664974,1.3883651e-05,0.00023742866
ISIC_0031401,0,0.73907065,0.24967988,0.0011983773,0.00032878062,0.009601283,2.381254e-05,9.718347e-05
ISIC_0029574,0,0.8337876,0.11875699,4.5601944e-05,0.022849588,0.02446156,5.0691297e-06,9.354985e-05
ISIC_0025543,0,0.016330024,4.5008415e-05,4.1813172e-07,0.03408106,0.94952995,1.1533415e-05,2.0199936e-06
ISIC_0028033,0,0.027388198,0.97252977,1.0084004e-05,1.1098393e-05,1.1892897e-06,5.2352585e-05,7.268481e-06
ISIC_0032204,0,0.98993206,0.009382325,0.00067626574,4.8381673e-07,3.5867492e-07,8.142946e-06,3.6656488e-07
ISIC_0032095,0,0.99889636,0.00093203725,0.00015229198,1.8344264e-07,3.616429e-06,1.1318745e-05,4.1582507e-06
ISIC_0028220,0,0.999283,0.00015919775,0.00013812701,0.0003919377,1.7604469e-06,4.914512e-06,2.1077578e-05
ISIC_0029094,0,0.0062670535,0.87045825,0.0004112877,0.11412141,0.008390977,3.0938143e-05,0.0003200895
ISIC_0025128,0,0.002136808,0.9930269,4.8420984e-06,0.0003152509,0.004449372,3.065298e-05,3.6098925e-05
ISIC_0028508,0,0.99983275,0.00016513217,2.0541406e-06,1.159439e-08,6.7170536e-09,1.2285115e-08,9.405644e-09
ISIC_0031368,0,0.9629354,0.00014962471,0.001267511,0.01212532,0.023481103,2.543362e-05,1.5552345e-05
ISIC_0031900,0,0.9466694,0.05185468,0.000101232756,0.00040260638,5.088179e-06,0.00092509435,4.1883468e-05
ISIC_0029570,0,0.02476953,0.41605353,1.3423416e-06,1.0625862e-05,0.5589388,3.567645e-05,0.00019044509
ISIC_0025550,0,0.021633405,0.79102546,0.0011647069,6.356807e-05,0.18530878,1.4539063e-05,0.0007896238
ISIC_0025414,0,0.8890627,0.00085445086,0.020910745,0.08817842,0.0008736207,3.5712653e-06,0.000116488205
ISIC_0026475,0,0.0096745165,0.99032193,1.1711636e-07,2.9545925e-08,2.1798268e-08,2.1968187e-06,1.1744279e-06
ISIC_0030122,0,0.030040853,0.15792197,0.1822187,0.62776875,0.0007027267,2.0150794e-05,0.0013267988
ISIC_0028968,0,0.9960517,0.003218328,0.00042726117,9.883795e-05,0.0001930762,6.4584133e-06,4.382067e-06
ISIC_0024739,0,0.99723357,0.0015735773,0.00013132348,5.858046e-05,0.0009926434,1.0254076e-06,9.334009e-06
ISIC_0025500,0,0.013150201,0.0010885666,5.937871e-06,4.7677495e-05,0.9857033,8.291788e-07,3.4661196e-06
ISIC_0030277,0,0.001085848,0.000334454,3.5341506e-07,4.9736198e-05,0.9985273,3.1806948e-07,2.0043037e-06
ISIC_0025941,0,0.0018575641,0.13726765,0.0011997826,0.85933125,1.0247638e-05,4.0262044e-06,0.00032942079
ISIC_0026092,6,2.3997507e-05,0.00044012768,0.008925855,0.02903413,0.0002468384,5.0769595e-05,0.96127826
ISIC_0024904,6,8.324438e-06,0.012892656,0.8180984,6.222114e-05,1.6488485e-07,1.3799821e-06,0.16893674
ISIC_0031217,6,3.6389673e-09,0.10373125,1.1873494e-06,1.2528681e-08,3.343219e-08,5.9372996e-05,0.89620817
ISIC_0025599,6,2.438544e-09,0.97120285,7.0041786e-08,3.1167968e-10,5.7443286e-12,3.815698e-07,0.028796734
ISIC_0025578,6,9.954405e-06,0.115743645,4.6532136e-06,0.000106917214,6.350725e-07,3.3590336e-06,0.88413095
ISIC_0029448,6,0.0061565624,0.97499645,1.1456813e-05,1.6392709e-06,0.0022034675,0.00011623041,0.016514247
ISIC_0031759,6,2.6694257e-08,7.322176e-05,5.757778e-08,2.0363814e-08,1.3398416e-08,4.992843e-07,0.9999262
ISIC_0026456,6,1.573071e-08,7.926991e-10,2.3306413e-05,1.0542579e-05,3.276861e-08,7.263474e-09,0.999966
ISIC_0033031,6,0.15487725,0.0009114327,0.009706044,0.0004630322,4.5225684e-06,0.00018590291,0.83385193
ISIC_0032775,6,0.002768237,4.3850267e-07,1.2315722e-05,4.5080204e-05,1.4716175e-08,9.915029e-09,0.9971738
ISIC_0033458,6,0.026163047,0.3860432,0.094345115,0.025615355,0.0046104835,0.037836954,0.42538583
ISIC_0033135,6,0.0019881695,3.2616408e-05,6.936054e-08,1.98005e-05,6.533268e-06,2.9022542e-06,0.9979499
ISIC_0032538,6,7.735729e-06,6.4818764e-06,6.419243e-05,2.2738775e-06,3.5381067e-06,0.00020160986,0.9997141
ISIC_0033591,6,0.00032814904,0.00064620905,1.4126789e-06,0.0007382037,0.00014233257,0.00015245509,0.9979912
ISIC_0031648,6,1.7398528e-07,9.07628e-09,6.981692e-13,1.5481715e-11,1.7786222e-07,3.919134e-08,0.99999964
ISIC_0033565,6,1.4638163e-10,1.5022936e-09,4.154098e-11,1.0254772e-11,2.8771702e-10,1.982075e-09,1.0
ISIC_0033123,6,2.0345813e-13,9.424548e-09,1.8742219e-10,6.064061e-11,3.6543773e-14,3.7039832e-10,1.0
ISIC_0024747,6,2.4597778e-08,3.6164947e-06,2.0262014e-05,7.292733e-06,3.9235233e-06,6.5661666e-08,0.99996483
ISIC_0031346,6,0.0006403604,0.05685163,0.0016509932,0.0027286813,0.062613025,0.00014321251,0.8753721
ISIC_0031719,6,0.0009440765,0.99822253,8.674948e-07,1.6832188e-05,0.00018183324,0.00028448264,0.00034938462
ISIC_0030070,6,1.3150861e-05,0.9922879,1.736242e-08,7.5258486e-06,7.671177e-07,2.830112e-06,0.0076878164
ISIC_0031093,6,6.2408865e-09,1.5376031e-08,4.9805254e-07,4.116537e-05,5.626392e-07,3.26721e-08,0.9999577
ISIC_0029608,6,6.8708017e-10,5.4261697e-09,2.8556475e-08,1.8067078e-08,2.6789655e-09,3.1837388e-07,0.99999964
ISIC_0029439,6,2.8186186e-08,3.3187935e-09,8.176089e-10,1.2113303e-07,9.5486626e-11,1.1012151e-08,0.9999999
ISIC_0028406,6,3.373501e-11,7.6742214e-07,1.9317863e-10,1.2418392e-08,1.138756e-09,2.302519e-07,0.99999905
ISIC_0026393,6,4.263652e-11,6.269229e-06,7.572589e-12,6.568854e-10,2.8478886e-09,1.2935143e-07,0.99999356
ISIC_0031215,6,1.0363113e-09,1.865808e-08,2.5474542e-10,9.546716e-07,3.1139713e-09,4.9867817e-09,0.99999905
ISIC_0031065,6,1.9053139e-13,4.917167e-13,1.6053367e-11,3.4332565e-11,6.427727e-14,2.6160096e-09,1.0
ISIC_0031955,6,3.5645313e-05,0.9833422,1.4906249e-06,9.731231e-05,0.0071953554,0.00015321629,0.009174817
ISIC_0024867,6,9.226294e-11,1.4551893e-10,2.7344218e-12,1.7446734e-09,6.0282625e-12,7.497627e-09,1.0
ISIC_0025425,6,2.735596e-08,0.00964279,8.6188277e-07,8.339971e-05,2.1325373e-08,1.3726095e-05,0.9902593
ISIC_0024706,6,2.9754553e-11,2.6362569e-08,4.602243e-09,2.107977e-09,8.618226e-11,1.6757348e-09,1.0
ISIC_0026467,6,1.4114365e-10,2.6656005e-06,3.5798392e-10,7.3881594e-08,7.1068373e-10,6.194847e-08,0.99999714
ISIC_0026068,6,1.1399229e-08,1.5550083e-06,1.1777305e-07,1.6529017e-06,4.084532e-09,4.4337516e-09,0.99999666
ISIC_0032384,2,6.1632988e-09,9.075772e-11,0.99999034,9.0041785e-06,3.3142797e-07,2.045368e-08,2.4794633e-07
ISIC_0027146,2,0.000726208,0.00016924184,0.99895656,3.5908455e-05,1.519176e-08,9.891268e-05,1.3159285e-05
ISIC_0029193,2,0.001462109,1.0480572e-06,0.9983758,6.9065558e-09,4.9924096e-05,1.6506247e-05,9.457661e-05
ISIC_0027526,2,8.614059e-09,2.3932276e-10,0.99999976,2.0333212e-08,1.7823305e-09,3.2308638e-09,2.306692e-07
ISIC_0026760,2,1.749342e-07,3.5531244e-05,0.9999571,1.3384168e-06,7.05087e-07,1.198873e-08,5.243698e-06
ISIC_0025718,2,3.290627e-09,9.695378e-07,0.9999988,4.4678026e-09,2.5393085e-10,2.4240586e-08,1.9897296e-07
ISIC_0025932,2,4.4874596e-07,1.2530881e-09,0.99997234,1.9621562e-05,1.3131355e-08,6.357874e-08,7.5364937e-06
ISIC_0028747,2,7.664105e-09,6.208081e-14,0.9999751,2.2418893e-05,1.3030885e-09,1.3506891e-08,2.470844e-06
ISIC_0030261,2,7.942594e-06,0.003868695,0.99599516,0.000111525515,1.1793755e-09,5.3355893e-06,1.12563e-05
ISIC_0025824,2,2.2532654e-10,7.14945e-11,1.0,1.9269839e-08,2.1667261e-09,2.0089372e-10,1.3021761e-10
ISIC_0031400,2,2.602802e-06,1.8573494e-09,0.99999714,1.7343434e-07,1.2068265e-09,7.6589146e-08,1.4858192e-08
ISIC_0031943,2,0.01430449,0.018572252,0.6738693,0.043433543,6.300046e-06,1.6453572e-05,0.24979767
ISIC_0027865,2,0.0009863273,0.00014183986,0.94209766,0.048071377,7.8050086e-08,2.144846e-07,0.008702499
ISIC_0029647,2,2.5021136e-06,4.8820916e-06,0.0053028204,0.00016480981,0.99432445,0.00019974935,7.572179e-07
ISIC_0027858,2,0.019179577,0.13312604,0.029949669,0.060332023,0.6981271,0.059242293,4.331323e-05
ISIC_0027433,2,0.4229821,0.000104154744,0.5766384,6.9709057e-07,0.00022081734,1.5590147e-05,3.8228973e-05
ISIC_0029515,2,0.9972741,3.514747e-07,0.0022066205,2.7741155e-06,0.000509596,4.9797736e-06,1.6598383e-06
ISIC_0029034,2,1.14484e-06,5.1032785e-12,0.9999988,8.30322e-10,6.61967e-12,5.0375987e-10,1.3168189e-09
ISIC_0030800,2,0.00083858275,4.9762548e-08,0.9991579,1.7729401e-09,3.9278913e-09,3.2467785e-06,7.557809e-08
ISIC_0025383,2,0.0007848668,0.0002664617,0.9986732,3.1242646e-06,9.380497e-06,5.670924e-06,0.0002573926
ISIC_0025513,2,0.0019530539,0.5495443,0.4325413,0.0031709461,0.009078409,0.0019232882,0.0017887669
ISIC_0031272,2,0.0057373354,3.126074e-07,0.96928644,0.011067434,1.6395406e-05,0.013820711,7.145045e-05
ISIC_0027058,2,1.2369079e-08,2.2697084e-06,0.9999646,3.843118e-07,9.309909e-07,7.430087e-08,3.1667125e-05
ISIC_0030114,2,0.00031664612,0.0049564578,0.993737,6.8778068e-06,5.7042926e-05,4.576061e-06,0.0009214127
ISIC_0032959,2,0.022818202,0.20104551,4.5884703e-06,3.2615417e-06,3.3428518e-05,5.609216e-07,0.7760943
ISIC_0034047,2,0.0008828118,0.0025221286,0.9757816,0.00013137564,0.019979136,6.4209045e-05,0.0006387186
ISIC_0033483,2,0.56077385,9.108558e-06,0.43838567,0.0001216606,0.00042236823,1.1837761e-05,0.00027553376
ISIC_0032536,2,1.4759928e-05,2.696422e-06,0.99988043,4.7481153e-05,4.4058515e-06,1.5623792e-07,5.010769e-05
ISIC_0034015,2,0.018865224,0.0050922823,0.6704006,8.464468e-06,0.30474633,0.00087758806,9.453509e-06
ISIC_0034223,2,0.0012377604,0.0054062796,0.36035973,0.00085066305,0.62925607,0.002869696,1.9815814e-05
ISIC_0033372,2,0.00027175562,4.834462e-05,0.9996798,1.2643925e-09,8.9106074e-08,2.6389186e-08,4.7754398e-08
ISIC_0034066,2,0.0024063056,1.7864526e-05,0.9975739,1.8394081e-09,8.216922e-07,3.7637623e-08,9.544659e-07
ISIC_0032741,2,0.0014906995,1.5819509e-05,0.99849176,6.7095164e-07,2.6456194e-08,1.5235354e-07,8.260476e-07
ISIC_0033301,2,0.0002398817,2.925801e-05,0.9997279,4.4714554e-07,1.9714691e-06,4.250176e-07,1.118955e-07
ISIC_0025617,2,0.43677372,0.35371,0.2094885,2.687777e-08,6.3816415e-06,2.8540137e-06,1.8525334e-05
ISIC_0026350,2,0.013940229,0.0892288,0.88812405,6.3510655e-05,0.0041689295,0.0037603406,0.0007141308
ISIC_0031569,2,0.009246403,0.37793353,0.58098847,9.099483e-05,0.027245393,0.004423635,7.1603936e-05
ISIC_0026528,2,5.21884e-07,5.302584e-06,0.043571413,0.37251037,5.6164424e-07,0.17674929,0.40716258
ISIC_0028677,2,2.7327559e-08,0.7617435,0.098747395,0.024072327,0.0001622338,0.11518866,8.5816886e-05
ISIC_0028059,2,5.508329e-08,0.00023083971,0.9997205,3.7755324e-08,4.833029e-10,6.451787e-09,4.8576054e-05
ISIC_0025576,2,2.977477e-07,0.0002088142,0.99975604,2.2698832e-05,2.7633246e-10,8.94992e-06,3.0821648e-06
ISIC_0029331,2,8.109192e-09,0.0004503003,0.0014588844,0.9973756,5.0664042e-08,0.00069236266,2.2686007e-05
ISIC_0027601,2,1.6180375e-09,5.6618264e-06,0.9999888,8.0687634e-10,3.926351e-11,3.9682245e-06,1.5829929e-06
ISIC_0027631,2,3.3390977e-09,2.310874e-06,0.9999976,1.808723e-10,3.206278e-08,2.135907e-08,4.6228035e-08
ISIC_0031413,2,1.2295932e-09,3.5847787e-12,1.0,2.9628081e-08,1.8333915e-10,7.7205886e-10,1.872505e-08
ISIC_0030644,2,3.4502757e-06,1.66547e-06,0.99996424,1.4845487e-05,1.2850653e-05,2.0239302e-06,9.928402e-07
ISIC_0026716,2,9.754247e-08,0.0007013788,0.99926275,1.9084451e-05,1.5997504e-05,5.1109353e-08,5.5653686e-07
ISIC_0025971,2,1.1153307e-07,0.00037173493,0.9991543,0.00035214933,3.4375647e-05,5.726469e-07,8.667541e-05
ISIC_0030737,2,7.224314e-05,0.047878653,0.0005490319,0.95147675,2.343358e-08,9.448607e-06,1.3857567e-05
ISIC_0031712,2,2.6007328e-07,0.59207577,0.40791696,3.9460045e-07,1.3843439e-06,4.937977e-06,2.2597371e-07
ISIC_0032439,2,1.6036466e-08,2.1092526e-06,0.9996928,0.0002993733,1.9322974e-07,5.2890766e-07,5.0482035e-06
ISIC_0026496,2,3.709509e-09,0.00016559658,0.9781294,1.0089527e-09,2.8786826e-09,5.5799475e-08,0.021704845
ISIC_0028583,2,3.640149e-05,3.4518875e-05,0.985364,0.014193938,1.3491268e-07,0.00019511882,0.00017580022
ISIC_0030511,2,1.0780767e-07,2.5548583e-10,0.99999833,3.1072085e-07,2.508117e-09,7.8966956e-08,1.1891682e-06
ISIC_0026968,2,0.00017694043,0.02160655,0.9662003,0.010723489,1.6751871e-06,1.4224594e-05,0.001276729
ISIC_0025975,2,1.1181875e-05,0.0042896857,0.99555826,3.4354928e-06,6.7052686e-05,4.6892105e-06,6.561588e-05
ISIC_0031236,2,0.001895403,0.92816585,0.03949144,0.030375862,3.408005e-05,1.3965786e-06,3.5889447e-05
ISIC_0027846,2,0.0003124462,7.745299e-05,0.99761295,0.00035941543,2.084106e-05,9.341963e-07,0.0016159718
ISIC_0026798,2,7.812431e-07,0.3556006,0.0005756141,0.59701705,0.035729807,0.008892834,0.0021832797
ISIC_0026978,2,8.3038125e-05,0.007205594,0.9573723,8.123291e-05,0.034702092,3.4062074e-07,0.0005554392
ISIC_0024452,2,3.2826133e-09,0.0011474233,0.9988525,1.7972841e-08,2.8561336e-08,3.5348418e-08,2.9230115e-08
ISIC_0029539,2,3.4390871e-12,8.9672496e-05,0.99991024,2.3134766e-10,3.2558545e-10,3.8852484e-08,1.9593537e-08
ISIC_0031258,2,3.051892e-06,0.00078280957,0.9991736,2.1322398e-07,1.1742355e-05,5.492103e-07,2.7983777e-05
ISIC_0024472,2,1.3401237e-07,3.3924847e-05,0.99880564,3.2380594e-06,5.597637e-07,1.0334685e-06,0.0011553868
ISIC_0031175,2,3.471521e-05,0.0005516787,0.9993467,1.0125306e-06,8.6137015e-06,3.6912775e-06,5.355201e-05
ISIC_0030755,2,6.014927e-08,5.932518e-07,0.9999901,6.2268805e-07,8.991798e-07,6.6437565e-07,7.084012e-06
ISIC_0028815,2,1.8255706e-08,9.515225e-07,0.99999845,1.7107708e-07,4.84379e-07,2.8358906e-09,3.106034e-08
ISIC_0031976,2,0.009393551,0.09922006,0.35660338,0.20978007,0.0003291847,4.9865524e-05,0.3246239
ISIC_0032225,2,0.0001737367,0.0002794999,0.9995413,2.562691e-06,2.2632797e-08,1.2511027e-06,1.6240283e-06
ISIC_0029856,2,7.5485357e-10,6.693311e-10,0.99995065,4.812406e-05,7.578937e-07,3.3112704e-07,1.8931577e-07
ISIC_0025711,2,0.00015998371,0.00034655293,0.530141,0.045992114,0.00013277834,4.648998e-07,0.42322716
ISIC_0024897,2,2.0671338e-05,1.2477133e-05,0.99991393,4.51623e-06,2.134415e-06,3.284554e-07,4.6064404e-05
ISIC_0025601,2,0.0029815827,0.49259588,0.49998474,0.00034700785,0.0008139709,0.0005218177,0.0027550228
ISIC_0032461,2,6.659022e-05,0.0008286959,0.99852484,0.0003809678,0.00013678249,1.515535e-06,6.052854e-05
ISIC_0031009,2,0.899205,0.01248038,0.058150366,0.014288269,7.114545e-05,3.8187824e-05,0.0157666
ISIC_0031095,2,1.6710159e-08,5.135611e-07,0.9999738,4.043589e-07,9.245387e-09,1.1955596e-07,2.5099484e-05
ISIC_0027337,2,1.6062853e-05,0.10417094,0.7797285,0.08981563,0.015542162,0.0010088213,0.009717959
ISIC_0029263,2,2.5869592e-06,1.3588607e-07,0.9592469,0.040693503,8.2570875e-09,3.612516e-08,5.681127e-05
ISIC_0026687,2,0.4207947,0.000307076,0.08693006,0.4893723,6.1433624e-05,1.6351167e-05,0.0025180783
ISIC_0027819,2,4.0995e-07,0.99947935,3.0872184e-06,1.122191e-09,2.750234e-08,7.708026e-09,0.0005171331
ISIC_0031552,2,2.513163e-08,5.3522194e-06,0.99995923,6.170847e-09,2.5160614e-05,1.117273e-07,1.0114883e-05
ISIC_0029337,2,8.300603e-13,6.455103e-13,0.999998,1.8775136e-06,7.057273e-09,1.3905378e-08,9.5206886e-08
ISIC_0028197,2,0.0002707726,0.011632461,0.98171693,0.006020217,0.00014512335,8.591754e-06,0.00020585331
ISIC_0029831,2,2.1307455e-06,0.00050594786,0.9953004,0.0041907444,7.928753e-08,2.0436272e-07,4.4808291e-07
ISIC_0030954,2,6.580591e-05,0.36244926,0.6357722,5.343929e-07,2.8637633e-06,7.083885e-05,0.0016384119
ISIC_0031062,2,1.4775432e-06,0.0019161053,0.99718386,4.233743e-06,1.3001473e-06,4.029044e-07,0.0008926482
ISIC_0029053,2,8.011283e-09,3.2061411e-09,0.9980823,0.0010098126,1.4997784e-06,2.077012e-06,0.00090425747
ISIC_0025509,2,2.996548e-08,0.001582302,0.99765235,3.94487e-09,2.9489202e-08,3.3585355e-08,0.0007652902
ISIC_0024443,2,4.331783e-07,5.055737e-06,0.9975981,1.2838095e-07,2.131794e-08,2.7077931e-08,0.0023962087
ISIC_0029680,2,6.686725e-05,0.00209513,0.9759907,0.020866318,1.783737e-06,0.0006397685,0.00033941187
ISIC_0028964,2,1.6340733e-06,0.6001619,0.051887278,0.027417408,0.31909648,1.2125401e-05,0.0014231275
ISIC_0028568,2,3.2129122e-08,2.2426695e-05,0.99911803,0.0008403309,9.182496e-08,8.424572e-06,1.0776384e-05
ISIC_0030249,2,0.00028414786,0.0015604184,0.8792104,0.09329024,0.007900621,0.0176619,9.231125e-05
ISIC_0031697,2,7.888106e-05,0.0005089293,0.98753697,0.011803826,3.649225e-08,6.748432e-05,3.904112e-06
ISIC_0028687,2,1.3232528e-09,9.856044e-07,0.99999774,4.4553673e-08,1.1429232e-06,1.8480753e-08,8.541628e-09
ISIC_0027120,2,7.721448e-12,3.5278093e-11,0.99999964,3.39195e-07,1.6792858e-09,2.2924642e-08,3.8333123e-10
ISIC_0027788,2,1.7826438e-06,0.017658135,0.98200154,2.8404206e-06,0.00022619283,3.7778053e-05,7.172393e-05
ISIC_0031263,2,7.46089e-08,7.6281904e-06,0.78965175,0.19838794,0.011474297,0.0003193967,0.00015886273
ISIC_0030767,2,1.3468948e-06,4.6008437e-05,0.9992974,1.920115e-05,0.0006270609,6.5674253e-06,2.4371304e-06
ISIC_0032061,2,4.316304e-06,9.052822e-06,0.99894994,1.4123879e-06,0.0010287593,6.2633612e-06,3.1121021e-07
ISIC_0032212,1,2.8606065e-10,0.9999999,1.7494307e-10,1.3429333e-09,2.4315803e-09,1.1426106e-08,7.430661e-08
ISIC_0029828,1,0.00018635648,0.99980503,3.158727e-07,2.0299912e-07,7.09583e-06,4.911513e-07,4.704825e-07
ISIC_0025251,1,4.4725883e-07,0.99998116,1.9755998e-08,2.114725e-07,1.6444605e-05,1.9166814e-07,1.4939327e-06
ISIC_0025384,1,4.1196117e-06,0.99993134,3.379478e-09,6.0956213e-09,3.178091e-07,6.1028404e-05,3.2199957e-06
ISIC_0031282,1,6.889267e-05,0.9999201,3.301061e-09,5.4795633e-11,1.10525775e-08,1.0977162e-05,4.343661e-08
ISIC_0024535,1,6.202925e-07,0.9999989,1.1181259e-10,1.8386108e-10,9.014028e-09,1.7343135e-07,2.654103e-07
ISIC_0025320,1,2.3845502e-07,0.9999993,6.072655e-08,6.032515e-08,3.178712e-08,1.2908563e-07,1.13398364e-07
ISIC_0031184,1,1.222711e-07,0.9998803,1.7594158e-06,8.7412644e-08,3.2856703e-06,1.5383963e-08,0.000114396345
ISIC_0028298,1,4.2577974e-10,0.9999999,4.302485e-10,4.106192e-12,5.314444e-09,6.341675e-08,7.718604e-09
ISIC_0031463,1,6.202897e-07,0.9999974,2.0226175e-08,4.479535e-10,3.8861185e-09,1.8495169e-06,2.0837119e-08
ISIC_0024376,1,4.554969e-09,0.99999547,3.9117363e-06,1.2863197e-10,4.699373e-08,5.527747e-07,2.6185448e-08
ISIC_0031895,1,1.4463823e-05,0.9999465,7.9862944e-10,6.1310935e-08,3.1144328e-08,3.7515623e-05,1.3056405e-06
ISIC_0026641,1,0.00010223404,0.999895,8.289561e-09,4.431494e-08,7.757099e-08,2.5711793e-07,2.4447888e-06
ISIC_0028185,1,2.7657421e-05,0.9992035,8.663538e-07,1.3593592e-05,0.00040854365,0.00031667275,2.9113606e-05
ISIC_0028924,1,6.7250755e-07,0.9999858,2.9157132e-09,1.0265318e-06,3.6958846e-07,9.568361e-08,1.1981994e-05
ISIC_0031371,1,0.00052557874,0.9968746,1.941279e-07,1.0508437e-06,1.1912048e-06,0.002597107,3.5210203e-07
ISIC_0024584,1,1.8318078e-05,0.99994206,3.8729564e-08,4.0322166e-07,1.8740286e-05,7.2043896e-08,2.0305173e-05
ISIC_0027810,1,0.00013965562,0.9997811,9.3199964e-07,3.8705963e-07,6.118577e-05,4.853572e-06,1.1904728e-05
ISIC_0026339,1,3.564638e-08,0.999998,7.246578e-08,1.380861e-09,1.448035e-06,5.7608712e-08,4.7783107e-07
ISIC_0029997,1,3.0832061e-06,0.9999802,2.037172e-07,4.4211575e-08,4.2280303e-06,2.965653e-06,9.328679e-06
ISIC_0026039,1,2.0688656e-06,0.9999889,1.5962752e-07,4.1163082e-07,6.71001e-07,3.1730772e-07,7.475309e-06
ISIC_0027268,1,4.973103e-09,0.99853504,4.2228883e-09,5.842978e-11,0.0014633584,1.4250551e-06,1.5200065e-07
ISIC_0028779,1,1.4871556e-05,0.99918884,1.2937455e-06,3.418452e-08,0.0007733502,8.8950355e-06,1.2749074e-05
ISIC_0026038,1,3.5919825e-06,0.99996734,4.8523056e-08,2.348946e-09,2.6156624e-05,9.2421095e-07,1.9120057e-06
ISIC_0024861,1,1.0995261e-06,0.9934587,8.586862e-06,0.0010959831,1.6944202e-07,0.005090103,0.0003454584
ISIC_0030617,1,1.3392824e-05,0.9999403,1.6299211e-09,1.4951379e-09,4.1041414e-05,5.122523e-06,1.7458109e-07
ISIC_0028339,1,0.0017400808,0.9982514,1.03810464e-07,2.065707e-07,2.3498055e-06,5.0039836e-07,5.3781073e-06
ISIC_0031331,1,9.3052935e-05,0.9981067,7.3864294e-07,3.3678966e-06,0.0017851413,6.2424124e-07,1.0444572e-05
ISIC_0031997,1,0.047508407,0.9524258,1.5659944e-07,3.8115447e-06,4.512858e-07,1.51391e-06,5.9857783e-05
ISIC_0027703,1,0.0003342809,0.98414314,3.5646288e-05,3.3026874e-05,0.015312409,2.1843342e-05,0.0001196092
ISIC_0028932,1,1.083801e-05,0.9999839,7.331958e-10,2.6300206e-09,2.667545e-07,5.0285144e-06,1.18453745e-08
ISIC_0027732,1,1.08009335e-05,0.9999789,3.826115e-06,3.2288174e-06,2.975096e-08,3.9580712e-08,3.2565567e-06
ISIC_0025142,1,1.3787105e-06,0.99991405,1.2324934e-08,3.0694597e-08,7.970215e-05,2.5916704e-06,2.2509373e-06
ISIC_0026806,1,3.050499e-08,0.99999845,1.1769674e-06,2.932377e-08,5.212603e-08,3.6175784e-08,2.6002613e-07
ISIC_0027160,1,1.1715727e-07,0.9999968,3.3533677e-08,2.9808706e-07,2.5032039e-06,3.3831444e-08,1.9715641e-07
ISIC_0032211,1,4.0344005e-07,0.995469,1.1460519e-06,1.7037231e-06,0.0044978657,2.6224721e-05,3.6644574e-06
ISIC_0028482,1,2.1246833e-05,0.99930537,1.1204187e-07,3.7455652e-07,0.00046879708,0.00020064108,3.4660166e-06
ISIC_0028690,1,3.9182803e-05,0.99660444,0.00022253573,1.0443456e-06,0.0031023032,3.899375e-06,2.6569334e-05
ISIC_0025353,1,6.205577e-05,0.99680746,1.131235e-06,3.795365e-07,0.0031163662,5.3749748e-08,1.2710262e-05
ISIC_0032100,1,9.457879e-08,0.99999547,1.14712355e-08,4.2178327e-10,1.4468174e-07,3.7653326e-06,4.6687938e-07
ISIC_0028282,1,1.51555005e-05,0.9960681,1.6571505e-05,1.09066704e-07,0.003704325,9.508414e-06,0.00018620344
ISIC_0028136,1,4.9359716e-07,0.99997365,1.0905977e-07,2.160471e-09,1.2167878e-05,1.3207954e-05,3.0624685e-07
ISIC_0026283,1,2.7715272e-08,0.9996082,4.989865e-09,2.4350663e-07,0.0002717333,0.00011968877,2.1305891e-07
ISIC_0029943,1,2.3298218e-08,0.9999974,8.0309044e-11,1.64607e-09,2.143621e-07,1.3511382e-06,1.0625572e-06
ISIC_0029561,1,9.412534e-09,0.99999464,4.9505577e-09,9.1291674e-10,5.2061996e-06,2.4052473e-09,8.4232106e-08
ISIC_0028848,1,5.9110665e-08,0.99999964,2.3760824e-08,3.1895838e-12,1.0463511e-07,1.1502674e-09,1.9622003e-07
ISIC_0024369,1,1.686901e-07,0.9999989,2.3761612e-07,2.0365907e-07,1.1558595e-07,2.0446397e-07,6.714471e-08
ISIC_0024544,1,2.1543629e-08,0.99994767,7.068446e-10,5.8299804e-10,1.7453344e-07,5.174551e-05,4.2318558e-07
ISIC_0030903,1,3.8587183e-05,0.999951,1.0865382e-08,3.8334752e-11,3.3593616e-07,8.176043e-06,1.7759179e-06
ISIC_0028668,1,1.1443534e-11,0.9999995,3.3469948e-07,1.1429006e-11,1.0992561e-09,4.9223566e-08,1.9371383e-07
ISIC_0030885,1,8.967559e-06,0.9999825,2.5750523e-06,2.0450397e-08,1.1211463e-06,1.0055999e-06,3.929723e-06
ISIC_0027389,1,1.1050381e-06,0.99998546,3.8973695e-09,2.2359636e-09,1.2044601e-05,1.4147367e-06,3.1030907e-09
ISIC_0028827,1,1.0888076e-07,0.9999999,1.0587726e-14,5.1777027e-11,2.7499663e-08,6.805826e-09,5.1062514e-09
ISIC_0025366,4,7.1676404e-05,0.9997477,1.3067942e-05,1.5552403e-05,8.9903566e-05,3.0537328e-06,5.9074115e-05
ISIC_0031229,1,2.1370638e-06,0.9999974,3.247358e-09,5.736761e-10,1.7964888e-07,1.8663681e-07,3.6556614e-08
ISIC_0031777,1,6.2678055e-08,0.9999926,3.5138203e-09,1.9964354e-10,5.733174e-06,1.4378662e-06,1.5168908e-07
ISIC_0026383,1,7.165079e-05,0.9998766,1.5342387e-06,9.531926e-06,6.6878015e-06,2.5060058e-06,3.145606e-05
ISIC_0032442,1,1.6114309e-05,0.99983966,4.216e-07,3.9569578e-10,0.00014274559,1.14747225e-08,9.76871e-07
ISIC_0028462,1,1.2841666e-07,0.99999917,6.182863e-09,2.409734e-10,3.1211368e-07,3.904749e-07,6.435335e-08
ISIC_0025052,1,7.882936e-07,0.99999917,1.1014959e-08,1.371861e-09,8.48733e-10,8.291231e-09,7.3947156e-08
ISIC_0031606,1,9.829064e-07,0.9999964,2.2399653e-10,3.0093903e-09,1.7030539e-08,2.1286925e-07,2.3240189e-06
ISIC_0031422,1,4.407505e-05,0.98726594,4.307666e-06,1.0753042e-06,0.0015677594,0.0111119915,4.930843e-06
ISIC_0028025,1,2.5621737e-06,0.99999726,3.7203947e-09,6.474714e-10,3.4514656e-08,1.528384e-07,7.878709e-08
ISIC_0031776,1,0.0011256234,0.780611,0.00066082657,0.008637288,0.20575736,0.0030785413,0.00012938904
ISIC_0029385,1,0.004600541,0.9940393,0.00012271444,2.1231835e-05,0.0010754047,2.3061362e-05,0.00011775442
ISIC_0026986,1,4.9856165e-08,0.9999994,1.8125776e-09,1.0642168e-09,4.8572854e-08,5.20115e-07,2.9130472e-08
ISIC_0024464,1,7.3921738e-06,0.99998903,1.5192994e-08,4.9203713e-08,2.330087e-06,7.28832e-08,1.1078023e-06
ISIC_0026836,1,4.2318108e-05,0.9469235,3.8479038e-07,3.0852902e-06,0.052507594,0.00052015495,2.9210773e-06
ISIC_0024788,1,4.0006473e-08,0.99999905,3.9423545e-10,2.5606668e-09,5.9596033e-07,2.9168865e-07,4.084365e-08
ISIC_0028260,1,1.410181e-07,0.9995073,1.3988814e-07,4.5575283e-07,1.3012678e-06,0.00028584097,0.00020478711
ISIC_0030774,1,3.3614225e-09,0.99997795,4.0716372e-09,2.9606656e-07,1.5622412e-05,6.0564525e-06,5.5260923e-08
ISIC_0026075,1,1.8437344e-08,0.99999976,4.765599e-09,6.408262e-10,9.308588e-08,1.09661684e-07,3.0547763e-08
ISIC_0024512,1,1.7362393e-07,0.99735,3.208112e-07,1.4908042e-05,1.9980935e-06,3.0073475e-06,0.0026296377
ISIC_0027276,1,5.0973274e-08,0.9999782,1.1867589e-05,4.086333e-06,2.7237894e-07,5.4051725e-07,5.0230747e-06
ISIC_0031947,1,9.0060645e-08,0.99998426,2.1624263e-10,1.6841571e-10,6.616482e-06,8.529104e-06,4.52434e-07
ISIC_0027220,1,8.6872404e-07,0.9999832,1.4330154e-09,6.153262e-08,7.435811e-08,1.5747364e-05,2.4984214e-08
ISIC_0029410,1,3.820138e-06,0.999987,2.812448e-09,6.229965e-08,4.887638e-06,1.6800584e-06,2.4611206e-06
ISIC_0029604,1,1.3020352e-05,0.99997795,2.4612214e-09,5.96874e-08,7.3942065e-06,1.5121447e-08,1.4576605e-06
ISIC_0031771,1,4.844714e-07,0.9999957,6.7875386e-11,8.404619e-08,2.172949e-06,1.0773098e-06,4.6172715e-07
ISIC_0030269,1,1.7318418e-05,0.999967,6.000994e-07,1.5518252e-07,1.466183e-05,1.0302407e-07,2.267244e-07
ISIC_0026256,1,2.876028e-07,0.9999925,1.8968775e-06,2.8431313e-09,4.7729077e-06,8.9506365e-08,4.60892e-07
ISIC_0028108,1,7.983388e-06,0.9999906,2.266357e-09,1.3201056e-08,5.064468e-07,7.976086e-09,8.9324686e-07
ISIC_0026366,1,2.0354423e-07,0.99970585,1.3018486e-07,2.890272e-07,1.6789382e-07,0.0002929091,4.519734e-07
ISIC_0027085,1,4.383618e-06,0.99976534,1.2233407e-08,1.9023128e-07,0.00022923494,1.2232597e-07,7.0171336e-07
ISIC_0028933,1,8.287013e-05,0.9999118,1.4344771e-09,1.634137e-08,4.4963404e-06,3.9004252e-07,5.2656975e-07
ISIC_0030658,1,4.561108e-06,0.9999801,4.7818425e-08,1.2686758e-07,7.872589e-06,3.5033003e-07,6.907993e-06
ISIC_0030566,1,5.337992e-08,0.9999993,5.2358584e-10,1.4303767e-08,3.8023398e-07,5.448115e-08,2.2553182e-07
ISIC_0028613,1,1.1502433e-07,0.99999475,1.3244421e-07,1.0039582e-08,2.6986443e-06,2.2451222e-06,3.683347e-08
ISIC_0027591,1,4.2496513e-08,0.9996879,4.051993e-11,1.9749025e-09,6.9928285e-09,0.000311981,2.6790712e-08
ISIC_0029703,1,2.4258414e-08,0.9984731,2.2996498e-09,2.5878146e-06,0.0015203552,2.5421036e-07,3.6126394e-06
ISIC_0031213,1,1.4952582e-07,0.99999976,5.4009736e-10,1.9358955e-11,1.1460678e-08,6.6115726e-09,4.1930775e-08
ISIC_0031038,1,4.26702e-06,0.99999106,2.1370166e-09,1.3008526e-08,1.2840964e-07,2.0975864e-07,4.283235e-06
ISIC_0032337,1,0.00089596165,0.99905294,8.4759115e-08,9.2925364e-07,3.7096486e-06,2.1903645e-05,2.4475421e-05
ISIC_0026659,1,4.610515e-06,0.9999919,3.6508316e-09,3.5675274e-08,2.2731474e-06,1.1095394e-06,1.1100088e-07
ISIC_0030049,1,7.46386e-07,0.9999845,2.1318293e-08,5.5827645e-08,2.3272169e-07,4.144587e-06,1.0277104e-05
ISIC_0030547,1,7.252632e-08,0.99995375,2.1165443e-10,4.2887333e-11,1.04382485e-08,4.611424e-05,7.386303e-08
ISIC_0031909,1,3.403607e-08,0.99999785,5.258954e-09,1.31398075e-08,1.2245405e-06,2.8554805e-07,6.7352204e-07
ISIC_0026822,1,1.5339841e-06,0.9999968,1.0044001e-09,4.1290736e-08,6.3182534e-07,3.2009335e-09,1.1094264e-06
ISIC_0028819,1,2.302503e-06,0.9997646,8.0119404e-09,4.6680075e-06,8.53444e-06,0.00020617232,1.3724015e-05
ISIC_0029274,1,2.029356e-08,0.9999989,3.0596645e-09,3.6868062e-08,1.0479746e-06,7.3472295e-10,5.760324e-09
ISIC_0029132,1,0.00024793646,0.9997135,2.2978402e-06,8.472062e-07,1.4491094e-06,3.333301e-05,5.677143e-07
ISIC_0026949,1,3.56723e-05,0.99957234,3.306897e-07,3.1958714e-06,0.00038746538,1.6451021e-07,8.834612e-07
ISIC_0028428,1,1.4291851e-05,0.9999759,3.419646e-07,2.8794094e-08,7.362671e-07,2.6573766e-06,6.129562e-06
ISIC_0024309,1,2.3389684e-05,0.99799085,1.3291107e-05,1.0967277e-06,4.0545816e-05,0.0019093181,2.1466794e-05
ISIC_0030871,1,3.5832182e-10,0.999987,5.947639e-10,2.6631236e-12,1.2910622e-05,1.2326775e-08,5.233284e-08
ISIC_0029699,1,2.6837333e-06,0.9999958,1.7578233e-07,1.0186656e-07,7.508545e-07,1.244838e-07,3.2167364e-07
ISIC_0025116,1,3.8362955e-06,0.9419467,5.24253e-06,0.04859608,0.00024344529,0.008741004,0.00046364966
ISIC_0031279,1,5.574105e-06,0.9998951,1.0757754e-08,5.6110128e-08,9.525336e-05,2.5291492e-06,1.5849231e-06
ISIC_0030804,1,1.0783391e-07,0.9999994,6.4866136e-08,3.797555e-08,4.204041e-07,3.9237257e-08,4.130476e-09
ISIC_0027472,1,2.673365e-05,0.9995178,4.8593216e-07,0.00044007163,5.1521556e-07,1.28011e-05,1.6956849e-06
ISIC_0027333,1,0.0010805501,0.99643743,2.9742915e-07,1.9705474e-05,0.0024014828,5.3325322e-05,7.206832e-06
ISIC_0030569,1,0.008111063,0.08309476,2.0853573e-05,3.1501473e-05,0.9087176,1.9965377e-05,4.42096e-06
ISIC_0031661,1,9.089259e-09,0.9999981,2.9073705e-08,9.078466e-09,1.8913595e-09,1.3257653e-06,5.9488997e-07
ISIC_0027482,1,4.6339937e-05,0.9998847,6.842194e-07,1.210785e-06,5.3078715e-05,3.7535204e-07,1.36322615e-05
ISIC_0027646,1,4.6939465e-07,0.99999547,5.5954343e-09,5.4068302e-08,2.9178636e-07,2.7760593e-06,9.770698e-07
ISIC_0026051,1,1.1431012e-08,1.0,1.990787e-11,4.971211e-13,1.9079714e-10,1.17075825e-08,8.33896e-09
ISIC_0028184,1,2.3099324e-07,0.99999976,9.893969e-11,1.1993478e-11,1.2602484e-09,7.715762e-09,3.1077374e-09
ISIC_0026320,1,4.9934483e-09,0.9999999,4.9177808e-11,7.636228e-11,6.5695727e-10,1.6904134e-07,5.502252e-09
ISIC_0029848,1,1.6460308e-05,0.99997437,5.9577627e-07,2.6327674e-08,6.9444345e-06,3.2862286e-07,1.2982283e-06
ISIC_0024803,1,0.00032336413,0.99967515,5.953617e-09,3.0586055e-08,3.8569843e-07,1.4679878e-07,1.0178599e-06
ISIC_0026087,1,7.1714853e-06,0.9998809,1.7203713e-05,8.11695e-09,8.581012e-05,3.1799605e-06,5.685764e-06
ISIC_0025607,1,2.1594598e-05,0.99993753,2.306258e-09,5.667203e-08,3.7822872e-05,2.015113e-06,1.0150246e-06
ISIC_0027938,1,2.4025335e-06,0.9999914,9.900649e-10,3.0359196e-08,6.418399e-10,4.9135933e-06,1.3336273e-06
ISIC_0030206,1,1.8620516e-07,0.9999993,7.509225e-10,9.980597e-08,3.1786453e-08,4.7138176e-08,3.3913986e-07
ISIC_0031256,1,2.8091145e-07,0.99967265,8.260892e-08,6.4636345e-07,0.00031116657,8.742141e-06,6.481193e-06
ISIC_0028062,1,3.0850617e-06,0.99642354,1.07181606e-07,0.0011361284,0.0023748027,2.3628296e-05,3.8631646e-05
ISIC_0027935,1,3.0125761e-06,0.9999896,4.044791e-07,2.2888206e-07,1.0296663e-08,1.8120805e-06,4.8905977e-06
ISIC_0027156,1,2.0503886e-07,0.99988556,2.162674e-05,8.3203886e-05,3.8061903e-06,5.334215e-06,2.2799058e-07
ISIC_0032367,1,3.3387068e-06,0.99993527,5.095913e-08,5.9492546e-08,5.994272e-05,4.219798e-07,9.673004e-07
ISIC_0028160,1,3.129882e-07,0.99999714,2.4097271e-06,2.7360567e-09,2.1737291e-08,2.8759908e-08,1.00640165e-07
ISIC_0030332,1,2.4200112e-08,0.99999094,3.2744232e-09,2.5541967e-06,2.8894963e-06,3.2937617e-06,2.697881e-07
ISIC_0027440,1,0.0012516573,0.9973726,5.1422194e-06,4.586948e-09,0.001328904,1.2064543e-05,2.9688894e-05
ISIC_0025747,1,7.996037e-06,0.9986745,2.3000152e-07,1.3409256e-09,0.0013129043,2.6854675e-08,4.44021e-06
ISIC_0027869,1,3.6355576e-08,0.9999989,5.5196345e-08,1.9878237e-09,7.953032e-07,9.106173e-08,3.529414e-08
ISIC_0026910,1,2.6824075e-08,0.99999964,8.663357e-09,9.32073e-10,1.6389139e-07,9.563834e-09,1.3551086e-07
ISIC_0031800,1,2.6484252e-06,0.9997271,1.8313294e-06,4.448855e-08,0.00026639662,1.0147539e-06,9.664619e-07
ISIC_0030743,1,1.7127848e-06,0.9959394,6.980704e-06,1.5027723e-08,0.004049235,8.2326835e-07,1.885564e-06
ISIC_0025028,1,5.368051e-10,0.9999871,3.9218723e-13,1.0822317e-12,3.6161573e-12,1.2586064e-05,2.7337e-07
ISIC_0030202,1,2.8136404e-07,0.9975261,5.496148e-10,5.0930883e-08,9.991454e-07,0.0004958834,0.0019766814
ISIC_0032166,1,2.6398698e-07,0.99999475,8.137565e-08,1.0693956e-07,3.7123824e-09,5.2588398e-08,4.7606854e-06
ISIC_0032266,1,6.149089e-07,0.999967,6.0085445e-06,5.1352554e-06,1.1401919e-05,3.116597e-06,6.7199517e-06
ISIC_0029471,1,3.1047634e-08,0.9998754,1.3715662e-08,1.1382087e-10,1.342733e-07,8.6025466e-07,0.0001235495
ISIC_0024501,1,1.0319731e-07,0.99999726,5.2362106e-09,5.7970806e-10,2.1945614e-06,1.813864e-07,2.3132776e-07
ISIC_0026243,1,7.725959e-06,0.9999858,6.1576073e-09,4.3276862e-07,4.1916297e-07,2.8561067e-06,2.6480323e-06
ISIC_0031637,1,2.8821773e-07,0.9996774,9.671712e-10,2.4415647e-07,0.000319593,2.002479e-06,4.242251e-07
ISIC_0031190,1,7.500565e-07,0.99999774,1.4117194e-07,1.5222048e-08,3.3639925e-08,6.424815e-08,1.1705928e-06
ISIC_0026710,1,1.322372e-06,0.9999502,1.9635586e-08,5.7171377e-07,3.786084e-05,2.6414232e-06,7.36344e-06
ISIC_0024322,1,6.3507537e-06,0.99998856,1.1850627e-08,3.087882e-11,1.09596044e-07,1.1703118e-08,5.0139133e-06
ISIC_0031523,1,2.1479077e-07,0.99991703,1.8524917e-09,5.1472313e-08,8.2596234e-05,9.3003294e-08,2.6160334e-08
ISIC_0028712,1,4.400555e-09,1.0,1.906999e-11,2.070481e-12,2.0029483e-11,5.673427e-09,4.613592e-08
ISIC_0026112,1,1.6692035e-06,0.9997162,3.9654164e-09,8.67208e-08,1.1879189e-05,0.0002673076,2.7301476e-06
ISIC_0030878,1,9.068609e-06,0.9997019,0.000277289,3.4317034e-07,4.0247387e-06,5.7098537e-06,1.5462332e-06
ISIC_0025390,1,1.7487835e-06,0.9999883,1.3341105e-06,4.549026e-06,1.9097736e-06,1.4833103e-06,6.70735e-07
ISIC_0029346,1,0.0029933108,0.99675554,8.6963337e-07,2.0967902e-05,0.00011735613,0.00010906753,2.9733817e-06
ISIC_0025981,1,6.08846e-06,0.9999932,6.75076e-08,1.7060158e-09,4.6099892e-08,3.82138e-07,1.822337e-07
ISIC_0031865,1,2.094571e-05,0.9999733,8.7968436e-07,1.5802011e-07,5.225485e-07,2.455328e-07,3.940273e-06
ISIC_0025213,1,2.8919203e-06,0.9999969,6.249347e-10,1.9379655e-08,7.089019e-10,9.5986636e-08,3.110203e-08
ISIC_0030099,1,2.7126995e-07,0.99999917,1.5404841e-09,3.5170768e-08,4.5903054e-10,2.6231774e-07,2.9580556e-07
ISIC_0027108,1,7.775639e-08,0.99999917,4.0340445e-10,5.685045e-09,1.0044913e-08,6.4638965e-07,1.1461202e-07
ISIC_0030596,1,4.1669362e-05,0.9946438,0.004907925,8.470325e-05,4.212799e-07,2.5874049e-06,0.00031886992
ISIC_0031231,1,3.8658163e-05,0.99987566,2.5492568e-08,1.1602465e-06,7.8712326e-08,6.51119e-06,7.776226e-05
ISIC_0030668,1,5.2902817e-07,0.99994147,1.2524915e-05,1.41263e-05,1.1021217e-06,1.6376246e-07,3.0085479e-05
ISIC_0028554,1,0.00020107286,0.9996333,2.0183845e-06,1.4824024e-05,3.9524894e-05,2.9649987e-05,7.959691e-05
ISIC_0031714,1,1.2710886e-06,0.99996674,1.9857039e-07,2.2437744e-05,6.1445496e-07,1.182838e-07,8.648887e-06
ISIC_0024510,1,1.2086994e-07,0.99999154,2.9894537e-10,3.555109e-08,1.3587933e-09,8.368418e-06,1.1567491e-08
ISIC_0029367,1,2.5833934e-08,0.99999785,2.3564052e-08,4.6111715e-08,6.29805e-08,2.0353468e-06,6.323383e-09
ISIC_0026449,1,4.1441166e-05,0.9999583,5.1796508e-11,3.695069e-08,5.9005767e-10,4.6938148e-08,3.130623e-07
ISIC_0029150,1,4.156334e-09,0.99999344,4.8090033e-06,2.8475299e-07,1.0867916e-06,3.9105774e-07,7.0362766e-08
ISIC_0031978,1,4.000504e-06,0.99999166,1.5928192e-10,4.5269974e-07,4.325549e-09,1.9350079e-08,3.8267954e-06
ISIC_0031898,1,2.5393913e-06,0.9999864,2.9266076e-09,1.283521e-07,5.681233e-09,4.1276664e-07,1.0604779e-05
ISIC_0024744,1,1.011965e-08,1.0,3.860199e-09,2.2584933e-10,1.3098467e-09,4.1189473e-08,3.3884703e-08
ISIC_0026773,1,3.173686e-08,1.0,3.7871734e-10,3.4899208e-09,3.2344542e-12,2.3730758e-08,1.3810489e-08
ISIC_0025551,1,2.4798233e-06,0.99999297,1.7093345e-07,4.7217802e-07,6.1735186e-08,2.7898823e-08,3.8996172e-06
ISIC_0024663,1,0.00048144354,0.99933916,2.4470676e-08,2.1040885e-05,4.2826815e-11,1.9712834e-06,0.00015624834
ISIC_0027971,1,7.2243447e-09,0.9999964,2.1062732e-09,1.1289331e-08,4.7031818e-07,6.174797e-07,2.5115244e-06
ISIC_0030518,1,3.6216363e-06,0.9999236,5.643588e-06,1.604534e-06,2.865468e-07,2.1063951e-07,6.507905e-05
ISIC_0027579,1,6.304104e-08,0.9999974,2.567659e-07,3.1786694e-08,4.0462575e-07,4.201259e-07,1.3674821e-06
ISIC_0025082,1,0.0005868094,0.9994,2.35011e-08,2.408371e-06,8.321365e-08,2.1761855e-07,1.0436127e-05
ISIC_0031581,1,4.623065e-06,0.99999404,8.417633e-08,1.2272675e-07,3.7005316e-07,4.310804e-07,3.0320055e-07
ISIC_0030262,1,0.01654925,0.9832018,9.098889e-05,5.441943e-07,1.6947795e-06,1.4902316e-06,0.00015417008
ISIC_0030972,1,3.1645297e-05,0.9999255,1.3307718e-07,7.553733e-06,8.319978e-06,9.666322e-06,1.7242422e-05
ISIC_0026448,1,0.00031857338,0.9996662,8.621569e-06,1.6928245e-06,1.6517552e-06,1.4870752e-06,1.857832e-06
ISIC_0030413,1,7.7866025e-07,0.99999714,3.0226477e-08,1.187092e-06,4.678449e-10,8.5011453e-07,3.3553714e-08
ISIC_0026510,1,4.244756e-06,0.9999877,1.0351316e-06,7.2566564e-08,3.5461883e-07,3.1616057e-08,6.5423524e-06
ISIC_0029312,1,3.4424596e-07,0.9999827,9.3475535e-08,4.0829528e-07,1.5596957e-05,2.8428053e-07,6.0630725e-07
ISIC_0030545,1,8.685608e-05,0.9999049,2.2877691e-07,1.272798e-06,7.369425e-07,5.150714e-08,5.9887843e-06
ISIC_0026570,1,1.499678e-07,0.99999964,1.3304689e-08,5.903804e-10,7.54462e-09,1.2132399e-07,8.703077e-08
ISIC_0030657,1,1.831128e-08,0.99997675,5.875031e-08,3.9571717e-08,4.458742e-08,2.126285e-05,1.8976747e-06
ISIC_0026832,1,9.220194e-05,0.9805846,7.1405366e-06,0.018397117,3.3090797e-07,0.000110169145,0.0008084555
ISIC_0026884,1,4.0483258e-07,0.9998981,6.7665795e-08,5.190292e-05,9.566074e-09,1.775951e-06,4.7775782e-05
ISIC_0029772,1,7.686855e-09,0.9999999,5.2547905e-10,3.4522845e-08,9.832861e-12,7.203428e-09,1.3439377e-07
ISIC_0028561,1,1.3099532e-06,0.99980897,3.8134502e-07,1.7106278e-05,3.0085666e-06,5.709278e-06,0.00016343649
ISIC_0024619,1,1.2492107e-05,0.99997365,1.9404376e-06,1.4096037e-06,1.2613574e-06,2.7952242e-06,6.536541e-06
ISIC_0027723,1,1.9021176e-06,0.99999785,4.5660286e-08,3.4181915e-09,9.720666e-10,3.2021905e-08,2.1733048e-07
ISIC_0025164,1,1.2389638e-05,0.9999567,2.2370136e-06,3.5517357e-06,7.803497e-07,8.1247335e-06,1.6207408e-05
ISIC_0031532,1,1.7029478e-08,0.99999905,2.207255e-10,7.033378e-08,1.6561101e-08,3.694848e-07,4.1737826e-07
ISIC_0031434,1,2.5337913e-05,0.9997743,1.7393597e-05,2.368382e-05,8.446333e-05,2.6664775e-05,4.8134938e-05
ISIC_0024807,1,1.5121799e-07,0.99999976,1.5869128e-10,6.644505e-09,2.8066763e-08,2.4968703e-09,1.6971472e-09
ISIC_0028083,1,0.0018693905,0.9971233,8.582224e-05,9.065024e-05,0.00074190105,1.1535737e-05,7.7363096e-05
ISIC_0024395,1,2.7084403e-07,0.9999995,8.960632e-10,2.4434216e-08,1.1265876e-08,1.3365373e-08,1.393998e-07
ISIC_0026170,1,8.528554e-06,0.99975854,1.6640612e-07,9.526778e-07,7.3909064e-08,9.757221e-05,0.00013418432
ISIC_0031055,1,6.515041e-06,0.98473084,0.00024569986,5.782563e-06,2.112027e-07,0.011294765,0.003716225
ISIC_0031273,1,2.4193105e-05,0.9999678,8.378293e-09,6.3746535e-07,7.433772e-07,9.881621e-07,5.690891e-06
ISIC_0029748,1,8.050213e-07,0.9999944,6.725403e-07,3.1054367e-07,9.231269e-09,2.9045498e-06,9.505028e-07
ISIC_0031490,1,4.4191183e-06,0.9999908,2.683273e-07,2.5210131e-06,7.5346384e-07,1.7985844e-08,1.2564135e-06
ISIC_0027477,1,2.4081862e-06,0.99998784,2.0773179e-09,6.114461e-06,1.3122244e-08,3.3050853e-06,3.0855665e-07
ISIC_0028771,1,2.8146108e-06,0.99835986,1.3119625e-06,2.9603012e-05,0.0015001305,2.933005e-06,0.000103227554
ISIC_0029087,1,0.07282052,0.92646223,4.6883924e-05,0.0001585615,8.116719e-06,4.4456252e-07,0.0005031919
ISIC_0025162,1,4.917468e-05,0.99990165,2.8068737e-07,1.7658957e-07,4.8758135e-05,2.1318236e-08,8.848908e-09
ISIC_0026407,1,4.0531054e-06,0.99999213,6.765229e-08,1.5241399e-06,6.657235e-07,1.9103335e-07,1.3137177e-06
ISIC_0031165,1,1.858098e-09,0.9999672,1.428515e-08,2.1735936e-08,1.7143375e-06,3.0809188e-05,2.5652614e-07
ISIC_0027994,1,1.570167e-07,0.999987,3.7615555e-07,2.955406e-07,9.828302e-06,9.037463e-07,1.4328673e-06
ISIC_0029844,1,3.4091187e-05,0.9998652,6.5712506e-08,3.2489372e-06,9.4453586e-05,1.7212147e-06,1.3389616e-06
ISIC_0027941,1,6.3042893e-07,0.9999976,4.247507e-08,1.0159215e-06,3.6015427e-07,2.3254938e-08,2.2963141e-07
ISIC_0027936,1,1.5083764e-05,0.9999808,9.290155e-09,2.8841812e-06,1.8633902e-07,6.9626986e-07,3.4849518e-07
ISIC_0027230,1,7.6910176e-08,0.99550027,5.2332445e-07,0.0043685455,7.602072e-05,4.2219635e-05,1.2243278e-05
ISIC_0031144,1,2.5221482e-06,0.9999012,1.5977663e-07,4.447937e-06,7.159237e-07,2.1626881e-06,8.880854e-05
ISIC_0028535,1,3.9265426e-05,0.9998752,8.196809e-05,6.229461e-07,6.384777e-07,1.4501622e-06,9.00519e-07
ISIC_0024574,1,4.777081e-10,0.99999964,5.6955973e-09,2.702991e-09,5.0737053e-10,2.5145736e-08,3.1768175e-07
ISIC_0025965,1,4.0055372e-07,0.9999392,1.7836579e-05,1.3779683e-06,1.307911e-07,4.5479413e-07,4.0517985e-05
ISIC_0026322,1,8.9726145e-06,0.9996458,5.9814e-08,4.558836e-06,0.00034011443,9.532961e-08,3.3793413e-07
ISIC_0029226,1,0.000110910834,0.9998578,4.5163702e-07,4.347029e-06,1.8456918e-05,4.1982557e-06,3.9113056e-06
ISIC_0025614,1,8.996685e-07,0.99999464,4.438428e-10,8.173965e-08,3.6839416e-09,6.794329e-08,4.167697e-06
ISIC_0025404,1,0.40384802,0.59595853,6.721809e-07,1.3696446e-05,1.9043972e-06,8.734978e-07,0.00017628372
ISIC_0025854,1,7.355405e-10,0.99992466,1.3783963e-10,1.9879984e-07,6.648966e-08,7.4456555e-05,5.228261e-07
ISIC_0025296,1,0.0066773305,0.99317604,1.765864e-07,5.456566e-07,8.4491425e-05,9.474781e-07,6.0488375e-05
ISIC_0030037,1,0.0014403076,0.99313813,2.7569877e-05,0.00018055842,0.00090844254,1.3438252e-05,0.004291482
ISIC_0025549,1,6.855687e-05,0.99993014,1.16861344e-07,7.4877295e-07,4.1249805e-08,4.7782756e-08,4.4063074e-07
ISIC_0032239,1,0.07032587,0.9295139,0.00010338362,4.9317827e-05,1.7999403e-07,8.73518e-07,6.466981e-06
ISIC_0028143,1,3.0117757e-08,0.99999666,2.6213468e-06,2.0400627e-08,9.661948e-10,1.6168671e-07,6.203112e-07
ISIC_0031969,1,0.011516596,0.9882109,4.7848494e-05,0.0001360076,4.667396e-06,3.9931188e-06,7.997983e-05
ISIC_0028383,1,5.4455277e-06,0.999962,3.8447592e-06,2.7409043e-05,4.056598e-08,9.916531e-07,3.5005448e-07
ISIC_0024362,1,1.5735131e-07,0.99999666,8.358873e-08,1.7056246e-09,1.4591639e-11,3.153095e-06,1.1542425e-08
ISIC_0031535,1,0.00027794935,0.99971634,1.1465389e-08,2.2187277e-07,3.5244078e-08,2.550564e-07,5.1585075e-06
ISIC_0028902,1,1.53538e-05,0.99991786,1.1536421e-06,2.2783875e-06,5.67255e-05,9.7665264e-08,6.524058e-06
ISIC_0026244,1,0.00021181705,0.99969554,1.6449998e-06,2.24816e-05,3.4465877e-05,2.914582e-06,3.115322e-05
ISIC_0027153,1,0.00064641424,0.99923015,2.0334837e-06,1.43953275e-05,1.1599172e-05,4.1606763e-06,9.121237e-05
ISIC_0030513,1,9.342268e-08,0.9999683,6.3923935e-08,1.5114902e-06,2.6693028e-09,5.7997786e-06,2.4180912e-05
ISIC_0030684,1,6.9219077e-06,0.99970263,3.6402945e-08,2.1481671e-06,7.6093835e-05,3.3453375e-07,0.00021174079
ISIC_0026701,1,1.8907299e-06,0.9999974,6.8161575e-07,7.420512e-09,2.9267582e-08,5.56643e-08,6.200227e-08
ISIC_0032413,1,2.7658493e-06,0.99987566,9.9764845e-09,1.8010274e-08,3.403198e-08,0.000119485834,2.0267196e-06
ISIC_0027589,1,2.113697e-06,0.99971765,3.6788533e-05,5.2646533e-06,2.4141598e-06,7.3391806e-07,0.00023503327
ISIC_0032180,1,3.9386396e-08,0.9999994,1.1173275e-09,5.064566e-07,3.5509877e-09,4.1652606e-10,2.1015817e-08
ISIC_0024660,1,0.00045407185,0.999519,2.634949e-06,5.703952e-07,9.833764e-07,2.0698832e-05,2.0475943e-06
ISIC_0027857,1,4.368765e-07,0.99999857,7.355352e-08,5.9979624e-07,4.618637e-09,1.8104384e-08,2.7279756e-07
ISIC_0029906,1,2.3970686e-05,0.9999758,1.8321279e-09,5.186113e-09,2.8608826e-09,2.5062912e-09,1.9817247e-07
ISIC_0024820,1,1.9906052e-05,0.99997616,2.764774e-08,5.1540815e-07,3.7041104e-08,2.2316502e-07,3.1709542e-06
ISIC_0025649,1,1.5680205e-07,0.999998,9.8699475e-09,1.8451981e-08,2.9438358e-08,1.7362639e-06,1.6313907e-08
ISIC_0031296,1,1.3800872e-08,0.9999461,3.3009107e-07,3.0625156e-07,1.3892488e-08,4.8126276e-05,4.985674e-06
ISIC_0025137,1,0.000115720315,0.9998822,1.4753569e-10,2.7094051e-08,2.0595787e-09,3.107676e-08,2.0620328e-06
ISIC_0027148,1,8.694428e-07,0.99999094,3.8054006e-06,1.630381e-06,1.2516804e-07,1.4495758e-07,2.4226274e-06
ISIC_0027534,1,3.737847e-07,0.99997747,9.360341e-10,3.767303e-07,1.5588954e-08,4.856716e-06,1.6872302e-05
ISIC_0027259,1,2.1621167e-05,0.9999378,3.1557366e-08,1.0356191e-06,6.4269153e-07,2.4532634e-05,1.4295925e-05
ISIC_0029377,1,1.1478621e-06,0.99999726,2.8921826e-10,7.836905e-07,5.350011e-07,4.0664016e-08,1.9843732e-07
ISIC_0031089,1,2.7974525e-05,0.99991465,2.1142051e-07,8.98629e-06,1.0021067e-07,3.466111e-07,4.775867e-05
ISIC_0026505,1,7.2293565e-06,0.9999913,7.483108e-08,2.6587404e-08,3.0962505e-07,1.335344e-08,1.0310073e-06
ISIC_0031230,1,0.00019799778,0.99966466,1.4123353e-06,1.4332061e-06,0.00012151173,2.9552155e-06,9.976031e-06
ISIC_0031373,1,2.9604578e-08,0.9999999,6.663635e-08,1.3844292e-09,1.6950445e-09,1.840094e-09,7.883389e-08
ISIC_0025430,1,1.1764435e-07,0.9999056,7.121323e-08,4.163832e-05,2.062372e-06,3.1425156e-05,1.905825e-05
ISIC_0026977,1,5.1471517e-07,0.9999963,3.5866606e-08,2.5331985e-09,2.6304384e-10,5.431795e-09,3.1740133e-06
ISIC_0027570,1,0.008279015,0.9916965,4.388551e-07,7.518814e-07,7.653791e-07,2.3894765e-06,2.0152838e-05
ISIC_0030837,1,4.172426e-09,0.9999038,2.5003936e-05,3.6813563e-07,6.223607e-05,3.9974866e-06,4.5031743e-06
ISIC_0030947,1,2.680376e-07,0.99999964,4.4350266e-12,5.0425296e-08,6.0059213e-10,1.9751049e-08,4.6170058e-08
ISIC_0030220,1,4.85172e-08,0.9999974,4.582805e-08,1.9746268e-07,6.7137527e-09,1.706582e-06,5.7104654e-07
ISIC_0026653,1,0.00010427892,0.99955326,0.00026111418,4.7597485e-05,3.1014051e-06,1.0516071e-05,2.0161004e-05
ISIC_0029364,1,1.1718478e-06,0.99998784,3.2107496e-07,3.6107263e-06,1.8328772e-07,1.9389481e-06,5.020384e-06
ISIC_0025241,1,1.074812e-06,0.99999,7.571123e-07,2.3511105e-07,6.654945e-06,2.1422483e-07,1.0396384e-06
ISIC_0026699,1,3.5645197e-08,0.99999917,2.585875e-09,2.8345315e-08,5.5027465e-07,1.4942495e-07,1.6936846e-07
ISIC_0025561,1,2.7937062e-07,0.99999464,4.347431e-07,1.3559983e-06,1.9124894e-07,6.775993e-07,2.4851377e-06
ISIC_0025817,1,0.13660365,0.86327153,9.9550685e-05,1.3884589e-06,5.6089796e-08,2.2039928e-06,2.1710206e-05
ISIC_0025361,1,1.0538977e-06,0.99999857,9.69883e-08,3.1723136e-08,3.4280742e-08,1.2123863e-07,1.5034425e-07
ISIC_0024671,1,5.732357e-06,0.9999913,2.4158484e-11,4.664504e-10,2.1944922e-11,3.1285774e-07,2.6179925e-06
ISIC_0032054,1,2.5472298e-06,0.99995553,3.796693e-08,2.9665332e-06,1.3900333e-08,3.875634e-05,1.4659103e-07
ISIC_0031763,1,1.1983393e-09,0.99996626,1.8612076e-12,2.6774156e-12,2.9246108e-10,3.376452e-05,1.875852e-08
ISIC_0030342,1,1.7448679e-07,0.99999785,1.2957028e-09,1.226656e-08,1.8162513e-06,6.8493335e-09,1.2618192e-07
ISIC_0024427,1,1.8561803e-07,0.9999845,4.369668e-08,2.2074945e-08,1.0631077e-05,2.7901597e-06,1.9218796e-06
ISIC_0027247,1,2.670805e-07,0.99998844,4.7364026e-07,3.0448673e-06,6.225751e-06,4.285798e-08,1.4622007e-06
ISIC_0026946,1,2.4082397e-07,0.9999981,6.147769e-08,2.1915907e-08,3.942673e-07,2.4725353e-09,1.2343875e-06
ISIC_0031801,1,0.00049881474,0.9994885,3.409066e-07,3.717674e-08,5.229368e-08,3.162127e-07,1.1976857e-05
ISIC_0031471,1,4.816789e-05,0.99991596,1.3411215e-08,1.986302e-07,4.1865214e-06,1.2190562e-06,3.0179082e-05
ISIC_0031030,1,2.5498732e-09,0.99999976,1.3458525e-07,3.3389438e-10,7.583861e-10,7.0771726e-08,3.2836769e-09
ISIC_0027191,1,2.9080244e-08,0.99979967,1.1853356e-09,8.313406e-09,2.7085662e-12,0.00019762455,2.651668e-06
ISIC_0029595,1,5.866214e-08,0.9999969,1.525119e-07,8.979934e-08,4.301197e-08,9.532279e-10,2.6667851e-06
ISIC_0026536,1,1.9284727e-08,0.99999213,6.833652e-08,2.8322594e-07,1.8376098e-06,4.617328e-06,1.0788069e-06
ISIC_0029419,1,4.6643152e-07,0.99924016,8.268244e-07,3.107234e-07,4.234881e-06,0.00074234453,1.1608472e-05
ISIC_0025754,1,1.8136778e-05,0.9997009,2.1148562e-05,0.00024997655,4.372326e-06,5.8335637e-08,5.4922957e-06
ISIC_0028595,1,5.2314433e-09,0.9999963,2.2047422e-09,8.777017e-07,2.1978137e-06,5.419553e-07,1.6375544e-08
ISIC_0026413,1,4.029052e-07,0.99999523,1.0428826e-09,1.0689612e-06,9.127528e-08,3.0413185e-06,6.416251e-08
ISIC_0028157,1,7.880857e-06,0.9998864,3.0744783e-08,2.1810478e-05,1.7706993e-06,1.3622154e-06,8.074454e-05
ISIC_0026377,1,4.5868996e-06,0.99992824,3.1852088e-07,5.0880277e-05,4.816793e-07,1.5034588e-05,4.2835313e-07
ISIC_0029074,1,1.8726709e-05,0.9999802,3.389399e-08,5.70642e-11,3.5346075e-09,4.368522e-09,1.0144631e-06
ISIC_0029084,1,1.3352539e-09,0.9999757,7.119065e-08,7.500574e-10,4.621117e-11,7.084575e-07,2.3581864e-05
ISIC_0028322,1,2.192503e-08,0.99999845,6.9871004e-07,1.8479771e-07,3.5614406e-07,1.4204745e-07,6.8647225e-08
ISIC_0025200,1,1.6004486e-06,0.99999404,2.6604965e-07,2.1746243e-06,1.5450594e-07,2.931281e-07,1.5914187e-06
ISIC_0027439,1,1.1477455e-06,0.9981255,3.7001817e-07,0.0009948368,3.7355778e-05,0.00078668125,5.402804e-05
ISIC_0024874,1,3.7372965e-07,0.65741843,0.0023943633,0.00013772624,2.0203208e-06,3.218545e-07,0.34004682
ISIC_0031427,1,5.64143e-09,0.99999774,1.3525495e-07,2.4115618e-09,6.273391e-07,1.4542346e-06,1.0753939e-07
ISIC_0029684,1,4.5386417e-07,0.9999695,1.4222538e-05,7.782598e-06,8.736893e-08,1.8282828e-06,6.2659574e-06
ISIC_0028896,1,4.6404907e-06,0.99999034,1.4788695e-06,4.7061053e-07,1.8986525e-06,1.0923088e-06,1.06038094e-07
ISIC_0029057,1,1.5037883e-06,0.99988365,1.6472515e-06,5.7821427e-07,9.300007e-05,1.5538506e-05,4.0837886e-06
ISIC_0024414,1,0.00040118664,0.99952257,4.4128865e-07,1.4017039e-06,4.7404177e-05,3.994206e-06,2.2940767e-05
ISIC_0025560,1,1.4683651e-05,0.9998566,1.5320258e-05,2.2478862e-06,1.6119839e-05,1.7643728e-06,9.3159906e-05
ISIC_0028248,1,1.0217554e-05,0.9999678,1.8712239e-08,9.662218e-07,3.1710758e-06,4.516346e-09,1.7810844e-05
ISIC_0028997,1,2.278608e-08,0.9984871,4.1087662e-07,0.00082956126,8.26469e-06,0.00034026688,0.00033435636
ISIC_0028991,1,3.441808e-05,0.99996316,2.5800983e-08,1.1468081e-09,1.7309592e-06,5.8521916e-08,6.9207044e-07
ISIC_0026999,1,2.303675e-05,0.99995255,5.9134124e-09,1.9963498e-08,3.996938e-08,2.2073664e-05,2.2715562e-06
ISIC_0029762,1,0.00071643014,0.9961888,1.6417594e-06,0.0028144533,2.223994e-08,5.9547942e-06,0.00027268706
ISIC_0027434,1,0.00029109433,0.9997003,1.9326014e-07,6.061608e-07,1.021198e-06,4.476896e-07,6.3012217e-06
ISIC_0031467,1,3.7933412e-05,0.99995875,1.1414446e-07,1.3521422e-07,1.02188544e-07,3.1133942e-07,2.6740815e-06
ISIC_0030884,1,1.270335e-05,0.9999825,5.353392e-07,4.3401887e-08,3.16174e-06,6.444636e-08,9.792885e-07
ISIC_0029483,1,0.0001180418,0.99988174,1.7171595e-09,1.2977263e-09,4.4703846e-08,3.5307948e-10,1.3914963e-07
ISIC_0024779,1,5.157609e-06,0.9999856,5.8075326e-08,1.4362636e-06,2.0578322e-07,5.715724e-06,1.9003572e-06
ISIC_0025629,1,8.840719e-06,0.9999907,2.2537797e-08,2.8038405e-09,1.3937318e-09,9.228581e-08,2.639406e-07
ISIC_0029723,1,0.0040421006,0.9921142,1.3757631e-05,0.0007646672,2.5848354e-07,1.1401344e-05,0.0030537678
ISIC_0027376,1,7.845301e-08,0.999193,1.1901362e-08,2.3136137e-05,2.9884817e-09,0.00078008074,3.6762829e-06
ISIC_0024500,1,5.2685586e-08,0.99999106,1.4703481e-10,1.0150218e-08,1.4311057e-10,3.3434237e-08,8.877735e-06
ISIC_0029090,1,2.424725e-09,0.99999964,2.48908e-10,5.581335e-09,5.228678e-09,1.5988604e-08,3.8031536e-07
ISIC_0025071,1,2.2611682e-07,0.99999964,6.385056e-10,1.3251277e-08,5.543567e-08,2.2281288e-08,3.8362714e-08
ISIC_0029866,1,5.014159e-08,0.9999975,5.497221e-10,7.9769585e-10,1.0408963e-08,4.088224e-08,2.4379124e-06
ISIC_0026638,1,1.4920039e-08,0.99998534,1.21499575e-08,5.98701e-10,1.4416927e-09,1.4513272e-05,5.413081e-08
ISIC_0028249,1,3.3280458e-06,0.9969068,8.244163e-07,1.7078923e-05,5.3063673e-06,4.460545e-06,0.0030621397
ISIC_0027173,1,2.1685878e-08,1.0,6.0235217e-10,1.98344e-09,1.6382869e-10,2.4759297e-08,5.0928297e-09
ISIC_0024648,1,3.3365325e-06,0.9999962,1.2500242e-09,1.7965465e-09,1.0156506e-08,1.474627e-07,3.1089473e-07
ISIC_0028839,1,3.9523184e-07,0.9999982,6.8261343e-09,3.4900942e-09,8.238256e-09,7.020074e-09,1.4156793e-06
ISIC_0025258,1,1.2334557e-06,0.9999962,9.274529e-08,7.96803e-08,6.47473e-07,1.1535487e-06,5.6533463e-07
ISIC_0030510,1,3.030912e-08,0.9999963,1.2401287e-07,6.024368e-08,2.6100308e-06,2.2739694e-07,5.5033445e-07
ISIC_0028954,1,5.8528927e-05,0.9999403,2.8108005e-08,2.3110784e-08,2.1245413e-07,5.22932e-07,5.110088e-07
ISIC_0028492,1,7.533433e-07,0.999764,1.0025451e-06,2.3004864e-08,5.5055175e-06,1.8173337e-08,0.00022866715
ISIC_0028409,1,1.387463e-06,0.99999774,1.3378492e-07,8.856412e-09,6.7486576e-07,3.4576413e-08,3.2030513e-08
ISIC_0030799,1,3.090491e-05,0.99994886,3.6805442e-08,1.0057506e-07,5.5271096e-07,1.0130802e-07,1.9437075e-05
ISIC_0028363,1,2.4733052e-07,0.9999889,2.1287587e-08,9.933964e-06,5.591571e-08,4.6063724e-07,4.200222e-07
ISIC_0024659,1,6.7366805e-08,0.9999443,6.898232e-10,2.9654744e-05,4.3036666e-06,1.7098793e-05,4.563647e-06
ISIC_0024735,1,8.864445e-10,0.9999989,2.3868036e-09,5.9264266e-08,2.058905e-08,9.1803383e-07,1.0005258e-07
ISIC_0032237,1,1.1671899e-09,0.99999976,1.0571078e-10,2.678379e-08,4.844653e-10,1.4055804e-07,6.929097e-08
ISIC_0028516,1,0.001802659,0.99813396,5.645612e-05,2.8989664e-06,5.2950984e-08,3.0097007e-07,3.6746458e-06
ISIC_0025733,1,6.65278e-07,0.9999988,2.140023e-09,1.4699147e-07,2.562886e-08,1.2148361e-08,3.5142276e-07
ISIC_0028407,1,4.9682335e-06,0.9999924,2.1213568e-08,2.1843513e-07,4.2273018e-07,3.3438045e-08,1.9948898e-06
ISIC_0025174,1,1.0772251e-06,0.99999726,1.1570552e-09,3.547435e-08,4.8531517e-09,4.2006317e-08,1.6365368e-06
ISIC_0025348,1,1.04853584e-07,0.999995,1.7500784e-06,5.084249e-07,1.8805113e-06,7.016347e-08,7.137493e-07
ISIC_0024956,1,0.004317656,0.9951552,0.00021509622,7.3068644e-05,3.672027e-05,2.2368995e-05,0.00017987135
ISIC_0028483,1,3.891041e-08,0.99992,2.368489e-06,5.732821e-05,2.0102036e-05,3.082115e-08,1.6767487e-07
ISIC_0031739,1,1.0099878e-06,0.9999964,4.3511508e-07,1.7239295e-06,3.2803374e-08,5.113683e-08,4.6357755e-07
ISIC_0027028,1,6.918796e-07,0.9999907,5.747659e-08,1.9223414e-07,8.487165e-09,1.3345547e-07,8.178956e-06
ISIC_0031227,1,0.0001692212,0.99982786,3.9113357e-09,1.6767373e-06,7.188345e-08,8.372065e-07,2.799996e-07
ISIC_0030398,1,1.5596238e-07,0.99999976,1.1329738e-10,2.100514e-10,2.1414307e-08,4.0000174e-08,2.1276207e-08
ISIC_0028074,1,1.0767807e-07,0.999997,5.205449e-09,2.7573708e-07,6.3453673e-09,1.7439722e-06,8.1592765e-07
ISIC_0027380,1,0.0064202873,0.99357647,8.251231e-10,7.433712e-07,3.2200864e-10,6.619885e-08,2.4117567e-06
ISIC_0032171,1,3.251099e-06,0.9999372,2.272962e-10,1.1496237e-08,5.115111e-10,1.7810579e-06,5.7735975e-05
ISIC_0027372,1,0.018147413,0.9793426,4.5783104e-06,0.00174176,9.427932e-05,3.1651074e-05,0.0006377241
ISIC_0026058,1,2.4218281e-05,0.9999732,6.239966e-07,5.3914587e-08,4.505448e-07,7.5063555e-09,1.4761727e-06
ISIC_0028942,1,4.1318508e-08,0.99999785,1.7781634e-10,2.4636389e-08,1.6854953e-07,4.2991133e-10,1.894037e-06
ISIC_0026228,1,6.771957e-05,0.99992895,1.3231639e-06,1.7423083e-07,2.6886358e-08,8.5996356e-07,1.0186086e-06
ISIC_0029047,1,1.42202365e-08,0.99994266,3.327717e-06,3.903506e-08,5.7158817e-10,4.7710293e-09,5.3964723e-05
ISIC_0030494,1,1.9597915e-06,0.9999962,3.718849e-10,4.4980364e-08,2.4895527e-07,1.2295963e-06,3.697421e-07
ISIC_0030527,1,8.8236725e-08,0.99999964,4.235793e-08,4.4839094e-08,6.885633e-08,3.5655955e-08,1.3542547e-07
ISIC_0029205,1,5.301666e-06,0.9999782,1.3356406e-07,5.3256148e-08,1.0432076e-06,2.4153448e-07,1.5144811e-05
ISIC_0026338,1,4.0295504e-08,0.9999993,1.1617517e-10,3.7434986e-10,2.0218106e-07,2.8202746e-07,2.8861479e-07
ISIC_0032298,1,4.4567113e-08,0.9999999,2.581769e-11,2.8276514e-10,1.9275771e-10,7.104939e-08,2.8403226e-09
ISIC_0026387,1,7.032817e-07,0.9999989,2.8772342e-09,3.7645718e-09,3.4688025e-08,1.4959946e-07,2.7235185e-07
ISIC_0028895,1,5.142489e-09,0.9998503,9.564536e-06,5.3331366e-08,9.479693e-08,0.00013992286,1.5476435e-07
ISIC_0029175,1,7.27181e-06,0.99998045,1.273935e-06,6.346767e-06,1.8669346e-07,8.663348e-07,3.6234385e-06
ISIC_0027879,1,1.0983445e-09,0.9999976,6.0433623e-09,8.481001e-11,5.0185744e-10,2.3143455e-06,8.940053e-08
ISIC_0024536,1,5.3479372e-08,0.99999917,1.4972579e-07,8.24171e-08,2.2323124e-07,2.3857874e-07,8.1701366e-08
ISIC_0029478,1,8.409989e-08,0.99999726,1.3687821e-09,3.2972707e-08,6.824465e-08,1.0396624e-07,2.4679057e-06
ISIC_0028398,1,7.1304435e-06,0.99995804,2.89847e-06,3.7942596e-06,2.7558017e-05,2.7964868e-08,5.1860803e-07
ISIC_0031551,1,5.3914766e-09,0.9999999,9.616447e-12,1.0125343e-12,6.8934654e-12,9.562401e-08,2.9768485e-09
ISIC_0030924,1,1.694743e-06,0.9992742,9.810155e-06,0.00024636366,0.00038467074,1.047952e-05,7.279149e-05
ISIC_0024645,1,1.0063916e-05,0.9999889,2.8892954e-11,1.8140554e-10,3.7251333e-10,6.293589e-07,4.0357256e-07
ISIC_0032064,1,1.7148809e-08,0.99999905,4.0000887e-09,3.6048637e-09,1.9788687e-10,3.7915175e-08,8.920788e-07
ISIC_0028691,1,2.3700825e-07,0.9999981,5.283933e-08,2.7211329e-09,4.1221657e-10,1.5424239e-06,8.75738e-08
ISIC_0027508,1,5.732978e-07,0.9999962,3.276502e-09,4.8040744e-10,4.6043063e-09,1.276473e-07,3.168149e-06
ISIC_0027603,1,0.006838535,0.9931306,8.068459e-07,2.3925031e-06,3.2867124e-08,2.3236367e-05,4.4744756e-06
ISIC_0028824,1,1.2834346e-07,0.9999114,8.307814e-05,1.4462183e-09,2.5768998e-07,4.621991e-06,5.0560897e-07
ISIC_0028541,1,2.371278e-08,0.9999993,6.537731e-10,6.983545e-08,1.891497e-11,2.5662183e-08,5.8941686e-07
ISIC_0029433,1,3.5551282e-05,0.999962,5.6478386e-09,7.9065876e-10,5.1821947e-09,2.241232e-08,2.4150559e-06
ISIC_0028470,1,1.9243982e-05,0.99996996,4.0412296e-09,9.054977e-07,1.9228371e-07,2.257531e-07,9.384843e-06
ISIC_0029922,1,1.4100746e-07,0.9999906,2.6760208e-08,6.274525e-07,2.5324525e-07,7.679688e-06,7.173862e-07
ISIC_0030252,1,2.3209616e-06,0.999997,1.3060334e-09,3.9901343e-10,1.7674776e-09,4.209716e-09,7.144856e-07
ISIC_0025204,1,6.6131776e-08,0.99999964,1.7515714e-09,7.920879e-10,3.0910204e-08,1.5488087e-08,2.3792354e-07
ISIC_0028000,1,0.00020353668,0.99624,8.7607335e-09,0.0035186957,2.327415e-09,4.869549e-07,3.727828e-05
ISIC_0028506,1,1.5323132e-05,0.99997747,5.698786e-07,4.679769e-07,1.7877555e-07,8.920455e-08,5.887767e-06
ISIC_0028256,1,1.829545e-07,0.998304,5.7776566e-07,4.8184073e-05,0.00086723774,0.0007777347,2.0382456e-06
ISIC_0024844,1,5.69707e-07,0.9983388,3.0406522e-07,2.626139e-06,0.0015544314,5.597252e-05,4.7305522e-05
ISIC_0031493,1,8.492326e-06,0.9998971,2.1082288e-07,3.719343e-06,3.3790545e-06,8.345966e-08,8.698481e-05
ISIC_0032473,1,6.9155685e-06,0.99971825,9.886941e-07,7.736628e-07,1.6900081e-07,0.0002682671,4.626522e-06
ISIC_0025624,1,1.2564417e-09,0.9999995,2.3179953e-07,2.8036673e-09,2.2356346e-07,1.9791226e-10,1.9145707e-08
ISIC_0025882,1,2.4106846e-05,0.9999733,1.5698034e-06,8.852147e-08,3.7499888e-07,2.3025848e-07,2.7464299e-07
ISIC_0031979,1,0.00017122904,0.99982625,2.6668343e-07,1.2426717e-06,1.8173255e-08,9.262841e-08,8.930839e-07
ISIC_0029738,1,7.065931e-06,0.9999455,9.168461e-08,1.6770786e-06,8.493442e-08,2.2825282e-06,4.3331984e-05
ISIC_0031627,1,2.8609022e-09,0.9999999,3.0602715e-11,8.4840295e-11,6.713955e-11,8.0156035e-08,4.8138013e-08
ISIC_0030304,1,9.225516e-05,0.9998011,2.6749963e-06,2.7881624e-05,1.0207497e-08,7.032339e-05,5.8114974e-06
ISIC_0030982,1,4.0802843e-05,0.999944,3.2629912e-09,8.360391e-07,2.8188315e-12,2.6530827e-06,1.1767389e-05
ISIC_0027059,1,5.660906e-06,0.9998128,2.137129e-05,2.0735504e-05,5.108954e-07,1.396725e-05,0.00012500971
ISIC_0027483,1,0.00029087687,0.999673,3.378083e-07,2.575795e-08,3.0634446e-08,2.3778325e-07,3.552823e-05
ISIC_0032160,1,3.378093e-05,0.9996997,4.2226162e-05,0.000112000984,3.3849035e-05,7.99142e-07,7.761418e-05
ISIC_0032178,1,0.00010862105,0.9996101,2.7583235e-07,0.00022262652,6.859956e-06,5.089427e-05,7.108821e-07
ISIC_0025845,1,3.8699152e-08,0.9999995,1.4181038e-08,3.5065533e-09,9.925963e-08,3.13741e-08,3.3778426e-07
ISIC_0031444,1,4.787356e-07,0.9985275,2.850227e-07,0.0014266294,6.882542e-08,4.389448e-05,1.0162454e-06
ISIC_0032452,1,8.985634e-08,0.9997389,9.8891014e-08,0.00021745861,4.2362863e-05,2.0602717e-07,7.9308194e-07
ISIC_0029754,1,5.0267147e-07,0.99999833,3.3615362e-09,2.696845e-08,5.0243777e-08,9.901522e-08,1.0233172e-06
ISIC_0028176,1,3.8407872e-08,0.9999993,7.4332758e-09,2.4105734e-08,6.7985955e-09,2.9044238e-09,6.659836e-07
ISIC_0028416,1,5.5319197e-06,0.99993134,3.0699717e-05,2.3340945e-07,6.098633e-09,2.9812956e-05,2.3905004e-06
ISIC_0024499,1,1.1368247e-06,0.9999424,8.996755e-09,4.3376127e-07,3.9461815e-05,1.4388851e-07,1.6412365e-05
ISIC_0028181,1,4.825739e-07,0.99998903,1.2412063e-08,4.2320514e-07,1.6198994e-06,4.2058605e-06,4.164273e-06
ISIC_0026196,1,6.7040755e-06,0.99998486,3.7318564e-08,1.7552227e-07,4.5037694e-07,3.2292567e-07,7.463539e-06
ISIC_0030084,1,0.0051534115,0.9946306,6.428836e-06,0.00013679262,5.767816e-07,1.9067241e-07,7.194159e-05
ISIC_0029428,1,3.9966467e-06,0.9999932,1.0304932e-08,8.4694625e-09,1.2699834e-06,8.676965e-08,1.4065749e-06
ISIC_0031324,1,3.1021445e-06,0.9999938,1.0294251e-08,1.997171e-08,2.9334654e-08,3.3530363e-09,3.1077116e-06
ISIC_0026356,1,1.102261e-05,0.99998164,2.349942e-06,3.305676e-08,1.28162325e-08,6.6961907e-09,5.03035e-06
ISIC_0027555,1,0.00019200359,0.99980575,3.2515538e-07,1.6709718e-07,1.0981281e-06,4.0159968e-08,7.3345365e-07
ISIC_0025423,1,5.6402332e-05,0.9996214,1.0858731e-05,1.4793175e-05,7.798166e-05,1.0448152e-06,0.00021748822
ISIC_0027746,1,1.1524234e-06,0.99984884,2.6987766e-07,3.5498746e-05,1.8953693e-05,4.388835e-05,5.1424333e-05
ISIC_0031179,1,0.00084604236,0.9990663,3.0727037e-06,1.641385e-07,7.160289e-07,4.483186e-08,8.374876e-05
ISIC_0029648,1,7.5523726e-10,0.99999714,3.9561416e-09,1.47095065e-08,1.4097485e-06,3.0060852e-07,1.0587324e-06
ISIC_0032127,1,1.1557564e-07,0.9964361,4.0778414e-07,0.0006423518,0.0029050007,3.7789562e-06,1.2142212e-05
ISIC_0024622,1,4.757187e-08,0.9999968,4.042311e-08,2.6650634e-06,6.072187e-08,2.5931226e-07,2.3463285e-07
ISIC_0029935,1,1.3986763e-10,0.9999944,9.9465126e-08,1.4652804e-06,1.8547954e-07,2.7309082e-07,3.6518668e-06
ISIC_0031994,1,5.6955516e-05,0.999941,1.72287e-07,7.1897205e-08,3.831045e-08,2.6527826e-07,1.4911953e-06
ISIC_0026509,1,5.6408235e-06,0.9999716,9.4239084e-08,3.6479145e-07,2.0414063e-05,1.4137905e-06,4.416259e-07
ISIC_0032286,1,0.0012347273,0.9987382,1.3076495e-06,3.9840406e-06,1.4834974e-06,1.5852293e-05,4.4924764e-06
ISIC_0024591,1,0.0024334788,0.9975637,1.9279669e-07,5.0637944e-08,7.99418e-09,3.9479752e-07,2.2527547e-06
ISIC_0029228,1,4.62188e-08,0.999979,5.3640092e-09,1.6691716e-07,1.5434921e-08,1.3072117e-06,1.9428357e-05
ISIC_0028274,1,3.318675e-07,0.99990606,2.6805497e-05,3.5378107e-06,5.8697635e-05,8.1962565e-07,3.6914457e-06
ISIC_0031549,1,0.001164414,0.99881446,6.2330565e-07,4.0927484e-06,6.5936642e-06,5.229745e-06,4.636268e-06
ISIC_0025111,1,4.342177e-06,0.9997358,2.9261494e-06,0.00014759727,0.00010533254,4.5843268e-07,3.6261567e-06
ISIC_0024766,1,6.9803804e-08,0.9999999,5.8335827e-12,2.5207834e-08,1.112505e-09,2.9499063e-08,4.276748e-09
ISIC_0027015,1,3.8416317e-08,0.99999976,1.3522297e-09,7.7634404e-10,8.7066304e-08,1.9332417e-08,5.9203305e-08
ISIC_0026463,1,0.0554833,0.94436187,6.001658e-07,3.6229387e-05,1.3829361e-07,3.1359561e-06,0.00011464163
ISIC_0031684,1,4.7777445e-07,0.9999968,1.0133897e-07,1.6145837e-07,8.874903e-07,1.5939005e-06,1.3374881e-07
ISIC_0029709,1,2.2387301e-08,0.999997,2.0804825e-08,1.3399806e-07,2.7856534e-06,2.7925489e-09,7.995897e-08
ISIC_0030419,1,7.494526e-08,0.99999964,8.274327e-10,1.9998958e-09,1.0912194e-10,7.3513206e-08,1.227348e-07
ISIC_0030745,1,0.30102533,0.69888073,1.7274431e-06,8.6776845e-07,1.1825111e-05,1.8583606e-06,7.7685145e-05
ISIC_0031780,1,1.44722e-06,0.99999666,9.555078e-08,2.2001957e-07,3.647115e-07,2.5953165e-07,9.2421783e-07
ISIC_0025110,1,0.00022771624,0.9997396,7.016783e-06,1.6959771e-06,5.0376148e-06,3.3248334e-06,1.5621445e-05
ISIC_0027694,1,0.00080119603,0.9991665,7.898359e-07,1.1719656e-06,1.3388219e-05,6.094201e-07,1.6351452e-05
ISIC_0029616,1,8.312996e-05,0.9999151,2.2575685e-07,6.1078185e-07,4.928811e-07,4.055147e-08,4.7159406e-07
ISIC_0030454,1,1.8047766e-08,0.9999982,4.2071824e-10,3.543431e-10,1.5199517e-11,2.9935123e-07,1.3863487e-06
ISIC_0026899,1,1.1002421e-06,0.9999962,1.9464974e-06,1.886809e-09,5.0163045e-08,3.3516727e-07,3.2088846e-07
ISIC_0027692,1,7.210778e-07,0.9999993,2.9675042e-09,5.2640794e-09,9.293602e-10,1.8207212e-08,1.8090624e-08
ISIC_0025496,1,4.331659e-06,0.9999951,1.2808482e-07,6.5658774e-08,3.7063927e-08,6.1001972e-09,2.4395635e-07
ISIC_0026284,1,5.5418244e-05,0.9999411,2.3189312e-08,2.3727143e-08,1.01951954e-07,1.6183415e-07,3.2669539e-06
ISIC_0028725,1,2.83419e-06,0.9999882,6.43963e-06,2.4470646e-08,5.067328e-08,4.4328644e-07,1.9668475e-06
ISIC_0028469,1,4.108143e-06,0.99101007,3.808375e-08,0.0089225825,5.925951e-08,3.1315503e-05,3.181757e-05
ISIC_0030750,1,4.3972936e-08,0.9999981,2.9061562e-08,3.3091482e-07,6.5456646e-08,9.638853e-08,1.2723646e-06
ISIC_0031516,1,9.2897935e-08,0.9999927,2.421568e-07,2.9470337e-08,1.8374269e-06,1.12482425e-07,5.0373615e-06
ISIC_0030788,1,3.137702e-08,0.99999917,1.5266322e-08,1.3209279e-08,4.227141e-07,3.6386197e-07,3.9029526e-08
ISIC_0028708,1,1.02557784e-07,0.9999702,7.968951e-11,9.166007e-07,1.6577462e-05,1.2197974e-05,2.0789589e-08
ISIC_0029262,1,3.3234762e-06,0.9999912,2.1015312e-09,3.1323133e-08,3.841809e-09,2.888447e-08,5.5457735e-06
ISIC_0027511,1,9.157962e-06,0.9999813,5.4266007e-08,3.9604447e-06,2.9169116e-06,1.0175968e-06,1.5861574e-06
ISIC_0027890,1,4.5357723e-08,0.9999832,5.6883818e-09,3.2119672e-08,3.9575994e-07,1.5993228e-05,4.07853e-07
ISIC_0024354,1,1.106257e-07,0.99996686,1.3368175e-06,2.6836872e-07,3.0971292e-05,2.2825464e-08,4.5079724e-07
ISIC_0028811,1,4.6693305e-07,0.9999989,8.555711e-09,8.136944e-09,3.9942367e-07,5.2803507e-08,1.8071624e-07
ISIC_0027001,1,8.796151e-08,0.9999999,1.4295878e-10,1.0174998e-09,5.2302424e-10,4.177348e-10,5.9024828e-08
ISIC_0032295,1,2.2888435e-06,0.997789,9.880422e-07,0.0006952778,0.00019533784,4.589881e-06,0.0013124929
ISIC_0029969,1,1.0095691e-05,0.99995124,7.762508e-08,3.9386245e-07,1.417646e-06,1.5258816e-05,2.1525953e-05
ISIC_0024810,1,0.000119182674,0.9997528,2.6479645e-05,4.976384e-06,1.6415876e-05,7.185589e-05,8.268563e-06
ISIC_0025552,1,3.5943049e-09,0.99999726,4.6499216e-07,2.4941809e-08,4.0183693e-07,8.648452e-07,1.0206104e-06
ISIC_0024627,1,4.2029365e-05,0.9991542,9.689342e-09,1.6320435e-07,1.6139322e-06,6.8972206e-08,0.00080185087
ISIC_0027586,1,4.987171e-08,0.99999833,1.1626136e-09,1.9130182e-07,3.833207e-09,1.1709976e-06,2.2544452e-07
ISIC_0031683,1,1.4192493e-08,0.99999833,2.836165e-10,1.7100717e-08,1.654464e-08,9.434164e-07,7.403244e-07
ISIC_0028002,1,9.953394e-08,0.99993455,4.4279877e-05,1.950329e-05,1.7628005e-07,5.9044954e-08,1.290777e-06
ISIC_0024530,1,1.7573687e-08,0.999998,6.73097e-11,3.8564164e-07,1.0106947e-06,2.2239387e-08,6.0216007e-07
ISIC_0027906,1,7.922405e-05,0.9998227,7.122196e-05,1.1223856e-06,2.0620348e-05,4.603846e-07,4.745444e-06
ISIC_0025857,1,1.0199532e-05,0.9994061,0.00048109138,4.87289e-05,4.8806436e-05,3.3864453e-06,1.7187598e-06
ISIC_0030648,1,7.449237e-08,0.9999999,3.755084e-11,2.6299135e-08,1.2234568e-09,2.9063832e-08,1.0183546e-08
ISIC_0030489,1,8.997181e-05,0.99990857,3.9740637e-08,2.751981e-07,1.6320145e-07,7.4311735e-08,9.0496127e-07
ISIC_0030879,1,6.3264724e-07,0.9929362,0.00010551219,0.006396895,0.000104214334,7.625177e-06,0.00044896256
ISIC_0030345,1,8.4879964e-10,0.9999995,5.1368183e-08,1.8572652e-09,8.715601e-08,7.655716e-09,3.8322835e-07
ISIC_0024316,1,8.389353e-09,0.99999964,2.825265e-08,7.1762867e-09,2.276421e-08,2.1759884e-07,2.7194833e-08
ISIC_0029629,1,2.9834336e-11,0.9999999,3.3066377e-12,4.9586166e-09,3.006691e-10,6.4795685e-08,1.2445528e-08
ISIC_0024722,1,3.8613875e-06,0.9999926,2.2801423e-06,2.3358162e-09,6.507971e-08,8.045907e-07,3.2247212e-07
ISIC_0031397,1,1.5161382e-05,0.99994457,6.2952796e-07,2.6923344e-06,1.4008627e-06,3.5067493e-05,4.5541117e-07
ISIC_0025848,1,2.896315e-06,0.99999046,7.148029e-08,1.9851149e-07,5.070762e-08,3.7322905e-06,2.530078e-06
ISIC_0031342,1,2.816258e-08,0.9999956,5.822817e-09,2.4835597e-06,8.8651814e-07,3.6088795e-07,6.032265e-07
ISIC_0026898,1,1.7120114e-05,0.9999498,1.749471e-07,1.0894127e-05,6.767304e-08,1.955526e-06,2.0054265e-05
ISIC_0031859,1,4.07283e-05,0.9999541,1.3858645e-08,9.4288e-07,2.4199923e-07,1.4324927e-07,3.835285e-06
ISIC_0027078,1,2.5222182e-06,0.99999654,5.17919e-10,6.285836e-08,3.3593587e-08,1.6005458e-08,7.850536e-07
ISIC_0031066,1,1.1739113e-07,0.99999774,3.2563877e-10,4.6436176e-07,6.949436e-09,1.5261135e-06,1.4106644e-07
ISIC_0027841,1,5.518114e-05,0.9999411,4.712174e-09,6.979744e-08,4.5542783e-09,2.096011e-06,1.4324203e-06
ISIC_0025176,1,9.2086495e-08,0.99999917,1.191798e-07,1.1366491e-07,3.1736896e-08,3.34692e-07,5.873112e-08
ISIC_0027396,1,9.699389e-07,0.99999845,2.8002747e-10,8.271702e-09,3.470352e-10,2.7129043e-09,5.453295e-07
ISIC_0024817,1,2.088152e-09,0.9999999,2.9881804e-09,6.263605e-09,4.5145074e-10,1.0078586e-07,4.330763e-08
ISIC_0030627,1,0.16485769,0.7746211,0.0010593546,0.00024485492,0.000306691,4.8970047e-05,0.058861278
ISIC_0027039,1,1.2245799e-06,0.99998224,2.9291545e-08,6.959223e-07,6.2244624e-07,1.2968131e-08,1.5169128e-05
ISIC_0031109,1,1.4436956e-08,0.9999999,1.5103035e-09,1.2068851e-09,9.732342e-09,7.8127025e-09,5.1823445e-08
ISIC_0030638,1,9.2457435e-07,0.99985313,2.6041576e-08,5.3343905e-05,5.631725e-05,3.4248755e-05,1.9911472e-06
ISIC_0025686,1,7.1720538e-06,0.9999201,5.359199e-05,5.7144016e-06,1.2660242e-05,4.4158207e-07,1.8913747e-07
ISIC_0026598,1,8.965871e-07,0.99977857,2.9587489e-05,3.0737071e-06,0.00016693759,1.0432853e-05,1.0374178e-05
ISIC_0026563,1,6.2755907e-06,0.9993438,7.202633e-08,3.7550642e-06,0.0006220376,9.100425e-06,1.4968192e-05
ISIC_0029151,1,0.0008335076,0.99907184,1.5685073e-07,3.6109298e-06,3.2441804e-08,8.095229e-07,9.0075446e-05
ISIC_0031020,1,1.5781292e-05,0.9996426,4.449423e-07,2.9206398e-05,4.7085216e-09,0.00029110003,2.0827456e-05
ISIC_0031641,1,4.3682116e-06,0.99955577,2.988248e-06,3.0027893e-06,0.00040146543,3.2735745e-06,2.923585e-05
ISIC_0031205,1,0.00074863236,0.9992023,3.496963e-08,1.07645865e-05,6.9117887e-06,1.9852119e-07,3.1163934e-05
ISIC_0028138,1,2.9691232e-06,0.9999776,7.8942497e-10,1.6734664e-05,1.90063e-08,1.2525181e-06,1.4614347e-06
ISIC_0027977,1,0.20276523,0.7964286,1.2385506e-06,0.00047456202,2.0077678e-06,8.002414e-05,0.00024833067
ISIC_0029165,1,0.03243159,0.9623216,0.0008500958,0.0011866329,0.0020532333,0.00030099932,0.00085590116
ISIC_0026193,1,1.778081e-05,0.9999758,7.153138e-07,1.731733e-07,3.2557998e-07,1.5191206e-07,5.1705797e-06
ISIC_0025233,1,0.00052620796,0.9994454,5.2433418e-09,4.8464875e-07,4.9458034e-08,3.080239e-07,2.7532467e-05
ISIC_0027095,1,5.5123286e-07,0.9999919,1.1497513e-10,3.150999e-08,4.095135e-10,7.515008e-08,7.4234986e-06
ISIC_0030030,1,3.104891e-05,0.9979297,0.001055883,5.4955e-06,0.0009724477,4.239033e-07,4.969403e-06
ISIC_0025933,1,0.0003669245,0.9994405,0.00016811064,4.174749e-06,1.0610023e-05,5.8422177e-07,9.128592e-06
ISIC_0032012,1,5.5765624e-05,0.9997955,6.85145e-05,1.1909032e-05,5.1270134e-05,2.8737207e-07,1.6771428e-05
ISIC_0027741,1,1.5196278e-07,0.99999475,4.2258502e-10,1.8000595e-09,4.573002e-09,2.1196915e-06,2.9172902e-06
ISIC_0026306,1,0.00011293281,0.99988544,3.8426876e-08,1.1291783e-06,1.2005587e-07,1.7414834e-07,2.328374e-07
ISIC_0024557,1,1.249533e-07,0.9999981,5.6662786e-09,9.836009e-09,5.052486e-08,4.88315e-08,1.7577813e-06
ISIC_0031717,1,4.6380325e-08,0.9999982,4.7540823e-08,4.5750423e-07,9.733376e-07,9.034474e-08,1.5834719e-07
ISIC_0031487,1,6.964442e-05,0.999923,7.4008044e-10,7.832072e-07,1.087393e-06,4.421069e-06,1.028023e-06
ISIC_0025342,1,6.7575364e-08,0.9997147,3.182229e-06,4.968022e-07,4.915873e-05,7.0620367e-06,0.0002254095
ISIC_0031568,1,1.015924e-05,0.9999882,2.2509514e-08,7.4663365e-07,4.5783486e-07,1.5507234e-07,3.404969e-07
ISIC_0031879,1,2.9765979e-05,0.9999622,3.7891764e-06,1.5835403e-07,1.8432538e-06,1.0438049e-06,1.1984185e-06
ISIC_0027845,1,5.854946e-05,0.9997818,2.1462825e-05,0.000110924506,2.3613372e-06,1.722806e-07,2.4723427e-05
ISIC_0032177,1,9.702717e-08,0.99997187,1.0367276e-06,1.0159022e-06,4.2416172e-08,1.500492e-05,1.0823533e-05
ISIC_0027075,1,4.757816e-07,0.99999404,3.594355e-09,2.0978229e-07,6.523615e-08,6.340392e-08,5.095843e-06
ISIC_0032435,1,0.00019963561,0.9997898,4.965443e-07,6.4456725e-07,1.477103e-06,4.360819e-07,7.5171956e-06
ISIC_0030320,1,1.6828933e-07,0.9999988,1.2032395e-11,1.5091617e-09,4.651434e-10,9.892168e-07,1.677918e-08
ISIC_0024325,1,1.401734e-06,0.99999785,1.275656e-09,4.0353054e-08,5.137405e-07,2.0946834e-08,2.2092817e-07
ISIC_0031283,1,1.6430668e-06,0.99999404,1.3631917e-07,7.6633484e-08,7.1841976e-07,8.031978e-08,3.209314e-06
ISIC_0029987,1,0.000107670705,0.99987376,1.1384776e-07,4.115585e-08,4.0371737e-09,7.336581e-09,1.8416105e-05
ISIC_0024651,1,5.376211e-07,0.999992,6.720507e-09,9.3893607e-07,5.9267336e-07,6.6067855e-08,5.7578827e-06
ISIC_0030500,1,6.562987e-05,0.99993193,9.061362e-07,2.3708256e-07,4.2178206e-07,3.02865e-07,4.915365e-07
ISIC_0031936,1,3.8672397e-06,0.9999783,2.3970082e-07,4.6965613e-07,4.841427e-06,5.335943e-07,1.1853135e-05
ISIC_0025344,1,2.5778807e-08,0.99999976,6.9965846e-09,8.8339863e-10,3.6660093e-09,1.935112e-08,1.5416639e-07
ISIC_0031047,1,3.2470305e-07,0.9999995,5.97466e-10,1.2281259e-08,6.354362e-08,5.4353017e-10,9.0329706e-08
ISIC_0030040,1,0.00048113207,0.9995073,4.8391144e-08,7.3486376e-07,1.0791923e-06,2.6293742e-07,9.482102e-06
ISIC_0025660,1,1.7281907e-05,0.99997854,1.2333608e-08,2.4687655e-08,1.3343679e-07,2.488324e-07,3.823411e-06
ISIC_0031885,1,1.0423693e-07,0.9999101,2.012915e-09,1.8236703e-07,1.646548e-09,4.5746983e-06,8.4972446e-05
ISIC_0027685,1,0.00016718662,0.99855036,2.3071216e-05,0.0003764116,0.00028888002,3.5073958e-06,0.0005906808
ISIC_0029280,1,0.00018316052,0.9998043,4.1356694e-07,9.300674e-06,9.495222e-07,8.878824e-07,1.0514253e-06
ISIC_0028564,1,2.2428364e-06,0.99996316,2.8347691e-05,5.785998e-06,7.643492e-08,5.4575247e-09,3.234343e-07
ISIC_0029942,1,1.03954735e-05,0.99997056,3.4045403e-08,3.2255943e-07,2.9063492e-07,7.8577735e-08,1.8278046e-05
ISIC_0027787,1,3.1852533e-08,0.99999905,1.0116552e-08,2.055374e-08,5.826784e-08,7.993157e-07,7.1298444e-08
ISIC_0025841,1,0.00018798791,0.9998037,2.9888594e-09,1.2136988e-07,3.302561e-08,7.332756e-06,7.653998e-07
ISIC_0027891,1,6.6880716e-07,0.9999633,2.8637075e-07,5.5962954e-07,3.163868e-05,2.0715468e-06,1.5168081e-06
ISIC_0030685,1,1.7315381e-06,0.9999943,2.3724096e-09,3.180095e-07,1.1671686e-08,1.2169485e-07,3.5322466e-06
ISIC_0027329,1,2.3396245e-07,0.99999845,2.4656417e-09,3.3407568e-09,8.9236916e-11,3.8036168e-07,9.931241e-07
ISIC_0028199,1,1.8417504e-08,0.9999989,4.864656e-11,2.0204592e-10,9.6138576e-11,2.0567542e-08,1.0813648e-06
ISIC_0030343,1,7.34433e-06,0.9999913,5.5381224e-11,2.1911475e-10,2.268429e-10,1.2536289e-06,3.3991604e-08
ISIC_0025091,1,2.5178656e-08,0.9997936,7.385683e-08,4.8674116e-07,8.8194385e-10,0.0002043753,1.4027339e-06
ISIC_0029977,1,2.748356e-05,0.99997234,4.141673e-11,6.5312605e-10,1.2125526e-10,4.020943e-08,2.1765804e-07
ISIC_0031328,1,6.9284205e-09,0.9999064,1.0707906e-08,1.9133176e-06,1.3275553e-06,8.957881e-05,6.5746093e-07
ISIC_0031737,1,5.547078e-09,0.9999523,4.608683e-05,7.118763e-08,3.7708963e-07,1.3956416e-07,1.0072444e-06
ISIC_0027180,1,4.4269866e-05,0.9999515,3.1513228e-08,1.138892e-07,3.1962222e-07,2.2849877e-06,1.5147332e-06
ISIC_0028162,1,5.683758e-07,0.9999883,2.1788262e-06,3.56536e-07,8.325363e-07,3.6678927e-08,7.792325e-06
ISIC_0030749,1,3.0536046e-06,0.99999654,6.508809e-10,8.940806e-09,1.6464274e-08,2.2494307e-07,1.5162719e-07
ISIC_0032037,1,4.4584546e-08,0.9999981,1.1421532e-06,2.6892255e-09,4.2564483e-07,3.9913832e-08,2.470447e-07
ISIC_0025688,1,3.1176604e-09,0.9999223,1.7933129e-08,1.3705107e-07,4.3390025e-07,1.2039861e-06,7.594988e-05
ISIC_0028802,1,3.7245713e-06,0.9999933,6.569297e-08,2.1848232e-08,6.057149e-09,9.080302e-07,1.956628e-06
ISIC_0026294,1,1.150317e-07,0.999995,5.8853357e-07,3.8747503e-06,1.4304409e-07,1.8462945e-08,2.366974e-07
ISIC_0024992,1,1.2902647e-07,0.9999739,2.8760022e-07,4.029671e-08,3.3785856e-08,9.3669435e-08,2.5488134e-05
ISIC_0024628,1,1.1444723e-09,0.9999995,2.9980045e-09,2.1498543e-10,9.093442e-11,4.943713e-09,5.011934e-07
ISIC_0031768,1,1.0251761e-07,0.9999504,1.3491638e-06,4.412534e-08,1.3829528e-07,2.7869557e-06,4.522453e-05
ISIC_0030097,1,1.182481e-08,0.99994373,3.0702375e-07,4.605161e-06,5.4634233e-07,1.0013592e-05,4.0703333e-05
ISIC_0025880,1,3.5463923e-05,0.9999335,7.5866245e-07,3.9850607e-07,7.319629e-06,9.866239e-06,1.27774e-05
ISIC_0026181,1,1.5206916e-05,0.99990773,2.4175998e-08,2.861164e-08,3.3046865e-07,2.26762e-07,7.646259e-05
ISIC_0032332,1,0.0005695741,0.998779,1.1290686e-06,6.3262173e-06,0.00034535333,4.3182417e-06,0.00029434348
ISIC_0030558,1,0.0037449617,0.9962261,1.8327339e-05,1.0898292e-07,1.8941128e-07,1.564907e-06,8.8433235e-06
ISIC_0026808,1,0.004793281,0.99475217,9.230312e-06,3.7916343e-05,9.802591e-06,1.8875835e-06,0.00039566407
ISIC_0025788,1,4.866282e-05,0.9999362,2.2923453e-08,2.2395657e-06,5.160119e-06,1.6774565e-06,5.9561185e-06
ISIC_0032299,1,6.5367874e-07,0.99988973,2.8190863e-07,7.093032e-05,2.8856667e-07,3.3727594e-07,3.7746075e-05
ISIC_0031605,1,5.3024764e-06,0.99994326,4.7615144e-05,6.1631914e-07,2.1728483e-09,2.8097743e-08,3.2383455e-06
ISIC_0032130,1,9.709598e-07,0.9999938,1.7895927e-09,1.4619087e-06,1.9613076e-09,1.3197335e-06,2.4575959e-06
ISIC_0026521,1,6.4200854e-06,0.999966,1.07397824e-07,3.4563911e-06,7.653565e-08,2.0460355e-05,3.424509e-06
ISIC_0025556,1,1.9424844e-05,0.9999565,4.852961e-06,1.443406e-06,1.0194016e-06,1.5559479e-05,1.171658e-06
ISIC_0030715,1,0.00015584889,0.99983287,5.7456093e-09,9.705315e-07,6.0965704e-08,2.8749346e-06,7.4262616e-06
ISIC_0025995,1,5.6022435e-07,0.99999,5.2025166e-06,6.89349e-08,2.7168908e-06,2.0382531e-07,1.1775827e-06
ISIC_0030720,1,3.3808518e-09,0.99999833,1.5537576e-07,3.9902065e-07,1.7782534e-07,5.5844635e-07,3.5025724e-07
ISIC_0029753,1,4.097353e-06,0.99999535,8.855968e-09,1.345881e-07,4.3831028e-07,1.8285268e-08,4.3722086e-08
ISIC_0028922,1,8.66707e-06,0.99997556,5.283731e-09,1.0130436e-07,1.543941e-07,1.5511478e-05,4.0265967e-08
ISIC_0027286,1,0.0002557583,0.9991246,1.3481858e-06,4.0900915e-07,0.00061548786,3.4505015e-07,2.0649513e-06
ISIC_0026543,1,1.3488109e-07,0.99999833,5.77286e-07,7.6302257e-07,2.1254103e-09,5.806843e-08,2.3535999e-07
ISIC_0031054,1,2.4611228e-07,0.99982625,4.5481956e-05,2.5149113e-05,4.783781e-07,2.5189076e-05,7.729145e-05
ISIC_0027079,1,2.7450637e-06,0.9999958,1.5441977e-07,4.3105734e-07,9.549908e-09,7.62579e-07,4.065915e-08
ISIC_0029946,1,0.0011492383,0.9983247,8.167654e-07,2.9769706e-07,8.6669536e-07,8.923365e-07,0.00052316795
ISIC_0025475,1,6.496664e-08,0.99998355,1.1710326e-10,1.388371e-08,4.6811476e-08,6.6381176e-08,1.6208664e-05
ISIC_0026396,1,0.06566668,0.9343021,6.1312035e-06,1.9222192e-07,2.0812808e-05,2.054801e-06,2.0757811e-06
ISIC_0031393,1,0.00033427394,0.9996575,1.5887143e-07,7.0607257e-07,7.610854e-07,6.9380206e-07,5.8725004e-06
ISIC_0029672,1,4.3975723e-07,0.99999905,3.1172252e-07,3.3824683e-08,3.5222662e-08,2.4403793e-08,1.3041529e-07
ISIC_0025872,1,1.2678259e-08,0.99996674,1.6719582e-07,1.4305621e-08,2.3838245e-05,6.075791e-07,8.610419e-06
ISIC_0030111,1,1.0800948e-05,0.999984,6.18053e-07,2.6299836e-07,3.1050575e-07,3.2276657e-07,3.6939664e-06
ISIC_0024467,1,5.68504e-08,0.99999774,6.504049e-11,5.234735e-07,2.0909137e-09,3.43821e-07,1.4285029e-06
ISIC_0026447,1,6.5497943e-06,0.9745286,6.075178e-07,0.02534554,5.5665718e-05,4.8566482e-05,1.4472632e-05
ISIC_0025151,1,2.1263812e-05,0.9999628,6.439869e-07,2.925467e-07,1.2410222e-08,4.8819995e-08,1.50769765e-05
ISIC_0030735,1,8.3127577e-07,0.99999714,7.971856e-11,1.0114555e-10,2.2294313e-09,2.611985e-08,2.0493358e-06
ISIC_0028097,1,2.2585753e-05,0.9999498,1.4764035e-07,7.6034694e-06,1.7671374e-06,1.4209554e-05,3.8788085e-06
ISIC_0030266,1,6.872925e-07,0.9999362,1.5998808e-07,5.742068e-05,2.5742459e-06,2.6603466e-06,2.935279e-07
ISIC_0028974,1,6.2524023e-06,0.99997056,7.555209e-07,5.190141e-06,4.7457996e-07,1.5296613e-05,1.4732336e-06
ISIC_0026568,1,3.7475227e-09,0.9999993,9.0186795e-08,1.517858e-08,3.8526786e-09,3.9039452e-07,2.7344373e-07
ISIC_0032480,1,0.08469095,0.90593165,5.1696603e-05,0.000109402994,8.381673e-06,0.009151806,5.624504e-05
ISIC_0030724,1,1.6358662e-08,0.99999475,9.92307e-09,2.7528305e-10,2.0381138e-12,4.7535173e-06,4.1094563e-07
ISIC_0027267,1,1.1719512e-06,0.9999875,3.1003946e-08,3.4392897e-07,5.4725064e-07,5.3445256e-06,5.0849067e-06
ISIC_0029064,1,1.82622e-06,0.9999964,9.963999e-07,4.0649326e-08,2.8829415e-08,4.899881e-07,2.3654022e-07
ISIC_0029295,1,4.8726867e-10,1.0,1.723997e-11,4.349432e-11,3.693174e-11,8.462335e-09,2.8913993e-08
ISIC_0025294,1,4.1178173e-05,0.99995387,2.3903992e-06,7.027794e-07,1.2025707e-07,4.774551e-07,1.2388294e-06
ISIC_0026971,1,9.565887e-07,0.99999666,7.705893e-07,2.3941038e-08,5.2811623e-07,2.5377211e-09,1.0433731e-06
ISIC_0032394,1,1.15780895e-05,0.9999865,5.0217132e-08,4.4154655e-07,2.6038295e-08,4.5806817e-07,8.7305824e-07
ISIC_0024852,1,6.854262e-06,0.99947125,1.46768425e-05,0.00044234088,4.5304147e-05,7.4879026e-06,1.19809465e-05
ISIC_0024703,1,1.2713913e-06,0.99999774,2.8957128e-09,5.4188394e-08,2.2090306e-07,1.8025327e-08,8.1157305e-07
ISIC_0030044,1,8.112719e-08,0.9999924,2.6847578e-08,1.2083889e-06,3.8227276e-06,4.8346175e-07,2.0043847e-06
ISIC_0028191,1,6.9924675e-07,0.99999285,1.7031016e-06,4.3292705e-08,5.7435507e-08,3.6769734e-06,9.845803e-07
ISIC_0030298,1,4.5420733e-05,0.9999546,2.3647933e-09,6.014859e-09,1.0330327e-09,2.8343294e-08,4.6384937e-08
ISIC_0029198,1,5.337795e-07,0.99999917,3.5991963e-09,3.7176777e-09,2.1261632e-08,5.1458088e-08,2.8392947e-07
ISIC_0031946,1,1.706644e-06,0.9999802,4.13832e-10,7.829316e-07,5.5572404e-09,1.6332953e-08,1.7203518e-05
ISIC_0026271,1,0.00011856631,0.999876,7.25016e-08,4.586792e-06,4.864926e-09,1.0860797e-08,7.478004e-07
ISIC_0030048,1,2.054028e-07,0.99999964,6.0076714e-11,1.7268202e-07,1.337249e-08,1.3776624e-08,6.6905955e-08
ISIC_0029936,1,5.649179e-07,0.99999607,8.7752244e-07,3.479215e-08,2.1281366e-08,6.806911e-07,1.7381343e-06
ISIC_0027877,1,0.00011786336,0.9998404,2.2918406e-05,4.637464e-06,3.3418363e-08,1.0688375e-06,1.3034711e-05
ISIC_0031626,1,8.211287e-07,0.9999815,1.0422103e-05,1.8287566e-06,7.7194125e-07,4.0103546e-07,4.29472e-06
ISIC_0027445,1,6.547877e-08,0.99999845,3.0108203e-09,1.283927e-09,4.712975e-09,1.4187707e-06,1.1144748e-08
ISIC_0027377,1,6.8045864e-07,0.99999404,2.5509046e-09,4.3392287e-08,5.101678e-08,5.6257596e-07,4.635369e-06
ISIC_0029229,1,7.230734e-08,0.9999987,5.3040444e-10,1.7707029e-09,9.924966e-07,2.7041872e-07,1.902843e-08
ISIC_0025212,1,1.7199507e-05,0.999933,9.4559215e-11,2.9852552e-05,1.8232494e-07,1.928825e-05,4.743929e-07
ISIC_0027404,1,1.7134248e-08,0.9999889,1.2992497e-09,1.897638e-08,7.0999677e-09,9.711556e-06,1.3733504e-06
ISIC_0031760,1,0.00031783074,0.93542427,0.00036274415,0.0002169089,9.631826e-06,0.06346966,0.00019899005
ISIC_0024605,1,2.299445e-08,0.9999349,1.3009502e-07,2.1667188e-06,5.5345537e-09,5.8670783e-05,4.1341846e-06
ISIC_0028664,1,3.5740027e-06,0.99997044,3.8678083e-09,1.7391642e-06,2.03054e-05,2.9261273e-06,9.2855163e-07
ISIC_0028532,1,8.3099536e-08,0.99999976,1.4514704e-08,2.819102e-08,4.0053305e-08,2.1572836e-08,1.3990073e-07
ISIC_0026719,1,3.1136083e-06,0.9995559,9.971093e-08,6.104558e-05,5.8807044e-09,0.00037872774,1.154838e-06
ISIC_0030590,1,1.8161268e-06,0.99972624,1.8959828e-07,0.00025589764,2.5118408e-07,5.0099366e-06,1.06341295e-05
ISIC_0026353,1,8.38981e-07,0.9999987,8.884472e-09,5.366962e-08,2.1771514e-08,1.1671643e-09,4.5942696e-07
ISIC_0029635,1,8.226436e-05,0.99991643,1.0173266e-07,1.8929502e-07,5.608642e-07,1.12573325e-07,2.395201e-07
ISIC_0030548,1,1.0120884e-08,0.99999785,2.9136612e-07,4.0096037e-08,1.6889942e-06,6.6347035e-09,1.2163996e-07
ISIC_0031835,1,0.00026732517,0.9996705,1.5361422e-07,3.109035e-05,2.8849105e-05,4.2262795e-07,1.5930248e-06
ISIC_0026363,1,5.2418013e-08,0.99999774,9.843312e-08,8.8741714e-08,1.5897356e-07,9.358305e-07,8.9943796e-07
ISIC_0029832,1,3.5878006e-06,0.992188,0.0071660415,8.48266e-05,1.1902945e-05,0.0005424888,3.122312e-06
ISIC_0031868,1,7.865293e-10,0.99999726,2.5719546e-09,1.1790444e-08,2.541163e-06,1.4141428e-09,1.8055297e-07
ISIC_0026013,1,2.9213485e-09,0.9999999,2.3589436e-10,8.586136e-10,2.4516585e-11,4.1129727e-08,1.1328979e-07
ISIC_0030934,1,2.976908e-08,0.9999964,1.0176636e-08,7.17494e-08,3.3243506e-09,2.8728596e-07,3.1532713e-06
ISIC_0026799,1,0.00012208955,0.99932015,9.799171e-06,5.737347e-07,0.0005163195,1.8212503e-06,2.9333507e-05
ISIC_0028267,1,0.0005196533,0.99942625,4.4103876e-05,3.3538654e-06,2.4964845e-06,2.1743724e-06,2.0554194e-06
ISIC_0027176,1,5.997163e-06,0.99997544,2.769323e-07,1.238783e-06,6.887108e-08,3.023831e-06,1.4044261e-05
ISIC_0026116,1,4.1273935e-08,0.9999999,2.1990458e-10,2.1364526e-09,2.0527653e-09,3.064423e-08,8.853547e-08
ISIC_0024812,1,1.1269093e-06,0.999995,1.2390039e-09,1.5890876e-08,4.062824e-07,2.2437304e-07,3.2688222e-06
ISIC_0027750,1,4.4853365e-09,0.9999999,3.4716e-11,5.8241945e-10,1.05741235e-10,4.5035873e-09,1.6841089e-07
ISIC_0030832,1,4.5629626e-05,0.9999511,2.1240517e-07,2.3476852e-07,2.2781655e-06,1.3781482e-07,3.4326604e-07
ISIC_0030587,1,0.00013597588,0.9998561,1.0133351e-09,3.3408036e-09,7.289971e-10,7.638864e-06,2.6988837e-07
ISIC_0028844,1,2.1334888e-06,0.99999595,1.2844803e-08,1.0641691e-08,2.729699e-09,1.5720759e-06,3.1635332e-07
ISIC_0025523,1,0.0005270441,0.9993345,3.261725e-05,7.971926e-05,8.2882735e-07,8.100073e-06,1.7224836e-05
ISIC_0025138,1,6.311613e-05,0.99958616,2.9978744e-07,1.1313283e-05,8.001928e-09,5.4567818e-06,0.00033357466
ISIC_0024610,1,5.4221236e-08,0.99989784,1.9029315e-07,1.0431914e-06,1.0481646e-06,5.345705e-07,9.936655e-05
ISIC_0025354,1,9.422993e-07,0.99998367,6.829987e-11,8.0494617e-10,4.803428e-10,5.7617857e-09,1.5387324e-05
ISIC_0027464,1,5.0389623e-05,0.99994266,2.130088e-06,7.6402057e-07,1.6411648e-09,1.585566e-07,4.018424e-06
ISIC_0025478,1,5.5525813e-08,0.9999993,4.844131e-07,3.0501e-08,1.5902216e-07,1.06678e-08,3.1662108e-08
ISIC_0029065,1,2.7058944e-08,0.9999989,7.500341e-08,2.303587e-08,1.11200595e-08,2.815224e-07,7.0922437e-07
ISIC_0027926,1,1.1839728e-08,0.9999993,1.2428472e-07,5.8014127e-08,2.1436722e-07,8.5337115e-09,3.3754364e-07
ISIC_0030224,1,2.9102534e-06,0.99997735,3.543464e-07,1.7701065e-07,5.091721e-06,1.447328e-07,1.4012354e-05
ISIC_0025220,1,1.8816141e-06,0.99988985,3.4986156e-06,1.7102777e-06,2.816444e-06,4.6576366e-07,9.97993e-05
ISIC_0028049,1,8.0317403e-07,0.99999547,2.3957226e-08,4.0948322e-07,6.476781e-07,1.2681538e-06,1.4306264e-06
ISIC_0030136,1,9.697364e-07,0.9999976,5.160347e-08,1.0579624e-07,2.0664235e-07,1.0879623e-07,9.3677505e-07
ISIC_0031006,1,2.8269427e-05,0.9999069,3.6240913e-06,1.6285874e-06,3.6990732e-05,2.1298401e-05,1.2344574e-06
ISIC_0029727,1,1.2632727e-07,0.9999989,5.179e-08,4.765904e-09,2.6717414e-10,6.686658e-07,1.338997e-07
ISIC_0029416,1,0.013126246,0.9868688,1.5030079e-08,1.1906655e-08,3.7765417e-09,1.5262698e-07,4.8064935e-06
ISIC_0027842,1,1.5930507e-08,0.9999987,8.315957e-11,4.5396636e-10,2.730964e-11,1.3500681e-06,9.6728705e-09
ISIC_0029159,1,0.00013658767,0.99985456,1.3629646e-06,3.216066e-06,1.3149138e-07,7.763535e-08,3.9471274e-06
ISIC_0030889,1,1.1764395e-08,0.9999981,1.2967959e-07,7.456327e-07,1.2399711e-07,1.0473259e-07,7.8147303e-07
ISIC_0027866,1,4.4234826e-06,0.99752015,1.7343121e-06,7.342202e-07,0.0024716554,7.730978e-07,4.6302222e-07
ISIC_0029777,1,6.1919636e-08,0.9999856,4.9854594e-07,1.7814429e-08,5.336425e-07,9.069443e-06,4.2429983e-06
ISIC_0029164,1,2.5104566e-06,0.99984014,5.747099e-05,2.7034016e-06,8.272862e-05,4.41822e-08,1.4420459e-05
ISIC_0031084,1,9.654933e-05,0.99990296,1.0797786e-07,1.1002602e-08,1.0360962e-07,1.306653e-07,1.4278628e-07
ISIC_0028953,1,4.936442e-07,0.9999993,1.1002954e-07,2.4790136e-08,3.688932e-08,5.0812822e-08,3.0959107e-08
ISIC_0027011,1,8.697168e-08,0.9999995,8.1527854e-11,1.4791904e-10,4.771963e-10,9.975195e-08,2.7218402e-07
ISIC_0027314,1,1.0336159e-05,0.99993324,1.0033264e-07,2.903983e-07,5.585565e-05,8.0891866e-08,1.3287834e-07
ISIC_0024486,1,1.4650282e-08,0.9999416,2.530584e-08,3.7694126e-06,2.563001e-10,1.892922e-05,3.554293e-05
ISIC_0028001,1,1.2937319e-07,0.99994993,4.43309e-08,5.7395397e-07,8.9054754e-07,6.3233887e-07,4.7768423e-05
ISIC_0025741,1,2.0948583e-09,1.0,2.6223915e-11,8.365157e-11,1.1003097e-09,3.9599782e-10,1.6700774e-09
ISIC_0029813,1,3.374202e-09,0.99999976,1.3340055e-09,5.604348e-08,8.12103e-08,1.3147323e-07,2.4373946e-08
ISIC_0025426,1,3.062877e-06,0.9975993,1.916238e-07,0.0005597951,0.0013335216,0.00046392385,4.0268307e-05
ISIC_0032261,1,3.9382972e-05,0.9999461,2.0424766e-06,1.59822e-06,1.2545426e-07,9.351502e-06,1.4570886e-06
ISIC_0028435,1,2.745993e-09,0.9999944,1.8716759e-07,4.4370663e-09,4.859068e-06,5.824832e-07,1.5817598e-08
ISIC_0028526,1,4.442016e-06,0.9999385,3.6391101e-09,2.7519643e-08,1.1926101e-09,5.5834644e-05,1.3083535e-06
ISIC_0032142,1,6.5769714e-09,0.99999964,3.9703532e-10,1.6687341e-08,3.3500466e-08,1.4833587e-07,2.0599877e-07
ISIC_0028099,1,6.6305533e-06,0.99998295,1.2404267e-09,9.373725e-09,4.0445033e-10,1.2603331e-07,1.02807935e-05
ISIC_0025399,1,3.1445916e-07,0.9999881,1.6917828e-06,1.7515495e-07,1.3961022e-08,1.4504164e-07,9.660512e-06
ISIC_0025229,1,3.4925524e-08,0.9971847,0.00033089664,0.0022760257,9.581886e-07,7.1345875e-07,0.00020661377
ISIC_0026756,1,1.2672056e-06,0.9999875,6.759235e-09,1.7678932e-08,1.114756e-08,1.9542098e-07,1.1010582e-05
ISIC_0029077,1,1.1721491e-05,0.99994695,6.89369e-09,7.755982e-07,5.7721885e-09,7.2104143e-07,3.970207e-05
ISIC_0030739,1,1.4623466e-05,0.9999399,6.273282e-06,1.5196191e-06,1.6909085e-07,1.2772487e-07,3.7391183e-05
ISIC_0030611,1,2.564825e-07,0.9999993,2.9415803e-10,6.886865e-08,9.4874046e-11,1.8023096e-07,1.2265193e-07
ISIC_0027778,1,2.7575896e-07,0.99999535,1.8613507e-08,2.100968e-08,7.974242e-08,2.4379049e-06,1.9153865e-06
ISIC_0032477,1,7.504784e-07,0.9987985,3.5287277e-07,0.0010967756,3.512106e-05,5.7002104e-05,1.1552319e-05
ISIC_0027088,1,1.7644604e-06,0.99996734,9.9199795e-09,1.6221527e-07,8.132285e-06,1.0001807e-08,2.2640796e-05
ISIC_0032350,1,5.080973e-08,0.9999347,9.395688e-06,2.3374437e-07,1.010514e-08,1.3386064e-08,5.5574972e-05
ISIC_0028700,1,1.0124011e-05,0.9999001,1.8729735e-06,1.3448498e-05,5.283262e-05,1.7768702e-05,3.816605e-06
ISIC_0026807,1,3.4857883e-09,0.99999964,2.2836204e-10,1.6878876e-10,1.7097369e-09,1.245698e-07,2.603048e-07
ISIC_0029481,1,7.415875e-09,0.9999616,1.2809328e-08,2.2905315e-09,8.251133e-09,1.6275275e-06,3.674298e-05
ISIC_0029447,1,4.830077e-06,0.9999944,4.5938442e-08,3.387689e-08,6.712994e-08,1.4234982e-07,5.0993964e-07
ISIC_0028031,1,3.1225303e-05,0.9999534,4.3852708e-08,1.2245136e-05,1.5824945e-06,6.099213e-08,1.3217054e-06
ISIC_0027986,1,0.00018034533,0.99946505,2.3026989e-05,0.00011970028,7.404641e-05,1.1583926e-06,0.00013659945
ISIC_0029069,1,1.2496513e-06,0.99999774,4.1722847e-09,7.056141e-09,2.2305205e-10,1.7389926e-08,1.0003256e-06
ISIC_0032282,1,1.14784775e-07,0.99999475,4.3806472e-07,2.1881065e-06,2.678901e-09,5.4677622e-09,2.5679233e-06
ISIC_0029750,1,6.075636e-06,0.9999913,1.4021444e-10,1.4972041e-08,1.1505765e-08,7.618708e-10,2.5598576e-06
ISIC_0024991,1,1.0622953e-06,0.99999595,5.659065e-08,4.2795563e-08,7.2824196e-07,2.3801697e-08,2.1632602e-06
ISIC_0030908,1,1.6821579e-07,0.99999857,9.6570885e-09,8.733314e-08,1.1723493e-07,8.8155616e-10,9.957292e-07
ISIC_0024797,1,8.4818166e-05,0.99989426,9.396007e-08,3.1184964e-08,4.848029e-08,2.4626486e-06,1.8239632e-05
ISIC_0029804,1,3.7166149e-06,0.99999297,3.3471423e-07,2.0192888e-07,2.746544e-07,7.058053e-07,1.7651722e-06
ISIC_0031731,1,1.2443178e-07,0.9999974,3.7510176e-10,1.3137865e-09,5.0226817e-10,6.73374e-07,1.7967553e-06
ISIC_0024531,1,2.6492653e-05,0.99993014,2.4400784e-10,1.1519396e-05,1.06316854e-07,2.3370254e-05,8.349077e-06
ISIC_0024368,1,8.621914e-08,0.99998176,2.2287454e-10,4.887328e-06,7.156858e-07,1.2232341e-05,2.3625743e-07
ISIC_0025356,1,0.00021666338,0.9997545,3.5222897e-07,1.785715e-08,2.5862613e-05,1.01046744e-07,2.47242e-06
ISIC_0031744,1,2.0226045e-07,0.99998665,8.118524e-08,8.249354e-06,1.8431747e-09,1.3089108e-06,3.5168282e-06
ISIC_0030728,1,4.400093e-07,0.9999722,2.38575e-07,4.995506e-07,1.2971321e-07,3.621757e-08,2.6436048e-05
ISIC_0028444,1,0.0013929456,0.9985989,3.7152594e-07,2.235278e-06,5.929247e-08,3.6201131e-06,1.904688e-06
ISIC_0025139,1,3.898086e-10,1.0,1.3599962e-11,1.2248222e-10,2.8198663e-08,6.975799e-09,6.663884e-10
ISIC_0027947,1,6.733202e-06,0.99696714,0.0030189839,1.3619011e-06,2.0114007e-06,5.5487053e-08,3.896076e-06
ISIC_0031195,1,1.2119992e-07,0.99999976,2.450685e-08,3.4002492e-10,2.3876798e-09,1.705487e-07,1.3672016e-09
ISIC_0027690,1,2.4831058e-07,0.99999917,2.8248596e-08,7.9599385e-09,5.460559e-07,3.511748e-08,5.2068437e-08
ISIC_0030985,1,2.512702e-06,0.99999404,7.4641093e-07,7.943612e-08,1.5648196e-08,3.4872385e-09,2.622315e-06
ISIC_0029333,1,0.0038941659,0.9956475,0.00040637134,4.350806e-07,2.122128e-06,3.6755312e-06,4.567549e-05
ISIC_0031658,1,1.5079354e-07,0.99998987,8.966385e-08,7.8895674e-08,4.06905e-07,2.1838459e-07,9.176348e-06
ISIC_0030388,1,5.831282e-06,0.9999896,1.3488164e-08,1.0964567e-08,1.1890483e-09,1.4724631e-07,4.4483263e-06
ISIC_0029955,1,1.1628196e-06,0.99999475,2.0884115e-06,3.485135e-08,1.11278055e-07,3.424813e-08,1.8733527e-06
ISIC_0030726,1,8.6330414e-07,0.9999875,9.746383e-06,1.1035764e-06,2.9021027e-07,4.6321276e-07,5.438053e-08
ISIC_0032301,1,6.2712024e-06,0.9999583,2.6975629e-06,3.0968604e-05,1.569634e-07,7.313206e-07,8.532597e-07
ISIC_0026619,1,3.7061878e-07,0.9999993,1.2035574e-10,1.5652688e-09,3.6075573e-11,3.915713e-07,9.192431e-09
ISIC_0025349,1,3.5935004e-09,0.99999845,5.9076863e-09,5.9567355e-09,5.5530402e-09,2.1167551e-07,1.3245664e-06
ISIC_0025230,1,6.220815e-07,0.99996257,2.9760964e-05,2.3487533e-07,3.3411932e-06,3.101539e-06,3.4957162e-07
ISIC_0032068,1,2.7993417e-06,0.999997,3.0777978e-09,1.7367606e-08,2.2028239e-08,6.782666e-08,2.66466e-08
ISIC_0028456,1,4.686638e-08,0.99999976,4.6445592e-10,1.5339117e-09,2.177466e-11,8.1859895e-08,5.1612936e-08
ISIC_0026813,1,1.1126864e-06,0.99999833,1.13279675e-07,1.5692498e-08,2.6586779e-08,2.2317963e-08,4.573346e-07
ISIC_0024988,1,1.3287071e-06,0.99999833,1.5364598e-09,4.3920093e-10,5.3777987e-09,4.317516e-09,2.8322555e-07
ISIC_0029350,1,5.674629e-08,0.99999774,1.9874848e-08,7.659908e-09,5.782461e-07,1.2872445e-06,2.8381697e-07
ISIC_0026061,1,2.5330023e-06,0.9999974,3.1745157e-10,1.616439e-08,1.1780086e-11,4.086797e-08,7.118704e-08
ISIC_0030738,1,1.3535657e-05,0.99946326,0.00049762,2.1782178e-06,5.6195654e-06,4.9475098e-06,1.2819629e-05
ISIC_0030146,1,0.00017846136,0.99979347,1.44448895e-05,1.9576046e-08,1.626661e-08,1.2122116e-05,1.4522193e-06
ISIC_0026426,1,2.9078981e-05,0.9998919,2.4126044e-05,3.009749e-06,1.8348638e-06,4.6634646e-05,3.4750099e-06
ISIC_0026582,1,2.436968e-05,0.99997103,1.4774136e-07,7.3708236e-08,1.7913067e-06,4.1640766e-07,2.2137262e-06
ISIC_0031906,1,2.5792374e-06,0.99997556,2.2260531e-08,5.48439e-09,7.441827e-08,1.8833705e-05,2.986098e-06
ISIC_0027674,1,1.05449735e-05,0.99994135,5.1709703e-09,2.4176054e-06,2.519313e-05,5.770115e-07,1.997755e-05
ISIC_0025697,1,8.80333e-08,0.9999995,2.9256175e-10,3.2087115e-09,1.4888619e-07,2.176513e-07,3.3867613e-09
ISIC_0030905,1,1.8556656e-06,0.99999285,6.725501e-09,2.1036572e-08,9.850284e-07,1.6313632e-07,4.212725e-06
ISIC_0025092,1,5.0574945e-06,0.9999808,1.1330924e-07,4.2564764e-07,2.8581821e-08,8.16642e-06,5.3154504e-06
ISIC_0028439,1,5.531707e-06,0.99976224,2.7277926e-08,4.8042015e-08,1.2477871e-07,3.875267e-08,0.00023204787
ISIC_0024717,1,5.4349776e-08,0.99999404,1.8812815e-07,6.599796e-08,1.9059152e-07,2.9635394e-06,2.4437234e-06
ISIC_0028004,1,4.104732e-09,0.9999881,1.8595622e-09,2.2205937e-08,8.070644e-06,1.8430889e-06,2.0305092e-06
ISIC_0026031,1,0.6088193,0.39073724,1.3642411e-06,9.236378e-05,1.1002194e-06,1.2679176e-05,0.00033596068
ISIC_0028732,1,0.0008004438,0.9991117,7.7290963e-07,1.31578645e-05,7.791566e-07,1.3926093e-05,5.918857e-05
ISIC_0024491,1,4.0125798e-07,0.99983335,7.994288e-07,0.0001403693,6.887043e-06,5.0254134e-06,1.3114783e-05
ISIC_0027186,1,1.2078958e-07,0.9999815,2.267557e-08,3.1380518e-09,1.5870453e-05,1.5040689e-06,9.1628954e-07
ISIC_0029717,1,3.1749192e-07,0.9999989,8.445571e-09,2.6566466e-08,2.4731955e-07,2.7222528e-08,5.443711e-07
ISIC_0032205,1,1.3797959e-06,0.9999982,2.8967087e-09,5.826304e-11,2.4713628e-08,3.457582e-07,2.6524829e-08
ISIC_0030838,1,1.0460819e-06,0.99999654,2.569559e-10,8.6296e-10,5.602334e-07,4.5652675e-07,1.3232204e-06
ISIC_0029214,1,4.5618044e-06,0.99999344,2.2709177e-11,1.0045414e-11,1.4135858e-11,4.9436473e-08,1.9401982e-06
ISIC_0027112,1,2.0569049e-05,0.9999629,1.7678083e-09,3.6844522e-08,1.3763819e-09,3.1257358e-07,1.6119951e-05
ISIC_0028791,1,1.7849838e-07,0.9999995,2.9624816e-10,6.932353e-10,9.986665e-10,1.928405e-07,3.7168085e-08
ISIC_0027501,1,1.0168046e-05,0.99997246,8.920717e-08,2.3468635e-06,1.285351e-06,1.2416719e-05,1.2056747e-06
ISIC_0029190,1,9.94955e-07,0.9957194,1.1934263e-07,0.0001491801,7.669981e-06,0.0007128729,0.0034097629
ISIC_0027855,1,0.0004282568,0.99955505,2.1312094e-09,8.175201e-07,1.02825005e-07,6.105951e-07,1.51945505e-05
ISIC_0030980,1,0.00011767145,0.97253776,1.0858193e-05,3.1559197e-05,0.0008323857,0.022018071,0.0044517973
ISIC_0024597,1,4.0094346e-09,0.9999982,6.5777646e-09,6.3065925e-10,1.632789e-08,3.9590935e-07,1.4092069e-06
ISIC_0027644,1,4.5192944e-08,0.9999925,5.2630927e-08,2.0524665e-07,3.1986847e-06,3.8436824e-06,2.1981668e-07
ISIC_0027305,1,5.732947e-07,0.99999547,1.2467521e-08,6.814265e-09,6.095663e-09,2.322572e-06,1.6268345e-06
ISIC_0027718,1,3.6724236e-05,0.99996245,1.290736e-09,2.0852602e-09,3.324861e-08,5.223891e-08,8.082934e-07
ISIC_0028918,1,0.000121361874,0.99987733,1.5986935e-10,1.3193244e-08,1.7171913e-09,9.1630335e-07,2.812448e-07
ISIC_0030697,1,5.6092977e-05,0.9998311,2.4232048e-07,5.4708503e-06,5.942965e-08,3.879874e-05,6.811255e-05
ISIC_0026012,1,6.754597e-05,0.9998684,1.590096e-08,1.9689407e-08,3.3191485e-05,1.7144426e-06,2.9206141e-05
ISIC_0029752,1,1.9490288e-08,0.99999976,2.0365912e-10,3.1869604e-10,8.9549665e-09,1.6293164e-08,1.9438971e-07
ISIC_0029653,1,5.7049334e-07,0.9999037,8.439909e-08,2.943735e-10,9.493079e-05,4.1768946e-08,6.755382e-07
ISIC_0029374,1,1.8838122e-05,0.99996305,1.1423687e-07,1.1083241e-08,1.5694095e-05,6.787673e-07,1.5550585e-06
ISIC_0031404,1,0.0011190423,0.010015573,0.98881614,3.6259353e-06,2.3911556e-05,2.0566283e-06,1.9739915e-05
ISIC_0026569,1,2.832359e-06,0.011783257,0.9876337,6.4025085e-07,4.211482e-08,0.00041314078,0.00016651138
ISIC_0031145,1,2.1855323e-05,0.9998833,2.1403729e-08,2.1049237e-08,7.8195e-05,8.264975e-06,8.393624e-06
ISIC_0028430,1,5.111267e-08,0.9999988,2.6365217e-07,5.167948e-08,2.7689703e-07,3.848377e-07,2.474087e-07
ISIC_0027235,1,0.99839836,0.0016013862,1.6727391e-08,1.297518e-08,3.2383582e-09,8.859961e-08,4.5375156e-08
ISIC_0027152,1,0.0026762313,0.9973041,4.5128395e-08,4.346224e-09,3.3150844e-09,2.5558654e-06,1.7161896e-05
ISIC_0029719,1,0.00092444196,0.9990508,6.743859e-06,1.3147944e-05,1.9918182e-06,5.831953e-07,2.3015941e-06
ISIC_0027684,1,3.432459e-05,0.99996483,2.0592718e-07,1.2765656e-07,2.6346729e-07,2.9122186e-08,2.246324e-07
ISIC_0028453,1,8.379098e-09,0.010711223,8.2796355e-08,7.334553e-08,2.503182e-09,0.0035998817,0.9856887
ISIC_0028154,1,0.00017485007,0.9988991,7.99692e-06,2.2047747e-08,4.3073453e-07,4.5520646e-06,0.00091306627
ISIC_0027987,1,0.0003330538,0.9992987,5.116984e-05,0.0001391239,3.343358e-05,2.1476424e-05,0.0001230215
ISIC_0032257,1,8.6714e-05,0.99980885,7.0567025e-06,1.7527813e-05,5.770239e-06,1.0683157e-06,7.304202e-05
ISIC_0024314,1,1.844806e-05,0.99785596,1.09741784e-07,3.116819e-05,0.0012737777,0.0004844079,0.00033608623
ISIC_0026722,1,0.0027057973,0.8926029,0.0820983,2.8078407e-06,0.021634193,0.00091696455,3.905954e-05
ISIC_0025943,1,1.9993162e-07,0.9999844,8.713928e-07,3.8722362e-07,2.998401e-06,3.6146307e-08,1.1162541e-05
ISIC_0025568,1,6.7386026e-07,0.9983564,4.6497132e-07,4.6809148e-09,0.0016311994,3.0484145e-07,1.0886783e-05
ISIC_0026887,1,1.3860378e-05,0.8469971,1.4644169e-05,3.9994044e-05,0.15291116,1.1485864e-06,2.21559e-05
ISIC_0030874,1,2.4733465e-06,0.9999975,1.0345915e-09,3.1021484e-11,1.088084e-08,2.170166e-09,8.029657e-09
ISIC_0031629,1,0.0045666415,0.99540895,2.4751717e-08,2.5880075e-08,2.3106093e-05,6.408729e-08,1.0824605e-06
ISIC_0029389,1,0.0020377554,0.72851825,0.00012328174,0.07574408,0.08199806,0.10643138,0.005147258
ISIC_0024789,1,7.1932774e-08,0.9994973,4.5960514e-06,0.00027559602,1.5479172e-06,0.0001270056,9.3884846e-05
ISIC_0031515,1,0.0010069993,0.99462754,0.00039139387,1.1218381e-06,0.003853376,5.0663097e-05,6.905086e-05
ISIC_0029854,1,0.0041029905,0.90626824,0.00025853838,2.7508616e-08,0.08915161,3.4355485e-06,0.00021520878
ISIC_0025428,1,7.3118317e-06,0.99969363,0.00015721103,2.0767406e-05,0.000114526156,2.431762e-06,4.262067e-06
ISIC_0031618,1,1.3762907e-06,0.99996173,1.6525192e-06,1.8741532e-05,4.9300684e-06,7.1082472e-06,4.4724443e-06
ISIC_0028385,1,1.4546332e-07,0.99999,4.066085e-08,3.052281e-09,5.367312e-07,9.1005795e-06,2.382964e-07
ISIC_0027403,1,4.8059163e-05,0.99994874,4.9977666e-09,1.2761538e-08,1.1022726e-06,1.2722883e-06,7.864608e-07
ISIC_0031059,1,0.0001392133,0.9996853,8.340423e-09,1.662231e-07,2.52297e-06,3.7294901e-06,0.0001691627
ISIC_0030355,1,9.132621e-06,0.99999034,3.4720718e-10,1.7383961e-08,2.3239338e-08,1.2894292e-08,4.4703688e-07
ISIC_0028367,1,0.0024139793,0.9975739,1.2895085e-09,4.5799267e-09,2.3146254e-07,4.80682e-06,7.157388e-06
ISIC_0030741,1,1.2908848e-06,0.9999808,1.5783155e-07,3.0743347e-08,3.0492075e-07,9.131314e-06,8.313871e-06
ISIC_0031646,1,0.0011893763,0.9983127,3.39536e-05,1.7171757e-08,0.00046165843,2.314974e-06,7.6667945e-08
ISIC_0031385,1,0.0050067017,0.9949764,1.308494e-06,2.504202e-07,1.1276401e-05,8.838805e-09,4.1106996e-06
ISIC_0030829,1,1.0339107e-06,0.9999814,6.967412e-09,1.074236e-08,8.587173e-10,1.1884853e-07,1.7474087e-05
ISIC_0025367,1,6.684574e-07,0.99999523,2.37492e-09,3.470091e-09,7.391468e-09,4.385523e-07,3.6232466e-06
ISIC_0025588,1,0.0015275201,0.9984573,9.291607e-08,3.6874135e-07,4.78913e-10,1.421679e-05,5.172301e-07
ISIC_0027772,1,0.36744604,0.6172291,0.01500184,1.16398505e-05,9.2012684e-08,0.00030874772,2.5538748e-06
ISIC_0030688,1,0.00013904848,0.9998578,4.3060135e-07,9.054078e-08,6.828279e-08,1.9665413e-07,2.301192e-06
ISIC_0029825,1,0.003837337,0.9961377,4.4684612e-07,7.4107036e-09,2.3139137e-05,6.2596007e-07,8.3716714e-07
ISIC_0027812,1,4.3882446e-07,0.9999995,1.567486e-09,3.1645946e-11,4.7943205e-11,8.137193e-10,7.545904e-08
ISIC_0026561,1,3.1115044e-07,0.9999981,2.1697475e-07,2.6638267e-10,1.3689476e-09,2.9349627e-07,1.1500513e-06
ISIC_0025129,1,0.00019103443,0.99970824,4.218619e-05,2.6479233e-08,3.1023046e-05,1.2069515e-06,2.6340547e-05
ISIC_0027049,1,0.000117507545,0.9997954,4.0148196e-09,2.289286e-09,3.2203347e-06,5.3382164e-06,7.859436e-05
ISIC_0027408,1,0.00014591368,0.9998287,3.3688362e-08,1.2577058e-06,1.03874e-05,1.2086482e-05,1.5480406e-06
ISIC_0030460,1,0.0029391323,0.99362457,2.1314456e-05,1.5945896e-05,4.79761e-05,0.0033427335,8.270532e-06
ISIC_0027907,1,0.00021471668,0.9997851,1.1272863e-10,3.7316962e-11,1.0953264e-10,1.6450647e-07,1.4014984e-08
ISIC_0025870,1,4.764265e-05,0.9999466,6.923675e-10,8.2164476e-08,3.8122187e-07,2.1681165e-06,3.0889385e-06
ISIC_0031720,1,0.0062042605,0.9932239,4.615775e-07,3.377859e-07,3.6992606e-05,9.246309e-06,0.00052486075
ISIC_0026382,1,2.8750283e-05,0.9998078,3.477958e-07,3.1185714e-08,3.1676565e-05,5.788151e-06,0.00012564675
ISIC_0031094,1,0.0016533465,0.9899907,3.1466712e-05,0.00015221903,0.007680351,0.00045567873,3.6204387e-05
ISIC_0032345,1,0.6444236,0.30602953,0.0003344997,1.8338731e-05,0.049050294,0.0001354209,8.344707e-06
ISIC_0025458,1,0.117255226,0.4268108,2.3911178e-05,0.00091617473,0.36488217,2.3891302e-05,0.090087675
ISIC_0024664,1,0.0004435657,0.49046817,2.5853851e-06,7.5894366e-07,0.5090465,7.3874156e-07,3.763567e-05
ISIC_0025008,1,0.021680012,0.9775014,6.8697034e-08,6.596447e-07,0.00081082276,4.5426286e-06,2.4201763e-06
ISIC_0025735,1,0.0008719429,0.9989704,3.1577658e-06,2.609934e-05,0.000100961865,2.3943274e-05,3.5049316e-06
ISIC_0032309,1,0.00013952286,0.9998561,2.5942467e-07,2.5433366e-07,3.586895e-09,1.3215795e-06,2.5767313e-06
ISIC_0028759,1,0.077461146,0.9218168,0.0006506455,1.1015496e-05,6.52523e-07,3.9516617e-05,2.0144384e-05
ISIC_0028368,1,1.2279665e-06,0.99999833,2.045313e-09,1.852084e-09,2.461888e-08,8.613723e-08,2.7695899e-07
ISIC_0028843,1,0.007193022,0.992763,2.7115146e-05,5.167625e-07,2.9433618e-06,3.6315832e-06,9.7669745e-06
ISIC_0028045,1,8.9393744e-08,0.999998,8.930406e-09,1.7633283e-08,8.788733e-09,1.838313e-06,7.3072876e-08
ISIC_0025631,1,0.0020508675,0.99793965,5.4215855e-07,6.105895e-08,6.072945e-06,1.5377962e-08,2.7288356e-06
ISIC_0031337,1,0.0045061875,0.994785,5.884669e-06,1.5801138e-06,0.0006552679,4.951316e-06,4.1108673e-05
ISIC_0031440,1,0.002385945,0.99760383,6.295382e-06,2.2517476e-08,3.0301212e-08,1.9609857e-07,3.730637e-06
ISIC_0028823,1,4.947103e-07,0.90203804,1.1691547e-05,4.5453028e-08,0.0001715027,0.014504073,0.08327425
ISIC_0031501,1,5.2221467e-09,0.9999056,2.5852117e-07,5.713127e-11,1.5135186e-08,1.4284713e-05,7.9832316e-05
ISIC_0025555,1,0.0009327642,0.9990632,5.5000786e-08,2.1755973e-07,1.3675891e-06,3.5840296e-07,2.0209131e-06
ISIC_0032242,1,0.02550584,0.9744607,8.5871426e-09,3.4593156e-06,7.141707e-08,2.4201365e-05,5.669824e-06
ISIC_0024317,1,0.0020458593,0.99794227,1.2179913e-07,2.3777848e-07,9.840239e-06,7.223042e-07,9.811886e-07
ISIC_0033356,1,9.84457e-07,0.99998677,1.4606845e-10,7.506403e-08,9.729436e-06,2.3019584e-06,8.654332e-08
ISIC_0033998,1,3.853838e-08,0.99999833,1.6211947e-09,1.7978872e-09,1.4720947e-06,1.3815968e-07,4.191416e-08
ISIC_0026494,1,6.2878553e-06,0.9998247,4.8466557e-08,1.9083622e-05,2.3387206e-07,0.0001378018,1.19529695e-05
ISIC_0028287,1,8.538587e-05,0.9999143,2.1281845e-09,2.1775378e-07,1.0902655e-09,2.288634e-08,2.0615559e-08
ISIC_0033686,1,2.0668444e-06,0.9999242,1.2793484e-09,2.3154478e-09,6.8335175e-05,4.6457635e-06,8.0924207e-07
ISIC_0033363,1,0.028101679,0.97167486,0.00019839543,3.3906872e-07,2.168182e-05,4.3331372e-07,2.5610009e-06
ISIC_0033058,1,0.38863185,0.61124635,0.00011454083,1.2399541e-06,2.4906271e-06,5.346914e-07,3.0176625e-06
ISIC_0032924,1,0.038864367,0.9601041,2.0566431e-05,5.691118e-07,0.0009905569,3.6012688e-07,1.9479428e-05
ISIC_0034225,1,7.752815e-05,0.9999114,9.639672e-08,2.3385344e-06,9.66171e-07,6.9701714e-06,7.3370614e-07
ISIC_0032916,1,0.000450934,0.99954873,1.7403233e-10,1.889732e-08,2.7192875e-09,2.4315335e-07,9.6551446e-08
ISIC_0033756,1,4.8873324e-07,0.99999833,2.2861812e-09,1.937058e-09,8.692875e-09,1.1287361e-06,4.2485553e-08
ISIC_0033032,1,0.0015834308,0.998403,2.4829325e-07,3.0482602e-07,7.266186e-06,9.0758436e-07,4.711215e-06
ISIC_0034227,1,5.908806e-06,0.9999795,2.331566e-09,1.0300566e-08,1.8483747e-06,6.412214e-07,1.2196261e-05
ISIC_0033563,1,0.00022250543,0.99975365,1.2547469e-08,1.00383675e-08,3.2029305e-07,6.4869465e-07,2.2925837e-05
ISIC_0034079,1,0.42195287,0.5779569,6.218873e-08,8.739172e-05,1.9613394e-06,6.1764916e-07,2.1780836e-07
ISIC_0033327,1,0.24086075,0.758559,4.602259e-06,1.0604732e-05,0.00046951705,3.5391759e-06,9.2066344e-05
ISIC_0032871,1,0.021732938,0.9782639,2.1374253e-08,4.592088e-07,7.215817e-07,2.2313729e-07,1.721144e-06
ISIC_0030851,1,1.9053385e-08,0.9999913,2.8872427e-07,7.774081e-08,6.0584136e-07,5.48061e-06,2.231632e-06
ISIC_0033767,1,6.302929e-06,0.9999893,1.4050648e-10,4.962436e-08,1.280453e-06,3.146346e-06,7.638329e-08
ISIC_0033755,1,0.017403618,0.9822482,2.7090428e-07,2.3716773e-06,0.0003320577,8.161109e-06,5.358447e-06
ISIC_0033625,1,6.224454e-05,0.9999341,1.03217115e-08,4.5246134e-07,2.8990971e-06,7.695889e-08,1.250749e-07
ISIC_0032362,1,1.5843366e-06,0.9999838,1.1977696e-07,1.1257688e-06,2.6333208e-07,1.1067359e-05,2.0724906e-06
ISIC_0033959,1,0.02373559,0.12731017,0.4959979,0.0009545308,0.35162622,0.00034353934,3.1984015e-05
ISIC_0032914,1,0.0010557842,0.9736772,0.022081576,2.9448032e-05,0.002660436,0.0004335331,6.19544e-05
ISIC_0033309,1,0.0015043733,0.97493714,0.022891456,0.000108231805,0.0003558456,0.00017174173,3.11927e-05
ISIC_0026584,1,0.0018993327,0.99160296,0.001752096,0.0021483954,0.0017343923,0.00072541373,0.00013734272
ISIC_0034110,1,0.089595236,0.90940136,8.588679e-06,6.877665e-05,6.513729e-05,0.0001769496,0.000684088
ISIC_0025160,1,0.020630574,0.97274685,7.294609e-05,3.5304022e-06,0.00019218022,0.0014770952,0.00487682
ISIC_0033389,1,0.52341557,0.47278517,2.4986466e-05,1.00944635e-05,0.0033658112,7.632766e-05,0.0003219768
ISIC_0034234,1,0.089453645,0.9105453,6.2821406e-09,3.3818968e-09,1.1006569e-08,6.724387e-08,8.680813e-07
ISIC_0033308,1,0.012405731,0.9875767,3.5726625e-06,3.8734808e-07,7.5081193e-06,2.8487307e-06,3.3210392e-06
ISIC_0034274,1,0.9995727,0.00042732235,3.312325e-12,3.1714957e-11,1.7713123e-10,3.0629765e-10,1.3438454e-09
ISIC_0030546,1,0.00013505643,0.9998129,3.0339713e-06,1.4234671e-08,4.7541424e-05,4.5258646e-09,1.441126e-06
ISIC_0026177,1,0.050407603,0.94929934,2.390214e-06,5.14935e-06,0.00028122007,2.8964516e-06,1.249992e-06
ISIC_0025713,1,3.3836218e-06,0.9999566,4.261795e-11,2.5806978e-07,4.5374172e-08,3.920964e-05,4.7677483e-07
ISIC_0033253,1,1.9453068e-06,0.9999975,1.0791714e-09,5.7488134e-09,2.4053693e-07,2.2309786e-07,9.152967e-08
ISIC_0033974,1,4.8534843e-05,0.99995124,1.1161474e-08,2.0264568e-10,1.15325705e-08,9.434898e-09,1.3907427e-07
ISIC_0033941,1,0.0029830546,0.99700755,4.896517e-06,9.317841e-08,1.069133e-06,2.562304e-06,6.5821723e-07
ISIC_0029405,1,3.9595405e-05,0.00202167,0.20843889,0.56846356,0.00086986815,0.00016033264,0.22000606
ISIC_0030429,1,2.8206756e-07,0.99592125,0.0031109394,6.7147976e-09,6.724846e-09,4.7270736e-05,0.0009201924
ISIC_0028159,1,0.00069780654,0.99926347,2.151209e-05,2.046966e-09,3.940526e-06,5.78434e-07,1.26857685e-05
ISIC_0032009,1,9.193041e-05,0.9998995,8.322123e-07,1.1299955e-08,1.482706e-06,4.076777e-07,5.861617e-06
ISIC_0033652,1,1.853111e-05,0.99995935,1.0122145e-06,3.05768e-07,8.33535e-06,8.244382e-07,1.1594603e-05
ISIC_0033944,1,0.0006940618,0.999236,1.1242319e-08,3.23831e-07,6.801659e-05,7.2160503e-07,8.356535e-07
ISIC_0032717,1,0.00014896825,0.9997919,4.6340446e-07,3.907566e-08,2.7650598e-05,1.1695005e-06,2.987135e-05
ISIC_0032651,1,0.008198347,0.9917778,1.7342e-06,7.6815047e-07,5.1350316e-06,7.04415e-06,9.206426e-06
ISIC_0033699,1,0.00020567009,0.99976796,1.5605061e-05,2.1319298e-07,5.474377e-06,4.759256e-06,3.1334736e-07
ISIC_0033915,1,4.649234e-07,0.9999963,9.586787e-11,5.892589e-07,1.1487119e-08,2.5600168e-06,8.212359e-08
ISIC_0034020,1,1.8780119e-08,0.99998784,8.854981e-11,2.440765e-09,1.752815e-08,1.0236861e-06,1.1054439e-05
ISIC_0033727,1,6.8408485e-06,0.999967,2.6089721e-09,6.852284e-09,4.6822533e-06,1.7618662e-05,3.8799144e-06
ISIC_0032742,1,0.0016668773,0.97143114,1.149621e-05,0.00014810154,0.026106343,0.00045793428,0.00017810037
ISIC_0032961,1,0.0003237887,0.9996606,6.372024e-06,1.6636739e-06,1.2430171e-06,5.8764925e-07,5.7053176e-06
ISIC_0034112,1,6.3011146e-05,0.9999336,3.4170043e-07,1.2945431e-08,4.9490687e-08,1.8221345e-07,2.7079172e-06
ISIC_0033296,1,5.7760284e-05,0.9999337,1.44486725e-08,2.1986762e-06,4.737772e-06,1.122872e-06,5.4570995e-07
ISIC_0033838,1,0.08151454,0.91847223,9.2070884e-08,1.064364e-07,8.539407e-06,1.1217685e-06,3.3589968e-06
ISIC_0033409,1,5.997075e-05,0.999923,4.872702e-10,2.1322361e-07,5.9801806e-07,1.5607406e-05,6.2849824e-07
ISIC_0033984,1,0.028021874,0.97167385,7.1139452e-06,2.3670234e-06,0.0001290522,9.833188e-05,6.7441186e-05
ISIC_0032640,1,0.6697435,0.3302523,2.0745595e-06,4.4774467e-08,1.5717797e-08,3.2989524e-07,1.735422e-06
ISIC_0033648,1,4.0699528e-05,0.99936587,3.2405635e-05,1.554954e-06,2.725432e-08,3.171398e-06,0.0005562799
ISIC_0032825,1,3.6737122e-06,0.9999819,4.4183514e-07,5.071898e-08,9.062725e-10,7.1253176e-06,6.8691925e-06
ISIC_0032803,1,6.2687304e-06,0.99977297,4.8906648e-05,2.3226809e-07,4.4969786e-07,0.000114741546,5.637141e-05
ISIC_0033475,1,0.003674026,0.9961916,4.383299e-07,7.765575e-08,0.00012000434,1.1901453e-05,1.9506547e-06
ISIC_0033210,1,0.019450763,0.9803254,3.2921207e-08,2.9633267e-09,0.0002085141,9.846629e-06,5.5261403e-06
ISIC_0033219,1,0.00077426806,0.98404205,2.2411686e-07,4.7574216e-07,0.015127741,1.9052468e-05,3.6251073e-05
ISIC_0032864,1,0.00062811584,0.9993709,6.12057e-11,7.946248e-09,9.491106e-07,3.004436e-08,6.894112e-08
ISIC_0033763,1,0.0023952909,0.9975987,4.908174e-10,3.4847645e-08,1.2916706e-08,5.1718024e-07,5.494673e-06
ISIC_0033650,1,0.0015144655,0.9984707,1.5385486e-10,4.6882803e-08,1.0891674e-05,6.0388345e-08,3.7813606e-06
ISIC_0033992,1,0.035809923,0.8106016,1.143127e-06,7.360163e-07,0.1535748,1.3396287e-07,1.1645081e-05
ISIC_0033715,1,0.013721204,0.33327958,4.3513013e-05,2.9278476e-06,0.652892,3.9073428e-05,2.1733293e-05
ISIC_0033920,1,0.0017856975,0.7242719,3.506835e-05,3.2227376e-06,0.27378973,0.00010771373,6.7180813e-06
ISIC_0033510,1,0.028579958,0.9685514,0.0024672889,5.408496e-06,3.693555e-05,1.8048988e-06,0.0003571155
ISIC_0033222,1,0.47654337,0.5228761,3.860516e-05,0.0003705205,7.516673e-05,4.411375e-07,9.582236e-05
ISIC_0032546,1,0.01930319,0.96352947,0.0081389295,5.5141933e-05,0.008938461,4.5161386e-07,3.4403765e-05
ISIC_0026810,1,0.0011324618,0.998863,1.931955e-07,3.670851e-06,5.35642e-08,2.465514e-07,3.8714217e-07
ISIC_0033832,1,0.22437325,0.7752586,2.3977334e-06,2.6814798e-06,0.00019062348,0.00010213708,7.0321075e-05
ISIC_0032893,1,0.008225909,0.9908228,1.277406e-06,4.5049674e-08,0.0009456683,3.4467243e-06,8.939095e-07
ISIC_0032683,1,0.022728348,0.95252794,7.0741953e-06,7.99056e-06,0.024559733,2.8550203e-05,0.000140413
ISIC_0033411,1,0.0026131587,0.7296952,0.26760682,6.230331e-08,3.8491708e-05,5.7030564e-07,4.5674737e-05
ISIC_0034096,1,9.816446e-05,0.68824524,0.31149414,2.7463867e-07,2.102499e-05,6.918269e-07,0.00014050005
ISIC_0033382,1,3.8237426e-06,0.9998802,3.965995e-05,1.5277192e-06,5.8583766e-05,2.7927542e-06,1.3412547e-05
ISIC_0033729,1,3.4650805e-07,0.9999988,5.215182e-11,6.29393e-10,6.905523e-07,7.486962e-08,1.0581105e-08
ISIC_0034307,1,2.9907742e-05,0.99995565,8.579822e-12,3.103516e-07,2.5204208e-09,1.3558751e-05,5.314447e-07
ISIC_0034137,1,1.2154235e-05,0.9999839,3.5675565e-10,3.3649755e-10,2.8468853e-06,7.884816e-07,2.9506708e-07
ISIC_0034190,1,1.0340486e-05,0.9996519,0.0001562318,1.3484176e-06,1.0510865e-08,6.453922e-07,0.00017955487
ISIC_0033605,1,0.00010773744,0.99989164,4.0185846e-09,1.8413974e-09,1.8355212e-08,1.01482796e-08,5.6181443e-07
ISIC_0033961,1,1.7045517e-06,0.9999981,8.9769897e-10,6.3727126e-09,6.669838e-09,4.787413e-08,2.4701032e-07
ISIC_0033702,1,4.600939e-06,0.9999888,5.4286367e-09,3.7982243e-08,3.265001e-06,1.0153536e-06,2.2174843e-06
ISIC_0033318,1,0.0024886834,0.9975038,8.596464e-08,2.5401699e-08,7.4312345e-07,3.5294593e-06,3.0644976e-06
ISIC_0032615,1,0.81986856,0.18011153,9.849798e-07,4.473852e-08,1.6853294e-06,1.13828584e-07,1.7060016e-05
ISIC_0033862,1,0.06788753,0.93210906,2.610874e-07,1.1448883e-07,1.7353873e-08,6.356958e-07,2.339608e-06
ISIC_0034215,1,6.192662e-06,0.99985504,1.3523307e-09,1.5223852e-08,0.0001385952,3.7836898e-08,1.6860439e-07
ISIC_0033743,1,0.0001606035,0.9992843,3.727583e-09,5.4986873e-07,0.000539178,3.59596e-06,1.1783043e-05
ISIC_0033145,1,0.005282438,0.9947174,2.6840516e-08,8.983225e-10,1.6760074e-08,1.2288432e-07,4.837503e-08
ISIC_0033799,1,0.032824244,0.96717405,1.7400216e-08,5.1062734e-08,1.9226907e-09,1.2328027e-06,4.690468e-07
ISIC_0032524,1,0.9656636,0.032789182,8.8139956e-08,0.00016394937,0.0011405589,0.00012059138,0.000121885416
ISIC_0033376,1,0.01681094,0.88860935,3.953732e-08,1.3842523e-05,0.094469085,7.2396497e-06,8.949947e-05
ISIC_0033796,1,0.00028306266,0.99222696,5.152489e-08,2.0302004e-05,0.0074573066,1.489532e-07,1.2143639e-05
ISIC_0033121,1,3.600356e-06,0.99998796,4.932031e-10,2.0511646e-08,1.5818673e-08,6.9631305e-06,1.5422642e-06
ISIC_0034158,1,2.2314167e-05,0.99997723,3.3500462e-09,5.2170153e-09,5.280901e-08,9.284193e-08,2.582632e-07
ISIC_0033213,1,0.0005084,0.9994873,3.9878112e-10,3.666508e-07,1.4009574e-07,2.913347e-06,9.607731e-07
ISIC_0033897,1,7.18043e-06,0.99998784,2.4007543e-08,2.640059e-08,2.3085784e-06,1.8428827e-06,8.110498e-07
ISIC_0033694,1,6.484912e-07,0.9998148,1.2589638e-08,9.535895e-09,0.0001838283,2.3363167e-07,4.4888282e-07
ISIC_0034013,1,2.388425e-06,0.9999945,1.4274502e-09,3.7899794e-09,4.3707793e-08,3.0367023e-06,1.1089896e-07
ISIC_0034088,1,0.06304477,0.936607,7.919619e-05,1.1688604e-05,9.7889686e-05,0.00012953185,2.9949746e-05
ISIC_0034268,1,0.018759193,0.97995263,0.0004706415,1.0098097e-06,0.0007932228,2.1008931e-05,2.2747645e-06
ISIC_0032908,1,0.0062084887,0.9920513,0.0015859344,2.8105526e-06,0.00013187037,1.3173392e-05,6.515229e-06
ISIC_0034203,1,8.785877e-05,0.77861875,0.21856643,0.002220852,1.1603436e-05,6.3713634e-07,0.0004938002
ISIC_0033311,1,1.3685927e-06,0.004443376,0.99554056,6.2969457e-07,4.903957e-06,9.0189744e-08,8.9989735e-06
ISIC_0032700,1,3.3812626e-06,0.38177368,0.6180913,5.8796493e-05,1.7345305e-05,1.6090277e-07,5.5405286e-05
ISIC_0032608,1,0.71806353,0.21619388,0.02992072,0.0017718857,0.018536458,0.014766404,0.00074701087
ISIC_0032746,1,0.097260945,0.90238434,0.00034585968,4.767425e-06,3.584305e-09,3.5217747e-06,5.9425986e-07
ISIC_0033266,1,0.38539225,0.61247784,0.00096322614,7.824511e-05,0.0003049144,0.00075840985,2.5069245e-05
ISIC_0033404,1,0.067955695,0.92751676,2.6493794e-06,0.0015032974,0.002931216,2.1445829e-05,6.891115e-05
ISIC_0033478,1,0.08238165,0.91668206,7.003092e-07,0.00052384735,0.00024011194,6.7834306e-05,0.00010369789
ISIC_0032786,1,0.0013121257,0.99865687,8.626748e-08,3.9661302e-08,1.6714372e-06,1.1867188e-05,1.7355029e-05
ISIC_0033788,1,0.11684421,0.8829917,9.5250925e-06,1.0927598e-08,3.3069107e-05,2.8160791e-06,0.000118706696
ISIC_0033220,1,7.037772e-06,0.99999213,1.0950466e-08,7.034859e-08,2.36245e-07,4.331456e-08,4.4772037e-07
ISIC_0032817,1,7.854313e-06,0.9999906,1.1849104e-10,3.7095822e-07,4.751614e-09,6.6637676e-07,5.1398865e-07
ISIC_0032820,1,0.030516285,0.9694806,4.8692705e-08,3.3022394e-07,1.0651807e-07,3.8735433e-07,2.307047e-06
ISIC_0032853,1,0.00040050645,0.99959666,7.217635e-07,3.364914e-08,2.4531326e-07,1.4942229e-06,3.078773e-07
ISIC_0034148,1,5.038872e-06,0.9995716,2.6500686e-07,1.9136163e-08,0.0003959419,2.5965672e-05,1.1336883e-06
ISIC_0034241,1,3.5914663e-06,0.999961,5.325429e-07,7.7251086e-09,2.4131003e-05,9.801986e-06,8.9810896e-07
ISIC_0028863,1,0.00055385486,0.9994,2.2789312e-07,4.8591886e-07,3.5905214e-05,1.5597184e-06,7.951411e-06
ISIC_0030126,1,0.115932755,0.8718705,0.0008837978,0.0029257904,0.0023068406,0.004467669,0.0016127244
ISIC_0032995,1,0.0057436065,0.990655,9.361165e-05,2.3882547e-05,0.0033479484,0.0001328906,3.0991064e-06
ISIC_0032754,1,0.010054054,0.98816466,2.8554942e-07,1.4158827e-06,0.0016350589,0.00014309055,1.3876802e-06
ISIC_0032714,1,0.0002803494,0.99942786,1.1762891e-06,1.1148921e-06,0.00026142376,2.7850678e-05,2.4768755e-07
ISIC_0032574,1,0.00062925235,0.65012133,0.34890917,8.7456465e-06,0.00026757875,5.9979833e-05,3.953881e-06
ISIC_0033398,1,0.0026120008,0.86770695,0.12967174,1.7755285e-08,8.09722e-06,3.642743e-07,8.392292e-07
ISIC_0033244,1,0.0010004694,0.92160946,0.07265304,1.6162494e-09,0.0047353827,1.2936823e-06,3.485214e-07
ISIC_0033339,1,2.7876721e-08,0.99927324,3.1814985e-11,1.2256093e-10,1.2400056e-08,2.4564129e-06,0.00072423706
ISIC_0033010,1,0.00025640926,0.9997341,8.358205e-09,1.1712136e-07,1.3072662e-07,7.6186675e-06,1.54772e-06
ISIC_0034293,1,1.090596e-05,0.9999826,1.2276972e-09,3.228346e-08,1.0937197e-07,5.343765e-06,1.0404293e-06
ISIC_0033350,1,3.9501698e-05,0.99995804,1.4989343e-08,3.5960534e-07,1.0427275e-07,6.7533404e-07,1.2563914e-06
ISIC_0033943,1,1.7283392e-05,0.9993407,9.930958e-05,4.5323424e-05,5.8974283e-06,3.4675428e-05,0.00045681535
ISIC_0033434,1,0.00025933338,0.99956006,0.00017504187,8.502667e-07,2.0618893e-06,8.393819e-07,1.8130148e-06
ISIC_0033433,1,0.0002449936,0.9997197,1.6051625e-07,2.753049e-07,2.519031e-05,1.2003306e-06,8.493961e-06
ISIC_0032934,1,9.213273e-05,0.99836093,5.96008e-07,1.1602003e-06,0.0015368217,1.3315145e-07,8.155532e-06
ISIC_0033742,1,0.0017091118,0.9982886,7.397602e-11,1.24798545e-08,1.4805947e-07,3.638095e-07,1.8035649e-06
ISIC_0034127,1,0.0021029927,0.9975963,1.6816815e-09,3.255829e-08,1.4531988e-06,6.8639216e-05,0.00023059429
ISIC_0033111,1,0.0006271577,0.9993549,3.4479903e-09,3.5053208e-10,6.6216033e-09,1.614074e-05,1.8664921e-06
ISIC_0033077,1,4.9076567e-05,0.9999502,2.7013172e-08,3.9268492e-08,2.997919e-07,3.0795043e-08,4.28193e-07
ISIC_0033951,1,9.8279306e-05,0.99977905,3.0510442e-05,1.7170267e-06,7.905916e-05,9.168372e-07,1.0480776e-05
ISIC_0033149,1,0.00048467258,0.99936336,3.3506447e-05,3.2461023e-06,4.8778238e-05,1.1582692e-06,6.530656e-05
ISIC_0033343,1,0.0073991423,0.7434519,5.200148e-05,0.21285325,0.009283467,0.0015047105,0.025455566
ISIC_0033502,1,0.0025806138,0.95513916,2.178769e-06,0.035490703,0.0010152583,0.0001403673,0.005631724
ISIC_0033764,1,0.59419316,0.40303686,0.0009197484,0.00078413566,0.00089442957,8.325856e-05,8.83921e-05
ISIC_0033934,1,0.63491964,0.36330903,0.0002707132,0.00046289925,0.000698347,0.00017460315,0.00016468858
ISIC_0032565,1,0.89752644,0.09943716,3.5571204e-05,5.2850028e-05,0.0029114431,5.475003e-06,3.1040552e-05
ISIC_0033443,1,0.03550594,0.9617494,8.9518275e-05,5.8132395e-07,0.00020073268,3.0074305e-05,0.0024238445
ISIC_0032593,1,3.820082e-06,0.99999535,4.5210444e-10,3.2518757e-09,5.9085497e-08,3.7693076e-07,4.653231e-07
ISIC_0033935,1,0.010179515,0.9894627,1.1037793e-05,8.127593e-07,5.101284e-05,2.0074744e-06,0.00029289137
ISIC_0033703,1,0.07979828,0.9201849,7.346357e-07,1.5123321e-08,1.3109149e-05,1.943002e-07,2.7937833e-06
ISIC_0034245,1,0.084104285,0.9158718,1.1507511e-05,6.7418654e-08,8.446933e-06,8.6775935e-07,2.9571945e-06
ISIC_0032708,1,0.0028603121,0.9971077,1.3206353e-08,3.7087884e-09,1.2224199e-07,3.1564574e-05,2.1990027e-07
ISIC_0033574,1,8.303459e-07,0.9999957,2.2706175e-09,2.9208197e-08,7.032238e-09,2.9869502e-06,4.2261303e-07
ISIC_0033954,1,1.832765e-05,0.99981505,3.7280197e-09,1.345546e-07,0.00016604911,2.4603534e-07,2.445982e-07
ISIC_0033771,1,5.8846308e-05,0.99993706,6.4988337e-10,4.0157486e-09,3.6140705e-06,4.2513452e-07,2.4690445e-08
ISIC_0034035,1,0.00015624675,0.9998419,9.896002e-09,9.63955e-09,3.6824204e-07,1.4376619e-06,4.7365784e-08
ISIC_0033880,1,3.654145e-06,0.9999963,7.245463e-11,1.5201403e-11,1.4061527e-10,7.7314066e-10,1.4407553e-08
ISIC_0033994,1,3.2417827e-07,0.9999995,5.6504756e-09,1.4043292e-10,1.3093172e-08,1.2357343e-08,1.2382736e-07
ISIC_0032755,1,6.2060155e-07,0.9999993,3.7787357e-10,5.5145246e-11,4.482193e-10,5.7020227e-08,6.0469375e-08
ISIC_0033724,1,4.5792575e-07,0.99994445,1.5389424e-10,6.971169e-09,4.36501e-05,9.572486e-07,1.0520808e-05
ISIC_0033786,1,0.9998683,0.00011252449,2.6870884e-08,1.0816782e-08,4.134986e-06,2.0594658e-07,1.4748942e-05
ISIC_0034009,1,0.05566376,0.93046707,3.635209e-05,0.00022934857,0.013477264,3.346547e-06,0.00012282796
ISIC_0034305,1,0.0041627837,0.99525106,4.043244e-06,3.2620996e-05,0.00048498696,6.463606e-06,5.8136186e-05
ISIC_0034097,1,0.00050876033,0.9992694,1.167401e-06,0.00010532407,5.785142e-05,1.28922675e-05,4.4687487e-05
ISIC_0033021,1,0.00013331628,0.99986506,5.5429698e-08,6.588606e-08,3.6771063e-08,5.4266974e-07,7.722829e-07
ISIC_0033835,1,0.0076100016,0.99237376,3.9826404e-08,1.3905397e-07,1.8894328e-08,1.37948155e-05,2.2459258e-06
ISIC_0034247,1,0.050263777,0.9489761,6.667262e-08,1.1962409e-08,0.0007564677,2.683987e-07,3.4129803e-06
ISIC_0033455,1,0.019032154,0.9788392,1.646629e-07,4.986885e-06,0.0017035463,1.753656e-06,0.00041820714
ISIC_0034056,1,0.0022200912,0.9975412,2.4930664e-08,3.02474e-08,0.00023802169,6.182332e-08,5.518836e-07
ISIC_0034069,1,0.20827597,0.7917091,1.0717391e-06,3.3148788e-07,3.3477781e-06,3.1303948e-06,6.930515e-06
ISIC_0032673,1,0.00047332005,0.9985415,2.0862199e-06,5.4987294e-07,0.00097577076,3.3751073e-06,3.4910431e-06
ISIC_0033684,1,0.04459294,0.9539027,7.811072e-05,7.012268e-06,0.0013354609,6.114957e-05,2.2591797e-05
ISIC_0033723,1,0.64560616,0.28845185,0.0012927905,0.06389444,1.1226165e-05,9.578564e-05,0.000647717
ISIC_0033396,1,0.008339953,0.986094,0.0005566531,0.003873781,0.0004145759,0.00023886184,0.00048216415
ISIC_0032881,1,0.00020979106,0.9997855,4.5998345e-07,8.307599e-07,1.6004086e-07,2.2102886e-06,1.0222303e-06
ISIC_0034209,1,0.07569021,0.89652807,0.0020814796,0.0003734105,0.02510688,5.596734e-05,0.00016391804
ISIC_0034297,1,0.0029790816,0.99299836,2.4524064e-05,5.430166e-05,0.003906758,2.652837e-05,1.0454403e-05
ISIC_0034171,1,1.6186307e-08,1.0,9.998161e-10,1.5296135e-10,1.2578791e-08,2.9168516e-08,1.0602207e-08
ISIC_0033996,1,1.3381748e-06,0.99931383,4.1522222e-07,9.551103e-08,0.00067979447,8.6937456e-07,3.6257431e-06
ISIC_0034124,1,0.012381679,0.98761684,8.482408e-09,1.9223562e-07,2.2161747e-07,1.2299788e-08,1.0007108e-06
ISIC_0033861,1,0.0094437655,0.9903742,3.2387845e-06,4.0042346e-06,8.740354e-05,5.368352e-07,8.6778964e-05
ISIC_0032519,1,0.0031374274,0.9965648,4.649842e-06,1.0497795e-07,9.5177785e-07,0.0002565422,3.5605724e-05
ISIC_0034090,1,1.802566e-05,0.9976313,0.0018157909,1.4843433e-05,8.682739e-06,0.0003630877,0.00014821035
ISIC_0032896,1,0.00024410458,0.9997055,6.0113807e-06,3.398565e-08,1.8596787e-05,8.508256e-06,1.7265873e-05
ISIC_0034166,1,5.0806723e-09,0.9999999,1.7898517e-10,9.245468e-13,1.264212e-08,5.5951386e-09,8.7838615e-08
ISIC_0033143,1,5.4372276e-06,0.9999931,1.4325369e-10,3.9049278e-10,4.4871058e-08,1.4667802e-06,7.891124e-09
ISIC_0032744,1,2.1600617e-05,0.99997675,8.157582e-10,4.2270358e-08,3.8057223e-07,7.9906243e-07,4.0070628e-07
ISIC_0033585,1,0.333631,0.664632,0.00094811403,3.1972568e-06,1.935492e-05,0.00070858584,5.7756457e-05
ISIC_0033319,1,5.8615246e-05,0.9999291,1.9983173e-07,1.11313145e-08,4.943996e-07,3.249969e-06,8.352174e-06
ISIC_0029306,1,0.99424696,0.0057514287,1.3414167e-07,7.898551e-07,1.3727208e-07,3.567747e-08,4.2453652e-07
ISIC_0028210,1,0.0040398226,0.99582434,0.00011367334,3.102295e-06,1.1621315e-05,5.493886e-07,6.8874306e-06
ISIC_0030626,1,4.923803e-07,0.9999914,1.6805322e-08,3.0363525e-09,8.042228e-06,5.6830927e-09,1.644924e-09
ISIC_0031163,1,3.4473924e-05,0.9999622,1.9677645e-06,1.5799139e-09,1.1895653e-06,6.113861e-08,1.7472658e-08
ISIC_0031053,1,0.017616324,0.9823507,5.6207097e-07,3.9143646e-07,3.0188763e-05,2.8268312e-07,1.6151198e-06
ISIC_0030362,1,3.877584e-05,0.99981195,6.694978e-05,1.0611558e-05,6.5237866e-05,1.2607192e-06,5.24802e-06
ISIC_0031460,1,1.5078951e-05,0.9999707,7.044544e-06,9.2186104e-07,3.014338e-06,2.90436e-07,3.0345022e-06
ISIC_0025887,1,0.8870738,0.10041699,0.00030094694,9.8358005e-06,0.012091973,3.0854176e-06,0.00010332558
ISIC_0028540,1,9.666622e-05,0.99990165,1.7472075e-07,1.5805914e-07,3.9098065e-08,1.1655646e-06,1.2910111e-07
ISIC_0030771,1,0.0831571,0.91673374,0.00010619672,7.967067e-07,2.2917816e-07,1.1801362e-06,7.7937693e-07
ISIC_0026049,1,6.874263e-05,0.4711476,3.5719876e-07,4.2667392e-07,0.5282632,7.8163375e-06,0.0005117908
ISIC_0026370,1,6.5193017e-06,0.9999801,2.876902e-06,3.276704e-10,1.3152143e-07,9.103328e-06,1.3275835e-06
ISIC_0027505,1,0.000506718,0.99949324,6.077757e-09,9.090512e-09,8.1776697e-10,5.4095807e-08,4.4725613e-08
ISIC_0030284,1,7.8079836e-08,0.9999999,1.936133e-10,1.2180234e-11,5.840577e-11,4.6067044e-09,4.6912213e-10
ISIC_0028425,1,1.2084635e-05,0.9999869,2.3848932e-11,1.4867698e-09,2.6563652e-07,3.0193024e-09,7.5540424e-07
ISIC_0029222,1,0.8944879,0.10526641,2.2007463e-05,6.2508764e-07,6.745676e-06,8.884626e-07,0.00021545349
ISIC_0028625,1,0.019602254,0.1971834,0.0049876245,0.00021461655,0.7775759,0.0003191705,0.00011703247
ISIC_0026328,1,4.3342425e-05,0.9998698,4.612884e-05,3.3593963e-07,3.9729304e-05,5.0874707e-08,5.6857795e-07
ISIC_0029334,1,4.3818536e-06,0.99992526,1.7760796e-05,3.7749464e-07,5.194994e-05,2.510036e-08,3.2237014e-07
ISIC_0027933,1,2.1146677e-06,0.99848133,1.0857264e-07,1.8702677e-08,0.0014803894,3.6202582e-07,3.567032e-05
ISIC_0028513,1,0.00012953811,0.9994172,2.2365468e-06,7.6438414e-07,0.0004254891,4.9115724e-06,1.9969459e-05
ISIC_0027670,1,0.04344584,0.95644814,1.9417657e-05,3.7263823e-07,2.2099582e-06,9.1191396e-07,8.311912e-05
ISIC_0027097,1,0.008657813,0.9912176,5.3316147e-05,6.770416e-06,5.3232957e-06,6.186088e-06,5.308272e-05
ISIC_0029431,1,0.0013146652,0.9986829,1.7032486e-06,6.793225e-08,3.828384e-09,1.953586e-07,3.5086796e-07
ISIC_0024674,1,0.010869711,0.98909795,1.0707847e-05,9.210556e-07,4.1978706e-06,9.447416e-06,7.099608e-06
ISIC_0028868,1,0.00012117575,0.9998265,5.1651976e-05,8.2142854e-08,2.4363398e-08,3.075291e-08,5.183371e-07
ISIC_0026419,1,1.1019727e-06,0.9994937,1.0787649e-10,6.9178925e-12,7.8291936e-13,6.2222966e-08,0.0005050779
ISIC_0027052,1,1.2519525e-06,0.9956291,1.0238275e-09,7.300519e-09,1.6456265e-09,6.110642e-07,0.0043690912
ISIC_0029664,1,8.9911464e-07,0.99999774,1.5072211e-09,4.809117e-09,1.1159907e-06,4.6278212e-09,2.3270394e-07
ISIC_0024936,1,0.0062788804,0.9936178,2.9452596e-07,3.4837655e-08,2.0557959e-08,1.0767195e-05,9.2214344e-05
ISIC_0026272,1,2.990296e-07,0.99999607,1.7888648e-07,8.081582e-08,3.1002235e-06,1.10549834e-07,1.2632027e-07
ISIC_0024658,1,2.0916927e-06,0.9999958,6.749996e-07,2.533867e-07,9.2615016e-07,9.0027505e-08,1.5295905e-07
ISIC_0027258,1,0.9857788,0.014147999,4.871823e-08,3.163299e-05,2.164725e-05,1.8162093e-05,1.6647989e-06
ISIC_0028957,1,1.0984779e-06,0.9999964,8.007939e-07,2.360501e-07,1.2224305e-06,8.2209176e-08,1.3422512e-07
ISIC_0027412,1,1.7057506e-05,0.9999826,5.1530282e-09,9.8325415e-08,2.923546e-08,1.2067469e-09,2.462954e-07
ISIC_0029257,1,0.052360512,0.9471608,5.505825e-05,6.59142e-05,1.11892505e-05,2.0746688e-06,0.000344492
ISIC_0030225,1,0.021956941,0.97759956,0.00016571315,5.0039867e-05,3.364019e-05,2.336453e-06,0.00019182297
ISIC_0029313,1,2.3284163e-07,0.99996746,2.303393e-05,1.1604449e-06,2.105635e-08,6.156503e-07,7.5156067e-06
ISIC_0030508,1,5.7479735e-08,0.9999825,2.0311445e-06,3.9634625e-07,5.749969e-08,5.6253566e-07,1.4416364e-05
ISIC_0027902,1,5.1044253e-07,0.99998355,8.2411066e-07,1.4122921e-05,5.151304e-07,4.4989898e-07,3.2328963e-08
ISIC_0027226,1,1.24059125e-05,0.9999486,1.0579656e-06,3.7497783e-05,2.5821333e-08,1.9316236e-07,7.253038e-08
ISIC_0028263,1,1.7606502e-05,0.99928266,0.00064733403,7.1236934e-07,1.0256709e-06,3.223821e-05,1.835864e-05
ISIC_0028610,1,1.2953044e-05,0.99975795,0.00015701183,9.4252734e-08,1.3633296e-06,6.66237e-05,3.9580727e-06
ISIC_0031360,1,3.845649e-06,0.99983275,0.00015056906,1.9646738e-07,1.818545e-07,6.4795863e-06,5.9111744e-06
ISIC_0031657,1,0.00052320695,0.9994661,1.0135746e-05,2.5857298e-07,8.368294e-09,2.4412256e-07,1.0258139e-07
ISIC_0030077,1,0.00025757402,0.99965346,8.040825e-05,6.702576e-06,1.00476335e-07,1.1399308e-06,5.6569195e-07
ISIC_0029865,1,0.0034804686,0.99633265,0.00017997499,1.8561825e-06,2.0734028e-06,1.271294e-06,1.5482459e-06
ISIC_0025662,1,0.0044827256,0.99550927,6.910232e-07,4.1337796e-07,3.0554868e-06,1.7538187e-06,2.116837e-06
ISIC_0027510,1,0.1307326,0.8692094,2.046534e-05,8.201389e-07,8.064553e-06,1.7347651e-05,1.1264329e-05
ISIC_0024355,1,0.577019,0.42293766,3.6158935e-06,7.217253e-06,3.0304047e-05,3.1705497e-07,1.908794e-06
ISIC_0024394,1,0.0043509053,0.9956269,3.3113454e-06,7.6228994e-06,6.3592715e-06,1.7559777e-06,3.0507174e-06
ISIC_0029516,1,0.002088358,0.9979055,2.1960484e-06,2.1193518e-06,1.1178311e-06,1.9724628e-07,4.2956594e-07
ISIC_0030066,1,1.2658342e-06,0.9999336,5.1540243e-05,4.3949868e-07,6.6706525e-06,1.7499591e-06,4.6513887e-06
ISIC_0030588,1,4.298397e-06,0.99999034,2.5784036e-07,2.2617048e-06,1.00961e-06,7.4091537e-07,1.0681601e-06
ISIC_0025511,1,5.3969156e-06,0.9999795,1.1709767e-06,1.2879553e-06,3.3695773e-07,3.1154357e-06,9.16088e-06
ISIC_0029640,1,0.00011401818,0.99984396,2.7382845e-05,2.9463018e-07,5.5892515e-06,7.1546547e-06,1.6708454e-06
ISIC_0029724,1,0.00038264733,0.9992736,0.00017620513,9.3808524e-07,5.624034e-05,8.911402e-05,2.1300893e-05
ISIC_0027707,1,0.0063767456,0.99102753,0.0004532361,9.28253e-06,0.0011026365,0.000975973,5.4626486e-05
ISIC_0031541,1,1.5198504e-10,0.99999976,1.3541829e-10,1.0083652e-09,2.0773377e-10,5.9602012e-08,2.2107886e-07
ISIC_0027596,1,3.5955253e-10,0.99999774,1.9528081e-09,2.7647072e-08,1.9827322e-09,2.0850139e-07,2.0299558e-06
ISIC_0028960,1,2.4686791e-10,0.999998,4.8228557e-11,2.1038233e-09,1.3786688e-09,1.4085852e-07,1.934644e-06
ISIC_0025240,1,0.0027581207,0.9971487,3.6275283e-05,2.026381e-05,3.0283421e-05,8.664451e-07,5.618788e-06
ISIC_0026933,1,9.540772e-05,0.9999007,7.3742103e-07,2.3902562e-06,8.437357e-08,6.206612e-07,1.0840974e-07
ISIC_0027122,1,0.000105634324,0.99924207,1.2286233e-06,7.1952686e-06,0.0005976861,2.4078042e-06,4.3890213e-05
ISIC_0031340,1,0.00012934391,0.9997631,2.8295794e-06,1.7184318e-05,4.3654007e-05,4.089426e-06,3.9833638e-05
ISIC_0024793,1,5.2580843e-05,0.99987245,3.3391434e-06,7.0063807e-06,5.9210823e-05,2.1707643e-07,5.1020747e-06
ISIC_0024938,1,0.34261858,0.21361823,0.44259727,0.0010671844,4.6558516e-06,1.1264406e-05,8.280207e-05
ISIC_0030065,1,0.50808185,0.49160329,0.00027118376,1.8829152e-05,2.303126e-06,6.520848e-06,1.60203e-05
ISIC_0025231,1,0.15839687,0.36072823,0.47501516,0.005027086,0.0001290373,0.00041383834,0.00028980462
ISIC_0030945,1,0.000997147,0.74817383,0.00042561512,0.08938144,0.160972,3.948564e-06,4.597489e-05
ISIC_0026611,1,0.56149876,0.43848956,8.867008e-06,3.0121097e-08,2.5892382e-07,1.3910165e-08,2.507883e-06
ISIC_0029269,1,0.97809654,0.021841003,6.010055e-05,6.2525913e-07,1.16682344e-07,3.1651072e-07,1.2344397e-06
ISIC_0028115,1,3.469309e-06,0.999959,6.1392484e-07,2.0010212e-08,3.5899782e-05,1.0147284e-07,8.5343686e-07
ISIC_0028030,1,6.526002e-07,0.99999404,1.9049586e-06,1.3655585e-07,4.7648993e-07,1.6336404e-06,1.1137124e-06
ISIC_0031725,1,0.019998852,0.97960943,9.969807e-06,3.152206e-06,3.1254153e-06,5.0272624e-06,0.00037049517
ISIC_0030397,1,2.5230542e-05,0.99994886,4.2837954e-07,2.1786134e-06,1.7681118e-06,8.8707594e-08,2.1491955e-05
ISIC_0027390,1,0.011962977,0.98779464,4.3905597e-08,1.5146072e-06,4.522634e-05,4.9898365e-05,0.00014568199
ISIC_0028758,1,0.0012100626,0.0001857707,4.7395995e-05,0.9956666,0.0028009533,2.53532e-06,8.6578635e-05
ISIC_0027147,1,0.0002105515,0.9969043,0.0015901971,0.0010093075,0.00024542643,1.5330068e-05,2.4809986e-05
ISIC_0031510,1,0.8712027,0.120325245,0.0002903995,0.008172789,3.7951522e-06,3.7695957e-06,1.2438444e-06
ISIC_0028757,1,2.1638768e-07,0.9999876,6.936478e-06,6.2798875e-07,8.8181984e-08,7.4350464e-07,3.7978396e-06
ISIC_0027323,1,0.001633504,0.9983615,8.6963095e-09,3.809464e-06,6.91485e-10,2.6751763e-07,8.7569214e-07
ISIC_0032274,1,1.3914561e-06,0.9999685,9.014769e-07,1.2220565e-05,4.727376e-08,3.922591e-06,1.2907059e-05
ISIC_0031070,1,0.510282,0.4895489,7.155591e-06,0.00015700365,2.6281632e-06,1.6265437e-06,7.5890586e-07
ISIC_0025633,1,2.6577365e-07,0.99998987,6.5015234e-07,5.074956e-07,7.981117e-09,7.4305626e-07,7.986489e-06
ISIC_0032163,1,0.0003094685,0.999671,1.0542252e-07,6.568822e-06,2.1531753e-06,6.3224234e-06,4.438731e-06
ISIC_0025562,1,8.147148e-06,0.9992893,2.9589557e-06,0.00048744705,0.00016447394,3.2156427e-06,4.4403278e-05
ISIC_0032474,1,0.000101577425,0.9998927,1.03224714e-07,9.408192e-07,6.507157e-07,9.203741e-07,3.048984e-06
ISIC_0029438,1,2.995365e-05,0.9995927,0.00037219378,1.3811028e-06,1.9126699e-06,1.4707163e-06,4.153167e-07
ISIC_0027495,1,0.00012672754,0.9997429,7.555325e-09,0.00012319384,1.9835997e-09,6.9809303e-06,1.1611212e-07
ISIC_0029583,1,8.708178e-06,0.9894804,2.8647724e-08,0.009366755,1.792183e-05,0.0011206502,5.5455052e-06
ISIC_0030399,1,0.0003134691,0.9929603,8.628732e-05,0.0019809145,0.0030776039,0.0015720715,9.386695e-06
ISIC_0031353,1,0.42230856,0.57698,9.868327e-06,3.0245468e-05,0.0006480482,1.971002e-06,2.1323656e-05
ISIC_0031932,1,0.00013291679,0.9993561,2.2148022e-05,9.836982e-05,0.00032253884,2.3650064e-05,4.4226374e-05
ISIC_0026987,1,2.6893383e-06,0.99999654,4.871397e-10,4.1404942e-07,2.1237045e-09,1.7774974e-07,2.7844897e-07
ISIC_0027671,1,9.278879e-06,0.99998343,3.137871e-06,3.871174e-08,3.87371e-07,3.5248454e-06,1.7954224e-07
ISIC_0026546,1,7.051721e-05,0.99992704,2.9818685e-07,6.1943153e-09,5.47541e-08,1.4196722e-06,5.958884e-07
ISIC_0025506,1,9.381374e-05,0.9985222,1.0399243e-05,4.445742e-05,0.0013105489,1.7968401e-05,6.5582736e-07
ISIC_0025013,1,4.982613e-07,0.9999989,5.582158e-10,4.735188e-09,1.2352186e-10,5.341032e-07,6.246304e-08
ISIC_0027724,1,2.5230129e-06,0.99999607,7.3287545e-08,2.013067e-07,7.250612e-07,2.774662e-07,1.3485288e-07
ISIC_0030796,1,0.061459027,0.9381385,5.651976e-06,0.00038395647,4.8784173e-06,6.2185673e-06,1.7893e-06
ISIC_0025118,1,0.00047607877,0.9995165,2.5555508e-07,3.4683294e-06,1.85455e-08,3.247762e-07,3.3940523e-06
ISIC_0026512,1,0.67909056,0.32087085,6.5252675e-06,1.4032427e-05,8.169017e-06,2.804722e-06,7.0765204e-06
ISIC_0029183,1,0.029077288,0.97083324,6.589647e-05,8.754062e-06,3.0361152e-06,2.2471274e-06,9.537589e-06
ISIC_0029298,1,0.029228974,0.9705502,6.703213e-09,0.00020261014,9.932026e-06,6.1615884e-07,7.716864e-06
ISIC_0024790,1,0.0009308359,0.999067,6.1446706e-08,1.5378387e-06,2.0896898e-08,4.303092e-09,5.4422696e-07
ISIC_0028551,1,4.319745e-05,0.9982994,0.0015084274,0.00013738849,2.3710475e-06,1.3789666e-07,9.109321e-06
ISIC_0024963,1,0.00016343418,0.9995097,4.777342e-08,0.00030116388,1.6653712e-05,8.272586e-06,7.221834e-07
ISIC_0025305,1,0.0007767147,0.99921834,9.186391e-09,1.422614e-06,1.151556e-06,1.2664605e-06,1.0056577e-06
ISIC_0029577,1,0.007673337,0.9923098,7.930234e-06,8.6915725e-07,4.4465232e-06,6.5594855e-07,2.9804414e-06
ISIC_0024560,1,0.0072634174,0.9909446,0.0004840764,0.0010766223,4.650416e-05,1.2933643e-05,0.00017181935
ISIC_0029046,1,0.009827611,0.98960084,0.0002875883,0.000110709065,0.00017210982,1.9286848e-07,9.961816e-07
ISIC_0030328,1,0.0047045127,0.99507195,6.9585826e-07,0.00018577381,4.3612275e-07,1.2487853e-06,3.5341414e-05
ISIC_0031363,1,7.9458516e-07,0.9999856,5.735118e-10,1.2707533e-05,2.0068145e-09,4.3264757e-07,3.371761e-07
ISIC_0029369,1,9.712325e-06,0.999987,4.6538133e-09,4.77229e-08,2.1902336e-08,2.8130023e-06,3.4671518e-07
ISIC_0028507,1,3.250496e-05,0.99994755,4.942686e-06,8.027944e-06,1.0575922e-06,5.198249e-06,7.5186864e-07
ISIC_0029773,1,0.00018507405,0.9998023,5.011175e-07,3.7942002e-06,4.3737913e-08,8.1166645e-06,1.4846863e-07
ISIC_0026452,1,0.04890518,0.95071995,1.0741023e-05,4.6500696e-05,7.1105765e-06,0.00029978203,1.0825442e-05
ISIC_0027007,1,0.09704895,0.8076362,0.08851741,0.006734372,4.6457924e-05,8.549676e-06,8.037938e-06
ISIC_0026655,1,0.30475554,0.69361806,0.0011211586,0.0003201126,0.00016973146,7.358229e-06,8.031646e-06
ISIC_0028983,1,0.00086536,0.9991177,1.567866e-05,1.5992518e-08,2.357181e-07,9.872834e-07,5.0949037e-08
ISIC_0031612,1,0.0002724295,0.9996588,8.295367e-09,2.6198204e-05,3.5106885e-05,4.923323e-06,2.5090874e-06
ISIC_0030115,1,0.0001579258,0.98592675,8.574387e-05,0.012330498,0.0011684627,2.320395e-05,0.00030742513
ISIC_0028364,1,0.084268674,0.91355306,0.0015628991,0.00014181565,0.00042353332,7.062602e-07,4.9403236e-05
ISIC_0026885,1,0.4877841,0.51073116,0.00057170464,1.9288857e-06,0.0009090932,1.18513256e-07,1.8827446e-06
ISIC_0025902,1,1.739568e-05,0.9998826,8.374036e-08,9.8916884e-05,3.9765613e-08,1.454499e-07,8.698146e-07
ISIC_0030704,1,1.7833985e-08,0.98856586,4.659682e-08,0.0113207735,3.735158e-08,7.709376e-05,3.6237336e-05
ISIC_0027568,1,0.4791439,0.30024534,2.2025057e-05,0.22011945,1.9726118e-05,0.00041008313,3.9527957e-05
ISIC_0029679,1,0.00014236353,0.9970618,8.4421035e-06,0.0016717687,8.7542256e-05,0.0010232067,4.8054703e-06
ISIC_0026053,1,0.23492543,0.7623579,0.00062390015,0.0020132966,1.762965e-05,7.854464e-06,5.4034885e-05
ISIC_0025443,1,2.1389635e-05,0.99693906,7.030924e-05,0.002808671,0.00013215069,2.047809e-06,2.6394293e-05
ISIC_0028599,1,0.04029908,0.0049491706,0.0015358217,2.0094917e-06,0.9526567,5.0225174e-07,0.0005567132
ISIC_0028378,1,2.5605012e-05,0.9999733,1.1858043e-08,6.6566906e-07,3.2720006e-08,4.8516863e-08,3.3077913e-07
ISIC_0026852,1,0.00097164034,0.9986205,9.34068e-08,0.0004063091,5.3170226e-07,9.366674e-08,8.372536e-07
ISIC_0026491,1,0.99951863,0.0003419608,2.546806e-08,2.5441444e-05,0.00011194034,1.5711359e-07,1.907548e-06
ISIC_0028808,1,0.00047304705,0.9993166,2.3017768e-09,0.0001717454,4.4432147e-07,2.4391745e-06,3.5805588e-05
ISIC_0026513,1,0.0012034983,0.9987739,2.0268487e-10,4.910064e-06,7.2016434e-08,1.2078163e-05,5.666625e-06
ISIC_0027540,1,0.7111517,0.003986944,3.7387013e-06,0.06962111,7.599998e-06,3.5413974e-05,0.21519348
ISIC_0031700,1,1.3610043e-05,0.99919814,0.00040403122,0.000101243604,0.00026458962,1.6460781e-06,1.6713471e-05
ISIC_0027073,1,0.0071993936,0.8058181,0.0065555447,0.17510372,0.00018110823,0.00015849402,0.004983696
ISIC_0024959,1,9.515251e-07,0.99999547,1.3873868e-12,2.4935185e-09,1.1334369e-12,3.6187375e-06,5.5222905e-08
ISIC_0028202,1,0.006921282,0.9930782,1.7963226e-08,1.03309134e-07,1.7519766e-10,3.116992e-07,8.642542e-08
ISIC_0028857,1,0.010106957,0.98987424,4.3805707e-07,9.303912e-07,8.0753e-06,7.283718e-08,9.263261e-06
ISIC_0025476,1,0.02919207,0.96658915,0.004162679,5.9516465e-06,3.2056167e-05,9.6380045e-06,8.304288e-06
ISIC_0026437,1,0.040165983,0.7783923,4.049549e-05,0.07578629,0.10509682,6.9167225e-05,0.00044887562
ISIC_0025424,1,0.035841092,0.9641515,1.9473624e-10,6.1259566e-06,4.8479715e-10,1.8786946e-07,1.0353209e-06
ISIC_0027503,1,0.6866199,0.3133521,1.3317084e-08,2.101332e-05,1.7922925e-09,2.0525301e-06,4.903109e-06
ISIC_0027181,1,6.48306e-06,0.8669393,2.0777134e-05,8.830539e-05,0.12672925,0.0045772386,0.0016386398
ISIC_0025983,1,0.0005507347,0.99924433,4.0614705e-07,0.00019382626,9.010152e-06,3.490235e-07,1.3917524e-06
ISIC_0026818,1,1.5069448e-05,0.99997926,9.626523e-09,6.8921544e-08,5.103812e-06,2.78817e-07,1.9775081e-07
ISIC_0032251,1,0.008706272,0.9911226,5.3635118e-05,1.9537682e-05,7.5617376e-05,2.1738339e-05,6.283822e-07
ISIC_0032253,1,0.000642773,0.94798464,0.03805195,0.003715175,0.009382908,0.000110119145,0.000112451584
ISIC_0024476,1,0.056256693,0.93750024,0.0039500473,0.0003795265,0.0017271007,1.39347085e-05,0.00017241293
ISIC_0026551,1,0.001040418,0.99691004,5.2210613e-05,0.0018115249,4.815209e-05,3.476703e-05,0.00010290497
ISIC_0024596,1,0.0009254238,0.9951109,1.6855422e-05,0.0037615146,1.452366e-05,5.0938448e-05,0.00011987232
ISIC_0030966,1,0.00022318406,0.9996958,5.4663883e-07,6.078775e-05,7.9701806e-08,4.236356e-06,1.5344813e-05
ISIC_0026029,1,0.0032754445,0.9966989,9.941703e-06,3.3927498e-07,4.8838474e-06,1.0066272e-05,2.9508954e-07
ISIC_0028032,1,0.14248885,0.85743743,1.8434722e-06,3.5108307e-05,3.2926328e-05,9.777805e-07,2.9009414e-06
ISIC_0026359,1,1.06215936e-07,0.99999714,2.132507e-08,2.2814208e-06,8.934014e-08,3.3216628e-07,4.3576552e-08
ISIC_0031076,1,2.7245164e-07,0.99999905,7.2077375e-09,3.0234492e-08,4.822714e-07,1.407028e-07,5.4379598e-08
ISIC_0025684,1,9.504333e-05,0.9998926,8.7530365e-11,1.2228346e-05,3.850666e-09,1.8652855e-08,4.0689475e-08
ISIC_0029054,1,0.029409666,0.97045374,6.675382e-06,0.000113008835,1.2178525e-05,2.4687424e-06,2.261868e-06
ISIC_0028150,1,1.3982717e-05,0.9999839,2.6242645e-08,1.3031783e-07,7.898479e-08,1.8804456e-06,3.5349327e-08
ISIC_0025214,1,0.029343233,0.918099,0.024850342,0.027461689,0.00011547937,8.124811e-05,4.8977465e-05
ISIC_0030069,1,0.0016244753,0.99831235,6.9480556e-08,4.123001e-05,8.449479e-07,3.7026112e-07,2.077912e-05
ISIC_0026133,1,0.0002292867,0.99972016,7.6817815e-07,1.7060576e-05,3.9658994e-06,3.0455504e-07,2.845954e-05
ISIC_0028905,1,0.019256208,0.98073524,1.9990646e-06,6.7640616e-07,6.910158e-07,4.119664e-06,1.0258597e-06
ISIC_0028355,1,7.0948563e-09,0.99661934,4.151661e-08,4.2049844e-08,1.6046698e-07,0.003337391,4.3022508e-05
ISIC_0025171,1,3.9675527e-08,0.99983656,0.00014197794,8.159881e-09,9.1874774e-10,1.3174671e-05,8.1161e-06
ISIC_0030742,1,0.31046113,0.6532056,0.0006569981,0.016261583,0.017038384,0.0019365812,0.0004396874
ISIC_0028441,1,0.0006532637,0.20283286,0.0018878797,0.024718197,0.74511665,0.024720455,7.064289e-05
ISIC_0031374,1,0.02282494,0.85623676,0.00017138121,0.0006648001,0.10986447,0.010205266,3.2406417e-05
ISIC_0030008,1,3.506136e-05,0.99986696,1.9154247e-07,4.5050982e-07,3.614739e-05,5.885077e-05,2.3200248e-06
ISIC_0027197,1,0.022847896,0.9768943,0.00020440009,7.17806e-07,1.0420357e-06,3.4448694e-05,1.7161492e-05
ISIC_0027627,1,6.3495776e-07,0.99999845,2.1795401e-08,8.203226e-10,1.075127e-09,7.696432e-07,2.1730283e-07
ISIC_0031081,1,0.7975218,0.16821203,3.8094647e-06,0.00016383977,0.033581406,3.649176e-05,0.00048062648
ISIC_0029983,1,0.16698937,0.8251764,0.00013640246,0.0069914665,0.00037050675,7.2771916e-05,0.00026308617
ISIC_0031583,1,0.00010480102,0.9994654,1.1402772e-06,0.0003603645,1.0994049e-05,5.190808e-05,5.3445483e-06
ISIC_0032459,1,8.273379e-07,0.99330574,6.7549855e-08,1.8961337e-08,1.353126e-06,4.632369e-08,0.006692021
ISIC_0025730,1,0.45903516,0.5134415,0.0006364202,0.02271283,0.0037119603,0.00013253686,0.0003296523
ISIC_0031476,1,0.0037677595,0.97847486,0.015202959,0.0022030815,0.00016308075,8.3321785e-05,0.00010504021
ISIC_0031894,1,6.2405417e-07,0.9999329,2.0938052e-07,1.3216691e-05,1.5290378e-07,5.2791846e-05,1.3882405e-07
ISIC_0025759,1,0.14347245,0.85648566,3.1281303e-07,3.49258e-06,6.93091e-06,1.48731015e-05,1.6317716e-05
ISIC_0031366,1,0.16339499,0.836438,1.382542e-05,3.9218052e-05,3.819547e-06,0.00010148319,8.677623e-06
ISIC_0025640,1,0.0004762295,0.99951553,5.892784e-07,9.2938257e-07,4.88604e-07,6.372122e-07,5.585854e-06
ISIC_0031802,1,1.1758514e-06,0.99998057,1.7167112e-08,1.4218979e-07,2.65011e-08,1.6466596e-05,1.6119907e-06
ISIC_0026825,1,0.0032302632,0.06619191,0.00013131338,0.0008331204,0.9284346,0.0007099872,0.00046875383
ISIC_0030625,1,8.664787e-06,0.9999896,1.6559492e-08,2.5553834e-07,9.56357e-10,1.3545e-06,1.5806839e-07
ISIC_0024684,1,1.7016221e-06,0.9996903,1.4633373e-07,1.2001155e-06,0.00029677578,9.225254e-06,7.3529066e-07
ISIC_0028230,1,0.02975901,0.9568145,4.389682e-07,9.176339e-05,0.013325735,1.8563902e-06,6.7052947e-06
ISIC_0032233,1,0.00258161,0.9974051,1.0745184e-07,1.9133954e-06,6.638151e-07,2.496795e-06,8.039065e-06
ISIC_0028116,1,0.3146209,0.68515617,2.6423068e-06,9.535978e-06,2.9417231e-05,0.00017366608,7.70919e-06
ISIC_0026111,1,0.0016890333,0.9962846,0.0018776866,0.000109174354,1.0275027e-05,1.2489344e-08,2.9171288e-05
ISIC_0026231,1,0.004940035,0.99487805,4.9858734e-08,7.4321542e-06,1.3995013e-08,6.367947e-05,0.00011065511
ISIC_0027005,1,0.010131127,0.04030838,1.9107783e-06,3.0129717e-05,0.9495075,2.3194268e-06,1.863727e-05
ISIC_0031871,1,0.003382473,0.99654204,1.1550936e-05,1.2082262e-06,5.3711952e-05,1.1746121e-06,7.837915e-06
ISIC_0029075,1,0.00020514707,0.99933714,8.326208e-06,3.7973716e-06,0.00040460727,6.6404286e-06,3.4277175e-05
ISIC_0028887,1,0.013658211,0.98624307,1.456991e-05,1.3501972e-06,7.249498e-05,5.545863e-06,4.833637e-06
ISIC_0031107,1,4.9052982e-05,0.99964404,1.602856e-06,0.00028754142,5.875931e-09,3.8638823e-06,1.3956826e-05
ISIC_0026022,1,3.3761848e-05,0.9996916,1.8309098e-06,2.1780104e-05,3.0039305e-06,1.1867367e-05,0.00023606222
ISIC_0027639,1,0.9214173,0.058083266,6.145069e-06,0.00036702582,0.01835867,1.1891721e-05,0.0017557663
ISIC_0031314,1,0.0014372003,0.9962543,2.43241e-06,0.0011980212,0.00084762124,9.344098e-06,0.00025095773
ISIC_0029182,1,6.336657e-07,0.9993044,3.3688395e-06,7.3171313e-06,0.00067726476,5.7306816e-06,1.368496e-06
ISIC_0030635,1,9.762308e-07,0.99989355,6.7545147e-09,5.1231726e-08,5.9885086e-05,2.4465104e-05,2.1088688e-05
ISIC_0030817,1,8.061479e-05,0.999356,0.000148466,1.705672e-05,0.00039170383,8.192661e-07,5.385886e-06
ISIC_0029470,1,0.043353137,0.95570064,0.00030272538,6.0944008e-06,0.00059015246,3.5762874e-05,1.1469822e-05
ISIC_0024447,1,0.004600108,0.9953903,1.7009802e-07,4.531494e-07,8.668614e-06,7.695906e-08,1.6839441e-07
ISIC_0032279,1,0.012125689,0.9878179,4.6367062e-05,8.753625e-07,7.070237e-06,1.1549652e-06,9.654328e-07
ISIC_0028243,1,0.00030287332,0.9996661,1.7779297e-06,7.4888194e-06,2.538176e-06,1.858469e-05,6.5853703e-07
ISIC_0025436,1,2.5887313e-05,0.99993277,2.2823586e-07,3.9818104e-05,1.16171165e-07,1.041372e-06,1.6610022e-07
ISIC_0029079,1,0.00036349005,0.99744666,5.421885e-05,0.00012847164,0.0009852084,0.0009776553,4.4448218e-05
ISIC_0025571,1,0.3267004,0.6728673,0.00023544242,4.4929144e-05,0.00012867892,1.6575375e-05,6.653285e-06
ISIC_0025776,1,0.00012249651,0.86258364,0.00030297658,0.13696958,1.071691e-06,2.023446e-07,2.0086994e-05
ISIC_0025908,1,6.374002e-05,0.9993098,1.7939117e-05,0.00060775,2.4309973e-08,9.455788e-09,7.377834e-07
ISIC_0028945,1,0.004347283,0.99564606,4.0074665e-06,6.317449e-08,1.4591885e-06,3.1289767e-07,6.447387e-07
ISIC_0030401,1,0.0005225667,0.99918014,0.00029644082,3.250765e-07,1.05722656e-07,8.5207915e-08,3.129303e-07
ISIC_0031131,1,0.0006711021,0.90212107,0.00042153767,0.011671146,0.084347166,0.0001535183,0.00061449205
ISIC_0031473,1,0.000451622,0.00079926127,4.511829e-05,0.98792356,0.01062011,8.337286e-06,0.00015209876
ISIC_0029671,1,2.5280488e-06,0.9999758,3.6960643e-08,1.7784957e-06,1.9715531e-05,1.0439663e-10,9.354034e-08
ISIC_0028787,1,0.016144527,0.97902745,0.00022415332,0.00013623919,0.0044617383,2.8870127e-06,2.9789546e-06
ISIC_0026008,1,0.063632734,0.9304602,0.0046121674,0.0008657521,0.0003918534,1.0216918e-05,2.7043248e-05
ISIC_0026753,1,0.00033671316,0.99961627,1.9386473e-06,2.390463e-06,3.920011e-05,1.3835308e-06,2.0251332e-06
ISIC_0031134,1,1.768461e-05,0.9999331,6.349448e-07,3.479917e-05,5.384024e-06,7.1402005e-06,1.1655422e-06
ISIC_0025488,1,6.1861e-07,0.9999865,9.035687e-10,3.6079828e-07,7.014799e-07,5.3246335e-06,6.4593814e-06
ISIC_0027999,1,0.000107422755,0.9995091,3.7002647e-07,0.00021534531,6.5957056e-07,0.000115593975,5.1588522e-05
ISIC_0031238,1,0.02195967,0.42814463,0.00014473834,0.005485617,0.51172453,0.03202402,0.00051679235
ISIC_0026374,1,0.0068110726,0.2386808,0.00031902676,0.108160585,0.62858754,0.014157195,0.0032836853
ISIC_0024827,1,0.09332258,0.7367003,0.00036448738,0.16924538,0.00029890728,1.1354717e-05,5.7099536e-05
ISIC_0031304,1,0.00051425415,0.9993575,1.0838134e-05,7.9267666e-05,5.8034567e-07,1.8841874e-05,1.8733996e-05
ISIC_0028809,1,0.00028177685,0.99967253,2.1482614e-05,1.146857e-06,6.541201e-06,1.1277095e-05,5.1604366e-06
ISIC_0028865,1,0.035113856,0.9595035,0.0047136797,0.00018341921,0.0003220108,0.00012272738,4.0808027e-05
ISIC_0028464,1,4.8920687e-05,0.9999045,4.154665e-05,2.0888594e-07,2.2672798e-07,1.0932553e-06,3.4555228e-06
ISIC_0025237,1,0.0001289839,0.89529216,0.00049688003,0.10278842,1.0579131e-06,1.2879222e-05,0.001279691
ISIC_0029390,1,5.780506e-06,0.9998547,4.248093e-05,4.6801997e-05,4.5444076e-06,1.359721e-05,3.2026743e-05
ISIC_0027873,1,0.000411047,0.9995776,7.765823e-09,1.0193599e-05,3.5198378e-10,7.575675e-09,1.1671253e-06
ISIC_0027262,1,6.6309665e-05,0.9898645,3.204618e-07,5.543247e-06,2.9007057e-07,2.85383e-06,0.010060223
ISIC_0024916,1,6.268814e-05,0.99772733,2.0101056e-07,1.520205e-06,5.0811607e-08,1.7245321e-07,0.0022080664
ISIC_0030978,1,0.11511155,0.27269915,0.14900613,0.27974555,0.18237063,0.0001218018,0.00094513444
ISIC_0028649,1,1.581128e-05,0.9999082,3.4641303e-08,3.9735416e-05,3.547743e-05,4.838265e-09,7.6032075e-07
ISIC_0027984,1,0.0009883512,0.9989793,1.9628658e-05,8.095853e-07,2.362423e-06,5.252007e-06,4.244481e-06
ISIC_0030810,1,0.7122346,0.057141334,0.00021753758,0.18647853,0.041218363,0.002476002,0.00023368398
ISIC_0026711,1,0.007265606,0.99262434,1.0174809e-05,4.7348156e-05,4.3829164e-05,8.294041e-07,7.907896e-06
ISIC_0028118,1,0.9366891,0.0630441,3.9506296e-05,7.86682e-05,0.00012830718,1.2137306e-06,1.907418e-05
ISIC_0027959,1,0.00011213532,0.99988747,6.1248645e-12,6.7899175e-09,1.2525229e-09,3.7583737e-07,3.4928995e-08
ISIC_0031599,1,0.8263175,0.16261694,8.26976e-06,0.00035791486,5.5194496e-06,0.00011219721,0.01058168
ISIC_0028226,1,1.6735206e-05,0.9962909,8.63268e-08,2.0559633e-06,2.1830198e-05,4.2151743e-05,0.0036263044
ISIC_0032157,1,9.7538854e-05,0.99990106,6.157097e-09,1.9222526e-08,4.1904546e-09,1.2461911e-06,2.226965e-07
ISIC_0030263,1,1.241616e-06,0.9993512,1.3449309e-07,0.00063120894,7.105733e-07,8.537332e-06,6.9325993e-06
ISIC_0028891,1,2.1871145e-05,0.9878554,2.8028214e-06,1.4496989e-05,0.0076726377,0.00014505764,0.004287765
ISIC_0032018,1,2.5291074e-06,0.9991036,5.4043176e-06,2.5525718e-05,5.6250727e-05,2.7019756e-05,0.00077970634
ISIC_0025540,1,0.00025132735,0.9997466,6.024351e-10,5.483534e-08,2.4335878e-07,1.7928296e-07,1.5335243e-06
ISIC_0032333,1,4.250285e-05,0.99986875,1.5520145e-09,5.5556844e-05,7.9172935e-09,2.0372794e-05,1.2749795e-05
ISIC_0028596,1,1.7473236e-05,0.99998033,7.467994e-07,7.1183683e-07,2.9601023e-07,2.937635e-09,4.1842222e-07
ISIC_0024519,1,0.00021217282,0.99963045,1.16000116e-07,4.8150855e-06,9.2769915e-06,2.9736484e-06,0.00014021627
ISIC_0026676,1,1.6527169e-05,0.9999187,1.6927788e-06,2.9664022e-07,1.3672435e-05,1.3991789e-06,4.776788e-05
ISIC_0027211,1,0.0006178212,0.99937385,1.0708496e-07,9.122552e-08,5.0848594e-06,3.9451447e-07,2.6433695e-06
ISIC_0030900,1,0.038346604,0.9616182,6.903929e-06,1.11624075e-07,1.654583e-05,4.9722576e-06,6.6786006e-06
ISIC_0029328,1,0.015699659,0.98348457,2.2872053e-05,8.478125e-07,0.00019041322,0.00058787735,1.3789016e-05
ISIC_0030384,1,0.6105366,0.38930464,1.5108984e-05,4.3924163e-05,8.745181e-05,8.180184e-06,4.097375e-06
ISIC_0029498,1,1.8532397e-07,0.9999764,6.033757e-12,2.507542e-06,5.226769e-10,7.84628e-06,1.3077876e-05
ISIC_0026333,1,7.920553e-06,0.9998963,6.099646e-11,4.7787794e-06,6.3615713e-09,8.8864437e-07,9.014497e-05
ISIC_0028272,1,1.287949e-08,0.9999976,4.6111527e-08,4.011184e-09,5.4012556e-08,2.6655664e-08,2.2199438e-06
ISIC_0026603,1,7.5714556e-06,0.9999839,1.1245012e-07,5.4259424e-08,1.7641817e-06,3.578263e-06,3.055684e-06
ISIC_0028042,1,7.3236663e-07,0.9999914,3.989317e-08,4.9908476e-06,1.1380997e-06,1.5103767e-06,1.7510845e-07
ISIC_0030229,1,4.5172237e-07,0.9999962,1.4954382e-09,7.541045e-08,2.2370327e-07,2.337763e-06,6.1816723e-07
ISIC_0030485,1,1.6232436e-05,0.99860245,2.476494e-07,3.568273e-06,1.5616722e-06,1.0886623e-06,0.0013748315
ISIC_0031803,1,5.2595938e-06,0.99999213,6.6663103e-10,7.305715e-11,1.33503e-07,4.3282764e-08,2.5067088e-06
ISIC_0025278,1,2.70274e-07,0.9999993,4.384349e-09,1.7750959e-10,4.5754636e-10,2.493664e-07,1.4929991e-07
ISIC_0032312,1,1.9810159e-06,0.9999943,3.2403438e-09,2.1314435e-08,1.0583095e-08,3.6249608e-06,1.7742265e-07
ISIC_0028562,1,1.3581016e-06,0.98939604,0.010495974,1.6102718e-09,5.9005142e-05,1.1382698e-06,4.640895e-05
ISIC_0025553,1,1.2100745e-05,0.53525233,0.08455094,2.204669e-07,0.3800421,4.147738e-05,0.000100874706
ISIC_0030589,1,0.0059924414,0.24878915,0.4451986,0.0002617925,0.29948896,0.00024734656,2.18372e-05
ISIC_0030091,1,0.080755144,0.90928936,6.053419e-05,0.008374114,0.0013141998,0.00013689352,6.9797585e-05
ISIC_0026889,1,2.3128882e-06,0.9999944,2.9058986e-10,1.4096819e-09,5.442453e-10,1.8518111e-06,1.4185904e-06
ISIC_0030963,1,0.00012139457,0.9998778,1.4757473e-10,1.5545655e-08,1.9326583e-09,3.615447e-07,4.7549725e-07
ISIC_0029786,1,9.414142e-05,0.9998878,2.5725052e-07,5.815475e-07,2.53859e-07,4.2435468e-06,1.260134e-05
ISIC_0027642,1,0.017190302,0.982665,1.9215364e-08,1.4457736e-07,1.0949691e-08,3.6560483e-05,0.00010803717
ISIC_0030059,1,2.8575448e-07,0.9905856,3.3703294e-05,1.1699309e-06,0.009342869,1.909093e-05,1.7209954e-05
ISIC_0028658,1,0.0019725235,0.9966968,1.943593e-05,1.3985978e-05,0.000705071,5.598968e-06,0.0005865663
ISIC_0030300,1,3.0577944e-08,0.9999993,3.3779573e-11,2.1752837e-09,4.120408e-11,6.609042e-07,1.0796308e-08
ISIC_0030086,1,0.0003250411,0.9996568,3.083343e-08,1.4537852e-05,7.4875e-08,6.5035124e-07,2.9742853e-06
ISIC_0031395,1,0.90758306,0.0049514957,7.6116936e-05,0.08684157,0.00042532105,2.9103358e-05,9.334201e-05
ISIC_0032706,1,0.6311745,0.3687374,7.7405075e-06,1.5285809e-06,3.1395073e-05,1.1632651e-05,3.5814075e-05
ISIC_0033445,1,0.0006720539,0.9993012,2.0188052e-08,1.6015514e-08,1.4097975e-07,1.5766292e-07,2.6463016e-05
ISIC_0033682,1,0.00024373223,0.9997383,4.650606e-07,1.3753893e-07,1.6359203e-05,1.1976195e-07,9.670702e-07
ISIC_0032979,1,0.0007745204,0.9990683,5.2663864e-07,1.2804522e-05,0.00013598008,9.014172e-07,6.893465e-06
ISIC_0033890,1,0.00080418045,0.9977569,2.4759055e-07,2.4798626e-06,0.0014259354,2.0484376e-06,8.277435e-06
ISIC_0033335,1,1.8001987e-05,0.99997365,3.0444693e-09,2.7195009e-08,2.4731068e-09,5.1277484e-06,3.2603618e-06
ISIC_0032616,1,4.6447192e-07,0.9999994,1.0195785e-08,3.4625736e-10,2.2130418e-08,2.5081066e-08,6.884016e-08
ISIC_0033225,1,0.0005613595,0.99943835,6.538992e-09,1.3111363e-11,8.156029e-08,1.1956104e-07,1.7612562e-08
ISIC_0033615,1,0.0004795087,0.9994616,8.698174e-07,3.1887268e-07,5.5930024e-05,1.5848887e-06,1.581373e-07
ISIC_0034163,1,1.5965261e-06,0.99820065,3.817261e-06,3.0913038e-06,0.0017887503,9.629184e-08,1.9549e-06
ISIC_0034277,1,1.1913727e-06,0.9999479,1.3619802e-05,7.7718346e-07,3.631289e-05,7.436074e-08,5.4938724e-08
ISIC_0034147,1,2.6637676e-05,0.99986744,1.5514577e-07,9.946299e-05,3.0308545e-06,1.8256136e-06,1.5003748e-06
ISIC_0033247,1,2.1381215e-05,0.9999119,5.7932295e-09,3.1787054e-05,2.1051519e-05,6.144222e-06,7.5893013e-06
ISIC_0033918,1,1.06943375e-07,0.9998778,1.63614e-08,2.0445762e-08,0.00012203672,9.624408e-09,3.2139695e-08
ISIC_0032889,1,0.00022689161,0.98237014,2.8091993e-06,0.013944309,0.0016649871,1.0958455e-05,0.0017798478
ISIC_0033997,1,0.014326149,0.9854565,1.7477562e-07,2.7339534e-06,3.6013373e-06,0.00019966238,1.1086321e-05
ISIC_0032712,1,0.00012120663,0.9994367,3.5208625e-08,2.6299368e-08,3.4329366e-07,0.00044048118,1.3049524e-06
ISIC_0033164,1,0.023424044,0.97655255,2.9674082e-08,3.297133e-07,6.8272716e-09,2.0690863e-05,2.2466668e-06
ISIC_0033395,1,0.00090758945,0.9971329,0.00011964954,1.5723336e-09,0.0018332358,5.5582036e-06,9.753979e-07
ISIC_0033355,1,0.00039124896,0.9995148,7.6926e-05,3.4171643e-10,1.5784906e-05,1.2481822e-06,9.2286065e-08
ISIC_0033095,1,0.022765856,0.9760465,0.0002449658,2.628974e-08,0.0009386004,3.8704493e-06,3.0659956e-07
ISIC_0033040,1,1.4237113e-08,0.99999964,1.7930564e-10,4.4276228e-12,2.3256446e-08,1.9729559e-07,3.220418e-08
ISIC_0032631,1,7.129361e-08,0.99999607,1.8645856e-08,9.143099e-11,3.8449384e-06,1.7118431e-08,5.4600395e-08
ISIC_0032528,1,1.5303739e-08,1.0,3.51868e-10,1.698626e-11,1.2211145e-08,1.0788997e-10,2.9706566e-08
ISIC_0033879,1,1.1495293e-05,0.99998605,4.7862784e-08,1.839838e-08,9.864467e-07,2.283105e-07,1.1427923e-06
ISIC_0033495,1,4.5995066e-08,0.99999976,3.8364307e-09,1.6202087e-08,5.6298354e-08,1.06675465e-07,6.412635e-08
ISIC_0033161,1,3.376115e-05,0.99995327,8.922265e-06,2.3256423e-09,1.5542307e-06,2.7513715e-07,2.2486333e-06
ISIC_0032796,1,2.583039e-06,0.9999875,9.438341e-06,4.703709e-09,1.7062226e-07,7.4449545e-08,1.5736187e-07
ISIC_0032828,1,0.00021487147,0.9997676,4.1618218e-08,3.145089e-07,1.2847402e-05,6.450371e-08,4.15224e-06
ISIC_0033690,1,7.736845e-06,0.9935969,6.483537e-05,7.1958407e-06,0.0063041896,1.39416015e-05,5.070701e-06
ISIC_0033898,1,2.9198502e-06,0.99975425,5.657821e-10,0.00023585964,9.644888e-08,8.467358e-07,6.0624534e-06
ISIC_0032647,1,5.8124865e-06,0.9999541,4.528376e-06,3.0072374e-07,4.5662102e-07,1.6668331e-05,1.8065266e-05
ISIC_0024715,1,1.6229935e-06,0.9999738,1.4074753e-07,3.2441378e-06,6.7532056e-08,1.5213483e-06,1.9600306e-05
ISIC_0034072,1,2.719319e-07,4.0018967e-05,0.00011465348,8.712536e-06,0.9998357,7.0795885e-08,5.738622e-07
ISIC_0032849,1,0.0011895152,0.9983607,5.990754e-09,0.0004269347,4.636051e-07,2.5736333e-06,1.9817304e-05
ISIC_0033043,1,4.5191143e-08,0.9999945,1.1456323e-10,3.1564223e-11,1.2361713e-08,4.974953e-06,4.2708967e-07
ISIC_0033467,1,2.037953e-08,0.9999995,1.3077972e-08,7.685573e-10,1.7880558e-07,1.7500152e-07,1.9962219e-07
ISIC_0033039,1,2.673732e-07,0.9999869,3.8898765e-08,5.514086e-08,1.1981448e-05,6.107301e-07,2.8500733e-07
ISIC_0033892,1,3.220239e-05,0.99996734,2.6153577e-07,4.0800523e-09,1.1769223e-07,2.9439926e-08,7.610226e-08
ISIC_0032571,1,0.000111890506,0.9998801,3.3064754e-08,4.793497e-09,1.8021514e-07,6.81156e-06,1.0630955e-06
ISIC_0033101,1,0.011858083,0.9879103,0.000195197,4.9651253e-06,3.898361e-06,8.374691e-06,1.9267658e-05
ISIC_0034081,1,9.9424415e-06,0.9999845,3.2137226e-07,2.5783808e-09,5.056346e-10,3.7767833e-07,4.8158904e-06
ISIC_0034312,1,3.6764955e-05,0.99995387,1.4831282e-07,8.1493215e-07,1.8655858e-07,8.075857e-06,1.4861044e-07
ISIC_0033841,1,0.0002554818,0.9997383,2.1280617e-09,2.7781454e-07,2.5921378e-07,2.146456e-08,5.695317e-06
ISIC_0034266,1,8.158436e-06,0.99998784,4.9025617e-10,1.5603288e-10,4.767665e-11,1.2081178e-07,3.9201686e-06
ISIC_0034130,1,2.6687962e-07,0.99998844,1.7214028e-09,3.6032444e-09,1.0923678e-05,5.2219846e-08,3.189796e-07
ISIC_0033809,1,2.5560282e-06,0.9989441,5.547492e-09,3.3481896e-08,1.2580925e-05,0.0010397236,9.959047e-07
ISIC_0032814,1,0.0027169362,0.9972704,8.977371e-09,1.2643756e-07,1.1179537e-07,8.016621e-06,4.4775056e-06
ISIC_0033330,1,2.3163045e-08,0.9999999,1.7035722e-09,2.9762581e-09,5.7764593e-09,6.0862945e-08,1.04835856e-08
ISIC_0033515,1,0.00020030068,0.9997949,5.6320438e-08,3.2959105e-07,1.9191818e-06,1.5161737e-06,9.531332e-07
ISIC_0034040,4,0.004657131,0.0052704834,4.70904e-06,5.3828494e-08,0.9900609,6.3370503e-06,3.593866e-07
ISIC_0029355,1,4.023409e-07,0.99998224,3.1217404e-08,4.1489568e-07,5.775884e-07,1.207535e-05,4.3014784e-06
ISIC_0031209,1,3.3915787e-06,0.9999956,7.430232e-08,1.5201891e-10,5.3415167e-08,8.262856e-07,1.02162105e-07
ISIC_0024437,1,6.140722e-05,0.99845195,1.6538814e-07,3.8130731e-06,0.00080556236,0.0005086736,0.0001683714
ISIC_0031105,1,3.7884436e-07,0.9999925,1.9375836e-08,9.375782e-09,7.3197634e-07,9.1637827e-07,5.4070933e-06
ISIC_0027345,1,0.00029008382,0.9996723,6.400031e-07,1.2165208e-07,4.536283e-06,1.795271e-05,1.43478765e-05
ISIC_0031148,1,5.6455086e-05,0.99990106,5.174576e-07,2.3662956e-07,3.691003e-05,1.7224013e-06,3.12099e-06
ISIC_0028008,1,5.4541697e-06,0.9999924,8.287874e-08,3.744862e-08,1.3504194e-07,5.059572e-07,1.4728303e-06
ISIC_0026440,1,1.2583725e-06,0.9999944,3.916622e-06,4.0809858e-10,2.3390674e-08,3.360571e-07,3.7162437e-08
ISIC_0029038,1,0.0036467784,0.99628615,5.4592515e-06,1.7022092e-05,9.381873e-06,3.0525873e-05,4.7629746e-06
ISIC_0031222,1,1.04437095e-05,0.9999745,1.16704705e-07,1.3900478e-06,2.3826814e-07,1.0721321e-05,2.507932e-06
ISIC_0032273,1,1.4398116e-06,0.9999962,8.979477e-09,5.5909977e-10,1.5558012e-06,3.456721e-07,4.035293e-07
ISIC_0027924,1,5.1136027e-07,0.9999993,3.0657452e-10,1.6221966e-11,2.0397218e-08,6.1209946e-08,1.6214102e-08
ISIC_0031547,1,0.0020713692,0.99792683,1.674868e-06,5.7072614e-11,6.580599e-09,2.5364919e-08,1.3735992e-07
ISIC_0032221,1,0.003098122,0.99686384,9.327807e-06,1.8524896e-06,4.9267524e-06,1.6476739e-05,5.3522554e-06
ISIC_0031649,1,2.6725738e-05,0.9965545,1.1061775e-05,0.0011268478,0.0022485647,2.6016369e-05,6.2834365e-06
ISIC_0032173,3,9.83344e-07,0.00066556124,0.38558123,0.6073358,7.099864e-05,0.0035239512,0.0028215724
ISIC_0033456,3,0.00022363156,1.3536749e-08,1.1085085e-07,0.99951303,0.00023445352,2.6630849e-05,2.105162e-06
ISIC_0030408,3,3.1299394e-05,5.750167e-05,6.46247e-06,0.897758,0.09191126,0.0097879665,0.0004474617
ISIC_0030297,3,1.844449e-07,1.3426871e-05,3.0017e-08,0.99996054,2.5378235e-05,3.778624e-07,2.286388e-08
ISIC_0026411,3,9.883358e-05,0.022193389,0.009269556,0.7160653,0.25155115,0.0006800644,0.00014177983
ISIC_0029634,3,0.0092504285,7.7700686e-05,2.833546e-07,0.9903537,1.1715817e-06,0.00031170368,5.063741e-06
ISIC_0030803,3,9.076972e-06,8.620416e-06,0.00057877344,0.9993154,9.402777e-07,8.62863e-05,9.0722244e-07
ISIC_0025831,3,0.014224844,0.018332317,0.07673743,0.8349871,0.019408075,2.8173032e-05,0.036281962
ISIC_0027719,3,4.5315636e-07,0.0010167604,0.0002562553,0.9984919,4.7178142e-05,1.1620574e-05,0.00017583254
ISIC_0025069,3,2.1881278e-05,0.0005199282,0.0025142732,0.6511645,0.34573984,3.0950505e-05,8.578169e-06
ISIC_0028816,3,0.007122135,0.00823749,0.54289335,0.4394703,0.00019191994,0.000107518616,0.0019773275
ISIC_0028232,3,3.707064e-06,9.505899e-08,9.9001794e-05,0.9998795,4.0833665e-06,3.8235626e-07,1.32490595e-05
ISIC_0030191,3,0.038999792,0.81770384,0.07867655,0.017731745,0.046782456,1.1425883e-05,9.426103e-05
ISIC_0025331,3,8.249993e-11,2.2255502e-09,9.484855e-08,0.9999999,2.2692687e-08,3.0978426e-09,7.312118e-10
ISIC_0027577,3,1.2428226e-06,0.00013291821,3.4354445e-05,0.9584484,0.041203313,6.32957e-05,0.000116526455
ISIC_0032349,3,0.008557015,0.26616335,0.037793532,0.67836225,0.008048878,0.0006026868,0.00047230287
ISIC_0027708,3,9.18636e-06,1.9321557e-07,3.069608e-05,0.99994564,1.3722548e-05,1.725893e-08,5.4585433e-07
ISIC_0029541,3,4.100278e-05,4.459721e-06,9.852329e-06,0.999933,8.905686e-06,7.668506e-07,2.0082473e-06
ISIC_0030827,3,0.00010197628,0.09513765,0.0022328102,0.8906057,0.010673905,0.00080253143,0.00044544978
ISIC_0026729,3,6.2307165e-10,3.1191092e-13,3.6798333e-12,1.0,1.8446277e-12,1.3875162e-10,3.9939457e-10
ISIC_0028372,3,8.3201e-06,0.34287283,4.16875e-06,0.65262365,0.0043269736,0.00014552193,1.8542865e-05
ISIC_0027506,3,4.2970412e-05,0.76753396,7.664801e-06,0.222543,0.009591129,8.4727806e-05,0.00019657356
ISIC_0026625,3,4.78525e-06,9.806563e-07,0.0004144359,0.9993175,0.00026042873,1.3684037e-07,1.8003759e-06
ISIC_0028854,3,1.4980721e-05,1.1814171e-06,5.6535785e-09,0.999982,9.0472406e-07,7.260038e-07,2.2639938e-07
ISIC_0027650,3,0.000116079376,0.03702316,0.0020781215,0.103881426,0.85683376,2.3829607e-05,4.3703345e-05
ISIC_0030341,3,8.107144e-05,0.00025829967,0.11530139,0.8839132,5.7217703e-06,0.000297469,0.00014284824
ISIC_0025808,3,2.3259385e-07,2.1001223e-07,0.07435831,0.9256151,1.2273597e-05,4.77915e-06,9.180855e-06
ISIC_0024771,3,3.8033903e-12,6.543349e-13,3.0767137e-07,0.9999995,1.5421914e-11,1.7222732e-08,1.1508193e-07
ISIC_0029371,3,1.4617367e-08,2.195967e-07,0.9999335,5.264301e-05,9.171079e-08,8.748155e-07,1.2632225e-05
ISIC_0031659,3,1.6445138e-05,0.057342928,0.9324273,0.008496954,0.001523284,3.939089e-05,0.0001537789
ISIC_0024946,3,1.233671e-06,4.613089e-09,0.5557533,0.44419706,2.4194993e-05,1.7361971e-07,2.4068557e-05
ISIC_0028872,3,6.839044e-05,0.8061563,0.090357564,0.10244352,0.0008964234,5.87439e-06,7.1991664e-05
ISIC_0031292,3,4.271567e-06,1.5436754e-06,2.9523721e-07,0.99924064,0.00072757085,1.3021495e-06,2.4375255e-05
ISIC_0026083,3,4.9665137e-05,0.7457982,0.25224432,0.0013187176,0.0005492451,2.5811061e-05,1.4017823e-05
ISIC_0025637,3,3.3435983e-05,0.0030028813,0.0001387749,0.5127827,0.48396254,7.6461896e-05,3.249542e-06
ISIC_0033494,3,0.00018252597,9.850501e-07,0.000110112574,0.97225,0.00046436515,0.0268576,0.00013441253
ISIC_0032371,3,1.6772931e-09,1.896607e-08,2.6139218e-05,0.9999739,2.5985647e-10,9.897044e-09,1.8718813e-08
ISIC_0033413,3,3.3541974e-07,1.4575533e-09,1.9068159e-08,0.9975364,0.002445754,1.7339642e-05,5.555645e-08
ISIC_0029840,3,1.4296204e-10,7.837835e-13,4.5518725e-08,0.99999976,1.5110137e-07,1.2857292e-10,3.749474e-10
ISIC_0032154,3,0.0005620924,0.63313156,0.0013521207,0.005801965,0.35899082,7.2311675e-05,8.916519e-05
ISIC_0026549,3,4.080931e-05,0.99551964,0.0026900645,0.0010905251,0.00060699636,4.3550463e-05,8.417607e-06
ISIC_0029573,3,1.4090411e-06,3.81838e-06,3.70856e-08,0.9994697,0.00049503404,3.4004795e-08,3.0053681e-05
ISIC_0025350,3,2.8327934e-10,4.7940066e-08,0.00013539448,0.9998599,1.6860595e-06,2.3735097e-07,2.730454e-06
ISIC_0029598,3,0.0002254411,0.0002309577,0.94777447,0.02815105,0.021076122,0.002516604,2.5340341e-05
ISIC_0029002,3,6.8520273e-10,1.9376907e-09,0.0040612807,0.9957695,0.00016519232,2.1557944e-06,1.9691693e-06
ISIC_0030730,3,0.7299527,0.00288843,0.00017479034,0.059019085,0.20753485,0.00033487123,9.532996e-05
ISIC_0025247,3,1.1427253e-10,1.4533985e-07,3.7744554e-05,0.99996006,4.3046515e-07,4.348143e-07,1.1598587e-06
ISIC_0029043,3,1.0130692e-07,4.9468656e-07,5.5465684e-06,0.9994842,3.0326152e-08,1.509977e-05,0.00049446773
ISIC_0026132,3,0.08053766,0.36343804,0.11251474,0.1797147,0.2632685,9.264916e-06,0.00051699684
ISIC_0028335,3,0.002033885,0.0030190654,0.0017611397,0.9727269,0.020159231,2.578384e-05,0.0002739972
ISIC_0027580,3,3.6757632e-07,1.7776694e-05,0.008832596,0.9437546,0.04666071,0.0007206081,1.33786225e-05
ISIC_0024468,3,2.0673814e-10,1.7062973e-13,1.1762056e-09,1.0,9.170961e-14,2.1224889e-09,2.997184e-08
ISIC_0031823,3,4.2409652e-13,1.7268378e-14,5.81679e-10,1.0,1.004873e-09,2.8376481e-09,1.3244257e-08
ISIC_0028063,3,1.216706e-05,5.6776735e-06,1.45026e-10,0.9999714,9.749957e-13,8.026007e-08,1.0720419e-05
ISIC_0027802,3,2.1541853e-06,0.00013831694,1.2569404e-07,0.9998404,2.723279e-09,1.7257831e-05,1.7111996e-06
ISIC_0031927,3,0.059231605,0.108139776,1.6926833e-05,0.83137816,0.0011012978,4.8868926e-05,8.33272e-05
ISIC_0027550,3,0.0015658676,0.4383079,0.011848578,0.5451386,0.002766849,0.00022402438,0.00014815322
ISIC_0030344,3,0.12720768,0.011903374,0.6308561,0.22982758,0.00014254465,6.005917e-06,5.6679364e-05
ISIC_0026171,3,1.7134192e-07,9.112319e-08,1.6541927e-08,1.4663761e-05,0.9999851,3.2185643e-09,7.84897e-09
ISIC_0032135,3,4.5209154e-07,0.00022588158,1.38282354e-08,0.99971634,5.631975e-05,3.752421e-08,9.539986e-07
ISIC_0032206,3,8.663571e-06,0.00065487187,2.0575599e-05,0.99874383,2.027966e-07,3.4758978e-05,0.0005372198
ISIC_0030036,3,4.575549e-09,5.981222e-06,0.00023969135,0.99975044,3.6536556e-09,6.2333186e-07,3.2599326e-06
ISIC_0024654,3,2.0216548e-07,6.9235506e-07,0.0003967129,1.1161216e-06,0.99960107,1.1928935e-07,1.2560248e-07
ISIC_0031108,3,1.9020417e-10,4.6409016e-07,7.737599e-07,0.9999982,1.1178654e-09,3.137461e-07,1.4040695e-07
ISIC_0030655,3,0.062104974,0.4343149,0.0016990441,0.07229351,0.42928517,0.00023503504,6.736365e-05
ISIC_0029141,3,0.5148321,0.1741912,0.0050739585,0.101974644,0.2025167,0.0013392459,7.2177616e-05
ISIC_0033705,3,0.0010450366,0.043014444,4.132807e-06,0.9556778,0.00023555913,2.2482298e-05,5.307447e-07
ISIC_0031430,3,1.6714575e-06,0.003524822,0.0010720128,9.7632355e-06,0.9210398,0.073848315,0.00050359895
