image_id,label,prob_MEL,prob_NV,prob_BCC,prob_AKIEC,prob_BKL,prob_DF,prob_VASC
ISIC_0031633,4,0.8410842,0.00021725084,0.0015246874,0.028622583,0.12526855,0.0018459295,0.0014368095
ISIC_0027850,4,0.9368603,0.04542043,2.8347837e-05,0.00058518624,0.016810587,0.00028830091,6.807043e-06
ISIC_0029176,4,0.015186643,0.002779065,0.012605158,0.0010223174,0.007011342,0.9586262,0.0027692048
ISIC_0029068,4,0.4194999,0.0022736022,0.0009601072,0.0018287856,0.11522242,0.44323373,0.016981497
ISIC_0031753,4,2.1600994e-05,3.6112946e-05,0.0008311303,2.5632155e-05,0.99071723,7.58677e-06,0.008360668
ISIC_0026835,4,0.00016562793,0.004531245,8.622948e-05,4.105183e-06,0.994575,9.261404e-06,0.00062852085
ISIC_0031159,4,4.955094e-05,0.00017824692,1.01488396e-07,5.914386e-07,0.99974984,1.8850422e-05,2.7243716e-06
ISIC_0031017,4,6.668173e-07,3.6748634e-07,3.3056267e-08,3.8856418e-10,0.99999726,1.6624687e-06,1.3108959e-08
ISIC_0030661,4,0.04467755,0.0012047584,0.0042447313,0.0016709211,0.9452526,0.0017445829,0.0012049762
ISIC_0027053,4,0.07851946,0.713579,8.431413e-05,8.908405e-05,0.2048657,0.0024161865,0.00044620747
ISIC_0028560,4,0.32377073,0.09484055,0.0006606831,7.060531e-06,0.58008415,0.0005863582,5.0449842e-05
ISIC_0031650,4,0.036737494,0.7002496,0.008191222,0.0001637842,0.25367552,0.00041631673,0.00056607404
ISIC_0025819,4,8.866243e-07,7.824089e-07,9.343967e-09,3.468015e-10,0.9999962,2.1856902e-06,9.965648e-09
ISIC_0032013,4,2.3241197e-08,4.7684994e-09,1.6516656e-09,5.8816017e-08,0.99999976,1.2928233e-07,2.8799723e-08
ISIC_0025016,4,0.0008612843,0.00027317266,0.00028998381,8.646492e-06,0.99836165,2.7084745e-05,0.0001780405
ISIC_0029147,4,4.744492e-06,0.00040079845,0.095285274,2.2921533e-05,0.8927885,0.00039884794,0.011098795
ISIC_0027960,4,1.6700009e-05,9.727949e-06,4.5991555e-08,1.0536124e-08,0.99996734,2.4795518e-06,3.724002e-06
ISIC_0026955,4,7.808856e-05,0.00018100103,2.4174655e-05,3.560369e-06,0.99963415,4.615572e-05,3.2877717e-05
ISIC_0025286,4,0.12771398,0.8399197,0.0017793847,1.03571265e-05,0.029732553,0.00081759394,2.6436099e-05
ISIC_0031495,4,0.00025936833,0.73234016,6.4551966e-07,5.5994978e-08,0.26735622,4.0320538e-05,3.1872316e-06
ISIC_0026104,4,1.9123696e-05,0.9667644,7.561714e-07,2.3631022e-08,0.033032563,0.00016942777,1.3720305e-05
ISIC_0030607,4,1.1762521e-05,0.0005512405,4.92036e-05,8.4744045e-07,0.99933594,2.8948718e-06,4.805688e-05
ISIC_0029060,4,7.99026e-05,0.7903018,2.9422288e-05,1.4327393e-06,0.20949404,8.698884e-05,6.460304e-06
ISIC_0027023,4,0.00029506613,0.0030301975,1.5258673e-05,2.8666316e-06,0.99665064,4.18027e-06,1.7624294e-06
ISIC_0029022,4,0.03724935,0.0039003969,0.00048578362,7.9880565e-06,0.9583499,5.9089843e-06,6.481062e-07
ISIC_0025388,4,6.408581e-07,3.510886e-05,1.083276e-05,1.0489713e-07,0.9998171,1.0231785e-06,0.00013525845
ISIC_0028080,4,0.000110162044,0.034105547,0.0027736574,6.0092507e-06,0.9599282,0.0012724283,0.001803931
ISIC_0032463,4,0.07789887,0.0031013538,4.1109935e-05,1.8816223e-05,0.918928,1.0188599e-05,1.6229379e-06
ISIC_0025548,4,0.00034488903,0.00411016,7.204162e-07,1.12478396e-07,0.9955389,3.7928075e-06,1.4583123e-06
ISIC_0032304,4,0.5250958,0.00018233788,5.121105e-06,1.73374e-05,0.47466466,5.8661817e-06,2.8887775e-05
ISIC_0031639,4,0.35679585,0.0017344692,1.6894417e-05,1.206949e-06,0.6414475,3.7557381e-06,3.0850418e-07
ISIC_0030276,4,0.010121369,0.0011598812,4.7800536e-06,0.0001009922,0.988588,2.6346331e-06,2.2438206e-05
ISIC_0033691,4,0.9488906,0.011365071,0.001777435,0.0024276115,0.031621367,0.0038819727,3.580254e-05
ISIC_0033910,4,0.65296096,0.0031674595,0.30695003,0.00086023693,0.00068682124,0.035266686,0.0001077327
ISIC_0032556,4,0.011800457,1.5414513e-05,3.2338612e-05,5.640567e-05,0.9864654,0.001592656,3.7224814e-05
ISIC_0033646,4,0.00017850003,6.1561303e-09,4.2912868e-07,9.53226e-08,0.9998203,7.8005684e-08,5.691932e-07
ISIC_0033592,4,0.015506931,7.1248825e-05,0.018526306,4.9470214e-06,0.96357936,0.00011440822,0.002196887
ISIC_0033899,4,3.7895632e-06,1.8778806e-05,9.079193e-06,4.733488e-07,0.9999536,4.5239748e-08,1.419314e-05
ISIC_0033716,4,0.9952767,0.00014837783,1.7277847e-06,1.2818027e-08,0.0045730076,1.19168824e-07,9.360588e-09
ISIC_0034011,4,0.987668,0.00099389,4.524936e-05,6.126939e-07,0.011288502,1.1752168e-06,2.5727866e-06
ISIC_0033613,4,0.0031412605,0.08795612,4.5509216e-05,1.0990725e-05,0.9086454,1.6197324e-05,0.000184604
ISIC_0029929,4,0.07915871,0.00010520572,4.1708136e-05,1.2593355e-05,0.9206738,3.5907767e-06,4.4348717e-06
ISIC_0032776,4,1.168265e-07,1.21477215e-05,9.098861e-07,1.6825284e-08,0.99998474,1.2893556e-06,7.468362e-07
ISIC_0033828,4,2.7717271e-05,0.0002594092,1.0211474e-05,8.90379e-09,0.9996873,7.532769e-07,1.4540902e-05
ISIC_0032826,4,0.010833639,0.0031770414,7.985055e-07,2.1633898e-06,0.98564017,3.0012428e-05,0.00031615858
ISIC_0034115,4,0.0132842595,0.41800433,9.4554125e-06,4.4921265e-07,0.56865525,1.7397007e-05,2.8811504e-05
ISIC_0025180,4,2.8436914e-05,0.29247078,1.9396073e-06,5.8347474e-09,0.7074173,3.0512894e-05,5.112566e-05
ISIC_0026107,4,0.00011339528,0.045476515,8.92498e-08,4.500186e-10,0.95440346,2.1230148e-06,4.32142e-06
ISIC_0033853,4,0.00010233598,4.7878402e-05,1.3737892e-07,1.1180033e-08,0.99984825,1.0491387e-06,1.9712733e-07
ISIC_0033453,4,0.00016225886,0.00057349296,2.7092302e-08,1.2920177e-08,0.99926287,7.457947e-07,5.3420206e-07
ISIC_0034126,4,0.0037424054,0.007329604,4.2250053e-06,2.2110943e-07,0.98889345,9.591271e-06,2.0502044e-05
ISIC_0032567,4,0.0098331375,0.29644158,1.8227764e-05,3.4087444e-07,0.69369555,4.6367786e-06,6.467294e-06
ISIC_0033088,4,0.0013850211,0.37016484,1.3141583e-05,8.775735e-07,0.6284279,8.614849e-07,7.2732205e-06
ISIC_0032756,4,0.2358452,0.0362801,6.1087553e-06,3.457268e-08,0.72786343,1.5720047e-06,3.480787e-06
ISIC_0034235,4,6.215052e-05,2.6111452e-06,2.162463e-07,2.2797954e-08,0.9999225,1.0170836e-05,2.3594928e-06
ISIC_0034007,4,0.020237379,4.248205e-05,1.5047692e-05,0.00022624068,0.9794556,6.896099e-06,1.6414066e-05
ISIC_0033635,4,0.013293683,0.9829988,2.2880263e-08,1.1273187e-08,0.0036999283,2.0002421e-06,5.610273e-06
ISIC_0033868,4,1.7398036e-06,0.6072017,7.1530984e-08,1.6422287e-09,0.39278698,5.7948782e-06,3.724239e-06
ISIC_0034125,4,2.861695e-06,6.733012e-07,1.1480016e-05,3.4898957e-08,0.9999827,1.1103772e-06,1.1884908e-06
ISIC_0033060,4,7.225168e-05,0.011666721,2.4232668e-05,7.3648293e-06,0.98817587,2.9029743e-05,2.448189e-05
ISIC_0032099,4,0.003174677,0.00013116673,1.5300477e-05,9.5977946e-08,0.99667704,4.840384e-07,1.2348936e-06
ISIC_0029548,4,0.028397756,0.95175743,7.111927e-07,4.7104102e-08,0.019733343,2.502163e-05,8.5714746e-05
ISIC_0027989,4,0.0025527615,0.9847168,8.643382e-08,1.5182046e-08,0.012670551,8.9757805e-06,5.0928476e-05
ISIC_0032063,4,0.00031951006,0.0038057766,5.6207252e-08,3.8670245e-07,0.9872394,2.1305495e-05,0.008613581
ISIC_0032325,4,0.2616183,0.44243908,0.00040858833,1.7551072e-05,0.29484627,0.0005163789,0.00015387277
ISIC_0031989,4,0.0007367835,0.051674474,0.018660268,0.90282255,0.018308157,0.0076562236,0.0001416527
ISIC_0026827,4,3.943543e-05,1.1851249e-05,2.5460806e-06,1.2716351e-09,0.99993074,3.924362e-08,1.5301914e-05
ISIC_0029010,4,0.00034118575,0.00060967257,0.000120600715,1.767626e-06,0.9959202,0.00070705713,0.0022994445
ISIC_0024581,4,3.22476e-07,2.7379541e-05,1.8268524e-07,3.5244647e-09,0.9999713,5.3206156e-07,2.6767748e-07
ISIC_0032335,4,0.00020397195,4.038872e-06,0.0005740192,1.8869322e-08,0.99916685,7.2627486e-06,4.3902313e-05
ISIC_0028970,4,0.0007185835,2.0173977e-06,3.410829e-07,1.2967306e-06,0.9992142,6.329104e-05,2.2175604e-07
ISIC_0024505,4,0.00062089844,0.00010190539,0.00026182094,2.3393475e-06,0.99900925,1.039252e-06,2.7358014e-06
ISIC_0025743,4,1.0715731e-06,1.8760058e-07,1.9533186e-06,1.9183084e-07,0.9999962,1.3704695e-07,3.445669e-07
ISIC_0030731,4,2.1354797e-05,8.589621e-06,2.2342954e-05,3.20095e-07,0.9999448,1.9744364e-07,2.4579535e-06
ISIC_0028233,4,3.0676283e-06,0.0038343533,9.890109e-06,1.6191952e-05,0.9960406,2.1458258e-05,7.439799e-05
ISIC_0025842,4,0.00088305556,9.439109e-05,1.1727186e-05,0.0011204203,0.99785334,9.998493e-06,2.6903766e-05
ISIC_0029522,4,0.011584309,0.72189105,3.4718112e-06,3.3696175e-05,0.26607844,0.00038799006,2.0950642e-05
ISIC_0028856,4,1.6190063e-05,0.0004484115,1.4289947e-06,1.6644857e-06,0.99953055,4.5435814e-07,1.294462e-06
ISIC_0031060,4,3.8005186e-05,2.7552996e-05,3.57673e-08,2.4925788e-05,0.9999093,1.254396e-07,1.08270775e-07
ISIC_0026634,4,6.052126e-07,2.11689e-07,1.6723328e-09,1.7530579e-09,0.99999917,6.3750377e-10,4.0770257e-08
ISIC_0028496,4,3.358807e-08,2.5049514e-09,1.02037184e-10,6.6760265e-12,1.0,3.1953622e-09,8.018256e-10
ISIC_0031593,4,5.563894e-07,2.083501e-06,2.5081118e-07,5.656501e-07,0.99998665,9.521835e-06,3.83828e-07
ISIC_0032348,4,0.19859985,4.355247e-05,6.862627e-05,5.493385e-07,0.80128485,7.5338585e-07,1.7695123e-06
ISIC_0032200,4,0.0018783354,4.659388e-06,4.8067767e-07,9.1895384e-07,0.9980394,7.5045034e-05,1.0240911e-06
ISIC_0024358,4,0.0051895604,0.013921182,8.3603945e-06,2.6701757e-08,0.9808801,3.0064814e-07,5.830646e-07
ISIC_0027771,4,1.8316161e-06,1.994343e-05,1.5910715e-08,1.2689072e-08,0.99997807,6.685055e-08,1.4495238e-07
ISIC_0024748,4,0.14404249,0.79856724,7.489288e-06,2.0810403e-07,0.05719185,0.00018226307,8.434216e-06
ISIC_0030783,4,0.24570706,0.16669108,2.728425e-06,1.948801e-07,0.58757526,6.1509527e-06,1.7577868e-05
ISIC_0029358,4,0.65652084,0.017150532,5.4706623e-05,1.7469603e-05,0.32625228,1.6561519e-06,2.5397003e-06
ISIC_0031766,4,0.93760544,0.00019820391,1.568651e-05,7.1649066e-07,0.062177323,8.055994e-08,2.4983453e-06
ISIC_0030258,4,0.03812774,8.1472426e-05,2.4413946e-06,3.3911746e-07,0.96178424,7.83145e-07,3.1133259e-06
ISIC_0027606,4,0.9932868,0.005473546,5.4307716e-06,2.5606757e-06,0.0011992739,3.0318966e-05,2.138407e-06
ISIC_0032051,4,0.00028384427,0.0005559972,4.326218e-06,3.9099947e-07,0.9991524,5.4352137e-07,2.4303808e-06
ISIC_0024453,4,1.7828468e-05,8.275663e-05,1.2037593e-07,3.403658e-08,0.9998983,2.743559e-07,6.3198127e-07
ISIC_0031686,4,0.00028848002,0.26429218,1.3568839e-05,0.006729726,0.7272792,4.2535365e-05,0.0013543823
ISIC_0032006,4,2.147582e-06,7.8210005e-06,9.237433e-06,5.02373e-09,0.99997663,3.2838784e-08,4.1691683e-06
ISIC_0028920,4,2.0591942e-08,4.1324616e-05,1.5819626e-07,2.889728e-09,0.99995625,1.390747e-09,2.2360016e-06
ISIC_0032373,4,4.983616e-07,9.6179555e-08,0.7301979,2.6738719e-05,0.26967362,4.6410525e-05,5.4722266e-05
ISIC_0028555,4,0.0021324682,2.318624e-06,2.0401274e-07,1.2857239e-06,0.9978635,2.5763065e-08,1.5461421e-07
ISIC_0029568,4,0.8244026,0.000209437,2.9472e-07,2.7001256e-06,0.17538412,4.770843e-07,3.9247777e-07
ISIC_0027320,4,0.010810068,0.0288269,0.0002278265,0.001230559,0.9587671,2.9626191e-05,0.000107927706
ISIC_0025928,4,0.043343365,0.0007137841,0.00044717675,6.343406e-06,0.9553906,9.40696e-05,4.7288104e-06
ISIC_0025805,4,4.5293153e-05,0.31478176,3.8218394e-07,1.1383998e-07,0.68514663,1.2891749e-06,2.4436174e-05
ISIC_0029166,4,0.00073827995,0.008952754,3.804337e-07,6.6542243e-06,0.99029785,3.122062e-07,3.7816476e-06
ISIC_0025659,4,0.017251419,0.0011391258,7.730453e-05,8.0759e-06,0.98152304,2.544016e-07,6.953265e-07
ISIC_0032045,4,0.049583346,4.7016403e-07,0.00052924943,3.932131e-05,0.94984186,4.6470595e-07,5.273394e-06
ISIC_0024381,4,4.947338e-05,2.814304e-07,1.0430966e-05,9.75578e-07,0.99993706,8.531285e-07,9.3846376e-07
ISIC_0031016,4,0.0028879838,0.007958716,0.0007534266,9.793626e-06,0.9881728,0.00014089076,7.638389e-05
ISIC_0024740,4,0.0028189016,0.00013606659,0.00068999635,9.094736e-07,0.9963527,5.499816e-07,8.605616e-07
ISIC_0029603,4,2.2852105e-06,0.0014019066,5.002917e-07,9.606191e-07,0.99856794,2.6281938e-05,1.1082317e-07
ISIC_0026444,4,0.10501619,0.00036489766,0.006613303,4.3883344e-07,0.88670063,0.0008620817,0.0004425166
ISIC_0024422,4,0.1648698,0.5839519,0.0019039204,0.0001617718,0.248727,0.0003550066,3.0541512e-05
ISIC_0030649,4,0.0018439771,0.000103532046,0.005851734,0.00023940191,0.99175936,2.0478486e-05,0.00018147926
ISIC_0032043,4,0.020152237,0.0032283785,0.002646114,7.884163e-06,0.973796,0.00015878728,1.06057905e-05
ISIC_0025781,4,0.00014001332,1.5657995e-05,1.776868e-06,9.759744e-08,0.9998393,2.1584017e-07,2.8165323e-06
ISIC_0024970,4,0.005311203,0.000657493,2.177007e-06,3.931259e-09,0.9940241,2.2898018e-06,2.7579222e-06
ISIC_0028881,4,0.93613535,0.00012298767,0.0033901262,0.0006682758,0.059630908,2.332327e-06,5.0083916e-05
ISIC_0028972,4,0.0006712598,0.0001383936,0.00020418502,2.201947e-05,0.9988255,0.00013435117,4.172649e-06
ISIC_0030329,4,5.3996087e-07,7.5722484e-05,1.4070751e-07,5.0095914e-09,0.99992204,1.7194976e-08,1.5730799e-06
ISIC_0030396,4,9.824687e-06,2.5772601e-07,3.8089907e-05,1.0544583e-07,0.9998615,6.1875744e-07,8.972107e-05
ISIC_0026219,4,1.602554e-06,1.2754219e-05,2.894186e-08,8.6971284e-07,0.99998295,1.8875183e-07,1.6345433e-06
ISIC_0031061,4,0.0024739688,0.00030895855,2.9385e-06,5.3248425e-07,0.9971987,1.4493076e-05,5.083724e-07
ISIC_0030365,4,4.1621257e-05,7.007991e-06,1.2083062e-06,1.16961644e-07,0.9999411,8.322053e-06,5.8899934e-07
ISIC_0027192,4,0.00015185047,5.2735748e-05,3.0553736e-08,1.7683104e-07,0.9997929,7.7148393e-10,2.3858058e-06
ISIC_0028840,4,6.444013e-07,0.00024110138,1.7755613e-07,5.038917e-07,0.99974126,1.2042958e-05,4.3257673e-06
ISIC_0029678,4,0.05913494,0.900355,8.634191e-06,9.3167745e-07,0.040456343,2.1185344e-06,4.198999e-05
ISIC_0030683,4,0.00060314673,0.012544562,4.3584447e-07,2.564053e-07,0.9868498,4.9673258e-08,1.7856333e-06
ISIC_0027990,4,2.3438568e-05,8.741634e-07,1.8781797e-07,1.823035e-05,0.9999565,2.2066791e-08,8.009009e-07
ISIC_0031783,4,0.00478111,6.3795174e-05,1.0726298e-07,1.0664873e-05,0.9951337,3.9285524e-07,1.0270344e-05
ISIC_0030137,4,0.00041272066,1.6856892e-06,7.379451e-09,9.027935e-08,0.9995832,2.7165159e-08,2.2678778e-06
ISIC_0031522,4,0.00022136145,0.00022256144,1.7871933e-05,3.6055363e-07,0.9995353,8.456813e-07,1.7225792e-06
ISIC_0030533,4,0.005691037,0.0109210815,0.035910085,7.8209744e-08,0.89914167,0.048289116,4.6837504e-05
ISIC_0032456,4,0.22760637,0.082257874,0.0004206285,3.0796502e-05,0.6896653,1.3563332e-05,5.4939173e-06
ISIC_0029080,4,0.00020431739,3.5926096e-05,1.1094081e-06,2.5669371e-05,0.9997247,2.2431698e-06,6.035387e-06
ISIC_0028593,4,1.667758e-05,1.6159704e-05,2.7442464e-08,2.652569e-07,0.99996436,1.7369663e-07,2.3752423e-06
ISIC_0026961,4,4.159802e-06,0.000390067,8.587879e-07,9.482926e-09,0.9996044,2.805943e-07,1.7664298e-07
ISIC_0030849,4,9.704848e-07,0.0065563177,9.236106e-07,2.2212308e-08,0.9933962,1.8894063e-05,2.6656082e-05
ISIC_0024612,4,0.5991038,0.28219363,2.4505798e-05,1.6389857e-06,0.118650556,4.691782e-06,2.12202e-05
ISIC_0031707,4,0.12507284,0.19931933,1.4131045e-06,2.859818e-07,0.6755824,2.4109463e-06,2.1353782e-05
ISIC_0031537,4,0.015071505,0.006964608,2.6479884e-05,2.0008129e-05,0.9775603,0.00017174035,0.00018542413
ISIC_0030081,4,2.0014098e-05,0.0003791445,0.9762138,1.3370575e-07,0.02337151,7.884976e-08,1.536546e-05
ISIC_0029243,4,8.382269e-09,1.8712016e-06,1.284408e-10,1.3950484e-08,0.99999785,1.7859147e-08,1.7941491e-07
ISIC_0027953,4,3.1240506e-06,0.000181437,1.0346184e-06,9.423893e-07,0.99980646,4.86177e-06,2.2156134e-06
ISIC_0031287,4,0.00044617974,0.0072224895,0.0002140261,2.4204192e-07,0.99124545,0.00083697774,3.4591973e-05
ISIC_0025068,4,0.66288245,0.0004601693,0.00030672774,0.0106683085,0.31886187,2.0373096e-07,0.00682021
ISIC_0025083,4,0.015681278,0.002569062,1.0559498e-05,1.7254448e-05,0.9817099,2.2782115e-06,9.651997e-06
ISIC_0028943,4,0.00091074273,2.0286486e-06,4.694049e-07,3.7403618e-06,0.9989936,2.5814735e-08,8.9316265e-05
ISIC_0028842,4,0.0027148842,1.6331e-05,7.1337256e-09,1.7189075e-06,0.9969854,6.053829e-07,0.0002810264
ISIC_0026871,4,0.00019242593,0.08404744,9.081642e-06,0.71179,0.20349512,0.00027748127,0.00018844224
ISIC_0026663,4,3.410801e-05,8.3963925e-05,1.3140537e-08,7.550604e-11,0.99988174,1.8255248e-08,1.3306159e-07
ISIC_0031519,4,0.005753183,0.004668423,0.0042462996,1.5814383e-05,0.9820924,0.0028993187,0.00032461586
ISIC_0025113,4,0.00059405796,0.0006080036,0.08234172,5.2939627e-05,0.90125,0.015131297,2.2042017e-05
ISIC_0031831,4,0.0011798491,0.001974084,9.0653583e-07,2.6265877e-08,0.9968207,6.7087235e-08,2.4348386e-05
ISIC_0030130,4,0.13695048,0.014432121,0.000105001614,0.00039701565,0.8442414,0.00022552641,0.003648514
ISIC_0025038,4,1.6516276e-06,8.548852e-05,8.783426e-08,5.859924e-08,0.99991214,5.5172427e-07,2.5535739e-08
ISIC_0032395,4,0.0037357686,6.593887e-07,4.782558e-06,8.686203e-05,0.9961565,1.0333202e-05,5.0441527e-06
ISIC_0032031,4,1.893324e-05,3.764622e-06,8.2099195e-06,4.890242e-07,0.999967,1.060197e-06,4.5415186e-07
ISIC_0028294,4,0.000796716,2.9520765e-05,5.6875586e-05,6.062965e-07,0.99911577,3.6011815e-07,2.1143643e-07
ISIC_0028662,4,0.0034617307,1.26490125e-08,6.443305e-07,1.4458625e-06,0.996536,1.8170605e-09,2.4191422e-07
ISIC_0031349,4,3.964661e-05,2.3864086e-06,2.574366e-07,2.2509508e-07,0.9999567,1.4201144e-07,5.741791e-07
ISIC_0026263,4,4.108411e-05,2.3313198e-05,4.725632e-07,2.2722188e-07,0.9999348,8.023158e-08,1.6142181e-08
ISIC_0026249,4,1.1451426e-06,0.0034161867,0.002337223,1.1345894e-06,0.9942297,9.52038e-06,5.0786252e-06
ISIC_0031218,4,0.0071249744,0.0012067807,0.0007797575,0.0023779355,0.98834014,8.9199544e-05,8.1144484e-05
ISIC_0027735,4,2.2052121e-05,0.00025766142,5.0930286e-08,3.0072504e-09,0.99972004,1.1901379e-07,4.57283e-08
ISIC_0024814,4,0.6151454,0.00035892046,1.546861e-05,4.4288367e-07,0.3841364,1.8471466e-06,0.00034147635
ISIC_0027162,4,3.3325256e-09,6.724075e-08,2.0541415e-07,4.880752e-09,0.99999964,5.614187e-09,2.9536663e-08
ISIC_0027608,4,0.0013681417,4.2832703e-06,0.0009838673,0.013008823,0.97877306,0.0057622185,9.944348e-05
ISIC_0025312,4,8.015725e-06,2.2919535e-06,9.429915e-07,4.174395e-09,0.9999808,5.404035e-06,2.5362162e-06
ISIC_0030369,4,0.0024983103,0.00020941556,5.0605162e-05,2.821132e-06,0.9972187,1.9478535e-05,6.8409975e-07
ISIC_0025339,4,0.010752548,0.00023258674,0.021656703,0.00013974121,0.9671602,5.6342975e-05,1.7772009e-06
ISIC_0026631,4,0.000500468,7.657007e-06,1.459909e-07,1.9856436e-06,0.9994886,3.4008897e-07,7.576086e-07
ISIC_0024490,4,0.00039797105,1.1161314e-06,5.944504e-05,1.6928954e-06,0.9995384,1.3609173e-07,1.2049985e-06
ISIC_0029135,4,0.0015748228,0.0034266245,1.6507131e-07,0.0005144929,0.9944819,1.891667e-06,1.2708695e-07
ISIC_0029947,4,0.00021849862,0.028458541,0.0008832969,5.9421786e-06,0.97021645,0.00020483692,1.2428116e-05
ISIC_0028264,4,0.00021764667,0.012739559,1.0055566e-06,0.0005668228,0.9863436,3.6675443e-05,9.4682204e-05
ISIC_0025526,4,0.00011032747,0.12713969,0.0003012579,0.0033173151,0.8684639,0.00058471115,8.2874525e-05
ISIC_0027826,4,3.0999614e-05,3.2412504e-06,1.7072186e-07,1.0101404e-08,0.9999654,7.40028e-08,6.4051775e-08
ISIC_0027202,4,6.0942864e-09,3.4006036e-05,2.9262312e-08,2.4892968e-09,0.9999641,1.6398319e-06,1.7706857e-07
ISIC_0032498,4,3.7818904e-06,5.2125448e-05,1.52202465e-05,1.04194044e-07,0.9999238,1.3283586e-06,3.5611495e-06
ISIC_0024909,4,0.0013532181,1.3728638e-05,1.566855e-07,1.6662342e-11,0.9986326,3.8525116e-08,2.439776e-07
ISIC_0028258,4,0.016503505,0.0003356323,6.209743e-07,1.4543096e-08,0.98315734,2.9360342e-07,2.7099668e-06
ISIC_0027083,4,0.0001856009,1.8479744e-06,3.4916505e-07,1.237224e-09,0.99981064,2.5475805e-07,1.3653986e-06
ISIC_0029778,4,0.0011570805,0.00014578723,4.4203738e-08,8.4770015e-08,0.99869365,3.0512535e-07,3.0733393e-06
ISIC_0024943,4,4.3027576e-06,0.00013295842,6.1138275e-07,9.697759e-07,0.9982222,0.0015381469,0.00010094592
ISIC_0028479,4,1.1891076e-05,2.3744654e-07,2.076414e-06,1.073675e-07,0.999985,5.770829e-07,4.808371e-08
ISIC_0027559,4,1.0043169e-06,5.700684e-06,1.6939852e-07,4.4110093e-09,0.9999887,4.381981e-06,5.2096e-08
ISIC_0024408,4,1.3293791e-06,2.628209e-07,4.3042647e-08,2.8976179e-11,0.99999845,2.698744e-08,2.2594604e-09
ISIC_0030173,4,6.088872e-06,7.9586675e-07,1.1291786e-09,5.241424e-09,0.9999931,3.5971224e-09,3.8543675e-09
ISIC_0029012,4,0.27950132,0.034255706,9.07704e-05,8.37828e-08,0.6861472,4.596303e-06,3.7734114e-07
ISIC_0026174,4,1.8945097e-05,3.632976e-06,7.158128e-07,4.2910532e-08,0.99997604,3.4775815e-07,2.6784141e-07
ISIC_0027279,4,1.8095997e-09,4.80411e-09,3.1167824e-09,3.8431747e-09,0.9999993,4.665228e-09,6.9622297e-07
ISIC_0030630,4,0.34401175,0.053213228,0.00083639746,0.0001688085,0.60174,1.8468146e-06,2.7882545e-05
ISIC_0032681,4,1.3349865e-06,0.00047310203,1.531517e-08,1.7425859e-06,0.9995166,6.769865e-06,4.3992165e-07
ISIC_0033509,4,0.009744343,0.0020017263,1.654985e-07,1.4433569e-08,0.9882119,4.115443e-05,6.6458813e-07
ISIC_0032694,4,0.07419432,0.0001699159,8.363868e-05,3.6638357e-06,0.92552316,1.8879291e-05,6.555375e-06
ISIC_0033528,4,6.3019525e-06,4.05041e-06,5.81591e-08,2.0571884e-08,0.9999888,5.161899e-07,3.440311e-07
ISIC_0033865,4,1.8842282e-05,0.005792744,7.5443872e-06,6.855829e-07,0.99417734,1.1477173e-06,1.6865444e-06
ISIC_0034296,4,0.00023231226,0.0014247074,1.1423354e-05,6.4586745e-09,0.9983303,1.2891087e-07,1.1748583e-06
ISIC_0032763,4,0.00024994113,5.456511e-07,1.24048345e-08,1.0268725e-07,0.999746,3.2975117e-06,1.2120627e-07
ISIC_0034291,4,9.700548e-07,6.009635e-08,3.205554e-08,2.4655797e-10,0.9999987,1.3496162e-08,1.4827604e-07
ISIC_0033987,4,7.1595764e-07,5.3222184e-06,6.3247406e-08,1.9723605e-09,0.9999906,3.2002104e-06,2.0391127e-08
ISIC_0034151,4,1.4982647e-05,5.7782123e-05,3.4276914e-07,6.136411e-10,0.9999217,5.018702e-06,1.2363436e-07
ISIC_0033750,4,0.0019468784,0.002857281,9.157985e-05,1.7792265e-08,0.99510205,1.533548e-06,6.245888e-07
ISIC_0033631,4,1.3035066e-05,1.13872575e-05,6.766248e-07,1.3080232e-05,0.9999057,3.8375707e-05,1.7756049e-05
ISIC_0034283,4,1.3972669e-06,3.1558494e-07,7.2947124e-08,1.5131603e-10,0.999998,9.9723266e-08,1.2553176e-07
ISIC_0030323,4,6.210221e-07,5.0775758e-05,5.9229446e-06,0.0002917043,0.99755543,0.002087911,7.605342e-06
ISIC_0032330,4,2.4524981e-08,7.513413e-07,9.954009e-10,3.1256469e-09,0.9999974,1.8830336e-06,4.8547843e-08
ISIC_0032271,4,1.2456289e-05,8.308451e-05,8.683485e-08,6.0258034e-09,0.99988604,2.0703983e-07,1.7982771e-05
ISIC_0031253,4,0.00013448436,0.007150965,2.0470881e-07,5.505354e-05,0.991846,0.0005945922,0.00021873355
ISIC_0024643,4,4.2567265e-08,8.973675e-07,9.188871e-09,4.7562474e-07,0.99999523,3.083549e-06,2.9238075e-07
ISIC_0029202,4,5.377988e-10,7.3918077e-10,4.344129e-09,5.5776983e-08,0.99999976,9.764191e-09,6.317504e-08
ISIC_0031619,4,1.6033107e-06,7.6796045e-05,5.716244e-08,2.3625246e-08,0.9998982,1.0818938e-05,1.2578694e-05
ISIC_0031396,4,9.03505e-06,1.6610121e-06,8.2493373e-10,5.5787047e-10,0.99998856,1.686729e-07,5.4901915e-07
ISIC_0031196,4,0.00010946416,0.00022316293,1.6333255e-08,9.814394e-08,0.9985197,0.0011331274,1.4398983e-05
ISIC_0029801,4,4.669389e-09,1.2496212e-09,9.680491e-12,8.596724e-10,1.0,1.4529381e-09,1.1085447e-08
ISIC_0031133,4,7.690447e-06,2.8220744e-05,3.3927815e-06,5.0124225e-08,0.99990094,5.605513e-05,3.6864135e-06
ISIC_0029345,4,0.0052528917,0.026616512,6.5245817e-06,2.8642187e-06,0.96810997,2.9325413e-06,8.229506e-06
ISIC_0028503,4,9.3435375e-09,1.8553955e-06,1.1100425e-08,1.4722645e-09,0.99999785,1.8989917e-07,1.4713396e-07
ISIC_0030226,4,1.110387e-07,4.3784723e-05,8.0725115e-09,1.2790224e-08,0.99969745,1.9337276e-05,0.00023928947
ISIC_0026446,4,2.2181837e-06,0.12189365,1.0604708e-07,1.4148609e-06,0.87797046,4.106516e-05,9.1210226e-05
ISIC_0026416,4,1.11217624e-07,1.9882009e-07,3.3564945e-06,2.2245985e-08,0.99997985,4.448847e-06,1.2016035e-05
ISIC_0029048,4,3.4541593e-08,1.1854552e-06,3.7169622e-07,8.754379e-09,0.99997246,1.7792669e-06,2.4230761e-05
ISIC_0025387,4,3.3412383e-07,8.490038e-08,2.9494409e-08,9.125825e-10,0.99996424,1.5204098e-08,3.5233716e-05
ISIC_0025484,4,1.0932368e-05,0.00017926468,5.493946e-05,6.3507374e-05,0.99956685,1.8856877e-05,0.000105510866
ISIC_0030488,4,5.905127e-05,0.021553237,2.6532364e-08,1.7765866e-07,0.97838634,9.657591e-07,2.2383749e-07
ISIC_0031761,4,4.5502875e-06,0.0017256595,4.3252155e-07,1.2597741e-06,0.9982158,4.480391e-06,4.7898517e-05
ISIC_0030021,5,0.0016125995,0.8185724,5.7204463e-08,2.6443095e-08,1.6311056e-07,0.17981015,4.574311e-06
ISIC_0027118,5,7.958719e-06,8.341994e-06,2.2025635e-08,2.1884836e-09,1.8129779e-09,0.99998367,4.920061e-09
ISIC_0030244,5,0.056131717,0.0018942256,0.9187361,0.0010156163,0.00082708563,0.007898947,0.013496279
ISIC_0031827,5,0.2164596,0.61058927,0.06619102,0.075294346,0.0014479907,0.0076078866,0.02240989
ISIC_0031002,5,0.7136058,0.04001937,0.018322894,8.634798e-08,0.00026319383,0.22669394,0.0010946798
ISIC_0025668,5,2.5117388e-05,2.6377376e-07,9.328579e-08,2.194079e-05,0.21545884,0.7844414,5.2306408e-05
ISIC_0027727,5,0.00026220435,5.992486e-06,7.2271973e-07,2.7959874e-07,7.4207136e-08,0.9997131,1.7675897e-05
ISIC_0027107,5,0.011272754,1.2115016e-05,0.0011849381,0.00025947008,0.013793421,0.9734352,4.2199274e-05
ISIC_0027648,5,0.00093505764,0.0008830383,0.10601178,3.669252e-05,0.055697937,0.8185059,0.017929666
ISIC_0029967,5,0.062710315,0.17994964,0.00058522716,0.00031351912,0.076714754,0.6794944,0.00023217601
ISIC_0027876,5,2.8098362e-05,0.04077972,0.0009321536,0.0079218615,0.94559175,0.00441819,0.00032826312
ISIC_0028926,5,0.0052844896,3.276597e-05,0.9783306,0.0007187902,7.712363e-06,0.015610422,1.5183468e-05
ISIC_0026417,5,4.86536e-10,3.2175749e-09,6.681233e-13,1.827722e-13,1.6436005e-11,1.0,5.8241865e-09
ISIC_0028735,5,0.006457394,0.37978357,0.02192547,1.7478088e-07,0.0008401926,0.5909859,7.353068e-06
ISIC_0033891,5,0.0020108786,2.3499813e-06,3.4522313e-07,1.1473123e-07,0.011185391,0.98676854,3.239872e-05
ISIC_0033554,5,0.0071109724,0.0017405319,3.772735e-05,2.4618865e-07,0.0003704094,0.9907137,2.6456784e-05
ISIC_0033810,5,0.0070931665,7.749545e-06,2.7966198e-07,1.5237707e-07,0.0011769057,0.9916837,3.8038706e-05
ISIC_0033695,5,0.94400555,0.00023124884,1.0799767e-09,6.2013583e-10,3.622608e-05,0.05572693,1.8790553e-08
ISIC_0033005,5,0.9618386,0.003143827,3.5712408e-10,1.6054598e-09,3.748881e-09,0.0350176,3.2326763e-08
ISIC_0027745,5,1.416182e-09,3.2235378e-10,1.02378435e-08,1.0066225e-09,1.724378e-08,1.0,2.6954405e-08
ISIC_0025980,5,1.1993977e-06,0.0009357312,1.0791903e-07,9.731942e-09,0.00017120046,0.9988894,2.4168291e-06
ISIC_0031271,5,2.1934873e-06,8.8653923e-10,0.00920242,3.3886297e-11,1.544634e-07,0.9907928,2.3923428e-06
ISIC_0025903,5,0.0005603938,0.2794926,0.5310326,0.00893935,0.027443327,0.08596457,0.06656713
ISIC_0030665,5,5.3809055e-07,0.010760816,3.9674127e-08,6.562484e-06,0.000680098,0.9807179,0.007834004
ISIC_0027044,5,1.4141483e-05,0.0045897,3.453993e-05,1.0796673e-07,0.98622376,0.008867308,0.0002705885
ISIC_0029177,5,2.1280097e-07,0.00022117917,1.6883953e-06,3.0187138e-07,0.00091145927,0.9988589,6.078707e-06
ISIC_0025373,5,0.0002724376,0.00022305119,0.0009517935,3.5724402e-06,0.03004072,0.9682663,0.00024214287
ISIC_0030870,5,1.0021036e-05,5.5846962e-11,2.4404668e-11,4.2075694e-13,1.7945606e-05,0.9999715,5.6884517e-07
ISIC_0027190,0,0.008797437,0.9788816,1.8645195e-06,2.5518618e-08,0.0123012485,9.138908e-06,8.72797e-06
ISIC_0031177,0,0.77162397,0.21650997,0.0003521419,7.2556725e-07,0.011341401,0.00017022034,1.4974447e-06
ISIC_0030417,0,0.8280461,0.00044235756,6.1145465e-06,0.0015980401,0.16989155,1.4766267e-05,1.1059365e-06
ISIC_0026115,0,0.9999745,1.3745367e-05,1.9033514e-07,1.1913129e-07,5.3500044e-06,2.116783e-07,5.900898e-06
ISIC_0026281,0,0.73167306,0.021869661,8.760307e-06,6.5084834e-07,0.24641527,2.4463827e-06,3.0204978e-05
ISIC_0025277,0,0.96144336,0.037411854,5.370696e-07,9.493113e-08,0.0011390196,5.092033e-06,6.3635692e-09
ISIC_0024729,0,0.98202753,0.017941149,9.4821394e-07,5.91055e-10,1.495236e-05,1.5249569e-05,1.5354753e-07
ISIC_0031711,0,0.99773693,0.0021999113,3.9822822e-08,2.245672e-10,2.2977298e-10,6.29969e-05,6.632913e-08
ISIC_0029000,0,0.0011671965,0.9986834,6.5490184e-07,5.458791e-07,1.9914834e-05,0.0001264019,1.8585243e-06
ISIC_0025955,0,3.323014e-05,0.9998784,1.1869427e-05,8.804464e-08,4.7936635e-05,2.3366083e-05,5.0950503e-06
ISIC_0025751,0,0.013395628,0.9858067,9.739328e-06,1.8236649e-07,0.0001045141,0.00068154675,1.4963446e-06
ISIC_0028109,0,0.022501955,0.9771906,3.4135496e-07,2.4678524e-08,0.00014807619,0.00015838936,5.5754674e-07
ISIC_0030060,0,0.9998167,2.385186e-05,2.0776233e-06,5.7565813e-10,0.00015008367,4.8498908e-08,7.2441526e-06
ISIC_0030211,0,0.999954,1.9888115e-05,1.828958e-05,2.935435e-09,7.0340075e-06,4.5903654e-08,7.3599404e-07
ISIC_0028901,0,0.5924882,0.4014665,9.12976e-07,1.1847999e-05,0.0057710474,0.00025742696,4.1160533e-06
ISIC_0032098,0,0.9229976,0.030305672,0.0002769596,5.7572447e-07,0.044291884,0.0018154406,0.00031195537
ISIC_0030759,0,0.0038026934,0.00023611718,0.0003844637,6.2140994e-06,0.99553597,1.0984129e-05,2.3691915e-05
ISIC_0024886,0,0.00044505604,0.011202214,3.2716755e-06,1.4361493e-08,0.9883238,3.0366134e-08,2.5511017e-05
ISIC_0024951,0,0.9984061,0.00048369585,1.5319603e-06,1.1682914e-10,7.829762e-06,0.0011006655,7.749346e-08
ISIC_0030106,0,0.99991524,5.194313e-05,6.3992154e-08,3.1748726e-10,4.2370854e-07,3.222784e-05,5.1624518e-08
ISIC_0028442,0,0.08987095,0.0010121727,1.2705891e-05,0.00025968452,0.90883297,1.1310083e-05,1.848215e-07
ISIC_0031972,0,0.74478567,0.0016755185,0.086285815,1.2901617e-05,0.16714054,9.661451e-05,2.9290052e-06
ISIC_0030539,0,0.015578453,0.00043217393,0.00025792085,2.2071513e-06,0.9837247,4.168962e-06,3.24492e-07
ISIC_0028519,0,0.999964,4.5077874e-07,2.3725584e-06,1.0091578e-06,1.4944735e-07,3.1995132e-05,1.8153306e-08
ISIC_0024767,0,0.9970952,4.4871226e-06,5.0769522e-05,3.3786327e-07,0.002563308,0.00028596623,1.3332607e-08
ISIC_0024967,0,0.97304213,1.0363002e-05,2.6597683e-05,0.00012202342,0.026734153,3.2917163e-05,3.192078e-05
ISIC_0029370,0,0.9993968,5.3932687e-05,8.254023e-06,1.0371406e-08,0.00054036925,4.7159215e-08,5.064179e-07
ISIC_0031958,0,0.94079554,0.0057198256,6.7051424e-06,5.056338e-06,0.053256378,1.4662181e-06,0.00021504523
ISIC_0026369,0,0.86524713,0.13427064,1.5915587e-06,1.05861375e-07,0.00040808693,4.0469706e-05,3.2035856e-05
ISIC_0030521,0,0.116777375,0.8286274,0.0017682222,4.1535213e-06,0.001982141,0.050519284,0.00032135024
ISIC_0025153,0,0.029818539,0.9700463,2.3779869e-07,1.4627171e-08,8.759108e-05,3.3285526e-06,4.3955613e-05
ISIC_0031598,0,0.22732943,0.77166873,1.781894e-06,4.1229393e-07,0.0008549499,0.00014241155,2.2878596e-06
ISIC_0025363,0,0.99797016,0.0006309519,4.6519497e-07,2.615033e-07,0.0007553209,0.00063482224,7.949272e-06
ISIC_0029473,0,0.22388616,0.044017345,0.0015010268,1.1499039e-05,0.38087633,0.34812027,0.0015874192
ISIC_0028127,0,0.9994704,0.00043961243,1.5911271e-06,1.468978e-09,8.812164e-05,1.2870643e-07,1.0063648e-07
ISIC_0030165,0,0.99979955,0.0001957908,2.8307218e-06,2.013902e-09,1.0240616e-06,6.900757e-07,1.4193292e-09
ISIC_0025783,0,0.00091622706,0.9621585,0.00017353869,3.0603074e-05,0.036309913,0.000293457,0.00011761212
ISIC_0029241,0,0.9992637,9.826358e-07,4.958689e-06,0.0005760648,0.00015390161,1.0430215e-07,3.2196706e-07
ISIC_0028219,0,0.023809157,0.92226255,0.00020462203,1.0356655e-06,0.05356081,0.00014114848,2.0703574e-05
ISIC_0026314,0,0.00035074283,0.9993931,4.7321505e-06,1.2498644e-08,0.000236157,1.3679382e-05,1.5579831e-06
ISIC_0024875,0,0.8419992,0.00019134728,0.14844002,2.586516e-07,0.0093556,9.342002e-06,4.308308e-06
ISIC_0026950,0,0.21965715,8.5192204e-07,0.0037172355,5.454527e-07,0.77654773,7.4285344e-05,2.172511e-06
ISIC_0026158,0,0.94470596,0.0004429986,0.01647378,1.1581833e-06,0.001381454,1.638755e-06,0.03699301
ISIC_0029216,0,0.99907804,0.0007953817,0.000113238864,1.8088063e-08,5.4906227e-06,4.33196e-06,3.490255e-06
ISIC_0026489,0,0.9690494,0.030790979,9.8743e-07,8.064516e-08,0.00015356329,3.5202042e-06,1.5548684e-06
ISIC_0034006,0,0.7761037,0.00017857338,5.4514617e-06,1.8830892e-08,0.22357775,3.155681e-06,0.0001314755
ISIC_0028696,0,0.98689425,0.012841474,8.2034225e-05,1.1333663e-06,7.963008e-06,0.0001725618,5.9029526e-07
ISIC_0029343,0,0.13586082,0.86393404,4.4844932e-05,2.5066518e-07,3.77884e-05,0.000120473494,1.8027424e-06
ISIC_0029513,0,0.98389167,6.295356e-05,3.4167704e-07,5.227362e-09,0.012645189,0.0033989025,9.0787137e-07
ISIC_0024853,0,0.163259,3.3251385e-05,1.5431142e-07,1.6582403e-06,0.8343279,0.002377799,2.2030012e-07
ISIC_0028029,0,0.99599445,0.0014863962,1.6905771e-07,1.8987578e-07,0.002518387,2.7161198e-07,1.1689375e-07
ISIC_0030440,0,0.1613981,0.83848625,1.7022441e-05,2.2868586e-07,8.004608e-05,1.6995999e-05,1.3397578e-06
ISIC_0024732,0,0.0002600516,0.9956727,1.9774958e-05,1.9686903e-08,0.004041493,1.5778209e-06,4.41585e-06
ISIC_0030324,0,0.09093996,0.001555254,1.2482565e-05,0.00081715593,0.9059294,0.0007449246,9.615457e-07
ISIC_0027300,0,0.9999894,4.3561586e-06,2.6363887e-09,7.6709233e-10,6.1688947e-06,8.878376e-09,1.0964685e-09
ISIC_0028512,0,0.13492933,2.5299816e-05,0.00015486417,1.2720514e-07,0.8648895,5.2840943e-07,3.428658e-07
ISIC_0024310,0,0.99991274,7.058294e-07,5.878682e-07,4.0455772e-10,8.568781e-05,1.994804e-07,4.049107e-09
ISIC_0033496,0,0.031092748,0.015579478,1.4023001e-05,2.4293881e-06,0.6108464,0.3424321,3.2770044e-05
ISIC_0032927,0,0.9489623,0.013583161,3.4994482e-06,1.2513404e-08,0.028418723,0.009030444,1.9414308e-06
ISIC_0024865,0,0.9948377,0.0019699477,6.4769924e-06,4.9552582e-08,0.0021863626,0.0009993864,9.8158196e-08
ISIC_0025035,0,0.0022081875,0.99466246,0.0025755514,0.00045516016,8.3961786e-05,8.714526e-06,5.954983e-06
ISIC_0032847,0,0.009311297,0.98627263,0.00016708464,1.0291589e-06,0.0034144777,9.724256e-05,0.00073623273
ISIC_0033654,0,0.4551954,0.5447103,2.3430464e-05,6.666492e-07,1.1017598e-05,5.545803e-05,3.7337672e-06
ISIC_0033027,0,0.71290886,0.07349163,0.21154703,1.340432e-07,0.0020101643,1.4716925e-05,2.7454353e-05
ISIC_0033034,0,0.9999578,3.9615887e-05,9.473297e-09,5.403199e-10,2.4906337e-06,5.965695e-08,5.0816986e-09
ISIC_0034294,0,0.9992079,0.0007876891,4.6848405e-07,5.4547517e-10,3.0830497e-06,6.162402e-07,2.3867656e-07
ISIC_0034202,0,0.9999714,2.6711294e-05,4.0604448e-08,3.386051e-10,1.7170264e-06,6.054489e-08,3.1059617e-08
ISIC_0033204,0,0.98901725,0.006031246,1.2179727e-07,1.79779e-06,0.004939647,2.8856866e-06,7.0250658e-06
ISIC_0033953,0,0.8306937,0.014216713,5.0385147e-06,4.2650545e-06,0.1550772,1.643508e-06,1.3332058e-06
ISIC_0032823,0,0.89437556,0.011330966,1.2294721e-06,8.7053763e-07,0.09427382,1.5178471e-05,2.2503796e-06
ISIC_0034140,0,0.39518264,0.012285067,0.5890352,0.0007855832,0.0024487795,2.4051124e-06,0.0002603259
ISIC_0034256,0,0.72539014,0.0061295247,0.2683752,4.4438046e-05,1.591994e-05,1.9280074e-05,2.5579075e-05
ISIC_0032984,0,0.9996486,4.24479e-06,0.00034575982,1.7030925e-07,5.965406e-07,3.231735e-07,2.680291e-07
ISIC_0033362,0,0.0035507877,0.9949132,0.00044179437,3.7722632e-08,0.0010868517,2.8114366e-06,4.454428e-06
ISIC_0033820,0,0.97444034,0.024077732,0.0012865532,2.5927666e-06,0.00019070882,6.372496e-07,1.4900086e-06
ISIC_0033814,0,0.9308708,0.031576734,0.034611583,0.00025840977,0.0025295145,5.8975773e-05,9.3984614e-05
ISIC_0032637,0,0.99999976,2.2815301e-07,1.8344588e-09,2.1738963e-12,2.1152946e-09,7.689138e-10,1.8194912e-10
ISIC_0032993,0,0.99996245,3.6814108e-05,4.868944e-07,1.0489947e-09,2.0196971e-07,4.952734e-08,5.0363034e-09
ISIC_0033154,0,0.97557163,0.01722911,2.550133e-06,1.4969173e-06,0.0070620757,0.00012967546,3.5064131e-06
ISIC_0033192,0,0.94931203,0.050031617,3.819229e-07,1.2159393e-06,0.00036029515,0.00029384496,5.847375e-07
ISIC_0032840,0,0.9999609,1.0152813e-05,7.279317e-07,6.66615e-07,4.1730783e-07,2.6454234e-05,5.7316663e-07
ISIC_0034313,0,0.9999534,1.145665e-06,6.14622e-07,5.357251e-07,1.4406454e-06,4.2817683e-05,1.0782463e-07
ISIC_0033570,0,0.99910885,1.3563001e-05,1.9517167e-05,6.46549e-08,1.9318816e-07,0.0008573139,3.3746346e-07
ISIC_0033942,0,0.9999888,1.719069e-07,1.6659365e-08,4.776043e-11,6.307929e-06,4.675716e-06,1.3082446e-08
ISIC_0033473,0,0.99991333,9.1445935e-07,1.474599e-09,1.057576e-12,7.19048e-05,1.38574405e-05,1.2065465e-08
ISIC_0030564,0,0.00061999133,0.0014407913,3.948889e-09,1.14948946e-07,0.99793756,1.3022175e-06,2.0205032e-07
ISIC_0033337,0,0.9992594,0.000665827,3.125058e-08,6.1775243e-09,6.2644736e-05,1.2008398e-05,5.24608e-08
ISIC_0033594,0,0.82334906,0.17234994,2.1485397e-08,3.1767277e-07,0.002794592,0.0015055957,4.6191195e-07
ISIC_0032921,0,0.44858578,0.019715222,0.0030740772,0.5236657,4.5887733e-05,0.0048184525,9.488159e-05
ISIC_0034117,0,0.98783535,0.011280637,0.0005984392,6.987e-05,1.0254346e-05,0.00020403093,1.382818e-06
ISIC_0033415,0,0.9745296,0.00041974816,0.00038670504,0.024588548,3.6059673e-06,5.566986e-05,1.6067926e-05
ISIC_0033240,0,0.14807095,0.002136932,0.0017111163,0.0018482753,0.8449671,0.0012061559,5.9441954e-05
ISIC_0032782,0,0.9977763,0.0012210975,7.94204e-07,1.9417357e-10,0.0010000202,1.8184089e-06,6.6206334e-09
ISIC_0032522,0,0.8774565,6.1014776e-05,0.001081617,4.5859582e-05,0.12135136,3.1151842e-06,4.5054566e-07
ISIC_0024900,0,0.9924666,0.0055994364,0.0012991453,5.957596e-07,0.000577913,4.894275e-05,7.299222e-06
ISIC_0032072,0,0.16952921,0.031860083,0.2103907,9.909792e-05,0.5875884,0.00046809408,6.4318665e-05
ISIC_0033299,0,1.0,9.667331e-09,5.935196e-13,2.5004675e-14,2.8828173e-10,8.822904e-11,1.8504186e-11
ISIC_0033479,0,0.99949026,0.00046481876,4.202414e-07,3.9413936e-10,3.567138e-05,8.5735255e-06,2.537099e-07
ISIC_0033522,0,0.8799376,0.1162801,5.1272755e-06,1.979589e-10,0.0036825188,8.128884e-05,1.3354565e-05
ISIC_0034012,0,0.9980726,0.000113036156,1.432332e-05,2.133333e-08,0.00023001853,0.0015665159,3.5260741e-06
ISIC_0034150,0,0.9999924,4.083601e-06,2.2466118e-08,3.731393e-12,3.4164636e-06,8.966082e-08,3.6685233e-08
ISIC_0032965,0,0.99894303,8.5958774e-05,2.565676e-07,7.4780515e-10,0.0009564182,1.3949912e-05,3.744596e-07
ISIC_0034242,0,0.48294938,0.5138712,5.52629e-06,6.3880123e-09,0.0019996439,0.0011725315,1.6805969e-06
ISIC_0033117,0,0.10910583,0.88781804,1.7098455e-06,2.6194398e-08,0.0030246296,4.9383656e-05,3.8835117e-07
ISIC_0034104,0,0.999997,2.9692517e-06,3.354066e-08,1.5582218e-11,1.618595e-08,5.315151e-08,1.0453699e-09
ISIC_0032547,0,0.9999982,1.4131891e-06,1.2944367e-08,2.6999956e-11,3.436923e-07,2.1035964e-08,4.711488e-10
ISIC_0033644,0,0.99989474,0.000103797625,9.1332157e-07,9.113016e-10,3.172898e-08,5.0501745e-07,9.416801e-09
ISIC_0033806,0,0.012678473,3.7243102e-05,2.8013103e-06,5.9153913e-09,0.9872804,8.085011e-07,2.7316426e-07
ISIC_0032913,0,0.009205307,3.7555692e-06,7.7245716e-08,2.9847438e-10,0.9907899,8.785925e-07,5.125154e-08
ISIC_0033042,0,0.020727713,0.0009044048,7.396986e-07,2.4915264e-06,0.9783514,3.755418e-06,9.467266e-06
ISIC_0034034,0,0.093774386,0.003856872,0.0002570864,4.0481677e-08,0.90207887,2.5746489e-05,6.997042e-06
ISIC_0033217,0,0.9985813,1.3341469e-06,1.7262739e-06,9.501662e-10,0.0014137854,1.3648518e-06,4.4277044e-07
ISIC_0033728,0,0.9999981,4.4025322e-07,2.0342159e-10,1.3629175e-11,1.4859723e-06,6.8762274e-11,4.2294526e-10
ISIC_0027306,0,0.9941797,0.0006236535,3.840318e-06,1.05959925e-08,0.005043586,0.00014873933,5.499074e-07
ISIC_0034253,0,0.9991035,2.419102e-06,3.1209493e-06,3.2855827e-08,5.708368e-08,0.000887873,3.0704193e-06
ISIC_0026430,0,0.040816564,2.8697585e-07,4.7819344e-07,8.636871e-07,0.9591807,6.258852e-07,3.9476947e-07
ISIC_0030238,0,0.6771232,0.2887621,5.445029e-06,1.2802916e-07,0.034064244,3.8297574e-05,6.5875684e-06
ISIC_0033704,0,0.8674959,0.08580138,0.00014867574,9.952344e-08,0.046173908,0.00023708679,0.00014292962
ISIC_0033518,0,0.98787016,3.5648995e-05,1.003753e-06,1.2124575e-07,0.011984824,0.0001079599,3.3565036e-07
ISIC_0033843,0,0.9999993,1.2015089e-07,2.639762e-08,1.1302808e-08,4.53513e-07,1.1501848e-07,1.3142332e-08
ISIC_0033392,0,0.9996815,2.8217469e-06,1.9545669e-06,8.26615e-08,0.00031359607,1.975712e-08,1.1073301e-07
ISIC_0032873,0,0.9961434,0.0010107612,2.2080969e-05,1.3499832e-07,0.0028211384,9.107553e-07,1.5406381e-06
ISIC_0033957,0,0.86183006,0.13814223,4.7081966e-07,6.591169e-07,1.01252894e-07,1.861962e-05,7.850669e-06
ISIC_0034172,0,0.98458755,0.015411405,1.826797e-07,2.6480609e-09,2.8997807e-08,8.065389e-07,7.769264e-08
ISIC_0033393,0,0.8829873,0.11616216,2.8946637e-05,0.0006741646,6.777597e-07,0.00010761362,3.9121573e-05
ISIC_0032862,0,0.28288794,0.002530024,0.039183985,0.0036047592,0.0016852902,2.0142072e-05,0.67008793
ISIC_0033073,0,0.7046004,0.00012049284,0.001749477,0.0011094019,0.0014516972,0.0020530731,0.2889155
ISIC_0033696,0,0.96705264,6.833095e-06,0.030956661,7.549362e-05,3.9405704e-06,3.8230615e-07,0.0019040942
ISIC_0033893,0,0.77287513,0.0003449864,2.5785457e-06,3.081142e-08,0.22660649,0.00013450814,3.633755e-05
ISIC_0032960,0,0.98310757,0.00017823605,1.5093157e-07,2.3297982e-06,0.016711256,1.2096261e-07,3.538012e-07
ISIC_0033708,0,0.0042002415,1.4955696e-06,8.845032e-07,0.00020827609,0.9955776,4.8574645e-07,1.095331e-05
ISIC_0033752,0,0.0007852707,0.0012430649,0.0008305142,0.0008864983,0.996228,1.2472054e-06,2.5475925e-05
ISIC_0033424,0,0.9954827,0.0008987764,0.00045719303,0.00024092874,0.0028787255,3.8673017e-05,3.0095966e-06
ISIC_0034243,0,0.35961437,0.038873356,4.089413e-05,3.6216907e-08,0.60092723,0.0005229846,2.1116928e-05
ISIC_0034050,0,0.6668147,0.010344318,0.0012986058,3.3304516e-07,0.321291,0.00024684393,4.2093407e-06
ISIC_0033114,0,0.9247282,0.00015853315,2.980041e-06,2.7134977e-08,0.0746036,4.411357e-06,0.00050234416
ISIC_0032559,0,0.1272451,0.0139947375,0.38163453,2.532294e-07,0.47433677,0.0011478002,0.0016406605
ISIC_0033394,0,0.999936,7.4167536e-07,3.9421536e-07,1.1293005e-07,6.234031e-05,7.852169e-08,3.3484167e-07
ISIC_0034233,0,0.99998474,1.9195016e-07,5.5757187e-07,5.04485e-08,1.4183176e-05,1.282104e-08,2.9925556e-07
ISIC_0033638,0,0.6884594,0.31135985,5.7992118e-05,3.0367357e-06,7.5708864e-05,4.1084542e-05,2.9860596e-06
ISIC_0033805,0,0.96817636,0.030881168,0.00072149764,1.6768885e-06,0.0002122897,2.6198534e-06,4.417494e-06
ISIC_0033302,0,0.14224827,0.3280328,0.0004957284,1.1807057e-05,0.52771276,4.7244484e-05,0.0014514191
ISIC_0031233,0,0.069908075,0.9199103,9.3904634e-07,2.0564592e-05,0.010031049,0.000102542894,2.6453296e-05
ISIC_0032872,0,0.90298796,0.03461195,0.008623838,7.687355e-05,0.046499357,1.40545335e-05,0.0071860086
ISIC_0033178,0,0.7015206,0.04721218,0.07542264,0.0015542628,0.089793526,0.00012896393,0.08436785
ISIC_0029933,0,0.91805756,0.06472325,0.00093006215,1.28848815e-05,0.01545132,0.00022259589,0.00060238014
ISIC_0031554,0,0.31021336,0.6895596,8.76817e-06,9.573631e-07,0.00015211881,4.0162773e-05,2.4998733e-05
ISIC_0025472,0,0.06786504,0.9300446,9.501773e-06,5.422703e-07,0.0020047268,2.6200856e-05,4.9442267e-05
ISIC_0028463,0,0.064784035,0.9264205,0.0008645435,0.0005862966,0.00660854,0.00037867477,0.00035737862
ISIC_0026352,0,0.083588585,0.916314,2.2230548e-05,3.507724e-07,3.391901e-05,2.7254378e-05,1.3673566e-05
ISIC_0024688,0,0.2964344,0.7035481,5.084877e-06,3.0844987e-08,4.7774693e-06,6.936793e-06,6.974008e-07
ISIC_0025439,0,0.018392606,0.005404541,4.7524318e-05,1.7927223e-05,0.9760365,2.4352556e-05,7.6579294e-05
ISIC_0030034,0,0.20930986,0.7463173,1.1286842e-06,1.968372e-06,0.027082173,0.017216727,7.079655e-05
ISIC_0029397,0,0.46378216,0.5347896,4.001467e-07,7.978149e-09,0.0012109429,0.00020876595,8.098645e-06
ISIC_0028965,0,0.9334419,0.023155604,0.023920882,4.120946e-06,0.0136275515,0.0013882013,0.004461772
ISIC_0030356,0,0.0042398265,0.96088856,6.3366315e-07,3.123181e-08,9.957737e-05,0.034751214,2.0184658e-05
ISIC_0029013,0,0.0006787899,0.9992932,2.1812832e-06,4.0647013e-08,1.2856305e-05,3.7481016e-06,9.288139e-06
ISIC_0030366,0,0.894789,0.09785861,8.910615e-05,2.9896805e-06,3.5744324e-05,0.007197878,2.677895e-05
ISIC_0031386,0,0.01220505,0.5725884,0.0005251478,7.0131704e-05,0.40234134,0.01208188,0.00018803585
ISIC_0031718,0,0.99570036,0.0019946792,1.4997855e-07,1.3831101e-08,0.0022921623,1.0557061e-05,2.099341e-06
ISIC_0028899,0,0.1603348,0.005260626,3.2098038e-09,8.043062e-09,0.83440083,2.0647599e-06,1.688736e-06
ISIC_0030107,0,0.00013115871,0.9997557,5.521795e-09,9.0309993e-10,0.00011317636,1.0329992e-08,3.2921623e-09
ISIC_0027171,0,0.0066617774,0.96855485,5.5272965e-05,4.771104e-08,0.024725366,3.0147578e-07,2.3416337e-06
ISIC_0026207,0,0.014751902,0.98177713,2.884867e-05,1.9420459e-07,0.0034405342,9.662692e-07,3.8966562e-07
ISIC_0029843,0,0.99846363,0.0014704245,1.62115e-06,9.811405e-09,6.393122e-05,3.822491e-07,1.23033015e-08
ISIC_0028718,0,2.7574619e-05,0.99994314,3.0362985e-09,1.4913812e-07,1.9303425e-05,8.845392e-06,9.964094e-07
ISIC_0027130,0,0.9998405,3.1587882e-05,7.0575524e-08,4.6437975e-08,0.00012569388,1.9880065e-06,7.5766316e-08
ISIC_0024571,0,0.20341904,5.7042387e-05,1.1619591e-06,0.00018298112,0.7963023,6.329818e-07,3.6850623e-05
ISIC_0024546,0,0.62970614,0.0032003706,1.7313987e-06,4.845768e-07,0.3626023,0.0044428636,4.5988287e-05
ISIC_0026009,0,0.011546731,0.2889615,2.881729e-06,3.0274916e-06,0.6994713,3.9462424e-07,1.4203627e-05
ISIC_0027030,0,0.9965753,0.00027515588,1.6797777e-07,1.0244624e-09,0.0031480452,9.3059134e-07,4.788159e-07
ISIC_0030689,0,0.12336807,0.048838034,8.233236e-07,3.0438187e-08,0.82773644,3.2893677e-06,5.3283078e-05
ISIC_0024516,0,0.6217787,0.34225482,0.00033872272,0.006582045,0.0286554,0.00038176912,8.476136e-06
ISIC_0026266,0,0.19606225,0.53314286,3.6619815e-06,1.3534675e-06,0.26952583,2.2504095e-05,0.0012415628
ISIC_0025127,0,0.26431212,0.025511673,2.1436367e-06,5.1930982e-08,0.7101548,3.0710692e-06,1.6173639e-05
ISIC_0030747,0,0.00016418185,0.99737585,4.5463107e-06,8.032201e-06,0.0023570224,8.211202e-05,8.151315e-06
ISIC_0026877,0,0.9384404,0.061517783,5.517084e-07,2.2343233e-06,1.608285e-05,2.1799766e-05,1.1518952e-06
ISIC_0029157,0,0.9718156,0.027919173,1.9198202e-05,2.4559653e-05,0.00019058005,2.8817358e-05,2.1267472e-06
ISIC_0024952,0,0.044987224,0.9487721,0.0013048882,8.2879415e-05,0.0048271315,1.30869785e-05,1.2647638e-05
ISIC_0025546,0,0.009229915,0.0001746057,3.5799488e-07,9.2626635e-08,0.99059325,1.6645991e-07,1.6205438e-06
ISIC_0031239,0,0.9978108,0.0012454413,5.5031815e-05,5.369475e-05,0.00082525244,9.6729245e-06,1.2479528e-07
ISIC_0027105,0,0.5158071,0.07293548,0.00037682478,1.6813893e-07,0.41084194,1.6228629e-06,3.6844896e-05
ISIC_0027502,0,0.024781836,0.39306724,1.2837283e-05,1.551644e-07,0.58212775,8.972361e-06,1.2841549e-06
ISIC_0027420,0,0.001767446,0.9872465,1.380754e-06,4.5468536e-08,0.01097794,2.5880706e-07,6.4841497e-06
ISIC_0027071,0,0.99998355,1.2554084e-05,2.5912277e-08,3.8531547e-07,3.2788537e-06,6.9466473e-09,1.4957946e-07
ISIC_0029780,0,0.99999917,9.246009e-09,1.704814e-11,7.7479814e-07,1.5021042e-08,4.922519e-10,1.8761751e-08
ISIC_0024323,0,0.51029533,0.15988247,7.881185e-05,0.0011967787,0.028594367,0.2996501,0.00030220763
ISIC_0027436,0,0.9646779,0.027220974,1.1719621e-05,0.0065144203,0.00052784843,0.0010428779,4.30706e-06
ISIC_0031915,0,0.8183853,0.18029435,0.00034954117,7.049883e-07,0.00092284154,4.6988695e-05,2.8566532e-07
ISIC_0027663,0,0.70502466,0.27506074,0.00025672867,0.0001230482,0.0004333819,0.019100698,6.855799e-07
ISIC_0028065,0,0.2743751,0.62447757,5.0544895e-06,9.710354e-06,0.1011236,6.965111e-06,2.0074003e-06
ISIC_0032430,0,2.557185e-06,5.9247275e-05,9.935273e-08,6.9913213e-09,0.99993765,8.132244e-08,4.3405714e-07
ISIC_0027573,0,0.010388958,0.00073819805,2.6552618e-07,9.145688e-07,0.9888687,7.194158e-07,2.1680514e-06
ISIC_0029958,0,0.00034860123,4.0309325e-07,1.8715218e-08,4.250529e-08,0.99965036,1.6453968e-07,4.7930865e-07
ISIC_0025409,0,0.53488666,0.44938335,0.010039613,1.2995581e-06,0.005007733,0.000101246966,0.0005800934
ISIC_0029893,0,0.9295536,2.553218e-06,5.2588433e-07,3.04731e-06,0.07043625,1.3968024e-07,3.8385774e-06
ISIC_0031417,0,4.217352e-05,0.99989986,2.2349866e-06,2.15048e-07,3.858478e-06,5.1520867e-05,8.1570874e-08
ISIC_0024554,0,0.021793742,0.006161447,1.2349675e-05,0.00015303405,0.971281,0.00023341717,0.0003649534
ISIC_0030255,0,0.013519263,0.9864297,6.1137627e-07,1.5262238e-07,4.102074e-05,8.303928e-06,9.4912775e-07
ISIC_0029495,0,0.44198918,0.5576469,3.9117775e-05,2.1189797e-05,0.00027714262,2.0345657e-05,6.20029e-06
ISIC_0027179,0,0.9999764,4.679695e-08,3.6846216e-06,1.0574075e-05,2.6825191e-08,8.730423e-06,6.414537e-07
ISIC_0026870,0,0.0005339333,0.00069361285,3.732282e-07,4.4023563e-09,0.99876785,1.1047134e-07,4.1752746e-06
ISIC_0025105,0,0.33589217,0.12521376,9.685079e-06,4.7548783e-06,0.53880894,1.3611664e-05,5.707936e-05
ISIC_0028860,0,0.6642325,0.00014489336,0.00031711248,5.197372e-05,0.3349893,7.719183e-05,0.00018705016
ISIC_0032433,0,5.15415e-05,0.9705263,4.1783705e-09,6.804662e-08,0.02941997,4.4958405e-08,2.0694845e-06
ISIC_0027480,0,6.0163634e-06,0.9999075,8.862489e-09,2.0218879e-08,8.6177264e-05,8.5688946e-08,1.2137983e-07
ISIC_0028773,0,0.06573544,0.934093,2.202571e-05,0.000113066,3.7018963e-06,2.228039e-05,1.0519123e-05
ISIC_0030795,0,0.9887495,0.0112161655,7.4710238e-06,1.25694105e-05,1.3937916e-05,2.9334575e-07,1.9364052e-08
ISIC_0027507,0,0.07434898,0.7622667,2.111962e-06,8.99478e-08,0.16337913,1.8302416e-06,1.1394159e-06
ISIC_0028666,0,0.009627936,0.00096826267,1.0390978e-06,5.5906435e-09,0.9893805,1.6654909e-05,5.5579058e-06
ISIC_0026045,0,0.0017080745,0.002664604,0.00014743554,3.829659e-07,0.9954065,1.3793073e-05,5.9306218e-05
ISIC_0028156,0,0.0041099032,0.023455024,4.335868e-06,1.6351493e-07,0.9724175,2.9256173e-06,1.0149194e-05
ISIC_0030901,0,0.08217803,0.0009897111,5.34941e-05,1.519838e-08,0.916728,2.1714473e-05,2.9015944e-05
ISIC_0030995,0,0.001682191,0.0003962262,6.8630857e-06,8.473135e-09,0.9978598,8.324015e-06,4.6562112e-05
ISIC_0031778,0,0.0003466629,0.9484273,1.4428731e-05,1.886947e-07,0.051118527,1.9019751e-07,9.2678114e-05
ISIC_0031303,0,0.0032582628,9.672667e-06,5.4838463e-08,7.630023e-08,0.99663156,2.2499961e-07,0.00010005446
ISIC_0025317,0,0.99917537,9.052552e-06,3.4953173e-05,4.782081e-07,7.7985234e-05,3.0219806e-07,0.00070175773
ISIC_0026420,0,0.9998398,9.522775e-05,5.3086324e-06,1.052064e-05,8.395052e-06,2.2021554e-07,4.0531042e-05
ISIC_0027832,0,0.11545906,0.8447052,0.00043337853,1.4351367e-07,0.039306153,1.0568706e-06,9.508113e-05
ISIC_0031197,6,6.911825e-05,3.688121e-05,3.4319675e-07,4.301362e-08,7.2802e-07,6.2683794e-06,0.99988663
ISIC_0031270,6,0.0070410166,2.3608618e-05,3.5741202e-08,5.964991e-07,3.888679e-08,0.0001172587,0.9928175
ISIC_0029514,6,1.7393826e-07,0.0009114674,6.523895e-05,3.7164438e-11,1.373235e-06,6.812856e-05,0.9989536
ISIC_0027672,6,6.7431165e-06,0.005153528,5.315828e-05,1.2164841e-09,2.293015e-05,2.0890067e-05,0.99474275
ISIC_0033450,6,0.23658645,0.0003248553,4.063974e-05,1.0205719e-06,3.0840692e-07,3.6048568e-06,0.76304317
ISIC_0033254,6,0.0017237999,0.11369931,6.674504e-06,1.2705393e-06,1.78852e-05,1.3683235e-05,0.8845374
ISIC_0032692,6,0.10868307,0.0004202205,4.5113825e-06,6.3155696e-08,9.805091e-05,7.0646884e-08,0.8907941
ISIC_0033608,6,0.2745825,0.00030251825,2.911356e-07,1.2060884e-06,0.00011711994,4.9522956e-08,0.7249963
ISIC_0033969,6,0.9878256,0.002013677,1.2255887e-06,1.2699465e-05,0.00181256,5.7065324e-07,0.008333642
ISIC_0033749,6,0.55343544,0.006521682,0.000201612,0.00024088444,0.21664992,1.6252005e-05,0.22293422
ISIC_0034196,6,0.98833466,0.0011987252,1.04168e-07,2.7480612e-06,2.0742713e-05,6.6711785e-08,0.010442931
ISIC_0033817,6,1.2461661e-05,2.3795192e-07,7.1822956e-06,1.0406003e-07,2.840386e-08,2.3344846e-06,0.9999777
ISIC_0032839,6,1.4989163e-06,4.7727078e-14,1.78107e-08,7.68768e-07,3.2121315e-07,2.793469e-11,0.9999975
ISIC_0032932,6,1.1521015e-06,2.4797922e-12,2.5858332e-10,7.70808e-08,4.7320384e-08,4.7939264e-10,0.9999987
ISIC_0031996,6,0.00022886663,2.147463e-05,8.254365e-08,2.4526162e-08,0.00016144589,5.8371114e-08,0.99958795
ISIC_0032890,6,1.7335791e-05,1.3618028e-05,9.788387e-07,3.1916917e-07,4.976429e-05,1.9837708e-07,0.99991775
ISIC_0033844,6,0.0093167,0.4263396,0.0029259082,1.0466758e-07,0.0016899904,8.167915e-06,0.5597195
ISIC_0026336,6,0.00019230707,0.00023136013,6.0431185e-09,1.40551e-07,0.00042261882,6.4410465e-06,0.99914706
ISIC_0030283,6,6.511588e-06,0.053296935,3.905753e-07,2.337589e-07,0.0015891643,5.906117e-05,0.9450478
ISIC_0031706,6,2.744815e-06,5.2646993e-07,8.9054375e-08,1.2688233e-08,4.5415654e-06,4.356411e-08,0.999992
ISIC_0024475,6,1.7634334e-09,6.5438206e-07,3.2297054e-11,3.0282649e-10,7.0100037e-09,4.5541898e-07,0.9999989
ISIC_0032409,6,0.0019888622,0.0013466525,5.9159454e-08,6.136375e-08,0.0004101144,2.1475446e-07,0.9962541
ISIC_0028680,6,9.816896e-06,0.0005682952,8.200109e-08,4.5970882e-07,0.00075479265,9.516513e-06,0.998657
ISIC_0025244,6,0.000491184,0.3389186,5.6886774e-06,1.7911565e-05,0.64040977,0.00015014973,0.020006672
ISIC_0029742,6,1.7320926e-06,0.00035397522,3.6989258e-09,7.436001e-11,0.0005666756,1.5922262e-06,0.999076
ISIC_0027522,6,3.56895e-05,3.1387224e-06,1.2817525e-09,8.876056e-09,3.708888e-05,1.2367867e-06,0.99992275
ISIC_0025628,6,3.3565768e-06,4.608685e-05,2.1708996e-05,1.8072895e-07,0.0022017884,3.028929e-06,0.9977239
ISIC_0024662,6,1.3196007e-05,0.007260362,2.0363915e-09,3.8489717e-10,0.00019878184,2.7732654e-06,0.9925249
ISIC_0028431,6,0.00071531057,0.03606685,3.4804593e-06,4.1401282e-07,0.00013898258,0.00046333694,0.9626117
ISIC_0030104,6,3.7358775e-05,0.006160059,3.385033e-08,1.5787502e-09,0.00025951973,3.4252325e-06,0.99353963
ISIC_0027888,6,0.00022188046,0.00047971954,1.8245229e-06,1.268901e-05,0.0011927735,0.0008194704,0.9972717
ISIC_0031276,6,0.28017887,0.0009511487,2.4432176e-09,9.734561e-08,1.3491008e-05,8.8907257e-07,0.7188555
ISIC_0032057,6,5.2505925e-06,0.0005052547,6.591042e-09,3.5242888e-07,0.00011861027,6.824736e-06,0.9993637
ISIC_0025452,6,0.00049879967,0.1340467,6.761178e-08,3.956803e-08,0.0011556776,0.00019387403,0.86410487
ISIC_0026349,6,1.6311103e-06,0.00034892888,1.0808565e-07,1.013559e-08,1.6929964e-06,3.8499343e-06,0.9996438
ISIC_0028238,2,6.397208e-05,4.1524297e-07,0.9999311,2.3973524e-07,3.6838082e-06,2.0246304e-07,3.049498e-07
ISIC_0029755,2,0.00023929444,5.5835066e-05,0.9991673,8.194087e-08,0.0005369176,5.4953745e-07,5.2562726e-08
ISIC_0026321,2,0.0004238828,0.98738736,0.00080661976,2.798108e-06,4.365342e-05,2.318794e-05,0.011312464
ISIC_0025467,2,0.00033597194,0.9572543,0.027185725,8.707934e-06,0.00010000682,0.00013011954,0.014985205
ISIC_0028807,2,0.074081175,0.0033634072,0.74068326,0.013354854,0.16765147,0.00016428402,0.00070160156
ISIC_0024673,2,0.00011897162,5.3992534e-07,0.99972373,0.00014218739,3.9602974e-06,8.969643e-06,1.5741771e-06
ISIC_0031166,2,0.000108378015,1.8652092e-06,0.98569274,3.4060645e-06,4.4392114e-06,0.00018341583,0.01400575
ISIC_0028693,2,3.705952e-08,8.5123624e-08,0.9998399,2.057776e-07,4.5732978e-07,1.3878619e-08,0.00015922512
ISIC_0030687,2,0.25402933,0.19226603,0.43148232,4.2392003e-06,0.12171699,5.727081e-05,0.0004437719
ISIC_0025584,2,0.035318445,0.8881364,0.018833237,7.040516e-06,0.056569375,0.00011877779,0.0010167763
ISIC_0031824,2,0.00021326695,0.037939303,0.9119528,2.2179274e-08,0.049777213,0.00011312153,4.2481e-06
ISIC_0030145,2,3.3905517e-06,1.0873356e-06,0.9883315,2.7042532e-08,0.011663823,5.6280665e-09,1.3972515e-07
ISIC_0024360,2,8.208972e-05,9.134869e-06,0.9999007,5.1259536e-07,5.417663e-06,4.2430895e-07,1.8169983e-06
ISIC_0029899,2,0.0008329838,3.966157e-06,0.99876827,1.9234738e-05,0.00037362106,5.4154015e-07,1.4036133e-06
ISIC_0025557,2,0.028653247,1.3446811e-07,0.9636156,0.00044140176,0.0072208853,1.4242107e-05,5.4416814e-05
ISIC_0028323,2,0.00020381011,4.6311527e-08,0.29611298,0.70348966,0.00018798065,2.3780638e-08,5.47136e-06
ISIC_0029201,2,0.0003579982,0.0034621295,0.018356858,3.1686905e-06,3.0555835e-05,0.0063285455,0.9714608
ISIC_0026439,2,0.36351636,0.23272629,0.20830922,0.0001812669,0.0023818575,0.028533315,0.16435166
ISIC_0029779,2,4.3544187e-05,0.00012431113,5.818593e-05,7.897186e-08,1.9067301e-06,0.0006436691,0.99912816
ISIC_0024795,2,8.69788e-06,8.884339e-06,0.9999707,3.2930038e-06,8.374495e-06,5.5640953e-08,3.9579615e-09
ISIC_0030349,2,4.3967944e-08,8.23896e-08,0.9999304,1.1273529e-07,9.240495e-08,4.306918e-05,2.617652e-05
ISIC_0026091,2,3.2302232e-05,3.2271053e-08,0.9995926,8.660946e-05,7.95151e-06,6.522066e-06,0.00027396265
ISIC_0034160,2,0.007167483,0.006724651,0.055002946,3.7129782e-06,0.034696326,0.59757,0.2988349
ISIC_0024885,2,1.2517926e-06,1.3359664e-05,0.99995124,3.7557433e-07,3.311036e-05,1.2549542e-08,6.841592e-07
ISIC_0033020,2,1.735061e-05,0.0004704321,0.9995029,8.545014e-08,8.195332e-06,5.275766e-07,5.404098e-07
ISIC_0032768,2,0.00033816346,0.11311238,0.26848274,4.8695226e-09,0.6178522,0.00020464463,9.850015e-06
ISIC_0033205,2,4.423615e-05,0.0011822575,0.99875367,1.1868206e-08,1.7400498e-05,1.9844617e-06,3.463896e-07
ISIC_0033720,2,0.0009875726,0.028379694,0.9666208,7.851371e-07,0.0039249803,7.308303e-05,1.3068994e-05
ISIC_0034255,2,0.0017282353,0.024560668,0.97208655,1.2971142e-07,0.0012729985,0.0003416131,9.819466e-06
ISIC_0032834,2,1.5482756e-05,0.008255939,0.9868361,5.4663207e-07,0.0046860203,0.00018048263,2.5459452e-05
ISIC_0027786,2,8.679481e-06,3.248972e-06,0.9825125,0.0005616553,0.016644988,0.00012916606,0.00013978092
ISIC_0033609,2,0.00856405,0.019078525,0.9705748,4.7120384e-06,0.0017127806,9.7184675e-06,5.5375986e-05
ISIC_0032777,2,2.0584535e-07,1.1942998e-06,0.9997725,4.601117e-09,5.75174e-06,3.8465426e-08,0.00022036597
ISIC_0033019,2,1.2474361e-06,1.2079582e-06,0.9999974,2.930913e-09,9.6258205e-08,1.4220309e-08,9.936815e-08
ISIC_0027090,2,0.00039032006,0.00019220795,0.998754,3.1645922e-07,0.0006393357,1.3581296e-05,1.0244312e-05
ISIC_0024515,2,0.9920018,1.2056388e-07,0.00014745162,3.7303316e-08,0.007717562,0.00013287495,1.17374206e-07
ISIC_0031450,2,0.0022996396,7.704289e-07,0.049340103,0.00059480674,0.9472581,0.0004835821,2.2944641e-05
ISIC_0028818,2,5.4260898e-05,0.00038749716,0.88348806,0.11557452,2.402755e-05,0.0004526004,1.9033638e-05
ISIC_0032497,2,0.060167104,0.01934967,0.862374,0.034683246,0.002065985,0.020835858,0.00052413833
ISIC_0026192,2,1.4051318e-06,3.0713136e-07,0.99998903,7.634667e-09,9.123617e-06,1.4708228e-09,6.708644e-08
ISIC_0025650,2,9.8061755e-05,8.4418745e-05,0.99886155,0.0007871946,8.84705e-05,2.5423665e-06,7.780142e-05
ISIC_0029083,2,0.013301276,0.04189535,0.82939917,0.108939864,0.00632871,5.4102984e-05,8.15941e-05
ISIC_0027531,2,0.0010044499,0.011958226,0.9865269,6.4718706e-06,0.00012770406,0.00037185694,4.375956e-06
ISIC_0024331,2,5.7589386e-08,1.0165805e-05,0.99993515,7.086619e-07,5.1268005e-05,2.3190792e-06,2.6985822e-07
ISIC_0030403,2,5.219708e-09,1.0055923e-07,0.9999993,4.0496735e-09,3.0517657e-07,8.6790045e-08,7.012069e-08
ISIC_0024595,2,1.2113618e-05,0.0002598948,0.9965585,0.00030232538,0.0026885853,0.00014789136,3.0721305e-05
ISIC_0030594,2,8.582733e-06,1.7181743e-06,0.999956,7.7914265e-08,3.3358305e-05,8.470908e-09,2.1323065e-07
ISIC_0026074,2,3.425192e-07,1.5456279e-06,0.9999503,3.0242538e-06,2.5617883e-05,1.499898e-08,1.9225115e-05
ISIC_0032174,2,2.0881714e-06,8.2823067e-07,0.9999932,2.8895167e-06,4.996316e-07,2.646243e-07,2.1551567e-07
ISIC_0025940,2,0.00036968366,1.7790998e-06,2.392591e-06,0.0007257803,0.9988931,4.03197e-06,3.1800867e-06
ISIC_0028937,2,4.523136e-06,8.2740564e-11,6.939643e-05,0.00013370275,0.99979204,2.0784299e-08,3.1534458e-07
ISIC_0032194,2,1.2953095e-07,2.8451092e-07,0.99998796,5.033918e-08,1.1860163e-06,1.8493726e-08,1.038635e-05
ISIC_0028107,2,3.474947e-06,2.7130242e-09,0.999705,0.00020092588,8.687343e-05,4.776089e-08,3.7311718e-06
ISIC_0026117,2,5.9776885e-05,0.70405924,0.034392715,3.383313e-07,0.23744479,0.006341608,0.017701557
ISIC_0025266,2,1.8095403e-05,4.0940113e-06,0.9999614,3.8091298e-06,9.578061e-06,3.7908993e-07,2.7458175e-06
ISIC_0024799,2,3.424208e-07,2.6707665e-09,0.99999964,1.5042753e-08,3.7085648e-09,1.4954625e-10,3.3103923e-08
ISIC_0031007,2,0.0044556693,0.00013769556,0.97803706,2.3019888e-05,0.017315714,1.162794e-06,2.968312e-05
ISIC_0024432,2,0.2049521,0.3497289,0.36608952,0.07112278,0.007958826,7.761527e-05,7.027111e-05
ISIC_0029035,2,2.1232343e-05,5.0393687e-06,3.8451024e-05,0.00083842274,0.9990945,8.952997e-07,1.5306251e-06
ISIC_0030452,2,7.694627e-08,2.6955783e-07,0.9711828,0.02879176,4.6207297e-06,3.1452937e-06,1.7238592e-05
ISIC_0027425,2,0.000105724175,0.00080079143,0.96539694,0.0104328105,0.0015407171,0.0010320325,0.020691046
ISIC_0029323,2,0.00024127915,0.0014216647,0.03155513,0.96086234,1.4690148e-05,0.00043188545,0.005472975
ISIC_0031520,2,0.020831445,0.057134595,0.034637064,0.102833495,0.029223645,0.73920226,0.016137442
ISIC_0031171,2,0.003686815,0.021737693,0.03923842,0.93140644,0.00045831158,0.00037959378,0.0030926547
ISIC_0029123,2,0.0018081736,0.035228215,0.9596519,2.3058676e-05,0.0009820501,0.0019720225,0.00033466308
ISIC_0029372,2,0.00036745032,0.0051491996,0.98993087,7.7307595e-06,0.0035641792,0.00095468474,2.5925603e-05
ISIC_0030782,2,4.951267e-05,2.4214114e-05,0.9998497,5.74191e-07,6.8034875e-05,1.4195475e-06,6.5720205e-06
ISIC_0031318,2,5.104005e-07,1.2149835e-05,0.9991167,1.3063007e-05,0.00078249775,4.9343653e-06,7.015499e-05
ISIC_0031470,2,0.0005883617,0.0003229791,0.9739532,0.0049894773,0.019773688,1.0839263e-06,0.000371302
ISIC_0027281,2,7.3686897e-07,5.5503784e-05,0.9994361,8.223048e-09,0.00046225265,1.0731462e-05,3.472454e-05
ISIC_0027291,2,1.754233e-05,0.001553525,0.9073098,7.9831676e-07,0.08507692,0.0007018134,0.0053396514
ISIC_0028147,2,2.00474e-08,9.99909e-11,0.99999607,6.197768e-09,6.0798527e-07,1.733799e-09,3.3416557e-06
ISIC_0031986,2,0.00046409134,0.00020457746,0.15336257,0.5098858,0.33426127,0.00041153858,0.0014101919
ISIC_0031298,2,6.399551e-08,7.264446e-08,0.9998666,4.275499e-06,0.0001279472,2.8795231e-08,9.3231137e-07
ISIC_0027595,2,0.00025764463,3.0489584e-05,0.99929464,2.3388748e-05,0.0003460071,1.6350461e-07,4.7641974e-05
ISIC_0029501,2,7.708721e-06,5.4732733e-05,0.88811374,3.5675047e-08,0.11179724,2.16467e-06,2.4357274e-05
ISIC_0027759,2,2.022659e-05,0.9516395,0.04832356,4.097146e-08,1.6189713e-05,4.5191632e-07,1.1085771e-07
ISIC_0028653,2,4.6424728e-05,2.6320206e-05,0.9993326,4.1849844e-06,0.0005853731,2.5200172e-06,2.677075e-06
ISIC_0032164,2,7.655232e-06,2.9773433e-08,0.9999863,7.4482685e-08,5.5486353e-06,2.3455475e-09,3.047634e-07
ISIC_0025031,2,5.1123372e-08,7.5156026e-06,0.9999678,4.6667418e-07,1.330065e-06,8.741879e-06,1.4097858e-05
ISIC_0024931,2,3.6115372e-05,0.14531767,0.85274094,0.0005382744,0.0013439956,3.3280928e-06,1.9738836e-05
ISIC_0026957,2,0.0025531258,0.43806654,0.5071629,2.1671526e-06,0.052199002,1.03916345e-05,5.71581e-06
ISIC_0031971,2,0.9912446,5.338688e-06,0.008448047,0.00017229955,8.192431e-05,2.3163459e-05,2.471616e-05
ISIC_0031721,2,0.0043605887,0.548818,0.34969732,3.3457043e-06,3.0762883e-05,0.017876426,0.079213634
ISIC_0028542,2,0.00034778035,0.000101323276,0.9540344,0.00022680851,0.00037811405,2.8057306e-05,0.044883493
ISIC_0032285,1,0.00561506,0.99428815,7.431144e-07,1.5439566e-08,9.083355e-05,2.0162818e-06,3.235968e-06
ISIC_0027347,1,4.4152225e-06,0.94914293,7.2710384e-07,4.762671e-08,0.050790466,5.742876e-05,3.93792e-06
ISIC_0032226,1,0.45265484,0.5264642,0.0006661398,4.34793e-06,0.015476817,0.004460219,0.00027337373
ISIC_0026780,1,0.006086373,0.98102933,4.6892907e-07,3.8633763e-07,0.012858969,7.5502356e-07,2.383885e-05
ISIC_0025457,1,1.0237734e-06,0.75104797,2.2514605e-06,2.843153e-06,0.24889168,5.2146355e-05,2.0792563e-06
ISIC_0028266,1,9.515178e-05,0.9895419,5.0516894e-07,5.229481e-08,0.010348801,1.1841113e-05,1.8569681e-06
ISIC_0028455,1,0.00019488856,0.99928755,3.971631e-09,1.1879506e-09,0.0005160142,1.4260663e-06,1.7478439e-07
ISIC_0024968,1,2.206699e-05,0.99936146,5.5634284e-09,3.3730712e-09,0.00052203186,9.381141e-05,7.2488933e-07
ISIC_0024828,1,4.341655e-06,0.98840874,1.2669849e-05,1.0948817e-06,0.010555148,0.00090289715,0.000115188086
ISIC_0030035,1,0.0012721632,0.29043645,0.00011408823,3.9870203e-05,0.6964531,0.00016838394,0.011515935
ISIC_0030993,1,6.4466505e-05,0.9995964,1.3982297e-07,7.941559e-08,0.00033141772,7.00257e-06,4.216727e-07
ISIC_0031068,1,0.04142828,0.91193426,1.6667309e-05,6.329708e-10,0.04629451,0.00032263095,3.6048539e-06
ISIC_0030791,1,1.2843127e-06,0.9998939,3.0613997e-08,9.383905e-10,9.959833e-05,4.9725318e-06,2.2395275e-07
ISIC_0024896,1,5.1209296e-05,0.99784946,1.8931456e-05,1.4804715e-07,0.0020683226,1.0302674e-05,1.6305085e-06
ISIC_0028480,1,6.9842274e-05,0.861058,0.0002310463,7.0797187e-06,0.13798887,0.0005846043,6.0560924e-05
ISIC_0026768,1,0.00022307943,0.9973049,2.6151982e-08,4.429986e-10,0.0024550678,1.4496612e-05,2.4007154e-06
ISIC_0029351,1,1.3441843e-07,0.9985536,2.7236563e-06,6.827783e-07,0.0014378265,2.8019524e-06,2.1462097e-06
ISIC_0030102,1,0.0014798075,0.99831593,4.490114e-06,1.6512491e-08,0.00018833936,2.8680004e-06,8.600494e-06
ISIC_0032016,1,0.00018644218,0.9996544,9.4562716e-07,1.3145515e-09,1.1396639e-05,0.0001455568,1.2521217e-06
ISIC_0031671,1,4.2745265e-05,0.9974808,2.898407e-06,8.1851724e-08,0.0024482266,1.5154707e-05,1.0058942e-05
ISIC_0029637,1,0.0005595929,0.99929094,1.4643244e-07,1.5993912e-09,0.000113700116,3.4188422e-05,1.4390075e-06
ISIC_0024462,1,0.0022385726,0.99466515,3.5134115e-05,7.1845136e-07,0.0016539717,0.0009404802,0.0004659468
ISIC_0025161,1,5.5924513e-05,0.99993706,2.4387475e-07,1.5328657e-08,5.1130623e-06,8.799323e-08,1.5868347e-06
ISIC_0031652,1,0.0013856963,0.113866776,0.00023199606,6.33395e-07,0.8842842,0.00020834403,2.2405462e-05
ISIC_0032391,1,9.298724e-07,0.9960134,1.4841063e-08,5.835158e-09,0.00395289,3.2516815e-05,2.904937e-07
ISIC_0029149,1,1.4721127e-05,0.9957504,7.871773e-06,6.191935e-09,0.003896491,0.0003290688,1.452315e-06
ISIC_0032317,1,6.875892e-06,0.99975604,7.490893e-06,1.111747e-07,0.0002195294,6.329767e-06,3.6260471e-06
ISIC_0025053,1,0.006736629,0.99247193,2.9602916e-07,3.0374355e-08,5.966194e-06,0.00068104506,0.0001041361
ISIC_0029911,1,6.843952e-05,0.99212366,8.2158357e-07,2.579702e-08,0.007391105,0.00041374352,2.2331915e-06
ISIC_0030682,1,0.018397149,0.9402761,8.8278626e-05,1.9143842e-07,0.041131027,8.275825e-05,2.4535162e-05
ISIC_0027784,1,0.37167117,0.62751585,2.0150648e-07,2.6210387e-09,0.00046244197,9.863401e-05,0.000251679
ISIC_0028889,1,0.0010669783,0.954476,2.1263362e-07,5.901636e-09,0.044337142,0.00010117508,1.8479675e-05
ISIC_0032501,1,6.296871e-05,0.90636575,4.0704265e-07,3.1808734e-06,0.09320531,0.00030926452,5.3210275e-05
ISIC_0025095,1,0.00027060535,0.994163,0.00030511717,6.8145525e-09,0.005244924,1.5187497e-05,1.1819257e-06
ISIC_0028917,1,3.5435924e-06,0.99976224,1.9840052e-09,3.164026e-10,0.0002258241,8.251515e-06,2.2675322e-07
ISIC_0029888,1,0.000536951,0.9993181,5.3634653e-07,1.8069278e-07,0.00013216384,6.9808125e-06,4.9252885e-06
ISIC_0032387,1,0.0061118677,0.9368541,4.002229e-05,4.549248e-06,0.056965664,1.7751377e-06,2.191851e-05
ISIC_0027808,1,0.0001577339,0.9852529,7.540397e-07,4.598926e-08,0.014538741,4.1266892e-05,8.609626e-06
ISIC_0025593,1,1.2116549e-05,0.9999149,2.9096192e-08,7.7306076e-08,7.244861e-05,2.5643786e-07,1.5552156e-07
ISIC_0025206,1,4.8202866e-05,0.019952388,2.3974988e-07,4.1674545e-07,0.97986263,2.7178493e-07,0.00013586851
ISIC_0027854,1,3.008473e-05,0.9861168,1.1446858e-06,2.7830669e-09,0.013836489,7.521383e-06,7.880477e-06
ISIC_0030642,1,9.394197e-05,0.88257056,0.0003053666,9.53235e-08,0.039804943,0.07720922,1.5881702e-05
ISIC_0030050,1,0.00015626269,0.2191758,0.0003676587,3.9608236e-07,0.7802059,7.775459e-05,1.619688e-05
ISIC_0025675,1,0.005032445,0.0051658005,3.7538703e-07,3.1734643e-08,0.9897842,1.6429722e-05,6.7105566e-07
ISIC_0030573,1,2.748631e-07,0.9994566,4.582885e-07,2.3809239e-08,2.5724125e-06,0.00053827494,1.7950643e-06
ISIC_0028424,1,0.429593,0.56885964,3.2716113e-07,1.2289579e-08,0.0012642132,0.00025046454,3.243033e-05
ISIC_0031106,1,0.00041627148,0.97684073,6.2680624e-06,1.2025936e-08,0.0026771866,0.019998742,6.0828123e-05
ISIC_0025676,1,0.0005962689,0.99504155,9.006754e-08,1.4760807e-08,0.004155429,0.00020432,2.3689895e-06
ISIC_0030016,1,3.7674408e-06,0.9998447,5.958493e-08,2.6363e-08,0.00013736056,1.2757181e-06,1.2800378e-05
ISIC_0030599,1,2.7804874e-05,0.9998627,1.3505142e-08,4.716797e-12,0.0001072964,2.135788e-06,2.1916119e-08
ISIC_0032153,1,0.0001968116,0.8966606,7.124537e-07,2.9246554e-08,0.10308406,2.184661e-05,3.5960384e-05
ISIC_0026565,1,5.856991e-05,0.99992394,7.217778e-08,3.5996774e-07,2.797859e-06,1.9305362e-06,1.2370637e-05
ISIC_0028682,1,0.00029663555,0.9941592,1.5350066e-08,1.858191e-08,0.0055423835,9.787731e-07,8.2420877e-07
ISIC_0026399,1,1.6810507e-05,0.99994755,4.832454e-08,3.8085024e-10,2.5954418e-05,9.57181e-06,5.9733765e-08
ISIC_0026098,1,5.8741352e-06,0.9994677,2.9519263e-08,1.4805962e-10,0.00052330806,4.9219705e-07,2.6383868e-06
ISIC_0028353,1,1.3300986e-05,0.00086825487,0.0066363085,4.471296e-07,0.0026089326,0.006108146,0.9837646
ISIC_0030128,1,3.0888426e-05,0.9999343,8.881143e-08,1.3347968e-08,2.9362205e-05,3.7024427e-07,5.0336243e-06
ISIC_0026169,1,4.4802036e-06,0.99964976,4.3847255e-08,7.0190825e-10,0.0003453422,3.3396367e-07,5.0745577e-08
ISIC_0025813,1,1.179398e-05,0.9985495,1.1755317e-07,4.4434767e-09,0.0014357538,2.1308642e-06,6.2532985e-07
ISIC_0026682,1,1.00963225e-05,0.4590549,3.982792e-06,1.2031543e-07,0.54053915,7.738506e-06,0.00038395709
ISIC_0029815,1,1.9939587e-06,0.99996996,1.0314224e-09,7.3102364e-11,4.0032146e-06,1.1806685e-06,2.2821041e-05
ISIC_0028196,1,1.4363255e-05,0.99475104,1.3378586e-08,2.8847796e-10,0.005234516,1.4470304e-07,1.6078543e-08
ISIC_0031234,1,0.00022856209,0.9905743,1.17933105e-07,7.525624e-08,0.0050650258,0.0040089916,0.00012290577
ISIC_0032254,1,5.0080316e-06,0.99144626,1.12324074e-07,4.585423e-08,0.0025983248,0.0059496416,5.676859e-07
ISIC_0025205,1,5.2709987e-05,0.9995857,1.4783112e-05,4.0146684e-08,0.00033852586,7.4346067e-06,8.6821143e-07
ISIC_0025056,1,0.00035248004,0.99949574,9.408991e-08,3.044164e-09,7.841271e-05,3.900562e-05,3.4242392e-05
ISIC_0030540,1,2.4868456e-05,0.9761861,2.9568473e-06,3.7713842e-06,0.023779124,5.19622e-07,2.8005334e-06
ISIC_0027124,1,7.721256e-05,0.99712294,1.138914e-06,1.2684443e-07,0.00277718,6.259656e-06,1.5073553e-05
ISIC_0030936,1,0.000623411,0.9964855,1.1056864e-05,4.2794747e-07,0.00271067,1.744337e-06,0.00016714475
ISIC_0030729,1,3.829758e-06,0.9911481,8.3102196e-07,2.1598755e-08,0.008708144,1.9611998e-05,0.00011946728
ISIC_0027691,1,7.6414864e-05,0.9999118,8.414597e-08,4.4351914e-10,4.7134995e-06,8.266593e-07,6.1383757e-06
ISIC_0024791,1,0.00017852818,0.41609147,5.320863e-06,5.029146e-10,0.5835986,4.3419765e-05,8.258331e-05
ISIC_0025255,1,9.043984e-05,0.99921227,7.1609506e-06,2.1592606e-07,0.0005601917,0.00011738583,1.2380402e-05
ISIC_0026778,1,0.01889623,0.98057127,2.6833043e-06,3.1920868e-06,0.0005053937,1.821121e-05,2.9597218e-06
ISIC_0032453,1,0.009486509,0.99045044,4.717821e-06,6.784206e-07,4.4844117e-05,3.1337465e-06,9.598286e-06
ISIC_0027136,1,2.0344773e-05,0.77999836,1.5237386e-07,4.188064e-08,0.21952105,0.00019401172,0.00026606908
ISIC_0028546,1,2.5891993e-06,0.99732816,7.988685e-08,4.3942276e-08,0.0026435398,2.2193482e-05,3.4289085e-06
ISIC_0027763,1,2.3927538e-07,0.9989159,2.7298068e-08,3.4345705e-06,0.00082242937,0.00025428858,3.6902459e-06
ISIC_0029822,1,4.5437268e-05,0.99985886,2.116079e-08,4.3405335e-10,8.481661e-07,9.480377e-05,3.651908e-08
ISIC_0027301,1,6.5276636e-06,0.9999373,1.9830559e-08,6.5893146e-10,5.534298e-05,3.223645e-07,4.507332e-07
ISIC_0028864,1,5.500495e-07,0.9989324,3.062637e-07,5.38996e-11,0.0010633093,2.4438984e-06,9.0366666e-07
ISIC_0031237,1,7.595229e-05,0.9998319,8.349562e-08,1.540906e-08,8.9790665e-05,1.6715696e-06,5.092095e-07
ISIC_0026613,1,5.557008e-05,0.99517304,1.9392583e-05,4.897889e-08,0.004517876,0.00022721002,6.958304e-06
ISIC_0025508,1,0.00014435858,0.9998217,3.163747e-08,1.5256792e-09,3.281452e-05,7.268212e-07,3.595429e-07
ISIC_0028975,1,5.036899e-05,0.9892658,1.30444605e-05,2.3167393e-06,0.010616704,8.5479805e-06,4.3190088e-05
ISIC_0031837,1,1.9257217e-05,0.9966756,2.2159696e-09,4.4160444e-09,0.0033046005,3.4414828e-07,1.4260883e-07
ISIC_0026936,1,0.0011966851,0.9752694,6.527547e-07,5.291563e-06,0.02351621,5.834366e-07,1.1150193e-05
ISIC_0029619,1,6.82405e-06,0.9945582,1.1619534e-08,1.1059262e-08,0.0054315063,5.6515523e-07,2.8235215e-06
ISIC_0030904,1,0.03772538,0.9612184,0.00014274332,2.3023952e-06,0.00057778246,3.9184055e-05,0.00029413338
ISIC_0031938,1,5.7397254e-05,0.9999287,1.6508871e-07,7.553383e-06,3.170196e-06,2.6577222e-06,4.3062573e-07
ISIC_0029386,1,6.805615e-05,0.99992585,2.912959e-09,1.9787354e-10,5.9659765e-06,1.06334035e-07,5.0009444e-08
ISIC_0029675,1,1.8193e-05,0.9982181,4.1903757e-08,1.3156003e-09,9.080276e-05,0.0016595925,1.321256e-05
ISIC_0031035,1,0.0062228567,0.9933651,6.6716716e-08,2.0767243e-09,0.00015244159,0.00015541725,0.00010409026
ISIC_0030411,1,0.0021006295,0.99747604,5.496937e-08,5.252743e-08,0.0004156986,5.9260215e-06,1.5739155e-06
ISIC_0032059,1,3.6026107e-05,0.9994398,5.7910775e-06,1.2506978e-08,0.00031626745,0.00020200138,2.0438921e-07
ISIC_0031219,1,0.0017525551,0.9982393,8.016809e-09,8.222727e-10,5.8396136e-06,1.7990304e-06,5.3973423e-07
ISIC_0025175,1,5.258024e-05,0.9228226,1.3942818e-06,2.1025758e-06,0.076714985,0.00040451292,1.8779814e-06
ISIC_0028175,1,0.66390634,0.30988702,7.5653297e-06,3.0572335e-07,0.025854357,0.00020482503,0.00013952702
ISIC_0031534,1,3.9864603e-06,0.9976404,2.4701558e-06,5.046129e-06,0.0013489752,0.0009680971,3.1121388e-05
ISIC_0027564,1,0.010695466,0.98875016,3.5266185e-06,3.4201162e-07,0.00054627476,2.1956932e-06,1.9248184e-06
ISIC_0027661,1,2.573568e-05,0.97920084,2.1579076e-07,1.6265572e-08,0.020527562,0.00024093241,4.7200087e-06
ISIC_0025192,1,0.00029023862,0.99334335,5.654485e-08,9.043423e-09,0.006244522,0.00012142871,4.7285133e-07
ISIC_0027356,1,4.3020627e-05,0.97983027,4.245024e-08,4.7226052e-08,0.020118514,7.2956345e-06,8.71897e-07
ISIC_0029618,1,0.0010098058,0.8050772,1.3043126e-06,9.043342e-08,0.19388579,2.0777622e-06,2.3762495e-05
ISIC_0030944,1,4.0659455e-05,0.9959778,6.1805925e-09,9.975142e-08,0.0039529284,2.6747233e-05,1.7294949e-06
ISIC_0027121,1,0.006144308,0.99262697,1.4534436e-06,4.148206e-08,0.0011850412,4.192002e-05,3.7728142e-07
ISIC_0028466,1,1.6037577e-06,0.9999862,2.9267365e-08,4.2413661e-10,1.0038496e-05,1.7540797e-06,3.4132592e-07
ISIC_0026136,1,0.00067225884,0.9989531,5.2815915e-07,5.876978e-09,0.00037053644,2.2597578e-06,1.2350737e-06
ISIC_0025054,1,0.00014783005,0.8497825,5.7055636e-06,5.0826923e-08,0.14996292,2.5427366e-06,9.836135e-05
ISIC_0031699,1,0.0010673244,0.9988544,3.9178676e-07,2.1507601e-08,1.4693701e-05,8.074744e-06,5.5049666e-05
ISIC_0027467,1,0.0028052023,0.9971789,6.9500106e-06,5.7642005e-08,4.00817e-06,2.159414e-06,2.8274837e-06
ISIC_0032231,1,9.438425e-05,0.8935577,2.4531508e-05,1.1808916e-06,0.10526303,6.826028e-05,0.0009908606
ISIC_0028869,1,0.003657764,0.9958449,2.5591962e-06,3.8245833e-08,0.00044948142,3.7849586e-05,7.423268e-06
ISIC_0025910,1,0.00075297384,0.7139985,3.6282834e-06,8.967669e-08,0.28506786,0.0001703175,6.625556e-06
ISIC_0031461,1,4.2059106e-05,0.9347182,0.0010076325,7.123796e-07,0.06411869,8.7062595e-05,2.5690731e-05
ISIC_0026960,1,0.0003197739,0.9996711,1.517742e-08,5.442591e-07,7.5373787e-06,8.0739545e-07,1.0819875e-07
ISIC_0031250,1,3.3233166e-05,0.98411155,2.2979398e-06,4.665843e-10,0.015826946,7.862398e-06,1.8083592e-05
ISIC_0025084,1,0.000911209,0.94808966,0.0002733326,1.1706974e-06,0.050343633,0.00030051192,8.0505684e-05
ISIC_0028337,1,0.00051899196,0.9960419,2.7470045e-07,4.7301103e-08,0.0034357691,2.217568e-07,2.8911113e-06
ISIC_0024429,1,0.0010658863,0.9988732,5.9688196e-06,6.6992123e-07,4.5245957e-05,1.7202598e-06,7.3540714e-06
ISIC_0026225,1,0.0121161835,0.98784316,1.9030914e-06,1.0673594e-08,3.593566e-05,1.3141121e-06,1.5556716e-06
ISIC_0029142,1,0.0012307101,0.9982514,1.2610832e-05,2.0621681e-07,0.0004272331,2.5868155e-06,7.522043e-05
ISIC_0027554,1,0.0004223488,0.98677117,6.840539e-08,4.7070916e-08,0.012735016,3.5587673e-05,3.576818e-05
ISIC_0027166,1,1.3116157e-06,0.9974814,4.2830368e-07,2.34468e-09,0.0024732144,4.1290325e-05,2.4180024e-06
ISIC_0024556,1,5.8234023e-06,0.99998784,1.2576977e-07,7.915745e-09,4.7902645e-06,1.0190505e-06,3.5236795e-07
ISIC_0031582,1,8.734518e-05,0.05492614,2.870591e-08,2.6341558e-09,0.94476634,2.2393262e-05,0.00019762502
ISIC_0025861,1,9.076335e-07,0.99973947,5.2050346e-08,8.849802e-09,7.338984e-05,0.00018620837,6.877214e-08
ISIC_0032228,1,2.1427918e-06,0.9999436,2.0786908e-07,2.7067706e-09,2.960705e-05,1.0202642e-05,1.4204224e-05
ISIC_0028443,1,1.2619019e-07,0.99158937,2.7113919e-07,4.5617973e-08,0.0012695133,0.0071357326,4.94372e-06
ISIC_0030955,1,1.3922727e-07,0.9999635,1.2279091e-07,4.72079e-09,3.1891407e-06,3.1151383e-05,1.9447955e-06
ISIC_0031051,1,0.00028750714,0.9982578,8.1727165e-07,3.930213e-08,0.0013738996,7.544542e-05,4.4549765e-06
ISIC_0027331,1,1.0734669e-07,0.0051715756,4.4343818e-08,2.724928e-08,0.9948264,6.687912e-08,1.7495446e-06
ISIC_0029305,1,0.0004203589,0.22310762,2.0878022e-09,1.0447227e-10,0.77481073,0.001658444,2.8530385e-06
ISIC_0024374,1,0.003050071,0.70574754,1.1072544e-06,2.7873111e-06,0.290725,0.0004650373,8.51365e-06
ISIC_0026862,1,0.00074492954,0.9902007,2.7459376e-07,1.7738239e-07,0.00790706,0.0009661817,0.0001806502
ISIC_0028299,1,0.17728409,0.7492652,0.00084191014,3.7026524e-07,0.027858762,0.044578236,0.00017151028
ISIC_0031685,1,0.00021284638,0.0123666,9.628592e-06,1.1086737e-06,0.98697543,0.0004051201,2.9323108e-05
ISIC_0026114,1,0.0003931157,0.99574125,4.451495e-06,6.691704e-07,0.0038475445,4.1979095e-07,1.2505427e-05
ISIC_0029426,1,6.622442e-05,0.99767476,3.136569e-07,2.0284614e-09,0.0022566863,1.1619588e-06,8.2272646e-07
ISIC_0025104,1,0.0001935705,0.9831986,1.3959057e-06,4.520925e-07,0.016537765,2.4353723e-05,4.3820815e-05
ISIC_0026994,1,1.8898932e-05,0.9954875,6.6219814e-06,5.0532653e-06,0.0043829675,3.1822042e-06,9.563626e-05
ISIC_0024523,1,2.4267845e-05,0.96489453,8.916469e-06,0.001000831,0.033803057,0.00023535821,3.3020035e-05
ISIC_0028789,1,2.2996765e-06,0.99850214,1.0582673e-06,3.53557e-08,7.0116475e-06,0.0014688931,1.8728619e-05
ISIC_0029381,1,0.0015985894,0.996763,1.0586454e-05,2.2992872e-09,0.0016193924,7.621611e-06,8.1594817e-07
ISIC_0024976,1,2.6438959e-06,0.9739049,2.0116788e-06,1.4116029e-07,0.026069932,9.544572e-06,1.0900878e-05
ISIC_0028102,1,1.7639755e-05,0.9997626,3.7454106e-07,1.448435e-09,0.00015150191,6.2100225e-05,5.776926e-06
ISIC_0032202,1,0.019764937,0.9744693,2.064445e-06,5.45314e-07,0.0057192342,2.2098691e-05,2.1801361e-05
ISIC_0024804,1,0.0001578819,0.9947693,1.0593645e-08,1.3300307e-07,0.0050395145,3.188367e-05,1.2522643e-06
ISIC_0029697,1,3.1198913e-06,0.9987477,5.0790236e-06,1.1606033e-06,0.0012145974,2.5430892e-05,2.8583054e-06
ISIC_0027456,1,0.0003081375,0.99523383,1.6954999e-07,1.1632126e-07,0.00444615,9.860739e-06,1.7872791e-06
ISIC_0029300,1,0.6939799,0.082677916,2.8446605e-06,1.940754e-06,0.21934572,0.001089272,0.0029024172
ISIC_0024687,1,3.0399302e-05,0.9999672,7.245218e-09,2.0840822e-08,1.4969139e-06,2.8874634e-08,8.9316126e-07
ISIC_0025406,1,0.0001674665,0.99866354,1.9339213e-05,4.3138098e-09,0.0011376275,5.877363e-06,6.155929e-06
ISIC_0030285,1,0.0004436907,0.9993205,2.6501484e-05,1.2153183e-05,3.8481016e-06,0.00019232687,1.0806249e-06
ISIC_0026201,1,0.00043362463,0.9994624,1.3148937e-08,1.0991856e-09,2.0547699e-05,8.221274e-05,1.1859777e-06
ISIC_0025359,1,0.00015418969,0.9990797,2.6157988e-07,8.012818e-10,0.0007453563,5.781611e-07,1.985722e-05
ISIC_0030524,1,0.00012788759,0.9938055,1.7444405e-06,5.9942076e-06,0.0060508074,7.743488e-08,7.90516e-06
ISIC_0030448,1,0.0001578074,0.9996804,7.2583707e-06,8.114459e-08,0.00010863468,4.4580313e-05,1.1889351e-06
ISIC_0026128,1,2.6116944e-05,0.99843127,1.1271099e-05,3.3455935e-06,0.0014605442,3.082024e-05,3.6631445e-05
ISIC_0030679,1,2.1462288e-06,0.9977628,4.349399e-10,1.9331011e-08,0.0022342186,3.6810837e-07,4.844474e-07
ISIC_0031390,1,5.6568438e-06,0.99993896,9.763455e-06,8.9721034e-08,2.9691006e-05,1.4023139e-05,1.7276717e-06
ISIC_0026241,1,1.3819116e-06,0.9999902,4.0603975e-08,4.019035e-09,1.3007325e-06,5.8358205e-06,1.2578201e-06
ISIC_0031176,1,2.0139296e-05,0.99995804,1.7888924e-07,2.0291204e-06,1.66985e-05,6.46302e-07,2.3729538e-06
ISIC_0024765,1,4.2685346e-07,0.9999993,3.9271377e-09,2.5083718e-10,1.7535265e-07,1.2320257e-07,2.4575925e-08
ISIC_0026144,1,2.3048018e-05,0.999938,7.223523e-09,9.506299e-10,2.8413422e-05,9.877903e-06,6.586075e-07
ISIC_0027055,1,0.0033432953,0.996655,3.6067885e-07,1.3298917e-08,7.3167797e-07,4.9748576e-07,1.264667e-07
ISIC_0026208,1,2.562149e-06,0.9972914,8.8185675e-10,4.224097e-11,4.872367e-06,0.0027006988,4.293016e-07
ISIC_0025397,1,0.00052058545,0.99886,1.1013271e-07,2.0910181e-07,0.0005694174,4.9279137e-05,3.366745e-07
ISIC_0032223,1,1.0839462e-05,0.99998057,6.4935315e-09,3.691418e-08,4.0479013e-06,4.2414767e-06,2.254347e-07
ISIC_0028609,1,6.2493365e-07,0.9998735,2.4922933e-08,1.4741409e-09,7.722254e-05,4.7358095e-05,1.2366668e-06
ISIC_0031355,1,1.4777995e-05,0.999966,2.4617567e-08,9.842858e-10,1.4663158e-05,4.2824045e-06,1.7414344e-07
ISIC_0030509,1,1.4716526e-06,0.99987245,4.607403e-06,7.532353e-07,0.000100885576,6.918153e-06,1.2951587e-05
ISIC_0028711,1,0.013752089,0.9821485,7.841938e-05,0.0011219454,0.002855045,1.9993042e-05,2.3878114e-05
ISIC_0032188,1,0.0013211266,0.99864584,4.5689467e-07,1.5548927e-07,1.3539595e-05,8.11486e-07,1.8096189e-05
ISIC_0030490,1,0.0019400506,0.9972664,1.0123146e-07,3.62351e-05,0.00038039393,0.00036962217,7.1621253e-06
ISIC_0027736,1,6.985303e-05,0.9996953,3.1732031e-06,3.247075e-06,2.1448179e-05,5.9965492e-05,0.00014711631
ISIC_0027405,1,1.6371856e-06,0.9999893,1.7195599e-09,3.368866e-10,8.752787e-06,2.8681964e-07,6.2965064e-08
ISIC_0024346,1,0.00017422004,0.99971956,1.0104361e-05,1.0340206e-06,8.087031e-05,8.4064715e-07,1.32997775e-05
ISIC_0029436,1,0.00010632738,0.9998913,4.8168924e-10,4.2343198e-10,2.012458e-06,2.742776e-07,8.917016e-08
ISIC_0028770,1,5.1765017e-08,0.99999714,1.3548e-09,3.0883827e-09,8.4305174e-07,1.9105007e-06,1.9485741e-08
ISIC_0027541,1,1.5195399e-06,0.9999974,8.945239e-11,2.6358036e-11,8.0751266e-07,1.1974387e-07,2.1365514e-07
ISIC_0024585,1,6.536432e-06,0.9999702,3.9690536e-07,1.6331908e-09,2.1406191e-05,7.419186e-07,8.0564456e-07
ISIC_0026292,1,1.6679815e-05,0.99995995,5.5072763e-07,1.9085948e-09,2.0593288e-05,1.3166141e-06,9.623914e-07
ISIC_0031156,1,3.001452e-07,0.9341613,5.2887906e-08,3.6512095e-08,0.065787755,9.696639e-08,5.047916e-05
ISIC_0030186,1,0.00024467622,0.9997061,7.907646e-07,1.0734119e-08,3.310101e-05,1.0030512e-06,1.43593825e-05
ISIC_0025740,1,0.00055774994,0.99655044,8.3780725e-07,3.291126e-07,0.0026747535,8.741574e-06,0.0002070143
ISIC_0026928,1,5.1186944e-05,0.99940586,7.936919e-06,1.5173842e-06,0.0003223292,0.0002107009,3.3275117e-07
ISIC_0032056,1,0.00015813751,0.9998388,1.2922638e-07,1.2732542e-08,5.106477e-07,2.1651482e-07,2.166897e-06
ISIC_0030493,1,0.00024774278,0.99906605,7.977529e-06,1.2738495e-06,0.00066840975,9.649676e-07,7.5317676e-06
ISIC_0029004,1,5.622577e-06,0.9980572,1.4107817e-07,2.4329507e-09,0.0019306352,1.9532868e-06,4.5193588e-06
ISIC_0025527,1,0.00016002617,0.99821836,2.4088013e-08,4.3581105e-07,0.0011918722,0.00035386672,7.535837e-05
ISIC_0028936,1,2.5194546e-05,0.99995553,1.6431892e-07,4.7109953e-08,1.9870343e-07,1.1349737e-05,7.5972434e-06
ISIC_0025109,1,2.9999426e-05,0.9996997,2.566234e-07,1.0717818e-06,0.00014840039,4.2487998e-05,7.801827e-05
ISIC_0029508,1,2.7359396e-05,0.99992,6.074293e-08,3.6297283e-08,4.601151e-05,6.3212315e-06,2.3303225e-07
ISIC_0024989,1,1.6437665e-05,0.99991107,3.4128745e-06,3.3038546e-08,4.73671e-05,1.8811292e-05,2.8873512e-06
ISIC_0026515,1,1.1960189e-07,0.9999497,9.952648e-09,1.5197105e-10,4.9574366e-05,6.083665e-07,4.8321507e-08
ISIC_0028647,1,0.0010071247,0.9989366,1.5443695e-07,7.534477e-08,5.582638e-05,8.122151e-08,7.2423356e-09
ISIC_0029706,1,3.6035399e-06,0.9972042,1.257107e-08,1.6019166e-08,0.0027919551,5.4283912e-08,3.0149863e-07
ISIC_0029550,1,0.0017383846,0.9982595,3.3854512e-08,1.198538e-07,4.232297e-07,6.552766e-07,8.4352087e-07
ISIC_0029639,1,2.1736596e-05,0.99992645,2.0454538e-06,1.1124074e-07,4.7534948e-05,2.9811216e-07,1.7182333e-06
ISIC_0032398,1,0.002596413,0.98854697,6.991801e-05,2.7452077e-07,0.008754632,1.4385953e-05,1.7455648e-05
ISIC_0026368,1,2.7506585e-06,0.9999548,1.0411933e-08,1.9070932e-09,3.2625195e-07,4.1070554e-05,9.569757e-07
ISIC_0029798,1,1.188235e-05,0.9996582,9.953274e-06,1.8401812e-07,0.00028357067,4.2215387e-07,3.5709334e-05
ISIC_0026253,1,0.0015882964,0.9981791,6.8964514e-06,8.673937e-06,0.00014583793,3.1365466e-06,6.816545e-05
ISIC_0026397,1,0.00089967565,0.9972007,2.1312813e-05,9.323728e-06,0.0018262252,3.4412868e-05,8.413154e-06
ISIC_0024957,1,1.0073e-06,0.9999809,3.0981474e-07,1.7180614e-08,1.643557e-05,2.7655904e-07,1.0448214e-06
ISIC_0029219,1,0.0026546859,0.99584526,2.6882482e-08,1.1583202e-08,0.0009211125,0.0004367228,0.000142123
ISIC_0027453,1,8.842715e-06,0.9978975,1.5522036e-07,7.5517283e-07,0.0020869735,3.0984992e-07,5.406876e-06
ISIC_0030141,1,0.00017677719,0.99981576,2.381673e-06,1.00288716e-07,2.9505054e-06,9.05532e-08,1.971317e-06
ISIC_0028208,1,6.6212453e-07,0.9810564,1.1392542e-07,7.3511917e-09,0.018939855,1.0642224e-07,2.91094e-06
ISIC_0025087,1,1.3025197e-05,0.9991573,2.5060805e-08,3.9723147e-07,0.0008291366,6.313109e-08,2.7802178e-08
ISIC_0027593,1,9.233688e-06,0.99997175,1.3885019e-06,8.7291006e-08,1.3934159e-05,1.273874e-06,2.2375702e-06
ISIC_0029218,1,7.269316e-05,0.98335093,4.0584393e-05,3.2074044e-07,0.016395357,0.00012235559,1.767128e-05
ISIC_0027009,1,0.010606759,0.98685724,0.0023720397,4.4912313e-06,0.00015765947,7.394877e-07,1.1540257e-06
ISIC_0027730,1,2.8324564e-05,0.9999653,1.4444334e-08,1.1358482e-08,3.146584e-07,3.677889e-08,6.022395e-06
ISIC_0030307,1,1.3904385e-06,0.99979776,9.431472e-05,4.3972028e-07,0.00010182313,6.905561e-08,4.152274e-06
ISIC_0030380,1,7.7068853e-07,0.999398,1.7141247e-08,5.7351656e-08,0.0006009391,9.3168914e-08,1.4232123e-07
ISIC_0031792,1,3.0163187e-06,0.9999962,3.0517355e-09,6.711984e-11,7.717107e-08,5.6935363e-07,1.4176915e-07
ISIC_0027357,1,2.2087937e-05,0.99993706,9.430969e-07,6.221077e-09,3.6516903e-05,1.4264435e-06,1.9122454e-06
ISIC_0025072,1,0.00016118912,0.99983096,1.3571068e-09,3.560246e-11,6.6067737e-06,1.1201066e-06,1.9004503e-07
ISIC_0028769,1,6.760866e-06,0.9983804,3.1690095e-09,6.9138366e-07,0.0015810387,3.0254078e-05,8.719195e-07
ISIC_0030913,1,0.00069893594,0.9992685,4.6887116e-10,1.2213097e-10,6.107289e-08,3.2282984e-05,1.9253494e-07
ISIC_0027438,1,2.458963e-05,0.99959105,3.4359695e-05,1.7932832e-06,0.00030421774,5.0216327e-06,3.9034683e-05
ISIC_0025007,1,2.44643e-07,0.9998246,4.0137846e-07,2.14759e-09,1.2763604e-06,0.00017276636,6.406441e-07
ISIC_0030896,1,3.617786e-05,0.99846846,4.7817434e-07,2.143562e-08,0.0014361589,5.6914264e-06,5.3010812e-05
ISIC_0028279,1,0.0016669678,0.99799687,1.4170366e-05,3.1528555e-07,0.00024526604,7.628161e-05,6.570492e-08
ISIC_0030692,1,5.9087128e-05,0.99988115,4.334835e-08,1.3591431e-06,5.3101863e-05,2.7851577e-06,2.5058282e-06
ISIC_0026791,1,2.4190792e-06,0.9990226,2.370137e-08,2.6484399e-08,0.0009746492,9.443903e-08,1.9070897e-07
ISIC_0029088,1,5.440974e-05,0.9968458,8.8958313e-07,2.0464478e-08,0.0013186703,0.0017647116,1.5557893e-05
ISIC_0027299,1,0.002426445,0.9967789,2.131591e-05,1.1641437e-08,0.00019609206,0.0005178322,5.9373884e-05
ISIC_0024736,1,3.943116e-05,0.9486861,1.0488661e-05,3.3825906e-06,0.051207896,4.9475257e-05,3.26255e-06
ISIC_0029148,1,2.0034437e-05,0.9999542,7.4398167e-06,7.4600794e-06,4.676245e-06,5.57326e-06,5.6209876e-07
ISIC_0025379,1,1.5654214e-06,0.9988331,1.7780998e-09,8.882295e-09,0.0009786609,0.00018616681,4.0360922e-07
ISIC_0032339,1,0.00010051047,0.99944144,2.1716316e-07,1.1530231e-08,0.0004484746,7.4495546e-07,8.589302e-06
ISIC_0026953,1,1.2678688e-05,0.99997234,2.254895e-08,8.140733e-09,1.11532245e-05,3.6562465e-06,1.57367e-07
ISIC_0028318,1,5.3447522e-05,0.9999397,2.2321955e-10,2.0905719e-10,1.0457901e-06,3.4108994e-06,2.394831e-06
ISIC_0028133,1,0.0012345966,0.8871667,9.67902e-07,5.971098e-06,0.11152811,1.0888726e-06,6.266947e-05
ISIC_0029484,1,0.000103293176,0.9998056,8.672231e-07,1.1312303e-05,7.05112e-05,5.0696744e-06,3.2409364e-06
ISIC_0031693,1,1.1786886e-05,0.9999238,1.0721825e-08,7.820461e-08,5.8902126e-05,4.910109e-06,4.129286e-07
ISIC_0029264,1,1.630512e-05,0.9999813,2.2784187e-10,8.8131356e-11,4.982415e-07,1.6157519e-06,2.5866063e-07
ISIC_0026624,1,5.9508614e-07,0.9999683,4.9637517e-08,1.3201719e-08,2.7359569e-05,3.7453433e-06,6.7854465e-08
ISIC_0025639,1,0.0016576791,0.99754286,0.00028018325,0.0004562954,3.6887584e-05,2.031204e-06,2.4160065e-05
ISIC_0031104,1,0.00022466898,0.9997619,1.7850992e-07,1.7440881e-09,1.2899778e-05,1.047508e-07,2.3266347e-07
ISIC_0026900,1,2.3642974e-06,0.999995,1.0304375e-09,2.100337e-09,1.0090583e-06,1.4620458e-06,2.3982213e-07
ISIC_0032500,1,3.265865e-05,0.99619365,1.6957479e-06,9.3368835e-06,0.003760314,4.7835783e-07,1.8828108e-06
ISIC_0025976,1,2.0766652e-06,0.9999877,2.1269543e-08,1.729551e-08,8.804428e-06,1.2881495e-07,1.2976886e-06
ISIC_0026691,1,5.591075e-07,0.9985733,3.6243903e-06,9.0733073e-07,0.0014100281,7.340633e-06,4.1914873e-06
ISIC_0025293,1,2.9450617e-05,0.99753004,0.0002906536,1.1473129e-05,4.176494e-05,0.0019901418,0.00010657955
ISIC_0030578,1,0.0001379061,0.99743843,0.00088073045,1.1291924e-07,0.0009994499,0.0004936727,4.9687318e-05
ISIC_0031724,1,0.00048525984,0.93616295,0.000104689396,6.750294e-07,7.707183e-05,0.059396937,0.0037724525
ISIC_0032084,1,6.5661705e-05,0.9993223,5.4605014e-09,1.780527e-07,0.00057777454,3.3140062e-05,1.0372376e-06
ISIC_0024859,1,1.879306e-05,0.99895334,3.7848158e-06,3.9271013e-06,7.4325267e-06,0.0010109335,1.8014593e-06
ISIC_0029440,1,1.31794895e-05,0.9967457,2.8067682e-08,5.181473e-09,0.003235853,4.175254e-06,1.0105524e-06
ISIC_0028934,1,8.430325e-06,0.999154,8.738818e-07,2.3711632e-08,0.00083406316,8.016659e-07,1.8464068e-06
ISIC_0031004,1,2.1756108e-05,0.99995863,2.0758168e-06,5.467862e-07,1.7125269e-06,1.2409101e-05,2.8100083e-06
ISIC_0024393,1,0.00019322049,0.9990945,1.1422982e-06,1.7748187e-07,0.0007076703,1.2969142e-06,2.0391633e-06
ISIC_0024960,1,3.1910324e-05,0.9999056,5.34541e-07,1.9491651e-08,1.5512433e-05,4.6390385e-05,9.190891e-08
ISIC_0030373,1,2.4858895e-05,0.9967675,9.7654985e-05,6.077882e-07,0.003035797,3.850864e-05,3.509011e-05
ISIC_0027807,1,0.00020787453,0.9997491,1.810837e-07,2.7360275e-07,7.264018e-07,9.607017e-06,3.2160046e-05
ISIC_0032320,1,0.007919549,0.9578223,0.011217835,4.0918108e-06,0.022977967,4.8799433e-05,9.446103e-06
ISIC_0028427,1,3.085453e-05,0.9999188,1.3850749e-09,3.014342e-10,4.5940826e-05,1.0373224e-06,3.3114575e-06
ISIC_0025236,1,4.413985e-06,0.9999939,1.6724882e-11,1.218378e-12,3.3189586e-08,7.75662e-07,7.770554e-07
ISIC_0024543,1,0.016826594,0.9802878,8.232286e-07,5.798189e-05,0.0015827108,0.0012288407,1.5196818e-05
ISIC_0026224,1,6.834457e-07,0.99999213,1.5208874e-08,3.8454053e-09,1.054586e-07,2.2704819e-07,6.8370814e-06
ISIC_0026261,1,0.024806509,0.97371393,6.0858326e-08,1.2792099e-08,0.001474601,4.6493083e-06,2.1244358e-07
ISIC_0025844,1,1.2341394e-07,0.9993868,1.722706e-08,2.2526637e-08,0.0006122578,7.05969e-07,8.936058e-08
ISIC_0029992,1,9.884086e-05,0.9998785,4.4155673e-08,1.7394113e-09,2.1832013e-05,4.772744e-07,2.8127144e-07
ISIC_0028731,1,3.5532765e-05,0.99990165,6.5530853e-06,1.716376e-08,5.5114637e-05,9.5102854e-07,1.4457423e-07
ISIC_0030916,1,3.7812372e-06,0.9999285,5.1397583e-05,4.7580052e-08,1.4420109e-05,6.562062e-07,1.1916234e-06
ISIC_0028301,1,6.1348386e-05,0.99993765,2.6450978e-08,6.228101e-08,2.9974728e-07,3.104431e-07,2.27187e-07
ISIC_0026828,1,2.3797136e-05,0.99995065,1.1748416e-05,5.720418e-07,9.554302e-06,2.41766e-06,1.2655829e-06
ISIC_0027200,1,0.00015160884,0.9998425,2.0278314e-08,7.806111e-09,5.3470744e-06,6.827966e-08,4.115482e-07
ISIC_0028275,1,1.5083168e-07,0.9999747,2.8756325e-10,1.6670397e-10,2.4967223e-05,8.878571e-08,5.531608e-09
ISIC_0024794,1,0.0005833937,0.99926335,4.6427863e-06,2.2342754e-06,9.9043886e-05,4.4194025e-05,3.1185355e-06
ISIC_0032083,1,0.0074012126,0.99255705,2.4332192e-05,1.2672128e-07,4.613101e-06,1.1477392e-05,1.1932045e-06
ISIC_0025701,1,0.0011009964,0.9977228,2.1806227e-05,1.0817341e-07,0.0010823961,6.7597684e-05,4.3223936e-06
ISIC_0025736,1,1.07381675e-05,0.9999691,3.46815e-08,1.3452202e-08,4.6342453e-08,1.9685676e-05,3.789302e-07
ISIC_0031964,1,1.0068179e-05,0.9999614,4.411047e-06,1.0807312e-08,6.40074e-07,2.1072285e-05,2.3885896e-06
ISIC_0029702,1,7.4949503e-06,0.99937457,1.7458218e-09,1.0785304e-08,0.0006148961,1.6706057e-06,1.4060239e-06
ISIC_0030989,1,0.00024336729,0.9997552,9.836434e-09,5.6188028e-09,1.3919567e-06,8.15511e-09,9.411338e-09
ISIC_0030196,1,2.6295489e-05,0.9999722,2.4925986e-10,3.2657527e-10,1.143701e-06,1.0014174e-07,1.6741198e-07
ISIC_0030385,1,5.4162742e-06,0.981403,2.2081153e-07,1.5635156e-07,0.018590244,5.050659e-07,5.163335e-07
ISIC_0027217,1,0.0014062084,0.9985858,9.86721e-07,1.1011066e-07,1.311121e-06,5.0127614e-06,6.1718936e-07
ISIC_0025272,1,4.3050022e-07,0.9999957,6.9157693e-09,4.6307408e-10,2.6443083e-06,1.7155139e-07,1.1266468e-06
ISIC_0027895,1,6.185861e-07,0.9999956,4.3363897e-08,3.2993772e-09,2.9781122e-06,3.5494205e-07,3.98894e-07
ISIC_0024685,1,3.3436303e-05,0.9912691,1.829423e-08,2.6760054e-06,0.008635516,9.468461e-06,4.9714818e-05
ISIC_0031141,1,3.5685774e-05,0.9998785,2.726707e-07,1.4816954e-08,4.1539247e-06,2.7924152e-05,5.34361e-05
ISIC_0025448,1,0.00022882216,0.9997664,5.2187243e-08,3.0169023e-10,6.5526893e-07,3.446545e-06,6.6499274e-07
ISIC_0029246,1,0.0001457256,0.9992125,1.1230504e-08,1.9037747e-08,0.0006413279,1.1951246e-07,2.674325e-07
ISIC_0031679,1,2.037599e-05,0.9986608,1.7882832e-05,5.5459957e-08,0.0012969195,2.9351622e-06,1.00987e-06
ISIC_0031854,1,7.991014e-07,0.9828488,3.4090033e-06,6.732391e-08,0.017140001,1.138005e-06,5.7115276e-06
ISIC_0029714,1,6.903564e-05,0.9994832,3.4108106e-07,3.499121e-08,0.0002766832,1.0274578e-05,0.00016040247
ISIC_0025917,1,0.0001807061,0.99859184,7.8036e-07,3.0507186e-07,0.0012230529,1.0851447e-07,3.139601e-06
ISIC_0025875,1,1.6999144e-06,0.99699223,1.5513983e-06,3.6582815e-06,1.5449234e-05,0.0029646386,2.0777148e-05
ISIC_0031260,1,2.3080113e-06,0.99991107,3.6825802e-09,3.305714e-08,7.4833815e-07,8.270198e-05,3.1237519e-06
ISIC_0030897,1,6.6438192e-06,0.99165314,3.578865e-05,6.7776e-07,0.008293576,2.2749746e-06,7.894006e-06
ISIC_0029510,1,3.7937303e-07,0.99781126,0.00011893669,4.2351516e-07,0.0020650998,2.5711672e-06,1.2221694e-06
ISIC_0028192,1,1.63995e-06,0.9999846,1.302245e-07,5.3586827e-08,1.2582745e-05,1.1514207e-08,9.805831e-07
ISIC_0024621,1,7.993335e-09,0.9999975,1.4138114e-09,1.170287e-11,2.20309e-06,1.9806075e-07,2.2685969e-08
ISIC_0028241,1,0.0010132128,0.9984654,7.4617805e-07,2.650713e-07,0.0003527082,0.00016373089,3.9056245e-06
ISIC_0024858,1,5.1685015e-06,0.9996797,2.7917893e-06,4.3968825e-08,0.00031143325,1.5287176e-07,8.384375e-07
ISIC_0024588,1,0.08492796,0.7807793,3.5886617e-07,4.167262e-07,0.1325265,4.931087e-06,0.0017605465
ISIC_0030975,1,0.00038927782,0.9995871,7.441126e-07,1.6054204e-06,1.2285115e-05,1.1635312e-06,7.8290495e-06
ISIC_0024731,1,9.121305e-07,0.9999478,1.3885095e-08,2.8478016e-09,4.8744012e-05,2.2484837e-06,2.516172e-07
ISIC_0030295,1,1.1061136e-06,0.9999951,6.8779755e-08,2.3951583e-09,1.294008e-06,2.1274911e-06,3.216483e-07
ISIC_0029542,1,0.026062224,0.9536734,5.0140943e-06,3.9411816e-08,0.012198175,0.007974823,8.63683e-05
ISIC_0028752,1,1.2186793e-05,0.9999783,5.1866927e-08,6.077387e-10,8.576181e-06,2.3772002e-07,5.851335e-07
ISIC_0025884,1,5.1471026e-05,0.99991333,2.6823448e-08,6.1552825e-09,2.2947308e-05,3.5734067e-06,8.648251e-06
ISIC_0024311,1,9.321645e-07,0.9999827,3.0061193e-07,3.4407545e-08,1.3234692e-05,1.1059047e-08,2.8397585e-06
ISIC_0026838,1,4.3260643e-06,0.9999691,1.8400596e-06,1.00900095e-07,1.5668198e-05,8.485101e-06,4.4571289e-07
ISIC_0031348,1,0.00024169596,0.9997296,1.143815e-06,6.5089876e-09,1.16527335e-05,1.4192884e-05,1.7598536e-06
ISIC_0025717,1,5.4666543e-05,0.99994266,6.239097e-07,5.9954193e-09,9.596591e-07,8.4352e-08,9.669884e-07
ISIC_0029944,1,6.401827e-05,0.9990777,1.9331519e-07,4.929906e-08,0.0008558952,1.585867e-06,6.4301565e-07
ISIC_0029874,1,0.00023189496,0.99974483,6.013738e-08,4.8485617e-08,8.320807e-08,2.7347703e-06,2.0431691e-05
ISIC_0029225,1,8.04039e-07,0.9999207,6.0217326e-07,1.4382825e-08,7.1555754e-05,6.2177223e-06,9.757877e-08
ISIC_0031782,1,4.1272564e-05,0.99991274,1.6503476e-05,9.8439905e-09,3.3117058e-06,2.5519823e-05,6.3331174e-07
ISIC_0025343,1,6.423758e-05,0.9999347,1.7670724e-11,1.2026117e-11,3.437911e-07,7.5448355e-07,1.9498277e-08
ISIC_0032276,1,3.4961514e-07,0.99999356,4.1974985e-07,3.190047e-07,1.7246613e-06,2.4920769e-06,1.0391416e-06
ISIC_0031112,1,7.5091066e-06,0.9861696,1.0181978e-06,6.6262226e-07,0.013105267,0.0006869875,2.8859922e-05
ISIC_0026412,1,1.901491e-06,0.9999888,2.058725e-10,2.5442308e-08,3.0669828e-06,3.0814774e-06,3.177142e-06
ISIC_0026299,1,0.00013928024,0.99964905,4.1762434e-09,2.9770517e-10,0.0001660323,4.4012188e-05,1.6452136e-06
ISIC_0024749,1,6.681485e-05,0.9701194,1.3047274e-06,5.5642175e-08,0.0297267,4.2536902e-07,8.534633e-05
ISIC_0030612,1,3.3588276e-06,0.99999475,9.1883695e-10,1.2218798e-11,1.8615842e-06,4.4783746e-08,8.030421e-08
ISIC_0030855,1,1.1949458e-06,0.99961036,2.2074423e-07,1.0253588e-08,0.0003850294,4.8041153e-07,2.7832007e-06
ISIC_0027496,1,7.159348e-05,0.9995685,8.848243e-08,3.4379912e-08,0.00019664067,0.0001627057,5.090152e-07
ISIC_0031787,1,5.1790096e-07,0.99617213,2.7903768e-08,1.90673e-08,2.7498015e-07,0.0038256105,1.4738608e-06
ISIC_0025632,1,0.0003988463,0.9995838,2.8839528e-07,1.8347751e-07,8.9024215e-06,1.4012952e-06,6.5623444e-06
ISIC_0024625,1,0.012896197,0.9870363,7.244839e-07,1.1824145e-07,3.241162e-05,2.3042823e-05,1.1212774e-05
ISIC_0026550,1,3.467304e-05,0.99992406,3.223624e-05,1.8984181e-06,4.163963e-06,1.3087878e-06,1.6155423e-06
ISIC_0031244,1,4.6070395e-06,0.99998724,1.8180375e-08,7.68157e-09,3.500615e-06,4.1883573e-06,5.0606803e-07
ISIC_0027205,1,0.00011950145,0.98269606,1.235569e-05,1.29712835e-05,0.016694635,0.0004445263,1.9901547e-05
ISIC_0029024,1,3.730381e-06,0.99953127,9.695029e-06,7.9350343e-07,4.5630432e-07,0.00045304428,1.0515251e-06
ISIC_0026165,1,5.2110835e-07,0.9999963,4.739508e-07,6.1103123e-09,1.4015599e-07,1.983746e-06,5.787704e-07
ISIC_0030368,1,8.431811e-06,0.9999535,1.5188101e-09,3.9072656e-08,1.2755697e-06,1.9824043e-05,1.7022981e-05
ISIC_0026779,1,2.1192044e-07,0.99852955,4.3854957e-08,1.3667842e-08,0.0014606274,4.6581567e-06,4.853691e-06
ISIC_0032370,1,3.361605e-07,0.99999595,3.8981117e-08,6.136425e-09,2.2182901e-07,2.331966e-06,1.1010985e-06
ISIC_0027349,1,0.006339126,0.99349266,2.634942e-05,1.907138e-07,0.0001090096,1.6003916e-06,3.096217e-05
ISIC_0031793,1,5.595402e-07,0.9999944,2.6936408e-07,3.3575545e-10,3.9331967e-06,3.435301e-07,4.981521e-07
ISIC_0024405,1,0.06156221,0.9384293,6.839025e-07,5.0557674e-09,3.5992782e-06,4.062484e-06,1.8550806e-07
ISIC_0029503,1,3.5628216e-06,0.9981634,3.7886996e-06,7.525168e-05,0.00057439925,0.0011335729,4.610082e-05
ISIC_0032469,1,1.0843072e-06,0.99872595,2.5462492e-07,6.094202e-06,0.00086093374,0.00037244157,3.326939e-05
ISIC_0025773,1,2.1065003e-05,0.99976164,4.3035837e-07,5.350577e-07,0.00020927271,6.812481e-06,3.622896e-07
ISIC_0027273,1,0.00078805187,0.9985103,0.00016027079,1.5699088e-05,0.0005085016,3.8664707e-06,1.3380217e-05
ISIC_0028907,1,2.0849689e-06,0.99996424,3.3079193e-09,1.2115285e-09,2.5422392e-05,4.7567713e-07,7.80167e-06
ISIC_0026648,1,1.4338458e-05,0.9998882,3.120484e-07,2.1433931e-07,4.1482304e-05,5.5051907e-05,4.2160192e-07
ISIC_0025107,1,4.1896924e-06,0.9998301,1.2879268e-07,1.0009634e-08,0.00015227249,1.3268853e-05,7.254199e-08
ISIC_0024775,1,9.9768884e-05,0.9998435,2.2239387e-06,6.810401e-08,2.3894572e-05,1.7472692e-05,1.2933462e-05
ISIC_0029073,1,0.00091718475,0.9900851,4.215957e-06,2.2722826e-08,0.007853395,0.0011321083,7.984823e-06
ISIC_0026221,1,2.2308395e-06,0.99999666,1.1673628e-08,6.787516e-08,5.753175e-07,1.1127105e-07,3.0091098e-07
ISIC_0028782,1,0.13558054,0.830785,0.00010341809,0.02494445,0.00021078024,0.008096895,0.0002789333
ISIC_0026357,1,2.408019e-07,0.9992687,9.22563e-08,1.1414443e-08,0.000727937,2.8870404e-06,1.6671748e-07
ISIC_0027185,1,5.9982335e-06,0.997797,1.5819586e-07,1.5097327e-09,0.0021756715,1.8224095e-05,2.9637251e-06
ISIC_0032093,1,2.0465354e-06,0.9999219,4.4367134e-08,5.5471108e-09,7.404084e-05,1.5559809e-06,4.230113e-07
ISIC_0024737,1,1.3519883e-05,0.99952555,2.1857799e-05,1.832748e-07,0.00038170567,3.673011e-05,2.0489899e-05
ISIC_0025058,1,2.5958032e-06,0.9874006,8.311875e-09,6.51505e-09,0.012589501,2.8854114e-07,7.0823025e-06
ISIC_0025011,1,0.0032445248,0.9747672,8.0635425e-07,2.553322e-07,0.021945717,3.3743996e-05,7.785671e-06
ISIC_0029137,1,0.77280426,0.22594278,3.6680128e-06,2.8124097e-07,0.0012429776,4.4622925e-06,1.6062198e-06
ISIC_0029467,1,9.16546e-06,0.9993913,1.235612e-06,4.9375245e-08,0.00059590075,2.0444334e-06,3.5930452e-07
ISIC_0031990,1,2.6230951e-05,0.99989617,7.252695e-09,3.1506347e-06,7.2289826e-05,2.0905848e-06,3.7132082e-08
ISIC_0027245,1,2.6129863e-05,0.999905,3.9829474e-06,3.6949004e-06,7.144815e-06,3.4598902e-06,5.0607516e-05
ISIC_0031382,1,4.6013007e-05,0.9998828,4.8843752e-08,1.1726607e-09,2.3458175e-05,1.6609813e-05,3.1106803e-05
ISIC_0032252,1,0.00017174239,0.9998118,2.5456575e-09,2.265822e-09,1.078034e-05,2.9011019e-06,2.859594e-06
ISIC_0026344,1,3.791247e-05,0.99989665,1.972371e-07,1.0238861e-07,6.277484e-05,1.8735047e-06,3.924305e-07
ISIC_0027940,1,0.0004947828,0.99915147,5.145386e-06,1.2269547e-06,0.00031662005,2.1619975e-05,9.062976e-06
ISIC_0026380,1,2.5882975e-06,0.99953604,9.8663534e-08,9.636067e-09,0.00045841522,1.2469794e-06,1.6636697e-06
ISIC_0031855,1,5.666896e-06,0.99997973,1.3602742e-08,5.212997e-10,4.4222816e-06,8.686113e-06,1.4650983e-06
ISIC_0028986,1,2.6086203e-05,0.99948114,3.161615e-07,5.686314e-10,0.00049144647,9.240374e-07,4.521026e-08
ISIC_0028187,1,0.00017771214,0.9803075,1.6046625e-06,3.118807e-05,0.019480044,6.614141e-07,1.1715915e-06
ISIC_0030250,1,1.31743645e-05,0.999984,4.97884e-08,2.0664586e-07,1.6398898e-06,3.2062943e-07,4.80736e-07
ISIC_0027655,1,0.35216993,0.644202,1.2980347e-07,7.7834636e-07,0.0034702115,0.0001121038,4.4865494e-05
ISIC_0030395,1,0.0012373636,0.99853706,2.3807615e-05,9.08208e-06,0.00018092207,8.50384e-06,3.2931787e-06
ISIC_0031553,1,0.00020183483,0.998814,3.8090664e-07,7.391077e-09,0.0009827287,3.9790473e-07,6.9394224e-07
ISIC_0027321,1,0.00010414343,0.99938035,0.00041290224,2.7735766e-06,9.241972e-05,7.5547504e-08,7.3406063e-06
ISIC_0028036,1,3.8877937e-05,0.96852094,0.00058623217,0.00012778516,0.0307073,5.3387475e-07,1.8275485e-05
ISIC_0029086,1,8.7215193e-07,0.9999988,3.8929474e-10,6.956279e-11,2.1043067e-09,2.6755544e-07,7.8197644e-08
ISIC_0027543,1,1.1329123e-05,0.99995625,1.1495333e-07,1.0710951e-08,2.5676713e-05,4.576616e-06,2.0782957e-06
ISIC_0030359,1,0.00036288495,0.99963677,5.948837e-09,4.3004658e-09,2.7929676e-07,2.6955563e-08,5.999685e-08
ISIC_0024460,1,0.00018694386,0.99979144,6.4187896e-07,1.255002e-09,2.0292631e-05,5.253182e-07,2.572517e-07
ISIC_0025608,1,0.00023739728,0.99976176,7.7137535e-08,1.065737e-09,2.726214e-07,3.409172e-07,1.0381059e-07
ISIC_0029122,1,5.283761e-05,0.99975616,1.1816774e-08,3.6922279e-09,0.00019063117,7.839893e-08,2.904665e-07
ISIC_0027641,1,1.6155558e-05,0.9999814,1.04589105e-07,3.9687382e-09,1.168391e-06,9.2743346e-07,2.4277236e-07
ISIC_0026635,1,0.001550802,0.9955207,2.9597063e-06,4.8798147e-06,0.0028991508,8.334747e-06,1.3209481e-05
ISIC_0026771,1,2.6965376e-05,0.99987805,2.1412774e-05,7.312773e-07,6.308792e-05,3.3824272e-06,6.462334e-06
ISIC_0029626,1,3.0933006e-05,0.9995665,2.871563e-06,1.9612335e-08,0.00037305627,1.9127212e-05,7.469251e-06
ISIC_0025896,1,0.0020059391,0.99752957,1.3413933e-08,3.8618697e-10,0.00046206877,2.3209516e-06,5.0759404e-08
ISIC_0029019,1,5.151951e-06,0.9999733,1.0613078e-07,4.451982e-07,2.0539093e-05,9.779632e-08,3.6369298e-07
ISIC_0028204,1,2.424472e-06,0.9999939,3.2222736e-08,7.913862e-09,3.2538862e-06,2.0920686e-07,1.7843527e-07
ISIC_0030823,1,1.3621599e-05,0.9999739,1.0281748e-07,3.777995e-08,1.3052344e-06,4.2960534e-07,1.0642974e-05
ISIC_0027955,1,1.1992969e-06,0.9999949,3.8837026e-08,6.7360123e-10,3.5085795e-06,4.1188187e-07,7.715758e-08
ISIC_0025494,1,0.0066208,0.99305576,9.938823e-06,0.00015023864,6.399969e-05,2.6492686e-05,7.279416e-05
ISIC_0026918,1,1.2904375e-05,0.9999646,1.7404689e-07,2.2601793e-07,4.6384516e-06,4.1115666e-07,1.7065368e-05
ISIC_0025913,1,9.525001e-06,0.9947464,4.4172356e-08,1.1753301e-08,0.0048153303,0.00041972063,9.0231915e-06
ISIC_0032464,1,1.4318593e-06,0.9999863,1.7232988e-08,2.4752676e-08,9.8482515e-06,2.409538e-06,3.0721942e-08
ISIC_0028046,1,9.661344e-07,0.9998878,1.3882693e-07,1.7463329e-08,3.483309e-05,7.48154e-05,1.3502996e-06
ISIC_0029379,1,9.7595475e-06,0.9997352,1.0559557e-06,1.0061433e-08,0.00020068201,5.315947e-05,1.9282925e-07
ISIC_0030624,1,2.1151573e-06,0.9999696,4.6659643e-08,4.7379714e-07,5.989095e-07,2.7044674e-05,5.9538866e-08
ISIC_0025023,1,8.214743e-06,0.9999851,1.8316113e-08,4.6329005e-10,3.575385e-06,1.5691545e-06,1.5286271e-06
ISIC_0027749,1,1.3935789e-05,0.9999838,6.788173e-10,2.1341363e-10,1.3066696e-06,3.8331842e-07,6.135022e-07
ISIC_0030703,1,3.1164384e-07,0.9986319,4.5541273e-07,7.3467676e-09,0.0013439612,2.9374828e-06,2.0385254e-05
ISIC_0028491,1,0.00032360046,0.9995597,7.754092e-06,3.3733735e-07,9.818786e-05,5.6982717e-06,4.6704836e-06
ISIC_0032062,1,0.058901936,0.9336053,4.6794275e-06,1.2718408e-06,0.0070306417,0.0003628507,9.3367285e-05
ISIC_0025858,1,1.8724717e-06,0.9998286,7.323919e-09,7.648829e-10,0.00016817078,1.1280518e-06,2.7674065e-07
ISIC_0024551,1,7.158201e-07,0.99995756,3.8222986e-08,5.312904e-08,3.1745835e-06,3.8509646e-05,3.6714333e-08
ISIC_0027599,1,0.0029692408,0.9852417,1.8055831e-06,7.938745e-05,0.011681288,8.657356e-06,1.7847966e-05
ISIC_0031574,1,0.003286484,0.99661833,1.0489417e-06,4.623445e-06,8.3106024e-05,4.1063463e-06,2.2147958e-06
ISIC_0031834,1,0.00985358,0.98990405,3.1372015e-06,4.01493e-08,0.00019670976,6.2515956e-06,3.632274e-05
ISIC_0027161,1,2.612432e-05,0.99977773,8.347067e-09,1.7496393e-10,0.00019214657,3.9115334e-06,2.3312257e-08
ISIC_0030309,1,2.44277e-07,0.8917312,3.0491528e-05,1.4880267e-05,0.1065994,0.0013721007,0.00025175695
ISIC_0030895,1,2.4615997e-06,0.99999464,4.993441e-09,1.5727748e-07,1.2522392e-07,2.5665738e-06,2.2867887e-08
ISIC_0031828,1,0.04335249,0.9516396,8.9242116e-07,1.597038e-07,0.0050039603,1.8127083e-06,1.1101172e-06
ISIC_0031949,1,1.5212268e-05,0.9999659,1.0976962e-09,7.1661015e-09,7.9276145e-07,1.8172874e-05,1.960977e-08
ISIC_0024629,1,1.7449316e-05,0.9936791,0.00056070386,2.1179982e-05,0.005556106,2.7778117e-06,0.00016273496
ISIC_0028788,1,0.00075856183,0.9983406,1.2827909e-06,1.0611155e-08,0.00089185784,8.0612097e-07,6.8368327e-06
ISIC_0029625,1,3.8227005e-05,0.9590795,0.0007096115,1.61881e-06,0.040167607,9.358104e-07,2.585948e-06
ISIC_0028485,1,4.670245e-05,0.99995136,1.9116897e-09,4.123186e-09,1.8052309e-06,1.0780734e-07,6.390993e-08
ISIC_0027014,1,0.00020166024,0.9968219,1.1509644e-06,6.666425e-07,0.002956233,1.1352994e-05,6.935189e-06
ISIC_0030100,1,1.3187937e-06,0.99385405,2.0615324e-05,2.2836673e-07,0.0061025885,5.090864e-06,1.6110233e-05
ISIC_0025991,1,0.0016547379,0.9983273,9.743047e-07,1.0759976e-06,1.2242736e-05,3.5893635e-07,3.2669734e-06
ISIC_0024335,1,7.687792e-06,0.9999763,5.2558875e-07,5.5011174e-08,6.759408e-06,8.172249e-06,5.340285e-07
ISIC_0024783,1,1.0184099e-05,0.9991756,1.0005261e-07,1.0423787e-07,0.00080804236,1.1733553e-06,4.70936e-06
ISIC_0029631,1,7.414241e-05,0.9966653,3.9066985e-05,2.2388802e-05,0.0030500675,5.367279e-06,0.00014367988
ISIC_0028806,1,0.00018924531,0.9995161,3.3712922e-06,1.014775e-06,0.00028023755,1.7757178e-06,8.116238e-06
ISIC_0024607,1,6.8444538e-06,0.9986008,5.845024e-07,2.8810098e-07,0.0013420441,1.0843869e-05,3.864799e-05
ISIC_0032167,1,0.00028183957,0.9997148,1.0581475e-07,1.911452e-06,9.803008e-07,3.7123382e-07,1.1833065e-08
ISIC_0025306,1,5.0164035e-06,0.9997993,1.092032e-05,3.9107354e-07,0.00015519373,8.078718e-07,2.8350749e-05
ISIC_0031514,1,0.002608181,0.9821785,2.7120986e-06,2.2812103e-06,0.015182653,2.0337753e-05,5.347296e-06
ISIC_0030288,1,1.1161411e-06,0.99967,3.6299926e-07,1.7642874e-08,0.00032593627,1.3857127e-06,1.1892586e-06
ISIC_0024847,1,0.001656499,0.99796224,7.3228184e-06,8.273364e-07,0.00035826903,9.634461e-06,5.1797074e-06
ISIC_0026612,1,1.1684072e-06,0.9999485,2.5031557e-07,8.0850604e-10,4.9000162e-05,6.541774e-07,5.273505e-07
ISIC_0029590,1,1.4204584e-05,0.99998426,4.4415028e-08,3.9879247e-09,5.245464e-07,8.658739e-07,1.5593899e-07
ISIC_0029990,1,1.2382931e-05,0.99997807,2.3248197e-07,1.7117902e-07,8.559103e-06,3.8328974e-08,6.9612383e-07
ISIC_0026088,1,4.9970305e-07,0.9900823,1.649937e-07,7.925549e-08,0.009769934,2.9745652e-06,0.00014400693
ISIC_0025203,1,3.262193e-05,0.9999291,3.5518507e-08,1.8930766e-09,2.0822916e-05,1.3761012e-06,1.6068128e-05
ISIC_0029487,1,2.900566e-05,0.9998344,1.380528e-08,2.6998766e-08,6.224169e-06,0.00013025531,4.4810402e-08
ISIC_0025750,1,0.0003696098,0.99595994,0.0028831768,6.7309404e-05,6.140374e-05,0.0004264797,0.00023204974
ISIC_0031210,1,1.1400622e-05,0.9999865,6.511073e-08,4.40169e-08,1.5081864e-07,1.7808111e-06,3.078565e-08
ISIC_0024677,1,5.4731064e-08,0.99997175,9.755057e-09,1.2423383e-08,1.8017736e-05,9.9764975e-06,1.0096196e-07
ISIC_0027449,1,0.011135016,0.9885749,7.768138e-08,7.058751e-08,0.00011842901,2.0526817e-05,0.00015086046
ISIC_0024506,1,4.371901e-07,0.999997,1.1272017e-08,1.5793475e-10,3.8326723e-07,1.9873908e-06,6.813629e-08
ISIC_0030476,1,0.0003237998,0.99900204,2.6299945e-06,1.5584735e-07,0.0006681862,1.9377433e-07,3.0548647e-06
ISIC_0024764,1,2.582167e-05,0.99950445,2.8413456e-07,4.185369e-08,0.00046744992,4.3098814e-07,1.54531e-06
ISIC_0031067,1,0.00025659645,0.9997267,9.637157e-08,8.8735215e-09,1.5589021e-05,5.604819e-07,3.6517056e-07
ISIC_0028096,1,3.8206927e-05,0.9985183,3.3897235e-05,1.2194211e-07,0.0014060297,1.126279e-06,2.366888e-06
ISIC_0031842,1,1.236935e-05,0.99734676,3.075086e-08,1.7346009e-08,0.002637538,1.5130022e-06,1.6928653e-06
ISIC_0030834,1,1.9988502e-05,0.99997437,4.565574e-06,1.9083105e-08,5.7865236e-07,4.3177673e-07,4.5853923e-08
ISIC_0031856,1,8.618443e-06,0.9999796,2.389099e-07,1.6729645e-08,9.438717e-06,1.5083064e-06,4.997454e-07
ISIC_0027923,1,2.2662844e-06,0.9979564,2.0084583e-06,5.584728e-07,0.0020247835,1.1205935e-05,2.7779306e-06
ISIC_0030471,1,1.4545319e-06,0.9999771,7.5953676e-07,1.1786333e-09,8.445215e-06,1.1265759e-05,9.5178984e-07
ISIC_0030132,1,0.00080547266,0.99867463,2.0523104e-05,1.0846522e-05,0.00044139946,4.425573e-05,2.9288362e-06
ISIC_0024921,1,4.816025e-06,0.9978442,1.8116623e-06,5.655633e-07,0.0021437395,4.2880347e-06,4.88088e-07
ISIC_0032105,1,2.0608217e-05,0.99975103,0.00014953193,4.9239416e-06,4.245725e-05,2.1336775e-05,1.0100468e-05
ISIC_0030474,1,2.375122e-05,0.99979025,5.348304e-06,7.0422906e-10,0.0001804336,2.401316e-07,3.0443886e-08
ISIC_0026508,1,1.6839233e-05,0.9978644,1.9714261e-07,4.6879545e-06,0.0020755492,1.4625004e-05,2.3737819e-05
ISIC_0032259,1,4.3185548e-05,0.9997409,3.1922916e-06,2.2594882e-07,0.00020872027,3.1189372e-06,6.6206434e-07
ISIC_0027794,1,5.4767486e-05,0.9921633,1.845793e-05,1.033365e-05,0.007528024,2.2474536e-05,0.00020268695
ISIC_0026077,1,0.0017334315,0.99821705,8.6729233e-07,2.5975308e-07,9.671654e-07,2.875746e-06,4.460719e-05
ISIC_0031758,1,3.145184e-05,0.99995804,7.301796e-07,4.5937187e-09,6.960121e-06,6.2216054e-07,2.227299e-06
ISIC_0029766,1,0.000305886,0.99968386,8.214614e-07,5.9931956e-08,3.0780889e-06,4.7278063e-06,1.4665167e-06
ISIC_0029494,1,7.455756e-06,0.9999839,5.3278807e-08,3.5623295e-09,5.3255594e-06,8.656746e-07,2.3779946e-06
ISIC_0026504,1,3.1758536e-06,0.9999685,5.959973e-07,8.3014555e-08,2.6370053e-05,8.585357e-07,3.916354e-07
ISIC_0027777,1,1.6963867e-06,0.9999467,1.1826485e-07,3.176461e-07,2.5412395e-05,2.0406214e-05,5.3718245e-06
ISIC_0028794,1,3.5003814e-05,0.9999639,1.1943408e-09,5.1019057e-11,8.166511e-09,9.422753e-07,1.6958391e-07
ISIC_0026278,1,0.00045840582,0.9995346,1.9178178e-07,1.4365366e-07,1.5210253e-06,1.6713147e-06,3.507881e-06
ISIC_0030267,1,2.6957573e-06,0.9993395,4.6414203e-05,7.241603e-07,0.0006025248,6.517521e-07,7.5276816e-06
ISIC_0025015,1,0.00011763427,0.99985456,1.535545e-07,2.0736194e-07,2.687248e-05,2.3786001e-07,2.3192668e-07
ISIC_0027342,1,8.6754035e-06,0.9999858,1.3543482e-07,5.7129732e-08,4.0380787e-06,1.867568e-07,1.0846887e-06
ISIC_0025802,1,4.679486e-06,0.9998516,5.7547214e-07,1.60482e-07,0.00014027632,9.923402e-07,1.7918616e-06
ISIC_0030012,1,0.0004263951,0.9993961,0.00014508906,4.0998684e-06,1.2595095e-05,5.3488375e-06,1.0397173e-05
ISIC_0024513,1,0.0029102433,0.99590564,9.030098e-08,4.0961332e-08,5.2882155e-05,0.0010846736,4.644147e-05
ISIC_0029207,1,5.0186122e-06,0.99997914,8.255852e-07,6.861448e-08,1.3851454e-05,6.6188557e-07,3.7651833e-07
ISIC_0029284,1,2.9181587e-07,0.99999726,1.4881074e-09,5.5996773e-11,1.4809042e-07,2.1207463e-06,9.925865e-08
ISIC_0027880,1,7.456626e-05,0.99991596,4.6353957e-08,1.3298216e-09,9.210501e-06,1.07636076e-07,1.07718435e-07
ISIC_0029718,1,0.005715166,0.9617461,0.000759914,6.5482845e-06,0.03171409,3.6165635e-05,2.2071983e-05
ISIC_0030017,1,0.0040989225,0.9958033,7.5591474e-06,5.9701106e-09,8.244098e-05,8.5486334e-07,6.9097327e-06
ISIC_0024954,1,0.00011116887,0.99981755,7.8242886e-07,6.629713e-05,8.156085e-07,1.5914762e-06,1.8561049e-06
ISIC_0032085,1,0.000106300504,0.999752,2.542315e-07,4.120501e-09,0.00013973776,2.627313e-07,1.5027416e-06
ISIC_0031873,1,1.5313033e-05,0.9999695,2.4693776e-09,3.2595335e-10,1.1846102e-07,1.4406364e-05,6.5134805e-07
ISIC_0027699,1,2.9902952e-07,0.99943906,1.2946534e-06,1.5823778e-08,0.0005580585,2.2658558e-08,1.2365739e-06
ISIC_0030153,1,1.2590779e-07,0.99994683,4.2296676e-08,3.861058e-07,4.5925553e-05,6.6441635e-06,2.9933855e-08
ISIC_0029765,1,2.5671583e-05,0.9998909,6.3568984e-07,1.9960698e-05,4.7874553e-05,1.2948862e-05,1.991272e-06
ISIC_0027383,1,1.5513971e-06,0.9993693,1.544296e-09,8.440841e-11,0.00062235375,6.8295335e-06,2.4854078e-08
ISIC_0028657,1,7.2879986e-05,0.9999224,2.1271458e-10,2.0507268e-10,1.8550803e-06,2.3283577e-07,2.6358136e-06
ISIC_0028569,1,6.618677e-05,0.9999167,1.2265868e-08,5.8837917e-09,6.3579687e-06,4.7702983e-06,6.0265893e-06
ISIC_0025269,1,1.6183463e-06,0.9999931,2.0455657e-07,1.46486e-07,4.6406235e-06,3.190829e-08,3.3967572e-07
ISIC_0031548,1,2.2492177e-06,0.9999919,6.2853127e-07,1.657732e-08,2.4821916e-06,2.0138662e-06,7.630904e-07
ISIC_0028333,1,0.0020834797,0.9974376,1.1370748e-05,1.2118761e-06,0.0002895715,3.137628e-05,0.00014540281
ISIC_0030001,1,2.0416392e-05,0.999793,1.5356912e-06,1.1514548e-08,0.000118713164,6.601815e-05,3.599024e-07
ISIC_0025582,1,2.1238484e-06,0.99999213,3.423315e-08,1.3790455e-08,5.1896295e-06,4.40566e-07,8.7071626e-08
ISIC_0029078,1,0.00524201,0.89141667,7.561946e-06,4.3214277e-06,0.1032529,6.545233e-05,1.1030639e-05
ISIC_0029180,1,1.1433151e-06,0.9997168,5.6563415e-08,1.8280945e-08,0.00028010862,1.7007474e-06,1.5851143e-07
ISIC_0026450,1,6.671011e-05,0.999881,4.409775e-10,3.2924432e-09,1.3600408e-05,3.701116e-05,1.5752132e-06
ISIC_0024451,1,1.3235733e-05,0.9999689,2.0690864e-08,1.5718548e-08,3.2903674e-06,7.833833e-06,6.6530347e-06
ISIC_0028638,1,0.000653003,0.9992299,6.7714545e-06,9.2253384e-07,3.1250266e-07,0.00010454276,4.492978e-06
ISIC_0029989,1,0.0014311709,0.99851865,6.1635124e-06,5.151003e-07,3.3611526e-05,7.4233105e-07,9.176848e-06
ISIC_0029734,1,0.0007073332,0.99924314,9.041559e-08,4.007846e-08,2.8668763e-05,2.0122443e-05,6.7746606e-07
ISIC_0024802,1,3.0312586e-07,0.9996456,2.0219475e-05,3.0214814e-08,0.00033294642,4.1858982e-07,5.0962853e-07
ISIC_0027918,1,2.5560093e-05,0.99963367,8.6143723e-07,4.1655444e-08,0.0003345115,1.7438757e-06,3.5951803e-06
ISIC_0030647,1,9.2646604e-07,0.993323,1.2777899e-07,3.0310616e-07,0.006353875,0.0002754587,4.6298817e-05
ISIC_0029807,1,0.01008355,0.9888031,2.1237638e-06,3.0404106e-08,0.0011019376,3.2096023e-06,6.159895e-06
ISIC_0029178,1,2.4890582e-07,0.9707937,0.000117901385,2.8934653e-06,0.021290565,0.0076475907,0.00014701526
ISIC_0025535,1,7.78948e-05,0.9999155,1.3704341e-08,2.1010715e-09,6.009272e-06,2.5804982e-07,4.0181175e-07
ISIC_0031512,1,5.8747936e-08,0.9984479,7.637254e-08,1.2417907e-10,0.0015379534,1.3289373e-05,6.8733397e-07
ISIC_0027823,1,2.6596374e-06,0.9999958,3.3990156e-07,9.499314e-09,3.355295e-07,7.932268e-07,1.1782086e-08
ISIC_0030516,1,0.0017763329,0.9978275,6.372798e-06,1.6321101e-07,0.00035189977,2.2932318e-06,3.5464942e-05
ISIC_0030200,1,7.75387e-07,0.99974996,5.531216e-10,3.9900538e-10,0.00021233968,1.6420854e-05,2.0420379e-05
ISIC_0028153,1,0.14234269,0.7870515,3.008722e-07,1.3857891e-07,0.07058059,2.8235918e-06,2.2042277e-05
ISIC_0030751,1,2.270359e-05,0.9994795,2.3405276e-07,2.6352515e-08,0.0004964502,8.392694e-07,3.5295676e-07
ISIC_0027972,1,8.373434e-05,0.9995584,4.9817828e-08,2.997268e-07,0.0003544073,2.7850317e-06,3.5593027e-07
ISIC_0028801,1,4.845095e-07,0.99985397,2.190947e-06,3.6680858e-06,6.924913e-05,2.6665808e-05,4.370959e-05
ISIC_0029923,1,8.357367e-05,0.9875271,2.646735e-07,1.014802e-07,0.012269788,1.6481794e-05,0.0001026797
ISIC_0025772,1,1.2159643e-07,0.9999976,9.235037e-08,2.584938e-10,1.6307869e-06,3.266903e-07,1.8799396e-07
ISIC_0028713,1,9.582641e-07,0.99999845,6.65913e-11,6.122755e-11,2.715625e-07,4.0901529e-07,4.0351598e-09
ISIC_0025999,1,0.00072367524,0.9992735,4.925759e-08,6.541888e-10,4.802176e-07,1.1454256e-06,1.1204348e-06
ISIC_0027313,1,0.00024429336,0.99972993,1.2422003e-06,5.155526e-07,2.0727244e-05,2.8790282e-06,4.226559e-07
ISIC_0026926,1,2.203077e-07,0.99999785,5.5676797e-10,9.001373e-09,1.7383281e-06,1.371667e-07,9.2825616e-08
ISIC_0024978,1,1.04572464e-07,0.99974984,2.2791532e-05,1.3400398e-06,8.500437e-05,0.00014087952,6.8275675e-08
ISIC_0027683,1,0.00078250415,0.9974565,1.8189334e-05,5.688391e-06,0.001724749,1.0572473e-05,1.8457238e-06
ISIC_0026462,1,1.3187158e-06,0.9934409,1.3493384e-06,7.636004e-08,0.0065453327,1.0073885e-05,9.326675e-07
ISIC_0028369,1,4.6118666e-06,0.9998758,1.1894624e-08,3.8277456e-10,7.37492e-05,4.5606786e-05,2.0477655e-07
ISIC_0026381,1,0.00060835376,0.99934906,1.5032157e-05,8.651073e-08,1.7270874e-06,7.869587e-06,1.7839795e-05
ISIC_0027762,1,5.9538463e-05,0.99679846,2.3127426e-07,1.421194e-07,0.0031397673,2.3487641e-07,1.6597303e-06
ISIC_0029124,1,2.9592013e-06,0.9999958,2.3863138e-09,5.1869165e-10,7.856597e-07,2.2268554e-07,2.3227159e-07
ISIC_0030009,1,0.00015005363,0.9991048,8.790102e-05,1.7530904e-06,0.00060484017,1.6754519e-05,3.3793716e-05
ISIC_0027701,1,1.8795619e-06,0.9999621,8.0280715e-09,2.5727966e-09,1.8159698e-06,3.4083925e-05,1.5733626e-07
ISIC_0032147,1,5.9958355e-05,0.9951875,1.3294078e-07,3.1405307e-07,0.0047511077,4.4928234e-07,3.7807828e-07
ISIC_0027635,1,0.0010085327,0.9989538,6.4498585e-07,2.964371e-07,3.5136065e-05,4.7077506e-07,1.1690686e-06
ISIC_0026464,1,0.000816756,0.9337855,0.06528638,1.3064797e-06,6.2882364e-06,1.1399493e-06,0.000102581595
ISIC_0025460,1,1.3913759e-06,0.9999949,1.8920676e-09,3.0148904e-12,2.1675223e-06,1.5319579e-06,5.890405e-09
ISIC_0024334,1,1.4055843e-05,0.9994991,1.11035305e-07,2.4870288e-09,0.00048588647,2.7303267e-07,5.645532e-07
ISIC_0030811,1,8.8037574e-08,0.99987066,4.2837726e-08,7.5294987e-10,0.00012906578,2.3478286e-08,1.11634975e-07
ISIC_0028604,1,0.00046138256,0.99936885,1.16505735e-05,1.106645e-05,9.919955e-05,9.698687e-06,3.8247166e-05
ISIC_0032229,1,8.7268185e-05,0.9965533,2.1697065e-06,1.2610371e-05,5.0402077e-06,0.0033360098,3.6704191e-06
ISIC_0030439,1,0.00010160014,0.9989268,7.9646156e-07,3.1111354e-06,0.00078821665,0.0001786827,7.446259e-07
ISIC_0030236,1,0.00012476885,0.9954596,1.2416993e-07,3.4880934e-08,3.8316615e-05,0.004375818,1.4015221e-06
ISIC_0030762,1,1.8355404e-05,0.9999807,1.1863561e-08,6.7018285e-10,6.6816915e-07,7.44347e-08,1.1907012e-07
ISIC_0032369,1,0.09344879,0.9060464,3.079031e-06,1.2032508e-07,0.0004708376,1.1839919e-05,1.8945344e-05
ISIC_0026863,1,0.004255504,0.9938911,0.0008885258,6.701922e-05,0.0005771997,2.6532323e-05,0.00029399473
ISIC_0024811,1,2.13775e-06,0.9999951,3.9625223e-09,9.92237e-10,1.5723218e-06,1.0699575e-06,6.524642e-08
ISIC_0030433,1,0.008424447,0.96228194,7.198901e-05,5.2532135e-07,0.029215476,5.3462268e-06,2.5631388e-07
ISIC_0025679,1,0.00028714864,0.9996113,9.863805e-06,8.722489e-05,1.5685874e-06,1.5745283e-06,1.300154e-06
ISIC_0029097,1,4.7049107e-06,0.9999095,1.5424057e-07,1.2718236e-06,8.340863e-05,2.3339702e-07,6.209982e-07
ISIC_0026033,1,5.131971e-07,0.99987996,3.945684e-06,1.6486118e-07,0.00010980274,1.4651127e-06,4.216715e-06
ISIC_0032319,1,1.4382257e-05,0.999977,1.3857138e-08,4.1282573e-09,1.1663797e-06,3.1455031e-06,4.393843e-06
ISIC_0029800,1,5.6390698e-05,0.9993647,2.045152e-05,1.1156102e-07,0.00049103855,6.666969e-05,6.3767897e-07
ISIC_0031509,1,9.296657e-07,0.99963796,1.088166e-08,2.326892e-09,0.00033019856,2.8960576e-05,1.946877e-06
ISIC_0027413,1,3.0501238e-07,0.9999962,7.152585e-08,4.4435025e-09,2.5322965e-06,7.209931e-07,1.6038342e-07
ISIC_0029327,1,0.0158073,0.9839152,3.915063e-06,3.6720348e-07,0.00024550737,9.137018e-06,1.8533712e-05
ISIC_0024819,1,5.6861137e-07,0.9998838,6.541222e-08,4.268909e-09,5.651062e-05,1.1348263e-05,4.7715726e-05
ISIC_0029712,1,6.2323976e-05,0.9999058,1.8615151e-07,6.055848e-08,1.5297082e-05,1.6020736e-05,2.6510457e-07
ISIC_0024533,1,0.00021578203,0.99780935,0.0006959261,1.7016248e-05,0.000896843,1.559473e-07,0.00036502694
ISIC_0025004,1,7.963915e-08,0.99999464,4.2372744e-08,1.5194433e-09,6.788577e-08,4.7751537e-06,3.8544727e-07
ISIC_0024430,1,4.178099e-06,0.9999956,1.00145414e-07,1.6660813e-08,7.920429e-09,1.275191e-07,5.9362492e-08
ISIC_0028144,1,0.00016098357,0.9984989,2.3206126e-09,8.035847e-08,0.00046587025,0.0008610529,1.3020973e-05
ISIC_0029887,1,5.897549e-06,0.9999827,5.51889e-07,4.3190526e-10,9.332875e-06,1.4945122e-06,9.5196855e-09
ISIC_0031316,1,0.0004884065,0.99912924,9.671298e-06,1.4581688e-06,0.0003486763,2.0612099e-05,2.0301702e-06
ISIC_0031445,1,0.000118943615,0.9998746,8.4144036e-10,1.535593e-09,3.2637968e-06,3.0072724e-06,1.8954252e-07
ISIC_0025273,1,2.0938343e-05,0.99988675,6.89334e-09,2.0011466e-09,6.661748e-05,6.677258e-06,1.8992212e-05
ISIC_0031458,1,0.0001428851,0.99942243,6.10569e-08,5.1006975e-08,0.00042767514,5.2226187e-06,1.7731619e-06
ISIC_0029623,1,0.0014013401,0.99649847,1.475613e-09,1.2751049e-06,0.0020377752,4.21884e-05,1.8938215e-05
ISIC_0031962,1,2.7455273e-05,0.9998505,1.01398125e-08,1.0957523e-08,0.0001189605,9.025765e-07,2.096369e-06
ISIC_0026815,1,1.7061026e-05,0.99939096,0.00034622793,5.6346806e-07,0.0002413327,1.5399806e-07,3.6465215e-06
ISIC_0028627,1,0.000706883,0.9992906,4.365549e-10,4.209142e-09,3.613189e-07,1.0904785e-07,1.983127e-06
ISIC_0028733,1,8.61496e-06,0.9999436,2.6285486e-05,4.548953e-08,1.9177192e-05,1.7335306e-06,5.591448e-07
ISIC_0031305,1,5.6321173e-06,0.9995629,7.2010806e-08,5.997928e-07,0.00042688113,2.3461382e-07,3.609364e-06
ISIC_0027914,1,5.739283e-05,0.99764663,3.349185e-07,8.829328e-08,0.0022916608,2.8314228e-06,1.0466588e-06
ISIC_0026394,1,1.5606873e-05,0.9996008,1.0671392e-06,4.787155e-08,0.00031860752,6.3480766e-05,4.0260227e-07
ISIC_0029565,1,5.6295714e-05,0.99992263,9.222652e-09,7.2596585e-08,1.9774794e-05,1.0956892e-06,5.047742e-08
ISIC_0032393,1,2.947203e-06,0.9910391,0.000107449945,4.9148046e-08,0.006009941,0.002840061,4.6617825e-07
ISIC_0028837,1,4.3420365e-05,0.9979778,2.2678441e-06,2.32031e-06,0.001962203,4.283998e-06,7.681719e-06
ISIC_0031850,1,0.00079762377,0.9960562,5.972285e-06,1.7679979e-07,0.0031354732,1.3489303e-06,3.3204306e-06
ISIC_0032033,1,0.0020324886,0.9968246,0.00024741856,5.8631373e-05,0.0008035578,1.0312573e-06,3.2283366e-05
ISIC_0024681,1,6.6953487e-07,0.9994678,3.6399115e-08,1.457587e-09,0.0005294149,1.1880828e-06,8.691454e-07
ISIC_0029716,1,2.797421e-05,0.99995196,2.6683784e-07,1.3837714e-09,1.3914615e-05,5.48316e-06,3.4112125e-07
ISIC_0024444,1,0.33009255,0.6697826,4.7297003e-06,2.2584331e-07,1.4633463e-05,2.1692293e-05,8.3565516e-05
ISIC_0029707,1,0.0019414338,0.9980573,1.4441157e-08,9.81186e-10,8.341211e-07,2.5864793e-07,1.5354811e-07
ISIC_0031027,1,0.00016278031,0.99979717,1.9371664e-06,4.555816e-07,1.8374802e-05,5.6799956e-07,1.8679262e-05
ISIC_0030363,1,0.00084191794,0.99915326,3.8868748e-06,7.732661e-09,2.3484667e-07,7.4229223e-07,1.9608976e-08
ISIC_0024385,1,8.268588e-05,0.99932075,8.862005e-05,1.5678808e-05,0.00039731353,4.678775e-05,4.8104066e-05
ISIC_0028240,1,0.014782066,0.9849027,3.8133095e-08,3.5830809e-07,2.145258e-05,0.0002861438,7.308269e-06
ISIC_0026325,1,1.5821626e-06,0.9999639,1.4242647e-06,2.5664297e-09,2.2690663e-06,3.0304142e-05,6.023434e-07
ISIC_0025977,1,0.0030110576,0.99696904,4.5264933e-08,5.2180265e-08,7.4380005e-06,1.1653196e-05,7.3864305e-07
ISIC_0029584,1,0.00025474644,0.99926966,6.5714124e-07,2.2033525e-07,5.6900786e-05,0.00032567343,9.206756e-05
ISIC_0032448,1,0.002692473,0.99699163,1.3232948e-07,1.0751505e-06,0.00026947615,3.3494625e-06,4.185082e-05
ISIC_0029245,1,0.00014378053,0.9967313,9.30583e-06,1.5255308e-07,0.00230153,0.00069517194,0.00011882813
ISIC_0030946,1,7.569208e-06,0.9980562,3.634701e-08,1.5351395e-07,0.0019332595,1.3329876e-06,1.5569036e-06
ISIC_0028038,1,3.864261e-05,0.99995863,5.6517887e-08,3.233215e-09,3.5498547e-07,1.8836862e-06,4.185616e-07
ISIC_0028421,1,1.9173879e-07,0.9999902,1.604232e-10,1.7498744e-10,2.9928518e-07,8.895864e-06,3.0903473e-07
ISIC_0030622,1,8.173196e-05,0.9999018,1.1459309e-09,3.5083733e-08,7.942395e-06,1.5783661e-06,6.952883e-06
ISIC_0031315,1,5.289124e-06,0.9998661,7.722424e-07,3.474183e-07,0.00011523687,1.839998e-06,1.0428913e-05
ISIC_0032432,1,7.801697e-07,0.998574,1.9449837e-07,2.2508916e-08,2.8038191e-06,0.0014198554,2.3127684e-06
ISIC_0029952,1,0.00055323564,0.99907035,6.523126e-07,8.0397524e-07,0.00036359686,8.667916e-06,2.6781365e-06
ISIC_0031224,1,5.6138015e-06,0.9959693,2.1047269e-07,2.5002356e-07,0.004017682,3.8948906e-06,3.1082966e-06
ISIC_0024667,1,3.8947022e-05,0.9998404,6.8690983e-06,2.0163196e-07,5.7870293e-05,4.7441416e-05,8.197966e-06
ISIC_0024631,1,4.1389732e-05,0.9999343,2.6274247e-08,3.1813317e-06,8.897318e-06,3.34765e-06,8.827465e-06
ISIC_0025859,1,0.0002603917,0.99946994,1.4172337e-08,5.475044e-09,0.00026913313,4.3840533e-08,4.8463664e-07
ISIC_0025497,1,4.5313113e-06,0.9999919,1.894544e-08,3.9091654e-09,8.4772904e-07,2.6628554e-06,6.878911e-08
ISIC_0026001,1,1.2704435e-06,0.9999701,2.3361302e-08,3.5095147e-09,2.76793e-05,3.5031697e-08,9.234699e-07
ISIC_0030662,1,1.5675901e-06,0.99998605,4.282278e-06,1.4155587e-07,1.3401442e-06,5.5693677e-06,1.0937042e-06
ISIC_0029429,1,0.00012034252,0.9996232,6.821769e-08,6.8581556e-08,0.00024742208,6.3800308e-06,2.3554123e-06
ISIC_0029326,1,5.997247e-06,0.9999924,1.0212768e-07,2.302789e-09,1.9354522e-08,6.8732713e-09,1.516453e-06
ISIC_0025801,1,1.1518397e-07,0.99999607,2.6014703e-07,5.463127e-10,3.094425e-06,3.3496593e-07,9.054069e-08
ISIC_0026837,1,0.0002841294,0.99937904,1.921216e-08,2.1370586e-06,7.4014904e-05,0.00025962837,1.076356e-06
ISIC_0030353,1,0.00094880105,0.9980683,1.7013951e-06,4.5453797e-07,0.0002127083,0.0007661637,1.968876e-06
ISIC_0031478,1,2.465425e-07,0.9994405,3.468377e-06,1.382781e-06,0.0005486793,9.84006e-08,5.5706732e-06
ISIC_0032172,1,0.0002577336,0.928829,2.0670042e-05,3.415853e-07,0.06846231,0.0023283057,0.00010159211
ISIC_0031052,1,0.0019588722,0.9980044,4.633493e-06,4.4039425e-06,1.9191928e-05,2.6919504e-06,5.8049336e-06
ISIC_0031441,1,2.8366096e-05,0.99989986,6.639893e-06,8.1874873e-07,2.3935423e-05,3.959316e-05,8.0519703e-07
ISIC_0031804,1,7.410087e-05,0.9978479,3.1945214e-07,7.206964e-06,0.0019897835,1.5924796e-05,6.474693e-05
ISIC_0028262,1,6.6720095e-05,0.9999249,6.726779e-08,2.3742863e-09,3.1989e-07,5.524677e-06,2.5036782e-06
ISIC_0029850,1,7.3942644e-08,0.99999154,5.6851723e-10,6.6332284e-10,3.0484305e-06,5.279013e-06,7.903543e-08
ISIC_0027664,1,9.039756e-06,0.9999865,8.466322e-09,2.7249811e-09,3.8829558e-06,2.985822e-07,1.6930933e-07
ISIC_0026026,1,5.1945135e-05,0.99991953,1.7654591e-07,2.1756508e-08,2.3916318e-05,1.8438669e-07,4.2334264e-06
ISIC_0031877,1,6.683773e-05,0.9997658,1.8346833e-06,1.1596699e-06,7.046816e-06,0.00011052001,4.6765086e-05
ISIC_0031187,1,2.641399e-07,0.9998958,1.7460372e-06,2.9521095e-08,8.727086e-05,1.3701595e-05,1.2222025e-06
ISIC_0030958,1,2.142546e-05,0.9999248,5.011192e-07,1.2110776e-07,2.4893418e-05,2.2998036e-06,2.5969124e-05
ISIC_0028039,1,1.7299975e-05,0.9999753,4.275892e-09,1.9936999e-09,5.602872e-07,5.637021e-06,1.2195076e-06
ISIC_0024768,1,9.014638e-05,0.9770872,3.229248e-06,2.4815586e-07,0.022779744,1.0538551e-05,2.8954895e-05
ISIC_0025357,1,0.014028896,0.9859526,3.8893706e-08,2.2489898e-07,1.5967542e-05,1.926671e-06,3.8343205e-07
ISIC_0032131,1,1.582138e-07,0.999966,2.2241677e-09,2.4218785e-10,2.0045585e-05,1.3694849e-05,7.5341895e-08
ISIC_0024567,1,1.9294415e-05,0.9999112,3.713446e-09,4.9991206e-10,3.0778803e-05,3.7456673e-05,1.3470964e-06
ISIC_0027288,1,3.0378258e-06,0.99998665,5.9087886e-09,2.2913493e-09,8.244289e-06,8.170078e-07,1.2465214e-06
ISIC_0028396,1,5.146879e-06,0.9997942,1.988216e-06,5.4723827e-05,2.3111475e-05,0.0001006293,2.0235908e-05
ISIC_0027168,1,6.185554e-05,0.99993443,1.4379045e-06,2.4080245e-07,1.687172e-07,7.654963e-07,1.1629911e-06
ISIC_0029834,1,7.0535294e-05,0.99990404,3.3097824e-06,8.7381505e-07,1.6340551e-05,3.4044276e-06,1.4588543e-06
ISIC_0027395,1,0.0010194973,0.9960328,1.1730364e-05,8.7161524e-08,0.0028727998,2.504476e-05,3.8067323e-05
ISIC_0027870,1,0.0059509384,0.992671,4.5497524e-07,1.129387e-06,3.8957978e-07,0.001376005,6.130736e-08
ISIC_0029928,1,9.166779e-06,0.9999747,1.895331e-09,1.4875347e-09,1.6080867e-05,2.6591477e-08,6.685848e-08
ISIC_0028536,1,1.2126277e-06,0.999995,5.2118608e-11,9.13406e-11,1.6512414e-06,7.3503725e-07,1.457214e-06
ISIC_0031241,1,0.0021306046,0.99767345,1.1924955e-05,6.3837056e-06,1.32477335e-05,9.86471e-06,0.00015445697
ISIC_0029908,1,0.00034689746,0.99957746,5.9058584e-07,3.6518372e-10,6.1892926e-05,1.1627762e-05,1.4493088e-06
ISIC_0031968,1,4.9771998e-06,0.99993014,6.884169e-08,9.221019e-08,1.7620044e-07,6.7066057e-06,5.78341e-05
ISIC_0029873,1,2.71092e-06,0.9998784,2.107155e-08,1.0743411e-07,0.00011720057,4.049254e-07,1.1450854e-06
ISIC_0029743,1,2.2313896e-05,0.9979036,2.0261798e-06,2.7931657e-07,0.0020593405,4.0162117e-06,8.463667e-06
ISIC_0028024,1,8.246303e-07,0.99994147,1.8801586e-07,1.1654519e-08,5.0966326e-05,6.653991e-07,5.8671867e-06
ISIC_0029037,1,3.896886e-05,0.9999528,3.4745153e-08,6.460334e-08,1.8551084e-06,4.356799e-07,5.7648103e-06
ISIC_0028011,1,2.0437092e-05,0.9999156,8.874648e-07,1.0350427e-07,5.974425e-05,3.046179e-06,1.445746e-07
ISIC_0031786,1,6.257547e-05,0.99993706,9.416493e-10,8.343638e-09,7.991972e-08,2.0461127e-07,9.966014e-08
ISIC_0031193,1,5.844128e-05,0.99993515,4.6227264e-08,4.3267093e-08,6.215046e-07,5.5704177e-06,1.9084494e-07
ISIC_0028351,1,5.761346e-07,0.9999454,3.0382405e-05,4.5669633e-09,2.339858e-05,1.7622103e-08,2.0813724e-07
ISIC_0032326,1,8.1049875e-06,0.99383175,1.8976907e-07,5.3573303e-06,0.006023756,0.00010578173,2.5076291e-05
ISIC_0026776,1,0.0018021325,0.9967134,6.945373e-08,1.8543822e-08,0.00036692884,0.0011132993,4.1729295e-06
ISIC_0028530,1,4.250972e-06,0.9999862,2.2499673e-09,3.4770808e-10,1.1102609e-07,8.785332e-06,6.5586806e-07
ISIC_0027177,1,2.2631265e-07,0.999433,4.2138427e-07,5.8471482e-08,0.00056395493,1.2980937e-06,1.1327402e-06
ISIC_0025055,1,0.0006659531,0.99932086,1.1099969e-06,5.929e-07,9.885079e-06,9.252029e-07,6.09687e-07
ISIC_0031387,1,0.00024122524,0.9996407,2.1057915e-05,2.857187e-07,3.9584105e-05,1.4901747e-06,5.5616787e-05
ISIC_0028037,1,0.00061737385,0.99847037,0.00017147271,6.47685e-06,3.186744e-05,0.0006990984,3.3896501e-06
ISIC_0027894,1,0.00043636316,0.99830246,2.1302467e-05,3.349219e-06,0.0011289029,4.8713264e-05,5.894395e-05
ISIC_0031432,1,2.6283407e-05,0.99997044,2.8186687e-07,3.725061e-08,5.26627e-08,9.461824e-07,1.9385557e-06
ISIC_0030162,1,0.00036870362,0.99961877,6.77251e-07,1.6453183e-07,3.372793e-06,1.9912254e-06,6.3430075e-06
ISIC_0028286,1,4.171573e-06,0.99999166,1.2737596e-08,1.065934e-08,1.64786e-06,3.4820297e-07,2.123908e-06
ISIC_0025115,1,1.25634e-06,0.9999801,4.1444737e-06,1.5702102e-07,2.9623823e-06,9.498218e-06,1.8669492e-06
ISIC_0028738,1,2.2853463e-05,0.9999715,1.4134816e-08,3.3556868e-09,4.9996133e-06,8.2277715e-08,5.469221e-07
ISIC_0024888,1,9.435804e-05,0.9996991,9.84122e-07,1.4939637e-07,3.369651e-05,0.00016727763,4.4518665e-06
ISIC_0024440,1,9.06614e-05,0.999132,6.2339227e-06,3.9213766e-08,0.0005433118,0.00022757132,2.365899e-07
ISIC_0031484,1,6.48139e-06,0.99939036,4.927883e-07,3.6437694e-08,0.00059937005,2.225524e-07,3.0453662e-06
ISIC_0030112,1,2.6239038e-06,0.99999225,3.5078944e-08,5.777338e-10,4.7692306e-06,1.7232112e-07,1.5587766e-07
ISIC_0026408,1,2.3701684e-06,0.9999633,4.7633765e-07,5.174375e-07,3.203187e-05,9.209035e-07,4.5480422e-07
ISIC_0025839,1,2.9467565e-05,0.99996376,4.1076402e-07,5.171037e-09,7.0519356e-08,5.949952e-06,3.7622826e-07
ISIC_0026605,1,1.4172474e-06,0.9999981,3.4716187e-08,8.19868e-08,1.5876665e-07,1.7768578e-07,1.0277683e-07
ISIC_0024423,1,0.00053420104,0.9994462,8.378811e-09,8.429502e-08,1.8448194e-05,4.3505324e-07,5.302361e-07
ISIC_0027968,1,6.205833e-05,0.9982528,2.3361652e-08,6.279722e-09,1.8751909e-07,0.001684632,3.5634176e-07
ISIC_0028832,1,4.6483133e-06,0.9999808,4.303583e-07,3.6261117e-06,4.6359487e-06,2.109619e-06,3.735819e-06
ISIC_0031576,1,0.00027562067,0.99914825,5.5415694e-06,3.348235e-08,0.00055066886,1.8721194e-05,1.1844667e-06
ISIC_0026856,1,0.00092191726,0.9989473,5.0159224e-07,2.0595312e-06,1.689757e-05,4.001659e-05,7.130804e-05
ISIC_0029255,1,1.7942264e-07,0.9999838,2.0451352e-09,6.3052417e-09,1.520594e-05,1.0240749e-07,6.8011235e-07
ISIC_0026725,1,1.8661178e-05,0.99982786,1.3558808e-06,2.0699709e-08,0.00015007133,4.3972182e-07,1.5342561e-06
ISIC_0029400,1,2.59264e-05,0.99994516,1.15312524e-07,1.6148629e-08,2.7965352e-05,7.0824063e-07,1.2468328e-07
ISIC_0026873,1,5.1552747e-06,0.9996799,7.0788495e-08,4.957458e-08,0.00031245462,4.923438e-07,1.97051e-06
ISIC_0024892,1,0.072527826,0.9252626,2.6846494e-05,1.6611261e-06,0.0019298383,0.00015211054,9.914847e-05
ISIC_0025862,1,0.0001146729,0.9996952,1.070382e-05,2.2994989e-08,3.2446464e-05,6.144065e-07,0.00014648042
ISIC_0027587,1,0.0005873447,0.99935573,1.6021246e-06,5.769684e-07,5.3443877e-05,9.82838e-07,3.5711196e-07
ISIC_0028704,1,0.00018619599,0.9996979,1.2675819e-06,1.2249085e-05,5.7988655e-05,4.1276467e-06,4.0260533e-05
ISIC_0028533,1,3.0380102e-06,0.9999769,5.1536304e-08,5.888196e-10,1.8411656e-06,1.6212334e-06,1.6512107e-05
ISIC_0024639,1,4.5123717e-05,0.99990845,1.8710272e-08,6.6188576e-08,4.4729713e-05,1.1564589e-06,3.3557987e-07
ISIC_0030051,1,1.495359e-05,0.985297,0.009517767,1.8524377e-05,0.0048912778,2.393815e-05,0.00023648533
ISIC_0031420,1,1.3451511e-06,0.99998343,9.623368e-09,2.621268e-07,1.3073255e-05,1.2822479e-06,5.979521e-07
ISIC_0030656,1,8.777297e-05,0.9998659,2.4867039e-05,5.4806463e-07,9.335398e-06,5.3654867e-06,6.1054184e-06
ISIC_0026390,1,0.00038863602,0.9995956,3.9946178e-07,2.1196507e-07,5.7557536e-06,8.282911e-06,1.0742856e-06
ISIC_0026785,1,5.9285445e-05,0.99990845,5.7965033e-09,1.2597279e-08,1.3496638e-05,1.7965725e-05,7.297153e-07
ISIC_0027414,1,2.4778337e-06,0.9999943,2.261858e-08,1.718729e-09,2.1957205e-06,2.5418208e-07,8.0749857e-07
ISIC_0027123,1,5.762478e-06,0.99999356,3.830112e-09,6.5619885e-11,2.5744683e-07,2.9388198e-07,2.1649319e-07
ISIC_0027494,1,5.307291e-06,0.9999733,2.856598e-07,2.0811666e-07,1.552103e-05,2.3674456e-06,2.9610626e-06
ISIC_0025124,1,0.00016558495,0.99890375,0.00010530671,1.6276666e-05,0.00061535183,5.701338e-05,0.00013666303
ISIC_0027029,1,0.014429388,0.98501045,9.0856585e-05,1.8342456e-06,0.0004188634,1.7166332e-05,3.1425498e-05
ISIC_0031920,1,4.604658e-05,0.9993155,1.9539707e-06,9.208649e-06,0.00046291036,0.00015225567,1.2131098e-05
ISIC_0029066,1,2.3296826e-08,0.999972,8.118091e-09,6.747392e-10,2.7819004e-05,1.6337563e-07,1.3678947e-08
ISIC_0027074,1,6.8574795e-06,0.9983234,5.7852806e-10,7.3416095e-10,0.0009001471,0.00076388515,5.623835e-06
ISIC_0030952,1,4.004272e-05,0.99994373,1.5484068e-07,1.5311804e-09,1.5160532e-05,6.73695e-07,1.5497659e-07
ISIC_0027805,1,4.147064e-06,0.9999926,9.973295e-09,9.0011154e-10,5.36301e-08,3.1442685e-06,3.4578015e-08
ISIC_0025961,1,0.00016689212,0.9988506,3.6507697e-06,7.497961e-06,0.00021748888,0.00052586704,0.00022801226
ISIC_0029670,1,7.80785e-05,0.99989533,2.5267377e-07,3.5237687e-08,1.8683522e-05,6.2911313e-06,1.3225517e-06
ISIC_0026646,1,1.7762306e-05,0.99748045,0.00014448278,2.5805804e-07,0.0003386504,0.001998899,1.9535817e-05
ISIC_0025912,1,0.020491628,0.9583479,1.810177e-06,1.5409176e-05,0.020465676,0.000671878,5.7026245e-06
ISIC_0028334,1,2.8664857e-07,0.99997914,1.1247731e-06,1.18966994e-07,1.754863e-05,1.333124e-06,4.3346168e-07
ISIC_0027054,1,7.938177e-05,0.9989109,5.363098e-06,3.83111e-07,0.0008936153,9.125726e-05,1.911204e-05
ISIC_0028574,1,1.0951202e-05,0.9999709,7.8676555e-07,7.1951862e-09,3.2143548e-06,1.3990885e-05,1.5882306e-07
ISIC_0031347,1,0.00018350611,0.99981433,1.7337161e-08,6.451629e-09,1.0791182e-06,5.398072e-08,1.0386957e-06
ISIC_0030807,1,5.3036634e-05,0.99986124,1.527077e-06,7.881214e-08,7.867229e-05,3.515948e-06,1.9809488e-06
ISIC_0032485,1,9.976424e-07,0.99999726,9.262317e-09,3.4884523e-10,7.131164e-08,1.6006537e-06,8.553595e-08
ISIC_0029694,1,7.51646e-06,0.99986255,1.09941915e-07,3.7572624e-07,0.00012420595,4.0666337e-06,1.2418877e-06
ISIC_0029200,1,0.00013296766,0.99442035,2.9370526e-08,1.0233817e-07,0.0054098237,3.0879502e-05,5.9137074e-06
ISIC_0031815,1,1.6962485e-06,0.99999595,2.52036e-08,1.4576391e-10,8.9324055e-07,1.4544512e-06,6.395521e-08
ISIC_0028828,1,0.0011677447,0.99878126,4.9618495e-07,4.4198782e-07,3.4973455e-05,1.3859582e-05,1.2650097e-06
ISIC_0032161,1,0.00012958614,0.9979912,2.1567206e-07,2.6500655e-07,0.0018469731,3.2206758e-06,2.8634238e-05
ISIC_0030054,1,0.0032547335,0.9959902,1.7147615e-06,3.1325544e-07,0.00073352427,3.7436123e-06,1.5653612e-05
ISIC_0030499,1,0.00014562625,0.99979573,5.6724655e-08,4.910381e-09,4.5219083e-05,7.0772194e-06,6.3569937e-06
ISIC_0030270,1,2.9915523e-07,0.9999994,5.1131788e-09,2.9975638e-09,1.9168763e-08,8.791651e-08,1.0241944e-07
ISIC_0028452,1,6.114472e-06,0.9999229,2.0339745e-07,4.983253e-06,5.690104e-06,5.0994597e-05,9.064007e-06
ISIC_0025048,1,4.0841664e-05,0.99978393,2.1348926e-08,9.20665e-08,0.00017287042,5.3881894e-07,1.6013413e-06
ISIC_0031452,1,3.6773938e-06,0.9998554,0.00013664772,1.2464897e-08,2.6481894e-06,1.0604381e-07,1.4401554e-06
ISIC_0029411,1,1.1346124e-05,0.99998045,1.661942e-07,6.716714e-07,6.480524e-06,4.1937906e-07,3.9878984e-07
ISIC_0028341,1,2.827713e-06,0.9999949,1.9377545e-08,8.493812e-08,5.305247e-07,1.4146825e-06,1.8559837e-07
ISIC_0028440,1,0.0012093129,0.9986546,2.9387248e-09,8.187021e-09,5.630988e-06,0.00013040347,1.1792689e-07
ISIC_0024983,1,4.8981033e-06,0.99990094,1.825201e-08,5.142328e-09,9.2618866e-05,2.816871e-07,1.2279241e-06
ISIC_0025745,1,0.00026482224,0.999718,1.5792486e-08,7.594286e-10,1.5166537e-05,1.5587095e-06,4.334014e-07
ISIC_0029310,1,5.6896e-05,0.9999273,2.217461e-09,6.0444463e-09,3.1819207e-09,1.5206517e-05,5.674795e-07
ISIC_0030449,1,1.4448785e-06,0.99774015,2.7874984e-07,1.0924055e-08,0.0022571504,3.556442e-07,6.80153e-07
ISIC_0027223,1,1.8801691e-05,0.9999099,9.919358e-08,1.7565144e-07,6.0790968e-05,2.6511966e-06,7.6251536e-06
ISIC_0031456,1,3.065527e-05,0.9820957,3.9048955e-06,9.174134e-07,0.017839458,1.51651e-05,1.4041309e-05
ISIC_0024942,1,5.817576e-06,0.99993575,9.937761e-07,1.2440377e-06,3.4292898e-05,8.537317e-06,1.3326677e-05
ISIC_0026840,1,8.132929e-05,0.9998963,4.964843e-08,5.714322e-09,2.1940017e-05,1.6929759e-07,3.0653638e-07
ISIC_0026517,1,0.00017812818,0.99981874,1.0596881e-06,9.685251e-09,1.8522752e-06,2.0799857e-07,4.438024e-08
ISIC_0026110,1,2.566367e-06,0.9999684,1.3943637e-06,4.153125e-08,2.0158568e-05,2.8814814e-06,4.55712e-06
ISIC_0028234,1,8.3475985e-05,0.9998908,2.5770344e-08,7.4413026e-10,2.3111375e-05,2.1681413e-07,2.27623e-06
ISIC_0027632,1,5.324853e-05,0.9813023,1.6318024e-08,1.6902369e-07,0.018628327,8.3745604e-08,1.580339e-05
ISIC_0031752,1,1.22801885e-05,0.99990976,7.381328e-05,5.393709e-08,8.179935e-07,2.4484007e-07,3.0445292e-06
ISIC_0025034,1,2.951849e-06,0.99999344,2.130148e-09,9.4148286e-11,1.9481506e-06,1.4550246e-06,2.6953032e-07
ISIC_0026630,1,0.0007166336,0.9992473,1.1887284e-08,4.445969e-10,3.0407618e-05,1.7708271e-06,3.9087645e-06
ISIC_0030673,1,0.00015620128,0.999816,2.0389548e-08,9.894845e-08,2.6029697e-05,1.6006871e-06,1.6026799e-07
ISIC_0028213,1,7.718546e-06,0.9999709,8.025268e-08,2.4824223e-07,1.9932715e-05,8.840817e-07,2.8455466e-07
ISIC_0027791,1,0.4383129,0.5615297,1.3173609e-06,3.908738e-05,5.5925826e-05,2.9795325e-05,3.123509e-05
ISIC_0030777,1,4.4436245e-05,0.9982551,7.856182e-08,1.1972565e-09,0.0016103777,3.8763137e-06,8.60758e-05
ISIC_0029204,1,0.00086206105,0.9989613,5.446697e-08,1.5828866e-07,0.00014120108,3.186742e-05,3.3252056e-06
ISIC_0031409,1,0.00012202055,0.9998646,6.119657e-08,4.089841e-08,2.4474436e-06,4.4285625e-06,6.4776236e-06
ISIC_0030478,1,0.011444256,0.5834575,9.628908e-06,1.5493978e-08,0.01753623,0.38690466,0.0006477249
ISIC_0029869,1,8.600528e-05,0.9979005,2.6455863e-08,3.5534433e-09,0.0018407847,0.0001571651,1.5578838e-05
ISIC_0032267,1,7.4645027e-06,0.99626046,6.109041e-08,5.5345524e-09,0.0037285804,3.0209433e-06,4.4642792e-07
ISIC_0029049,1,0.99473,0.0051298426,2.8831375e-06,1.393493e-07,0.00013406378,9.94048e-07,1.9556528e-06
ISIC_0029018,1,0.0032502261,0.9967489,5.593966e-08,1.112861e-09,9.566356e-08,5.7253044e-07,7.257794e-08
ISIC_0030629,1,0.00072604895,0.9667736,2.3809143e-06,6.7665574e-08,0.023437861,0.008755092,0.00030480544
ISIC_0031178,1,0.846814,0.15283744,1.3166748e-07,4.5081254e-07,2.7152132e-06,0.00034181925,3.3562865e-06
ISIC_0029534,1,5.1330026e-05,0.9993286,1.9607116e-05,6.016913e-08,9.009272e-06,3.293379e-06,0.0005879872
ISIC_0030640,1,0.012589838,0.9860178,1.08648555e-05,1.8019167e-08,0.0013780084,7.8461557e-07,2.570799e-06
ISIC_0026367,1,0.0070674196,0.9928007,2.9354013e-07,1.1588493e-07,0.00011977425,5.3034313e-07,1.1164033e-05
ISIC_0027444,1,0.0015746091,0.9979664,2.8114322e-05,3.7665492e-07,0.00039285753,3.5761506e-05,1.8149295e-06
ISIC_0025702,1,0.0030639856,0.9956617,9.4955285e-06,9.851382e-08,0.0005419566,0.0007205357,2.143906e-06
ISIC_0031617,1,0.9703949,0.027106864,0.002073477,3.588756e-07,2.0247624e-05,0.00040390837,2.2845026e-07
ISIC_0025173,1,0.0013202337,0.99860114,1.6020817e-06,2.603069e-09,2.86125e-05,3.5261062e-05,1.3201819e-05
ISIC_0032376,1,5.8464884e-05,0.9997342,1.6644399e-05,1.400423e-07,6.120415e-05,6.813096e-07,0.00012858355
ISIC_0031091,1,0.00046749465,0.9941071,0.003156325,0.00013365988,0.0011456062,1.478138e-05,0.00097489875
ISIC_0027264,1,0.0026897765,0.99688405,1.0251798e-05,6.75963e-08,0.00036788857,4.7788562e-05,1.1089657e-07
ISIC_0028413,1,0.054621033,0.93858427,0.0028475013,7.258987e-09,0.0031007223,0.00084619643,2.6424894e-07
ISIC_0026140,1,0.001926709,0.25638303,0.74126637,7.887456e-09,3.8363272e-05,0.00033295914,5.2580293e-05
ISIC_0032086,1,0.11648421,0.0961531,0.7863862,5.0629993e-08,0.00077080104,4.1935953e-05,0.00016366248
ISIC_0029735,1,0.038373854,0.9615886,7.382355e-06,1.4486488e-07,2.1293274e-05,7.2295425e-06,1.5022988e-06
ISIC_0028010,1,0.004157411,0.9956195,2.2941706e-06,2.4094243e-05,0.00013284593,6.362018e-05,2.0623878e-07
ISIC_0032158,1,0.016746355,0.014095585,2.9965557e-05,2.9695257e-06,0.96903044,9.455163e-05,2.2396445e-07
ISIC_0031678,1,0.011330307,0.3531012,1.2209187e-05,2.623667e-06,0.63463634,0.00020972127,0.0007075853
ISIC_0028332,1,0.0065048616,0.97563064,0.00013900877,8.4319106e-07,0.017268999,0.00024035222,0.00021520679
ISIC_0032334,1,0.0014702242,0.9984499,1.505879e-07,8.09751e-10,7.815778e-05,1.2261984e-06,2.7459046e-07
ISIC_0030858,1,0.24750003,0.75240576,1.7416738e-07,9.028407e-08,1.5813783e-05,7.586201e-05,2.2916295e-06
ISIC_0030609,1,0.0019480948,0.99769706,1.761593e-06,8.871233e-08,0.0003487005,7.0886966e-07,3.5914297e-06
ISIC_0031663,1,5.980793e-05,0.94977945,0.00014808805,1.5077511e-06,0.049909223,8.944068e-05,1.2507584e-05
ISIC_0031883,1,2.2310847e-05,0.9998056,4.4414654e-07,8.425784e-07,0.0001510518,1.0553924e-05,9.08463e-06
ISIC_0024604,1,0.022071002,0.9150969,0.02543541,0.00019736403,0.033976804,0.0030909872,0.00013152247
ISIC_0027358,1,0.0032037802,0.9693701,0.011421796,6.761944e-07,0.015151812,0.00082784327,2.4002744e-05
ISIC_0030247,1,0.007915113,0.44020808,0.0028073462,4.665487e-07,0.54663235,0.001585418,0.0008512202
ISIC_0027284,1,1.1328643e-05,0.9999206,4.4358867e-06,1.598349e-09,1.5407411e-05,2.2788054e-05,2.5455269e-05
ISIC_0024697,1,0.00010000158,0.9996145,9.035558e-06,3.791489e-07,7.594316e-05,0.00010039873,9.9675475e-05
ISIC_0030312,1,0.006266226,0.8844624,0.014722712,2.2209185e-06,0.01725601,0.07725937,3.1032007e-05
ISIC_0026080,1,0.90246624,0.016339183,0.056997217,0.00039430227,0.0018888147,0.0215282,0.00038602122
ISIC_0027878,1,7.3106654e-05,0.9999074,2.1991884e-08,2.146874e-10,1.7454806e-05,1.9819774e-06,1.0093249e-08
ISIC_0032055,1,1.1100192e-06,0.9999844,5.1931984e-08,4.496392e-10,1.1556642e-05,2.0571226e-06,8.2932996e-07
ISIC_0025335,1,0.9762006,0.02032471,0.0032164212,8.778623e-05,2.3851087e-05,2.5495747e-05,0.000121141864
ISIC_0025869,1,0.41850457,0.55445725,0.0014237881,1.0005064e-06,0.025427602,0.00012653739,5.9248316e-05
ISIC_0028373,1,0.90330154,0.09492658,1.6821522e-07,1.977059e-05,0.0017460827,2.8019838e-06,3.0459105e-06
ISIC_0024714,1,0.23976663,0.7422554,4.7410986e-06,4.526161e-07,0.017784236,0.00018511603,3.4766233e-06
ISIC_0028636,1,0.021001937,0.9788568,6.4604326e-05,9.687653e-09,7.4428295e-05,6.1179446e-07,1.6130755e-06
ISIC_0025687,1,0.40268034,0.5932264,0.0004744582,1.4833556e-07,0.0031796845,2.6974105e-05,0.00041205413
ISIC_0030793,1,0.7460352,0.25385633,1.1937688e-05,9.096112e-06,7.763873e-05,4.1451194e-06,5.632891e-06
ISIC_0031221,1,0.97930855,0.0180675,0.0016074708,4.2863186e-07,0.0010135374,7.694945e-07,1.6743057e-06
ISIC_0030194,1,0.00027242137,0.9993412,1.376101e-05,1.128506e-07,0.0003489417,1.3201566e-05,1.027298e-05
ISIC_0027103,1,0.0005060481,0.99944013,1.9014484e-06,2.6903626e-08,4.868346e-05,1.7136675e-06,1.6067235e-06
ISIC_0029543,1,9.904417e-05,0.99984,7.3702273e-07,3.0694903e-08,5.561435e-05,1.8288971e-06,2.7788803e-06
ISIC_0031676,1,0.5095266,0.48351252,7.640308e-06,9.4035613e-07,0.0041477387,0.0027375037,6.69875e-05
ISIC_0032151,1,0.3958028,0.6032509,9.586536e-07,5.3911613e-09,0.0008799572,6.500713e-05,3.27762e-07
ISIC_0026777,1,0.00011318699,0.9966319,4.5232073e-06,2.0720316e-05,0.0019521898,0.0011627813,0.00011469007
ISIC_0031268,1,0.0019295281,0.99662954,0.00028761468,1.7058086e-06,0.0010230631,0.0001268295,1.7262288e-06
ISIC_0025327,1,0.75066185,0.24923344,5.587938e-07,1.068898e-07,3.5437995e-05,4.8208953e-05,2.0377518e-05
ISIC_0026839,1,0.06219853,0.9377874,1.9517001e-06,3.226052e-07,1.3966447e-06,8.837899e-06,1.5279807e-06
ISIC_0028534,1,0.0065234145,0.9824656,0.00012682973,1.1098763e-08,0.010772229,0.000111779,1.8506213e-07
ISIC_0030139,1,0.033934593,0.8789016,0.0009960836,4.1216566e-08,0.08575226,0.00041280512,2.637918e-06
ISIC_0027548,1,2.9213688e-06,0.99999285,3.4161772e-07,1.1266698e-09,2.9214411e-06,2.7695825e-07,7.150123e-07
ISIC_0026826,1,9.862266e-06,0.99938774,1.1327132e-05,2.6270536e-06,0.00050349464,7.26147e-05,1.2254443e-05
ISIC_0030053,1,0.01120511,0.98321486,7.339441e-05,1.8753415e-06,0.0048942585,0.00060761615,2.877901e-06
ISIC_0026743,1,0.00020482193,0.9996859,2.7794483e-06,6.0950924e-08,7.953773e-05,2.6702648e-05,2.2521186e-07
ISIC_0028793,1,0.00022584137,0.99962234,2.1390122e-10,1.2069007e-10,0.000147665,4.085249e-06,9.3865204e-08
ISIC_0025671,1,0.012732039,0.87943816,6.764917e-08,7.6948055e-08,0.10782399,1.0372031e-06,4.601843e-06
ISIC_0026341,1,0.013676114,0.9859831,9.4591184e-07,5.4182874e-07,0.00033229706,7.223511e-07,6.307496e-06
ISIC_0027697,1,0.074029304,0.9160031,3.3278444e-05,2.2480748e-08,0.0098941205,3.896649e-05,1.1695615e-06
ISIC_0026608,1,0.5753065,0.42458203,1.3327728e-05,4.032926e-06,7.217383e-05,1.9554689e-05,2.4170515e-06
ISIC_0030334,1,0.25952592,0.74031264,8.967004e-07,5.2358126e-05,0.00010429691,1.3461657e-06,2.5948543e-06
ISIC_0030859,1,0.00014264515,0.99982435,1.2139363e-06,1.7385958e-07,2.6240976e-05,4.8491647e-06,6.3099145e-07
ISIC_0030350,1,6.5791105e-06,0.9996654,9.127612e-05,8.380744e-09,0.00020001916,3.4409735e-05,2.3109988e-06
ISIC_0027852,1,0.9995571,0.00021254993,4.74646e-08,2.8183769e-07,0.00022859561,1.3434535e-06,1.3513412e-07
ISIC_0031975,1,0.8404497,0.00077430205,0.0003293637,7.74343e-06,0.1584367,2.1129465e-06,7.6965016e-08
ISIC_0028195,1,0.009705488,0.98844516,4.4213964e-05,0.00019017016,0.0015084763,0.00010538905,1.1342968e-06
ISIC_0025300,1,0.35350803,0.6446059,1.091355e-05,2.0260202e-07,0.0018183363,5.443615e-05,2.2498286e-06
ISIC_0032910,1,0.070751525,0.052117363,0.015435363,0.000630237,0.83118206,0.029496815,0.00038658179
ISIC_0029826,1,0.07973564,0.91057396,2.0825211e-05,7.132129e-05,0.009426,8.608438e-05,8.618542e-05
ISIC_0025352,1,0.9997973,0.0001725828,4.277172e-06,4.1364196e-06,2.11704e-05,4.724108e-07,1.388785e-08
ISIC_0025641,1,0.0023093678,0.9976398,9.318927e-07,2.4163251e-08,4.779493e-05,2.1696703e-06,6.0302995e-08
ISIC_0032691,1,0.015870433,0.981618,9.067147e-05,4.5867946e-08,0.00011685238,0.0022874966,1.6567235e-05
ISIC_0032540,1,0.9444994,0.05542476,1.1555864e-05,3.3238396e-07,2.7169813e-07,2.6704622e-05,3.7060316e-05
ISIC_0032573,1,0.03389112,0.96554005,3.492348e-05,4.892122e-08,3.387992e-06,0.0004765339,5.4010954e-05
ISIC_0032007,1,1.6500016e-05,0.999972,1.7139476e-07,1.255288e-06,5.905404e-06,1.3329861e-06,2.7594103e-06
ISIC_0032555,1,0.9986547,0.0009258657,4.59999e-07,5.9920615e-09,0.00041804198,7.193574e-07,7.6728305e-08
ISIC_0034254,1,0.70755565,0.16960125,3.008452e-06,2.0989585e-06,0.120921895,0.0019063025,9.760323e-06
ISIC_0029553,1,7.725979e-05,0.9993767,6.4834927e-07,5.381359e-09,0.00053961884,5.429877e-06,2.5162987e-07
ISIC_0033276,1,0.005371136,0.9946122,1.05190765e-07,1.903885e-09,3.4978373e-06,1.27214935e-05,3.7974658e-07
ISIC_0034083,1,0.0006232203,0.9993255,3.2223426e-07,1.2079757e-08,3.2425283e-05,9.703114e-06,8.8826455e-06
ISIC_0033316,1,9.365139e-05,0.9990821,1.2756261e-07,5.659469e-09,0.00015842568,0.00014419801,0.0005214255
ISIC_0025456,1,3.5583862e-06,0.9997694,2.9565875e-08,1.6659228e-09,1.6577816e-05,0.00019653507,1.391632e-05
ISIC_0032739,1,0.029598992,0.9671337,2.0760841e-05,1.2025283e-06,0.00054583175,0.002525415,0.00017417106
ISIC_0032874,1,0.98181814,0.015926035,3.4154505e-07,4.3055027e-07,0.0018991455,0.00034969542,6.203346e-06
ISIC_0028110,1,0.00065434846,0.99933785,9.618922e-08,5.8583876e-09,1.5503027e-06,5.439908e-06,6.997871e-07
ISIC_0033989,1,0.13063931,0.86787057,7.1097566e-06,3.1947027e-07,0.00092366757,0.00048928714,6.979823e-05
ISIC_0032977,1,0.32765067,0.67078215,2.3420453e-08,9.730866e-08,0.001565084,1.413812e-06,5.389829e-07
ISIC_0033664,1,0.0027959947,0.99686855,3.0985234e-07,3.574636e-09,0.0003158403,7.648575e-06,1.1731008e-05
ISIC_0033759,1,0.0651444,0.9346645,3.3460523e-07,1.2483333e-08,0.00018405466,6.0715424e-06,7.657934e-07
ISIC_0034144,1,0.0011049154,0.998754,2.2586134e-08,4.977724e-09,0.000136855,1.013672e-07,4.0406508e-06
ISIC_0032992,1,0.52560323,0.47274593,1.5807082e-08,7.643163e-09,0.0016011887,4.062143e-05,9.018393e-06
ISIC_0026979,1,3.7709153e-06,0.9999473,5.0204576e-06,4.8199644e-10,3.1583757e-05,3.5735588e-06,8.769389e-06
ISIC_0025261,1,0.00021371257,0.99726534,1.4847429e-07,6.735357e-06,0.00011693297,4.5690012e-05,0.002351437
ISIC_0027654,1,0.0012120162,0.9977436,1.2962207e-06,9.794404e-07,0.00047180432,7.5666394e-05,0.00049470115
ISIC_0024730,1,0.001155485,0.994926,1.3670143e-05,1.8018743e-07,0.0036997546,0.00020077996,4.020276e-06
ISIC_0030765,1,0.00049756,0.99941134,2.8245415e-07,6.290608e-09,8.6729466e-05,3.3027009e-06,7.9120423e-07
ISIC_0026502,1,0.000118074146,0.99984956,9.602711e-07,1.2245464e-07,2.840254e-05,2.2872139e-06,5.944551e-07
ISIC_0032082,1,0.0016161226,0.99752575,4.6903024e-06,9.4788425e-07,0.0008344322,1.6359825e-05,1.6917181e-06
ISIC_0028500,1,0.00036471395,0.9996352,7.628157e-08,1.1704294e-08,4.3429926e-09,5.7763607e-08,1.0383818e-08
ISIC_0032374,1,0.0050815647,0.9932213,0.00016533388,2.2602072e-07,0.0014516562,6.932122e-05,1.0663389e-05
ISIC_0025855,1,0.0018289281,0.97053695,0.00012056809,7.932335e-07,0.027442519,5.091541e-05,1.9355854e-05
ISIC_0025541,1,7.935283e-07,0.9998704,5.264908e-05,9.492381e-09,7.230313e-05,8.8259196e-07,3.0207636e-06
ISIC_0025117,1,0.00011125024,0.9991171,0.000613921,1.6733525e-08,8.878359e-05,3.8075927e-05,3.0842206e-05
ISIC_0034146,1,0.6878498,0.2012938,0.07789951,5.927829e-08,0.03135266,0.0010764159,0.0005277648
ISIC_0033964,1,0.0041612433,0.9892217,0.0061669946,3.4323314e-06,0.00033038363,6.568279e-05,5.058322e-05
ISIC_0032951,1,0.0010574505,0.98108107,0.013965965,9.7514785e-06,0.00071266777,0.0026866114,0.00048651957
ISIC_0032767,1,0.002748998,0.9927451,4.730438e-06,0.00017851015,0.004300905,8.382483e-06,1.3354901e-05
ISIC_0033503,1,0.85918194,0.13546568,9.5337355e-06,1.209255e-05,0.0052307523,8.046917e-05,1.9600799e-05
ISIC_0033795,1,0.9831028,0.0167027,8.8780354e-05,1.7109982e-05,7.351767e-05,7.789916e-06,7.3700994e-06
ISIC_0033850,1,0.9864108,0.011647714,0.00015870073,2.3719107e-08,0.0017820712,6.623765e-08,6.051814e-07
ISIC_0032671,1,0.65218496,0.23994513,0.0002930873,2.3481825e-06,0.107543245,2.0577603e-05,1.0566857e-05
ISIC_0032566,1,0.6524776,0.322221,4.8041078e-05,1.8614895e-07,0.025199005,4.413646e-05,9.973485e-06
ISIC_0033388,1,0.07364446,0.9256551,1.5101243e-06,4.8543632e-05,0.00062562776,2.322207e-05,1.5212718e-06
ISIC_0033009,1,0.0007075802,0.9991579,2.5164423e-08,3.6540698e-08,0.00013280036,1.0353523e-06,5.8159924e-07
ISIC_0032928,1,0.0017348415,0.96747947,3.2716764e-06,5.8878635e-07,0.030752765,2.5369363e-05,3.7378325e-06
ISIC_0034131,1,0.3290629,0.65670294,4.77477e-06,2.4519002e-07,7.947188e-05,0.014134161,1.5562786e-05
ISIC_0032901,1,0.054747663,0.94385654,9.2829236e-05,3.353777e-07,4.573058e-05,0.0004716153,0.00078522833
ISIC_0033706,1,0.10404859,0.8878513,1.2842503e-06,1.1183897e-07,0.008040272,8.7449025e-06,4.9651277e-05
ISIC_0033097,1,0.39880082,0.55904937,0.00012638986,3.2275128e-07,0.041944798,9.012441e-06,6.935704e-05
ISIC_0034014,1,0.54152536,0.07393634,5.721706e-06,3.6187927e-07,0.38425046,0.0002135809,6.8119305e-05
ISIC_0033633,1,0.62510204,0.14568639,1.1146665e-06,2.3426674e-06,0.2291596,2.4041942e-06,4.612189e-05
ISIC_0034199,1,0.09964623,0.02340003,2.5439549e-05,3.5282986e-07,0.87586725,4.976425e-05,0.0010109638
ISIC_0032998,1,0.014404758,0.2659048,4.2560037e-05,6.855795e-09,0.71917784,0.00017249314,0.000297586
ISIC_0033657,1,0.0004891244,0.98995346,0.008510289,6.2031104e-05,0.00035864487,0.0006051273,2.1326467e-05
ISIC_0034038,1,0.2666533,0.48281482,0.050157476,0.00048865326,0.19832963,0.001408272,0.00014778005
ISIC_0033070,1,0.7445854,0.23321436,0.0007361128,1.5426209e-06,0.021223916,0.00023512516,3.423084e-06
ISIC_0034086,1,0.06176235,0.93734646,7.977377e-07,1.8965151e-06,0.0008628008,2.27124e-05,3.0290967e-06
ISIC_0032577,1,0.08033064,0.919635,3.7217624e-06,1.4766796e-06,2.0196845e-05,6.7182573e-06,2.266265e-06
ISIC_0033753,1,0.001087804,0.99776983,2.6044231e-06,3.871921e-08,0.001137918,1.3680386e-06,3.9698415e-07
ISIC_0033231,1,0.011996722,0.98794264,4.1661835e-07,1.4502285e-08,5.3644802e-05,6.445371e-06,1.4086228e-07
ISIC_0033035,1,0.0016390686,0.9978403,0.00015737518,6.6448955e-08,0.0003584971,6.1619954e-07,4.0523023e-06
ISIC_0032525,1,0.1874052,0.81228596,0.00012830694,5.6109534e-10,0.00017330269,5.526694e-06,1.7053893e-06
ISIC_0033233,1,0.003069791,0.9959013,3.6258214e-05,1.17872705e-05,0.00078188785,0.00015689869,4.2021333e-05
ISIC_0032770,1,0.007800385,0.9918024,1.1877084e-05,6.780634e-08,0.0003674561,1.44150745e-05,3.3521117e-06
ISIC_0034184,1,0.037101418,0.96136844,5.6446017e-05,3.927894e-06,0.0011983156,0.0002473003,2.4163024e-05
ISIC_0032568,1,5.7932022e-05,0.9999367,1.0329636e-08,1.4252673e-09,1.7551156e-06,3.531151e-06,1.8133743e-08
ISIC_0033126,1,2.9416136e-05,0.9999689,1.76885e-10,5.4683636e-12,1.7149208e-08,1.6619507e-06,1.4862902e-08
ISIC_0034099,1,6.353789e-06,0.9999752,1.0144193e-08,1.7057215e-09,1.7068689e-05,1.2108702e-06,1.6280549e-07
ISIC_0032749,1,0.00047280532,1.781125e-06,0.00021720109,9.714598e-06,0.9992799,8.469784e-07,1.7742936e-05
ISIC_0034091,1,1.7114064e-06,3.0977034e-08,8.76289e-06,1.5528275e-07,0.9999889,5.97092e-09,3.7748413e-07
ISIC_0033738,1,0.5740516,0.006554225,0.000955744,0.00015672257,0.41818762,5.4148342e-05,3.986112e-05
ISIC_0032989,1,0.99995434,4.463627e-05,7.420378e-07,1.9762023e-08,1.8923675e-08,7.619088e-08,2.4160406e-07
ISIC_0033618,1,0.99872917,0.0012698924,4.7430325e-07,7.45198e-09,2.474339e-09,4.8263377e-07,2.408242e-08
ISIC_0033016,1,0.73895735,0.26099247,2.7457621e-05,1.128794e-06,9.973758e-07,7.727352e-06,1.3012695e-05
ISIC_0032781,1,0.00042943834,0.9987204,2.3255658e-05,7.919782e-08,0.00082401466,9.52414e-07,1.8502809e-06
ISIC_0033237,1,0.0003399053,0.9991522,8.544982e-06,6.420885e-09,0.0004885682,9.754964e-06,1.0042829e-06
ISIC_0032747,1,0.0009695954,0.9955356,1.9480292e-05,2.9328368e-07,0.0034290794,2.3456598e-06,4.365587e-05
ISIC_0033170,1,0.9982173,0.0017800111,1.231495e-06,4.628746e-09,2.4102982e-07,1.2780878e-06,3.2193705e-09
ISIC_0032680,1,0.099910595,0.88524836,5.4467323e-06,1.1187645e-07,0.014708683,8.857769e-05,3.8274135e-05
ISIC_0033674,1,0.99899083,0.0010062966,7.200553e-07,1.551845e-08,4.0100394e-07,1.7742075e-06,1.5945657e-08
ISIC_0032838,1,0.00013994215,0.9996847,3.7710072e-06,1.3137385e-06,0.000120735946,4.9157534e-05,4.5567376e-07
ISIC_0034230,1,0.00023745066,0.99882466,8.263112e-05,9.662067e-07,0.0008487985,2.3342516e-06,3.082802e-06
ISIC_0033057,1,0.00017631354,0.98673916,0.00044990686,8.796385e-06,0.012610841,1.04527235e-05,4.510059e-06
ISIC_0033427,1,8.581401e-07,0.999995,2.6041993e-08,6.651092e-09,1.3630182e-06,2.385503e-06,3.8320943e-07
ISIC_0033948,1,5.270436e-06,0.99993706,1.1231447e-06,8.6988805e-08,2.378792e-05,2.9935236e-05,2.6658142e-06
ISIC_0033680,1,0.038549844,0.9598443,1.8557052e-06,4.0131835e-07,0.0015610335,3.7006103e-05,5.6100926e-06
ISIC_0033085,1,0.0119665535,0.08796102,1.4277543e-05,1.1890231e-06,0.8967101,0.00010344748,0.003243363
ISIC_0033976,1,0.05374177,0.935253,1.1500505e-06,4.4940649e-07,0.0098035885,0.0011990364,9.194536e-07
ISIC_0034030,1,0.60510135,0.39122248,5.5946765e-07,2.673033e-07,0.003447867,0.00022328652,4.1910844e-06
ISIC_0034314,1,0.0020038786,0.99790275,7.466083e-08,8.494374e-09,8.848679e-05,4.4659255e-06,2.7885855e-07
ISIC_0034174,1,2.2584412e-05,0.9999497,9.925266e-07,1.1978562e-08,2.6425496e-05,8.8214975e-08,1.2811087e-07
ISIC_0033983,1,0.0015505658,0.998417,5.787281e-06,5.380877e-06,2.0799043e-05,1.2511211e-07,3.893551e-07
ISIC_0033492,1,0.123316206,0.87243253,3.1789e-05,1.4530677e-06,0.004197966,9.179669e-06,1.0928262e-05
ISIC_0032548,1,0.9633738,0.03653318,3.2499165e-06,5.4130105e-09,8.605126e-05,3.702789e-06,1.131779e-07
ISIC_0033106,1,0.9857816,0.0137388185,3.5138666e-05,1.16139084e-07,0.0003742368,6.634275e-05,3.7276268e-06
ISIC_0033110,1,0.039601326,0.9603677,1.4516537e-05,4.6142657e-07,1.19127135e-05,2.1080418e-06,2.0969335e-06
ISIC_0032701,1,0.0039850213,0.9960075,9.1952984e-07,6.9218076e-10,2.4206706e-06,3.8243766e-06,3.9764808e-07
ISIC_0034153,1,0.00507288,0.89795005,0.096368365,1.320026e-07,0.0005201019,4.1696352e-05,4.6756923e-05
ISIC_0034017,1,0.00010574703,0.998781,0.0009797533,3.158396e-06,0.0001292442,2.8020972e-07,7.718429e-07
ISIC_0033936,1,0.006990909,0.9926974,8.467603e-09,4.348037e-09,5.034851e-06,0.00030632745,1.9341535e-07
ISIC_0034121,1,0.0012476359,0.998743,5.6425895e-09,2.1963664e-09,2.3922016e-08,9.1193415e-06,1.4058611e-07
ISIC_0034232,1,0.0010888202,0.99889284,2.6114888e-09,1.8574925e-10,2.9331433e-08,1.8159604e-05,9.944827e-08
ISIC_0034282,1,0.00050441176,0.9620462,1.4454539e-05,2.3105237e-08,0.03742758,1.510487e-06,5.8106843e-06
ISIC_0033357,1,5.896681e-06,0.99997294,6.9062835e-08,2.4328586e-10,1.883019e-05,2.1328642e-06,1.538393e-07
ISIC_0034178,1,4.16472e-07,0.9999702,8.024007e-08,2.6782002e-10,2.905539e-05,1.16412856e-07,1.5371246e-07
ISIC_0033517,1,2.7654278e-05,0.9999659,1.1241003e-09,8.934433e-12,3.3572483e-06,3.0129097e-06,1.1690555e-07
ISIC_0033513,1,0.07108409,0.92883223,1.1297958e-07,1.4533298e-09,5.6484994e-05,1.8632389e-05,8.501811e-06
ISIC_0033649,1,0.00018502085,0.9985983,2.1239372e-07,1.366868e-06,0.0012013552,1.638092e-06,1.2196257e-05
ISIC_0033665,1,0.61645526,0.3346611,7.626956e-07,4.06347e-08,0.048859846,5.3756457e-06,1.7634438e-05
ISIC_0032813,1,0.017997004,0.952262,1.7438217e-05,3.8285546e-07,0.029255338,3.8824996e-06,0.00046407257
ISIC_0033637,1,0.011886679,0.048945956,0.00030143198,6.4960165e-07,0.9386105,8.3518114e-07,0.00025395927
ISIC_0033566,1,0.04711363,0.95279855,2.2537506e-06,8.615894e-06,7.130416e-05,2.834849e-06,2.7432181e-06
ISIC_0033263,1,6.7699475e-05,0.9984946,2.3485085e-05,8.304504e-07,0.0013667059,6.7568762e-06,3.981506e-05
ISIC_0033815,1,1.1205754e-05,0.99908197,2.6151094e-05,9.311973e-08,0.00086445233,5.815847e-06,1.0296982e-05
ISIC_0034194,1,0.00020339954,0.9981128,7.1385966e-06,7.717069e-09,0.0016690585,2.2045776e-06,5.3549556e-06
ISIC_0033282,1,0.00090664456,0.9984321,2.6046823e-07,5.7477595e-12,0.00055290275,0.000107933076,6.551227e-08
ISIC_0032729,1,0.0006733979,0.7504825,3.6300976e-06,3.883864e-11,0.00015023432,0.24865972,3.0492361e-05
ISIC_0033076,1,4.2300613e-05,0.9972128,4.998068e-07,4.4515156e-09,0.0027370846,7.2081975e-06,9.8089174e-08
ISIC_0033128,1,0.0023951912,0.99538535,2.1354896e-05,1.3247744e-06,0.002181949,1.2316166e-05,2.5564545e-06
ISIC_0033115,1,0.0002835355,0.9990169,7.947515e-06,1.792796e-07,0.00057959877,0.00010858009,3.2323321e-06
ISIC_0032625,1,0.0010559226,0.9946155,0.00014745769,6.8686276e-08,0.003961619,0.00020670262,1.2672109e-05
ISIC_0033867,1,0.00021019252,0.9977982,6.652605e-08,3.8644523e-09,0.001979599,6.9263973e-07,1.1213246e-05
ISIC_0033202,1,0.000322187,0.9996063,8.679434e-08,2.2012607e-09,5.6395023e-05,1.1836889e-07,1.4929959e-05
ISIC_0032974,1,0.013825398,0.9843233,0.0005873306,6.236273e-08,0.0001416312,4.494643e-06,0.00111775
ISIC_0033746,1,0.011243335,0.9871826,5.566815e-05,6.8923534e-09,6.907509e-05,0.0014350365,1.4329427e-05
ISIC_0033940,1,0.8481086,0.13491115,6.4512446e-05,0.00010217602,0.0146015845,4.473149e-05,0.002167225
ISIC_0033818,1,0.9880266,0.011728648,0.00022829189,1.2647038e-07,2.7802373e-06,9.305905e-06,4.225394e-06
ISIC_0034029,1,0.70280105,0.29419404,1.5911462e-05,2.7905135e-06,0.0029243382,7.941741e-06,5.3888187e-05
ISIC_0026429,1,3.497775e-05,0.49166435,0.09831673,5.5360413e-08,0.40674165,8.536111e-05,0.0031569146
ISIC_0025769,1,0.0048531904,0.99207956,9.520552e-06,6.659566e-05,0.001801375,0.0011340487,5.574282e-05
ISIC_0032909,1,0.00023367871,0.6892166,2.1939963e-08,2.5653584e-09,0.31054202,7.0029915e-07,6.871934e-06
ISIC_0033134,1,0.00034682147,0.9955754,8.71722e-08,2.1339824e-08,0.004077415,9.404623e-08,7.983625e-08
ISIC_0034301,1,0.33994615,0.6599594,2.6782277e-07,5.3143944e-05,6.765821e-07,3.566446e-05,4.7260505e-06
ISIC_0033406,1,0.009818084,0.10597837,0.0006286289,0.004763398,0.8785122,0.00019588061,0.000103547194
ISIC_0033493,1,0.89903605,0.09060104,0.00012582054,0.00031295445,0.009748493,0.00016994061,5.720708e-06
ISIC_0033007,1,0.062213305,0.46147147,0.00021239227,0.000111756046,0.46930936,0.0064336048,0.00024810745
ISIC_0033083,1,0.0010030804,0.99833554,2.5426453e-07,1.8086888e-09,0.00065006124,4.205225e-06,6.9250113e-06
ISIC_0033133,1,6.6233e-05,0.9998272,6.2928416e-07,5.7913713e-08,6.688896e-05,1.6314461e-05,2.2698283e-05
ISIC_0033352,1,3.803845e-05,0.9999211,3.2396137e-08,6.3303134e-11,3.2418444e-05,7.184091e-07,7.667088e-06
ISIC_0033645,1,5.6862857e-05,0.99993014,1.3542017e-07,1.3770353e-09,8.705137e-06,3.7040288e-06,4.1861674e-07
ISIC_0028829,1,2.6930552e-06,0.9999939,6.6362624e-08,1.2151244e-08,2.9183284e-06,1.8735449e-07,1.8964687e-07
ISIC_0033530,1,1.24185235e-05,0.9998746,2.0588523e-07,5.087123e-09,0.00010495236,6.6829107e-06,1.1952183e-06
ISIC_0033412,1,0.012091934,0.9879004,1.03183346e-07,4.2962767e-09,5.8277415e-06,1.5712237e-06,2.527232e-07
ISIC_0033514,1,0.0030769648,0.9969062,2.2996714e-08,1.5571717e-09,1.356508e-05,2.5357908e-06,6.8017e-07
ISIC_0033876,1,0.3857645,0.61395615,1.5963993e-06,7.42805e-08,3.9254905e-05,0.00023687446,1.5408012e-06
ISIC_0032639,1,0.0007369109,0.9988349,7.1610793e-06,7.5962487e-07,0.00039044677,4.5501034e-07,2.9338173e-05
ISIC_0033525,1,0.00044822076,0.99887854,5.5883667e-08,1.418884e-10,0.00066841434,2.9451936e-08,4.7518806e-06
ISIC_0033519,1,0.027906837,0.97110456,6.578769e-06,3.1913093e-08,0.00038604738,0.00047467818,0.00012138898
ISIC_0032851,1,0.0002987644,0.9988562,5.6984763e-06,2.905973e-08,0.0007213841,0.00010798582,9.977246e-06
ISIC_0033013,1,4.4307395e-05,0.99995303,1.1944652e-08,3.0042187e-09,2.1456624e-06,4.3901064e-08,4.785228e-07
ISIC_0032809,1,8.862046e-06,0.9999161,3.7382108e-08,4.659907e-08,7.237198e-05,3.2655092e-07,2.2735887e-06
ISIC_0033179,1,5.5269234e-06,0.9983273,4.2443207e-06,1.718327e-09,0.0016303759,3.1524332e-06,2.943253e-05
ISIC_0034251,1,5.4588192e-05,0.9998282,8.865807e-06,1.5547863e-10,9.679306e-05,3.5042717e-07,1.1134508e-05
ISIC_0033721,1,0.00013624347,0.9992124,1.4078531e-05,1.2715181e-07,0.0005811491,1.0452982e-05,4.5557837e-05
ISIC_0034295,1,0.6015894,0.37050176,0.014340415,1.0963066e-06,0.013350063,0.00011668643,0.00010061474
ISIC_0033929,1,0.136672,0.8599781,0.0027797825,2.9009504e-06,0.00052655576,2.7695522e-05,1.30137e-05
ISIC_0033044,1,0.79728806,0.19947441,0.0020341529,2.3650994e-06,0.00044043423,0.0005954019,0.00016513559
ISIC_0033294,1,0.17930442,0.73598886,0.00023309242,3.289339e-07,0.084440574,1.8220203e-06,3.082034e-05
ISIC_0033030,1,0.001983285,0.99730253,3.7719979e-06,9.200276e-09,0.0007076437,1.4593223e-06,1.3522434e-06
ISIC_0032657,1,0.006516398,0.9929818,0.00048862735,4.032617e-08,8.965407e-06,4.104177e-06,2.5052083e-08
ISIC_0032865,1,8.534372e-05,0.9998697,3.075965e-07,6.002739e-09,2.7715483e-05,1.5778242e-05,1.1400239e-06
ISIC_0033726,1,0.00011919811,0.9943926,7.1276604e-06,2.528246e-08,0.005444987,8.230813e-06,2.797093e-05
ISIC_0032846,1,0.0001602733,0.99973613,3.6878788e-05,1.4532235e-06,5.887995e-05,5.828881e-06,5.2772543e-07
ISIC_0033816,1,0.028626392,0.97102857,1.2733337e-06,2.18469e-07,0.00033430144,6.3721054e-06,2.8852364e-06
ISIC_0033672,1,0.02772462,0.968712,1.6849139e-05,3.9669035e-06,0.0035159113,1.7914446e-05,8.749116e-06
ISIC_0034278,1,0.087900355,0.91205555,6.3485613e-06,4.9484626e-08,2.1446583e-06,3.085736e-05,4.6869654e-06
ISIC_0033102,1,8.117021e-05,0.9999125,1.8442883e-07,8.9158864e-10,1.0882728e-06,4.3644645e-06,6.188179e-07
ISIC_0034271,1,0.0006340616,0.9982461,0.00028672253,3.8138305e-07,0.00080193265,3.0483103e-05,3.6962797e-07
ISIC_0033564,1,0.008153321,0.15369745,8.632908e-06,2.9234315e-07,0.8381315,8.042228e-06,8.341276e-07
ISIC_0032627,1,0.010898707,0.91032416,4.6106677e-05,1.3681126e-06,0.07863071,8.781259e-05,1.11459785e-05
ISIC_0034272,1,2.6215826e-08,0.999549,8.674455e-07,2.180122e-09,2.4906616e-05,0.0004242827,8.9637786e-07
ISIC_0032911,1,4.25467e-05,0.99127287,0.00039046715,3.023012e-07,0.003666475,0.0046182866,9.048225e-06
ISIC_0033792,1,7.270984e-05,0.9997193,1.8987463e-06,1.35435e-07,0.00018066049,4.1262874e-06,2.107482e-05
ISIC_0030492,1,0.7856341,0.21367799,1.0645706e-06,2.198664e-07,0.00022387781,0.00043472045,2.8086393e-05
ISIC_0033926,1,0.041312035,0.9582659,6.613049e-08,1.2718662e-08,0.0001212167,0.00029342598,7.284496e-06
ISIC_0034122,1,0.00012092068,0.99831486,8.7817476e-08,4.7659796e-09,0.0014628656,5.5287182e-05,4.590765e-05
ISIC_0033281,1,5.1659924e-07,0.9998841,2.7542699e-06,8.42716e-09,0.00010670624,3.2486364e-06,2.6942546e-06
ISIC_0033285,1,2.4666683e-06,0.99945587,2.8408445e-05,1.3069372e-07,0.00043658618,6.338041e-05,1.3134622e-05
ISIC_0033329,1,0.00038029221,0.9979182,3.0245606e-05,5.639944e-08,0.0016645766,6.3976754e-06,2.6063344e-07
ISIC_0033955,1,0.1032647,0.6985538,2.5914176e-06,2.7488295e-05,0.044369098,0.15341868,0.00036360638
ISIC_0033822,1,0.00029820806,0.93914664,2.9477848e-10,1.934382e-09,4.49586e-06,0.060546387,4.3142727e-06
ISIC_0033769,1,2.8816004e-07,0.999607,5.8288487e-07,5.750705e-08,0.0003778758,1.4520729e-06,1.282875e-05
ISIC_0032904,1,7.768408e-06,0.9984243,2.2537813e-05,2.5293505e-06,0.0013267304,3.7502211e-06,0.00021237384
ISIC_0032966,1,1.5616392e-06,0.99999464,5.7352413e-08,1.336016e-08,1.5571095e-06,6.5958517e-07,1.4260565e-06
ISIC_0033864,1,2.8665359e-06,0.99998665,5.902464e-07,3.8270456e-10,8.934024e-06,4.6299243e-07,4.343567e-07
ISIC_0034008,1,0.0018262303,0.85479206,1.6045319e-06,5.1427564e-09,0.13881148,3.889776e-05,0.004529683
ISIC_0033250,1,0.0005623891,0.94443023,6.9258904e-06,2.0634691e-07,0.053988382,2.2765933e-05,0.0009890584
ISIC_0033177,1,0.0009823849,0.9983392,1.9355679e-05,9.35941e-08,0.00062251143,2.8181219e-06,3.3607666e-05
ISIC_0033086,1,1.0819568e-05,0.99998033,4.228515e-06,1.2630208e-08,2.9652235e-06,6.2002954e-07,1.0772758e-06
ISIC_0032720,1,0.000557174,0.9994116,7.824002e-06,3.4419983e-08,1.4449567e-05,5.275458e-06,3.7600025e-06
ISIC_0032946,1,0.24549082,0.5943337,1.1086727e-06,3.01798e-07,2.6288948e-05,0.16014248,5.2799737e-06
ISIC_0033153,1,0.7877516,0.17601556,2.3887367e-07,1.830072e-08,4.7105095e-05,0.036180202,5.172661e-06
ISIC_0033314,1,0.018799089,0.98116827,6.183055e-08,5.391332e-08,2.1798154e-05,1.016633e-07,1.0644829e-05
ISIC_0033580,1,8.619411e-05,0.9999112,6.50516e-11,3.700193e-11,2.5105562e-06,3.415564e-08,5.3456418e-08
ISIC_0033993,1,3.1555657e-05,0.99996805,1.1762381e-08,2.486233e-08,2.2031985e-07,1.7795092e-07,7.23116e-08
ISIC_0032926,1,0.00044975313,0.9995497,9.146578e-09,6.058797e-08,4.1250692e-07,8.896606e-09,1.8273079e-08
ISIC_0033049,1,0.00030405552,0.9996947,1.4534383e-07,6.1900444e-08,9.068634e-07,4.5808584e-08,8.8962715e-08
ISIC_0032933,1,0.000108807035,0.99924123,7.387378e-08,6.087921e-08,0.00064580765,2.0899688e-06,1.8094315e-06
ISIC_0032588,1,0.011720779,0.9882682,7.235885e-08,1.1078558e-07,7.4452223e-06,1.9318888e-06,1.5774131e-06
ISIC_0024854,1,0.00042011286,0.9901564,3.3482993e-05,3.93813e-07,0.009289712,7.882478e-05,2.1033306e-05
ISIC_0030537,1,0.011218043,0.98866606,2.9283678e-06,2.6775288e-06,0.00010697258,2.7625647e-06,5.901297e-07
ISIC_0026348,1,0.024454473,0.9696175,0.0044952882,0.0001129902,0.0010157647,4.734614e-05,0.00025658944
ISIC_0028280,1,0.0017604657,0.9961712,7.355742e-05,3.5378514e-06,0.0019036916,3.6915724e-06,8.385914e-05
ISIC_0030023,1,4.6225185e-05,0.99899274,4.3112645e-06,1.2951012e-06,0.0009522414,1.1037769e-06,2.0672146e-06
ISIC_0029531,1,0.16009796,0.8396176,1.2970498e-06,2.6826047e-10,0.00011231714,0.00016632816,4.4368176e-06
ISIC_0030961,1,0.6214818,0.3781323,1.4365831e-06,5.6238925e-08,9.829157e-07,0.0003813705,2.1512549e-06
ISIC_0028290,1,1.3343101e-05,0.99933845,6.5644076e-06,8.7888646e-10,2.0745392e-06,0.00050786807,0.00013169256
ISIC_0030156,1,0.0013956174,0.9984659,2.198774e-06,6.52399e-08,0.00013475645,1.4561448e-06,5.1668604e-08
ISIC_0025795,1,0.0011594103,0.9251789,0.0010814363,1.2884923e-05,0.071582794,0.00092671264,5.7812125e-05
ISIC_0026498,1,2.3273e-05,0.99606436,2.4307137e-05,9.844118e-07,0.00378085,0.000100815356,5.477565e-06
ISIC_0025972,1,0.0067775017,0.88961494,9.7962584e-05,1.8931772e-06,0.10340485,3.5225625e-05,6.766536e-05
ISIC_0031948,1,0.0016238719,0.7326666,0.0013686662,2.224313e-06,0.2639374,0.00015728355,0.00024388773
ISIC_0031867,1,0.9998789,8.581453e-05,1.7570697e-07,2.7907494e-09,3.417704e-05,8.089662e-07,5.614829e-08
ISIC_0025988,1,2.3409071e-05,0.9921639,2.9515626e-05,4.769661e-05,0.007700364,3.8356216e-06,3.1364165e-05
ISIC_0029904,1,0.0012060824,0.9916679,5.4507877e-06,3.4419529e-07,0.007115557,6.6151665e-07,4.0038635e-06
ISIC_0029730,1,0.00474705,0.9642824,7.4658315e-06,6.517943e-07,0.03057896,0.00020382614,0.00017961777
ISIC_0026210,1,6.183416e-06,0.99773216,4.540808e-07,3.038336e-08,0.002253184,6.7265904e-07,7.238397e-06
ISIC_0025100,1,0.00054478296,0.9989237,6.7935025e-06,2.4775628e-07,0.0004164286,4.0699197e-06,0.000103913924
ISIC_0031796,1,0.028619802,0.9528084,0.00043810566,2.9577203e-07,0.017766913,0.00026456275,0.000101888254
ISIC_0030305,1,7.169544e-05,0.99963737,7.999191e-06,3.40166e-08,0.0002603462,1.1700208e-05,1.0914304e-05
ISIC_0030232,1,1.6842487e-05,0.9997137,5.4712325e-07,1.4238357e-09,0.00026339802,4.231699e-06,1.1405007e-06
ISIC_0031654,1,1.9986004e-05,0.9958973,3.6857944e-08,8.2134164e-08,0.003924918,0.0001571946,4.989894e-07
ISIC_0030074,1,2.8051716e-07,0.9999913,9.869454e-08,4.7220894e-10,1.9351162e-06,4.3443683e-06,2.139202e-06
ISIC_0031703,1,0.00016529577,0.9998017,1.4676172e-06,1.2170831e-07,3.0313386e-05,5.4195164e-07,5.835401e-07
ISIC_0026705,1,0.00087696506,0.9956246,2.5126343e-05,1.8999888e-05,0.0034068837,4.24313e-05,4.992809e-06
ISIC_0027248,1,1.4209427e-05,0.99995995,7.4876134e-08,3.1966152e-07,2.5154395e-05,1.5056645e-07,1.7504767e-07
ISIC_0027567,1,0.00034794566,0.9989557,5.367094e-06,1.7570689e-07,0.00068892847,3.427795e-07,1.504664e-06
ISIC_0026913,1,0.038856313,0.9597593,1.9173074e-06,1.0073462e-06,0.0013741198,6.702982e-06,6.002566e-07
ISIC_0025734,1,0.014274265,0.3108597,4.623245e-07,1.168575e-05,0.6737074,0.0011210598,2.5429557e-05
ISIC_0030455,1,2.364336e-07,0.9999728,4.635228e-07,5.6156537e-09,6.782954e-08,2.6089305e-05,3.198562e-07
ISIC_0027285,1,0.10182634,0.8677153,3.3156964e-05,2.804384e-06,0.030278426,0.00012645678,1.7512715e-05
ISIC_0030717,1,7.255091e-06,0.99999034,2.8338416e-08,4.5787377e-11,3.3523852e-07,1.826512e-06,2.5212822e-07
ISIC_0026067,1,6.1571254e-06,0.9999479,4.0768633e-08,1.0988258e-10,1.9645986e-05,1.479498e-06,2.4759558e-05
ISIC_0029276,1,0.0077308714,0.953859,1.3796482e-06,4.441782e-07,0.03836028,2.0151589e-05,2.7921098e-05
ISIC_0028544,1,5.5403514e-05,0.9962358,6.5960034e-05,2.4230076e-07,0.003614596,2.5526055e-05,2.5582654e-06
ISIC_0029572,1,0.012768281,0.98685724,2.1994238e-05,2.996398e-07,0.0003302213,4.1799767e-06,1.7654269e-05
ISIC_0025227,1,0.00067242095,0.9992874,2.8531922e-06,3.1858096e-09,3.630569e-05,9.3501313e-07,5.437231e-08
ISIC_0030268,1,0.0017133032,0.99828076,3.2692894e-06,1.214807e-08,2.4646188e-06,2.8126667e-07,1.5124689e-08
ISIC_0032347,1,1.7502003e-05,0.9999498,6.2818335e-06,7.010916e-09,2.6277052e-05,1.0872216e-07,4.7154366e-08
ISIC_0027398,1,3.9495542e-05,0.9965837,7.7543795e-05,1.565207e-05,0.0028180904,7.266567e-05,0.00039269394
ISIC_0032407,1,5.262971e-05,0.98783255,0.00011378506,4.982579e-06,0.01166145,2.036574e-05,0.00031430036
ISIC_0032291,1,0.002487912,0.9974291,3.4670276e-05,3.646648e-08,3.0743213e-05,1.0631432e-05,7.014507e-06
ISIC_0026804,1,0.0052803755,0.9831352,0.0009043786,9.267108e-07,0.010480761,0.00019548768,2.8444726e-06
ISIC_0031194,1,0.00038197348,0.990285,0.00011606667,3.3421315e-06,0.009070697,0.00014209046,8.921105e-07
ISIC_0027519,1,6.2623576e-07,0.99999607,2.0302599e-08,3.939351e-10,3.1065422e-06,6.395999e-08,5.151577e-08
ISIC_0024753,1,4.4251624e-06,0.9995209,5.3524525e-07,3.272004e-09,0.0004724726,8.227441e-07,8.811255e-07
ISIC_0029359,1,0.04043272,0.9200009,3.9231227e-06,9.3133826e-07,0.039540265,4.506375e-06,1.6745593e-05
ISIC_0029746,1,0.18345979,0.38145453,6.564886e-07,4.4367678e-08,0.43506697,6.1851015e-06,1.183917e-05
ISIC_0029450,1,2.5890708e-05,0.99911445,9.0904396e-05,9.0236156e-08,0.0007439786,4.210992e-06,2.0493077e-05
ISIC_0027887,1,7.738851e-05,0.9991036,8.782825e-05,2.7238544e-08,0.00072235323,3.206808e-06,5.577736e-06
ISIC_0024928,1,0.00029072582,0.9990395,7.33374e-05,2.7329893e-08,0.000589118,3.8548606e-06,3.5552491e-06
ISIC_0026841,1,1.5513038e-05,0.9996891,0.00020062836,2.6657378e-06,8.8061024e-05,1.2616156e-06,2.748834e-06
ISIC_0025945,1,0.00011250345,0.9998472,3.510771e-05,4.670506e-07,3.131295e-06,2.5547928e-07,1.3372058e-06
ISIC_0031149,1,1.1020355e-05,0.9998447,8.4145824e-05,2.0910502e-07,5.4852575e-05,4.7032844e-07,4.537407e-06
ISIC_0025840,1,0.00015427846,0.9998447,3.2404106e-08,3.7331325e-09,5.653708e-07,1.1039446e-07,3.089061e-07
ISIC_0027338,1,0.5870107,0.41267738,7.67751e-06,1.706302e-07,2.0292697e-05,0.0002813631,2.4044077e-06
ISIC_0025534,1,0.7872764,0.21262081,7.0291803e-06,8.8556124e-07,3.253504e-05,5.7971447e-05,4.3150517e-06
ISIC_0030135,1,7.5413386e-06,0.9999913,3.8154116e-07,2.653927e-08,3.9719052e-07,1.789846e-07,1.18110634e-07
ISIC_0030941,1,4.8001963e-05,0.999948,3.1609707e-06,1.644608e-07,4.6141113e-07,1.15361914e-07,1.0117759e-07
ISIC_0029938,1,0.02791903,0.9618622,1.5366195e-05,7.912182e-07,0.010030951,9.752823e-05,7.408703e-05
ISIC_0024777,1,0.02791903,0.9618622,1.5366195e-05,7.912182e-07,0.010030951,9.752823e-05,7.408703e-05
ISIC_0029196,1,0.39292613,0.6000568,0.00015831478,3.9976417e-06,0.00620552,0.00015926322,0.0004899761
ISIC_0030852,1,0.0001526831,0.9993618,1.3752046e-05,4.2941015e-06,9.932484e-05,0.00010869239,0.00025955634
ISIC_0030652,1,0.0012094098,0.9985629,1.250832e-06,7.7210785e-07,2.4235887e-05,1.4736669e-05,0.00018677807
ISIC_0031204,1,0.00141514,0.99798214,1.8664239e-06,2.0289579e-06,6.7313727e-06,0.00011628846,0.00047583735
ISIC_0030894,1,3.9643335e-05,0.00021206876,7.016482e-08,1.6866428e-08,0.9997454,6.139199e-08,2.6425098e-06
ISIC_0031857,1,1.7359884e-05,0.9086029,0.09107088,9.538458e-06,0.00028042,1.2530738e-05,6.3344946e-06
ISIC_0028621,1,2.1509024e-05,0.038754772,0.96112746,2.045514e-06,7.798106e-05,1.1121677e-05,5.1543634e-06
ISIC_0025683,1,3.840093e-05,0.45711136,0.54249626,4.6955716e-05,0.00021883404,7.711073e-05,1.0972565e-05
ISIC_0025170,1,0.00052854314,0.9993476,3.4465655e-05,6.2214315e-07,5.9575963e-05,2.5084462e-05,4.0714094e-06
ISIC_0031811,1,0.00026080132,0.99932826,2.7294042e-05,1.2920148e-06,5.8111676e-05,0.0002945003,2.9814672e-05
ISIC_0024520,1,0.00043679113,0.99934965,8.6360305e-05,7.6644056e-07,7.568268e-05,4.5211502e-05,5.526767e-06
ISIC_0029609,1,0.013972158,0.98586804,8.7724175e-06,2.792317e-09,7.984418e-05,4.0637435e-05,3.0596126e-05
ISIC_0028706,1,0.0012300038,0.9980216,1.2382534e-09,2.0662656e-09,0.00042399025,2.6365183e-07,0.00032422823
ISIC_0027667,1,1.1846483e-05,0.99991477,9.168708e-07,5.588314e-10,6.836135e-06,1.7038303e-05,4.8585032e-05
ISIC_0029482,1,0.0018133048,0.99804854,1.0092865e-06,1.1948122e-09,0.000106368425,6.043418e-06,2.4713303e-05
ISIC_0028999,1,0.76724845,0.11334018,1.4342859e-05,6.3401835e-08,0.1189332,0.00029566183,0.00016809063
ISIC_0024406,1,0.00032903004,0.9995976,1.9561185e-06,2.0722937e-09,5.105902e-05,8.003886e-06,1.2328175e-05
ISIC_0025942,1,0.0052210703,0.99442863,0.0001527067,0.0001715713,2.4287872e-05,1.2803577e-06,5.164801e-07
ISIC_0027040,1,0.0057205097,0.99254054,5.8588228e-08,2.3440174e-08,0.0015996624,2.883811e-05,0.000110374596
ISIC_0032355,1,0.0012311217,0.97979224,2.1661801e-09,6.3681595e-11,2.2604654e-05,2.0502275e-05,0.018933471
ISIC_0028450,1,0.008524112,0.98958087,4.4329023e-05,0.000909537,0.0009140961,2.2099894e-05,5.021764e-06
ISIC_0028117,1,0.009717903,0.76765674,0.17995769,0.028302012,0.014204948,9.816039e-06,0.00015092656
ISIC_0031727,1,0.03130935,0.9649074,8.7397886e-08,4.072421e-05,0.0037355567,4.9635905e-06,1.8970485e-06
ISIC_0031483,1,3.9612303e-07,0.9999856,3.3694323e-06,2.3025315e-09,4.7340635e-07,7.824137e-06,2.3008254e-06
ISIC_0027213,1,0.000114806506,0.80668545,0.015481418,0.0024552366,0.17292422,0.0014578982,0.0008809923
ISIC_0032176,1,0.22728206,0.71150595,1.2266507e-05,7.8016295e-05,0.061054096,6.059724e-05,7.017678e-06
ISIC_0031354,1,0.0964809,0.1970133,3.390624e-07,1.748921e-07,0.70645124,3.4662473e-05,1.9474208e-05
ISIC_0027293,1,0.00025127118,0.9995441,7.0293305e-07,2.528235e-06,0.00018988972,9.581964e-06,1.9440038e-06
ISIC_0030842,1,0.03857458,0.9611936,5.156741e-07,9.188333e-06,0.00020489217,1.3636732e-05,3.5115436e-06
ISIC_0028598,1,0.010490923,0.98490244,1.1793961e-05,0.00031609405,0.004082445,0.00017830041,1.7962559e-05
ISIC_0026147,1,0.0001282082,0.9992248,1.9366587e-05,4.6176716e-08,0.00039343713,0.00023336372,8.7861434e-07
ISIC_0025340,1,0.0047842595,0.9943487,2.2607624e-07,1.6966994e-06,0.0006915988,0.00017014326,3.441583e-06
ISIC_0030819,1,0.4684468,0.46260527,0.046973325,0.000448639,0.02004034,0.0014580208,2.7594035e-05
ISIC_0026615,1,0.1898598,0.8089628,3.84088e-06,4.7647944e-05,8.179129e-06,0.0011120486,5.757129e-06
ISIC_0024862,1,0.104058415,0.5284056,7.3976014e-05,3.7203067e-06,0.3674156,4.0682255e-05,2.0147677e-06
ISIC_0030581,1,1.3662673e-05,0.99997985,2.0498758e-09,2.1747248e-11,3.4762022e-07,5.99333e-06,1.4288376e-07
ISIC_0028715,1,0.07944142,0.90743643,2.6488628e-06,2.2173075e-05,0.013067595,5.8013006e-06,2.3922577e-05
ISIC_0025960,1,0.1916502,0.8069521,1.6271383e-06,6.9771395e-06,0.0013747843,1.2192278e-05,2.02782e-06
ISIC_0030592,1,0.9570301,0.042950116,7.3646015e-06,9.610235e-06,2.4940691e-06,2.2924252e-07,4.7167077e-08
ISIC_0026901,1,0.0020818163,0.9977022,9.6500635e-06,1.7828823e-08,0.00020148446,4.7696667e-06,6.64939e-08
ISIC_0026592,1,1.0419391e-05,0.9998548,7.0500787e-06,2.400725e-05,6.783691e-05,3.2868542e-05,3.0258054e-06
ISIC_0030790,1,0.000551936,0.98540723,4.5371732e-07,5.5004454e-09,0.014010684,1.7128103e-05,1.2618948e-05
ISIC_0030914,1,2.755863e-05,0.9985108,2.4193198e-05,6.450639e-05,0.001294534,6.437181e-05,1.4066324e-05
ISIC_0028408,1,0.0020356514,0.9978556,5.875224e-06,6.8348726e-08,0.00010220345,3.56847e-07,2.1258965e-07
ISIC_0028998,1,0.010322578,0.9848413,5.33888e-07,0.0014562194,2.160792e-07,0.0033779193,1.2164517e-06
ISIC_0026573,1,0.016924845,0.9830687,6.456227e-09,4.2498233e-10,5.9129648e-06,8.6714344e-08,4.4168695e-07
ISIC_0025563,1,0.0634351,0.30576882,0.6307415,3.3952476e-06,9.846695e-06,3.6145724e-05,5.2312616e-06
ISIC_0032067,1,0.12405814,0.87593806,7.923728e-08,2.096624e-06,3.266539e-07,6.8131534e-08,1.2460004e-06
ISIC_0030544,1,5.5099463e-05,0.99673444,0.001780283,1.5859854e-05,0.0006239383,2.8107428e-05,0.00076230115
ISIC_0030962,1,1.5355846e-06,0.9997464,0.00013214319,6.6835196e-06,2.5981842e-06,5.1704237e-06,0.00010552126
ISIC_0029993,1,0.9554849,0.04446253,2.870236e-06,6.6108408e-09,4.6844867e-05,1.9945676e-06,8.53768e-07
ISIC_0026741,1,0.13991225,0.8589693,5.271867e-05,4.3951313e-06,0.0010215411,3.4502307e-05,5.2905502e-06
ISIC_0031046,1,5.5984788e-06,0.99285126,4.2403636e-07,2.058456e-06,0.0071391263,1.109082e-06,5.761721e-07
ISIC_0029109,1,0.011176341,0.9881258,3.5527246e-06,0.00045633706,0.00022831719,8.507285e-06,1.122034e-06
ISIC_0029203,1,0.6589804,0.16729079,0.023434613,7.074832e-05,0.1466627,0.0026549401,0.0009057658
ISIC_0026398,1,0.013001044,0.9857094,0.00075802783,0.00036600692,1.2346361e-06,0.00015724543,7.021551e-06
ISIC_0024836,1,6.7254933e-07,0.99712235,0.00013466833,3.114676e-07,0.0022883986,8.727839e-05,0.00036624965
ISIC_0031451,1,5.7491292e-05,0.9999378,3.395237e-06,5.355262e-09,2.7874108e-07,9.675473e-07,5.922595e-08
ISIC_0029544,1,0.0027885046,0.5782585,0.00014498371,8.8755364e-08,0.4187842,3.3117135e-06,2.0434974e-05
ISIC_0028859,1,0.15057786,0.384245,3.436552e-05,7.799622e-05,0.46485022,4.4063454e-05,0.000170534
ISIC_0024599,1,0.013772839,0.9402065,4.0575527e-05,0.02173796,7.532339e-07,0.024237812,3.5254898e-06
ISIC_0031306,1,9.14394e-05,0.9991774,0.00072885404,1.9403194e-07,4.5474377e-07,9.208417e-07,6.367131e-07
ISIC_0030082,1,0.4131763,0.5854662,8.314437e-06,8.698398e-05,0.0008967842,0.0002463169,0.00011914556
ISIC_0030079,1,0.23420684,0.7657787,3.620055e-06,1.10656195e-08,8.911591e-06,5.0803715e-07,1.4142337e-06
ISIC_0024908,1,0.4926491,0.50731796,5.93339e-06,2.0010646e-07,2.3659934e-05,9.0635444e-07,2.2466359e-06
ISIC_0030039,1,0.2542742,0.74349755,4.4884494e-08,6.796842e-09,0.0022254272,7.71987e-07,1.99947e-06
ISIC_0027883,1,0.8829932,0.11094478,2.649597e-06,1.35682e-06,0.006021709,3.408042e-05,2.200642e-06
ISIC_0029959,1,2.9662813e-06,0.9992482,7.372456e-07,7.677884e-09,0.00047337392,0.00027450867,2.4834094e-07
ISIC_0031049,1,5.6160967e-05,0.99962723,0.00012676495,0.00015403103,6.159141e-07,3.4974484e-05,1.6703198e-07
ISIC_0025950,1,4.8826714e-06,0.9999335,1.1634566e-05,6.155413e-07,3.9091687e-05,4.6388955e-06,5.645565e-06
ISIC_0024926,1,0.0045523937,0.84401655,0.0004801685,0.00037215734,0.12220788,0.028360408,1.0371342e-05
ISIC_0029665,1,0.011883045,0.9839532,4.694457e-05,3.797915e-05,0.0040449444,3.287906e-05,1.1055087e-06
ISIC_0029191,1,0.004915289,0.1051806,1.5108345e-05,2.3032796e-07,0.88987345,1.6460099e-06,1.37117595e-05
ISIC_0029614,1,0.118995644,0.880971,3.5757635e-06,8.4605955e-07,2.0373689e-05,1.9831887e-06,6.5247514e-06
ISIC_0032189,1,0.6541249,0.14790478,0.00020868094,3.0680036e-05,0.00011144103,0.19761585,3.6648298e-06
ISIC_0032292,1,0.06385533,0.3714164,9.074994e-06,2.2416432e-06,0.5645806,9.155115e-06,0.00012723892
ISIC_0032107,1,0.06588176,0.9341099,1.1122967e-06,4.1790816e-08,6.006565e-06,1.1934537e-07,1.0927382e-06
ISIC_0028400,1,4.6050404e-06,0.0077336044,0.98519856,1.29456925e-08,0.0067948783,1.9515124e-05,0.00024888286
ISIC_0032028,1,0.11359785,0.8220624,1.259417e-06,6.1273313e-06,0.0642777,4.5343295e-05,9.277873e-06
ISIC_0026674,1,0.0006647486,0.99900997,1.6339156e-06,1.4976532e-08,0.00032005223,2.6089313e-06,8.9364426e-07
ISIC_0031924,1,0.00020905666,0.9997882,3.298693e-09,1.4353171e-10,1.0247455e-06,1.5859737e-06,1.3205705e-07
ISIC_0028963,1,0.002881673,0.9968451,3.0069214e-07,8.035539e-08,8.532409e-06,0.0002594544,4.910111e-06
ISIC_0025088,1,0.0003010787,0.9927396,6.6017124e-06,6.290527e-09,0.0069494504,1.1706479e-06,2.0508867e-06
ISIC_0032175,1,0.121046044,0.86547375,0.0003519669,0.012333965,0.0007539971,3.2545053e-05,7.721028e-06
ISIC_0030873,1,0.9881968,0.008005534,4.1490614e-07,4.931556e-07,0.0037926075,1.7414649e-07,3.975648e-06
ISIC_0024363,1,0.0022307716,0.99763954,8.473362e-06,1.8744034e-07,8.113056e-05,3.8588263e-05,1.3836539e-06
ISIC_0031681,1,0.087080784,0.03530254,0.00020319545,1.3684005e-05,0.8773726,1.7361111e-06,2.5401163e-05
ISIC_0029905,1,0.15342502,0.0060363263,4.829007e-06,2.6052018e-07,0.8405326,1.4669278e-07,7.3886343e-07
ISIC_0025533,1,0.0025128287,0.956973,4.507277e-05,1.9040046e-06,0.040290102,0.000101877784,7.5148266e-05
ISIC_0030792,1,9.303103e-06,0.11180849,4.478901e-06,1.964685e-07,0.88810855,1.5547039e-05,5.340685e-05
ISIC_0025655,1,0.00025635047,0.91961545,1.7306767e-05,6.4826827e-06,0.080094285,3.1583797e-06,6.9156954e-06
ISIC_0026658,1,3.3148703e-05,0.99695826,8.626726e-07,8.099925e-09,0.0030072143,2.6099212e-07,3.570896e-07
ISIC_0028166,1,0.45535594,0.4202238,0.048899043,0.0002528163,0.004888157,0.06745309,0.0029272174
ISIC_0026406,1,0.66157925,0.24757805,0.00030455115,5.738656e-08,0.09043096,9.34204e-05,1.3643959e-05
ISIC_0027271,1,0.6048543,0.378667,6.433582e-05,0.0018286463,0.014570038,5.244738e-06,1.04755745e-05
ISIC_0024497,1,0.0004082134,0.9872649,4.0147515e-05,3.5202274e-07,0.01228367,1.2869742e-06,1.5025462e-06
ISIC_0029026,1,0.0020236908,0.91270643,2.8668404e-05,7.154498e-07,0.08523902,1.069614e-06,3.4579412e-07
ISIC_0030251,1,1.2438475e-05,0.9997291,9.8607146e-08,3.5617358e-08,0.00024039406,1.7193408e-05,8.2266445e-07
ISIC_0030740,1,0.00048293237,0.9993969,8.374912e-06,1.0411365e-08,0.00011119897,2.6407005e-07,3.6411546e-07
ISIC_0026600,1,0.032083843,0.9679043,1.9797264e-06,1.9674978e-08,6.981463e-06,2.426963e-06,4.5403317e-07
ISIC_0026581,1,0.000106667765,0.99918824,9.32553e-08,1.6969096e-08,0.000703867,7.3393386e-07,3.636217e-07
ISIC_0025936,1,1.1475008e-05,0.99997747,1.6009221e-07,1.667748e-09,8.383285e-06,2.1115986e-06,3.490621e-07
ISIC_0025179,1,0.51264435,0.45420653,0.0001811567,4.6511093e-07,0.03295166,5.551818e-06,1.0298415e-05
ISIC_0026216,1,0.99091715,0.0036739432,0.00078939606,2.3679089e-08,0.0046101483,2.206029e-06,7.1303916e-06
ISIC_0028874,1,6.214544e-05,0.9993575,5.8979435e-06,1.7680538e-08,0.0005688864,5.426579e-06,1.0836057e-07
ISIC_0028592,1,0.0008764649,0.9930607,0.0005651435,1.9385265e-08,0.005390986,0.00010012902,6.5553313e-06
ISIC_0026401,1,9.7197764e-05,0.99752444,3.1050703e-08,1.5632128e-09,0.0023724923,3.5678065e-07,5.524359e-06
ISIC_0030370,1,0.00014295668,0.9998029,3.400387e-08,1.9734436e-08,5.4054362e-05,4.611618e-08,1.13555714e-07
ISIC_0024441,1,0.006453162,0.98109996,0.0017853291,1.2155123e-06,0.010651171,5.454301e-06,3.7005843e-06
ISIC_0030833,1,0.8391353,0.09556248,5.051068e-07,2.0638736e-06,0.06528837,1.5358088e-06,9.777937e-06
ISIC_0032065,1,0.00016858199,0.50417566,0.060228836,4.2400003e-05,0.433731,1.13338565e-05,0.0016422152
ISIC_0024998,1,0.05509581,0.9444409,0.00043414847,1.3199823e-06,2.3511791e-05,2.4403168e-06,1.8128119e-06
ISIC_0029749,1,0.0060842326,0.9341603,1.1241862e-05,2.507487e-08,0.059731,9.433946e-06,3.7462064e-06
ISIC_0031074,1,0.8660864,0.09110237,7.961119e-07,1.810114e-06,0.042787015,1.97223e-05,1.9040956e-06
ISIC_0028643,1,0.8413485,0.0008250835,0.00042490577,0.04089694,1.2784482e-05,0.116479,1.2783897e-05
ISIC_0024657,1,0.0050823167,0.9945898,1.4970089e-05,5.3443706e-08,0.0003030489,9.331173e-06,5.2643975e-07
ISIC_0027922,1,0.07081461,0.8229588,0.0037802744,0.00018260645,0.101372555,2.8196824e-05,0.00086299685
ISIC_0025184,1,1.367074e-06,0.99996877,1.3451076e-07,8.473732e-07,2.0412484e-05,3.654532e-08,8.469002e-06
ISIC_0027908,1,0.8067534,0.18038945,0.0034083598,1.8553031e-06,0.009412543,3.3572385e-05,8.991378e-07
ISIC_0032186,1,0.26262048,0.26403987,8.86284e-06,4.3837354e-06,0.47329497,1.2765301e-05,1.85932e-05
ISIC_0028447,1,0.9344705,0.040631358,1.8876145e-07,1.084186e-05,0.02488632,5.5145847e-07,2.7576618e-07
ISIC_0032035,1,5.912785e-05,0.9677747,0.0007638549,2.2598097e-06,0.03129587,3.6494304e-05,6.7664085e-05
ISIC_0032412,1,0.016199045,0.98303866,2.3342534e-05,0.00029853632,0.0004107097,2.307723e-05,6.5180275e-06
ISIC_0027789,1,0.0065015177,0.9902137,5.3739386e-06,9.4238494e-08,0.003274999,1.5448334e-06,2.8373354e-06
ISIC_0028761,1,0.00031974757,0.99964786,5.2419045e-07,1.3513312e-07,3.0015011e-05,1.4090926e-07,1.5707869e-06
ISIC_0025892,1,0.07691688,0.8846361,0.00014131214,2.6453445e-05,0.038275477,2.1322084e-07,3.5503274e-06
ISIC_0026866,1,0.6216182,0.33493292,7.50719e-05,3.5206554e-06,0.043369878,1.9373522e-07,2.0701236e-07
ISIC_0027351,1,0.00066873414,0.9931083,0.0015796365,3.5133105e-06,0.0041259243,0.00042101546,9.287373e-05
ISIC_0027346,1,0.97271955,0.0028461996,1.8472724e-06,2.0333361e-07,0.024426442,2.1950632e-06,3.6513368e-06
ISIC_0031875,1,0.8596822,0.0017855029,6.7464575e-06,3.8068643e-05,0.1384661,2.5211978e-06,1.8776316e-05
ISIC_0029119,1,0.0022934058,0.17554377,0.0022181505,0.00024633508,0.81918395,0.00045477785,5.9621278e-05
ISIC_0026151,1,0.1036487,0.6643941,0.0032381185,1.5995762e-05,0.22805953,0.00036683434,0.00027671971
ISIC_0027756,1,0.17683108,0.6088255,0.20613869,0.00064355554,0.00043116172,1.1949606e-05,0.00711802
ISIC_0032125,1,0.011479082,0.034121316,0.9535435,0.00042163365,0.0003107829,9.828007e-06,0.00011390249
ISIC_0025172,1,0.004268468,0.83616,0.15483971,1.1899743e-06,0.0045978776,1.8311022e-06,0.00013093588
ISIC_0032471,1,0.0007931445,0.97831064,0.000112665155,0.00033634368,0.020233398,0.00018065017,3.3100918e-05
ISIC_0032148,1,0.83158326,0.16422999,0.0036481977,7.883064e-06,0.0005212373,1.147368e-06,8.263256e-06
ISIC_0031889,1,9.372103e-06,0.9999714,6.671127e-06,1.6520452e-06,9.799396e-06,7.997969e-07,2.848692e-07
ISIC_0025295,1,0.9494949,0.0451652,0.00024806603,3.6740235e-07,0.005085882,2.6661994e-06,2.9128475e-06
ISIC_0025123,1,0.0003528241,0.79420525,6.797143e-07,1.360592e-07,0.20543595,5.922278e-07,4.6374885e-06
ISIC_0028276,1,7.003226e-06,0.5029534,7.111713e-06,7.697303e-07,0.49701086,1.586281e-06,1.9246801e-05
ISIC_0027183,1,0.042988986,0.95497835,1.7163899e-05,9.361607e-07,0.0019965859,1.733146e-05,6.8268935e-07
ISIC_0026297,1,0.97021264,0.01011669,6.2685795e-05,6.486534e-09,0.01960546,4.2404648e-07,2.1355559e-06
ISIC_0031064,1,0.99818903,0.001805082,1.9461595e-07,3.8884646e-06,7.750887e-07,6.024263e-07,4.0839362e-07
ISIC_0027538,1,0.9785686,0.02130086,2.5703039e-06,4.2546453e-06,0.00011410877,7.2351145e-07,8.871198e-06
ISIC_0026751,1,0.016384432,0.97851676,0.00012066405,7.787076e-07,0.0049537863,3.3561818e-07,2.3197808e-05
ISIC_0029332,1,0.007946926,0.98775977,0.0001914844,1.8569287e-06,0.0040978943,3.361715e-07,1.6690101e-06
ISIC_0030856,1,5.1616855e-05,0.8138598,8.752758e-07,7.1476975e-09,0.18607323,9.47253e-07,1.343069e-05
ISIC_0030456,1,0.001852105,0.992136,9.537038e-07,2.418065e-07,0.0060099955,3.602841e-07,3.3553073e-07
ISIC_0030942,1,0.0061221537,0.99131143,4.9516548e-05,2.498429e-06,0.0025109758,3.3566344e-06,1.1790982e-07
ISIC_0031913,1,0.061082873,5.8413196e-05,4.4680593e-09,4.684065e-10,0.9388586,1.3834071e-08,1.5668876e-07
ISIC_0031880,1,0.052166153,0.032074302,2.2972294e-07,6.925904e-08,0.91575843,1.1290351e-07,7.373202e-07
ISIC_0025422,1,0.007551052,0.99158466,3.2347864e-06,1.1304913e-08,0.00083264377,2.2684233e-05,5.718732e-06
ISIC_0030033,1,0.10625351,0.87819856,0.0011642775,8.526061e-08,0.014245308,9.989927e-05,3.8379887e-05
ISIC_0031611,1,1.7995617e-06,0.99957544,2.551227e-06,4.0447485e-08,0.00035088917,3.2692507e-05,3.663944e-05
ISIC_0032074,1,7.417241e-08,0.99999654,3.8303787e-09,1.0334915e-10,2.2711665e-06,1.0021378e-06,1.1676183e-07
ISIC_0025918,1,0.9790775,0.019754581,1.1942605e-05,0.0001514182,0.0009992196,4.46826e-06,8.6758484e-07
ISIC_0026124,1,0.9584502,0.040852822,0.00051447895,6.4263645e-07,0.00018012634,9.2608406e-07,8.430515e-07
ISIC_0024876,1,0.009016226,0.99088824,1.0384105e-07,1.0708134e-07,9.3313654e-05,6.044188e-07,1.3843546e-06
ISIC_0030593,1,0.00023357553,0.9997522,2.4852474e-07,7.74044e-09,9.388314e-06,3.1687463e-07,4.186011e-06
ISIC_0031794,1,0.13081335,0.466446,2.4939069e-05,2.9103882e-07,0.4026847,8.83168e-07,2.9798979e-05
ISIC_0031379,1,0.003693472,0.9902463,0.0006616797,1.3102355e-07,0.0053915363,4.16455e-06,2.7734159e-06
ISIC_0027711,1,7.476764e-05,0.9998807,6.393556e-07,1.3981232e-09,5.2183404e-06,3.8376027e-05,3.068981e-07
ISIC_0025763,1,0.0011392244,0.9985715,1.2169464e-05,3.2380135e-06,6.75092e-05,0.00020287005,3.5595633e-06
ISIC_0030847,1,0.008184877,0.91486335,0.0007128422,2.3466843e-08,0.07617037,8.4858575e-06,6.0080532e-05
ISIC_0027945,1,0.56651974,0.1002534,0.0010069795,2.437871e-06,0.33211097,7.3960814e-06,9.9119046e-05
ISIC_0030210,1,2.0073041e-06,0.9999658,2.2462854e-07,3.9206313e-08,2.655588e-05,4.4580984e-06,1.0500257e-06
ISIC_0028686,1,3.9323877e-05,0.99994946,2.6521361e-06,6.0821668e-09,6.772261e-06,8.451583e-07,1.0041072e-06
ISIC_0025681,1,0.12076691,0.87885106,1.0609517e-05,1.4607765e-06,0.00027097118,9.883515e-05,1.4062553e-07
ISIC_0030912,1,0.0030484097,0.9784362,0.00045033114,5.7336283e-06,0.01753465,0.00010263656,0.00042208013
ISIC_0027783,1,2.1172815e-05,0.071322024,1.6928256e-05,4.034414e-06,0.92849255,6.7914507e-06,0.00013648019
ISIC_0026991,1,2.765778e-06,0.9999939,2.53833e-08,1.1829197e-11,2.9838543e-07,3.022468e-06,3.1840347e-08
ISIC_0029208,1,0.001840103,0.9980876,1.1823262e-06,8.048671e-08,6.859022e-05,2.0644122e-06,3.8750554e-07
ISIC_0024902,1,0.00078572455,0.9988663,8.469829e-06,3.4135945e-05,0.00028555197,1.7120003e-05,2.6022697e-06
ISIC_0027415,1,0.00025900223,0.9984255,3.6346926e-05,5.681606e-07,0.0011737873,7.923317e-05,2.555134e-05
ISIC_0025166,1,1.8655228e-06,0.9996469,2.5548636e-07,7.631447e-08,0.00034568834,3.2531136e-06,1.9252495e-06
ISIC_0028938,1,0.04148518,0.9249769,6.356509e-05,5.2156327e-07,0.033162776,2.356075e-05,0.000287399
ISIC_0031036,1,2.1549477e-05,0.9999496,8.7687894e-08,4.4624215e-09,2.8707833e-05,5.380412e-08,1.1858051e-07
ISIC_0026820,1,1.3059899e-05,0.9999684,5.8473578e-08,2.2610296e-10,1.8505953e-05,2.083135e-08,1.5722497e-08
ISIC_0029838,1,0.00034707386,0.99940693,8.8366434e-08,1.4827707e-07,0.00024307749,2.7020198e-07,2.5108843e-06
ISIC_0025446,1,3.621299e-05,0.9974015,2.5477647e-08,2.3956859e-09,0.0025178534,4.206429e-05,2.3650075e-06
ISIC_0024712,1,0.000102965605,0.98844355,2.5013756e-08,7.860685e-08,0.011306646,0.00014208385,4.6127457e-06
ISIC_0026295,1,0.023461899,0.97607327,3.8002003e-05,7.413122e-08,7.839136e-06,0.00040944878,9.410606e-06
ISIC_0030019,1,0.41687596,0.58311856,4.080559e-07,1.0244827e-08,1.1232148e-07,4.5433826e-06,4.3613198e-07
ISIC_0026788,1,3.5801844e-05,0.9999213,1.9463917e-07,2.2071108e-08,2.4845526e-06,3.3305878e-05,6.9720622e-06
ISIC_0029759,1,0.000119030476,0.9997663,1.7758049e-06,4.321465e-09,0.00010341241,4.2307433e-06,5.3457643e-06
ISIC_0030348,1,1.6781061e-05,0.9991284,1.108742e-06,3.1866682e-10,0.0008367621,9.513017e-06,7.442702e-06
ISIC_0032042,1,5.0953604e-05,0.97798985,3.8640588e-05,1.5770351e-07,0.020276163,2.8897688e-05,0.0016154432
ISIC_0026122,1,5.6150224e-05,0.99993753,2.8380611e-09,2.4984844e-11,2.0992243e-06,8.934849e-07,3.4254765e-06
ISIC_0026024,1,1.897888e-05,0.99997056,2.2942623e-07,7.001233e-11,9.159785e-06,4.807483e-07,5.8643224e-07
ISIC_0026742,1,0.11720557,0.8817612,2.679006e-05,2.2611724e-07,0.0009741384,3.123422e-05,8.6394044e-07
ISIC_0028665,1,6.2561117e-19,8.941979e-24,2.1016256e-13,4.4978616e-28,1.3968669e-16,0.99793833,0.0020616513
ISIC_0026942,1,0.0077514187,0.9111116,8.674932e-06,1.5171683e-07,0.08100538,0.00011219609,1.0634123e-05
ISIC_0030410,1,1.8538203e-05,0.9593654,2.1385071e-07,9.844213e-08,0.04054364,7.044926e-05,1.6209411e-06
ISIC_0028903,1,0.00012614511,0.9998715,1.9591994e-08,1.9624784e-09,3.5631285e-07,2.2398598e-07,1.7858545e-06
ISIC_0029140,1,0.00018629737,0.999668,4.8670063e-06,7.839639e-07,3.9496153e-05,7.463715e-06,9.297699e-05
ISIC_0030557,1,2.8819823e-06,0.9999945,4.0493225e-07,3.6854244e-09,9.516104e-07,5.5551926e-08,1.2252864e-06
ISIC_0030404,1,0.00011410367,0.99987924,6.9880204e-09,3.5841513e-10,1.9487625e-06,2.0512654e-07,4.502398e-06
ISIC_0027311,1,0.00035244657,0.999642,5.5762106e-09,4.2105558e-10,4.983958e-06,1.6958464e-07,4.6570773e-07
ISIC_0031896,1,0.00028602447,0.96601194,0.00046191536,3.990484e-05,0.0305038,0.0009155519,0.0017808392
ISIC_0025355,1,0.00020155651,0.99942577,5.651867e-09,4.631702e-11,0.00036956716,2.0373236e-06,1.0762461e-06
ISIC_0032008,1,2.2531505e-05,0.09277103,5.0379695e-06,3.5513233e-06,0.9070496,3.3844203e-06,0.00014494527
ISIC_0031317,1,5.1255032e-05,0.00634645,8.1888436e-07,4.2115847e-08,0.99350727,2.1987855e-06,9.192584e-05
ISIC_0026749,1,0.0128641585,0.98708063,1.165261e-08,3.200873e-09,2.4712337e-05,2.9989405e-05,5.2941135e-07
ISIC_0029895,1,0.17199616,0.82732344,3.6693574e-08,7.9364615e-10,0.00065425975,2.4059334e-05,1.9910417e-06
ISIC_0025252,1,0.16181837,0.8271585,5.2494415e-05,2.4716558e-06,0.010923398,2.9067854e-05,1.5682006e-05
ISIC_0027143,1,0.036114242,0.9627127,0.00014783253,2.1123972e-06,0.0007566337,0.00025430223,1.2135308e-05
ISIC_0034265,1,0.43668061,0.5541805,0.0016651453,6.74506e-07,0.0073903305,5.441732e-05,2.8280267e-05
ISIC_0033011,1,0.02114153,0.9686363,5.0244944e-07,1.0758785e-07,0.0069924113,0.0032189225,1.0191996e-05
ISIC_0032697,1,0.028287241,0.95274895,1.2246131e-06,2.347296e-09,2.746595e-05,0.018929034,6.1339483e-06
ISIC_0032931,1,0.9847565,0.0152190495,9.850824e-07,2.581761e-06,2.388037e-06,1.0178911e-05,8.2727765e-06
ISIC_0033313,1,0.0007040357,0.9971576,2.7360195e-06,7.112091e-09,0.0020995412,3.5080815e-05,1.0542301e-06
ISIC_0034270,1,0.0041761464,0.830432,0.0025833705,0.0010970895,0.16086975,0.00013153853,0.0007101226
ISIC_0032912,1,0.0007223015,0.99925166,2.5133556e-07,2.1192468e-09,2.4993871e-05,1.7831132e-07,6.9473384e-07
ISIC_0028252,1,0.019931644,0.96298164,8.329421e-05,1.4683343e-07,0.016883714,0.00011632414,3.2861633e-06
ISIC_0028170,1,0.00025517578,0.99957925,2.0518405e-06,2.405122e-07,3.45925e-05,0.00012774172,9.250848e-07
ISIC_0031524,1,7.708949e-06,0.9996451,1.5840538e-06,2.5376178e-07,0.00033826716,4.5841534e-06,2.5772124e-06
ISIC_0024507,1,1.1498768e-05,0.9999145,9.365092e-06,4.662718e-08,3.03243e-05,3.3816264e-05,4.285949e-07
ISIC_0033589,1,0.9830952,0.015309085,1.7724931e-06,7.721348e-09,0.0015925063,1.4176848e-06,7.6057e-09
ISIC_0033888,1,0.096057646,0.8716368,1.5955748e-05,5.5797163e-06,0.03219938,8.033601e-05,4.3428445e-06
ISIC_0033338,1,0.013437277,0.47595656,4.267964e-05,6.117358e-06,0.5104379,0.00011281162,6.638955e-06
ISIC_0032880,1,0.0019047547,0.9980725,9.964826e-08,8.6212106e-07,6.1245205e-06,1.620325e-06,1.3962766e-05
ISIC_0032600,1,0.023123173,0.97677165,3.5047285e-06,1.7685267e-07,5.2990603e-05,3.775648e-06,4.470515e-05
ISIC_0032791,1,0.5718342,0.4281517,4.91189e-06,3.4944171e-06,1.4116567e-06,1.3924773e-06,2.8764748e-06
ISIC_0032930,1,0.7247735,0.26856807,0.00040224913,1.7460477e-05,3.5809921e-06,0.006233157,2.0507093e-06
ISIC_0033614,1,0.0011953532,0.99876034,6.277401e-06,8.294874e-08,3.6020167e-05,1.0177405e-06,8.535535e-07
ISIC_0034212,1,0.010499027,0.9886009,2.306869e-06,4.4786503e-07,0.0008490115,4.385618e-05,4.468755e-06
ISIC_0033489,1,0.027376676,0.97249234,1.9311867e-07,3.3440024e-08,0.0001300011,7.4516356e-07,1.6041004e-07
ISIC_0033907,1,0.0024465169,0.96143633,6.977588e-05,0.00015655765,0.03429745,0.00076467113,0.000828702
ISIC_0033139,1,0.0014961433,0.9856872,2.2299473e-05,3.4390818e-05,0.012528792,0.00010303927,0.00012815253
ISIC_0033418,1,0.0028921799,0.99681914,1.511749e-06,4.512788e-08,6.225341e-05,0.00022440152,5.621927e-07
ISIC_0034054,1,0.014435222,0.98552436,3.2635407e-06,7.337024e-08,2.3038112e-05,1.3927142e-05,1.0010248e-08
ISIC_0033457,1,3.9527376e-06,0.9979069,3.1344716e-06,3.9332198e-07,0.0020717564,4.3328077e-06,9.57864e-06
ISIC_0033588,1,0.0033473335,0.9961526,3.5496544e-06,1.43628265e-08,0.0004871549,5.6587755e-06,3.6238166e-06
ISIC_0033144,1,0.012097115,0.9811091,1.6111973e-05,8.5577585e-07,0.006616596,0.00010155228,5.879548e-05
ISIC_0033916,1,0.5370167,0.46194127,1.7722243e-05,3.360968e-05,0.00095837255,2.3767894e-05,8.443443e-06
ISIC_0032554,1,0.2706224,0.7289794,9.596907e-06,4.459798e-06,0.00034909762,3.0833326e-05,4.264686e-06
ISIC_0032658,1,6.7456417e-06,0.99946934,7.255095e-08,1.141202e-10,0.0005212879,2.039759e-06,5.3146493e-07
ISIC_0034018,1,1.580009e-05,0.9998172,2.2027882e-07,1.3083694e-08,0.00016322584,2.1511523e-06,1.4765081e-06
ISIC_0033346,1,0.00037998098,0.10526419,1.6764842e-06,8.864453e-09,0.8943118,3.646419e-05,5.8914516e-06
ISIC_0034219,1,0.0004593297,0.99849105,3.9050153e-07,1.1919821e-08,0.00029902454,0.00074996386,2.394297e-07
ISIC_0034260,1,0.00023961162,0.9906328,2.855785e-05,6.2066297e-06,0.008969282,1.4402977e-05,0.000109068256
ISIC_0032935,1,0.00012339436,0.9968919,1.1991352e-07,1.4455748e-08,0.0029618759,1.5029056e-05,7.758653e-06
ISIC_0034229,1,0.00010156421,0.9913016,7.6310977e-07,3.9352447e-08,0.008594579,1.2491622e-06,2.2225008e-07
ISIC_0028066,1,0.005012829,0.90059805,1.7194378e-05,4.9695986e-06,0.09432422,1.1367499e-05,3.13494e-05
ISIC_0033464,1,0.039966285,0.9591364,5.3992876e-06,3.745676e-05,0.00080905645,6.9201265e-06,3.8417933e-05
ISIC_0033970,1,0.025194861,0.97463053,1.5564801e-05,2.7887368e-06,0.00013115899,1.1248861e-05,1.3815898e-05
ISIC_0032402,1,0.0006361595,0.9970175,4.9222226e-06,1.04373825e-07,3.1562308e-06,0.0023250524,1.31486295e-05
ISIC_0033741,1,2.346219e-05,0.99250996,1.7903783e-07,3.1888025e-08,0.0032514203,0.0041884934,2.6471285e-05
ISIC_0032632,1,0.015802776,0.97082865,7.607287e-06,0.00057998055,0.0045193643,0.007738777,0.0005229534
ISIC_0034114,1,0.0003158737,0.9993748,7.1441704e-05,1.8012113e-07,0.00022373821,4.15298e-06,9.722619e-06
ISIC_0033602,1,0.014724622,0.9852659,1.4650716e-07,9.375357e-10,2.51499e-06,6.480992e-06,3.500695e-07
ISIC_0033772,1,0.942175,0.057203103,1.4621261e-06,6.0081547e-06,0.00045058975,2.5180047e-06,0.00016128791
ISIC_0032996,1,0.0003220532,0.9996087,4.6619457e-06,7.870808e-09,5.041917e-05,1.236377e-06,1.3018026e-05
ISIC_0032591,1,0.023479113,0.96687263,1.3719294e-08,2.174687e-06,0.009637715,1.3784647e-06,6.9616476e-06
ISIC_0032759,1,0.00017362362,0.9997608,4.4074986e-05,2.5298853e-08,1.7876086e-05,2.6126804e-06,1.0047614e-06
ISIC_0033647,1,2.9133837e-05,0.99875224,4.8918908e-05,1.17272435e-07,0.0009887825,0.0001782388,2.6150078e-06
ISIC_0032634,1,0.0042494494,0.9595801,0.0013471529,0.0006035229,0.03418957,1.6553502e-05,1.3637178e-05
ISIC_0034082,1,1.7047349e-05,0.99992394,1.1740436e-08,2.4749552e-10,5.8363657e-05,3.053368e-08,6.4742187e-07
ISIC_0033567,1,0.038072098,0.9573995,0.0042783367,6.7056135e-08,2.6655074e-05,0.00022252943,7.119987e-07
ISIC_0033065,1,7.0183337e-06,0.99997103,1.2245047e-09,5.9704575e-10,2.118653e-06,1.9775713e-05,2.3072957e-08
ISIC_0033375,1,0.00056672003,0.99934965,1.191037e-06,1.0615677e-09,6.90497e-05,1.3374616e-05,3.360594e-08
ISIC_0034019,1,1.9364135e-05,0.9990049,3.2400752e-05,1.1069536e-08,0.0009325297,1.0190149e-05,5.7941264e-07
ISIC_0033417,1,0.7263299,0.27155194,0.0010758493,0.00093544216,8.9104615e-06,6.662826e-05,3.129971e-05
ISIC_0032329,3,0.0004072091,0.00027925006,1.5721129e-07,0.046765074,0.2855685,0.666654,0.00032577812
ISIC_0026872,3,0.004578629,0.0058786273,3.020335e-05,0.016202938,0.9594588,0.013849641,1.1922494e-06
ISIC_0025948,3,0.7848317,0.20094872,0.002440144,0.0001837356,0.011592735,1.1824706e-06,1.7539829e-06
ISIC_0024562,3,0.00030085476,0.005379894,0.005820071,0.9396281,0.013427986,0.035301775,0.00014124614
ISIC_0030714,3,0.0013145211,0.0004496487,0.0019693312,0.99543446,0.00033749797,0.0001556978,0.00033890337
ISIC_0027231,3,0.054830123,0.00028196027,0.00035191764,0.00025988926,0.94427216,2.4430988e-06,1.5898548e-06
ISIC_0024843,3,0.36059597,0.17053983,1.061443e-05,0.00097021257,0.46778518,6.665721e-05,3.1597003e-05
ISIC_0028381,3,0.061150413,1.24618455e-05,0.00083090505,0.001495843,0.015680421,0.92082167,8.187297e-06
ISIC_0027700,3,0.0032024186,0.013043271,0.0023003868,1.2360378e-05,0.9813182,0.00012266758,8.275884e-07
ISIC_0025411,3,0.002913329,0.99044925,0.00014108623,0.00017550965,0.0063189534,5.8264436e-07,1.3641683e-06
ISIC_0025696,3,3.5138048e-05,0.008868699,7.52879e-08,0.9898991,0.00047658995,5.4784555e-06,0.0007148818
ISIC_0029362,3,3.8799917e-05,1.8890977e-06,0.99990714,4.591265e-05,5.338167e-06,5.658765e-09,8.9607323e-07
ISIC_0028132,3,1.6232902e-05,1.2627373e-07,0.9998574,8.023115e-05,4.4562577e-05,3.8485465e-10,1.4763115e-06
ISIC_0030991,3,0.09174039,0.10574901,9.2974835e-05,0.09728031,0.7045423,0.00036060018,0.00023442025
ISIC_0032422,3,0.53505695,0.012829529,0.0003192088,0.44672564,0.0031591186,0.00033656295,0.0015730276
ISIC_0030826,3,0.00064543675,5.8339233e-10,5.2954425e-07,0.9993537,1.6341223e-08,1.4963685e-07,1.8289238e-07
ISIC_0031012,3,0.11190644,0.0029073115,0.53232366,0.011134074,0.3411454,0.00034471796,0.00023838463
ISIC_0029533,3,0.9866688,0.00066657737,0.0032806916,0.0010992226,0.0023566077,0.005872985,5.498902e-05
ISIC_0024372,3,0.344603,0.00011549697,0.025054138,0.00041680265,0.6296493,0.00015661382,4.6600708e-06
ISIC_0026645,3,0.21918207,0.0067934426,0.0020967687,0.74383813,0.028064895,1.3223415e-05,1.1450965e-05
ISIC_0024710,3,0.002603287,1.3086854e-09,0.99676645,1.1603375e-06,1.605859e-05,1.3553351e-07,0.0006128488
ISIC_0030175,3,0.1111603,0.0005458671,6.921744e-05,0.016183097,0.081137925,0.79077464,0.00012885885
ISIC_0031692,3,0.5228648,1.181835e-05,0.0004934829,1.2329804e-05,0.47661036,2.2659083e-07,6.93965e-06
ISIC_0032203,3,0.00058303704,0.10422823,0.006234207,9.697875e-06,0.8889436,3.1419225e-07,8.3203093e-07
ISIC_0026138,3,0.0011122584,0.0044772,2.1649794e-06,0.07594858,0.9082613,0.010174606,2.3829829e-05
ISIC_0029059,3,0.0031741925,6.5056294e-05,0.96357095,9.549843e-05,0.03298138,3.7417765e-05,7.560032e-05
ISIC_0027172,3,4.2476e-05,0.007897911,6.8649905e-07,0.036759865,0.955291,3.8756266e-06,4.2221704e-06
ISIC_0025811,3,3.1134965e-07,1.0422867e-06,4.8590795e-07,0.008298674,0.98893434,0.00274581,1.9322722e-05
ISIC_0026212,3,6.630979e-06,1.3887846e-05,2.1262602e-07,0.0018649035,0.9978103,2.548193e-07,0.00030385223
ISIC_0026014,3,0.47642806,0.5189561,0.001736866,0.00028017347,0.002583267,1.3565914e-05,1.9991164e-06
ISIC_0030785,3,0.0029950282,7.593327e-08,0.98746294,0.009530242,8.523257e-07,6.6414486e-08,1.0830692e-05
ISIC_0026720,3,1.47429e-05,2.0755408e-08,0.00073989853,0.9990175,6.304501e-08,0.00022675845,1.0040183e-06
ISIC_0030487,3,7.744711e-08,2.5298786e-11,5.2521893e-05,0.9988086,1.6917747e-07,0.0011382975,3.3400772e-07
ISIC_0032238,3,3.858168e-09,1.6140294e-14,2.2603437e-07,0.99652725,7.492879e-10,0.0034724895,8.639863e-09
ISIC_0031672,3,1.7989609e-06,0.5633196,6.0894377e-05,0.42449254,0.0070815072,0.0049535288,9.008862e-05
ISIC_0030986,3,1.3407806e-05,7.158572e-05,0.000117261305,0.0001577499,0.99891126,0.0006616844,6.691117e-05
ISIC_0031431,3,3.0347124e-05,0.9941202,5.78698e-06,0.00387755,0.0010523084,0.0008742703,3.9483562e-05
ISIC_0032897,3,0.67483723,0.0010942396,1.180753e-05,7.235034e-08,0.3240541,1.1709265e-07,2.4016379e-06
ISIC_0028499,3,1.2434019e-05,0.0014022847,0.001348096,0.04508791,0.9520216,6.8161826e-05,5.9453952e-05
ISIC_0031421,3,2.0604877e-05,0.0005288511,0.0015554061,0.038810447,0.95901906,5.9628674e-05,6.057863e-06
ISIC_0025577,3,8.979592e-05,0.98433983,0.00048514063,0.012890057,0.0005310406,0.001658328,5.879058e-06
ISIC_0030591,3,0.093487225,0.88031125,0.0003872169,0.0064723273,0.00027499878,0.018662091,0.00040485544
ISIC_0024579,3,0.0002457114,0.21314694,0.0020429662,0.0014726046,0.7770364,0.004651708,0.0014036236
ISIC_0029638,3,0.00010296735,0.24237092,0.00038727856,0.73353225,0.00018742801,0.023408448,1.0777613e-05
ISIC_0026981,3,4.270303e-08,1.1444523e-07,3.853163e-07,0.99981505,6.431211e-06,0.00017800152,1.4304787e-08
ISIC_0031286,3,8.625301e-05,7.644939e-05,5.5131663e-06,0.99961877,6.209603e-07,0.00021244613,1.997298e-08
ISIC_0030158,3,0.000355075,0.0004877158,7.3338842e-06,0.019427938,0.8900196,0.0630683,0.02663405
ISIC_0026905,3,0.9254647,5.259588e-05,0.0056665307,0.0002067788,0.062528126,0.0036473335,0.0024340565
ISIC_0024646,3,1.9557585e-06,5.7061447e-06,7.6503125e-07,1.4580019e-05,0.9999275,4.2310447e-05,7.243118e-06
ISIC_0033000,3,2.4989786e-05,1.19009655e-08,3.7684915e-06,0.9450188,0.05287816,0.0019070524,0.00016718308
ISIC_0033295,3,0.00056831463,1.8221056e-06,0.00011597218,0.03562874,0.9382431,0.025032861,0.00040920818
ISIC_0030844,3,1.6146134e-07,1.5489347e-08,8.521006e-07,0.99975866,0.00023805015,2.248335e-06,8.744627e-10
ISIC_0031993,3,0.7621142,0.0043253135,9.329459e-06,0.23340952,8.98085e-05,8.771005e-06,4.2983258e-05
ISIC_0029500,3,0.8697864,0.0019823432,1.2869584e-06,0.09769694,0.011518633,0.00027560705,0.018738732
ISIC_0024800,3,0.00011968634,0.0045569544,2.5167246e-05,0.020122861,0.97462285,5.4269253e-07,0.0005518808
ISIC_0025264,3,0.957233,0.01464278,0.022341013,0.0017455464,0.00013750109,0.003896899,3.2483326e-06
ISIC_0028763,3,0.83600485,0.13410953,0.004564927,0.0005577364,0.020727687,0.003839017,0.00019624062
ISIC_0027767,3,0.0007199598,0.0627534,0.0012084531,0.00062970526,0.93460065,8.320663e-05,4.64327e-06
ISIC_0025427,3,3.7976383e-07,5.7078887e-07,2.0172225e-05,0.98585874,0.014115257,4.417888e-09,4.870708e-06
ISIC_0026702,3,0.0028275081,6.3576685e-05,4.9596366e-07,0.98399943,0.01282673,0.00010736872,0.00017488367
ISIC_0032199,3,0.00054613245,9.113446e-05,7.309041e-08,3.9837476e-05,0.99931693,5.7052275e-06,2.6893963e-07
ISIC_0033869,3,0.0002035033,0.0074903453,0.00150159,0.011700018,0.9790117,6.384441e-05,2.8966533e-05
ISIC_0031506,3,0.00037492474,2.7309114e-05,0.044505507,0.01144014,0.9421381,1.91184e-05,0.0014949448
ISIC_0026040,3,1.0302134e-05,0.0007702271,1.4068615e-06,9.092571e-06,0.9991978,7.0256724e-06,4.2459037e-06
ISIC_0029025,3,0.0026836684,1.2690837e-06,9.015588e-08,0.98188764,0.013964483,1.381652e-08,0.0014627599
ISIC_0027615,3,0.14982554,0.00016491344,2.1896487e-05,4.953857e-07,0.84714675,0.0028332379,7.2195317e-06
ISIC_0028990,3,0.996234,1.50936885e-05,7.778981e-06,1.8489532e-08,0.00079962204,0.002769479,0.00017408811
ISIC_0032947,3,0.11205197,1.8251645e-05,0.008292792,0.0003528659,0.70886916,0.17040919,5.8283817e-06
