image_id,label,prob_MEL,prob_NV,prob_BCC,prob_AKIEC,prob_BKL,prob_DF,prob_VASC
ISIC_0027419,4,7.2482158e-06,9.252764e-05,5.476847e-08,9.863714e-08,0.9998996,4.042591e-07,3.1833338e-08
ISIC_0025030,4,0.0010257149,0.00027494182,0.00027760078,2.7547843e-05,0.99737966,0.0010134324,1.0447254e-06
ISIC_0025837,4,0.0077669686,0.09771257,0.0026327036,6.127214e-05,0.89035064,0.0014739896,1.906614e-06
ISIC_0025209,4,0.00019496617,8.691888e-05,6.1438586e-05,3.2740802e-06,0.9996377,1.5324737e-05,3.9022171e-07
ISIC_0025033,4,0.0028452394,0.021824665,1.8770128e-06,0.9672149,0.007975011,8.3632294e-05,5.471574e-05
ISIC_0027310,4,0.13311857,0.26412302,0.05415772,0.14063437,0.3750009,0.031241283,0.0017241011
ISIC_0024981,4,0.503675,0.49036083,1.3145462e-05,6.0398346e-05,0.005890191,4.8505083e-08,4.2067842e-07
ISIC_0028052,4,0.06608699,0.8645861,2.0200014e-07,2.1821322e-06,0.069183215,0.00013859197,2.651023e-06
ISIC_0031967,4,0.23362361,8.076653e-06,0.00036357058,5.6326776e-08,0.76427436,0.001719983,1.032734e-05
ISIC_0031584,4,0.002103518,2.4995738e-06,5.6509607e-06,1.9705269e-11,0.99774796,0.00013931583,1.1448052e-06
ISIC_0025140,4,0.056987323,0.088497296,8.1921377e-07,2.6484317e-08,0.8544676,2.0011958e-06,4.4871624e-05
ISIC_0025554,4,0.8532202,0.076295674,7.5254447e-06,5.8122e-07,0.07045151,2.0056488e-05,4.4270323e-06
ISIC_0033539,4,0.16944814,0.0067890473,1.6765645e-05,0.0020527716,0.81916815,4.598891e-05,0.0024791171
ISIC_0029308,4,1.480089e-07,1.3044746e-07,3.2398403e-10,6.281454e-09,0.99999964,4.9127156e-08,3.7548414e-10
ISIC_0024635,4,0.96480924,0.030852478,6.871993e-05,2.0337083e-07,0.004032248,0.00023558956,1.5418736e-06
ISIC_0029425,4,0.92985624,0.00023753927,1.3770714e-05,2.0130548e-08,0.068122536,0.0017672725,2.6093064e-06
ISIC_0032382,4,0.0013413327,7.534782e-05,3.5339324e-06,1.1446791e-06,0.99857175,7.109545e-08,6.874923e-06
ISIC_0027533,4,0.0028592783,0.06998569,0.026082108,3.8367754e-05,0.7719357,6.276822e-05,0.1290361
ISIC_0029418,4,0.009203214,0.99058646,0.00013221585,3.498435e-08,7.0578026e-05,4.694131e-07,7.0907763e-06
ISIC_0027455,4,0.9199645,0.07795186,2.0980115e-06,1.5101729e-06,0.0020761902,5.190497e-07,3.2674254e-06
ISIC_0029683,4,0.0032940353,0.9776897,2.1006423e-07,6.0495324e-08,0.018922793,9.287147e-05,2.0278443e-07
ISIC_0032978,4,0.95171344,2.4130115e-05,2.507494e-05,9.919492e-06,0.048226744,3.6240525e-07,3.3843466e-07
ISIC_0033973,4,0.00052007113,0.9992625,5.6072814e-08,1.8067094e-06,0.00021547705,1.2645197e-07,2.6667891e-08
ISIC_0033761,4,0.00015190867,0.9996954,3.6774242e-07,4.4417407e-06,0.0001474339,5.0606604e-07,2.3850749e-08
ISIC_0033505,4,6.573538e-06,0.99987745,3.5425225e-07,2.5888917e-07,0.000114457456,5.8275185e-07,2.540419e-07
ISIC_0033778,4,0.00026105825,0.9993124,1.6090718e-07,1.6124619e-09,0.00042490195,8.212204e-07,6.7245344e-07
ISIC_0032863,4,0.00010607171,0.9930269,2.7847125e-06,1.488734e-09,0.0068634874,5.155751e-07,2.6514687e-07
ISIC_0034168,4,5.265416e-07,0.9964324,2.6869298e-09,4.4148044e-10,0.0035662693,1.3996531e-07,6.94438e-07
ISIC_0033582,4,0.20753334,0.63385826,1.8279135e-07,1.714757e-07,0.1584898,0.00011704289,1.2559204e-06
ISIC_0033576,4,0.5944718,0.078141965,9.245007e-07,8.680521e-06,0.32677367,0.0005943748,8.6665e-06
ISIC_0032997,4,0.4547399,0.083426446,0.014924664,1.1063574e-08,0.44686761,1.7008519e-05,2.4235544e-05
ISIC_0033529,4,0.0010345171,0.23141752,5.4547745e-06,3.9606803e-07,0.767514,2.4387644e-05,3.6662893e-06
ISIC_0033449,4,0.040450428,0.0035275435,5.308358e-08,2.8503572e-07,0.9560045,1.6991575e-05,1.2847826e-07
ISIC_0033676,4,0.0018435026,0.0017186514,4.023265e-08,2.931713e-07,0.9964228,1.4164297e-05,3.783736e-07
ISIC_0029472,4,0.9160284,0.015304494,7.735669e-07,6.8824716e-07,0.06866146,3.112937e-07,3.940613e-06
ISIC_0029682,4,0.41047102,0.57743937,1.5288862e-07,2.3025916e-06,0.012053795,5.7165363e-07,3.2860233e-05
ISIC_0033642,4,0.97943646,0.0077441093,0.0029102068,4.72438e-09,0.009853791,5.2446758e-05,3.0087335e-06
ISIC_0033486,4,0.010402091,0.9664995,0.01142904,1.2023409e-07,0.008267731,0.0033718916,2.9630764e-05
ISIC_0029600,4,0.0030069305,0.9969212,2.9287325e-05,6.248003e-09,2.9264205e-05,1.0415882e-05,2.9015832e-06
ISIC_0031876,4,3.0156255e-06,0.99389607,0.005480214,6.883028e-10,0.00061547686,4.2513952e-06,9.363869e-07
ISIC_0030542,4,3.1319563e-05,0.7568744,0.24243596,6.811498e-08,0.0006546747,1.5711464e-06,2.0510129e-06
ISIC_0026298,4,0.0012615365,5.064207e-05,3.0562856e-07,1.4384291e-07,0.99868685,4.062229e-07,1.11688614e-07
ISIC_0027680,4,0.62376004,0.033232555,0.32770061,0.011965287,0.0031123764,0.00018052744,4.8506074e-05
ISIC_0032280,4,0.10787817,0.0037960063,0.0009776794,2.657866e-07,0.88734317,3.7467394e-06,9.139872e-07
ISIC_0025982,4,0.92237765,0.06765196,6.555024e-05,9.731717e-07,0.0098147085,7.7306846e-05,1.1833168e-05
ISIC_0025326,4,0.0940011,9.4277155e-08,0.39647058,4.447137e-06,0.50947386,3.7525137e-05,1.24110675e-05
ISIC_0025838,4,0.99849045,0.0014965676,4.791201e-09,1.737612e-10,1.0270649e-05,2.7433841e-06,7.406825e-10
ISIC_0027780,4,0.038365066,0.9509644,0.00051259715,8.9746165e-05,0.0042162198,0.0058456254,6.3457287e-06
ISIC_0024592,4,0.00030707492,1.8731942e-07,7.579248e-05,2.5100002e-09,0.9995912,2.5444408e-05,3.1928286e-07
ISIC_0030118,4,0.04137777,0.027607583,0.00053684885,1.4855794e-06,0.9297221,0.00074412633,1.005305e-05
ISIC_0024626,4,0.004430615,0.00733161,8.5410215e-07,3.8856663e-07,0.988231,4.489171e-06,1.0383203e-06
ISIC_0031321,4,0.24566852,0.024790963,1.8233744e-07,2.880981e-06,0.72952944,7.969602e-06,1.0258497e-07
ISIC_0024971,4,0.00015390922,0.0005502778,3.099312e-06,4.353223e-07,0.9992902,1.3060959e-06,6.6348474e-07
ISIC_0031424,4,0.027550397,0.0016620957,7.310413e-08,1.7786343e-08,0.97078395,3.4427908e-06,2.984953e-08
ISIC_0029770,4,0.57588446,0.09972177,2.3016082e-05,1.0065814e-05,0.32434896,7.055819e-06,4.6591977e-06
ISIC_0027584,4,0.0017534799,1.388699e-07,6.727325e-09,5.47848e-07,0.9982418,3.4478755e-06,5.9754177e-07
ISIC_0027454,4,0.0010561972,4.327906e-05,2.7819404e-08,1.0696903e-07,0.99889946,4.0560477e-07,3.9161318e-07
ISIC_0026775,4,0.0055392855,6.5256677e-06,3.5872063e-06,0.00011885961,0.99432904,1.5555499e-06,1.1609716e-06
ISIC_0027394,4,0.020659152,0.9736934,5.0532417e-05,1.7312536e-07,0.0055732084,2.0954425e-05,2.5898676e-06
ISIC_0025583,4,0.000117948024,0.00032093597,3.5799625e-09,1.0446631e-05,0.9995505,6.521804e-08,3.3390137e-08
ISIC_0030744,4,0.9185528,0.0037148222,3.173579e-05,0.016189571,0.060777783,0.00064723025,8.611814e-05
ISIC_0027344,4,0.29020515,1.3063233e-05,7.195778e-09,6.9830065e-07,0.70928454,0.00049569446,9.3734275e-07
ISIC_0028200,4,9.39478e-06,7.2201976e-07,1.5120586e-08,2.505112e-09,0.9999896,2.8659932e-07,4.5567208e-10
ISIC_0027287,4,0.41222432,0.0011603774,0.58646494,7.444649e-07,0.0001377598,1.1606275e-05,3.0440285e-07
ISIC_0024494,4,0.25336626,0.09886795,0.18890367,1.9762627e-05,0.45881262,2.4229152e-05,5.51849e-06
ISIC_0026644,4,7.1523564e-06,0.00038824655,5.3135864e-05,2.1812362e-07,0.99953616,2.558424e-06,1.2556703e-05
ISIC_0026861,4,0.099285305,0.00032878475,0.00048801707,0.00011572489,0.8997756,5.211567e-06,1.3130204e-06
ISIC_0030723,4,0.000120119665,1.0280838e-06,0.0018362699,3.881293e-05,0.99799573,7.2167054e-06,7.8484084e-07
ISIC_0029217,4,0.0011467523,0.086715855,1.6622125e-06,0.008241622,0.9036019,0.0001749938,0.000117310614
ISIC_0030561,4,0.0072046593,0.33418694,5.8971915e-07,3.031003e-07,0.65836453,0.00024010091,2.754707e-06
ISIC_0025275,4,0.5747359,0.12846446,0.0035955624,0.0001252263,0.081020124,1.4147954e-05,0.21204466
ISIC_0026606,4,0.36777687,0.59838694,0.0030538677,6.0943404e-07,0.0029046207,1.3562898e-06,0.027875664
ISIC_0025986,4,0.00061801117,0.99918836,5.536173e-07,7.1275874e-11,3.3963959e-06,5.3270113e-09,0.00018964353
ISIC_0029108,4,2.893557e-07,0.00025172663,1.39241125e-08,1.3273474e-06,0.9997384,2.1126787e-06,6.1504425e-06
ISIC_0026481,4,0.052066393,0.90191406,6.207652e-06,1.5878189e-06,0.045669887,0.00034149727,3.5258742e-07
ISIC_0026018,4,0.008189179,3.8763297e-05,5.5113505e-09,5.10918e-08,0.9917605,1.1427699e-05,2.1822315e-08
ISIC_0024726,4,0.99949765,0.0003935305,2.2602432e-08,5.762183e-09,9.772795e-05,1.1007761e-05,6.294564e-08
ISIC_0027806,4,0.0004965031,0.00023121311,0.0014852885,4.4571293e-09,0.9977545,3.1971176e-05,5.3252904e-07
ISIC_0031168,4,0.0036844746,0.0016929917,0.0003819659,0.3393201,0.64387447,0.007944562,0.0031014022
ISIC_0025575,4,0.0020330434,2.2478073e-06,2.5141448e-08,0.00017328942,0.9977012,8.8763016e-05,1.3773698e-06
ISIC_0029249,4,0.00038563347,1.05613435e-05,1.1088388e-06,0.00027281765,0.9952355,0.0040943436,7.8440635e-08
ISIC_0030822,4,0.01040343,0.025088381,7.382303e-05,0.4124039,0.5390605,0.012960997,8.997758e-06
ISIC_0031078,4,0.0071245697,0.00064280006,4.2624592e-06,2.049751e-06,0.9922097,5.766739e-06,1.0908067e-05
ISIC_0031464,4,0.96388894,0.004972409,7.940701e-06,0.00015439093,0.030962287,1.3668575e-06,1.261608e-05
ISIC_0027451,4,0.009921299,0.0001608004,1.9096802e-07,7.1769005e-05,0.98984104,4.805867e-06,1.0139818e-07
ISIC_0029311,4,0.00027429344,0.0050568106,7.2055755e-06,1.1402823e-06,0.9945958,5.9527072e-05,5.2940663e-06
ISIC_0024772,4,0.35351115,0.2534563,0.0002514847,1.6956166e-05,0.3883712,0.00018661184,0.004206344
ISIC_0025222,4,0.060567945,0.0017027995,6.094804e-08,2.8558463e-05,0.93769896,1.5574981e-06,7.392797e-08
ISIC_0025973,4,0.0012340676,0.04404632,1.6323578e-05,0.003666971,0.95090145,1.3858648e-05,0.00012097675
ISIC_0025627,4,0.12203046,0.0017187523,0.6420764,1.2308622e-05,0.2307807,0.0032963417,8.505967e-05
ISIC_0031580,4,0.0003132928,4.230122e-05,3.147925e-05,8.793152e-08,0.99880517,0.00080514094,2.5378845e-06
ISIC_0028389,4,0.0030206032,0.0019850354,0.001679924,7.565315e-09,0.9883664,0.004931486,1.6493568e-05
ISIC_0026514,4,0.020477576,0.017251078,2.4768099e-06,0.00021423661,0.9607873,0.0012462535,2.1065638e-05
ISIC_0029810,4,0.001562753,0.12590787,5.5233863e-06,2.9460894e-06,0.87251854,1.9678243e-06,3.100495e-07
ISIC_0031937,4,1.3341116e-07,8.855087e-06,1.1344442e-07,5.3841433e-08,0.9999906,4.790346e-08,2.2705434e-07
ISIC_0025719,4,0.19041568,0.003953374,0.0006640847,0.0065636165,0.79834086,5.9660665e-06,5.6358895e-05
ISIC_0025883,4,0.004332132,0.015897172,3.424422e-08,0.004828174,0.9740617,1.1469399e-07,0.00088075
ISIC_0026316,4,0.2162827,0.16707264,0.00063250674,4.6383982e-05,0.6153495,0.0001512023,0.00046508716
ISIC_0028104,4,0.9529637,0.0006827416,0.024793576,1.6853403e-07,0.019638516,0.0019102509,1.0981097e-05
ISIC_0031150,4,0.04618459,0.002984863,6.6489815e-06,5.611317e-07,0.95080876,1.1274157e-05,3.291513e-06
ISIC_0032024,4,0.039104547,0.001092497,0.00044916576,0.7751425,0.002551538,0.181562,9.776241e-05
ISIC_0031961,4,0.051915474,0.000108903885,4.975001e-05,5.2127443e-06,0.9474113,0.00048343066,2.5939491e-05
ISIC_0026072,4,0.0032884653,0.008007708,0.00012009152,4.2067408e-05,0.98847175,6.340025e-05,6.5416125e-06
ISIC_0025939,4,0.0005440133,0.008337762,3.419811e-05,0.17602749,0.81478435,0.00026097673,1.1292116e-05
ISIC_0031630,4,0.0031698665,5.845933e-05,1.638304e-06,0.00017701252,0.99659234,4.2640286e-07,1.0022006e-07
ISIC_0032445,4,0.33603072,0.00018705074,4.897657e-06,3.568288e-07,0.6603016,0.0034590086,1.6299062e-05
ISIC_0032358,4,0.00014585881,0.023783984,1.2923826e-06,8.5921465e-07,0.9759699,6.988504e-05,2.8198652e-05
ISIC_0031200,4,0.023003055,0.7351526,3.1312076e-05,1.3283099e-05,0.24021707,0.00047995994,0.0011026284
ISIC_0029032,4,0.90514493,0.000658155,6.472514e-06,7.59735e-09,0.094188556,1.5436847e-06,3.2886504e-07
ISIC_0030608,4,0.04258523,0.11780839,0.00015063789,0.011532831,0.7764239,0.05145781,4.1242758e-05
ISIC_0029040,4,0.09712642,0.00011976737,0.014547401,0.00048807354,0.8876833,6.8192885e-06,2.8136636e-05
ISIC_0029588,4,0.0508366,0.001381183,0.00011201242,3.9057345e-06,0.9476592,3.1018553e-07,6.8040476e-06
ISIC_0031181,4,0.08045486,0.2226464,9.919816e-06,0.0052637695,0.6915108,8.338931e-06,0.000105891435
ISIC_0024947,4,0.1275233,0.100061566,9.2987815e-05,0.002645934,0.76967233,4.3493696e-07,3.402959e-06
ISIC_0024871,4,3.2728892e-07,3.9190522e-07,4.1230194e-10,2.4657341e-08,0.99999917,1.2086172e-08,3.5650214e-09
ISIC_0028830,4,1.161507e-05,4.9695545e-06,1.97107e-07,6.656546e-08,0.9999826,5.3895997e-07,2.0501366e-08
ISIC_0028611,4,0.00016568843,0.00095193775,0.11262135,0.7353572,1.3558173e-07,0.15081458,8.908028e-05
ISIC_0025066,4,0.9022538,0.0018034632,0.00021140583,5.8490773e-06,0.09565902,6.574943e-05,6.85508e-07
ISIC_0028121,4,0.00074259203,3.9533724e-08,1.2315311e-07,1.4591214e-08,0.9992454,1.1766639e-05,7.589863e-08
ISIC_0029612,4,0.0007039443,0.012026208,0.0011403109,8.2827006e-05,0.98602957,1.7047706e-06,1.5403266e-05
ISIC_0028913,4,0.0003337131,0.00014111892,3.312563e-08,6.947968e-05,0.99945563,7.389565e-09,6.564147e-09
ISIC_0029443,4,7.905655e-05,0.10270686,1.841876e-05,1.5458721e-06,0.89711994,5.0689498e-05,2.3463288e-05
ISIC_0029115,4,0.00016293826,1.6959603e-07,4.1064235e-05,0.00053891016,0.9989888,0.00026803632,1.4784871e-07
ISIC_0025434,4,1.5030737e-06,1.9068932e-05,4.110985e-09,1.5933009e-07,0.99997866,5.560837e-07,1.1147142e-08
ISIC_0028165,4,0.00020671423,0.00015601437,3.7287165e-08,0.00073860225,0.998892,6.364641e-06,3.1336197e-07
ISIC_0025623,4,1.7302913e-06,0.0011411024,7.4366504e-08,3.2793674e-09,0.9988569,1.4904121e-07,1.2771324e-09
ISIC_0031465,4,1.8778024e-06,0.00019165396,1.1335574e-07,2.516307e-08,0.9998056,6.959925e-07,2.9041173e-08
ISIC_0027770,4,0.004032041,0.0018193991,5.1651426e-07,0.00014229503,0.99399745,7.2735124e-06,1.0761694e-06
ISIC_0027354,4,0.0003468641,8.449276e-05,4.2783804e-06,0.00026810623,0.9987596,0.00053672766,4.0587206e-08
ISIC_0031000,4,0.03230177,3.2854303e-05,1.4002768e-06,8.4880713e-07,0.9676606,2.1588942e-06,2.8333116e-07
ISIC_0027392,4,0.00040268488,0.0001532265,2.2208219e-07,4.4297843e-07,0.99944204,1.0290859e-06,3.5583864e-07
ISIC_0031037,4,0.0161283,2.173443e-06,4.745679e-06,0.016005047,0.9678402,1.9333631e-05,4.575052e-08
ISIC_0031825,4,0.0052244635,0.091778986,3.5984635e-06,7.7506855e-05,0.90286225,6.764134e-06,4.646455e-05
ISIC_0030677,4,0.0024947482,0.000112521346,5.6950324e-07,1.45091035e-05,0.99737275,1.583111e-06,3.2128164e-06
ISIC_0026912,4,0.0042659463,3.6522115e-07,1.4806643e-08,3.2267404e-09,0.99573356,8.973633e-08,5.821722e-10
ISIC_0027737,4,1.0636453e-06,0.0007502166,8.345328e-09,9.845774e-09,0.9992473,1.1232105e-06,2.2240702e-07
ISIC_0024774,4,9.166742e-07,8.22106e-05,6.693331e-09,4.8286353e-09,0.9999168,4.023075e-08,1.8868795e-08
ISIC_0026069,4,0.1496158,0.32094663,4.9847473e-05,0.004844782,0.5239708,0.0002558201,0.00031638832
ISIC_0026524,4,0.00019016999,0.5772284,2.1178093e-07,2.269361e-06,0.42257765,1.1693708e-06,9.148377e-08
ISIC_0031528,4,0.07125446,0.0034466954,1.4942839e-07,1.437668e-07,0.92527074,2.7410719e-05,3.8154676e-07
ISIC_0028615,4,0.0077842316,0.96905947,3.69599e-05,1.6689757e-05,0.02210975,0.0007181494,0.0002747275
ISIC_0028490,4,0.0028272404,2.2590093e-05,3.840751e-07,0.00029675305,0.9968272,2.5539723e-05,2.7511845e-07
ISIC_0032111,4,8.95391e-05,0.000977167,2.9400571e-06,6.0263005e-07,0.9989286,1.8785606e-07,8.5578245e-07
ISIC_0031132,4,0.00016097185,0.002842157,2.5448307e-06,1.6624254e-07,0.99698955,4.6323453e-06,8.351463e-08
ISIC_0025103,4,0.73866796,0.00013841678,8.407175e-06,8.7552e-05,0.26098818,0.0001092947,2.2420565e-07
ISIC_0025710,4,1.775631e-05,3.3908603e-07,1.4780972e-09,1.0167217e-09,0.9999788,3.1732131e-06,1.659956e-09
ISIC_0024435,4,0.034664422,0.014291336,1.2014253e-05,5.6395656e-06,0.9509865,3.5400124e-05,4.712869e-06
ISIC_0026590,4,0.0006179487,0.0014460202,2.7379576e-07,5.5906287e-07,0.99793005,4.6266396e-06,5.7250844e-07
ISIC_0030998,4,9.8374116e-08,8.6466866e-07,3.6682888e-08,2.2566203e-08,0.99999905,1.4954739e-09,9.358093e-11
ISIC_0028992,4,0.09774558,0.0049195653,0.00013477543,0.00040502215,0.8952664,0.0014949257,3.3598368e-05
ISIC_0026351,4,0.8966108,1.5747559e-05,5.5148753e-06,9.798291e-07,0.102937564,0.00042879136,6.710738e-07
ISIC_0029924,4,0.0012436112,0.0005650516,3.5761714e-05,0.0031608008,0.99494827,4.2043783e-05,4.410677e-06
ISIC_0029061,4,1.7617793e-05,6.399465e-07,5.7055e-08,5.831793e-09,0.9999815,3.2159587e-08,2.6742506e-09
ISIC_0031893,4,0.0335291,1.7444912e-05,3.1641734e-06,1.5706155e-06,0.96643406,1.457278e-05,9.9844065e-08
ISIC_0024602,4,0.0012780268,0.0362737,1.6869713e-05,6.4658566e-06,0.9623838,1.8535355e-05,2.2641247e-05
ISIC_0024770,4,7.8231153e-07,0.00040285755,7.122412e-10,1.1783325e-09,0.9995962,1.8078788e-07,8.314442e-09
ISIC_0028209,4,0.0038074055,0.2330129,7.956054e-07,0.0013413646,0.7616675,7.082192e-06,0.00016295396
ISIC_0029518,4,1.5179569e-06,1.0522491e-05,4.835687e-10,7.0328035e-08,0.99998605,1.5377288e-06,1.930902e-07
ISIC_0028449,4,5.160783e-06,1.1430431e-07,1.45807775e-08,1.5435785e-07,0.9999944,2.6506282e-07,1.29598e-09
ISIC_0028123,4,0.3803052,0.022785343,0.0011827572,0.0008052042,0.5946753,9.2417635e-05,0.00015376118
ISIC_0024498,4,0.007868927,0.0033340843,5.0273384e-06,1.040274e-05,0.98848236,0.00029854162,7.755083e-07
ISIC_0025005,4,0.00013454784,8.9897745e-05,1.0854202e-07,7.7396464e-07,0.99977356,1.0520138e-06,3.9576133e-08
ISIC_0032179,4,0.06432663,0.13452314,0.000508837,4.609114e-06,0.80062944,2.9366688e-06,4.423391e-06
ISIC_0032835,4,0.9989207,1.8191573e-05,1.1149678e-07,2.7002923e-06,0.0010211285,3.724117e-05,4.2862872e-08
ISIC_0033480,4,0.2569054,1.0713331e-05,1.6106428e-08,3.2908827e-06,0.7427405,0.00033985134,2.4883644e-07
ISIC_0032636,4,0.9385293,0.05645382,2.1601832e-06,6.3359694e-06,0.00398323,2.672424e-07,0.0010249296
ISIC_0033270,4,0.58504736,0.40183207,8.559089e-05,5.072134e-08,0.012887486,1.0337365e-06,0.0001464791
ISIC_0033246,4,0.000961254,3.3580698e-05,1.1977364e-06,2.5658898e-07,0.99900144,1.486856e-06,7.4416175e-07
ISIC_0032843,4,0.0004632571,1.7064247e-05,1.1190948e-08,3.497855e-07,0.99951386,5.3589247e-06,9.59474e-08
ISIC_0032773,4,0.0020377624,8.760145e-06,6.6583248e-06,1.2660664e-08,0.9979468,2.7684979e-09,3.141869e-08
ISIC_0033156,4,0.016082862,0.00025861443,0.0006750242,3.2254664e-07,0.98298186,1.2669813e-07,1.1612606e-06
ISIC_0033701,4,1.2749325e-05,0.99924374,5.5908123e-07,1.8209171e-09,0.00074283476,1.1538163e-07,4.1859053e-08
ISIC_0033884,4,0.012063578,0.66498965,1.5948748e-05,2.007787e-07,0.32292616,3.4658333e-06,9.4332256e-07
ISIC_0033660,4,0.0012930107,0.010254477,1.4509361e-08,1.332169e-10,0.9877406,0.00071190024,8.858088e-08
ISIC_0034221,4,0.0015169207,0.0712275,1.4337303e-07,3.7465917e-08,0.92652816,0.00072595244,1.3074814e-06
ISIC_0033945,4,0.0030835124,0.841155,1.8192584e-07,1.8237323e-08,0.14598519,0.009774757,1.4246233e-06
ISIC_0033491,4,0.0013661283,0.019936262,4.9512458e-08,7.519478e-09,0.9786808,1.3901363e-05,2.6973296e-06
ISIC_0034280,4,9.698992e-05,0.0014060774,9.123723e-09,1.4339475e-09,0.99848515,1.1712138e-05,6.6382796e-08
ISIC_0033391,4,5.1948053e-05,8.433734e-08,7.869363e-06,1.8958834e-06,0.9999366,2.686341e-07,1.3010683e-06
ISIC_0033685,4,0.028815331,0.0018487762,3.8970774e-07,8.219556e-09,0.9693322,1.5416608e-06,1.7038611e-06
ISIC_0026790,4,0.00041472632,0.0044484753,0.0033969714,2.6850646e-06,0.9914997,0.00022157944,1.584878e-05
ISIC_0026511,4,3.5051198e-06,0.0021478448,3.0377333e-08,7.987623e-08,0.99784815,5.334742e-09,4.992364e-07
ISIC_0027370,4,1.610156e-06,0.00010164292,4.491846e-09,5.354443e-07,0.9998956,4.616466e-07,1.1451734e-07
ISIC_0028587,4,1.4134123e-07,4.4385843e-06,4.4352433e-09,5.0090104e-10,0.99999547,5.2558127e-09,1.1601425e-09
ISIC_0026441,4,2.4385264e-07,0.0006947196,5.460425e-08,4.641828e-08,0.99928683,1.703566e-05,1.1062202e-06
ISIC_0028448,4,0.00021391676,0.586265,5.2157856e-07,6.9303707e-07,0.4134545,1.6143404e-06,6.371382e-05
ISIC_0026959,4,0.0019996883,0.9903638,2.3412657e-11,1.3785549e-08,0.006830538,0.0008056385,3.630944e-07
ISIC_0027167,4,0.00013062693,0.02024557,3.851782e-08,3.0711838e-06,0.9796194,1.3234775e-07,1.1176447e-06
ISIC_0025856,4,2.1894216e-06,0.013719918,2.0469841e-07,1.0885663e-07,0.98627394,3.1708678e-06,4.4009013e-07
ISIC_0030160,4,0.062167317,0.006124073,0.012747115,0.0006729761,0.68601257,0.22959568,0.0026803038
ISIC_0028331,4,0.0005014604,0.0025096645,2.1037874e-07,1.1864428e-05,0.996967,3.756363e-07,9.391822e-06
ISIC_0026783,4,0.00023251947,0.0051525217,4.0799914e-06,3.1973532e-06,0.9946021,4.579503e-06,9.866802e-07
ISIC_0028386,4,0.00011345323,0.7607801,2.67446e-07,5.2808496e-06,0.23870467,0.00036792128,2.8328055e-05
ISIC_0027275,4,6.451217e-05,0.24047795,4.2310893e-07,2.4850366e-05,0.7592408,1.1576812e-05,0.00017987404
ISIC_0028958,4,0.038147077,0.01724055,0.022155495,0.00012037361,0.6120611,0.3101743,0.00010115586
ISIC_0025454,4,5.864696e-06,1.712694e-05,1.5974204e-07,5.353182e-09,0.9999765,3.184992e-07,1.1640205e-07
ISIC_0027612,4,0.027409721,0.00047733233,0.00059260253,0.00010412889,0.9704372,0.0008633692,0.00011564907
ISIC_0027428,4,1.0757992e-06,7.009786e-07,4.427881e-09,7.121531e-11,0.9999974,8.875754e-07,2.6482548e-08
ISIC_0028925,4,0.102320604,0.86815226,7.6839666e-07,2.470621e-07,0.01047535,0.01900199,4.8739344e-05
ISIC_0027027,4,0.08478811,0.0040664985,7.5447836e-08,1.8672898e-05,0.91107833,2.1037755e-05,2.7259692e-05
ISIC_0029036,4,0.0028557868,0.00035386413,1.2658765e-07,2.9272633e-06,0.9967866,2.7761527e-07,5.062565e-07
ISIC_0028797,4,1.6844138e-05,0.19625704,1.7441025e-05,3.2488354e-06,0.6308381,0.17275561,0.000111755326
ISIC_0027008,5,0.00089734024,3.0892153e-07,0.80462575,5.447259e-08,3.608102e-09,0.19447652,9.567544e-08
ISIC_0028790,5,0.26021346,2.326303e-08,0.0030084415,5.89105e-07,7.640041e-09,0.73675793,1.9568964e-05
ISIC_0027613,5,0.7836824,2.827183e-06,0.0071921325,1.1736532e-09,4.953922e-06,0.20910816,9.474534e-06
ISIC_0032468,5,0.010176453,1.0003232e-09,0.00044186896,3.178449e-10,7.27945e-08,0.9893791,2.4550452e-06
ISIC_0029760,5,0.6863693,0.07619472,0.015035081,0.00024308318,0.02101432,0.18077935,0.02036412
ISIC_0030555,5,0.0684976,0.005158518,0.31865302,2.5624691e-05,0.45189765,0.14955975,0.0062078005
ISIC_0030579,5,2.7790572e-08,5.4302546e-08,6.78753e-07,1.046181e-05,1.2421521e-10,0.99998677,2.0017221e-06
ISIC_0034169,5,0.9986481,0.0010998897,5.8627196e-05,8.341072e-09,0.00019045822,1.85002e-06,9.648141e-07
ISIC_0032941,5,0.7809941,0.00028028805,0.1164702,1.5230278e-05,0.09990307,0.0023093254,2.7839713e-05
ISIC_0029248,5,0.0014090597,4.91242e-07,6.8871984e-08,8.799157e-06,0.00052626466,0.9974475,0.00060785527
ISIC_0030442,5,0.011851238,1.6301226e-05,4.6506742e-07,1.1632286e-05,0.00042512146,0.9876889,6.3924795e-06
ISIC_0031344,5,1.7358701e-05,1.3283168e-05,6.51715e-05,0.0008651299,0.9989778,5.2376716e-05,8.951502e-06
ISIC_0028346,5,0.00023230152,7.7519144e-05,0.0002200979,0.0017107048,0.79623854,0.20136634,0.00015456535
ISIC_0024330,5,0.8787043,0.00024057389,0.040396564,1.544998e-07,1.1635823e-06,0.075962484,0.004694761
ISIC_0027188,5,0.0004892466,1.6415177e-06,2.0146838e-07,6.3014376e-08,2.533814e-07,0.99950767,7.8234524e-07
ISIC_0033422,5,2.978713e-08,1.4028037e-10,2.0711445e-08,3.7470257e-12,7.54021e-08,0.9999999,1.6673617e-10
ISIC_0027488,5,2.8316793e-09,1.9633734e-14,5.1526797e-11,2.985739e-11,6.8189565e-11,1.0,1.0604361e-10
ISIC_0029052,5,3.011431e-08,2.0319696e-08,1.4708586e-10,2.2365045e-09,2.432129e-09,0.9998708,0.00012923207
ISIC_0031257,5,1.2708506e-05,4.923738e-07,1.3049138e-10,5.3366517e-12,5.2786424e-09,0.99998677,5.5318115e-09
ISIC_0024386,5,3.0804204e-09,5.778022e-10,1.3950372e-13,6.8617915e-14,1.8276053e-11,1.0,3.3480339e-09
ISIC_0026629,5,0.19585238,0.029407928,0.0002491773,9.627767e-06,0.35634398,0.41813502,1.845827e-06
ISIC_0031799,5,0.00018647901,0.00027533752,3.8761327e-06,7.837568e-05,0.07557618,0.92371064,0.00016916833
ISIC_0024693,1,7.0206134e-08,0.99840504,3.3722506e-07,2.4352897e-07,1.3104617e-05,0.001545442,3.5820583e-05
ISIC_0025964,0,0.09954721,0.67484456,1.7262578e-06,2.6197372e-06,0.009146141,7.732353e-06,0.21644993
ISIC_0030623,0,0.01546862,0.98436177,3.731305e-07,5.38907e-07,9.327174e-05,1.7202898e-07,7.5210504e-05
ISIC_0025450,0,0.016647473,0.98270077,5.667907e-06,4.384677e-09,0.0006261148,1.9261373e-05,7.4996495e-07
ISIC_0024586,0,0.8539472,0.041689146,8.252291e-05,2.8918732e-06,0.10377111,0.0004758626,3.1302872e-05
ISIC_0029575,0,0.9999871,1.0297929e-05,1.3822468e-07,2.1418204e-08,2.4246315e-06,4.1498116e-09,6.842144e-09
ISIC_0028361,0,0.9999908,5.960825e-06,8.463424e-08,4.3701878e-08,3.0045487e-06,8.524354e-08,1.6049592e-09
ISIC_0032214,0,0.7434222,0.15894328,0.002300637,6.9895978e-06,0.08675333,0.008568009,5.5871524e-06
ISIC_0029281,0,0.00652643,0.99302214,1.2478696e-06,1.667179e-07,0.00038016503,6.313032e-05,6.870729e-06
ISIC_0024367,0,0.16053683,0.8369574,8.473711e-06,4.698352e-06,0.0024661946,1.91252e-05,7.2632906e-06
ISIC_0025234,0,0.9998062,9.042458e-05,8.451474e-06,1.898637e-09,2.1016785e-06,3.379835e-09,9.267874e-05
ISIC_0030445,0,0.9895376,3.297227e-05,7.73755e-07,2.4277912e-07,0.0007126865,0.009697136,1.862942e-05
ISIC_0025155,0,0.23576578,0.30978256,3.2329692e-06,3.5864733e-08,0.45444265,5.597931e-06,9.295164e-08
ISIC_0031557,0,0.9977576,0.0020180594,8.178123e-07,8.6575247e-10,9.497054e-05,0.00012857188,3.774591e-09
ISIC_0025904,0,0.99932253,0.00029013754,1.2256073e-07,2.061808e-10,0.00038713033,1.5513123e-08,2.8043047e-08
ISIC_0032450,0,0.999995,1.612712e-06,8.23141e-10,1.014478e-08,7.1888644e-07,1.1805342e-07,2.4714377e-06
ISIC_0029163,0,0.5668002,0.0001267551,8.510677e-08,2.20527e-08,0.4330719,4.827995e-07,6.07868e-07
ISIC_0029630,0,0.74368405,1.9110224e-05,1.18218914e-07,5.941142e-09,0.25629365,2.8327363e-06,1.5702021e-07
ISIC_0025674,0,0.9952684,4.5527308e-05,0.0020150724,0.0022222544,0.00042367313,4.1472163e-06,2.0886086e-05
ISIC_0031369,0,0.5448611,0.016747084,0.089908615,0.0017720944,0.3460196,0.0004632339,0.0002282518
ISIC_0029547,0,0.002433909,0.006988579,5.3900976e-06,1.4351313e-08,0.9905511,2.0639334e-05,2.4702587e-07
ISIC_0026622,0,0.99740714,0.00011563163,1.6335326e-08,7.418484e-11,0.0024525707,2.4652241e-05,9.453675e-09
ISIC_0024702,0,0.99999976,6.148073e-08,1.2284425e-08,2.9631873e-11,1.3199283e-07,4.345712e-09,3.273086e-08
ISIC_0024972,0,0.78394836,0.02533887,1.2029983e-06,2.032053e-05,0.19067103,1.5239039e-05,4.9215655e-06
ISIC_0031779,0,0.63777906,0.2829636,1.8487131e-07,3.2133613e-07,0.07925054,4.5992706e-06,1.6403898e-06
ISIC_0031977,0,0.12406616,0.74751645,1.1596241e-07,6.7822388e-09,0.12839635,1.6215601e-05,4.7285234e-06
ISIC_0026296,0,0.049649846,0.92701,1.3593369e-07,1.484078e-08,0.02332933,7.797415e-06,2.828411e-06
ISIC_0025018,0,0.099215314,0.8612806,4.1362662e-07,2.3856504e-07,0.039143655,0.0003438728,1.5943564e-05
ISIC_0029212,0,0.99996316,1.3441363e-06,5.02139e-06,1.0550569e-06,1.5311636e-05,1.4119898e-05,5.5968865e-09
ISIC_0027238,0,0.6096117,0.3902635,5.7294887e-06,5.0446044e-08,0.00011339504,5.6161202e-06,6.221988e-08
ISIC_0029571,0,0.31304514,0.68528,3.9133116e-07,1.7739245e-08,0.001672881,6.709009e-07,9.1410953e-07
ISIC_0031545,0,0.7277107,0.0015317099,4.6437854e-05,1.1844937e-08,0.27030915,6.104454e-07,0.00040134395
ISIC_0027033,0,0.5803175,0.31785223,1.0971659e-06,2.261714e-06,0.10182418,2.6927094e-06,8.914372e-08
ISIC_0027822,0,0.02120586,0.54117066,9.730963e-08,1.3215933e-07,0.43760785,1.5439697e-05,1.7278422e-08
ISIC_0027659,0,0.73134226,0.2673927,7.768683e-07,1.0583075e-08,0.001263108,1.062163e-06,8.415003e-08
ISIC_0030223,0,0.98750114,0.01016627,2.8474751e-06,4.3105047e-08,0.002315223,1.4055693e-05,4.5418219e-07
ISIC_0030760,0,0.9981122,0.0018717431,1.044431e-05,1.08106285e-07,4.0745945e-06,1.4006407e-06,8.5643945e-09
ISIC_0028565,0,0.106209055,0.890354,8.2998645e-07,1.6230706e-08,0.0032687464,0.00015897315,8.444872e-06
ISIC_0028916,0,0.99934655,0.00062574225,4.1099546e-09,5.0115574e-07,2.7037593e-05,9.055383e-09,1.4062306e-07
ISIC_0028489,0,0.007345146,0.96882087,3.5860746e-06,0.00015692314,0.023616374,4.6005375e-06,5.2462005e-05
ISIC_0026236,0,0.026855854,0.97296774,1.076389e-09,1.7916351e-07,0.00017487982,2.316758e-07,1.003962e-06
ISIC_0028317,0,0.78468746,0.18799786,2.1206429e-06,4.0358053e-05,0.027237384,3.7245763e-07,3.4421944e-05
ISIC_0031013,0,0.985783,0.0038356928,3.979137e-07,8.398422e-07,0.010377444,4.7286875e-07,2.1629255e-06
ISIC_0026963,0,0.030393109,0.3555901,5.80592e-07,5.470323e-08,0.6140133,6.731651e-07,2.1812984e-06
ISIC_0028211,0,0.9555315,0.00582512,4.0251034e-05,6.304057e-07,0.038573243,1.0420052e-06,2.8295142e-05
ISIC_0026086,0,0.99978083,0.00011336111,3.2050007e-09,1.600604e-11,0.000105641004,1.9530681e-07,1.0889277e-08
ISIC_0033268,0,0.25986585,0.7350072,5.970601e-08,8.232482e-07,0.0051241056,1.4977406e-06,4.5779777e-07
ISIC_0032750,0,0.3869127,0.6118673,4.781647e-07,6.468062e-07,0.0011869011,2.939632e-05,2.5642357e-06
ISIC_0032532,0,0.40307462,0.5875534,8.475958e-07,0.0006501935,0.008706237,1.4436039e-05,3.0170582e-07
ISIC_0033500,0,0.6990708,0.30079424,1.9472576e-08,1.415737e-05,0.00010436766,1.634947e-05,8.2005364e-08
ISIC_0026188,0,0.9873624,0.0055716666,2.7767235e-06,3.211181e-05,0.0003735524,0.0066535473,3.9355336e-06
ISIC_0033636,0,0.9999949,1.783862e-06,4.206055e-09,1.1368312e-08,3.374538e-06,6.1617986e-09,1.3487644e-08
ISIC_0032583,0,0.99932885,0.000628641,3.1667463e-05,3.9866412e-09,1.0215339e-05,6.3969173e-07,5.918006e-08
ISIC_0034162,0,0.98119247,0.018565495,0.00019729241,8.141416e-09,9.487881e-06,3.4296838e-05,9.2296494e-07
ISIC_0032187,0,0.43082947,0.56468993,1.5437622e-06,4.967792e-07,0.00048420628,0.003963698,3.0698673e-05
ISIC_0032976,0,0.95187026,0.04743983,7.604202e-06,2.9614393e-08,0.0006786338,3.6772482e-07,3.1689237e-06
ISIC_0033274,0,0.013972856,0.9860141,6.197854e-07,5.7324604e-07,7.692531e-06,2.8557474e-06,1.2425515e-06
ISIC_0026745,0,0.9995999,0.0003977675,1.2573332e-07,7.9820754e-11,2.2544896e-06,3.440126e-08,2.2266973e-09
ISIC_0032875,0,0.8097245,0.14812168,1.1551205e-05,4.9329225e-07,0.042126723,1.4400627e-05,5.747443e-07
ISIC_0033802,0,0.9969066,0.0023750793,9.745833e-07,4.6829514e-09,0.00071174285,3.0954711e-06,2.4254011e-06
ISIC_0033429,0,0.9834825,0.012231725,3.6649493e-07,1.03224515e-07,0.00427513,9.055811e-06,1.0024465e-06
ISIC_0032685,0,0.035361383,0.40413988,2.5884443e-05,5.2310033e-06,0.5604103,4.626329e-05,1.1063667e-05
ISIC_0032903,0,0.0059249946,0.0012478844,2.9451206e-07,3.528719e-09,0.99282646,7.678045e-08,3.1651786e-07
ISIC_0033323,0,0.9686488,0.013064288,1.7942173e-05,9.648786e-07,0.018260222,5.5432447e-06,2.1017163e-06
ISIC_0032602,0,0.9999931,6.8051677e-06,5.347433e-09,4.5715995e-09,1.5813134e-09,4.8741732e-08,4.503851e-08
ISIC_0032724,0,0.9999763,2.1767324e-05,3.9861078e-08,1.3184831e-09,2.7862782e-08,1.78845e-06,4.0559208e-08
ISIC_0033129,0,0.9999901,6.7622805e-06,3.5475175e-08,7.2651973e-10,2.170619e-08,2.7975104e-06,3.560032e-07
ISIC_0033180,0,0.66262746,0.3120325,0.0030738858,0.0007651517,0.0056072935,0.0032841251,0.012609626
ISIC_0033962,0,0.035048794,0.92612267,0.0018991443,0.001391288,0.015676335,0.011836407,0.008025421
ISIC_0033603,0,0.09937596,0.8987604,7.696963e-06,0.00017620114,0.00013542651,2.8636441e-05,0.0015156314
ISIC_0033325,0,0.55393726,1.8332496e-05,2.755383e-06,6.290276e-07,0.44590944,0.00012968946,1.851684e-06
ISIC_0034208,0,0.2536977,2.5759553e-05,5.983931e-07,1.724379e-08,0.74627084,4.524654e-06,5.895616e-07
ISIC_0026976,0,0.75809944,0.2128998,3.264345e-06,1.9619653e-08,0.028082917,0.0009138373,7.8029615e-07
ISIC_0033275,0,0.08431683,0.9154993,8.430447e-06,4.1439662e-08,8.5929416e-05,8.925204e-05,1.6406375e-07
ISIC_0033938,0,0.060097046,0.9398228,2.4108851e-05,7.1021398e-09,5.283448e-05,2.2088605e-06,9.826355e-07
ISIC_0032841,0,0.4150197,0.5849457,3.381112e-06,2.0323715e-11,4.7937433e-06,2.0330376e-06,2.4476469e-05
ISIC_0033819,0,0.9934098,0.006588346,3.0822065e-07,3.0509625e-10,4.6277344e-07,8.969805e-07,2.0020143e-07
ISIC_0032544,0,0.999114,0.00087517337,1.7435925e-06,1.2010004e-09,1.741981e-07,8.919564e-06,3.6206504e-08
ISIC_0032844,0,0.97374535,0.02625274,1.1254614e-07,1.2783419e-11,1.6471589e-08,1.7802106e-06,3.2108012e-09
ISIC_0032718,0,0.9959539,0.002881069,0.0010341305,3.8370953e-08,0.00013014188,8.050747e-07,7.368592e-09
ISIC_0032736,0,0.9966642,0.0015929792,0.000531966,2.0626094e-09,0.0012105579,1.5463723e-07,1.9738822e-08
ISIC_0033980,0,0.014442917,0.9855392,4.4844947e-07,6.819198e-09,6.3607736e-06,1.1057801e-05,2.1626347e-09
ISIC_0032533,0,0.08507614,0.9149033,9.870941e-08,1.7883973e-09,1.595477e-05,4.5647757e-06,4.4285886e-09
ISIC_0033986,0,0.1699792,0.82962805,1.0700676e-07,3.1226975e-07,0.00017027032,0.00022189718,1.5577176e-07
ISIC_0033004,0,0.0021556478,0.99781066,2.6313194e-07,1.08923475e-08,1.3866882e-06,3.1731695e-05,3.4051058e-07
ISIC_0033911,0,0.99468356,0.0031024422,2.7692917e-07,1.5852544e-08,0.002113413,0.000100284145,1.2957369e-07
ISIC_0033779,0,0.4086898,0.5912642,2.540445e-09,3.8067792e-08,7.0431e-06,3.87088e-05,2.3643922e-07
ISIC_0032638,0,0.9917746,0.006909754,2.3518915e-08,2.9662557e-08,0.00016785099,0.0011476463,1.04156996e-07
ISIC_0034132,0,0.9990939,0.00086923596,1.558038e-06,5.119571e-09,3.5284724e-05,5.1434064e-08,5.6906226e-09
ISIC_0033038,0,0.99989974,7.894167e-05,8.047816e-07,2.8024416e-09,2.0526111e-05,1.5202587e-09,8.145283e-09
ISIC_0033630,0,0.99971575,0.00015724286,8.743021e-09,5.4556333e-09,0.0001265696,3.647976e-07,1.1501164e-09
ISIC_0032879,0,0.99996173,5.7174193e-06,2.6253352e-10,1.4387385e-09,3.1566175e-05,9.924476e-07,5.30152e-11
ISIC_0028082,0,0.9972066,1.6862721e-05,2.0404964e-07,1.797986e-07,0.0015311061,0.0012428837,2.0170594e-06
ISIC_0033336,0,0.018789526,0.0066682124,7.902211e-06,0.00025305033,0.96357185,0.00041468698,0.010294679
ISIC_0033405,0,0.021166738,0.9031522,3.705504e-05,1.47469e-05,0.015996888,0.017863093,0.04176921
ISIC_0034188,0,0.9517841,0.00041033592,0.00019440812,3.2195472e-05,0.014158986,0.0003118682,0.033108182
ISIC_0033569,0,0.99749506,0.0013784486,5.0110167e-08,3.195853e-07,0.0010750802,5.0229475e-05,8.813697e-07
ISIC_0032535,0,0.99927634,0.00023828207,2.907857e-05,2.7459855e-08,0.00044991777,3.433412e-06,2.9281732e-06
ISIC_0033310,0,0.6255364,1.3749784e-05,0.33016953,0.00145298,0.003402859,0.034825142,0.00459937
ISIC_0033120,0,0.0015639956,0.99841356,7.416479e-09,1.2832198e-10,1.965048e-05,2.7534497e-06,2.1224883e-08
ISIC_0034211,0,0.3413854,0.65859693,8.2189365e-07,2.6168317e-08,1.4421788e-05,2.428796e-06,1.1928468e-08
ISIC_0028410,0,0.00035385136,0.99961025,1.2449604e-08,2.4696676e-09,3.526658e-05,6.4552296e-07,1.12107905e-07
ISIC_0033545,0,0.01240543,0.9843535,0.0020432312,2.7190077e-07,0.0011895953,5.525986e-06,2.5069e-06
ISIC_0032531,0,0.9999999,5.552055e-08,1.2714641e-08,2.0257468e-11,1.7398963e-07,2.0755806e-09,4.1518658e-10
ISIC_0032970,0,0.9997588,2.2495428e-06,1.3649893e-06,4.828038e-09,0.00023749849,4.036973e-08,5.7309478e-08
ISIC_0033813,0,0.32757345,0.6571214,1.6328255e-07,3.218642e-08,0.015179038,0.000121753445,4.205895e-06
ISIC_0033344,0,0.94940335,0.008158289,2.3081942e-05,0.000106199914,0.042082727,0.00017043328,5.589617e-05
ISIC_0032988,0,0.9983637,3.482603e-05,1.5709038e-06,2.646833e-07,0.0015662257,3.3033433e-05,4.4499942e-07
ISIC_0033029,0,0.77657306,0.21644492,5.4311977e-06,8.166443e-07,0.0064833486,0.00036668038,0.00012573374
ISIC_0028582,0,0.04837765,0.90762365,2.5500294e-06,1.4951664e-07,0.04399565,3.218386e-07,2.7014218e-08
ISIC_0033024,0,0.7519757,0.21954805,0.028458362,2.5424924e-09,1.20062205e-05,1.6492385e-06,4.2270863e-06
ISIC_0034134,0,0.0029378019,0.410512,0.5810583,2.9373504e-09,0.005491762,1.1593347e-07,2.5736703e-08
ISIC_0033878,0,0.9871494,0.0006217011,1.1663434e-07,1.0159746e-07,0.012228587,3.1340797e-08,1.4595055e-07
ISIC_0033520,0,0.11544843,0.88444436,4.4560084e-06,2.4558533e-09,9.9514546e-05,3.1601987e-06,4.6007862e-08
ISIC_0034028,0,0.07868667,0.9211682,8.050716e-07,3.9868797e-09,0.00014305027,1.2610402e-06,1.2274418e-07
ISIC_0034051,0,0.038686987,0.9320955,5.260368e-06,1.525478e-08,0.029104618,2.0645476e-07,0.00010737431
ISIC_0033377,0,0.0036392326,0.9765594,1.1863209e-07,5.096231e-09,0.019790899,1.2891688e-08,1.0380454e-05
ISIC_0033534,0,0.95073825,0.0013419596,0.011565172,3.5189678e-06,0.035057746,5.411164e-05,0.0012391784
ISIC_0032626,0,0.54816884,3.440197e-05,0.00097502244,7.194041e-07,0.45075575,3.4411112e-06,6.1841696e-05
ISIC_0032807,0,0.9565341,0.033039235,0.0013577966,3.4140357e-06,0.008808115,9.796664e-06,0.00024764272
ISIC_0032645,0,0.5942339,0.40570173,2.270824e-05,1.4352971e-09,3.915338e-05,2.120244e-06,4.0990614e-07
ISIC_0034275,0,0.99935526,7.820148e-07,0.000106588785,3.490288e-06,0.00053355924,1.8929164e-07,1.0439411e-07
ISIC_0033440,0,0.98165846,0.00066648086,8.583878e-06,6.836088e-07,0.017664779,9.251326e-07,6.185083e-08
ISIC_0027204,0,0.26086402,0.00093083107,1.8894967e-08,6.377438e-07,0.7382039,1.7986025e-07,3.9944783e-07
ISIC_0033999,0,0.996932,2.3797109e-05,1.5450562e-08,3.7635817e-07,0.0020634797,0.0009204893,5.9727703e-05
ISIC_0033856,0,0.99737096,2.6329586e-05,4.3088966e-07,0.0012011718,0.0003104957,0.00030282445,0.00078784436
ISIC_0029502,0,0.0024374367,0.9973781,4.5506394e-07,1.4305006e-10,0.00017108857,1.2601295e-06,1.1569869e-05
ISIC_0024459,0,0.9972149,0.0021682926,3.8091682e-07,9.839045e-09,0.0006109532,5.5045466e-06,1.2916639e-08
ISIC_0025708,0,0.00019951213,0.9998004,1.0962533e-08,2.9236977e-09,8.9039176e-08,5.9326086e-09,1.6700286e-08
ISIC_0027838,0,6.299165e-09,1.0,3.4003603e-10,5.2884494e-12,6.20328e-09,5.011542e-08,2.8096483e-09
ISIC_0028173,0,0.006687915,0.99311197,2.3330716e-07,1.0403718e-07,4.7359987e-05,0.00015202806,4.4512575e-07
ISIC_0032110,0,0.0048036342,0.9951658,9.204006e-07,4.2824292e-14,2.0324576e-07,2.946941e-05,2.4728777e-08
ISIC_0026500,0,0.009152817,0.99080336,3.6833046e-07,2.4119454e-12,2.446193e-08,4.3323354e-05,4.758391e-08
ISIC_0024552,0,0.045986857,0.953428,3.4534636e-08,1.961328e-08,4.6268633e-06,0.0005804793,1.17387245e-07
ISIC_0026167,0,0.31914955,0.6787295,1.9221231e-06,0.00029100297,0.0017678769,2.2602564e-05,3.7602902e-05
ISIC_0028984,0,0.21129166,0.72410446,6.2609314e-07,7.57003e-05,0.06412538,3.233852e-05,0.0003698386
ISIC_0032197,0,0.580267,0.3873979,5.553694e-07,5.0302853e-05,0.032176208,8.5118925e-05,2.2982185e-05
ISIC_0032134,0,0.92502177,0.024111161,9.579847e-06,2.4609978e-10,0.050785884,7.039402e-05,1.1752185e-06
ISIC_0028114,0,0.9207966,0.07131621,2.6947986e-05,2.5920574e-10,0.007834182,2.5301242e-05,7.068298e-07
ISIC_0027673,0,0.98421913,0.01340146,1.9125891e-06,7.34452e-11,0.0023437412,3.3565622e-05,2.1108873e-07
ISIC_0030187,0,0.9960723,0.0034628122,4.5746052e-08,1.4920733e-08,0.00027147203,1.9849529e-07,0.00019313322
ISIC_0024700,0,0.02313113,0.9768587,4.4966205e-07,2.8008558e-09,2.7799794e-07,5.617799e-06,3.7944455e-06
ISIC_0027793,0,0.023606634,0.97638535,5.8024195e-08,4.4694307e-06,3.354022e-06,1.2041124e-07,8.37067e-08
ISIC_0026506,0,0.70594233,0.27867678,3.5230136e-05,3.6062875e-07,5.010479e-05,4.4424455e-06,0.015290799
ISIC_0025145,0,0.82469755,0.17527379,6.1381e-07,8.59101e-10,2.2069764e-05,2.7082233e-06,3.2938383e-06
ISIC_0031565,0,0.46660522,0.40805882,0.0003578456,0.0001957918,0.12477134,3.5795565e-06,7.4240124e-06
ISIC_0030932,0,0.008705841,0.1511397,3.0049605e-06,1.206605e-08,0.84015125,1.45844e-07,3.685032e-08
ISIC_0025238,0,0.88775986,0.112230845,1.1206901e-06,2.1798562e-07,5.3315794e-06,3.7832112e-07,2.283974e-06
ISIC_0028543,0,0.015564267,0.9844151,6.6797394e-09,9.228609e-08,2.0284951e-05,2.7163154e-08,1.3414491e-07
ISIC_0027328,0,0.97493523,0.00039946937,1.8133012e-05,0.00019997236,0.02441736,2.631651e-05,3.45208e-06
ISIC_0030382,0,0.9997738,4.5209254e-05,4.773252e-10,3.3745948e-07,0.00017702756,3.7215025e-06,3.236401e-08
ISIC_0029033,0,0.07438063,0.9187016,6.057407e-06,8.014057e-07,0.006855761,5.3367214e-05,1.8931764e-06
ISIC_0028288,0,0.99932146,0.0006784328,1.4167935e-08,2.0071489e-10,1.3801356e-08,7.41099e-08,6.264178e-10
ISIC_0029089,0,0.97526294,0.0004562392,2.3018245e-06,0.0015596298,0.021443618,0.0012593954,1.5873971e-05
ISIC_0025132,0,0.85276914,0.1472212,2.3372445e-07,3.7234292e-07,5.6188205e-06,3.0592644e-06,4.5401183e-07
ISIC_0026916,0,0.99728537,0.0017696938,1.1728823e-06,5.7314974e-08,0.00047087288,0.00047265002,1.922234e-07
ISIC_0027863,0,0.97741276,0.006211131,4.943194e-06,3.284004e-05,0.01499259,0.0013457079,9.041231e-08
ISIC_0029319,0,0.8958217,0.10416166,1.071608e-08,1.5949859e-09,1.6084066e-05,4.192745e-07,1.0508316e-07
ISIC_0032219,0,0.78186256,0.21811715,4.3526345e-08,4.422644e-09,1.9611372e-05,5.739906e-07,1.6878422e-08
ISIC_0029839,0,0.0049029635,0.9950955,5.3912572e-08,9.756027e-07,3.7271474e-07,7.51235e-08,5.930326e-08
ISIC_0026868,0,0.27401707,0.0004987785,8.326196e-06,0.0043049417,0.71425295,0.00042994236,0.006488027
ISIC_0027742,0,1.1484e-06,0.99999845,2.7240963e-11,4.342978e-10,7.941795e-09,3.763145e-07,4.557435e-08
ISIC_0031529,0,4.4270237e-05,0.9991487,8.210753e-08,3.3413848e-08,0.00079962274,2.2981785e-06,5.0297517e-06
ISIC_0030843,0,0.14302084,0.8549915,6.511833e-06,5.635228e-07,0.0019114916,6.741168e-05,1.6939294e-06
ISIC_0028898,0,7.8568104e-05,0.9999151,7.5660694e-10,1.2917364e-09,6.2433987e-06,9.6067385e-09,2.4408356e-08
ISIC_0032192,0,0.99640524,0.001280074,1.4387783e-07,4.872752e-06,0.0022096252,9.97645e-05,2.5513114e-07
ISIC_0026694,0,0.00037390567,0.99957484,1.8935843e-08,1.2801336e-06,4.9926075e-05,3.404782e-09,2.02604e-08
ISIC_0024313,0,5.481688e-05,0.9993303,8.422681e-10,2.6440457e-08,0.0006068071,8.029916e-06,1.5356488e-07
ISIC_0030910,0,0.99553263,4.8249203e-06,1.62088e-06,1.0789602e-05,0.0044488166,3.745261e-07,9.182039e-07
ISIC_0029238,0,0.5120629,0.00022855714,0.0001544346,0.04264229,0.4445817,0.0002967644,3.3384622e-05
ISIC_0026571,0,0.99880636,0.00068426906,3.8102837e-07,2.8236974e-08,0.00019132569,0.00031732675,2.9163235e-07
ISIC_0027021,0,0.9458137,0.03482442,0.0019412971,0.002048046,0.00050049194,0.01486717,4.830934e-06
ISIC_0031170,0,0.9894243,0.0070416816,0.0009850368,1.3166415e-09,0.000102844984,0.002438894,7.274793e-06
ISIC_0024652,0,0.9967169,0.00081871,1.1627108e-05,9.646668e-08,0.0024523078,3.7439486e-07,3.613494e-08
ISIC_0032504,0,0.9126381,0.087013304,7.074039e-08,3.1935727e-07,1.0324313e-05,0.00033671473,1.0872244e-06
ISIC_0027956,0,0.001615908,0.9983777,1.7996865e-06,3.9059883e-10,1.3313662e-06,3.036628e-06,1.8497087e-07
ISIC_0029170,0,5.555584e-05,0.9999442,7.1151685e-10,3.5444953e-11,1.6672203e-07,2.7095215e-08,5.823017e-09
ISIC_0030950,0,0.98945856,0.0008891447,0.0020903794,5.431657e-06,0.007548653,5.7202665e-06,2.0910509e-06
ISIC_0028227,0,0.9972343,0.0027284247,6.962072e-08,2.5265054e-09,3.6936955e-05,8.782538e-08,1.949201e-07
ISIC_0027163,0,0.9767432,0.02317179,1.2298524e-06,4.325121e-07,8.2543826e-05,4.091187e-07,3.1951808e-07
ISIC_0029642,0,0.5416605,0.45810345,1.8144623e-06,1.03231605e-05,0.00021785303,1.0625259e-06,4.956532e-06
ISIC_0028567,0,1.9326405e-06,0.99999774,1.4238355e-09,5.759809e-10,1.4308718e-07,1.4035723e-07,1.1342696e-07
ISIC_0030695,0,0.9174513,0.063867696,1.5662066e-05,2.372323e-06,0.018655056,7.1740637e-06,7.9575176e-07
ISIC_0031203,0,0.020891635,0.0027219024,8.546226e-08,6.552384e-07,0.9763855,2.6208926e-07,1.1776241e-08
ISIC_0026690,0,0.10029133,0.84700024,3.822889e-08,2.1749503e-07,0.052700084,7.917374e-06,2.6223378e-07
ISIC_0031350,0,0.021211766,0.012770132,6.5657396e-08,0.0005434513,0.96547204,2.323398e-06,1.18079114e-07
ISIC_0025832,0,0.9817945,0.018143358,2.1750911e-05,7.194715e-08,3.9649392e-05,1.4049164e-07,4.9756676e-07
ISIC_0026105,0,0.86018074,0.13787977,0.00023238348,7.0594825e-07,0.0016762412,5.8207474e-06,2.4334275e-05
ISIC_0026930,0,0.001525969,0.9980767,5.134496e-06,2.1904946e-06,6.643356e-07,0.00038495412,4.4650255e-06
ISIC_0030246,0,0.89620894,0.10344993,1.2058433e-05,1.2044773e-06,0.00032499374,2.3912921e-06,4.3782114e-07
ISIC_0027350,0,4.2468146e-05,0.08543601,5.501743e-07,1.7798444e-05,0.9144349,6.668948e-05,1.5536216e-06
ISIC_0026738,0,0.13809283,0.029391723,3.352719e-05,6.845853e-08,0.8324534,2.7197975e-05,1.2963479e-06
ISIC_0032207,0,0.00015075883,0.051456995,3.0608668e-08,3.894641e-09,0.9483916,5.4921986e-07,3.5943312e-08
ISIC_0026558,0,0.34205827,0.65766597,4.6046634e-06,2.7712964e-08,0.00023987841,3.0753832e-05,5.21674e-07
ISIC_0030083,0,0.9971251,0.002854096,9.237059e-08,4.2034782e-11,1.9112618e-07,2.0413767e-05,8.014527e-08
ISIC_0030002,0,0.99999464,2.5785241e-06,1.4756165e-09,1.1780605e-09,2.6104767e-06,1.1207061e-07,9.244116e-09
ISIC_0024630,0,0.9998847,0.000114129434,1.1933756e-07,5.564614e-12,4.3336023e-08,9.912523e-07,8.515837e-10
ISIC_0024333,0,0.99688125,0.00096240535,6.235476e-06,6.8150113e-10,2.6218647e-06,0.0021472785,1.2503911e-07
ISIC_0024932,0,0.9236604,0.076118134,7.9965874e-05,1.1395826e-05,0.00012833308,1.6662733e-07,1.4715283e-06
ISIC_0029480,0,0.97534764,0.0077596144,0.0007679099,1.1099186e-05,0.016113216,7.633154e-08,3.981095e-07
ISIC_0024918,0,0.17875059,0.8205759,9.852532e-06,1.7504753e-09,0.00065888575,1.205437e-06,3.6518186e-06
ISIC_0032287,0,2.0176944e-05,0.9987508,1.0422828e-08,1.6888647e-08,0.0012259582,2.8271056e-06,2.141768e-07
ISIC_0025791,0,0.0048873355,0.9950635,2.7269184e-07,2.620219e-07,4.769647e-05,7.961109e-08,9.022173e-07
ISIC_0026516,0,0.0011455993,0.99885225,3.1559324e-08,4.3796064e-08,4.753945e-08,1.9775593e-08,2.0592427e-06
ISIC_0025724,0,4.500318e-05,0.99961495,3.4151824e-07,1.9414681e-08,5.305974e-07,1.6083552e-08,0.00033917592
ISIC_0024410,0,0.0021742217,0.9962167,7.518693e-06,7.664262e-09,0.0016003407,1.1256758e-06,1.2328273e-07
ISIC_0031025,0,0.34708357,0.6525327,1.5689051e-07,4.45118e-07,0.0003714402,1.160365e-05,1.0647823e-07
ISIC_0031957,0,0.05414843,0.91189325,3.2474512e-05,0.00066234265,0.030296905,5.4950757e-05,0.0029117644
ISIC_0031087,0,0.9979971,0.0014943085,6.968633e-08,3.8310706e-09,0.0005070452,1.0964418e-06,3.3471045e-07
ISIC_0027187,0,0.997818,0.00012588315,1.6726684e-09,1.7594867e-09,0.0020554743,3.129994e-07,3.2026858e-07
ISIC_0028764,0,0.95938265,0.030382099,4.3506665e-09,2.699159e-06,0.010231555,9.754585e-07,4.3977156e-08
ISIC_0029021,0,0.7121159,0.27411684,5.8639664e-08,4.1554773e-09,0.013710218,5.693298e-05,8.069201e-08
ISIC_0028075,0,0.991202,0.007389734,4.0953637e-06,2.9375555e-05,0.0013736793,2.4984354e-07,6.967986e-07
ISIC_0026823,0,0.95905274,0.038684674,6.283531e-08,4.1105222e-06,0.0022461256,1.0919459e-05,1.4536332e-06
ISIC_0028493,0,0.18777515,0.020385772,2.6909269e-05,4.5434645e-06,0.7915232,0.00027667527,7.727256e-06
ISIC_0029272,0,0.12008317,0.8799039,1.812923e-08,3.055561e-07,1.2081365e-05,5.6143153e-07,5.9220597e-09
ISIC_0032389,0,0.9963505,0.0028143867,3.3630367e-09,7.666568e-06,0.00082668284,6.304567e-08,6.8331116e-07
ISIC_0025709,0,0.95524955,0.031688277,3.1417183e-06,0.0012454608,0.011743457,6.163729e-06,6.397066e-05
ISIC_0031746,0,0.7472501,0.021563549,0.00034024284,1.251832e-06,0.2307598,8.273686e-05,2.2315464e-06
ISIC_0032076,6,0.0016984524,5.562417e-08,4.3156815e-06,4.798599e-06,0.0002653672,1.6872745e-07,0.9980269
ISIC_0025321,6,0.0076627964,0.0069286707,0.0004432203,7.300669e-05,0.20401032,8.449309e-06,0.7808736
ISIC_0029404,6,0.00039028347,2.915788e-06,1.1541257e-08,7.4959753e-06,0.0008854587,1.296857e-07,0.99871373
ISIC_0030275,6,2.6435912e-06,1.5647486e-06,6.835094e-08,6.0929943e-07,2.0176456e-05,6.368952e-07,0.99997425
ISIC_0028163,6,1.7618424e-08,2.2523263e-08,6.052133e-08,2.6111177e-10,1.6227254e-09,2.7658153e-08,0.9999999
ISIC_0024669,6,2.4177968e-06,1.9060258e-09,8.655561e-09,7.9111395e-10,1.1358265e-08,4.344045e-09,0.9999976
ISIC_0026693,6,1.5387786e-06,3.6884367e-09,1.7284051e-06,1.2455659e-08,1.223545e-08,1.5307302e-06,0.99999523
ISIC_0027983,6,2.2377952e-05,3.7939113e-05,0.014204279,6.676033e-05,3.3364042e-05,0.0005327714,0.98510253
ISIC_0033158,6,1.1826459e-05,1.3296329e-06,4.2944843e-09,5.9278727e-06,5.2134596e-06,7.9795745e-07,0.99997485
ISIC_0032867,6,0.072381504,0.0013244464,0.00020259719,1.5457243e-05,0.0018870129,0.0022991942,0.9218898
ISIC_0032545,6,9.6293704e-08,4.027945e-09,3.2780777e-12,7.1089173e-10,1.0189505e-09,6.95178e-10,0.9999999
ISIC_0032270,6,0.00014434039,0.93836534,1.1992337e-07,1.2678898e-08,0.00090404553,5.311414e-07,0.060585618
ISIC_0028146,6,3.8376897e-06,0.50672275,4.1563108e-05,7.731854e-07,2.5272511e-05,0.000426135,0.49277958
ISIC_0030722,6,1.1463367e-06,6.948038e-07,2.0083666e-09,7.0785984e-07,2.9530343e-09,3.4642294e-06,0.9999939
ISIC_0027210,6,3.699372e-06,2.0971534e-08,8.982405e-07,6.3030448e-09,1.4548935e-06,2.1512268e-08,0.9999939
ISIC_0025924,6,8.536091e-09,1.1700039e-07,2.51553e-07,2.2604177e-11,5.8244784e-11,9.048399e-09,0.99999964
ISIC_0024402,6,0.00050815655,3.576958e-07,2.2146214e-07,1.3872082e-08,1.648965e-06,5.0453247e-07,0.99948907
ISIC_0027256,6,2.9165257e-08,1.0252752e-06,8.34945e-10,1.7225735e-09,8.156354e-08,4.013247e-09,0.9999988
ISIC_0031201,6,4.0827643e-08,4.780704e-09,4.5261822e-10,4.610898e-09,1.4001001e-08,7.7186195e-09,1.0
ISIC_0025873,6,1.6052965e-05,0.04836921,1.0283235e-08,1.0893662e-05,1.1865705e-05,1.0953271e-05,0.951581
ISIC_0027563,6,0.00063178054,0.0127310045,4.9944597e-06,8.678668e-08,0.0035160815,9.101778e-08,0.983116
ISIC_0025707,6,9.405383e-07,9.8294926e-08,4.0036532e-08,5.3333068e-08,3.87438e-08,4.093172e-06,0.99999475
ISIC_0025612,6,9.755062e-07,6.5675763e-09,1.6625011e-10,1.462712e-10,1.8043388e-10,1.852198e-07,0.9999988
ISIC_0025606,6,4.0387437e-07,2.5473543e-07,6.604558e-10,3.054948e-09,2.3733887e-10,7.1112936e-08,0.9999993
ISIC_0031103,6,1.0495965e-09,2.1529883e-12,1.9219449e-11,2.637305e-10,3.8883766e-12,3.4904182e-10,1.0
ISIC_0024375,6,5.1138672e-06,1.173036e-06,9.847564e-07,3.4514638e-09,1.3120484e-07,1.212148e-06,0.9999914
ISIC_0029230,2,0.21026506,0.35256052,0.43551525,5.708501e-06,0.0006335763,0.0006778754,0.00034201375
ISIC_0031513,2,0.0153944325,0.71707165,0.26308203,3.493516e-08,0.004402426,3.758091e-05,1.1910175e-05
ISIC_0024431,2,1.4417268e-05,3.978502e-06,0.9999794,1.7495944e-07,2.1554374e-07,1.8532055e-06,4.725054e-09
ISIC_0026656,2,2.386921e-08,4.8076605e-09,0.9999999,4.5964215e-11,3.5609006e-08,1.3122585e-07,1.09573094e-10
ISIC_0027976,2,0.0009849467,0.00013613318,0.99746037,9.582067e-07,0.0014153873,3.833318e-07,1.7886982e-06
ISIC_0026574,2,0.9649232,7.253377e-07,0.031959306,0.00017121533,0.002936558,4.824118e-06,4.1391477e-06
ISIC_0031585,2,0.4967461,4.6348385e-05,0.38371262,0.014058427,0.06844524,0.03640134,0.000589952
ISIC_0029747,2,0.4896792,0.0131066,0.33770016,1.3905628e-06,0.008036211,0.00026958808,0.15120694
ISIC_0030778,2,0.0014867422,0.027364528,0.95304483,9.149752e-07,0.0062563685,9.431315e-05,0.01175232
ISIC_0031749,2,0.00017272848,0.0004393874,0.9970348,1.2335357e-08,4.0752045e-07,0.0019123723,0.0004402844
ISIC_0029847,2,0.01286124,0.0019473861,0.019009283,9.578383e-06,0.0001316118,0.6586867,0.3073542
ISIC_0025731,2,0.28460965,0.13249682,0.5767032,6.036268e-07,0.005843019,1.1806099e-05,0.0003350372
ISIC_0028670,2,1.8695395e-05,0.20074071,0.79913247,7.1901025e-07,9.315375e-05,7.410634e-07,1.3541509e-05
ISIC_0032139,2,0.07613205,0.71822184,0.008829226,6.329161e-06,0.19533245,5.5982022e-05,0.001422044
ISIC_0031243,2,0.14174058,0.4301334,0.0050296322,2.3131065e-07,0.42305428,2.441604e-05,1.7375576e-05
ISIC_0026282,2,0.79931325,0.18370456,0.0068686004,1.1569293e-06,0.009703389,6.174546e-05,0.00034726644
ISIC_0027744,2,0.00013530812,9.414642e-05,0.99892116,2.3862953e-10,0.0008467051,2.3066082e-06,3.9206037e-07
ISIC_0026593,2,0.00017151212,4.1645817e-05,0.9997156,1.7902034e-10,5.965448e-05,3.978655e-06,7.5146672e-06
ISIC_0027774,2,0.00022487382,0.19584686,0.79540646,1.475504e-06,0.00771788,0.0005920326,0.00021036102
ISIC_0027998,2,0.00034482413,3.0916483e-05,0.99934596,4.376035e-07,8.424754e-07,1.1204904e-06,0.00027577567
ISIC_0028079,2,6.949815e-05,0.0045482344,0.9953738,1.0490635e-06,2.990169e-06,2.0099508e-06,2.5124314e-06
ISIC_0031284,2,0.0008270631,0.9794754,0.01907077,1.8877123e-06,3.7781156e-05,0.00041872644,0.000168422
ISIC_0031789,2,0.0035534834,0.9947029,0.0004174855,0.00032807654,0.0009836098,1.4204033e-05,1.9543887e-07
ISIC_0030659,2,0.024131725,0.17611353,0.00036516215,0.00022149197,0.7990436,9.284726e-05,3.1703952e-05
ISIC_0026275,2,0.045200557,0.05915601,0.89380896,2.1503685e-05,0.0016359538,2.2864502e-05,0.00015415777
ISIC_0024573,2,3.9024522e-07,8.0075483e-07,0.99999833,5.066545e-09,4.3564242e-07,6.7014035e-08,4.9790728e-08
ISIC_0029669,2,0.00032348747,0.06765503,0.871708,4.3192504e-06,0.06004031,0.00025115616,1.7720362e-05
ISIC_0031169,2,0.05270175,0.11360903,0.82564235,0.00016275677,0.007093169,0.000770081,2.0821028e-05
ISIC_0026453,2,2.9253577e-05,0.9977877,0.002173226,9.171831e-07,6.6591275e-07,5.0414243e-08,8.185451e-06
ISIC_0031489,2,2.6188192e-07,0.017019862,0.9829753,1.5308652e-08,1.762738e-06,1.978937e-09,2.8362906e-06
ISIC_0027297,2,0.58944565,0.025932394,0.35259226,2.9529549e-05,0.031952176,1.6729715e-05,3.1297157e-05
ISIC_0032660,2,0.001287115,8.8538756e-05,0.000487618,0.00053839927,0.9975922,2.6285454e-08,6.1223377e-06
ISIC_0033504,2,0.28515783,0.0025478366,0.4578913,0.06838266,0.18535042,5.838962e-05,0.0006115554
ISIC_0034306,2,4.8627163e-07,2.2715597e-11,0.9999995,1.1305257e-10,1.5706254e-09,2.4121538e-10,8.949201e-11
ISIC_0032799,2,6.9709363e-06,2.3215264e-08,0.9999896,4.846008e-10,3.1176846e-06,2.3538972e-08,2.044297e-07
ISIC_0034058,2,0.0012294977,4.8265356e-06,0.17532897,8.521356e-07,0.8234134,1.7750963e-05,4.6248297e-06
ISIC_0033001,2,0.041826937,8.578481e-06,0.07553563,8.879977e-06,0.87921935,0.0033786383,2.1920005e-05
ISIC_0033257,2,0.9845984,0.0018111848,0.00021074247,2.1219581e-05,6.144336e-05,0.013132711,0.00016436918
ISIC_0034276,2,0.0568103,0.26199442,0.17681926,0.0007814,0.0021709935,0.4837307,0.017692912
ISIC_0034119,2,0.87103254,0.061584387,0.00087047904,0.00027939145,0.007491581,0.021269754,0.037471775
ISIC_0025644,2,0.0010118933,0.0001151908,0.9988662,1.4264931e-08,1.1073226e-06,4.603744e-06,1.0344569e-06
ISIC_0030314,2,0.13295545,0.0205003,0.84653914,4.6431143e-08,2.6234486e-07,1.4107268e-06,3.3089902e-06
ISIC_0033012,2,0.00055747974,1.1350363e-06,0.99888355,3.6589157e-05,4.3869695e-05,3.2655236e-05,0.00044470013
ISIC_0033468,2,0.90573514,1.1674339e-06,0.038950577,0.0006266724,0.054146487,0.00012618914,0.0004137494
ISIC_0034123,2,0.004462202,7.651929e-07,0.9952389,1.2528398e-06,0.00029630904,4.1288592e-07,2.740848e-07
ISIC_0034026,2,0.00020066065,8.495405e-05,0.9996898,4.3097124e-08,6.4750856e-07,2.3984681e-05,2.4158515e-08
ISIC_0034155,2,0.12220294,0.02585164,0.35884234,6.7847222e-06,0.18318273,0.3097874,0.00012616953
ISIC_0033146,2,0.00015715926,2.4329294e-05,0.9239993,0.0009580417,0.07457285,0.00024517247,4.3168588e-05
ISIC_0029192,2,3.0260688e-05,4.934057e-07,0.999969,3.760347e-09,4.499381e-08,5.939818e-08,9.1626795e-08
ISIC_0033248,2,0.002419483,1.9925785e-06,0.9839638,2.6230964e-05,0.0135331405,2.7941573e-05,2.743403e-05
ISIC_0025102,2,0.00016715992,1.0604497e-06,0.99982685,3.0820008e-10,4.9184528e-06,5.2330615e-09,3.4216203e-08
ISIC_0032850,2,5.0298655e-05,0.00015419714,0.98886186,1.1911653e-07,0.010924579,4.264525e-06,4.662193e-06
ISIC_0030712,2,0.00013632755,3.3722797e-06,0.99983466,2.7542766e-09,2.556148e-05,1.2490561e-07,2.0974717e-08
ISIC_0032991,2,0.008768561,8.3235005e-07,0.9755495,2.3260356e-05,3.6894878e-06,0.015362618,0.00029155237
ISIC_0029564,2,2.5467889e-05,3.0264555e-05,0.9969324,3.186311e-07,0.0030093382,4.934641e-07,1.8388347e-06
ISIC_0031539,2,0.0015894717,0.0023544373,0.00052540435,0.00033839094,0.9950565,0.00013427313,1.5633682e-06
ISIC_0028688,2,0.019773955,0.97749317,2.2035132e-05,0.00073622575,0.0019542312,1.2661256e-05,7.6217348e-06
ISIC_0031245,2,1.4663296e-07,1.14500494e-07,0.99918896,1.0001373e-06,6.4051295e-05,0.00074577413,3.82923e-08
ISIC_0028570,2,0.00016149062,0.014794783,0.9782356,3.970636e-10,0.0067786477,1.0706609e-05,1.8725246e-05
ISIC_0031351,2,6.2891154e-06,2.3483159e-05,0.97746426,0.0052348585,0.016844751,0.0004255847,6.661487e-07
ISIC_0029278,2,6.8183344e-06,2.6767707e-06,0.95548946,0.009207896,0.03427657,0.0010112625,5.3201306e-06
ISIC_0031643,2,5.1053676e-06,1.2723375e-06,0.9999902,3.7271263e-07,2.0266755e-06,1.0079282e-06,1.4289586e-09
ISIC_0025417,2,0.0030610776,0.0049460945,0.97173756,9.026252e-09,0.02025271,2.2364e-06,3.660689e-07
ISIC_0028035,2,0.0002713661,0.97686964,0.020322818,7.442993e-07,0.0025304102,4.937551e-06,2.1179883e-07
ISIC_0026213,2,6.026886e-06,2.2070421e-07,0.99998593,1.199667e-08,7.796499e-06,1.3913958e-09,1.3133907e-09
ISIC_0026442,2,0.0005364314,1.6740794e-05,0.9985454,3.835324e-06,0.000890916,3.9770766e-06,2.7281078e-06
ISIC_0026952,2,3.5919015e-08,4.1333983e-06,0.99999547,1.5379364e-07,8.6826046e-10,2.3462237e-08,2.0956342e-07
ISIC_0029391,2,9.7854696e-05,1.475396e-08,0.99860966,0.00083198224,3.884644e-05,2.0127012e-05,0.00040147596
ISIC_0029129,2,0.00022531887,2.4278373e-08,0.9991955,0.00056748,1.1127451e-05,4.958363e-07,4.0640483e-08
ISIC_0029805,2,2.48044e-07,1.4160368e-06,0.999997,1.3476873e-06,1.7736586e-08,1.8548754e-08,3.2343632e-09
ISIC_0029412,2,0.22894362,0.0007051171,0.03289281,0.013940338,0.7207833,0.0012633026,0.0014714813
ISIC_0029489,2,1.0218404e-05,8.03016e-10,0.9999881,1.0318687e-06,2.6381431e-07,2.3106965e-07,1.414575e-07
ISIC_0029974,2,0.0021056442,0.0013035124,0.69428074,0.058570612,0.2432884,0.00022904479,0.00022209312
ISIC_0031597,2,0.16858168,0.61680776,0.0029075062,7.1452573e-06,0.21077353,0.0009167984,5.658232e-06
ISIC_0027915,2,0.99851626,0.00077602454,0.0006934766,8.633171e-08,1.063965e-05,3.4654338e-06,1.3360633e-07
ISIC_0026337,2,0.25333706,0.0017165068,0.016269634,5.750509e-06,0.7286473,2.0111676e-05,3.6870777e-06
ISIC_0026902,2,0.7605462,0.17125331,0.023652188,0.00036121323,0.043986615,0.00015145127,4.899948e-05
ISIC_0027189,2,4.8417e-05,3.0707685e-08,0.2695897,2.34942e-06,0.7303586,9.214502e-07,1.3135678e-09
ISIC_0032307,2,0.0008109864,0.036163084,1.3640195e-05,0.075102136,0.88778985,0.000100226476,2.0109823e-05
ISIC_0030197,2,0.022871979,3.2823855e-06,0.9770882,1.7234897e-06,1.0836952e-05,2.1265247e-05,2.7345757e-06
ISIC_0024582,2,0.9920482,0.00015875365,0.007750691,7.316861e-08,2.5009933e-05,1.7289361e-05,3.9751576e-08
ISIC_0029655,2,0.004550392,0.54455686,0.45080256,3.806475e-06,1.1928675e-05,7.232123e-05,2.0396735e-06
ISIC_0028556,2,4.7518817e-08,3.259189e-07,0.998552,9.952195e-11,0.0014476033,2.2701533e-08,1.44875e-08
ISIC_0031122,2,0.0006765733,0.0022970578,0.9795355,7.23985e-06,0.017134227,0.00016939305,0.00018003635
ISIC_0027825,2,1.2411607e-07,3.5684458e-08,0.9998049,0.00012269156,4.424147e-05,2.2625594e-05,5.342953e-06
ISIC_0030230,2,0.0019959311,0.9976545,0.00031691,3.8675654e-10,8.26038e-08,3.2325064e-05,2.0618471e-07
ISIC_0031728,2,0.029359827,0.9554143,0.0045471936,2.1555735e-08,2.1843267e-07,0.010676799,1.6997293e-06
ISIC_0031526,2,0.01012744,0.9583788,0.028598372,5.6884545e-07,5.6323846e-05,0.002837065,1.3469768e-06
ISIC_0024743,2,0.006179596,0.00042741682,0.985216,0.0036592593,0.0042167655,0.00022285849,7.81237e-05
ISIC_0031925,2,0.000206044,0.00020727776,0.74156255,0.00014741332,0.2538233,0.0036146902,0.00043875113
ISIC_0024949,2,9.930922e-06,1.9829676e-07,0.99996483,1.5405609e-05,8.581113e-06,2.8098244e-08,1.0462173e-06
ISIC_0031294,2,1.3220645e-07,4.9195194e-07,0.99998796,1.8459762e-07,1.1180545e-05,1.1852903e-08,1.0623639e-08
ISIC_0028719,2,2.5344068e-06,6.193306e-05,0.9999318,1.0726671e-09,3.4443187e-06,3.0642278e-07,9.216511e-09
ISIC_0027046,2,0.013475855,0.9802201,0.0022727181,0.00012153445,0.0038504465,5.5604338e-05,3.774588e-06
ISIC_0031154,2,0.0013062565,0.9795481,0.00016230365,0.006672985,0.012289619,1.5068487e-05,5.698495e-06
ISIC_0028168,2,0.002231553,0.9801344,0.0010529165,7.209331e-05,0.01648151,2.5597903e-05,1.8918705e-06
ISIC_0031056,2,5.7507863e-05,0.00060737337,0.9989058,3.9050798e-07,0.00029049595,0.00013305596,5.45468e-06
ISIC_0031063,2,0.0035288264,3.2527058e-07,0.9961856,1.2833074e-06,0.00025384012,2.994248e-05,1.0298235e-07
ISIC_0028877,2,0.06549781,0.0083044,0.00031795044,0.9155856,0.009908066,0.00027112823,0.000115093426
ISIC_0028084,2,0.00085783703,0.9007327,0.09066668,3.340379e-07,0.0077334144,6.4753926e-06,2.660432e-06
ISIC_0026970,2,4.1600942e-06,0.08754343,0.9124087,8.39078e-09,4.3472137e-05,8.119096e-08,6.2115234e-08
ISIC_0030096,2,9.090367e-09,0.0020238585,0.9978962,2.0281592e-05,4.4006843e-05,7.700197e-06,7.91456e-06
ISIC_0024564,2,2.0778098e-05,7.096349e-08,0.944969,0.0025743493,0.051764205,0.00063487486,3.6707977e-05
ISIC_0025322,2,3.4846685e-06,2.6249143e-07,0.9908545,0.0001205523,0.009014612,5.4712114e-06,1.0241722e-06
ISIC_0027677,2,0.68476546,0.0008208823,0.0026943537,9.0580426e-05,0.3107937,0.0008265076,8.491105e-06
ISIC_0024833,2,0.78135425,0.21438168,0.0016305984,1.0374226e-06,0.0025445372,8.4240106e-05,3.6878737e-06
ISIC_0027546,2,0.13696587,0.0143801235,0.08872189,5.3051222e-05,0.75986004,1.5090614e-05,3.8867315e-06
ISIC_0030868,2,0.09979454,0.60565186,0.032928225,1.8200259e-06,0.18692608,0.07467961,1.7830294e-05
ISIC_0026995,2,0.059526928,0.7223971,0.18149674,7.055439e-06,0.032799587,0.0037656296,6.944902e-06
ISIC_0030915,2,0.0006908986,0.0054400736,0.94598925,0.0046445294,0.043188527,1.4537489e-05,3.215081e-05
ISIC_0032092,2,5.7799432e-05,0.00013938268,0.9532653,0.042953894,0.00023066807,0.0033453153,7.759986e-06
ISIC_0024787,2,1.60275e-07,3.3186578e-05,0.99618965,0.00029445832,0.0034802163,2.1898525e-06,2.732536e-07
ISIC_0029602,2,9.66786e-06,0.023766745,0.9719775,0.00047555912,0.003281463,0.00041876506,7.027989e-05
ISIC_0024436,2,1.7213948e-08,1.2864145e-06,0.99991834,8.162589e-09,6.989061e-05,6.448582e-06,4.0098967e-06
ISIC_0026940,2,0.00011766692,4.271128e-08,0.9810255,2.4183247e-10,0.018844627,9.456277e-06,2.7098115e-06
ISIC_0029745,2,0.3866317,0.4915299,0.121724166,1.0323601e-09,5.2631316e-05,3.7630998e-06,5.7836558e-05
ISIC_0028419,2,6.188841e-05,0.0004932676,0.99437994,1.0309203e-06,0.005062304,1.546668e-06,5.3036415e-09
ISIC_0025818,2,0.00020702777,0.000113080765,0.9751614,3.4517896e-05,0.023441477,5.7474736e-05,0.0009850615
ISIC_0030746,2,0.00037236983,0.0013278611,0.9821732,9.883044e-06,0.015720015,0.0001769887,0.00021968197
ISIC_0029220,2,0.0013969527,2.7897955e-05,0.9984623,1.7041622e-06,0.00011015624,6.2889933e-07,3.339607e-07
ISIC_0032302,2,0.92497635,0.005195956,0.04661795,0.021982243,0.001098083,0.000111330555,1.8002764e-05
ISIC_0029352,2,0.00350589,6.1447594e-05,0.97221124,0.000627558,0.023181314,0.00014211655,0.00027051877
ISIC_0028122,2,0.00020252426,0.0006269346,0.99827456,5.1210523e-06,0.00015640208,7.98251e-05,0.00065467035
ISIC_0030138,2,5.742084e-08,8.365865e-05,0.99991286,1.5801623e-08,3.1529478e-06,6.2849146e-08,1.3969567e-07
ISIC_0032185,2,2.5366928e-06,0.0015571514,0.99788034,0.0001516605,0.00012546242,3.2502803e-06,0.00027971275
ISIC_0032429,2,0.00052648486,8.434171e-06,0.62189656,0.0003942832,0.377113,4.7912796e-05,1.3358147e-05
ISIC_0029951,2,0.00048009877,7.518629e-05,0.5888628,5.8720775e-07,0.410561,1.4061249e-05,6.303681e-06
ISIC_0027675,2,0.0006126667,0.22419405,0.67245907,4.086026e-06,1.6092154e-05,0.0032428477,0.099471286
ISIC_0024984,2,0.0006312548,0.0051504634,0.9938968,2.2668157e-06,7.9253e-06,1.2835644e-06,0.00031006045
ISIC_0029857,2,0.018073436,0.40187812,0.5751275,0.00027056757,0.0006519357,1.9648985e-06,0.00399652
ISIC_0032318,2,0.005810198,5.8225087e-06,0.9859117,1.4742873e-05,0.008211967,4.528043e-05,3.737034e-07
ISIC_0025260,2,0.04109285,0.004078918,0.9373048,0.0032155437,0.007056805,0.007239197,1.1829351e-05
ISIC_0031531,2,0.12415144,7.9248304e-05,0.84896743,0.0011714145,0.022914842,0.0027137175,1.8899145e-06
ISIC_0028978,2,0.0015434142,0.0018214502,0.98985976,0.00038255574,0.000116863994,0.0062713022,4.7705e-06
ISIC_0028728,2,0.00025797286,1.026442e-07,0.9969452,3.039341e-06,2.2522676e-07,0.0027862303,7.087649e-06
ISIC_0028502,1,0.00032534986,0.9987987,3.8568583e-08,1.6594304e-07,0.0008065367,1.6333886e-05,5.2895157e-05
ISIC_0025843,1,1.6622376e-08,0.9999995,4.687508e-10,6.581817e-12,5.212961e-10,4.413986e-07,2.3177522e-09
ISIC_0029979,1,2.7452095e-05,0.9999722,6.0623695e-10,7.0747665e-11,3.0958373e-07,5.853037e-08,6.842843e-08
ISIC_0025311,1,9.647126e-07,0.99999344,8.6769876e-11,1.053477e-12,5.4865104e-06,3.142222e-09,8.8450506e-08
ISIC_0026425,1,4.10164e-06,0.9999844,1.1157454e-09,4.7993994e-11,1.1434548e-05,1.3450202e-08,2.967739e-08
ISIC_0029961,1,0.0042619086,0.9957331,1.9872186e-10,1.3052456e-09,5.0152635e-06,1.894679e-08,1.6617378e-08
ISIC_0026681,1,6.2077306e-05,0.9999217,1.6599119e-09,2.1066785e-07,1.4887758e-05,6.38751e-07,4.789434e-07
ISIC_0025218,1,1.8690154e-05,0.9994036,4.638803e-08,6.3516796e-07,0.0005753117,1.4957806e-06,2.5310868e-07
ISIC_0026211,1,1.2141069e-06,0.9999801,1.3108052e-09,5.1923763e-07,1.8188754e-05,7.4477358e-09,3.883008e-08
ISIC_0028727,1,3.5576493e-06,0.9999895,2.8319722e-10,8.072428e-11,5.768591e-06,1.2266612e-06,8.648444e-09
ISIC_0027315,1,0.00032169002,0.99964476,1.0726502e-08,3.4007314e-08,3.3167104e-05,2.2742802e-07,1.0593536e-07
ISIC_0030435,1,1.0745596e-05,0.9999893,4.1070827e-11,2.0881978e-09,1.8197724e-08,4.9176494e-09,5.8513594e-09
ISIC_0027725,1,3.7295802e-05,0.99996257,6.268062e-11,3.3917028e-10,2.907034e-08,6.962236e-08,2.915301e-09
ISIC_0031269,1,8.646954e-06,0.9957563,1.3888636e-08,7.055886e-07,0.0042325896,1.2531052e-06,3.2248764e-07
ISIC_0025398,1,0.040484663,0.95947945,8.8205816e-08,4.8664425e-08,3.5393237e-05,3.5407518e-07,2.8834423e-08
ISIC_0029153,1,0.09413613,0.9054106,7.489634e-07,3.378446e-10,8.938151e-06,0.00041464396,2.897859e-05
ISIC_0031935,1,6.4663e-05,0.9999341,2.5829282e-08,1.7203671e-09,6.586388e-07,5.3479494e-07,9.3421264e-08
ISIC_0032210,1,1.2214114e-05,0.99977237,3.190395e-10,1.3557097e-10,0.00021515772,2.0473682e-07,3.5277598e-08
ISIC_0031845,1,1.1999557e-06,0.9999509,1.63073e-07,1.1608888e-07,1.7705848e-05,1.6231035e-06,2.8202057e-05
ISIC_0027278,1,2.7044664e-06,0.9998772,3.035913e-09,1.0674084e-09,0.000110000336,9.854608e-06,2.204787e-07
ISIC_0030148,1,0.00050110545,0.9991685,1.2713452e-08,3.7712386e-08,0.00032367127,7.3656096e-08,6.6481534e-06
ISIC_0026255,1,3.858578e-08,0.9999095,2.2130948e-09,2.8182068e-09,8.088259e-05,9.306941e-06,3.060398e-07
ISIC_0027974,1,0.00038923137,0.9953211,5.333654e-07,8.906424e-09,0.004288216,8.822117e-07,4.761525e-08
ISIC_0030918,1,0.0002033981,0.72208506,6.661848e-08,0.000111161564,0.2775938,3.246079e-06,3.2378455e-06
ISIC_0030846,1,4.451121e-05,0.9999534,1.5102284e-08,8.849555e-12,1.9824054e-06,2.4398538e-08,8.60762e-08
ISIC_0029829,1,2.7055505e-05,0.99993324,9.71623e-08,2.4633763e-08,1.6363134e-06,3.79178e-05,3.922591e-08
ISIC_0032169,1,5.8573203e-08,0.9999999,9.928943e-11,1.0529666e-10,1.6975497e-08,5.215146e-08,6.2423045e-09
ISIC_0029870,1,0.0017344657,0.9982304,1.7571221e-08,1.8832859e-06,1.1321883e-05,2.1938878e-05,6.242575e-08
ISIC_0025528,1,1.5877455e-07,0.99999356,8.5093105e-10,1.9148877e-12,6.3243547e-06,4.1902433e-09,2.2593964e-10
ISIC_0027221,1,0.0001353498,0.9985715,1.0636759e-07,1.0800503e-09,0.0012915287,3.430027e-07,1.124686e-06
ISIC_0031833,1,2.3585719e-05,0.08272252,6.283224e-07,3.7316426e-08,5.618249e-05,0.011422416,0.90577465
ISIC_0031579,1,1.4242684e-05,0.999881,3.7813138e-08,3.7525633e-10,0.00010460281,3.2703262e-08,1.4622039e-08
ISIC_0030907,1,4.336841e-05,0.9999542,7.412783e-08,1.5580995e-10,7.689811e-07,1.5965832e-06,1.0319041e-09
ISIC_0032087,1,0.00015668354,0.9998393,6.1762533e-09,7.8009477e-10,3.870155e-06,8.7405894e-08,2.7417846e-08
ISIC_0031604,1,1.8421651e-05,0.9999794,1.6561209e-09,5.869462e-10,2.67495e-08,5.6318955e-10,2.1167098e-06
ISIC_0029496,1,0.00017954026,0.9988673,1.0490879e-05,1.9464699e-07,0.00030947133,0.0006307393,2.2197532e-06
ISIC_0025287,1,0.4403347,0.5544585,2.6617377e-08,1.7348073e-05,0.0051338724,4.5423676e-05,1.0199718e-05
ISIC_0027170,1,1.1455058e-06,0.9999509,1.610434e-06,1.1245894e-09,2.5376282e-06,3.8259695e-05,5.578548e-06
ISIC_0030669,1,0.0001238418,0.99987245,1.5804331e-06,9.500593e-08,4.2854987e-07,1.0286301e-06,4.5632427e-07
ISIC_0025364,1,2.3257912e-06,0.9999976,6.8810726e-09,6.625469e-13,4.7414175e-09,8.386808e-09,1.2150836e-10
ISIC_0024365,1,4.8726733e-06,0.99975485,1.0194419e-08,1.358177e-08,0.00020490661,3.4240096e-05,1.1466465e-06
ISIC_0029293,1,2.383214e-05,0.99997294,8.792202e-09,3.5286777e-11,3.2721623e-06,3.4423533e-09,5.114545e-09
ISIC_0029966,1,4.542213e-05,0.99995005,4.5727305e-08,1.943435e-11,4.2551096e-06,2.189385e-07,1.2345707e-08
ISIC_0026036,1,0.123058915,0.8768265,4.469708e-07,1.7512049e-10,1.7252996e-05,9.63529e-05,5.0518946e-07
ISIC_0024945,1,3.297418e-05,0.9992138,8.8355334e-10,1.0435032e-10,0.0007528293,1.1831146e-07,2.0158862e-07
ISIC_0032434,1,0.00011856164,0.8298396,1.070485e-06,2.8056403e-08,0.16794056,5.5154665e-06,0.0020946544
ISIC_0025365,1,0.00012358268,0.99976057,3.5764933e-07,3.880236e-09,7.415827e-05,4.0887862e-05,5.0844045e-07
ISIC_0028515,1,1.4076571e-08,0.99999654,1.2109277e-09,2.2236533e-10,3.4228797e-06,1.6345654e-08,2.5874586e-08
ISIC_0030287,1,0.00023591981,0.9997099,1.9388204e-09,5.0969393e-09,5.242005e-05,1.1721825e-06,5.2645345e-07
ISIC_0027316,1,1.4338148e-08,0.9999033,8.07514e-10,6.2812804e-09,9.615434e-05,5.33229e-08,5.2948894e-07
ISIC_0027426,1,1.2995813e-06,0.9999975,3.1510112e-08,1.9171127e-09,1.0602445e-06,1.6976874e-07,5.236791e-09
ISIC_0025914,1,1.1644233e-05,0.99995637,3.540949e-08,3.675661e-08,3.1588377e-05,9.8835955e-08,2.9929248e-07
ISIC_0025501,1,3.6412746e-07,0.999997,3.9373518e-09,1.7334195e-10,8.2448423e-07,1.7708379e-06,5.4417672e-08
ISIC_0025201,1,2.493234e-07,0.9999994,1.1401735e-09,1.7171667e-11,2.7469625e-07,8.853189e-08,7.642847e-09
ISIC_0027429,1,0.00013185987,0.99968374,3.094544e-08,3.5574772e-06,6.418582e-05,0.000114630355,1.9759786e-06
ISIC_0026585,1,0.0010572255,0.9932602,3.1744014e-09,1.5370193e-07,0.005671469,2.9780488e-06,7.948835e-06
ISIC_0031632,1,9.744926e-06,0.99988663,7.2437956e-08,4.079009e-08,8.396987e-05,1.894129e-05,6.2311426e-07
ISIC_0026242,1,0.0005892603,0.99872595,1.2320955e-08,1.8298179e-08,0.0006729776,1.1828145e-05,6.4670784e-09
ISIC_0028639,1,0.0021019464,0.98183477,5.1609935e-05,6.628218e-07,0.00066341663,0.006465908,0.008881697
ISIC_0031881,1,0.037697095,0.9622954,1.04647284e-10,2.2526063e-10,4.0099117e-06,3.3276322e-06,1.2342365e-07
ISIC_0027912,1,4.4191875e-08,0.9999999,2.2578233e-12,8.7172735e-14,9.296129e-09,1.7414482e-09,6.4846835e-09
ISIC_0028862,1,7.903085e-06,0.9999908,1.1146896e-08,1.7754939e-10,4.849433e-07,6.601691e-07,1.0214733e-08
ISIC_0029044,1,2.2679443e-09,0.99999833,4.3418367e-09,5.3706145e-12,1.5320318e-06,9.322345e-08,4.844608e-10
ISIC_0030235,1,2.9432082e-05,0.9999434,1.340434e-09,1.5141112e-10,1.5795693e-05,1.1195849e-05,1.6066566e-07
ISIC_0031701,1,5.2396616e-05,0.9698888,0.00014934524,7.127047e-07,0.028972635,0.0009325275,3.6567312e-06
ISIC_0024636,1,4.2563264e-05,0.9993793,9.6221496e-11,1.0307258e-07,0.0005774324,1.8666738e-07,2.9288924e-07
ISIC_0032025,1,0.00017508605,0.9679818,3.1110676e-06,1.7433284e-07,0.031827,9.959766e-06,2.809163e-06
ISIC_0027834,1,0.00094915234,0.99896693,5.8884114e-10,2.8811714e-08,6.23537e-05,2.1610149e-05,4.687811e-08
ISIC_0025922,1,1.1463981e-07,0.99999845,3.6141155e-12,1.304598e-10,1.3668733e-06,1.3501172e-09,2.1286613e-08
ISIC_0025994,1,3.053086e-06,0.9999945,7.9162696e-08,1.3478074e-08,2.0895814e-07,5.12022e-07,1.7030233e-06
ISIC_0030292,1,2.0166471e-08,0.9999995,3.26302e-11,3.4631976e-12,1.3499701e-08,4.6006e-07,8.206557e-09
ISIC_0030469,1,0.0001248494,0.9998141,2.3523844e-06,3.9666816e-09,3.3497752e-05,2.0328052e-07,2.4962332e-05
ISIC_0031638,1,9.281923e-06,0.99997866,2.3998762e-08,4.0471868e-10,1.3982332e-06,1.0441521e-05,1.14760056e-07
ISIC_0024433,1,1.1108248e-05,0.9999474,1.4184573e-08,2.8120792e-09,4.121881e-05,1.969503e-07,1.07006475e-08
ISIC_0030308,1,0.010524891,0.9894678,3.6612907e-06,1.2862091e-07,1.5026852e-06,1.190437e-06,8.796471e-07
ISIC_0025221,1,1.5072816e-06,0.9999982,3.683419e-10,9.181438e-12,2.1104032e-07,1.5511412e-07,9.697301e-10
ISIC_0032366,1,0.89772594,0.10223422,1.01947335e-05,3.5965733e-09,1.5325153e-05,1.7635366e-06,1.2597991e-05
ISIC_0027816,1,4.6084373e-05,0.9999467,3.4635505e-08,5.8012536e-11,7.0332653e-06,1.355775e-07,5.2169685e-08
ISIC_0028539,1,3.6434776e-05,0.9994537,2.0994924e-09,5.2756344e-10,0.00050909346,8.282316e-09,6.9925846e-07
ISIC_0030168,1,0.093442746,0.22883281,1.6116774e-05,4.786675e-08,0.677706,1.2474818e-07,2.1483804e-06
ISIC_0030457,1,3.981973e-05,0.9998078,4.193164e-10,1.7832319e-10,0.00015239416,9.243834e-09,5.5813413e-08
ISIC_0024473,1,0.0062567275,0.9936986,6.85459e-08,6.730102e-07,8.471751e-06,3.535398e-05,4.598357e-08
ISIC_0028805,1,5.1230627e-06,0.9999932,9.007416e-08,2.5403636e-11,4.5634852e-07,1.2159333e-07,9.63973e-07
ISIC_0030302,1,5.169559e-06,0.99997103,5.1278255e-07,1.13053344e-08,2.2915061e-05,3.9109221e-07,3.606291e-08
ISIC_0028812,1,5.5530986e-06,0.9996233,2.0117874e-05,2.7641215e-07,6.740363e-05,0.00027383683,9.541223e-06
ISIC_0030376,1,4.5027605e-06,0.99615896,6.844321e-10,4.081402e-09,0.003835555,8.893933e-07,1.4200928e-07
ISIC_0025044,1,4.439805e-07,0.9999982,2.1609823e-08,1.4768521e-09,1.7238494e-07,1.0979562e-06,2.1433275e-08
ISIC_0029876,1,0.035220664,0.96469206,1.03969256e-07,1.30258675e-08,3.9003217e-07,8.636876e-05,4.7866007e-07
ISIC_0029701,1,4.4146887e-08,0.9999999,5.615267e-10,2.5555324e-12,2.32047e-08,1.8707343e-08,2.3987965e-08
ISIC_0029118,1,3.4649227e-05,0.9990095,9.047639e-08,4.5265853e-09,0.000948317,7.3502583e-06,3.5981742e-08
ISIC_0026137,1,0.16875575,0.8312424,1.4464591e-09,2.04765e-09,8.9998275e-07,4.7797863e-07,4.5658737e-07
ISIC_0028523,1,1.9808098e-08,1.0,3.387444e-11,3.034899e-11,1.3466969e-08,1.5964557e-09,5.863664e-10
ISIC_0025615,1,0.009266738,0.9906064,7.890511e-06,7.375449e-08,0.00010806171,1.0489348e-05,1.760103e-07
ISIC_0029317,1,1.220233e-05,0.9999877,8.323427e-09,2.4436855e-09,2.2160727e-09,9.2684455e-10,6.68679e-08
ISIC_0025900,1,5.8457634e-05,0.9999144,3.826208e-06,8.620166e-08,1.3930736e-06,1.4164039e-05,7.5458743e-06
ISIC_0028044,1,3.3788183e-08,0.9999988,9.8729025e-11,5.5434546e-09,1.1211218e-06,9.79985e-10,6.758899e-09
ISIC_0031572,1,0.07359285,0.92640483,5.3696186e-10,1.3899662e-08,2.0376035e-06,2.161227e-08,2.70434e-07
ISIC_0030315,1,1.0791673e-07,0.99999857,5.1811142e-11,2.9769809e-09,1.33866e-06,7.2931554e-09,6.299901e-09
ISIC_0031069,1,2.3100824e-06,0.9999926,1.5812032e-10,5.399912e-11,4.1673266e-06,6.7258145e-07,2.531791e-07
ISIC_0027919,1,4.935717e-06,0.99998903,1.9680322e-09,8.7696617e-10,5.2967707e-06,6.160036e-07,1.2769667e-07
ISIC_0024690,1,0.036794942,0.8726722,5.033316e-06,4.621095e-06,0.088140085,0.0021826907,0.00020043962
ISIC_0025613,1,0.0037491259,0.9878226,2.5835433e-08,2.6880733e-07,0.008199383,0.00019369328,3.4953464e-05
ISIC_0025256,1,0.0006358219,0.3455943,2.1607766e-08,1.3939049e-05,0.6537218,3.1539075e-05,2.6273804e-06
ISIC_0026465,1,0.0027349328,0.98602575,1.2473241e-05,1.5644636e-07,0.011208632,7.0427795e-06,1.1082247e-05
ISIC_0031153,1,2.2649228e-06,0.9999969,1.8948253e-11,1.4494328e-08,7.96725e-07,2.4717814e-10,8.197899e-09
ISIC_0028572,1,1.6279783e-06,0.9986753,1.0742914e-07,9.659387e-09,0.0013100812,1.2448825e-05,3.627508e-07
ISIC_0026168,1,3.9838047e-05,0.9999596,2.6305272e-10,7.6081413e-10,5.11376e-07,2.3054394e-08,6.219224e-09
ISIC_0029469,1,4.708169e-06,0.98283225,9.0886054e-08,4.710468e-08,0.016696416,0.00046615055,3.3724947e-07
ISIC_0030289,1,9.264373e-05,0.999907,4.6738284e-09,4.839659e-10,2.620508e-07,2.2648464e-08,3.773652e-08
ISIC_0028242,1,0.19611241,0.803853,1.223604e-07,4.4511644e-10,3.2413365e-05,1.7302457e-06,3.4220616e-07
ISIC_0032321,1,0.01448485,0.98550344,1.8052274e-08,5.080091e-09,8.091926e-06,3.6253618e-06,1.2757057e-08
ISIC_0028142,1,0.0002088794,0.9997906,5.059313e-09,1.7097165e-08,4.4241764e-07,7.209438e-09,3.180917e-08
ISIC_0024887,1,0.00066132436,0.8316891,1.3073533e-07,1.4001084e-06,0.1676453,2.2680533e-06,4.2593604e-07
ISIC_0030400,1,2.814576e-07,0.99999845,1.2353665e-10,7.785788e-11,1.2963791e-06,2.5306266e-08,5.443215e-09
ISIC_0028935,1,2.0375587e-06,0.99973077,2.5286466e-08,1.00239985e-08,0.00026683748,2.4975918e-07,6.414726e-08
ISIC_0024856,1,2.2529446e-05,0.9999695,1.1252252e-07,2.4103626e-09,6.8815657e-06,9.285507e-07,5.5520985e-08
ISIC_0028921,1,0.014822667,0.9850883,7.586841e-07,5.100539e-09,7.1465554e-05,1.2832634e-05,4.00714e-06
ISIC_0029211,1,1.11237e-07,0.99999964,8.84214e-11,2.3876396e-12,1.9600382e-07,1.930304e-09,1.0155838e-09
ISIC_0029950,1,0.00072595937,0.9745681,3.427456e-09,4.757603e-07,0.024607949,3.4953216e-06,9.4011455e-05
ISIC_0031402,1,3.2111257e-06,0.9999957,1.2145751e-08,9.9706625e-09,9.703646e-07,7.2240674e-08,1.8710297e-08
ISIC_0026021,1,0.0003301753,0.9996247,1.905763e-06,3.557303e-09,3.6831447e-05,6.0071643e-06,4.0359103e-07
ISIC_0025833,1,1.9511458e-06,0.999998,8.288027e-09,3.1836096e-12,1.1559824e-08,3.0753888e-09,1.6471765e-09
ISIC_0031392,1,3.5654374e-08,0.9999285,5.0131725e-08,1.36425e-08,7.132011e-05,7.5275e-08,2.0381966e-08
ISIC_0025559,1,0.024873523,0.056010004,3.0505953e-07,1.1799857e-06,0.82446015,0.094647534,7.338296e-06
ISIC_0030787,1,0.010208544,0.96398586,1.5878052e-07,6.5672884e-07,5.7141854e-08,0.025803948,7.583018e-07
ISIC_0026460,1,0.00011444472,0.93442804,2.32627e-05,9.916632e-07,0.06538519,1.0971248e-06,4.6919267e-05
ISIC_0028426,1,3.3932953e-05,0.99711883,2.0128687e-07,1.0316467e-09,0.00039712698,0.0024216427,2.8221912e-05
ISIC_0031199,1,1.2453892e-05,0.9999864,1.5416255e-09,3.3314584e-09,1.148705e-06,3.8582197e-08,1.1340711e-08
ISIC_0027764,1,0.0014812235,0.998086,3.1328447e-05,2.1579355e-07,0.00039636987,1.1373555e-06,3.7549185e-06
ISIC_0027165,1,8.245254e-05,0.9998399,6.2782776e-05,4.7238927e-08,1.0466101e-05,4.3222497e-07,3.874061e-06
ISIC_0025003,1,1.2271102e-05,0.999821,3.1023507e-08,5.333908e-07,0.00016218095,1.1729345e-06,2.9142836e-06
ISIC_0026202,1,8.174758e-05,0.9998184,3.6104806e-09,3.807909e-10,9.852764e-05,1.3333355e-06,5.675646e-08
ISIC_0028660,1,5.623773e-07,0.9999994,4.9245397e-10,5.9458183e-10,8.024594e-08,4.470908e-09,2.8233613e-09
ISIC_0024738,1,1.9527674e-08,0.9999877,1.7854855e-11,1.958094e-11,1.18729895e-05,3.4991598e-07,2.0197672e-09
ISIC_0026858,1,9.052013e-06,0.9999882,2.321699e-09,3.9683035e-09,2.2785955e-06,3.0344697e-07,1.6614493e-07
ISIC_0032288,1,0.0007031346,0.9950913,1.0752576e-06,3.4860466e-07,0.0041787867,2.4487319e-05,8.703285e-07
ISIC_0025868,1,8.378773e-06,0.9999893,4.2940878e-09,2.4671137e-10,1.6829921e-06,2.0775647e-07,3.825478e-07
ISIC_0027657,1,2.0149331e-05,0.30623245,4.9362265e-05,5.014331e-06,0.69301826,2.2390302e-06,0.000672525
ISIC_0026620,1,7.24451e-06,0.9999833,2.2492432e-10,1.0344007e-10,4.5487864e-06,4.8366423e-06,3.83293e-09
ISIC_0028813,1,0.0018914633,0.99036574,1.0881598e-05,3.1697485e-07,0.0077295583,1.8311493e-06,7.548778e-08
ISIC_0026689,1,5.116708e-05,0.9997166,2.2935268e-05,3.03644e-08,0.0002016948,5.8607253e-07,6.96999e-06
ISIC_0031797,1,0.00087903795,0.99911875,1.7291979e-09,2.1571935e-11,1.8870106e-06,2.8058048e-07,4.454942e-08
ISIC_0025815,1,2.584526e-06,0.9999641,1.9543916e-07,1.1804936e-10,3.2807526e-05,2.6383393e-07,3.633816e-08
ISIC_0029335,1,5.2615997e-05,0.9999467,1.8940971e-08,3.4934627e-10,3.686136e-08,6.314612e-07,2.520962e-08
ISIC_0025634,1,0.0006381272,0.9973411,0.0013833332,0.0002899035,0.0003221649,1.5128234e-06,2.3900599e-05
ISIC_0029111,1,8.642315e-07,0.9987092,6.1942487e-06,3.5180445e-08,0.0012820639,1.5856875e-06,1.8272233e-07
ISIC_0027061,1,0.0033096264,0.99665004,5.1323156e-07,3.2691233e-08,2.498523e-05,9.090014e-06,5.711379e-06
ISIC_0030274,1,1.0234493e-06,0.9999901,7.468102e-11,6.2280467e-12,3.9272686e-06,4.8183106e-06,1.1899281e-07
ISIC_0032071,1,9.3822004e-05,0.9985606,1.0983473e-08,3.1664013e-10,2.1095308e-07,0.0013449619,3.752055e-07
ISIC_0031114,1,1.6671312e-07,0.9999938,1.1692709e-09,2.7056329e-08,1.5070005e-06,4.4171807e-06,1.3676447e-07
ISIC_0027600,1,1.4727683e-06,0.9999131,3.081223e-08,4.7393936e-11,8.224362e-05,2.9756043e-06,2.1565897e-07
ISIC_0024838,1,8.696756e-07,0.9999764,1.1780262e-08,4.768118e-08,1.0336152e-05,6.675156e-08,1.2318741e-05
ISIC_0028721,1,0.0072774277,0.7518226,4.169652e-05,0.002023148,0.11259743,0.1256462,0.00059150707
ISIC_0025461,1,0.00035227372,0.93197614,2.3772922e-07,7.643157e-07,0.06542526,0.002241216,4.15301e-06
ISIC_0026875,1,0.00043537462,0.9995579,4.099953e-10,2.4922089e-09,5.1470636e-07,1.9396325e-06,4.244219e-06
ISIC_0031625,1,2.4987066e-06,0.99997437,5.0557083e-09,2.0200937e-10,2.3147608e-05,2.8189335e-08,4.116005e-09
ISIC_0024548,1,2.3116797e-06,0.9999963,5.3522973e-09,2.1729345e-09,1.2883368e-06,1.6418697e-07,5.9810747e-09
ISIC_0024465,1,1.2367057e-09,1.0,1.7004135e-13,3.15929e-14,6.82653e-11,4.3922532e-09,2.5374682e-09
ISIC_0025849,1,3.3491478e-08,0.99999464,7.1157036e-10,9.854363e-12,2.7395025e-08,5.2478526e-06,1.5623304e-08
ISIC_0031682,1,0.85235137,0.13320805,8.101905e-08,3.2120465e-06,0.010826697,6.639794e-06,0.0036039923
ISIC_0030570,1,0.0011059097,0.99887234,9.8139665e-08,2.6992472e-10,2.0076934e-05,8.529677e-08,1.473853e-06
ISIC_0025246,1,5.9159436e-07,0.999998,2.5689792e-10,5.821537e-11,1.2545056e-06,9.829543e-08,2.2509465e-09
ISIC_0028377,1,4.203307e-05,0.9999057,3.1408723e-10,3.7621035e-09,4.1434087e-05,1.0681406e-05,4.511866e-08
ISIC_0031018,1,1.646101e-05,0.9998864,2.1725588e-09,4.6993126e-10,9.6963704e-05,6.3698415e-08,6.5167576e-08
ISIC_0030538,1,4.666798e-07,0.99999905,2.4037067e-10,2.5830131e-11,2.9508084e-07,1.0582081e-07,1.6476944e-08
ISIC_0029085,1,4.0396417e-06,0.99997795,7.603904e-09,1.2445854e-11,1.552242e-05,2.5225197e-06,3.7192248e-08
ISIC_0030193,1,0.0004151119,0.97732806,0.00031141902,8.5680335e-07,0.020317202,0.0015775658,4.9796065e-05
ISIC_0026032,1,8.108709e-06,0.9985442,2.107685e-08,2.0836664e-08,0.0013457058,2.850231e-07,0.00010170595
ISIC_0026830,1,0.0019332869,0.99643445,9.5394725e-08,9.2924046e-07,0.00057649484,0.000860865,0.00019394649
ISIC_0027384,1,5.340159e-05,0.9984517,4.8958316e-07,2.391794e-06,0.001491404,3.0346524e-08,6.003191e-07
ISIC_0024379,1,5.713546e-06,0.999718,1.2381459e-09,2.548524e-08,0.00026909288,4.6479518e-06,2.4997964e-06
ISIC_0026129,1,0.00013642573,0.9992341,3.6913576e-08,1.5493885e-07,0.0006286749,1.0900301e-07,5.314594e-07
ISIC_0029490,1,9.9587915e-08,0.99999976,2.8457994e-09,6.23624e-11,5.8014376e-08,7.6384225e-08,2.089152e-09
ISIC_0031086,1,3.285727e-06,0.99999285,2.6320077e-08,4.989355e-10,3.5037176e-06,3.7970028e-07,2.9771414e-08
ISIC_0030660,1,0.0057988884,0.9941916,4.4577817e-08,2.525639e-06,1.12702e-06,1.1551667e-08,5.8841097e-06
ISIC_0030461,1,2.0473042e-06,0.9999722,5.0445625e-09,6.8143797e-09,2.5650053e-05,3.6057383e-08,4.2372445e-08
ISIC_0025931,1,2.084424e-06,0.99999094,2.1585983e-08,1.0041979e-11,8.4503705e-07,6.026404e-06,5.037532e-09
ISIC_0025974,1,5.4207796e-08,0.99959666,4.6786384e-09,3.1497402e-09,1.2477577e-05,0.00038690577,3.924836e-06
ISIC_0026915,1,9.944157e-07,0.9999963,1.3697208e-09,2.6378906e-09,1.6930911e-06,3.3191424e-07,6.0991925e-07
ISIC_0030237,1,5.2491664e-06,0.99999225,2.4445856e-10,4.0933505e-09,2.4272813e-06,4.0528697e-08,4.264312e-08
ISIC_0030174,1,0.0001299318,0.99978894,1.527715e-08,2.5488984e-07,5.4806427e-05,2.5961437e-05,9.837897e-08
ISIC_0032263,1,1.9223894e-06,0.9999969,2.649539e-10,4.066429e-09,1.1157482e-06,1.3452858e-08,1.2394583e-08
ISIC_0031367,1,1.5491793e-06,0.9999975,1.527758e-10,4.191133e-08,2.1245455e-07,7.309128e-07,3.2160344e-08
ISIC_0024835,1,1.58832e-05,0.99993384,8.6285574e-08,4.2312867e-10,1.1064368e-05,3.781436e-05,1.3170456e-06
ISIC_0030502,1,1.708555e-05,0.9999516,3.898333e-08,1.1938146e-06,2.9134708e-05,2.5248542e-07,7.58928e-07
ISIC_0024661,1,2.9266753e-06,0.9999727,2.3999771e-11,4.6115833e-08,2.413034e-05,1.0784317e-07,9.580763e-08
ISIC_0025866,1,0.0001459802,0.9998487,2.5109046e-06,2.3737762e-08,5.376702e-07,5.693566e-07,1.6587633e-06
ISIC_0024860,1,0.00057524256,0.99835473,1.0276292e-06,3.558231e-06,0.000989067,2.6456223e-06,7.3679366e-05
ISIC_0025806,1,0.00024225075,0.9994313,1.10877e-09,1.4299278e-05,0.00031211012,2.5415709e-08,2.783029e-08
ISIC_0026267,1,0.009226352,0.98958313,3.979061e-08,1.3001433e-10,0.0011844115,5.9614754e-06,8.9005106e-09
ISIC_0024816,1,0.005689057,0.9940905,6.9894974e-09,5.5493694e-09,6.2325926e-05,0.00015802821,1.85132e-08
ISIC_0029599,1,0.00014358018,0.9997861,4.8952004e-10,8.038593e-09,5.01086e-05,2.0315158e-05,8.003788e-09
ISIC_0026920,1,2.6612952e-07,0.9999213,4.4443777e-07,8.520819e-08,7.509547e-05,5.118839e-07,2.2651836e-06
ISIC_0025929,1,7.694065e-05,0.9999225,1.8751548e-08,8.580423e-08,4.018912e-07,3.8732257e-09,6.666422e-09
ISIC_0032108,1,0.0004894582,0.9995103,3.4342058e-08,1.1266466e-08,1.5057812e-07,4.007738e-09,2.0335978e-08
ISIC_0027283,1,8.195065e-06,0.99960965,2.3507148e-08,3.8957473e-06,0.00037448393,3.3249466e-06,4.5716553e-07
ISIC_0027557,1,2.9533707e-05,0.99257,1.3295619e-07,5.0778397e-07,0.0073956503,6.387133e-07,3.5689143e-06
ISIC_0024563,1,0.00017868643,0.9996767,2.019196e-06,9.671107e-08,0.00014094177,1.2304056e-06,4.0187518e-07
ISIC_0027892,1,0.00041475423,0.999493,8.3302353e-07,2.6695918e-07,8.092218e-05,1.0297093e-05,1.9526093e-08
ISIC_0031357,1,4.1925027e-08,0.9999981,1.5862148e-09,2.6895384e-09,8.043351e-07,7.253739e-07,3.4035156e-07
ISIC_0032234,1,3.2559169e-07,0.9999956,1.2887076e-09,7.2820416e-09,4.0501673e-06,4.3438646e-08,6.66826e-08
ISIC_0029940,1,0.17043622,0.82955486,1.7652615e-08,2.7060127e-08,1.9701528e-07,8.641645e-06,5.2872835e-08
ISIC_0031715,1,3.8103099e-06,0.9926858,5.519061e-07,1.3862418e-06,0.0073053543,1.3000473e-06,1.7208137e-06
ISIC_0029492,1,1.0999889e-08,0.99990237,1.2741118e-09,4.1197005e-08,4.037944e-07,9.5446005e-05,1.6883193e-06
ISIC_0024822,1,6.5888605e-07,0.9997162,1.9261616e-08,3.447743e-06,5.3383087e-06,0.00025036331,2.3886203e-05
ISIC_0027110,1,0.04068307,0.9591975,1.2292075e-07,9.175207e-06,0.00010917665,3.684696e-07,5.8403344e-07
ISIC_0030484,1,9.264168e-05,0.9979692,2.5279949e-06,1.414836e-08,0.001935303,2.6724015e-07,3.174831e-08
ISIC_0031167,1,8.911918e-06,0.99571794,3.0913995e-08,2.8837775e-08,0.0042671515,4.062162e-06,1.9472964e-06
ISIC_0027082,1,5.845678e-08,0.9999863,5.2673954e-09,1.4020979e-09,1.2792487e-05,8.5328435e-07,5.749813e-09
ISIC_0030418,1,0.009735315,0.9902554,4.623185e-06,4.270553e-09,4.5636352e-06,1.0084163e-07,2.2167552e-09
ISIC_0027539,1,1.6845086e-06,0.9999982,6.643538e-11,2.4303797e-09,3.253928e-08,3.7076595e-10,2.4443041e-08
ISIC_0032399,1,0.00012673225,0.9998728,3.0205836e-08,6.5641037e-10,2.8435477e-07,4.742275e-08,9.256296e-08
ISIC_0027712,1,3.113058e-10,1.0,6.2904872e-12,9.760171e-13,6.387596e-09,2.2545102e-08,3.8567767e-09
ISIC_0026000,1,0.0036238378,0.99384016,1.2615932e-05,0.00026690983,0.0007269026,0.0014485407,8.100926e-05
ISIC_0030560,1,1.6397778e-05,0.999655,2.3639677e-09,6.327963e-08,5.927005e-06,0.0003215041,1.0718278e-06
ISIC_0030414,1,0.00163219,0.9983498,1.7825011e-09,5.7919202e-08,8.26007e-06,4.1892185e-06,5.618312e-06
ISIC_0026908,1,4.093605e-05,0.99892575,2.338806e-06,8.3426994e-07,4.8115922e-05,2.7439115e-05,0.00095458474
ISIC_0024559,1,0.0059657325,0.92831343,2.3311777e-07,3.7312773e-05,0.06564197,2.840082e-05,1.2901138e-05
ISIC_0026385,1,0.012991331,0.98456764,7.452818e-06,0.00012310885,0.0013000929,0.0001967139,0.00081357925
ISIC_0027317,1,0.00015490517,0.99983025,4.6262523e-09,2.61808e-10,1.2161134e-05,2.5380143e-06,1.2679062e-07
ISIC_0031656,1,0.00013343466,0.9772704,9.69072e-08,7.5822663e-06,0.02258769,4.0580133e-07,4.2144296e-07
ISIC_0030441,1,1.5031351e-06,0.9999174,1.7389423e-08,1.1733867e-08,7.9730315e-05,1.2698471e-06,3.4839083e-08
ISIC_0029871,1,3.01327e-07,0.9999963,3.6670927e-10,5.304316e-10,3.2332184e-06,1.2242648e-07,2.9984006e-09
ISIC_0027775,1,3.6287216e-05,0.9999521,4.354106e-10,8.146811e-09,8.320907e-06,2.4049698e-06,8.8889993e-07
ISIC_0032505,1,0.006650971,0.99000424,1.9016728e-05,4.7694837e-05,0.0031243172,0.00010438783,4.931463e-05
ISIC_0029456,1,0.00028045368,0.99971956,6.0554792e-09,9.201571e-10,1.9109843e-09,2.3668377e-08,1.8644462e-09
ISIC_0028474,1,3.118086e-07,0.9999987,1.09795555e-10,4.248716e-09,6.681965e-07,3.786629e-07,2.3623338e-08
ISIC_0027731,1,1.8936738e-08,0.99989283,1.4993604e-07,7.25163e-10,1.0168792e-06,0.000105813255,1.09361935e-07
ISIC_0025036,1,2.0106634e-06,0.99999,4.220045e-07,5.7204304e-09,7.057786e-06,2.6637164e-08,5.760834e-07
ISIC_0027637,1,1.1652839e-09,0.99971,3.842055e-09,1.829628e-11,6.793781e-08,0.00028957374,2.5062678e-07
ISIC_0027617,1,1.08770255e-05,0.9999857,9.665417e-10,8.3050196e-08,1.6384433e-06,8.0918795e-08,1.5308177e-06
ISIC_0032050,1,8.393765e-05,0.9967435,3.241712e-07,1.7951023e-05,0.0031518673,1.6062714e-06,7.974387e-07
ISIC_0031033,1,4.0817028e-07,0.999997,9.7955866e-11,1.07926805e-08,2.5492748e-06,4.5898098e-08,2.403408e-10
ISIC_0025792,1,8.600345e-06,0.9999213,7.651686e-09,1.5882616e-08,6.654003e-05,3.1759128e-06,2.7536512e-07
ISIC_0026677,1,2.1791944e-07,0.9999919,6.377777e-10,1.7408601e-07,7.0380793e-06,8.007991e-08,6.0384133e-07
ISIC_0024796,1,2.1317119e-07,0.99999464,9.609e-10,3.1223732e-09,4.2193747e-06,7.8422005e-07,1.4606049e-07
ISIC_0032075,1,0.00012166779,0.9937086,1.2164818e-06,5.884146e-06,0.00069836894,1.116914e-05,0.0054531056
ISIC_0024974,1,4.0672472e-07,0.9999968,2.2805422e-07,5.3754495e-10,9.2262223e-07,1.6073209e-06,1.1309449e-07
ISIC_0030248,1,6.1912656e-06,0.9999938,1.642886e-10,4.1382978e-10,1.0751713e-09,1.630614e-10,5.617225e-10
ISIC_0028392,1,5.3608655e-08,0.9999989,2.3835691e-09,1.2445755e-08,1.2043259e-07,6.4142407e-09,8.9560183e-07
ISIC_0027695,1,1.2155216e-08,0.9999927,5.9153984e-09,3.548457e-10,3.799098e-06,3.422681e-06,4.247338e-09
ISIC_0024321,1,6.2566685e-09,0.9999962,2.8153696e-07,1.4503797e-09,1.7606325e-07,3.3155657e-06,7.064765e-08
ISIC_0028221,1,7.5475466e-05,0.97674006,4.64003e-05,9.197205e-06,0.023072734,3.4063705e-05,2.1991818e-05
ISIC_0032250,1,0.0001859502,0.99016374,1.9874524e-05,1.8414063e-08,0.009594928,3.5313755e-05,1.3420792e-07
ISIC_0025925,1,9.337997e-05,0.9999062,6.5674444e-09,3.8184567e-09,1.5842225e-08,1.4093037e-07,2.6716148e-07
ISIC_0024919,1,2.560315e-06,0.9999974,4.558219e-09,1.06909655e-11,7.1199114e-12,6.6372413e-10,6.5760625e-10
ISIC_0030781,1,0.00032336926,0.99963653,2.4067103e-05,9.271176e-08,8.6535493e-07,1.49071075e-05,1.9840566e-07
ISIC_0028683,1,5.8710995e-08,0.99999976,1.4294875e-09,2.548146e-10,9.860619e-08,9.545089e-08,6.3004975e-09
ISIC_0026109,1,0.0027052558,0.9654589,9.28989e-05,1.2614275e-06,0.028903866,0.0027262694,0.00011155908
ISIC_0029795,1,7.912171e-06,0.99999166,8.267e-11,3.3026524e-08,4.0905073e-07,7.876527e-09,3.2034029e-09
ISIC_0025377,1,2.6022093e-07,0.9999424,1.5231545e-06,1.7023204e-10,3.9197114e-11,5.5746434e-05,5.7370393e-09
ISIC_0024307,1,5.3637646e-06,0.99987006,5.475095e-09,4.2059435e-07,1.3562408e-06,0.00012257301,2.2399655e-07
ISIC_0027393,1,1.17871934e-07,0.99999964,2.5557159e-09,6.8713084e-11,6.9135986e-08,6.1268494e-08,3.4393475e-09
ISIC_0032198,1,0.00017651438,0.999564,2.8595123e-06,7.338175e-06,0.00018481478,2.6309608e-05,3.8145125e-05
ISIC_0025183,1,1.8564878e-06,0.99999714,6.2747927e-09,3.210764e-07,1.4287683e-07,3.502945e-11,5.2135584e-07
ISIC_0027353,1,3.4271136e-07,0.99981314,2.9340097e-08,2.2313225e-07,0.00018599402,1.4836945e-07,1.8349124e-07
ISIC_0028616,1,0.000100855556,0.99965596,1.1578397e-08,3.4733134e-07,1.430462e-05,0.00022844126,6.8903425e-09
ISIC_0024611,1,6.580449e-05,0.9999025,2.5516261e-08,1.7092509e-06,2.9762155e-05,1.3172962e-07,9.464542e-08
ISIC_0029125,1,2.2734857e-06,0.9949787,4.0988177e-09,2.2568704e-05,0.004993655,2.5081574e-06,3.0454342e-07
ISIC_0027257,1,2.0672336e-05,0.9999728,4.183622e-06,7.389854e-08,1.3124576e-06,8.776627e-07,7.195505e-08
ISIC_0027491,1,0.001218765,0.99798065,7.187422e-07,1.6959966e-05,0.0007484979,1.6545897e-05,1.784497e-05
ISIC_0028603,1,2.6783113e-07,0.9999949,4.3672035e-09,5.316855e-11,6.529904e-07,3.856726e-06,4.000759e-07
ISIC_0032120,1,0.00019545387,0.9997843,4.7148e-08,2.943301e-09,1.9493516e-05,2.8203783e-07,5.341536e-07
ISIC_0030131,1,1.4362999e-07,0.9999523,1.2191469e-10,1.5097816e-10,2.6492404e-09,4.7513604e-05,4.9225696e-10
ISIC_0030409,1,1.5644038e-05,0.99997187,2.9043608e-09,2.7792453e-07,1.1567148e-05,5.7223735e-07,8.530975e-08
ISIC_0025167,1,9.2817965e-07,0.999998,2.6886854e-10,3.6199715e-08,4.684031e-07,2.3379529e-07,4.101889e-07
ISIC_0027417,1,3.265435e-06,0.9999968,1.0854379e-09,5.671947e-13,1.5089571e-09,2.228439e-10,1.2879638e-10
ISIC_0025648,1,5.3584925e-05,0.9999428,5.8108522e-08,1.1223758e-08,3.0437848e-06,1.5510908e-07,4.6864443e-07
ISIC_0032049,1,1.563931e-05,0.9999815,2.7878608e-08,5.5339644e-10,2.4388269e-06,3.0693624e-08,4.3002385e-07
ISIC_0027048,1,5.171433e-07,0.99996114,1.2306018e-06,1.0849666e-09,6.3234233e-07,3.6511934e-05,2.5988165e-08
ISIC_0028193,1,1.2640582e-07,0.99999595,8.5688756e-10,2.490239e-10,1.01975e-06,2.8892073e-06,1.0825298e-09
ISIC_0027232,1,0.0004854442,0.37552744,4.2314143e-09,9.7858196e-05,0.6238092,2.567019e-05,5.4429005e-05
ISIC_0027409,1,2.1280716e-06,0.99775165,3.109752e-06,6.25973e-07,1.0929929e-05,0.0021312565,0.00010029921
ISIC_0029556,1,0.00089985906,0.9986199,3.2409275e-07,5.9980984e-08,0.00047934754,2.5943842e-07,2.2896563e-07
ISIC_0025698,1,7.696893e-06,0.999992,5.658994e-10,4.274532e-11,7.5096755e-09,2.2673894e-09,2.5239402e-07
ISIC_0027016,1,8.161018e-05,0.9998927,5.516114e-11,2.635596e-07,2.5361585e-05,1.1081235e-08,2.4601869e-08
ISIC_0026300,1,0.0011203842,0.9958781,1.0769116e-08,5.2253097e-07,0.0026934815,0.00030665257,8.73309e-07
ISIC_0031032,1,2.6942944e-06,0.99998,7.757977e-07,6.6881887e-09,4.8907423e-06,1.1116292e-05,6.184054e-07
ISIC_0026119,1,4.3929937e-05,0.9999547,7.94613e-09,1.0988995e-08,1.7192467e-07,2.8354963e-09,1.2240511e-06
ISIC_0028345,1,4.1216387e-07,0.9999994,3.6598946e-09,4.352552e-10,6.1837495e-09,7.650873e-08,4.0745235e-08
ISIC_0024720,1,0.0018478656,0.99810165,4.6000866e-07,2.8560572e-07,9.4398965e-06,4.2956742e-08,4.0327486e-05
ISIC_0028741,1,9.378725e-06,0.99997866,3.329352e-07,1.1712018e-09,6.516687e-08,1.1002172e-05,5.997094e-07
ISIC_0028853,1,8.359549e-07,0.9998404,1.7161032e-07,1.11303756e-07,0.00015601974,2.3542843e-06,2.7798485e-08
ISIC_0027981,1,6.0764563e-07,0.99993706,3.2261448e-07,4.3799496e-08,6.109595e-05,2.9202308e-08,9.267495e-07
ISIC_0025951,1,0.0004003962,0.99912757,1.0711474e-07,2.4206513e-06,0.00033399445,0.00012703285,8.525341e-06
ISIC_0025060,1,7.495743e-05,0.999923,4.9771667e-09,5.052213e-08,1.8823963e-06,1.2147099e-07,1.0504395e-08
ISIC_0025125,1,0.000381312,0.57079625,5.271272e-06,2.4372348e-05,0.26953465,0.15918678,7.137519e-05
ISIC_0024568,1,5.459631e-06,0.99997365,1.8242096e-08,5.2554574e-09,2.073991e-05,1.3400056e-07,1.9712525e-08
ISIC_0029324,1,0.0019476033,0.99798113,3.0820936e-06,1.3993571e-07,6.449019e-05,3.327171e-06,3.1846898e-07
ISIC_0030101,1,1.3850439e-07,0.9999956,4.397064e-08,3.3207084e-10,5.893638e-08,4.2114752e-06,4.9548255e-08
ISIC_0027116,1,1.775842e-05,0.99992025,1.3964616e-10,7.618308e-11,6.110186e-05,8.721874e-07,1.8655399e-08
ISIC_0026966,1,5.632686e-05,0.9999436,2.6559515e-09,3.4393727e-12,3.1046716e-09,9.843106e-10,4.468172e-08
ISIC_0024990,1,3.0465422e-08,0.9999958,3.0070129e-09,1.5550616e-10,4.1104624e-08,4.057324e-06,4.4621684e-09
ISIC_0030928,1,4.9418496e-09,0.99994683,2.0588202e-09,4.252546e-07,6.7205915e-06,3.781449e-05,8.196759e-06
ISIC_0024849,1,2.7180001e-06,0.99998236,7.3415265e-08,8.8819256e-08,1.3451003e-05,7.781788e-07,4.4416703e-07
ISIC_0026597,1,1.0290639e-05,0.99992263,1.9905926e-06,1.9927207e-09,6.37004e-05,1.0617131e-06,2.8095678e-07
ISIC_0030927,1,3.3536882e-05,0.9999602,3.0151703e-09,1.9458251e-07,2.5142756e-06,3.4615664e-06,5.3865985e-08
ISIC_0028387,1,7.224064e-05,0.9998964,1.15182165e-05,4.0431235e-08,9.221843e-06,7.946186e-06,2.561478e-06
ISIC_0028207,1,0.058004487,0.4844699,2.2970118e-05,0.0006177026,0.4567148,2.0852414e-05,0.00014922081
ISIC_0032268,1,0.14037389,0.85465014,0.0010057655,3.3482462e-07,0.003928924,9.515538e-06,3.1509615e-05
ISIC_0026461,1,0.00030919522,0.99657416,2.1812061e-08,2.1206532e-07,0.0031101773,6.0510065e-06,2.1266234e-07
ISIC_0026184,1,0.0014967804,0.91971266,6.360903e-08,3.332795e-07,0.07865061,0.00013865595,8.393835e-07
ISIC_0027720,1,9.84566e-08,0.9999999,3.888664e-09,1.876535e-11,4.2945016e-09,1.0873419e-08,2.1672963e-09
ISIC_0030853,1,2.03929e-08,0.9999974,8.860585e-12,9.45938e-11,1.1882261e-08,2.4518247e-06,1.1203288e-07
ISIC_0027500,1,1.4742436e-07,0.9999993,1.2452153e-07,6.4020533e-10,3.397167e-07,1.06076e-08,5.4313066e-08
ISIC_0026762,1,1.2380656e-05,0.9999869,6.1298095e-08,5.207094e-09,2.2135322e-07,2.0081007e-08,4.1950332e-07
ISIC_0031505,1,7.556225e-05,0.99080724,1.2074232e-05,6.6372468e-06,0.008984114,3.2634674e-05,8.179989e-05
ISIC_0024342,1,0.0013878567,0.99680066,2.403035e-06,1.7017797e-05,0.00012871786,0.0014829342,0.00018042739
ISIC_0028081,1,1.5596298e-07,0.99995494,7.4631444e-06,5.177752e-09,3.5655095e-05,2.9709378e-07,1.5606348e-06
ISIC_0024950,1,1.6378061e-06,0.99997914,9.780174e-08,1.5979769e-08,8.310234e-06,4.5482032e-08,1.0843748e-05
ISIC_0026002,1,0.00023105153,0.999767,4.0053763e-08,9.35094e-08,1.5240394e-06,2.5229485e-07,7.165391e-08
ISIC_0025768,1,2.347492e-08,1.0,1.1512977e-12,7.3104906e-13,6.388368e-11,8.2298496e-10,1.14972545e-10
ISIC_0024939,1,2.3321033e-06,0.9999223,1.07077485e-08,8.7608605e-08,7.434221e-05,8.197698e-08,8.205149e-07
ISIC_0024583,1,0.00018347634,0.9998142,1.0155626e-08,1.821705e-07,1.7516235e-06,1.15824434e-07,2.62545e-07
ISIC_0024601,1,3.8926188e-05,0.9999577,1.8067468e-07,3.048987e-10,1.3355183e-06,2.4612197e-08,1.8427638e-06
ISIC_0025059,1,1.3879769e-07,0.99999845,3.9874104e-09,2.0881841e-10,8.5659934e-07,3.4474482e-07,1.6983853e-07
ISIC_0031655,1,9.162081e-09,0.9999995,5.747306e-11,1.27689595e-11,4.287674e-09,4.3225188e-07,9.8305364e-11
ISIC_0029071,1,7.027107e-07,0.9999838,2.3811113e-09,6.36225e-09,1.53765e-05,1.4670526e-07,1.514122e-08
ISIC_0029532,1,0.032554016,0.967261,1.460978e-05,1.13731716e-07,0.00016876314,1.4047214e-06,4.761787e-08
ISIC_0029458,1,5.416536e-06,0.9999101,4.666821e-10,2.1712733e-08,8.398409e-05,5.0123367e-07,4.5653497e-08
ISIC_0029921,1,6.2019365e-07,0.9999989,1.9925667e-11,2.037449e-09,3.5268556e-07,1.6965326e-07,7.931278e-09
ISIC_0031082,1,2.1106632e-07,0.99999845,2.7968383e-09,3.3323182e-09,9.799161e-09,1.2635304e-06,3.3536338e-09
ISIC_0027132,1,7.484049e-09,0.9999993,7.1517597e-12,5.6306466e-09,7.0891485e-07,2.2459545e-08,1.7091407e-08
ISIC_0024719,1,5.896355e-05,0.99989796,3.901895e-08,8.564222e-08,1.1100837e-05,3.1637876e-05,2.333449e-07
ISIC_0031939,1,1.4165398e-06,0.999905,6.25662e-10,3.4110332e-07,9.290144e-05,2.1933637e-07,5.958398e-08
ISIC_0029156,1,1.4128323e-05,0.99987197,1.512842e-07,4.343131e-07,0.0001125012,3.9805716e-08,7.672822e-07
ISIC_0030584,1,1.2715828e-06,0.9980294,6.838323e-07,6.1873234e-06,7.5814416e-05,0.0018831647,3.5337043e-06
ISIC_0030294,1,0.00014196361,0.9997805,1.6355991e-09,6.9589544e-07,7.5768534e-05,9.742539e-07,1.8364035e-07
ISIC_0031861,1,8.2733145e-09,0.9999683,6.298827e-11,1.6308966e-09,3.1098753e-05,5.921435e-07,1.1004979e-08
ISIC_0030701,1,6.624766e-06,0.9992797,5.2071872e-08,5.702303e-07,0.0006669324,4.335855e-05,2.7417168e-06
ISIC_0028245,1,3.3005314e-08,0.9999958,2.4596733e-10,7.591247e-12,1.5400364e-08,3.303492e-06,7.5887976e-07
ISIC_0032117,1,2.9499827e-07,0.9999757,7.1114483e-09,3.2782537e-09,1.4174002e-05,9.652943e-06,2.3266018e-07
ISIC_0031723,1,1.8409283e-07,0.9999982,2.4888405e-09,4.670198e-10,3.7930133e-07,9.605045e-07,3.1137995e-07
ISIC_0025521,1,6.136062e-07,0.99993765,4.209984e-07,6.201158e-06,3.1215553e-05,9.549649e-06,1.438733e-05
ISIC_0026312,1,3.1291681e-06,0.9999945,3.4884444e-09,1.0265593e-08,1.7955048e-06,1.1451917e-07,4.3979298e-07
ISIC_0030022,1,8.802431e-05,0.99990916,2.4938265e-09,8.76069e-09,2.3113198e-06,2.047497e-08,4.666708e-07
ISIC_0026821,1,8.657567e-05,0.99841094,1.07021584e-07,2.0420879e-07,0.0015013766,3.2474048e-07,3.6969467e-07
ISIC_0024713,1,4.7347396e-05,0.99995184,1.918807e-09,7.639933e-09,1.712544e-07,2.5658238e-07,4.4137798e-07
ISIC_0027460,1,1.7286748e-06,0.99997294,2.7477006e-08,2.0062619e-06,2.2954368e-05,5.148678e-08,2.819598e-07
ISIC_0031664,1,1.2330727e-06,0.99986684,2.7017455e-07,3.1897125e-09,0.00013133966,5.9682826e-08,2.2872284e-07
ISIC_0030215,1,1.6931897e-06,0.9999982,2.007327e-08,6.4041164e-12,1.18524595e-08,7.2952574e-08,4.719754e-10
ISIC_0031669,1,0.0036456503,0.9961604,4.3119917e-06,8.709583e-06,6.0082424e-05,0.000116412295,4.4493745e-06
ISIC_0030861,1,0.0009993614,0.99896455,2.5238041e-08,4.100938e-09,2.9151812e-05,4.712754e-06,2.126122e-06
ISIC_0029521,1,3.953695e-07,0.99994695,9.671984e-07,1.1271647e-08,3.0002739e-06,4.019137e-05,8.511618e-06
ISIC_0025307,1,0.0013925467,0.99692625,7.766057e-06,2.0160385e-06,0.0016642459,4.1008316e-06,2.9761322e-06
ISIC_0024434,1,4.7137444e-05,0.9999471,8.7239654e-10,7.294703e-08,8.408652e-08,7.2604696e-09,5.6042295e-06
ISIC_0024542,1,0.0006459898,0.99776053,5.58158e-08,8.0729544e-05,0.0015101789,9.90654e-07,1.4707151e-06
ISIC_0025827,1,4.613449e-09,1.0,5.3962557e-11,1.3397577e-10,3.9833218e-08,3.0577485e-09,2.22485e-09
ISIC_0026686,1,1.2576245e-06,0.9999987,7.8561095e-11,2.3570441e-09,6.701109e-09,1.2078473e-11,4.892554e-10
ISIC_0032449,1,0.006241774,0.9937384,6.2763883e-09,5.8391922e-08,3.8542694e-08,6.0512626e-09,1.97478e-05
ISIC_0031665,1,0.0011001391,0.9988921,4.6492366e-07,3.6825623e-09,7.0514093e-06,2.4598788e-07,3.138643e-08
ISIC_0024616,1,7.92609e-05,0.9911876,0.00011347062,0.00032314876,0.005652444,4.7800415e-05,0.002596213
ISIC_0027274,1,0.0017917001,0.9980996,3.8675668e-07,3.551694e-08,0.000107318236,9.263823e-07,2.6464978e-08
ISIC_0031110,1,2.983447e-07,0.9999976,1.5510063e-10,4.255853e-11,2.106725e-06,2.586198e-08,1.8591649e-09
ISIC_0030103,1,5.427664e-05,0.9999449,2.3608914e-08,9.265239e-10,6.10453e-07,6.220999e-08,6.275039e-09
ISIC_0029649,1,3.9405018e-06,0.99999607,3.3486047e-11,1.598798e-10,2.746441e-10,6.5301575e-10,1.1714723e-09
ISIC_0032255,1,1.6064082e-06,0.99999714,8.34577e-11,1.9583564e-10,1.1972576e-06,2.5968723e-09,8.071852e-09
ISIC_0026127,1,4.6896716e-07,0.9999255,1.3910304e-09,6.518186e-10,7.383985e-05,2.704376e-07,2.0757824e-09
ISIC_0026162,1,2.6076414e-06,0.9999473,2.021158e-07,1.6695875e-06,4.0146297e-05,7.3891447e-06,7.053592e-07
ISIC_0029497,1,8.37479e-07,0.99978894,7.4389592e-09,3.4010776e-09,0.00020812899,2.1092665e-06,8.753803e-10
ISIC_0024398,1,1.3947431e-05,0.99976224,1.960257e-07,1.3153158e-08,0.00021957471,3.7607729e-06,2.1631125e-07
ISIC_0032038,1,5.265981e-06,0.99999464,2.3711765e-08,5.7016556e-09,1.882917e-08,3.3537123e-08,6.781213e-08
ISIC_0024895,1,3.3281788e-06,0.9997944,1.05575e-07,1.1344792e-07,0.0002007722,1.0269364e-06,2.4182353e-07
ISIC_0025190,1,7.724374e-06,0.9999913,7.494199e-10,1.7457086e-07,8.0045453e-07,4.875659e-09,4.298368e-08
ISIC_0030222,1,0.0011737525,0.9986512,1.057263e-08,4.827986e-07,0.00017429412,1.8797357e-07,9.499836e-08
ISIC_0028748,1,0.00018469895,0.999739,3.704497e-08,4.874566e-10,7.544245e-05,3.9706796e-07,5.223971e-07
ISIC_0031235,1,7.1171103e-06,0.99999285,9.663694e-11,4.007217e-10,6.036435e-08,1.9872818e-08,3.684905e-09
ISIC_0028391,1,6.7434894e-07,0.99999464,1.2912172e-07,1.4236743e-08,1.1217279e-06,4.2828026e-07,2.9065566e-06
ISIC_0027182,1,1.4151269e-05,0.99998033,7.1765214e-08,6.5843087e-10,4.8176803e-06,9.99359e-08,4.7167836e-07
ISIC_0024399,1,3.1838613e-06,0.99999475,1.0557284e-06,7.206552e-09,4.6893882e-07,4.8465347e-07,5.32435e-09
ISIC_0024603,1,2.9210975e-07,0.99999964,6.087848e-12,3.1120773e-10,5.901063e-08,1.910069e-09,1.6136118e-08
ISIC_0029868,1,2.1607739e-06,0.999977,6.30146e-09,4.795178e-09,1.6848866e-05,3.992643e-06,7.044366e-08
ISIC_0025429,1,0.010519848,0.98092526,1.0530869e-06,1.0989486e-08,0.008544879,8.796281e-06,1.6681047e-07
ISIC_0031992,1,1.4194585e-05,0.99998295,4.8590846e-07,1.7848512e-10,1.0668725e-06,1.3613351e-06,4.4770065e-08
ISIC_0029622,1,2.0697108e-07,0.999944,3.3881402e-05,1.3680267e-07,3.5757594e-06,1.6703012e-05,1.4992464e-06
ISIC_0030763,1,1.8942046e-06,0.99999285,6.606652e-08,9.200989e-08,3.217385e-06,4.2769338e-07,1.3922291e-06
ISIC_0031022,1,8.2255205e-08,0.99993825,3.2050531e-09,1.12872584e-07,2.8042954e-05,3.333825e-05,1.01894116e-07
ISIC_0032264,1,4.93718e-05,0.95284986,2.0947247e-05,2.291899e-06,0.04703558,2.0903824e-05,2.1036214e-05
ISIC_0029941,1,9.072042e-06,0.9999908,1.3765731e-12,2.2181845e-10,3.8770924e-08,5.155587e-09,5.5644406e-08
ISIC_0025503,1,1.108805e-06,0.9999925,4.7568105e-09,1.1994935e-09,3.7187417e-07,5.1111083e-06,8.442691e-07
ISIC_0029691,1,1.6821466e-05,0.9999708,5.9426835e-08,4.8911538e-08,7.287207e-06,4.669353e-06,3.4734134e-07
ISIC_0028394,1,4.364392e-05,0.99993145,4.952247e-09,2.8913721e-08,2.2861072e-05,2.0200612e-06,2.9363669e-08
ISIC_0024508,1,0.0037868468,0.9961991,2.682554e-08,9.108362e-08,1.344303e-05,4.997007e-07,1.9584403e-08
ISIC_0024769,1,6.855805e-06,0.9999881,1.6976421e-09,8.651417e-09,5.089296e-06,4.2339586e-08,3.2220935e-09
ISIC_0031862,1,5.102832e-06,0.9986884,1.6679905e-07,3.3255304e-08,0.0012783733,2.724511e-05,6.674489e-07
ISIC_0029058,1,1.4131781e-07,0.99999285,2.0429314e-09,4.947427e-08,6.9510565e-06,1.3267676e-08,1.9643243e-08
ISIC_0031608,1,2.5369384e-06,0.9999366,1.6573171e-09,4.53632e-09,4.7583097e-05,1.3070411e-05,1.4515913e-07
ISIC_0026642,1,9.282627e-05,0.9985025,1.2522064e-08,1.9657335e-08,0.0014046552,5.33189e-09,1.2023921e-08
ISIC_0031590,1,1.5755155e-06,0.99999475,1.3199342e-09,3.0987604e-09,3.5832738e-06,9.8472064e-08,9.852913e-09
ISIC_0026331,1,1.2843111e-09,1.0,1.4431933e-10,3.4237008e-12,2.4374975e-08,3.0321438e-08,3.5433428e-10
ISIC_0027362,1,2.7765098e-05,0.99996364,1.329047e-07,3.0636267e-09,2.533167e-07,7.5927996e-06,5.1883404e-07
ISIC_0030475,1,1.0982708e-06,0.9999957,1.9856631e-07,5.8280036e-10,2.0186176e-06,5.087852e-07,4.4005827e-07
ISIC_0024689,1,0.0012533742,0.99874496,4.1602934e-08,6.6612993e-10,7.2875775e-07,4.1105645e-07,5.607497e-07
ISIC_0032483,1,1.8495407e-06,0.99999785,8.0920626e-10,9.65096e-11,9.075416e-09,2.7329943e-07,1.0222055e-08
ISIC_0025186,1,8.4181687e-07,0.9999981,5.16124e-10,4.3377087e-11,7.0060076e-07,2.4877534e-07,1.6023114e-07
ISIC_0032503,1,6.818952e-07,0.99993443,7.549756e-09,8.766893e-06,4.5304012e-05,1.035624e-05,3.3468314e-07
ISIC_0030228,1,5.759954e-10,1.0,1.572345e-11,5.57268e-12,1.3326401e-09,2.9745275e-09,4.66466e-10
ISIC_0028521,1,3.6543292e-06,0.9999962,2.5911193e-10,1.2203229e-08,5.0624127e-08,5.5792423e-08,9.0315964e-08
ISIC_0025762,1,0.005084869,0.9949079,1.013213e-09,6.184785e-07,6.408179e-06,5.59559e-10,2.0091106e-07
ISIC_0025114,1,5.5049736e-07,0.99999857,8.103575e-10,9.0757296e-10,8.2122256e-07,9.594135e-09,2.274434e-09
ISIC_0030386,1,0.00018186927,0.9998172,2.123282e-10,3.3661008e-11,1.7491594e-08,9.148023e-07,1.0936794e-09
ISIC_0032401,1,1.5524513e-06,0.99999785,6.055132e-09,4.9027976e-10,2.8448963e-07,3.7276773e-09,2.535349e-07
ISIC_0030713,1,5.4742046e-05,0.9997856,2.0414689e-08,1.5367662e-07,0.00015891764,3.3581267e-07,2.6422845e-07
ISIC_0028070,1,2.2942211e-05,0.9999764,9.561461e-09,9.502572e-09,4.5209703e-07,6.051795e-08,5.9339392e-08
ISIC_0031336,1,2.117437e-06,0.99998903,9.17672e-07,1.6163933e-06,1.0587815e-06,8.081711e-08,5.131359e-06
ISIC_0026917,1,9.832942e-07,0.9999989,1.778328e-10,8.040849e-11,7.76947e-08,7.323486e-10,3.520195e-09
ISIC_0031419,1,5.643482e-05,0.99993014,2.1660482e-07,2.0234923e-08,7.706993e-08,1.993081e-06,1.1144036e-05
ISIC_0029586,1,2.3323982e-07,0.99954957,1.8835406e-08,5.198443e-07,2.0143149e-07,0.00043729492,1.21727435e-05
ISIC_0028405,1,0.00030474245,0.9992059,1.3936711e-06,1.8588972e-06,0.00047751635,1.4329157e-08,8.636826e-06
ISIC_0025189,1,0.00020540171,0.99975246,1.055063e-08,1.5569156e-09,4.07645e-05,1.2981953e-06,6.393595e-09
ISIC_0024549,1,0.0064199492,0.992226,2.1699277e-06,1.7173334e-06,0.0013432077,6.477812e-06,3.599754e-07
ISIC_0030169,1,2.0298548e-05,0.99950624,1.8458815e-08,2.6747248e-08,1.618421e-06,0.0004718126,4.1000735e-08
ISIC_0028563,1,4.678234e-06,0.99985385,2.4278805e-08,5.8846285e-07,0.00014016712,5.6204027e-07,6.1324094e-08
ISIC_0027656,1,4.1060113e-07,0.99957293,1.8141536e-08,5.677081e-07,0.00042522192,8.666559e-07,1.2679142e-08
ISIC_0027459,1,1.9164763e-05,0.999856,4.8368682e-09,2.5021329e-08,0.00012451384,2.7040903e-07,3.3187844e-09
ISIC_0027913,1,0.0011136079,0.99888605,2.1119867e-10,6.388618e-08,1.0226614e-08,4.5711854e-08,2.1486458e-07
ISIC_0028374,1,0.00016182556,0.9998349,2.229767e-09,2.8849154e-10,2.4066126e-06,8.184379e-07,1.1035248e-08
ISIC_0024614,1,1.2366737e-05,0.99998724,5.2061655e-08,2.2181692e-09,1.7468889e-07,6.545806e-08,3.9646174e-08
ISIC_0028134,1,2.917305e-05,0.999964,1.4582365e-08,1.5381928e-09,2.8844984e-06,2.3078373e-07,3.743238e-06
ISIC_0026187,1,0.0005580952,0.98957074,4.6997403e-07,3.3344922e-06,0.009855065,3.430296e-06,8.889571e-06
ISIC_0031736,1,8.227376e-06,0.9999654,8.562537e-10,8.050681e-10,6.984152e-07,2.5629608e-05,3.4884826e-09
ISIC_0025382,1,0.0015017809,0.99848986,3.2828947e-08,5.1629158e-08,6.4504766e-06,3.6099998e-08,1.8488628e-06
ISIC_0030572,1,1.1648572e-05,0.9999616,1.5564663e-09,4.0958473e-10,2.6370324e-05,3.0556635e-07,2.7755216e-09
ISIC_0027131,1,2.493759e-06,0.99997497,6.317618e-10,5.46363e-09,2.2421264e-05,7.617411e-09,7.403851e-08
ISIC_0025077,1,3.759971e-07,0.99999964,2.3921014e-09,3.35424e-12,1.2138127e-09,4.2054977e-09,2.7654004e-10
ISIC_0029158,1,2.141204e-07,0.9999993,1.4768995e-08,5.040956e-10,1.8667205e-07,1.124688e-07,1.8119641e-07
ISIC_0026428,1,0.001657802,0.99834156,2.7603428e-09,1.8869015e-09,6.240589e-07,2.3841903e-08,8.277235e-09
ISIC_0027521,1,4.070036e-08,0.9999999,8.324786e-12,1.464247e-09,7.358197e-08,4.564462e-08,1.4211985e-09
ISIC_0024442,1,6.7254464e-06,0.9999794,1.4365128e-07,6.179785e-08,4.0003824e-06,6.901561e-08,9.4989455e-06
ISIC_0027619,1,0.04532362,0.954573,1.9153212e-08,1.4673183e-08,2.6002292e-07,0.00010307465,5.1109442e-08
ISIC_0030438,1,1.0874872e-06,0.9999962,1.2914914e-09,1.5749221e-07,2.4326625e-06,8.594176e-08,2.0031731e-08
ISIC_0031155,1,0.06965799,0.93018836,7.063311e-05,3.3042116e-07,8.253887e-05,1.0350713e-07,5.4397727e-08
ISIC_0030667,1,3.9521186e-05,0.99996006,1.1239849e-08,3.966608e-10,4.933253e-08,4.024594e-07,3.100026e-08
ISIC_0024742,1,2.7448586e-06,0.9999927,7.0056694e-09,1.3778856e-06,7.6231345e-07,2.3533748e-06,9.471617e-10
ISIC_0025185,1,1.6269923e-05,0.99998116,1.7458664e-08,9.6545175e-11,2.6020555e-06,5.75816e-08,3.8868486e-09
ISIC_0028093,1,9.6701915e-05,0.9999008,7.738859e-09,2.1574117e-08,2.3336595e-06,1.7893214e-08,1.6836498e-07
ISIC_0029131,1,0.0016501285,0.99794716,4.2045463e-05,1.2734822e-07,0.00012163659,0.00023835739,4.9195233e-07
ISIC_0030392,1,0.0016362972,0.98089683,6.7067155e-08,7.376723e-09,0.017465709,3.7668297e-08,1.0793702e-06
ISIC_0030631,1,0.0014199092,0.9985128,5.6282825e-06,4.1877854e-08,3.1118038e-06,5.828318e-05,2.1752906e-07
ISIC_0027243,1,0.0023853467,0.99393445,1.2591723e-06,1.0555864e-06,0.0036774047,5.9212045e-08,4.239985e-07
ISIC_0026047,1,4.0337163e-05,0.9877015,0.0005651954,0.010560621,0.0009104006,2.1416145e-05,0.00020050541
ISIC_0025829,1,1.4999913e-05,0.9999472,2.6131488e-09,6.177889e-08,3.136682e-05,2.1657163e-08,6.2597437e-06
ISIC_0029325,1,1.9508134e-08,0.9999994,1.0120878e-08,1.1089305e-09,2.9912187e-07,1.5798265e-07,1.7740969e-07
ISIC_0029283,1,1.7104137e-08,0.9999943,4.2964934e-09,2.8894853e-09,5.7848393e-09,1.2521097e-07,5.564121e-06
ISIC_0026405,1,5.3084304e-06,0.9999945,2.0231072e-10,4.911676e-09,6.8658345e-08,5.315393e-11,5.6508277e-08
ISIC_0026078,1,6.337715e-07,0.9998927,6.4826594e-07,6.928616e-09,2.3613975e-07,0.00010571541,7.590983e-09
ISIC_0025163,1,6.140526e-07,0.9999974,3.3208175e-07,1.9693205e-10,1.602055e-07,4.2392526e-07,1.040925e-06
ISIC_0025280,1,0.028253192,0.9717311,2.3662421e-06,1.46099906e-08,1.2651945e-05,2.3328136e-08,6.1409634e-07
ISIC_0031280,1,0.0063840314,0.9714084,1.02024735e-07,0.0007748008,0.019935284,0.0009045442,0.00059280935
ISIC_0030201,1,7.0208935e-06,0.9999914,4.7111733e-08,3.45722e-10,4.7856037e-07,5.083038e-07,5.0492713e-07
ISIC_0025537,1,0.0003768364,0.9996214,2.2572455e-07,4.51824e-11,3.963509e-07,1.0790366e-06,8.443576e-09
ISIC_0028125,1,1.6675795e-08,0.9999999,5.9691093e-12,4.7365445e-10,1.2558684e-07,5.850766e-08,1.31952875e-08
ISIC_0025216,1,1.6164415e-07,0.99972576,5.267239e-09,6.853419e-08,0.00027367222,8.65232e-08,1.10322816e-07
ISIC_0027050,1,2.66585e-07,0.9999987,3.6342496e-10,3.4390886e-09,6.776557e-07,1.5754561e-07,2.9854425e-07
ISIC_0031843,1,0.048780616,0.9490861,0.00040638,1.2389392e-05,0.0017043111,9.383505e-06,6.9360044e-07
ISIC_0025270,1,0.0008569539,0.9983941,3.8980872e-07,9.548753e-07,0.00074592064,1.6851988e-06,7.359986e-08
ISIC_0029506,1,1.5304298e-05,0.9995621,5.160872e-09,6.563873e-08,0.0004194034,1.5523156e-07,2.9354785e-06
ISIC_0028189,1,5.070715e-05,0.9999435,3.207149e-09,4.9817324e-09,1.7437342e-06,3.973426e-06,9.107996e-08
ISIC_0026198,1,8.408162e-08,0.99897003,2.2931658e-06,1.6097275e-06,0.0010211488,3.5173969e-06,1.2304919e-06
ISIC_0031616,1,2.4396918e-06,0.99999654,1.9990219e-07,7.0745942e-09,3.8301417e-07,1.3268213e-07,3.5813378e-07
ISIC_0025304,1,0.00014999976,0.9998325,1.275758e-05,4.862662e-10,1.0411831e-08,7.688963e-07,3.951063e-06
ISIC_0030864,1,1.0107978e-05,0.99998784,3.7820973e-09,2.6282871e-08,1.5636853e-06,4.247269e-07,5.5874278e-08
ISIC_0027594,1,1.1239797e-05,0.9999844,1.4490685e-09,5.6288044e-08,4.3701516e-06,2.8923305e-08,1.0585352e-08
ISIC_0030381,1,7.75241e-08,0.9999999,4.0228754e-10,5.8918643e-12,4.6074047e-10,3.3679992e-08,2.1722295e-09
ISIC_0026616,1,0.00011404795,0.99987423,1.8272599e-06,9.659578e-08,2.45245e-07,9.364715e-06,1.3801572e-07
ISIC_0031124,1,0.0002261508,0.97230643,1.3448009e-06,2.217591e-06,0.027434424,2.9238483e-05,1.9002452e-07
ISIC_0029234,1,0.00032983412,0.9996132,2.753514e-09,2.7995046e-07,5.6599514e-05,8.243356e-08,1.07490195e-08
ISIC_0026287,1,1.4014165e-06,0.99997354,3.5842518e-07,1.6356762e-07,9.11843e-06,1.3457196e-05,1.9963425e-06
ISIC_0027748,1,0.24700125,0.73248076,7.137436e-05,9.3537906e-08,8.668446e-05,0.00015214423,0.020207731
ISIC_0024878,1,7.140388e-05,0.9991258,7.7706966e-07,7.918468e-07,0.00074458926,5.468803e-05,1.9168153e-06
ISIC_0029076,1,0.06114294,0.9388067,1.9135232e-05,6.3373463e-06,1.6163314e-05,4.05582e-06,4.5825723e-06
ISIC_0027484,1,3.7921825e-05,0.99996126,6.321051e-10,9.052743e-10,1.8608153e-08,2.3402717e-07,5.1486546e-07
ISIC_0030216,1,0.0035303864,0.996433,1.1319775e-06,1.5614832e-07,2.4692945e-06,2.6171628e-07,3.2629883e-05
ISIC_0028893,1,0.00015205459,0.99984765,2.0896142e-10,3.0701504e-09,1.6638764e-07,2.0503606e-08,4.9691774e-08
ISIC_0030808,1,1.279496e-07,0.99999845,8.616661e-07,3.6000053e-08,3.027465e-07,3.4980744e-08,2.1750954e-07
ISIC_0026944,1,2.38866e-07,0.9991773,2.8064107e-09,3.8351498e-08,0.0008221732,1.1097226e-07,2.2044834e-07
ISIC_0025283,1,9.163884e-08,0.9999974,7.4137496e-09,2.0397477e-09,1.6795623e-07,1.4161993e-06,8.984706e-07
ISIC_0030078,1,2.592631e-07,0.99983406,1.9413595e-07,6.5381914e-06,0.00010312741,3.973179e-05,1.6065209e-05
ISIC_0027676,1,3.3432875e-07,0.9999746,1.227955e-06,5.5327604e-08,9.815881e-06,2.4982928e-06,1.1472743e-05
ISIC_0030601,1,3.0202516e-06,0.99993443,2.075025e-09,3.923477e-07,5.892938e-05,5.206618e-07,2.8307475e-06
ISIC_0028434,1,1.5226761e-06,0.9999975,7.2009754e-10,1.2958679e-09,9.111594e-07,3.6693255e-08,2.5555948e-08
ISIC_0028703,1,0.000556074,0.9994429,2.4785265e-07,5.0652282e-09,6.5864435e-07,9.7856365e-08,3.209393e-08
ISIC_0025435,1,5.427172e-07,0.9999993,3.16808e-10,4.0852885e-10,1.6381975e-07,7.512681e-09,5.4447225e-10
ISIC_0025468,1,0.00045943362,0.99907506,1.2275285e-05,3.027878e-06,0.00044494367,3.5464864e-06,1.7734284e-06
ISIC_0026354,1,0.0004370996,0.9989593,1.0909652e-08,3.5644963e-08,1.2044584e-05,0.00058784196,3.6746064e-06
ISIC_0030325,1,1.3811543e-05,0.99998605,2.2507955e-09,1.1573606e-08,2.2979274e-08,9.103867e-08,1.3755641e-08
ISIC_0026410,1,0.12071052,0.8792224,6.6954485e-08,2.2929705e-06,6.716118e-06,5.720101e-05,7.1564494e-07
ISIC_0028040,1,3.487116e-06,0.9999964,2.906642e-10,2.4012061e-11,2.0176634e-09,9.0352856e-08,4.1840234e-10
ISIC_0025479,1,4.4023995e-08,0.999997,5.0438027e-09,1.0219747e-08,9.3117814e-07,1.6671716e-07,1.9029088e-06
ISIC_0027980,1,5.2726186e-06,0.9999926,2.79104e-09,1.3516193e-09,2.1864778e-07,8.859374e-07,1.0883009e-06
ISIC_0029901,1,3.7271937e-09,0.99999404,1.6239203e-09,1.818192e-08,4.2445804e-06,1.6931456e-06,4.211713e-08
ISIC_0031425,1,2.179889e-06,0.99999726,1.8814248e-08,9.371901e-11,4.3959623e-09,2.4442274e-08,5.501361e-07
ISIC_0030472,1,5.5989153e-06,0.99999404,1.4523891e-09,1.2344806e-09,2.5530974e-07,1.7130131e-07,6.784492e-09
ISIC_0026482,1,5.381952e-07,0.9999988,9.089122e-10,5.9422545e-10,5.499355e-07,1.1174664e-07,3.2747172e-09
ISIC_0026379,1,5.9588054e-08,0.9999982,1.5844045e-12,1.0427479e-10,6.9975776e-08,1.6563489e-06,2.1627453e-10
ISIC_0024912,1,4.2768033e-06,0.99998856,1.4851917e-08,1.8828472e-09,6.5418894e-06,1.909935e-07,4.2211016e-07
ISIC_0025014,1,0.09961651,0.8098312,0.020565595,0.06259582,0.0013189667,0.00441804,0.0016538833
ISIC_0031772,1,8.28165e-06,0.9999914,1.6568288e-10,4.346627e-10,2.42564e-07,2.9641534e-10,8.9169685e-09
ISIC_0029842,1,0.04717647,0.9528154,4.7090314e-08,4.9107783e-08,5.6511717e-06,1.2048889e-07,2.331969e-06
ISIC_0024691,1,0.9036943,0.09596528,2.0731366e-06,1.6395028e-08,0.00018569216,0.00013856783,1.4115677e-05
ISIC_0027556,1,5.8729065e-06,0.9999393,1.5271494e-08,7.292112e-07,4.5888606e-05,1.6059737e-06,6.5812023e-06
ISIC_0024417,1,1.8989887e-05,0.9999143,2.7370158e-08,7.813669e-10,6.128954e-05,4.876356e-06,4.6346918e-07
ISIC_0024541,1,2.0317457e-06,0.999998,2.670274e-12,3.7501608e-14,1.4238297e-10,8.0596707e-10,1.6578955e-10
ISIC_0025371,1,0.04435688,0.6733165,1.8689682e-06,4.4509543e-06,0.2797649,0.0025430091,1.2503323e-05
ISIC_0031696,1,0.0072183455,0.9926609,3.2084088e-06,8.142173e-08,6.358587e-05,2.6763794e-07,5.358814e-05
ISIC_0030696,1,2.6700232e-05,0.9988636,1.6294673e-06,5.8224583e-07,0.0010161484,9.012816e-05,1.2611243e-06
ISIC_0025026,1,1.0960879e-06,0.9999821,3.275589e-08,3.624502e-08,7.695621e-06,8.948726e-06,5.959426e-08
ISIC_0027965,1,0.0022821936,0.9974375,1.3031293e-07,1.3255433e-10,0.0002795766,5.780977e-07,2.6858016e-08
ISIC_0028722,1,7.997176e-06,0.9999919,1.5909356e-08,1.6239818e-09,1.2831927e-07,2.6358926e-09,3.6584293e-09
ISIC_0031858,1,2.6408858e-07,0.9976139,2.3022212e-08,9.271694e-07,0.0023820212,2.5601091e-06,2.2078393e-07
ISIC_0025401,1,3.3679746e-05,0.99996245,4.987667e-08,7.5796297e-10,2.8285033e-06,9.667218e-07,6.7367742e-09
ISIC_0026579,1,1.7784835e-09,1.0,2.3265294e-11,3.105544e-10,5.0207465e-08,5.2039088e-08,8.006916e-10
ISIC_0029551,1,0.0019613649,0.99803203,1.7815567e-09,1.1729195e-09,9.261517e-09,6.595799e-06,1.7642442e-08
ISIC_0032297,1,0.00092751585,0.99904495,3.15133e-09,3.138688e-07,5.927103e-07,1.1532288e-06,2.5420006e-05
ISIC_0026973,1,3.3699813e-05,0.9998801,9.919771e-10,4.3341192e-08,8.456045e-05,1.4587135e-06,1.6256396e-07
ISIC_0031830,1,7.6412476e-08,0.9998487,2.9865637e-07,2.4869609e-08,7.0866014e-07,0.00015007932,1.1647067e-07
ISIC_0030887,1,3.0671765e-07,0.99999917,6.091545e-10,6.188376e-08,7.869008e-08,1.1320562e-08,3.4534165e-07
ISIC_0026542,1,5.3631327e-05,0.9997613,1.6450146e-07,1.9807422e-07,0.00018441124,8.611713e-08,1.6155835e-07
ISIC_0029282,1,2.0104276e-06,0.99999475,1.7010155e-08,1.5237208e-06,7.9197497e-07,1.02422435e-08,9.3292454e-07
ISIC_0025490,1,0.00038574517,0.99910575,2.9777759e-08,3.3983408e-08,0.00050799246,3.1597347e-07,6.568139e-08
ISIC_0029063,1,3.287785e-07,0.99999964,6.773792e-11,8.817383e-11,2.8476452e-09,3.0996253e-10,7.834864e-08
ISIC_0026479,1,1.3238022e-06,0.9999926,3.325581e-09,2.8898262e-10,5.5663086e-06,4.6325317e-07,4.2504197e-08
ISIC_0030098,1,2.5916756e-06,0.99999714,7.564144e-08,3.4621048e-09,3.8113622e-08,7.570321e-08,2.4782707e-08
ISIC_0031265,1,1.9263714e-05,0.9999801,9.904654e-10,7.2483075e-10,6.249466e-07,1.5254059e-09,9.336015e-09
ISIC_0026951,1,2.6064958e-05,0.9999738,3.688062e-09,8.541606e-12,6.1493646e-09,1.5830679e-07,4.14223e-08
ISIC_0029244,1,8.4674466e-05,0.99991524,8.125826e-09,3.4410783e-09,2.8007054e-09,2.8594818e-09,1.6558008e-08
ISIC_0026041,1,2.7960046e-05,0.99997187,2.9106106e-09,4.5831353e-11,1.2238858e-07,1.00972315e-08,2.0519884e-08
ISIC_0030576,1,1.5883248e-07,0.99999213,6.970786e-12,4.4635373e-10,7.264603e-06,3.9546848e-07,1.3203514e-07
ISIC_0027979,1,7.905447e-06,0.99997294,2.4501344e-07,1.4887952e-07,1.038244e-05,7.476615e-06,9.3088767e-07
ISIC_0030234,1,5.3641554e-07,0.9999968,1.7801451e-08,1.4484777e-10,2.6638259e-06,5.0146912e-08,1.0825644e-08
ISIC_0029285,1,0.004878066,0.9951113,1.5660133e-08,1.1012679e-10,2.6460734e-08,1.03035845e-05,3.1957836e-07
ISIC_0031312,1,3.923665e-05,0.9999385,1.2621052e-09,1.5795375e-07,2.1558631e-05,4.0307987e-07,2.1342505e-07
ISIC_0032323,1,0.00027664623,0.999713,5.7723517e-11,3.365717e-08,1.0243886e-05,8.802499e-09,3.2436194e-08
ISIC_0025739,1,2.2289829e-05,0.9999312,3.6226016e-09,1.8028805e-08,2.3318118e-05,6.500578e-07,2.25343e-05
ISIC_0025574,1,1.052038e-06,0.9999987,3.3625358e-10,3.4124193e-11,2.7333638e-07,1.704685e-09,2.612345e-10
ISIC_0026304,1,2.2525466e-05,0.999933,3.4258657e-10,6.473774e-08,4.4071694e-05,1.911221e-07,1.5701923e-08
ISIC_0028883,1,0.00012932207,0.9998698,2.1827512e-07,4.6159577e-08,3.1307582e-07,7.6147835e-08,2.2747315e-07
ISIC_0026939,1,0.00094604335,0.99905235,1.3668226e-07,1.8190725e-07,1.0826463e-06,9.749608e-08,6.8477535e-09
ISIC_0027340,1,0.0006995707,0.99930024,1.0156757e-08,4.4933043e-11,1.6796437e-07,4.9423856e-09,8.253985e-09
ISIC_0026937,1,5.6533133e-07,0.999998,8.12704e-09,1.5078491e-08,1.1127411e-06,1.11243814e-07,1.9220512e-07
ISIC_0025921,1,2.5319713e-09,1.0,9.163801e-12,4.0067446e-12,2.160974e-08,2.1684958e-09,2.0260649e-10
ISIC_0030062,1,2.6831108e-07,0.9999924,1.3168143e-07,2.6316501e-08,5.212885e-06,4.839895e-07,1.567899e-06
ISIC_0028433,1,1.8982337e-08,0.99994814,1.1082223e-09,1.4024081e-09,1.0847017e-06,5.063485e-05,6.465616e-08
ISIC_0031341,1,8.4856975e-07,0.99998367,2.0255537e-09,9.534222e-11,1.5279174e-05,1.8963858e-07,4.461944e-09
ISIC_0029896,1,0.00016932526,0.9998093,6.3889516e-08,2.246302e-09,2.1243259e-05,1.1336346e-08,1.1171411e-08
ISIC_0030568,1,0.00013334824,0.9998635,9.8172606e-08,9.403526e-10,4.2795142e-07,2.6040582e-06,3.253589e-08
ISIC_0027726,1,1.7662876e-06,0.99997616,1.3744009e-06,8.631881e-09,2.0445093e-05,2.2248734e-07,4.4370214e-08
ISIC_0026850,1,3.277106e-07,0.9997905,4.0669588e-07,7.242159e-08,1.5024405e-05,0.00019198125,1.6460851e-06
ISIC_0029116,1,3.0266585e-05,0.9999684,2.3108955e-09,5.0690034e-09,1.2473203e-06,4.946108e-08,1.8141202e-08
ISIC_0025334,1,3.6583792e-06,0.999949,2.2883705e-10,5.4374744e-10,4.732487e-05,1.5914836e-08,7.408172e-10
ISIC_0025820,1,1.2335982e-05,0.99998546,7.862358e-08,1.7529159e-10,1.0776728e-06,9.5335673e-07,4.6492747e-08
ISIC_0029646,1,0.00012770407,0.99986804,1.9584492e-08,4.0217202e-08,2.7643516e-06,6.6060664e-08,1.3772567e-06
ISIC_0027817,1,0.000103371334,0.9998915,4.8648925e-08,4.826447e-07,3.5859498e-06,1.9215129e-07,7.2053683e-07
ISIC_0025315,1,5.03874e-06,0.9999839,1.4259215e-06,1.397138e-06,7.794564e-06,2.8205002e-07,1.4439912e-07
ISIC_0025187,1,2.349573e-05,0.9999747,3.2885794e-08,5.4876886e-10,1.0616388e-06,5.9294575e-07,2.9358164e-08
ISIC_0027115,1,0.05074907,0.9492262,5.7244316e-09,6.1972436e-08,2.3863438e-05,1.3931902e-09,8.099339e-07
ISIC_0025864,1,9.987603e-06,0.99998665,1.5885654e-08,3.7036905e-08,2.5563984e-06,7.094842e-07,7.858364e-08
ISIC_0031886,1,1.2215491e-09,0.99999964,6.547826e-11,3.1063943e-11,5.1785e-08,1.9281477e-07,1.1542521e-07
ISIC_0025022,1,4.6466725e-05,0.99992955,1.5546727e-08,8.164672e-09,2.1374193e-05,2.111296e-06,4.3147952e-07
ISIC_0028617,1,0.00026915173,0.9986634,9.960728e-08,4.009228e-06,0.00090136356,0.00011147102,5.0453415e-05
ISIC_0025764,1,4.4956192e-05,0.99314463,5.99914e-06,2.5944078e-06,0.006771595,6.941612e-06,2.327828e-05
ISIC_0028019,1,1.19060805e-05,0.9992293,6.9126344e-08,1.8350999e-06,0.0007556405,3.951988e-07,9.2095627e-07
ISIC_0030029,1,1.3079458e-06,0.9999987,1.4038894e-09,6.9292677e-10,8.361258e-10,5.006176e-08,1.6161575e-08
ISIC_0026640,1,5.412496e-06,0.99999464,1.4298468e-11,4.299046e-12,6.5307866e-09,1.6901456e-08,1.813762e-09
ISIC_0030393,1,0.00054753636,0.99942327,1.0807735e-09,4.0707737e-10,1.0227662e-05,1.8917117e-05,1.40871625e-08
ISIC_0028620,1,5.8810695e-08,0.9998292,1.3288404e-07,1.2169141e-08,3.5714354e-05,0.00013457802,2.91808e-07
ISIC_0027985,1,0.0027850622,0.99718,2.109271e-06,7.808657e-07,9.429839e-06,1.3609116e-06,2.1256976e-05
ISIC_0026609,1,2.4290046e-05,0.9999404,9.582056e-09,1.3207012e-05,1.6940827e-05,4.9203226e-07,4.624669e-06
ISIC_0030028,1,3.899793e-05,0.9999583,1.3483351e-07,1.02220605e-08,7.496965e-07,8.147908e-08,1.7218132e-06
ISIC_0025441,1,4.4810668e-06,0.99994516,1.722284e-07,8.075656e-08,4.0212617e-05,1.4036854e-06,8.457583e-06
ISIC_0026189,1,3.430001e-05,0.9993383,6.693968e-08,5.8722993e-08,0.00062662835,5.566591e-07,1.0736598e-08
ISIC_0027128,1,0.00071916915,0.99915576,1.5431734e-06,1.9362275e-07,0.00011984357,2.2097413e-06,1.2305927e-06
ISIC_0027581,1,0.00027067223,0.999726,2.4846522e-10,9.658035e-08,5.2544493e-08,4.799045e-08,3.1957197e-06
ISIC_0024638,1,0.001122063,0.9988772,5.1444755e-09,4.6547353e-09,3.1704386e-07,1.5879193e-07,2.341079e-07
ISIC_0029292,1,6.7491856e-06,0.9997894,1.2971324e-07,6.999197e-09,0.00018217217,2.1311196e-05,2.2776265e-07
ISIC_0028676,1,2.0720906e-06,0.99999785,2.4591025e-09,2.3092836e-10,9.0985075e-08,3.98792e-08,2.0715044e-11
ISIC_0029407,1,5.1536023e-05,0.99994516,1.8248258e-08,3.575697e-09,3.1260606e-06,1.3269049e-07,1.1840083e-08
ISIC_0026801,1,0.0010912762,0.998879,8.380875e-10,6.074343e-10,6.4335236e-06,2.3048873e-05,1.5295196e-07
ISIC_0030259,1,0.0010579798,0.9989235,3.839661e-06,1.9416774e-07,8.507683e-06,5.9104077e-06,5.250739e-09
ISIC_0026345,1,1.1629361e-06,0.9999957,5.6615823e-07,1.6893571e-07,1.0674343e-07,2.128274e-06,2.0629936e-07
ISIC_0027369,1,2.3582188e-06,0.99999666,1.617178e-08,1.4304752e-10,4.7852495e-07,3.6086425e-07,9.114146e-08
ISIC_0027096,1,2.6613297e-06,0.9999968,6.14167e-11,1.0229606e-09,5.8799947e-07,3.3849956e-09,2.4838917e-08
ISIC_0031500,1,4.8641637e-06,0.99999154,3.579775e-08,1.1441495e-08,1.4450859e-06,1.7024156e-06,4.361304e-07
ISIC_0030949,1,2.3919342e-06,0.9999721,1.3501649e-08,2.6252149e-08,2.3192146e-05,1.3155016e-08,2.301323e-06
ISIC_0028296,1,2.2380547e-05,0.9999751,2.695633e-10,2.9663657e-11,7.345853e-09,2.5158577e-06,4.595203e-11
ISIC_0030498,1,2.9950821e-05,0.99985385,1.772112e-09,1.9428621e-06,7.430487e-05,3.8768296e-05,1.2227108e-06
ISIC_0028784,1,6.0734205e-06,0.9985481,1.4324198e-07,1.7482937e-07,0.0014159547,2.5969777e-05,3.6376828e-06
ISIC_0029817,1,8.423168e-08,0.99999726,2.3467894e-10,2.0178294e-10,6.9913983e-07,1.8913844e-06,1.9263648e-08
ISIC_0031826,1,1.4369639e-06,0.9999982,1.8767021e-09,2.4462572e-09,2.8643458e-07,2.8897787e-08,2.9388657e-08
ISIC_0028838,1,2.4958841e-05,0.99963796,2.1246261e-07,4.4893017e-07,0.00032116275,1.3351008e-05,1.8209403e-06
ISIC_0031722,1,0.00054986577,0.99944323,2.0634192e-09,3.865587e-08,2.5064703e-06,4.2974098e-06,4.5675982e-08
ISIC_0029445,1,6.987576e-07,0.9996593,3.493393e-09,3.0682956e-09,0.00032659614,1.3005593e-05,4.1718238e-07
ISIC_0025916,1,2.0233854e-05,0.99983764,9.417561e-08,9.953579e-06,9.254453e-06,1.5711429e-07,0.0001226655
ISIC_0026375,1,1.1631302e-05,0.99994946,2.6210142e-07,2.15688e-07,2.1515407e-05,1.12935446e-07,1.6829e-05
ISIC_0029939,1,0.00017298809,0.9997892,1.4187646e-06,4.150478e-09,3.416273e-05,4.623323e-07,1.8190719e-06
ISIC_0026005,1,6.449035e-07,0.99999857,1.3386863e-09,4.0358294e-09,5.9443572e-08,2.533847e-09,6.941626e-07
ISIC_0025403,1,5.735286e-06,0.9995952,1.9177048e-06,1.7443309e-06,6.453699e-05,0.00032851408,2.235913e-06
ISIC_0029461,1,7.376056e-05,0.99979144,4.9484214e-08,3.1811048e-06,0.000109418506,1.150436e-05,1.053027e-05
ISIC_0032458,1,0.0025099067,0.997398,4.4545192e-08,2.9889995e-07,6.76197e-05,5.908175e-07,2.3418519e-05
ISIC_0031562,1,5.384455e-07,0.99999166,5.543454e-10,3.5911738e-09,7.291134e-06,4.5416914e-07,2.8140025e-08
ISIC_0025006,1,2.0984148e-08,0.99998486,2.7711533e-09,5.6079723e-09,1.4824219e-05,3.9048402e-08,3.0844922e-07
ISIC_0029643,1,2.9335893e-06,0.99066883,3.2280436e-08,4.269446e-08,0.009322438,5.7499915e-06,1.2587715e-08
ISIC_0030195,1,7.8406735e-08,0.9999988,3.8966896e-11,5.790736e-10,8.208814e-07,2.5181893e-07,6.426973e-10
ISIC_0031952,1,2.9386814e-05,0.9746405,1.6718801e-06,6.1191044e-05,0.025259644,4.95478e-06,2.5408613e-06
ISIC_0032381,1,1.5505739e-05,0.9999261,6.4190484e-09,8.420067e-07,5.7431265e-05,6.9702736e-08,3.2235118e-08
ISIC_0030860,1,2.2880046e-07,0.999985,6.260054e-11,5.534134e-09,1.4119507e-05,7.3542395e-07,6.9585124e-09
ISIC_0030776,1,0.004315195,0.9955953,5.3744113e-08,1.26703785e-08,8.901507e-05,3.0269942e-07,8.941209e-08
ISIC_0030997,1,1.8456859e-07,0.9999243,4.745847e-09,7.2802444e-09,3.5719127e-06,7.1612e-05,2.6286355e-07
ISIC_0030024,1,1.0521339e-05,0.9999187,2.87629e-09,2.2240401e-10,2.4016452e-07,7.0086266e-05,3.8305924e-07
ISIC_0024927,1,1.1611156e-05,0.9999764,3.8890807e-11,1.4170137e-08,1.186913e-05,1.7722288e-08,9.307714e-08
ISIC_0028762,1,1.0204048e-05,0.99998975,2.8230003e-09,6.411224e-12,3.9167418e-08,5.6511723e-10,1.9962318e-10
ISIC_0026289,1,3.310118e-06,0.99999595,2.0097464e-09,3.0257097e-10,7.021491e-07,1.0601316e-08,6.660432e-08
ISIC_0025042,1,2.557617e-06,0.9999826,1.7829187e-09,5.354148e-11,1.4859628e-05,3.8484647e-09,3.907625e-08
ISIC_0029185,1,2.99697e-05,0.99995756,2.5210358e-09,1.8783537e-07,1.2088511e-05,9.190912e-08,4.9211927e-08
ISIC_0031860,1,0.00058329426,0.9994066,2.1021872e-08,3.4667127e-07,6.8653785e-06,6.0284904e-08,2.7750302e-06
ISIC_0029761,1,1.980292e-06,0.9999969,6.954813e-09,9.210007e-10,1.6692732e-07,5.1156536e-07,4.2191124e-07
ISIC_0030027,1,1.1178518e-07,0.9999964,2.7306523e-06,6.7648053e-12,2.0781147e-07,2.8099012e-07,2.8054646e-07
ISIC_0032256,1,4.609909e-07,0.99999917,2.2980723e-11,8.9354595e-09,3.0133216e-07,1.7899129e-09,9.9634775e-08
ISIC_0026342,1,3.1802218e-05,0.9999682,3.1949985e-09,4.450891e-10,1.938737e-09,9.81598e-09,1.23514186e-08
ISIC_0027252,1,4.5306947e-06,0.9999931,2.1161996e-10,2.001806e-09,7.0942446e-07,4.8791475e-07,1.2110547e-06
ISIC_0030412,1,4.9591526e-06,0.9999939,6.210411e-11,1.281235e-09,1.0911239e-06,4.0098936e-08,3.194948e-08
ISIC_0024754,1,0.0033601099,0.9955317,4.2168537e-07,2.3241438e-07,0.0010885386,1.8546118e-05,5.2598637e-07
ISIC_0030854,1,0.00011962108,0.99855894,9.860338e-08,0.0012512396,6.808735e-05,7.309696e-07,1.2885196e-06
ISIC_0025498,1,1.3892079e-06,0.999949,7.493203e-08,4.2979544e-09,4.650292e-05,1.5599694e-06,1.4932293e-06
ISIC_0028257,1,1.39019185e-05,0.99998605,1.0638491e-10,3.4816727e-10,1.9456964e-08,8.769255e-09,3.5139262e-08
ISIC_0029954,1,0.00034746347,0.99965143,1.466118e-08,7.1433264e-09,5.562724e-07,4.403235e-07,1.7277499e-08
ISIC_0026669,1,4.872884e-07,0.999997,4.591699e-09,8.695735e-12,1.1030871e-06,1.341723e-06,1.1970546e-07
ISIC_0027207,1,1.8945731e-05,0.9999647,3.9846626e-08,5.187174e-07,1.4107928e-05,1.4063672e-06,2.4246614e-07
ISIC_0025643,1,4.960596e-06,0.99999416,5.817413e-09,4.0407855e-10,2.3827988e-07,5.4754514e-07,1.34733895e-08
ISIC_0028366,1,7.849927e-07,0.99999905,1.4778178e-12,7.7274764e-10,2.097478e-10,9.064931e-08,2.5418095e-10
ISIC_0025279,1,0.001294236,0.99869436,1.05023645e-07,4.9362994e-09,1.0540163e-05,4.1983225e-07,2.607163e-07
ISIC_0025021,1,3.72139e-07,0.9999939,6.3528676e-09,1.936504e-08,1.6689856e-06,4.0224872e-06,2.167541e-08
ISIC_0030595,1,2.234393e-06,0.9999908,2.329199e-07,3.047354e-07,2.0322448e-06,3.5514706e-06,7.070501e-07
ISIC_0027882,1,1.33424455e-05,0.9999833,7.619e-09,1.7490075e-07,3.0556964e-06,1.0650721e-07,2.6370476e-08
ISIC_0025440,1,0.0001991687,0.9996226,1.8146105e-08,3.9873134e-06,0.00017401102,1.5044218e-07,9.171656e-08
ISIC_0027516,1,4.1190824e-06,0.99998975,3.5498533e-07,6.549694e-08,2.6467776e-06,3.4873003e-07,2.700322e-06
ISIC_0030389,1,4.0833913e-07,0.9999995,8.689627e-11,1.5139767e-10,6.956679e-08,6.138718e-09,1.9784885e-10
ISIC_0031740,1,0.0028620998,0.99648094,1.2876501e-07,1.0513066e-06,0.00065458595,5.451497e-07,5.0161134e-07
ISIC_0031375,1,1.4357504e-06,0.9999906,8.0614093e-10,3.457059e-10,8.022588e-06,5.6597766e-09,4.616187e-09
ISIC_0026595,1,3.0322783e-05,0.99892384,6.433165e-07,6.74633e-09,0.0010449315,1.3313329e-09,2.6285187e-07
ISIC_0026758,1,0.00026124192,0.99973804,2.0270965e-09,8.6109085e-11,6.49519e-07,5.1815213e-08,1.8192622e-09
ISIC_0031910,1,1.8535967e-06,0.99999404,1.06505346e-10,1.6237664e-08,3.473665e-06,6.4682166e-07,4.3474635e-08
ISIC_0030437,1,2.5434932e-05,0.99996245,8.168727e-09,6.4818005e-11,1.1792715e-05,2.32278e-07,9.346223e-08
ISIC_0028475,1,3.276347e-08,1.0,4.0875053e-10,5.137349e-12,4.8673763e-09,2.2353477e-09,2.3096685e-09
ISIC_0032491,1,2.146915e-06,0.9999969,2.7872644e-09,7.659574e-11,5.8272718e-08,7.8791084e-07,3.7616733e-08
ISIC_0032383,1,1.7389928e-05,0.9999248,4.021118e-07,3.96213e-09,2.4363673e-05,3.3035678e-05,7.503977e-08
ISIC_0031333,1,4.173187e-06,0.99998736,9.784634e-09,7.0798926e-08,1.3623956e-08,5.7189787e-08,8.377095e-06
ISIC_0027341,1,0.00031079366,0.99965894,4.2350092e-09,2.392283e-07,2.9770375e-05,2.3804025e-08,2.4065022e-07
ISIC_0032353,1,1.1488682e-05,0.999984,2.3714193e-07,1.1517237e-07,3.185455e-06,4.4450377e-07,4.594671e-07
ISIC_0027728,1,0.0064468873,0.9935475,4.577122e-08,2.8698415e-07,9.698258e-07,2.84287e-06,1.4821201e-06
ISIC_0029579,1,2.2230518e-06,0.9999976,5.500675e-09,2.4067688e-09,8.0979206e-08,1.37497675e-08,1.6403044e-08
ISIC_0026059,1,0.00013220843,0.9998659,2.3418534e-10,1.3133351e-10,1.796764e-06,5.282025e-08,9.8790636e-08
ISIC_0031072,1,2.45496e-08,0.99964845,1.6782502e-10,5.300971e-11,1.6136197e-07,0.00035050974,9.0626384e-07
ISIC_0027975,1,0.0076187784,0.98835284,0.00016683026,4.2351942e-08,0.0038146514,3.0628264e-06,4.3854e-05
ISIC_0030886,1,6.563698e-05,0.9998591,6.360805e-08,6.663406e-07,7.2908595e-05,1.1219845e-06,5.0666955e-07
ISIC_0031911,1,5.0535327e-05,0.9999472,3.6303352e-10,1.3987543e-10,2.1364656e-06,1.1067095e-08,9.28179e-08
ISIC_0026882,1,5.056566e-06,0.999964,1.0767933e-09,2.8482676e-08,2.3518816e-05,7.356004e-06,1.5500746e-08
ISIC_0026134,1,2.073724e-08,0.99999905,1.5599463e-08,2.8824552e-11,6.732487e-07,2.6781487e-07,1.1004288e-08
ISIC_0027241,1,0.00015262689,0.99981076,3.2232692e-06,1.899763e-05,9.205198e-07,1.3467677e-05,4.4013195e-08
ISIC_0024894,1,2.3521503e-07,0.99999917,1.7241758e-08,8.628015e-09,1.0158808e-07,3.4608215e-07,8.648268e-08
ISIC_0031566,1,1.5892977e-07,0.999998,6.5465755e-08,2.5022998e-10,3.1767695e-07,1.3396248e-06,1.374582e-07
ISIC_0027733,1,3.7818957e-06,0.9999596,4.0167194e-09,2.459106e-06,1.6757009e-05,7.441858e-06,9.976986e-06
ISIC_0030430,1,0.0011102901,0.9988519,3.1164397e-08,1.4735037e-08,1.0768208e-06,5.8716716e-07,3.6135534e-05
ISIC_0028590,1,4.1572416e-06,0.9997793,2.9603342e-09,1.13884395e-10,0.00015791996,5.827713e-05,3.641405e-07
ISIC_0032089,1,2.6284124e-06,0.99968255,3.7623224e-05,1.0011535e-08,0.0002762508,7.540826e-07,2.3999812e-07
ISIC_0027716,1,9.7635944e-05,0.9996105,9.673321e-09,2.3635842e-08,0.00028098095,8.114236e-07,1.0095157e-05
ISIC_0032495,1,3.8094808e-05,0.99996054,1.9736609e-08,2.194064e-08,1.2295828e-06,2.7142972e-09,1.7081628e-07
ISIC_0030190,1,2.457085e-05,0.9999695,2.8995635e-07,7.282216e-08,4.7397402e-06,1.4579977e-07,6.7354273e-07
ISIC_0028300,1,0.00045504872,0.99909866,5.3329576e-09,3.806905e-07,3.302189e-05,0.0004121433,8.77584e-07
ISIC_0027625,1,1.344512e-05,0.9999865,2.853201e-10,5.9647824e-09,4.9818162e-08,2.6492868e-08,1.1547676e-09
ISIC_0025760,1,3.918119e-07,0.9999994,4.655733e-10,3.5992292e-10,1.2663298e-07,6.9276904e-09,2.1231003e-08
ISIC_0031139,1,1.6355889e-05,0.99995816,8.928819e-10,4.0483968e-08,5.303287e-07,2.0290343e-05,4.7187195e-06
ISIC_0024576,1,1.1944572e-06,0.9998566,6.3855676e-10,1.8701666e-08,4.495181e-07,6.8330945e-07,0.00014108348
ISIC_0030431,1,0.00030570227,0.99946743,3.326996e-07,5.242303e-07,0.0002170478,7.595465e-07,8.329788e-06
ISIC_0026757,1,1.377673e-05,0.99997914,2.6672753e-09,3.2084657e-07,2.077174e-06,4.5821357e-06,1.4396848e-07
ISIC_0030503,1,3.6110447e-05,0.99996114,4.446305e-09,2.0648203e-08,2.5294635e-06,1.2669945e-08,2.6167987e-07
ISIC_0028919,1,1.0179308e-05,0.99998844,1.1818483e-08,1.5993539e-09,4.2616676e-07,9.5330137e-07,2.049527e-08
ISIC_0024359,1,4.9123817e-05,0.99994445,3.9436796e-07,4.3357273e-09,5.834593e-07,4.96764e-06,4.1554247e-07
ISIC_0028295,1,0.0003128493,0.9996824,1.7905316e-08,3.1993977e-08,1.7172276e-06,8.027488e-07,2.1838337e-06
ISIC_0026982,1,4.5813053e-06,0.9999609,8.0150986e-10,4.3380814e-09,3.2456886e-05,9.484069e-08,1.9679987e-06
ISIC_0028956,1,1.0941747e-07,0.99998856,9.729913e-07,5.5790963e-07,4.034987e-06,3.0952283e-06,2.6427542e-06
ISIC_0026288,1,1.2595736e-05,0.99952614,3.0502913e-06,5.9225854e-08,0.00040532125,4.7776324e-05,5.1318116e-06
ISIC_0024728,1,3.013492e-07,0.9999975,1.6378328e-10,8.277628e-09,1.1435073e-06,1.3733935e-08,1.0938742e-06
ISIC_0030619,1,1.1842628e-05,0.99998796,1.1407858e-07,1.505133e-08,6.523463e-08,2.866676e-08,5.2758633e-08
ISIC_0030453,1,9.938219e-09,1.0,3.162977e-12,4.3705047e-11,4.2168162e-09,5.8636925e-08,3.595427e-08
ISIC_0029677,1,0.000120778845,0.99987197,3.756361e-06,1.8223855e-07,3.4686744e-07,1.6808347e-06,1.1726163e-06
ISIC_0027860,1,0.043612335,0.95638,1.1899637e-08,8.242151e-09,6.6815664e-06,6.28815e-07,3.012573e-07
ISIC_0028845,1,8.128459e-06,0.9999907,5.1576126e-09,1.4453974e-10,7.076996e-07,2.3298564e-07,1.7689791e-07
ISIC_0028654,1,7.436897e-08,0.9999995,1.1023579e-08,5.1434407e-10,2.9180092e-07,8.370751e-08,5.8151595e-09
ISIC_0024502,1,0.00059917377,0.9993962,6.0693905e-10,1.5573577e-10,4.9052693e-07,4.03919e-06,6.839566e-08
ISIC_0030996,1,7.0873216e-07,0.99996185,1.0565574e-07,1.7621805e-06,3.5172026e-05,9.579142e-08,2.5390588e-07
ISIC_0027929,1,2.2899398e-07,0.99999976,4.1782836e-12,2.1794263e-12,9.0622476e-10,1.1653147e-09,1.3843419e-09
ISIC_0025025,1,7.619755e-05,0.9999231,6.355875e-08,8.553838e-09,3.8684533e-08,3.2144877e-07,1.8783444e-07
ISIC_0028327,1,7.165451e-05,0.99908304,2.9304766e-07,2.1779972e-05,0.000794123,2.6739968e-05,2.2568618e-06
ISIC_0029356,1,0.0054327967,0.9945615,1.2747886e-06,3.2390407e-08,4.314533e-06,6.9287665e-08,2.2287368e-08
ISIC_0028946,1,1.4236255e-07,0.9999989,7.546497e-10,4.8237663e-09,7.4346485e-07,1.8661734e-07,6.1170566e-09
ISIC_0024609,1,1.1327367e-05,0.9999777,6.5844683e-06,9.324428e-08,5.433803e-07,7.851541e-07,2.871484e-06
ISIC_0028292,1,1.15675405e-07,0.99999917,8.33586e-11,6.817725e-12,2.8683533e-07,3.1955062e-07,3.310523e-08
ISIC_0029098,1,9.504035e-07,0.9995714,7.04734e-08,2.2846702e-08,2.0233008e-06,0.0004211578,4.4105464e-06
ISIC_0028005,1,1.353124e-06,0.9999975,1.607092e-10,6.166341e-09,1.0810929e-06,1.5321866e-08,3.528157e-08
ISIC_0031448,1,0.022795944,0.97683185,2.79286e-07,3.1163643e-07,0.00037104244,4.1410044e-07,6.535103e-08
ISIC_0024655,1,2.9373763e-07,0.9998522,3.1337526e-09,9.6130854e-08,0.00014008216,7.3179312e-06,4.4907114e-08
ISIC_0030020,1,2.468058e-07,0.9999994,6.102158e-08,4.2204729e-10,1.1313722e-08,8.655944e-08,1.0183506e-07
ISIC_0031152,1,0.0007006438,0.9992094,2.847013e-07,1.0272432e-06,2.054089e-05,6.278491e-05,5.310823e-06
ISIC_0030257,1,5.3823624e-06,0.99961495,4.6595305e-06,6.0369547e-07,0.00033023948,4.254688e-05,1.6230782e-06
ISIC_0030725,1,6.6677835e-06,0.99994016,2.9552814e-09,8.298419e-08,5.1715717e-05,9.9243e-07,4.1762485e-07
ISIC_0031805,1,9.968101e-07,0.9999989,9.97495e-10,1.2295161e-10,3.5265202e-08,7.434393e-09,2.6586922e-10
ISIC_0025347,1,3.501103e-08,0.9999999,3.8626122e-10,3.9601478e-08,2.013189e-08,1.8483522e-10,5.156649e-08
ISIC_0032119,1,0.0039412933,0.9960129,6.371737e-06,4.2326134e-09,2.519303e-06,2.0042603e-06,3.4925015e-05
ISIC_0030301,1,4.2075794e-07,0.9999995,6.859016e-10,1.6119074e-08,1.1299917e-07,1.1912393e-09,1.1065157e-09
ISIC_0024397,1,7.767407e-07,0.999998,1.6641019e-10,1.9173488e-08,1.2417527e-06,3.813269e-09,9.28555e-09
ISIC_0031327,1,0.00036195604,0.9995987,1.9315514e-09,5.31315e-10,7.1844293e-06,3.2130312e-05,1.0686718e-08
ISIC_0029799,1,2.1645878e-09,0.9999529,1.088008e-09,1.4308962e-09,4.713435e-05,1.0419045e-08,1.7225666e-09
ISIC_0028437,1,3.351628e-05,0.99823344,4.933869e-10,2.8463445e-08,0.0017323294,7.070586e-07,1.7713742e-09
ISIC_0027779,1,1.2442716e-05,0.9981528,3.543854e-10,3.54521e-08,0.001834468,2.7578005e-07,4.3392106e-08
ISIC_0029120,1,0.00046530805,0.99935085,1.4314674e-09,1.8264277e-09,0.00016249908,2.1311704e-05,7.0891066e-09
ISIC_0026673,1,0.0028730608,0.9763532,9.0118995e-08,6.8529853e-09,0.020733677,3.965077e-05,2.7972263e-07
ISIC_0028068,1,6.0380667e-06,0.9999931,4.5734834e-09,1.2449308e-07,7.67171e-07,4.878638e-08,2.581987e-08
ISIC_0027628,1,0.0014296343,0.9985221,4.347467e-09,4.3021787e-06,2.9718147e-05,9.1456576e-07,1.3336029e-05
ISIC_0031361,1,1.1706291e-07,0.9999988,8.56404e-08,1.645424e-11,1.3279383e-07,8.315587e-07,5.7426977e-08
ISIC_0026578,1,0.00013430374,0.9998547,4.526056e-08,1.7724349e-07,5.2577875e-06,3.2860844e-06,2.2684526e-06
ISIC_0026431,1,0.0006538542,0.99923134,3.8915758e-07,3.6483198e-07,9.646526e-05,2.6589098e-06,1.4991935e-05
ISIC_0031807,1,2.8139673e-06,0.99999714,5.431517e-10,7.307281e-12,5.280278e-09,3.9137383e-08,2.9383123e-09
ISIC_0030205,1,1.3187351e-05,0.99997747,2.3182272e-09,5.9558464e-10,6.9421253e-06,2.4238336e-06,2.637998e-08
ISIC_0028315,1,4.234571e-06,0.9999944,2.665438e-10,4.0222955e-07,9.7211625e-08,4.8525752e-08,9.628285e-07
ISIC_0029395,1,0.04441745,0.9478769,0.005291294,1.5514075e-05,0.0010195695,0.00044200002,0.0009372358
ISIC_0029520,1,0.00016301624,0.9998216,6.487996e-08,2.5608779e-08,1.6490502e-07,1.509984e-05,1.4995733e-08
ISIC_0025761,1,1.05338595e-05,0.99998546,6.9448585e-09,1.71574e-09,3.6941233e-06,3.9027816e-07,3.6086605e-09
ISIC_0032262,1,0.00019682776,0.99979085,2.2784673e-06,1.3886597e-08,4.41585e-06,5.376296e-06,2.639918e-07
ISIC_0026707,1,2.4821318e-06,0.9999974,1.2758324e-10,4.7891285e-11,1.5433726e-07,2.1397556e-08,1.0638013e-08
ISIC_0029294,1,0.00044026476,0.99955934,1.4188132e-08,1.7737676e-09,4.2759748e-08,2.2697135e-07,1.1103183e-07
ISIC_0031689,1,4.94032e-05,0.99993944,7.7373097e-10,7.266607e-09,1.0668979e-05,1.5780998e-07,3.7508954e-07
ISIC_0028152,1,6.592149e-05,0.9996649,8.2092424e-07,5.170276e-07,0.0002479535,1.977409e-05,9.502825e-08
ISIC_0031136,1,1.9781257e-05,0.99997854,8.175724e-11,4.3419908e-09,1.5664378e-06,1.3668291e-08,8.336622e-08
ISIC_0025360,1,2.9502862e-08,0.99999714,4.2794998e-10,3.1433512e-11,1.9826848e-06,8.511959e-07,1.6608233e-08
ISIC_0025194,1,3.0468502e-06,0.99999666,4.847771e-10,6.830076e-11,2.0491443e-07,3.049014e-09,5.157017e-08
ISIC_0024917,1,0.0036179835,0.99575293,8.622166e-07,1.0138455e-05,0.00057771394,1.3834516e-05,2.6477737e-05
ISIC_0032457,1,0.00021052171,0.9991474,6.3316475e-06,3.5491626e-06,2.2632578e-06,2.8736664e-05,0.00060123147
ISIC_0029875,1,0.022532972,0.89908934,1.387157e-07,0.0004139214,0.05746957,0.0024704498,0.018023506
ISIC_0029886,1,5.1107886e-06,0.9999881,3.4851233e-09,2.6176252e-09,5.8057094e-06,7.89463e-07,1.8954053e-07
ISIC_0028724,1,5.919412e-05,0.99992895,5.5829126e-08,1.6242345e-07,1.2758768e-06,1.0969074e-07,1.0280483e-05
ISIC_0030891,1,1.9452997e-07,0.9999981,2.1273868e-11,1.0687547e-11,1.4542367e-06,2.759044e-07,7.613839e-09
ISIC_0026589,1,8.599861e-06,0.99549687,7.772261e-08,1.4571559e-07,0.004484867,6.741005e-06,2.7088265e-06
ISIC_0030164,1,2.1776684e-06,0.9999976,2.0948722e-10,2.6034112e-08,1.5053551e-07,5.89152e-10,2.062955e-08
ISIC_0032069,1,0.009987427,0.78366584,1.0656861e-09,1.0481516e-06,0.20634481,6.189281e-07,3.0467305e-07
ISIC_0029007,1,1.201063e-06,0.9978429,9.505794e-11,4.541579e-08,0.00215573,1.2182848e-07,2.59078e-08
ISIC_0029657,1,1.1732924e-05,0.9999653,7.338341e-10,4.4365644e-09,2.2703845e-05,8.138025e-08,1.5968024e-07
ISIC_0028914,1,2.0971985e-08,0.9999831,2.409925e-10,5.991461e-07,1.622525e-05,6.7986704e-08,1.1582803e-08
ISIC_0025177,1,0.00027853888,0.99969137,9.944433e-07,4.4092797e-08,2.7758171e-05,4.911137e-07,9.2221376e-07
ISIC_0027530,1,0.00013068279,0.9984018,2.8659546e-05,3.003583e-07,0.0009047644,0.0004533064,8.040191e-05
ISIC_0028247,1,0.1285583,0.7614386,7.490561e-05,2.2260294e-06,0.10926224,0.0006429916,2.0582786e-05
ISIC_0028988,1,0.0040071937,0.9666774,1.8904694e-07,7.257965e-10,0.029310172,5.090809e-06,7.0375097e-09
ISIC_0026519,1,7.386284e-05,0.99967206,2.5961369e-09,2.4928644e-09,0.00025323257,6.8766747e-07,1.0291809e-07
ISIC_0030672,1,0.039684463,0.9588914,0.0007958359,2.3849361e-06,0.00036004456,0.00022232656,4.3535634e-05
ISIC_0028755,1,0.0005371278,0.5179317,2.2710367e-06,2.0631733e-06,0.46905872,0.012154144,0.00031404317
ISIC_0027062,1,0.008749886,0.8367179,1.1873203e-05,4.840995e-07,0.15385942,0.00012957114,0.0005308833
ISIC_0028423,1,0.023733785,0.9755005,1.5697278e-06,1.5087484e-07,0.00070573494,5.224546e-05,6.0335637e-06
ISIC_0025621,1,9.750274e-05,0.9998617,7.08424e-07,1.1418145e-08,3.8482936e-05,9.802186e-07,6.2859095e-07
ISIC_0024594,1,2.1335296e-05,0.99996686,1.5395548e-07,1.2879161e-09,6.932273e-06,3.9156366e-06,8.185178e-07
ISIC_0029845,1,0.0064993324,0.99275815,9.702243e-07,1.6803371e-07,0.00023765363,0.0004999135,3.90808e-06
ISIC_0027839,1,0.7008195,0.29915634,8.699375e-07,2.1103386e-09,2.2921564e-05,3.932879e-07,5.482874e-08
ISIC_0027640,1,0.9864423,0.008938396,8.0210375e-06,6.553217e-05,0.004331049,0.00021440462,2.6295803e-07
ISIC_0027406,1,0.946623,0.0014654195,6.934655e-09,5.3163788e-08,0.051898547,1.2622854e-05,2.9082457e-07
ISIC_0030273,1,0.98999876,0.0094503695,4.7784553e-08,5.6285494e-08,0.00055019284,4.7934464e-07,5.7493363e-08
ISIC_0032209,1,0.18281259,0.109290294,2.1331229e-07,1.2316734e-05,0.70788413,1.2435586e-07,3.3515843e-07
ISIC_0028194,1,0.059638463,0.38065308,7.5297958e-06,0.00035894616,0.55932075,1.9234794e-05,1.9145073e-06
ISIC_0028461,1,0.0140966065,0.98481447,0.00012526906,3.666147e-08,0.00011766177,0.00083828287,7.791722e-06
ISIC_0031474,1,0.98940665,0.010208059,7.204685e-07,3.126048e-07,1.3970251e-05,0.0002968844,7.343927e-05
ISIC_0025672,1,4.752635e-05,0.99994683,1.9818545e-07,5.23074e-11,1.4359914e-06,3.8189532e-06,2.1920815e-07
ISIC_0030664,1,9.398941e-09,0.99999917,3.880289e-09,2.1827616e-12,3.8257275e-07,1.5259625e-08,4.581535e-07
ISIC_0027077,1,0.11606117,0.7079546,0.000102275175,4.198484e-06,0.14534673,0.020467263,0.010063763
ISIC_0032096,1,0.71050143,0.093430884,0.0007790508,2.4289044e-05,0.19221212,0.0029358019,0.00011649683
ISIC_0029366,1,0.019492818,0.97123915,1.1481197e-05,5.0934045e-08,0.009025491,0.00012512675,0.000105904146
ISIC_0032378,1,0.27530485,0.08514004,5.2811993e-05,1.4970967e-06,0.63938665,0.00011330388,8.7389697e-07
ISIC_0027679,1,1.755092e-05,0.9999608,2.2190543e-09,4.5228673e-12,4.596749e-06,1.6996599e-05,4.2433022e-08
ISIC_0030426,1,0.0005625097,0.7650832,1.8698769e-06,2.442638e-06,0.23418812,0.00013161785,3.0260822e-05
ISIC_0027734,1,4.3331285e-05,0.9965412,4.1443063e-06,3.7079115e-09,0.003250524,0.00016067163,1.162254e-07
ISIC_0030786,1,0.022651289,3.6770718e-05,0.51839405,3.44311e-07,0.37902382,0.079803936,8.976679e-05
ISIC_0029104,1,0.0009466167,0.999014,7.8431775e-08,8.472535e-10,3.8009886e-05,6.8191173e-07,5.5549697e-07
ISIC_0030520,1,0.017726371,0.51129663,5.1002235e-06,1.3453621e-07,0.46983337,0.00015125153,0.0009870592
ISIC_0032341,1,1.2008101e-05,0.9998659,6.9604475e-08,2.83507e-10,1.6006015e-05,1.2016081e-06,0.00010484062
ISIC_0029756,1,0.33608198,0.6634292,8.72611e-07,3.5879055e-09,0.0003257311,1.6995848e-05,0.00014518152
ISIC_0027537,1,0.066637374,0.9319107,5.9451374e-08,1.3360973e-08,0.0013714465,8.044105e-05,1.6247087e-08
ISIC_0027002,1,0.026177017,0.9735213,2.6242452e-07,1.2556245e-08,3.2919237e-05,0.00024533397,2.3146342e-05
ISIC_0026223,1,0.7621581,0.23640376,2.4823544e-08,8.743257e-08,0.0012774778,0.00015091104,9.651542e-06
ISIC_0031418,1,0.86355704,0.13610649,0.00025431748,1.7865606e-08,6.928235e-05,1.2616858e-05,2.2067105e-07
ISIC_0027911,1,0.0024902618,0.99712366,2.5322968e-05,2.1834322e-07,0.00033231714,2.81816e-05,6.633566e-08
ISIC_0026874,1,0.007913186,0.98448896,8.957006e-08,1.4381155e-06,0.007591987,1.1289416e-06,3.2425373e-06
ISIC_0031705,1,0.14381105,0.81905556,1.4928852e-06,1.7879257e-06,0.037115652,3.4279458e-07,1.4122341e-05
ISIC_0031435,1,2.341518e-05,0.99939215,2.4681865e-06,2.168534e-09,0.00057969627,2.7815202e-07,2.0599707e-06
ISIC_0029615,1,0.09423296,0.9057651,3.19214e-07,2.2642461e-09,1.5710397e-07,1.4134653e-06,3.158772e-08
ISIC_0030432,1,1.121416e-05,0.99996305,7.5841904e-06,1.5446366e-08,1.5652078e-05,2.4813814e-06,5.123001e-08
ISIC_0031142,1,0.015586501,0.9564089,4.455691e-05,1.7898425e-06,0.027945368,3.64856e-06,9.211682e-06
ISIC_0024618,1,0.01316273,0.70978594,0.00028575183,1.64947e-05,0.27639726,0.00034567682,6.1405963e-06
ISIC_0024906,1,0.010884546,0.9888165,1.0663294e-06,4.741509e-08,0.0002557916,3.729731e-05,4.879799e-06
ISIC_0025073,1,0.0016988462,0.9972626,3.0144745e-06,8.8727065e-10,0.001029022,1.4914856e-07,6.3709094e-06
ISIC_0027031,1,0.015030902,0.97703165,2.7694387e-07,7.2764647e-07,0.007930365,3.4169882e-06,2.7467536e-06
ISIC_0024813,1,0.0010594053,0.9982034,3.083048e-06,2.1235631e-07,0.0007176636,1.6231228e-05,2.9817556e-08
ISIC_0024986,1,0.00028245605,0.9995784,6.683384e-10,2.733251e-10,0.00013901149,1.6203487e-07,3.518542e-08
ISIC_0031555,1,0.0010433871,0.9989039,9.758343e-10,2.191038e-09,4.9747032e-05,2.8517595e-06,1.2109909e-07
ISIC_0027462,1,0.0020130519,0.99796486,4.7904876e-09,7.383213e-10,2.1210035e-05,8.027173e-07,4.7285333e-08
ISIC_0025254,1,0.06503499,0.040704884,1.7181179e-06,6.150909e-08,0.8940168,0.00023649639,4.981396e-06
ISIC_0031660,1,0.0109798,0.9889414,1.9585666e-06,4.547272e-12,7.6487115e-05,3.7460052e-07,2.0518134e-09
ISIC_0031293,1,0.24300806,0.7481893,5.3885187e-06,5.152771e-08,0.008586036,5.5125643e-06,0.0002057123
ISIC_0026376,1,5.954281e-05,0.9996711,2.5334813e-07,1.7113014e-10,0.00025725548,1.18081825e-05,1.1635828e-07
ISIC_0031560,1,0.008475198,0.8357968,1.4377898e-07,3.342732e-07,0.15480883,0.0009060464,1.2669093e-05
ISIC_0025809,1,0.027087128,0.95450044,2.1264992e-08,2.2262746e-08,0.018402662,9.5111145e-06,2.397199e-07
ISIC_0025108,1,7.622372e-07,0.99999666,1.193583e-09,7.71558e-12,1.789307e-06,2.2953088e-09,7.6198285e-07
ISIC_0029296,1,0.02793923,0.9717197,5.3506204e-07,1.8126367e-07,0.0003335866,8.00136e-07,5.985971e-06
ISIC_0027738,1,0.01200791,0.98787236,4.6428577e-06,1.5580877e-09,0.00011141287,3.6716751e-06,4.0711758e-08
ISIC_0031518,1,0.01874164,0.9797044,1.4922608e-05,1.6884449e-06,0.0014038355,3.3656208e-05,9.990148e-05
ISIC_0029475,1,6.2110087e-07,0.9999862,6.5494966e-08,2.5644129e-12,3.9346457e-08,1.2166405e-05,9.373157e-07
ISIC_0029894,1,0.00036742786,0.9996321,1.2438484e-08,4.6685683e-10,1.858381e-07,2.390967e-07,2.8924962e-09
ISIC_0024378,1,0.030229105,0.62793577,6.6689444e-07,3.1001246e-08,3.595616e-05,3.896845e-05,0.34175944
ISIC_0026501,1,0.00018200958,0.99605477,8.244517e-06,2.377392e-07,0.0036861831,1.901377e-05,4.9546416e-05
ISIC_0026006,1,0.0010433302,0.9837505,3.6874617e-06,2.6209796e-07,0.015176673,1.9305595e-05,6.1793426e-06
ISIC_0024855,1,0.00012618557,0.99987364,9.3615515e-09,4.4992735e-10,1.8831193e-07,4.0164913e-08,9.211862e-09
ISIC_0026497,1,0.9124726,0.087416396,9.4151187e-07,1.814958e-09,0.000109348715,1.6511896e-07,5.816185e-07
ISIC_0027209,1,0.00035928006,0.9941573,0.00022659812,7.72351e-08,0.0036894805,0.0015651159,2.1699504e-06
ISIC_0028966,1,0.0049023847,0.99493295,8.767298e-09,3.437228e-09,7.0241e-05,9.424436e-05,8.389867e-08
ISIC_0032443,1,0.003913628,0.99256116,2.9715013e-09,6.6925256e-09,0.0035224485,2.282077e-06,4.4618625e-07
ISIC_0028851,1,0.00019136509,0.99976116,1.8183814e-09,1.3989303e-08,4.3027736e-05,2.1720746e-06,2.292475e-06
ISIC_0025370,1,7.691279e-07,0.99999917,7.411013e-11,2.7202624e-14,9.194323e-09,3.1839587e-09,1.5256286e-11
ISIC_0027768,1,0.00079874095,0.9991769,1.6507091e-06,5.7837807e-10,2.2567801e-05,8.780969e-08,3.072266e-09
ISIC_0027410,1,0.17299172,0.8269944,2.2484965e-08,4.3206555e-07,3.854581e-06,9.579858e-06,2.6229527e-09
ISIC_0025863,1,1.3461838e-05,0.99991775,3.620206e-08,3.7250297e-11,6.836328e-05,3.0161237e-07,1.17579315e-08
ISIC_0024387,1,0.000569823,0.9993913,3.789442e-09,4.5573514e-09,2.366396e-05,1.2203871e-05,3.0615247e-06
ISIC_0024869,1,0.9482362,0.051694952,1.9991223e-06,2.5171815e-08,5.645537e-05,7.92279e-06,2.410694e-06
ISIC_0024723,1,0.97182804,0.022920037,3.3356175e-06,2.6885923e-06,0.00021446023,0.0050221863,9.342292e-06
ISIC_0029720,1,8.335813e-06,0.9977059,1.911951e-08,1.2208282e-07,0.002221543,5.9474798e-05,4.6461587e-06
ISIC_0032150,1,9.898035e-05,0.99972767,5.639369e-09,3.1840386e-07,9.749098e-05,7.0897455e-05,4.6260184e-06
ISIC_0028804,1,0.052242532,0.94468963,2.4724915e-05,6.1836995e-06,0.0027522282,0.0002500536,3.4627734e-05
ISIC_0032191,1,0.21539511,0.74341613,7.5438606e-05,9.0375113e-07,0.040772773,0.0003315101,8.081577e-06
ISIC_0028015,1,0.005204215,0.9287228,8.5235634e-08,2.6081932e-05,0.06590289,0.00014093466,2.884113e-06
ISIC_0026781,1,0.0005312929,0.99899477,8.2109445e-08,5.3683766e-07,0.0004686802,4.43175e-06,1.5710118e-07
ISIC_0027034,1,6.6954376e-06,0.99998784,1.0050548e-08,6.7600396e-08,5.0572844e-06,2.3393567e-07,3.5432746e-09
ISIC_0031887,1,2.3160199e-05,0.99997556,2.816971e-11,2.2934456e-08,5.608075e-07,6.588999e-07,9.0617736e-09
ISIC_0026215,1,0.17023349,0.76602066,0.0039581293,9.3720365e-07,0.059266876,0.0005167216,3.1409925e-06
ISIC_0032029,1,2.1035547e-05,0.99957734,0.0003668052,8.5372383e-13,3.207987e-05,2.7030826e-06,3.5891258e-08
ISIC_0029976,1,5.1075375e-07,0.9999989,4.1887972e-08,2.5048496e-12,4.0516678e-08,5.133179e-07,3.4834163e-11
ISIC_0031001,1,0.012143661,0.57425255,3.5895966e-05,7.595227e-09,0.41353226,3.5613564e-05,7.22216e-08
ISIC_0031674,1,0.39161557,0.5835606,2.4483103e-05,1.3659323e-05,0.024737537,5.918053e-07,4.7554477e-05
ISIC_0025834,1,0.0201206,0.9780766,1.3447674e-05,2.0233615e-06,8.9788016e-05,1.1884978e-06,0.0016963704
ISIC_0026237,1,9.635304e-06,0.9720267,4.4843423e-06,1.7341504e-08,8.960294e-06,0.027950019,2.480492e-07
ISIC_0025547,1,0.0019109878,0.38932455,4.782997e-05,4.0127543e-05,0.0011460221,0.6074445,8.596892e-05
ISIC_0028961,1,8.7675005e-05,0.7269769,3.1632264e-06,2.8723312e-07,0.27293187,3.5308535e-08,1.220047e-07
ISIC_0031080,1,0.00012591491,0.5804094,6.0703546e-06,1.5305412e-07,0.41945797,2.1915503e-07,2.5859075e-07
ISIC_0025905,1,0.0706134,0.92927444,7.932031e-08,2.9728383e-08,0.00010716988,4.8044403e-06,1.6314445e-07
ISIC_0030184,1,0.010029825,0.98990357,1.2552707e-06,8.008958e-10,6.0650123e-05,4.6464984e-06,7.0044905e-08
ISIC_0028098,1,0.00084009365,0.041225273,2.409839e-07,4.687717e-08,0.9578785,5.5571985e-05,3.5301474e-07
ISIC_0025610,1,0.15199953,0.84694207,1.7138238e-06,9.879498e-08,0.00083203916,3.437455e-07,0.0002242657
ISIC_0024615,1,0.0512623,0.91336995,0.00045102488,8.4853136e-10,0.03429262,1.0451907e-05,0.0006136612
ISIC_0025402,1,0.023023823,0.9764114,1.4991033e-06,4.195982e-05,0.0002526628,1.9139668e-07,0.00026843592
ISIC_0033380,1,0.90629995,0.064677685,2.9105825e-08,3.7748896e-07,0.028672926,0.00034730477,1.7685982e-06
ISIC_0030326,1,0.2729515,0.68173283,2.2184372e-07,1.5775507e-08,0.045310088,1.9256966e-06,3.3774247e-06
ISIC_0025228,1,0.12933089,0.8688196,0.0016961084,9.995955e-08,2.7431042e-07,0.00015257088,4.1973195e-07
ISIC_0033251,1,0.03150675,0.6523058,0.000550315,8.00946e-09,0.3156355,1.389221e-06,2.2110031e-07
ISIC_0033402,1,0.0014819099,0.98515135,2.9022534e-05,1.3600415e-08,0.01333602,1.5076916e-06,2.211838e-07
ISIC_0034204,1,0.031374574,0.9479976,0.00014532835,6.922111e-09,0.020480018,2.2084903e-06,2.280962e-07
ISIC_0033555,1,0.0046054856,0.9953923,7.361534e-08,2.5671097e-08,1.8710688e-06,1.9111964e-07,8.762634e-09
ISIC_0033963,1,0.022993932,0.97259706,1.7084411e-06,1.7994399e-08,0.0044037206,3.4299137e-06,5.808264e-08
ISIC_0033793,1,0.015822971,0.9840911,1.7575e-08,2.2097524e-09,8.594796e-05,1.9767151e-08,2.4254896e-09
ISIC_0027643,1,5.347459e-05,0.9998882,2.9511005e-09,1.3343523e-06,5.664819e-05,2.8505585e-07,1.1074513e-07
ISIC_0033227,1,0.0003150581,0.9988003,4.2337398e-08,6.1448904e-09,0.00088167895,2.842187e-06,4.998222e-08
ISIC_0033365,1,0.00012051589,0.995889,9.039459e-06,4.1922885e-08,0.0039142976,6.155197e-05,5.6666786e-06
ISIC_0025239,1,0.0013443216,0.9887412,2.5480556e-06,3.0884988e-07,0.009645836,0.0002611204,4.6202777e-06
ISIC_0032950,1,0.0025897522,0.603231,1.8201003e-05,5.3192894e-06,0.3938917,0.0002593086,4.734017e-06
ISIC_0034156,1,0.0012211687,0.9956671,3.7370035e-07,1.6278767e-08,0.0030315723,7.9522506e-05,1.9041458e-07
ISIC_0032664,1,0.00043747242,0.9710199,1.6434394e-07,4.181373e-09,0.028511895,3.0400912e-05,8.753383e-08
ISIC_0033461,1,0.06478398,0.7251207,4.0714778e-07,3.4412064e-08,0.21009195,2.6813414e-06,2.5276933e-07
ISIC_0025990,1,0.8144162,0.15867487,0.00027786702,4.417094e-07,0.02662676,3.2826729e-06,5.1046237e-07
ISIC_0025778,1,0.0011712585,0.011883381,5.356946e-06,4.2231122e-06,0.986932,3.1373154e-06,6.1756316e-07
ISIC_0025871,1,5.905202e-06,0.9998882,4.1936655e-08,4.7988697e-09,0.00010281942,1.824902e-07,2.8296554e-06
ISIC_0031988,1,0.000390785,0.9992035,8.699404e-07,5.9073066e-08,0.00035518102,4.741517e-05,2.2607594e-06
ISIC_0029662,1,0.00019680435,0.99960047,3.702841e-07,2.2899427e-07,0.00013673148,1.4609623e-05,5.0807022e-05
ISIC_0030582,1,7.015291e-06,0.99998176,1.5343309e-10,1.42954155e-08,3.0616538e-06,5.214759e-06,2.9628022e-06
ISIC_0025001,1,0.0016048531,0.99826473,3.8203353e-08,5.689006e-08,0.00011603187,1.2229226e-05,2.0832163e-06
ISIC_0028800,1,4.5201436e-06,0.99716777,6.75563e-10,7.6818947e-07,0.0026177757,0.00020305335,6.237191e-06
ISIC_0029636,1,0.00020574848,0.28168494,7.7020337e-07,1.3033507e-06,0.7180832,1.9136862e-05,4.883263e-06
ISIC_0027931,1,0.0012353286,0.19963574,1.1297794e-06,8.3292406e-07,0.7990926,2.8917595e-05,5.4079896e-06
ISIC_0033059,1,0.00018150856,0.9998184,4.4233577e-09,7.257527e-13,1.6108665e-07,1.3434125e-08,1.5129757e-09
ISIC_0033113,1,0.00047156302,0.99952793,9.446008e-09,1.1222717e-12,4.7412473e-07,5.0305466e-08,3.782623e-09
ISIC_0033547,1,0.12872818,0.8712657,2.7597767e-07,6.4569333e-10,3.0643534e-07,5.3968997e-06,8.329709e-08
ISIC_0033370,1,0.0008130302,0.9781797,1.4688479e-05,2.145148e-08,0.020978207,5.1120963e-07,1.3857563e-05
ISIC_0033521,1,1.4391198e-05,0.9999796,1.744327e-07,2.6194702e-10,5.8121304e-06,5.68591e-09,4.1974477e-09
ISIC_0032623,1,9.610957e-06,0.99999034,1.30433495e-08,2.2433881e-11,4.0416143e-08,1.1808765e-09,8.840499e-09
ISIC_0034281,1,0.49489397,0.2766786,0.03509816,4.6895173e-07,0.19216168,0.0010504076,0.00011678505
ISIC_0034152,1,0.3648909,0.62793607,0.00330668,2.502491e-06,0.0037075123,9.392006e-05,6.246295e-05
ISIC_0033739,1,0.016117344,0.9237649,3.027936e-05,2.895146e-09,0.06005967,2.665885e-05,1.181611e-06
ISIC_0033837,1,0.0019037118,0.9979809,1.8458983e-06,1.3314894e-06,8.8052344e-05,2.3106706e-05,1.1793688e-06
ISIC_0032612,1,0.0016630699,0.99833614,1.7428215e-08,4.2684594e-09,6.1157266e-07,2.7656203e-08,1.8121864e-07
ISIC_0034039,1,0.38844922,0.6110759,1.8123163e-06,4.8498023e-06,0.0003461769,6.289121e-05,5.916704e-05
ISIC_0032780,1,0.15481897,0.84349954,6.2956233e-06,7.5247135e-06,0.000882292,0.00078382174,1.5872715e-06
ISIC_0033849,1,0.07740472,0.9225609,3.070342e-07,3.417362e-08,2.1065307e-06,3.1937805e-05,8.941701e-08
ISIC_0032861,1,0.0013267896,0.99405175,0.00032519153,2.594912e-07,7.444407e-05,0.004220684,7.848723e-07
ISIC_0032885,1,0.000113816386,0.99988556,9.2067385e-09,6.73046e-10,1.7117088e-07,3.9904717e-07,2.1434948e-08
ISIC_0033291,1,0.075078204,0.9249201,6.063118e-07,1.0537637e-09,7.2848017e-09,1.1000604e-06,6.8854136e-09
ISIC_0034102,1,3.8598578e-06,0.99999595,1.5184133e-10,3.9211798e-10,1.0588772e-07,7.6002024e-08,9.705851e-09
ISIC_0033632,1,0.59138787,0.38207456,0.009327683,3.6127236e-05,0.0020405273,0.015130593,2.6468722e-06
ISIC_0034025,1,0.025018984,0.9745214,9.193048e-05,1.8032806e-06,7.737278e-05,0.0002869984,1.5150544e-06
ISIC_0033182,1,0.010802078,0.983805,8.1919925e-06,0.00014406334,0.0044764276,0.0007635468,7.171995e-07
ISIC_0032999,1,0.008634597,0.9908578,3.0144412e-07,1.8077997e-09,0.0005033762,3.6850795e-06,2.63763e-07
ISIC_0032669,1,0.044529285,0.9534442,0.00026416173,3.0331856e-07,0.0017552878,6.1953665e-06,4.5310813e-07
ISIC_0033236,1,9.796403e-05,0.9989373,2.5549364e-06,7.7933775e-09,0.00095819717,6.30022e-08,3.863907e-06
ISIC_0033351,1,9.163514e-07,0.9999937,8.364331e-09,2.4989706e-09,4.634404e-06,6.804921e-07,5.3827502e-09
ISIC_0033131,1,0.00010343273,0.9998568,2.9976523e-08,2.6088303e-08,3.9010894e-05,3.7636457e-07,3.6632073e-07
ISIC_0033090,1,2.185753e-05,0.9998621,2.1644644e-10,3.5088362e-08,0.00011523475,3.09485e-07,4.6704153e-07
ISIC_0034111,1,1.5718615e-05,0.99958545,2.3634334e-09,3.709711e-08,0.0003987751,5.9142668e-08,4.6815515e-08
ISIC_0032676,1,3.7788593e-06,0.9999937,9.978037e-10,3.3326963e-09,2.4753167e-06,1.4135662e-09,4.2424277e-09
ISIC_0034077,1,0.00036813773,0.9996277,5.0699733e-09,2.4918043e-08,3.9821166e-06,6.85659e-08,4.9902983e-08
ISIC_0033091,1,0.016789261,0.9831714,2.3077625e-08,1.9504112e-09,1.1713605e-05,2.7263015e-05,3.1665456e-07
ISIC_0034138,1,0.0002152106,0.9997836,3.5684275e-10,1.5374201e-12,7.656808e-09,3.9003623e-08,1.2215083e-06
ISIC_0032971,1,0.00010589462,0.9998336,4.930955e-08,6.8700308e-09,5.3394273e-05,3.119189e-07,6.6987736e-06
ISIC_0032587,1,0.009340948,0.9906432,3.513563e-07,2.6178366e-06,4.1975777e-06,8.105215e-06,6.137641e-07
ISIC_0033824,1,0.003336934,0.9965856,1.2551046e-10,1.6872223e-09,9.807503e-07,7.656156e-05,4.66537e-10
ISIC_0033830,1,0.00015650004,0.99982053,1.9535014e-09,5.3901317e-08,6.6115576e-06,1.6305734e-05,3.647883e-08
ISIC_0032905,1,0.53286576,0.46457678,1.6051645e-05,1.7692308e-09,8.755354e-06,0.0025326174,9.076309e-08
ISIC_0034001,1,0.9825125,0.017116603,2.5463999e-06,4.5921715e-09,8.200938e-06,0.0003601575,2.4555767e-08
ISIC_0032560,1,0.9413675,0.058612432,1.7799638e-07,3.0554552e-09,1.05965256e-07,1.9637144e-05,5.551475e-10
ISIC_0034179,1,1.3018895e-05,0.99998045,3.9374437e-09,5.309862e-09,2.0992682e-06,2.5355089e-08,4.4662106e-06
ISIC_0034206,1,0.0013199585,0.99866915,6.54903e-09,5.342292e-08,1.3308349e-07,2.7824515e-07,1.0491389e-05
ISIC_0032980,1,0.00472543,0.9952455,3.1241267e-08,6.116591e-08,8.2433035e-06,1.962352e-07,2.042476e-05
ISIC_0025009,1,8.571549e-06,0.99892265,1.1058278e-06,1.1685795e-06,0.0007772753,5.355678e-06,0.00028378415
ISIC_0033833,1,0.014908028,0.98509127,3.7088541e-09,4.3571973e-09,3.852191e-07,9.807908e-08,1.7551947e-07
ISIC_0032882,1,0.00036902653,0.9996277,3.8777825e-09,6.40292e-11,2.8735606e-06,3.1140326e-07,9.387551e-09
ISIC_0034078,1,0.0021748114,0.99781835,2.3682466e-08,3.5470837e-09,4.3846258e-06,2.3783275e-06,4.0896847e-08
ISIC_0032818,1,0.012605702,0.98738736,2.1899623e-08,4.0477737e-08,3.5320836e-06,3.389468e-06,1.9420133e-08
ISIC_0032705,1,0.46351603,0.5354127,1.118608e-05,3.0525167e-09,0.00016801579,4.2107036e-08,0.00089193974
ISIC_0034198,1,1.852207e-05,0.99997306,1.5297841e-08,3.7505027e-11,3.1279908e-06,6.7676127e-09,5.3281733e-06
ISIC_0033658,1,0.10736192,0.89223766,2.2270804e-05,1.8578453e-08,0.00029661375,1.6590948e-07,8.126743e-05
ISIC_0033046,1,0.013262166,0.9867046,5.8783577e-08,1.4193854e-09,1.248271e-05,7.3065265e-09,2.0699776e-05
ISIC_0032689,1,0.00012975027,0.9998691,7.2965206e-10,2.4019597e-10,6.1019017e-07,2.3309807e-08,4.5827133e-07
ISIC_0033558,1,5.0007893e-06,0.99999404,3.0537976e-08,2.2645283e-09,1.2518372e-09,3.7993183e-07,5.436416e-07
ISIC_0033590,1,7.341676e-06,0.9999894,7.788023e-10,7.0289585e-10,5.616408e-10,1.4971741e-06,1.7238681e-06
ISIC_0033303,1,1.2403194e-05,0.999905,2.1827239e-07,9.1095177e-07,1.15683925e-07,2.6401593e-05,5.5002038e-05
ISIC_0032969,1,0.001013995,0.9987464,3.9868096e-06,3.326493e-07,0.000106853906,0.0001263413,2.0147445e-06
ISIC_0033894,1,0.0042438675,0.9952828,1.8933393e-07,8.8285276e-07,0.00046968993,2.4114286e-06,2.2312693e-07
ISIC_0034084,1,0.00035037944,0.9935759,0.0056861956,2.1736318e-08,0.00037369248,9.845917e-06,4.085846e-06
ISIC_0033273,1,0.0066004894,0.98688394,0.00022847582,1.0398871e-07,0.0062080678,5.1157473e-05,2.7765784e-05
ISIC_0034176,1,4.321974e-07,0.9996551,0.0003374365,3.3716834e-08,2.9168139e-06,3.5384583e-06,4.984316e-07
ISIC_0033104,1,0.80941594,0.18855081,0.000102287646,2.436588e-08,0.00024603776,0.0016827689,2.1075675e-06
ISIC_0032579,1,0.016536405,0.9814415,0.0006946042,8.430016e-08,9.485551e-05,0.0011593077,7.323171e-05
ISIC_0033189,1,0.06344861,0.87667763,7.42953e-05,1.3408854e-07,0.00010571341,0.05965111,4.255542e-05
ISIC_0032693,1,0.021865943,0.9746129,1.4136634e-06,3.4286757e-07,0.0035090074,9.710404e-06,6.1052964e-07
ISIC_0032734,1,0.001582035,0.9981286,8.434911e-08,8.440877e-09,0.00028710332,2.0817727e-06,1.8227419e-07
ISIC_0032659,1,2.558621e-06,0.99994683,6.8872e-08,1.4806798e-09,5.044965e-05,6.352136e-08,2.5479359e-08
ISIC_0032794,1,0.0013504577,0.9986462,4.895797e-10,3.053929e-09,3.364037e-06,3.5104013e-09,1.646624e-08
ISIC_0032801,1,1.855641e-05,0.999979,1.7901158e-09,8.8000815e-11,2.389869e-06,6.381227e-09,3.4482245e-08
ISIC_0033384,1,0.009419083,0.9905757,9.865084e-07,5.768219e-09,4.6817541e-07,3.8066696e-06,4.2489393e-08
ISIC_0032830,1,6.3253225e-05,0.9999305,3.3793704e-06,2.882889e-08,2.4361223e-06,3.1347125e-07,1.1439618e-08
ISIC_0032530,1,0.25497702,0.43563172,0.00034445844,2.9331253e-05,0.25764704,0.0020545467,0.049315758
ISIC_0033249,1,0.015541793,0.90482897,3.0593957e-05,5.0181097e-05,0.07165003,0.00028127403,0.007617127
ISIC_0032769,1,0.7307938,0.26909667,2.5950567e-05,1.01144785e-07,8.041506e-05,1.0486791e-06,1.973412e-06
ISIC_0033922,1,0.0001137006,0.9998605,5.2659527e-08,5.0242965e-09,2.3238728e-05,2.4585365e-06,1.9236454e-08
ISIC_0033108,1,4.3737222e-05,0.999948,5.9079746e-09,7.2061503e-06,1.1171002e-06,2.4227959e-10,9.844451e-09
ISIC_0033914,1,2.0078057e-06,0.999859,6.230806e-08,2.601282e-09,0.0001374106,1.4744029e-06,9.218728e-08
ISIC_0033978,1,4.0514205e-06,0.99999213,2.0148501e-10,1.8856643e-09,2.280174e-06,1.5441883e-06,2.8387193e-09
ISIC_0033718,1,0.00036751348,0.99949944,7.913811e-09,8.438568e-09,0.00013239447,6.2945895e-07,1.7770313e-08
ISIC_0032994,1,0.033848666,0.9658067,4.647766e-08,9.9978706e-08,0.00034367343,8.551224e-08,6.033664e-07
ISIC_0033604,1,0.1533538,0.84658813,1.6798377e-07,2.4979036e-08,5.2021704e-05,5.7513653e-06,1.11777794e-07
ISIC_0033634,1,0.14682299,0.8492156,6.9983557e-06,1.7736936e-06,0.0039389734,1.9604438e-07,1.3390437e-05
ISIC_0034226,1,0.0065173428,0.98225075,1.8525774e-05,6.8298185e-08,0.008861101,0.0023463329,5.8949145e-06
ISIC_0033116,1,0.00023094886,0.9997508,2.5742175e-08,1.9612828e-06,1.3154421e-05,7.192608e-07,2.490593e-06
ISIC_0033080,1,7.14017e-05,0.99981683,6.3877354e-07,4.2585188e-07,0.00011020306,5.0353037e-08,4.5494104e-07
ISIC_0034129,1,9.9063756e-05,0.9998385,4.3488317e-06,7.0500136e-07,5.6762452e-05,1.07877035e-07,5.50159e-07
ISIC_0034285,1,0.031209327,0.9664314,4.7558256e-06,7.899792e-10,0.0023172263,1.450563e-05,2.2825698e-05
ISIC_0033966,1,0.01035152,0.97578853,2.943139e-05,1.2322256e-08,0.01076784,1.3047862e-05,0.0030496314
ISIC_0034244,1,0.21753652,0.78158444,3.5285895e-05,1.4416605e-09,0.00084228534,5.978156e-07,9.834445e-07
ISIC_0032855,1,0.385654,0.4846487,4.376707e-05,2.4022524e-09,0.12964949,1.8025659e-06,2.1716985e-06
ISIC_0032792,1,0.00037338395,0.99916494,7.3527655e-05,5.738242e-10,0.00037497724,2.9444514e-06,1.0248253e-05
ISIC_0033787,1,0.00023206075,0.9737849,9.42345e-07,1.1337528e-07,0.025844252,2.237551e-05,0.00011528469
ISIC_0033599,1,0.09198918,0.90110606,0.00044762695,1.1289715e-07,0.0051850937,0.0008220386,0.00044988125
ISIC_0033221,1,2.2723918e-05,0.99966955,4.021842e-08,2.6748836e-10,0.0002933757,1.0022119e-05,4.255336e-06
ISIC_0033340,1,9.547635e-07,0.99999714,1.7650128e-08,9.308946e-10,1.3526932e-07,1.4047494e-06,3.5008551e-07
ISIC_0032886,1,3.1876665e-05,0.99943215,4.441278e-08,6.2956245e-09,0.00021745909,0.00031851488,6.2148886e-09
ISIC_0032581,1,1.1603132e-06,0.9991897,1.00399646e-07,3.4251884e-09,0.000804153,4.938308e-06,1.3229638e-08
ISIC_0033532,1,0.2538865,0.7448192,1.5610873e-05,1.4328957e-06,0.001270781,3.963187e-06,2.4505084e-06
ISIC_0032713,1,0.003890068,0.99605787,6.5854795e-07,3.221366e-08,4.3890934e-05,7.3074434e-06,1.76719e-07
ISIC_0033148,1,7.4673685e-06,0.99991035,1.1437272e-08,1.8975166e-09,3.244402e-08,8.2119244e-05,5.00413e-08
ISIC_0033109,1,2.3718467e-06,0.9999949,3.6020171e-09,1.0410756e-09,1.8036213e-06,7.885602e-07,1.2017178e-07
ISIC_0032986,1,6.631905e-06,0.9999397,5.1698798e-08,1.8236214e-09,9.210965e-08,5.206487e-05,1.3945245e-06
ISIC_0033026,1,0.000944444,0.99905163,4.8028564e-08,5.578642e-08,1.8975687e-06,1.9132503e-06,2.6637153e-08
ISIC_0033774,1,0.00020218374,0.99979466,3.8985667e-07,1.803917e-08,1.7172255e-06,9.367082e-07,5.908175e-08
ISIC_0033508,1,0.04219469,0.95775604,1.1863413e-05,2.2580622e-09,3.6244208e-05,7.8949554e-08,9.822531e-07
ISIC_0033875,1,0.00014305639,0.99961984,2.6281637e-07,2.819445e-08,0.00023495624,2.6885266e-07,1.6572072e-06
ISIC_0032539,1,0.0037459582,0.99625313,2.3139124e-07,1.8042827e-09,2.2798118e-07,2.697118e-07,2.2953841e-07
ISIC_0032686,1,5.85243e-05,0.99993646,8.199483e-09,8.407432e-10,4.89484e-06,4.1498332e-08,6.5229784e-08
ISIC_0034249,1,2.4652827e-05,0.9999701,1.7819796e-06,2.2020201e-09,3.4600032e-06,4.232879e-09,2.4332717e-08
ISIC_0032824,1,4.407803e-06,0.99998105,3.6911624e-10,6.7185263e-12,1.44384685e-05,2.5105829e-08,5.773699e-08
ISIC_0032762,1,0.0010082101,0.9861779,4.5028816e-07,1.2698358e-05,0.01279472,2.5565384e-06,3.3816345e-06
ISIC_0032594,1,0.0007533592,0.93499076,6.277978e-07,5.58233e-08,0.06418193,4.1964544e-05,3.121006e-05
ISIC_0033147,1,0.000162602,0.999731,4.812856e-08,9.669838e-09,0.00010570013,4.5912137e-07,1.3776898e-07
ISIC_0033407,1,1.5330563e-07,0.999998,2.1230667e-10,2.4102862e-11,1.8545677e-06,2.5201873e-08,8.656339e-09
ISIC_0033734,1,4.6718583e-06,0.999995,8.8993934e-10,9.009514e-11,3.201441e-07,4.8015063e-09,4.13191e-08
ISIC_0033923,1,1.164387e-05,0.9999881,2.9755546e-08,2.3839637e-11,2.1466329e-07,3.2549158e-10,1.1139192e-08
ISIC_0034217,1,0.00068762706,0.9969632,1.2426743e-06,3.2722404e-08,0.0022520616,8.060282e-05,1.5312125e-05
ISIC_0032952,1,0.00012456966,0.96351373,7.00192e-07,4.7676915e-07,0.03632334,3.4602504e-05,2.6557861e-06
ISIC_0033851,1,0.015981097,0.9831064,2.9478394e-07,5.5144296e-06,0.0009035332,1.9170939e-06,1.273392e-06
ISIC_0033873,1,0.0027221334,0.9836769,2.6695154e-06,5.3635813e-06,0.012522697,0.0010040534,6.618039e-05
ISIC_0032510,1,4.2389286e-07,0.99999917,4.714531e-10,9.437621e-12,2.4362186e-07,7.108392e-08,1.2635814e-09
ISIC_0033228,1,0.00118854,0.98408777,1.1355944e-05,2.9489675e-09,0.014694698,1.7436865e-05,1.3206962e-07
ISIC_0029654,1,0.9861448,0.013096954,6.291716e-07,1.2850636e-07,0.0001100085,5.405784e-06,0.0006420054
ISIC_0025210,1,0.00016821841,0.99983144,2.2267939e-08,1.35666396e-14,2.5963723e-13,8.6828784e-08,1.839e-07
ISIC_0026372,1,0.005806148,0.9941924,1.132936e-06,4.5913953e-11,4.3155393e-10,1.5320987e-07,2.0837592e-07
ISIC_0026761,1,5.528784e-05,0.9999447,2.4408002e-12,4.4457675e-12,7.088423e-09,4.0352424e-09,1.2046866e-09
ISIC_0032322,1,1.9078467e-05,0.9999044,1.0795284e-08,8.494578e-09,7.615406e-05,1.8194262e-07,8.440897e-08
ISIC_0024424,1,0.085034885,0.906086,3.2755193e-05,0.00040816452,0.0067832293,0.0016327,2.2158856e-05
ISIC_0024695,1,4.9066625e-06,0.9999856,1.1480923e-09,7.962032e-09,3.4335184e-07,9.205232e-06,2.243786e-09
ISIC_0027755,1,4.981429e-05,0.9999492,1.2436622e-11,8.586462e-12,1.018947e-06,2.0337139e-09,4.5995915e-11
ISIC_0028429,1,0.053184893,0.9464501,3.6841779e-09,1.2194306e-09,9.756205e-05,0.00026701414,3.7995494e-07
ISIC_0032375,1,9.92009e-06,0.9999846,2.290571e-09,8.985546e-12,4.760728e-06,7.6532007e-07,2.52911e-08
ISIC_0025045,1,5.7858873e-08,0.9999994,9.208906e-10,2.574397e-11,1.1749319e-08,4.8536714e-07,1.1774237e-09
ISIC_0030543,1,1.5503709e-07,0.9999993,8.431813e-09,5.5323846e-10,5.226283e-09,4.8900546e-07,1.790293e-08
ISIC_0028734,1,0.0007361175,0.9991935,4.1333415e-08,3.0190193e-09,6.7819776e-05,2.3098924e-06,2.2159333e-07
ISIC_0026125,1,8.671434e-06,0.9999907,4.4516304e-07,3.6535283e-10,1.6289405e-07,1.2310561e-08,2.2194053e-08
ISIC_0024458,1,0.008916278,0.98297715,0.008009715,1.5044616e-10,2.2268237e-05,7.454789e-05,9.6369284e-08
ISIC_0030243,1,1.3609119e-07,0.99999964,7.0367834e-10,2.0807012e-09,1.7086533e-07,4.9572467e-08,6.89056e-08
ISIC_0032058,1,9.272733e-08,0.99999905,5.045235e-10,6.9339234e-10,8.1504584e-07,3.6561048e-09,9.815796e-09
ISIC_0024653,1,2.0089442e-06,0.999992,5.30636e-09,6.586304e-11,5.9003487e-06,1.1780722e-07,3.1690615e-09
ISIC_0026141,1,0.000217945,0.9980306,1.7699911e-07,4.1635034e-10,0.0017506521,5.617906e-07,3.894623e-08
ISIC_0027623,1,0.005484514,0.9945052,2.4012594e-09,3.552839e-10,1.0210193e-05,1.5011922e-08,6.2249015e-09
ISIC_0025226,1,1.4567892e-05,0.99998426,1.8111852e-09,1.4387457e-10,5.3713496e-08,1.0816851e-06,6.8743824e-09
ISIC_0026424,1,0.0012722316,0.9987275,1.4289875e-09,6.293115e-10,3.0183667e-08,5.280955e-08,2.6795587e-07
ISIC_0031521,1,9.4512354e-05,0.99990547,2.3893875e-08,6.3696583e-12,1.871132e-08,5.5243532e-08,5.288116e-10
ISIC_0032021,1,2.2936692e-06,0.9999976,7.1587836e-10,7.994053e-09,9.605007e-08,1.2672631e-08,8.391945e-09
ISIC_0025469,1,0.23520935,0.7639692,0.0005710561,7.956637e-09,8.396671e-06,0.0002411367,8.12902e-07
ISIC_0025133,1,0.008715058,0.9896432,0.00067938445,5.58873e-08,0.0009156671,4.4934448e-05,1.722188e-06
ISIC_0030933,1,9.120257e-06,0.99998415,1.4545045e-08,7.553045e-08,6.2505856e-06,4.140577e-07,3.812254e-10
ISIC_0025043,1,0.002965907,0.9967338,5.178452e-07,1.8214712e-07,0.00018705572,0.000112150454,3.0440052e-07
ISIC_0024538,1,0.0047041974,0.9838493,0.0001169402,1.7149388e-08,0.011319814,9.076441e-06,6.916799e-07
ISIC_0029499,1,0.42673418,0.54399836,0.00013889259,4.919332e-09,0.029120496,7.5608373e-06,4.822127e-07
ISIC_0025208,1,0.0032289918,0.99153674,0.00041123747,3.508677e-08,0.0047997474,2.2990038e-05,2.971856e-07
ISIC_0031956,1,3.7564912e-06,0.9999505,2.8469529e-08,9.2667676e-08,4.3051572e-05,2.440806e-06,7.174282e-08
ISIC_0025381,1,6.495705e-05,0.999435,3.536606e-08,2.1777287e-06,1.2752082e-05,1.1721497e-06,0.0004838668
ISIC_0030615,1,0.00043345176,0.6149175,1.0799715e-08,4.699479e-10,0.38460305,4.5936973e-05,1.0055521e-08
ISIC_0031308,1,0.31274697,0.6790249,1.9680147e-08,1.543341e-05,0.008202645,3.3096794e-06,6.6907246e-06
ISIC_0028981,1,0.026509639,0.70681095,1.011497e-07,6.02879e-06,0.26666376,8.442006e-06,1.0760356e-06
ISIC_0027821,1,2.4302722e-06,0.99999726,1.3721298e-10,1.3061862e-12,3.018483e-08,2.1160236e-09,2.7186718e-07
ISIC_0027715,1,6.4365886e-05,0.99993396,4.3093137e-10,1.050746e-11,6.57839e-07,7.115303e-09,1.0025358e-06
ISIC_0028360,1,3.5099083e-06,0.9999958,4.3704766e-08,1.8431082e-08,1.0735843e-07,4.8828383e-07,5.2525477e-09
ISIC_0029861,1,4.0084166e-07,0.9999988,3.9375652e-07,1.954819e-09,6.3659776e-08,3.8829123e-07,5.107824e-09
ISIC_0024366,1,4.0084166e-07,0.9999988,3.9375652e-07,1.954819e-09,6.3659776e-08,3.8829123e-07,5.107824e-09
ISIC_0027208,1,6.056653e-07,0.99999917,5.7642634e-08,2.0597664e-11,1.295261e-07,2.273104e-09,4.4801074e-10
ISIC_0032368,1,2.3164255e-06,0.9999976,7.799296e-10,9.008314e-12,3.951281e-08,2.0765846e-10,1.747046e-10
ISIC_0029504,1,8.325166e-07,0.99999905,5.0909406e-09,1.6246053e-11,1.3286414e-07,3.8802128e-10,3.481047e-10
ISIC_0024941,1,1.7458493e-07,0.9999994,2.816747e-08,1.5811972e-12,3.565206e-07,2.3101485e-08,1.0742917e-09
ISIC_0026028,1,1.5485061e-07,0.9999993,4.261439e-08,3.692831e-12,3.4603266e-07,1.0608153e-07,5.836883e-09
ISIC_0028057,1,7.740163e-06,0.99983406,1.3727325e-07,1.4855585e-10,1.1900568e-05,0.00014616069,8.3592e-09
ISIC_0031502,1,5.548144e-06,0.9999455,2.3245845e-07,8.998992e-10,4.4894332e-05,3.7725704e-06,1.3532064e-09
ISIC_0032227,1,0.00026310192,0.9997353,4.150856e-09,5.2383347e-09,1.5548673e-06,2.5427065e-09,8.286265e-08
ISIC_0025545,1,5.0881823e-08,0.99999833,7.5000395e-11,4.9719165e-12,1.2589417e-06,2.287287e-07,8.635041e-08
ISIC_0032003,1,6.670553e-08,0.9999924,1.5593898e-10,3.4541304e-11,6.633968e-06,6.575343e-07,2.4364695e-07
ISIC_0030466,1,1.78356e-05,0.9999701,6.6157696e-08,6.395636e-12,1.410337e-06,1.0656909e-05,3.564224e-09
ISIC_0024529,1,2.2586491e-05,0.9998834,1.7203325e-09,3.866734e-09,1.7381126e-06,9.2277274e-05,2.577743e-08
ISIC_0027827,1,0.008002283,0.9915244,4.4460517e-08,1.2522761e-08,0.00043950588,3.3717515e-05,9.17477e-09
ISIC_0025491,1,0.0005150466,0.99948287,4.07439e-09,3.9884177e-10,1.246889e-07,1.9633003e-06,3.3228065e-10
ISIC_0031631,1,0.0027592974,0.98820275,1.9413008e-05,6.708581e-07,0.008788678,0.00022084812,8.2360075e-06
ISIC_0027150,1,0.00041791785,0.99125844,8.144849e-06,2.2586605e-06,0.007950892,0.00035772685,4.593706e-06
ISIC_0030179,1,0.00014851124,0.99984646,2.347117e-09,8.983486e-11,3.853777e-07,4.6738646e-06,1.8104808e-08
ISIC_0029215,1,0.0048554693,0.9951159,2.9705776e-08,3.7675787e-09,2.4704594e-05,3.417207e-06,5.268654e-07
ISIC_0028362,1,0.002731423,0.9972473,4.6664873e-08,2.1950528e-09,1.0462015e-05,1.0290853e-05,4.5811393e-07
ISIC_0027514,1,0.000270034,0.99972934,8.129508e-09,1.5459097e-10,3.965003e-07,1.9955188e-07,7.873365e-09
ISIC_0031621,1,0.003867079,0.99612844,3.7827124e-07,7.100209e-10,2.6776765e-06,1.3710724e-06,1.0611498e-08
ISIC_0031822,1,0.0041311616,0.9958183,7.978965e-06,9.705557e-09,3.2251017e-05,1.0197051e-05,6.888919e-08
ISIC_0030654,1,3.4407299e-06,0.99999654,7.4369564e-09,1.0651511e-11,3.3703014e-08,2.2842343e-08,1.5309393e-10
ISIC_0024721,1,5.823056e-05,0.9999106,2.41364e-06,6.4462355e-09,8.9985846e-08,2.8642808e-05,9.904581e-08
ISIC_0027020,1,1.8484162e-06,0.9999981,6.774214e-09,5.2642057e-12,1.1337038e-08,1.1286228e-08,1.2944018e-08
ISIC_0028390,1,2.0735179e-06,0.99999785,1.7485975e-09,8.308205e-13,2.159241e-10,2.3286708e-09,3.719817e-08
ISIC_0029199,1,1.7846487e-05,0.9999814,3.2538325e-10,1.8000655e-10,6.541166e-07,3.5616141e-09,1.2633107e-07
ISIC_0029661,1,0.0042311065,0.99576867,1.8823043e-09,5.819618e-10,7.193325e-08,9.2861725e-08,1.1295879e-07
ISIC_0031623,1,1.0925488e-06,0.9999963,1.3987311e-08,2.1388401e-11,2.286455e-06,1.30401e-07,1.6826034e-07
ISIC_0024328,1,4.3341093e-05,0.9998677,3.91866e-09,3.3399233e-10,8.887029e-05,8.2064496e-08,2.820058e-08
ISIC_0028518,1,4.2882095e-07,0.9999994,4.160433e-10,9.54122e-13,1.7530435e-07,3.4762948e-08,5.553922e-10
ISIC_0026764,1,1.3784082e-05,0.99998426,4.9694275e-09,1.5368684e-10,1.8993328e-06,3.9184647e-10,5.0263753e-09
ISIC_0032305,1,0.21863326,0.7812117,6.3154944e-06,3.000949e-09,1.1322187e-05,0.00012296526,1.4507506e-05
ISIC_0025039,1,3.800939e-05,0.9999609,7.970888e-10,5.7466102e-12,1.1034703e-06,5.7138743e-09,3.2729075e-09
ISIC_0032427,1,0.0030513885,0.99694294,1.4726131e-08,5.608851e-11,4.887695e-06,1.12584935e-07,6.537113e-07
ISIC_0024428,1,2.4285605e-06,0.9999975,1.6953381e-09,2.8968006e-09,1.2955496e-08,5.4990488e-09,8.362102e-08
ISIC_0027897,1,0.00022351247,0.99936384,0.00022680614,7.750963e-09,3.0324973e-05,8.3975276e-05,7.1518494e-05
ISIC_0029339,1,0.0022482835,0.9968886,1.02474644e-07,7.7995816e-07,0.00085269165,9.413347e-06,1.0837093e-07
ISIC_0031399,1,0.026331402,0.9736564,7.202481e-06,2.0316072e-06,2.5222203e-06,7.938149e-08,1.9900972e-07
ISIC_0029277,1,0.00012545644,0.9998636,1.721633e-07,4.910635e-07,1.872274e-09,1.0222892e-05,3.6333518e-09
ISIC_0026209,1,0.00035498658,0.99964416,1.13246465e-07,4.7572605e-08,6.1083824e-07,1.2953494e-07,3.7732697e-09
ISIC_0025518,1,0.0017328196,0.99825305,1.3436567e-05,3.7797712e-10,1.7543691e-08,7.441329e-07,5.500817e-09
ISIC_0026101,1,4.005855e-06,0.9999933,2.5948339e-06,5.2858325e-12,1.787713e-08,4.131178e-08,3.0115799e-09
ISIC_0027045,1,0.0017178659,0.89185953,1.944009e-05,1.4452705e-06,0.10637902,1.4011255e-05,8.593757e-06
ISIC_0027236,1,5.8488063e-06,0.977335,2.614804e-09,1.4485242e-07,0.02260582,5.035761e-05,2.9221408e-06
ISIC_0031798,1,3.1650216e-05,0.9998864,7.366461e-08,3.3457004e-09,8.126894e-05,2.055902e-07,3.3438312e-07
ISIC_0028484,1,0.0001635607,0.9998362,1.7658053e-09,1.5865063e-12,5.889586e-08,9.658819e-09,9.736622e-08
ISIC_0027874,1,4.2453004e-07,0.99999917,9.204404e-11,5.093852e-10,3.4343415e-07,1.0596362e-07,4.5081025e-10
ISIC_0025657,1,0.0012065428,0.99847597,3.0919983e-07,1.0748306e-08,0.00030545756,1.1691988e-05,8.302799e-08
ISIC_0029459,1,0.00013695199,0.95088416,7.7486895e-08,4.192429e-06,0.04895766,1.6599353e-05,3.7881202e-07
ISIC_0029528,1,0.00029295209,0.99909854,4.0277202e-05,8.2819713e-07,5.191209e-05,0.000513621,1.9201366e-06
ISIC_0024937,1,0.004467784,0.99553126,1.4574091e-07,1.1850941e-08,7.727685e-07,1.2633319e-08,8.158306e-08
ISIC_0032136,1,0.0077231983,0.99186045,1.1382724e-06,3.483888e-06,0.00041008403,1.6322784e-06,6.4060835e-08
ISIC_0025198,1,2.3910596e-05,0.99991107,2.377267e-09,5.041549e-10,5.8411904e-05,3.3077104e-06,3.251684e-06
ISIC_0027486,1,3.0650812e-05,0.9999536,2.3617993e-08,4.624434e-08,1.4976196e-05,6.2147643e-07,1.6453343e-07
ISIC_0025410,1,1.8500856e-05,0.9999027,6.720897e-08,3.910111e-07,3.8574504e-05,1.6248132e-05,2.3575962e-05
ISIC_0030296,1,6.336376e-06,0.9973061,2.451085e-07,6.6516746e-05,0.0026158965,4.8242873e-06,1.8697916e-08
ISIC_0024343,1,0.00027341992,0.9996991,5.3295455e-11,4.8907642e-09,6.5354884e-06,2.0935673e-05,1.277795e-09
ISIC_0031311,1,3.228402e-05,0.999967,3.850679e-10,4.0543868e-10,6.213668e-07,8.1944535e-08,4.704501e-09
ISIC_0029169,1,6.2756208e-06,0.9999826,9.677014e-09,6.964082e-10,2.3788661e-07,1.0802426e-05,3.467535e-08
ISIC_0029197,1,0.0017766278,0.99822265,1.725106e-08,4.9847043e-10,6.498026e-08,6.4448244e-07,4.220104e-08
ISIC_0032300,1,6.042568e-05,0.9999167,7.14073e-08,5.0813757e-08,2.1220938e-05,7.688364e-07,9.1227696e-07
ISIC_0026034,1,3.7152186e-05,0.9999448,1.5018816e-05,1.7695433e-10,1.5177509e-06,1.1604484e-06,3.2981342e-07
ISIC_0028420,1,0.31506938,0.04527517,3.889808e-07,4.7627296e-07,0.6393766,0.0002770002,9.789735e-07
ISIC_0032126,1,0.090375245,0.8336871,1.1487673e-05,1.4761545e-06,0.014196745,0.061725706,2.1406636e-06
ISIC_0029978,1,0.09513338,0.010167016,2.9044768e-06,3.736118e-08,0.89469534,1.3328136e-06,6.0720815e-09
ISIC_0025926,1,0.0021273743,0.40269497,8.6001455e-05,0.009400453,0.58550775,1.6946822e-05,0.00016651065
ISIC_0031117,1,2.8837846e-06,0.9999912,4.6736517e-07,6.125073e-10,4.6710206e-06,8.057721e-07,3.7127657e-09
ISIC_0027308,1,0.00092233816,0.99890697,2.2255426e-07,1.9413664e-08,0.00016991848,1.7972994e-07,3.2721528e-07
ISIC_0032047,1,4.4735245e-08,0.9999888,1.3704398e-09,3.438195e-09,5.4569286e-06,5.5618566e-06,7.1081274e-08
ISIC_0032243,1,0.00034502853,0.9961079,0.0034605751,5.4776444e-07,7.753848e-05,8.14402e-06,2.3826875e-07
ISIC_0028675,1,0.0005508935,0.9981997,0.00018903735,7.53626e-08,0.00065819477,0.00033348927,6.851051e-05
ISIC_0031220,1,0.00024575435,0.99877435,2.5632082e-07,0.00010111895,0.0008731247,5.283938e-06,2.0320239e-07
ISIC_0024808,1,2.2188713e-05,0.9999621,1.4522077e-08,8.4788e-09,1.4449077e-05,4.795468e-07,8.0939463e-07
ISIC_0031942,1,0.09895068,0.90103996,3.300232e-08,1.4997047e-11,7.5094276e-06,1.8061753e-06,3.141261e-09
ISIC_0026226,1,3.4134886e-05,0.99995995,1.3462437e-06,4.2765255e-10,1.6036056e-06,2.9801938e-06,1.1506393e-08
ISIC_0028174,1,0.1447338,0.5305567,0.0039401473,7.371695e-06,0.3191616,0.0015965698,3.7822456e-06
ISIC_0024566,1,0.4040514,0.22267804,0.003202222,0.010579628,0.35509777,0.004359988,3.0996685e-05
ISIC_0025112,1,8.0159e-05,0.99832505,1.5993746e-05,6.1539333e-07,0.00055624853,0.0010170573,4.905326e-06
ISIC_0032444,1,0.27359483,0.64493406,1.2666653e-05,0.0010113801,0.07756134,0.0028675832,1.814158e-05
ISIC_0028305,1,0.002707257,0.99723405,1.0735435e-05,4.6965474e-06,4.0576626e-05,2.039989e-06,6.7466954e-07
ISIC_0028186,1,0.00022799763,0.99916387,2.417622e-08,7.698028e-09,0.00060252455,5.3658628e-06,2.512399e-07
ISIC_0026099,1,0.00046543655,0.9994981,6.390039e-10,9.31217e-09,3.6023335e-05,1.8242476e-07,1.5794534e-07
ISIC_0024352,1,0.0008296653,0.9988919,4.5882567e-07,4.005253e-08,0.0002765978,1.4563814e-06,2.2669447e-08
ISIC_0026293,1,0.00079715083,0.99916446,1.7711208e-08,3.810817e-09,3.840281e-05,2.0509733e-08,2.220424e-08
ISIC_0029286,1,0.0004030059,0.9995895,2.0897832e-07,6.2884607e-07,1.0360584e-06,4.26261e-06,1.3747422e-06
ISIC_0025784,1,0.76459986,0.23538445,7.277353e-06,2.7062146e-07,4.7200704e-08,7.954967e-06,1.18139546e-07
ISIC_0032112,1,0.0071213366,0.9874879,2.6756223e-07,2.2457366e-06,0.005303819,8.392617e-05,5.5067056e-07
ISIC_0027490,1,0.18384156,0.022468762,0.000698247,0.0015391076,0.73012716,0.0011676085,0.06015767
ISIC_0029597,1,2.8558901e-05,0.9991936,4.1295974e-05,1.5626221e-06,0.00052347133,0.00019029238,2.1162881e-05
ISIC_0026097,1,0.7763837,0.213395,2.2259743e-05,0.007516255,9.8358605e-06,0.0025911597,8.174284e-05
ISIC_0028767,1,0.12304126,0.87690055,1.0119909e-05,1.6180935e-05,1.9603976e-06,2.5026435e-05,4.8802926e-06
ISIC_0028589,1,1.7020722e-05,0.99996006,1.9628413e-07,3.0434526e-09,2.2710372e-05,2.9169524e-08,5.3060113e-08
ISIC_0029432,1,0.00027002135,0.9937284,1.1277579e-06,4.157854e-06,0.00594881,7.665949e-07,4.6789384e-05
ISIC_0030535,1,0.22217405,0.6932591,2.1789817e-06,8.4423016e-05,0.0844699,8.2737955e-07,9.490772e-06
ISIC_0031019,1,0.14278327,0.8136707,7.625453e-05,1.2996386e-05,0.04150377,0.001852736,0.000100303056
ISIC_0028151,1,8.1755024e-05,0.9968111,9.848525e-08,6.5349263e-07,0.0029451798,0.00016119664,2.8350064e-08
ISIC_0025341,1,0.91015667,0.0037179831,0.00013246779,1.227121e-07,0.085981086,9.773479e-07,1.06705775e-05
ISIC_0028993,1,0.98236716,0.015998736,2.10081e-05,4.607233e-06,0.0015955886,3.2984597e-09,1.2942677e-05
ISIC_0029696,1,0.00076588074,0.99623495,3.643976e-09,1.7070293e-05,0.0028534797,0.00012845577,1.1147435e-07
ISIC_0027466,1,0.24271339,0.7571774,6.062394e-07,3.646747e-07,7.252968e-05,3.3704968e-05,2.0459995e-06
ISIC_0031710,1,0.25116172,0.7475128,0.00019128661,6.765523e-06,0.0010879815,3.199648e-05,7.4278523e-06
ISIC_0028923,1,0.21851963,0.7736403,0.0013380263,2.749809e-06,0.0064886496,7.80351e-06,2.8436689e-06
ISIC_0026414,1,0.8977375,0.076865725,9.7205e-07,1.10864e-06,0.025351884,4.1950454e-05,8.115309e-07
ISIC_0029160,1,0.023718158,0.67444324,2.6868336e-05,4.1838844e-05,0.30097038,0.0007378062,6.1712395e-05
ISIC_0026559,1,0.0031337976,0.39154732,1.4554178e-07,0.00012883378,0.6051583,2.1509064e-05,1.00054585e-05
ISIC_0025396,1,0.00011436775,0.999884,1.2149005e-06,7.6911816e-10,3.3270342e-07,6.186693e-09,8.901144e-09
ISIC_0026103,1,0.04258525,0.9539549,5.3482037e-08,0.00010371032,0.0033553662,2.8047418e-07,4.793589e-07
ISIC_0032281,1,0.25841054,0.7036207,4.3208433e-07,7.1311695e-10,0.005653354,0.032314796,1.9408449e-07
ISIC_0030425,1,0.39461154,0.59840995,6.136047e-07,1.607504e-06,0.0068983384,7.120709e-05,6.693745e-06
ISIC_0028559,1,0.0015097496,0.99829525,4.216603e-07,9.635664e-08,0.00019106663,2.405821e-06,1.0428244e-06
ISIC_0028951,1,0.00014487779,0.90410024,4.5524953e-07,8.038852e-06,0.095725246,2.0936399e-05,1.5658773e-07
ISIC_0028600,1,0.008060362,0.99089044,1.1490494e-08,2.925678e-08,0.0010387982,9.991931e-06,3.8349216e-07
ISIC_0027469,1,0.00033314686,0.9993749,1.2147799e-08,5.673334e-08,0.00028931824,2.5563822e-06,1.2675525e-07
ISIC_0028130,1,0.021923903,0.96710426,4.403245e-06,0.00011933296,0.010335601,0.00049965706,1.2925883e-05
ISIC_0024781,1,3.1781037e-05,0.89898396,0.100910254,7.631148e-09,1.091931e-06,1.2893427e-05,6.012277e-05
ISIC_0028648,1,0.30168116,0.6981389,1.2207189e-05,2.0748478e-09,0.00015033074,1.7622909e-06,1.565873e-05
ISIC_0030253,1,0.09317245,0.90676236,3.3412794e-06,1.8456033e-09,5.901213e-05,2.293757e-06,5.6645484e-07
ISIC_0031278,1,0.0006744614,0.9992355,3.9619638e-07,1.4439905e-06,8.587708e-05,1.4166312e-06,9.0053607e-07
ISIC_0026964,1,0.0008009155,0.38902843,1.3088602e-06,3.3045926e-05,0.61012256,1.3088134e-05,5.915286e-07
ISIC_0030167,1,0.0007993914,0.8267758,2.665638e-07,4.8228135e-06,0.17241876,6.9777496e-07,2.3013928e-07
ISIC_0032327,1,0.28476965,0.30174175,8.7791415e-07,2.4238045e-06,0.41336474,3.311269e-05,8.744248e-05
ISIC_0032423,1,0.01785321,0.9479821,1.5790955e-06,1.6231235e-06,0.034108955,5.2213523e-05,4.1620265e-07
ISIC_0030422,1,0.0005130749,0.9843907,4.0153764e-06,5.3337435e-06,0.015065586,2.136423e-05,8.886889e-08
ISIC_0027242,1,0.0063547823,0.8533437,5.5024073e-05,0.08090294,0.058637597,0.00068225776,2.3601908e-05
ISIC_0030313,1,2.6910624e-05,0.053137176,3.926745e-06,1.2137083e-06,7.0528804e-05,2.3662817e-05,0.94673663
ISIC_0025579,1,3.36417e-05,0.9999651,2.30036e-09,1.3435654e-09,1.1619715e-06,7.94667e-08,1.5473438e-08
ISIC_0024514,1,0.44794345,0.5507608,2.004616e-06,0.00019829515,0.0010354323,4.399376e-05,1.6014086e-05
ISIC_0031662,1,0.010076073,0.8514288,2.0590016e-07,1.1671711e-05,0.13824213,7.060019e-05,0.00017048666
ISIC_0032109,1,0.051569797,0.096977994,3.537922e-08,0.0003175721,0.85101146,4.9632286e-05,7.354305e-05
ISIC_0031031,1,2.4185067e-05,0.99030346,1.0340268e-09,1.1840594e-06,0.009655873,2.7649057e-06,1.2634256e-05
ISIC_0031113,1,9.3151606e-08,0.9999999,5.53697e-10,1.1404506e-12,5.7143907e-09,1.8917887e-09,3.2571046e-09
ISIC_0025967,1,0.012902209,0.5776912,5.8757973e-07,0.00074475113,0.40775463,0.0008943545,1.2231732e-05
ISIC_0031960,1,0.00020049054,0.99883753,1.0324251e-07,0.0009052917,4.0200146e-05,1.5588323e-05,8.032491e-07
ISIC_0024578,1,0.0010821203,0.92609566,9.49975e-07,0.0056020375,0.0671789,2.528723e-05,1.5111392e-05
ISIC_0028310,1,0.00047133607,0.9951871,0.0021847864,6.492613e-05,0.0016974403,0.00038547863,9.002498e-06
ISIC_0028281,1,0.00018082628,0.99568295,0.0004858704,3.413985e-07,0.001544948,0.00010676781,0.0019982713
ISIC_0029174,1,0.12120144,0.06331122,1.7278392e-06,0.0009898702,0.75892335,1.0518062e-06,0.05557135
ISIC_0028870,1,0.067684695,0.022794897,1.3481278e-05,0.00045670295,0.7333557,9.104181e-07,0.17569362
ISIC_0032144,1,0.013712447,0.9862488,8.511664e-07,3.9542016e-07,3.395245e-05,1.114013e-06,2.5307097e-06
ISIC_0030598,1,0.06741402,0.93017775,4.2774827e-06,6.567917e-06,0.0023888813,4.022295e-06,4.5180773e-06
ISIC_0028205,1,2.8256034e-05,0.99978787,8.7728114e-07,7.085973e-07,0.00013145083,5.061235e-05,2.0582085e-07
ISIC_0030772,1,0.009407063,0.9905909,3.9058103e-09,1.1418233e-06,8.2918086e-07,1.10019815e-08,5.6634106e-09
ISIC_0030580,1,0.0347137,0.00072783924,2.2698096e-06,9.272974e-07,0.9629209,0.0016338258,4.406227e-07
ISIC_0028358,1,2.5159645e-05,0.999974,4.9250417e-07,2.785904e-09,1.1606554e-07,2.4031044e-07,4.3744315e-09
ISIC_0027766,1,0.00018739949,0.9997749,1.1296484e-07,6.579733e-09,2.066535e-05,1.6919279e-05,3.4189046e-08
ISIC_0030809,1,0.38090578,0.6146739,7.09724e-07,1.9302956e-08,0.0017674201,0.0026508896,1.3005957e-06
ISIC_0032311,1,0.00037813548,0.9996215,1.2894169e-10,2.5579494e-08,3.2529272e-07,2.7709657e-09,1.4351217e-10
ISIC_0030920,1,0.0005445622,0.99945205,5.11856e-07,1.12177865e-07,1.2661068e-06,1.481353e-06,5.1767275e-09
ISIC_0030534,1,0.00022916196,0.9896437,6.9959833e-06,1.4802145e-06,0.010099045,1.42484405e-05,5.319275e-06
ISIC_0032284,1,5.6436882e-05,0.9997311,6.013664e-07,1.0015503e-07,0.00020682989,4.4960893e-06,3.6755358e-07
ISIC_0031121,1,0.0085981395,0.9905014,7.6721903e-07,7.400637e-06,0.00089045917,7.815546e-07,9.826684e-07
ISIC_0032034,1,0.043065634,0.9338747,7.0901797e-07,0.000103443475,0.022949452,3.6015522e-06,2.4812264e-06
ISIC_0032140,1,0.00013927779,0.9996344,5.2491544e-10,9.317234e-07,0.00022527816,1.5004005e-07,1.5721923e-08
ISIC_0028736,1,0.98882747,0.010391651,2.6383416e-06,8.3895634e-07,0.0007767789,3.080041e-07,3.0395188e-07
ISIC_0028472,1,0.0016056421,0.47955874,0.00068814977,6.25104e-07,0.5144257,0.0037208246,3.5293664e-07
ISIC_0030922,1,0.001947787,0.9845122,4.5460983e-08,1.5061796e-09,0.013531061,8.597666e-06,3.6912263e-07
ISIC_0026671,1,0.00036676595,0.99946123,1.41378e-07,1.472851e-08,0.000164788,6.5535532e-06,4.913661e-07
ISIC_0026488,1,0.0591838,0.85020137,4.6409497e-07,8.913057e-09,0.09060178,3.1659108e-06,9.423268e-06
ISIC_0026554,1,3.310148e-05,0.0016813935,3.9814537e-07,9.032382e-05,0.9981589,2.3023667e-05,1.290399e-05
ISIC_0030603,1,0.0010429592,2.7531538e-05,1.3749307e-07,3.050474e-06,0.9989256,5.7203454e-07,6.190983e-08
ISIC_0031085,1,0.017247166,0.075509466,1.733991e-07,1.628683e-06,0.9072191,1.5324484e-05,7.0977203e-06
ISIC_0027688,1,0.020069977,0.97981215,2.6843766e-06,1.692203e-06,0.00011335622,2.4356174e-08,1.6974066e-07
ISIC_0024704,1,4.3221044e-06,0.99999464,1.4105355e-08,2.0307295e-08,2.1250803e-07,5.5488183e-08,7.8999847e-07
ISIC_0030260,1,0.7927861,0.14617184,1.4522024e-05,0.000176849,0.060733825,8.5522584e-07,0.000115989045
ISIC_0031981,1,2.2394981e-05,0.9974463,4.7065292e-08,1.90731e-05,0.0024929605,1.9060917e-05,2.750715e-07
ISIC_0027298,1,0.18513963,0.81474096,3.491464e-05,5.554206e-09,2.378997e-07,8.414633e-05,1.7326448e-07
ISIC_0024561,1,0.049103763,0.95088464,8.06314e-06,1.4981133e-07,3.9328978e-07,3.1037337e-07,2.6732357e-06
ISIC_0030198,1,8.695427e-05,0.99991226,1.4586469e-09,2.8524377e-11,3.7527434e-07,1.9613479e-07,1.0188642e-07
ISIC_0027535,1,0.97261566,0.008965104,6.3160596e-06,1.2141288e-06,0.018408064,9.496845e-07,2.6333626e-06
ISIC_0027098,1,0.9972862,0.0024980255,6.368974e-05,1.6078597e-07,0.0001253723,2.6452179e-05,2.613354e-08
ISIC_0025027,1,1.0547473e-05,0.996971,0.0030149906,1.0033141e-07,2.2536365e-07,2.4952087e-06,6.36902e-07
ISIC_0032090,1,5.6307348e-05,0.99735755,0.002554706,1.7710702e-08,1.0856842e-07,2.9712832e-05,1.5304917e-06
ISIC_0031011,1,0.9248231,0.072251804,0.0017487806,2.0145162e-06,0.001124131,1.8449913e-07,5.0030867e-05
ISIC_0024466,1,0.0074304887,0.37209144,1.0794014e-06,0.00010279271,0.6203621,8.658709e-06,3.4217767e-06
ISIC_0025477,1,0.022762183,0.91001725,2.0493894e-07,2.0966192e-07,0.06721568,1.7901492e-06,2.6877449e-06
ISIC_0027203,1,0.11974444,0.8795529,4.446502e-06,1.0043591e-06,0.00067528815,1.50643455e-05,6.7731526e-06
ISIC_0029771,1,6.346217e-05,0.9999324,3.066232e-07,9.7801276e-08,3.4522166e-06,2.972747e-07,3.7677495e-08
ISIC_0027475,1,3.106222e-07,0.9999994,2.3821284e-10,5.4836153e-11,2.2661663e-08,1.869764e-07,1.4628811e-09
ISIC_0029344,1,0.3690379,0.62867814,0.00012643066,3.298029e-06,0.0021426545,8.8363976e-07,1.0772021e-05
ISIC_0029145,1,0.0020302678,0.7137535,0.08241961,1.2338658e-06,0.20113151,0.00066319556,6.694952e-07
ISIC_0029441,1,0.0018435066,0.9905951,0.0021884271,2.4124338e-07,0.0053111548,6.138075e-05,2.19668e-07
ISIC_0024480,1,0.93964547,0.015901623,6.013506e-07,2.7421977e-06,0.022368819,0.022069076,1.1584114e-05
ISIC_0030279,1,3.5015168e-07,0.9999163,1.9099171e-09,4.415387e-09,8.2777464e-05,4.2427473e-07,9.72441e-08
ISIC_0024380,1,4.7566746e-06,0.9999205,8.255312e-09,2.6494401e-08,7.372753e-05,8.174907e-07,1.7466408e-07
ISIC_0032344,1,0.014823188,0.98484725,0.00027354414,1.4659386e-07,1.1450971e-05,5.9260802e-08,4.4282213e-05
ISIC_0024416,1,0.0220321,0.6709212,5.88842e-06,1.829921e-07,0.3069985,4.1825795e-05,2.8424984e-07
ISIC_0026166,1,0.9879348,0.010528493,1.4958625e-06,5.4545876e-07,0.0014593607,3.8504884e-05,3.6700854e-05
ISIC_0028131,1,0.80016565,0.17922135,0.020121822,5.0460394e-06,0.00035478617,3.681797e-06,0.00012769183
ISIC_0024377,1,0.31916684,0.6799346,2.1320764e-07,9.190547e-06,0.000886268,2.3211562e-06,5.5495434e-07
ISIC_0031045,1,0.0017756235,0.9406724,1.0527366e-06,1.7783229e-08,0.05696034,0.0005875284,3.1278687e-06
ISIC_0030176,1,9.171981e-06,0.9999622,8.78319e-09,1.9748388e-06,1.281356e-05,2.2261997e-06,1.1511638e-05
ISIC_0029252,1,5.218097e-05,0.0026504914,2.9642564e-08,4.76037e-05,0.99701226,0.00023516252,2.1950789e-06
ISIC_0026017,1,0.0010618776,0.0032652346,2.9866843e-07,2.653266e-08,0.99560344,6.908507e-05,5.5017498e-08
ISIC_0032236,1,9.439071e-07,0.9999976,6.0173795e-07,3.8396988e-07,2.4315838e-09,4.616871e-09,4.8744215e-07
ISIC_0029560,1,0.0068661813,0.9930952,3.3108012e-07,4.2383512e-08,2.8152564e-05,1.00601e-05,2.908393e-08
ISIC_0027849,1,0.9546966,0.0365956,2.4253768e-05,1.1052325e-08,0.008654644,2.8698585e-05,1.2785908e-07
ISIC_0031809,1,1.1242345e-06,0.99886763,1.459749e-09,2.4464121e-08,0.0011308047,4.397031e-07,1.43620875e-08
ISIC_0029963,1,7.769483e-06,0.9995982,4.3360803e-08,2.0074762e-07,0.00039379744,6.350172e-09,1.5222641e-08
ISIC_0026123,1,0.35162053,0.63618535,0.00060224405,7.9405845e-07,0.011503311,8.744145e-05,3.2006034e-07
ISIC_0024479,1,1.4544958e-06,0.999894,2.1892164e-07,1.9587446e-10,3.129682e-05,5.3196774e-05,1.9857644e-05
ISIC_0032328,1,2.412887e-06,0.9999838,4.3965405e-09,7.1778944e-10,9.023443e-06,3.3973172e-06,1.4628564e-06
ISIC_0026358,1,0.00021973018,0.99969184,8.26855e-09,8.966996e-08,2.5128831e-05,5.1071893e-06,5.805149e-05
ISIC_0025193,1,1.9545514e-06,0.9998852,7.409498e-09,1.4780443e-08,2.412824e-06,1.5172894e-05,9.525559e-05
ISIC_0029247,1,0.001341675,0.99865794,4.067267e-11,8.315122e-12,7.87281e-08,7.900349e-09,2.5600784e-07
ISIC_0024752,1,0.018529933,0.98145133,2.478129e-09,6.992982e-09,1.8440993e-05,3.6482582e-08,2.4579464e-07
ISIC_0029650,1,0.0002674335,0.9980538,5.4178766e-08,1.4641189e-07,0.00032370104,0.0013531484,1.7855753e-06
ISIC_0029879,1,0.0003239308,0.99486923,5.399258e-09,2.21763e-06,0.0047165677,8.750023e-05,4.7318215e-07
ISIC_0026371,1,0.0006084011,0.99799573,9.152583e-06,4.7328535e-06,0.00024864034,0.0010304967,0.00010280495
ISIC_0024857,1,0.0012145608,0.681771,0.00020011759,1.2475667e-06,0.3158452,0.00094993005,1.793568e-05
ISIC_0029055,1,2.683771e-05,0.9999722,8.070319e-11,4.7476834e-10,8.519487e-07,1.0165648e-07,1.0197491e-08
ISIC_0026834,1,4.4455682e-08,0.9999875,4.675783e-09,3.9827433e-10,5.8003707e-06,6.2902654e-06,3.0621985e-07
ISIC_0026657,1,0.009938407,0.9900592,5.2762874e-09,9.9174e-11,1.0787991e-06,1.176259e-06,1.3682444e-07
ISIC_0028067,1,0.00020449156,0.99964607,4.3578954e-08,2.9848624e-09,2.8144916e-05,2.4853036e-05,9.630808e-05
ISIC_0031127,1,0.12042356,0.8788231,0.00073040545,1.8475976e-10,3.1845434e-07,2.265047e-05,1.1225168e-08
ISIC_0027558,1,0.56311995,0.43676266,6.115553e-05,7.7210717e-07,4.743098e-05,8.029215e-06,7.450257e-09
ISIC_0029231,1,0.008462616,0.9914004,2.140177e-08,4.5345698e-07,4.39361e-05,9.23618e-05,6.575382e-08
ISIC_0030144,1,0.00018429512,0.9996045,1.4812864e-08,4.3643539e-07,0.00011289332,1.8240851e-05,7.956744e-05
ISIC_0028909,1,0.043680847,0.9440725,1.0731517e-07,2.8641873e-05,0.0122154225,2.037812e-06,5.064506e-07
ISIC_0031750,1,0.0003789109,0.9996201,2.2638124e-08,1.9703318e-10,8.982507e-07,2.2855792e-08,8.4365986e-08
ISIC_0030710,1,0.039064147,0.9542828,0.00014033107,5.6851545e-06,0.005253556,0.001238443,1.4900411e-05
ISIC_0027714,1,0.06284834,0.27182907,3.388448e-05,1.3785987e-07,0.66526014,2.4779707e-05,3.6562412e-06
ISIC_0030585,1,0.0008977568,0.9988908,1.3195324e-07,4.910917e-09,0.00020231136,2.4837182e-06,6.5116405e-06
ISIC_0030336,1,6.2324983e-07,0.9991709,8.569909e-10,1.1672957e-08,0.00082405657,4.459553e-06,1.0191593e-08
ISIC_0027970,1,3.4362227e-05,0.99749726,2.8848934e-09,1.0848896e-08,0.002453535,1.4796073e-05,7.4863024e-08
ISIC_0032388,1,0.10178932,0.3903046,2.203085e-05,8.736136e-05,2.0241416e-05,0.5077746,1.9306713e-06
ISIC_0031973,1,0.00044009756,0.99917585,2.013534e-06,1.4231289e-06,0.00022632102,0.00015418674,1.3520632e-07
ISIC_0025860,1,1.5522437e-05,0.9999647,2.1449077e-08,2.55119e-09,1.6654018e-05,5.095842e-07,2.554193e-06
ISIC_0025473,1,1.4351232e-07,0.99999857,6.5043366e-08,1.2854826e-10,3.059653e-08,8.8638046e-07,3.964014e-07
ISIC_0025062,1,4.981912e-05,0.99784076,8.864957e-10,1.4524524e-09,0.0021088691,5.3290307e-08,5.1464707e-07
ISIC_0030479,1,0.0016266048,0.9961075,3.9439207e-08,4.072199e-05,0.0022155012,7.479431e-06,2.098838e-06
ISIC_0028834,1,0.004201043,0.99464154,2.8529175e-07,4.181517e-05,0.0011093366,4.938639e-06,9.4601285e-07
ISIC_0033234,1,6.956436e-06,0.9999025,3.3153274e-08,4.0460315e-09,2.8993003e-05,6.060655e-05,9.935584e-07
ISIC_0033903,1,3.8927838e-06,0.9994875,2.6955293e-08,1.1444844e-09,0.0005070871,1.3819417e-06,4.2488377e-09
ISIC_0033105,1,0.00024684408,0.9990158,1.6802998e-07,5.694296e-08,0.0007346643,1.7181835e-06,8.4076464e-07
ISIC_0032572,1,5.608139e-06,0.9998863,2.8961193e-09,5.7443134e-10,0.00010772443,3.1296068e-07,1.9202417e-08
ISIC_0029808,1,3.3071164e-09,1.0,5.9333684e-11,5.96066e-11,3.2023927e-08,2.0452122e-08,3.9053646e-10
ISIC_0034043,1,0.12532711,0.8516077,1.6077936e-06,4.591255e-06,0.022963254,8.6024775e-05,9.813761e-06
ISIC_0029401,1,0.00061196985,0.6000901,1.334571e-05,7.681675e-07,0.34941062,0.049407255,0.0004658712
ISIC_0032907,1,3.0989975e-06,0.99996865,2.6621459e-08,2.4340887e-09,2.8241448e-05,4.7894435e-09,2.9508256e-09
ISIC_0033760,1,6.7008485e-05,0.9999254,1.12262395e-08,7.45623e-08,7.2063717e-06,1.109444e-07,1.9685e-07
ISIC_0033364,1,5.33387e-05,0.9710509,1.4142886e-08,2.7160804e-06,0.028854657,3.276395e-05,5.645643e-06
ISIC_0034238,1,3.3659313e-07,0.99999845,1.6543143e-10,1.5648004e-11,1.1367118e-06,6.158132e-09,2.991491e-08
ISIC_0032543,1,5.3451506e-05,0.99889237,2.399663e-07,1.8864847e-09,0.0010378801,1.4832277e-05,1.201667e-06
ISIC_0033176,1,0.0011869585,0.9987814,4.61381e-06,1.077734e-08,2.6779686e-05,1.2796114e-08,2.5324366e-07
ISIC_0033584,1,0.002846122,0.9950118,8.854916e-05,3.050919e-07,0.0009250395,3.8892194e-05,0.0010892714
ISIC_0033118,1,0.0015809652,0.8853108,0.00334054,4.9519927e-05,0.10958603,0.00010118572,3.090054e-05
ISIC_0032523,1,1.9842199e-07,0.99999917,1.5685002e-08,8.540753e-11,5.741493e-07,1.5541248e-09,5.9520865e-08
ISIC_0033159,1,3.6505963e-09,0.9999999,7.431688e-10,3.959196e-12,3.0796635e-08,9.703131e-09,3.713848e-08
ISIC_0034027,1,0.036325872,0.1015538,8.382547e-08,8.435697e-05,0.86202264,1.2680418e-05,4.925498e-07
ISIC_0032575,1,5.1595703e-06,0.999972,6.663691e-08,1.7104881e-10,2.2735196e-05,2.2269539e-08,3.4383736e-09
ISIC_0032793,1,0.00020425461,0.9992841,2.0173713e-06,5.556066e-08,0.0005039229,4.4813015e-07,5.209237e-06
ISIC_0033895,1,3.2338947e-05,0.9996395,4.0690833e-07,2.0988027e-08,0.00032513158,2.3577027e-06,2.5322348e-07
ISIC_0034309,1,0.010348794,0.9426482,1.2086641e-06,6.388146e-06,0.013258045,0.03370513,3.2288743e-05
ISIC_0033622,1,1.4059619e-05,0.9999707,9.317154e-10,1.09202226e-07,1.32242e-05,5.2850986e-08,1.8811884e-06
ISIC_0027689,1,0.0004899655,0.9933221,2.3857354e-05,1.7354557e-07,0.0053452337,0.0008123131,6.373125e-06
ISIC_0032655,4,0.0001540124,0.0052626473,3.965301e-06,5.250878e-07,0.99457526,3.5307085e-06,3.6759204e-08
ISIC_0033681,1,1.1244661e-05,0.14867082,9.337594e-07,3.3487177e-06,0.8512906,2.2933355e-05,3.6412573e-08
ISIC_0032562,1,0.008530872,0.9913215,2.733467e-09,1.3366064e-09,0.00014627968,8.485409e-07,4.995303e-07
ISIC_0034228,1,0.00025624564,0.9954848,2.802102e-05,7.0091104e-08,0.003834831,0.0003929013,3.0777492e-06
ISIC_0033556,1,0.00015153475,0.9932853,2.6902283e-06,0.00036050443,0.006194162,2.2195982e-06,3.4856632e-06
ISIC_0033623,1,0.00020173151,0.9997365,1.1094888e-06,3.8062502e-08,9.752958e-07,5.8819358e-05,8.2815785e-07
ISIC_0034075,1,0.33537292,0.66461056,9.871023e-09,2.9532266e-09,1.5328258e-05,1.1973009e-06,2.931817e-08
ISIC_0032606,1,0.00061408157,0.99937797,2.2351294e-09,1.5070658e-09,3.2873413e-06,4.2108895e-06,5.191071e-07
ISIC_0033066,1,5.3505453e-05,0.99986815,6.958372e-10,2.790613e-09,2.46893e-05,9.2964126e-07,5.263696e-05
ISIC_0033481,1,0.03008906,0.9634943,5.3436963e-07,1.3880662e-05,0.0063848156,7.2517905e-06,1.0212493e-05
ISIC_0033374,1,2.4963526e-06,0.999995,1.890471e-08,1.02528055e-07,1.2692266e-06,1.557707e-08,1.1267191e-06
ISIC_0032578,1,6.156859e-05,0.99993765,1.9896525e-08,8.2064446e-08,8.1565865e-08,6.6826616e-10,5.3292575e-07
ISIC_0033628,1,0.00015667276,0.9998306,5.4860557e-08,7.386668e-10,1.1573867e-05,9.853513e-07,1.1742525e-07
ISIC_0033353,1,0.00027771824,0.99968374,3.052374e-07,5.7305556e-06,1.4685284e-05,1.7085322e-05,7.8922125e-07
ISIC_0032852,1,1.324856e-05,0.9999857,9.730826e-10,3.935899e-11,1.0891489e-06,5.7736127e-09,8.927434e-09
ISIC_0033332,1,6.9604056e-07,0.99998426,3.6312616e-07,2.4654279e-09,1.0155144e-08,2.2792233e-06,1.2433822e-05
ISIC_0033597,1,6.9839436e-05,0.99992883,9.397766e-08,7.6928394e-08,6.929415e-07,2.8875274e-07,2.3790945e-07
ISIC_0033064,1,0.024071867,0.9757706,8.6564296e-07,4.7337178e-08,0.00014586379,1.9120569e-06,8.999018e-06
ISIC_0033620,4,0.00044020382,0.99627256,0.0010090155,2.668049e-09,0.0022700587,5.182223e-06,2.957135e-06
ISIC_0027492,1,9.739263e-05,0.9998388,9.588291e-08,4.6446358e-10,6.234186e-05,1.3627053e-06,1.5601515e-08
ISIC_0027528,1,8.2662154e-05,0.9998355,2.117454e-05,3.1413423e-09,5.9583395e-05,9.578667e-07,5.957109e-08
ISIC_0028014,1,0.0009102694,0.9932632,4.5252575e-05,3.0496645e-05,0.005518368,3.943427e-06,0.00022849068
ISIC_0025499,1,0.005934572,0.9925297,4.337588e-05,2.2736458e-06,0.0014657388,6.381169e-07,2.3776045e-05
ISIC_0025653,1,3.307121e-06,0.9999894,2.212763e-11,2.0083881e-09,6.8418826e-06,5.181858e-07,3.0169797e-08
ISIC_0027265,1,3.1739848e-05,0.99734396,5.2543485e-09,2.3139144e-08,0.0025978913,2.4970479e-05,1.4394205e-06
ISIC_0027418,1,0.00019863904,0.9997987,1.1465064e-08,8.6645156e-11,2.385376e-06,2.4952328e-07,8.37931e-08
ISIC_0029030,1,0.046670068,0.9531236,4.5906477e-06,3.293107e-10,0.00019750235,4.2207826e-06,1.5961387e-08
ISIC_0028585,1,0.07049314,0.8024073,0.0033334643,2.1158012e-07,0.12354851,0.00020950388,7.851927e-06
ISIC_0032102,1,0.00093652133,0.9771513,8.4630365e-06,4.019411e-08,0.021901673,1.9855809e-06,6.093226e-08
ISIC_0031299,1,3.9963154e-05,0.14712557,1.9943603e-07,0.00039183468,0.8522132,0.00021571985,1.3561759e-05
ISIC_0028438,1,0.00020932885,0.9997304,5.879106e-09,8.5752365e-09,5.9932667e-05,4.6695483e-08,2.7463545e-07
ISIC_0029417,3,0.31809363,1.0680687e-06,0.0019437766,6.839024e-05,0.679719,0.00017337012,7.206728e-07
ISIC_0029915,3,0.05253753,0.28678864,0.47161004,1.6401455e-05,0.0031475227,0.18528272,0.00061714696
ISIC_0029360,3,0.6187777,3.3069316e-06,0.37339762,3.603018e-05,0.00383929,0.0039247856,2.1284563e-05
ISIC_0026152,3,0.061825983,4.20865e-06,0.8773149,0.0006272207,0.0019116713,0.058266822,4.917209e-05
ISIC_0027795,3,0.21024905,0.020318529,0.0010742078,0.4893291,0.27888826,5.87814e-05,8.208478e-05
ISIC_0024913,3,3.3906894e-05,1.4019278e-08,0.3462548,3.4073817e-06,0.00013167458,0.6533987,0.00017745588
ISIC_0031918,3,0.07311791,0.30591974,0.00042612813,0.55249804,0.06269884,0.0053368984,2.4071737e-06
ISIC_0032455,3,0.0058595845,7.343095e-06,0.00023793794,0.22612278,0.76768035,6.071762e-05,3.1295403e-05
ISIC_0030491,3,0.019353386,0.000114786075,1.9978108e-05,0.9467356,0.033254724,0.00049845065,2.2954524e-05
ISIC_0025825,3,0.8974389,0.0012472365,1.5745297e-06,0.09694128,0.004353858,1.2285868e-05,4.884847e-06
ISIC_0024450,3,0.8414724,3.7966704e-05,0.12796718,0.029869957,0.00028243897,0.0003695779,4.52902e-07
ISIC_0031743,3,0.9968052,3.5265453e-05,0.00023848205,0.0019662795,1.1205387e-05,0.0009433138,3.8757273e-07
ISIC_0026522,3,0.0017516685,3.2636788e-06,0.00052819634,0.034050487,0.96366495,6.278412e-07,8.58794e-07
ISIC_0027753,3,0.90435255,0.0049446914,6.648547e-07,0.027929835,0.01298609,0.04968291,0.00010318912
ISIC_0026492,3,0.9953941,6.510045e-06,8.8035006e-07,6.69506e-08,8.124575e-08,0.0045978706,3.942023e-07
ISIC_0031335,3,0.0022739905,2.0232155e-05,2.734488e-07,0.9882655,0.009197541,0.00024070141,1.7915852e-06
ISIC_0028314,3,2.5559733e-05,3.0928987e-07,5.896225e-07,0.99802786,0.0019341259,1.0759176e-05,8.278194e-07
ISIC_0030821,3,0.0041686054,0.0030804935,7.105511e-08,6.657722e-05,0.9926819,5.8188387e-08,2.1956039e-06
ISIC_0025182,3,0.0001911368,3.428705e-05,0.0020315568,0.09602904,0.023057403,0.8778833,0.00077316526
ISIC_0031570,3,0.0003314777,1.778297e-08,5.934117e-06,0.99705136,0.00020386996,0.0024049869,2.3561308e-06
ISIC_0032356,3,0.00056432234,6.5758087e-07,0.17729163,0.095190756,0.48818967,0.0036727833,0.23509023
ISIC_0031381,3,0.02868589,0.008669731,0.00028009893,0.022976078,0.9357682,0.0034396863,0.00018023732
ISIC_0028224,3,0.00017730592,0.00037256276,9.446594e-06,0.8237491,0.023645347,0.15200141,4.478253e-05
ISIC_0025029,3,0.025250284,0.010033673,1.537411e-05,0.2573944,0.7069785,9.444262e-05,0.00023329123
ISIC_0026388,3,0.0073941783,0.000520666,2.9952464e-05,0.207655,0.7832992,0.0010777443,2.316616e-05
ISIC_0029900,3,0.0004649423,0.0040985453,0.00019564062,0.10773098,0.8873157,0.0001345706,5.961116e-05
ISIC_0029549,3,0.8799606,0.00019749382,0.019093905,0.0008412897,0.09982665,6.580601e-05,1.4282153e-05
ISIC_0024470,3,5.798236e-05,0.00014173465,7.338659e-05,0.0062553054,0.0029608055,0.990387,0.00012378857
ISIC_0028076,3,6.129149e-05,2.4182445e-06,6.279188e-08,0.00921843,0.99069816,1.95096e-05,8.869526e-08
ISIC_0030142,3,0.00027012423,5.0163527e-07,5.4607744e-07,0.7096518,0.29006553,1.1162551e-05,3.585515e-07
ISIC_0024925,3,0.655807,0.092527755,0.14635594,0.0014237599,0.10354735,0.00025188198,8.621785e-05
ISIC_0025957,3,0.029594384,0.00024979678,6.8332824e-06,0.9699415,0.00019449576,1.2483993e-05,5.960604e-07
ISIC_0025605,3,0.83709776,0.09176215,0.00030041457,6.347645e-07,0.07072584,0.000112843154,3.480353e-07
ISIC_0026457,3,0.0068067405,0.00039970898,0.00022943562,2.9421779e-05,0.99252033,1.3015493e-05,1.4290123e-06
ISIC_0027562,3,0.056963414,0.03057079,4.1678624e-05,0.13505353,0.77720296,9.416971e-05,7.352839e-05
ISIC_0024539,3,0.0002737856,0.0044811885,0.0006225363,7.4324194e-06,0.9945787,6.4903606e-06,2.994951e-05
ISIC_0029713,3,0.6536115,2.2127726e-05,0.014430914,0.15841423,0.17318043,0.00029000224,5.073049e-05
ISIC_0027829,3,0.0026097319,0.085065186,0.00023700976,0.00010615797,0.9116181,0.00036278678,1.0169998e-06
ISIC_0027254,3,0.12284138,0.7034358,1.8952278e-05,0.0008046373,0.17265064,0.00016304398,8.561787e-05
ISIC_0026194,3,0.37342185,0.20377755,0.00016058922,0.031859748,0.39074895,2.694328e-05,4.2881643e-06
ISIC_0029830,3,0.86117065,0.005088806,0.005832134,0.00028606947,0.12743366,0.00017849621,1.0257504e-05
ISIC_0027884,3,0.19015904,0.04112918,0.48307538,0.05999647,0.21953495,0.0046225917,0.0014824825
ISIC_0028517,3,0.001281136,1.7771652e-07,2.8330827e-05,0.012480635,1.0810003e-06,0.9861309,7.77039e-05
ISIC_0027334,3,0.0015184829,8.782997e-05,0.27920923,0.00010269744,0.7186908,0.00039052634,4.1106466e-07
ISIC_0030877,3,0.15431646,0.7951661,2.6284988e-05,0.0014778391,0.04820459,0.0006812715,0.00012754771
ISIC_0027950,3,0.6695006,0.18732734,1.6610277e-06,0.07385822,0.069144666,2.0015375e-05,0.00014758209
ISIC_0024948,3,0.00036989123,0.0020269782,1.3546173e-05,1.8398264e-07,0.9975866,2.5494944e-06,3.0471853e-07
